game_date,game_year,game_type,pitcher,batter,pitch_type,pitch_name,events,description,stand,p_throws,home_team,away_team,release_speed,launch_speed,launch_angle,balls,strikes,season,month
2025-07-29,2025,R,666157,669257,CU,Curveball,,ball,R,L,CIN,LAD,82.20,,,1,2,2025,2025-07
2025-07-29,2025,R,666157,669257,CU,Curveball,,foul,R,L,CIN,LAD,82.00,69.70,63,1,2,2025,2025-07
2025-07-29,2025,R,666157,669257,FF,4-Seam Fastball,,foul,R,L,CIN,LAD,94.70,78.20,51,1,2,2025,2025-07
2025-07-29,2025,R,666157,669257,SI,Sinker,,called_strike,R,L,CIN,LAD,93.90,,,1,1,2025,2025-07
2025-07-29,2025,R,666157,669257,FF,4-Seam Fastball,,swinging_strike,R,L,CIN,LAD,93.00,,,1,0,2025,2025-07
2025-07-29,2025,R,666157,669257,CH,Changeup,,ball,R,L,CIN,LAD,87.90,,,0,0,2025,2025-07
2025-07-29,2025,R,666157,669257,FF,4-Seam Fastball,,ball,R,L,CIN,LAD,94.70,,,0,2,2025,2025-07
2025-07-29,2025,R,666157,669257,SI,Sinker,,foul,R,L,CIN,LAD,94.40,75.50,56,0,1,2025,2025-07
2025-07-29,2025,R,666157,669257,CH,Changeup,,called_strike,R,L,CIN,LAD,87.70,,,0,0,2025,2025-07
2025-07-29,2025,R,666157,669257,SI,Sinker,strikeout,swinging_strike,R,L,CIN,LAD,95.60,,,3,2,2025,2025-07
2025-07-29,2025,R,666157,669257,CU,Curveball,,ball,R,L,CIN,LAD,84.10,,,2,2,2025,2025-07
2025-07-29,2025,R,666157,669257,FF,4-Seam Fastball,,swinging_strike,R,L,CIN,LAD,95.00,,,2,1,2025,2025-07
2025-07-29,2025,R,666157,669257,CU,Curveball,,called_strike,R,L,CIN,LAD,81.80,,,2,0,2025,2025-07
2025-07-29,2025,R,666157,669257,SI,Sinker,,ball,R,L,CIN,LAD,94.50,,,1,0,2025,2025-07
2025-07-29,2025,R,666157,669257,FF,4-Seam Fastball,,ball,R,L,CIN,LAD,94.20,,,0,0,2025,2025-07
2025-07-29,2025,R,666157,681624,FF,4-Seam Fastball,single,hit_into_play,R,L,CIN,LAD,93.70,99.30,-26,2,2,2025,2025-07
2025-07-29,2025,R,666157,681624,CU,Curveball,,foul,R,L,CIN,LAD,83.20,53.10,37,2,2,2025,2025-07
2025-07-29,2025,R,666157,681624,FF,4-Seam Fastball,,ball,R,L,CIN,LAD,93.10,,,1,2,2025,2025-07
2025-07-29,2025,R,666157,681624,SI,Sinker,,foul,R,L,CIN,LAD,93.10,83.10,5,1,1,2025,2025-07
2025-07-29,2025,R,666157,681624,CU,Curveball,,foul,R,L,CIN,LAD,82.50,99.10,-22,1,0,2025,2025-07
2025-07-29,2025,R,666157,681624,CU,Curveball,,ball,R,L,CIN,LAD,82.90,,,0,0,2025,2025-07
2025-07-29,2025,R,666157,681624,FF,4-Seam Fastball,strikeout,swinging_strike,R,L,CIN,LAD,93.90,,,2,2,2025,2025-07
2025-07-29,2025,R,666157,681624,CU,Curveball,,blocked_ball,R,L,CIN,LAD,82.30,,,1,2,2025,2025-07
2025-07-29,2025,R,666157,681624,CU,Curveball,,called_strike,R,L,CIN,LAD,83.30,,,1,1,2025,2025-07
2025-07-29,2025,R,666157,681624,CU,Curveball,,foul,R,L,CIN,LAD,81.50,68.70,-18,1,0,2025,2025-07
2025-07-29,2025,R,666157,681624,FF,4-Seam Fastball,,ball,R,L,CIN,LAD,93.90,,,0,0,2025,2025-07
2025-07-29,2025,R,666200,572191,SI,Sinker,field_out,hit_into_play,R,L,CWS,PHI,94.20,96.00,32,2,0,2025,2025-07
2025-07-29,2025,R,666200,572191,CH,Changeup,,ball,R,L,CWS,PHI,84.30,,,1,0,2025,2025-07
2025-07-29,2025,R,666200,572191,CH,Changeup,,ball,R,L,CWS,PHI,83.10,,,0,0,2025,2025-07
2025-07-29,2025,R,666200,572191,CH,Changeup,field_out,hit_into_play,R,L,CWS,PHI,86.10,97.10,68,2,1,2025,2025-07
2025-07-29,2025,R,666200,572191,ST,Sweeper,,ball,R,L,CWS,PHI,84.70,,,1,1,2025,2025-07
2025-07-29,2025,R,666200,572191,FF,4-Seam Fastball,,foul,R,L,CWS,PHI,95.10,,,1,0,2025,2025-07
2025-07-29,2025,R,666200,572191,CH,Changeup,,ball,R,L,CWS,PHI,85.90,,,0,0,2025,2025-07
2025-07-29,2025,R,666200,572191,FF,4-Seam Fastball,field_out,hit_into_play,R,L,CWS,PHI,95.30,32.10,29,1,1,2025,2025-07
2025-07-29,2025,R,666200,572191,CH,Changeup,,ball,R,L,CWS,PHI,87.50,,,0,1,2025,2025-07
2025-07-29,2025,R,666200,572191,FF,4-Seam Fastball,,foul,R,L,CWS,PHI,95.30,77.30,25,0,0,2025,2025-07
2025-07-29,2025,R,666200,596103,CH,Changeup,field_out,hit_into_play,R,L,CWS,PHI,87.00,95.20,21,1,1,2025,2025-07
2025-07-29,2025,R,666200,596103,FF,4-Seam Fastball,,foul,R,L,CWS,PHI,95.90,,,1,0,2025,2025-07
2025-07-29,2025,R,666200,596103,FF,4-Seam Fastball,,ball,R,L,CWS,PHI,95.20,,,0,0,2025,2025-07
2025-07-29,2025,R,666200,596103,SL,Slider,field_out,hit_into_play,R,L,CWS,PHI,85.20,87.90,-24,2,2,2025,2025-07
2025-07-29,2025,R,666200,596103,FF,4-Seam Fastball,,foul,R,L,CWS,PHI,95.70,76.40,48,2,2,2025,2025-07
2025-07-29,2025,R,666200,596103,CH,Changeup,,ball,R,L,CWS,PHI,86.20,,,1,2,2025,2025-07
2025-07-29,2025,R,666200,596103,FF,4-Seam Fastball,,foul,R,L,CWS,PHI,95.00,,,1,2,2025,2025-07
2025-07-29,2025,R,666200,596103,FF,4-Seam Fastball,,swinging_strike,R,L,CWS,PHI,93.80,,,1,1,2025,2025-07
2025-07-29,2025,R,666200,596103,ST,Sweeper,,called_strike,R,L,CWS,PHI,84.10,,,1,0,2025,2025-07
2025-07-29,2025,R,666200,596103,FF,4-Seam Fastball,,ball,R,L,CWS,PHI,94.70,,,0,0,2025,2025-07
2025-07-29,2025,R,666200,596103,CH,Changeup,field_out,hit_into_play,R,L,CWS,PHI,87.70,104.90,22,1,1,2025,2025-07
2025-07-29,2025,R,666200,596103,FF,4-Seam Fastball,,foul,R,L,CWS,PHI,95.30,,,1,0,2025,2025-07
2025-07-29,2025,R,666200,596103,FF,4-Seam Fastball,,ball,R,L,CWS,PHI,95.40,,,0,0,2025,2025-07
2025-07-29,2025,R,666200,672820,ST,Sweeper,field_out,hit_into_play,R,L,CWS,PHI,83.80,74.30,-14,0,2,2025,2025-07
2025-07-29,2025,R,666200,672820,SL,Slider,,foul,R,L,CWS,PHI,83.20,66.50,26,0,2,2025,2025-07
2025-07-29,2025,R,666200,672820,FF,4-Seam Fastball,,foul,R,L,CWS,PHI,93.50,79.90,33,0,1,2025,2025-07
2025-07-29,2025,R,666200,672820,FF,4-Seam Fastball,,called_strike,R,L,CWS,PHI,92.80,,,0,0,2025,2025-07
2025-07-29,2025,R,666200,672820,CH,Changeup,single,hit_into_play,R,L,CWS,PHI,85.90,97.70,-9,2,2,2025,2025-07
2025-07-29,2025,R,666200,672820,CH,Changeup,,foul,R,L,CWS,PHI,85.50,66.00,76,2,2,2025,2025-07
2025-07-29,2025,R,666200,672820,FF,4-Seam Fastball,,ball,R,L,CWS,PHI,94.90,,,1,2,2025,2025-07
2025-07-29,2025,R,666200,672820,FF,4-Seam Fastball,,ball,R,L,CWS,PHI,93.40,,,0,2,2025,2025-07
2025-07-29,2025,R,666200,672820,FF,4-Seam Fastball,,foul,R,L,CWS,PHI,93.90,74.50,54,0,2,2025,2025-07
2025-07-29,2025,R,666200,672820,ST,Sweeper,,foul,R,L,CWS,PHI,82.70,89.70,42,0,1,2025,2025-07
2025-07-29,2025,R,666200,672820,FF,4-Seam Fastball,,called_strike,R,L,CWS,PHI,92.10,,,0,0,2025,2025-07
2025-07-29,2025,R,666200,672820,FF,4-Seam Fastball,field_out,hit_into_play,R,L,CWS,PHI,96.50,95.00,40,3,2,2025,2025-07
2025-07-29,2025,R,666200,672820,ST,Sweeper,,ball,R,L,CWS,PHI,86.60,,,2,2,2025,2025-07
2025-07-29,2025,R,666200,672820,CH,Changeup,,foul,R,L,CWS,PHI,87.50,70.60,-28,2,1,2025,2025-07
2025-07-29,2025,R,666200,672820,FF,4-Seam Fastball,,ball,R,L,CWS,PHI,96.20,,,1,1,2025,2025-07
2025-07-29,2025,R,666200,672820,FF,4-Seam Fastball,,called_strike,R,L,CWS,PHI,94.50,,,1,0,2025,2025-07
2025-07-29,2025,R,666200,672820,FF,4-Seam Fastball,,ball,R,L,CWS,PHI,94.20,,,0,0,2025,2025-07
2025-07-29,2025,R,666200,673357,ST,Sweeper,field_out,hit_into_play,R,L,CWS,PHI,81.40,87.60,70,0,0,2025,2025-07
2025-07-29,2025,R,666200,673357,SL,Slider,strikeout,called_strike,R,L,CWS,PHI,83.80,,,0,2,2025,2025-07
2025-07-29,2025,R,666200,673357,ST,Sweeper,,foul,R,L,CWS,PHI,82.90,70.40,6,0,1,2025,2025-07
2025-07-29,2025,R,666200,673357,FF,4-Seam Fastball,,called_strike,R,L,CWS,PHI,93.00,,,0,0,2025,2025-07
2025-07-29,2025,R,666200,673357,FF,4-Seam Fastball,walk,ball,R,L,CWS,PHI,97.00,,,3,1,2025,2025-07
2025-07-29,2025,R,666200,673357,SL,Slider,,ball,R,L,CWS,PHI,85.60,,,2,1,2025,2025-07
2025-07-29,2025,R,666200,673357,ST,Sweeper,,ball,R,L,CWS,PHI,86.90,,,1,1,2025,2025-07
2025-07-29,2025,R,666200,673357,ST,Sweeper,,called_strike,R,L,CWS,PHI,84.90,,,1,0,2025,2025-07
2025-07-29,2025,R,666200,673357,ST,Sweeper,,ball,R,L,CWS,PHI,84.80,,,0,0,2025,2025-07
2025-07-29,2025,R,666200,678246,ST,Sweeper,strikeout,swinging_strike,R,L,CWS,PHI,83.70,,,0,2,2025,2025-07
2025-07-29,2025,R,666200,678246,ST,Sweeper,,called_strike,R,L,CWS,PHI,82.50,,,0,1,2025,2025-07
2025-07-29,2025,R,666200,678246,FF,4-Seam Fastball,,called_strike,R,L,CWS,PHI,93.20,,,0,0,2025,2025-07
2025-07-29,2025,R,666200,678246,FF,4-Seam Fastball,field_out,hit_into_play,R,L,CWS,PHI,92.90,89.50,-23,0,0,2025,2025-07
2025-07-29,2025,R,666200,678246,FF,4-Seam Fastball,field_out,hit_into_play,R,L,CWS,PHI,97.20,93.40,25,2,1,2025,2025-07
2025-07-29,2025,R,666200,678246,FF,4-Seam Fastball,,ball,R,L,CWS,PHI,96.80,,,1,1,2025,2025-07
2025-07-29,2025,R,666200,678246,FF,4-Seam Fastball,,ball,R,L,CWS,PHI,97.30,,,0,1,2025,2025-07
2025-07-29,2025,R,666200,678246,ST,Sweeper,,called_strike,R,L,CWS,PHI,84.40,,,0,0,2025,2025-07
2025-07-29,2025,R,666200,691019,SI,Sinker,field_error,hit_into_play,L,L,CWS,PHI,94.60,91.60,-43,1,0,2025,2025-07
2025-07-29,2025,R,666200,691019,ST,Sweeper,,ball,L,L,CWS,PHI,83.60,,,0,0,2025,2025-07
2025-07-29,2025,R,666200,691019,ST,Sweeper,strikeout,foul_tip,L,L,CWS,PHI,85.80,,,0,2,2025,2025-07
2025-07-29,2025,R,666200,691019,ST,Sweeper,,called_strike,L,L,CWS,PHI,85.20,,,0,1,2025,2025-07
2025-07-29,2025,R,666200,691019,SI,Sinker,,called_strike,L,L,CWS,PHI,95.00,,,0,0,2025,2025-07
2025-07-29,2025,R,666200,695657,SI,Sinker,field_out,hit_into_play,L,L,CWS,PHI,92.40,105.20,44,0,1,2025,2025-07
2025-07-29,2025,R,666200,695657,CH,Changeup,,swinging_strike,L,L,CWS,PHI,91.60,,,0,0,2025,2025-07
2025-07-29,2025,R,666200,695657,ST,Sweeper,field_out,hit_into_play,L,L,CWS,PHI,85.50,76.20,-48,2,2,2025,2025-07
2025-07-29,2025,R,666200,695657,FF,4-Seam Fastball,,ball,L,L,CWS,PHI,94.30,,,1,2,2025,2025-07
2025-07-29,2025,R,666200,695657,ST,Sweeper,,foul,L,L,CWS,PHI,85.20,61.10,21,1,2,2025,2025-07
2025-07-29,2025,R,666200,695657,SI,Sinker,,foul,L,L,CWS,PHI,93.60,84.80,-1,1,1,2025,2025-07
2025-07-29,2025,R,666200,695657,SI,Sinker,,foul,L,L,CWS,PHI,93.60,,,1,0,2025,2025-07
2025-07-29,2025,R,666200,695657,SI,Sinker,,ball,L,L,CWS,PHI,92.90,,,0,0,2025,2025-07
2025-07-29,2025,R,666200,695657,FF,4-Seam Fastball,field_out,hit_into_play,L,L,CWS,PHI,97.00,99.70,45,1,0,2025,2025-07
2025-07-29,2025,R,666200,695657,ST,Sweeper,,blocked_ball,L,L,CWS,PHI,86.60,,,0,0,2025,2025-07
2025-07-29,2025,R,666200,700337,FF,4-Seam Fastball,field_out,hit_into_play,R,L,CWS,PHI,94.30,85.80,28,2,1,2025,2025-07
2025-07-29,2025,R,666200,700337,ST,Sweeper,,ball,R,L,CWS,PHI,81.50,,,1,1,2025,2025-07
2025-07-29,2025,R,666200,700337,SI,Sinker,,foul,R,L,CWS,PHI,92.60,94.50,22,1,0,2025,2025-07
2025-07-29,2025,R,666200,700337,FF,4-Seam Fastball,,ball,R,L,CWS,PHI,92.20,,,0,0,2025,2025-07
2025-07-29,2025,R,666200,700337,CH,Changeup,field_out,hit_into_play,R,L,CWS,PHI,84.60,80.30,48,0,0,2025,2025-07
2025-07-29,2025,R,666200,700337,CH,Changeup,single,hit_into_play,R,L,CWS,PHI,85.30,101.40,14,0,2,2025,2025-07
2025-07-29,2025,R,666200,700337,FF,4-Seam Fastball,,foul,R,L,CWS,PHI,96.30,79.30,15,0,1,2025,2025-07
2025-07-29,2025,R,666200,700337,SI,Sinker,,foul_tip,R,L,CWS,PHI,95.40,,,0,0,2025,2025-07
2025-07-29,2025,R,666200,805367,SL,Slider,strikeout,swinging_strike,R,L,CWS,PHI,85.70,,,2,2,2025,2025-07
2025-07-29,2025,R,666200,805367,SI,Sinker,,foul,R,L,CWS,PHI,93.80,81.10,47,2,1,2025,2025-07
2025-07-29,2025,R,666200,805367,ST,Sweeper,,ball,R,L,CWS,PHI,85.90,,,1,1,2025,2025-07
2025-07-29,2025,R,666200,805367,CH,Changeup,,called_strike,R,L,CWS,PHI,86.90,,,1,0,2025,2025-07
2025-07-29,2025,R,666200,805367,FF,4-Seam Fastball,,ball,R,L,CWS,PHI,94.20,,,0,0,2025,2025-07
2025-07-29,2025,R,666200,805367,SL,Slider,field_out,hit_into_play,R,L,CWS,PHI,84.20,88.60,59,0,2,2025,2025-07
2025-07-29,2025,R,666200,805367,FF,4-Seam Fastball,,foul,R,L,CWS,PHI,94.60,63.30,44,0,2,2025,2025-07
2025-07-29,2025,R,666200,805367,ST,Sweeper,,called_strike,R,L,CWS,PHI,83.60,,,0,1,2025,2025-07
2025-07-29,2025,R,666200,805367,FF,4-Seam Fastball,,called_strike,R,L,CWS,PHI,92.80,,,0,0,2025,2025-07
2025-07-29,2025,R,666200,805367,FF,4-Seam Fastball,field_error,hit_into_play,R,L,CWS,PHI,94.40,95.10,-12,0,0,2025,2025-07
2025-07-29,2025,R,666974,665489,SI,Sinker,field_out,hit_into_play,R,R,BAL,TOR,94.70,98.80,35,1,0,2025,2025-07
2025-07-29,2025,R,666974,665489,ST,Sweeper,,ball,R,R,BAL,TOR,85.50,,,0,0,2025,2025-07
2025-07-29,2025,R,666974,666182,SI,Sinker,grounded_into_double_play,hit_into_play,R,R,BAL,TOR,95.40,86.50,-9,0,1,2025,2025-07
2025-07-29,2025,R,666974,666182,SI,Sinker,,called_strike,R,R,BAL,TOR,95.10,,,0,0,2025,2025-07
2025-07-29,2025,R,666974,676914,SI,Sinker,single,hit_into_play,R,R,BAL,TOR,94.30,105.10,11,0,1,2025,2025-07
2025-07-29,2025,R,666974,676914,SI,Sinker,,called_strike,R,R,BAL,TOR,94.30,,,0,0,2025,2025-07
2025-07-29,2025,R,667463,660821,SI,Sinker,field_out,hit_into_play,L,L,STL,MIA,92.80,91.10,21,0,1,2025,2025-07
2025-07-29,2025,R,667463,660821,SL,Slider,,called_strike,L,L,STL,MIA,83.90,,,0,0,2025,2025-07
2025-07-29,2025,R,667463,669364,SI,Sinker,field_out,hit_into_play,R,L,STL,MIA,91.60,98.70,-24,0,0,2025,2025-07
2025-07-29,2025,R,667463,682663,CU,Curveball,,ball,R,L,STL,MIA,78.60,,,0,2,2025,2025-07
2025-07-29,2025,R,667463,682663,SI,Sinker,,called_strike,R,L,STL,MIA,91.60,,,0,1,2025,2025-07
2025-07-29,2025,R,667463,682663,CH,Changeup,,called_strike,R,L,STL,MIA,84.40,,,0,0,2025,2025-07
2025-07-29,2025,R,668674,542303,SI,Sinker,single,hit_into_play,R,R,KC,ATL,99.10,86.00,6,3,2,2025,2025-07
2025-07-29,2025,R,668674,542303,FF,4-Seam Fastball,,ball,R,R,KC,ATL,98.90,,,2,2,2025,2025-07
2025-07-29,2025,R,668674,542303,CH,Changeup,,ball,R,R,KC,ATL,90.10,,,1,2,2025,2025-07
2025-07-29,2025,R,668674,542303,SI,Sinker,,called_strike,R,R,KC,ATL,98.20,,,1,1,2025,2025-07
2025-07-29,2025,R,668674,542303,SI,Sinker,,called_strike,R,R,KC,ATL,98.70,,,1,0,2025,2025-07
2025-07-29,2025,R,668674,542303,SL,Slider,,ball,R,R,KC,ATL,86.50,,,0,0,2025,2025-07
2025-07-29,2025,R,668674,621566,FF,4-Seam Fastball,field_out,hit_into_play,L,R,KC,ATL,98.10,83.30,43,2,2,2025,2025-07
2025-07-29,2025,R,668674,621566,CH,Changeup,,ball,L,R,KC,ATL,88.80,,,1,2,2025,2025-07
2025-07-29,2025,R,668674,621566,SL,Slider,,ball,L,R,KC,ATL,85.20,,,0,2,2025,2025-07
2025-07-29,2025,R,668674,621566,FF,4-Seam Fastball,,foul,L,R,KC,ATL,97.70,82.50,51,0,1,2025,2025-07
2025-07-29,2025,R,668674,621566,SL,Slider,,called_strike,L,R,KC,ATL,84.30,,,0,0,2025,2025-07
2025-07-29,2025,R,668674,642201,SI,Sinker,single,hit_into_play,R,R,KC,ATL,97.90,,,0,1,2025,2025-07
2025-07-29,2025,R,668674,642201,SI,Sinker,,called_strike,R,R,KC,ATL,98.70,,,0,0,2025,2025-07
2025-07-29,2025,R,668674,663586,CH,Changeup,strikeout,swinging_strike,R,R,KC,ATL,90.00,,,0,2,2025,2025-07
2025-07-29,2025,R,668674,663586,SI,Sinker,,foul,R,R,KC,ATL,97.00,106.00,0,0,1,2025,2025-07
2025-07-29,2025,R,668674,663586,SI,Sinker,,called_strike,R,R,KC,ATL,98.00,,,0,0,2025,2025-07
2025-07-29,2025,R,668674,671739,SI,Sinker,single,hit_into_play,L,R,KC,ATL,96.90,69.80,-49,2,0,2025,2025-07
2025-07-29,2025,R,668674,671739,CH,Changeup,,ball,L,R,KC,ATL,89.90,,,1,0,2025,2025-07
2025-07-29,2025,R,668674,671739,CH,Changeup,,ball,L,R,KC,ATL,89.70,,,0,0,2025,2025-07
2025-07-29,2025,R,668674,686948,SL,Slider,field_out,hit_into_play,L,R,KC,ATL,84.80,81.20,12,0,0,2025,2025-07
2025-07-29,2025,R,668933,500743,SL,Slider,strikeout,swinging_strike,R,R,CIN,LAD,90.40,,,1,2,2025,2025-07
2025-07-29,2025,R,668933,500743,SL,Slider,,ball,R,R,CIN,LAD,91.00,,,0,2,2025,2025-07
2025-07-29,2025,R,668933,500743,SL,Slider,,foul,R,R,CIN,LAD,90.20,53.40,-65,0,1,2025,2025-07
2025-07-29,2025,R,668933,500743,FC,Cutter,,called_strike,R,R,CIN,LAD,98.10,,,0,0,2025,2025-07
2025-07-29,2025,R,668933,518692,FC,Cutter,single,hit_into_play,L,R,CIN,LAD,97.30,79.10,20,2,1,2025,2025-07
2025-07-29,2025,R,668933,518692,FC,Cutter,,foul,L,R,CIN,LAD,96.70,67.50,18,2,0,2025,2025-07
2025-07-29,2025,R,668933,518692,FC,Cutter,,ball,L,R,CIN,LAD,96.60,,,1,0,2025,2025-07
2025-07-29,2025,R,668933,518692,SL,Slider,,ball,L,R,CIN,LAD,89.30,,,0,0,2025,2025-07
2025-07-29,2025,R,668933,605141,FC,Cutter,single,hit_into_play,R,R,CIN,LAD,96.60,67.60,32,0,2,2025,2025-07
2025-07-29,2025,R,668933,605141,SL,Slider,,called_strike,R,R,CIN,LAD,88.40,,,0,1,2025,2025-07
2025-07-29,2025,R,668933,605141,FC,Cutter,,called_strike,R,R,CIN,LAD,95.60,,,0,0,2025,2025-07
2025-07-29,2025,R,668933,606192,FC,Cutter,field_out,hit_into_play,R,R,CIN,LAD,97.20,75.60,-5,0,1,2025,2025-07
2025-07-29,2025,R,668933,606192,FC,Cutter,,swinging_strike,R,R,CIN,LAD,97.30,,,0,0,2025,2025-07
2025-07-29,2025,R,668933,624424,FC,Cutter,walk,blocked_ball,L,R,CIN,LAD,98.00,,,3,2,2025,2025-07
2025-07-29,2025,R,668933,624424,FC,Cutter,,ball,L,R,CIN,LAD,97.50,,,2,2,2025,2025-07
2025-07-29,2025,R,668933,624424,FC,Cutter,,foul,L,R,CIN,LAD,97.10,68.70,48,2,1,2025,2025-07
2025-07-29,2025,R,668933,624424,FC,Cutter,,ball,L,R,CIN,LAD,97.20,,,1,1,2025,2025-07
2025-07-29,2025,R,668933,624424,FC,Cutter,,swinging_strike,L,R,CIN,LAD,97.10,,,1,0,2025,2025-07
2025-07-29,2025,R,668933,624424,FC,Cutter,,ball,L,R,CIN,LAD,96.80,,,0,0,2025,2025-07
2025-07-29,2025,R,668933,660271,SL,Slider,strikeout,swinging_strike,L,R,CIN,LAD,91.10,,,1,2,2025,2025-07
2025-07-29,2025,R,668933,660271,FC,Cutter,,swinging_strike,L,R,CIN,LAD,96.10,,,1,1,2025,2025-07
2025-07-29,2025,R,668933,660271,FC,Cutter,,swinging_strike,L,R,CIN,LAD,96.60,,,1,0,2025,2025-07
2025-07-29,2025,R,668933,660271,SL,Slider,,blocked_ball,L,R,CIN,LAD,90.30,,,0,0,2025,2025-07
2025-07-29,2025,R,668933,669257,SL,Slider,single,hit_into_play,R,R,CIN,LAD,89.50,73.50,28,2,1,2025,2025-07
2025-07-29,2025,R,668933,669257,FC,Cutter,,ball,R,R,CIN,LAD,96.50,,,1,1,2025,2025-07
2025-07-29,2025,R,668933,669257,FC,Cutter,,called_strike,R,R,CIN,LAD,97.40,,,1,0,2025,2025-07
2025-07-29,2025,R,668933,669257,SL,Slider,,ball,R,R,CIN,LAD,89.70,,,0,0,2025,2025-07
2025-07-29,2025,R,668970,592885,FF,4-Seam Fastball,strikeout,swinging_strike,L,R,MIL,CHC,96.70,,,1,2,2025,2025-07
2025-07-29,2025,R,668970,592885,ST,Sweeper,,ball,L,R,MIL,CHC,84.80,,,0,2,2025,2025-07
2025-07-29,2025,R,668970,592885,FF,4-Seam Fastball,,foul,L,R,MIL,CHC,96.40,,,0,2,2025,2025-07
2025-07-29,2025,R,668970,592885,FF,4-Seam Fastball,,swinging_strike,L,R,MIL,CHC,95.90,,,0,1,2025,2025-07
2025-07-29,2025,R,668970,592885,ST,Sweeper,,called_strike,L,R,MIL,CHC,84.00,,,0,0,2025,2025-07
2025-07-29,2025,R,668970,661388,FF,4-Seam Fastball,walk,ball,R,R,MIL,CHC,94.30,,,3,2,2025,2025-07
2025-07-29,2025,R,668970,661388,SI,Sinker,,called_strike,R,R,MIL,CHC,94.90,,,3,1,2025,2025-07
2025-07-29,2025,R,668970,661388,FF,4-Seam Fastball,,called_strike,R,R,MIL,CHC,94.20,,,3,0,2025,2025-07
2025-07-29,2025,R,668970,661388,SI,Sinker,,ball,R,R,MIL,CHC,95.00,,,2,0,2025,2025-07
2025-07-29,2025,R,668970,661388,ST,Sweeper,,ball,R,R,MIL,CHC,83.80,,,1,0,2025,2025-07
2025-07-29,2025,R,668970,661388,ST,Sweeper,,ball,R,R,MIL,CHC,82.80,,,0,0,2025,2025-07
2025-07-29,2025,R,668970,683734,FF,4-Seam Fastball,strikeout,swinging_strike,R,R,MIL,CHC,95.30,,,2,2,2025,2025-07
2025-07-29,2025,R,668970,683734,ST,Sweeper,,called_strike,R,R,MIL,CHC,85.30,,,2,1,2025,2025-07
2025-07-29,2025,R,668970,683734,ST,Sweeper,,ball,R,R,MIL,CHC,85.70,,,1,1,2025,2025-07
2025-07-29,2025,R,668970,683734,SI,Sinker,,swinging_strike,R,R,MIL,CHC,95.90,,,1,0,2025,2025-07
2025-07-29,2025,R,668970,683734,FF,4-Seam Fastball,,ball,R,R,MIL,CHC,96.50,,,0,0,2025,2025-07
2025-07-29,2025,R,668970,686555,FF,4-Seam Fastball,strikeout,called_strike,L,R,MIL,CHC,95.70,,,0,2,2025,2025-07
2025-07-29,2025,R,668970,686555,FF,4-Seam Fastball,,called_strike,L,R,MIL,CHC,95.30,,,0,1,2025,2025-07
2025-07-29,2025,R,668970,686555,ST,Sweeper,,swinging_strike,L,R,MIL,CHC,86.00,,,0,0,2025,2025-07
2025-07-29,2025,R,669093,516782,FF,4-Seam Fastball,sac_fly,hit_into_play,R,R,SD,NYM,99.40,90.90,41,0,2,2025,2025-07
2025-07-29,2025,R,669093,516782,FF,4-Seam Fastball,,swinging_strike,R,R,SD,NYM,99.20,,,0,1,2025,2025-07
2025-07-29,2025,R,669093,516782,FF,4-Seam Fastball,,foul,R,R,SD,NYM,98.60,70.00,39,0,0,2025,2025-07
2025-07-29,2025,R,669093,596019,FF,4-Seam Fastball,strikeout,swinging_strike,L,R,SD,NYM,98.10,,,2,2,2025,2025-07
2025-07-29,2025,R,669093,596019,FF,4-Seam Fastball,,foul,L,R,SD,NYM,97.80,83.10,66,2,2,2025,2025-07
2025-07-29,2025,R,669093,596019,FF,4-Seam Fastball,,swinging_strike,L,R,SD,NYM,98.10,,,2,1,2025,2025-07
2025-07-29,2025,R,669093,596019,FF,4-Seam Fastball,,ball,L,R,SD,NYM,97.40,,,1,1,2025,2025-07
2025-07-29,2025,R,669093,596019,FS,Split-Finger,,ball,L,R,SD,NYM,84.70,,,0,1,2025,2025-07
2025-07-29,2025,R,669093,596019,FF,4-Seam Fastball,,foul,L,R,SD,NYM,96.70,92.70,43,0,0,2025,2025-07
2025-07-29,2025,R,669093,624413,SL,Slider,field_out,hit_into_play,R,R,SD,NYM,88.10,80.00,70,0,2,2025,2025-07
2025-07-29,2025,R,669093,624413,FF,4-Seam Fastball,,swinging_strike,R,R,SD,NYM,99.00,,,0,1,2025,2025-07
2025-07-29,2025,R,669093,624413,SL,Slider,,swinging_strike,R,R,SD,NYM,89.00,,,0,0,2025,2025-07
2025-07-29,2025,R,669211,623168,FF,4-Seam Fastball,single,hit_into_play,R,L,BAL,TOR,94.20,103.20,6,2,1,2025,2025-07
2025-07-29,2025,R,669211,623168,FF,4-Seam Fastball,,called_strike,R,L,BAL,TOR,93.40,,,2,0,2025,2025-07
2025-07-29,2025,R,669211,623168,SL,Slider,,ball,R,L,BAL,TOR,87.40,,,1,0,2025,2025-07
2025-07-29,2025,R,669211,623168,SL,Slider,,ball,R,L,BAL,TOR,88.80,,,0,0,2025,2025-07
2025-07-29,2025,R,669211,664702,CH,Changeup,force_out,hit_into_play,R,L,BAL,TOR,85.90,72.40,-33,1,1,2025,2025-07
2025-07-29,2025,R,669211,664702,FF,4-Seam Fastball,,foul,R,L,BAL,TOR,93.90,83.00,53,1,0,2025,2025-07
2025-07-29,2025,R,669211,664702,FF,4-Seam Fastball,,ball,R,L,BAL,TOR,93.70,,,0,0,2025,2025-07
2025-07-29,2025,R,669211,664770,FF,4-Seam Fastball,walk,ball,L,L,BAL,TOR,93.40,,,3,2,2025,2025-07
2025-07-29,2025,R,669211,664770,SL,Slider,,foul,L,L,BAL,TOR,88.60,67.70,33,3,2,2025,2025-07
2025-07-29,2025,R,669211,664770,FF,4-Seam Fastball,,ball,L,L,BAL,TOR,94.20,,,2,2,2025,2025-07
2025-07-29,2025,R,669211,664770,SL,Slider,,foul,L,L,BAL,TOR,87.20,68.50,59,2,2,2025,2025-07
2025-07-29,2025,R,669211,664770,FF,4-Seam Fastball,,foul,L,L,BAL,TOR,93.70,,,2,2,2025,2025-07
2025-07-29,2025,R,669211,664770,FF,4-Seam Fastball,,swinging_strike,L,L,BAL,TOR,94.10,,,2,1,2025,2025-07
2025-07-29,2025,R,669211,664770,FF,4-Seam Fastball,,foul,L,L,BAL,TOR,93.80,74.70,32,2,0,2025,2025-07
2025-07-29,2025,R,669211,664770,SL,Slider,,ball,L,L,BAL,TOR,87.90,,,1,0,2025,2025-07
2025-07-29,2025,R,669211,664770,FF,4-Seam Fastball,,ball,L,L,BAL,TOR,93.90,,,0,0,2025,2025-07
2025-07-29,2025,R,669211,666182,FF,4-Seam Fastball,grounded_into_double_play,hit_into_play,R,L,BAL,TOR,94.40,99.90,-6,0,0,2025,2025-07
2025-07-29,2025,R,669371,643289,ST,Sweeper,walk,ball,R,R,HOU,WSH,82.60,,,3,2,2025,2025-07
2025-07-29,2025,R,669371,643289,FF,4-Seam Fastball,,foul,R,R,HOU,WSH,96.80,83.00,36,3,2,2025,2025-07
2025-07-29,2025,R,669371,643289,FF,4-Seam Fastball,,foul,R,R,HOU,WSH,96.10,71.80,50,3,2,2025,2025-07
2025-07-29,2025,R,669371,643289,FF,4-Seam Fastball,,foul,R,R,HOU,WSH,96.30,,,3,2,2025,2025-07
2025-07-29,2025,R,669371,643289,ST,Sweeper,,foul,R,R,HOU,WSH,81.60,86.50,67,3,2,2025,2025-07
2025-07-29,2025,R,669371,643289,FF,4-Seam Fastball,,ball,R,R,HOU,WSH,96.30,,,2,2,2025,2025-07
2025-07-29,2025,R,669371,643289,ST,Sweeper,,ball,R,R,HOU,WSH,81.60,,,1,2,2025,2025-07
2025-07-29,2025,R,669371,643289,ST,Sweeper,,foul,R,R,HOU,WSH,81.30,67.00,69,1,1,2025,2025-07
2025-07-29,2025,R,669371,643289,ST,Sweeper,,called_strike,R,R,HOU,WSH,79.10,,,1,0,2025,2025-07
2025-07-29,2025,R,669371,643289,ST,Sweeper,,ball,R,R,HOU,WSH,79.60,,,0,0,2025,2025-07
2025-07-29,2025,R,669371,670097,FF,4-Seam Fastball,strikeout,swinging_strike,R,R,HOU,WSH,97.20,,,3,2,2025,2025-07
2025-07-29,2025,R,669371,670097,FF,4-Seam Fastball,,foul,R,R,HOU,WSH,95.90,73.80,57,3,2,2025,2025-07
2025-07-29,2025,R,669371,670097,ST,Sweeper,,ball,R,R,HOU,WSH,82.50,,,2,2,2025,2025-07
2025-07-29,2025,R,669371,670097,FF,4-Seam Fastball,,ball,R,R,HOU,WSH,97.10,,,1,2,2025,2025-07
2025-07-29,2025,R,669371,670097,FF,4-Seam Fastball,,foul,R,R,HOU,WSH,95.10,79.70,75,1,1,2025,2025-07
2025-07-29,2025,R,669371,670097,ST,Sweeper,,foul,R,R,HOU,WSH,81.30,82.90,88,1,0,2025,2025-07
2025-07-29,2025,R,669371,670097,FF,4-Seam Fastball,,ball,R,R,HOU,WSH,96.10,,,0,0,2025,2025-07
2025-07-29,2025,R,669371,694376,FF,4-Seam Fastball,field_out,hit_into_play,R,R,HOU,WSH,96.10,65.60,69,1,2,2025,2025-07
2025-07-29,2025,R,669371,694376,ST,Sweeper,,foul,R,R,HOU,WSH,81.70,,,1,2,2025,2025-07
2025-07-29,2025,R,669371,694376,ST,Sweeper,,ball,R,R,HOU,WSH,82.80,,,0,2,2025,2025-07
2025-07-29,2025,R,669371,694376,FF,4-Seam Fastball,,foul,R,R,HOU,WSH,96.30,67.10,41,0,2,2025,2025-07
2025-07-29,2025,R,669371,694376,FF,4-Seam Fastball,,called_strike,R,R,HOU,WSH,95.70,,,0,1,2025,2025-07
2025-07-29,2025,R,669371,694376,FF,4-Seam Fastball,,called_strike,R,R,HOU,WSH,96.20,,,0,0,2025,2025-07
2025-07-29,2025,R,669438,663757,CH,Changeup,strikeout,swinging_strike,L,R,NYY,TB,88.80,,,1,2,2025,2025-07
2025-07-29,2025,R,669438,663757,CH,Changeup,,ball,L,R,NYY,TB,87.70,,,0,2,2025,2025-07
2025-07-29,2025,R,669438,663757,CU,Curveball,,called_strike,L,R,NYY,TB,77.30,,,0,1,2025,2025-07
2025-07-29,2025,R,669438,663757,FF,4-Seam Fastball,,called_strike,L,R,NYY,TB,94.60,,,0,0,2025,2025-07
2025-07-29,2025,R,669438,669224,CU,Curveball,field_out,hit_into_play,L,R,NYY,TB,76.00,85.30,41,0,0,2025,2025-07
2025-07-29,2025,R,669438,700250,CH,Changeup,field_out,hit_into_play,L,R,NYY,TB,88.20,,-68,0,1,2025,2025-07
2025-07-29,2025,R,669438,700250,CU,Curveball,,called_strike,L,R,NYY,TB,74.90,,,0,0,2025,2025-07
2025-07-29,2025,R,669920,605137,SI,Sinker,walk,ball,L,R,HOU,WSH,91.30,,,3,2,2025,2025-07
2025-07-29,2025,R,669920,605137,ST,Sweeper,,foul,L,R,HOU,WSH,77.40,65.90,77,3,2,2025,2025-07
2025-07-29,2025,R,669920,605137,SI,Sinker,,ball,L,R,HOU,WSH,90.70,,,2,2,2025,2025-07
2025-07-29,2025,R,669920,605137,SI,Sinker,,foul,L,R,HOU,WSH,92.10,90.60,-25,2,1,2025,2025-07
2025-07-29,2025,R,669920,605137,ST,Sweeper,,ball,L,R,HOU,WSH,77.70,,,1,1,2025,2025-07
2025-07-29,2025,R,669920,605137,CH,Changeup,,ball,L,R,HOU,WSH,81.70,,,0,1,2025,2025-07
2025-07-29,2025,R,669920,605137,ST,Sweeper,,called_strike,L,R,HOU,WSH,79.10,,,0,0,2025,2025-07
2025-07-29,2025,R,669920,605137,CH,Changeup,strikeout,swinging_strike_blocked,L,R,HOU,WSH,81.60,,,3,2,2025,2025-07
2025-07-29,2025,R,669920,605137,ST,Sweeper,,foul,L,R,HOU,WSH,78.70,65.80,45,3,2,2025,2025-07
2025-07-29,2025,R,669920,605137,SI,Sinker,,foul,L,R,HOU,WSH,91.20,76.90,-24,3,1,2025,2025-07
2025-07-29,2025,R,669920,605137,SI,Sinker,,called_strike,L,R,HOU,WSH,92.30,,,3,0,2025,2025-07
2025-07-29,2025,R,669920,605137,SI,Sinker,,ball,L,R,HOU,WSH,92.00,,,2,0,2025,2025-07
2025-07-29,2025,R,669920,605137,CH,Changeup,,blocked_ball,L,R,HOU,WSH,80.80,,,1,0,2025,2025-07
2025-07-29,2025,R,669920,605137,ST,Sweeper,,ball,L,R,HOU,WSH,78.40,,,0,0,2025,2025-07
2025-07-29,2025,R,669920,656180,SI,Sinker,field_out,hit_into_play,R,R,HOU,WSH,90.40,87.50,8,0,0,2025,2025-07
2025-07-29,2025,R,669920,656180,SI,Sinker,field_out,hit_into_play,R,R,HOU,WSH,90.90,40.90,-14,0,1,2025,2025-07
2025-07-29,2025,R,669920,656180,SI,Sinker,,foul,R,R,HOU,WSH,91.60,74.80,-75,0,0,2025,2025-07
2025-07-29,2025,R,669920,663993,SI,Sinker,force_out,hit_into_play,L,R,HOU,WSH,92.10,111.70,2,0,0,2025,2025-07
2025-07-29,2025,R,669920,663993,SI,Sinker,field_out,hit_into_play,L,R,HOU,WSH,91.30,95.20,-20,3,1,2025,2025-07
2025-07-29,2025,R,669920,663993,CH,Changeup,,ball,L,R,HOU,WSH,80.40,,,2,1,2025,2025-07
2025-07-29,2025,R,669920,663993,FC,Cutter,,ball,L,R,HOU,WSH,87.60,,,1,1,2025,2025-07
2025-07-29,2025,R,669920,663993,FF,4-Seam Fastball,,ball,L,R,HOU,WSH,92.60,,,0,1,2025,2025-07
2025-07-29,2025,R,669920,663993,SI,Sinker,,called_strike,L,R,HOU,WSH,90.70,,,0,0,2025,2025-07
2025-07-29,2025,R,669920,671277,CH,Changeup,home_run,hit_into_play,L,R,HOU,WSH,81.40,97.10,29,0,2,2025,2025-07
2025-07-29,2025,R,669920,671277,CH,Changeup,,swinging_strike,L,R,HOU,WSH,81.40,,,0,1,2025,2025-07
2025-07-29,2025,R,669920,671277,SI,Sinker,,foul,L,R,HOU,WSH,92.60,66.90,62,0,0,2025,2025-07
2025-07-29,2025,R,669920,671277,FF,4-Seam Fastball,single,hit_into_play,L,R,HOU,WSH,93.20,104.00,13,1,2,2025,2025-07
2025-07-29,2025,R,669920,671277,CH,Changeup,,swinging_strike,L,R,HOU,WSH,81.60,,,1,1,2025,2025-07
2025-07-29,2025,R,669920,671277,CH,Changeup,,ball,L,R,HOU,WSH,82.50,,,0,1,2025,2025-07
2025-07-29,2025,R,669920,671277,FF,4-Seam Fastball,,foul,L,R,HOU,WSH,93.90,,,0,0,2025,2025-07
2025-07-29,2025,R,669920,682928,ST,Sweeper,double,hit_into_play,L,R,HOU,WSH,80.10,102.50,18,0,1,2025,2025-07
2025-07-29,2025,R,669920,682928,ST,Sweeper,,called_strike,L,R,HOU,WSH,77.60,,,0,0,2025,2025-07
2025-07-29,2025,R,669920,682928,SI,Sinker,walk,ball,L,R,HOU,WSH,92.00,,,3,1,2025,2025-07
2025-07-29,2025,R,669920,682928,FF,4-Seam Fastball,,ball,L,R,HOU,WSH,93.60,,,2,1,2025,2025-07
2025-07-29,2025,R,669920,682928,FF,4-Seam Fastball,,swinging_strike,L,R,HOU,WSH,93.20,,,2,0,2025,2025-07
2025-07-29,2025,R,669920,682928,ST,Sweeper,,ball,L,R,HOU,WSH,79.00,,,1,0,2025,2025-07
2025-07-29,2025,R,669920,682928,FF,4-Seam Fastball,,ball,L,R,HOU,WSH,93.40,,,0,0,2025,2025-07
2025-07-29,2025,R,669920,682928,SI,Sinker,single,hit_into_play,L,R,HOU,WSH,92.20,98.60,-11,3,1,2025,2025-07
2025-07-29,2025,R,669920,682928,ST,Sweeper,,ball,L,R,HOU,WSH,79.50,,,2,1,2025,2025-07
2025-07-29,2025,R,669920,682928,FF,4-Seam Fastball,,ball,L,R,HOU,WSH,92.80,,,1,1,2025,2025-07
2025-07-29,2025,R,669920,682928,FF,4-Seam Fastball,,ball,L,R,HOU,WSH,93.20,,,0,1,2025,2025-07
2025-07-29,2025,R,669920,682928,SI,Sinker,,called_strike,L,R,HOU,WSH,91.50,,,0,0,2025,2025-07
2025-07-29,2025,R,669920,691781,SI,Sinker,field_out,hit_into_play,R,R,HOU,WSH,89.90,78.60,-45,1,0,2025,2025-07
2025-07-29,2025,R,669920,691781,CH,Changeup,,ball,R,R,HOU,WSH,79.40,,,0,0,2025,2025-07
2025-07-29,2025,R,669920,691781,SI,Sinker,single,hit_into_play,R,R,HOU,WSH,91.90,52.40,-62,0,1,2025,2025-07
2025-07-29,2025,R,669920,691781,SI,Sinker,,foul,R,R,HOU,WSH,90.80,,,0,0,2025,2025-07
2025-07-29,2025,R,669920,695578,ST,Sweeper,strikeout,swinging_strike,L,R,HOU,WSH,78.60,,,1,2,2025,2025-07
2025-07-29,2025,R,669920,695578,CH,Changeup,,foul,L,R,HOU,WSH,80.20,69.00,-56,1,1,2025,2025-07
2025-07-29,2025,R,669920,695578,CH,Changeup,,ball,L,R,HOU,WSH,80.60,,,0,1,2025,2025-07
2025-07-29,2025,R,669920,695578,SI,Sinker,,called_strike,L,R,HOU,WSH,91.70,,,0,0,2025,2025-07
2025-07-29,2025,R,669920,695578,CH,Changeup,field_out,hit_into_play,L,R,HOU,WSH,80.80,86.20,0,2,1,2025,2025-07
2025-07-29,2025,R,669920,695578,ST,Sweeper,,ball,L,R,HOU,WSH,77.50,,,1,1,2025,2025-07
2025-07-29,2025,R,669920,695578,CH,Changeup,,foul,L,R,HOU,WSH,81.60,86.30,-37,1,0,2025,2025-07
2025-07-29,2025,R,669920,695578,ST,Sweeper,,ball,L,R,HOU,WSH,78.00,,,0,0,2025,2025-07
2025-07-29,2025,R,669920,695578,ST,Sweeper,strikeout,called_strike,L,R,HOU,WSH,79.40,,,3,2,2025,2025-07
2025-07-29,2025,R,669920,695578,CH,Changeup,,ball,L,R,HOU,WSH,81.50,,,2,2,2025,2025-07
2025-07-29,2025,R,669920,695578,CH,Changeup,,ball,L,R,HOU,WSH,80.60,,,1,2,2025,2025-07
2025-07-29,2025,R,669920,695578,CH,Changeup,,ball,L,R,HOU,WSH,80.70,,,0,2,2025,2025-07
2025-07-29,2025,R,669920,695578,CH,Changeup,,swinging_strike,L,R,HOU,WSH,80.20,,,0,1,2025,2025-07
2025-07-29,2025,R,669920,695578,FF,4-Seam Fastball,,called_strike,L,R,HOU,WSH,91.70,,,0,0,2025,2025-07
2025-07-29,2025,R,669920,695734,CH,Changeup,field_out,hit_into_play,L,R,HOU,WSH,79.90,82.10,11,1,1,2025,2025-07
2025-07-29,2025,R,669920,695734,SI,Sinker,,foul,L,R,HOU,WSH,90.80,76.20,9,1,0,2025,2025-07
2025-07-29,2025,R,669920,695734,SI,Sinker,,ball,L,R,HOU,WSH,92.30,,,0,0,2025,2025-07
2025-07-29,2025,R,669920,695734,CH,Changeup,strikeout,swinging_strike,L,R,HOU,WSH,80.00,,,1,2,2025,2025-07
2025-07-29,2025,R,669920,695734,CH,Changeup,,foul,L,R,HOU,WSH,80.40,,,1,1,2025,2025-07
2025-07-29,2025,R,669920,695734,ST,Sweeper,,blocked_ball,L,R,HOU,WSH,78.00,,,0,1,2025,2025-07
2025-07-29,2025,R,669920,695734,SI,Sinker,,foul,L,R,HOU,WSH,91.80,,,0,0,2025,2025-07
2025-07-29,2025,R,669920,696285,SI,Sinker,strikeout,called_strike,R,R,HOU,WSH,90.90,,,3,2,2025,2025-07
2025-07-29,2025,R,669920,696285,SI,Sinker,,ball,R,R,HOU,WSH,91.40,,,2,2,2025,2025-07
2025-07-29,2025,R,669920,696285,ST,Sweeper,,foul,R,R,HOU,WSH,78.00,62.00,17,2,2,2025,2025-07
2025-07-29,2025,R,669920,696285,FF,4-Seam Fastball,,ball,R,R,HOU,WSH,93.30,,,1,2,2025,2025-07
2025-07-29,2025,R,669920,696285,FF,4-Seam Fastball,,ball,R,R,HOU,WSH,91.40,,,0,2,2025,2025-07
2025-07-29,2025,R,669920,696285,CH,Changeup,,foul,R,R,HOU,WSH,79.80,,,0,1,2025,2025-07
2025-07-29,2025,R,669920,696285,SI,Sinker,,called_strike,R,R,HOU,WSH,90.40,,,0,0,2025,2025-07
2025-07-29,2025,R,669920,696285,FF,4-Seam Fastball,strikeout,foul_tip,R,R,HOU,WSH,92.60,,,2,2,2025,2025-07
2025-07-29,2025,R,669920,696285,CH,Changeup,,foul,R,R,HOU,WSH,80.40,75.80,9,2,2,2025,2025-07
2025-07-29,2025,R,669920,696285,CH,Changeup,,ball,R,R,HOU,WSH,81.10,,,1,2,2025,2025-07
2025-07-29,2025,R,669920,696285,SI,Sinker,,called_strike,R,R,HOU,WSH,91.80,,,1,1,2025,2025-07
2025-07-29,2025,R,669920,696285,ST,Sweeper,,ball,R,R,HOU,WSH,79.40,,,0,1,2025,2025-07
2025-07-29,2025,R,669920,696285,SI,Sinker,,called_strike,R,R,HOU,WSH,90.50,,,0,0,2025,2025-07
2025-07-29,2025,R,670036,678662,ST,Sweeper,field_error,hit_into_play,R,R,CLE,COL,84.00,82.50,60,1,1,2025,2025-07
2025-07-29,2025,R,670036,678662,FF,4-Seam Fastball,,ball,R,R,CLE,COL,92.70,,,0,1,2025,2025-07
2025-07-29,2025,R,670036,678662,FF,4-Seam Fastball,,called_strike,R,R,CLE,COL,93.00,,,0,0,2025,2025-07
2025-07-29,2025,R,670036,682653,ST,Sweeper,double,hit_into_play,R,R,CLE,COL,82.50,103.90,10,0,1,2025,2025-07
2025-07-29,2025,R,670036,682653,FF,4-Seam Fastball,,foul,R,R,CLE,COL,92.20,69.10,64,0,0,2025,2025-07
2025-07-29,2025,R,670036,686668,ST,Sweeper,strikeout,swinging_strike,R,R,CLE,COL,84.20,,,1,2,2025,2025-07
2025-07-29,2025,R,670036,686668,FF,4-Seam Fastball,,foul,R,R,CLE,COL,93.50,88.70,33,1,2,2025,2025-07
2025-07-29,2025,R,670036,686668,FF,4-Seam Fastball,,foul,R,R,CLE,COL,92.60,75.70,22,1,2,2025,2025-07
2025-07-29,2025,R,670036,686668,FF,4-Seam Fastball,,foul,R,R,CLE,COL,92.70,,,1,1,2025,2025-07
2025-07-29,2025,R,670036,686668,FF,4-Seam Fastball,,ball,R,R,CLE,COL,92.80,,,0,1,2025,2025-07
2025-07-29,2025,R,670036,686668,FF,4-Seam Fastball,,called_strike,R,R,CLE,COL,92.20,,,0,0,2025,2025-07
2025-07-29,2025,R,670036,687597,SI,Sinker,field_out,hit_into_play,R,R,CLE,COL,93.40,82.00,24,0,1,2025,2025-07
2025-07-29,2025,R,670036,687597,FF,4-Seam Fastball,,foul,R,R,CLE,COL,92.40,78.20,35,0,0,2025,2025-07
2025-07-29,2025,R,670036,696100,FF,4-Seam Fastball,strikeout,swinging_strike,R,R,CLE,COL,92.30,,,1,2,2025,2025-07
2025-07-29,2025,R,670036,696100,ST,Sweeper,,called_strike,R,R,CLE,COL,83.30,,,1,1,2025,2025-07
2025-07-29,2025,R,670036,696100,FF,4-Seam Fastball,,swinging_strike,R,R,CLE,COL,93.20,,,1,0,2025,2025-07
2025-07-29,2025,R,670036,696100,ST,Sweeper,,ball,R,R,CLE,COL,82.60,,,0,0,2025,2025-07
2025-07-29,2025,R,670167,642201,SI,Sinker,single,hit_into_play,R,R,KC,ATL,92.50,76.50,6,1,0,2025,2025-07
2025-07-29,2025,R,670167,642201,SI,Sinker,,ball,R,R,KC,ATL,92.90,,,0,0,2025,2025-07
2025-07-29,2025,R,670167,663586,FF,4-Seam Fastball,strikeout,swinging_strike,R,R,KC,ATL,94.70,,,1,2,2025,2025-07
2025-07-29,2025,R,670167,663586,FF,4-Seam Fastball,,ball,R,R,KC,ATL,93.60,,,0,2,2025,2025-07
2025-07-29,2025,R,670167,663586,ST,Sweeper,,foul,R,R,KC,ATL,83.30,87.60,17,0,1,2025,2025-07
2025-07-29,2025,R,670167,663586,ST,Sweeper,,called_strike,R,R,KC,ATL,82.20,,,0,0,2025,2025-07
2025-07-29,2025,R,670167,671739,FF,4-Seam Fastball,field_out,hit_into_play,L,R,KC,ATL,93.80,77.30,27,1,0,2025,2025-07
2025-07-29,2025,R,670167,671739,FC,Cutter,,ball,L,R,KC,ATL,89.60,,,0,0,2025,2025-07
2025-07-29,2025,R,670970,596019,SL,Slider,field_out,hit_into_play,R,L,SD,NYM,88.20,102.30,-8,0,0,2025,2025-07
2025-07-29,2025,R,670970,607043,SI,Sinker,field_out,hit_into_play,L,L,SD,NYM,98.70,26.30,-77,1,2,2025,2025-07
2025-07-29,2025,R,670970,607043,SI,Sinker,,foul,L,L,SD,NYM,96.50,76.20,31,1,2,2025,2025-07
2025-07-29,2025,R,670970,607043,SL,Slider,,ball,L,L,SD,NYM,87.90,,,0,2,2025,2025-07
2025-07-29,2025,R,670970,607043,SI,Sinker,,called_strike,L,L,SD,NYM,96.60,,,0,1,2025,2025-07
2025-07-29,2025,R,670970,607043,SI,Sinker,,foul_tip,L,L,SD,NYM,98.00,,,0,0,2025,2025-07
2025-07-29,2025,R,670970,620443,CH,Changeup,strikeout,swinging_strike,R,L,SD,NYM,89.40,,,0,2,2025,2025-07
2025-07-29,2025,R,670970,620443,SI,Sinker,,foul,R,L,SD,NYM,97.50,96.10,26,0,1,2025,2025-07
2025-07-29,2025,R,670970,620443,SI,Sinker,,foul,R,L,SD,NYM,96.70,81.90,52,0,0,2025,2025-07
2025-07-29,2025,R,671106,571657,CH,Changeup,field_out,hit_into_play,R,L,CLE,COL,80.60,90.10,11,1,2,2025,2025-07
2025-07-29,2025,R,671106,571657,ST,Sweeper,,swinging_strike,R,L,CLE,COL,76.70,,,1,1,2025,2025-07
2025-07-29,2025,R,671106,571657,FF,4-Seam Fastball,,ball,R,L,CLE,COL,88.40,,,0,1,2025,2025-07
2025-07-29,2025,R,671106,571657,FF,4-Seam Fastball,,called_strike,R,L,CLE,COL,89.00,,,0,0,2025,2025-07
2025-07-29,2025,R,671106,571657,FF,4-Seam Fastball,field_out,hit_into_play,R,L,CLE,COL,91.90,89.80,49,0,1,2025,2025-07
2025-07-29,2025,R,671106,571657,CH,Changeup,,called_strike,R,L,CLE,COL,80.70,,,0,0,2025,2025-07
2025-07-29,2025,R,671106,571657,FF,4-Seam Fastball,strikeout,swinging_strike,R,L,CLE,COL,92.50,,,1,2,2025,2025-07
2025-07-29,2025,R,671106,571657,CH,Changeup,,ball,R,L,CLE,COL,81.90,,,0,2,2025,2025-07
2025-07-29,2025,R,671106,571657,CH,Changeup,,foul,R,L,CLE,COL,83.40,81.70,-17,0,1,2025,2025-07
2025-07-29,2025,R,671106,571657,FF,4-Seam Fastball,,called_strike,R,L,CLE,COL,91.60,,,0,0,2025,2025-07
2025-07-29,2025,R,671106,606115,CH,Changeup,single,hit_into_play,R,L,CLE,COL,80.90,94.80,2,0,0,2025,2025-07
2025-07-29,2025,R,671106,606115,FF,4-Seam Fastball,field_out,hit_into_play,R,L,CLE,COL,91.30,88.50,-6,2,2,2025,2025-07
2025-07-29,2025,R,671106,606115,ST,Sweeper,,ball,R,L,CLE,COL,78.60,,,1,2,2025,2025-07
2025-07-29,2025,R,671106,606115,FF,4-Seam Fastball,,foul,R,L,CLE,COL,92.30,76.00,49,1,2,2025,2025-07
2025-07-29,2025,R,671106,606115,FF,4-Seam Fastball,,foul,R,L,CLE,COL,91.60,61.40,1,1,1,2025,2025-07
2025-07-29,2025,R,671106,606115,FF,4-Seam Fastball,,ball,R,L,CLE,COL,91.30,,,0,1,2025,2025-07
2025-07-29,2025,R,671106,606115,FF,4-Seam Fastball,,called_strike,R,L,CLE,COL,90.90,,,0,0,2025,2025-07
2025-07-29,2025,R,671106,606115,CH,Changeup,field_out,hit_into_play,R,L,CLE,COL,82.40,100.90,1,1,1,2025,2025-07
2025-07-29,2025,R,671106,606115,FF,4-Seam Fastball,,ball,R,L,CLE,COL,91.30,,,0,1,2025,2025-07
2025-07-29,2025,R,671106,606115,FF,4-Seam Fastball,,called_strike,R,L,CLE,COL,91.60,,,0,0,2025,2025-07
2025-07-29,2025,R,671106,669911,FF,4-Seam Fastball,home_run,hit_into_play,R,L,CLE,COL,91.50,107.20,28,1,1,2025,2025-07
2025-07-29,2025,R,671106,669911,FF,4-Seam Fastball,,swinging_strike,R,L,CLE,COL,90.20,,,1,0,2025,2025-07
2025-07-29,2025,R,671106,669911,FF,4-Seam Fastball,,ball,R,L,CLE,COL,90.50,,,0,0,2025,2025-07
2025-07-29,2025,R,671106,669911,CH,Changeup,field_out,hit_into_play,R,L,CLE,COL,82.20,97.10,22,2,2,2025,2025-07
2025-07-29,2025,R,671106,669911,FF,4-Seam Fastball,,called_strike,R,L,CLE,COL,90.60,,,2,1,2025,2025-07
2025-07-29,2025,R,671106,669911,SI,Sinker,,foul,R,L,CLE,COL,86.50,67.50,49,2,0,2025,2025-07
2025-07-29,2025,R,671106,669911,FF,4-Seam Fastball,,ball,R,L,CLE,COL,89.80,,,1,0,2025,2025-07
2025-07-29,2025,R,671106,669911,SI,Sinker,,ball,R,L,CLE,COL,86.10,,,0,0,2025,2025-07
2025-07-29,2025,R,671106,669911,ST,Sweeper,field_out,hit_into_play,R,L,CLE,COL,77.90,98.80,42,2,2,2025,2025-07
2025-07-29,2025,R,671106,669911,CH,Changeup,,ball,R,L,CLE,COL,81.70,,,1,2,2025,2025-07
2025-07-29,2025,R,671106,669911,FF,4-Seam Fastball,,foul,R,L,CLE,COL,90.90,73.00,64,1,2,2025,2025-07
2025-07-29,2025,R,671106,669911,FF,4-Seam Fastball,,ball,R,L,CLE,COL,90.10,,,0,2,2025,2025-07
2025-07-29,2025,R,671106,669911,CH,Changeup,,foul,R,L,CLE,COL,79.30,71.60,66,0,1,2025,2025-07
2025-07-29,2025,R,671106,669911,CH,Changeup,,called_strike,R,L,CLE,COL,79.20,,,0,0,2025,2025-07
2025-07-29,2025,R,671106,669911,FF,4-Seam Fastball,,ball,R,L,CLE,COL,93.10,,,2,2,2025,2025-07
2025-07-29,2025,R,671106,669911,FF,4-Seam Fastball,,foul,R,L,CLE,COL,92.40,69.90,45,2,1,2025,2025-07
2025-07-29,2025,R,671106,669911,CH,Changeup,,blocked_ball,R,L,CLE,COL,81.10,,,1,1,2025,2025-07
2025-07-29,2025,R,671106,669911,FF,4-Seam Fastball,,ball,R,L,CLE,COL,92.00,,,0,1,2025,2025-07
2025-07-29,2025,R,671106,669911,FF,4-Seam Fastball,,called_strike,R,L,CLE,COL,91.10,,,0,0,2025,2025-07
2025-07-29,2025,R,671106,671289,FF,4-Seam Fastball,grounded_into_double_play,hit_into_play,R,L,CLE,COL,91.20,100.30,-9,3,2,2025,2025-07
2025-07-29,2025,R,671106,671289,FF,4-Seam Fastball,,foul,R,L,CLE,COL,91.60,71.90,26,3,2,2025,2025-07
2025-07-29,2025,R,671106,671289,FF,4-Seam Fastball,,foul,R,L,CLE,COL,91.30,71.50,51,3,2,2025,2025-07
2025-07-29,2025,R,671106,671289,CH,Changeup,,ball,R,L,CLE,COL,79.70,,,2,2,2025,2025-07
2025-07-29,2025,R,671106,671289,FF,4-Seam Fastball,,foul,R,L,CLE,COL,90.30,72.30,49,2,1,2025,2025-07
2025-07-29,2025,R,671106,671289,FF,4-Seam Fastball,,ball,R,L,CLE,COL,90.00,,,1,1,2025,2025-07
2025-07-29,2025,R,671106,671289,FC,Cutter,,called_strike,R,L,CLE,COL,85.20,,,1,0,2025,2025-07
2025-07-29,2025,R,671106,671289,FC,Cutter,,ball,R,L,CLE,COL,84.70,,,0,0,2025,2025-07
2025-07-29,2025,R,671106,671289,CH,Changeup,double,hit_into_play,R,L,CLE,COL,81.10,97.00,22,1,0,2025,2025-07
2025-07-29,2025,R,671106,671289,FC,Cutter,,ball,R,L,CLE,COL,85.10,,,0,0,2025,2025-07
2025-07-29,2025,R,671106,671289,CH,Changeup,single,hit_into_play,R,L,CLE,COL,81.80,100.70,-19,0,2,2025,2025-07
2025-07-29,2025,R,671106,671289,FF,4-Seam Fastball,,foul,R,L,CLE,COL,91.20,80.30,68,0,1,2025,2025-07
2025-07-29,2025,R,671106,671289,CH,Changeup,,foul,R,L,CLE,COL,81.70,68.30,26,0,0,2025,2025-07
2025-07-29,2025,R,671106,671289,SI,Sinker,field_out,hit_into_play,R,L,CLE,COL,88.60,88.50,-43,2,1,2025,2025-07
2025-07-29,2025,R,671106,671289,SI,Sinker,,called_strike,R,L,CLE,COL,86.50,,,2,0,2025,2025-07
2025-07-29,2025,R,671106,671289,FF,4-Seam Fastball,,ball,R,L,CLE,COL,89.30,,,1,0,2025,2025-07
2025-07-29,2025,R,671106,671289,FF,4-Seam Fastball,,ball,R,L,CLE,COL,89.80,,,0,0,2025,2025-07
2025-07-29,2025,R,671106,678662,CH,Changeup,strikeout,swinging_strike_blocked,R,L,CLE,COL,81.00,,,0,2,2025,2025-07
2025-07-29,2025,R,671106,678662,FF,4-Seam Fastball,,foul,R,L,CLE,COL,90.80,69.00,43,0,1,2025,2025-07
2025-07-29,2025,R,671106,678662,FF,4-Seam Fastball,,swinging_strike,R,L,CLE,COL,91.10,,,0,0,2025,2025-07
2025-07-29,2025,R,671106,678662,FF,4-Seam Fastball,single,hit_into_play,R,L,CLE,COL,91.40,67.80,38,0,2,2025,2025-07
2025-07-29,2025,R,671106,678662,FF,4-Seam Fastball,,foul_tip,R,L,CLE,COL,90.90,,,0,1,2025,2025-07
2025-07-29,2025,R,671106,678662,CH,Changeup,,foul_tip,R,L,CLE,COL,80.80,,,0,0,2025,2025-07
2025-07-29,2025,R,671106,678662,FF,4-Seam Fastball,field_out,hit_into_play,R,L,CLE,COL,91.30,92.10,8,0,0,2025,2025-07
2025-07-29,2025,R,671106,682653,CH,Changeup,single,hit_into_play,R,L,CLE,COL,82.20,92.80,5,2,2,2025,2025-07
2025-07-29,2025,R,671106,682653,ST,Sweeper,,foul,R,L,CLE,COL,77.20,96.50,1,2,2,2025,2025-07
2025-07-29,2025,R,671106,682653,FF,4-Seam Fastball,,ball,R,L,CLE,COL,90.90,,,1,2,2025,2025-07
2025-07-29,2025,R,671106,682653,CH,Changeup,,ball,R,L,CLE,COL,80.90,,,0,2,2025,2025-07
2025-07-29,2025,R,671106,682653,ST,Sweeper,,called_strike,R,L,CLE,COL,75.20,,,0,1,2025,2025-07
2025-07-29,2025,R,671106,682653,ST,Sweeper,,called_strike,R,L,CLE,COL,76.10,,,0,0,2025,2025-07
2025-07-29,2025,R,671106,682653,CH,Changeup,field_out,hit_into_play,R,L,CLE,COL,79.10,92.60,24,2,2,2025,2025-07
2025-07-29,2025,R,671106,682653,CH,Changeup,,foul,R,L,CLE,COL,82.00,65.00,68,2,2,2025,2025-07
2025-07-29,2025,R,671106,682653,FF,4-Seam Fastball,,foul,R,L,CLE,COL,91.60,79.90,32,2,2,2025,2025-07
2025-07-29,2025,R,671106,682653,CH,Changeup,,ball,R,L,CLE,COL,80.20,,,1,2,2025,2025-07
2025-07-29,2025,R,671106,682653,FF,4-Seam Fastball,,called_strike,R,L,CLE,COL,90.10,,,1,1,2025,2025-07
2025-07-29,2025,R,671106,682653,FF,4-Seam Fastball,,called_strike,R,L,CLE,COL,89.20,,,1,0,2025,2025-07
2025-07-29,2025,R,671106,682653,FF,4-Seam Fastball,,ball,R,L,CLE,COL,89.30,,,0,0,2025,2025-07
2025-07-29,2025,R,671106,682653,CH,Changeup,force_out,hit_into_play,R,L,CLE,COL,82.10,81.70,63,1,2,2025,2025-07
2025-07-29,2025,R,671106,682653,CH,Changeup,,foul,R,L,CLE,COL,82.10,89.60,-21,1,2,2025,2025-07
2025-07-29,2025,R,671106,682653,CH,Changeup,,blocked_ball,R,L,CLE,COL,82.50,,,0,2,2025,2025-07
2025-07-29,2025,R,671106,682653,ST,Sweeper,,foul,R,L,CLE,COL,76.10,42.70,22,0,1,2025,2025-07
2025-07-29,2025,R,671106,682653,FF,4-Seam Fastball,,called_strike,R,L,CLE,COL,91.10,,,0,0,2025,2025-07
2025-07-29,2025,R,671106,686668,FF,4-Seam Fastball,field_out,hit_into_play,R,L,CLE,COL,91.20,72.50,-32,1,0,2025,2025-07
2025-07-29,2025,R,671106,686668,FF,4-Seam Fastball,,ball,R,L,CLE,COL,91.40,,,0,0,2025,2025-07
2025-07-29,2025,R,671106,686668,FF,4-Seam Fastball,field_out,hit_into_play,R,L,CLE,COL,91.20,94.10,23,0,0,2025,2025-07
2025-07-29,2025,R,671106,686668,ST,Sweeper,single,hit_into_play,R,L,CLE,COL,76.30,86.60,12,0,0,2025,2025-07
2025-07-29,2025,R,671106,687597,CH,Changeup,strikeout,swinging_strike,R,L,CLE,COL,81.60,,,2,2,2025,2025-07
2025-07-29,2025,R,671106,687597,CH,Changeup,,ball,R,L,CLE,COL,82.00,,,1,2,2025,2025-07
2025-07-29,2025,R,671106,687597,FF,4-Seam Fastball,,foul,R,L,CLE,COL,90.80,58.90,44,1,1,2025,2025-07
2025-07-29,2025,R,671106,687597,FF,4-Seam Fastball,,foul,R,L,CLE,COL,90.20,69.70,18,1,0,2025,2025-07
2025-07-29,2025,R,671106,687597,FF,4-Seam Fastball,,ball,R,L,CLE,COL,90.40,,,0,0,2025,2025-07
2025-07-29,2025,R,671106,687597,ST,Sweeper,home_run,hit_into_play,R,L,CLE,COL,75.20,101.20,26,0,1,2025,2025-07
2025-07-29,2025,R,671106,687597,SI,Sinker,,called_strike,R,L,CLE,COL,87.20,,,0,0,2025,2025-07
2025-07-29,2025,R,671106,687597,ST,Sweeper,walk,ball,R,L,CLE,COL,75.70,,,3,2,2025,2025-07
2025-07-29,2025,R,671106,687597,FF,4-Seam Fastball,,foul,R,L,CLE,COL,92.60,77.40,26,3,2,2025,2025-07
2025-07-29,2025,R,671106,687597,ST,Sweeper,,foul,R,L,CLE,COL,76.00,37.80,-60,3,2,2025,2025-07
2025-07-29,2025,R,671106,687597,SI,Sinker,,foul,R,L,CLE,COL,88.70,75.90,57,3,2,2025,2025-07
2025-07-29,2025,R,671106,687597,SI,Sinker,,called_strike,R,L,CLE,COL,88.40,,,3,1,2025,2025-07
2025-07-29,2025,R,671106,687597,FF,4-Seam Fastball,,ball,R,L,CLE,COL,90.80,,,2,1,2025,2025-07
2025-07-29,2025,R,671106,687597,SI,Sinker,,ball,R,L,CLE,COL,87.00,,,1,1,2025,2025-07
2025-07-29,2025,R,671106,687597,SI,Sinker,,called_strike,R,L,CLE,COL,88.10,,,1,0,2025,2025-07
2025-07-29,2025,R,671106,687597,FF,4-Seam Fastball,,ball,R,L,CLE,COL,89.40,,,0,0,2025,2025-07
2025-07-29,2025,R,671106,696100,FF,4-Seam Fastball,field_out,hit_into_play,R,L,CLE,COL,90.40,88.10,73,2,2,2025,2025-07
2025-07-29,2025,R,671106,696100,CH,Changeup,,foul,R,L,CLE,COL,81.20,69.90,55,2,1,2025,2025-07
2025-07-29,2025,R,671106,696100,ST,Sweeper,,ball,R,L,CLE,COL,77.50,,,1,1,2025,2025-07
2025-07-29,2025,R,671106,696100,FF,4-Seam Fastball,,called_strike,R,L,CLE,COL,90.50,,,1,0,2025,2025-07
2025-07-29,2025,R,671106,696100,FF,4-Seam Fastball,,ball,R,L,CLE,COL,90.10,,,0,0,2025,2025-07
2025-07-29,2025,R,671106,696100,CH,Changeup,force_out,hit_into_play,R,L,CLE,COL,80.00,72.10,6,1,1,2025,2025-07
2025-07-29,2025,R,671106,696100,CH,Changeup,,foul,R,L,CLE,COL,81.20,67.10,-63,1,0,2025,2025-07
2025-07-29,2025,R,671106,696100,CH,Changeup,,ball,R,L,CLE,COL,81.60,,,0,0,2025,2025-07
2025-07-29,2025,R,671106,696100,CH,Changeup,field_out,hit_into_play,R,L,CLE,COL,80.90,80.60,27,1,2,2025,2025-07
2025-07-29,2025,R,671106,696100,FF,4-Seam Fastball,,ball,R,L,CLE,COL,90.10,,,0,2,2025,2025-07
2025-07-29,2025,R,671106,696100,CH,Changeup,,swinging_strike,R,L,CLE,COL,79.90,,,0,1,2025,2025-07
2025-07-29,2025,R,671106,696100,CH,Changeup,,called_strike,R,L,CLE,COL,81.40,,,0,0,2025,2025-07
2025-07-29,2025,R,671131,514888,SI,Sinker,field_out,hit_into_play,R,R,HOU,WSH,97.70,60.50,32,1,1,2025,2025-07
2025-07-29,2025,R,671131,514888,SI,Sinker,,ball,R,R,HOU,WSH,96.90,,,0,1,2025,2025-07
2025-07-29,2025,R,671131,514888,SL,Slider,,swinging_strike,R,R,HOU,WSH,87.20,,,0,0,2025,2025-07
2025-07-29,2025,R,671131,572233,SI,Sinker,field_out,hit_into_play,R,R,HOU,WSH,94.90,64.20,-58,0,1,2025,2025-07
2025-07-29,2025,R,671131,572233,SI,Sinker,,called_strike,R,R,HOU,WSH,95.20,,,0,0,2025,2025-07
2025-07-29,2025,R,671131,666211,FS,Split-Finger,field_out,hit_into_play,L,R,HOU,WSH,86.10,73.70,-6,1,0,2025,2025-07
2025-07-29,2025,R,671131,666211,FF,4-Seam Fastball,,ball,L,R,HOU,WSH,96.40,,,0,0,2025,2025-07
2025-07-29,2025,R,671131,670097,SI,Sinker,single,hit_into_play,R,R,HOU,WSH,97.10,38.00,-47,0,0,2025,2025-07
2025-07-29,2025,R,671131,676801,SI,Sinker,field_out,hit_into_play,R,R,HOU,WSH,96.60,37.20,-12,0,2,2025,2025-07
2025-07-29,2025,R,671131,676801,SI,Sinker,,foul,R,R,HOU,WSH,96.00,,,0,1,2025,2025-07
2025-07-29,2025,R,671131,676801,SL,Slider,,swinging_strike,R,R,HOU,WSH,86.20,,,0,0,2025,2025-07
2025-07-29,2025,R,671131,701358,FC,Cutter,strikeout,called_strike,R,R,HOU,WSH,88.70,,,2,2,2025,2025-07
2025-07-29,2025,R,671131,701358,SL,Slider,,ball,R,R,HOU,WSH,86.90,,,1,2,2025,2025-07
2025-07-29,2025,R,671131,701358,SL,Slider,,called_strike,R,R,HOU,WSH,85.00,,,1,1,2025,2025-07
2025-07-29,2025,R,671131,701358,FF,4-Seam Fastball,,ball,R,R,HOU,WSH,94.90,,,0,1,2025,2025-07
2025-07-29,2025,R,671131,701358,SL,Slider,,called_strike,R,R,HOU,WSH,85.40,,,0,0,2025,2025-07
2025-07-29,2025,R,671212,502671,SL,Slider,strikeout,swinging_strike,R,R,NYY,TB,92.50,,,1,2,2025,2025-07
2025-07-29,2025,R,671212,502671,SL,Slider,,called_strike,R,R,NYY,TB,92.10,,,1,1,2025,2025-07
2025-07-29,2025,R,671212,502671,FS,Split-Finger,,ball,R,R,NYY,TB,93.10,,,0,1,2025,2025-07
2025-07-29,2025,R,671212,502671,SL,Slider,,foul,R,R,NYY,TB,93.20,73.40,30,0,0,2025,2025-07
2025-07-29,2025,R,671212,502671,FF,4-Seam Fastball,field_out,hit_into_play,R,R,NYY,TB,100.20,90.80,64,3,2,2025,2025-07
2025-07-29,2025,R,671212,502671,FF,4-Seam Fastball,,swinging_strike,R,R,NYY,TB,99.70,,,3,1,2025,2025-07
2025-07-29,2025,R,671212,502671,SL,Slider,,ball,R,R,NYY,TB,92.40,,,2,1,2025,2025-07
2025-07-29,2025,R,671212,502671,FF,4-Seam Fastball,,ball,R,R,NYY,TB,98.50,,,1,1,2025,2025-07
2025-07-29,2025,R,671212,502671,SL,Slider,,ball,R,R,NYY,TB,90.60,,,0,1,2025,2025-07
2025-07-29,2025,R,671212,502671,SL,Slider,,called_strike,R,R,NYY,TB,92.40,,,0,0,2025,2025-07
2025-07-29,2025,R,671212,641355,SL,Slider,home_run,hit_into_play,L,R,NYY,TB,93.20,102.50,23,1,0,2025,2025-07
2025-07-29,2025,R,671212,641355,FF,4-Seam Fastball,,ball,L,R,NYY,TB,99.00,,,0,0,2025,2025-07
2025-07-29,2025,R,671212,641355,SL,Slider,field_out,hit_into_play,L,R,NYY,TB,92.10,80.40,62,2,1,2025,2025-07
2025-07-29,2025,R,671212,641355,FF,4-Seam Fastball,,swinging_strike,L,R,NYY,TB,99.20,,,2,0,2025,2025-07
2025-07-29,2025,R,671212,641355,FF,4-Seam Fastball,,ball,L,R,NYY,TB,99.70,,,1,0,2025,2025-07
2025-07-29,2025,R,671212,641355,SL,Slider,,ball,L,R,NYY,TB,92.10,,,0,0,2025,2025-07
2025-07-29,2025,R,671212,641857,FF,4-Seam Fastball,field_out,hit_into_play,L,R,NYY,TB,98.00,94.80,38,2,2,2025,2025-07
2025-07-29,2025,R,671212,641857,FS,Split-Finger,,ball,L,R,NYY,TB,93.90,,,1,2,2025,2025-07
2025-07-29,2025,R,671212,641857,FF,4-Seam Fastball,,foul,L,R,NYY,TB,100.10,79.90,62,1,1,2025,2025-07
2025-07-29,2025,R,671212,641857,SL,Slider,,called_strike,L,R,NYY,TB,92.20,,,1,0,2025,2025-07
2025-07-29,2025,R,671212,641857,FF,4-Seam Fastball,,ball,L,R,NYY,TB,99.80,,,0,0,2025,2025-07
2025-07-29,2025,R,671212,641857,SL,Slider,strikeout,swinging_strike,L,R,NYY,TB,92.40,,,2,2,2025,2025-07
2025-07-29,2025,R,671212,641857,FS,Split-Finger,,foul,L,R,NYY,TB,93.80,33.50,27,2,2,2025,2025-07
2025-07-29,2025,R,671212,641857,SL,Slider,,called_strike,L,R,NYY,TB,91.90,,,2,1,2025,2025-07
2025-07-29,2025,R,671212,641857,SL,Slider,,swinging_strike,L,R,NYY,TB,90.40,,,2,0,2025,2025-07
2025-07-29,2025,R,671212,641857,FF,4-Seam Fastball,,ball,L,R,NYY,TB,99.10,,,1,0,2025,2025-07
2025-07-29,2025,R,671212,641857,FF,4-Seam Fastball,,ball,L,R,NYY,TB,99.80,,,0,0,2025,2025-07
2025-07-29,2025,R,671212,663757,SL,Slider,strikeout,swinging_strike,L,R,NYY,TB,91.80,,,1,2,2025,2025-07
2025-07-29,2025,R,671212,663757,FS,Split-Finger,,ball,L,R,NYY,TB,93.50,,,0,2,2025,2025-07
2025-07-29,2025,R,671212,663757,FF,4-Seam Fastball,,foul,L,R,NYY,TB,99.60,91.70,51,0,1,2025,2025-07
2025-07-29,2025,R,671212,663757,SL,Slider,,foul,L,R,NYY,TB,92.50,103.50,18,0,0,2025,2025-07
2025-07-29,2025,R,671212,663757,FF,4-Seam Fastball,walk,ball,L,R,NYY,TB,100.00,,,3,0,2025,2025-07
2025-07-29,2025,R,671212,663757,SL,Slider,,ball,L,R,NYY,TB,90.70,,,2,0,2025,2025-07
2025-07-29,2025,R,671212,663757,FF,4-Seam Fastball,,ball,L,R,NYY,TB,98.50,,,1,0,2025,2025-07
2025-07-29,2025,R,671212,663757,FF,4-Seam Fastball,,ball,L,R,NYY,TB,99.00,,,0,0,2025,2025-07
2025-07-29,2025,R,671212,665862,SL,Slider,strikeout,called_strike,L,R,NYY,TB,91.30,,,3,2,2025,2025-07
2025-07-29,2025,R,671212,665862,SL,Slider,,ball,L,R,NYY,TB,92.00,,,2,2,2025,2025-07
2025-07-29,2025,R,671212,665862,SL,Slider,,ball,L,R,NYY,TB,92.80,,,1,2,2025,2025-07
2025-07-29,2025,R,671212,665862,FF,4-Seam Fastball,,foul,L,R,NYY,TB,98.90,84.30,17,1,1,2025,2025-07
2025-07-29,2025,R,671212,665862,FF,4-Seam Fastball,,ball,L,R,NYY,TB,99.40,,,0,1,2025,2025-07
2025-07-29,2025,R,671212,665862,FF,4-Seam Fastball,,called_strike,L,R,NYY,TB,99.50,,,0,0,2025,2025-07
2025-07-29,2025,R,671212,665862,SL,Slider,strikeout,swinging_strike_blocked,L,R,NYY,TB,91.30,,,1,2,2025,2025-07
2025-07-29,2025,R,671212,665862,SL,Slider,,swinging_strike,L,R,NYY,TB,90.80,,,1,1,2025,2025-07
2025-07-29,2025,R,671212,665862,SL,Slider,,called_strike,L,R,NYY,TB,90.60,,,1,0,2025,2025-07
2025-07-29,2025,R,671212,665862,FF,4-Seam Fastball,,ball,L,R,NYY,TB,98.50,,,0,0,2025,2025-07
2025-07-29,2025,R,671212,669224,FF,4-Seam Fastball,field_error,hit_into_play,L,R,NYY,TB,99.40,84.60,8,2,1,2025,2025-07
2025-07-29,2025,R,671212,669224,FF,4-Seam Fastball,,called_strike,L,R,NYY,TB,99.10,,,2,0,2025,2025-07
2025-07-29,2025,R,671212,669224,FF,4-Seam Fastball,,ball,L,R,NYY,TB,98.40,,,1,0,2025,2025-07
2025-07-29,2025,R,671212,669224,SL,Slider,,ball,L,R,NYY,TB,91.70,,,0,0,2025,2025-07
2025-07-29,2025,R,671212,669224,SL,Slider,walk,ball,L,R,NYY,TB,92.30,,,3,2,2025,2025-07
2025-07-29,2025,R,671212,669224,FF,4-Seam Fastball,,ball,L,R,NYY,TB,99.30,,,2,2,2025,2025-07
2025-07-29,2025,R,671212,669224,SL,Slider,,ball,L,R,NYY,TB,92.50,,,1,2,2025,2025-07
2025-07-29,2025,R,671212,669224,SL,Slider,,ball,L,R,NYY,TB,90.90,,,0,2,2025,2025-07
2025-07-29,2025,R,671212,669224,FS,Split-Finger,,foul,L,R,NYY,TB,93.90,76.30,29,0,1,2025,2025-07
2025-07-29,2025,R,671212,669224,SL,Slider,,swinging_strike,L,R,NYY,TB,93.20,,,0,0,2025,2025-07
2025-07-29,2025,R,671212,683011,SL,Slider,single,hit_into_play,R,R,NYY,TB,92.90,82.00,18,0,1,2025,2025-07
2025-07-29,2025,R,671212,683011,SL,Slider,,called_strike,R,R,NYY,TB,92.70,,,0,0,2025,2025-07
2025-07-29,2025,R,671212,683011,FF,4-Seam Fastball,strikeout,swinging_strike,R,R,NYY,TB,98.60,,,1,2,2025,2025-07
2025-07-29,2025,R,671212,683011,SL,Slider,,called_strike,R,R,NYY,TB,91.20,,,1,1,2025,2025-07
2025-07-29,2025,R,671212,683011,FF,4-Seam Fastball,,ball,R,R,NYY,TB,99.70,,,0,1,2025,2025-07
2025-07-29,2025,R,671212,683011,SL,Slider,,foul,R,R,NYY,TB,92.80,78.70,37,0,0,2025,2025-07
2025-07-29,2025,R,671212,691176,SL,Slider,single,hit_into_play,L,R,NYY,TB,91.20,104.80,-3,1,2,2025,2025-07
2025-07-29,2025,R,671212,691176,FS,Split-Finger,,ball,L,R,NYY,TB,93.20,,,0,2,2025,2025-07
2025-07-29,2025,R,671212,691176,FF,4-Seam Fastball,,foul,L,R,NYY,TB,99.30,90.20,44,0,2,2025,2025-07
2025-07-29,2025,R,671212,691176,SL,Slider,,foul,L,R,NYY,TB,90.80,103.50,-16,0,2,2025,2025-07
2025-07-29,2025,R,671212,691176,SL,Slider,,foul,L,R,NYY,TB,91.20,78.70,-28,0,2,2025,2025-07
2025-07-29,2025,R,671212,691176,FS,Split-Finger,,called_strike,L,R,NYY,TB,92.50,,,0,1,2025,2025-07
2025-07-29,2025,R,671212,691176,SL,Slider,,swinging_strike,L,R,NYY,TB,92.50,,,0,0,2025,2025-07
2025-07-29,2025,R,671212,691176,SL,Slider,double,hit_into_play,L,R,NYY,TB,91.00,89.90,33,1,0,2025,2025-07
2025-07-29,2025,R,671212,691176,FS,Split-Finger,,ball,L,R,NYY,TB,94.80,,,0,0,2025,2025-07
2025-07-29,2025,R,671212,700250,SL,Slider,walk,ball,L,R,NYY,TB,92.70,,,3,1,2025,2025-07
2025-07-29,2025,R,671212,700250,FF,4-Seam Fastball,,called_strike,L,R,NYY,TB,99.40,,,3,0,2025,2025-07
2025-07-29,2025,R,671212,700250,FF,4-Seam Fastball,,ball,L,R,NYY,TB,99.40,,,2,0,2025,2025-07
2025-07-29,2025,R,671212,700250,SL,Slider,,ball,L,R,NYY,TB,92.60,,,1,0,2025,2025-07
2025-07-29,2025,R,671212,700250,SL,Slider,,ball,L,R,NYY,TB,93.20,,,0,0,2025,2025-07
2025-07-29,2025,R,671212,700250,FF,4-Seam Fastball,field_out,hit_into_play,L,R,NYY,TB,98.50,98.30,29,1,0,2025,2025-07
2025-07-29,2025,R,671212,700250,SL,Slider,,ball,L,R,NYY,TB,90.40,,,0,0,2025,2025-07
2025-07-29,2025,R,672282,543760,CU,Curveball,single,hit_into_play,R,L,LAA,TEX,75.00,82.20,-2,1,1,2025,2025-07
2025-07-29,2025,R,672282,543760,FF,4-Seam Fastball,,called_strike,R,L,LAA,TEX,97.40,,,1,0,2025,2025-07
2025-07-29,2025,R,672282,543760,SL,Slider,,ball,R,L,LAA,TEX,90.20,,,0,0,2025,2025-07
2025-07-29,2025,R,672282,666969,SL,Slider,strikeout,swinging_strike,R,L,LAA,TEX,89.00,,,1,2,2025,2025-07
2025-07-29,2025,R,672282,666969,SL,Slider,,foul,R,L,LAA,TEX,87.00,,,1,1,2025,2025-07
2025-07-29,2025,R,672282,666969,FF,4-Seam Fastball,,ball,R,L,LAA,TEX,97.50,,,0,1,2025,2025-07
2025-07-29,2025,R,672282,666969,CU,Curveball,,called_strike,R,L,LAA,TEX,75.10,,,0,0,2025,2025-07
2025-07-29,2025,R,672282,673962,CU,Curveball,strikeout,swinging_strike,R,L,LAA,TEX,76.00,,,2,2,2025,2025-07
2025-07-29,2025,R,672282,673962,SL,Slider,,ball,R,L,LAA,TEX,87.80,,,1,2,2025,2025-07
2025-07-29,2025,R,672282,673962,FF,4-Seam Fastball,,foul,R,L,LAA,TEX,97.70,82.90,9,1,2,2025,2025-07
2025-07-29,2025,R,672282,673962,FF,4-Seam Fastball,,foul,R,L,LAA,TEX,97.10,96.90,30,1,1,2025,2025-07
2025-07-29,2025,R,672282,673962,FF,4-Seam Fastball,,foul,R,L,LAA,TEX,98.20,75.50,53,1,0,2025,2025-07
2025-07-29,2025,R,672282,673962,CU,Curveball,,ball,R,L,LAA,TEX,74.00,,,0,0,2025,2025-07
2025-07-29,2025,R,672282,694671,FF,4-Seam Fastball,field_out,hit_into_play,R,L,LAA,TEX,96.30,92.70,29,0,1,2025,2025-07
2025-07-29,2025,R,672282,694671,CU,Curveball,,called_strike,R,L,LAA,TEX,73.60,,,0,0,2025,2025-07
2025-07-29,2025,R,672582,595777,SI,Sinker,walk,ball,R,L,KC,ATL,97.30,,,3,2,2025,2025-07
2025-07-29,2025,R,672582,595777,,,,automatic_ball,R,L,KC,ATL,,,,2,2,2025,2025-07
2025-07-29,2025,R,672582,595777,SI,Sinker,,foul,R,L,KC,ATL,97.90,82.40,51,2,2,2025,2025-07
2025-07-29,2025,R,672582,595777,SL,Slider,,ball,R,L,KC,ATL,85.60,,,1,2,2025,2025-07
2025-07-29,2025,R,672582,595777,SI,Sinker,,called_strike,R,L,KC,ATL,96.50,,,1,1,2025,2025-07
2025-07-29,2025,R,672582,595777,SL,Slider,,blocked_ball,R,L,KC,ATL,85.90,,,0,1,2025,2025-07
2025-07-29,2025,R,672582,595777,SI,Sinker,,foul,R,L,KC,ATL,97.40,77.40,18,0,0,2025,2025-07
2025-07-29,2025,R,672582,621566,SI,Sinker,single,hit_into_play,L,L,KC,ATL,97.90,103.00,0,2,0,2025,2025-07
2025-07-29,2025,R,672582,621566,SI,Sinker,,ball,L,L,KC,ATL,97.20,,,1,0,2025,2025-07
2025-07-29,2025,R,672582,621566,SL,Slider,,ball,L,L,KC,ATL,86.60,,,0,0,2025,2025-07
2025-07-29,2025,R,672582,645277,FF,4-Seam Fastball,double,hit_into_play,R,L,KC,ATL,96.30,94.40,-12,0,2,2025,2025-07
2025-07-29,2025,R,672582,645277,SI,Sinker,,called_strike,R,L,KC,ATL,98.00,,,0,1,2025,2025-07
2025-07-29,2025,R,672582,645277,SI,Sinker,,called_strike,R,L,KC,ATL,97.30,,,0,0,2025,2025-07
2025-07-29,2025,R,672582,669221,SL,Slider,field_out,hit_into_play,R,L,KC,ATL,86.60,83.10,-10,1,2,2025,2025-07
2025-07-29,2025,R,672582,669221,SL,Slider,,blocked_ball,R,L,KC,ATL,86.60,,,0,2,2025,2025-07
2025-07-29,2025,R,672582,669221,SI,Sinker,,foul,R,L,KC,ATL,96.60,83.90,58,0,1,2025,2025-07
2025-07-29,2025,R,672582,669221,SL,Slider,,called_strike,R,L,KC,ATL,85.40,,,0,0,2025,2025-07
2025-07-29,2025,R,672841,649966,FC,Cutter,field_out,hit_into_play,R,R,ATH,SEA,94.80,98.50,3,0,1,2025,2025-07
2025-07-29,2025,R,672841,649966,SI,Sinker,,called_strike,R,R,ATH,SEA,97.00,,,0,0,2025,2025-07
2025-07-29,2025,R,672841,666126,SI,Sinker,walk,ball,L,R,ATH,SEA,97.00,,,3,1,2025,2025-07
2025-07-29,2025,R,672841,666126,FC,Cutter,,called_strike,L,R,ATH,SEA,93.90,,,3,0,2025,2025-07
2025-07-29,2025,R,672841,666126,SI,Sinker,,ball,L,R,ATH,SEA,97.40,,,2,0,2025,2025-07
2025-07-29,2025,R,672841,666126,SI,Sinker,,ball,L,R,ATH,SEA,97.70,,,1,0,2025,2025-07
2025-07-29,2025,R,672841,666126,SI,Sinker,,ball,L,R,ATH,SEA,97.90,,,0,0,2025,2025-07
2025-07-29,2025,R,672841,667670,SI,Sinker,field_out,hit_into_play,R,R,ATH,SEA,97.10,79.60,36,2,2,2025,2025-07
2025-07-29,2025,R,672841,667670,SL,Slider,,ball,R,R,ATH,SEA,91.70,,,1,2,2025,2025-07
2025-07-29,2025,R,672841,667670,SI,Sinker,,called_strike,R,R,ATH,SEA,97.10,,,1,1,2025,2025-07
2025-07-29,2025,R,672841,667670,SL,Slider,,foul,R,R,ATH,SEA,92.20,,,1,0,2025,2025-07
2025-07-29,2025,R,672841,667670,SL,Slider,,ball,R,R,ATH,SEA,92.40,,,0,0,2025,2025-07
2025-07-29,2025,R,672841,671732,FC,Cutter,sac_bunt,hit_into_play,L,R,ATH,SEA,93.50,37.30,-35,1,1,2025,2025-07
2025-07-29,2025,R,672841,671732,FC,Cutter,,ball,L,R,ATH,SEA,93.80,,,0,1,2025,2025-07
2025-07-29,2025,R,672841,671732,SI,Sinker,,missed_bunt,L,R,ATH,SEA,97.50,,,0,0,2025,2025-07
2025-07-29,2025,R,672841,687231,SI,Sinker,single,hit_into_play,R,R,ATH,SEA,97.80,95.30,-9,1,2,2025,2025-07
2025-07-29,2025,R,672841,687231,SL,Slider,,called_strike,R,R,ATH,SEA,92.00,,,1,1,2025,2025-07
2025-07-29,2025,R,672841,687231,FC,Cutter,,called_strike,R,R,ATH,SEA,95.50,,,1,0,2025,2025-07
2025-07-29,2025,R,672841,687231,FC,Cutter,,ball,R,R,ATH,SEA,95.90,,,0,0,2025,2025-07
2025-07-29,2025,R,672841,701762,FC,Cutter,field_out,hit_into_play,L,R,ATH,SEA,96.70,81.40,-12,0,1,2025,2025-07
2025-07-29,2025,R,672841,701762,FC,Cutter,,foul,L,R,ATH,SEA,95.10,92.90,34,0,0,2025,2025-07
2025-07-29,2025,R,673513,620443,FS,Split-Finger,field_out,hit_into_play,R,L,SD,NYM,83.40,64.90,-11,1,2,2025,2025-07
2025-07-29,2025,R,673513,620443,FS,Split-Finger,,ball,R,L,SD,NYM,82.30,,,0,2,2025,2025-07
2025-07-29,2025,R,673513,620443,FS,Split-Finger,,swinging_strike_blocked,R,L,SD,NYM,83.20,,,0,1,2025,2025-07
2025-07-29,2025,R,673513,620443,FS,Split-Finger,,swinging_strike,R,L,SD,NYM,82.00,,,0,0,2025,2025-07
2025-07-29,2025,R,673513,677595,FS,Split-Finger,field_out,hit_into_play,R,L,SD,NYM,82.20,76.30,-12,1,2,2025,2025-07
2025-07-29,2025,R,673513,677595,FF,4-Seam Fastball,,foul,R,L,SD,NYM,90.80,71.90,11,1,1,2025,2025-07
2025-07-29,2025,R,673513,677595,FS,Split-Finger,,swinging_strike,R,L,SD,NYM,82.00,,,1,0,2025,2025-07
2025-07-29,2025,R,673513,677595,FF,4-Seam Fastball,,ball,R,L,SD,NYM,90.20,,,0,0,2025,2025-07
2025-07-29,2025,R,673513,683146,ST,Sweeper,strikeout,swinging_strike_blocked,L,L,SD,NYM,81.10,,,3,2,2025,2025-07
2025-07-29,2025,R,673513,683146,FS,Split-Finger,,ball,L,L,SD,NYM,84.00,,,2,2,2025,2025-07
2025-07-29,2025,R,673513,683146,FF,4-Seam Fastball,,foul,L,L,SD,NYM,92.00,76.60,69,2,2,2025,2025-07
2025-07-29,2025,R,673513,683146,FF,4-Seam Fastball,,foul_tip,L,L,SD,NYM,92.10,,,2,1,2025,2025-07
2025-07-29,2025,R,673513,683146,SL,Slider,,ball,L,L,SD,NYM,84.80,,,1,1,2025,2025-07
2025-07-29,2025,R,673513,683146,FS,Split-Finger,,ball,L,L,SD,NYM,83.60,,,0,1,2025,2025-07
2025-07-29,2025,R,673513,683146,FF,4-Seam Fastball,,called_strike,L,L,SD,NYM,91.60,,,0,0,2025,2025-07
2025-07-29,2025,R,676130,553869,SL,Slider,double,hit_into_play,R,R,SD,NYM,85.90,105.10,1,0,1,2025,2025-07
2025-07-29,2025,R,676130,553869,SL,Slider,,swinging_strike,R,R,SD,NYM,85.40,,,0,0,2025,2025-07
2025-07-29,2025,R,676130,578428,SL,Slider,single,hit_into_play,R,R,SD,NYM,85.00,73.20,27,0,2,2025,2025-07
2025-07-29,2025,R,676130,578428,ST,Sweeper,,foul,R,R,SD,NYM,84.00,72.60,8,0,2,2025,2025-07
2025-07-29,2025,R,676130,578428,SL,Slider,,foul,R,R,SD,NYM,85.50,64.30,-46,0,1,2025,2025-07
2025-07-29,2025,R,676130,578428,SI,Sinker,,called_strike,R,R,SD,NYM,94.60,,,0,0,2025,2025-07
2025-07-29,2025,R,676130,592518,SL,Slider,field_out,hit_into_play,R,R,SD,NYM,84.90,106.50,8,0,1,2025,2025-07
2025-07-29,2025,R,676130,592518,FF,4-Seam Fastball,,swinging_strike,R,R,SD,NYM,95.70,,,0,0,2025,2025-07
2025-07-29,2025,R,676130,593428,SL,Slider,field_out,hit_into_play,R,R,SD,NYM,86.10,63.70,-24,0,1,2025,2025-07
2025-07-29,2025,R,676130,593428,SL,Slider,,swinging_strike,R,R,SD,NYM,85.80,,,0,0,2025,2025-07
2025-07-29,2025,R,676130,630105,SI,Sinker,single,hit_into_play,L,R,SD,NYM,93.90,99.30,14,0,0,2025,2025-07
2025-07-29,2025,R,676130,650333,SL,Slider,walk,ball,L,R,SD,NYM,85.60,,,3,2,2025,2025-07
2025-07-29,2025,R,676130,650333,CH,Changeup,,foul,L,R,SD,NYM,88.20,77.50,32,3,2,2025,2025-07
2025-07-29,2025,R,676130,650333,SI,Sinker,,called_strike,L,R,SD,NYM,94.50,,,3,1,2025,2025-07
2025-07-29,2025,R,676130,650333,SL,Slider,,ball,L,R,SD,NYM,85.80,,,2,1,2025,2025-07
2025-07-29,2025,R,676130,650333,ST,Sweeper,,ball,L,R,SD,NYM,83.60,,,1,1,2025,2025-07
2025-07-29,2025,R,676130,650333,CH,Changeup,,called_strike,L,R,SD,NYM,89.20,,,1,0,2025,2025-07
2025-07-29,2025,R,676130,650333,CH,Changeup,,ball,L,R,SD,NYM,88.70,,,0,0,2025,2025-07
2025-07-29,2025,R,676130,650333,SI,Sinker,single,hit_into_play,L,R,SD,NYM,94.70,90.90,-6,1,1,2025,2025-07
2025-07-29,2025,R,676130,650333,CH,Changeup,,called_strike,L,R,SD,NYM,86.90,,,1,0,2025,2025-07
2025-07-29,2025,R,676130,650333,SI,Sinker,,ball,L,R,SD,NYM,94.80,,,0,0,2025,2025-07
2025-07-29,2025,R,676130,665487,SI,Sinker,field_out,hit_into_play,R,R,SD,NYM,95.70,91.10,-38,1,1,2025,2025-07
2025-07-29,2025,R,676130,665487,CH,Changeup,,ball,R,R,SD,NYM,88.90,,,0,1,2025,2025-07
2025-07-29,2025,R,676130,665487,FF,4-Seam Fastball,,foul,R,R,SD,NYM,95.70,79.80,10,0,0,2025,2025-07
2025-07-29,2025,R,676130,665487,FF,4-Seam Fastball,walk,ball,R,R,SD,NYM,94.90,,,3,0,2025,2025-07
2025-07-29,2025,R,676130,665487,FF,4-Seam Fastball,,ball,R,R,SD,NYM,95.80,,,2,0,2025,2025-07
2025-07-29,2025,R,676130,665487,SL,Slider,,ball,R,R,SD,NYM,84.70,,,1,0,2025,2025-07
2025-07-29,2025,R,676130,665487,FF,4-Seam Fastball,,ball,R,R,SD,NYM,96.00,,,0,0,2025,2025-07
2025-07-29,2025,R,676130,669369,SL,Slider,strikeout,swinging_strike_blocked,L,R,SD,NYM,85.80,,,2,2,2025,2025-07
2025-07-29,2025,R,676130,669369,SI,Sinker,,called_strike,L,R,SD,NYM,94.20,,,2,1,2025,2025-07
2025-07-29,2025,R,676130,669369,FF,4-Seam Fastball,,bunt_foul_tip,L,R,SD,NYM,94.90,,,2,0,2025,2025-07
2025-07-29,2025,R,676130,669369,ST,Sweeper,,ball,L,R,SD,NYM,81.90,,,1,0,2025,2025-07
2025-07-29,2025,R,676130,669369,FF,4-Seam Fastball,,ball,L,R,SD,NYM,93.70,,,0,0,2025,2025-07
2025-07-29,2025,R,676130,701538,SI,Sinker,triple,hit_into_play,L,R,SD,NYM,95.10,96.50,-27,2,2,2025,2025-07
2025-07-29,2025,R,676130,701538,SL,Slider,,blocked_ball,L,R,SD,NYM,84.60,,,1,2,2025,2025-07
2025-07-29,2025,R,676130,701538,CH,Changeup,,foul,L,R,SD,NYM,88.80,67.00,-63,1,1,2025,2025-07
2025-07-29,2025,R,676130,701538,CH,Changeup,,ball,L,R,SD,NYM,87.40,,,0,1,2025,2025-07
2025-07-29,2025,R,676130,701538,FF,4-Seam Fastball,,called_strike,L,R,SD,NYM,95.20,,,0,0,2025,2025-07
2025-07-29,2025,R,676254,457705,SI,Sinker,strikeout,called_strike,R,R,SF,PIT,97.40,,,3,2,2025,2025-07
2025-07-29,2025,R,676254,457705,SL,Slider,,blocked_ball,R,R,SF,PIT,85.10,,,2,2,2025,2025-07
2025-07-29,2025,R,676254,457705,SL,Slider,,ball,R,R,SF,PIT,85.90,,,1,2,2025,2025-07
2025-07-29,2025,R,676254,457705,SI,Sinker,,called_strike,R,R,SF,PIT,97.70,,,1,1,2025,2025-07
2025-07-29,2025,R,676254,457705,SL,Slider,,ball,R,R,SF,PIT,86.40,,,0,1,2025,2025-07
2025-07-29,2025,R,676254,457705,SI,Sinker,,called_strike,R,R,SF,PIT,96.70,,,0,0,2025,2025-07
2025-07-29,2025,R,676254,663698,SI,Sinker,single,hit_into_play,R,R,SF,PIT,95.90,99.80,-4,3,2,2025,2025-07
2025-07-29,2025,R,676254,663698,SI,Sinker,,ball,R,R,SF,PIT,96.90,,,2,2,2025,2025-07
2025-07-29,2025,R,676254,663698,SI,Sinker,,called_strike,R,R,SF,PIT,96.20,,,2,1,2025,2025-07
2025-07-29,2025,R,676254,663698,SL,Slider,,ball,R,R,SF,PIT,86.70,,,1,1,2025,2025-07
2025-07-29,2025,R,676254,663698,SI,Sinker,,called_strike,R,R,SF,PIT,95.80,,,1,0,2025,2025-07
2025-07-29,2025,R,676254,663698,SI,Sinker,,ball,R,R,SF,PIT,96.30,,,0,0,2025,2025-07
2025-07-29,2025,R,676254,668804,SI,Sinker,field_out,hit_into_play,L,R,SF,PIT,96.00,73.70,-35,2,1,2025,2025-07
2025-07-29,2025,R,676254,668804,SL,Slider,,ball,L,R,SF,PIT,85.10,,,1,1,2025,2025-07
2025-07-29,2025,R,676254,668804,SI,Sinker,,ball,L,R,SF,PIT,97.90,,,0,1,2025,2025-07
2025-07-29,2025,R,676254,668804,SI,Sinker,,called_strike,L,R,SF,PIT,96.60,,,0,0,2025,2025-07
2025-07-29,2025,R,676254,678894,SL,Slider,strikeout,swinging_strike,R,R,SF,PIT,85.50,,,1,2,2025,2025-07
2025-07-29,2025,R,676254,678894,SI,Sinker,,foul,R,R,SF,PIT,96.50,77.60,-27,1,1,2025,2025-07
2025-07-29,2025,R,676254,678894,SL,Slider,,ball,R,R,SF,PIT,85.70,,,0,1,2025,2025-07
2025-07-29,2025,R,676254,678894,SL,Slider,,called_strike,R,R,SF,PIT,86.10,,,0,0,2025,2025-07
2025-07-29,2025,R,676254,687462,SL,Slider,single,hit_into_play,L,R,SF,PIT,85.80,99.00,11,0,0,2025,2025-07
2025-07-29,2025,R,676263,669289,SL,Slider,field_out,hit_into_play,R,L,CIN,LAD,88.80,84.70,58,1,1,2025,2025-07
2025-07-29,2025,R,676263,669289,FF,4-Seam Fastball,,called_strike,R,L,CIN,LAD,92.50,,,1,0,2025,2025-07
2025-07-29,2025,R,676263,669289,FF,4-Seam Fastball,,ball,R,L,CIN,LAD,92.50,,,0,0,2025,2025-07
2025-07-29,2025,R,676263,669720,SL,Slider,single,hit_into_play,R,L,CIN,LAD,90.00,56.90,-73,0,2,2025,2025-07
2025-07-29,2025,R,676263,669720,SL,Slider,,swinging_strike,R,L,CIN,LAD,88.40,,,0,1,2025,2025-07
2025-07-29,2025,R,676263,669720,SL,Slider,,called_strike,R,L,CIN,LAD,88.00,,,0,0,2025,2025-07
2025-07-29,2025,R,676263,682829,FF,4-Seam Fastball,force_out,hit_into_play,R,L,CIN,LAD,92.70,87.00,-14,2,0,2025,2025-07
2025-07-29,2025,R,676263,682829,SL,Slider,,ball,R,L,CIN,LAD,89.20,,,1,0,2025,2025-07
2025-07-29,2025,R,676263,682829,SL,Slider,,ball,R,L,CIN,LAD,88.20,,,0,0,2025,2025-07
2025-07-29,2025,R,676428,543510,SI,Sinker,field_out,hit_into_play,R,L,DET,AZ,92.60,102.80,31,1,2,2025,2025-07
2025-07-29,2025,R,676428,543510,ST,Sweeper,,foul,R,L,DET,AZ,82.60,99.00,11,1,2,2025,2025-07
2025-07-29,2025,R,676428,543510,ST,Sweeper,,ball,R,L,DET,AZ,82.30,,,0,2,2025,2025-07
2025-07-29,2025,R,676428,543510,SI,Sinker,,foul,R,L,DET,AZ,92.70,80.80,66,0,1,2025,2025-07
2025-07-29,2025,R,676428,543510,ST,Sweeper,,called_strike,R,L,DET,AZ,81.90,,,0,0,2025,2025-07
2025-07-29,2025,R,676428,606466,SI,Sinker,single,hit_into_play,R,L,DET,AZ,91.40,103.00,-6,0,1,2025,2025-07
2025-07-29,2025,R,676428,606466,ST,Sweeper,,called_strike,R,L,DET,AZ,81.10,,,0,0,2025,2025-07
2025-07-29,2025,R,676428,663536,FF,4-Seam Fastball,strikeout,swinging_strike,R,L,DET,AZ,92.50,,,0,2,2025,2025-07
2025-07-29,2025,R,676428,663536,ST,Sweeper,,called_strike,R,L,DET,AZ,82.00,,,0,1,2025,2025-07
2025-07-29,2025,R,676428,663536,SI,Sinker,,called_strike,R,L,DET,AZ,93.30,,,0,0,2025,2025-07
2025-07-29,2025,R,676428,664983,SI,Sinker,field_out,hit_into_play,L,L,DET,AZ,93.20,84.90,-8,0,0,2025,2025-07
2025-07-29,2025,R,676428,672695,ST,Sweeper,field_out,hit_into_play,R,L,DET,AZ,82.40,91.80,36,1,2,2025,2025-07
2025-07-29,2025,R,676428,672695,ST,Sweeper,,foul,R,L,DET,AZ,81.40,72.40,26,1,2,2025,2025-07
2025-07-29,2025,R,676428,672695,CH,Changeup,,ball,R,L,DET,AZ,86.30,,,0,2,2025,2025-07
2025-07-29,2025,R,676428,672695,SI,Sinker,,foul,R,L,DET,AZ,92.20,65.50,-50,0,1,2025,2025-07
2025-07-29,2025,R,676428,672695,SI,Sinker,,called_strike,R,L,DET,AZ,92.10,,,0,0,2025,2025-07
2025-07-29,2025,R,676428,677942,ST,Sweeper,strikeout,swinging_strike,R,L,DET,AZ,83.30,,,3,2,2025,2025-07
2025-07-29,2025,R,676428,677942,SI,Sinker,,foul,R,L,DET,AZ,91.60,79.70,77,3,2,2025,2025-07
2025-07-29,2025,R,676428,677942,FF,4-Seam Fastball,,ball,R,L,DET,AZ,91.00,,,2,2,2025,2025-07
2025-07-29,2025,R,676428,677942,SI,Sinker,,swinging_strike,R,L,DET,AZ,92.00,,,2,1,2025,2025-07
2025-07-29,2025,R,676428,677942,ST,Sweeper,,ball,R,L,DET,AZ,81.20,,,1,1,2025,2025-07
2025-07-29,2025,R,676428,677942,FF,4-Seam Fastball,,ball,R,L,DET,AZ,91.70,,,0,1,2025,2025-07
2025-07-29,2025,R,676428,677942,SI,Sinker,,called_strike,R,L,DET,AZ,93.10,,,0,0,2025,2025-07
2025-07-29,2025,R,676428,677950,SI,Sinker,strikeout,swinging_strike,L,L,DET,AZ,93.20,,,2,2,2025,2025-07
2025-07-29,2025,R,676428,677950,ST,Sweeper,,ball,L,L,DET,AZ,81.90,,,1,2,2025,2025-07
2025-07-29,2025,R,676428,677950,ST,Sweeper,,swinging_strike,L,L,DET,AZ,83.40,,,1,1,2025,2025-07
2025-07-29,2025,R,676428,677950,SI,Sinker,,foul,L,L,DET,AZ,92.00,49.00,-54,1,0,2025,2025-07
2025-07-29,2025,R,676428,677950,SI,Sinker,,ball,L,L,DET,AZ,92.20,,,0,0,2025,2025-07
2025-07-29,2025,R,676428,680728,ST,Sweeper,field_out,hit_into_play,L,L,DET,AZ,82.90,78.60,68,1,1,2025,2025-07
2025-07-29,2025,R,676428,680728,SI,Sinker,,called_strike,L,L,DET,AZ,92.30,,,1,0,2025,2025-07
2025-07-29,2025,R,676428,680728,SI,Sinker,,ball,L,L,DET,AZ,91.50,,,0,0,2025,2025-07
2025-07-29,2025,R,676428,680728,ST,Sweeper,field_out,hit_into_play,L,L,DET,AZ,81.70,72.30,50,1,1,2025,2025-07
2025-07-29,2025,R,676428,680728,SI,Sinker,,called_strike,L,L,DET,AZ,92.20,,,1,0,2025,2025-07
2025-07-29,2025,R,676428,680728,SI,Sinker,,ball,L,L,DET,AZ,92.60,,,0,0,2025,2025-07
2025-07-29,2025,R,676428,682998,SI,Sinker,field_out,hit_into_play,L,L,DET,AZ,92.50,98.00,47,2,0,2025,2025-07
2025-07-29,2025,R,676428,682998,SI,Sinker,,ball,L,L,DET,AZ,92.90,,,1,0,2025,2025-07
2025-07-29,2025,R,676428,682998,SI,Sinker,,ball,L,L,DET,AZ,92.70,,,0,0,2025,2025-07
2025-07-29,2025,R,676477,664034,SL,Slider,strikeout,swinging_strike,R,R,MIN,BOS,86.80,,,0,2,2025,2025-07
2025-07-29,2025,R,676477,664034,SI,Sinker,,foul,R,R,MIN,BOS,96.90,83.40,43,0,1,2025,2025-07
2025-07-29,2025,R,676477,664034,SL,Slider,,called_strike,R,R,MIN,BOS,85.20,,,0,0,2025,2025-07
2025-07-29,2025,R,676477,664056,SL,Slider,field_out,hit_into_play,R,R,MIN,BOS,86.70,79.70,73,0,1,2025,2025-07
2025-07-29,2025,R,676477,664056,SI,Sinker,,called_strike,R,R,MIN,BOS,97.50,,,0,0,2025,2025-07
2025-07-29,2025,R,676477,665019,CH,Changeup,single,hit_into_play,L,R,MIN,BOS,84.50,100.60,11,1,2,2025,2025-07
2025-07-29,2025,R,676477,665019,SL,Slider,,swinging_strike,L,R,MIN,BOS,84.80,,,1,1,2025,2025-07
2025-07-29,2025,R,676477,665019,SI,Sinker,,ball,L,R,MIN,BOS,96.70,,,0,1,2025,2025-07
2025-07-29,2025,R,676477,665019,SI,Sinker,,swinging_strike,L,R,MIN,BOS,96.20,,,0,0,2025,2025-07
2025-07-29,2025,R,676477,670242,SL,Slider,strikeout,swinging_strike_blocked,L,R,MIN,BOS,87.80,,,0,2,2025,2025-07
2025-07-29,2025,R,676477,670242,SI,Sinker,,swinging_strike,L,R,MIN,BOS,96.70,,,0,1,2025,2025-07
2025-07-29,2025,R,676477,670242,SL,Slider,,foul,L,R,MIN,BOS,85.40,86.60,-7,0,0,2025,2025-07
2025-07-29,2025,R,676508,624431,FF,4-Seam Fastball,field_out,hit_into_play,R,R,CIN,LAD,94.80,91.90,60,3,1,2025,2025-07
2025-07-29,2025,R,676508,624431,FC,Cutter,,ball,R,R,CIN,LAD,91.70,,,2,1,2025,2025-07
2025-07-29,2025,R,676508,624431,FF,4-Seam Fastball,,called_strike,R,R,CIN,LAD,95.40,,,2,0,2025,2025-07
2025-07-29,2025,R,676508,624431,FC,Cutter,,ball,R,R,CIN,LAD,92.00,,,1,0,2025,2025-07
2025-07-29,2025,R,676508,624431,FF,4-Seam Fastball,,ball,R,R,CIN,LAD,95.30,,,0,0,2025,2025-07
2025-07-29,2025,R,676508,666181,FC,Cutter,field_out,hit_into_play,L,R,CIN,LAD,93.90,109.70,-25,0,0,2025,2025-07
2025-07-29,2025,R,676508,668715,FF,4-Seam Fastball,strikeout,swinging_strike,R,R,CIN,LAD,94.50,,,2,2,2025,2025-07
2025-07-29,2025,R,676508,668715,CU,Curveball,,blocked_ball,R,R,CIN,LAD,80.30,,,1,2,2025,2025-07
2025-07-29,2025,R,676508,668715,ST,Sweeper,,foul,R,R,CIN,LAD,86.60,69.60,54,1,2,2025,2025-07
2025-07-29,2025,R,676508,668715,FF,4-Seam Fastball,,called_strike,R,R,CIN,LAD,94.90,,,1,1,2025,2025-07
2025-07-29,2025,R,676508,668715,FC,Cutter,,foul,R,R,CIN,LAD,90.00,51.90,-12,1,0,2025,2025-07
2025-07-29,2025,R,676508,668715,ST,Sweeper,,ball,R,R,CIN,LAD,83.60,,,0,0,2025,2025-07
2025-07-29,2025,R,676508,682622,FC,Cutter,field_out,hit_into_play,R,R,CIN,LAD,91.90,85.30,32,1,0,2025,2025-07
2025-07-29,2025,R,676508,682622,ST,Sweeper,,ball,R,R,CIN,LAD,84.40,,,0,0,2025,2025-07
2025-07-29,2025,R,676534,571448,ST,Sweeper,strikeout,swinging_strike,R,R,STL,MIA,88.90,,,2,2,2025,2025-07
2025-07-29,2025,R,676534,571448,ST,Sweeper,,called_strike,R,R,STL,MIA,88.10,,,2,1,2025,2025-07
2025-07-29,2025,R,676534,571448,ST,Sweeper,,ball,R,R,STL,MIA,86.40,,,1,1,2025,2025-07
2025-07-29,2025,R,676534,571448,FC,Cutter,,foul,R,R,STL,MIA,94.20,75.90,17,1,0,2025,2025-07
2025-07-29,2025,R,676534,571448,FF,4-Seam Fastball,,ball,R,R,STL,MIA,95.70,,,0,0,2025,2025-07
2025-07-29,2025,R,676534,575929,FC,Cutter,single,hit_into_play,R,R,STL,MIA,94.00,96.10,16,3,1,2025,2025-07
2025-07-29,2025,R,676534,575929,SI,Sinker,,ball,R,R,STL,MIA,96.00,,,2,1,2025,2025-07
2025-07-29,2025,R,676534,575929,ST,Sweeper,,ball,R,R,STL,MIA,87.60,,,1,1,2025,2025-07
2025-07-29,2025,R,676534,575929,FF,4-Seam Fastball,,foul,R,R,STL,MIA,94.40,97.00,15,1,0,2025,2025-07
2025-07-29,2025,R,676534,575929,ST,Sweeper,,ball,R,R,STL,MIA,87.20,,,0,0,2025,2025-07
2025-07-29,2025,R,676534,691023,FC,Cutter,walk,ball,R,R,STL,MIA,93.90,,,3,2,2025,2025-07
2025-07-29,2025,R,676534,691023,FC,Cutter,,swinging_strike,R,R,STL,MIA,93.50,,,3,1,2025,2025-07
2025-07-29,2025,R,676534,691023,FF,4-Seam Fastball,,called_strike,R,R,STL,MIA,95.50,,,3,0,2025,2025-07
2025-07-29,2025,R,676534,691023,SI,Sinker,,ball,R,R,STL,MIA,97.30,,,2,0,2025,2025-07
2025-07-29,2025,R,676534,691023,FC,Cutter,,ball,R,R,STL,MIA,94.50,,,1,0,2025,2025-07
2025-07-29,2025,R,676534,691023,SI,Sinker,,ball,R,R,STL,MIA,96.30,,,0,0,2025,2025-07
2025-07-29,2025,R,676534,695336,ST,Sweeper,strikeout,swinging_strike,R,R,STL,MIA,88.20,,,1,2,2025,2025-07
2025-07-29,2025,R,676534,695336,FC,Cutter,,called_strike,R,R,STL,MIA,93.50,,,1,1,2025,2025-07
2025-07-29,2025,R,676534,695336,ST,Sweeper,,called_strike,R,R,STL,MIA,88.00,,,1,0,2025,2025-07
2025-07-29,2025,R,676534,695336,FC,Cutter,,ball,R,R,STL,MIA,93.90,,,0,0,2025,2025-07
2025-07-29,2025,R,676760,516782,CH,Changeup,strikeout,swinging_strike_blocked,R,R,SD,NYM,81.50,,,1,2,2025,2025-07
2025-07-29,2025,R,676760,516782,ST,Sweeper,,ball,R,R,SD,NYM,83.80,,,0,2,2025,2025-07
2025-07-29,2025,R,676760,516782,FC,Cutter,,swinging_strike,R,R,SD,NYM,85.30,,,0,1,2025,2025-07
2025-07-29,2025,R,676760,516782,FF,4-Seam Fastball,,called_strike,R,R,SD,NYM,92.70,,,0,0,2025,2025-07
2025-07-29,2025,R,676760,624413,FF,4-Seam Fastball,field_out,hit_into_play,R,R,SD,NYM,93.20,76.40,-20,0,2,2025,2025-07
2025-07-29,2025,R,676760,624413,FF,4-Seam Fastball,,foul,R,R,SD,NYM,94.10,62.30,62,0,1,2025,2025-07
2025-07-29,2025,R,676760,624413,FC,Cutter,,called_strike,R,R,SD,NYM,87.70,,,0,0,2025,2025-07
2025-07-29,2025,R,676760,643446,FF,4-Seam Fastball,field_out,hit_into_play,L,R,SD,NYM,93.30,92.90,-3,2,1,2025,2025-07
2025-07-29,2025,R,676760,643446,FF,4-Seam Fastball,,ball,L,R,SD,NYM,93.10,,,1,1,2025,2025-07
2025-07-29,2025,R,676760,643446,CH,Changeup,,ball,L,R,SD,NYM,81.80,,,0,1,2025,2025-07
2025-07-29,2025,R,676760,643446,FF,4-Seam Fastball,,swinging_strike,L,R,SD,NYM,93.20,,,0,0,2025,2025-07
2025-07-29,2025,R,676760,668901,CH,Changeup,single,hit_into_play,R,R,SD,NYM,80.90,95.70,6,0,2,2025,2025-07
2025-07-29,2025,R,676760,668901,FF,4-Seam Fastball,,foul,R,R,SD,NYM,93.80,64.30,11,0,2,2025,2025-07
2025-07-29,2025,R,676760,668901,CH,Changeup,,swinging_strike,R,R,SD,NYM,80.30,,,0,1,2025,2025-07
2025-07-29,2025,R,676760,668901,FF,4-Seam Fastball,,called_strike,R,R,SD,NYM,93.30,,,0,0,2025,2025-07
2025-07-29,2025,R,676879,457759,SI,Sinker,field_out,hit_into_play,R,L,MIL,CHC,95.80,100.50,-9,0,1,2025,2025-07
2025-07-29,2025,R,676879,457759,SI,Sinker,,called_strike,R,L,MIL,CHC,96.20,,,0,0,2025,2025-07
2025-07-29,2025,R,676879,457759,CH,Changeup,field_out,hit_into_play,R,L,MIL,CHC,91.30,92.90,-5,0,2,2025,2025-07
2025-07-29,2025,R,676879,457759,SI,Sinker,,foul,R,L,MIL,CHC,96.70,100.60,-27,0,1,2025,2025-07
2025-07-29,2025,R,676879,457759,CU,Curveball,,called_strike,R,L,MIL,CHC,81.30,,,0,0,2025,2025-07
2025-07-29,2025,R,676879,542932,SI,Sinker,field_out,hit_into_play,R,L,MIL,CHC,96.10,98.40,-13,0,1,2025,2025-07
2025-07-29,2025,R,676879,542932,SI,Sinker,,swinging_strike,R,L,MIL,CHC,96.40,,,0,0,2025,2025-07
2025-07-29,2025,R,676879,621020,SI,Sinker,field_out,hit_into_play,R,L,MIL,CHC,95.90,102.90,7,1,1,2025,2025-07
2025-07-29,2025,R,676879,621020,CH,Changeup,,ball,R,L,MIL,CHC,91.40,,,0,1,2025,2025-07
2025-07-29,2025,R,676879,621020,SI,Sinker,,foul,R,L,MIL,CHC,97.10,80.60,18,0,0,2025,2025-07
2025-07-29,2025,R,676879,624512,SI,Sinker,strikeout,called_strike,L,L,MIL,CHC,96.00,,,1,2,2025,2025-07
2025-07-29,2025,R,676879,624512,SL,Slider,,ball,L,L,MIL,CHC,84.10,,,0,2,2025,2025-07
2025-07-29,2025,R,676879,624512,SI,Sinker,,called_strike,L,L,MIL,CHC,96.90,,,0,1,2025,2025-07
2025-07-29,2025,R,676879,624512,CU,Curveball,,called_strike,L,L,MIL,CHC,81.50,,,0,0,2025,2025-07
2025-07-29,2025,R,676879,660644,CH,Changeup,strikeout,swinging_strike,R,L,MIL,CHC,92.40,,,2,2,2025,2025-07
2025-07-29,2025,R,676879,660644,SI,Sinker,,foul,R,L,MIL,CHC,95.30,69.10,-54,2,2,2025,2025-07
2025-07-29,2025,R,676879,660644,SI,Sinker,,foul,R,L,MIL,CHC,95.30,83.90,44,2,2,2025,2025-07
2025-07-29,2025,R,676879,660644,CH,Changeup,,ball,R,L,MIL,CHC,90.10,,,1,2,2025,2025-07
2025-07-29,2025,R,676879,660644,CU,Curveball,,ball,R,L,MIL,CHC,81.50,,,0,2,2025,2025-07
2025-07-29,2025,R,676879,660644,SI,Sinker,,swinging_strike,R,L,MIL,CHC,95.90,,,0,1,2025,2025-07
2025-07-29,2025,R,676879,663538,SI,Sinker,field_out,hit_into_play,R,L,MIL,CHC,96.90,97.00,22,1,0,2025,2025-07
2025-07-29,2025,R,676879,663538,SI,Sinker,,ball,R,L,MIL,CHC,97.50,,,0,0,2025,2025-07
2025-07-29,2025,R,676879,663656,SI,Sinker,walk,ball,L,L,MIL,CHC,97.20,,,3,1,2025,2025-07
2025-07-29,2025,R,676879,663656,SL,Slider,,ball,L,L,MIL,CHC,84.80,,,2,1,2025,2025-07
2025-07-29,2025,R,676879,663656,SI,Sinker,,foul,L,L,MIL,CHC,97.20,,,2,0,2025,2025-07
2025-07-29,2025,R,676879,663656,CU,Curveball,,ball,L,L,MIL,CHC,82.00,,,1,0,2025,2025-07
2025-07-29,2025,R,676879,663656,SI,Sinker,,ball,L,L,MIL,CHC,98.10,,,0,0,2025,2025-07
2025-07-29,2025,R,676879,664023,SI,Sinker,,foul,R,L,MIL,CHC,96.10,,,0,0,2025,2025-07
2025-07-29,2025,R,676879,673548,CU,Curveball,double,hit_into_play,R,L,MIL,CHC,81.60,97.50,14,1,1,2025,2025-07
2025-07-29,2025,R,676879,673548,CH,Changeup,,ball,R,L,MIL,CHC,90.70,,,0,1,2025,2025-07
2025-07-29,2025,R,676879,673548,SI,Sinker,,called_strike,R,L,MIL,CHC,98.10,,,0,0,2025,2025-07
2025-07-29,2025,R,676879,691718,SI,Sinker,sac_fly,hit_into_play,L,L,MIL,CHC,97.80,80.00,27,2,1,2025,2025-07
2025-07-29,2025,R,676879,691718,SI,Sinker,,ball,L,L,MIL,CHC,97.90,,,1,1,2025,2025-07
2025-07-29,2025,R,676879,691718,SI,Sinker,,called_strike,L,L,MIL,CHC,98.30,,,1,0,2025,2025-07
2025-07-29,2025,R,676879,691718,SL,Slider,,ball,L,L,MIL,CHC,84.10,,,0,0,2025,2025-07
2025-07-29,2025,R,676879,807713,SI,Sinker,field_out,hit_into_play,R,L,MIL,CHC,96.80,71.30,-52,1,0,2025,2025-07
2025-07-29,2025,R,676879,807713,SI,Sinker,,ball,R,L,MIL,CHC,96.60,,,0,0,2025,2025-07
2025-07-29,2025,R,676879,807713,SI,Sinker,field_out,hit_into_play,R,L,MIL,CHC,98.30,75.10,68,3,1,2025,2025-07
2025-07-29,2025,R,676879,807713,SI,Sinker,,called_strike,R,L,MIL,CHC,97.50,,,3,0,2025,2025-07
2025-07-29,2025,R,676879,807713,SI,Sinker,,ball,R,L,MIL,CHC,97.00,,,2,0,2025,2025-07
2025-07-29,2025,R,676879,807713,CU,Curveball,,ball,R,L,MIL,CHC,79.80,,,1,0,2025,2025-07
2025-07-29,2025,R,676879,807713,SI,Sinker,,ball,R,L,MIL,CHC,96.50,,,0,0,2025,2025-07
2025-07-29,2025,R,676961,518595,SI,Sinker,field_out,hit_into_play,R,R,LAA,TEX,91.90,66.90,73,2,1,2025,2025-07
2025-07-29,2025,R,676961,518595,FF,4-Seam Fastball,,called_strike,R,R,LAA,TEX,92.50,,,2,0,2025,2025-07
2025-07-29,2025,R,676961,518595,SI,Sinker,,ball,R,R,LAA,TEX,91.80,,,1,0,2025,2025-07
2025-07-29,2025,R,676961,518595,FC,Cutter,,ball,R,R,LAA,TEX,89.20,,,0,0,2025,2025-07
2025-07-29,2025,R,676961,621493,SI,Sinker,strikeout,called_strike,R,R,LAA,TEX,92.80,,,2,2,2025,2025-07
2025-07-29,2025,R,676961,621493,CH,Changeup,,foul,R,R,LAA,TEX,85.90,76.40,65,2,2,2025,2025-07
2025-07-29,2025,R,676961,621493,FF,4-Seam Fastball,,ball,R,R,LAA,TEX,92.50,,,1,2,2025,2025-07
2025-07-29,2025,R,676961,621493,SL,Slider,,called_strike,R,R,LAA,TEX,82.00,,,1,1,2025,2025-07
2025-07-29,2025,R,676961,621493,SI,Sinker,,ball,R,R,LAA,TEX,91.40,,,0,1,2025,2025-07
2025-07-29,2025,R,676961,621493,FF,4-Seam Fastball,,called_strike,R,R,LAA,TEX,91.90,,,0,0,2025,2025-07
2025-07-29,2025,R,676961,650859,FC,Cutter,hit_by_pitch,hit_by_pitch,L,R,LAA,TEX,90.20,,,0,1,2025,2025-07
2025-07-29,2025,R,676961,650859,FF,4-Seam Fastball,,called_strike,L,R,LAA,TEX,92.50,,,0,0,2025,2025-07
2025-07-29,2025,R,676961,660162,CH,Changeup,field_out,hit_into_play,L,R,LAA,TEX,86.80,65.70,-19,2,2,2025,2025-07
2025-07-29,2025,R,676961,660162,FF,4-Seam Fastball,,foul,L,R,LAA,TEX,93.20,74.70,55,2,2,2025,2025-07
2025-07-29,2025,R,676961,660162,CH,Changeup,,foul,L,R,LAA,TEX,85.30,69.50,17,2,1,2025,2025-07
2025-07-29,2025,R,676961,660162,CH,Changeup,,ball,L,R,LAA,TEX,86.00,,,1,1,2025,2025-07
2025-07-29,2025,R,676961,660162,FF,4-Seam Fastball,,ball,L,R,LAA,TEX,90.80,,,0,1,2025,2025-07
2025-07-29,2025,R,676961,660162,FF,4-Seam Fastball,,called_strike,L,R,LAA,TEX,92.90,,,0,0,2025,2025-07
2025-07-29,2025,R,676961,666176,SL,Slider,field_out,hit_into_play,R,R,LAA,TEX,83.10,87.10,61,1,1,2025,2025-07
2025-07-29,2025,R,676961,666176,SI,Sinker,,foul,R,R,LAA,TEX,92.60,76.70,67,1,0,2025,2025-07
2025-07-29,2025,R,676961,666176,SL,Slider,,ball,R,R,LAA,TEX,82.40,,,0,0,2025,2025-07
2025-07-29,2025,R,676961,672569,FF,4-Seam Fastball,walk,ball,L,R,LAA,TEX,90.10,,,3,2,2025,2025-07
2025-07-29,2025,R,676961,672569,CH,Changeup,,ball,L,R,LAA,TEX,86.10,,,2,2,2025,2025-07
2025-07-29,2025,R,676961,672569,SI,Sinker,,ball,L,R,LAA,TEX,92.30,,,1,2,2025,2025-07
2025-07-29,2025,R,676961,672569,CH,Changeup,,swinging_strike,L,R,LAA,TEX,85.40,,,1,1,2025,2025-07
2025-07-29,2025,R,676961,672569,FC,Cutter,,foul,L,R,LAA,TEX,89.30,84.00,-11,1,0,2025,2025-07
2025-07-29,2025,R,676961,672569,CU,Curveball,,ball,L,R,LAA,TEX,74.30,,,0,0,2025,2025-07
2025-07-29,2025,R,676961,694384,CU,Curveball,field_out,hit_into_play,L,R,LAA,TEX,76.10,92.00,9,0,0,2025,2025-07
2025-07-29,2025,R,677952,527038,CU,Curveball,strikeout,called_strike,R,R,SF,PIT,82.50,,,0,2,2025,2025-07
2025-07-29,2025,R,677952,527038,FF,4-Seam Fastball,,swinging_strike,R,R,SF,PIT,97.40,,,0,1,2025,2025-07
2025-07-29,2025,R,677952,527038,SL,Slider,,called_strike,R,R,SF,PIT,90.00,,,0,0,2025,2025-07
2025-07-29,2025,R,677952,642715,SL,Slider,field_out,hit_into_play,R,R,SF,PIT,90.30,69.80,-8,1,1,2025,2025-07
2025-07-29,2025,R,677952,642715,SL,Slider,,swinging_strike,R,R,SF,PIT,91.10,,,1,0,2025,2025-07
2025-07-29,2025,R,677952,642715,SI,Sinker,,ball,R,R,SF,PIT,97.90,,,0,0,2025,2025-07
2025-07-29,2025,R,677952,646240,FF,4-Seam Fastball,field_out,hit_into_play,L,R,SF,PIT,98.70,95.80,39,0,1,2025,2025-07
2025-07-29,2025,R,677952,646240,FF,4-Seam Fastball,,foul,L,R,SF,PIT,97.50,74.70,58,0,0,2025,2025-07
2025-07-29,2025,R,677952,656305,SL,Slider,field_out,hit_into_play,R,R,SF,PIT,91.00,68.30,59,3,2,2025,2025-07
2025-07-29,2025,R,677952,656305,CU,Curveball,,foul,R,R,SF,PIT,84.20,72.10,-64,3,2,2025,2025-07
2025-07-29,2025,R,677952,656305,SL,Slider,,foul_tip,R,R,SF,PIT,89.80,,,3,1,2025,2025-07
2025-07-29,2025,R,677952,656305,SL,Slider,,ball,R,R,SF,PIT,89.60,,,2,1,2025,2025-07
2025-07-29,2025,R,677952,656305,SI,Sinker,,ball,R,R,SF,PIT,96.60,,,1,1,2025,2025-07
2025-07-29,2025,R,677952,656305,CU,Curveball,,called_strike,R,R,SF,PIT,84.00,,,1,0,2025,2025-07
2025-07-29,2025,R,677952,656305,FF,4-Seam Fastball,,ball,R,R,SF,PIT,97.90,,,0,0,2025,2025-07
2025-07-29,2025,R,677952,669477,SI,Sinker,field_out,hit_into_play,R,R,SF,PIT,96.20,91.60,22,2,2,2025,2025-07
2025-07-29,2025,R,677952,669477,SL,Slider,,foul,R,R,SF,PIT,89.40,90.70,35,2,2,2025,2025-07
2025-07-29,2025,R,677952,669477,CU,Curveball,,ball,R,R,SF,PIT,83.00,,,1,2,2025,2025-07
2025-07-29,2025,R,677952,669477,SL,Slider,,ball,R,R,SF,PIT,89.30,,,0,2,2025,2025-07
2025-07-29,2025,R,677952,669477,FF,4-Seam Fastball,,foul,R,R,SF,PIT,97.70,75.20,27,0,1,2025,2025-07
2025-07-29,2025,R,677952,669477,SL,Slider,,called_strike,R,R,SF,PIT,90.50,,,0,0,2025,2025-07
2025-07-29,2025,R,677952,671218,SL,Slider,field_out,hit_into_play,R,R,SF,PIT,91.60,95.40,32,1,0,2025,2025-07
2025-07-29,2025,R,677952,671218,SL,Slider,,ball,R,R,SF,PIT,91.30,,,0,0,2025,2025-07
2025-07-29,2025,R,677952,672275,FF,4-Seam Fastball,field_out,hit_into_play,L,R,SF,PIT,97.20,91.40,21,2,2,2025,2025-07
2025-07-29,2025,R,677952,672275,SL,Slider,,ball,L,R,SF,PIT,89.50,,,1,2,2025,2025-07
2025-07-29,2025,R,677952,672275,CU,Curveball,,foul,L,R,SF,PIT,82.80,51.00,-47,1,2,2025,2025-07
2025-07-29,2025,R,677952,672275,SL,Slider,,foul,L,R,SF,PIT,88.80,76.50,10,1,2,2025,2025-07
2025-07-29,2025,R,677952,672275,CU,Curveball,,foul,L,R,SF,PIT,83.40,73.40,-22,1,2,2025,2025-07
2025-07-29,2025,R,677952,672275,SL,Slider,,foul,L,R,SF,PIT,89.80,63.30,-48,1,1,2025,2025-07
2025-07-29,2025,R,677952,672275,SL,Slider,,swinging_strike,L,R,SF,PIT,91.20,,,1,0,2025,2025-07
2025-07-29,2025,R,677952,672275,FF,4-Seam Fastball,,ball,L,R,SF,PIT,96.10,,,0,0,2025,2025-07
2025-07-29,2025,R,677952,682641,FF,4-Seam Fastball,field_out,hit_into_play,R,R,SF,PIT,97.50,87.00,59,0,1,2025,2025-07
2025-07-29,2025,R,677952,682641,SL,Slider,,foul,R,R,SF,PIT,90.10,80.70,42,0,0,2025,2025-07
2025-07-29,2025,R,677952,808982,CU,Curveball,field_out,hit_into_play,L,R,SF,PIT,84.40,92.70,0,2,2,2025,2025-07
2025-07-29,2025,R,677952,808982,FF,4-Seam Fastball,,ball,L,R,SF,PIT,97.80,,,1,2,2025,2025-07
2025-07-29,2025,R,677952,808982,FF,4-Seam Fastball,,called_strike,L,R,SF,PIT,96.60,,,1,1,2025,2025-07
2025-07-29,2025,R,677952,808982,CU,Curveball,,ball,L,R,SF,PIT,83.30,,,0,1,2025,2025-07
2025-07-29,2025,R,677952,808982,FF,4-Seam Fastball,,called_strike,L,R,SF,PIT,96.60,,,0,0,2025,2025-07
2025-07-29,2025,R,677955,671286,SI,Sinker,strikeout,called_strike,R,R,CLE,COL,97.00,,,3,2,2025,2025-07
2025-07-29,2025,R,677955,671286,SI,Sinker,,swinging_strike,R,R,CLE,COL,96.60,,,3,1,2025,2025-07
2025-07-29,2025,R,677955,671286,SL,Slider,,ball,R,R,CLE,COL,89.50,,,2,1,2025,2025-07
2025-07-29,2025,R,677955,671286,SI,Sinker,,called_strike,R,R,CLE,COL,97.00,,,2,0,2025,2025-07
2025-07-29,2025,R,677955,671286,SL,Slider,,ball,R,R,CLE,COL,89.50,,,1,0,2025,2025-07
2025-07-29,2025,R,677955,671286,SL,Slider,,ball,R,R,CLE,COL,88.00,,,0,0,2025,2025-07
2025-07-29,2025,R,677955,672356,SI,Sinker,grounded_into_double_play,hit_into_play,R,R,CLE,COL,97.60,108.60,-7,1,1,2025,2025-07
2025-07-29,2025,R,677955,672356,SI,Sinker,,foul,R,R,CLE,COL,96.90,77.00,25,1,0,2025,2025-07
2025-07-29,2025,R,677955,672356,SL,Slider,,ball,R,R,CLE,COL,90.00,,,0,0,2025,2025-07
2025-07-29,2025,R,677955,700932,FF,4-Seam Fastball,walk,ball,L,R,CLE,COL,97.60,,,3,2,2025,2025-07
2025-07-29,2025,R,677955,700932,SI,Sinker,,foul,L,R,CLE,COL,96.70,,,3,1,2025,2025-07
2025-07-29,2025,R,677955,700932,SI,Sinker,,called_strike,L,R,CLE,COL,95.90,,,3,0,2025,2025-07
2025-07-29,2025,R,677955,700932,SI,Sinker,,ball,L,R,CLE,COL,97.30,,,2,0,2025,2025-07
2025-07-29,2025,R,677955,700932,FF,4-Seam Fastball,,ball,L,R,CLE,COL,96.60,,,1,0,2025,2025-07
2025-07-29,2025,R,677955,700932,SI,Sinker,,ball,L,R,CLE,COL,97.30,,,0,0,2025,2025-07
2025-07-29,2025,R,678368,571448,FF,4-Seam Fastball,field_out,hit_into_play,R,R,STL,MIA,91.00,79.20,55,1,2,2025,2025-07
2025-07-29,2025,R,678368,571448,ST,Sweeper,,swinging_strike,R,R,STL,MIA,78.40,,,1,1,2025,2025-07
2025-07-29,2025,R,678368,571448,FF,4-Seam Fastball,,ball,R,R,STL,MIA,90.20,,,0,1,2025,2025-07
2025-07-29,2025,R,678368,571448,FC,Cutter,,foul,R,R,STL,MIA,83.00,71.60,74,0,0,2025,2025-07
2025-07-29,2025,R,678368,575929,FC,Cutter,grounded_into_double_play,hit_into_play,R,R,STL,MIA,85.40,106.60,-7,0,0,2025,2025-07
2025-07-29,2025,R,678368,671056,FF,4-Seam Fastball,strikeout,called_strike,R,R,STL,MIA,92.40,,,1,2,2025,2025-07
2025-07-29,2025,R,678368,671056,ST,Sweeper,,foul,R,R,STL,MIA,80.10,71.40,76,1,1,2025,2025-07
2025-07-29,2025,R,678368,671056,FC,Cutter,,ball,R,R,STL,MIA,85.40,,,0,1,2025,2025-07
2025-07-29,2025,R,678368,671056,FF,4-Seam Fastball,,called_strike,R,R,STL,MIA,90.70,,,0,0,2025,2025-07
2025-07-29,2025,R,678368,676475,FF,4-Seam Fastball,walk,ball,L,R,STL,MIA,91.70,,,3,1,2025,2025-07
2025-07-29,2025,R,678368,676475,FC,Cutter,,called_strike,L,R,STL,MIA,84.70,,,3,0,2025,2025-07
2025-07-29,2025,R,678368,676475,FC,Cutter,,ball,L,R,STL,MIA,85.40,,,2,0,2025,2025-07
2025-07-29,2025,R,678368,676475,CH,Changeup,,ball,L,R,STL,MIA,81.10,,,1,0,2025,2025-07
2025-07-29,2025,R,678368,676475,CH,Changeup,,ball,L,R,STL,MIA,81.90,,,0,0,2025,2025-07
2025-07-29,2025,R,678368,691023,FC,Cutter,strikeout,swinging_strike,R,R,STL,MIA,86.70,,,3,2,2025,2025-07
2025-07-29,2025,R,678368,691023,FF,4-Seam Fastball,,foul,R,R,STL,MIA,92.80,87.10,44,3,2,2025,2025-07
2025-07-29,2025,R,678368,691023,FC,Cutter,,foul,R,R,STL,MIA,83.90,64.50,58,3,2,2025,2025-07
2025-07-29,2025,R,678368,691023,ST,Sweeper,,ball,R,R,STL,MIA,78.90,,,2,2,2025,2025-07
2025-07-29,2025,R,678368,691023,FC,Cutter,,ball,R,R,STL,MIA,83.60,,,1,2,2025,2025-07
2025-07-29,2025,R,678368,691023,ST,Sweeper,,ball,R,R,STL,MIA,78.70,,,0,2,2025,2025-07
2025-07-29,2025,R,678368,691023,ST,Sweeper,,foul,R,R,STL,MIA,79.70,58.40,62,0,1,2025,2025-07
2025-07-29,2025,R,678368,691023,FC,Cutter,,swinging_strike,R,R,STL,MIA,84.00,,,0,0,2025,2025-07
2025-07-29,2025,R,678368,695336,FF,4-Seam Fastball,strikeout,swinging_strike,R,R,STL,MIA,93.10,,,3,2,2025,2025-07
2025-07-29,2025,R,678368,695336,ST,Sweeper,,ball,R,R,STL,MIA,80.20,,,2,2,2025,2025-07
2025-07-29,2025,R,678368,695336,ST,Sweeper,,ball,R,R,STL,MIA,79.60,,,1,2,2025,2025-07
2025-07-29,2025,R,678368,695336,FF,4-Seam Fastball,,called_strike,R,R,STL,MIA,91.90,,,1,1,2025,2025-07
2025-07-29,2025,R,678368,695336,FC,Cutter,,swinging_strike,R,R,STL,MIA,85.20,,,1,0,2025,2025-07
2025-07-29,2025,R,678368,695336,FF,4-Seam Fastball,,ball,R,R,STL,MIA,92.80,,,0,0,2025,2025-07
2025-07-29,2025,R,678692,686780,ST,Sweeper,strikeout,foul_tip,R,R,STL,MIA,86.60,,,0,2,2025,2025-07
2025-07-29,2025,R,678692,686780,ST,Sweeper,,foul,R,R,STL,MIA,84.00,102.20,6,0,2,2025,2025-07
2025-07-29,2025,R,678692,686780,FF,4-Seam Fastball,,foul,R,R,STL,MIA,96.60,79.80,26,0,2,2025,2025-07
2025-07-29,2025,R,678692,686780,FF,4-Seam Fastball,,foul,R,R,STL,MIA,96.50,,,0,2,2025,2025-07
2025-07-29,2025,R,678692,686780,ST,Sweeper,,called_strike,R,R,STL,MIA,83.80,,,0,1,2025,2025-07
2025-07-29,2025,R,678692,686780,SL,Slider,,called_strike,R,R,STL,MIA,86.70,,,0,0,2025,2025-07
2025-07-29,2025,R,678692,687363,SL,Slider,field_out,hit_into_play,L,R,STL,MIA,88.60,69.60,-56,0,0,2025,2025-07
2025-07-29,2025,R,678692,691026,ST,Sweeper,field_out,hit_into_play,R,R,STL,MIA,86.40,80.50,51,0,2,2025,2025-07
2025-07-29,2025,R,678692,691026,FF,4-Seam Fastball,,foul,R,R,STL,MIA,98.10,74.00,30,0,2,2025,2025-07
2025-07-29,2025,R,678692,691026,SI,Sinker,,foul,R,R,STL,MIA,96.70,,,0,1,2025,2025-07
2025-07-29,2025,R,678692,691026,FF,4-Seam Fastball,,called_strike,R,R,STL,MIA,97.60,,,0,0,2025,2025-07
2025-07-29,2025,R,681517,682663,SL,Slider,field_out,hit_into_play,R,R,STL,MIA,89.50,70.30,13,3,2,2025,2025-07
2025-07-29,2025,R,681517,682663,CU,Curveball,,ball,R,R,STL,MIA,84.70,,,2,2,2025,2025-07
2025-07-29,2025,R,681517,682663,ST,Sweeper,,ball,R,R,STL,MIA,87.80,,,1,2,2025,2025-07
2025-07-29,2025,R,681751,602104,FF,4-Seam Fastball,home_run,hit_into_play,R,R,BAL,TOR,93.70,104.30,23,1,1,2025,2025-07
2025-07-29,2025,R,681751,602104,SL,Slider,,ball,R,R,BAL,TOR,85.80,,,0,1,2025,2025-07
2025-07-29,2025,R,681751,602104,SL,Slider,,called_strike,R,R,BAL,TOR,86.80,,,0,0,2025,2025-07
2025-07-29,2025,R,681751,602104,FF,4-Seam Fastball,field_out,hit_into_play,R,R,BAL,TOR,93.90,91.20,33,0,2,2025,2025-07
2025-07-29,2025,R,681751,602104,SL,Slider,,swinging_strike,R,R,BAL,TOR,86.40,,,0,1,2025,2025-07
2025-07-29,2025,R,681751,602104,SL,Slider,,called_strike,R,R,BAL,TOR,84.60,,,0,0,2025,2025-07
2025-07-29,2025,R,681751,641933,SL,Slider,home_run,hit_into_play,R,R,BAL,TOR,84.90,104.10,34,0,0,2025,2025-07
2025-07-29,2025,R,681751,641933,FF,4-Seam Fastball,single,hit_into_play,R,R,BAL,TOR,93.70,92.10,11,3,2,2025,2025-07
2025-07-29,2025,R,681751,641933,FF,4-Seam Fastball,,foul,R,R,BAL,TOR,94.30,80.20,65,3,2,2025,2025-07
2025-07-29,2025,R,681751,641933,FF,4-Seam Fastball,,ball,R,R,BAL,TOR,94.00,,,2,2,2025,2025-07
2025-07-29,2025,R,681751,641933,FS,Split-Finger,,ball,R,R,BAL,TOR,83.10,,,1,2,2025,2025-07
2025-07-29,2025,R,681751,641933,CU,Curveball,,ball,R,R,BAL,TOR,76.00,,,0,2,2025,2025-07
2025-07-29,2025,R,681751,641933,FF,4-Seam Fastball,,called_strike,R,R,BAL,TOR,91.60,,,0,1,2025,2025-07
2025-07-29,2025,R,681751,641933,FF,4-Seam Fastball,,foul,R,R,BAL,TOR,92.80,89.90,77,0,0,2025,2025-07
2025-07-29,2025,R,681751,656577,SL,Slider,strikeout,swinging_strike,R,R,BAL,TOR,85.30,,,2,2,2025,2025-07
2025-07-29,2025,R,681751,656577,FF,4-Seam Fastball,,ball,R,R,BAL,TOR,93.10,,,1,2,2025,2025-07
2025-07-29,2025,R,681751,656577,SL,Slider,,blocked_ball,R,R,BAL,TOR,84.60,,,0,2,2025,2025-07
2025-07-29,2025,R,681751,656577,SL,Slider,,swinging_strike,R,R,BAL,TOR,85.40,,,0,1,2025,2025-07
2025-07-29,2025,R,681751,656577,SL,Slider,,called_strike,R,R,BAL,TOR,85.50,,,0,0,2025,2025-07
2025-07-29,2025,R,681751,656577,FF,4-Seam Fastball,hit_by_pitch,hit_by_pitch,R,R,BAL,TOR,92.80,,,0,0,2025,2025-07
2025-07-29,2025,R,681751,656577,FF,4-Seam Fastball,strikeout,swinging_strike,R,R,BAL,TOR,91.70,,,0,2,2025,2025-07
2025-07-29,2025,R,681751,656577,SL,Slider,,swinging_strike,R,R,BAL,TOR,84.60,,,0,1,2025,2025-07
2025-07-29,2025,R,681751,656577,SL,Slider,,foul,R,R,BAL,TOR,82.20,103.90,20,0,0,2025,2025-07
2025-07-29,2025,R,681751,656775,FF,4-Seam Fastball,double,hit_into_play,L,R,BAL,TOR,94.30,75.40,40,2,2,2025,2025-07
2025-07-29,2025,R,681751,656775,FF,4-Seam Fastball,,foul,L,R,BAL,TOR,94.30,74.10,30,2,2,2025,2025-07
2025-07-29,2025,R,681751,656775,FS,Split-Finger,,ball,L,R,BAL,TOR,84.90,,,1,2,2025,2025-07
2025-07-29,2025,R,681751,656775,SL,Slider,,foul,L,R,BAL,TOR,84.40,90.40,-11,1,1,2025,2025-07
2025-07-29,2025,R,681751,656775,FF,4-Seam Fastball,,foul,L,R,BAL,TOR,94.30,,,1,0,2025,2025-07
2025-07-29,2025,R,681751,656775,CU,Curveball,,ball,L,R,BAL,TOR,76.20,,,0,0,2025,2025-07
2025-07-29,2025,R,681751,656775,FF,4-Seam Fastball,double,hit_into_play,L,R,BAL,TOR,93.10,88.90,36,1,1,2025,2025-07
2025-07-29,2025,R,681751,656775,FF,4-Seam Fastball,,called_strike,L,R,BAL,TOR,93.50,,,1,0,2025,2025-07
2025-07-29,2025,R,681751,656775,FS,Split-Finger,,ball,L,R,BAL,TOR,83.20,,,0,0,2025,2025-07
2025-07-29,2025,R,681751,657656,FF,4-Seam Fastball,hit_by_pitch,hit_by_pitch,R,R,BAL,TOR,93.50,,,2,1,2025,2025-07
2025-07-29,2025,R,681751,657656,SL,Slider,,called_strike,R,R,BAL,TOR,83.90,,,2,0,2025,2025-07
2025-07-29,2025,R,681751,657656,SL,Slider,,blocked_ball,R,R,BAL,TOR,86.40,,,1,0,2025,2025-07
2025-07-29,2025,R,681751,657656,FF,4-Seam Fastball,,ball,R,R,BAL,TOR,93.60,,,0,0,2025,2025-07
2025-07-29,2025,R,681751,657656,FF,4-Seam Fastball,strikeout,foul_tip,R,R,BAL,TOR,93.30,,,0,2,2025,2025-07
2025-07-29,2025,R,681751,657656,SL,Slider,,swinging_strike,R,R,BAL,TOR,86.20,,,0,1,2025,2025-07
2025-07-29,2025,R,681751,657656,SL,Slider,,called_strike,R,R,BAL,TOR,85.40,,,0,0,2025,2025-07
2025-07-29,2025,R,681751,676059,FF,4-Seam Fastball,force_out,hit_into_play,R,R,BAL,TOR,93.50,105.50,1,2,1,2025,2025-07
2025-07-29,2025,R,681751,676059,SL,Slider,,ball,R,R,BAL,TOR,86.40,,,1,1,2025,2025-07
2025-07-29,2025,R,681751,676059,SL,Slider,,blocked_ball,R,R,BAL,TOR,84.70,,,0,1,2025,2025-07
2025-07-29,2025,R,681751,676059,SL,Slider,,swinging_strike,R,R,BAL,TOR,84.00,,,0,0,2025,2025-07
2025-07-29,2025,R,681751,676059,FF,4-Seam Fastball,single,hit_into_play,R,R,BAL,TOR,92.90,83.20,16,0,0,2025,2025-07
2025-07-29,2025,R,681751,681297,FF,4-Seam Fastball,single,hit_into_play,L,R,BAL,TOR,93.30,74.60,39,1,0,2025,2025-07
2025-07-29,2025,R,681751,681297,CU,Curveball,,ball,L,R,BAL,TOR,74.90,,,0,0,2025,2025-07
2025-07-29,2025,R,681751,681297,FS,Split-Finger,strikeout,swinging_strike,L,R,BAL,TOR,84.30,,,1,2,2025,2025-07
2025-07-29,2025,R,681751,681297,FF,4-Seam Fastball,,swinging_strike,L,R,BAL,TOR,94.70,,,1,1,2025,2025-07
2025-07-29,2025,R,681751,681297,FS,Split-Finger,,ball,L,R,BAL,TOR,84.70,,,0,1,2025,2025-07
2025-07-29,2025,R,681751,681297,SL,Slider,,called_strike,L,R,BAL,TOR,87.90,,,0,0,2025,2025-07
2025-07-29,2025,R,681751,681297,FF,4-Seam Fastball,walk,ball,L,R,BAL,TOR,92.70,,,3,0,2025,2025-07
2025-07-29,2025,R,681751,681297,FF,4-Seam Fastball,,ball,L,R,BAL,TOR,93.70,,,2,0,2025,2025-07
2025-07-29,2025,R,681751,681297,FF,4-Seam Fastball,,ball,L,R,BAL,TOR,92.90,,,1,0,2025,2025-07
2025-07-29,2025,R,681751,681297,CU,Curveball,,ball,L,R,BAL,TOR,73.00,,,0,0,2025,2025-07
2025-07-29,2025,R,681751,683002,FS,Split-Finger,single,hit_into_play,L,R,BAL,TOR,84.80,96.50,17,1,0,2025,2025-07
2025-07-29,2025,R,681751,683002,FF,4-Seam Fastball,,ball,L,R,BAL,TOR,94.50,,,0,0,2025,2025-07
2025-07-29,2025,R,681751,683002,FS,Split-Finger,field_out,hit_into_play,L,R,BAL,TOR,83.30,108.90,13,0,0,2025,2025-07
2025-07-29,2025,R,681751,691723,CU,Curveball,field_out,hit_into_play,R,R,BAL,TOR,75.10,86.40,45,1,2,2025,2025-07
2025-07-29,2025,R,681751,691723,CU,Curveball,,foul_tip,R,R,BAL,TOR,75.80,,,1,1,2025,2025-07
2025-07-29,2025,R,681751,691723,FF,4-Seam Fastball,,called_strike,R,R,BAL,TOR,93.30,,,1,0,2025,2025-07
2025-07-29,2025,R,681751,691723,SL,Slider,,blocked_ball,R,R,BAL,TOR,86.20,,,0,0,2025,2025-07
2025-07-29,2025,R,681751,691723,FF,4-Seam Fastball,strikeout,swinging_strike,R,R,BAL,TOR,93.70,,,0,2,2025,2025-07
2025-07-29,2025,R,681751,691723,FF,4-Seam Fastball,,foul,R,R,BAL,TOR,94.70,74.80,26,0,1,2025,2025-07
2025-07-29,2025,R,681751,691723,CU,Curveball,,called_strike,R,R,BAL,TOR,75.70,,,0,0,2025,2025-07
2025-07-29,2025,R,681751,691723,SL,Slider,strikeout,swinging_strike,R,R,BAL,TOR,82.60,,,2,2,2025,2025-07
2025-07-29,2025,R,681751,691723,FF,4-Seam Fastball,,foul,R,R,BAL,TOR,93.70,93.10,-23,2,2,2025,2025-07
2025-07-29,2025,R,681751,691723,CU,Curveball,,ball,R,R,BAL,TOR,75.50,,,1,2,2025,2025-07
2025-07-29,2025,R,681751,691723,FF,4-Seam Fastball,,foul,R,R,BAL,TOR,93.30,67.00,48,1,2,2025,2025-07
2025-07-29,2025,R,681751,691723,CU,Curveball,,foul,R,R,BAL,TOR,76.10,88.30,76,1,2,2025,2025-07
2025-07-29,2025,R,681751,691723,CU,Curveball,,swinging_strike,R,R,BAL,TOR,74.10,,,1,1,2025,2025-07
2025-07-29,2025,R,681751,691723,FF,4-Seam Fastball,,called_strike,R,R,BAL,TOR,93.60,,,1,0,2025,2025-07
2025-07-29,2025,R,681751,691723,FF,4-Seam Fastball,,ball,R,R,BAL,TOR,93.30,,,0,0,2025,2025-07
2025-07-29,2025,R,681892,596115,SI,Sinker,field_out,hit_into_play,R,L,MIN,BOS,94.20,101.10,-18,3,1,2025,2025-07
2025-07-29,2025,R,681892,596115,SI,Sinker,,called_strike,R,L,MIN,BOS,94.20,,,3,0,2025,2025-07
2025-07-29,2025,R,681892,596115,FC,Cutter,,ball,R,L,MIN,BOS,92.80,,,2,0,2025,2025-07
2025-07-29,2025,R,681892,596115,SI,Sinker,,ball,R,L,MIN,BOS,93.70,,,1,0,2025,2025-07
2025-07-29,2025,R,681892,596115,FC,Cutter,,ball,R,L,MIN,BOS,92.40,,,0,0,2025,2025-07
2025-07-29,2025,R,681892,608324,FC,Cutter,field_out,hit_into_play,R,L,MIN,BOS,92.30,86.60,77,3,1,2025,2025-07
2025-07-29,2025,R,681892,608324,SL,Slider,,ball,R,L,MIN,BOS,88.40,,,2,1,2025,2025-07
2025-07-29,2025,R,681892,608324,SI,Sinker,,ball,R,L,MIN,BOS,93.50,,,1,1,2025,2025-07
2025-07-29,2025,R,681892,608324,SI,Sinker,,ball,R,L,MIN,BOS,94.20,,,0,1,2025,2025-07
2025-07-29,2025,R,681892,608324,SL,Slider,,foul,R,L,MIN,BOS,87.50,80.40,-25,0,0,2025,2025-07
2025-07-29,2025,R,681892,647351,FC,Cutter,double,hit_into_play,R,L,MIN,BOS,92.90,85.90,27,2,1,2025,2025-07
2025-07-29,2025,R,681892,647351,SI,Sinker,,called_strike,R,L,MIN,BOS,93.30,,,2,0,2025,2025-07
2025-07-29,2025,R,681892,647351,SI,Sinker,,ball,R,L,MIN,BOS,93.70,,,1,0,2025,2025-07
2025-07-29,2025,R,681892,647351,SI,Sinker,,ball,R,L,MIN,BOS,93.70,,,0,0,2025,2025-07
2025-07-29,2025,R,681892,665966,CH,Changeup,field_out,hit_into_play,R,L,MIN,BOS,91.20,87.40,-36,0,2,2025,2025-07
2025-07-29,2025,R,681892,665966,CH,Changeup,,foul,R,L,MIN,BOS,90.10,69.90,-39,0,2,2025,2025-07
2025-07-29,2025,R,681892,665966,SI,Sinker,,foul,R,L,MIN,BOS,95.30,77.10,43,0,1,2025,2025-07
2025-07-29,2025,R,681892,665966,SI,Sinker,,called_strike,R,L,MIN,BOS,94.00,,,0,0,2025,2025-07
2025-07-29,2025,R,681892,665966,CH,Changeup,single,hit_into_play,R,L,MIN,BOS,90.30,101.50,2,0,1,2025,2025-07
2025-07-29,2025,R,681892,665966,SI,Sinker,,called_strike,R,L,MIN,BOS,95.00,,,0,0,2025,2025-07
2025-07-29,2025,R,681892,666152,ST,Sweeper,strikeout,swinging_strike,L,L,MIN,BOS,84.40,,,1,2,2025,2025-07
2025-07-29,2025,R,681892,666152,SI,Sinker,,swinging_strike,L,L,MIN,BOS,94.00,,,1,1,2025,2025-07
2025-07-29,2025,R,681892,666152,SL,Slider,,ball,L,L,MIN,BOS,89.10,,,0,1,2025,2025-07
2025-07-29,2025,R,681892,666152,SI,Sinker,,called_strike,L,L,MIN,BOS,94.20,,,0,0,2025,2025-07
2025-07-29,2025,R,681892,677800,SL,Slider,field_out,hit_into_play,L,L,MIN,BOS,87.10,102.80,5,2,1,2025,2025-07
2025-07-29,2025,R,681892,677800,SL,Slider,,ball,L,L,MIN,BOS,88.40,,,1,1,2025,2025-07
2025-07-29,2025,R,681892,677800,SI,Sinker,,ball,L,L,MIN,BOS,95.20,,,0,1,2025,2025-07
2025-07-29,2025,R,681892,677800,SI,Sinker,,foul,L,L,MIN,BOS,94.10,,,0,0,2025,2025-07
2025-07-29,2025,R,681892,678882,SL,Slider,sac_fly,hit_into_play,R,L,MIN,BOS,88.10,88.40,28,0,0,2025,2025-07
2025-07-29,2025,R,681892,680776,SI,Sinker,walk,ball,L,L,MIN,BOS,93.00,,,3,0,2025,2025-07
2025-07-29,2025,R,681892,680776,SI,Sinker,,ball,L,L,MIN,BOS,93.10,,,2,0,2025,2025-07
2025-07-29,2025,R,681892,680776,SL,Slider,,ball,L,L,MIN,BOS,86.90,,,1,0,2025,2025-07
2025-07-29,2025,R,681892,680776,SL,Slider,,ball,L,L,MIN,BOS,87.50,,,0,0,2025,2025-07
2025-07-29,2025,R,681892,701350,SI,Sinker,walk,ball,L,L,MIN,BOS,94.80,,,3,1,2025,2025-07
2025-07-29,2025,R,681892,701350,SI,Sinker,,ball,L,L,MIN,BOS,94.70,,,2,1,2025,2025-07
2025-07-29,2025,R,681892,701350,SI,Sinker,,called_strike,L,L,MIN,BOS,94.20,,,2,0,2025,2025-07
2025-07-29,2025,R,681892,701350,ST,Sweeper,,ball,L,L,MIN,BOS,82.00,,,1,0,2025,2025-07
2025-07-29,2025,R,681892,701350,SI,Sinker,,ball,L,L,MIN,BOS,95.00,,,0,0,2025,2025-07
2025-07-29,2025,R,681911,624431,FF,4-Seam Fastball,field_out,hit_into_play,R,L,CIN,LAD,93.60,65.70,88,1,1,2025,2025-07
2025-07-29,2025,R,681911,624431,CH,Changeup,,ball,R,L,CIN,LAD,84.00,,,0,1,2025,2025-07
2025-07-29,2025,R,681911,624431,FF,4-Seam Fastball,,called_strike,R,L,CIN,LAD,93.60,,,0,0,2025,2025-07
2025-07-29,2025,R,681911,663886,CH,Changeup,strikeout,swinging_strike,R,L,CIN,LAD,84.20,,,1,2,2025,2025-07
2025-07-29,2025,R,681911,663886,FF,4-Seam Fastball,,foul,R,L,CIN,LAD,92.90,89.80,53,1,1,2025,2025-07
2025-07-29,2025,R,681911,663886,FF,4-Seam Fastball,,foul,R,L,CIN,LAD,92.80,78.10,34,1,0,2025,2025-07
2025-07-29,2025,R,681911,663886,SL,Slider,,ball,R,L,CIN,LAD,87.10,,,0,0,2025,2025-07
2025-07-29,2025,R,681911,677956,FF,4-Seam Fastball,strikeout,swinging_strike,R,L,CIN,LAD,92.50,,,2,2,2025,2025-07
2025-07-29,2025,R,681911,677956,SL,Slider,,ball,R,L,CIN,LAD,86.10,,,1,2,2025,2025-07
2025-07-29,2025,R,681911,677956,FF,4-Seam Fastball,,ball,R,L,CIN,LAD,92.30,,,0,2,2025,2025-07
2025-07-29,2025,R,681911,677956,SL,Slider,,called_strike,R,L,CIN,LAD,85.80,,,0,1,2025,2025-07
2025-07-29,2025,R,681911,677956,FF,4-Seam Fastball,,called_strike,R,L,CIN,LAD,91.20,,,0,0,2025,2025-07
2025-07-29,2025,R,682120,571657,CU,Curveball,home_run,hit_into_play,R,L,CLE,COL,81.30,104.30,31,0,2,2025,2025-07
2025-07-29,2025,R,682120,571657,SL,Slider,,foul,R,L,CLE,COL,88.00,90.40,-26,0,1,2025,2025-07
2025-07-29,2025,R,682120,571657,FF,4-Seam Fastball,,called_strike,R,L,CLE,COL,96.00,,,0,0,2025,2025-07
2025-07-29,2025,R,682120,606115,FF,4-Seam Fastball,field_out,hit_into_play,R,L,CLE,COL,96.00,100.30,25,1,0,2025,2025-07
2025-07-29,2025,R,682120,606115,FF,4-Seam Fastball,,ball,R,L,CLE,COL,97.10,,,0,0,2025,2025-07
2025-07-29,2025,R,682120,669911,CU,Curveball,strikeout,swinging_strike,R,L,CLE,COL,82.90,,,0,2,2025,2025-07
2025-07-29,2025,R,682120,669911,FF,4-Seam Fastball,,foul,R,L,CLE,COL,96.20,82.30,-3,0,1,2025,2025-07
2025-07-29,2025,R,682120,669911,FF,4-Seam Fastball,,foul,R,L,CLE,COL,95.70,74.40,38,0,0,2025,2025-07
2025-07-29,2025,R,682120,692585,CU,Curveball,strikeout,swinging_strike_blocked,L,L,CLE,COL,80.90,,,0,2,2025,2025-07
2025-07-29,2025,R,682120,692585,CU,Curveball,,foul,L,L,CLE,COL,82.90,102.90,15,0,2,2025,2025-07
2025-07-29,2025,R,682120,692585,SL,Slider,,foul,L,L,CLE,COL,88.70,91.30,-13,0,1,2025,2025-07
2025-07-29,2025,R,682120,692585,SL,Slider,,foul,L,L,CLE,COL,86.90,83.50,-22,0,0,2025,2025-07
2025-07-29,2025,R,682254,502671,SL,Slider,single,hit_into_play,R,L,NYY,TB,90.30,104.90,9,1,1,2025,2025-07
2025-07-29,2025,R,682254,502671,FF,4-Seam Fastball,,called_strike,R,L,NYY,TB,98.70,,,1,0,2025,2025-07
2025-07-29,2025,R,682254,502671,FF,4-Seam Fastball,,ball,R,L,NYY,TB,99.10,,,0,0,2025,2025-07
2025-07-29,2025,R,682254,641355,FF,4-Seam Fastball,walk,ball,L,L,NYY,TB,99.80,,,3,0,2025,2025-07
2025-07-29,2025,R,682254,641355,FF,4-Seam Fastball,,ball,L,L,NYY,TB,98.80,,,2,0,2025,2025-07
2025-07-29,2025,R,682254,641355,FF,4-Seam Fastball,,ball,L,L,NYY,TB,100.40,,,1,0,2025,2025-07
2025-07-29,2025,R,682254,641355,FF,4-Seam Fastball,,ball,L,L,NYY,TB,99.20,,,0,0,2025,2025-07
2025-07-29,2025,R,682254,663757,SL,Slider,field_out,hit_into_play,L,L,NYY,TB,90.50,95.50,-2,2,2,2025,2025-07
2025-07-29,2025,R,682254,663757,FF,4-Seam Fastball,,foul,L,L,NYY,TB,99.40,28.90,-65,2,1,2025,2025-07
2025-07-29,2025,R,682254,663757,SL,Slider,,blocked_ball,L,L,NYY,TB,91.10,,,1,1,2025,2025-07
2025-07-29,2025,R,682254,663757,FF,4-Seam Fastball,,called_strike,L,L,NYY,TB,97.90,,,1,0,2025,2025-07
2025-07-29,2025,R,682254,663757,FF,4-Seam Fastball,,ball,L,L,NYY,TB,98.60,,,0,0,2025,2025-07
2025-07-29,2025,R,682254,665862,SL,Slider,strikeout,swinging_strike,L,L,NYY,TB,89.50,,,1,2,2025,2025-07
2025-07-29,2025,R,682254,665862,SL,Slider,,ball,L,L,NYY,TB,91.70,,,0,2,2025,2025-07
2025-07-29,2025,R,682254,665862,SL,Slider,,called_strike,L,L,NYY,TB,90.50,,,0,1,2025,2025-07
2025-07-29,2025,R,682254,665862,FF,4-Seam Fastball,,called_strike,L,L,NYY,TB,100.10,,,0,0,2025,2025-07
2025-07-29,2025,R,682254,700250,FF,4-Seam Fastball,walk,ball,L,L,NYY,TB,99.50,,,3,1,2025,2025-07
2025-07-29,2025,R,682254,700250,SL,Slider,,ball,L,L,NYY,TB,87.70,,,2,1,2025,2025-07
2025-07-29,2025,R,682254,700250,SL,Slider,,ball,L,L,NYY,TB,90.00,,,1,1,2025,2025-07
2025-07-29,2025,R,682254,700250,FF,4-Seam Fastball,,swinging_strike,L,L,NYY,TB,98.60,,,1,0,2025,2025-07
2025-07-29,2025,R,682254,700250,SL,Slider,,ball,L,L,NYY,TB,88.90,,,0,0,2025,2025-07
2025-07-29,2025,R,682274,623168,FS,Split-Finger,strikeout,foul_tip,L,R,BAL,TOR,87.00,,,0,2,2025,2025-07
2025-07-29,2025,R,682274,623168,FS,Split-Finger,,foul,L,R,BAL,TOR,87.80,75.90,64,0,1,2025,2025-07
2025-07-29,2025,R,682274,623168,FS,Split-Finger,,called_strike,L,R,BAL,TOR,85.40,,,0,0,2025,2025-07
2025-07-29,2025,R,682274,645305,FF,4-Seam Fastball,field_out,hit_into_play,R,R,BAL,TOR,95.20,77.10,39,1,2,2025,2025-07
2025-07-29,2025,R,682274,645305,FF,4-Seam Fastball,,foul,R,R,BAL,TOR,94.50,74.60,65,1,1,2025,2025-07
2025-07-29,2025,R,682274,645305,SL,Slider,,ball,R,R,BAL,TOR,86.20,,,0,1,2025,2025-07
2025-07-29,2025,R,682274,645305,SL,Slider,,foul,R,R,BAL,TOR,84.60,,,0,0,2025,2025-07
2025-07-29,2025,R,682274,664702,SL,Slider,field_out,hit_into_play,R,R,BAL,TOR,86.80,88.30,12,1,1,2025,2025-07
2025-07-29,2025,R,682274,664702,FF,4-Seam Fastball,,ball,R,R,BAL,TOR,95.60,,,0,1,2025,2025-07
2025-07-29,2025,R,682274,664702,FF,4-Seam Fastball,,foul,R,R,BAL,TOR,96.30,70.40,64,0,0,2025,2025-07
2025-07-29,2025,R,682274,664770,FF,4-Seam Fastball,field_out,hit_into_play,L,R,BAL,TOR,94.40,102.30,-5,0,1,2025,2025-07
2025-07-29,2025,R,682274,664770,FF,4-Seam Fastball,,called_strike,L,R,BAL,TOR,93.70,,,0,0,2025,2025-07
2025-07-29,2025,R,682274,676391,SL,Slider,field_out,hit_into_play,R,R,BAL,TOR,87.70,84.00,42,0,2,2025,2025-07
2025-07-29,2025,R,682274,676391,FF,4-Seam Fastball,,foul,R,R,BAL,TOR,96.90,,,0,2,2025,2025-07
2025-07-29,2025,R,682274,676391,FF,4-Seam Fastball,,foul,R,R,BAL,TOR,96.00,85.20,60,0,1,2025,2025-07
2025-07-29,2025,R,682274,676391,FF,4-Seam Fastball,,foul,R,R,BAL,TOR,94.80,75.70,54,0,0,2025,2025-07
2025-07-29,2025,R,682274,680718,FF,4-Seam Fastball,field_out,hit_into_play,L,R,BAL,TOR,95.00,79.90,67,2,2,2025,2025-07
2025-07-29,2025,R,682274,680718,FS,Split-Finger,,ball,L,R,BAL,TOR,88.00,,,1,2,2025,2025-07
2025-07-29,2025,R,682274,680718,SL,Slider,,foul,L,R,BAL,TOR,85.70,108.80,13,1,1,2025,2025-07
2025-07-29,2025,R,682274,680718,FF,4-Seam Fastball,,called_strike,L,R,BAL,TOR,93.40,,,1,0,2025,2025-07
2025-07-29,2025,R,682274,680718,FF,4-Seam Fastball,,ball,L,R,BAL,TOR,94.10,,,0,0,2025,2025-07
2025-07-29,2025,R,682274,694388,FF,4-Seam Fastball,home_run,hit_into_play,L,R,BAL,TOR,96.10,98.10,38,2,2,2025,2025-07
2025-07-29,2025,R,682274,694388,FS,Split-Finger,,foul,L,R,BAL,TOR,88.60,95.80,4,2,2,2025,2025-07
2025-07-29,2025,R,682274,694388,FS,Split-Finger,,swinging_strike,L,R,BAL,TOR,86.80,,,2,1,2025,2025-07
2025-07-29,2025,R,682274,694388,SL,Slider,,ball,L,R,BAL,TOR,87.20,,,1,1,2025,2025-07
2025-07-29,2025,R,682274,694388,FF,4-Seam Fastball,,foul,L,R,BAL,TOR,94.90,104.20,12,1,0,2025,2025-07
2025-07-29,2025,R,682274,694388,FF,4-Seam Fastball,,ball,L,R,BAL,TOR,96.00,,,0,0,2025,2025-07
2025-07-29,2025,R,682274,695238,SL,Slider,single,hit_into_play,L,R,BAL,TOR,86.50,81.20,-5,0,1,2025,2025-07
2025-07-29,2025,R,682274,695238,FF,4-Seam Fastball,,foul,L,R,BAL,TOR,95.40,76.10,63,0,0,2025,2025-07
2025-07-29,2025,R,682990,621020,SL,Slider,single,hit_into_play,R,R,MIL,CHC,85.80,95.40,8,2,0,2025,2025-07
2025-07-29,2025,R,682990,621020,SI,Sinker,,ball,R,R,MIL,CHC,94.30,,,1,0,2025,2025-07
2025-07-29,2025,R,682990,621020,SL,Slider,,ball,R,R,MIL,CHC,86.40,,,0,0,2025,2025-07
2025-07-29,2025,R,682990,621020,FC,Cutter,strikeout,swinging_strike,R,R,MIL,CHC,93.70,,,3,2,2025,2025-07
2025-07-29,2025,R,682990,621020,CU,Curveball,,foul,R,R,MIL,CHC,81.80,98.10,-39,3,2,2025,2025-07
2025-07-29,2025,R,682990,621020,SL,Slider,,foul,R,R,MIL,CHC,86.20,95.60,6,3,2,2025,2025-07
2025-07-29,2025,R,682990,621020,SI,Sinker,,foul,R,R,MIL,CHC,95.50,63.40,-50,3,2,2025,2025-07
2025-07-29,2025,R,682990,621020,SL,Slider,,foul,R,R,MIL,CHC,87.50,84.30,-37,3,2,2025,2025-07
2025-07-29,2025,R,682990,621020,SL,Slider,,ball,R,R,MIL,CHC,86.10,,,2,2,2025,2025-07
2025-07-29,2025,R,682990,621020,FC,Cutter,,ball,R,R,MIL,CHC,95.10,,,1,2,2025,2025-07
2025-07-29,2025,R,682990,621020,FC,Cutter,,ball,R,R,MIL,CHC,93.60,,,0,2,2025,2025-07
2025-07-29,2025,R,682990,621020,SI,Sinker,,foul_tip,R,R,MIL,CHC,95.50,,,0,1,2025,2025-07
2025-07-29,2025,R,682990,621020,SL,Slider,,swinging_strike,R,R,MIL,CHC,87.70,,,0,0,2025,2025-07
2025-07-29,2025,R,682990,621020,SL,Slider,force_out,hit_into_play,R,R,MIL,CHC,87.60,70.70,-32,1,0,2025,2025-07
2025-07-29,2025,R,682990,621020,SI,Sinker,,ball,R,R,MIL,CHC,95.40,,,0,0,2025,2025-07
2025-07-29,2025,R,682990,624512,SI,Sinker,strikeout,called_strike,L,R,MIL,CHC,93.10,,,1,2,2025,2025-07
2025-07-29,2025,R,682990,624512,SL,Slider,,foul,L,R,MIL,CHC,86.60,64.70,69,1,2,2025,2025-07
2025-07-29,2025,R,682990,624512,SI,Sinker,,swinging_strike,L,R,MIL,CHC,92.80,,,1,1,2025,2025-07
2025-07-29,2025,R,682990,624512,SI,Sinker,,blocked_ball,L,R,MIL,CHC,94.70,,,0,1,2025,2025-07
2025-07-29,2025,R,682990,624512,SL,Slider,,foul,L,R,MIL,CHC,87.20,101.20,24,0,0,2025,2025-07
2025-07-29,2025,R,682990,624512,SI,Sinker,field_out,hit_into_play,L,R,MIL,CHC,93.60,8.80,,0,0,2025,2025-07
2025-07-29,2025,R,682990,624512,FC,Cutter,single,hit_into_play,L,R,MIL,CHC,93.50,88.40,10,1,1,2025,2025-07
2025-07-29,2025,R,682990,624512,SI,Sinker,,called_strike,L,R,MIL,CHC,94.30,,,1,0,2025,2025-07
2025-07-29,2025,R,682990,624512,SI,Sinker,,ball,L,R,MIL,CHC,94.50,,,0,0,2025,2025-07
2025-07-29,2025,R,682990,663538,SL,Slider,home_run,hit_into_play,R,R,MIL,CHC,86.00,99.60,27,0,1,2025,2025-07
2025-07-29,2025,R,682990,663538,FC,Cutter,,called_strike,R,R,MIL,CHC,91.90,,,0,0,2025,2025-07
2025-07-29,2025,R,682990,663538,SI,Sinker,single,hit_into_play,R,R,MIL,CHC,94.20,90.70,-21,2,1,2025,2025-07
2025-07-29,2025,R,682990,663538,FC,Cutter,,swinging_strike,R,R,MIL,CHC,86.00,,,2,0,2025,2025-07
2025-07-29,2025,R,682990,663538,SL,Slider,,blocked_ball,R,R,MIL,CHC,86.80,,,1,0,2025,2025-07
2025-07-29,2025,R,682990,663538,SL,Slider,,ball,R,R,MIL,CHC,86.30,,,0,0,2025,2025-07
2025-07-29,2025,R,682990,663538,SI,Sinker,single,hit_into_play,R,R,MIL,CHC,95.70,101.60,7,0,0,2025,2025-07
2025-07-29,2025,R,682990,663656,SI,Sinker,walk,ball,L,R,MIL,CHC,93.60,,,3,1,2025,2025-07
2025-07-29,2025,R,682990,663656,SL,Slider,,ball,L,R,MIL,CHC,87.80,,,2,1,2025,2025-07
2025-07-29,2025,R,682990,663656,SI,Sinker,,blocked_ball,L,R,MIL,CHC,94.80,,,1,1,2025,2025-07
2025-07-29,2025,R,682990,663656,FC,Cutter,,ball,L,R,MIL,CHC,92.50,,,0,1,2025,2025-07
2025-07-29,2025,R,682990,663656,SI,Sinker,,foul,L,R,MIL,CHC,93.60,80.50,-2,0,0,2025,2025-07
2025-07-29,2025,R,682990,663656,SI,Sinker,field_out,hit_into_play,L,R,MIL,CHC,93.40,70.20,2,1,0,2025,2025-07
2025-07-29,2025,R,682990,663656,SI,Sinker,,ball,L,R,MIL,CHC,95.40,,,0,0,2025,2025-07
2025-07-29,2025,R,682990,663656,FC,Cutter,field_out,hit_into_play,L,R,MIL,CHC,94.40,83.70,4,0,0,2025,2025-07
2025-07-29,2025,R,682990,664023,CU,Curveball,double,hit_into_play,L,R,MIL,CHC,82.10,97.60,12,1,2,2025,2025-07
2025-07-29,2025,R,682990,664023,SI,Sinker,,ball,L,R,MIL,CHC,92.70,,,0,2,2025,2025-07
2025-07-29,2025,R,682990,664023,FC,Cutter,,foul,L,R,MIL,CHC,92.20,,,0,2,2025,2025-07
2025-07-29,2025,R,682990,664023,CU,Curveball,,swinging_strike,L,R,MIL,CHC,81.30,,,0,1,2025,2025-07
2025-07-29,2025,R,682990,664023,SI,Sinker,,called_strike,L,R,MIL,CHC,94.20,,,0,0,2025,2025-07
2025-07-29,2025,R,682990,664023,SI,Sinker,field_out,hit_into_play,L,R,MIL,CHC,93.50,74.10,-8,2,0,2025,2025-07
2025-07-29,2025,R,682990,664023,SL,Slider,,ball,L,R,MIL,CHC,85.60,,,1,0,2025,2025-07
2025-07-29,2025,R,682990,664023,SI,Sinker,,ball,L,R,MIL,CHC,92.40,,,0,0,2025,2025-07
2025-07-29,2025,R,682990,664023,FC,Cutter,field_out,hit_into_play,L,R,MIL,CHC,92.20,107.30,16,1,1,2025,2025-07
2025-07-29,2025,R,682990,664023,SI,Sinker,,called_strike,L,R,MIL,CHC,94.70,,,1,0,2025,2025-07
2025-07-29,2025,R,682990,664023,SI,Sinker,,ball,L,R,MIL,CHC,95.90,,,0,0,2025,2025-07
2025-07-29,2025,R,682990,673548,SI,Sinker,grounded_into_double_play,hit_into_play,R,R,MIL,CHC,94.60,94.90,-30,0,0,2025,2025-07
2025-07-29,2025,R,682990,673548,SL,Slider,strikeout,swinging_strike,R,R,MIL,CHC,88.60,,,0,2,2025,2025-07
2025-07-29,2025,R,682990,673548,SL,Slider,,swinging_strike,R,R,MIL,CHC,87.40,,,0,1,2025,2025-07
2025-07-29,2025,R,682990,673548,CU,Curveball,,called_strike,R,R,MIL,CHC,81.80,,,0,0,2025,2025-07
2025-07-29,2025,R,682990,673548,SI,Sinker,field_out,hit_into_play,R,R,MIL,CHC,94.60,85.30,-23,2,0,2025,2025-07
2025-07-29,2025,R,682990,673548,SI,Sinker,,ball,R,R,MIL,CHC,94.90,,,1,0,2025,2025-07
2025-07-29,2025,R,682990,673548,SI,Sinker,,ball,R,R,MIL,CHC,96.00,,,0,0,2025,2025-07
2025-07-29,2025,R,682990,683737,CU,Curveball,field_out,hit_into_play,L,R,MIL,CHC,79.70,64.40,-68,1,2,2025,2025-07
2025-07-29,2025,R,682990,683737,SI,Sinker,,foul,L,R,MIL,CHC,93.90,86.20,60,1,1,2025,2025-07
2025-07-29,2025,R,682990,683737,SI,Sinker,,ball,L,R,MIL,CHC,95.70,,,0,1,2025,2025-07
2025-07-29,2025,R,682990,683737,SL,Slider,,foul,L,R,MIL,CHC,89.30,94.90,8,0,0,2025,2025-07
2025-07-29,2025,R,682990,683737,SL,Slider,field_out,hit_into_play,L,R,MIL,CHC,86.40,87.90,47,1,1,2025,2025-07
2025-07-29,2025,R,682990,683737,SL,Slider,,ball,L,R,MIL,CHC,86.40,,,0,1,2025,2025-07
2025-07-29,2025,R,682990,683737,SI,Sinker,,called_strike,L,R,MIL,CHC,94.10,,,0,0,2025,2025-07
2025-07-29,2025,R,682990,683737,FC,Cutter,field_out,hit_into_play,L,R,MIL,CHC,94.30,85.70,32,0,1,2025,2025-07
2025-07-29,2025,R,682990,683737,SI,Sinker,,foul,L,R,MIL,CHC,95.50,74.90,33,0,0,2025,2025-07
2025-07-29,2025,R,682990,691718,SI,Sinker,field_out,hit_into_play,L,R,MIL,CHC,92.80,83.00,-19,1,2,2025,2025-07
2025-07-29,2025,R,682990,691718,FC,Cutter,,foul,L,R,MIL,CHC,90.70,81.40,-26,1,2,2025,2025-07
2025-07-29,2025,R,682990,691718,FC,Cutter,,swinging_strike,L,R,MIL,CHC,91.80,,,1,1,2025,2025-07
2025-07-29,2025,R,682990,691718,SI,Sinker,,called_strike,L,R,MIL,CHC,93.70,,,1,0,2025,2025-07
2025-07-29,2025,R,682990,691718,FC,Cutter,,ball,L,R,MIL,CHC,91.40,,,0,0,2025,2025-07
2025-07-29,2025,R,682990,691718,CU,Curveball,single,hit_into_play,L,R,MIL,CHC,80.30,102.70,11,0,1,2025,2025-07
2025-07-29,2025,R,682990,691718,SI,Sinker,,called_strike,L,R,MIL,CHC,94.50,,,0,0,2025,2025-07
2025-07-29,2025,R,682990,691718,FC,Cutter,walk,ball,L,R,MIL,CHC,92.20,,,3,2,2025,2025-07
2025-07-29,2025,R,682990,691718,SL,Slider,,ball,L,R,MIL,CHC,88.40,,,2,2,2025,2025-07
2025-07-29,2025,R,682990,691718,FC,Cutter,,foul,L,R,MIL,CHC,93.80,,,2,2,2025,2025-07
2025-07-29,2025,R,682990,691718,SI,Sinker,,called_strike,L,R,MIL,CHC,94.50,,,2,1,2025,2025-07
2025-07-29,2025,R,682990,691718,SI,Sinker,,ball,L,R,MIL,CHC,94.80,,,1,1,2025,2025-07
2025-07-29,2025,R,682990,691718,CU,Curveball,,swinging_strike,L,R,MIL,CHC,81.50,,,1,0,2025,2025-07
2025-07-29,2025,R,682990,691718,SI,Sinker,,ball,L,R,MIL,CHC,95.30,,,0,0,2025,2025-07
2025-07-29,2025,R,682990,807713,SI,Sinker,double,hit_into_play,R,R,MIL,CHC,94.80,101.20,16,0,2,2025,2025-07
2025-07-29,2025,R,682990,807713,SL,Slider,,swinging_strike,R,R,MIL,CHC,86.30,,,0,1,2025,2025-07
2025-07-29,2025,R,682990,807713,SI,Sinker,,called_strike,R,R,MIL,CHC,93.70,,,0,0,2025,2025-07
2025-07-29,2025,R,682990,807713,FC,Cutter,field_out,hit_into_play,R,R,MIL,CHC,94.10,73.80,-8,1,1,2025,2025-07
2025-07-29,2025,R,682990,807713,SL,Slider,,called_strike,R,R,MIL,CHC,88.50,,,1,0,2025,2025-07
2025-07-29,2025,R,682990,807713,SL,Slider,,ball,R,R,MIL,CHC,88.70,,,0,0,2025,2025-07
2025-07-29,2025,R,683409,608070,CH,Changeup,field_out,hit_into_play,L,R,CLE,COL,88.30,92.30,48,2,2,2025,2025-07
2025-07-29,2025,R,683409,608070,FF,4-Seam Fastball,,ball,L,R,CLE,COL,96.90,,,1,2,2025,2025-07
2025-07-29,2025,R,683409,608070,CH,Changeup,,swinging_strike,L,R,CLE,COL,88.20,,,1,1,2025,2025-07
2025-07-29,2025,R,683409,608070,CH,Changeup,,swinging_strike,L,R,CLE,COL,88.50,,,1,0,2025,2025-07
2025-07-29,2025,R,683409,608070,CH,Changeup,,ball,L,R,CLE,COL,88.80,,,0,0,2025,2025-07
2025-07-29,2025,R,683409,608070,FF,4-Seam Fastball,single,hit_into_play,L,R,CLE,COL,98.10,93.50,14,0,1,2025,2025-07
2025-07-29,2025,R,683409,608070,FF,4-Seam Fastball,,called_strike,L,R,CLE,COL,97.80,,,0,0,2025,2025-07
2025-07-29,2025,R,683409,666134,CH,Changeup,single,hit_into_play,L,R,CLE,COL,88.60,83.50,12,0,2,2025,2025-07
2025-07-29,2025,R,683409,666134,CH,Changeup,,foul,L,R,CLE,COL,88.50,99.40,7,0,1,2025,2025-07
2025-07-29,2025,R,683409,666134,CH,Changeup,,swinging_strike,L,R,CLE,COL,88.80,,,0,0,2025,2025-07
2025-07-29,2025,R,683409,666310,FF,4-Seam Fastball,double,hit_into_play,L,R,CLE,COL,97.00,97.90,23,1,0,2025,2025-07
2025-07-29,2025,R,683409,666310,CH,Changeup,,ball,L,R,CLE,COL,88.30,,,0,0,2025,2025-07
2025-07-29,2025,R,683409,672356,FF,4-Seam Fastball,walk,ball,R,R,CLE,COL,96.30,,,3,2,2025,2025-07
2025-07-29,2025,R,683409,672356,FF,4-Seam Fastball,,foul,R,R,CLE,COL,96.80,81.10,-44,3,2,2025,2025-07
2025-07-29,2025,R,683409,672356,SL,Slider,,blocked_ball,R,R,CLE,COL,89.70,,,2,2,2025,2025-07
2025-07-29,2025,R,683409,672356,SL,Slider,,foul,R,R,CLE,COL,87.90,70.20,-35,2,1,2025,2025-07
2025-07-29,2025,R,683409,672356,SL,Slider,,swinging_strike,R,R,CLE,COL,89.30,,,2,0,2025,2025-07
2025-07-29,2025,R,683409,672356,FF,4-Seam Fastball,,ball,R,R,CLE,COL,97.50,,,1,0,2025,2025-07
2025-07-29,2025,R,683409,672356,SL,Slider,,ball,R,R,CLE,COL,90.30,,,0,0,2025,2025-07
2025-07-29,2025,R,683409,677587,CH,Changeup,field_out,hit_into_play,L,R,CLE,COL,88.40,93.50,-24,1,2,2025,2025-07
2025-07-29,2025,R,683409,677587,CH,Changeup,,swinging_strike,L,R,CLE,COL,87.70,,,1,1,2025,2025-07
2025-07-29,2025,R,683409,677587,CH,Changeup,,swinging_strike,L,R,CLE,COL,87.20,,,1,0,2025,2025-07
2025-07-29,2025,R,683409,677587,FF,4-Seam Fastball,,ball,L,R,CLE,COL,96.70,,,0,0,2025,2025-07
2025-07-29,2025,R,683409,680757,FF,4-Seam Fastball,single,hit_into_play,L,R,CLE,COL,95.40,98.60,-8,3,2,2025,2025-07
2025-07-29,2025,R,683409,680757,FF,4-Seam Fastball,,ball,L,R,CLE,COL,98.40,,,2,2,2025,2025-07
2025-07-29,2025,R,683409,680757,CH,Changeup,,foul,L,R,CLE,COL,88.90,73.80,38,2,2,2025,2025-07
2025-07-29,2025,R,683409,680757,CH,Changeup,,foul,L,R,CLE,COL,88.50,76.60,-12,2,2,2025,2025-07
2025-07-29,2025,R,683409,680757,CH,Changeup,,foul,L,R,CLE,COL,88.20,70.50,72,2,1,2025,2025-07
2025-07-29,2025,R,683409,680757,FF,4-Seam Fastball,,ball,L,R,CLE,COL,98.50,,,1,1,2025,2025-07
2025-07-29,2025,R,683409,680757,CH,Changeup,,blocked_ball,L,R,CLE,COL,88.70,,,0,1,2025,2025-07
2025-07-29,2025,R,683409,680757,CH,Changeup,,foul,L,R,CLE,COL,88.90,,,0,0,2025,2025-07
2025-07-29,2025,R,683409,681807,SL,Slider,grounded_into_double_play,hit_into_play,R,R,CLE,COL,89.80,75.00,-7,0,2,2025,2025-07
2025-07-29,2025,R,683409,681807,SL,Slider,,foul,R,R,CLE,COL,90.70,79.30,67,0,1,2025,2025-07
2025-07-29,2025,R,683409,681807,FF,4-Seam Fastball,,foul,R,R,CLE,COL,98.60,78.60,29,0,0,2025,2025-07
2025-07-29,2025,R,683409,682177,FF,4-Seam Fastball,force_out,hit_into_play,L,R,CLE,COL,94.70,66.30,-12,2,0,2025,2025-07
2025-07-29,2025,R,683409,682177,SL,Slider,,blocked_ball,L,R,CLE,COL,93.00,,,1,0,2025,2025-07
2025-07-29,2025,R,683409,682177,FF,4-Seam Fastball,,ball,L,R,CLE,COL,97.50,,,0,0,2025,2025-07
2025-07-29,2025,R,683409,682177,FF,4-Seam Fastball,field_out,hit_into_play,L,R,CLE,COL,96.10,95.40,43,1,0,2025,2025-07
2025-07-29,2025,R,683409,682177,FF,4-Seam Fastball,,ball,L,R,CLE,COL,96.70,,,0,0,2025,2025-07
2025-07-29,2025,R,683409,700932,FF,4-Seam Fastball,single,hit_into_play,L,R,CLE,COL,95.10,84.80,20,0,0,2025,2025-07
2025-07-29,2025,R,684320,602104,SL,Slider,field_out,hit_into_play,R,R,BAL,TOR,84.80,57.00,-44,1,2,2025,2025-07
2025-07-29,2025,R,684320,602104,SL,Slider,,swinging_strike,R,R,BAL,TOR,86.40,,,1,1,2025,2025-07
2025-07-29,2025,R,684320,602104,FF,4-Seam Fastball,,ball,R,R,BAL,TOR,96.90,,,0,1,2025,2025-07
2025-07-29,2025,R,684320,602104,FF,4-Seam Fastball,,swinging_strike,R,R,BAL,TOR,96.20,,,0,0,2025,2025-07
2025-07-29,2025,R,684320,656811,SL,Slider,field_out,hit_into_play,L,R,BAL,TOR,84.70,30.70,-80,0,2,2025,2025-07
2025-07-29,2025,R,684320,656811,FF,4-Seam Fastball,,foul,L,R,BAL,TOR,96.50,94.10,33,0,1,2025,2025-07
2025-07-29,2025,R,684320,656811,FF,4-Seam Fastball,,swinging_strike,L,R,BAL,TOR,96.20,,,0,0,2025,2025-07
2025-07-29,2025,R,684320,657656,SL,Slider,walk,ball,R,R,BAL,TOR,87.90,,,3,2,2025,2025-07
2025-07-29,2025,R,684320,657656,SL,Slider,,ball,R,R,BAL,TOR,85.30,,,2,2,2025,2025-07
2025-07-29,2025,R,684320,657656,SL,Slider,,ball,R,R,BAL,TOR,87.20,,,1,2,2025,2025-07
2025-07-29,2025,R,684320,657656,SL,Slider,,swinging_strike,R,R,BAL,TOR,87.10,,,1,1,2025,2025-07
2025-07-29,2025,R,684320,657656,SL,Slider,,called_strike,R,R,BAL,TOR,86.60,,,1,0,2025,2025-07
2025-07-29,2025,R,684320,657656,FF,4-Seam Fastball,,ball,R,R,BAL,TOR,95.90,,,0,0,2025,2025-07
2025-07-29,2025,R,684320,668939,FS,Split-Finger,field_out,hit_into_play,L,R,BAL,TOR,89.80,73.80,-24,2,2,2025,2025-07
2025-07-29,2025,R,684320,668939,SL,Slider,,foul,L,R,BAL,TOR,85.60,75.70,11,2,1,2025,2025-07
2025-07-29,2025,R,684320,668939,FF,4-Seam Fastball,,ball,L,R,BAL,TOR,96.90,,,1,1,2025,2025-07
2025-07-29,2025,R,684320,668939,FS,Split-Finger,,ball,L,R,BAL,TOR,89.40,,,0,1,2025,2025-07
2025-07-29,2025,R,684320,668939,FF,4-Seam Fastball,,foul,L,R,BAL,TOR,95.70,,,0,0,2025,2025-07
2025-07-29,2025,R,685299,608070,SL,Slider,single,hit_into_play,L,R,CLE,COL,85.30,72.20,21,2,1,2025,2025-07
2025-07-29,2025,R,685299,608070,FF,4-Seam Fastball,,foul,L,R,CLE,COL,90.50,72.10,18,2,0,2025,2025-07
2025-07-29,2025,R,685299,608070,FF,4-Seam Fastball,,ball,L,R,CLE,COL,90.90,,,1,0,2025,2025-07
2025-07-29,2025,R,685299,608070,SL,Slider,,ball,L,R,CLE,COL,84.30,,,0,0,2025,2025-07
2025-07-29,2025,R,685299,608070,CH,Changeup,field_out,hit_into_play,L,R,CLE,COL,82.80,74.50,66,1,1,2025,2025-07
2025-07-29,2025,R,685299,608070,FF,4-Seam Fastball,,ball,L,R,CLE,COL,91.90,,,0,1,2025,2025-07
2025-07-29,2025,R,685299,608070,FF,4-Seam Fastball,,called_strike,L,R,CLE,COL,91.10,,,0,0,2025,2025-07
2025-07-29,2025,R,685299,666134,FF,4-Seam Fastball,double,hit_into_play,L,R,CLE,COL,90.90,111.00,21,0,0,2025,2025-07
2025-07-29,2025,R,685299,666134,FF,4-Seam Fastball,field_out,hit_into_play,L,R,CLE,COL,91.50,97.20,21,0,1,2025,2025-07
2025-07-29,2025,R,685299,666134,FF,4-Seam Fastball,,foul,L,R,CLE,COL,92.80,83.90,53,0,0,2025,2025-07
2025-07-29,2025,R,685299,666310,FF,4-Seam Fastball,walk,ball,L,R,CLE,COL,90.90,,,3,1,2025,2025-07
2025-07-29,2025,R,685299,666310,FF,4-Seam Fastball,,ball,L,R,CLE,COL,92.70,,,2,1,2025,2025-07
2025-07-29,2025,R,685299,666310,CH,Changeup,,blocked_ball,L,R,CLE,COL,82.60,,,1,1,2025,2025-07
2025-07-29,2025,R,685299,666310,FF,4-Seam Fastball,,ball,L,R,CLE,COL,91.90,,,0,1,2025,2025-07
2025-07-29,2025,R,685299,666310,FF,4-Seam Fastball,,called_strike,L,R,CLE,COL,90.70,,,0,0,2025,2025-07
2025-07-29,2025,R,685299,666310,FF,4-Seam Fastball,field_out,hit_into_play,L,R,CLE,COL,91.70,94.60,-17,3,2,2025,2025-07
2025-07-29,2025,R,685299,666310,FF,4-Seam Fastball,,foul,L,R,CLE,COL,91.90,72.40,54,3,2,2025,2025-07
2025-07-29,2025,R,685299,666310,FF,4-Seam Fastball,,ball,L,R,CLE,COL,93.30,,,2,2,2025,2025-07
2025-07-29,2025,R,685299,666310,FF,4-Seam Fastball,,called_strike,L,R,CLE,COL,91.60,,,2,1,2025,2025-07
2025-07-29,2025,R,685299,666310,CH,Changeup,,ball,L,R,CLE,COL,82.30,,,1,1,2025,2025-07
2025-07-29,2025,R,685299,666310,FF,4-Seam Fastball,,called_strike,L,R,CLE,COL,90.10,,,1,0,2025,2025-07
2025-07-29,2025,R,685299,666310,FF,4-Seam Fastball,,ball,L,R,CLE,COL,89.60,,,0,0,2025,2025-07
2025-07-29,2025,R,685299,672356,SL,Slider,field_out,hit_into_play,R,R,CLE,COL,85.80,92.10,2,2,2,2025,2025-07
2025-07-29,2025,R,685299,672356,SL,Slider,,foul,R,R,CLE,COL,84.50,92.20,-25,2,2,2025,2025-07
2025-07-29,2025,R,685299,672356,FF,4-Seam Fastball,,foul,R,R,CLE,COL,92.80,,,2,2,2025,2025-07
2025-07-29,2025,R,685299,672356,SL,Slider,,ball,R,R,CLE,COL,85.70,,,1,2,2025,2025-07
2025-07-29,2025,R,685299,672356,SL,Slider,,ball,R,R,CLE,COL,84.70,,,0,2,2025,2025-07
2025-07-29,2025,R,685299,672356,FF,4-Seam Fastball,,foul,R,R,CLE,COL,92.40,,,0,1,2025,2025-07
2025-07-29,2025,R,685299,672356,FF,4-Seam Fastball,,foul,R,R,CLE,COL,90.70,100.20,37,0,0,2025,2025-07
2025-07-29,2025,R,685299,672356,SL,Slider,single,hit_into_play,R,R,CLE,COL,85.70,106.50,7,1,1,2025,2025-07
2025-07-29,2025,R,685299,672356,SL,Slider,,ball,R,R,CLE,COL,85.10,,,0,1,2025,2025-07
2025-07-29,2025,R,685299,672356,SL,Slider,,swinging_strike,R,R,CLE,COL,86.40,,,0,0,2025,2025-07
2025-07-29,2025,R,685299,677587,SL,Slider,triple,hit_into_play,L,R,CLE,COL,83.30,94.60,25,0,1,2025,2025-07
2025-07-29,2025,R,685299,677587,FF,4-Seam Fastball,,foul,L,R,CLE,COL,89.90,77.90,75,0,0,2025,2025-07
2025-07-29,2025,R,685299,677587,FF,4-Seam Fastball,single,hit_into_play,L,R,CLE,COL,91.20,66.30,50,0,0,2025,2025-07
2025-07-29,2025,R,685299,680757,FF,4-Seam Fastball,field_out,hit_into_play,L,R,CLE,COL,91.10,93.90,27,3,2,2025,2025-07
2025-07-29,2025,R,685299,680757,FF,4-Seam Fastball,,foul,L,R,CLE,COL,91.20,79.00,41,3,2,2025,2025-07
2025-07-29,2025,R,685299,680757,CH,Changeup,,foul,L,R,CLE,COL,83.70,71.60,73,3,2,2025,2025-07
2025-07-29,2025,R,685299,680757,FF,4-Seam Fastball,,foul,L,R,CLE,COL,90.10,93.40,40,3,1,2025,2025-07
2025-07-29,2025,R,685299,680757,FF,4-Seam Fastball,,ball,L,R,CLE,COL,91.40,,,2,1,2025,2025-07
2025-07-29,2025,R,685299,680757,CH,Changeup,,blocked_ball,L,R,CLE,COL,82.20,,,1,1,2025,2025-07
2025-07-29,2025,R,685299,680757,FF,4-Seam Fastball,,ball,L,R,CLE,COL,91.50,,,0,1,2025,2025-07
2025-07-29,2025,R,685299,680757,FF,4-Seam Fastball,,called_strike,L,R,CLE,COL,91.10,,,0,0,2025,2025-07
2025-07-29,2025,R,685299,680757,FF,4-Seam Fastball,strikeout,called_strike,L,R,CLE,COL,92.60,,,0,2,2025,2025-07
2025-07-29,2025,R,685299,680757,FF,4-Seam Fastball,,foul,L,R,CLE,COL,91.30,75.50,22,0,1,2025,2025-07
2025-07-29,2025,R,685299,680757,CH,Changeup,,called_strike,L,R,CLE,COL,83.20,,,0,0,2025,2025-07
2025-07-29,2025,R,685299,680757,FF,4-Seam Fastball,walk,ball,L,R,CLE,COL,89.30,,,3,1,2025,2025-07
2025-07-29,2025,R,685299,680757,CH,Changeup,,ball,L,R,CLE,COL,81.50,,,2,1,2025,2025-07
2025-07-29,2025,R,685299,680757,FF,4-Seam Fastball,,called_strike,L,R,CLE,COL,89.20,,,2,0,2025,2025-07
2025-07-29,2025,R,685299,680757,FF,4-Seam Fastball,,ball,L,R,CLE,COL,88.80,,,1,0,2025,2025-07
2025-07-29,2025,R,685299,680757,FF,4-Seam Fastball,,ball,L,R,CLE,COL,89.70,,,0,0,2025,2025-07
2025-07-29,2025,R,685299,681807,SL,Slider,field_out,hit_into_play,R,R,CLE,COL,84.10,88.80,43,1,0,2025,2025-07
2025-07-29,2025,R,685299,681807,SL,Slider,,ball,R,R,CLE,COL,84.20,,,0,0,2025,2025-07
2025-07-29,2025,R,685299,681807,FF,4-Seam Fastball,single,hit_into_play,R,R,CLE,COL,90.80,106.80,10,0,0,2025,2025-07
2025-07-29,2025,R,685299,682177,FF,4-Seam Fastball,field_out,hit_into_play,L,R,CLE,COL,93.00,87.40,57,3,2,2025,2025-07
2025-07-29,2025,R,685299,682177,CH,Changeup,,ball,L,R,CLE,COL,84.30,,,2,2,2025,2025-07
2025-07-29,2025,R,685299,682177,FF,4-Seam Fastball,,foul,L,R,CLE,COL,93.60,76.20,28,2,2,2025,2025-07
2025-07-29,2025,R,685299,682177,FF,4-Seam Fastball,,swinging_strike,L,R,CLE,COL,91.90,,,2,1,2025,2025-07
2025-07-29,2025,R,685299,682177,FF,4-Seam Fastball,,foul,L,R,CLE,COL,90.50,85.00,68,2,0,2025,2025-07
2025-07-29,2025,R,685299,682177,FF,4-Seam Fastball,,ball,L,R,CLE,COL,91.60,,,1,0,2025,2025-07
2025-07-29,2025,R,685299,682177,FF,4-Seam Fastball,,ball,L,R,CLE,COL,92.10,,,0,0,2025,2025-07
2025-07-29,2025,R,685299,682177,CH,Changeup,single,hit_into_play,L,R,CLE,COL,83.00,99.20,2,1,1,2025,2025-07
2025-07-29,2025,R,685299,682177,CH,Changeup,,ball,L,R,CLE,COL,82.10,,,0,1,2025,2025-07
2025-07-29,2025,R,685299,682177,FF,4-Seam Fastball,,called_strike,L,R,CLE,COL,89.30,,,0,0,2025,2025-07
2025-07-29,2025,R,685299,700932,CH,Changeup,home_run,hit_into_play,L,R,CLE,COL,82.40,106.80,24,1,0,2025,2025-07
2025-07-29,2025,R,685299,700932,FF,4-Seam Fastball,,ball,L,R,CLE,COL,91.10,,,0,0,2025,2025-07
2025-07-29,2025,R,685299,700932,FF,4-Seam Fastball,strikeout,called_strike,L,R,CLE,COL,92.40,,,2,2,2025,2025-07
2025-07-29,2025,R,685299,700932,CH,Changeup,,foul,L,R,CLE,COL,83.50,87.50,71,2,1,2025,2025-07
2025-07-29,2025,R,685299,700932,FF,4-Seam Fastball,,foul,L,R,CLE,COL,91.60,81.00,43,2,0,2025,2025-07
2025-07-29,2025,R,685299,700932,FF,4-Seam Fastball,,ball,L,R,CLE,COL,92.00,,,1,0,2025,2025-07
2025-07-29,2025,R,685299,700932,SL,Slider,,ball,L,R,CLE,COL,85.70,,,0,0,2025,2025-07
2025-07-29,2025,R,686563,547180,SI,Sinker,single,hit_into_play,L,R,CWS,PHI,91.00,91.50,4,0,1,2025,2025-07
2025-07-29,2025,R,686563,547180,FF,4-Seam Fastball,,foul,L,R,CWS,PHI,92.20,71.30,59,0,0,2025,2025-07
2025-07-29,2025,R,686563,547180,FF,4-Seam Fastball,field_out,hit_into_play,L,R,CWS,PHI,93.60,61.60,-21,1,2,2025,2025-07
2025-07-29,2025,R,686563,547180,CH,Changeup,,ball,L,R,CWS,PHI,86.40,,,0,2,2025,2025-07
2025-07-29,2025,R,686563,547180,FF,4-Seam Fastball,,swinging_strike,L,R,CWS,PHI,92.80,,,0,1,2025,2025-07
2025-07-29,2025,R,686563,547180,CH,Changeup,,swinging_strike,L,R,CWS,PHI,86.40,,,0,0,2025,2025-07
2025-07-29,2025,R,686563,547180,FF,4-Seam Fastball,strikeout,foul_tip,L,R,CWS,PHI,94.80,,,0,2,2025,2025-07
2025-07-29,2025,R,686563,547180,FF,4-Seam Fastball,,foul,L,R,CWS,PHI,93.80,75.30,29,0,1,2025,2025-07
2025-07-29,2025,R,686563,547180,FC,Cutter,,called_strike,L,R,CWS,PHI,91.30,,,0,0,2025,2025-07
2025-07-29,2025,R,686563,592206,SI,Sinker,grounded_into_double_play,hit_into_play,R,R,CWS,PHI,92.90,84.30,-4,0,1,2025,2025-07
2025-07-29,2025,R,686563,592206,SI,Sinker,,called_strike,R,R,CWS,PHI,92.00,,,0,0,2025,2025-07
2025-07-29,2025,R,686563,592206,ST,Sweeper,field_out,hit_into_play,R,R,CWS,PHI,81.80,91.30,64,2,1,2025,2025-07
2025-07-29,2025,R,686563,592206,SI,Sinker,,ball,R,R,CWS,PHI,92.90,,,1,1,2025,2025-07
2025-07-29,2025,R,686563,592206,ST,Sweeper,,called_strike,R,R,CWS,PHI,81.20,,,1,0,2025,2025-07
2025-07-29,2025,R,686563,592206,ST,Sweeper,,ball,R,R,CWS,PHI,82.40,,,0,0,2025,2025-07
2025-07-29,2025,R,686563,592206,FF,4-Seam Fastball,walk,ball,R,R,CWS,PHI,95.00,,,3,2,2025,2025-07
2025-07-29,2025,R,686563,592206,FF,4-Seam Fastball,,swinging_strike,R,R,CWS,PHI,93.20,,,3,1,2025,2025-07
2025-07-29,2025,R,686563,592206,FC,Cutter,,ball,R,R,CWS,PHI,89.40,,,2,1,2025,2025-07
2025-07-29,2025,R,686563,592206,ST,Sweeper,,ball,R,R,CWS,PHI,82.10,,,1,1,2025,2025-07
2025-07-29,2025,R,686563,592206,CH,Changeup,,ball,R,R,CWS,PHI,85.70,,,0,1,2025,2025-07
2025-07-29,2025,R,686563,592206,FC,Cutter,,called_strike,R,R,CWS,PHI,89.30,,,0,0,2025,2025-07
2025-07-29,2025,R,686563,592663,FC,Cutter,strikeout,foul_tip,R,R,CWS,PHI,89.70,,,1,2,2025,2025-07
2025-07-29,2025,R,686563,592663,SI,Sinker,,swinging_strike,R,R,CWS,PHI,94.30,,,1,1,2025,2025-07
2025-07-29,2025,R,686563,592663,CH,Changeup,,ball,R,R,CWS,PHI,84.60,,,0,1,2025,2025-07
2025-07-29,2025,R,686563,592663,FC,Cutter,,swinging_strike,R,R,CWS,PHI,89.10,,,0,0,2025,2025-07
2025-07-29,2025,R,686563,592663,FF,4-Seam Fastball,single,hit_into_play,R,R,CWS,PHI,94.60,106.70,3,2,2,2025,2025-07
2025-07-29,2025,R,686563,592663,FC,Cutter,,foul,R,R,CWS,PHI,91.30,77.30,15,2,1,2025,2025-07
2025-07-29,2025,R,686563,592663,FC,Cutter,,foul,R,R,CWS,PHI,89.90,76.70,35,2,0,2025,2025-07
2025-07-29,2025,R,686563,592663,SI,Sinker,,ball,R,R,CWS,PHI,94.20,,,1,0,2025,2025-07
2025-07-29,2025,R,686563,592663,ST,Sweeper,,ball,R,R,CWS,PHI,83.60,,,0,0,2025,2025-07
2025-07-29,2025,R,686563,592663,FC,Cutter,force_out,hit_into_play,R,R,CWS,PHI,91.10,80.30,-13,1,1,2025,2025-07
2025-07-29,2025,R,686563,592663,CH,Changeup,,ball,R,R,CWS,PHI,86.70,,,0,1,2025,2025-07
2025-07-29,2025,R,686563,592663,ST,Sweeper,,called_strike,R,R,CWS,PHI,82.60,,,0,0,2025,2025-07
2025-07-29,2025,R,686563,596146,SI,Sinker,strikeout,called_strike,L,R,CWS,PHI,91.50,,,2,2,2025,2025-07
2025-07-29,2025,R,686563,596146,FC,Cutter,,foul,L,R,CWS,PHI,89.00,67.40,54,2,1,2025,2025-07
2025-07-29,2025,R,686563,596146,SI,Sinker,,ball,L,R,CWS,PHI,92.60,,,1,1,2025,2025-07
2025-07-29,2025,R,686563,596146,FC,Cutter,,swinging_strike,L,R,CWS,PHI,86.80,,,1,0,2025,2025-07
2025-07-29,2025,R,686563,596146,FC,Cutter,,ball,L,R,CWS,PHI,89.00,,,0,0,2025,2025-07
2025-07-29,2025,R,686563,596146,FF,4-Seam Fastball,field_out,hit_into_play,L,R,CWS,PHI,95.50,103.00,15,0,0,2025,2025-07
2025-07-29,2025,R,686563,596146,SI,Sinker,sac_fly,hit_into_play,L,R,CWS,PHI,93.90,97.80,21,1,1,2025,2025-07
2025-07-29,2025,R,686563,596146,SI,Sinker,,swinging_strike,L,R,CWS,PHI,93.50,,,1,0,2025,2025-07
2025-07-29,2025,R,686563,596146,FC,Cutter,,ball,L,R,CWS,PHI,90.70,,,0,0,2025,2025-07
2025-07-29,2025,R,686563,607208,CH,Changeup,single,hit_into_play,R,R,CWS,PHI,85.90,88.80,7,2,2,2025,2025-07
2025-07-29,2025,R,686563,607208,SI,Sinker,,ball,R,R,CWS,PHI,93.60,,,1,2,2025,2025-07
2025-07-29,2025,R,686563,607208,ST,Sweeper,,ball,R,R,CWS,PHI,83.60,,,0,2,2025,2025-07
2025-07-29,2025,R,686563,607208,SI,Sinker,,foul,R,R,CWS,PHI,92.50,,,0,1,2025,2025-07
2025-07-29,2025,R,686563,607208,CH,Changeup,,foul,R,R,CWS,PHI,85.00,92.50,-27,0,0,2025,2025-07
2025-07-29,2025,R,686563,607208,ST,Sweeper,double,hit_into_play,R,R,CWS,PHI,81.20,95.70,22,1,2,2025,2025-07
2025-07-29,2025,R,686563,607208,FF,4-Seam Fastball,,foul,R,R,CWS,PHI,93.60,90.40,40,1,2,2025,2025-07
2025-07-29,2025,R,686563,607208,CH,Changeup,,foul,R,R,CWS,PHI,85.40,84.30,-38,1,2,2025,2025-07
2025-07-29,2025,R,686563,607208,ST,Sweeper,,ball,R,R,CWS,PHI,82.30,,,0,2,2025,2025-07
2025-07-29,2025,R,686563,607208,ST,Sweeper,,swinging_strike,R,R,CWS,PHI,83.10,,,0,1,2025,2025-07
2025-07-29,2025,R,686563,607208,FC,Cutter,,called_strike,R,R,CWS,PHI,88.40,,,0,0,2025,2025-07
2025-07-29,2025,R,686563,607208,SI,Sinker,field_out,hit_into_play,R,R,CWS,PHI,91.60,95.10,32,0,0,2025,2025-07
2025-07-29,2025,R,686563,656941,FF,4-Seam Fastball,field_out,hit_into_play,L,R,CWS,PHI,93.00,77.50,58,1,0,2025,2025-07
2025-07-29,2025,R,686563,656941,FC,Cutter,,ball,L,R,CWS,PHI,91.20,,,0,0,2025,2025-07
2025-07-29,2025,R,686563,656941,ST,Sweeper,home_run,hit_into_play,L,R,CWS,PHI,83.50,114.90,29,0,0,2025,2025-07
2025-07-29,2025,R,686563,656941,CH,Changeup,walk,ball,L,R,CWS,PHI,84.70,,,3,2,2025,2025-07
2025-07-29,2025,R,686563,656941,FF,4-Seam Fastball,,ball,L,R,CWS,PHI,94.20,,,2,2,2025,2025-07
2025-07-29,2025,R,686563,656941,CH,Changeup,,ball,L,R,CWS,PHI,86.10,,,1,2,2025,2025-07
2025-07-29,2025,R,686563,656941,CH,Changeup,,foul_tip,L,R,CWS,PHI,86.10,,,1,1,2025,2025-07
2025-07-29,2025,R,686563,656941,FC,Cutter,,foul,L,R,CWS,PHI,88.30,97.10,-24,1,0,2025,2025-07
2025-07-29,2025,R,686563,656941,FF,4-Seam Fastball,,ball,L,R,CWS,PHI,93.50,,,0,0,2025,2025-07
2025-07-29,2025,R,686563,669016,FC,Cutter,field_out,hit_into_play,L,R,CWS,PHI,86.40,88.20,77,1,0,2025,2025-07
2025-07-29,2025,R,686563,669016,FF,4-Seam Fastball,,ball,L,R,CWS,PHI,93.20,,,0,0,2025,2025-07
2025-07-29,2025,R,686563,669016,CH,Changeup,home_run,hit_into_play,L,R,CWS,PHI,85.50,104.90,25,1,2,2025,2025-07
2025-07-29,2025,R,686563,669016,FF,4-Seam Fastball,,swinging_strike,L,R,CWS,PHI,95.40,,,1,1,2025,2025-07
2025-07-29,2025,R,686563,669016,SI,Sinker,,ball,L,R,CWS,PHI,91.80,,,0,1,2025,2025-07
2025-07-29,2025,R,686563,669016,FC,Cutter,,called_strike,L,R,CWS,PHI,90.00,,,0,0,2025,2025-07
2025-07-29,2025,R,686563,669016,CH,Changeup,double,hit_into_play,L,R,CWS,PHI,85.40,90.30,18,0,0,2025,2025-07
2025-07-29,2025,R,686563,681082,CH,Changeup,field_out,hit_into_play,L,R,CWS,PHI,84.50,70.10,6,2,1,2025,2025-07
2025-07-29,2025,R,686563,681082,FC,Cutter,,called_strike,L,R,CWS,PHI,88.70,,,2,0,2025,2025-07
2025-07-29,2025,R,686563,681082,FF,4-Seam Fastball,,ball,L,R,CWS,PHI,92.30,,,1,0,2025,2025-07
2025-07-29,2025,R,686563,681082,FC,Cutter,,ball,L,R,CWS,PHI,88.90,,,0,0,2025,2025-07
2025-07-29,2025,R,686563,681082,FF,4-Seam Fastball,field_out,hit_into_play,L,R,CWS,PHI,94.30,102.60,39,0,0,2025,2025-07
2025-07-29,2025,R,686563,805249,SI,Sinker,field_out,hit_into_play,R,R,CWS,PHI,92.80,107.60,-1,1,1,2025,2025-07
2025-07-29,2025,R,686563,805249,SI,Sinker,,ball,R,R,CWS,PHI,92.80,,,0,1,2025,2025-07
2025-07-29,2025,R,686563,805249,ST,Sweeper,,foul,R,R,CWS,PHI,81.80,,,0,0,2025,2025-07
2025-07-29,2025,R,686563,805249,ST,Sweeper,field_out,hit_into_play,R,R,CWS,PHI,81.60,92.70,33,1,1,2025,2025-07
2025-07-29,2025,R,686563,805249,FC,Cutter,,ball,R,R,CWS,PHI,89.50,,,0,1,2025,2025-07
2025-07-29,2025,R,686563,805249,SI,Sinker,,foul,R,R,CWS,PHI,92.70,94.00,-17,0,0,2025,2025-07
2025-07-29,2025,R,686563,805249,FF,4-Seam Fastball,sac_fly,hit_into_play,R,R,CWS,PHI,95.20,86.60,45,2,2,2025,2025-07
2025-07-29,2025,R,686563,805249,FF,4-Seam Fastball,,foul,R,R,CWS,PHI,95.40,77.30,46,2,2,2025,2025-07
2025-07-29,2025,R,686563,805249,CH,Changeup,,swinging_strike,R,R,CWS,PHI,84.50,,,2,1,2025,2025-07
2025-07-29,2025,R,686563,805249,ST,Sweeper,,ball,R,R,CWS,PHI,83.50,,,1,1,2025,2025-07
2025-07-29,2025,R,686563,805249,SI,Sinker,,swinging_strike,R,R,CWS,PHI,94.00,,,1,0,2025,2025-07
2025-07-29,2025,R,686563,805249,CH,Changeup,,ball,R,R,CWS,PHI,85.30,,,0,0,2025,2025-07
2025-07-29,2025,R,686701,596019,FF,4-Seam Fastball,strikeout,swinging_strike,L,R,SD,NYM,94.20,,,0,2,2025,2025-07
2025-07-29,2025,R,686701,596019,FF,4-Seam Fastball,,foul,L,R,SD,NYM,94.40,82.70,43,0,1,2025,2025-07
2025-07-29,2025,R,686701,596019,FF,4-Seam Fastball,,called_strike,L,R,SD,NYM,94.20,,,0,0,2025,2025-07
2025-07-29,2025,R,686701,596019,FF,4-Seam Fastball,strikeout,swinging_strike,L,R,SD,NYM,95.30,,,3,2,2025,2025-07
2025-07-29,2025,R,686701,596019,SL,Slider,,foul,L,R,SD,NYM,90.40,78.70,33,3,2,2025,2025-07
2025-07-29,2025,R,686701,596019,FF,4-Seam Fastball,,foul,L,R,SD,NYM,95.20,75.40,38,3,2,2025,2025-07
2025-07-29,2025,R,686701,596019,ST,Sweeper,,foul,L,R,SD,NYM,86.10,71.40,-20,3,2,2025,2025-07
2025-07-29,2025,R,686701,596019,SI,Sinker,,foul,L,R,SD,NYM,93.80,76.50,50,3,2,2025,2025-07
2025-07-29,2025,R,686701,596019,FF,4-Seam Fastball,,foul,L,R,SD,NYM,95.50,82.70,70,3,2,2025,2025-07
2025-07-29,2025,R,686701,596019,SL,Slider,,foul,L,R,SD,NYM,89.00,86.50,45,3,2,2025,2025-07
2025-07-29,2025,R,686701,596019,SL,Slider,,ball,L,R,SD,NYM,88.60,,,2,2,2025,2025-07
2025-07-29,2025,R,686701,596019,FF,4-Seam Fastball,,ball,L,R,SD,NYM,94.80,,,1,2,2025,2025-07
2025-07-29,2025,R,686701,596019,FF,4-Seam Fastball,,foul,L,R,SD,NYM,94.40,88.20,62,1,1,2025,2025-07
2025-07-29,2025,R,686701,596019,CH,Changeup,,ball,L,R,SD,NYM,88.50,,,0,1,2025,2025-07
2025-07-29,2025,R,686701,596019,SL,Slider,,foul,L,R,SD,NYM,88.30,81.20,-30,0,0,2025,2025-07
2025-07-29,2025,R,686701,607043,FF,4-Seam Fastball,walk,ball,L,R,SD,NYM,92.80,,,3,2,2025,2025-07
2025-07-29,2025,R,686701,607043,FF,4-Seam Fastball,,foul,L,R,SD,NYM,92.80,79.40,72,3,1,2025,2025-07
2025-07-29,2025,R,686701,607043,FF,4-Seam Fastball,,foul,L,R,SD,NYM,91.60,78.00,73,3,0,2025,2025-07
2025-07-29,2025,R,686701,607043,FF,4-Seam Fastball,,ball,L,R,SD,NYM,92.60,,,2,0,2025,2025-07
2025-07-29,2025,R,686701,607043,SL,Slider,,ball,L,R,SD,NYM,87.60,,,1,0,2025,2025-07
2025-07-29,2025,R,686701,607043,SL,Slider,,ball,L,R,SD,NYM,87.10,,,0,0,2025,2025-07
2025-07-29,2025,R,686701,607043,FF,4-Seam Fastball,field_out,hit_into_play,L,R,SD,NYM,93.40,87.00,56,0,2,2025,2025-07
2025-07-29,2025,R,686701,607043,FF,4-Seam Fastball,,swinging_strike,L,R,SD,NYM,92.80,,,0,1,2025,2025-07
2025-07-29,2025,R,686701,607043,SL,Slider,,called_strike,L,R,SD,NYM,87.50,,,0,0,2025,2025-07
2025-07-29,2025,R,686701,607043,FF,4-Seam Fastball,strikeout,called_strike,L,R,SD,NYM,94.50,,,2,2,2025,2025-07
2025-07-29,2025,R,686701,607043,SL,Slider,,ball,L,R,SD,NYM,89.60,,,1,2,2025,2025-07
2025-07-29,2025,R,686701,607043,CH,Changeup,,called_strike,L,R,SD,NYM,88.70,,,1,1,2025,2025-07
2025-07-29,2025,R,686701,607043,FF,4-Seam Fastball,,called_strike,L,R,SD,NYM,93.30,,,1,0,2025,2025-07
2025-07-29,2025,R,686701,607043,FF,4-Seam Fastball,,ball,L,R,SD,NYM,94.00,,,0,0,2025,2025-07
2025-07-29,2025,R,686701,620443,SL,Slider,single,hit_into_play,R,R,SD,NYM,88.70,74.10,15,0,2,2025,2025-07
2025-07-29,2025,R,686701,620443,SL,Slider,,foul,R,R,SD,NYM,87.90,91.20,29,0,1,2025,2025-07
2025-07-29,2025,R,686701,620443,FF,4-Seam Fastball,,called_strike,R,R,SD,NYM,92.20,,,0,0,2025,2025-07
2025-07-29,2025,R,686701,620443,FF,4-Seam Fastball,walk,ball,R,R,SD,NYM,93.60,,,3,2,2025,2025-07
2025-07-29,2025,R,686701,620443,FF,4-Seam Fastball,,foul,R,R,SD,NYM,93.50,76.00,36,3,1,2025,2025-07
2025-07-29,2025,R,686701,620443,SI,Sinker,,ball,R,R,SD,NYM,93.50,,,2,1,2025,2025-07
2025-07-29,2025,R,686701,620443,FF,4-Seam Fastball,,called_strike,R,R,SD,NYM,93.50,,,2,0,2025,2025-07
2025-07-29,2025,R,686701,620443,FF,4-Seam Fastball,,ball,R,R,SD,NYM,93.30,,,1,0,2025,2025-07
2025-07-29,2025,R,686701,620443,FF,4-Seam Fastball,,ball,R,R,SD,NYM,92.90,,,0,0,2025,2025-07
2025-07-29,2025,R,686701,624413,SL,Slider,walk,ball,R,R,SD,NYM,89.00,,,3,1,2025,2025-07
2025-07-29,2025,R,686701,624413,SL,Slider,,called_strike,R,R,SD,NYM,88.10,,,3,0,2025,2025-07
2025-07-29,2025,R,686701,624413,SI,Sinker,,ball,R,R,SD,NYM,91.90,,,2,0,2025,2025-07
2025-07-29,2025,R,686701,624413,SL,Slider,,ball,R,R,SD,NYM,87.90,,,1,0,2025,2025-07
2025-07-29,2025,R,686701,624413,ST,Sweeper,,ball,R,R,SD,NYM,83.80,,,0,0,2025,2025-07
2025-07-29,2025,R,686701,624413,FF,4-Seam Fastball,field_out,hit_into_play,R,R,SD,NYM,93.20,99.30,-14,3,1,2025,2025-07
2025-07-29,2025,R,686701,624413,SL,Slider,,ball,R,R,SD,NYM,87.30,,,2,1,2025,2025-07
2025-07-29,2025,R,686701,624413,SL,Slider,,swinging_strike,R,R,SD,NYM,88.30,,,2,0,2025,2025-07
2025-07-29,2025,R,686701,624413,SI,Sinker,,ball,R,R,SD,NYM,92.80,,,1,0,2025,2025-07
2025-07-29,2025,R,686701,624413,SL,Slider,,ball,R,R,SD,NYM,87.60,,,0,0,2025,2025-07
2025-07-29,2025,R,686701,643446,CH,Changeup,field_out,hit_into_play,L,R,SD,NYM,87.90,92.00,30,1,2,2025,2025-07
2025-07-29,2025,R,686701,643446,SL,Slider,,foul,L,R,SD,NYM,88.30,,,1,1,2025,2025-07
2025-07-29,2025,R,686701,643446,CH,Changeup,,swinging_strike,L,R,SD,NYM,86.10,,,1,0,2025,2025-07
2025-07-29,2025,R,686701,643446,CH,Changeup,,ball,L,R,SD,NYM,86.90,,,0,0,2025,2025-07
2025-07-29,2025,R,686701,643446,FF,4-Seam Fastball,single,hit_into_play,L,R,SD,NYM,94.50,97.20,11,0,0,2025,2025-07
2025-07-29,2025,R,686701,665742,FF,4-Seam Fastball,field_out,hit_into_play,L,R,SD,NYM,94.10,95.90,7,2,2,2025,2025-07
2025-07-29,2025,R,686701,665742,CH,Changeup,,ball,L,R,SD,NYM,87.00,,,1,2,2025,2025-07
2025-07-29,2025,R,686701,665742,SL,Slider,,ball,L,R,SD,NYM,88.40,,,0,2,2025,2025-07
2025-07-29,2025,R,686701,665742,SL,Slider,,foul,L,R,SD,NYM,88.50,,,0,2,2025,2025-07
2025-07-29,2025,R,686701,665742,CH,Changeup,,called_strike,L,R,SD,NYM,87.50,,,0,1,2025,2025-07
2025-07-29,2025,R,686701,665742,SL,Slider,,called_strike,L,R,SD,NYM,87.50,,,0,0,2025,2025-07
2025-07-29,2025,R,686701,665742,SI,Sinker,field_out,hit_into_play,L,R,SD,NYM,93.80,94.50,30,1,0,2025,2025-07
2025-07-29,2025,R,686701,665742,ST,Sweeper,,ball,L,R,SD,NYM,85.70,,,0,0,2025,2025-07
2025-07-29,2025,R,686701,668901,SL,Slider,fielders_choice,hit_into_play,R,R,SD,NYM,88.40,69.00,-14,3,2,2025,2025-07
2025-07-29,2025,R,686701,668901,SL,Slider,,blocked_ball,R,R,SD,NYM,88.00,,,2,2,2025,2025-07
2025-07-29,2025,R,686701,668901,SL,Slider,,swinging_strike,R,R,SD,NYM,88.80,,,2,1,2025,2025-07
2025-07-29,2025,R,686701,668901,SL,Slider,,foul_tip,R,R,SD,NYM,88.40,,,2,0,2025,2025-07
2025-07-29,2025,R,686701,668901,SI,Sinker,,ball,R,R,SD,NYM,92.40,,,1,0,2025,2025-07
2025-07-29,2025,R,686701,668901,SL,Slider,,ball,R,R,SD,NYM,88.80,,,0,0,2025,2025-07
2025-07-29,2025,R,686701,668901,ST,Sweeper,force_out,hit_into_play,R,R,SD,NYM,83.80,104.40,0,0,2,2025,2025-07
2025-07-29,2025,R,686701,668901,ST,Sweeper,,swinging_strike,R,R,SD,NYM,83.70,,,0,1,2025,2025-07
2025-07-29,2025,R,686701,668901,SI,Sinker,,called_strike,R,R,SD,NYM,92.10,,,0,0,2025,2025-07
2025-07-29,2025,R,686701,677595,SL,Slider,strikeout,called_strike,L,R,SD,NYM,88.30,,,0,2,2025,2025-07
2025-07-29,2025,R,686701,677595,CH,Changeup,,foul,L,R,SD,NYM,87.10,80.10,63,0,1,2025,2025-07
2025-07-29,2025,R,686701,677595,SL,Slider,,foul_tip,L,R,SD,NYM,88.10,,,0,0,2025,2025-07
2025-07-29,2025,R,686701,677595,FF,4-Seam Fastball,field_out,hit_into_play,L,R,SD,NYM,92.90,86.70,72,2,1,2025,2025-07
2025-07-29,2025,R,686701,677595,CH,Changeup,,ball,L,R,SD,NYM,88.00,,,1,1,2025,2025-07
2025-07-29,2025,R,686701,677595,CH,Changeup,,foul,L,R,SD,NYM,86.50,59.50,57,1,0,2025,2025-07
2025-07-29,2025,R,686701,677595,SL,Slider,,ball,L,R,SD,NYM,85.10,,,0,0,2025,2025-07
2025-07-29,2025,R,686701,683146,FF,4-Seam Fastball,walk,ball,L,R,SD,NYM,92.30,,,3,1,2025,2025-07
2025-07-29,2025,R,686701,683146,FF,4-Seam Fastball,,ball,L,R,SD,NYM,92.70,,,2,1,2025,2025-07
2025-07-29,2025,R,686701,683146,FF,4-Seam Fastball,,called_strike,L,R,SD,NYM,92.40,,,2,0,2025,2025-07
2025-07-29,2025,R,686701,683146,ST,Sweeper,,ball,L,R,SD,NYM,83.50,,,1,0,2025,2025-07
2025-07-29,2025,R,686701,683146,FF,4-Seam Fastball,,ball,L,R,SD,NYM,91.80,,,0,0,2025,2025-07
2025-07-29,2025,R,686701,683146,FF,4-Seam Fastball,field_out,hit_into_play,L,R,SD,NYM,92.90,90.60,54,0,0,2025,2025-07
2025-07-29,2025,R,686973,596115,FF,4-Seam Fastball,double,hit_into_play,R,R,MIN,BOS,98.30,97.20,22,1,2,2025,2025-07
2025-07-29,2025,R,686973,596115,FF,4-Seam Fastball,,foul,R,R,MIN,BOS,98.60,104.60,3,1,2,2025,2025-07
2025-07-29,2025,R,686973,596115,KC,Knuckle Curve,,blocked_ball,R,R,MIN,BOS,88.30,,,0,2,2025,2025-07
2025-07-29,2025,R,686973,596115,FF,4-Seam Fastball,,foul,R,R,MIN,BOS,98.00,88.80,47,0,2,2025,2025-07
2025-07-29,2025,R,686973,596115,KC,Knuckle Curve,,called_strike,R,R,MIN,BOS,87.40,,,0,1,2025,2025-07
2025-07-29,2025,R,686973,596115,FF,4-Seam Fastball,,foul,R,R,MIN,BOS,97.30,,,0,0,2025,2025-07
2025-07-29,2025,R,686973,608324,KC,Knuckle Curve,field_error,hit_into_play,R,R,MIN,BOS,86.90,62.80,-41,0,2,2025,2025-07
2025-07-29,2025,R,686973,608324,FF,4-Seam Fastball,,foul,R,R,MIN,BOS,98.40,78.90,43,0,1,2025,2025-07
2025-07-29,2025,R,686973,608324,SI,Sinker,,called_strike,R,R,MIN,BOS,97.00,,,0,0,2025,2025-07
2025-07-29,2025,R,686973,665966,SI,Sinker,field_out,hit_into_play,R,R,MIN,BOS,97.50,99.20,2,0,1,2025,2025-07
2025-07-29,2025,R,686973,665966,SI,Sinker,,called_strike,R,R,MIN,BOS,97.60,,,0,0,2025,2025-07
2025-07-29,2025,R,686973,677800,KC,Knuckle Curve,double,hit_into_play,L,R,MIN,BOS,87.40,109.30,13,0,2,2025,2025-07
2025-07-29,2025,R,686973,677800,KC,Knuckle Curve,,foul,L,R,MIN,BOS,88.20,90.50,-21,0,1,2025,2025-07
2025-07-29,2025,R,686973,677800,KC,Knuckle Curve,,swinging_strike,L,R,MIN,BOS,88.40,,,0,0,2025,2025-07
2025-07-29,2025,R,686973,680776,FF,4-Seam Fastball,field_out,hit_into_play,L,R,MIN,BOS,97.70,97.00,26,1,1,2025,2025-07
2025-07-29,2025,R,686973,680776,KC,Knuckle Curve,,blocked_ball,L,R,MIN,BOS,87.20,,,0,1,2025,2025-07
2025-07-29,2025,R,686973,680776,KC,Knuckle Curve,,called_strike,L,R,MIN,BOS,87.40,,,0,0,2025,2025-07
2025-07-29,2025,R,686973,701350,KC,Knuckle Curve,field_out,hit_into_play,L,R,MIN,BOS,88.00,102.80,-4,2,2,2025,2025-07
2025-07-29,2025,R,686973,701350,FF,4-Seam Fastball,,foul,L,R,MIN,BOS,98.10,97.10,20,2,1,2025,2025-07
2025-07-29,2025,R,686973,701350,KC,Knuckle Curve,,called_strike,L,R,MIN,BOS,86.40,,,2,0,2025,2025-07
2025-07-29,2025,R,686973,701350,KC,Knuckle Curve,,ball,L,R,MIN,BOS,85.60,,,1,0,2025,2025-07
2025-07-29,2025,R,686973,701350,KC,Knuckle Curve,,ball,L,R,MIN,BOS,86.70,,,0,0,2025,2025-07
2025-07-29,2025,R,687064,623168,FS,Split-Finger,single,hit_into_play,L,R,BAL,TOR,86.50,91.80,-7,0,2,2025,2025-07
2025-07-29,2025,R,687064,623168,CU,Curveball,,foul,L,R,BAL,TOR,75.60,83.00,31,0,1,2025,2025-07
2025-07-29,2025,R,687064,623168,FF,4-Seam Fastball,,foul,L,R,BAL,TOR,93.50,97.10,40,0,0,2025,2025-07
2025-07-29,2025,R,687064,623168,CH,Changeup,single,hit_into_play,L,R,BAL,TOR,86.40,99.10,9,2,1,2025,2025-07
2025-07-29,2025,R,687064,623168,FC,Cutter,,called_strike,L,R,BAL,TOR,86.80,,,2,0,2025,2025-07
2025-07-29,2025,R,687064,623168,FF,4-Seam Fastball,,ball,L,R,BAL,TOR,93.60,,,1,0,2025,2025-07
2025-07-29,2025,R,687064,623168,FF,4-Seam Fastball,,ball,L,R,BAL,TOR,93.40,,,0,0,2025,2025-07
2025-07-29,2025,R,687064,664702,SL,Slider,force_out,hit_into_play,R,R,BAL,TOR,84.10,88.20,-3,1,1,2025,2025-07
2025-07-29,2025,R,687064,664702,SL,Slider,,called_strike,R,R,BAL,TOR,82.20,,,1,0,2025,2025-07
2025-07-29,2025,R,687064,664702,SL,Slider,,ball,R,R,BAL,TOR,85.00,,,0,0,2025,2025-07
2025-07-29,2025,R,687064,664702,FC,Cutter,sac_bunt,hit_into_play,R,R,BAL,TOR,87.10,30.20,-26,0,0,2025,2025-07
2025-07-29,2025,R,687064,664770,FF,4-Seam Fastball,field_out,hit_into_play,L,R,BAL,TOR,94.20,91.90,31,0,2,2025,2025-07
2025-07-29,2025,R,687064,664770,FF,4-Seam Fastball,,foul,L,R,BAL,TOR,93.70,67.70,40,0,1,2025,2025-07
2025-07-29,2025,R,687064,664770,FF,4-Seam Fastball,,foul,L,R,BAL,TOR,93.20,,,0,0,2025,2025-07
2025-07-29,2025,R,687064,664770,CU,Curveball,field_out,hit_into_play,L,R,BAL,TOR,77.30,26.20,-75,1,2,2025,2025-07
2025-07-29,2025,R,687064,664770,FF,4-Seam Fastball,,ball,L,R,BAL,TOR,95.40,,,0,2,2025,2025-07
2025-07-29,2025,R,687064,664770,FF,4-Seam Fastball,,foul,L,R,BAL,TOR,94.80,67.40,42,0,1,2025,2025-07
2025-07-29,2025,R,687064,664770,CU,Curveball,,foul,L,R,BAL,TOR,77.30,70.90,62,0,0,2025,2025-07
2025-07-29,2025,R,687064,664770,FC,Cutter,field_out,hit_into_play,L,R,BAL,TOR,86.10,89.20,46,0,1,2025,2025-07
2025-07-29,2025,R,687064,664770,FF,4-Seam Fastball,,swinging_strike,L,R,BAL,TOR,93.90,,,0,0,2025,2025-07
2025-07-29,2025,R,687064,665489,FF,4-Seam Fastball,field_out,hit_into_play,R,R,BAL,TOR,93.90,72.30,60,0,1,2025,2025-07
2025-07-29,2025,R,687064,665489,FC,Cutter,,called_strike,R,R,BAL,TOR,86.80,,,0,0,2025,2025-07
2025-07-29,2025,R,687064,665489,SL,Slider,field_out,hit_into_play,R,R,BAL,TOR,83.10,95.40,9,1,1,2025,2025-07
2025-07-29,2025,R,687064,665489,FS,Split-Finger,,ball,R,R,BAL,TOR,86.90,,,0,1,2025,2025-07
2025-07-29,2025,R,687064,665489,FF,4-Seam Fastball,,called_strike,R,R,BAL,TOR,93.30,,,0,0,2025,2025-07
2025-07-29,2025,R,687064,665489,FC,Cutter,walk,ball,R,R,BAL,TOR,85.80,,,3,1,2025,2025-07
2025-07-29,2025,R,687064,665489,FF,4-Seam Fastball,,called_strike,R,R,BAL,TOR,94.10,,,3,0,2025,2025-07
2025-07-29,2025,R,687064,665489,FF,4-Seam Fastball,,ball,R,R,BAL,TOR,94.60,,,2,0,2025,2025-07
2025-07-29,2025,R,687064,665489,CU,Curveball,,ball,R,R,BAL,TOR,77.40,,,1,0,2025,2025-07
2025-07-29,2025,R,687064,665489,SL,Slider,,ball,R,R,BAL,TOR,85.30,,,0,0,2025,2025-07
2025-07-29,2025,R,687064,666182,SL,Slider,field_out,hit_into_play,R,R,BAL,TOR,82.60,78.10,7,1,2,2025,2025-07
2025-07-29,2025,R,687064,666182,CU,Curveball,,ball,R,R,BAL,TOR,76.90,,,0,2,2025,2025-07
2025-07-29,2025,R,687064,666182,FF,4-Seam Fastball,,foul,R,R,BAL,TOR,95.80,97.00,9,0,2,2025,2025-07
2025-07-29,2025,R,687064,666182,CU,Curveball,,swinging_strike,R,R,BAL,TOR,76.30,,,0,1,2025,2025-07
2025-07-29,2025,R,687064,666182,FF,4-Seam Fastball,,foul,R,R,BAL,TOR,92.80,74.10,27,0,0,2025,2025-07
2025-07-29,2025,R,687064,666182,FF,4-Seam Fastball,strikeout,swinging_strike,R,R,BAL,TOR,96.70,,,1,2,2025,2025-07
2025-07-29,2025,R,687064,666182,FF,4-Seam Fastball,,swinging_strike,R,R,BAL,TOR,95.80,,,1,1,2025,2025-07
2025-07-29,2025,R,687064,666182,FF,4-Seam Fastball,,foul_tip,R,R,BAL,TOR,94.80,,,1,0,2025,2025-07
2025-07-29,2025,R,687064,666182,SL,Slider,,ball,R,R,BAL,TOR,84.60,,,0,0,2025,2025-07
2025-07-29,2025,R,687064,666182,SL,Slider,strikeout,swinging_strike,R,R,BAL,TOR,85.30,,,1,2,2025,2025-07
2025-07-29,2025,R,687064,666182,CU,Curveball,,ball,R,R,BAL,TOR,77.10,,,0,2,2025,2025-07
2025-07-29,2025,R,687064,666182,FF,4-Seam Fastball,,foul,R,R,BAL,TOR,94.60,,,0,1,2025,2025-07
2025-07-29,2025,R,687064,666182,FF,4-Seam Fastball,,called_strike,R,R,BAL,TOR,94.80,,,0,0,2025,2025-07
2025-07-29,2025,R,687064,676391,FF,4-Seam Fastball,strikeout,called_strike,R,R,BAL,TOR,95.80,,,2,2,2025,2025-07
2025-07-29,2025,R,687064,676391,SL,Slider,,foul,R,R,BAL,TOR,84.40,74.50,69,2,1,2025,2025-07
2025-07-29,2025,R,687064,676391,CU,Curveball,,ball,R,R,BAL,TOR,77.50,,,1,1,2025,2025-07
2025-07-29,2025,R,687064,676391,CU,Curveball,,called_strike,R,R,BAL,TOR,76.90,,,1,0,2025,2025-07
2025-07-29,2025,R,687064,676391,SL,Slider,,ball,R,R,BAL,TOR,84.10,,,0,0,2025,2025-07
2025-07-29,2025,R,687064,676391,FF,4-Seam Fastball,single,hit_into_play,R,R,BAL,TOR,92.80,93.50,11,0,0,2025,2025-07
2025-07-29,2025,R,687064,676391,FC,Cutter,single,hit_into_play,R,R,BAL,TOR,86.30,95.60,11,0,0,2025,2025-07
2025-07-29,2025,R,687064,676914,FF,4-Seam Fastball,single,hit_into_play,R,R,BAL,TOR,94.40,91.90,1,2,2,2025,2025-07
2025-07-29,2025,R,687064,676914,FS,Split-Finger,,ball,R,R,BAL,TOR,87.50,,,1,2,2025,2025-07
2025-07-29,2025,R,687064,676914,FF,4-Seam Fastball,,called_strike,R,R,BAL,TOR,93.40,,,1,1,2025,2025-07
2025-07-29,2025,R,687064,676914,SL,Slider,,ball,R,R,BAL,TOR,83.50,,,0,1,2025,2025-07
2025-07-29,2025,R,687064,676914,FF,4-Seam Fastball,,called_strike,R,R,BAL,TOR,91.00,,,0,0,2025,2025-07
2025-07-29,2025,R,687064,676914,FF,4-Seam Fastball,field_out,hit_into_play,R,R,BAL,TOR,94.80,93.10,66,0,2,2025,2025-07
2025-07-29,2025,R,687064,676914,FC,Cutter,,foul,R,R,BAL,TOR,86.10,85.70,-38,0,1,2025,2025-07
2025-07-29,2025,R,687064,676914,FF,4-Seam Fastball,,called_strike,R,R,BAL,TOR,94.50,,,0,0,2025,2025-07
2025-07-29,2025,R,687064,676914,FF,4-Seam Fastball,walk,ball,R,R,BAL,TOR,94.00,,,3,0,2025,2025-07
2025-07-29,2025,R,687064,676914,FF,4-Seam Fastball,,ball,R,R,BAL,TOR,94.70,,,2,0,2025,2025-07
2025-07-29,2025,R,687064,676914,FC,Cutter,,ball,R,R,BAL,TOR,85.70,,,1,0,2025,2025-07
2025-07-29,2025,R,687064,676914,FC,Cutter,,ball,R,R,BAL,TOR,87.20,,,0,0,2025,2025-07
2025-07-29,2025,R,687064,680718,CU,Curveball,strikeout,swinging_strike,L,R,BAL,TOR,76.30,,,2,2,2025,2025-07
2025-07-29,2025,R,687064,680718,FF,4-Seam Fastball,,called_strike,L,R,BAL,TOR,94.60,,,2,1,2025,2025-07
2025-07-29,2025,R,687064,680718,CH,Changeup,,called_strike,L,R,BAL,TOR,86.60,,,2,0,2025,2025-07
2025-07-29,2025,R,687064,680718,FS,Split-Finger,,ball,L,R,BAL,TOR,87.00,,,1,0,2025,2025-07
2025-07-29,2025,R,687064,680718,CU,Curveball,,ball,L,R,BAL,TOR,76.40,,,0,0,2025,2025-07
2025-07-29,2025,R,687064,680718,FC,Cutter,field_out,hit_into_play,L,R,BAL,TOR,86.20,97.00,-21,1,2,2025,2025-07
2025-07-29,2025,R,687064,680718,,,,automatic_ball,L,R,BAL,TOR,,,,0,2,2025,2025-07
2025-07-29,2025,R,687064,680718,FF,4-Seam Fastball,,foul,L,R,BAL,TOR,94.30,88.10,47,0,2,2025,2025-07
2025-07-29,2025,R,687064,680718,CU,Curveball,,foul,L,R,BAL,TOR,76.30,53.70,-51,0,2,2025,2025-07
2025-07-29,2025,R,687064,680718,FF,4-Seam Fastball,,called_strike,L,R,BAL,TOR,93.20,,,0,1,2025,2025-07
2025-07-29,2025,R,687064,680718,CU,Curveball,,called_strike,L,R,BAL,TOR,75.60,,,0,0,2025,2025-07
2025-07-29,2025,R,687064,680718,FF,4-Seam Fastball,single,hit_into_play,L,R,BAL,TOR,94.80,103.10,1,0,1,2025,2025-07
2025-07-29,2025,R,687064,680718,FC,Cutter,,swinging_strike,L,R,BAL,TOR,87.80,,,0,0,2025,2025-07
2025-07-29,2025,R,687064,695238,FS,Split-Finger,double_play,hit_into_play,L,R,BAL,TOR,86.70,81.10,7,0,1,2025,2025-07
2025-07-29,2025,R,687064,695238,FS,Split-Finger,,swinging_strike,L,R,BAL,TOR,85.80,,,0,0,2025,2025-07
2025-07-29,2025,R,687064,695238,FF,4-Seam Fastball,strikeout,swinging_strike,L,R,BAL,TOR,93.50,,,0,2,2025,2025-07
2025-07-29,2025,R,687064,695238,FS,Split-Finger,,swinging_strike,L,R,BAL,TOR,84.90,,,0,1,2025,2025-07
2025-07-29,2025,R,687064,695238,FF,4-Seam Fastball,,foul,L,R,BAL,TOR,92.00,86.10,59,0,0,2025,2025-07
2025-07-29,2025,R,687064,695238,FF,4-Seam Fastball,strikeout,swinging_strike,L,R,BAL,TOR,95.80,,,3,2,2025,2025-07
2025-07-29,2025,R,687064,695238,FF,4-Seam Fastball,,foul,L,R,BAL,TOR,94.90,68.40,55,3,2,2025,2025-07
2025-07-29,2025,R,687064,695238,FF,4-Seam Fastball,,called_strike,L,R,BAL,TOR,95.00,,,3,1,2025,2025-07
2025-07-29,2025,R,687064,695238,FC,Cutter,,ball,L,R,BAL,TOR,87.00,,,2,1,2025,2025-07
2025-07-29,2025,R,687064,695238,FF,4-Seam Fastball,,called_strike,L,R,BAL,TOR,94.80,,,2,0,2025,2025-07
2025-07-29,2025,R,687064,695238,FS,Split-Finger,,ball,L,R,BAL,TOR,87.60,,,1,0,2025,2025-07
2025-07-29,2025,R,687064,695238,FF,4-Seam Fastball,,ball,L,R,BAL,TOR,94.50,,,0,0,2025,2025-07
2025-07-29,2025,R,687330,641857,ST,Sweeper,strikeout,swinging_strike,L,R,NYY,TB,81.70,,,0,2,2025,2025-07
2025-07-29,2025,R,687330,641857,FC,Cutter,,called_strike,L,R,NYY,TB,91.40,,,0,1,2025,2025-07
2025-07-29,2025,R,687330,641857,SI,Sinker,,swinging_strike,L,R,NYY,TB,93.00,,,0,0,2025,2025-07
2025-07-29,2025,R,687330,669224,ST,Sweeper,field_out,hit_into_play,L,R,NYY,TB,79.90,101.90,32,0,0,2025,2025-07
2025-07-29,2025,R,687330,683011,SI,Sinker,home_run,hit_into_play,R,R,NYY,TB,92.80,109.80,27,3,2,2025,2025-07
2025-07-29,2025,R,687330,683011,SI,Sinker,,called_strike,R,R,NYY,TB,92.60,,,3,1,2025,2025-07
2025-07-29,2025,R,687330,683011,SI,Sinker,,ball,R,R,NYY,TB,91.30,,,2,1,2025,2025-07
2025-07-29,2025,R,687330,683011,SI,Sinker,,called_strike,R,R,NYY,TB,92.20,,,2,0,2025,2025-07
2025-07-29,2025,R,687330,683011,SI,Sinker,,ball,R,R,NYY,TB,91.80,,,1,0,2025,2025-07
2025-07-29,2025,R,687330,683011,SI,Sinker,,ball,R,R,NYY,TB,92.80,,,0,0,2025,2025-07
2025-07-29,2025,R,687330,691176,SI,Sinker,field_out,hit_into_play,L,R,NYY,TB,93.00,107.30,-13,0,1,2025,2025-07
2025-07-29,2025,R,687330,691176,SI,Sinker,,foul,L,R,NYY,TB,92.90,85.70,26,0,0,2025,2025-07
2025-07-29,2025,R,687911,656180,CH,Changeup,field_out,hit_into_play,R,L,HOU,WSH,85.20,95.90,51,0,1,2025,2025-07
2025-07-29,2025,R,687911,656180,ST,Sweeper,,called_strike,R,L,HOU,WSH,78.50,,,0,0,2025,2025-07
2025-07-29,2025,R,687911,671277,ST,Sweeper,field_out,hit_into_play,L,L,HOU,WSH,81.10,91.90,55,1,1,2025,2025-07
2025-07-29,2025,R,687911,671277,FF,4-Seam Fastball,,foul_tip,L,L,HOU,WSH,91.00,,,1,0,2025,2025-07
2025-07-29,2025,R,687911,671277,FF,4-Seam Fastball,,ball,L,L,HOU,WSH,91.10,,,0,0,2025,2025-07
2025-07-29,2025,R,687911,682928,FF,4-Seam Fastball,single,hit_into_play,L,L,HOU,WSH,92.20,104.70,3,0,0,2025,2025-07
2025-07-29,2025,R,687911,695578,ST,Sweeper,single,hit_into_play,L,L,HOU,WSH,80.90,88.90,20,0,1,2025,2025-07
2025-07-29,2025,R,687911,695578,ST,Sweeper,,swinging_strike,L,L,HOU,WSH,80.20,,,0,0,2025,2025-07
2025-07-29,2025,R,687911,695734,SI,Sinker,single,hit_into_play,L,L,HOU,WSH,90.40,105.30,2,2,1,2025,2025-07
2025-07-29,2025,R,687911,695734,FF,4-Seam Fastball,,ball,L,L,HOU,WSH,90.90,,,1,1,2025,2025-07
2025-07-29,2025,R,687911,695734,FF,4-Seam Fastball,,called_strike,L,L,HOU,WSH,90.30,,,1,0,2025,2025-07
2025-07-29,2025,R,687911,695734,FF,4-Seam Fastball,,ball,L,L,HOU,WSH,89.30,,,0,0,2025,2025-07
2025-07-29,2025,R,687911,696285,FF,4-Seam Fastball,strikeout,swinging_strike,R,L,HOU,WSH,92.90,,,2,2,2025,2025-07
2025-07-29,2025,R,687911,696285,CH,Changeup,,foul,R,L,HOU,WSH,87.20,87.40,-52,2,2,2025,2025-07
2025-07-29,2025,R,687911,696285,ST,Sweeper,,ball,R,L,HOU,WSH,82.90,,,1,2,2025,2025-07
2025-07-29,2025,R,687911,696285,FF,4-Seam Fastball,,foul,R,L,HOU,WSH,92.60,77.40,35,1,2,2025,2025-07
2025-07-29,2025,R,687911,696285,FF,4-Seam Fastball,,foul,R,L,HOU,WSH,91.50,,,1,1,2025,2025-07
2025-07-29,2025,R,687911,696285,FF,4-Seam Fastball,,ball,R,L,HOU,WSH,90.90,,,0,1,2025,2025-07
2025-07-29,2025,R,687911,696285,ST,Sweeper,,called_strike,R,L,HOU,WSH,77.40,,,0,0,2025,2025-07
2025-07-29,2025,R,687922,602104,FF,4-Seam Fastball,sac_fly,hit_into_play,R,L,BAL,TOR,95.50,90.60,49,1,2,2025,2025-07
2025-07-29,2025,R,687922,602104,ST,Sweeper,,foul,R,L,BAL,TOR,82.50,91.30,59,1,2,2025,2025-07
2025-07-29,2025,R,687922,602104,FF,4-Seam Fastball,,foul,R,L,BAL,TOR,95.20,79.00,84,1,2,2025,2025-07
2025-07-29,2025,R,687922,602104,CH,Changeup,,foul,R,L,BAL,TOR,87.90,63.40,-52,1,2,2025,2025-07
2025-07-29,2025,R,687922,602104,FC,Cutter,,foul,R,L,BAL,TOR,93.30,90.30,18,1,2,2025,2025-07
2025-07-29,2025,R,687922,602104,FF,4-Seam Fastball,,foul,R,L,BAL,TOR,95.30,,,1,1,2025,2025-07
2025-07-29,2025,R,687922,602104,FF,4-Seam Fastball,,swinging_strike,R,L,BAL,TOR,95.20,,,1,0,2025,2025-07
2025-07-29,2025,R,687922,602104,CH,Changeup,,ball,R,L,BAL,TOR,88.40,,,0,0,2025,2025-07
2025-07-29,2025,R,687922,602104,SL,Slider,single,hit_into_play,R,L,BAL,TOR,85.40,100.80,9,0,0,2025,2025-07
2025-07-29,2025,R,687922,641933,FF,4-Seam Fastball,walk,ball,R,L,BAL,TOR,95.20,,,3,2,2025,2025-07
2025-07-29,2025,R,687922,641933,SL,Slider,,ball,R,L,BAL,TOR,86.20,,,2,2,2025,2025-07
2025-07-29,2025,R,687922,641933,FF,4-Seam Fastball,,ball,R,L,BAL,TOR,95.60,,,1,2,2025,2025-07
2025-07-29,2025,R,687922,641933,CH,Changeup,,foul,R,L,BAL,TOR,90.10,94.90,-7,1,1,2025,2025-07
2025-07-29,2025,R,687922,641933,FC,Cutter,,ball,R,L,BAL,TOR,92.60,,,0,1,2025,2025-07
2025-07-29,2025,R,687922,641933,FC,Cutter,,foul,R,L,BAL,TOR,92.20,,,0,0,2025,2025-07
2025-07-29,2025,R,687922,641933,FF,4-Seam Fastball,sac_fly,hit_into_play,R,L,BAL,TOR,95.40,91.20,22,3,2,2025,2025-07
2025-07-29,2025,R,687922,641933,CH,Changeup,,ball,R,L,BAL,TOR,90.70,,,2,2,2025,2025-07
2025-07-29,2025,R,687922,641933,FF,4-Seam Fastball,,ball,R,L,BAL,TOR,97.00,,,1,2,2025,2025-07
2025-07-29,2025,R,687922,641933,FF,4-Seam Fastball,,foul,R,L,BAL,TOR,95.90,80.20,65,1,1,2025,2025-07
2025-07-29,2025,R,687922,641933,CH,Changeup,,foul,R,L,BAL,TOR,89.70,70.00,52,1,0,2025,2025-07
2025-07-29,2025,R,687922,641933,FC,Cutter,,ball,R,L,BAL,TOR,93.20,,,0,0,2025,2025-07
2025-07-29,2025,R,687922,656577,FF,4-Seam Fastball,field_out,hit_into_play,R,L,BAL,TOR,97.20,82.40,64,0,1,2025,2025-07
2025-07-29,2025,R,687922,656577,FF,4-Seam Fastball,,swinging_strike,R,L,BAL,TOR,95.50,,,0,0,2025,2025-07
2025-07-29,2025,R,687922,656775,FF,4-Seam Fastball,sac_fly,hit_into_play,L,L,BAL,TOR,95.80,90.20,44,1,1,2025,2025-07
2025-07-29,2025,R,687922,656775,FF,4-Seam Fastball,,swinging_strike,L,L,BAL,TOR,94.60,,,1,0,2025,2025-07
2025-07-29,2025,R,687922,656775,SL,Slider,,ball,L,L,BAL,TOR,84.60,,,0,0,2025,2025-07
2025-07-29,2025,R,687922,656775,FC,Cutter,sac_fly,hit_into_play,L,L,BAL,TOR,90.10,91.40,34,3,2,2025,2025-07
2025-07-29,2025,R,687922,656775,FF,4-Seam Fastball,,foul,L,L,BAL,TOR,94.70,73.20,29,3,2,2025,2025-07
2025-07-29,2025,R,687922,656775,SL,Slider,,foul,L,L,BAL,TOR,84.90,63.90,49,3,2,2025,2025-07
2025-07-29,2025,R,687922,656775,SL,Slider,,foul,L,L,BAL,TOR,86.30,60.80,44,3,2,2025,2025-07
2025-07-29,2025,R,687922,656775,FF,4-Seam Fastball,,ball,L,L,BAL,TOR,95.20,,,2,2,2025,2025-07
2025-07-29,2025,R,687922,656775,FF,4-Seam Fastball,,ball,L,L,BAL,TOR,96.90,,,1,2,2025,2025-07
2025-07-29,2025,R,687922,656775,FF,4-Seam Fastball,,foul,L,L,BAL,TOR,96.00,66.10,62,1,1,2025,2025-07
2025-07-29,2025,R,687922,656775,SL,Slider,,ball,L,L,BAL,TOR,84.80,,,0,1,2025,2025-07
2025-07-29,2025,R,687922,656775,FF,4-Seam Fastball,,swinging_strike,L,L,BAL,TOR,95.60,,,0,0,2025,2025-07
2025-07-29,2025,R,687922,657656,SL,Slider,single,hit_into_play,R,L,BAL,TOR,84.60,106.10,11,2,2,2025,2025-07
2025-07-29,2025,R,687922,657656,FF,4-Seam Fastball,,ball,R,L,BAL,TOR,95.60,,,1,2,2025,2025-07
2025-07-29,2025,R,687922,657656,CH,Changeup,,foul,R,L,BAL,TOR,88.40,91.50,62,1,1,2025,2025-07
2025-07-29,2025,R,687922,657656,FF,4-Seam Fastball,,ball,R,L,BAL,TOR,92.20,,,0,1,2025,2025-07
2025-07-29,2025,R,687922,657656,FF,4-Seam Fastball,,swinging_strike,R,L,BAL,TOR,93.90,,,0,0,2025,2025-07
2025-07-29,2025,R,687922,657656,CH,Changeup,fielders_choice,hit_into_play,R,L,BAL,TOR,88.60,70.50,9,1,1,2025,2025-07
2025-07-29,2025,R,687922,657656,CH,Changeup,,called_strike,R,L,BAL,TOR,87.90,,,1,0,2025,2025-07
2025-07-29,2025,R,687922,657656,FC,Cutter,,ball,R,L,BAL,TOR,89.50,,,0,0,2025,2025-07
2025-07-29,2025,R,687922,676059,FF,4-Seam Fastball,field_out,hit_into_play,R,L,BAL,TOR,95.60,103.00,39,1,1,2025,2025-07
2025-07-29,2025,R,687922,676059,CH,Changeup,,ball,R,L,BAL,TOR,89.80,,,0,1,2025,2025-07
2025-07-29,2025,R,687922,676059,CH,Changeup,,called_strike,R,L,BAL,TOR,90.40,,,0,0,2025,2025-07
2025-07-29,2025,R,687922,676059,FF,4-Seam Fastball,double,hit_into_play,R,L,BAL,TOR,95.30,109.10,19,0,0,2025,2025-07
2025-07-29,2025,R,687922,681297,FF,4-Seam Fastball,strikeout,swinging_strike,L,L,BAL,TOR,94.90,,,3,2,2025,2025-07
2025-07-29,2025,R,687922,681297,FF,4-Seam Fastball,,foul,L,L,BAL,TOR,94.70,103.30,44,3,2,2025,2025-07
2025-07-29,2025,R,687922,681297,FF,4-Seam Fastball,,ball,L,L,BAL,TOR,95.60,,,2,2,2025,2025-07
2025-07-29,2025,R,687922,681297,SL,Slider,,ball,L,L,BAL,TOR,84.50,,,1,2,2025,2025-07
2025-07-29,2025,R,687922,681297,SL,Slider,,called_strike,L,L,BAL,TOR,84.30,,,1,1,2025,2025-07
2025-07-29,2025,R,687922,681297,ST,Sweeper,,ball,L,L,BAL,TOR,81.50,,,0,1,2025,2025-07
2025-07-29,2025,R,687922,681297,FF,4-Seam Fastball,,called_strike,L,L,BAL,TOR,93.80,,,0,0,2025,2025-07
2025-07-29,2025,R,687922,683002,FF,4-Seam Fastball,single,hit_into_play,L,L,BAL,TOR,95.80,99.90,12,3,2,2025,2025-07
2025-07-29,2025,R,687922,683002,FF,4-Seam Fastball,,foul,L,L,BAL,TOR,95.80,,,3,1,2025,2025-07
2025-07-29,2025,R,687922,683002,FC,Cutter,,ball,L,L,BAL,TOR,92.70,,,2,1,2025,2025-07
2025-07-29,2025,R,687922,683002,SL,Slider,,blocked_ball,L,L,BAL,TOR,85.40,,,1,1,2025,2025-07
2025-07-29,2025,R,687922,683002,FF,4-Seam Fastball,,ball,L,L,BAL,TOR,95.20,,,0,1,2025,2025-07
2025-07-29,2025,R,687922,683002,FF,4-Seam Fastball,,swinging_strike,L,L,BAL,TOR,96.10,,,0,0,2025,2025-07
2025-07-29,2025,R,687922,683002,FF,4-Seam Fastball,walk,ball,L,L,BAL,TOR,95.50,,,3,2,2025,2025-07
2025-07-29,2025,R,687922,683002,FF,4-Seam Fastball,,foul,L,L,BAL,TOR,96.70,79.00,71,3,1,2025,2025-07
2025-07-29,2025,R,687922,683002,SL,Slider,,ball,L,L,BAL,TOR,86.40,,,2,1,2025,2025-07
2025-07-29,2025,R,687922,683002,FF,4-Seam Fastball,,called_strike,L,L,BAL,TOR,95.90,,,2,0,2025,2025-07
2025-07-29,2025,R,687922,683002,FF,4-Seam Fastball,,ball,L,L,BAL,TOR,95.60,,,1,0,2025,2025-07
2025-07-29,2025,R,687922,683002,SL,Slider,,ball,L,L,BAL,TOR,85.80,,,0,0,2025,2025-07
2025-07-29,2025,R,687922,691723,FF,4-Seam Fastball,field_out,hit_into_play,R,L,BAL,TOR,97.10,62.30,-10,2,1,2025,2025-07
2025-07-29,2025,R,687922,691723,FC,Cutter,,foul,R,L,BAL,TOR,91.10,103.30,-9,2,0,2025,2025-07
2025-07-29,2025,R,687922,691723,CH,Changeup,,ball,R,L,BAL,TOR,88.80,,,1,0,2025,2025-07
2025-07-29,2025,R,687922,691723,FC,Cutter,,ball,R,L,BAL,TOR,93.50,,,0,0,2025,2025-07
2025-07-29,2025,R,688138,609280,SI,Sinker,double,hit_into_play,R,R,ATH,SEA,91.90,96.20,14,0,1,2025,2025-07
2025-07-29,2025,R,688138,609280,SI,Sinker,,foul,R,R,ATH,SEA,92.20,71.70,50,0,0,2025,2025-07
2025-07-29,2025,R,688138,609280,CH,Changeup,double,hit_into_play,R,R,ATH,SEA,88.00,104.70,15,1,2,2025,2025-07
2025-07-29,2025,R,688138,609280,ST,Sweeper,,foul,R,R,ATH,SEA,83.80,64.10,69,1,2,2025,2025-07
2025-07-29,2025,R,688138,609280,SI,Sinker,,foul,R,R,ATH,SEA,91.80,87.40,10,1,1,2025,2025-07
2025-07-29,2025,R,688138,609280,FC,Cutter,,called_strike,R,R,ATH,SEA,85.70,,,1,0,2025,2025-07
2025-07-29,2025,R,688138,609280,ST,Sweeper,,ball,R,R,ATH,SEA,82.40,,,0,0,2025,2025-07
2025-07-29,2025,R,688138,609280,SI,Sinker,strikeout,foul_tip,R,R,ATH,SEA,93.60,,,2,2,2025,2025-07
2025-07-29,2025,R,688138,609280,ST,Sweeper,,ball,R,R,ATH,SEA,83.50,,,1,2,2025,2025-07
2025-07-29,2025,R,688138,609280,FC,Cutter,,swinging_strike,R,R,ATH,SEA,87.00,,,1,1,2025,2025-07
2025-07-29,2025,R,688138,609280,SI,Sinker,,called_strike,R,R,ATH,SEA,93.10,,,1,0,2025,2025-07
2025-07-29,2025,R,688138,609280,SI,Sinker,,ball,R,R,ATH,SEA,94.30,,,0,0,2025,2025-07
2025-07-29,2025,R,688138,649966,FC,Cutter,field_out,hit_into_play,R,R,ATH,SEA,85.00,87.70,-19,0,1,2025,2025-07
2025-07-29,2025,R,688138,649966,CH,Changeup,,called_strike,R,R,ATH,SEA,89.20,,,0,0,2025,2025-07
2025-07-29,2025,R,688138,649966,SI,Sinker,strikeout,called_strike,R,R,ATH,SEA,92.90,,,3,2,2025,2025-07
2025-07-29,2025,R,688138,649966,SI,Sinker,,foul,R,R,ATH,SEA,94.40,83.50,38,3,2,2025,2025-07
2025-07-29,2025,R,688138,649966,CU,Curveball,,blocked_ball,R,R,ATH,SEA,81.20,,,2,2,2025,2025-07
2025-07-29,2025,R,688138,649966,ST,Sweeper,,ball,R,R,ATH,SEA,85.20,,,1,2,2025,2025-07
2025-07-29,2025,R,688138,649966,FC,Cutter,,ball,R,R,ATH,SEA,89.20,,,0,2,2025,2025-07
2025-07-29,2025,R,688138,649966,ST,Sweeper,,foul,R,R,ATH,SEA,82.80,52.10,-51,0,2,2025,2025-07
2025-07-29,2025,R,688138,649966,FC,Cutter,,foul,R,R,ATH,SEA,88.40,,,0,1,2025,2025-07
2025-07-29,2025,R,688138,649966,SI,Sinker,,called_strike,R,R,ATH,SEA,92.10,,,0,0,2025,2025-07
2025-07-29,2025,R,688138,666126,SI,Sinker,field_out,hit_into_play,L,R,ATH,SEA,93.30,84.70,50,0,0,2025,2025-07
2025-07-29,2025,R,688138,666126,SI,Sinker,field_out,hit_into_play,L,R,ATH,SEA,94.20,91.80,61,0,2,2025,2025-07
2025-07-29,2025,R,688138,666126,SI,Sinker,,foul,L,R,ATH,SEA,93.60,73.90,49,0,1,2025,2025-07
2025-07-29,2025,R,688138,666126,SI,Sinker,,called_strike,L,R,ATH,SEA,93.80,,,0,0,2025,2025-07
2025-07-29,2025,R,688138,667670,SI,Sinker,strikeout,called_strike,R,R,ATH,SEA,93.20,,,1,2,2025,2025-07
2025-07-29,2025,R,688138,667670,SI,Sinker,,foul,R,R,ATH,SEA,92.50,95.60,-20,1,1,2025,2025-07
2025-07-29,2025,R,688138,667670,FC,Cutter,,foul,R,R,ATH,SEA,87.60,70.40,30,1,0,2025,2025-07
2025-07-29,2025,R,688138,667670,FC,Cutter,,ball,R,R,ATH,SEA,89.40,,,0,0,2025,2025-07
2025-07-29,2025,R,688138,667670,CU,Curveball,home_run,hit_into_play,R,R,ATH,SEA,80.90,113.30,24,1,2,2025,2025-07
2025-07-29,2025,R,688138,667670,CH,Changeup,,foul,R,R,ATH,SEA,88.70,86.40,-14,1,2,2025,2025-07
2025-07-29,2025,R,688138,667670,ST,Sweeper,,foul,R,R,ATH,SEA,83.90,64.40,49,1,2,2025,2025-07
2025-07-29,2025,R,688138,667670,SI,Sinker,,foul,R,R,ATH,SEA,92.40,78.00,-32,1,1,2025,2025-07
2025-07-29,2025,R,688138,667670,ST,Sweeper,,called_strike,R,R,ATH,SEA,83.00,,,1,0,2025,2025-07
2025-07-29,2025,R,688138,667670,FC,Cutter,,ball,R,R,ATH,SEA,86.00,,,0,0,2025,2025-07
2025-07-29,2025,R,688138,667670,FC,Cutter,force_out,hit_into_play,R,R,ATH,SEA,87.90,68.70,-41,1,1,2025,2025-07
2025-07-29,2025,R,688138,667670,CH,Changeup,,ball,R,R,ATH,SEA,89.20,,,0,1,2025,2025-07
2025-07-29,2025,R,688138,667670,SI,Sinker,,called_strike,R,R,ATH,SEA,93.80,,,0,0,2025,2025-07
2025-07-29,2025,R,688138,669127,ST,Sweeper,home_run,hit_into_play,R,R,ATH,SEA,81.90,100.30,23,1,0,2025,2025-07
2025-07-29,2025,R,688138,669127,SI,Sinker,,ball,R,R,ATH,SEA,93.50,,,0,0,2025,2025-07
2025-07-29,2025,R,688138,669127,FC,Cutter,double,hit_into_play,R,R,ATH,SEA,87.80,104.40,9,0,0,2025,2025-07
2025-07-29,2025,R,688138,669127,ST,Sweeper,field_out,hit_into_play,R,R,ATH,SEA,85.00,98.70,22,1,2,2025,2025-07
2025-07-29,2025,R,688138,669127,FC,Cutter,,foul,R,R,ATH,SEA,89.30,66.80,29,1,1,2025,2025-07
2025-07-29,2025,R,688138,669127,SI,Sinker,,ball,R,R,ATH,SEA,94.30,,,0,1,2025,2025-07
2025-07-29,2025,R,688138,669127,ST,Sweeper,,called_strike,R,R,ATH,SEA,84.50,,,0,0,2025,2025-07
2025-07-29,2025,R,688138,671732,CH,Changeup,strikeout,swinging_strike,L,R,ATH,SEA,87.60,,,1,2,2025,2025-07
2025-07-29,2025,R,688138,671732,FF,4-Seam Fastball,,ball,L,R,ATH,SEA,93.50,,,0,2,2025,2025-07
2025-07-29,2025,R,688138,671732,FF,4-Seam Fastball,,called_strike,L,R,ATH,SEA,92.90,,,0,1,2025,2025-07
2025-07-29,2025,R,688138,671732,FF,4-Seam Fastball,,called_strike,L,R,ATH,SEA,93.60,,,0,0,2025,2025-07
2025-07-29,2025,R,688138,671732,CH,Changeup,single,hit_into_play,L,R,ATH,SEA,87.30,102.50,5,1,0,2025,2025-07
2025-07-29,2025,R,688138,671732,ST,Sweeper,,ball,L,R,ATH,SEA,83.00,,,0,0,2025,2025-07
2025-07-29,2025,R,688138,671732,CH,Changeup,strikeout,swinging_strike,L,R,ATH,SEA,88.40,,,1,2,2025,2025-07
2025-07-29,2025,R,688138,671732,CU,Curveball,,ball,L,R,ATH,SEA,80.90,,,0,2,2025,2025-07
2025-07-29,2025,R,688138,671732,CH,Changeup,,foul,L,R,ATH,SEA,87.30,64.70,7,0,1,2025,2025-07
2025-07-29,2025,R,688138,671732,SI,Sinker,,called_strike,L,R,ATH,SEA,92.80,,,0,0,2025,2025-07
2025-07-29,2025,R,688138,687231,SI,Sinker,field_out,hit_into_play,R,R,ATH,SEA,92.70,69.40,-41,0,0,2025,2025-07
2025-07-29,2025,R,688138,687231,FC,Cutter,field_out,hit_into_play,R,R,ATH,SEA,86.70,56.00,-32,1,1,2025,2025-07
2025-07-29,2025,R,688138,687231,FC,Cutter,,swinging_strike,R,R,ATH,SEA,87.00,,,1,0,2025,2025-07
2025-07-29,2025,R,688138,687231,SI,Sinker,,ball,R,R,ATH,SEA,91.30,,,0,0,2025,2025-07
2025-07-29,2025,R,688138,691016,FC,Cutter,single,hit_into_play,L,R,ATH,SEA,89.70,100.50,-13,0,0,2025,2025-07
2025-07-29,2025,R,688138,691016,CU,Curveball,strikeout,swinging_strike,L,R,ATH,SEA,81.50,,,2,2,2025,2025-07
2025-07-29,2025,R,688138,691016,SI,Sinker,,called_strike,L,R,ATH,SEA,92.10,,,2,1,2025,2025-07
2025-07-29,2025,R,688138,691016,FC,Cutter,,foul,L,R,ATH,SEA,87.40,,,2,0,2025,2025-07
2025-07-29,2025,R,688138,691016,SI,Sinker,,ball,L,R,ATH,SEA,92.80,,,1,0,2025,2025-07
2025-07-29,2025,R,688138,691016,SI,Sinker,,ball,L,R,ATH,SEA,92.50,,,0,0,2025,2025-07
2025-07-29,2025,R,688138,691016,FC,Cutter,walk,ball,L,R,ATH,SEA,87.70,,,3,2,2025,2025-07
2025-07-29,2025,R,688138,691016,CU,Curveball,,ball,L,R,ATH,SEA,81.30,,,2,2,2025,2025-07
2025-07-29,2025,R,688138,691016,CU,Curveball,,ball,L,R,ATH,SEA,81.00,,,1,2,2025,2025-07
2025-07-29,2025,R,688138,691016,CU,Curveball,,called_strike,L,R,ATH,SEA,79.70,,,1,1,2025,2025-07
2025-07-29,2025,R,688138,691016,CU,Curveball,,ball,L,R,ATH,SEA,80.80,,,0,1,2025,2025-07
2025-07-29,2025,R,688138,691016,SI,Sinker,,called_strike,L,R,ATH,SEA,91.70,,,0,0,2025,2025-07
2025-07-29,2025,R,688138,701762,FC,Cutter,strikeout,swinging_strike,L,R,ATH,SEA,87.90,,,3,2,2025,2025-07
2025-07-29,2025,R,688138,701762,FC,Cutter,,called_strike,L,R,ATH,SEA,87.80,,,3,1,2025,2025-07
2025-07-29,2025,R,688138,701762,CU,Curveball,,ball,L,R,ATH,SEA,81.00,,,2,1,2025,2025-07
2025-07-29,2025,R,688138,701762,CH,Changeup,,ball,L,R,ATH,SEA,86.20,,,1,1,2025,2025-07
2025-07-29,2025,R,688138,701762,FF,4-Seam Fastball,,foul,L,R,ATH,SEA,91.80,76.60,17,1,0,2025,2025-07
2025-07-29,2025,R,688138,701762,FF,4-Seam Fastball,,ball,L,R,ATH,SEA,91.30,,,0,0,2025,2025-07
2025-07-29,2025,R,688138,701762,ST,Sweeper,hit_by_pitch,hit_by_pitch,L,R,ATH,SEA,83.90,,,0,2,2025,2025-07
2025-07-29,2025,R,688138,701762,FF,4-Seam Fastball,,called_strike,L,R,ATH,SEA,92.70,,,0,1,2025,2025-07
2025-07-29,2025,R,688138,701762,FF,4-Seam Fastball,,foul,L,R,ATH,SEA,91.50,,,0,0,2025,2025-07
2025-07-29,2025,R,688138,701762,ST,Sweeper,walk,ball,L,R,ATH,SEA,84.50,,,3,2,2025,2025-07
2025-07-29,2025,R,688138,701762,FC,Cutter,,ball,L,R,ATH,SEA,87.80,,,2,2,2025,2025-07
2025-07-29,2025,R,688138,701762,CH,Changeup,,ball,L,R,ATH,SEA,89.30,,,1,2,2025,2025-07
2025-07-29,2025,R,688138,701762,CU,Curveball,,ball,L,R,ATH,SEA,82.10,,,0,2,2025,2025-07
2025-07-29,2025,R,688138,701762,FF,4-Seam Fastball,,called_strike,L,R,ATH,SEA,94.30,,,0,1,2025,2025-07
2025-07-29,2025,R,688138,701762,ST,Sweeper,,called_strike,L,R,ATH,SEA,82.70,,,0,0,2025,2025-07
2025-07-29,2025,R,691251,514888,FF,4-Seam Fastball,single,hit_into_play,R,R,HOU,WSH,95.70,84.60,10,0,0,2025,2025-07
2025-07-29,2025,R,691251,572233,SL,Slider,single,hit_into_play,R,R,HOU,WSH,85.90,82.10,10,0,0,2025,2025-07
2025-07-29,2025,R,691251,643289,SI,Sinker,single,hit_into_play,R,R,HOU,WSH,94.10,97.40,11,0,0,2025,2025-07
2025-07-29,2025,R,691251,643289,SL,Slider,single,hit_into_play,R,R,HOU,WSH,83.30,93.80,12,1,1,2025,2025-07
2025-07-29,2025,R,691251,643289,FF,4-Seam Fastball,,ball,R,R,HOU,WSH,94.60,,,0,1,2025,2025-07
2025-07-29,2025,R,691251,643289,SL,Slider,,called_strike,R,R,HOU,WSH,82.60,,,0,0,2025,2025-07
2025-07-29,2025,R,691251,666211,SL,Slider,walk,ball,L,R,HOU,WSH,87.30,,,3,2,2025,2025-07
2025-07-29,2025,R,691251,666211,FF,4-Seam Fastball,,foul,L,R,HOU,WSH,96.30,77.40,25,3,2,2025,2025-07
2025-07-29,2025,R,691251,666211,FF,4-Seam Fastball,,ball,L,R,HOU,WSH,95.70,,,2,2,2025,2025-07
2025-07-29,2025,R,691251,666211,FS,Split-Finger,,foul,L,R,HOU,WSH,88.90,105.30,34,2,1,2025,2025-07
2025-07-29,2025,R,691251,666211,FF,4-Seam Fastball,,ball,L,R,HOU,WSH,96.40,,,1,1,2025,2025-07
2025-07-29,2025,R,691251,666211,FS,Split-Finger,,foul,L,R,HOU,WSH,88.80,58.10,-20,1,0,2025,2025-07
2025-07-29,2025,R,691251,666211,FS,Split-Finger,,ball,L,R,HOU,WSH,87.60,,,0,0,2025,2025-07
2025-07-29,2025,R,691251,669450,FS,Split-Finger,strikeout,swinging_strike,L,R,HOU,WSH,87.40,,,1,2,2025,2025-07
2025-07-29,2025,R,691251,669450,FF,4-Seam Fastball,,ball,L,R,HOU,WSH,95.50,,,0,2,2025,2025-07
2025-07-29,2025,R,691251,669450,FF,4-Seam Fastball,,foul,L,R,HOU,WSH,95.60,79.30,11,0,1,2025,2025-07
2025-07-29,2025,R,691251,669450,SL,Slider,,foul,L,R,HOU,WSH,87.60,89.00,-12,0,0,2025,2025-07
2025-07-29,2025,R,691251,669450,FF,4-Seam Fastball,single,hit_into_play,L,R,HOU,WSH,94.20,94.30,3,0,0,2025,2025-07
2025-07-29,2025,R,691251,670097,FF,4-Seam Fastball,sac_bunt,hit_into_play,R,R,HOU,WSH,90.90,28.60,-50,1,0,2025,2025-07
2025-07-29,2025,R,691251,670097,FF,4-Seam Fastball,,ball,R,R,HOU,WSH,91.50,,,0,0,2025,2025-07
2025-07-29,2025,R,691251,673237,SL,Slider,single,hit_into_play,R,R,HOU,WSH,85.60,101.70,11,0,0,2025,2025-07
2025-07-29,2025,R,691251,673237,FF,4-Seam Fastball,field_out,hit_into_play,R,R,HOU,WSH,95.20,81.30,42,1,0,2025,2025-07
2025-07-29,2025,R,691251,673237,SL,Slider,,ball,R,R,HOU,WSH,85.30,,,0,0,2025,2025-07
2025-07-29,2025,R,691251,694376,FF,4-Seam Fastball,force_out,hit_into_play,R,R,HOU,WSH,96.00,84.10,9,1,2,2025,2025-07
2025-07-29,2025,R,691251,694376,SI,Sinker,,foul,R,R,HOU,WSH,94.90,90.70,42,1,1,2025,2025-07
2025-07-29,2025,R,691251,694376,SL,Slider,,ball,R,R,HOU,WSH,88.40,,,0,1,2025,2025-07
2025-07-29,2025,R,691251,694376,SI,Sinker,,called_strike,R,R,HOU,WSH,92.70,,,0,0,2025,2025-07
2025-07-29,2025,R,691251,694376,FF,4-Seam Fastball,single,hit_into_play,R,R,HOU,WSH,93.30,96.80,-10,2,1,2025,2025-07
2025-07-29,2025,R,691251,694376,SL,Slider,,ball,R,R,HOU,WSH,83.20,,,1,1,2025,2025-07
2025-07-29,2025,R,691251,694376,SI,Sinker,,called_strike,R,R,HOU,WSH,92.70,,,1,0,2025,2025-07
2025-07-29,2025,R,691251,694376,SI,Sinker,,ball,R,R,HOU,WSH,92.10,,,0,0,2025,2025-07
2025-07-29,2025,R,691251,701358,SI,Sinker,field_out,hit_into_play,R,R,HOU,WSH,94.30,53.30,-64,0,0,2025,2025-07
2025-07-29,2025,R,693855,641857,FF,4-Seam Fastball,field_out,hit_into_play,L,L,NYY,TB,93.60,102.30,37,3,2,2025,2025-07
2025-07-29,2025,R,693855,641857,ST,Sweeper,,ball,L,L,NYY,TB,82.10,,,2,2,2025,2025-07
2025-07-29,2025,R,693855,641857,CH,Changeup,,ball,L,L,NYY,TB,85.10,,,1,2,2025,2025-07
2025-07-29,2025,R,693855,641857,ST,Sweeper,,ball,L,L,NYY,TB,83.20,,,0,2,2025,2025-07
2025-07-29,2025,R,693855,641857,CH,Changeup,,swinging_strike,L,L,NYY,TB,84.60,,,0,1,2025,2025-07
2025-07-29,2025,R,693855,641857,FF,4-Seam Fastball,,called_strike,L,L,NYY,TB,92.90,,,0,0,2025,2025-07
2025-07-29,2025,R,693855,683011,FC,Cutter,field_out,hit_into_play,R,L,NYY,TB,90.50,93.80,4,1,2,2025,2025-07
2025-07-29,2025,R,693855,683011,CH,Changeup,,foul,R,L,NYY,TB,85.70,46.90,-31,1,2,2025,2025-07
2025-07-29,2025,R,693855,683011,FF,4-Seam Fastball,,ball,R,L,NYY,TB,94.20,,,0,2,2025,2025-07
2025-07-29,2025,R,693855,683011,FF,4-Seam Fastball,,foul,R,L,NYY,TB,93.70,100.70,14,0,2,2025,2025-07
2025-07-29,2025,R,693855,683011,FC,Cutter,,called_strike,R,L,NYY,TB,90.40,,,0,1,2025,2025-07
2025-07-29,2025,R,693855,683011,CH,Changeup,,called_strike,R,L,NYY,TB,84.10,,,0,0,2025,2025-07
2025-07-29,2025,R,693855,691176,CH,Changeup,strikeout,swinging_strike,R,L,NYY,TB,85.00,,,1,2,2025,2025-07
2025-07-29,2025,R,693855,691176,FF,4-Seam Fastball,,foul,R,L,NYY,TB,91.80,85.90,41,1,1,2025,2025-07
2025-07-29,2025,R,693855,691176,CH,Changeup,,ball,R,L,NYY,TB,84.60,,,0,1,2025,2025-07
2025-07-29,2025,R,693855,691176,FC,Cutter,,foul,R,L,NYY,TB,88.80,97.90,-22,0,0,2025,2025-07
2025-07-29,2025,R,694297,650402,SI,Sinker,home_run,hit_into_play,R,R,DET,AZ,91.70,105.20,22,0,0,2025,2025-07
2025-07-29,2025,R,694297,650402,FF,4-Seam Fastball,single,hit_into_play,R,R,DET,AZ,94.70,94.00,16,1,2,2025,2025-07
2025-07-29,2025,R,694297,650402,SI,Sinker,,called_strike,R,R,DET,AZ,92.20,,,1,1,2025,2025-07
2025-07-29,2025,R,694297,650402,FC,Cutter,,foul,R,R,DET,AZ,89.90,76.30,62,1,0,2025,2025-07
2025-07-29,2025,R,694297,650402,ST,Sweeper,,ball,R,R,DET,AZ,85.00,,,0,0,2025,2025-07
2025-07-29,2025,R,694297,650402,SI,Sinker,strikeout,swinging_strike,R,R,DET,AZ,93.10,,,2,2,2025,2025-07
2025-07-29,2025,R,694297,650402,ST,Sweeper,,ball,R,R,DET,AZ,85.90,,,1,2,2025,2025-07
2025-07-29,2025,R,694297,650402,ST,Sweeper,,ball,R,R,DET,AZ,85.40,,,0,2,2025,2025-07
2025-07-29,2025,R,694297,650402,SI,Sinker,,foul,R,R,DET,AZ,94.60,76.70,21,0,1,2025,2025-07
2025-07-29,2025,R,694297,650402,SI,Sinker,,foul,R,R,DET,AZ,92.80,,,0,0,2025,2025-07
2025-07-29,2025,R,694297,656716,CH,Changeup,home_run,hit_into_play,L,R,DET,AZ,87.30,103.70,22,3,2,2025,2025-07
2025-07-29,2025,R,694297,656716,FC,Cutter,,ball,L,R,DET,AZ,90.40,,,2,2,2025,2025-07
2025-07-29,2025,R,694297,656716,CH,Changeup,,swinging_strike,L,R,DET,AZ,88.10,,,2,1,2025,2025-07
2025-07-29,2025,R,694297,656716,CH,Changeup,,ball,L,R,DET,AZ,86.00,,,1,1,2025,2025-07
2025-07-29,2025,R,694297,656716,FF,4-Seam Fastball,,ball,L,R,DET,AZ,92.00,,,0,1,2025,2025-07
2025-07-29,2025,R,694297,656716,FC,Cutter,,called_strike,L,R,DET,AZ,89.60,,,0,0,2025,2025-07
2025-07-29,2025,R,694297,656716,ST,Sweeper,strikeout,swinging_strike,L,R,DET,AZ,86.00,,,1,2,2025,2025-07
2025-07-29,2025,R,694297,656716,FC,Cutter,,ball,L,R,DET,AZ,90.10,,,0,2,2025,2025-07
2025-07-29,2025,R,694297,656716,CU,Curveball,,foul,L,R,DET,AZ,80.30,67.30,11,0,1,2025,2025-07
2025-07-29,2025,R,694297,656716,SI,Sinker,,called_strike,L,R,DET,AZ,91.90,,,0,0,2025,2025-07
2025-07-29,2025,R,694297,656716,FC,Cutter,field_out,hit_into_play,L,R,DET,AZ,89.70,79.50,31,0,1,2025,2025-07
2025-07-29,2025,R,694297,656716,FF,4-Seam Fastball,,swinging_strike,L,R,DET,AZ,94.20,,,0,0,2025,2025-07
2025-07-29,2025,R,694297,663837,SI,Sinker,field_out,hit_into_play,R,R,DET,AZ,93.10,101.90,4,3,2,2025,2025-07
2025-07-29,2025,R,694297,663837,SI,Sinker,,called_strike,R,R,DET,AZ,93.20,,,3,1,2025,2025-07
2025-07-29,2025,R,694297,663837,SI,Sinker,,called_strike,R,R,DET,AZ,91.20,,,3,0,2025,2025-07
2025-07-29,2025,R,694297,663837,SI,Sinker,,ball,R,R,DET,AZ,92.50,,,2,0,2025,2025-07
2025-07-29,2025,R,694297,663837,SI,Sinker,,ball,R,R,DET,AZ,92.20,,,1,0,2025,2025-07
2025-07-29,2025,R,694297,663837,ST,Sweeper,,ball,R,R,DET,AZ,85.80,,,0,0,2025,2025-07
2025-07-29,2025,R,694297,663837,SI,Sinker,field_out,hit_into_play,R,R,DET,AZ,92.20,75.70,2,0,1,2025,2025-07
2025-07-29,2025,R,694297,663837,SI,Sinker,,called_strike,R,R,DET,AZ,91.80,,,0,0,2025,2025-07
2025-07-29,2025,R,694297,672761,ST,Sweeper,force_out,hit_into_play,L,R,DET,AZ,85.30,88.60,-31,1,2,2025,2025-07
2025-07-29,2025,R,694297,672761,FC,Cutter,,called_strike,L,R,DET,AZ,89.40,,,1,1,2025,2025-07
2025-07-29,2025,R,694297,672761,FF,4-Seam Fastball,,ball,L,R,DET,AZ,92.30,,,0,1,2025,2025-07
2025-07-29,2025,R,694297,672761,CU,Curveball,,called_strike,L,R,DET,AZ,81.40,,,0,0,2025,2025-07
2025-07-29,2025,R,694297,672761,FC,Cutter,single,hit_into_play,L,R,DET,AZ,89.30,102.60,15,1,1,2025,2025-07
2025-07-29,2025,R,694297,672761,SI,Sinker,,ball,L,R,DET,AZ,93.20,,,0,1,2025,2025-07
2025-07-29,2025,R,694297,672761,CU,Curveball,,called_strike,L,R,DET,AZ,80.10,,,0,0,2025,2025-07
2025-07-29,2025,R,694297,672761,CH,Changeup,double,hit_into_play,L,R,DET,AZ,87.40,102.60,11,1,0,2025,2025-07
2025-07-29,2025,R,694297,672761,FC,Cutter,,ball,L,R,DET,AZ,90.40,,,0,0,2025,2025-07
2025-07-29,2025,R,694297,679529,SI,Sinker,single,hit_into_play,R,R,DET,AZ,91.80,105.70,10,2,2,2025,2025-07
2025-07-29,2025,R,694297,679529,ST,Sweeper,,swinging_strike,R,R,DET,AZ,85.20,,,2,1,2025,2025-07
2025-07-29,2025,R,694297,679529,SI,Sinker,,ball,R,R,DET,AZ,92.50,,,1,1,2025,2025-07
2025-07-29,2025,R,694297,679529,SI,Sinker,,ball,R,R,DET,AZ,92.40,,,0,1,2025,2025-07
2025-07-29,2025,R,694297,679529,ST,Sweeper,,swinging_strike,R,R,DET,AZ,85.70,,,0,0,2025,2025-07
2025-07-29,2025,R,694297,679529,FC,Cutter,field_out,hit_into_play,R,R,DET,AZ,90.10,90.50,57,0,0,2025,2025-07
2025-07-29,2025,R,694297,679529,ST,Sweeper,field_out,hit_into_play,R,R,DET,AZ,84.80,86.70,53,2,2,2025,2025-07
2025-07-29,2025,R,694297,679529,FC,Cutter,,ball,R,R,DET,AZ,90.60,,,1,2,2025,2025-07
2025-07-29,2025,R,694297,679529,FF,4-Seam Fastball,,ball,R,R,DET,AZ,94.90,,,0,2,2025,2025-07
2025-07-29,2025,R,694297,679529,ST,Sweeper,,foul,R,R,DET,AZ,85.00,69.20,47,0,1,2025,2025-07
2025-07-29,2025,R,694297,679529,SI,Sinker,,called_strike,R,R,DET,AZ,92.10,,,0,0,2025,2025-07
2025-07-29,2025,R,694297,681481,FF,4-Seam Fastball,single,hit_into_play,L,R,DET,AZ,93.70,106.80,14,0,0,2025,2025-07
2025-07-29,2025,R,694297,681481,FC,Cutter,field_out,hit_into_play,L,R,DET,AZ,90.30,96.20,74,0,2,2025,2025-07
2025-07-29,2025,R,694297,681481,FF,4-Seam Fastball,,swinging_strike,L,R,DET,AZ,94.80,,,0,1,2025,2025-07
2025-07-29,2025,R,694297,681481,FC,Cutter,,foul,L,R,DET,AZ,89.80,,,0,0,2025,2025-07
2025-07-29,2025,R,694297,681481,SI,Sinker,double,hit_into_play,L,R,DET,AZ,92.90,103.20,21,1,0,2025,2025-07
2025-07-29,2025,R,694297,681481,CU,Curveball,,ball,L,R,DET,AZ,82.40,,,0,0,2025,2025-07
2025-07-29,2025,R,694297,682985,CH,Changeup,home_run,hit_into_play,L,R,DET,AZ,85.50,105.30,26,0,1,2025,2025-07
2025-07-29,2025,R,694297,682985,FC,Cutter,,foul,L,R,DET,AZ,88.30,85.30,-9,0,0,2025,2025-07
2025-07-29,2025,R,694297,682985,FC,Cutter,double,hit_into_play,L,R,DET,AZ,89.60,82.10,19,0,0,2025,2025-07
2025-07-29,2025,R,694297,682985,SI,Sinker,field_out,hit_into_play,L,R,DET,AZ,93.10,95.90,-8,2,2,2025,2025-07
2025-07-29,2025,R,694297,682985,FC,Cutter,,ball,L,R,DET,AZ,90.90,,,1,2,2025,2025-07
2025-07-29,2025,R,694297,682985,FC,Cutter,,ball,L,R,DET,AZ,91.40,,,0,2,2025,2025-07
2025-07-29,2025,R,694297,682985,FC,Cutter,,foul,L,R,DET,AZ,91.20,,,0,1,2025,2025-07
2025-07-29,2025,R,694297,682985,FC,Cutter,,foul,L,R,DET,AZ,91.00,60.30,70,0,0,2025,2025-07
2025-07-29,2025,R,694297,690993,FF,4-Seam Fastball,strikeout,swinging_strike,L,R,DET,AZ,94.10,,,1,2,2025,2025-07
2025-07-29,2025,R,694297,690993,CH,Changeup,,foul,L,R,DET,AZ,85.00,68.00,2,1,1,2025,2025-07
2025-07-29,2025,R,694297,690993,CU,Curveball,,ball,L,R,DET,AZ,80.80,,,0,1,2025,2025-07
2025-07-29,2025,R,694297,690993,CH,Changeup,,foul,L,R,DET,AZ,85.40,86.40,-30,0,0,2025,2025-07
2025-07-29,2025,R,694297,690993,FC,Cutter,field_out,hit_into_play,L,R,DET,AZ,90.50,79.60,38,3,2,2025,2025-07
2025-07-29,2025,R,694297,690993,ST,Sweeper,,ball,L,R,DET,AZ,84.10,,,2,2,2025,2025-07
2025-07-29,2025,R,694297,690993,SI,Sinker,,ball,L,R,DET,AZ,91.50,,,1,2,2025,2025-07
2025-07-29,2025,R,694297,690993,FC,Cutter,,foul,L,R,DET,AZ,91.90,,,1,1,2025,2025-07
2025-07-29,2025,R,694297,690993,CU,Curveball,,ball,L,R,DET,AZ,80.60,,,0,1,2025,2025-07
2025-07-29,2025,R,694297,690993,CU,Curveball,,called_strike,L,R,DET,AZ,81.60,,,0,0,2025,2025-07
2025-07-29,2025,R,694297,690993,SI,Sinker,field_out,hit_into_play,L,R,DET,AZ,92.90,82.00,31,3,2,2025,2025-07
2025-07-29,2025,R,694297,690993,FC,Cutter,,ball,L,R,DET,AZ,91.90,,,2,2,2025,2025-07
2025-07-29,2025,R,694297,690993,FC,Cutter,,foul,L,R,DET,AZ,91.70,64.20,60,2,1,2025,2025-07
2025-07-29,2025,R,694297,690993,SI,Sinker,,called_strike,L,R,DET,AZ,93.50,,,2,0,2025,2025-07
2025-07-29,2025,R,694297,690993,SI,Sinker,,ball,L,R,DET,AZ,92.50,,,1,0,2025,2025-07
2025-07-29,2025,R,694297,690993,SI,Sinker,,ball,L,R,DET,AZ,92.20,,,0,0,2025,2025-07
2025-07-29,2025,R,694297,693307,ST,Sweeper,single,hit_into_play,R,R,DET,AZ,85.00,96.70,16,1,2,2025,2025-07
2025-07-29,2025,R,694297,693307,ST,Sweeper,,ball,R,R,DET,AZ,84.10,,,0,2,2025,2025-07
2025-07-29,2025,R,694297,693307,SI,Sinker,,foul,R,R,DET,AZ,92.90,,,0,1,2025,2025-07
2025-07-29,2025,R,694297,693307,SI,Sinker,,called_strike,R,R,DET,AZ,93.10,,,0,0,2025,2025-07
2025-07-29,2025,R,694297,693307,ST,Sweeper,field_out,hit_into_play,R,R,DET,AZ,85.50,75.30,37,3,2,2025,2025-07
2025-07-29,2025,R,694297,693307,ST,Sweeper,,blocked_ball,R,R,DET,AZ,86.00,,,2,2,2025,2025-07
2025-07-29,2025,R,694297,693307,SI,Sinker,,called_strike,R,R,DET,AZ,93.50,,,2,1,2025,2025-07
2025-07-29,2025,R,694297,693307,ST,Sweeper,,ball,R,R,DET,AZ,85.70,,,1,1,2025,2025-07
2025-07-29,2025,R,694297,693307,ST,Sweeper,,swinging_strike,R,R,DET,AZ,85.00,,,1,0,2025,2025-07
2025-07-29,2025,R,694297,693307,ST,Sweeper,,ball,R,R,DET,AZ,84.90,,,0,0,2025,2025-07
2025-07-29,2025,R,694335,667472,SI,Sinker,field_out,hit_into_play,R,R,STL,MIA,97.30,107.20,-16,0,1,2025,2025-07
2025-07-29,2025,R,694335,667472,SI,Sinker,,called_strike,R,R,STL,MIA,96.00,,,0,0,2025,2025-07
2025-07-29,2025,R,694335,669065,FC,Cutter,single,hit_into_play,L,R,STL,MIA,93.00,72.80,22,0,0,2025,2025-07
2025-07-29,2025,R,694335,672640,ST,Sweeper,field_out,hit_into_play,R,R,STL,MIA,87.00,105.90,18,0,1,2025,2025-07
2025-07-29,2025,R,694335,672640,SI,Sinker,,called_strike,R,R,STL,MIA,96.60,,,0,0,2025,2025-07
2025-07-29,2025,R,694335,676572,SI,Sinker,field_out,hit_into_play,R,R,STL,MIA,98.50,110.30,-4,3,2,2025,2025-07
2025-07-29,2025,R,694335,676572,ST,Sweeper,,ball,R,R,STL,MIA,89.40,,,2,2,2025,2025-07
2025-07-29,2025,R,694335,676572,SI,Sinker,,called_strike,R,R,STL,MIA,97.30,,,2,1,2025,2025-07
2025-07-29,2025,R,694335,676572,SI,Sinker,,foul,R,R,STL,MIA,97.90,83.10,26,2,0,2025,2025-07
2025-07-29,2025,R,694335,676572,SI,Sinker,,ball,R,R,STL,MIA,98.30,,,1,0,2025,2025-07
2025-07-29,2025,R,694335,676572,ST,Sweeper,,ball,R,R,STL,MIA,89.00,,,0,0,2025,2025-07
2025-07-29,2025,R,694335,682663,SI,Sinker,field_out,hit_into_play,R,R,STL,MIA,96.90,98.50,22,3,2,2025,2025-07
2025-07-29,2025,R,694335,682663,SI,Sinker,,ball,R,R,STL,MIA,97.20,,,2,2,2025,2025-07
2025-07-29,2025,R,694335,682663,ST,Sweeper,,foul,R,R,STL,MIA,86.90,61.00,44,2,1,2025,2025-07
2025-07-29,2025,R,694335,682663,ST,Sweeper,,ball,R,R,STL,MIA,87.10,,,1,1,2025,2025-07
2025-07-29,2025,R,694335,682663,SI,Sinker,,called_strike,R,R,STL,MIA,96.20,,,1,0,2025,2025-07
2025-07-29,2025,R,694335,682663,,,,automatic_ball,R,R,STL,MIA,,,,0,0,2025,2025-07
2025-07-29,2025,R,694335,689414,SI,Sinker,field_out,hit_into_play,L,R,STL,MIA,96.30,89.30,22,0,0,2025,2025-07
2025-07-29,2025,R,694335,691594,ST,Sweeper,field_out,hit_into_play,R,R,STL,MIA,87.50,73.40,83,0,1,2025,2025-07
2025-07-29,2025,R,694335,691594,SI,Sinker,,called_strike,R,R,STL,MIA,97.40,,,0,0,2025,2025-07
2025-07-29,2025,R,695445,543510,FF,4-Seam Fastball,strikeout,called_strike,R,R,DET,AZ,89.10,,,2,2,2025,2025-07
2025-07-29,2025,R,695445,543510,ST,Sweeper,,ball,R,R,DET,AZ,81.40,,,1,2,2025,2025-07
2025-07-29,2025,R,695445,543510,ST,Sweeper,,swinging_strike,R,R,DET,AZ,79.50,,,1,1,2025,2025-07
2025-07-29,2025,R,695445,543510,SI,Sinker,,called_strike,R,R,DET,AZ,89.30,,,1,0,2025,2025-07
2025-07-29,2025,R,695445,543510,SI,Sinker,,ball,R,R,DET,AZ,87.70,,,0,0,2025,2025-07
2025-07-29,2025,R,695445,663536,FF,4-Seam Fastball,field_out,hit_into_play,R,R,DET,AZ,89.30,88.70,62,1,1,2025,2025-07
2025-07-29,2025,R,695445,663536,SI,Sinker,,called_strike,R,R,DET,AZ,89.30,,,1,0,2025,2025-07
2025-07-29,2025,R,695445,663536,SI,Sinker,,ball,R,R,DET,AZ,89.20,,,0,0,2025,2025-07
2025-07-29,2025,R,695445,664983,FF,4-Seam Fastball,double,hit_into_play,L,R,DET,AZ,90.20,95.20,21,2,2,2025,2025-07
2025-07-29,2025,R,695445,664983,CH,Changeup,,foul,L,R,DET,AZ,86.60,74.60,49,2,2,2025,2025-07
2025-07-29,2025,R,695445,664983,FF,4-Seam Fastball,,foul,L,R,DET,AZ,90.30,67.60,46,2,2,2025,2025-07
2025-07-29,2025,R,695445,664983,FF,4-Seam Fastball,,ball,L,R,DET,AZ,90.80,,,1,2,2025,2025-07
2025-07-29,2025,R,695445,664983,CH,Changeup,,foul_tip,L,R,DET,AZ,85.60,,,1,1,2025,2025-07
2025-07-29,2025,R,695445,664983,FF,4-Seam Fastball,,ball,L,R,DET,AZ,90.00,,,0,1,2025,2025-07
2025-07-29,2025,R,695445,664983,ST,Sweeper,,called_strike,L,R,DET,AZ,80.00,,,0,0,2025,2025-07
2025-07-29,2025,R,695445,677942,SI,Sinker,field_out,hit_into_play,R,R,DET,AZ,88.10,107.20,-7,1,0,2025,2025-07
2025-07-29,2025,R,695445,677942,ST,Sweeper,,ball,R,R,DET,AZ,81.50,,,0,0,2025,2025-07
2025-07-29,2025,R,695445,677950,CH,Changeup,walk,ball,L,R,DET,AZ,84.90,,,3,2,2025,2025-07
2025-07-29,2025,R,695445,677950,ST,Sweeper,,foul,L,R,DET,AZ,79.30,74.50,62,3,1,2025,2025-07
2025-07-29,2025,R,695445,677950,FF,4-Seam Fastball,,ball,L,R,DET,AZ,90.00,,,2,1,2025,2025-07
2025-07-29,2025,R,695445,677950,SI,Sinker,,foul,L,R,DET,AZ,88.30,91.10,-29,2,0,2025,2025-07
2025-07-29,2025,R,695445,677950,ST,Sweeper,,ball,L,R,DET,AZ,79.60,,,1,0,2025,2025-07
2025-07-29,2025,R,695445,677950,FF,4-Seam Fastball,,ball,L,R,DET,AZ,89.30,,,0,0,2025,2025-07
2025-07-29,2025,R,701487,596115,CH,Changeup,home_run,hit_into_play,R,R,MIN,BOS,80.90,104.20,38,3,2,2025,2025-07
2025-07-29,2025,R,701487,596115,FF,4-Seam Fastball,,foul,R,R,MIN,BOS,91.50,73.30,23,3,2,2025,2025-07
2025-07-29,2025,R,701487,596115,CH,Changeup,,foul,R,R,MIN,BOS,82.00,82.40,70,3,2,2025,2025-07
2025-07-29,2025,R,701487,596115,FF,4-Seam Fastball,,ball,R,R,MIN,BOS,92.40,,,2,2,2025,2025-07
2025-07-29,2025,R,701487,596115,CH,Changeup,,swinging_strike,R,R,MIN,BOS,81.60,,,2,1,2025,2025-07
2025-07-29,2025,R,701487,596115,FF,4-Seam Fastball,,ball,R,R,MIN,BOS,91.50,,,1,1,2025,2025-07
2025-07-29,2025,R,701487,596115,CH,Changeup,,foul,R,R,MIN,BOS,81.00,99.70,3,1,0,2025,2025-07
2025-07-29,2025,R,701487,596115,FF,4-Seam Fastball,,ball,R,R,MIN,BOS,91.20,,,0,0,2025,2025-07
2025-07-29,2025,R,701487,596115,CH,Changeup,strikeout,swinging_strike,R,R,MIN,BOS,81.10,,,3,2,2025,2025-07
2025-07-29,2025,R,701487,596115,CH,Changeup,,blocked_ball,R,R,MIN,BOS,81.00,,,2,2,2025,2025-07
2025-07-29,2025,R,701487,596115,CH,Changeup,,blocked_ball,R,R,MIN,BOS,81.10,,,1,2,2025,2025-07
2025-07-29,2025,R,701487,596115,FF,4-Seam Fastball,,foul,R,R,MIN,BOS,92.70,73.80,60,1,1,2025,2025-07
2025-07-29,2025,R,701487,596115,FF,4-Seam Fastball,,foul,R,R,MIN,BOS,92.10,81.50,66,1,0,2025,2025-07
2025-07-29,2025,R,701487,596115,FF,4-Seam Fastball,,ball,R,R,MIN,BOS,91.80,,,0,0,2025,2025-07
2025-07-29,2025,R,701487,608324,FF,4-Seam Fastball,double,hit_into_play,R,R,MIN,BOS,92.00,102.70,15,3,0,2025,2025-07
2025-07-29,2025,R,701487,608324,FC,Cutter,,ball,R,R,MIN,BOS,84.80,,,2,0,2025,2025-07
2025-07-29,2025,R,701487,608324,CH,Changeup,,ball,R,R,MIN,BOS,80.90,,,1,0,2025,2025-07
2025-07-29,2025,R,701487,608324,FC,Cutter,,ball,R,R,MIN,BOS,85.50,,,0,0,2025,2025-07
2025-07-29,2025,R,701487,608324,FC,Cutter,strikeout,swinging_strike,R,R,MIN,BOS,86.40,,,2,2,2025,2025-07
2025-07-29,2025,R,701487,608324,FF,4-Seam Fastball,,foul,R,R,MIN,BOS,92.60,70.60,67,2,1,2025,2025-07
2025-07-29,2025,R,701487,608324,FF,4-Seam Fastball,,foul,R,R,MIN,BOS,92.30,73.20,57,2,0,2025,2025-07
2025-07-29,2025,R,701487,608324,FF,4-Seam Fastball,,ball,R,R,MIN,BOS,92.50,,,1,0,2025,2025-07
2025-07-29,2025,R,701487,608324,FF,4-Seam Fastball,,ball,R,R,MIN,BOS,92.50,,,0,0,2025,2025-07
2025-07-29,2025,R,701487,647351,CU,Curveball,field_out,hit_into_play,L,R,MIN,BOS,78.60,98.80,38,2,2,2025,2025-07
2025-07-29,2025,R,701487,647351,CH,Changeup,,foul,L,R,MIN,BOS,81.50,83.80,-2,2,2,2025,2025-07
2025-07-29,2025,R,701487,647351,FC,Cutter,,foul,L,R,MIN,BOS,86.70,100.80,29,2,2,2025,2025-07
2025-07-29,2025,R,701487,647351,CH,Changeup,,ball,L,R,MIN,BOS,81.30,,,1,2,2025,2025-07
2025-07-29,2025,R,701487,647351,CH,Changeup,,foul,L,R,MIN,BOS,80.90,67.00,-29,1,1,2025,2025-07
2025-07-29,2025,R,701487,647351,FF,4-Seam Fastball,,called_strike,L,R,MIN,BOS,91.80,,,1,0,2025,2025-07
2025-07-29,2025,R,701487,647351,FF,4-Seam Fastball,,ball,L,R,MIN,BOS,91.60,,,0,0,2025,2025-07
2025-07-29,2025,R,701487,665966,FF,4-Seam Fastball,field_out,hit_into_play,R,R,MIN,BOS,91.50,93.70,20,1,0,2025,2025-07
2025-07-29,2025,R,701487,665966,CU,Curveball,,ball,R,R,MIN,BOS,76.60,,,0,0,2025,2025-07
2025-07-29,2025,R,701487,665966,FF,4-Seam Fastball,field_out,hit_into_play,R,R,MIN,BOS,92.30,79.20,66,3,2,2025,2025-07
2025-07-29,2025,R,701487,665966,CH,Changeup,,foul,R,R,MIN,BOS,81.80,69.20,-33,3,2,2025,2025-07
2025-07-29,2025,R,701487,665966,FF,4-Seam Fastball,,foul,R,R,MIN,BOS,93.40,70.00,62,3,2,2025,2025-07
2025-07-29,2025,R,701487,665966,FF,4-Seam Fastball,,foul,R,R,MIN,BOS,92.80,62.30,58,3,2,2025,2025-07
2025-07-29,2025,R,701487,665966,CH,Changeup,,foul,R,R,MIN,BOS,82.30,,,3,2,2025,2025-07
2025-07-29,2025,R,701487,665966,CH,Changeup,,ball,R,R,MIN,BOS,81.90,,,2,2,2025,2025-07
2025-07-29,2025,R,701487,665966,FF,4-Seam Fastball,,foul,R,R,MIN,BOS,93.50,,,2,2,2025,2025-07
2025-07-29,2025,R,701487,665966,FC,Cutter,,ball,R,R,MIN,BOS,86.00,,,1,2,2025,2025-07
2025-07-29,2025,R,701487,665966,FF,4-Seam Fastball,,foul,R,R,MIN,BOS,92.30,84.90,71,1,1,2025,2025-07
2025-07-29,2025,R,701487,665966,CU,Curveball,,called_strike,R,R,MIN,BOS,78.70,,,1,0,2025,2025-07
2025-07-29,2025,R,701487,665966,FF,4-Seam Fastball,,ball,R,R,MIN,BOS,91.80,,,0,0,2025,2025-07
2025-07-29,2025,R,701487,666152,CH,Changeup,field_out,hit_into_play,L,R,MIN,BOS,80.70,90.00,0,1,1,2025,2025-07
2025-07-29,2025,R,701487,666152,CH,Changeup,,called_strike,L,R,MIN,BOS,81.00,,,1,0,2025,2025-07
2025-07-29,2025,R,701487,666152,FF,4-Seam Fastball,,ball,L,R,MIN,BOS,90.30,,,0,0,2025,2025-07
2025-07-29,2025,R,701487,677800,FF,4-Seam Fastball,walk,ball,L,R,MIN,BOS,91.50,,,3,0,2025,2025-07
2025-07-29,2025,R,701487,677800,CH,Changeup,,ball,L,R,MIN,BOS,81.30,,,2,0,2025,2025-07
2025-07-29,2025,R,701487,677800,FF,4-Seam Fastball,,ball,L,R,MIN,BOS,91.20,,,1,0,2025,2025-07
2025-07-29,2025,R,701487,677800,CH,Changeup,,ball,L,R,MIN,BOS,80.90,,,0,0,2025,2025-07
2025-07-29,2025,R,701487,677800,FF,4-Seam Fastball,field_out,hit_into_play,L,R,MIN,BOS,91.50,101.90,26,1,1,2025,2025-07
2025-07-29,2025,R,701487,677800,FF,4-Seam Fastball,,ball,L,R,MIN,BOS,91.40,,,0,1,2025,2025-07
2025-07-29,2025,R,701487,677800,FF,4-Seam Fastball,,called_strike,L,R,MIN,BOS,91.10,,,0,0,2025,2025-07
2025-07-29,2025,R,701487,678882,FF,4-Seam Fastball,triple,hit_into_play,R,R,MIN,BOS,90.80,102.60,22,0,2,2025,2025-07
2025-07-29,2025,R,701487,678882,FF,4-Seam Fastball,,foul,R,R,MIN,BOS,90.80,79.30,57,0,1,2025,2025-07
2025-07-29,2025,R,701487,678882,CH,Changeup,,swinging_strike,R,R,MIN,BOS,80.10,,,0,0,2025,2025-07
2025-07-29,2025,R,701487,680776,CU,Curveball,strikeout,swinging_strike_blocked,L,R,MIN,BOS,79.10,,,1,2,2025,2025-07
2025-07-29,2025,R,701487,680776,CH,Changeup,,swinging_strike,L,R,MIN,BOS,81.20,,,1,1,2025,2025-07
2025-07-29,2025,R,701487,680776,CU,Curveball,,foul,L,R,MIN,BOS,77.60,,,1,0,2025,2025-07
2025-07-29,2025,R,701487,680776,FF,4-Seam Fastball,,ball,L,R,MIN,BOS,90.90,,,0,0,2025,2025-07
2025-07-29,2025,R,701487,680776,FF,4-Seam Fastball,double,hit_into_play,L,R,MIN,BOS,93.60,104.60,15,3,2,2025,2025-07
2025-07-29,2025,R,701487,680776,CH,Changeup,,ball,L,R,MIN,BOS,82.10,,,2,2,2025,2025-07
2025-07-29,2025,R,701487,680776,FF,4-Seam Fastball,,called_strike,L,R,MIN,BOS,93.30,,,2,1,2025,2025-07
2025-07-29,2025,R,701487,680776,CH,Changeup,,called_strike,L,R,MIN,BOS,81.20,,,2,0,2025,2025-07
2025-07-29,2025,R,701487,680776,FF,4-Seam Fastball,,ball,L,R,MIN,BOS,92.30,,,1,0,2025,2025-07
2025-07-29,2025,R,701487,680776,CH,Changeup,,ball,L,R,MIN,BOS,82.10,,,0,0,2025,2025-07
2025-07-29,2025,R,701487,701350,CH,Changeup,single,hit_into_play,L,R,MIN,BOS,80.70,76.00,16,0,2,2025,2025-07
2025-07-29,2025,R,701487,701350,CH,Changeup,,swinging_strike,L,R,MIN,BOS,80.30,,,0,1,2025,2025-07
2025-07-29,2025,R,701487,701350,CU,Curveball,,called_strike,L,R,MIN,BOS,77.70,,,0,0,2025,2025-07
2025-07-29,2025,R,701487,701350,CH,Changeup,strikeout,swinging_strike,L,R,MIN,BOS,81.70,,,0,2,2025,2025-07
2025-07-29,2025,R,701487,701350,CH,Changeup,,swinging_strike,L,R,MIN,BOS,81.10,,,0,1,2025,2025-07
2025-07-29,2025,R,701487,701350,FF,4-Seam Fastball,,called_strike,L,R,MIN,BOS,91.40,,,0,0,2025,2025-07
2025-07-29,2025,R,805299,628451,SL,Slider,single,hit_into_play,R,L,DET,AZ,88.70,84.90,12,1,1,2025,2025-07
2025-07-29,2025,R,805299,628451,SL,Slider,,ball,R,L,DET,AZ,88.60,,,0,1,2025,2025-07
2025-07-29,2025,R,805299,628451,SI,Sinker,,called_strike,R,L,DET,AZ,96.70,,,0,0,2025,2025-07
2025-07-29,2025,R,805299,650402,SI,Sinker,field_out,hit_into_play,R,L,DET,AZ,96.00,99.70,-7,1,1,2025,2025-07
2025-07-29,2025,R,805299,650402,SI,Sinker,,blocked_ball,R,L,DET,AZ,96.20,,,0,1,2025,2025-07
2025-07-29,2025,R,805299,650402,ST,Sweeper,,called_strike,R,L,DET,AZ,84.30,,,0,0,2025,2025-07
2025-07-29,2025,R,805299,663837,ST,Sweeper,hit_by_pitch,hit_by_pitch,R,L,DET,AZ,84.30,,,1,1,2025,2025-07
2025-07-29,2025,R,805299,663837,ST,Sweeper,,ball,R,L,DET,AZ,84.40,,,0,1,2025,2025-07
2025-07-29,2025,R,805299,663837,SI,Sinker,,called_strike,R,L,DET,AZ,95.60,,,0,0,2025,2025-07
2025-07-29,2025,R,805299,681481,ST,Sweeper,double,hit_into_play,L,L,DET,AZ,85.20,82.40,25,2,2,2025,2025-07
2025-07-29,2025,R,805299,681481,ST,Sweeper,,ball,L,L,DET,AZ,86.50,,,1,2,2025,2025-07
2025-07-29,2025,R,805299,681481,ST,Sweeper,,called_strike,L,L,DET,AZ,84.70,,,1,1,2025,2025-07
2025-07-29,2025,R,805299,681481,ST,Sweeper,,called_strike,L,L,DET,AZ,85.00,,,1,0,2025,2025-07
2025-07-29,2025,R,805299,681481,SI,Sinker,,ball,L,L,DET,AZ,96.10,,,0,0,2025,2025-07
2025-07-29,2025,R,805299,682985,SI,Sinker,double,hit_into_play,L,L,DET,AZ,97.50,103.10,4,0,1,2025,2025-07
2025-07-29,2025,R,805299,682985,SI,Sinker,,called_strike,L,L,DET,AZ,96.80,,,0,0,2025,2025-07
2025-07-29,2025,R,805299,693307,SI,Sinker,single,hit_into_play,R,L,DET,AZ,96.00,108.40,10,0,1,2025,2025-07
2025-07-29,2025,R,805299,693307,SI,Sinker,,called_strike,R,L,DET,AZ,96.10,,,0,0,2025,2025-07
2025-07-30,2025,R,506433,596019,FS,Split-Finger,field_out,hit_into_play,L,R,SD,NYM,87.20,63.50,-40,0,1,2025,2025-07
2025-07-30,2025,R,506433,596019,SI,Sinker,,called_strike,L,R,SD,NYM,91.20,,,0,0,2025,2025-07
2025-07-30,2025,R,506433,596019,CU,Curveball,field_out,hit_into_play,L,R,SD,NYM,71.70,93.40,30,2,2,2025,2025-07
2025-07-30,2025,R,506433,596019,SI,Sinker,,ball,L,R,SD,NYM,95.00,,,1,2,2025,2025-07
2025-07-30,2025,R,506433,596019,FF,4-Seam Fastball,,ball,L,R,SD,NYM,94.40,,,0,2,2025,2025-07
2025-07-30,2025,R,506433,596019,FS,Split-Finger,,swinging_strike,L,R,SD,NYM,86.30,,,0,1,2025,2025-07
2025-07-30,2025,R,506433,596019,FF,4-Seam Fastball,,called_strike,L,R,SD,NYM,93.20,,,0,0,2025,2025-07
2025-07-30,2025,R,506433,596019,FF,4-Seam Fastball,field_out,hit_into_play,L,R,SD,NYM,93.80,88.90,69,1,2,2025,2025-07
2025-07-30,2025,R,506433,596019,CU,Curveball,,swinging_strike,L,R,SD,NYM,72.60,,,1,1,2025,2025-07
2025-07-30,2025,R,506433,596019,FS,Split-Finger,,ball,L,R,SD,NYM,87.80,,,0,1,2025,2025-07
2025-07-30,2025,R,506433,596019,FF,4-Seam Fastball,,foul,L,R,SD,NYM,94.50,81.20,46,0,0,2025,2025-07
2025-07-30,2025,R,506433,607043,SL,Slider,field_out,hit_into_play,L,R,SD,NYM,87.20,80.50,-8,1,2,2025,2025-07
2025-07-30,2025,R,506433,607043,FS,Split-Finger,,swinging_strike,L,R,SD,NYM,87.00,,,1,1,2025,2025-07
2025-07-30,2025,R,506433,607043,SI,Sinker,,called_strike,L,R,SD,NYM,91.40,,,1,0,2025,2025-07
2025-07-30,2025,R,506433,607043,SI,Sinker,,ball,L,R,SD,NYM,91.80,,,0,0,2025,2025-07
2025-07-30,2025,R,506433,607043,FS,Split-Finger,strikeout,foul_tip,L,R,SD,NYM,89.10,,,1,2,2025,2025-07
2025-07-30,2025,R,506433,607043,SI,Sinker,,foul,L,R,SD,NYM,94.40,77.60,15,1,1,2025,2025-07
2025-07-30,2025,R,506433,607043,SI,Sinker,,called_strike,L,R,SD,NYM,92.80,,,1,0,2025,2025-07
2025-07-30,2025,R,506433,607043,,,,automatic_ball,L,R,SD,NYM,,,,0,0,2025,2025-07
2025-07-30,2025,R,506433,607043,SL,Slider,strikeout,swinging_strike,L,R,SD,NYM,87.40,,,1,2,2025,2025-07
2025-07-30,2025,R,506433,607043,SI,Sinker,,swinging_strike,L,R,SD,NYM,93.00,,,1,1,2025,2025-07
2025-07-30,2025,R,506433,607043,CU,Curveball,,ball,L,R,SD,NYM,73.50,,,0,1,2025,2025-07
2025-07-30,2025,R,506433,607043,FF,4-Seam Fastball,,called_strike,L,R,SD,NYM,92.80,,,0,0,2025,2025-07
2025-07-30,2025,R,506433,621438,SL,Slider,field_out,hit_into_play,R,R,SD,NYM,84.40,91.30,65,0,0,2025,2025-07
2025-07-30,2025,R,506433,621438,ST,Sweeper,field_out,hit_into_play,R,R,SD,NYM,82.70,62.40,35,0,1,2025,2025-07
2025-07-30,2025,R,506433,621438,SL,Slider,,called_strike,R,R,SD,NYM,85.80,,,0,0,2025,2025-07
2025-07-30,2025,R,506433,624413,SL,Slider,field_out,hit_into_play,R,R,SD,NYM,85.90,79.20,65,2,2,2025,2025-07
2025-07-30,2025,R,506433,624413,FF,4-Seam Fastball,,ball,R,R,SD,NYM,92.90,,,1,2,2025,2025-07
2025-07-30,2025,R,506433,624413,CU,Curveball,,called_strike,R,R,SD,NYM,70.90,,,1,1,2025,2025-07
2025-07-30,2025,R,506433,624413,ST,Sweeper,,called_strike,R,R,SD,NYM,82.00,,,1,0,2025,2025-07
2025-07-30,2025,R,506433,624413,FS,Split-Finger,,ball,R,R,SD,NYM,84.70,,,0,0,2025,2025-07
2025-07-30,2025,R,506433,624413,ST,Sweeper,field_out,hit_into_play,R,R,SD,NYM,83.20,101.20,47,1,0,2025,2025-07
2025-07-30,2025,R,506433,624413,FF,4-Seam Fastball,,ball,R,R,SD,NYM,93.60,,,0,0,2025,2025-07
2025-07-30,2025,R,506433,624413,SI,Sinker,field_out,hit_into_play,R,R,SD,NYM,92.70,49.10,18,1,1,2025,2025-07
2025-07-30,2025,R,506433,624413,ST,Sweeper,,ball,R,R,SD,NYM,82.90,,,0,1,2025,2025-07
2025-07-30,2025,R,506433,624413,CU,Curveball,,called_strike,R,R,SD,NYM,72.10,,,0,0,2025,2025-07
2025-07-30,2025,R,506433,643446,SI,Sinker,field_out,hit_into_play,L,R,SD,NYM,92.30,86.10,48,0,1,2025,2025-07
2025-07-30,2025,R,506433,643446,FC,Cutter,,called_strike,L,R,SD,NYM,89.70,,,0,0,2025,2025-07
2025-07-30,2025,R,506433,643446,SL,Slider,field_out,hit_into_play,L,R,SD,NYM,83.50,93.30,44,1,0,2025,2025-07
2025-07-30,2025,R,506433,643446,SI,Sinker,,ball,L,R,SD,NYM,89.60,,,0,0,2025,2025-07
2025-07-30,2025,R,506433,643446,SL,Slider,field_out,hit_into_play,L,R,SD,NYM,84.50,95.20,45,2,0,2025,2025-07
2025-07-30,2025,R,506433,643446,ST,Sweeper,,ball,L,R,SD,NYM,79.80,,,1,0,2025,2025-07
2025-07-30,2025,R,506433,643446,SI,Sinker,,ball,L,R,SD,NYM,92.60,,,0,0,2025,2025-07
2025-07-30,2025,R,506433,668901,FS,Split-Finger,strikeout,swinging_strike,R,R,SD,NYM,87.50,,,1,2,2025,2025-07
2025-07-30,2025,R,506433,668901,SI,Sinker,,called_strike,R,R,SD,NYM,92.10,,,1,1,2025,2025-07
2025-07-30,2025,R,506433,668901,FS,Split-Finger,,ball,R,R,SD,NYM,86.50,,,0,1,2025,2025-07
2025-07-30,2025,R,506433,668901,CU,Curveball,,called_strike,R,R,SD,NYM,71.70,,,0,0,2025,2025-07
2025-07-30,2025,R,506433,668901,FS,Split-Finger,strikeout,swinging_strike,R,R,SD,NYM,86.80,,,0,2,2025,2025-07
2025-07-30,2025,R,506433,668901,ST,Sweeper,,foul,R,R,SD,NYM,82.10,69.30,55,0,1,2025,2025-07
2025-07-30,2025,R,506433,668901,FF,4-Seam Fastball,,called_strike,R,R,SD,NYM,92.70,,,0,0,2025,2025-07
2025-07-30,2025,R,506433,668901,SL,Slider,single,hit_into_play,R,R,SD,NYM,87.70,79.70,8,3,2,2025,2025-07
2025-07-30,2025,R,506433,668901,SL,Slider,,swinging_strike,R,R,SD,NYM,86.40,,,3,1,2025,2025-07
2025-07-30,2025,R,506433,668901,SL,Slider,,called_strike,R,R,SD,NYM,85.70,,,3,0,2025,2025-07
2025-07-30,2025,R,506433,668901,SI,Sinker,,ball,R,R,SD,NYM,92.90,,,2,0,2025,2025-07
2025-07-30,2025,R,506433,668901,ST,Sweeper,,ball,R,R,SD,NYM,82.00,,,1,0,2025,2025-07
2025-07-30,2025,R,506433,668901,FF,4-Seam Fastball,,ball,R,R,SD,NYM,93.10,,,0,0,2025,2025-07
2025-07-30,2025,R,506433,677595,SL,Slider,single,hit_into_play,L,R,SD,NYM,86.00,94.30,16,0,0,2025,2025-07
2025-07-30,2025,R,506433,677595,CU,Curveball,strikeout,swinging_strike,L,R,SD,NYM,71.00,,,1,2,2025,2025-07
2025-07-30,2025,R,506433,677595,ST,Sweeper,,ball,L,R,SD,NYM,81.50,,,0,2,2025,2025-07
2025-07-30,2025,R,506433,677595,FS,Split-Finger,,foul,L,R,SD,NYM,87.00,78.10,81,0,1,2025,2025-07
2025-07-30,2025,R,506433,677595,SL,Slider,,called_strike,L,R,SD,NYM,85.90,,,0,0,2025,2025-07
2025-07-30,2025,R,506433,682626,FS,Split-Finger,strikeout,swinging_strike,R,R,SD,NYM,87.70,,,0,2,2025,2025-07
2025-07-30,2025,R,506433,682626,SI,Sinker,,foul,R,R,SD,NYM,92.00,52.90,11,0,1,2025,2025-07
2025-07-30,2025,R,506433,682626,SL,Slider,,swinging_strike,R,R,SD,NYM,85.20,,,0,0,2025,2025-07
2025-07-30,2025,R,506433,682626,CU,Curveball,strikeout,swinging_strike,R,R,SD,NYM,71.70,,,1,2,2025,2025-07
2025-07-30,2025,R,506433,682626,SL,Slider,,ball,R,R,SD,NYM,87.10,,,0,2,2025,2025-07
2025-07-30,2025,R,506433,682626,SL,Slider,,swinging_strike,R,R,SD,NYM,86.90,,,0,1,2025,2025-07
2025-07-30,2025,R,506433,682626,FF,4-Seam Fastball,,called_strike,R,R,SD,NYM,93.50,,,0,0,2025,2025-07
2025-07-30,2025,R,506433,683146,CU,Curveball,field_out,hit_into_play,L,R,SD,NYM,73.40,87.70,-10,2,1,2025,2025-07
2025-07-30,2025,R,506433,683146,FS,Split-Finger,,ball,L,R,SD,NYM,86.70,,,1,1,2025,2025-07
2025-07-30,2025,R,506433,683146,ST,Sweeper,,called_strike,L,R,SD,NYM,81.80,,,1,0,2025,2025-07
2025-07-30,2025,R,506433,683146,FF,4-Seam Fastball,,ball,L,R,SD,NYM,94.80,,,0,0,2025,2025-07
2025-07-30,2025,R,506433,683146,KC,Knuckle Curve,field_out,hit_into_play,L,R,SD,NYM,80.20,75.80,-33,2,2,2025,2025-07
2025-07-30,2025,R,506433,683146,FF,4-Seam Fastball,,foul,L,R,SD,NYM,92.70,94.20,42,2,1,2025,2025-07
2025-07-30,2025,R,506433,683146,FF,4-Seam Fastball,,foul,L,R,SD,NYM,93.10,74.20,51,2,0,2025,2025-07
2025-07-30,2025,R,506433,683146,ST,Sweeper,,ball,L,R,SD,NYM,80.80,,,1,0,2025,2025-07
2025-07-30,2025,R,506433,683146,ST,Sweeper,,ball,L,R,SD,NYM,80.60,,,0,0,2025,2025-07
2025-07-30,2025,R,542888,621493,ST,Sweeper,field_out,hit_into_play,R,R,LAA,TEX,84.40,72.70,47,0,0,2025,2025-07
2025-07-30,2025,R,542888,660162,ST,Sweeper,strikeout,swinging_strike,L,R,LAA,TEX,83.20,,,3,2,2025,2025-07
2025-07-30,2025,R,542888,660162,FC,Cutter,,foul,L,R,LAA,TEX,89.30,70.00,25,3,2,2025,2025-07
2025-07-30,2025,R,542888,660162,FF,4-Seam Fastball,,ball,L,R,LAA,TEX,93.40,,,2,2,2025,2025-07
2025-07-30,2025,R,542888,660162,FF,4-Seam Fastball,,foul,L,R,LAA,TEX,92.30,85.70,-15,2,2,2025,2025-07
2025-07-30,2025,R,542888,660162,FC,Cutter,,foul,L,R,LAA,TEX,89.20,69.60,48,2,2,2025,2025-07
2025-07-30,2025,R,542888,660162,ST,Sweeper,,foul,L,R,LAA,TEX,84.80,107.90,26,2,2,2025,2025-07
2025-07-30,2025,R,542888,660162,FF,4-Seam Fastball,,foul,L,R,LAA,TEX,93.50,,,2,2,2025,2025-07
2025-07-30,2025,R,542888,660162,FF,4-Seam Fastball,,foul,L,R,LAA,TEX,91.00,,,2,1,2025,2025-07
2025-07-30,2025,R,542888,660162,ST,Sweeper,,blocked_ball,L,R,LAA,TEX,83.90,,,1,1,2025,2025-07
2025-07-30,2025,R,542888,660162,FC,Cutter,,ball,L,R,LAA,TEX,88.90,,,0,1,2025,2025-07
2025-07-30,2025,R,542888,660162,FC,Cutter,,called_strike,L,R,LAA,TEX,90.20,,,0,0,2025,2025-07
2025-07-30,2025,R,542888,666176,ST,Sweeper,field_error,hit_into_play,R,R,LAA,TEX,84.40,70.70,-4,0,2,2025,2025-07
2025-07-30,2025,R,542888,666176,FF,4-Seam Fastball,,foul,R,R,LAA,TEX,92.90,59.10,34,0,2,2025,2025-07
2025-07-30,2025,R,542888,666176,SI,Sinker,,called_strike,R,R,LAA,TEX,93.90,,,0,1,2025,2025-07
2025-07-30,2025,R,542888,666176,ST,Sweeper,,called_strike,R,R,LAA,TEX,83.80,,,0,0,2025,2025-07
2025-07-30,2025,R,543135,545361,FC,Cutter,field_out,hit_into_play,R,R,LAA,TEX,89.10,74.90,68,2,0,2025,2025-07
2025-07-30,2025,R,543135,545361,FS,Split-Finger,,ball,R,R,LAA,TEX,87.00,,,1,0,2025,2025-07
2025-07-30,2025,R,543135,545361,CU,Curveball,,ball,R,R,LAA,TEX,74.80,,,0,0,2025,2025-07
2025-07-30,2025,R,543135,545361,CU,Curveball,strikeout,swinging_strike,R,R,LAA,TEX,77.60,,,2,2,2025,2025-07
2025-07-30,2025,R,543135,545361,FF,4-Seam Fastball,,ball,R,R,LAA,TEX,95.10,,,1,2,2025,2025-07
2025-07-30,2025,R,543135,545361,FS,Split-Finger,,foul,R,R,LAA,TEX,89.60,51.90,-28,1,1,2025,2025-07
2025-07-30,2025,R,543135,545361,FF,4-Seam Fastball,,ball,R,R,LAA,TEX,93.90,,,0,1,2025,2025-07
2025-07-30,2025,R,543135,545361,FF,4-Seam Fastball,,called_strike,R,R,LAA,TEX,93.00,,,0,0,2025,2025-07
2025-07-30,2025,R,543135,545361,FS,Split-Finger,strikeout,swinging_strike,R,R,LAA,TEX,89.10,,,3,2,2025,2025-07
2025-07-30,2025,R,543135,545361,FF,4-Seam Fastball,,foul,R,R,LAA,TEX,94.70,71.10,59,3,2,2025,2025-07
2025-07-30,2025,R,543135,545361,FF,4-Seam Fastball,,ball,R,R,LAA,TEX,94.90,,,2,2,2025,2025-07
2025-07-30,2025,R,543135,545361,CU,Curveball,,foul,R,R,LAA,TEX,76.10,,,2,2,2025,2025-07
2025-07-30,2025,R,543135,545361,FF,4-Seam Fastball,,ball,R,R,LAA,TEX,95.10,,,1,2,2025,2025-07
2025-07-30,2025,R,543135,545361,FF,4-Seam Fastball,,called_strike,R,R,LAA,TEX,94.60,,,1,1,2025,2025-07
2025-07-30,2025,R,543135,545361,FC,Cutter,,ball,R,R,LAA,TEX,90.60,,,0,1,2025,2025-07
2025-07-30,2025,R,543135,545361,SI,Sinker,,called_strike,R,R,LAA,TEX,93.40,,,0,0,2025,2025-07
2025-07-30,2025,R,543135,621493,FS,Split-Finger,single,hit_into_play,R,R,LAA,TEX,85.50,79.30,13,3,1,2025,2025-07
2025-07-30,2025,R,543135,621493,FC,Cutter,,called_strike,R,R,LAA,TEX,89.40,,,3,0,2025,2025-07
2025-07-30,2025,R,543135,621493,FC,Cutter,,ball,R,R,LAA,TEX,89.20,,,2,0,2025,2025-07
2025-07-30,2025,R,543135,621493,FS,Split-Finger,,ball,R,R,LAA,TEX,85.60,,,1,0,2025,2025-07
2025-07-30,2025,R,543135,621493,FS,Split-Finger,,ball,R,R,LAA,TEX,86.10,,,0,0,2025,2025-07
2025-07-30,2025,R,543135,621493,FS,Split-Finger,field_out,hit_into_play,R,R,LAA,TEX,88.40,83.90,30,1,1,2025,2025-07
2025-07-30,2025,R,543135,621493,FS,Split-Finger,,called_strike,R,R,LAA,TEX,88.60,,,1,0,2025,2025-07
2025-07-30,2025,R,543135,621493,FF,4-Seam Fastball,,ball,R,R,LAA,TEX,93.40,,,0,0,2025,2025-07
2025-07-30,2025,R,543135,621493,FS,Split-Finger,single,hit_into_play,R,R,LAA,TEX,87.40,102.20,12,3,2,2025,2025-07
2025-07-30,2025,R,543135,621493,FF,4-Seam Fastball,,foul,R,R,LAA,TEX,94.00,78.20,20,3,2,2025,2025-07
2025-07-30,2025,R,543135,621493,FC,Cutter,,called_strike,R,R,LAA,TEX,89.60,,,3,1,2025,2025-07
2025-07-30,2025,R,543135,621493,FS,Split-Finger,,ball,R,R,LAA,TEX,87.70,,,2,1,2025,2025-07
2025-07-30,2025,R,543135,621493,FS,Split-Finger,,swinging_strike,R,R,LAA,TEX,88.00,,,2,0,2025,2025-07
2025-07-30,2025,R,543135,621493,CU,Curveball,,ball,R,R,LAA,TEX,74.20,,,1,0,2025,2025-07
2025-07-30,2025,R,543135,621493,SL,Slider,,ball,R,R,LAA,TEX,85.80,,,0,0,2025,2025-07
2025-07-30,2025,R,543135,650859,CU,Curveball,field_out,hit_into_play,L,R,LAA,TEX,75.10,73.20,-20,0,2,2025,2025-07
2025-07-30,2025,R,543135,650859,FC,Cutter,,called_strike,L,R,LAA,TEX,88.90,,,0,1,2025,2025-07
2025-07-30,2025,R,543135,650859,FF,4-Seam Fastball,,called_strike,L,R,LAA,TEX,92.10,,,0,0,2025,2025-07
2025-07-30,2025,R,543135,650859,FF,4-Seam Fastball,single,hit_into_play,L,R,LAA,TEX,95.40,102.00,12,1,2,2025,2025-07
2025-07-30,2025,R,543135,650859,CU,Curveball,,foul,L,R,LAA,TEX,76.30,,,1,1,2025,2025-07
2025-07-30,2025,R,543135,650859,FS,Split-Finger,,blocked_ball,L,R,LAA,TEX,90.30,,,0,1,2025,2025-07
2025-07-30,2025,R,543135,650859,FC,Cutter,,called_strike,L,R,LAA,TEX,92.10,,,0,0,2025,2025-07
2025-07-30,2025,R,543135,650859,FF,4-Seam Fastball,single,hit_into_play,L,R,LAA,TEX,93.00,92.40,8,1,0,2025,2025-07
2025-07-30,2025,R,543135,650859,FF,4-Seam Fastball,,ball,L,R,LAA,TEX,93.70,,,0,0,2025,2025-07
2025-07-30,2025,R,543135,660162,CU,Curveball,strikeout,swinging_strike,L,R,LAA,TEX,76.00,,,0,2,2025,2025-07
2025-07-30,2025,R,543135,660162,FF,4-Seam Fastball,,foul,L,R,LAA,TEX,94.10,73.30,32,0,2,2025,2025-07
2025-07-30,2025,R,543135,660162,FS,Split-Finger,,swinging_strike,L,R,LAA,TEX,87.10,,,0,1,2025,2025-07
2025-07-30,2025,R,543135,660162,FS,Split-Finger,,called_strike,L,R,LAA,TEX,86.00,,,0,0,2025,2025-07
2025-07-30,2025,R,543135,660162,FS,Split-Finger,single,hit_into_play,L,R,LAA,TEX,88.30,71.30,55,0,0,2025,2025-07
2025-07-30,2025,R,543135,660162,FC,Cutter,field_out,hit_into_play,L,R,LAA,TEX,90.00,95.50,-16,1,1,2025,2025-07
2025-07-30,2025,R,543135,660162,FS,Split-Finger,,ball,L,R,LAA,TEX,87.60,,,0,1,2025,2025-07
2025-07-30,2025,R,543135,660162,CU,Curveball,,called_strike,L,R,LAA,TEX,74.40,,,0,0,2025,2025-07
2025-07-30,2025,R,543135,666176,FF,4-Seam Fastball,grounded_into_double_play,hit_into_play,R,R,LAA,TEX,91.90,101.40,-22,0,0,2025,2025-07
2025-07-30,2025,R,543135,666176,FF,4-Seam Fastball,field_out,hit_into_play,R,R,LAA,TEX,93.60,98.90,-3,1,0,2025,2025-07
2025-07-30,2025,R,543135,666176,FF,4-Seam Fastball,,ball,R,R,LAA,TEX,94.50,,,0,0,2025,2025-07
2025-07-30,2025,R,543135,666176,FS,Split-Finger,grounded_into_double_play,hit_into_play,R,R,LAA,TEX,87.50,76.20,11,0,0,2025,2025-07
2025-07-30,2025,R,543135,672569,CU,Curveball,field_out,hit_into_play,L,R,LAA,TEX,75.20,79.40,47,0,2,2025,2025-07
2025-07-30,2025,R,543135,672569,FC,Cutter,,foul,L,R,LAA,TEX,88.60,64.20,70,0,1,2025,2025-07
2025-07-30,2025,R,543135,672569,FS,Split-Finger,,called_strike,L,R,LAA,TEX,85.80,,,0,0,2025,2025-07
2025-07-30,2025,R,543135,672569,FS,Split-Finger,field_out,hit_into_play,L,R,LAA,TEX,88.60,90.30,-30,3,2,2025,2025-07
2025-07-30,2025,R,543135,672569,CU,Curveball,,ball,L,R,LAA,TEX,76.80,,,2,2,2025,2025-07
2025-07-30,2025,R,543135,672569,FC,Cutter,,foul,L,R,LAA,TEX,89.50,73.00,17,2,1,2025,2025-07
2025-07-30,2025,R,543135,672569,FS,Split-Finger,,ball,L,R,LAA,TEX,88.00,,,1,1,2025,2025-07
2025-07-30,2025,R,543135,672569,FC,Cutter,,foul_tip,L,R,LAA,TEX,90.00,,,1,0,2025,2025-07
2025-07-30,2025,R,543135,672569,FS,Split-Finger,,ball,L,R,LAA,TEX,86.50,,,0,0,2025,2025-07
2025-07-30,2025,R,543135,672569,FC,Cutter,field_out,hit_into_play,L,R,LAA,TEX,89.60,29.40,37,1,0,2025,2025-07
2025-07-30,2025,R,543135,672569,FS,Split-Finger,,ball,L,R,LAA,TEX,87.30,,,0,0,2025,2025-07
2025-07-30,2025,R,543135,681351,FS,Split-Finger,field_out,hit_into_play,R,R,LAA,TEX,86.90,101.80,-3,0,0,2025,2025-07
2025-07-30,2025,R,543135,681351,CU,Curveball,walk,ball,R,R,LAA,TEX,76.30,,,3,2,2025,2025-07
2025-07-30,2025,R,543135,681351,FF,4-Seam Fastball,,ball,R,R,LAA,TEX,94.40,,,2,2,2025,2025-07
2025-07-30,2025,R,543135,681351,FF,4-Seam Fastball,,ball,R,R,LAA,TEX,94.00,,,1,2,2025,2025-07
2025-07-30,2025,R,543135,681351,FF,4-Seam Fastball,,ball,R,R,LAA,TEX,93.50,,,0,2,2025,2025-07
2025-07-30,2025,R,543135,681351,FS,Split-Finger,,swinging_strike,R,R,LAA,TEX,86.40,,,0,1,2025,2025-07
2025-07-30,2025,R,543135,681351,CU,Curveball,,swinging_strike,R,R,LAA,TEX,75.70,,,0,0,2025,2025-07
2025-07-30,2025,R,543135,681351,FS,Split-Finger,walk,ball,R,R,LAA,TEX,88.70,,,3,2,2025,2025-07
2025-07-30,2025,R,543135,681351,FF,4-Seam Fastball,,ball,R,R,LAA,TEX,94.30,,,2,2,2025,2025-07
2025-07-30,2025,R,543135,681351,FS,Split-Finger,,swinging_strike,R,R,LAA,TEX,87.60,,,2,1,2025,2025-07
2025-07-30,2025,R,543135,681351,CU,Curveball,,ball,R,R,LAA,TEX,75.80,,,1,1,2025,2025-07
2025-07-30,2025,R,543135,681351,FF,4-Seam Fastball,,foul,R,R,LAA,TEX,93.30,76.00,25,1,0,2025,2025-07
2025-07-30,2025,R,543135,681351,SI,Sinker,,ball,R,R,LAA,TEX,91.90,,,0,0,2025,2025-07
2025-07-30,2025,R,543135,687263,FC,Cutter,field_out,hit_into_play,R,R,LAA,TEX,89.90,98.70,50,0,0,2025,2025-07
2025-07-30,2025,R,543135,687263,FS,Split-Finger,single,hit_into_play,R,R,LAA,TEX,88.60,94.30,13,1,0,2025,2025-07
2025-07-30,2025,R,543135,687263,SI,Sinker,,ball,R,R,LAA,TEX,93.30,,,0,0,2025,2025-07
2025-07-30,2025,R,543135,687263,FC,Cutter,field_out,hit_into_play,R,R,LAA,TEX,90.30,67.60,-9,0,0,2025,2025-07
2025-07-30,2025,R,543135,694384,FC,Cutter,strikeout,swinging_strike,L,R,LAA,TEX,89.30,,,1,2,2025,2025-07
2025-07-30,2025,R,543135,694384,FS,Split-Finger,,ball,L,R,LAA,TEX,88.70,,,0,2,2025,2025-07
2025-07-30,2025,R,543135,694384,FS,Split-Finger,,swinging_strike,L,R,LAA,TEX,87.80,,,0,1,2025,2025-07
2025-07-30,2025,R,543135,694384,FS,Split-Finger,,swinging_strike,L,R,LAA,TEX,87.40,,,0,0,2025,2025-07
2025-07-30,2025,R,543135,694384,FC,Cutter,field_out,hit_into_play,L,R,LAA,TEX,90.90,95.10,25,0,2,2025,2025-07
2025-07-30,2025,R,543135,694384,FS,Split-Finger,,foul,L,R,LAA,TEX,89.70,74.80,-18,0,1,2025,2025-07
2025-07-30,2025,R,543135,694384,FC,Cutter,,foul,L,R,LAA,TEX,90.80,72.10,41,0,0,2025,2025-07
2025-07-30,2025,R,543135,694384,FF,4-Seam Fastball,field_out,hit_into_play,L,R,LAA,TEX,94.50,74.00,65,2,2,2025,2025-07
2025-07-30,2025,R,543135,694384,FS,Split-Finger,,ball,L,R,LAA,TEX,86.90,,,1,2,2025,2025-07
2025-07-30,2025,R,543135,694384,FS,Split-Finger,,foul,L,R,LAA,TEX,86.80,53.00,-59,1,1,2025,2025-07
2025-07-30,2025,R,543135,694384,FC,Cutter,,foul,L,R,LAA,TEX,90.00,94.70,41,1,0,2025,2025-07
2025-07-30,2025,R,543135,694384,FS,Split-Finger,,ball,L,R,LAA,TEX,88.80,,,0,0,2025,2025-07
2025-07-30,2025,R,548384,455117,FC,Cutter,field_out,hit_into_play,R,L,SD,NYM,87.40,84.90,63,2,0,2025,2025-07
2025-07-30,2025,R,548384,455117,SI,Sinker,,ball,R,L,SD,NYM,91.80,,,1,0,2025,2025-07
2025-07-30,2025,R,548384,455117,SI,Sinker,,blocked_ball,R,L,SD,NYM,90.70,,,0,0,2025,2025-07
2025-07-30,2025,R,548384,578428,SI,Sinker,field_out,hit_into_play,R,L,SD,NYM,91.60,102.20,-11,0,1,2025,2025-07
2025-07-30,2025,R,548384,578428,ST,Sweeper,,called_strike,R,L,SD,NYM,80.60,,,0,0,2025,2025-07
2025-07-30,2025,R,548384,630105,ST,Sweeper,field_out,hit_into_play,L,L,SD,NYM,81.00,93.70,63,0,2,2025,2025-07
2025-07-30,2025,R,548384,630105,SI,Sinker,,foul,L,L,SD,NYM,91.20,65.00,40,0,1,2025,2025-07
2025-07-30,2025,R,548384,630105,SI,Sinker,,called_strike,L,L,SD,NYM,91.60,,,0,0,2025,2025-07
2025-07-30,2025,R,548384,669369,SI,Sinker,walk,ball,R,L,SD,NYM,92.10,,,3,2,2025,2025-07
2025-07-30,2025,R,548384,669369,SI,Sinker,,ball,R,L,SD,NYM,92.00,,,2,2,2025,2025-07
2025-07-30,2025,R,548384,669369,ST,Sweeper,,foul,R,L,SD,NYM,80.60,,,2,2,2025,2025-07
2025-07-30,2025,R,548384,669369,CH,Changeup,,foul,R,L,SD,NYM,85.10,76.60,45,2,2,2025,2025-07
2025-07-30,2025,R,548384,669369,ST,Sweeper,,ball,R,L,SD,NYM,81.30,,,1,2,2025,2025-07
2025-07-30,2025,R,548384,669369,CH,Changeup,,called_strike,R,L,SD,NYM,83.90,,,1,1,2025,2025-07
2025-07-30,2025,R,548384,669369,FC,Cutter,,called_strike,R,L,SD,NYM,84.90,,,1,0,2025,2025-07
2025-07-30,2025,R,548384,669369,ST,Sweeper,,ball,R,L,SD,NYM,81.20,,,0,0,2025,2025-07
2025-07-30,2025,R,552640,664770,SI,Sinker,field_out,hit_into_play,L,R,BAL,TOR,96.20,73.80,-37,1,1,2025,2025-07
2025-07-30,2025,R,552640,664770,SI,Sinker,,ball,L,R,BAL,TOR,95.90,,,0,1,2025,2025-07
2025-07-30,2025,R,552640,664770,FF,4-Seam Fastball,,called_strike,L,R,BAL,TOR,94.20,,,0,0,2025,2025-07
2025-07-30,2025,R,552640,676914,SL,Slider,field_out,hit_into_play,R,R,BAL,TOR,88.70,91.60,43,0,1,2025,2025-07
2025-07-30,2025,R,552640,676914,SL,Slider,,swinging_strike,R,R,BAL,TOR,89.00,,,0,0,2025,2025-07
2025-07-30,2025,R,552640,680718,SL,Slider,strikeout,swinging_strike,L,R,BAL,TOR,88.40,,,0,2,2025,2025-07
2025-07-30,2025,R,552640,680718,SI,Sinker,,foul,L,R,BAL,TOR,94.50,71.70,48,0,1,2025,2025-07
2025-07-30,2025,R,552640,680718,FF,4-Seam Fastball,,foul,L,R,BAL,TOR,94.10,,,0,0,2025,2025-07
2025-07-30,2025,R,571945,660821,SL,Slider,field_out,hit_into_play,L,R,STL,MIA,90.80,85.30,-31,2,2,2025,2025-07
2025-07-30,2025,R,571945,660821,FF,4-Seam Fastball,,foul,L,R,STL,MIA,94.90,77.10,71,2,2,2025,2025-07
2025-07-30,2025,R,571945,660821,CU,Curveball,,ball,L,R,STL,MIA,78.40,,,1,2,2025,2025-07
2025-07-30,2025,R,571945,660821,SL,Slider,,ball,L,R,STL,MIA,91.30,,,0,2,2025,2025-07
2025-07-30,2025,R,571945,660821,FF,4-Seam Fastball,,foul,L,R,STL,MIA,95.80,70.00,64,0,2,2025,2025-07
2025-07-30,2025,R,571945,660821,SL,Slider,,foul,L,R,STL,MIA,90.80,64.80,8,0,1,2025,2025-07
2025-07-30,2025,R,571945,660821,SL,Slider,,foul,L,R,STL,MIA,90.90,78.60,35,0,0,2025,2025-07
2025-07-30,2025,R,571945,660821,CH,Changeup,home_run,hit_into_play,L,R,STL,MIA,83.00,106.80,26,1,0,2025,2025-07
2025-07-30,2025,R,571945,660821,PO,Pitch Out,,pitchout,L,R,STL,MIA,89.10,,,0,0,2025,2025-07
2025-07-30,2025,R,571945,660821,FF,4-Seam Fastball,double,hit_into_play,L,R,STL,MIA,96.00,110.60,14,0,1,2025,2025-07
2025-07-30,2025,R,571945,660821,FF,4-Seam Fastball,,foul,L,R,STL,MIA,95.10,69.80,45,0,0,2025,2025-07
2025-07-30,2025,R,571945,667472,SL,Slider,strikeout,called_strike,R,R,STL,MIA,88.40,,,1,2,2025,2025-07
2025-07-30,2025,R,571945,667472,SI,Sinker,,foul,R,R,STL,MIA,95.70,93.40,43,1,2,2025,2025-07
2025-07-30,2025,R,571945,667472,CU,Curveball,,ball,R,R,STL,MIA,78.70,,,0,2,2025,2025-07
2025-07-30,2025,R,571945,667472,FF,4-Seam Fastball,,foul,R,R,STL,MIA,96.40,79.20,26,0,2,2025,2025-07
2025-07-30,2025,R,571945,667472,SL,Slider,,foul,R,R,STL,MIA,90.90,75.90,34,0,1,2025,2025-07
2025-07-30,2025,R,571945,667472,FF,4-Seam Fastball,,called_strike,R,R,STL,MIA,94.50,,,0,0,2025,2025-07
2025-07-30,2025,R,571945,667472,FF,4-Seam Fastball,field_out,hit_into_play,R,R,STL,MIA,93.90,77.80,36,0,0,2025,2025-07
2025-07-30,2025,R,571945,669065,FF,4-Seam Fastball,field_out,hit_into_play,L,R,STL,MIA,95.30,106.30,-4,0,0,2025,2025-07
2025-07-30,2025,R,571945,669065,CU,Curveball,field_out,hit_into_play,L,R,STL,MIA,77.90,87.60,0,1,1,2025,2025-07
2025-07-30,2025,R,571945,669065,SL,Slider,,ball,L,R,STL,MIA,90.00,,,0,1,2025,2025-07
2025-07-30,2025,R,571945,669065,FF,4-Seam Fastball,,swinging_strike,L,R,STL,MIA,95.20,,,0,0,2025,2025-07
2025-07-30,2025,R,571945,669065,SI,Sinker,strikeout,called_strike,L,R,STL,MIA,93.30,,,3,2,2025,2025-07
2025-07-30,2025,R,571945,669065,CU,Curveball,,blocked_ball,L,R,STL,MIA,77.10,,,2,2,2025,2025-07
2025-07-30,2025,R,571945,669065,SI,Sinker,,swinging_strike,L,R,STL,MIA,95.30,,,2,1,2025,2025-07
2025-07-30,2025,R,571945,669065,FF,4-Seam Fastball,,ball,L,R,STL,MIA,94.30,,,1,1,2025,2025-07
2025-07-30,2025,R,571945,669065,CU,Curveball,,swinging_strike,L,R,STL,MIA,77.30,,,1,0,2025,2025-07
2025-07-30,2025,R,571945,669065,SL,Slider,,ball,L,R,STL,MIA,91.00,,,0,0,2025,2025-07
2025-07-30,2025,R,571945,669364,CU,Curveball,field_out,hit_into_play,L,R,STL,MIA,78.10,72.30,16,0,2,2025,2025-07
2025-07-30,2025,R,571945,669364,CH,Changeup,,swinging_strike,L,R,STL,MIA,89.40,,,0,1,2025,2025-07
2025-07-30,2025,R,571945,669364,SL,Slider,,called_strike,L,R,STL,MIA,91.40,,,0,0,2025,2025-07
2025-07-30,2025,R,571945,669364,SI,Sinker,single,hit_into_play,L,R,STL,MIA,95.80,84.80,18,2,2,2025,2025-07
2025-07-30,2025,R,571945,669364,CH,Changeup,,foul,L,R,STL,MIA,84.30,57.60,-37,2,1,2025,2025-07
2025-07-30,2025,R,571945,669364,FF,4-Seam Fastball,,ball,L,R,STL,MIA,94.40,,,1,1,2025,2025-07
2025-07-30,2025,R,571945,669364,SL,Slider,,foul,L,R,STL,MIA,91.20,78.60,2,1,0,2025,2025-07
2025-07-30,2025,R,571945,669364,CU,Curveball,,ball,L,R,STL,MIA,77.70,,,0,0,2025,2025-07
2025-07-30,2025,R,571945,669364,FF,4-Seam Fastball,field_out,hit_into_play,L,R,STL,MIA,95.30,101.80,14,1,2,2025,2025-07
2025-07-30,2025,R,571945,669364,SI,Sinker,,foul,L,R,STL,MIA,94.70,,-53,1,2,2025,2025-07
2025-07-30,2025,R,571945,669364,CU,Curveball,,ball,L,R,STL,MIA,79.30,,,0,2,2025,2025-07
2025-07-30,2025,R,571945,669364,SL,Slider,,foul,L,R,STL,MIA,90.20,,,0,1,2025,2025-07
2025-07-30,2025,R,571945,669364,FF,4-Seam Fastball,,foul,L,R,STL,MIA,94.80,80.80,11,0,0,2025,2025-07
2025-07-30,2025,R,571945,672640,CU,Curveball,strikeout,swinging_strike,R,R,STL,MIA,77.80,,,1,2,2025,2025-07
2025-07-30,2025,R,571945,672640,FF,4-Seam Fastball,,foul,R,R,STL,MIA,94.60,76.80,69,1,2,2025,2025-07
2025-07-30,2025,R,571945,672640,CH,Changeup,,foul,R,R,STL,MIA,89.60,,,1,2,2025,2025-07
2025-07-30,2025,R,571945,672640,SL,Slider,,swinging_strike,R,R,STL,MIA,86.30,,,1,1,2025,2025-07
2025-07-30,2025,R,571945,672640,CU,Curveball,,ball,R,R,STL,MIA,78.90,,,0,1,2025,2025-07
2025-07-30,2025,R,571945,672640,SI,Sinker,,called_strike,R,R,STL,MIA,94.10,,,0,0,2025,2025-07
2025-07-30,2025,R,571945,672640,FF,4-Seam Fastball,single,hit_into_play,R,R,STL,MIA,95.90,85.90,6,3,2,2025,2025-07
2025-07-30,2025,R,571945,672640,SL,Slider,,ball,R,R,STL,MIA,87.30,,,2,2,2025,2025-07
2025-07-30,2025,R,571945,672640,SI,Sinker,,foul,R,R,STL,MIA,94.60,82.00,-56,2,1,2025,2025-07
2025-07-30,2025,R,571945,672640,SL,Slider,,ball,R,R,STL,MIA,91.00,,,1,1,2025,2025-07
2025-07-30,2025,R,571945,672640,SI,Sinker,,called_strike,R,R,STL,MIA,94.00,,,1,0,2025,2025-07
2025-07-30,2025,R,571945,672640,CU,Curveball,,ball,R,R,STL,MIA,77.00,,,0,0,2025,2025-07
2025-07-30,2025,R,571945,672640,SI,Sinker,field_out,hit_into_play,R,R,STL,MIA,94.90,87.80,53,0,0,2025,2025-07
2025-07-30,2025,R,571945,681715,SI,Sinker,field_out,hit_into_play,R,R,STL,MIA,92.80,59.90,-17,3,2,2025,2025-07
2025-07-30,2025,R,571945,681715,CU,Curveball,,ball,R,R,STL,MIA,77.80,,,2,2,2025,2025-07
2025-07-30,2025,R,571945,681715,SI,Sinker,,ball,R,R,STL,MIA,94.80,,,1,2,2025,2025-07
2025-07-30,2025,R,571945,681715,CU,Curveball,,called_strike,R,R,STL,MIA,75.30,,,1,1,2025,2025-07
2025-07-30,2025,R,571945,681715,SL,Slider,,called_strike,R,R,STL,MIA,87.90,,,1,0,2025,2025-07
2025-07-30,2025,R,571945,681715,SI,Sinker,,ball,R,R,STL,MIA,94.40,,,0,0,2025,2025-07
2025-07-30,2025,R,571945,681715,SI,Sinker,strikeout,swinging_strike,R,R,STL,MIA,92.90,,,3,2,2025,2025-07
2025-07-30,2025,R,571945,681715,CH,Changeup,,ball,R,R,STL,MIA,89.00,,,2,2,2025,2025-07
2025-07-30,2025,R,571945,681715,FF,4-Seam Fastball,,ball,R,R,STL,MIA,94.90,,,1,2,2025,2025-07
2025-07-30,2025,R,571945,681715,CU,Curveball,,called_strike,R,R,STL,MIA,77.10,,,1,1,2025,2025-07
2025-07-30,2025,R,571945,681715,SI,Sinker,,called_strike,R,R,STL,MIA,94.90,,,1,0,2025,2025-07
2025-07-30,2025,R,571945,681715,SL,Slider,,ball,R,R,STL,MIA,92.10,,,0,0,2025,2025-07
2025-07-30,2025,R,571945,682663,SI,Sinker,field_out,hit_into_play,R,R,STL,MIA,91.80,85.40,31,0,0,2025,2025-07
2025-07-30,2025,R,571945,682663,SI,Sinker,field_out,hit_into_play,R,R,STL,MIA,95.00,63.30,2,1,1,2025,2025-07
2025-07-30,2025,R,571945,682663,CU,Curveball,,ball,R,R,STL,MIA,78.50,,,0,1,2025,2025-07
2025-07-30,2025,R,571945,682663,SI,Sinker,,foul,R,R,STL,MIA,94.90,100.70,32,0,0,2025,2025-07
2025-07-30,2025,R,571945,682663,ST,Sweeper,single,hit_into_play,R,R,STL,MIA,84.30,103.50,6,1,2,2025,2025-07
2025-07-30,2025,R,571945,682663,SI,Sinker,,ball,R,R,STL,MIA,94.90,,,0,2,2025,2025-07
2025-07-30,2025,R,571945,682663,SL,Slider,,foul,R,R,STL,MIA,86.20,68.10,47,0,1,2025,2025-07
2025-07-30,2025,R,571945,682663,CU,Curveball,,called_strike,R,R,STL,MIA,76.70,,,0,0,2025,2025-07
2025-07-30,2025,R,571945,687859,CH,Changeup,field_out,hit_into_play,L,R,STL,MIA,88.50,93.30,21,1,1,2025,2025-07
2025-07-30,2025,R,571945,687859,SL,Slider,,ball,L,R,STL,MIA,89.50,,,0,1,2025,2025-07
2025-07-30,2025,R,571945,687859,CU,Curveball,,called_strike,L,R,STL,MIA,75.90,,,0,0,2025,2025-07
2025-07-30,2025,R,571945,687859,FF,4-Seam Fastball,strikeout,swinging_strike,L,R,STL,MIA,95.40,,,2,2,2025,2025-07
2025-07-30,2025,R,571945,687859,CH,Changeup,,ball,L,R,STL,MIA,89.70,,,1,2,2025,2025-07
2025-07-30,2025,R,571945,687859,SL,Slider,,ball,L,R,STL,MIA,91.00,,,0,2,2025,2025-07
2025-07-30,2025,R,571945,687859,CU,Curveball,,foul,L,R,STL,MIA,77.70,76.80,-22,0,1,2025,2025-07
2025-07-30,2025,R,571945,687859,FF,4-Seam Fastball,,foul,L,R,STL,MIA,94.20,75.30,33,0,0,2025,2025-07
2025-07-30,2025,R,571945,688363,SL,Slider,field_out,hit_into_play,L,R,STL,MIA,90.50,90.90,1,0,0,2025,2025-07
2025-07-30,2025,R,571945,688363,FF,4-Seam Fastball,field_out,hit_into_play,L,R,STL,MIA,95.60,92.10,50,1,1,2025,2025-07
2025-07-30,2025,R,571945,688363,CU,Curveball,,called_strike,L,R,STL,MIA,78.90,,,1,0,2025,2025-07
2025-07-30,2025,R,571945,688363,SL,Slider,,ball,L,R,STL,MIA,92.70,,,0,0,2025,2025-07
2025-07-30,2025,R,571948,545361,ST,Sweeper,single,hit_into_play,R,L,LAA,TEX,78.80,80.00,3,2,1,2025,2025-07
2025-07-30,2025,R,571948,545361,CH,Changeup,,called_strike,R,L,LAA,TEX,81.50,,,2,0,2025,2025-07
2025-07-30,2025,R,571948,545361,CH,Changeup,,ball,R,L,LAA,TEX,81.00,,,1,0,2025,2025-07
2025-07-30,2025,R,571948,545361,FF,4-Seam Fastball,,ball,R,L,LAA,TEX,87.50,,,0,0,2025,2025-07
2025-07-30,2025,R,571948,687263,ST,Sweeper,strikeout,swinging_strike,R,L,LAA,TEX,77.40,,,2,2,2025,2025-07
2025-07-30,2025,R,571948,687263,SI,Sinker,,ball,R,L,LAA,TEX,88.20,,,1,2,2025,2025-07
2025-07-30,2025,R,571948,687263,SI,Sinker,,foul,R,L,LAA,TEX,87.70,78.10,28,1,1,2025,2025-07
2025-07-30,2025,R,571948,687263,CH,Changeup,,ball,R,L,LAA,TEX,79.80,,,0,1,2025,2025-07
2025-07-30,2025,R,571948,687263,ST,Sweeper,,called_strike,R,L,LAA,TEX,78.80,,,0,0,2025,2025-07
2025-07-30,2025,R,571948,694384,CH,Changeup,home_run,hit_into_play,L,L,LAA,TEX,81.20,97.70,35,3,2,2025,2025-07
2025-07-30,2025,R,571948,694384,SI,Sinker,,foul,L,L,LAA,TEX,88.70,75.10,-18,3,2,2025,2025-07
2025-07-30,2025,R,571948,694384,ST,Sweeper,,foul,L,L,LAA,TEX,79.20,,,3,2,2025,2025-07
2025-07-30,2025,R,571948,694384,SI,Sinker,,called_strike,L,L,LAA,TEX,87.60,,,3,1,2025,2025-07
2025-07-30,2025,R,571948,694384,ST,Sweeper,,ball,L,L,LAA,TEX,79.00,,,2,1,2025,2025-07
2025-07-30,2025,R,571948,694384,SI,Sinker,,ball,L,L,LAA,TEX,87.90,,,1,1,2025,2025-07
2025-07-30,2025,R,571948,694384,SI,Sinker,,ball,L,L,LAA,TEX,88.40,,,0,1,2025,2025-07
2025-07-30,2025,R,571948,694384,SI,Sinker,,foul,L,L,LAA,TEX,87.20,67.70,19,0,0,2025,2025-07
2025-07-30,2025,R,572955,545341,CU,Curveball,field_out,hit_into_play,R,R,KC,ATL,86.50,77.90,25,2,2,2025,2025-07
2025-07-30,2025,R,572955,545341,CU,Curveball,,ball,R,R,KC,ATL,86.40,,,1,2,2025,2025-07
2025-07-30,2025,R,572955,545341,CU,Curveball,,ball,R,R,KC,ATL,84.70,,,0,2,2025,2025-07
2025-07-30,2025,R,572955,545341,CU,Curveball,,called_strike,R,R,KC,ATL,84.90,,,0,1,2025,2025-07
2025-07-30,2025,R,572955,545341,CU,Curveball,,called_strike,R,R,KC,ATL,84.80,,,0,0,2025,2025-07
2025-07-30,2025,R,573204,655316,FF,4-Seam Fastball,field_out,hit_into_play,R,L,MIL,CHC,93.80,70.40,65,1,0,2025,2025-07
2025-07-30,2025,R,573204,655316,CU,Curveball,,ball,R,L,MIL,CHC,76.00,,,0,0,2025,2025-07
2025-07-30,2025,R,573204,661388,CU,Curveball,field_out,hit_into_play,R,L,MIL,CHC,75.60,96.80,1,2,1,2025,2025-07
2025-07-30,2025,R,573204,661388,SL,Slider,,ball,R,L,MIL,CHC,88.70,,,1,1,2025,2025-07
2025-07-30,2025,R,573204,661388,SL,Slider,,ball,R,L,MIL,CHC,88.00,,,0,1,2025,2025-07
2025-07-30,2025,R,573204,661388,CU,Curveball,,foul,R,L,MIL,CHC,75.60,,,0,0,2025,2025-07
2025-07-30,2025,R,573204,686217,FF,4-Seam Fastball,field_out,hit_into_play,L,L,MIL,CHC,93.50,94.00,17,0,1,2025,2025-07
2025-07-30,2025,R,573204,686217,ST,Sweeper,,called_strike,L,L,MIL,CHC,79.50,,,0,0,2025,2025-07
2025-07-30,2025,R,592094,620443,SL,Slider,strikeout,called_strike,R,R,SD,NYM,84.40,,,0,2,2025,2025-07
2025-07-30,2025,R,592094,620443,CH,Changeup,,foul,R,R,SD,NYM,86.70,103.20,19,0,2,2025,2025-07
2025-07-30,2025,R,592094,620443,FF,4-Seam Fastball,,foul,R,R,SD,NYM,94.30,94.00,57,0,1,2025,2025-07
2025-07-30,2025,R,592094,620443,FF,4-Seam Fastball,,called_strike,R,R,SD,NYM,93.60,,,0,0,2025,2025-07
2025-07-30,2025,R,592094,677595,CH,Changeup,field_out,hit_into_play,L,R,SD,NYM,88.80,89.60,62,2,2,2025,2025-07
2025-07-30,2025,R,592094,677595,CH,Changeup,,ball,L,R,SD,NYM,89.10,,,1,2,2025,2025-07
2025-07-30,2025,R,592094,677595,FF,4-Seam Fastball,,swinging_strike,L,R,SD,NYM,94.40,,,1,1,2025,2025-07
2025-07-30,2025,R,592094,677595,SL,Slider,,foul,L,R,SD,NYM,84.40,24.70,-55,1,0,2025,2025-07
2025-07-30,2025,R,592094,677595,SL,Slider,,ball,L,R,SD,NYM,85.10,,,0,0,2025,2025-07
2025-07-30,2025,R,592094,683146,CH,Changeup,strikeout,called_strike,L,R,SD,NYM,88.40,,,3,2,2025,2025-07
2025-07-30,2025,R,592094,683146,SL,Slider,,foul,L,R,SD,NYM,82.40,77.20,42,3,2,2025,2025-07
2025-07-30,2025,R,592094,683146,FF,4-Seam Fastball,,ball,L,R,SD,NYM,95.70,,,2,2,2025,2025-07
2025-07-30,2025,R,592094,683146,FF,4-Seam Fastball,,foul,L,R,SD,NYM,94.40,71.80,24,2,1,2025,2025-07
2025-07-30,2025,R,592094,683146,CH,Changeup,,ball,L,R,SD,NYM,89.70,,,1,1,2025,2025-07
2025-07-30,2025,R,592094,683146,FF,4-Seam Fastball,,called_strike,L,R,SD,NYM,94.30,,,1,0,2025,2025-07
2025-07-30,2025,R,592094,683146,FF,4-Seam Fastball,,ball,L,R,SD,NYM,94.50,,,0,0,2025,2025-07
2025-07-30,2025,R,592454,553993,CH,Changeup,double,hit_into_play,R,R,DET,AZ,87.50,106.60,18,0,1,2025,2025-07
2025-07-30,2025,R,592454,553993,CH,Changeup,,called_strike,R,R,DET,AZ,86.70,,,0,0,2025,2025-07
2025-07-30,2025,R,592454,606466,CH,Changeup,field_out,hit_into_play,L,R,DET,AZ,88.20,99.00,20,1,2,2025,2025-07
2025-07-30,2025,R,592454,606466,CH,Changeup,,ball,L,R,DET,AZ,88.80,,,0,2,2025,2025-07
2025-07-30,2025,R,592454,606466,CH,Changeup,,swinging_strike,L,R,DET,AZ,88.00,,,0,1,2025,2025-07
2025-07-30,2025,R,592454,606466,CH,Changeup,,swinging_strike,L,R,DET,AZ,87.70,,,0,0,2025,2025-07
2025-07-30,2025,R,592454,666971,CH,Changeup,field_out,hit_into_play,R,R,DET,AZ,85.70,89.60,0,3,2,2025,2025-07
2025-07-30,2025,R,592454,666971,CH,Changeup,,ball,R,R,DET,AZ,87.30,,,2,2,2025,2025-07
2025-07-30,2025,R,592454,666971,CH,Changeup,,foul,R,R,DET,AZ,87.40,65.70,-59,2,2,2025,2025-07
2025-07-30,2025,R,592454,666971,FF,4-Seam Fastball,,foul,R,R,DET,AZ,92.20,76.40,27,2,1,2025,2025-07
2025-07-30,2025,R,592454,666971,CH,Changeup,,ball,R,R,DET,AZ,85.30,,,1,1,2025,2025-07
2025-07-30,2025,R,592454,666971,FF,4-Seam Fastball,,ball,R,R,DET,AZ,93.60,,,0,1,2025,2025-07
2025-07-30,2025,R,592454,666971,CH,Changeup,,called_strike,R,R,DET,AZ,86.00,,,0,0,2025,2025-07
2025-07-30,2025,R,592454,672695,CH,Changeup,home_run,hit_into_play,L,R,DET,AZ,87.50,100.40,28,3,1,2025,2025-07
2025-07-30,2025,R,592454,672695,CH,Changeup,,ball,L,R,DET,AZ,87.10,,,2,1,2025,2025-07
2025-07-30,2025,R,592454,672695,CH,Changeup,,ball,L,R,DET,AZ,87.80,,,1,1,2025,2025-07
2025-07-30,2025,R,592454,672695,CH,Changeup,,called_strike,L,R,DET,AZ,88.10,,,1,0,2025,2025-07
2025-07-30,2025,R,592454,672695,FF,4-Seam Fastball,,ball,L,R,DET,AZ,92.90,,,0,0,2025,2025-07
2025-07-30,2025,R,592454,682998,FF,4-Seam Fastball,strikeout,called_strike,L,R,DET,AZ,92.60,,,1,2,2025,2025-07
2025-07-30,2025,R,592454,682998,CH,Changeup,,called_strike,L,R,DET,AZ,86.00,,,1,1,2025,2025-07
2025-07-30,2025,R,592454,682998,CH,Changeup,,ball,L,R,DET,AZ,85.90,,,0,1,2025,2025-07
2025-07-30,2025,R,592454,682998,CH,Changeup,,called_strike,L,R,DET,AZ,85.80,,,0,0,2025,2025-07
2025-07-30,2025,R,592773,592518,ST,Sweeper,field_out,hit_into_play,R,R,SD,NYM,83.60,80.20,-6,1,2,2025,2025-07
2025-07-30,2025,R,592773,592518,FF,4-Seam Fastball,,ball,R,R,SD,NYM,99.90,,,0,2,2025,2025-07
2025-07-30,2025,R,592773,592518,FF,4-Seam Fastball,,swinging_strike,R,R,SD,NYM,99.20,,,0,1,2025,2025-07
2025-07-30,2025,R,592773,592518,FF,4-Seam Fastball,,called_strike,R,R,SD,NYM,97.90,,,0,0,2025,2025-07
2025-07-30,2025,R,592773,593428,FF,4-Seam Fastball,strikeout,called_strike,R,R,SD,NYM,98.50,,,2,2,2025,2025-07
2025-07-30,2025,R,592773,593428,SL,Slider,,foul,R,R,SD,NYM,88.00,88.30,34,2,2,2025,2025-07
2025-07-30,2025,R,592773,593428,FF,4-Seam Fastball,,swinging_strike,R,R,SD,NYM,99.40,,,2,1,2025,2025-07
2025-07-30,2025,R,592773,593428,SL,Slider,,ball,R,R,SD,NYM,89.50,,,1,1,2025,2025-07
2025-07-30,2025,R,592773,593428,FF,4-Seam Fastball,,called_strike,R,R,SD,NYM,99.00,,,1,0,2025,2025-07
2025-07-30,2025,R,592773,593428,SL,Slider,,ball,R,R,SD,NYM,89.40,,,0,0,2025,2025-07
2025-07-30,2025,R,592773,701538,FF,4-Seam Fastball,field_out,hit_into_play,L,R,SD,NYM,100.00,91.60,28,1,2,2025,2025-07
2025-07-30,2025,R,592773,701538,FF,4-Seam Fastball,,foul,L,R,SD,NYM,99.00,,,1,1,2025,2025-07
2025-07-30,2025,R,592773,701538,FF,4-Seam Fastball,,foul,L,R,SD,NYM,97.70,82.40,25,1,0,2025,2025-07
2025-07-30,2025,R,592773,701538,FF,4-Seam Fastball,,ball,L,R,SD,NYM,98.50,,,0,0,2025,2025-07
2025-07-30,2025,R,592836,643217,SI,Sinker,field_out,hit_into_play,L,R,CWS,PHI,90.90,103.90,19,3,1,2025,2025-07
2025-07-30,2025,R,592836,643217,FC,Cutter,,called_strike,L,R,CWS,PHI,85.50,,,3,0,2025,2025-07
2025-07-30,2025,R,592836,643217,FS,Split-Finger,,blocked_ball,L,R,CWS,PHI,86.40,,,2,0,2025,2025-07
2025-07-30,2025,R,592836,643217,FC,Cutter,,ball,L,R,CWS,PHI,87.40,,,1,0,2025,2025-07
2025-07-30,2025,R,592836,643217,FS,Split-Finger,,ball,L,R,CWS,PHI,85.90,,,0,0,2025,2025-07
2025-07-30,2025,R,592836,643217,FS,Split-Finger,force_out,hit_into_play,L,R,CWS,PHI,85.50,104.80,-21,1,1,2025,2025-07
2025-07-30,2025,R,592836,643217,FS,Split-Finger,,blocked_ball,L,R,CWS,PHI,86.30,,,0,1,2025,2025-07
2025-07-30,2025,R,592836,643217,FF,4-Seam Fastball,,called_strike,L,R,CWS,PHI,90.90,,,0,0,2025,2025-07
2025-07-30,2025,R,592836,643217,FS,Split-Finger,field_out,hit_into_play,L,R,CWS,PHI,86.00,81.00,35,0,0,2025,2025-07
2025-07-30,2025,R,592836,643565,CU,Curveball,single,hit_into_play,L,R,CWS,PHI,75.20,82.40,12,1,1,2025,2025-07
2025-07-30,2025,R,592836,643565,FS,Split-Finger,,ball,L,R,CWS,PHI,86.30,,,0,1,2025,2025-07
2025-07-30,2025,R,592836,643565,FF,4-Seam Fastball,,called_strike,L,R,CWS,PHI,90.80,,,0,0,2025,2025-07
2025-07-30,2025,R,592836,643565,CU,Curveball,field_out,hit_into_play,L,R,CWS,PHI,75.00,91.70,29,2,2,2025,2025-07
2025-07-30,2025,R,592836,643565,SL,Slider,,called_strike,L,R,CWS,PHI,83.40,,,2,1,2025,2025-07
2025-07-30,2025,R,592836,643565,FF,4-Seam Fastball,,ball,L,R,CWS,PHI,90.30,,,1,1,2025,2025-07
2025-07-30,2025,R,592836,643565,SL,Slider,,ball,L,R,CWS,PHI,82.30,,,0,1,2025,2025-07
2025-07-30,2025,R,592836,643565,CU,Curveball,,called_strike,L,R,CWS,PHI,73.30,,,0,0,2025,2025-07
2025-07-30,2025,R,592836,643565,SI,Sinker,single,hit_into_play,L,R,CWS,PHI,91.20,93.90,12,3,2,2025,2025-07
2025-07-30,2025,R,592836,643565,FC,Cutter,,ball,L,R,CWS,PHI,86.90,,,2,2,2025,2025-07
2025-07-30,2025,R,592836,643565,FS,Split-Finger,,ball,L,R,CWS,PHI,87.00,,,1,2,2025,2025-07
2025-07-30,2025,R,592836,643565,SI,Sinker,,called_strike,L,R,CWS,PHI,91.50,,,1,1,2025,2025-07
2025-07-30,2025,R,592836,643565,FF,4-Seam Fastball,,called_strike,L,R,CWS,PHI,91.50,,,1,0,2025,2025-07
2025-07-30,2025,R,592836,643565,FF,4-Seam Fastball,,ball,L,R,CWS,PHI,90.00,,,0,0,2025,2025-07
2025-07-30,2025,R,592836,668942,FF,4-Seam Fastball,field_out,hit_into_play,L,R,CWS,PHI,90.10,83.70,78,1,1,2025,2025-07
2025-07-30,2025,R,592836,668942,FS,Split-Finger,,ball,L,R,CWS,PHI,85.10,,,0,1,2025,2025-07
2025-07-30,2025,R,592836,668942,CU,Curveball,,foul,L,R,CWS,PHI,73.40,57.80,-38,0,0,2025,2025-07
2025-07-30,2025,R,592836,668942,FC,Cutter,field_out,hit_into_play,L,R,CWS,PHI,86.80,95.10,48,0,0,2025,2025-07
2025-07-30,2025,R,592836,673357,SI,Sinker,field_out,hit_into_play,R,R,CWS,PHI,89.40,103.00,36,0,0,2025,2025-07
2025-07-30,2025,R,592836,673357,FF,4-Seam Fastball,single,hit_into_play,R,R,CWS,PHI,93.10,111.00,19,3,2,2025,2025-07
2025-07-30,2025,R,592836,673357,FS,Split-Finger,,foul,R,R,CWS,PHI,87.30,109.80,12,3,2,2025,2025-07
2025-07-30,2025,R,592836,673357,FS,Split-Finger,,ball,R,R,CWS,PHI,88.00,,,2,2,2025,2025-07
2025-07-30,2025,R,592836,673357,SI,Sinker,,ball,R,R,CWS,PHI,92.30,,,1,2,2025,2025-07
2025-07-30,2025,R,592836,673357,SL,Slider,,foul,R,R,CWS,PHI,84.00,104.60,13,1,2,2025,2025-07
2025-07-30,2025,R,592836,673357,SL,Slider,,ball,R,R,CWS,PHI,84.30,,,0,2,2025,2025-07
2025-07-30,2025,R,592836,673357,FS,Split-Finger,,foul,R,R,CWS,PHI,87.10,74.10,57,0,2,2025,2025-07
2025-07-30,2025,R,592836,673357,FS,Split-Finger,,foul,R,R,CWS,PHI,87.00,,,0,2,2025,2025-07
2025-07-30,2025,R,592836,673357,SI,Sinker,,foul,R,R,CWS,PHI,92.20,63.10,41,0,1,2025,2025-07
2025-07-30,2025,R,592836,673357,SL,Slider,,called_strike,R,R,CWS,PHI,84.30,,,0,0,2025,2025-07
2025-07-30,2025,R,592836,678246,FC,Cutter,field_out,hit_into_play,R,R,CWS,PHI,87.10,89.00,69,2,0,2025,2025-07
2025-07-30,2025,R,592836,678246,SL,Slider,,ball,R,R,CWS,PHI,84.10,,,1,0,2025,2025-07
2025-07-30,2025,R,592836,678246,FC,Cutter,,ball,R,R,CWS,PHI,84.90,,,0,0,2025,2025-07
2025-07-30,2025,R,592836,678246,FF,4-Seam Fastball,field_out,hit_into_play,R,R,CWS,PHI,91.20,103.70,40,0,0,2025,2025-07
2025-07-30,2025,R,592836,678246,SI,Sinker,field_out,hit_into_play,R,R,CWS,PHI,91.00,93.00,56,1,0,2025,2025-07
2025-07-30,2025,R,592836,678246,FC,Cutter,,ball,R,R,CWS,PHI,86.30,,,0,0,2025,2025-07
2025-07-30,2025,R,592836,691019,FS,Split-Finger,field_out,hit_into_play,L,R,CWS,PHI,86.30,89.20,-3,1,1,2025,2025-07
2025-07-30,2025,R,592836,691019,FS,Split-Finger,,ball,L,R,CWS,PHI,86.10,,,0,1,2025,2025-07
2025-07-30,2025,R,592836,691019,FF,4-Seam Fastball,,called_strike,L,R,CWS,PHI,89.10,,,0,0,2025,2025-07
2025-07-30,2025,R,592836,691019,FC,Cutter,home_run,hit_into_play,L,R,CWS,PHI,85.90,107.80,26,1,0,2025,2025-07
2025-07-30,2025,R,592836,691019,CU,Curveball,,ball,L,R,CWS,PHI,71.80,,,0,0,2025,2025-07
2025-07-30,2025,R,592836,695657,FS,Split-Finger,home_run,hit_into_play,L,R,CWS,PHI,86.40,107.90,20,2,1,2025,2025-07
2025-07-30,2025,R,592836,695657,FF,4-Seam Fastball,,ball,L,R,CWS,PHI,91.70,,,1,1,2025,2025-07
2025-07-30,2025,R,592836,695657,FS,Split-Finger,,called_strike,L,R,CWS,PHI,86.80,,,1,0,2025,2025-07
2025-07-30,2025,R,592836,695657,CU,Curveball,,ball,L,R,CWS,PHI,73.60,,,0,0,2025,2025-07
2025-07-30,2025,R,592836,695657,FC,Cutter,field_out,hit_into_play,L,R,CWS,PHI,86.50,113.20,19,3,2,2025,2025-07
2025-07-30,2025,R,592836,695657,FS,Split-Finger,,ball,L,R,CWS,PHI,87.20,,,2,2,2025,2025-07
2025-07-30,2025,R,592836,695657,SL,Slider,,ball,L,R,CWS,PHI,84.90,,,1,2,2025,2025-07
2025-07-30,2025,R,592836,695657,FS,Split-Finger,,called_strike,L,R,CWS,PHI,86.80,,,1,1,2025,2025-07
2025-07-30,2025,R,592836,695657,FC,Cutter,,foul,L,R,CWS,PHI,87.10,69.70,37,1,0,2025,2025-07
2025-07-30,2025,R,592836,695657,FS,Split-Finger,,ball,L,R,CWS,PHI,86.20,,,0,0,2025,2025-07
2025-07-30,2025,R,592836,700337,FS,Split-Finger,field_out,hit_into_play,L,R,CWS,PHI,86.90,61.10,-43,1,2,2025,2025-07
2025-07-30,2025,R,592836,700337,SL,Slider,,foul,L,R,CWS,PHI,83.30,79.20,-32,1,2,2025,2025-07
2025-07-30,2025,R,592836,700337,SL,Slider,,ball,L,R,CWS,PHI,83.40,,,0,2,2025,2025-07
2025-07-30,2025,R,592836,700337,SI,Sinker,,foul,L,R,CWS,PHI,90.80,75.00,34,0,1,2025,2025-07
2025-07-30,2025,R,592836,700337,FC,Cutter,,swinging_strike,L,R,CWS,PHI,85.70,,,0,0,2025,2025-07
2025-07-30,2025,R,592836,700337,SI,Sinker,double,hit_into_play,L,R,CWS,PHI,91.10,96.10,18,1,1,2025,2025-07
2025-07-30,2025,R,592836,700337,CU,Curveball,,foul,L,R,CWS,PHI,75.60,91.20,-6,1,0,2025,2025-07
2025-07-30,2025,R,592836,700337,SI,Sinker,,ball,L,R,CWS,PHI,92.20,,,0,0,2025,2025-07
2025-07-30,2025,R,592836,805367,SI,Sinker,hit_by_pitch,hit_by_pitch,R,R,CWS,PHI,89.60,,,2,2,2025,2025-07
2025-07-30,2025,R,592836,805367,FS,Split-Finger,,blocked_ball,R,R,CWS,PHI,86.50,,,1,2,2025,2025-07
2025-07-30,2025,R,592836,805367,SL,Slider,,blocked_ball,R,R,CWS,PHI,84.70,,,0,2,2025,2025-07
2025-07-30,2025,R,592836,805367,SI,Sinker,,foul,R,R,CWS,PHI,90.50,71.00,44,0,1,2025,2025-07
2025-07-30,2025,R,592836,805367,SL,Slider,,called_strike,R,R,CWS,PHI,83.60,,,0,0,2025,2025-07
2025-07-30,2025,R,592836,805367,FC,Cutter,single,hit_into_play,R,R,CWS,PHI,85.90,89.80,5,0,1,2025,2025-07
2025-07-30,2025,R,592836,805367,SI,Sinker,,called_strike,R,R,CWS,PHI,90.80,,,0,0,2025,2025-07
2025-07-30,2025,R,592836,805367,FC,Cutter,field_out,hit_into_play,R,R,CWS,PHI,86.40,94.10,47,3,2,2025,2025-07
2025-07-30,2025,R,592836,805367,SI,Sinker,,ball,R,R,CWS,PHI,91.00,,,2,2,2025,2025-07
2025-07-30,2025,R,592836,805367,SL,Slider,,ball,R,R,CWS,PHI,82.90,,,1,2,2025,2025-07
2025-07-30,2025,R,592836,805367,FS,Split-Finger,,ball,R,R,CWS,PHI,87.30,,,0,2,2025,2025-07
2025-07-30,2025,R,592836,805367,FS,Split-Finger,,foul,R,R,CWS,PHI,86.80,91.90,-27,0,1,2025,2025-07
2025-07-30,2025,R,592836,805367,FC,Cutter,,called_strike,R,R,CWS,PHI,86.80,,,0,0,2025,2025-07
2025-07-30,2025,R,593576,657557,FF,4-Seam Fastball,strikeout,called_strike,R,R,HOU,WSH,93.00,,,2,2,2025,2025-07
2025-07-30,2025,R,593576,657557,FF,4-Seam Fastball,,ball,R,R,HOU,WSH,93.10,,,1,2,2025,2025-07
2025-07-30,2025,R,593576,657557,SL,Slider,,foul,R,R,HOU,WSH,86.10,63.40,46,1,1,2025,2025-07
2025-07-30,2025,R,593576,657557,FF,4-Seam Fastball,,ball,R,R,HOU,WSH,92.30,,,0,1,2025,2025-07
2025-07-30,2025,R,593576,657557,FS,Split-Finger,,swinging_strike,R,R,HOU,WSH,82.90,,,0,0,2025,2025-07
2025-07-30,2025,R,593576,663993,FS,Split-Finger,field_out,hit_into_play,L,R,HOU,WSH,82.20,73.20,-10,0,1,2025,2025-07
2025-07-30,2025,R,593576,663993,FF,4-Seam Fastball,,called_strike,L,R,HOU,WSH,91.70,,,0,0,2025,2025-07
2025-07-30,2025,R,593576,686452,FF,4-Seam Fastball,single,hit_into_play,L,R,HOU,WSH,93.00,100.80,13,1,1,2025,2025-07
2025-07-30,2025,R,593576,686452,FF,4-Seam Fastball,,foul,L,R,HOU,WSH,92.70,60.70,47,1,0,2025,2025-07
2025-07-30,2025,R,593576,686452,FF,4-Seam Fastball,,ball,L,R,HOU,WSH,93.30,,,0,0,2025,2025-07
2025-07-30,2025,R,593576,695734,SL,Slider,walk,ball,L,R,HOU,WSH,86.60,,,3,1,2025,2025-07
2025-07-30,2025,R,593576,695734,FF,4-Seam Fastball,,ball,L,R,HOU,WSH,92.40,,,2,1,2025,2025-07
2025-07-30,2025,R,593576,695734,FS,Split-Finger,,ball,L,R,HOU,WSH,84.80,,,1,1,2025,2025-07
2025-07-30,2025,R,593576,695734,FS,Split-Finger,,swinging_strike,L,R,HOU,WSH,82.80,,,1,0,2025,2025-07
2025-07-30,2025,R,593576,695734,FF,4-Seam Fastball,,ball,L,R,HOU,WSH,92.50,,,0,0,2025,2025-07
2025-07-30,2025,R,593576,696285,FF,4-Seam Fastball,field_out,hit_into_play,R,R,HOU,WSH,92.40,90.50,31,2,1,2025,2025-07
2025-07-30,2025,R,593576,696285,CH,Changeup,,blocked_ball,R,R,HOU,WSH,88.50,,,1,1,2025,2025-07
2025-07-30,2025,R,593576,696285,FS,Split-Finger,,swinging_strike,R,R,HOU,WSH,83.90,,,1,0,2025,2025-07
2025-07-30,2025,R,593576,696285,FF,4-Seam Fastball,,ball,R,R,HOU,WSH,92.80,,,0,0,2025,2025-07
2025-07-30,2025,R,594580,518692,ST,Sweeper,walk,ball,L,L,CIN,LAD,81.20,,,3,2,2025,2025-07
2025-07-30,2025,R,594580,518692,FF,4-Seam Fastball,,called_strike,L,L,CIN,LAD,93.30,,,3,1,2025,2025-07
2025-07-30,2025,R,594580,518692,ST,Sweeper,,blocked_ball,L,L,CIN,LAD,82.00,,,2,1,2025,2025-07
2025-07-30,2025,R,594580,518692,ST,Sweeper,,foul,L,L,CIN,LAD,81.60,80.60,59,2,0,2025,2025-07
2025-07-30,2025,R,594580,518692,SI,Sinker,,ball,L,L,CIN,LAD,93.60,,,1,0,2025,2025-07
2025-07-30,2025,R,594580,518692,SI,Sinker,,ball,L,L,CIN,LAD,93.50,,,0,0,2025,2025-07
2025-07-30,2025,R,594580,660271,ST,Sweeper,field_out,hit_into_play,L,L,CIN,LAD,81.70,75.30,72,1,2,2025,2025-07
2025-07-30,2025,R,594580,660271,ST,Sweeper,,ball,L,L,CIN,LAD,82.00,,,0,2,2025,2025-07
2025-07-30,2025,R,594580,660271,ST,Sweeper,,swinging_strike,L,L,CIN,LAD,81.00,,,0,1,2025,2025-07
2025-07-30,2025,R,594580,660271,FF,4-Seam Fastball,,called_strike,L,L,CIN,LAD,92.80,,,0,0,2025,2025-07
2025-07-30,2025,R,594580,669257,FF,4-Seam Fastball,double,hit_into_play,R,L,CIN,LAD,93.00,103.60,8,3,1,2025,2025-07
2025-07-30,2025,R,594580,669257,CH,Changeup,,ball,R,L,CIN,LAD,85.50,,,2,1,2025,2025-07
2025-07-30,2025,R,594580,669257,SI,Sinker,,called_strike,R,L,CIN,LAD,92.50,,,2,0,2025,2025-07
2025-07-30,2025,R,594580,669257,SI,Sinker,,ball,R,L,CIN,LAD,93.90,,,1,0,2025,2025-07
2025-07-30,2025,R,594580,669257,SI,Sinker,,ball,R,L,CIN,LAD,93.40,,,0,0,2025,2025-07
2025-07-30,2025,R,595014,666158,ST,Sweeper,strikeout,swinging_strike,L,R,CIN,LAD,84.80,,,0,2,2025,2025-07
2025-07-30,2025,R,595014,666158,ST,Sweeper,,foul,L,R,CIN,LAD,83.10,78.90,-36,0,1,2025,2025-07
2025-07-30,2025,R,595014,666158,ST,Sweeper,,called_strike,L,R,CIN,LAD,84.20,,,0,0,2025,2025-07
2025-07-30,2025,R,595014,666181,ST,Sweeper,single,hit_into_play,L,R,CIN,LAD,83.20,100.00,-2,0,0,2025,2025-07
2025-07-30,2025,R,595014,669289,SI,Sinker,single,hit_into_play,R,R,CIN,LAD,94.40,99.30,-18,0,0,2025,2025-07
2025-07-30,2025,R,595345,671277,SL,Slider,strikeout,swinging_strike,L,L,HOU,WSH,78.70,,,1,2,2025,2025-07
2025-07-30,2025,R,595345,671277,SL,Slider,,ball,L,L,HOU,WSH,80.80,,,0,2,2025,2025-07
2025-07-30,2025,R,595345,671277,SL,Slider,,swinging_strike,L,L,HOU,WSH,80.00,,,0,1,2025,2025-07
2025-07-30,2025,R,595345,671277,FF,4-Seam Fastball,,foul,L,L,HOU,WSH,91.80,85.70,76,0,0,2025,2025-07
2025-07-30,2025,R,595345,682928,FF,4-Seam Fastball,field_out,hit_into_play,L,L,HOU,WSH,90.70,97.40,30,2,2,2025,2025-07
2025-07-30,2025,R,595345,682928,SL,Slider,,ball,L,L,HOU,WSH,81.70,,,1,2,2025,2025-07
2025-07-30,2025,R,595345,682928,FF,4-Seam Fastball,,called_strike,L,L,HOU,WSH,91.10,,,1,1,2025,2025-07
2025-07-30,2025,R,595345,682928,FF,4-Seam Fastball,,called_strike,L,L,HOU,WSH,90.70,,,1,0,2025,2025-07
2025-07-30,2025,R,595345,682928,FF,4-Seam Fastball,,ball,L,L,HOU,WSH,91.40,,,0,0,2025,2025-07
2025-07-30,2025,R,595345,695578,SL,Slider,strikeout,swinging_strike,L,L,HOU,WSH,81.00,,,2,2,2025,2025-07
2025-07-30,2025,R,595345,695578,SL,Slider,,foul,L,L,HOU,WSH,81.40,60.90,-47,2,1,2025,2025-07
2025-07-30,2025,R,595345,695578,SL,Slider,,ball,L,L,HOU,WSH,80.60,,,1,1,2025,2025-07
2025-07-30,2025,R,595345,695578,SL,Slider,,foul,L,L,HOU,WSH,81.50,56.90,-60,1,0,2025,2025-07
2025-07-30,2025,R,595345,695578,SL,Slider,,ball,L,L,HOU,WSH,82.00,,,0,0,2025,2025-07
2025-07-30,2025,R,596001,543592,SI,Sinker,field_out,hit_into_play,R,R,CLE,COL,91.20,60.90,54,0,0,2025,2025-07
2025-07-30,2025,R,596001,606115,SI,Sinker,single,hit_into_play,R,R,CLE,COL,92.30,65.60,-53,0,1,2025,2025-07
2025-07-30,2025,R,596001,606115,ST,Sweeper,,called_strike,R,R,CLE,COL,83.70,,,0,0,2025,2025-07
2025-07-30,2025,R,596001,642731,SI,Sinker,field_out,hit_into_play,R,R,CLE,COL,92.10,104.80,29,0,0,2025,2025-07
2025-07-30,2025,R,596001,671289,SI,Sinker,force_out,hit_into_play,R,R,CLE,COL,92.60,105.50,4,1,0,2025,2025-07
2025-07-30,2025,R,596001,671289,SI,Sinker,,ball,R,R,CLE,COL,91.50,,,0,0,2025,2025-07
2025-07-30,2025,R,596001,682653,SI,Sinker,field_out,hit_into_play,R,R,CLE,COL,92.60,101.70,-24,2,2,2025,2025-07
2025-07-30,2025,R,596001,682653,SI,Sinker,,ball,R,R,CLE,COL,93.80,,,1,2,2025,2025-07
2025-07-30,2025,R,596001,682653,ST,Sweeper,,ball,R,R,CLE,COL,85.30,,,0,2,2025,2025-07
2025-07-30,2025,R,596001,682653,SI,Sinker,,foul,R,R,CLE,COL,93.20,46.00,-34,0,2,2025,2025-07
2025-07-30,2025,R,596001,682653,SI,Sinker,,swinging_strike,R,R,CLE,COL,92.80,,,0,1,2025,2025-07
2025-07-30,2025,R,596001,682653,SI,Sinker,,called_strike,R,R,CLE,COL,92.40,,,0,0,2025,2025-07
2025-07-30,2025,R,596001,686668,ST,Sweeper,strikeout,swinging_strike,R,R,CLE,COL,84.80,,,2,2,2025,2025-07
2025-07-30,2025,R,596001,686668,ST,Sweeper,,ball,R,R,CLE,COL,85.20,,,1,2,2025,2025-07
2025-07-30,2025,R,596001,686668,ST,Sweeper,,ball,R,R,CLE,COL,85.40,,,0,2,2025,2025-07
2025-07-30,2025,R,596001,686668,ST,Sweeper,,swinging_strike,R,R,CLE,COL,82.80,,,0,1,2025,2025-07
2025-07-30,2025,R,596001,686668,ST,Sweeper,,swinging_strike,R,R,CLE,COL,82.70,,,0,0,2025,2025-07
2025-07-30,2025,R,596001,687597,ST,Sweeper,strikeout,swinging_strike,R,R,CLE,COL,85.20,,,2,2,2025,2025-07
2025-07-30,2025,R,596001,687597,ST,Sweeper,,foul,R,R,CLE,COL,82.60,51.50,-23,2,1,2025,2025-07
2025-07-30,2025,R,596001,687597,SI,Sinker,,foul,R,R,CLE,COL,90.60,92.60,47,2,0,2025,2025-07
2025-07-30,2025,R,596001,687597,ST,Sweeper,,ball,R,R,CLE,COL,81.00,,,1,0,2025,2025-07
2025-07-30,2025,R,596001,687597,SI,Sinker,,ball,R,R,CLE,COL,91.20,,,0,0,2025,2025-07
2025-07-30,2025,R,596133,650490,FF,4-Seam Fastball,single,hit_into_play,R,R,NYY,TB,95.40,105.50,1,1,0,2025,2025-07
2025-07-30,2025,R,596133,650490,FC,Cutter,,ball,R,R,NYY,TB,93.00,,,0,0,2025,2025-07
2025-07-30,2025,R,596133,664040,FF,4-Seam Fastball,walk,ball,L,R,NYY,TB,94.70,,,3,2,2025,2025-07
2025-07-30,2025,R,596133,664040,FF,4-Seam Fastball,,foul,L,R,NYY,TB,95.80,80.60,-22,3,2,2025,2025-07
2025-07-30,2025,R,596133,664040,CH,Changeup,,foul,L,R,NYY,TB,88.50,79.70,17,3,2,2025,2025-07
2025-07-30,2025,R,596133,664040,FF,4-Seam Fastball,,ball,L,R,NYY,TB,95.50,,,2,2,2025,2025-07
2025-07-30,2025,R,596133,664040,FF,4-Seam Fastball,,ball,L,R,NYY,TB,95.80,,,1,2,2025,2025-07
2025-07-30,2025,R,596133,664040,FF,4-Seam Fastball,,called_strike,L,R,NYY,TB,95.60,,,1,1,2025,2025-07
2025-07-30,2025,R,596133,664040,FF,4-Seam Fastball,,swinging_strike,L,R,NYY,TB,95.70,,,1,0,2025,2025-07
2025-07-30,2025,R,596133,664040,FF,4-Seam Fastball,,ball,L,R,NYY,TB,96.20,,,0,0,2025,2025-07
2025-07-30,2025,R,596133,666018,FF,4-Seam Fastball,sac_fly,hit_into_play,L,R,NYY,TB,96.50,94.20,36,2,2,2025,2025-07
2025-07-30,2025,R,596133,666018,FF,4-Seam Fastball,,foul,L,R,NYY,TB,95.80,79.10,60,2,2,2025,2025-07
2025-07-30,2025,R,596133,666018,FF,4-Seam Fastball,,ball,L,R,NYY,TB,95.80,,,1,2,2025,2025-07
2025-07-30,2025,R,596133,666018,CH,Changeup,,swinging_strike,L,R,NYY,TB,87.80,,,1,1,2025,2025-07
2025-07-30,2025,R,596133,666018,FF,4-Seam Fastball,,ball,L,R,NYY,TB,94.70,,,0,1,2025,2025-07
2025-07-30,2025,R,596133,666018,FF,4-Seam Fastball,,foul,L,R,NYY,TB,94.70,75.10,57,0,0,2025,2025-07
2025-07-30,2025,R,596133,676356,FF,4-Seam Fastball,strikeout,foul_tip,R,R,NYY,TB,95.70,,,1,2,2025,2025-07
2025-07-30,2025,R,596133,676356,FF,4-Seam Fastball,,foul,R,R,NYY,TB,95.20,76.20,74,1,1,2025,2025-07
2025-07-30,2025,R,596133,676356,FC,Cutter,,ball,R,R,NYY,TB,92.70,,,0,1,2025,2025-07
2025-07-30,2025,R,596133,676356,FF,4-Seam Fastball,,called_strike,R,R,NYY,TB,95.50,,,0,0,2025,2025-07
2025-07-30,2025,R,596133,676609,FC,Cutter,field_out,hit_into_play,R,R,NYY,TB,92.60,99.80,36,0,1,2025,2025-07
2025-07-30,2025,R,596133,676609,FF,4-Seam Fastball,,foul,R,R,NYY,TB,96.30,76.20,19,0,0,2025,2025-07
2025-07-30,2025,R,605130,606192,SI,Sinker,single,hit_into_play,R,R,CIN,LAD,89.70,100.70,12,3,2,2025,2025-07
2025-07-30,2025,R,605130,606192,SI,Sinker,,foul,R,R,CIN,LAD,89.50,64.80,27,3,1,2025,2025-07
2025-07-30,2025,R,605130,606192,FF,4-Seam Fastball,,swinging_strike,R,R,CIN,LAD,90.10,,,3,0,2025,2025-07
2025-07-30,2025,R,605130,606192,SI,Sinker,,ball,R,R,CIN,LAD,91.30,,,2,0,2025,2025-07
2025-07-30,2025,R,605130,606192,ST,Sweeper,,ball,R,R,CIN,LAD,80.80,,,1,0,2025,2025-07
2025-07-30,2025,R,605130,606192,ST,Sweeper,,ball,R,R,CIN,LAD,81.10,,,0,0,2025,2025-07
2025-07-30,2025,R,605130,624424,FF,4-Seam Fastball,field_out,hit_into_play,L,R,CIN,LAD,92.00,76.00,42,0,1,2025,2025-07
2025-07-30,2025,R,605130,624424,FF,4-Seam Fastball,,swinging_strike,L,R,CIN,LAD,90.90,,,0,0,2025,2025-07
2025-07-30,2025,R,605130,681624,ST,Sweeper,field_out,hit_into_play,R,R,CIN,LAD,81.90,63.10,63,0,1,2025,2025-07
2025-07-30,2025,R,605130,681624,ST,Sweeper,,swinging_strike,R,R,CIN,LAD,81.00,,,0,0,2025,2025-07
2025-07-30,2025,R,605280,455117,ST,Sweeper,single,hit_into_play,R,R,SD,NYM,82.70,68.40,35,0,2,2025,2025-07
2025-07-30,2025,R,605280,455117,ST,Sweeper,,swinging_strike,R,R,SD,NYM,82.90,,,0,1,2025,2025-07
2025-07-30,2025,R,605280,455117,SI,Sinker,,called_strike,R,R,SD,NYM,93.70,,,0,0,2025,2025-07
2025-07-30,2025,R,605280,455117,SI,Sinker,single,hit_into_play,R,R,SD,NYM,94.50,88.40,-1,1,1,2025,2025-07
2025-07-30,2025,R,605280,455117,SI,Sinker,,ball,R,R,SD,NYM,95.80,,,0,1,2025,2025-07
2025-07-30,2025,R,605280,455117,SI,Sinker,,called_strike,R,R,SD,NYM,93.70,,,0,0,2025,2025-07
2025-07-30,2025,R,605280,578428,ST,Sweeper,field_error,hit_into_play,R,R,SD,NYM,82.40,75.60,10,2,2,2025,2025-07
2025-07-30,2025,R,605280,578428,ST,Sweeper,,swinging_strike,R,R,SD,NYM,83.60,,,2,1,2025,2025-07
2025-07-30,2025,R,605280,578428,ST,Sweeper,,called_strike,R,R,SD,NYM,81.70,,,2,0,2025,2025-07
2025-07-30,2025,R,605280,578428,SI,Sinker,,ball,R,R,SD,NYM,93.00,,,1,0,2025,2025-07
2025-07-30,2025,R,605280,578428,SI,Sinker,,ball,R,R,SD,NYM,92.50,,,0,0,2025,2025-07
2025-07-30,2025,R,605280,578428,ST,Sweeper,field_out,hit_into_play,R,R,SD,NYM,81.80,70.40,-24,0,1,2025,2025-07
2025-07-30,2025,R,605280,578428,SI,Sinker,,called_strike,R,R,SD,NYM,94.30,,,0,0,2025,2025-07
2025-07-30,2025,R,605280,592518,SI,Sinker,field_out,hit_into_play,R,R,SD,NYM,90.50,100.60,-9,0,0,2025,2025-07
2025-07-30,2025,R,605280,592518,CH,Changeup,single,hit_into_play,R,R,SD,NYM,89.60,109.30,13,0,1,2025,2025-07
2025-07-30,2025,R,605280,592518,ST,Sweeper,,called_strike,R,R,SD,NYM,82.90,,,0,0,2025,2025-07
2025-07-30,2025,R,605280,592518,SI,Sinker,single,hit_into_play,R,R,SD,NYM,95.10,93.40,14,0,0,2025,2025-07
2025-07-30,2025,R,605280,593428,SI,Sinker,single,hit_into_play,R,R,SD,NYM,93.80,104.50,2,0,0,2025,2025-07
2025-07-30,2025,R,605280,593428,SI,Sinker,field_out,hit_into_play,R,R,SD,NYM,94.20,99.50,-9,2,1,2025,2025-07
2025-07-30,2025,R,605280,593428,ST,Sweeper,,ball,R,R,SD,NYM,82.30,,,1,1,2025,2025-07
2025-07-30,2025,R,605280,593428,SI,Sinker,,ball,R,R,SD,NYM,92.70,,,0,1,2025,2025-07
2025-07-30,2025,R,605280,593428,SI,Sinker,,called_strike,R,R,SD,NYM,91.80,,,0,0,2025,2025-07
2025-07-30,2025,R,605280,593428,SI,Sinker,walk,ball,R,R,SD,NYM,96.60,,,3,1,2025,2025-07
2025-07-30,2025,R,605280,593428,SI,Sinker,,ball,R,R,SD,NYM,95.90,,,2,1,2025,2025-07
2025-07-30,2025,R,605280,593428,ST,Sweeper,,called_strike,R,R,SD,NYM,82.80,,,2,0,2025,2025-07
2025-07-30,2025,R,605280,593428,SI,Sinker,,ball,R,R,SD,NYM,96.00,,,1,0,2025,2025-07
2025-07-30,2025,R,605280,593428,SI,Sinker,,ball,R,R,SD,NYM,96.00,,,0,0,2025,2025-07
2025-07-30,2025,R,605280,630105,FC,Cutter,hit_by_pitch,hit_by_pitch,L,R,SD,NYM,91.40,,,1,0,2025,2025-07
2025-07-30,2025,R,605280,630105,FC,Cutter,,ball,L,R,SD,NYM,90.80,,,0,0,2025,2025-07
2025-07-30,2025,R,605280,630105,SI,Sinker,field_out,hit_into_play,L,R,SD,NYM,94.10,90.80,-6,0,0,2025,2025-07
2025-07-30,2025,R,605280,630105,CH,Changeup,strikeout,foul_tip,L,R,SD,NYM,90.50,,,0,2,2025,2025-07
2025-07-30,2025,R,605280,630105,CH,Changeup,,swinging_strike,L,R,SD,NYM,88.40,,,0,1,2025,2025-07
2025-07-30,2025,R,605280,630105,SI,Sinker,,called_strike,L,R,SD,NYM,95.70,,,0,0,2025,2025-07
2025-07-30,2025,R,605280,650333,CH,Changeup,field_out,hit_into_play,L,R,SD,NYM,88.70,94.50,-5,0,2,2025,2025-07
2025-07-30,2025,R,605280,650333,FF,4-Seam Fastball,,foul,L,R,SD,NYM,95.60,82.50,27,0,2,2025,2025-07
2025-07-30,2025,R,605280,650333,CH,Changeup,,foul,L,R,SD,NYM,89.20,73.40,42,0,2,2025,2025-07
2025-07-30,2025,R,605280,650333,CH,Changeup,,foul,L,R,SD,NYM,89.20,101.70,-23,0,1,2025,2025-07
2025-07-30,2025,R,605280,650333,ST,Sweeper,,called_strike,L,R,SD,NYM,83.00,,,0,0,2025,2025-07
2025-07-30,2025,R,605280,650333,FF,4-Seam Fastball,walk,ball,L,R,SD,NYM,95.10,,,3,2,2025,2025-07
2025-07-30,2025,R,605280,650333,SI,Sinker,,called_strike,L,R,SD,NYM,95.60,,,3,1,2025,2025-07
2025-07-30,2025,R,605280,650333,SI,Sinker,,called_strike,L,R,SD,NYM,95.50,,,3,0,2025,2025-07
2025-07-30,2025,R,605280,650333,SI,Sinker,,ball,L,R,SD,NYM,95.60,,,2,0,2025,2025-07
2025-07-30,2025,R,605280,650333,SI,Sinker,,blocked_ball,L,R,SD,NYM,94.70,,,1,0,2025,2025-07
2025-07-30,2025,R,605280,650333,SI,Sinker,,ball,L,R,SD,NYM,95.40,,,0,0,2025,2025-07
2025-07-30,2025,R,605280,650333,ST,Sweeper,single,hit_into_play,L,R,SD,NYM,83.80,91.90,18,1,1,2025,2025-07
2025-07-30,2025,R,605280,650333,SI,Sinker,,called_strike,L,R,SD,NYM,95.20,,,1,0,2025,2025-07
2025-07-30,2025,R,605280,650333,SI,Sinker,,ball,L,R,SD,NYM,94.50,,,0,0,2025,2025-07
2025-07-30,2025,R,605280,657757,ST,Sweeper,home_run,hit_into_play,L,R,SD,NYM,83.60,108.60,24,0,2,2025,2025-07
2025-07-30,2025,R,605280,657757,SI,Sinker,,foul,L,R,SD,NYM,95.90,82.70,46,0,2,2025,2025-07
2025-07-30,2025,R,605280,657757,CH,Changeup,,foul,L,R,SD,NYM,89.50,,,0,1,2025,2025-07
2025-07-30,2025,R,605280,657757,FC,Cutter,,swinging_strike,L,R,SD,NYM,89.90,,,0,0,2025,2025-07
2025-07-30,2025,R,605280,657757,ST,Sweeper,strikeout,swinging_strike,L,R,SD,NYM,83.10,,,3,2,2025,2025-07
2025-07-30,2025,R,605280,657757,SI,Sinker,,ball,L,R,SD,NYM,95.00,,,2,2,2025,2025-07
2025-07-30,2025,R,605280,657757,ST,Sweeper,,foul,L,R,SD,NYM,82.80,80.60,-32,2,1,2025,2025-07
2025-07-30,2025,R,605280,657757,FC,Cutter,,ball,L,R,SD,NYM,90.40,,,1,1,2025,2025-07
2025-07-30,2025,R,605280,657757,FC,Cutter,,ball,L,R,SD,NYM,92.10,,,0,1,2025,2025-07
2025-07-30,2025,R,605280,657757,SI,Sinker,,called_strike,L,R,SD,NYM,94.30,,,0,0,2025,2025-07
2025-07-30,2025,R,605280,665487,SI,Sinker,single,hit_into_play,R,R,SD,NYM,93.10,99.70,18,1,0,2025,2025-07
2025-07-30,2025,R,605280,665487,SI,Sinker,,blocked_ball,R,R,SD,NYM,90.60,,,0,0,2025,2025-07
2025-07-30,2025,R,605280,665487,SI,Sinker,hit_by_pitch,hit_by_pitch,R,R,SD,NYM,93.70,,,2,1,2025,2025-07
2025-07-30,2025,R,605280,665487,ST,Sweeper,,foul,R,R,SD,NYM,81.30,,,2,0,2025,2025-07
2025-07-30,2025,R,605280,665487,SI,Sinker,,ball,R,R,SD,NYM,94.90,,,1,0,2025,2025-07
2025-07-30,2025,R,605280,665487,ST,Sweeper,,ball,R,R,SD,NYM,80.70,,,0,0,2025,2025-07
2025-07-30,2025,R,605280,665487,ST,Sweeper,field_out,hit_into_play,R,R,SD,NYM,83.10,68.50,-23,1,1,2025,2025-07
2025-07-30,2025,R,605280,665487,SI,Sinker,,foul,R,R,SD,NYM,94.10,91.10,-34,1,0,2025,2025-07
2025-07-30,2025,R,605280,665487,SI,Sinker,,ball,R,R,SD,NYM,93.60,,,0,0,2025,2025-07
2025-07-30,2025,R,605280,701538,SI,Sinker,strikeout,swinging_strike,L,R,SD,NYM,93.80,,,3,2,2025,2025-07
2025-07-30,2025,R,605280,701538,CH,Changeup,,ball,L,R,SD,NYM,90.60,,,2,2,2025,2025-07
2025-07-30,2025,R,605280,701538,FF,4-Seam Fastball,,ball,L,R,SD,NYM,93.80,,,1,2,2025,2025-07
2025-07-30,2025,R,605280,701538,SL,Slider,,foul,L,R,SD,NYM,86.60,64.90,32,1,2,2025,2025-07
2025-07-30,2025,R,605280,701538,CH,Changeup,,foul,L,R,SD,NYM,88.40,44.40,-19,1,1,2025,2025-07
2025-07-30,2025,R,605280,701538,FC,Cutter,,swinging_strike,L,R,SD,NYM,88.60,,,1,0,2025,2025-07
2025-07-30,2025,R,605280,701538,FC,Cutter,,ball,L,R,SD,NYM,89.10,,,0,0,2025,2025-07
2025-07-30,2025,R,605280,701538,CH,Changeup,field_out,hit_into_play,L,R,SD,NYM,89.10,98.50,21,2,2,2025,2025-07
2025-07-30,2025,R,605280,701538,CH,Changeup,,ball,L,R,SD,NYM,90.30,,,1,2,2025,2025-07
2025-07-30,2025,R,605280,701538,CH,Changeup,,foul,L,R,SD,NYM,90.50,107.10,-26,1,1,2025,2025-07
2025-07-30,2025,R,605280,701538,ST,Sweeper,,called_strike,L,R,SD,NYM,82.00,,,1,0,2025,2025-07
2025-07-30,2025,R,605280,701538,FC,Cutter,,ball,L,R,SD,NYM,91.20,,,0,0,2025,2025-07
2025-07-30,2025,R,605280,701538,FC,Cutter,field_out,hit_into_play,L,R,SD,NYM,91.50,82.90,-8,0,0,2025,2025-07
2025-07-30,2025,R,605488,593871,CH,Changeup,field_out,hit_into_play,R,L,ATH,SEA,78.90,63.80,14,0,2,2025,2025-07
2025-07-30,2025,R,605488,593871,FF,4-Seam Fastball,,foul,R,L,ATH,SEA,89.20,86.30,68,0,1,2025,2025-07
2025-07-30,2025,R,605488,593871,SL,Slider,,called_strike,R,L,ATH,SEA,81.40,,,0,0,2025,2025-07
2025-07-30,2025,R,605488,593871,FF,4-Seam Fastball,field_out,hit_into_play,R,L,ATH,SEA,91.80,95.10,50,3,2,2025,2025-07
2025-07-30,2025,R,605488,593871,SL,Slider,,foul,R,L,ATH,SEA,83.30,72.10,55,3,2,2025,2025-07
2025-07-30,2025,R,605488,593871,FF,4-Seam Fastball,,ball,R,L,ATH,SEA,91.40,,,2,2,2025,2025-07
2025-07-30,2025,R,605488,593871,SL,Slider,,called_strike,R,L,ATH,SEA,83.40,,,2,1,2025,2025-07
2025-07-30,2025,R,605488,593871,FF,4-Seam Fastball,,foul,R,L,ATH,SEA,90.90,51.20,1,2,0,2025,2025-07
2025-07-30,2025,R,605488,593871,FF,4-Seam Fastball,,ball,R,L,ATH,SEA,90.40,,,1,0,2025,2025-07
2025-07-30,2025,R,605488,593871,,,,automatic_ball,R,L,ATH,SEA,,,,0,0,2025,2025-07
2025-07-30,2025,R,605488,641487,ST,Sweeper,field_out,hit_into_play,L,L,ATH,SEA,76.30,95.70,20,1,2,2025,2025-07
2025-07-30,2025,R,605488,641487,FF,4-Seam Fastball,,ball,L,L,ATH,SEA,91.00,,,0,2,2025,2025-07
2025-07-30,2025,R,605488,641487,SL,Slider,,swinging_strike,L,L,ATH,SEA,82.10,,,0,1,2025,2025-07
2025-07-30,2025,R,605488,641487,SL,Slider,,called_strike,L,L,ATH,SEA,83.80,,,0,0,2025,2025-07
2025-07-30,2025,R,605488,641487,FF,4-Seam Fastball,field_out,hit_into_play,L,L,ATH,SEA,91.20,90.10,28,2,1,2025,2025-07
2025-07-30,2025,R,605488,641487,FF,4-Seam Fastball,,ball,L,L,ATH,SEA,92.30,,,1,1,2025,2025-07
2025-07-30,2025,R,605488,641487,ST,Sweeper,,called_strike,L,L,ATH,SEA,73.30,,,1,0,2025,2025-07
2025-07-30,2025,R,605488,641487,FF,4-Seam Fastball,,ball,L,L,ATH,SEA,91.80,,,0,0,2025,2025-07
2025-07-30,2025,R,605488,641487,FF,4-Seam Fastball,field_out,hit_into_play,L,L,ATH,SEA,91.80,53.00,-1,2,2,2025,2025-07
2025-07-30,2025,R,605488,641487,FF,4-Seam Fastball,,foul,L,L,ATH,SEA,92.20,72.80,37,2,2,2025,2025-07
2025-07-30,2025,R,605488,641487,SL,Slider,,ball,L,L,ATH,SEA,84.70,,,1,2,2025,2025-07
2025-07-30,2025,R,605488,641487,FC,Cutter,,swinging_strike,L,L,ATH,SEA,86.00,,,1,1,2025,2025-07
2025-07-30,2025,R,605488,641487,FF,4-Seam Fastball,,foul,L,L,ATH,SEA,90.20,,,1,0,2025,2025-07
2025-07-30,2025,R,605488,641487,FF,4-Seam Fastball,,ball,L,L,ATH,SEA,90.30,,,0,0,2025,2025-07
2025-07-30,2025,R,605488,641598,FF,4-Seam Fastball,field_out,hit_into_play,R,L,ATH,SEA,89.70,101.50,8,1,0,2025,2025-07
2025-07-30,2025,R,605488,641598,ST,Sweeper,,ball,R,L,ATH,SEA,76.00,,,0,0,2025,2025-07
2025-07-30,2025,R,605488,641598,SL,Slider,strikeout,swinging_strike,R,L,ATH,SEA,84.10,,,2,2,2025,2025-07
2025-07-30,2025,R,605488,641598,FF,4-Seam Fastball,,foul,R,L,ATH,SEA,90.90,79.70,59,2,2,2025,2025-07
2025-07-30,2025,R,605488,641598,FF,4-Seam Fastball,,ball,R,L,ATH,SEA,92.90,,,1,2,2025,2025-07
2025-07-30,2025,R,605488,641598,CH,Changeup,,foul,R,L,ATH,SEA,78.00,58.70,-40,1,1,2025,2025-07
2025-07-30,2025,R,605488,641598,CH,Changeup,,ball,R,L,ATH,SEA,79.60,,,0,1,2025,2025-07
2025-07-30,2025,R,605488,641598,SL,Slider,,called_strike,R,L,ATH,SEA,83.90,,,0,0,2025,2025-07
2025-07-30,2025,R,605488,647304,ST,Sweeper,strikeout,swinging_strike,L,L,ATH,SEA,75.80,,,1,2,2025,2025-07
2025-07-30,2025,R,605488,647304,SL,Slider,,ball,L,L,ATH,SEA,83.80,,,0,2,2025,2025-07
2025-07-30,2025,R,605488,647304,FF,4-Seam Fastball,,swinging_strike,L,L,ATH,SEA,91.70,,,0,1,2025,2025-07
2025-07-30,2025,R,605488,647304,ST,Sweeper,,swinging_strike,L,L,ATH,SEA,75.90,,,0,0,2025,2025-07
2025-07-30,2025,R,605488,647304,ST,Sweeper,strikeout,swinging_strike,L,L,ATH,SEA,77.10,,,2,2,2025,2025-07
2025-07-30,2025,R,605488,647304,FF,4-Seam Fastball,,ball,L,L,ATH,SEA,92.50,,,1,2,2025,2025-07
2025-07-30,2025,R,605488,647304,SL,Slider,,swinging_strike,L,L,ATH,SEA,85.00,,,1,1,2025,2025-07
2025-07-30,2025,R,605488,647304,SL,Slider,,called_strike,L,L,ATH,SEA,84.90,,,1,0,2025,2025-07
2025-07-30,2025,R,605488,647304,FF,4-Seam Fastball,,ball,L,L,ATH,SEA,91.40,,,0,0,2025,2025-07
2025-07-30,2025,R,605488,663728,FF,4-Seam Fastball,field_out,hit_into_play,R,L,ATH,SEA,90.50,100.80,60,0,0,2025,2025-07
2025-07-30,2025,R,605488,663728,FF,4-Seam Fastball,strikeout,swinging_strike,R,L,ATH,SEA,91.90,,,3,2,2025,2025-07
2025-07-30,2025,R,605488,663728,CH,Changeup,,foul,R,L,ATH,SEA,80.10,64.90,-7,3,2,2025,2025-07
2025-07-30,2025,R,605488,663728,CH,Changeup,,ball,R,L,ATH,SEA,78.90,,,2,2,2025,2025-07
2025-07-30,2025,R,605488,663728,FF,4-Seam Fastball,,called_strike,R,L,ATH,SEA,89.60,,,2,1,2025,2025-07
2025-07-30,2025,R,605488,663728,FF,4-Seam Fastball,,ball,R,L,ATH,SEA,90.00,,,1,1,2025,2025-07
2025-07-30,2025,R,605488,663728,CH,Changeup,,swinging_strike,R,L,ATH,SEA,78.90,,,1,0,2025,2025-07
2025-07-30,2025,R,605488,663728,ST,Sweeper,,ball,R,L,ATH,SEA,75.90,,,0,0,2025,2025-07
2025-07-30,2025,R,605488,663728,FF,4-Seam Fastball,field_out,hit_into_play,R,L,ATH,SEA,90.90,78.20,44,0,1,2025,2025-07
2025-07-30,2025,R,605488,663728,FF,4-Seam Fastball,,called_strike,R,L,ATH,SEA,91.60,,,0,0,2025,2025-07
2025-07-30,2025,R,605488,668227,FC,Cutter,field_out,hit_into_play,R,L,ATH,SEA,87.60,79.90,-5,2,2,2025,2025-07
2025-07-30,2025,R,605488,668227,FF,4-Seam Fastball,,ball,R,L,ATH,SEA,92.10,,,1,2,2025,2025-07
2025-07-30,2025,R,605488,668227,CH,Changeup,,ball,R,L,ATH,SEA,80.30,,,0,2,2025,2025-07
2025-07-30,2025,R,605488,668227,FF,4-Seam Fastball,,foul,R,L,ATH,SEA,91.40,105.00,51,0,1,2025,2025-07
2025-07-30,2025,R,605488,668227,SL,Slider,,called_strike,R,L,ATH,SEA,84.10,,,0,0,2025,2025-07
2025-07-30,2025,R,605488,668227,FF,4-Seam Fastball,single,hit_into_play,R,L,ATH,SEA,92.20,60.40,40,0,0,2025,2025-07
2025-07-30,2025,R,605488,677594,SL,Slider,strikeout,swinging_strike,R,L,ATH,SEA,84.60,,,3,2,2025,2025-07
2025-07-30,2025,R,605488,677594,FF,4-Seam Fastball,,ball,R,L,ATH,SEA,91.20,,,2,2,2025,2025-07
2025-07-30,2025,R,605488,677594,FC,Cutter,,ball,R,L,ATH,SEA,86.10,,,1,2,2025,2025-07
2025-07-30,2025,R,605488,677594,CH,Changeup,,ball,R,L,ATH,SEA,79.60,,,0,2,2025,2025-07
2025-07-30,2025,R,605488,677594,FF,4-Seam Fastball,,foul,R,L,ATH,SEA,90.90,74.00,35,0,1,2025,2025-07
2025-07-30,2025,R,605488,677594,CH,Changeup,,swinging_strike,R,L,ATH,SEA,78.40,,,0,0,2025,2025-07
2025-07-30,2025,R,605488,677594,FF,4-Seam Fastball,field_out,hit_into_play,R,L,ATH,SEA,91.40,112.80,5,1,0,2025,2025-07
2025-07-30,2025,R,605488,677594,ST,Sweeper,,ball,R,L,ATH,SEA,75.20,,,0,0,2025,2025-07
2025-07-30,2025,R,605488,677594,CH,Changeup,home_run,hit_into_play,R,L,ATH,SEA,78.70,104.80,31,3,2,2025,2025-07
2025-07-30,2025,R,605488,677594,FF,4-Seam Fastball,,ball,R,L,ATH,SEA,93.70,,,2,2,2025,2025-07
2025-07-30,2025,R,605488,677594,CH,Changeup,,ball,R,L,ATH,SEA,80.20,,,1,2,2025,2025-07
2025-07-30,2025,R,605488,677594,FF,4-Seam Fastball,,foul,R,L,ATH,SEA,92.30,89.60,39,1,1,2025,2025-07
2025-07-30,2025,R,605488,677594,FF,4-Seam Fastball,,ball,R,L,ATH,SEA,91.70,,,0,1,2025,2025-07
2025-07-30,2025,R,605488,677594,SL,Slider,,swinging_strike,R,L,ATH,SEA,85.10,,,0,0,2025,2025-07
2025-07-30,2025,R,605488,686527,FF,4-Seam Fastball,field_out,hit_into_play,L,L,ATH,SEA,91.50,97.80,32,0,1,2025,2025-07
2025-07-30,2025,R,605488,686527,FF,4-Seam Fastball,,foul,L,L,ATH,SEA,91.30,78.80,61,0,0,2025,2025-07
2025-07-30,2025,R,605488,686527,FF,4-Seam Fastball,strikeout,called_strike,L,L,ATH,SEA,91.40,,,2,2,2025,2025-07
2025-07-30,2025,R,605488,686527,FF,4-Seam Fastball,,ball,L,L,ATH,SEA,92.10,,,1,2,2025,2025-07
2025-07-30,2025,R,605488,686527,SL,Slider,,ball,L,L,ATH,SEA,84.00,,,0,2,2025,2025-07
2025-07-30,2025,R,605488,686527,SL,Slider,,called_strike,L,L,ATH,SEA,83.60,,,0,1,2025,2025-07
2025-07-30,2025,R,605488,686527,SL,Slider,,called_strike,L,L,ATH,SEA,83.50,,,0,0,2025,2025-07
2025-07-30,2025,R,605488,810938,FF,4-Seam Fastball,walk,ball,R,L,ATH,SEA,90.40,,,3,2,2025,2025-07
2025-07-30,2025,R,605488,810938,FF,4-Seam Fastball,,foul,R,L,ATH,SEA,91.20,78.70,53,3,2,2025,2025-07
2025-07-30,2025,R,605488,810938,SL,Slider,,called_strike,R,L,ATH,SEA,82.80,,,3,1,2025,2025-07
2025-07-30,2025,R,605488,810938,FF,4-Seam Fastball,,called_strike,R,L,ATH,SEA,90.50,,,3,0,2025,2025-07
2025-07-30,2025,R,605488,810938,FF,4-Seam Fastball,,ball,R,L,ATH,SEA,90.10,,,2,0,2025,2025-07
2025-07-30,2025,R,605488,810938,SL,Slider,,ball,R,L,ATH,SEA,83.50,,,1,0,2025,2025-07
2025-07-30,2025,R,605488,810938,FF,4-Seam Fastball,,ball,R,L,ATH,SEA,89.70,,,0,0,2025,2025-07
2025-07-30,2025,R,605488,810938,CH,Changeup,strikeout,swinging_strike_blocked,R,L,ATH,SEA,80.10,,,2,2,2025,2025-07
2025-07-30,2025,R,605488,810938,FF,4-Seam Fastball,,ball,R,L,ATH,SEA,90.40,,,1,2,2025,2025-07
2025-07-30,2025,R,605488,810938,FF,4-Seam Fastball,,called_strike,R,L,ATH,SEA,90.30,,,1,1,2025,2025-07
2025-07-30,2025,R,605488,810938,FF,4-Seam Fastball,,foul,R,L,ATH,SEA,91.80,76.30,33,1,0,2025,2025-07
2025-07-30,2025,R,605488,810938,FF,4-Seam Fastball,,ball,R,L,ATH,SEA,90.80,,,0,0,2025,2025-07
2025-07-30,2025,R,607259,500743,SI,Sinker,field_out,hit_into_play,R,R,CIN,LAD,93.20,85.70,0,0,0,2025,2025-07
2025-07-30,2025,R,607259,500743,SL,Slider,single,hit_into_play,R,R,CIN,LAD,85.90,96.30,12,1,1,2025,2025-07
2025-07-30,2025,R,607259,500743,SI,Sinker,,called_strike,R,R,CIN,LAD,92.80,,,1,0,2025,2025-07
2025-07-30,2025,R,607259,500743,SL,Slider,,ball,R,R,CIN,LAD,85.90,,,0,0,2025,2025-07
2025-07-30,2025,R,607259,518692,FC,Cutter,walk,ball,L,R,CIN,LAD,89.60,,,3,2,2025,2025-07
2025-07-30,2025,R,607259,518692,SI,Sinker,,ball,L,R,CIN,LAD,93.80,,,2,2,2025,2025-07
2025-07-30,2025,R,607259,518692,FC,Cutter,,foul,L,R,CIN,LAD,90.60,72.40,60,2,2,2025,2025-07
2025-07-30,2025,R,607259,518692,CH,Changeup,,ball,L,R,CIN,LAD,78.60,,,1,2,2025,2025-07
2025-07-30,2025,R,607259,518692,CU,Curveball,,ball,L,R,CIN,LAD,81.30,,,0,2,2025,2025-07
2025-07-30,2025,R,607259,518692,CH,Changeup,,foul,L,R,CIN,LAD,79.00,38.20,57,0,2,2025,2025-07
2025-07-30,2025,R,607259,518692,SI,Sinker,,foul,L,R,CIN,LAD,93.50,85.50,35,0,2,2025,2025-07
2025-07-30,2025,R,607259,518692,FC,Cutter,,swinging_strike,L,R,CIN,LAD,89.90,,,0,1,2025,2025-07
2025-07-30,2025,R,607259,518692,CH,Changeup,,foul,L,R,CIN,LAD,78.20,68.30,40,0,0,2025,2025-07
2025-07-30,2025,R,607259,518692,FF,4-Seam Fastball,home_run,hit_into_play,L,R,CIN,LAD,92.80,100.50,32,0,1,2025,2025-07
2025-07-30,2025,R,607259,518692,FC,Cutter,,called_strike,L,R,CIN,LAD,88.80,,,0,0,2025,2025-07
2025-07-30,2025,R,607259,518692,SI,Sinker,strikeout,swinging_strike,L,R,CIN,LAD,92.50,,,2,2,2025,2025-07
2025-07-30,2025,R,607259,518692,FC,Cutter,,foul,L,R,CIN,LAD,90.10,77.00,-16,2,2,2025,2025-07
2025-07-30,2025,R,607259,518692,CH,Changeup,,foul,L,R,CIN,LAD,80.00,73.20,-25,2,2,2025,2025-07
2025-07-30,2025,R,607259,518692,FC,Cutter,,foul,L,R,CIN,LAD,89.10,79.80,-33,2,1,2025,2025-07
2025-07-30,2025,R,607259,518692,CH,Changeup,,ball,L,R,CIN,LAD,78.40,,,1,1,2025,2025-07
2025-07-30,2025,R,607259,518692,FC,Cutter,,called_strike,L,R,CIN,LAD,89.00,,,1,0,2025,2025-07
2025-07-30,2025,R,607259,518692,SI,Sinker,,ball,L,R,CIN,LAD,92.50,,,0,0,2025,2025-07
2025-07-30,2025,R,607259,605141,FC,Cutter,force_out,hit_into_play,R,R,CIN,LAD,88.70,92.60,6,1,0,2025,2025-07
2025-07-30,2025,R,607259,605141,SI,Sinker,,ball,R,R,CIN,LAD,92.60,,,0,0,2025,2025-07
2025-07-30,2025,R,607259,605141,FC,Cutter,field_out,hit_into_play,R,R,CIN,LAD,89.60,90.80,31,0,1,2025,2025-07
2025-07-30,2025,R,607259,605141,CU,Curveball,,called_strike,R,R,CIN,LAD,80.90,,,0,0,2025,2025-07
2025-07-30,2025,R,607259,605141,SI,Sinker,strikeout,called_strike,R,R,CIN,LAD,94.30,,,2,2,2025,2025-07
2025-07-30,2025,R,607259,605141,FC,Cutter,,ball,R,R,CIN,LAD,91.40,,,1,2,2025,2025-07
2025-07-30,2025,R,607259,605141,CH,Changeup,,ball,R,R,CIN,LAD,79.40,,,0,2,2025,2025-07
2025-07-30,2025,R,607259,605141,SL,Slider,,swinging_strike,R,R,CIN,LAD,87.50,,,0,1,2025,2025-07
2025-07-30,2025,R,607259,605141,FF,4-Seam Fastball,,called_strike,R,R,CIN,LAD,93.90,,,0,0,2025,2025-07
2025-07-30,2025,R,607259,606192,FC,Cutter,field_out,hit_into_play,R,R,CIN,LAD,89.80,64.40,-67,3,1,2025,2025-07
2025-07-30,2025,R,607259,606192,FC,Cutter,,ball,R,R,CIN,LAD,89.60,,,2,1,2025,2025-07
2025-07-30,2025,R,607259,606192,SI,Sinker,,ball,R,R,CIN,LAD,91.50,,,1,1,2025,2025-07
2025-07-30,2025,R,607259,606192,FF,4-Seam Fastball,,swinging_strike,R,R,CIN,LAD,92.70,,,1,0,2025,2025-07
2025-07-30,2025,R,607259,606192,CU,Curveball,,ball,R,R,CIN,LAD,78.90,,,0,0,2025,2025-07
2025-07-30,2025,R,607259,606192,SI,Sinker,field_out,hit_into_play,R,R,CIN,LAD,93.10,72.80,-5,3,2,2025,2025-07
2025-07-30,2025,R,607259,606192,FC,Cutter,,foul,R,R,CIN,LAD,89.50,86.50,48,3,2,2025,2025-07
2025-07-30,2025,R,607259,606192,CH,Changeup,,ball,R,R,CIN,LAD,79.70,,,2,2,2025,2025-07
2025-07-30,2025,R,607259,606192,SL,Slider,,ball,R,R,CIN,LAD,86.10,,,1,2,2025,2025-07
2025-07-30,2025,R,607259,606192,FF,4-Seam Fastball,,ball,R,R,CIN,LAD,92.10,,,0,2,2025,2025-07
2025-07-30,2025,R,607259,606192,SI,Sinker,,foul,R,R,CIN,LAD,92.50,60.20,69,0,1,2025,2025-07
2025-07-30,2025,R,607259,606192,FC,Cutter,,foul,R,R,CIN,LAD,90.00,71.50,51,0,0,2025,2025-07
2025-07-30,2025,R,607259,606192,SL,Slider,field_out,hit_into_play,R,R,CIN,LAD,86.20,68.60,56,0,1,2025,2025-07
2025-07-30,2025,R,607259,606192,SI,Sinker,,called_strike,R,R,CIN,LAD,93.50,,,0,0,2025,2025-07
2025-07-30,2025,R,607259,624424,SI,Sinker,strikeout,swinging_strike,L,R,CIN,LAD,93.10,,,3,2,2025,2025-07
2025-07-30,2025,R,607259,624424,FC,Cutter,,foul,L,R,CIN,LAD,89.50,79.50,0,3,2,2025,2025-07
2025-07-30,2025,R,607259,624424,SL,Slider,,ball,L,R,CIN,LAD,86.30,,,2,2,2025,2025-07
2025-07-30,2025,R,607259,624424,FF,4-Seam Fastball,,ball,L,R,CIN,LAD,92.90,,,1,2,2025,2025-07
2025-07-30,2025,R,607259,624424,CH,Changeup,,foul,L,R,CIN,LAD,79.20,88.80,39,1,1,2025,2025-07
2025-07-30,2025,R,607259,624424,SL,Slider,,foul,L,R,CIN,LAD,84.40,84.80,89,1,0,2025,2025-07
2025-07-30,2025,R,607259,624424,FF,4-Seam Fastball,,ball,L,R,CIN,LAD,91.60,,,0,0,2025,2025-07
2025-07-30,2025,R,607259,624424,FC,Cutter,field_out,hit_into_play,L,R,CIN,LAD,89.80,98.10,27,3,2,2025,2025-07
2025-07-30,2025,R,607259,624424,SI,Sinker,,ball,L,R,CIN,LAD,92.40,,,2,2,2025,2025-07
2025-07-30,2025,R,607259,624424,SI,Sinker,,foul,L,R,CIN,LAD,92.50,81.30,68,2,2,2025,2025-07
2025-07-30,2025,R,607259,624424,FF,4-Seam Fastball,,foul,L,R,CIN,LAD,93.00,73.70,47,2,1,2025,2025-07
2025-07-30,2025,R,607259,624424,CU,Curveball,,ball,L,R,CIN,LAD,79.00,,,1,1,2025,2025-07
2025-07-30,2025,R,607259,624424,FF,4-Seam Fastball,,ball,L,R,CIN,LAD,92.90,,,0,1,2025,2025-07
2025-07-30,2025,R,607259,624424,FF,4-Seam Fastball,,foul,L,R,CIN,LAD,93.40,75.70,69,0,0,2025,2025-07
2025-07-30,2025,R,607259,660271,CU,Curveball,strikeout,called_strike,L,R,CIN,LAD,81.10,,,3,2,2025,2025-07
2025-07-30,2025,R,607259,660271,CH,Changeup,,ball,L,R,CIN,LAD,78.30,,,2,2,2025,2025-07
2025-07-30,2025,R,607259,660271,FC,Cutter,,foul,L,R,CIN,LAD,90.90,86.00,-23,2,2,2025,2025-07
2025-07-30,2025,R,607259,660271,CH,Changeup,,ball,L,R,CIN,LAD,79.00,,,1,2,2025,2025-07
2025-07-30,2025,R,607259,660271,CH,Changeup,,foul,L,R,CIN,LAD,79.20,62.50,51,1,1,2025,2025-07
2025-07-30,2025,R,607259,660271,FC,Cutter,,ball,L,R,CIN,LAD,90.50,,,0,1,2025,2025-07
2025-07-30,2025,R,607259,660271,FF,4-Seam Fastball,,called_strike,L,R,CIN,LAD,93.10,,,0,0,2025,2025-07
2025-07-30,2025,R,607259,660271,FF,4-Seam Fastball,field_out,hit_into_play,L,R,CIN,LAD,92.80,85.80,-8,1,2,2025,2025-07
2025-07-30,2025,R,607259,660271,FC,Cutter,,foul,L,R,CIN,LAD,89.50,67.10,59,1,2,2025,2025-07
2025-07-30,2025,R,607259,660271,FC,Cutter,,called_strike,L,R,CIN,LAD,89.50,,,1,1,2025,2025-07
2025-07-30,2025,R,607259,660271,CH,Changeup,,swinging_strike,L,R,CIN,LAD,79.70,,,1,0,2025,2025-07
2025-07-30,2025,R,607259,660271,CU,Curveball,,ball,L,R,CIN,LAD,81.70,,,0,0,2025,2025-07
2025-07-30,2025,R,607259,660271,CH,Changeup,field_out,hit_into_play,L,R,CIN,LAD,80.10,90.40,-5,0,2,2025,2025-07
2025-07-30,2025,R,607259,660271,CH,Changeup,,foul,L,R,CIN,LAD,80.30,103.10,10,0,1,2025,2025-07
2025-07-30,2025,R,607259,660271,FC,Cutter,,foul,L,R,CIN,LAD,91.20,76.10,58,0,0,2025,2025-07
2025-07-30,2025,R,607259,669257,SI,Sinker,strikeout,swinging_strike,R,R,CIN,LAD,93.30,,,2,2,2025,2025-07
2025-07-30,2025,R,607259,669257,SI,Sinker,,foul,R,R,CIN,LAD,94.00,81.20,51,2,2,2025,2025-07
2025-07-30,2025,R,607259,669257,FC,Cutter,,ball,R,R,CIN,LAD,90.50,,,1,2,2025,2025-07
2025-07-30,2025,R,607259,669257,SI,Sinker,,called_strike,R,R,CIN,LAD,92.70,,,1,1,2025,2025-07
2025-07-30,2025,R,607259,669257,CH,Changeup,,called_strike,R,R,CIN,LAD,78.00,,,1,0,2025,2025-07
2025-07-30,2025,R,607259,669257,CU,Curveball,,ball,R,R,CIN,LAD,79.80,,,0,0,2025,2025-07
2025-07-30,2025,R,607259,669257,SI,Sinker,walk,ball,R,R,CIN,LAD,93.10,,,3,2,2025,2025-07
2025-07-30,2025,R,607259,669257,SL,Slider,,ball,R,R,CIN,LAD,85.90,,,2,2,2025,2025-07
2025-07-30,2025,R,607259,669257,FF,4-Seam Fastball,,foul,R,R,CIN,LAD,93.40,80.20,66,2,1,2025,2025-07
2025-07-30,2025,R,607259,669257,CU,Curveball,,ball,R,R,CIN,LAD,80.10,,,1,1,2025,2025-07
2025-07-30,2025,R,607259,669257,SI,Sinker,,ball,R,R,CIN,LAD,92.70,,,0,1,2025,2025-07
2025-07-30,2025,R,607259,669257,FC,Cutter,,foul,R,R,CIN,LAD,89.50,,,0,0,2025,2025-07
2025-07-30,2025,R,607259,669257,FF,4-Seam Fastball,strikeout,called_strike,R,R,CIN,LAD,93.70,,,1,2,2025,2025-07
2025-07-30,2025,R,607259,669257,FC,Cutter,,foul_tip,R,R,CIN,LAD,90.50,,,1,1,2025,2025-07
2025-07-30,2025,R,607259,669257,SL,Slider,,ball,R,R,CIN,LAD,87.00,,,0,1,2025,2025-07
2025-07-30,2025,R,607259,669257,FF,4-Seam Fastball,,called_strike,R,R,CIN,LAD,94.10,,,0,0,2025,2025-07
2025-07-30,2025,R,607259,681624,SI,Sinker,strikeout,swinging_strike,R,R,CIN,LAD,93.50,,,3,2,2025,2025-07
2025-07-30,2025,R,607259,681624,FC,Cutter,,ball,R,R,CIN,LAD,89.30,,,2,2,2025,2025-07
2025-07-30,2025,R,607259,681624,CH,Changeup,,ball,R,R,CIN,LAD,78.90,,,1,2,2025,2025-07
2025-07-30,2025,R,607259,681624,SI,Sinker,,foul,R,R,CIN,LAD,92.50,68.90,45,1,1,2025,2025-07
2025-07-30,2025,R,607259,681624,SL,Slider,,ball,R,R,CIN,LAD,86.10,,,0,1,2025,2025-07
2025-07-30,2025,R,607259,681624,CH,Changeup,,called_strike,R,R,CIN,LAD,79.30,,,0,0,2025,2025-07
2025-07-30,2025,R,607259,681624,SI,Sinker,single,hit_into_play,R,R,CIN,LAD,93.70,105.30,2,0,0,2025,2025-07
2025-07-30,2025,R,607259,690976,FC,Cutter,single,hit_into_play,L,R,CIN,LAD,90.00,94.30,16,2,2,2025,2025-07
2025-07-30,2025,R,607259,690976,CH,Changeup,,ball,L,R,CIN,LAD,79.90,,,1,2,2025,2025-07
2025-07-30,2025,R,607259,690976,CH,Changeup,,called_strike,L,R,CIN,LAD,78.40,,,1,1,2025,2025-07
2025-07-30,2025,R,607259,690976,FF,4-Seam Fastball,,ball,L,R,CIN,LAD,92.50,,,0,1,2025,2025-07
2025-07-30,2025,R,607259,690976,CH,Changeup,,called_strike,L,R,CIN,LAD,78.30,,,0,0,2025,2025-07
2025-07-30,2025,R,607259,690976,FC,Cutter,double_play,hit_into_play,L,R,CIN,LAD,88.60,100.60,5,0,0,2025,2025-07
2025-07-30,2025,R,607455,666158,SI,Sinker,strikeout,called_strike,L,L,CIN,LAD,95.90,,,3,2,2025,2025-07
2025-07-30,2025,R,607455,666158,SL,Slider,,ball,L,L,CIN,LAD,84.30,,,2,2,2025,2025-07
2025-07-30,2025,R,607455,666158,SI,Sinker,,foul,L,L,CIN,LAD,95.60,,,2,2,2025,2025-07
2025-07-30,2025,R,607455,666158,SL,Slider,,blocked_ball,L,L,CIN,LAD,86.20,,,1,2,2025,2025-07
2025-07-30,2025,R,607455,666158,SL,Slider,,ball,L,L,CIN,LAD,86.60,,,0,2,2025,2025-07
2025-07-30,2025,R,607455,666158,SL,Slider,,called_strike,L,L,CIN,LAD,86.00,,,0,1,2025,2025-07
2025-07-30,2025,R,607455,666158,SL,Slider,,called_strike,L,L,CIN,LAD,86.80,,,0,0,2025,2025-07
2025-07-30,2025,R,607455,666181,SI,Sinker,sac_fly,hit_into_play,L,L,CIN,LAD,95.80,85.70,21,0,0,2025,2025-07
2025-07-30,2025,R,607455,668715,SI,Sinker,walk,ball,R,L,CIN,LAD,94.70,,,3,0,2025,2025-07
2025-07-30,2025,R,607455,668715,SL,Slider,,ball,R,L,CIN,LAD,84.50,,,2,0,2025,2025-07
2025-07-30,2025,R,607455,669289,FF,4-Seam Fastball,strikeout,swinging_strike,R,L,CIN,LAD,95.70,,,2,2,2025,2025-07
2025-07-30,2025,R,607455,669289,SL,Slider,,foul,R,L,CIN,LAD,85.10,106.50,19,2,1,2025,2025-07
2025-07-30,2025,R,607455,669289,SI,Sinker,,ball,R,L,CIN,LAD,96.80,,,1,1,2025,2025-07
2025-07-30,2025,R,607455,669289,CH,Changeup,,ball,R,L,CIN,LAD,91.10,,,0,1,2025,2025-07
2025-07-30,2025,R,607455,669289,SI,Sinker,,called_strike,R,L,CIN,LAD,96.20,,,0,0,2025,2025-07
2025-07-30,2025,R,607536,467793,FF,4-Seam Fastball,single,hit_into_play,R,L,CLE,COL,86.50,77.20,23,0,0,2025,2025-07
2025-07-30,2025,R,607536,595978,FF,4-Seam Fastball,field_out,hit_into_play,R,L,CLE,COL,90.70,63.70,21,0,2,2025,2025-07
2025-07-30,2025,R,607536,595978,FF,4-Seam Fastball,,foul,R,L,CLE,COL,87.30,72.20,23,0,1,2025,2025-07
2025-07-30,2025,R,607536,595978,FF,4-Seam Fastball,,foul_tip,R,L,CLE,COL,84.70,,,0,0,2025,2025-07
2025-07-30,2025,R,607536,608070,FF,4-Seam Fastball,field_out,hit_into_play,R,L,CLE,COL,92.10,102.50,6,1,2,2025,2025-07
2025-07-30,2025,R,607536,608070,CH,Changeup,,ball,R,L,CLE,COL,79.10,,,0,2,2025,2025-07
2025-07-30,2025,R,607536,608070,FF,4-Seam Fastball,,foul,R,L,CLE,COL,90.50,75.90,48,0,1,2025,2025-07
2025-07-30,2025,R,607536,608070,FF,4-Seam Fastball,,called_strike,R,L,CLE,COL,86.10,,,0,0,2025,2025-07
2025-07-30,2025,R,607536,608070,KC,Knuckle Curve,double,hit_into_play,R,L,CLE,COL,82.10,101.50,21,2,2,2025,2025-07
2025-07-30,2025,R,607536,608070,KC,Knuckle Curve,,swinging_strike,R,L,CLE,COL,80.70,,,2,1,2025,2025-07
2025-07-30,2025,R,607536,608070,FC,Cutter,,ball,R,L,CLE,COL,84.40,,,1,1,2025,2025-07
2025-07-30,2025,R,607536,608070,FF,4-Seam Fastball,,ball,R,L,CLE,COL,87.20,,,0,1,2025,2025-07
2025-07-30,2025,R,607536,608070,FF,4-Seam Fastball,,called_strike,R,L,CLE,COL,85.70,,,0,0,2025,2025-07
2025-07-30,2025,R,607536,666134,FF,4-Seam Fastball,field_out,hit_into_play,L,L,CLE,COL,83.90,72.00,1,0,0,2025,2025-07
2025-07-30,2025,R,607536,672356,KC,Knuckle Curve,field_out,hit_into_play,R,L,CLE,COL,71.10,76.90,26,2,2,2025,2025-07
2025-07-30,2025,R,607536,672356,FF,4-Seam Fastball,,swinging_strike,R,L,CLE,COL,87.00,,,2,1,2025,2025-07
2025-07-30,2025,R,607536,672356,KC,Knuckle Curve,,foul,R,L,CLE,COL,75.80,60.70,33,2,0,2025,2025-07
2025-07-30,2025,R,607536,672356,FF,4-Seam Fastball,,ball,R,L,CLE,COL,88.10,,,1,0,2025,2025-07
2025-07-30,2025,R,607536,672356,KC,Knuckle Curve,,blocked_ball,R,L,CLE,COL,78.20,,,0,0,2025,2025-07
2025-07-30,2025,R,607536,677587,CH,Changeup,field_out,hit_into_play,R,L,CLE,COL,81.60,98.90,20,1,1,2025,2025-07
2025-07-30,2025,R,607536,677587,FF,4-Seam Fastball,,called_strike,R,L,CLE,COL,86.00,,,1,0,2025,2025-07
2025-07-30,2025,R,607536,677587,FF,4-Seam Fastball,,ball,R,L,CLE,COL,85.20,,,0,0,2025,2025-07
2025-07-30,2025,R,607536,680757,FF,4-Seam Fastball,field_out,hit_into_play,L,L,CLE,COL,83.90,75.30,35,0,0,2025,2025-07
2025-07-30,2025,R,607536,680757,FF,4-Seam Fastball,field_out,hit_into_play,L,L,CLE,COL,87.60,86.60,61,0,1,2025,2025-07
2025-07-30,2025,R,607536,680757,FF,4-Seam Fastball,,called_strike,L,L,CLE,COL,87.10,,,0,0,2025,2025-07
2025-07-30,2025,R,607536,681807,FC,Cutter,home_run,hit_into_play,R,L,CLE,COL,84.70,95.10,33,1,2,2025,2025-07
2025-07-30,2025,R,607536,681807,KC,Knuckle Curve,,blocked_ball,R,L,CLE,COL,79.90,,,0,2,2025,2025-07
2025-07-30,2025,R,607536,681807,ST,Sweeper,,foul,R,L,CLE,COL,80.00,89.30,-11,0,1,2025,2025-07
2025-07-30,2025,R,607536,681807,FC,Cutter,,foul,R,L,CLE,COL,83.50,,,0,0,2025,2025-07
2025-07-30,2025,R,607536,682657,FF,4-Seam Fastball,field_out,hit_into_play,R,L,CLE,COL,92.10,95.50,23,3,2,2025,2025-07
2025-07-30,2025,R,607536,682657,FF,4-Seam Fastball,,foul,R,L,CLE,COL,88.00,75.60,75,3,1,2025,2025-07
2025-07-30,2025,R,607536,682657,KC,Knuckle Curve,,ball,R,L,CLE,COL,77.20,,,2,1,2025,2025-07
2025-07-30,2025,R,607536,682657,FF,4-Seam Fastball,,ball,R,L,CLE,COL,90.00,,,1,1,2025,2025-07
2025-07-30,2025,R,607536,682657,CH,Changeup,,ball,R,L,CLE,COL,80.10,,,0,1,2025,2025-07
2025-07-30,2025,R,607536,682657,FF,4-Seam Fastball,,called_strike,R,L,CLE,COL,83.30,,,0,0,2025,2025-07
2025-07-30,2025,R,607536,682657,KC,Knuckle Curve,field_out,hit_into_play,R,L,CLE,COL,80.00,88.70,-22,2,2,2025,2025-07
2025-07-30,2025,R,607536,682657,FF,4-Seam Fastball,,called_strike,R,L,CLE,COL,88.90,,,2,1,2025,2025-07
2025-07-30,2025,R,607536,682657,FF,4-Seam Fastball,,called_strike,R,L,CLE,COL,89.80,,,2,0,2025,2025-07
2025-07-30,2025,R,607536,682657,KC,Knuckle Curve,,ball,R,L,CLE,COL,79.80,,,1,0,2025,2025-07
2025-07-30,2025,R,607536,682657,FF,4-Seam Fastball,,ball,R,L,CLE,COL,86.10,,,0,0,2025,2025-07
2025-07-30,2025,R,608032,542303,FF,4-Seam Fastball,field_out,hit_into_play,R,R,KC,ATL,95.20,64.10,-28,1,1,2025,2025-07
2025-07-30,2025,R,608032,542303,SL,Slider,,swinging_strike,R,R,KC,ATL,87.60,,,1,0,2025,2025-07
2025-07-30,2025,R,608032,542303,FF,4-Seam Fastball,,ball,R,R,KC,ATL,96.20,,,0,0,2025,2025-07
2025-07-30,2025,R,608032,663586,FF,4-Seam Fastball,field_out,hit_into_play,R,R,KC,ATL,93.80,111.80,15,2,2,2025,2025-07
2025-07-30,2025,R,608032,663586,FF,4-Seam Fastball,,foul,R,R,KC,ATL,95.30,76.30,57,2,2,2025,2025-07
2025-07-30,2025,R,608032,663586,FF,4-Seam Fastball,,ball,R,R,KC,ATL,95.60,,,1,2,2025,2025-07
2025-07-30,2025,R,608032,663586,FF,4-Seam Fastball,,swinging_strike,R,R,KC,ATL,94.80,,,1,1,2025,2025-07
2025-07-30,2025,R,608032,663586,FF,4-Seam Fastball,,ball,R,R,KC,ATL,94.30,,,0,1,2025,2025-07
2025-07-30,2025,R,608032,663586,FF,4-Seam Fastball,,called_strike,R,R,KC,ATL,92.20,,,0,0,2025,2025-07
2025-07-30,2025,R,608032,671739,SL,Slider,field_out,hit_into_play,L,R,KC,ATL,85.90,108.00,5,0,0,2025,2025-07
2025-07-30,2025,R,608334,543760,SI,Sinker,force_out,hit_into_play,R,R,LAA,TEX,93.10,88.70,-9,3,1,2025,2025-07
2025-07-30,2025,R,608334,543760,SI,Sinker,,ball,R,R,LAA,TEX,92.00,,,2,1,2025,2025-07
2025-07-30,2025,R,608334,543760,SL,Slider,,ball,R,R,LAA,TEX,86.70,,,1,1,2025,2025-07
2025-07-30,2025,R,608334,543760,SL,Slider,,blocked_ball,R,R,LAA,TEX,88.20,,,0,1,2025,2025-07
2025-07-30,2025,R,608334,543760,FF,4-Seam Fastball,,called_strike,R,R,LAA,TEX,92.50,,,0,0,2025,2025-07
2025-07-30,2025,R,608334,608369,SL,Slider,single,hit_into_play,L,R,LAA,TEX,86.20,87.30,14,0,0,2025,2025-07
2025-07-30,2025,R,608334,666969,SI,Sinker,field_out,hit_into_play,R,R,LAA,TEX,92.40,49.70,46,1,1,2025,2025-07
2025-07-30,2025,R,608334,666969,FF,4-Seam Fastball,,ball,R,R,LAA,TEX,91.30,,,0,1,2025,2025-07
2025-07-30,2025,R,608334,666969,SL,Slider,,called_strike,R,R,LAA,TEX,87.80,,,0,0,2025,2025-07
2025-07-30,2025,R,608334,669701,FF,4-Seam Fastball,strikeout,called_strike,L,R,LAA,TEX,94.30,,,2,2,2025,2025-07
2025-07-30,2025,R,608334,669701,CH,Changeup,,ball,L,R,LAA,TEX,88.20,,,1,2,2025,2025-07
2025-07-30,2025,R,608334,669701,FF,4-Seam Fastball,,ball,L,R,LAA,TEX,92.50,,,0,2,2025,2025-07
2025-07-30,2025,R,608334,669701,CH,Changeup,,foul,L,R,LAA,TEX,87.60,94.90,-9,0,1,2025,2025-07
2025-07-30,2025,R,608334,669701,CH,Changeup,,swinging_strike,L,R,LAA,TEX,87.20,,,0,0,2025,2025-07
2025-07-30,2025,R,608334,694671,SI,Sinker,field_out,hit_into_play,R,R,LAA,TEX,93.10,99.00,4,3,2,2025,2025-07
2025-07-30,2025,R,608334,694671,FF,4-Seam Fastball,,ball,R,R,LAA,TEX,93.40,,,2,2,2025,2025-07
2025-07-30,2025,R,608334,694671,SI,Sinker,,foul,R,R,LAA,TEX,93.10,79.30,73,2,1,2025,2025-07
2025-07-30,2025,R,608334,694671,CH,Changeup,,blocked_ball,R,R,LAA,TEX,87.50,,,1,1,2025,2025-07
2025-07-30,2025,R,608334,694671,SI,Sinker,,foul,R,R,LAA,TEX,92.90,,,1,0,2025,2025-07
2025-07-30,2025,R,608334,694671,SL,Slider,,ball,R,R,LAA,TEX,88.20,,,0,0,2025,2025-07
2025-07-30,2025,R,615698,571448,FS,Split-Finger,field_out,hit_into_play,R,R,STL,MIA,87.60,95.40,18,0,1,2025,2025-07
2025-07-30,2025,R,615698,571448,SI,Sinker,,called_strike,R,R,STL,MIA,95.30,,,0,0,2025,2025-07
2025-07-30,2025,R,615698,571448,SL,Slider,single,hit_into_play,R,R,STL,MIA,86.60,71.00,-56,1,2,2025,2025-07
2025-07-30,2025,R,615698,571448,CU,Curveball,,called_strike,R,R,STL,MIA,79.90,,,1,1,2025,2025-07
2025-07-30,2025,R,615698,571448,SL,Slider,,ball,R,R,STL,MIA,86.70,,,0,1,2025,2025-07
2025-07-30,2025,R,615698,571448,SI,Sinker,,called_strike,R,R,STL,MIA,94.40,,,0,0,2025,2025-07
2025-07-30,2025,R,615698,575929,FS,Split-Finger,field_out,hit_into_play,R,R,STL,MIA,87.90,95.50,49,1,0,2025,2025-07
2025-07-30,2025,R,615698,575929,CU,Curveball,,ball,R,R,STL,MIA,79.00,,,0,0,2025,2025-07
2025-07-30,2025,R,615698,575929,FC,Cutter,field_out,hit_into_play,R,R,STL,MIA,88.40,94.30,61,0,0,2025,2025-07
2025-07-30,2025,R,615698,650968,SI,Sinker,strikeout,called_strike,R,R,STL,MIA,95.20,,,1,2,2025,2025-07
2025-07-30,2025,R,615698,650968,FF,4-Seam Fastball,,ball,R,R,STL,MIA,93.90,,,0,2,2025,2025-07
2025-07-30,2025,R,615698,650968,SL,Slider,,swinging_strike,R,R,STL,MIA,84.30,,,0,1,2025,2025-07
2025-07-30,2025,R,615698,650968,FC,Cutter,,foul,R,R,STL,MIA,88.80,71.60,38,0,0,2025,2025-07
2025-07-30,2025,R,615698,650968,CU,Curveball,field_out,hit_into_play,R,R,STL,MIA,79.30,92.30,-22,0,1,2025,2025-07
2025-07-30,2025,R,615698,650968,FC,Cutter,,called_strike,R,R,STL,MIA,88.20,,,0,0,2025,2025-07
2025-07-30,2025,R,615698,671056,SI,Sinker,field_out,hit_into_play,R,R,STL,MIA,96.90,90.60,-22,2,2,2025,2025-07
2025-07-30,2025,R,615698,671056,SI,Sinker,,foul,R,R,STL,MIA,96.60,68.50,64,2,1,2025,2025-07
2025-07-30,2025,R,615698,671056,CU,Curveball,,ball,R,R,STL,MIA,82.70,,,1,1,2025,2025-07
2025-07-30,2025,R,615698,671056,SI,Sinker,,called_strike,R,R,STL,MIA,94.80,,,1,0,2025,2025-07
2025-07-30,2025,R,615698,671056,FC,Cutter,,ball,R,R,STL,MIA,89.70,,,0,0,2025,2025-07
2025-07-30,2025,R,615698,671056,FS,Split-Finger,field_out,hit_into_play,R,R,STL,MIA,84.90,75.80,41,1,1,2025,2025-07
2025-07-30,2025,R,615698,671056,FS,Split-Finger,,ball,R,R,STL,MIA,85.90,,,0,1,2025,2025-07
2025-07-30,2025,R,615698,671056,CU,Curveball,,called_strike,R,R,STL,MIA,79.90,,,0,0,2025,2025-07
2025-07-30,2025,R,615698,671056,FS,Split-Finger,field_out,hit_into_play,R,R,STL,MIA,85.90,103.30,-6,0,2,2025,2025-07
2025-07-30,2025,R,615698,671056,FC,Cutter,,called_strike,R,R,STL,MIA,89.60,,,0,1,2025,2025-07
2025-07-30,2025,R,615698,671056,FF,4-Seam Fastball,,called_strike,R,R,STL,MIA,94.00,,,0,0,2025,2025-07
2025-07-30,2025,R,615698,676475,CU,Curveball,field_out,hit_into_play,L,R,STL,MIA,80.40,98.40,48,1,1,2025,2025-07
2025-07-30,2025,R,615698,676475,SI,Sinker,,foul,L,R,STL,MIA,93.50,78.40,49,1,0,2025,2025-07
2025-07-30,2025,R,615698,676475,FS,Split-Finger,,ball,L,R,STL,MIA,85.50,,,0,0,2025,2025-07
2025-07-30,2025,R,615698,676475,FS,Split-Finger,field_out,hit_into_play,L,R,STL,MIA,86.90,83.00,-8,1,2,2025,2025-07
2025-07-30,2025,R,615698,676475,CU,Curveball,,ball,L,R,STL,MIA,79.80,,,0,2,2025,2025-07
2025-07-30,2025,R,615698,676475,SI,Sinker,,called_strike,L,R,STL,MIA,93.00,,,0,1,2025,2025-07
2025-07-30,2025,R,615698,676475,FF,4-Seam Fastball,,called_strike,L,R,STL,MIA,94.10,,,0,0,2025,2025-07
2025-07-30,2025,R,615698,680977,SI,Sinker,strikeout,called_strike,L,R,STL,MIA,96.50,,,3,2,2025,2025-07
2025-07-30,2025,R,615698,680977,SI,Sinker,,ball,L,R,STL,MIA,94.50,,,2,2,2025,2025-07
2025-07-30,2025,R,615698,680977,FS,Split-Finger,,ball,L,R,STL,MIA,86.70,,,1,2,2025,2025-07
2025-07-30,2025,R,615698,680977,SI,Sinker,,foul,L,R,STL,MIA,95.50,78.80,22,1,2,2025,2025-07
2025-07-30,2025,R,615698,680977,FS,Split-Finger,,ball,L,R,STL,MIA,87.60,,,0,2,2025,2025-07
2025-07-30,2025,R,615698,680977,FS,Split-Finger,,foul,L,R,STL,MIA,86.80,78.50,-62,0,1,2025,2025-07
2025-07-30,2025,R,615698,680977,SI,Sinker,,called_strike,L,R,STL,MIA,95.50,,,0,0,2025,2025-07
2025-07-30,2025,R,615698,680977,FC,Cutter,single,hit_into_play,L,R,STL,MIA,89.60,78.00,9,2,0,2025,2025-07
2025-07-30,2025,R,615698,680977,FF,4-Seam Fastball,,ball,L,R,STL,MIA,93.90,,,1,0,2025,2025-07
2025-07-30,2025,R,615698,680977,CU,Curveball,,ball,L,R,STL,MIA,81.00,,,0,0,2025,2025-07
2025-07-30,2025,R,615698,680977,FC,Cutter,field_out,hit_into_play,L,R,STL,MIA,89.20,105.00,19,0,1,2025,2025-07
2025-07-30,2025,R,615698,680977,SI,Sinker,,foul,L,R,STL,MIA,93.10,76.80,10,0,0,2025,2025-07
2025-07-30,2025,R,615698,687363,SI,Sinker,walk,ball,L,R,STL,MIA,96.00,,,3,2,2025,2025-07
2025-07-30,2025,R,615698,687363,FF,4-Seam Fastball,,ball,L,R,STL,MIA,96.10,,,2,2,2025,2025-07
2025-07-30,2025,R,615698,687363,FC,Cutter,,foul,L,R,STL,MIA,90.40,76.30,32,2,1,2025,2025-07
2025-07-30,2025,R,615698,687363,SI,Sinker,,called_strike,L,R,STL,MIA,96.10,,,2,0,2025,2025-07
2025-07-30,2025,R,615698,687363,FS,Split-Finger,,ball,L,R,STL,MIA,86.30,,,1,0,2025,2025-07
2025-07-30,2025,R,615698,687363,FC,Cutter,,ball,L,R,STL,MIA,90.50,,,0,0,2025,2025-07
2025-07-30,2025,R,615698,687363,FC,Cutter,field_out,hit_into_play,L,R,STL,MIA,89.50,87.40,67,3,2,2025,2025-07
2025-07-30,2025,R,615698,687363,SI,Sinker,,foul,L,R,STL,MIA,95.20,74.10,46,3,2,2025,2025-07
2025-07-30,2025,R,615698,687363,SL,Slider,,ball,L,R,STL,MIA,86.60,,,2,2,2025,2025-07
2025-07-30,2025,R,615698,687363,FF,4-Seam Fastball,,ball,L,R,STL,MIA,95.00,,,1,2,2025,2025-07
2025-07-30,2025,R,615698,687363,FS,Split-Finger,,ball,L,R,STL,MIA,86.90,,,0,2,2025,2025-07
2025-07-30,2025,R,615698,687363,SI,Sinker,,foul,L,R,STL,MIA,93.20,77.10,62,0,1,2025,2025-07
2025-07-30,2025,R,615698,687363,FC,Cutter,,swinging_strike,L,R,STL,MIA,89.20,,,0,0,2025,2025-07
2025-07-30,2025,R,615698,691023,FS,Split-Finger,single,hit_into_play,R,R,STL,MIA,86.80,105.40,-1,0,2,2025,2025-07
2025-07-30,2025,R,615698,691023,FS,Split-Finger,,swinging_strike,R,R,STL,MIA,86.70,,,0,1,2025,2025-07
2025-07-30,2025,R,615698,691023,FS,Split-Finger,,foul,R,R,STL,MIA,87.50,73.50,-27,0,0,2025,2025-07
2025-07-30,2025,R,615698,691023,FS,Split-Finger,field_out,hit_into_play,R,R,STL,MIA,87.30,76.40,-31,1,0,2025,2025-07
2025-07-30,2025,R,615698,691023,FC,Cutter,,ball,R,R,STL,MIA,88.10,,,0,0,2025,2025-07
2025-07-30,2025,R,615698,695336,SI,Sinker,walk,ball,R,R,STL,MIA,97.10,,,3,2,2025,2025-07
2025-07-30,2025,R,615698,695336,SI,Sinker,,foul,R,R,STL,MIA,95.70,71.00,29,3,1,2025,2025-07
2025-07-30,2025,R,615698,695336,CU,Curveball,,ball,R,R,STL,MIA,80.90,,,2,1,2025,2025-07
2025-07-30,2025,R,615698,695336,FC,Cutter,,swinging_strike,R,R,STL,MIA,90.10,,,2,0,2025,2025-07
2025-07-30,2025,R,615698,695336,SI,Sinker,,ball,R,R,STL,MIA,94.00,,,1,0,2025,2025-07
2025-07-30,2025,R,615698,695336,FC,Cutter,,ball,R,R,STL,MIA,90.40,,,0,0,2025,2025-07
2025-07-30,2025,R,615698,695336,FF,4-Seam Fastball,strikeout,swinging_strike,R,R,STL,MIA,94.20,,,1,2,2025,2025-07
2025-07-30,2025,R,615698,695336,FS,Split-Finger,,foul,R,R,STL,MIA,87.80,76.10,41,1,2,2025,2025-07
2025-07-30,2025,R,615698,695336,SL,Slider,,ball,R,R,STL,MIA,84.40,,,0,2,2025,2025-07
2025-07-30,2025,R,615698,695336,CU,Curveball,,called_strike,R,R,STL,MIA,79.40,,,0,1,2025,2025-07
2025-07-30,2025,R,615698,695336,SI,Sinker,,called_strike,R,R,STL,MIA,95.00,,,0,0,2025,2025-07
2025-07-30,2025,R,621051,642215,FF,4-Seam Fastball,field_out,hit_into_play,R,R,CWS,PHI,92.80,97.50,60,0,0,2025,2025-07
2025-07-30,2025,R,621051,665561,FF,4-Seam Fastball,field_out,hit_into_play,L,R,CWS,PHI,94.10,83.30,78,0,1,2025,2025-07
2025-07-30,2025,R,621051,665561,ST,Sweeper,,called_strike,L,R,CWS,PHI,82.40,,,0,0,2025,2025-07
2025-07-30,2025,R,621051,669016,ST,Sweeper,home_run,hit_into_play,L,R,CWS,PHI,81.10,101.30,32,1,1,2025,2025-07
2025-07-30,2025,R,621051,669016,FF,4-Seam Fastball,,foul,L,R,CWS,PHI,94.20,59.50,39,1,0,2025,2025-07
2025-07-30,2025,R,621051,669016,FF,4-Seam Fastball,,ball,L,R,CWS,PHI,93.50,,,0,0,2025,2025-07
2025-07-30,2025,R,621051,679032,ST,Sweeper,field_error,hit_into_play,R,R,CWS,PHI,82.70,65.70,-23,0,2,2025,2025-07
2025-07-30,2025,R,621051,679032,FF,4-Seam Fastball,,foul,R,R,CWS,PHI,93.40,97.40,37,0,1,2025,2025-07
2025-07-30,2025,R,621051,679032,ST,Sweeper,,foul,R,R,CWS,PHI,81.70,70.50,11,0,0,2025,2025-07
2025-07-30,2025,R,621051,681082,CH,Changeup,single,hit_into_play,L,R,CWS,PHI,83.90,74.20,12,1,1,2025,2025-07
2025-07-30,2025,R,621051,681082,CH,Changeup,,ball,L,R,CWS,PHI,84.70,,,0,1,2025,2025-07
2025-07-30,2025,R,621051,681082,FF,4-Seam Fastball,,called_strike,L,R,CWS,PHI,93.60,,,0,0,2025,2025-07
2025-07-30,2025,R,621051,805249,FF,4-Seam Fastball,strikeout,swinging_strike,R,R,CWS,PHI,93.80,,,0,2,2025,2025-07
2025-07-30,2025,R,621051,805249,ST,Sweeper,,foul,R,R,CWS,PHI,82.80,67.40,14,0,2,2025,2025-07
2025-07-30,2025,R,621051,805249,ST,Sweeper,,swinging_strike,R,R,CWS,PHI,81.50,,,0,1,2025,2025-07
2025-07-30,2025,R,621051,805249,ST,Sweeper,,swinging_strike,R,R,CWS,PHI,82.50,,,0,0,2025,2025-07
2025-07-30,2025,R,621244,656577,SV,Slurve,double,hit_into_play,R,R,BAL,TOR,82.40,108.50,22,3,2,2025,2025-07
2025-07-30,2025,R,621244,656577,SI,Sinker,,ball,R,R,BAL,TOR,92.20,,,2,2,2025,2025-07
2025-07-30,2025,R,621244,656577,SV,Slurve,,ball,R,R,BAL,TOR,83.10,,,1,2,2025,2025-07
2025-07-30,2025,R,621244,656577,SV,Slurve,,ball,R,R,BAL,TOR,82.50,,,0,2,2025,2025-07
2025-07-30,2025,R,621244,656577,SI,Sinker,,foul,R,R,BAL,TOR,92.50,75.20,9,0,1,2025,2025-07
2025-07-30,2025,R,621244,656577,SI,Sinker,,foul_tip,R,R,BAL,TOR,90.50,,,0,0,2025,2025-07
2025-07-30,2025,R,621244,656577,SV,Slurve,field_out,hit_into_play,R,R,BAL,TOR,81.30,85.10,-20,2,2,2025,2025-07
2025-07-30,2025,R,621244,656577,FF,4-Seam Fastball,,foul,R,R,BAL,TOR,93.30,77.70,12,2,2,2025,2025-07
2025-07-30,2025,R,621244,656577,SI,Sinker,,foul,R,R,BAL,TOR,92.40,41.50,26,2,2,2025,2025-07
2025-07-30,2025,R,621244,656577,SV,Slurve,,ball,R,R,BAL,TOR,83.10,,,1,2,2025,2025-07
2025-07-30,2025,R,621244,656577,SV,Slurve,,foul,R,R,BAL,TOR,80.40,44.90,-25,1,1,2025,2025-07
2025-07-30,2025,R,621244,656577,SI,Sinker,,ball,R,R,BAL,TOR,90.40,,,0,1,2025,2025-07
2025-07-30,2025,R,621244,656577,SV,Slurve,,swinging_strike,R,R,BAL,TOR,80.50,,,0,0,2025,2025-07
2025-07-30,2025,R,621244,656775,FC,Cutter,single,hit_into_play,L,R,BAL,TOR,87.90,26.20,11,0,0,2025,2025-07
2025-07-30,2025,R,621244,656775,FF,4-Seam Fastball,field_out,hit_into_play,L,R,BAL,TOR,89.90,94.30,-23,0,2,2025,2025-07
2025-07-30,2025,R,621244,656775,FC,Cutter,,foul,L,R,BAL,TOR,88.10,79.10,-19,0,1,2025,2025-07
2025-07-30,2025,R,621244,656775,SI,Sinker,,called_strike,L,R,BAL,TOR,89.70,,,0,0,2025,2025-07
2025-07-30,2025,R,621244,656811,SV,Slurve,strikeout,called_strike,L,R,BAL,TOR,83.90,,,2,2,2025,2025-07
2025-07-30,2025,R,621244,656811,SV,Slurve,,foul,L,R,BAL,TOR,79.70,73.70,52,2,1,2025,2025-07
2025-07-30,2025,R,621244,656811,SV,Slurve,,called_strike,L,R,BAL,TOR,81.10,,,2,0,2025,2025-07
2025-07-30,2025,R,621244,656811,SI,Sinker,,ball,L,R,BAL,TOR,89.80,,,1,0,2025,2025-07
2025-07-30,2025,R,621244,656811,CH,Changeup,,ball,L,R,BAL,TOR,83.10,,,0,0,2025,2025-07
2025-07-30,2025,R,621244,656811,FF,4-Seam Fastball,home_run,hit_into_play,L,R,BAL,TOR,93.30,106.70,27,2,2,2025,2025-07
2025-07-30,2025,R,621244,656811,CH,Changeup,,ball,L,R,BAL,TOR,83.80,,,1,2,2025,2025-07
2025-07-30,2025,R,621244,656811,SV,Slurve,,ball,L,R,BAL,TOR,82.30,,,0,2,2025,2025-07
2025-07-30,2025,R,621244,656811,FF,4-Seam Fastball,,called_strike,L,R,BAL,TOR,93.60,,,0,1,2025,2025-07
2025-07-30,2025,R,621244,656811,SV,Slurve,,called_strike,L,R,BAL,TOR,80.10,,,0,0,2025,2025-07
2025-07-30,2025,R,621244,666185,FC,Cutter,field_out,hit_into_play,L,R,BAL,TOR,88.60,68.50,-29,1,1,2025,2025-07
2025-07-30,2025,R,621244,666185,FC,Cutter,,foul,L,R,BAL,TOR,88.00,52.90,66,1,0,2025,2025-07
2025-07-30,2025,R,621244,666185,CH,Changeup,,ball,L,R,BAL,TOR,82.60,,,0,0,2025,2025-07
2025-07-30,2025,R,621244,666185,FF,4-Seam Fastball,field_out,hit_into_play,L,R,BAL,TOR,91.80,94.50,44,1,1,2025,2025-07
2025-07-30,2025,R,621244,666185,CH,Changeup,,ball,L,R,BAL,TOR,83.50,,,0,1,2025,2025-07
2025-07-30,2025,R,621244,666185,SV,Slurve,,foul,L,R,BAL,TOR,78.50,,,0,0,2025,2025-07
2025-07-30,2025,R,621244,668939,FF,4-Seam Fastball,field_out,hit_into_play,L,R,BAL,TOR,93.20,88.30,70,0,0,2025,2025-07
2025-07-30,2025,R,621244,668939,FF,4-Seam Fastball,sac_fly,hit_into_play,L,R,BAL,TOR,93.80,100.30,28,3,2,2025,2025-07
2025-07-30,2025,R,621244,668939,SV,Slurve,,foul,L,R,BAL,TOR,83.70,58.90,53,3,2,2025,2025-07
2025-07-30,2025,R,621244,668939,SI,Sinker,,foul,L,R,BAL,TOR,92.30,,,3,2,2025,2025-07
2025-07-30,2025,R,621244,668939,SI,Sinker,,foul,L,R,BAL,TOR,92.60,65.00,20,3,2,2025,2025-07
2025-07-30,2025,R,621244,668939,SV,Slurve,,blocked_ball,L,R,BAL,TOR,83.30,,,2,2,2025,2025-07
2025-07-30,2025,R,621244,668939,CH,Changeup,,ball,L,R,BAL,TOR,84.80,,,1,2,2025,2025-07
2025-07-30,2025,R,621244,668939,FC,Cutter,,foul,L,R,BAL,TOR,90.10,97.00,-10,1,2,2025,2025-07
2025-07-30,2025,R,621244,668939,FC,Cutter,,swinging_strike,L,R,BAL,TOR,89.80,,,1,1,2025,2025-07
2025-07-30,2025,R,621244,668939,CH,Changeup,,ball,L,R,BAL,TOR,84.80,,,0,1,2025,2025-07
2025-07-30,2025,R,621244,668939,FF,4-Seam Fastball,,called_strike,L,R,BAL,TOR,92.20,,,0,0,2025,2025-07
2025-07-30,2025,R,621244,676059,CH,Changeup,home_run,hit_into_play,R,R,BAL,TOR,86.20,96.50,30,0,0,2025,2025-07
2025-07-30,2025,R,621244,676059,CH,Changeup,strikeout,swinging_strike,R,R,BAL,TOR,83.80,,,3,2,2025,2025-07
2025-07-30,2025,R,621244,676059,SI,Sinker,,foul,R,R,BAL,TOR,90.80,106.40,2,3,1,2025,2025-07
2025-07-30,2025,R,621244,676059,SV,Slurve,,ball,R,R,BAL,TOR,82.50,,,2,1,2025,2025-07
2025-07-30,2025,R,621244,676059,SI,Sinker,,ball,R,R,BAL,TOR,90.80,,,1,1,2025,2025-07
2025-07-30,2025,R,621244,676059,CH,Changeup,,ball,R,R,BAL,TOR,84.50,,,0,1,2025,2025-07
2025-07-30,2025,R,621244,676059,CH,Changeup,,swinging_strike,R,R,BAL,TOR,83.30,,,0,0,2025,2025-07
2025-07-30,2025,R,621244,676059,SI,Sinker,field_out,hit_into_play,R,R,BAL,TOR,91.00,67.50,40,1,1,2025,2025-07
2025-07-30,2025,R,621244,676059,SV,Slurve,,swinging_strike,R,R,BAL,TOR,81.30,,,1,0,2025,2025-07
2025-07-30,2025,R,621244,676059,SI,Sinker,,ball,R,R,BAL,TOR,90.60,,,0,0,2025,2025-07
2025-07-30,2025,R,621244,681297,SI,Sinker,field_out,hit_into_play,L,R,BAL,TOR,90.60,79.90,43,2,1,2025,2025-07
2025-07-30,2025,R,621244,681297,SV,Slurve,,ball,L,R,BAL,TOR,81.90,,,1,1,2025,2025-07
2025-07-30,2025,R,621244,681297,SI,Sinker,,ball,L,R,BAL,TOR,90.10,,,0,1,2025,2025-07
2025-07-30,2025,R,621244,681297,CH,Changeup,,called_strike,L,R,BAL,TOR,82.50,,,0,0,2025,2025-07
2025-07-30,2025,R,621244,681297,SV,Slurve,strikeout,swinging_strike_blocked,L,R,BAL,TOR,82.20,,,0,2,2025,2025-07
2025-07-30,2025,R,621244,681297,SV,Slurve,,called_strike,L,R,BAL,TOR,81.80,,,0,1,2025,2025-07
2025-07-30,2025,R,621244,681297,SI,Sinker,,foul,L,R,BAL,TOR,90.20,53.10,-28,0,0,2025,2025-07
2025-07-30,2025,R,621244,683002,SV,Slurve,single,hit_into_play,L,R,BAL,TOR,80.40,71.40,22,0,0,2025,2025-07
2025-07-30,2025,R,621244,683002,SV,Slurve,fielders_choice,hit_into_play,L,R,BAL,TOR,81.90,84.80,8,1,0,2025,2025-07
2025-07-30,2025,R,621244,683002,SV,Slurve,,ball,L,R,BAL,TOR,80.20,,,0,0,2025,2025-07
2025-07-30,2025,R,621244,702616,FC,Cutter,field_out,hit_into_play,L,R,BAL,TOR,90.60,93.30,-13,1,1,2025,2025-07
2025-07-30,2025,R,621244,702616,FC,Cutter,,foul,L,R,BAL,TOR,90.10,86.30,39,1,0,2025,2025-07
2025-07-30,2025,R,621244,702616,CH,Changeup,,ball,L,R,BAL,TOR,84.70,,,0,0,2025,2025-07
2025-07-30,2025,R,621244,702616,CH,Changeup,field_out,hit_into_play,L,R,BAL,TOR,83.60,89.10,26,1,2,2025,2025-07
2025-07-30,2025,R,621244,702616,CH,Changeup,,foul,L,R,BAL,TOR,82.30,39.10,-28,1,1,2025,2025-07
2025-07-30,2025,R,621244,702616,SI,Sinker,,called_strike,L,R,BAL,TOR,89.40,,,1,0,2025,2025-07
2025-07-30,2025,R,621244,702616,FC,Cutter,,ball,L,R,BAL,TOR,87.30,,,0,0,2025,2025-07
2025-07-30,2025,R,621244,702616,SI,Sinker,single,hit_into_play,L,R,BAL,TOR,89.20,90.00,20,1,0,2025,2025-07
2025-07-30,2025,R,621244,702616,FF,4-Seam Fastball,,ball,L,R,BAL,TOR,91.50,,,0,0,2025,2025-07
2025-07-30,2025,R,621383,673357,FF,4-Seam Fastball,single,hit_into_play,R,L,CWS,PHI,92.20,80.00,11,0,1,2025,2025-07
2025-07-30,2025,R,621383,673357,SL,Slider,,foul,R,L,CWS,PHI,86.80,70.80,9,0,0,2025,2025-07
2025-07-30,2025,R,621383,691019,SI,Sinker,field_out,hit_into_play,L,L,CWS,PHI,92.00,76.40,-17,2,1,2025,2025-07
2025-07-30,2025,R,621383,691019,SI,Sinker,,ball,L,L,CWS,PHI,91.00,,,1,1,2025,2025-07
2025-07-30,2025,R,621383,691019,ST,Sweeper,,ball,L,L,CWS,PHI,81.60,,,0,1,2025,2025-07
2025-07-30,2025,R,621383,691019,SL,Slider,,called_strike,L,L,CWS,PHI,85.10,,,0,0,2025,2025-07
2025-07-30,2025,R,621383,695657,SI,Sinker,field_out,hit_into_play,L,L,CWS,PHI,91.80,96.60,-19,1,1,2025,2025-07
2025-07-30,2025,R,621383,695657,SL,Slider,,called_strike,L,L,CWS,PHI,86.00,,,1,0,2025,2025-07
2025-07-30,2025,R,621383,695657,SL,Slider,,ball,L,L,CWS,PHI,84.90,,,0,0,2025,2025-07
2025-07-30,2025,R,621383,700337,CH,Changeup,field_out,hit_into_play,R,L,CWS,PHI,83.60,83.70,-26,2,1,2025,2025-07
2025-07-30,2025,R,621383,700337,SL,Slider,,foul,R,L,CWS,PHI,87.30,,,2,0,2025,2025-07
2025-07-30,2025,R,621383,700337,ST,Sweeper,,ball,R,L,CWS,PHI,80.60,,,1,0,2025,2025-07
2025-07-30,2025,R,621383,700337,SL,Slider,,ball,R,L,CWS,PHI,87.60,,,0,0,2025,2025-07
2025-07-30,2025,R,622554,641933,ST,Sweeper,strikeout,called_strike,R,R,BAL,TOR,85.20,,,1,2,2025,2025-07
2025-07-30,2025,R,622554,641933,SI,Sinker,,foul,R,R,BAL,TOR,97.30,67.30,58,1,1,2025,2025-07
2025-07-30,2025,R,622554,641933,ST,Sweeper,,called_strike,R,R,BAL,TOR,85.60,,,1,0,2025,2025-07
2025-07-30,2025,R,622554,641933,ST,Sweeper,,ball,R,R,BAL,TOR,84.50,,,0,0,2025,2025-07
2025-07-30,2025,R,622554,676059,FF,4-Seam Fastball,strikeout,swinging_strike,R,R,BAL,TOR,98.30,,,2,2,2025,2025-07
2025-07-30,2025,R,622554,676059,FF,4-Seam Fastball,,foul,R,R,BAL,TOR,97.30,75.70,49,2,2,2025,2025-07
2025-07-30,2025,R,622554,676059,FF,4-Seam Fastball,,called_strike,R,R,BAL,TOR,98.40,,,2,1,2025,2025-07
2025-07-30,2025,R,622554,676059,ST,Sweeper,,called_strike,R,R,BAL,TOR,85.10,,,2,0,2025,2025-07
2025-07-30,2025,R,622554,676059,FF,4-Seam Fastball,,ball,R,R,BAL,TOR,98.30,,,1,0,2025,2025-07
2025-07-30,2025,R,622554,676059,SI,Sinker,,ball,R,R,BAL,TOR,98.20,,,0,0,2025,2025-07
2025-07-30,2025,R,622554,702616,FS,Split-Finger,field_out,hit_into_play,L,R,BAL,TOR,87.40,49.30,-55,1,1,2025,2025-07
2025-07-30,2025,R,622554,702616,FS,Split-Finger,,ball,L,R,BAL,TOR,87.40,,,0,1,2025,2025-07
2025-07-30,2025,R,622554,702616,FF,4-Seam Fastball,,called_strike,L,R,BAL,TOR,98.50,,,0,0,2025,2025-07
2025-07-30,2025,R,623437,596115,SI,Sinker,walk,ball,R,R,MIN,BOS,93.90,,,3,1,2025,2025-07
2025-07-30,2025,R,623437,596115,SI,Sinker,,ball,R,R,MIN,BOS,94.10,,,2,1,2025,2025-07
2025-07-30,2025,R,623437,596115,FC,Cutter,,ball,R,R,MIN,BOS,89.70,,,1,1,2025,2025-07
2025-07-30,2025,R,623437,596115,ST,Sweeper,,ball,R,R,MIN,BOS,81.90,,,0,1,2025,2025-07
2025-07-30,2025,R,623437,596115,ST,Sweeper,,called_strike,R,R,MIN,BOS,81.70,,,0,0,2025,2025-07
2025-07-30,2025,R,623437,663853,SI,Sinker,walk,ball,R,R,MIN,BOS,94.10,,,3,1,2025,2025-07
2025-07-30,2025,R,623437,663853,ST,Sweeper,,ball,R,R,MIN,BOS,84.20,,,2,1,2025,2025-07
2025-07-30,2025,R,623437,663853,FC,Cutter,,swinging_strike,R,R,MIN,BOS,90.60,,,2,0,2025,2025-07
2025-07-30,2025,R,623437,663853,ST,Sweeper,,ball,R,R,MIN,BOS,84.70,,,1,0,2025,2025-07
2025-07-30,2025,R,623437,663853,SI,Sinker,,ball,R,R,MIN,BOS,94.50,,,0,0,2025,2025-07
2025-07-30,2025,R,623437,677800,CH,Changeup,strikeout,swinging_strike,L,R,MIN,BOS,86.80,,,3,2,2025,2025-07
2025-07-30,2025,R,623437,677800,ST,Sweeper,,ball,L,R,MIN,BOS,81.90,,,2,2,2025,2025-07
2025-07-30,2025,R,623437,677800,CH,Changeup,,ball,L,R,MIN,BOS,86.80,,,1,2,2025,2025-07
2025-07-30,2025,R,623437,677800,CH,Changeup,,blocked_ball,L,R,MIN,BOS,87.60,,,0,2,2025,2025-07
2025-07-30,2025,R,623437,677800,FC,Cutter,,called_strike,L,R,MIN,BOS,91.20,,,0,1,2025,2025-07
2025-07-30,2025,R,623437,677800,ST,Sweeper,,called_strike,L,R,MIN,BOS,83.50,,,0,0,2025,2025-07
2025-07-30,2025,R,623437,678882,ST,Sweeper,strikeout,swinging_strike,R,R,MIN,BOS,82.80,,,1,2,2025,2025-07
2025-07-30,2025,R,623437,678882,FC,Cutter,,swinging_strike,R,R,MIN,BOS,89.80,,,1,1,2025,2025-07
2025-07-30,2025,R,623437,678882,SI,Sinker,,ball,R,R,MIN,BOS,92.20,,,0,1,2025,2025-07
2025-07-30,2025,R,623437,678882,SI,Sinker,,foul,R,R,MIN,BOS,93.70,70.00,26,0,0,2025,2025-07
2025-07-30,2025,R,623437,807799,ST,Sweeper,single,hit_into_play,L,R,MIN,BOS,82.90,98.70,-5,0,1,2025,2025-07
2025-07-30,2025,R,623437,807799,ST,Sweeper,,foul,L,R,MIN,BOS,84.20,101.00,-3,0,0,2025,2025-07
2025-07-30,2025,R,628452,672580,SI,Sinker,field_out,hit_into_play,R,R,KC,ATL,95.20,92.80,15,1,2,2025,2025-07
2025-07-30,2025,R,628452,672580,FF,4-Seam Fastball,,called_strike,R,R,KC,ATL,94.80,,,1,1,2025,2025-07
2025-07-30,2025,R,628452,672580,SI,Sinker,,called_strike,R,R,KC,ATL,93.60,,,1,0,2025,2025-07
2025-07-30,2025,R,628452,672580,CH,Changeup,,ball,R,R,KC,ATL,87.90,,,0,0,2025,2025-07
2025-07-30,2025,R,628452,677951,FF,4-Seam Fastball,strikeout,swinging_strike,R,R,KC,ATL,96.20,,,1,2,2025,2025-07
2025-07-30,2025,R,628452,677951,FF,4-Seam Fastball,,swinging_strike,R,R,KC,ATL,94.80,,,1,1,2025,2025-07
2025-07-30,2025,R,628452,677951,FF,4-Seam Fastball,,ball,R,R,KC,ATL,95.60,,,0,1,2025,2025-07
2025-07-30,2025,R,628452,677951,SI,Sinker,,called_strike,R,R,KC,ATL,95.50,,,0,0,2025,2025-07
2025-07-30,2025,R,628452,686469,FF,4-Seam Fastball,field_out,hit_into_play,L,R,KC,ATL,95.90,78.60,47,0,2,2025,2025-07
2025-07-30,2025,R,628452,686469,FF,4-Seam Fastball,,foul_tip,L,R,KC,ATL,95.20,,,0,1,2025,2025-07
2025-07-30,2025,R,628452,686469,SI,Sinker,,called_strike,L,R,KC,ATL,95.80,,,0,0,2025,2025-07
2025-07-30,2025,R,640451,595777,CU,Curveball,single,hit_into_play,L,R,KC,ATL,79.80,95.70,13,0,1,2025,2025-07
2025-07-30,2025,R,640451,595777,FF,4-Seam Fastball,,foul_bunt,L,R,KC,ATL,96.10,,,0,0,2025,2025-07
2025-07-30,2025,R,640451,621566,FF,4-Seam Fastball,field_out,hit_into_play,L,R,KC,ATL,96.70,88.50,25,3,2,2025,2025-07
2025-07-30,2025,R,640451,621566,FS,Split-Finger,,blocked_ball,L,R,KC,ATL,89.00,,,2,2,2025,2025-07
2025-07-30,2025,R,640451,621566,FF,4-Seam Fastball,,called_strike,L,R,KC,ATL,95.50,,,2,1,2025,2025-07
2025-07-30,2025,R,640451,621566,FS,Split-Finger,,ball,L,R,KC,ATL,87.60,,,1,1,2025,2025-07
2025-07-30,2025,R,640451,621566,FS,Split-Finger,,swinging_strike,L,R,KC,ATL,86.90,,,1,0,2025,2025-07
2025-07-30,2025,R,640451,621566,FF,4-Seam Fastball,,ball,L,R,KC,ATL,95.20,,,0,0,2025,2025-07
2025-07-30,2025,R,640451,663586,FF,4-Seam Fastball,field_out,hit_into_play,R,R,KC,ATL,95.50,81.30,70,0,1,2025,2025-07
2025-07-30,2025,R,640451,663586,SL,Slider,,swinging_strike,R,R,KC,ATL,84.80,,,0,0,2025,2025-07
2025-07-30,2025,R,640451,669397,FF,4-Seam Fastball,single,hit_into_play,R,R,KC,ATL,96.50,91.40,7,0,1,2025,2025-07
2025-07-30,2025,R,640451,669397,SL,Slider,,swinging_strike,R,R,KC,ATL,83.30,,,0,0,2025,2025-07
2025-07-30,2025,R,640451,671739,FS,Split-Finger,field_out,hit_into_play,L,R,KC,ATL,88.30,70.00,-45,1,2,2025,2025-07
2025-07-30,2025,R,640451,671739,FS,Split-Finger,,called_strike,L,R,KC,ATL,86.40,,,1,1,2025,2025-07
2025-07-30,2025,R,640451,671739,FS,Split-Finger,,ball,L,R,KC,ATL,86.10,,,0,1,2025,2025-07
2025-07-30,2025,R,640451,671739,CU,Curveball,,swinging_strike,L,R,KC,ATL,80.50,,,0,0,2025,2025-07
2025-07-30,2025,R,641302,547180,CH,Changeup,double,hit_into_play,L,L,CWS,PHI,83.80,80.90,18,3,2,2025,2025-07
2025-07-30,2025,R,641302,547180,CH,Changeup,,ball,L,L,CWS,PHI,83.30,,,2,2,2025,2025-07
2025-07-30,2025,R,641302,547180,FF,4-Seam Fastball,,ball,L,L,CWS,PHI,90.30,,,1,2,2025,2025-07
2025-07-30,2025,R,641302,547180,FF,4-Seam Fastball,,ball,L,L,CWS,PHI,89.60,,,0,2,2025,2025-07
2025-07-30,2025,R,641302,547180,CH,Changeup,,swinging_strike,L,L,CWS,PHI,83.30,,,0,1,2025,2025-07
2025-07-30,2025,R,641302,547180,ST,Sweeper,,swinging_strike,L,L,CWS,PHI,80.10,,,0,0,2025,2025-07
2025-07-30,2025,R,641302,547180,SI,Sinker,field_out,hit_into_play,L,L,CWS,PHI,91.40,107.80,14,0,0,2025,2025-07
2025-07-30,2025,R,641302,592206,CH,Changeup,single,hit_into_play,R,L,CWS,PHI,83.20,107.20,7,0,1,2025,2025-07
2025-07-30,2025,R,641302,592206,CH,Changeup,,swinging_strike,R,L,CWS,PHI,83.60,,,0,0,2025,2025-07
2025-07-30,2025,R,641302,592206,FF,4-Seam Fastball,strikeout,swinging_strike,R,L,CWS,PHI,90.30,,,0,2,2025,2025-07
2025-07-30,2025,R,641302,592206,FF,4-Seam Fastball,,foul,R,L,CWS,PHI,90.00,73.10,20,0,2,2025,2025-07
2025-07-30,2025,R,641302,592206,CH,Changeup,,foul,R,L,CWS,PHI,82.90,59.80,-40,0,1,2025,2025-07
2025-07-30,2025,R,641302,592206,SI,Sinker,,called_strike,R,L,CWS,PHI,88.90,,,0,0,2025,2025-07
2025-07-30,2025,R,641302,607208,SI,Sinker,field_out,hit_into_play,R,L,CWS,PHI,90.80,89.10,58,1,0,2025,2025-07
2025-07-30,2025,R,641302,607208,SI,Sinker,,ball,R,L,CWS,PHI,90.20,,,0,0,2025,2025-07
2025-07-30,2025,R,641302,607208,CH,Changeup,field_out,hit_into_play,R,L,CWS,PHI,82.90,68.20,-22,2,1,2025,2025-07
2025-07-30,2025,R,641302,607208,SI,Sinker,,foul,R,L,CWS,PHI,90.60,80.50,80,2,0,2025,2025-07
2025-07-30,2025,R,641302,607208,FC,Cutter,,ball,R,L,CWS,PHI,86.90,,,1,0,2025,2025-07
2025-07-30,2025,R,641302,607208,SI,Sinker,,ball,R,L,CWS,PHI,90.70,,,0,0,2025,2025-07
2025-07-30,2025,R,641302,656941,ST,Sweeper,field_out,hit_into_play,L,L,CWS,PHI,80.20,95.70,46,1,2,2025,2025-07
2025-07-30,2025,R,641302,656941,FF,4-Seam Fastball,,ball,L,L,CWS,PHI,90.50,,,0,2,2025,2025-07
2025-07-30,2025,R,641302,656941,FF,4-Seam Fastball,,foul,L,L,CWS,PHI,90.70,76.60,9,0,1,2025,2025-07
2025-07-30,2025,R,641302,656941,FC,Cutter,,swinging_strike,L,L,CWS,PHI,87.20,,,0,0,2025,2025-07
2025-07-30,2025,R,641302,656941,FF,4-Seam Fastball,field_out,hit_into_play,L,L,CWS,PHI,90.30,94.20,79,1,2,2025,2025-07
2025-07-30,2025,R,641302,656941,CH,Changeup,,foul,L,L,CWS,PHI,83.70,68.40,-45,1,2,2025,2025-07
2025-07-30,2025,R,641302,656941,ST,Sweeper,,foul,L,L,CWS,PHI,81.50,94.30,34,1,2,2025,2025-07
2025-07-30,2025,R,641302,656941,ST,Sweeper,,ball,L,L,CWS,PHI,81.30,,,0,2,2025,2025-07
2025-07-30,2025,R,641302,656941,FF,4-Seam Fastball,,foul,L,L,CWS,PHI,91.30,75.90,56,0,1,2025,2025-07
2025-07-30,2025,R,641302,656941,ST,Sweeper,,foul,L,L,CWS,PHI,80.60,64.70,53,0,0,2025,2025-07
2025-07-30,2025,R,641302,665561,CH,Changeup,walk,ball,R,L,CWS,PHI,83.00,,,3,2,2025,2025-07
2025-07-30,2025,R,641302,665561,FF,4-Seam Fastball,,ball,R,L,CWS,PHI,90.30,,,2,2,2025,2025-07
2025-07-30,2025,R,641302,665561,FC,Cutter,,foul,R,L,CWS,PHI,87.30,70.90,50,2,1,2025,2025-07
2025-07-30,2025,R,641302,665561,CH,Changeup,,ball,R,L,CWS,PHI,83.70,,,1,1,2025,2025-07
2025-07-30,2025,R,641302,665561,FC,Cutter,,called_strike,R,L,CWS,PHI,88.00,,,1,0,2025,2025-07
2025-07-30,2025,R,641302,665561,SI,Sinker,,ball,R,L,CWS,PHI,90.90,,,0,0,2025,2025-07
2025-07-30,2025,R,641302,669016,SI,Sinker,single,hit_into_play,L,L,CWS,PHI,90.30,96.00,-9,0,0,2025,2025-07
2025-07-30,2025,R,641302,669016,FF,4-Seam Fastball,strikeout,foul_tip,L,L,CWS,PHI,90.10,,,1,2,2025,2025-07
2025-07-30,2025,R,641302,669016,ST,Sweeper,,called_strike,L,L,CWS,PHI,80.30,,,1,1,2025,2025-07
2025-07-30,2025,R,641302,669016,ST,Sweeper,,ball,L,L,CWS,PHI,80.10,,,0,1,2025,2025-07
2025-07-30,2025,R,641302,669016,SI,Sinker,,called_strike,L,L,CWS,PHI,90.20,,,0,0,2025,2025-07
2025-07-30,2025,R,641302,679032,CH,Changeup,field_out,hit_into_play,R,L,CWS,PHI,83.00,32.10,-83,0,0,2025,2025-07
2025-07-30,2025,R,641302,681082,FF,4-Seam Fastball,strikeout,foul_tip,L,L,CWS,PHI,91.10,,,2,2,2025,2025-07
2025-07-30,2025,R,641302,681082,FF,4-Seam Fastball,,ball,L,L,CWS,PHI,90.50,,,1,2,2025,2025-07
2025-07-30,2025,R,641302,681082,CH,Changeup,,foul,L,L,CWS,PHI,83.60,72.70,40,1,2,2025,2025-07
2025-07-30,2025,R,641302,681082,ST,Sweeper,,foul,L,L,CWS,PHI,79.50,72.90,57,1,2,2025,2025-07
2025-07-30,2025,R,641302,681082,ST,Sweeper,,ball,L,L,CWS,PHI,81.70,,,0,2,2025,2025-07
2025-07-30,2025,R,641302,681082,SI,Sinker,,foul,L,L,CWS,PHI,90.10,63.00,44,0,1,2025,2025-07
2025-07-30,2025,R,641302,681082,SI,Sinker,,called_strike,L,L,CWS,PHI,89.70,,,0,0,2025,2025-07
2025-07-30,2025,R,641302,805249,FC,Cutter,field_out,hit_into_play,R,L,CWS,PHI,86.40,99.80,23,0,0,2025,2025-07
2025-07-30,2025,R,641329,519317,FF,4-Seam Fastball,single,hit_into_play,R,R,NYY,TB,97.10,64.60,17,2,2,2025,2025-07
2025-07-30,2025,R,641329,519317,SL,Slider,,called_strike,R,R,NYY,TB,92.10,,,2,1,2025,2025-07
2025-07-30,2025,R,641329,519317,FF,4-Seam Fastball,,foul,R,R,NYY,TB,97.30,96.50,43,2,0,2025,2025-07
2025-07-30,2025,R,641329,519317,FF,4-Seam Fastball,,ball,R,R,NYY,TB,96.80,,,1,0,2025,2025-07
2025-07-30,2025,R,641329,519317,FF,4-Seam Fastball,,ball,R,R,NYY,TB,96.50,,,0,0,2025,2025-07
2025-07-30,2025,R,641329,641355,CH,Changeup,single,hit_into_play,L,R,NYY,TB,87.00,79.00,14,2,2,2025,2025-07
2025-07-30,2025,R,641329,641355,FF,4-Seam Fastball,,foul,L,R,NYY,TB,96.50,78.70,80,2,2,2025,2025-07
2025-07-30,2025,R,641329,641355,CH,Changeup,,ball,L,R,NYY,TB,88.00,,,1,2,2025,2025-07
2025-07-30,2025,R,641329,641355,FF,4-Seam Fastball,,foul,L,R,NYY,TB,96.70,65.10,62,1,1,2025,2025-07
2025-07-30,2025,R,641329,641355,CH,Changeup,,blocked_ball,L,R,NYY,TB,88.00,,,0,1,2025,2025-07
2025-07-30,2025,R,641329,641355,FF,4-Seam Fastball,,called_strike,L,R,NYY,TB,97.20,,,0,0,2025,2025-07
2025-07-30,2025,R,641329,663757,SL,Slider,home_run,hit_into_play,L,R,NYY,TB,85.00,100.40,30,2,1,2025,2025-07
2025-07-30,2025,R,641329,663757,FF,4-Seam Fastball,,foul,L,R,NYY,TB,96.80,81.20,80,2,0,2025,2025-07
2025-07-30,2025,R,641329,663757,FF,4-Seam Fastball,,ball,L,R,NYY,TB,96.20,,,1,0,2025,2025-07
2025-07-30,2025,R,641329,663757,SL,Slider,,ball,L,R,NYY,TB,88.40,,,0,0,2025,2025-07
2025-07-30,2025,R,641329,665862,CH,Changeup,field_out,hit_into_play,L,R,NYY,TB,86.70,80.80,59,0,2,2025,2025-07
2025-07-30,2025,R,641329,665862,FF,4-Seam Fastball,,called_strike,L,R,NYY,TB,96.80,,,0,1,2025,2025-07
2025-07-30,2025,R,641329,665862,CH,Changeup,,foul,L,R,NYY,TB,83.70,34.80,-21,0,0,2025,2025-07
2025-07-30,2025,R,641329,691176,FF,4-Seam Fastball,grounded_into_double_play,hit_into_play,L,R,NYY,TB,94.50,102.60,-15,2,0,2025,2025-07
2025-07-30,2025,R,641329,691176,CH,Changeup,,blocked_ball,L,R,NYY,TB,84.20,,,1,0,2025,2025-07
2025-07-30,2025,R,641329,691176,CH,Changeup,,ball,L,R,NYY,TB,84.00,,,0,0,2025,2025-07
2025-07-30,2025,R,641329,700250,FF,4-Seam Fastball,single,hit_into_play,L,R,NYY,TB,96.70,103.60,-2,1,0,2025,2025-07
2025-07-30,2025,R,641329,700250,CH,Changeup,,ball,L,R,NYY,TB,82.60,,,0,0,2025,2025-07
2025-07-30,2025,R,641745,592885,FF,4-Seam Fastball,strikeout,swinging_strike,L,R,MIL,CHC,98.80,,,1,2,2025,2025-07
2025-07-30,2025,R,641745,592885,SL,Slider,,ball,L,R,MIL,CHC,89.00,,,0,2,2025,2025-07
2025-07-30,2025,R,641745,592885,CH,Changeup,,called_strike,L,R,MIL,CHC,94.00,,,0,1,2025,2025-07
2025-07-30,2025,R,641745,592885,FF,4-Seam Fastball,,called_strike,L,R,MIL,CHC,96.60,,,0,0,2025,2025-07
2025-07-30,2025,R,641745,661388,ST,Sweeper,field_out,hit_into_play,R,R,MIL,CHC,86.10,98.20,-14,1,1,2025,2025-07
2025-07-30,2025,R,641745,661388,SI,Sinker,,ball,R,R,MIL,CHC,96.50,,,0,1,2025,2025-07
2025-07-30,2025,R,641745,661388,SL,Slider,,called_strike,R,R,MIL,CHC,88.40,,,0,0,2025,2025-07
2025-07-30,2025,R,641745,663368,FF,4-Seam Fastball,single,hit_into_play,L,R,MIL,CHC,98.60,93.60,-17,2,2,2025,2025-07
2025-07-30,2025,R,641745,663368,SL,Slider,,ball,L,R,MIL,CHC,88.10,,,1,2,2025,2025-07
2025-07-30,2025,R,641745,663368,FF,4-Seam Fastball,,foul,L,R,MIL,CHC,97.80,80.00,48,1,1,2025,2025-07
2025-07-30,2025,R,641745,663368,FF,4-Seam Fastball,,foul,L,R,MIL,CHC,97.10,87.50,47,1,0,2025,2025-07
2025-07-30,2025,R,641745,663368,SL,Slider,,ball,L,R,MIL,CHC,87.20,,,0,0,2025,2025-07
2025-07-30,2025,R,641745,668930,CH,Changeup,field_out,hit_into_play,L,R,MIL,CHC,92.30,67.50,7,2,2,2025,2025-07
2025-07-30,2025,R,641745,668930,SL,Slider,,called_strike,L,R,MIL,CHC,87.40,,,2,1,2025,2025-07
2025-07-30,2025,R,641745,668930,CH,Changeup,,ball,L,R,MIL,CHC,94.30,,,1,1,2025,2025-07
2025-07-30,2025,R,641745,668930,FF,4-Seam Fastball,,ball,L,R,MIL,CHC,96.10,,,0,1,2025,2025-07
2025-07-30,2025,R,641745,668930,FF,4-Seam Fastball,,foul,L,R,MIL,CHC,97.10,78.90,27,0,0,2025,2025-07
2025-07-30,2025,R,641745,678011,FF,4-Seam Fastball,field_out,hit_into_play,L,R,MIL,CHC,98.30,70.10,42,0,2,2025,2025-07
2025-07-30,2025,R,641745,678011,FF,4-Seam Fastball,,foul,L,R,MIL,CHC,98.20,73.40,50,0,1,2025,2025-07
2025-07-30,2025,R,641745,678011,CH,Changeup,,called_strike,L,R,MIL,CHC,91.80,,,0,0,2025,2025-07
2025-07-30,2025,R,641745,683734,FF,4-Seam Fastball,field_out,hit_into_play,R,R,MIL,CHC,97.30,98.10,-22,1,0,2025,2025-07
2025-07-30,2025,R,641745,683734,SI,Sinker,,ball,R,R,MIL,CHC,96.40,,,0,0,2025,2025-07
2025-07-30,2025,R,641745,702332,SI,Sinker,field_out,hit_into_play,R,R,MIL,CHC,96.50,80.40,-5,2,1,2025,2025-07
2025-07-30,2025,R,641745,702332,SL,Slider,,ball,R,R,MIL,CHC,86.80,,,1,1,2025,2025-07
2025-07-30,2025,R,641745,702332,SI,Sinker,,ball,R,R,MIL,CHC,96.60,,,0,1,2025,2025-07
2025-07-30,2025,R,641745,702332,SI,Sinker,,called_strike,R,R,MIL,CHC,95.80,,,0,0,2025,2025-07
2025-07-30,2025,R,641793,519317,SL,Slider,field_out,hit_into_play,R,R,NYY,TB,87.20,101.60,20,3,2,2025,2025-07
2025-07-30,2025,R,641793,519317,SI,Sinker,,ball,R,R,NYY,TB,91.50,,,2,2,2025,2025-07
2025-07-30,2025,R,641793,519317,ST,Sweeper,,ball,R,R,NYY,TB,79.00,,,1,2,2025,2025-07
2025-07-30,2025,R,641793,519317,SL,Slider,,swinging_strike,R,R,NYY,TB,85.90,,,1,1,2025,2025-07
2025-07-30,2025,R,641793,519317,FS,Split-Finger,,ball,R,R,NYY,TB,83.10,,,0,1,2025,2025-07
2025-07-30,2025,R,641793,519317,FF,4-Seam Fastball,,foul,R,R,NYY,TB,90.30,71.60,27,0,0,2025,2025-07
2025-07-30,2025,R,641793,519317,SL,Slider,strikeout,called_strike,R,R,NYY,TB,86.90,,,1,2,2025,2025-07
2025-07-30,2025,R,641793,519317,FS,Split-Finger,,foul,R,R,NYY,TB,83.20,82.20,85,1,2,2025,2025-07
2025-07-30,2025,R,641793,519317,FS,Split-Finger,,foul,R,R,NYY,TB,83.50,78.90,79,1,2,2025,2025-07
2025-07-30,2025,R,641793,519317,ST,Sweeper,,ball,R,R,NYY,TB,80.50,,,0,2,2025,2025-07
2025-07-30,2025,R,641793,519317,SI,Sinker,,foul,R,R,NYY,TB,91.00,94.60,-13,0,1,2025,2025-07
2025-07-30,2025,R,641793,519317,SL,Slider,,called_strike,R,R,NYY,TB,86.50,,,0,0,2025,2025-07
2025-07-30,2025,R,641793,641355,FS,Split-Finger,field_out,hit_into_play,L,R,NYY,TB,82.80,89.10,23,0,0,2025,2025-07
2025-07-30,2025,R,641793,641355,FF,4-Seam Fastball,field_out,hit_into_play,L,R,NYY,TB,94.00,91.90,-9,1,2,2025,2025-07
2025-07-30,2025,R,641793,641355,FF,4-Seam Fastball,,swinging_strike,L,R,NYY,TB,93.40,,,1,1,2025,2025-07
2025-07-30,2025,R,641793,641355,FF,4-Seam Fastball,,called_strike,L,R,NYY,TB,93.20,,,1,0,2025,2025-07
2025-07-30,2025,R,641793,641355,SL,Slider,,ball,L,R,NYY,TB,87.40,,,0,0,2025,2025-07
2025-07-30,2025,R,641793,641355,FS,Split-Finger,field_out,hit_into_play,L,R,NYY,TB,83.30,84.60,61,1,0,2025,2025-07
2025-07-30,2025,R,641793,641355,SL,Slider,,ball,L,R,NYY,TB,87.70,,,0,0,2025,2025-07
2025-07-30,2025,R,641793,641857,SI,Sinker,walk,ball,L,R,NYY,TB,92.90,,,3,2,2025,2025-07
2025-07-30,2025,R,641793,641857,FS,Split-Finger,,foul,L,R,NYY,TB,83.70,66.60,-32,3,1,2025,2025-07
2025-07-30,2025,R,641793,641857,SL,Slider,,called_strike,L,R,NYY,TB,87.20,,,3,0,2025,2025-07
2025-07-30,2025,R,641793,641857,FF,4-Seam Fastball,,ball,L,R,NYY,TB,92.90,,,2,0,2025,2025-07
2025-07-30,2025,R,641793,641857,SL,Slider,,ball,L,R,NYY,TB,86.70,,,1,0,2025,2025-07
2025-07-30,2025,R,641793,641857,FS,Split-Finger,,ball,L,R,NYY,TB,82.80,,,0,0,2025,2025-07
2025-07-30,2025,R,641793,641857,SL,Slider,double,hit_into_play,L,R,NYY,TB,85.50,103.50,14,1,2,2025,2025-07
2025-07-30,2025,R,641793,641857,SI,Sinker,,foul,L,R,NYY,TB,91.50,72.40,61,1,2,2025,2025-07
2025-07-30,2025,R,641793,641857,FF,4-Seam Fastball,,ball,L,R,NYY,TB,92.10,,,0,2,2025,2025-07
2025-07-30,2025,R,641793,641857,SI,Sinker,,called_strike,L,R,NYY,TB,90.40,,,0,1,2025,2025-07
2025-07-30,2025,R,641793,641857,SL,Slider,,called_strike,L,R,NYY,TB,85.30,,,0,0,2025,2025-07
2025-07-30,2025,R,641793,663757,SL,Slider,strikeout,called_strike,L,R,NYY,TB,85.60,,,2,2,2025,2025-07
2025-07-30,2025,R,641793,663757,FF,4-Seam Fastball,,ball,L,R,NYY,TB,92.60,,,1,2,2025,2025-07
2025-07-30,2025,R,641793,663757,FS,Split-Finger,,foul,L,R,NYY,TB,83.00,82.80,63,1,1,2025,2025-07
2025-07-30,2025,R,641793,663757,FF,4-Seam Fastball,,foul,L,R,NYY,TB,90.30,88.80,12,1,0,2025,2025-07
2025-07-30,2025,R,641793,663757,FF,4-Seam Fastball,,ball,L,R,NYY,TB,89.80,,,0,0,2025,2025-07
2025-07-30,2025,R,641793,663757,SI,Sinker,walk,ball,L,R,NYY,TB,93.60,,,3,2,2025,2025-07
2025-07-30,2025,R,641793,663757,FS,Split-Finger,,ball,L,R,NYY,TB,83.10,,,2,2,2025,2025-07
2025-07-30,2025,R,641793,663757,FS,Split-Finger,,called_strike,L,R,NYY,TB,82.60,,,2,1,2025,2025-07
2025-07-30,2025,R,641793,663757,FF,4-Seam Fastball,,ball,L,R,NYY,TB,92.80,,,1,1,2025,2025-07
2025-07-30,2025,R,641793,663757,FS,Split-Finger,,blocked_ball,L,R,NYY,TB,82.90,,,0,1,2025,2025-07
2025-07-30,2025,R,641793,663757,SL,Slider,,foul_tip,L,R,NYY,TB,86.10,,,0,0,2025,2025-07
2025-07-30,2025,R,641793,663757,FS,Split-Finger,field_out,hit_into_play,L,R,NYY,TB,84.20,95.40,32,0,1,2025,2025-07
2025-07-30,2025,R,641793,663757,FF,4-Seam Fastball,,foul,L,R,NYY,TB,91.90,73.20,47,0,0,2025,2025-07
2025-07-30,2025,R,641793,665862,FS,Split-Finger,single,hit_into_play,L,R,NYY,TB,82.40,106.20,16,1,2,2025,2025-07
2025-07-30,2025,R,641793,665862,SL,Slider,,foul,L,R,NYY,TB,86.50,101.30,52,1,1,2025,2025-07
2025-07-30,2025,R,641793,665862,SL,Slider,,called_strike,L,R,NYY,TB,86.20,,,1,0,2025,2025-07
2025-07-30,2025,R,641793,665862,FS,Split-Finger,,ball,L,R,NYY,TB,82.40,,,0,0,2025,2025-07
2025-07-30,2025,R,641793,665862,SL,Slider,strikeout,swinging_strike,L,R,NYY,TB,86.60,,,0,2,2025,2025-07
2025-07-30,2025,R,641793,665862,FS,Split-Finger,,foul,L,R,NYY,TB,83.60,,,0,2,2025,2025-07
2025-07-30,2025,R,641793,665862,SI,Sinker,,foul,L,R,NYY,TB,92.10,91.30,39,0,2,2025,2025-07
2025-07-30,2025,R,641793,665862,FS,Split-Finger,,foul,L,R,NYY,TB,83.20,63.40,-37,0,2,2025,2025-07
2025-07-30,2025,R,641793,665862,FS,Split-Finger,,foul,L,R,NYY,TB,83.20,69.20,56,0,1,2025,2025-07
2025-07-30,2025,R,641793,665862,SL,Slider,,swinging_strike,L,R,NYY,TB,86.60,,,0,0,2025,2025-07
2025-07-30,2025,R,641793,669224,SL,Slider,field_out,hit_into_play,L,R,NYY,TB,86.10,85.40,51,0,0,2025,2025-07
2025-07-30,2025,R,641793,669224,FF,4-Seam Fastball,strikeout,swinging_strike,L,R,NYY,TB,93.20,,,1,2,2025,2025-07
2025-07-30,2025,R,641793,669224,FS,Split-Finger,,ball,L,R,NYY,TB,84.60,,,0,2,2025,2025-07
2025-07-30,2025,R,641793,669224,FF,4-Seam Fastball,,swinging_strike,L,R,NYY,TB,93.10,,,0,1,2025,2025-07
2025-07-30,2025,R,641793,669224,FS,Split-Finger,,swinging_strike,L,R,NYY,TB,83.50,,,0,0,2025,2025-07
2025-07-30,2025,R,641793,683011,FF,4-Seam Fastball,field_out,hit_into_play,R,R,NYY,TB,92.60,99.20,35,1,1,2025,2025-07
2025-07-30,2025,R,641793,683011,SI,Sinker,,foul_tip,R,R,NYY,TB,90.60,,,1,0,2025,2025-07
2025-07-30,2025,R,641793,683011,SI,Sinker,,ball,R,R,NYY,TB,91.90,,,0,0,2025,2025-07
2025-07-30,2025,R,641793,683011,SI,Sinker,field_out,hit_into_play,R,R,NYY,TB,92.20,86.90,62,1,1,2025,2025-07
2025-07-30,2025,R,641793,683011,FF,4-Seam Fastball,,foul,R,R,NYY,TB,91.80,81.50,44,1,0,2025,2025-07
2025-07-30,2025,R,641793,683011,FF,4-Seam Fastball,,ball,R,R,NYY,TB,91.50,,,0,0,2025,2025-07
2025-07-30,2025,R,641793,691176,SI,Sinker,field_out,hit_into_play,L,R,NYY,TB,92.50,91.10,35,2,2,2025,2025-07
2025-07-30,2025,R,641793,691176,FF,4-Seam Fastball,,foul,L,R,NYY,TB,92.80,73.80,21,2,2,2025,2025-07
2025-07-30,2025,R,641793,691176,FS,Split-Finger,,foul,L,R,NYY,TB,84.40,63.30,16,2,2,2025,2025-07
2025-07-30,2025,R,641793,691176,FS,Split-Finger,,ball,L,R,NYY,TB,82.60,,,1,2,2025,2025-07
2025-07-30,2025,R,641793,691176,FF,4-Seam Fastball,,ball,L,R,NYY,TB,91.10,,,0,2,2025,2025-07
2025-07-30,2025,R,641793,691176,SL,Slider,,foul,L,R,NYY,TB,86.10,78.80,79,0,1,2025,2025-07
2025-07-30,2025,R,641793,691176,SL,Slider,,swinging_strike,L,R,NYY,TB,87.50,,,0,0,2025,2025-07
2025-07-30,2025,R,641793,691176,SL,Slider,field_out,hit_into_play,L,R,NYY,TB,88.60,109.60,13,0,1,2025,2025-07
2025-07-30,2025,R,641793,691176,FF,4-Seam Fastball,,called_strike,L,R,NYY,TB,93.00,,,0,0,2025,2025-07
2025-07-30,2025,R,641793,700250,SL,Slider,walk,blocked_ball,L,R,NYY,TB,87.30,,,3,2,2025,2025-07
2025-07-30,2025,R,641793,700250,FF,4-Seam Fastball,,ball,L,R,NYY,TB,93.10,,,2,2,2025,2025-07
2025-07-30,2025,R,641793,700250,ST,Sweeper,,foul,L,R,NYY,TB,80.80,85.90,-14,2,2,2025,2025-07
2025-07-30,2025,R,641793,700250,FS,Split-Finger,,foul,L,R,NYY,TB,82.60,67.10,-51,2,1,2025,2025-07
2025-07-30,2025,R,641793,700250,SI,Sinker,,ball,L,R,NYY,TB,90.90,,,1,1,2025,2025-07
2025-07-30,2025,R,641793,700250,SL,Slider,,foul,L,R,NYY,TB,86.00,97.70,-16,1,0,2025,2025-07
2025-07-30,2025,R,641793,700250,ST,Sweeper,,ball,L,R,NYY,TB,79.10,,,0,0,2025,2025-07
2025-07-30,2025,R,641793,700250,FS,Split-Finger,walk,ball,L,R,NYY,TB,85.70,,,3,2,2025,2025-07
2025-07-30,2025,R,641793,700250,SL,Slider,,foul,L,R,NYY,TB,86.90,70.00,-34,3,2,2025,2025-07
2025-07-30,2025,R,641793,700250,SL,Slider,,foul,L,R,NYY,TB,88.20,79.20,77,3,2,2025,2025-07
2025-07-30,2025,R,641793,700250,FF,4-Seam Fastball,,foul,L,R,NYY,TB,95.20,88.70,85,3,2,2025,2025-07
2025-07-30,2025,R,641793,700250,FS,Split-Finger,,foul,L,R,NYY,TB,84.80,109.20,-16,3,2,2025,2025-07
2025-07-30,2025,R,641793,700250,SL,Slider,,foul,L,R,NYY,TB,88.70,79.10,71,3,2,2025,2025-07
2025-07-30,2025,R,641793,700250,FS,Split-Finger,,ball,L,R,NYY,TB,84.60,,,2,2,2025,2025-07
2025-07-30,2025,R,641793,700250,FS,Split-Finger,,swinging_strike_blocked,L,R,NYY,TB,84.50,,,2,1,2025,2025-07
2025-07-30,2025,R,641793,700250,FS,Split-Finger,,ball,L,R,NYY,TB,84.00,,,1,1,2025,2025-07
2025-07-30,2025,R,641793,700250,FS,Split-Finger,,ball,L,R,NYY,TB,83.80,,,0,1,2025,2025-07
2025-07-30,2025,R,641793,700250,FS,Split-Finger,,called_strike,L,R,NYY,TB,84.00,,,0,0,2025,2025-07
2025-07-30,2025,R,641793,700250,SL,Slider,field_out,hit_into_play,L,R,NYY,TB,86.50,99.90,33,2,0,2025,2025-07
2025-07-30,2025,R,641793,700250,SL,Slider,,ball,L,R,NYY,TB,88.00,,,1,0,2025,2025-07
2025-07-30,2025,R,641793,700250,FF,4-Seam Fastball,,ball,L,R,NYY,TB,92.00,,,0,0,2025,2025-07
2025-07-30,2025,R,642100,671732,FF,4-Seam Fastball,strikeout,swinging_strike,L,L,ATH,SEA,94.00,,,0,2,2025,2025-07
2025-07-30,2025,R,642100,671732,SI,Sinker,,foul,L,L,ATH,SEA,93.30,74.40,14,0,1,2025,2025-07
2025-07-30,2025,R,642100,671732,SI,Sinker,,called_strike,L,L,ATH,SEA,94.40,,,0,0,2025,2025-07
2025-07-30,2025,R,642100,701762,FF,4-Seam Fastball,strikeout,foul_tip,L,L,ATH,SEA,95.00,,,1,2,2025,2025-07
2025-07-30,2025,R,642100,701762,FF,4-Seam Fastball,,ball,L,L,ATH,SEA,94.90,,,0,2,2025,2025-07
2025-07-30,2025,R,642100,701762,SL,Slider,,called_strike,L,L,ATH,SEA,82.20,,,0,1,2025,2025-07
2025-07-30,2025,R,642100,701762,SI,Sinker,,foul,L,L,ATH,SEA,94.40,87.70,-26,0,0,2025,2025-07
2025-07-30,2025,R,642207,642136,CH,Changeup,field_out,hit_into_play,L,R,NYY,TB,83.30,90.10,-11,0,0,2025,2025-07
2025-07-30,2025,R,642207,663968,FF,4-Seam Fastball,field_out,hit_into_play,L,R,NYY,TB,93.80,90.00,-23,0,1,2025,2025-07
2025-07-30,2025,R,642207,663968,FF,4-Seam Fastball,,foul,L,R,NYY,TB,93.40,72.80,22,0,0,2025,2025-07
2025-07-30,2025,R,642207,666139,CH,Changeup,home_run,hit_into_play,L,R,NYY,TB,81.50,107.00,38,2,0,2025,2025-07
2025-07-30,2025,R,642207,666139,CH,Changeup,,ball,L,R,NYY,TB,83.40,,,1,0,2025,2025-07
2025-07-30,2025,R,642207,666139,FF,4-Seam Fastball,,ball,L,R,NYY,TB,94.20,,,0,0,2025,2025-07
2025-07-30,2025,R,642207,670764,FF,4-Seam Fastball,field_out,hit_into_play,L,R,NYY,TB,92.50,96.00,38,3,1,2025,2025-07
2025-07-30,2025,R,642207,670764,FF,4-Seam Fastball,,called_strike,L,R,NYY,TB,92.20,,,3,0,2025,2025-07
2025-07-30,2025,R,642207,670764,FF,4-Seam Fastball,,ball,L,R,NYY,TB,93.10,,,2,0,2025,2025-07
2025-07-30,2025,R,642207,670764,FF,4-Seam Fastball,,ball,L,R,NYY,TB,93.20,,,1,0,2025,2025-07
2025-07-30,2025,R,642207,670764,FF,4-Seam Fastball,,ball,L,R,NYY,TB,94.20,,,0,0,2025,2025-07
2025-07-30,2025,R,642207,691406,FF,4-Seam Fastball,walk,ball,R,R,NYY,TB,93.40,,,3,2,2025,2025-07
2025-07-30,2025,R,642207,691406,CH,Changeup,,foul,R,R,NYY,TB,83.40,68.30,-47,3,2,2025,2025-07
2025-07-30,2025,R,642207,691406,CH,Changeup,,ball,R,R,NYY,TB,84.50,,,2,2,2025,2025-07
2025-07-30,2025,R,642207,691406,CH,Changeup,,foul,R,R,NYY,TB,82.80,81.00,-37,2,2,2025,2025-07
2025-07-30,2025,R,642207,691406,FF,4-Seam Fastball,,ball,R,R,NYY,TB,94.20,,,1,2,2025,2025-07
2025-07-30,2025,R,642207,691406,CH,Changeup,,swinging_strike,R,R,NYY,TB,82.50,,,1,1,2025,2025-07
2025-07-30,2025,R,642207,691406,CH,Changeup,,swinging_strike,R,R,NYY,TB,80.50,,,1,0,2025,2025-07
2025-07-30,2025,R,642207,691406,FF,4-Seam Fastball,,ball,R,R,NYY,TB,93.40,,,0,0,2025,2025-07
2025-07-30,2025,R,642547,608348,FF,4-Seam Fastball,fielders_choice_out,hit_into_play,R,R,MIL,CHC,94.90,83.80,-4,0,1,2025,2025-07
2025-07-30,2025,R,642547,608348,SL,Slider,,swinging_strike,R,R,MIL,CHC,85.50,,,0,0,2025,2025-07
2025-07-30,2025,R,642547,608348,FF,4-Seam Fastball,field_out,hit_into_play,R,R,MIL,CHC,95.30,88.10,72,1,2,2025,2025-07
2025-07-30,2025,R,642547,608348,SL,Slider,,blocked_ball,R,R,MIL,CHC,84.20,,,0,2,2025,2025-07
2025-07-30,2025,R,642547,608348,FF,4-Seam Fastball,,foul,R,R,MIL,CHC,94.90,77.00,73,0,2,2025,2025-07
2025-07-30,2025,R,642547,608348,FF,4-Seam Fastball,,called_strike,R,R,MIL,CHC,96.60,,,0,1,2025,2025-07
2025-07-30,2025,R,642547,608348,FF,4-Seam Fastball,,called_strike,R,R,MIL,CHC,93.90,,,0,0,2025,2025-07
2025-07-30,2025,R,642547,621020,SL,Slider,field_out,hit_into_play,R,R,MIL,CHC,85.10,51.80,-85,0,1,2025,2025-07
2025-07-30,2025,R,642547,621020,FF,4-Seam Fastball,,swinging_strike,R,R,MIL,CHC,96.70,,,0,0,2025,2025-07
2025-07-30,2025,R,642547,621020,FF,4-Seam Fastball,field_out,hit_into_play,R,R,MIL,CHC,95.50,90.60,25,0,0,2025,2025-07
2025-07-30,2025,R,642547,663538,SL,Slider,walk,ball,R,R,MIL,CHC,85.40,,,3,2,2025,2025-07
2025-07-30,2025,R,642547,663538,CH,Changeup,,swinging_strike,R,R,MIL,CHC,89.60,,,3,1,2025,2025-07
2025-07-30,2025,R,642547,663538,FF,4-Seam Fastball,,ball,R,R,MIL,CHC,95.00,,,2,1,2025,2025-07
2025-07-30,2025,R,642547,663538,FF,4-Seam Fastball,,ball,R,R,MIL,CHC,96.50,,,1,1,2025,2025-07
2025-07-30,2025,R,642547,663538,FF,4-Seam Fastball,,ball,R,R,MIL,CHC,96.70,,,0,1,2025,2025-07
2025-07-30,2025,R,642547,663538,SL,Slider,,called_strike,R,R,MIL,CHC,85.70,,,0,0,2025,2025-07
2025-07-30,2025,R,642547,663538,CH,Changeup,strikeout,swinging_strike,R,R,MIL,CHC,89.60,,,2,2,2025,2025-07
2025-07-30,2025,R,642547,663538,FF,4-Seam Fastball,,foul,R,R,MIL,CHC,96.40,76.30,16,2,2,2025,2025-07
2025-07-30,2025,R,642547,663538,CS,Slow Curve,,blocked_ball,R,R,MIL,CHC,76.90,,,1,2,2025,2025-07
2025-07-30,2025,R,642547,663538,FF,4-Seam Fastball,,foul,R,R,MIL,CHC,95.60,28.60,20,1,2,2025,2025-07
2025-07-30,2025,R,642547,663538,SL,Slider,,foul,R,R,MIL,CHC,84.30,59.90,54,1,2,2025,2025-07
2025-07-30,2025,R,642547,663538,CH,Changeup,,blocked_ball,R,R,MIL,CHC,89.70,,,0,2,2025,2025-07
2025-07-30,2025,R,642547,663538,FF,4-Seam Fastball,,called_strike,R,R,MIL,CHC,95.40,,,0,1,2025,2025-07
2025-07-30,2025,R,642547,663538,CH,Changeup,,swinging_strike,R,R,MIL,CHC,90.00,,,0,0,2025,2025-07
2025-07-30,2025,R,642547,663656,FF,4-Seam Fastball,walk,ball,L,R,MIL,CHC,92.90,,,3,2,2025,2025-07
2025-07-30,2025,R,642547,663656,CU,Curveball,,foul,L,R,MIL,CHC,80.10,63.50,25,3,2,2025,2025-07
2025-07-30,2025,R,642547,663656,CU,Curveball,,called_strike,L,R,MIL,CHC,79.50,,,3,1,2025,2025-07
2025-07-30,2025,R,642547,663656,FF,4-Seam Fastball,,ball,L,R,MIL,CHC,94.10,,,2,1,2025,2025-07
2025-07-30,2025,R,642547,663656,FF,4-Seam Fastball,,ball,L,R,MIL,CHC,94.50,,,1,1,2025,2025-07
2025-07-30,2025,R,642547,663656,CU,Curveball,,foul,L,R,MIL,CHC,79.70,95.00,6,1,0,2025,2025-07
2025-07-30,2025,R,642547,663656,CH,Changeup,,ball,L,R,MIL,CHC,86.80,,,0,0,2025,2025-07
2025-07-30,2025,R,642547,663656,FF,4-Seam Fastball,single,hit_into_play,L,R,MIL,CHC,95.10,104.10,13,2,2,2025,2025-07
2025-07-30,2025,R,642547,663656,CU,Curveball,,called_strike,L,R,MIL,CHC,80.50,,,2,1,2025,2025-07
2025-07-30,2025,R,642547,663656,CH,Changeup,,ball,L,R,MIL,CHC,86.30,,,1,1,2025,2025-07
2025-07-30,2025,R,642547,663656,FF,4-Seam Fastball,,ball,L,R,MIL,CHC,95.20,,,0,1,2025,2025-07
2025-07-30,2025,R,642547,663656,CU,Curveball,,called_strike,L,R,MIL,CHC,81.20,,,0,0,2025,2025-07
2025-07-30,2025,R,642547,663656,FF,4-Seam Fastball,walk,ball,L,R,MIL,CHC,94.90,,,3,1,2025,2025-07
2025-07-30,2025,R,642547,663656,CU,Curveball,,ball,L,R,MIL,CHC,79.40,,,2,1,2025,2025-07
2025-07-30,2025,R,642547,663656,FF,4-Seam Fastball,,ball,L,R,MIL,CHC,93.90,,,1,1,2025,2025-07
2025-07-30,2025,R,642547,663656,FF,4-Seam Fastball,,foul,L,R,MIL,CHC,94.30,71.60,-24,1,0,2025,2025-07
2025-07-30,2025,R,642547,663656,CH,Changeup,,ball,L,R,MIL,CHC,87.80,,,0,0,2025,2025-07
2025-07-30,2025,R,642547,673548,FF,4-Seam Fastball,field_out,hit_into_play,R,R,MIL,CHC,97.10,104.90,14,2,2,2025,2025-07
2025-07-30,2025,R,642547,673548,CS,Slow Curve,,blocked_ball,R,R,MIL,CHC,75.30,,,1,2,2025,2025-07
2025-07-30,2025,R,642547,673548,FF,4-Seam Fastball,,called_strike,R,R,MIL,CHC,93.90,,,1,1,2025,2025-07
2025-07-30,2025,R,642547,673548,FF,4-Seam Fastball,,foul,R,R,MIL,CHC,95.90,76.10,61,1,0,2025,2025-07
2025-07-30,2025,R,642547,673548,SL,Slider,,ball,R,R,MIL,CHC,85.60,,,0,0,2025,2025-07
2025-07-30,2025,R,642547,673548,CH,Changeup,walk,ball,R,R,MIL,CHC,89.10,,,3,1,2025,2025-07
2025-07-30,2025,R,642547,673548,FF,4-Seam Fastball,,ball,R,R,MIL,CHC,96.40,,,2,1,2025,2025-07
2025-07-30,2025,R,642547,673548,CH,Changeup,,ball,R,R,MIL,CHC,87.70,,,1,1,2025,2025-07
2025-07-30,2025,R,642547,673548,SL,Slider,,blocked_ball,R,R,MIL,CHC,83.60,,,0,1,2025,2025-07
2025-07-30,2025,R,642547,673548,SL,Slider,,swinging_strike,R,R,MIL,CHC,84.00,,,0,0,2025,2025-07
2025-07-30,2025,R,642547,673548,CH,Changeup,strikeout,foul_tip,R,R,MIL,CHC,88.40,,,3,2,2025,2025-07
2025-07-30,2025,R,642547,673548,CS,Slow Curve,,ball,R,R,MIL,CHC,76.30,,,2,2,2025,2025-07
2025-07-30,2025,R,642547,673548,FF,4-Seam Fastball,,foul,R,R,MIL,CHC,95.80,76.60,53,2,1,2025,2025-07
2025-07-30,2025,R,642547,673548,FF,4-Seam Fastball,,ball,R,R,MIL,CHC,92.30,,,1,1,2025,2025-07
2025-07-30,2025,R,642547,673548,SL,Slider,,swinging_strike,R,R,MIL,CHC,83.90,,,1,0,2025,2025-07
2025-07-30,2025,R,642547,673548,FF,4-Seam Fastball,,ball,R,R,MIL,CHC,94.40,,,0,0,2025,2025-07
2025-07-30,2025,R,642547,683737,CU,Curveball,field_out,hit_into_play,L,R,MIL,CHC,80.40,85.10,27,0,0,2025,2025-07
2025-07-30,2025,R,642547,683737,CU,Curveball,field_out,hit_into_play,L,R,MIL,CHC,79.00,86.90,51,2,2,2025,2025-07
2025-07-30,2025,R,642547,683737,FF,4-Seam Fastball,,foul,L,R,MIL,CHC,96.10,68.50,53,2,1,2025,2025-07
2025-07-30,2025,R,642547,683737,CH,Changeup,,swinging_strike,L,R,MIL,CHC,88.00,,,2,0,2025,2025-07
2025-07-30,2025,R,642547,683737,CH,Changeup,,ball,L,R,MIL,CHC,88.00,,,1,0,2025,2025-07
2025-07-30,2025,R,642547,683737,FF,4-Seam Fastball,,ball,L,R,MIL,CHC,95.30,,,0,0,2025,2025-07
2025-07-30,2025,R,642547,683737,FF,4-Seam Fastball,home_run,hit_into_play,L,R,MIL,CHC,94.20,109.40,23,0,0,2025,2025-07
2025-07-30,2025,R,642547,691718,CH,Changeup,double,hit_into_play,L,R,MIL,CHC,87.80,99.30,0,2,2,2025,2025-07
2025-07-30,2025,R,642547,691718,CU,Curveball,,blocked_ball,L,R,MIL,CHC,80.70,,,1,2,2025,2025-07
2025-07-30,2025,R,642547,691718,FF,4-Seam Fastball,,called_strike,L,R,MIL,CHC,96.10,,,1,1,2025,2025-07
2025-07-30,2025,R,642547,691718,FF,4-Seam Fastball,,foul,L,R,MIL,CHC,96.30,41.60,42,1,0,2025,2025-07
2025-07-30,2025,R,642547,691718,CH,Changeup,,ball,L,R,MIL,CHC,88.40,,,0,0,2025,2025-07
2025-07-30,2025,R,642547,691718,CS,Slow Curve,single,hit_into_play,L,R,MIL,CHC,74.60,79.40,17,0,2,2025,2025-07
2025-07-30,2025,R,642547,691718,FF,4-Seam Fastball,,foul,L,R,MIL,CHC,94.30,48.50,10,0,1,2025,2025-07
2025-07-30,2025,R,642547,691718,FF,4-Seam Fastball,,called_strike,L,R,MIL,CHC,94.00,,,0,0,2025,2025-07
2025-07-30,2025,R,642547,694208,CH,Changeup,double,hit_into_play,L,R,MIL,CHC,88.80,93.10,16,1,2,2025,2025-07
2025-07-30,2025,R,642547,694208,CH,Changeup,,ball,L,R,MIL,CHC,87.20,,,0,2,2025,2025-07
2025-07-30,2025,R,642547,694208,FF,4-Seam Fastball,,foul,L,R,MIL,CHC,95.00,74.90,65,0,1,2025,2025-07
2025-07-30,2025,R,642547,694208,CH,Changeup,,swinging_strike,L,R,MIL,CHC,89.20,,,0,0,2025,2025-07
2025-07-30,2025,R,642547,694208,FF,4-Seam Fastball,field_out,hit_into_play,L,R,MIL,CHC,94.80,72.10,5,1,2,2025,2025-07
2025-07-30,2025,R,642547,694208,FF,4-Seam Fastball,,foul_tip,L,R,MIL,CHC,93.90,,,1,1,2025,2025-07
2025-07-30,2025,R,642547,694208,CH,Changeup,,ball,L,R,MIL,CHC,87.90,,,0,1,2025,2025-07
2025-07-30,2025,R,642547,694208,FF,4-Seam Fastball,,called_strike,L,R,MIL,CHC,95.00,,,0,0,2025,2025-07
2025-07-30,2025,R,642547,807713,FF,4-Seam Fastball,field_out,hit_into_play,R,R,MIL,CHC,93.00,88.30,34,0,1,2025,2025-07
2025-07-30,2025,R,642547,807713,SL,Slider,,called_strike,R,R,MIL,CHC,84.90,,,0,0,2025,2025-07
2025-07-30,2025,R,642547,807713,ST,Sweeper,strikeout,called_strike,R,R,MIL,CHC,80.40,,,0,2,2025,2025-07
2025-07-30,2025,R,642547,807713,SL,Slider,,swinging_strike,R,R,MIL,CHC,84.90,,,0,1,2025,2025-07
2025-07-30,2025,R,642547,807713,FF,4-Seam Fastball,,called_strike,R,R,MIL,CHC,93.40,,,0,0,2025,2025-07
2025-07-30,2025,R,643377,666152,ST,Sweeper,single,hit_into_play,L,R,MIN,BOS,87.90,82.00,11,2,2,2025,2025-07
2025-07-30,2025,R,643377,666152,ST,Sweeper,,foul,L,R,MIN,BOS,87.10,81.30,-27,2,2,2025,2025-07
2025-07-30,2025,R,643377,666152,FF,4-Seam Fastball,,foul,L,R,MIN,BOS,96.60,95.40,2,2,2,2025,2025-07
2025-07-30,2025,R,643377,666152,ST,Sweeper,,foul,L,R,MIN,BOS,86.40,,,2,2,2025,2025-07
2025-07-30,2025,R,643377,666152,CH,Changeup,,foul,L,R,MIN,BOS,91.60,,,2,2,2025,2025-07
2025-07-30,2025,R,643377,666152,ST,Sweeper,,called_strike,L,R,MIN,BOS,87.00,,,2,1,2025,2025-07
2025-07-30,2025,R,643377,666152,CH,Changeup,,blocked_ball,L,R,MIN,BOS,92.00,,,1,1,2025,2025-07
2025-07-30,2025,R,643377,666152,ST,Sweeper,,foul,L,R,MIN,BOS,85.90,57.80,-24,1,0,2025,2025-07
2025-07-30,2025,R,643377,666152,ST,Sweeper,,ball,L,R,MIN,BOS,86.60,,,0,0,2025,2025-07
2025-07-30,2025,R,643377,677800,FF,4-Seam Fastball,single,hit_into_play,L,R,MIN,BOS,96.20,109.10,11,0,1,2025,2025-07
2025-07-30,2025,R,643377,677800,CH,Changeup,,foul,L,R,MIN,BOS,92.00,99.30,-33,0,0,2025,2025-07
2025-07-30,2025,R,643377,680776,CH,Changeup,double,hit_into_play,L,R,MIN,BOS,90.50,102.80,2,0,0,2025,2025-07
2025-07-30,2025,R,656546,656811,SL,Slider,strikeout,swinging_strike_blocked,L,R,BAL,TOR,88.30,,,3,2,2025,2025-07
2025-07-30,2025,R,656546,656811,FF,4-Seam Fastball,,ball,L,R,BAL,TOR,95.80,,,2,2,2025,2025-07
2025-07-30,2025,R,656546,656811,FS,Split-Finger,,ball,L,R,BAL,TOR,88.50,,,1,2,2025,2025-07
2025-07-30,2025,R,656546,656811,SL,Slider,,ball,L,R,BAL,TOR,87.70,,,0,2,2025,2025-07
2025-07-30,2025,R,656546,656811,FS,Split-Finger,,foul,L,R,BAL,TOR,88.90,63.00,-32,0,1,2025,2025-07
2025-07-30,2025,R,656546,656811,FS,Split-Finger,,called_strike,L,R,BAL,TOR,89.60,,,0,0,2025,2025-07
2025-07-30,2025,R,656546,668939,FS,Split-Finger,field_out,hit_into_play,L,R,BAL,TOR,89.00,90.00,29,1,2,2025,2025-07
2025-07-30,2025,R,656546,668939,SL,Slider,,swinging_strike,L,R,BAL,TOR,89.20,,,1,1,2025,2025-07
2025-07-30,2025,R,656546,668939,FS,Split-Finger,,ball,L,R,BAL,TOR,88.80,,,0,1,2025,2025-07
2025-07-30,2025,R,656546,668939,FF,4-Seam Fastball,,called_strike,L,R,BAL,TOR,96.10,,,0,0,2025,2025-07
2025-07-30,2025,R,656546,683002,FS,Split-Finger,field_out,hit_into_play,L,R,BAL,TOR,89.80,83.90,-15,2,2,2025,2025-07
2025-07-30,2025,R,656546,683002,FF,4-Seam Fastball,,foul,L,R,BAL,TOR,96.30,70.00,43,2,1,2025,2025-07
2025-07-30,2025,R,656546,683002,SL,Slider,,ball,L,R,BAL,TOR,85.60,,,1,1,2025,2025-07
2025-07-30,2025,R,656546,683002,SL,Slider,,ball,L,R,BAL,TOR,86.90,,,0,1,2025,2025-07
2025-07-30,2025,R,656546,683002,FF,4-Seam Fastball,,called_strike,L,R,BAL,TOR,96.00,,,0,0,2025,2025-07
2025-07-30,2025,R,657277,457705,SI,Sinker,fielders_choice_out,hit_into_play,R,R,SF,PIT,91.20,86.70,-1,1,0,2025,2025-07
2025-07-30,2025,R,657277,457705,CH,Changeup,,ball,R,R,SF,PIT,87.10,,,0,0,2025,2025-07
2025-07-30,2025,R,657277,457705,ST,Sweeper,strikeout,swinging_strike,R,R,SF,PIT,85.10,,,2,2,2025,2025-07
2025-07-30,2025,R,657277,457705,CH,Changeup,,ball,R,R,SF,PIT,88.10,,,1,2,2025,2025-07
2025-07-30,2025,R,657277,457705,SI,Sinker,,swinging_strike,R,R,SF,PIT,92.20,,,1,1,2025,2025-07
2025-07-30,2025,R,657277,457705,FC,Cutter,,ball,R,R,SF,PIT,90.60,,,0,1,2025,2025-07
2025-07-30,2025,R,657277,457705,ST,Sweeper,,foul,R,R,SF,PIT,85.30,77.80,28,0,0,2025,2025-07
2025-07-30,2025,R,657277,457705,SI,Sinker,walk,ball,R,R,SF,PIT,92.70,,,3,1,2025,2025-07
2025-07-30,2025,R,657277,457705,CH,Changeup,,ball,R,R,SF,PIT,86.60,,,2,1,2025,2025-07
2025-07-30,2025,R,657277,457705,CH,Changeup,,ball,R,R,SF,PIT,88.30,,,1,1,2025,2025-07
2025-07-30,2025,R,657277,457705,FC,Cutter,,ball,R,R,SF,PIT,90.70,,,0,1,2025,2025-07
2025-07-30,2025,R,657277,457705,SI,Sinker,,foul,R,R,SF,PIT,93.90,78.40,14,0,0,2025,2025-07
2025-07-30,2025,R,657277,643396,ST,Sweeper,single,hit_into_play,R,R,SF,PIT,83.80,97.10,19,0,1,2025,2025-07
2025-07-30,2025,R,657277,643396,SI,Sinker,,called_strike,R,R,SF,PIT,91.70,,,0,0,2025,2025-07
2025-07-30,2025,R,657277,643396,CH,Changeup,strikeout,swinging_strike,R,R,SF,PIT,86.60,,,3,2,2025,2025-07
2025-07-30,2025,R,657277,643396,SI,Sinker,,ball,R,R,SF,PIT,92.00,,,2,2,2025,2025-07
2025-07-30,2025,R,657277,643396,FC,Cutter,,foul,R,R,SF,PIT,89.70,71.80,50,2,2,2025,2025-07
2025-07-30,2025,R,657277,643396,SI,Sinker,,foul,R,R,SF,PIT,91.70,90.70,25,2,1,2025,2025-07
2025-07-30,2025,R,657277,643396,CH,Changeup,,blocked_ball,R,R,SF,PIT,87.40,,,1,1,2025,2025-07
2025-07-30,2025,R,657277,643396,FC,Cutter,,ball,R,R,SF,PIT,91.90,,,0,1,2025,2025-07
2025-07-30,2025,R,657277,643396,ST,Sweeper,,called_strike,R,R,SF,PIT,84.80,,,0,0,2025,2025-07
2025-07-30,2025,R,657277,665833,CH,Changeup,walk,ball,L,R,SF,PIT,86.40,,,3,2,2025,2025-07
2025-07-30,2025,R,657277,665833,CH,Changeup,,ball,L,R,SF,PIT,86.00,,,2,2,2025,2025-07
2025-07-30,2025,R,657277,665833,CH,Changeup,,ball,L,R,SF,PIT,87.70,,,1,2,2025,2025-07
2025-07-30,2025,R,657277,665833,CH,Changeup,,foul,L,R,SF,PIT,87.50,63.70,68,1,2,2025,2025-07
2025-07-30,2025,R,657277,665833,ST,Sweeper,,called_strike,L,R,SF,PIT,85.10,,,1,1,2025,2025-07
2025-07-30,2025,R,657277,665833,CH,Changeup,,swinging_strike,L,R,SF,PIT,87.50,,,1,0,2025,2025-07
2025-07-30,2025,R,657277,665833,CH,Changeup,,ball,L,R,SF,PIT,87.20,,,0,0,2025,2025-07
2025-07-30,2025,R,657277,665833,ST,Sweeper,strikeout,called_strike,L,R,SF,PIT,84.60,,,3,2,2025,2025-07
2025-07-30,2025,R,657277,665833,CH,Changeup,,ball,L,R,SF,PIT,85.20,,,2,2,2025,2025-07
2025-07-30,2025,R,657277,665833,CH,Changeup,,ball,L,R,SF,PIT,87.70,,,1,2,2025,2025-07
2025-07-30,2025,R,657277,665833,CH,Changeup,,swinging_strike,L,R,SF,PIT,87.70,,,1,1,2025,2025-07
2025-07-30,2025,R,657277,665833,ST,Sweeper,,called_strike,L,R,SF,PIT,84.50,,,1,0,2025,2025-07
2025-07-30,2025,R,657277,665833,ST,Sweeper,,ball,L,R,SF,PIT,84.30,,,0,0,2025,2025-07
2025-07-30,2025,R,657277,665833,CH,Changeup,strikeout,swinging_strike,L,R,SF,PIT,87.90,,,3,2,2025,2025-07
2025-07-30,2025,R,657277,665833,CH,Changeup,,blocked_ball,L,R,SF,PIT,87.80,,,2,2,2025,2025-07
2025-07-30,2025,R,657277,665833,ST,Sweeper,,called_strike,L,R,SF,PIT,85.10,,,2,1,2025,2025-07
2025-07-30,2025,R,657277,665833,CH,Changeup,,swinging_strike,L,R,SF,PIT,86.50,,,2,0,2025,2025-07
2025-07-30,2025,R,657277,665833,ST,Sweeper,,ball,L,R,SF,PIT,85.40,,,1,0,2025,2025-07
2025-07-30,2025,R,657277,665833,CH,Changeup,,ball,L,R,SF,PIT,86.60,,,0,0,2025,2025-07
2025-07-30,2025,R,657277,668804,ST,Sweeper,walk,ball,L,R,SF,PIT,84.90,,,3,2,2025,2025-07
2025-07-30,2025,R,657277,668804,CH,Changeup,,foul,L,R,SF,PIT,86.70,73.90,-44,3,1,2025,2025-07
2025-07-30,2025,R,657277,668804,ST,Sweeper,,ball,L,R,SF,PIT,85.10,,,2,1,2025,2025-07
2025-07-30,2025,R,657277,668804,CH,Changeup,,ball,L,R,SF,PIT,86.70,,,1,1,2025,2025-07
2025-07-30,2025,R,657277,668804,CH,Changeup,,foul,L,R,SF,PIT,86.20,57.90,-26,1,0,2025,2025-07
2025-07-30,2025,R,657277,668804,CH,Changeup,,blocked_ball,L,R,SF,PIT,87.50,,,0,0,2025,2025-07
2025-07-30,2025,R,657277,668804,CH,Changeup,strikeout,swinging_strike,L,R,SF,PIT,86.70,,,3,2,2025,2025-07
2025-07-30,2025,R,657277,668804,ST,Sweeper,,ball,L,R,SF,PIT,85.20,,,2,2,2025,2025-07
2025-07-30,2025,R,657277,668804,CH,Changeup,,foul,L,R,SF,PIT,88.00,61.80,-37,2,1,2025,2025-07
2025-07-30,2025,R,657277,668804,CH,Changeup,,ball,L,R,SF,PIT,87.70,,,1,1,2025,2025-07
2025-07-30,2025,R,657277,668804,SI,Sinker,,called_strike,L,R,SF,PIT,91.10,,,1,0,2025,2025-07
2025-07-30,2025,R,657277,668804,ST,Sweeper,,ball,L,R,SF,PIT,84.30,,,0,0,2025,2025-07
2025-07-30,2025,R,657277,668804,CH,Changeup,force_out,hit_into_play,L,R,SF,PIT,86.80,93.60,-10,2,2,2025,2025-07
2025-07-30,2025,R,657277,668804,FF,4-Seam Fastball,,foul,L,R,SF,PIT,93.20,85.70,41,2,2,2025,2025-07
2025-07-30,2025,R,657277,668804,CH,Changeup,,foul,L,R,SF,PIT,86.80,66.60,-44,2,2,2025,2025-07
2025-07-30,2025,R,657277,668804,CH,Changeup,,swinging_strike,L,R,SF,PIT,87.20,,,2,1,2025,2025-07
2025-07-30,2025,R,657277,668804,CH,Changeup,,swinging_strike,L,R,SF,PIT,86.40,,,2,0,2025,2025-07
2025-07-30,2025,R,657277,668804,CH,Changeup,,ball,L,R,SF,PIT,86.70,,,1,0,2025,2025-07
2025-07-30,2025,R,657277,668804,ST,Sweeper,,ball,L,R,SF,PIT,84.90,,,0,0,2025,2025-07
2025-07-30,2025,R,657277,669261,SI,Sinker,strikeout,called_strike,L,R,SF,PIT,91.70,,,3,2,2025,2025-07
2025-07-30,2025,R,657277,669261,ST,Sweeper,,foul,L,R,SF,PIT,84.80,84.30,-27,3,2,2025,2025-07
2025-07-30,2025,R,657277,669261,ST,Sweeper,,ball,L,R,SF,PIT,84.10,,,2,2,2025,2025-07
2025-07-30,2025,R,657277,669261,CH,Changeup,,ball,L,R,SF,PIT,87.60,,,1,2,2025,2025-07
2025-07-30,2025,R,657277,669261,FF,4-Seam Fastball,,foul,L,R,SF,PIT,92.30,76.90,37,1,2,2025,2025-07
2025-07-30,2025,R,657277,669261,CH,Changeup,,ball,L,R,SF,PIT,87.50,,,0,2,2025,2025-07
2025-07-30,2025,R,657277,669261,SI,Sinker,,swinging_strike,L,R,SF,PIT,92.40,,,0,1,2025,2025-07
2025-07-30,2025,R,657277,669261,ST,Sweeper,,called_strike,L,R,SF,PIT,83.20,,,0,0,2025,2025-07
2025-07-30,2025,R,657277,669261,SI,Sinker,walk,ball,L,R,SF,PIT,91.90,,,3,1,2025,2025-07
2025-07-30,2025,R,657277,669261,SI,Sinker,,foul,L,R,SF,PIT,91.80,92.10,-13,3,0,2025,2025-07
2025-07-30,2025,R,657277,669261,SI,Sinker,,ball,L,R,SF,PIT,92.40,,,2,0,2025,2025-07
2025-07-30,2025,R,657277,669261,ST,Sweeper,,ball,L,R,SF,PIT,84.30,,,1,0,2025,2025-07
2025-07-30,2025,R,657277,669261,SI,Sinker,,ball,L,R,SF,PIT,90.70,,,0,0,2025,2025-07
2025-07-30,2025,R,657277,669261,FF,4-Seam Fastball,strikeout,swinging_strike,L,R,SF,PIT,91.50,,,1,2,2025,2025-07
2025-07-30,2025,R,657277,669261,ST,Sweeper,,called_strike,L,R,SF,PIT,84.30,,,1,1,2025,2025-07
2025-07-30,2025,R,657277,669261,ST,Sweeper,,ball,L,R,SF,PIT,84.30,,,0,1,2025,2025-07
2025-07-30,2025,R,657277,669261,SI,Sinker,,called_strike,L,R,SF,PIT,92.10,,,0,0,2025,2025-07
2025-07-30,2025,R,657277,678894,FF,4-Seam Fastball,field_out,hit_into_play,R,R,SF,PIT,92.90,79.30,-22,0,2,2025,2025-07
2025-07-30,2025,R,657277,678894,CH,Changeup,,swinging_strike,R,R,SF,PIT,87.80,,,0,1,2025,2025-07
2025-07-30,2025,R,657277,678894,SI,Sinker,,called_strike,R,R,SF,PIT,93.10,,,0,0,2025,2025-07
2025-07-30,2025,R,657277,678894,CH,Changeup,strikeout,swinging_strike,R,R,SF,PIT,87.10,,,2,2,2025,2025-07
2025-07-30,2025,R,657277,678894,FF,4-Seam Fastball,,ball,R,R,SF,PIT,91.20,,,1,2,2025,2025-07
2025-07-30,2025,R,657277,678894,CH,Changeup,,called_strike,R,R,SF,PIT,87.50,,,1,1,2025,2025-07
2025-07-30,2025,R,657277,678894,ST,Sweeper,,called_strike,R,R,SF,PIT,84.80,,,1,0,2025,2025-07
2025-07-30,2025,R,657277,678894,CH,Changeup,,blocked_ball,R,R,SF,PIT,88.30,,,0,0,2025,2025-07
2025-07-30,2025,R,657277,678894,SI,Sinker,single,hit_into_play,R,R,SF,PIT,92.80,100.60,-14,1,1,2025,2025-07
2025-07-30,2025,R,657277,678894,ST,Sweeper,,ball,R,R,SF,PIT,85.70,,,0,1,2025,2025-07
2025-07-30,2025,R,657277,678894,SI,Sinker,,called_strike,R,R,SF,PIT,92.10,,,0,0,2025,2025-07
2025-07-30,2025,R,657277,680779,SI,Sinker,single,hit_into_play,R,R,SF,PIT,93.20,95.60,12,0,0,2025,2025-07
2025-07-30,2025,R,657277,680779,ST,Sweeper,field_out,hit_into_play,R,R,SF,PIT,84.80,101.50,29,0,0,2025,2025-07
2025-07-30,2025,R,657277,680779,ST,Sweeper,strikeout,called_strike,R,R,SF,PIT,84.70,,,0,2,2025,2025-07
2025-07-30,2025,R,657277,680779,SI,Sinker,,called_strike,R,R,SF,PIT,91.60,,,0,1,2025,2025-07
2025-07-30,2025,R,657277,680779,SI,Sinker,,called_strike,R,R,SF,PIT,92.00,,,0,0,2025,2025-07
2025-07-30,2025,R,657277,687462,SI,Sinker,double,hit_into_play,L,R,SF,PIT,91.90,103.80,18,0,0,2025,2025-07
2025-07-30,2025,R,657277,687462,CH,Changeup,strikeout,swinging_strike_blocked,L,R,SF,PIT,86.70,,,1,2,2025,2025-07
2025-07-30,2025,R,657277,687462,CH,Changeup,,ball,L,R,SF,PIT,86.40,,,0,2,2025,2025-07
2025-07-30,2025,R,657277,687462,SI,Sinker,,called_strike,L,R,SF,PIT,91.30,,,0,1,2025,2025-07
2025-07-30,2025,R,657277,687462,ST,Sweeper,,called_strike,L,R,SF,PIT,84.00,,,0,0,2025,2025-07
2025-07-30,2025,R,657277,687462,ST,Sweeper,strikeout,called_strike,L,R,SF,PIT,84.20,,,1,2,2025,2025-07
2025-07-30,2025,R,657277,687462,SI,Sinker,,ball,L,R,SF,PIT,91.90,,,0,2,2025,2025-07
2025-07-30,2025,R,657277,687462,FC,Cutter,,foul,L,R,SF,PIT,91.70,40.10,5,0,1,2025,2025-07
2025-07-30,2025,R,657277,687462,SI,Sinker,,called_strike,L,R,SF,PIT,92.90,,,0,0,2025,2025-07
2025-07-30,2025,R,657277,693304,SI,Sinker,grounded_into_double_play,hit_into_play,R,R,SF,PIT,92.60,94.60,-34,0,0,2025,2025-07
2025-07-30,2025,R,657277,693304,CH,Changeup,single,hit_into_play,R,R,SF,PIT,86.50,106.00,7,0,1,2025,2025-07
2025-07-30,2025,R,657277,693304,SI,Sinker,,foul,R,R,SF,PIT,92.20,,,0,0,2025,2025-07
2025-07-30,2025,R,657277,693304,CH,Changeup,hit_by_pitch,hit_by_pitch,R,R,SF,PIT,85.90,,,2,2,2025,2025-07
2025-07-30,2025,R,657277,693304,SI,Sinker,,foul_tip,R,R,SF,PIT,91.90,,,2,1,2025,2025-07
2025-07-30,2025,R,657277,693304,SI,Sinker,,called_strike,R,R,SF,PIT,92.20,,,2,0,2025,2025-07
2025-07-30,2025,R,657277,693304,CH,Changeup,,ball,R,R,SF,PIT,87.50,,,1,0,2025,2025-07
2025-07-30,2025,R,657277,693304,SI,Sinker,,ball,R,R,SF,PIT,91.80,,,0,0,2025,2025-07
2025-07-30,2025,R,657424,457705,FF,4-Seam Fastball,field_out,hit_into_play,R,L,SF,PIT,92.30,82.70,46,3,1,2025,2025-07
2025-07-30,2025,R,657424,457705,SL,Slider,,ball,R,L,SF,PIT,84.70,,,2,1,2025,2025-07
2025-07-30,2025,R,657424,457705,FF,4-Seam Fastball,,ball,R,L,SF,PIT,92.40,,,1,1,2025,2025-07
2025-07-30,2025,R,657424,457705,SL,Slider,,called_strike,R,L,SF,PIT,83.90,,,1,0,2025,2025-07
2025-07-30,2025,R,657424,457705,FF,4-Seam Fastball,,ball,R,L,SF,PIT,92.50,,,0,0,2025,2025-07
2025-07-30,2025,R,657424,665833,SL,Slider,field_out,hit_into_play,L,L,SF,PIT,85.40,97.50,-20,0,0,2025,2025-07
2025-07-30,2025,R,657424,668804,SL,Slider,single,hit_into_play,R,L,SF,PIT,84.80,70.80,3,0,0,2025,2025-07
2025-07-30,2025,R,657424,687462,FF,4-Seam Fastball,walk,ball,L,L,SF,PIT,93.10,,,3,2,2025,2025-07
2025-07-30,2025,R,657424,687462,SL,Slider,,foul,L,L,SF,PIT,85.60,76.30,32,3,2,2025,2025-07
2025-07-30,2025,R,657424,687462,FF,4-Seam Fastball,,called_strike,L,L,SF,PIT,91.90,,,3,1,2025,2025-07
2025-07-30,2025,R,657424,687462,SL,Slider,,ball,L,L,SF,PIT,85.10,,,2,1,2025,2025-07
2025-07-30,2025,R,657424,687462,SI,Sinker,,ball,L,L,SF,PIT,92.90,,,1,1,2025,2025-07
2025-07-30,2025,R,657424,687462,SL,Slider,,foul,L,L,SF,PIT,84.90,71.90,-35,1,0,2025,2025-07
2025-07-30,2025,R,657424,687462,SL,Slider,,ball,L,L,SF,PIT,83.70,,,0,0,2025,2025-07
2025-07-30,2025,R,657585,455117,FC,Cutter,strikeout,called_strike,R,R,SD,NYM,93.20,,,3,2,2025,2025-07
2025-07-30,2025,R,657585,455117,SI,Sinker,,ball,R,R,SD,NYM,96.70,,,2,2,2025,2025-07
2025-07-30,2025,R,657585,455117,SI,Sinker,,foul,R,R,SD,NYM,96.10,,,2,1,2025,2025-07
2025-07-30,2025,R,657585,455117,SI,Sinker,,blocked_ball,R,R,SD,NYM,95.60,,,1,1,2025,2025-07
2025-07-30,2025,R,657585,455117,ST,Sweeper,,blocked_ball,R,R,SD,NYM,85.40,,,0,1,2025,2025-07
2025-07-30,2025,R,657585,455117,SI,Sinker,,foul,R,R,SD,NYM,95.40,,,0,0,2025,2025-07
2025-07-30,2025,R,657585,578428,SI,Sinker,field_out,hit_into_play,R,R,SD,NYM,96.10,41.30,-44,0,1,2025,2025-07
2025-07-30,2025,R,657585,578428,SI,Sinker,,called_strike,R,R,SD,NYM,95.60,,,0,0,2025,2025-07
2025-07-30,2025,R,657585,650333,FC,Cutter,field_out,hit_into_play,L,R,SD,NYM,91.80,89.70,-10,0,1,2025,2025-07
2025-07-30,2025,R,657585,650333,ST,Sweeper,,called_strike,L,R,SD,NYM,85.20,,,0,0,2025,2025-07
2025-07-30,2025,R,657585,657757,ST,Sweeper,walk,ball,L,R,SD,NYM,83.50,,,3,2,2025,2025-07
2025-07-30,2025,R,657585,657757,FC,Cutter,,foul,L,R,SD,NYM,91.90,58.70,62,3,2,2025,2025-07
2025-07-30,2025,R,657585,657757,FS,Split-Finger,,ball,L,R,SD,NYM,87.50,,,2,2,2025,2025-07
2025-07-30,2025,R,657585,657757,FC,Cutter,,foul,L,R,SD,NYM,91.60,,,2,1,2025,2025-07
2025-07-30,2025,R,657585,657757,FS,Split-Finger,,ball,L,R,SD,NYM,87.30,,,1,1,2025,2025-07
2025-07-30,2025,R,657585,657757,FC,Cutter,,ball,L,R,SD,NYM,91.30,,,0,1,2025,2025-07
2025-07-30,2025,R,657585,657757,ST,Sweeper,,called_strike,L,R,SD,NYM,84.70,,,0,0,2025,2025-07
2025-07-30,2025,R,657585,665487,FF,4-Seam Fastball,strikeout,swinging_strike,R,R,SD,NYM,97.10,,,2,2,2025,2025-07
2025-07-30,2025,R,657585,665487,ST,Sweeper,,called_strike,R,R,SD,NYM,85.30,,,2,1,2025,2025-07
2025-07-30,2025,R,657585,665487,FC,Cutter,,ball,R,R,SD,NYM,92.00,,,1,1,2025,2025-07
2025-07-30,2025,R,657585,665487,FS,Split-Finger,,ball,R,R,SD,NYM,87.60,,,0,1,2025,2025-07
2025-07-30,2025,R,657585,665487,SI,Sinker,,called_strike,R,R,SD,NYM,96.60,,,0,0,2025,2025-07
2025-07-30,2025,R,657612,663968,SI,Sinker,field_out,hit_into_play,R,L,NYY,TB,86.80,81.00,-43,0,0,2025,2025-07
2025-07-30,2025,R,657612,666139,FF,4-Seam Fastball,field_out,hit_into_play,L,L,NYY,TB,90.30,88.20,9,2,2,2025,2025-07
2025-07-30,2025,R,657612,666139,SI,Sinker,,foul,L,L,NYY,TB,88.80,74.40,9,2,2,2025,2025-07
2025-07-30,2025,R,657612,666139,SI,Sinker,,foul,L,L,NYY,TB,87.70,63.40,36,2,1,2025,2025-07
2025-07-30,2025,R,657612,666139,SI,Sinker,,ball,L,L,NYY,TB,88.70,,,1,1,2025,2025-07
2025-07-30,2025,R,657612,666139,FF,4-Seam Fastball,,ball,L,L,NYY,TB,90.20,,,0,1,2025,2025-07
2025-07-30,2025,R,657612,666139,SI,Sinker,,called_strike,L,L,NYY,TB,88.50,,,0,0,2025,2025-07
2025-07-30,2025,R,657612,666624,SI,Sinker,field_out,hit_into_play,R,L,NYY,TB,89.80,91.90,-32,1,2,2025,2025-07
2025-07-30,2025,R,657612,666624,FF,4-Seam Fastball,,ball,R,L,NYY,TB,91.30,,,0,2,2025,2025-07
2025-07-30,2025,R,657612,666624,SI,Sinker,,swinging_strike,R,L,NYY,TB,89.90,,,0,1,2025,2025-07
2025-07-30,2025,R,657612,666624,SI,Sinker,,called_strike,R,L,NYY,TB,88.00,,,0,0,2025,2025-07
2025-07-30,2025,R,657649,663656,CU,Curveball,double,hit_into_play,L,L,MIL,CHC,82.10,103.50,11,1,0,2025,2025-07
2025-07-30,2025,R,657649,663656,FC,Cutter,,blocked_ball,L,L,MIL,CHC,92.00,,,0,0,2025,2025-07
2025-07-30,2025,R,657649,673548,FC,Cutter,walk,ball,R,L,MIL,CHC,93.00,,,3,2,2025,2025-07
2025-07-30,2025,R,657649,673548,CU,Curveball,,ball,R,L,MIL,CHC,83.50,,,2,2,2025,2025-07
2025-07-30,2025,R,657649,673548,CH,Changeup,,blocked_ball,R,L,MIL,CHC,88.80,,,1,2,2025,2025-07
2025-07-30,2025,R,657649,673548,SI,Sinker,,foul,R,L,MIL,CHC,97.30,,,1,1,2025,2025-07
2025-07-30,2025,R,657649,673548,SI,Sinker,,ball,R,L,MIL,CHC,97.10,,,0,1,2025,2025-07
2025-07-30,2025,R,657649,673548,CH,Changeup,,called_strike,R,L,MIL,CHC,86.40,,,0,0,2025,2025-07
2025-07-30,2025,R,657649,683737,SI,Sinker,field_out,hit_into_play,L,L,MIL,CHC,98.10,70.40,-40,2,2,2025,2025-07
2025-07-30,2025,R,657649,683737,CU,Curveball,,ball,L,L,MIL,CHC,82.80,,,1,2,2025,2025-07
2025-07-30,2025,R,657649,683737,SI,Sinker,,foul,L,L,MIL,CHC,96.60,84.80,45,1,1,2025,2025-07
2025-07-30,2025,R,657649,683737,FC,Cutter,,blocked_ball,L,L,MIL,CHC,91.10,,,0,1,2025,2025-07
2025-07-30,2025,R,657649,683737,SI,Sinker,,foul,L,L,MIL,CHC,94.90,73.20,-42,0,0,2025,2025-07
2025-07-30,2025,R,657649,691718,CU,Curveball,hit_by_pitch,hit_by_pitch,L,L,MIL,CHC,82.70,,,2,2,2025,2025-07
2025-07-30,2025,R,657649,691718,CU,Curveball,,blocked_ball,L,L,MIL,CHC,85.00,,,1,2,2025,2025-07
2025-07-30,2025,R,657649,691718,SI,Sinker,,ball,L,L,MIL,CHC,99.50,,,0,2,2025,2025-07
2025-07-30,2025,R,657649,691718,SI,Sinker,,called_strike,L,L,MIL,CHC,97.80,,,0,1,2025,2025-07
2025-07-30,2025,R,657649,691718,FC,Cutter,,called_strike,L,L,MIL,CHC,92.40,,,0,0,2025,2025-07
2025-07-30,2025,R,660271,663886,FF,4-Seam Fastball,walk,ball,R,R,CIN,LAD,97.60,,,3,0,2025,2025-07
2025-07-30,2025,R,660271,663886,FF,4-Seam Fastball,,ball,R,R,CIN,LAD,98.60,,,2,0,2025,2025-07
2025-07-30,2025,R,660271,663886,SI,Sinker,,ball,R,R,CIN,LAD,97.40,,,1,0,2025,2025-07
2025-07-30,2025,R,660271,663886,SI,Sinker,,ball,R,R,CIN,LAD,96.30,,,0,0,2025,2025-07
2025-07-30,2025,R,660271,663886,ST,Sweeper,strikeout,called_strike,R,R,CIN,LAD,86.30,,,0,2,2025,2025-07
2025-07-30,2025,R,660271,663886,ST,Sweeper,,swinging_strike,R,R,CIN,LAD,86.70,,,0,1,2025,2025-07
2025-07-30,2025,R,660271,663886,ST,Sweeper,,called_strike,R,R,CIN,LAD,84.50,,,0,0,2025,2025-07
2025-07-30,2025,R,660271,666158,ST,Sweeper,field_out,hit_into_play,L,R,CIN,LAD,87.00,75.50,-25,3,2,2025,2025-07
2025-07-30,2025,R,660271,666158,ST,Sweeper,,called_strike,L,R,CIN,LAD,84.10,,,3,1,2025,2025-07
2025-07-30,2025,R,660271,666158,FF,4-Seam Fastball,,ball,L,R,CIN,LAD,99.10,,,2,1,2025,2025-07
2025-07-30,2025,R,660271,666158,ST,Sweeper,,blocked_ball,L,R,CIN,LAD,85.20,,,1,1,2025,2025-07
2025-07-30,2025,R,660271,666158,ST,Sweeper,,swinging_strike,L,R,CIN,LAD,86.40,,,1,0,2025,2025-07
2025-07-30,2025,R,660271,666158,ST,Sweeper,,blocked_ball,L,R,CIN,LAD,85.40,,,0,0,2025,2025-07
2025-07-30,2025,R,660271,666158,FF,4-Seam Fastball,double,hit_into_play,L,R,CIN,LAD,97.40,85.00,19,0,0,2025,2025-07
2025-07-30,2025,R,660271,666181,ST,Sweeper,strikeout,swinging_strike,L,R,CIN,LAD,85.90,,,2,2,2025,2025-07
2025-07-30,2025,R,660271,666181,SL,Slider,,ball,L,R,CIN,LAD,87.80,,,1,2,2025,2025-07
2025-07-30,2025,R,660271,666181,FF,4-Seam Fastball,,foul,L,R,CIN,LAD,99.50,96.60,24,1,2,2025,2025-07
2025-07-30,2025,R,660271,666181,ST,Sweeper,,blocked_ball,L,R,CIN,LAD,85.60,,,0,2,2025,2025-07
2025-07-30,2025,R,660271,666181,ST,Sweeper,,called_strike,L,R,CIN,LAD,84.30,,,0,1,2025,2025-07
2025-07-30,2025,R,660271,666181,ST,Sweeper,,swinging_strike,L,R,CIN,LAD,84.10,,,0,0,2025,2025-07
2025-07-30,2025,R,660271,668715,ST,Sweeper,,ball,R,R,CIN,LAD,86.30,,,1,0,2025,2025-07
2025-07-30,2025,R,660271,668715,FF,4-Seam Fastball,,ball,R,R,CIN,LAD,98.20,,,0,0,2025,2025-07
2025-07-30,2025,R,660271,668715,ST,Sweeper,single,hit_into_play,R,R,CIN,LAD,85.80,93.60,0,0,1,2025,2025-07
2025-07-30,2025,R,660271,668715,FF,4-Seam Fastball,,called_strike,R,R,CIN,LAD,97.20,,,0,0,2025,2025-07
2025-07-30,2025,R,660271,669289,ST,Sweeper,single,hit_into_play,R,R,CIN,LAD,85.30,75.20,23,1,1,2025,2025-07
2025-07-30,2025,R,660271,669289,ST,Sweeper,,ball,R,R,CIN,LAD,82.70,,,0,1,2025,2025-07
2025-07-30,2025,R,660271,669289,ST,Sweeper,,swinging_strike,R,R,CIN,LAD,83.20,,,0,0,2025,2025-07
2025-07-30,2025,R,660271,669720,SI,Sinker,field_out,hit_into_play,R,R,CIN,LAD,96.30,90.90,-23,0,0,2025,2025-07
2025-07-30,2025,R,660271,669720,FF,4-Seam Fastball,strikeout,foul_tip,R,R,CIN,LAD,99.30,,,0,2,2025,2025-07
2025-07-30,2025,R,660271,669720,ST,Sweeper,,swinging_strike,R,R,CIN,LAD,84.70,,,0,1,2025,2025-07
2025-07-30,2025,R,660271,669720,ST,Sweeper,,called_strike,R,R,CIN,LAD,84.80,,,0,0,2025,2025-07
2025-07-30,2025,R,660271,680574,ST,Sweeper,field_out,hit_into_play,R,R,CIN,LAD,86.00,83.90,45,3,2,2025,2025-07
2025-07-30,2025,R,660271,680574,ST,Sweeper,,ball,R,R,CIN,LAD,85.70,,,2,2,2025,2025-07
2025-07-30,2025,R,660271,680574,ST,Sweeper,,called_strike,R,R,CIN,LAD,84.60,,,2,1,2025,2025-07
2025-07-30,2025,R,660271,680574,SI,Sinker,,ball,R,R,CIN,LAD,96.30,,,1,1,2025,2025-07
2025-07-30,2025,R,660271,680574,ST,Sweeper,,called_strike,R,R,CIN,LAD,84.00,,,1,0,2025,2025-07
2025-07-30,2025,R,660271,680574,SI,Sinker,,ball,R,R,CIN,LAD,94.80,,,0,0,2025,2025-07
2025-07-30,2025,R,660271,680574,ST,Sweeper,strikeout,swinging_strike,R,R,CIN,LAD,88.10,,,3,2,2025,2025-07
2025-07-30,2025,R,660271,680574,FF,4-Seam Fastball,,ball,R,R,CIN,LAD,101.00,,,2,2,2025,2025-07
2025-07-30,2025,R,660271,680574,FF,4-Seam Fastball,,ball,R,R,CIN,LAD,99.60,,,1,2,2025,2025-07
2025-07-30,2025,R,660271,680574,ST,Sweeper,,foul,R,R,CIN,LAD,87.70,85.50,50,1,2,2025,2025-07
2025-07-30,2025,R,660271,680574,ST,Sweeper,,swinging_strike,R,R,CIN,LAD,84.50,,,1,1,2025,2025-07
2025-07-30,2025,R,660271,680574,FF,4-Seam Fastball,,ball,R,R,CIN,LAD,99.00,,,0,1,2025,2025-07
2025-07-30,2025,R,660271,680574,FF,4-Seam Fastball,,foul,R,R,CIN,LAD,98.50,81.90,24,0,0,2025,2025-07
2025-07-30,2025,R,660271,682622,ST,Sweeper,single,hit_into_play,R,R,CIN,LAD,84.70,99.60,6,0,1,2025,2025-07
2025-07-30,2025,R,660271,682622,SI,Sinker,,called_strike,R,R,CIN,LAD,95.70,,,0,0,2025,2025-07
2025-07-30,2025,R,660271,682622,ST,Sweeper,field_out,hit_into_play,R,R,CIN,LAD,84.30,72.70,5,0,1,2025,2025-07
2025-07-30,2025,R,660271,682622,ST,Sweeper,,called_strike,R,R,CIN,LAD,83.90,,,0,0,2025,2025-07
2025-07-30,2025,R,660271,682829,FS,Split-Finger,field_out,hit_into_play,L,R,CIN,LAD,90.00,66.90,-16,0,0,2025,2025-07
2025-07-30,2025,R,660271,682829,FC,Cutter,single,hit_into_play,L,R,CIN,LAD,96.10,79.10,16,1,0,2025,2025-07
2025-07-30,2025,R,660271,682829,FF,4-Seam Fastball,,ball,L,R,CIN,LAD,100.10,,,0,0,2025,2025-07
2025-07-30,2025,R,660604,643217,CH,Changeup,strikeout,called_strike,L,R,CWS,PHI,79.80,,,1,2,2025,2025-07
2025-07-30,2025,R,660604,643217,CH,Changeup,,called_strike,L,R,CWS,PHI,80.40,,,1,1,2025,2025-07
2025-07-30,2025,R,660604,643217,CU,Curveball,,ball,L,R,CWS,PHI,73.30,,,0,1,2025,2025-07
2025-07-30,2025,R,660604,643217,FF,4-Seam Fastball,,called_strike,L,R,CWS,PHI,92.10,,,0,0,2025,2025-07
2025-07-30,2025,R,660604,643565,FF,4-Seam Fastball,field_out,hit_into_play,L,R,CWS,PHI,93.00,71.90,3,1,2,2025,2025-07
2025-07-30,2025,R,660604,643565,CH,Changeup,,ball,L,R,CWS,PHI,82.60,,,0,2,2025,2025-07
2025-07-30,2025,R,660604,643565,CH,Changeup,,called_strike,L,R,CWS,PHI,82.00,,,0,1,2025,2025-07
2025-07-30,2025,R,660604,643565,FF,4-Seam Fastball,,foul,L,R,CWS,PHI,91.30,,,0,0,2025,2025-07
2025-07-30,2025,R,660604,672820,FF,4-Seam Fastball,single,hit_into_play,R,R,CWS,PHI,92.40,85.00,-21,3,2,2025,2025-07
2025-07-30,2025,R,660604,672820,CH,Changeup,,ball,R,R,CWS,PHI,80.50,,,2,2,2025,2025-07
2025-07-30,2025,R,660604,672820,FF,4-Seam Fastball,,foul,R,R,CWS,PHI,91.50,91.30,39,2,1,2025,2025-07
2025-07-30,2025,R,660604,672820,CH,Changeup,,ball,R,R,CWS,PHI,80.20,,,1,1,2025,2025-07
2025-07-30,2025,R,660604,672820,FF,4-Seam Fastball,,ball,R,R,CWS,PHI,93.00,,,0,1,2025,2025-07
2025-07-30,2025,R,660604,672820,FF,4-Seam Fastball,,foul,R,R,CWS,PHI,92.00,,,0,0,2025,2025-07
2025-07-30,2025,R,660604,678246,FF,4-Seam Fastball,field_out,hit_into_play,R,R,CWS,PHI,93.10,91.70,-2,3,2,2025,2025-07
2025-07-30,2025,R,660604,678246,SL,Slider,,ball,R,R,CWS,PHI,83.30,,,2,2,2025,2025-07
2025-07-30,2025,R,660604,678246,FF,4-Seam Fastball,,called_strike,R,R,CWS,PHI,92.50,,,2,1,2025,2025-07
2025-07-30,2025,R,660604,678246,FF,4-Seam Fastball,,called_strike,R,R,CWS,PHI,91.80,,,2,0,2025,2025-07
2025-07-30,2025,R,660604,678246,SL,Slider,,ball,R,R,CWS,PHI,84.20,,,1,0,2025,2025-07
2025-07-30,2025,R,660604,678246,CU,Curveball,,ball,R,R,CWS,PHI,73.30,,,0,0,2025,2025-07
2025-07-30,2025,R,660787,650490,CH,Changeup,field_error,hit_into_play,R,R,NYY,TB,89.40,63.80,-40,1,1,2025,2025-07
2025-07-30,2025,R,660787,650490,SI,Sinker,,swinging_strike,R,R,NYY,TB,96.30,,,1,0,2025,2025-07
2025-07-30,2025,R,660787,650490,FF,4-Seam Fastball,,ball,R,R,NYY,TB,94.10,,,0,0,2025,2025-07
2025-07-30,2025,R,660787,666018,FF,4-Seam Fastball,strikeout,swinging_strike,L,R,NYY,TB,96.90,,,1,2,2025,2025-07
2025-07-30,2025,R,660787,666018,FF,4-Seam Fastball,,swinging_strike,L,R,NYY,TB,96.90,,,1,1,2025,2025-07
2025-07-30,2025,R,660787,666018,SI,Sinker,,swinging_strike,L,R,NYY,TB,96.60,,,1,0,2025,2025-07
2025-07-30,2025,R,660787,666018,CH,Changeup,,ball,L,R,NYY,TB,88.50,,,0,0,2025,2025-07
2025-07-30,2025,R,660825,609280,ST,Sweeper,field_out,hit_into_play,R,R,ATH,SEA,84.50,88.30,8,1,1,2025,2025-07
2025-07-30,2025,R,660825,609280,ST,Sweeper,,called_strike,R,R,ATH,SEA,80.70,,,1,0,2025,2025-07
2025-07-30,2025,R,660825,609280,SI,Sinker,,ball,R,R,ATH,SEA,95.70,,,0,0,2025,2025-07
2025-07-30,2025,R,660825,667670,SI,Sinker,single,hit_into_play,R,R,ATH,SEA,95.60,100.20,-5,3,2,2025,2025-07
2025-07-30,2025,R,660825,667670,ST,Sweeper,,foul,R,R,ATH,SEA,83.60,68.90,63,3,2,2025,2025-07
2025-07-30,2025,R,660825,667670,SI,Sinker,,foul,R,R,ATH,SEA,95.90,61.80,33,3,2,2025,2025-07
2025-07-30,2025,R,660825,667670,SI,Sinker,,foul,R,R,ATH,SEA,95.50,74.80,57,3,2,2025,2025-07
2025-07-30,2025,R,660825,667670,ST,Sweeper,,ball,R,R,ATH,SEA,83.00,,,2,2,2025,2025-07
2025-07-30,2025,R,660825,667670,ST,Sweeper,,ball,R,R,ATH,SEA,83.60,,,1,2,2025,2025-07
2025-07-30,2025,R,660825,667670,SI,Sinker,,ball,R,R,ATH,SEA,94.20,,,0,2,2025,2025-07
2025-07-30,2025,R,660825,667670,SI,Sinker,,called_strike,R,R,ATH,SEA,94.70,,,0,1,2025,2025-07
2025-07-30,2025,R,660825,667670,SI,Sinker,,foul,R,R,ATH,SEA,93.90,108.20,26,0,0,2025,2025-07
2025-07-30,2025,R,660825,669127,SI,Sinker,field_out,hit_into_play,R,R,ATH,SEA,96.20,82.10,49,0,1,2025,2025-07
2025-07-30,2025,R,660825,669127,SI,Sinker,,called_strike,R,R,ATH,SEA,94.80,,,0,0,2025,2025-07
2025-07-30,2025,R,660825,691016,SI,Sinker,strikeout,called_strike,L,R,ATH,SEA,95.50,,,1,2,2025,2025-07
2025-07-30,2025,R,660825,691016,ST,Sweeper,,swinging_strike,L,R,ATH,SEA,82.30,,,1,1,2025,2025-07
2025-07-30,2025,R,660825,691016,ST,Sweeper,,foul,L,R,ATH,SEA,81.90,66.70,46,1,0,2025,2025-07
2025-07-30,2025,R,660825,691016,ST,Sweeper,,ball,L,R,ATH,SEA,81.10,,,0,0,2025,2025-07
2025-07-30,2025,R,663158,596019,FF,4-Seam Fastball,field_out,hit_into_play,L,R,SD,NYM,98.80,93.90,-26,0,2,2025,2025-07
2025-07-30,2025,R,663158,596019,CH,Changeup,,foul,L,R,SD,NYM,90.90,,,0,1,2025,2025-07
2025-07-30,2025,R,663158,596019,CH,Changeup,,called_strike,L,R,SD,NYM,90.20,,,0,0,2025,2025-07
2025-07-30,2025,R,663158,607043,CH,Changeup,double,hit_into_play,L,R,SD,NYM,90.20,107.10,13,0,1,2025,2025-07
2025-07-30,2025,R,663158,607043,FF,4-Seam Fastball,,called_strike,L,R,SD,NYM,98.70,,,0,0,2025,2025-07
2025-07-30,2025,R,663158,621438,FF,4-Seam Fastball,field_out,hit_into_play,R,R,SD,NYM,98.90,103.10,-19,2,2,2025,2025-07
2025-07-30,2025,R,663158,621438,FF,4-Seam Fastball,,called_strike,R,R,SD,NYM,98.20,,,2,1,2025,2025-07
2025-07-30,2025,R,663158,621438,FF,4-Seam Fastball,,ball,R,R,SD,NYM,97.80,,,1,1,2025,2025-07
2025-07-30,2025,R,663158,621438,FF,4-Seam Fastball,,called_strike,R,R,SD,NYM,97.70,,,1,0,2025,2025-07
2025-07-30,2025,R,663158,621438,FF,4-Seam Fastball,,ball,R,R,SD,NYM,95.50,,,0,0,2025,2025-07
2025-07-30,2025,R,663158,668901,CH,Changeup,strikeout,swinging_strike,R,R,SD,NYM,91.50,,,2,2,2025,2025-07
2025-07-30,2025,R,663158,668901,CH,Changeup,,swinging_strike,R,R,SD,NYM,90.80,,,2,1,2025,2025-07
2025-07-30,2025,R,663158,668901,FF,4-Seam Fastball,,ball,R,R,SD,NYM,97.90,,,1,1,2025,2025-07
2025-07-30,2025,R,663158,668901,SI,Sinker,,foul,R,R,SD,NYM,98.40,70.20,47,1,0,2025,2025-07
2025-07-30,2025,R,663158,668901,FF,4-Seam Fastball,,ball,R,R,SD,NYM,98.50,,,0,0,2025,2025-07
2025-07-30,2025,R,663455,605170,CH,Changeup,strikeout,swinging_strike,R,L,HOU,WSH,88.00,,,3,2,2025,2025-07
2025-07-30,2025,R,663455,605170,FF,4-Seam Fastball,,foul,R,L,HOU,WSH,94.10,80.70,54,3,1,2025,2025-07
2025-07-30,2025,R,663455,605170,CH,Changeup,,ball,R,L,HOU,WSH,86.30,,,2,1,2025,2025-07
2025-07-30,2025,R,663455,605170,CH,Changeup,,ball,R,L,HOU,WSH,85.90,,,1,1,2025,2025-07
2025-07-30,2025,R,663455,605170,FF,4-Seam Fastball,,ball,R,L,HOU,WSH,94.80,,,0,1,2025,2025-07
2025-07-30,2025,R,663455,605170,FF,4-Seam Fastball,,called_strike,R,L,HOU,WSH,96.20,,,0,0,2025,2025-07
2025-07-30,2025,R,663455,643289,FF,4-Seam Fastball,field_out,hit_into_play,R,L,HOU,WSH,95.80,101.60,21,3,2,2025,2025-07
2025-07-30,2025,R,663455,643289,CH,Changeup,,ball,R,L,HOU,WSH,86.90,,,2,2,2025,2025-07
2025-07-30,2025,R,663455,643289,FF,4-Seam Fastball,,called_strike,R,L,HOU,WSH,95.60,,,2,1,2025,2025-07
2025-07-30,2025,R,663455,643289,FF,4-Seam Fastball,,ball,R,L,HOU,WSH,95.70,,,1,1,2025,2025-07
2025-07-30,2025,R,663455,643289,CH,Changeup,,foul,R,L,HOU,WSH,86.40,70.70,-27,1,0,2025,2025-07
2025-07-30,2025,R,663455,643289,SL,Slider,,ball,R,L,HOU,WSH,85.40,,,0,0,2025,2025-07
2025-07-30,2025,R,663455,701358,FF,4-Seam Fastball,strikeout,called_strike,R,L,HOU,WSH,96.00,,,3,2,2025,2025-07
2025-07-30,2025,R,663455,701358,FF,4-Seam Fastball,,foul,R,L,HOU,WSH,94.10,74.10,36,3,1,2025,2025-07
2025-07-30,2025,R,663455,701358,FF,4-Seam Fastball,,ball,R,L,HOU,WSH,93.70,,,2,1,2025,2025-07
2025-07-30,2025,R,663455,701358,CH,Changeup,,ball,R,L,HOU,WSH,84.80,,,1,1,2025,2025-07
2025-07-30,2025,R,663455,701358,FF,4-Seam Fastball,,foul,R,L,HOU,WSH,93.90,,,1,0,2025,2025-07
2025-07-30,2025,R,663455,701358,FF,4-Seam Fastball,,ball,R,L,HOU,WSH,93.30,,,0,0,2025,2025-07
2025-07-30,2025,R,663465,543592,FF,4-Seam Fastball,field_out,hit_into_play,R,L,CLE,COL,89.00,96.00,20,2,2,2025,2025-07
2025-07-30,2025,R,663465,543592,FF,4-Seam Fastball,,ball,R,L,CLE,COL,89.70,,,1,2,2025,2025-07
2025-07-30,2025,R,663465,543592,FF,4-Seam Fastball,,ball,R,L,CLE,COL,89.50,,,0,2,2025,2025-07
2025-07-30,2025,R,663465,543592,CU,Curveball,,foul,R,L,CLE,COL,72.10,,-34,0,1,2025,2025-07
2025-07-30,2025,R,663465,543592,FF,4-Seam Fastball,,called_strike,R,L,CLE,COL,89.70,,,0,0,2025,2025-07
2025-07-30,2025,R,663465,606115,FF,4-Seam Fastball,strikeout,swinging_strike,R,L,CLE,COL,89.90,,,2,2,2025,2025-07
2025-07-30,2025,R,663465,606115,CH,Changeup,,foul_tip,R,L,CLE,COL,81.40,,,2,1,2025,2025-07
2025-07-30,2025,R,663465,606115,FF,4-Seam Fastball,,ball,R,L,CLE,COL,88.80,,,1,1,2025,2025-07
2025-07-30,2025,R,663465,606115,FC,Cutter,,foul,R,L,CLE,COL,84.60,97.80,-8,1,0,2025,2025-07
2025-07-30,2025,R,663465,606115,FF,4-Seam Fastball,,ball,R,L,CLE,COL,89.10,,,0,0,2025,2025-07
2025-07-30,2025,R,663465,642731,FF,4-Seam Fastball,strikeout,swinging_strike,R,L,CLE,COL,89.00,,,2,2,2025,2025-07
2025-07-30,2025,R,663465,642731,CH,Changeup,,ball,R,L,CLE,COL,81.10,,,1,2,2025,2025-07
2025-07-30,2025,R,663465,642731,FC,Cutter,,foul,R,L,CLE,COL,84.40,77.80,79,1,1,2025,2025-07
2025-07-30,2025,R,663465,642731,FF,4-Seam Fastball,,ball,R,L,CLE,COL,89.80,,,0,1,2025,2025-07
2025-07-30,2025,R,663465,642731,FF,4-Seam Fastball,,called_strike,R,L,CLE,COL,89.90,,,0,0,2025,2025-07
2025-07-30,2025,R,663465,671289,CH,Changeup,single,hit_into_play,R,L,CLE,COL,80.70,101.20,7,0,1,2025,2025-07
2025-07-30,2025,R,663465,671289,CH,Changeup,,foul_bunt,R,L,CLE,COL,81.30,,,0,0,2025,2025-07
2025-07-30,2025,R,663465,671289,FF,4-Seam Fastball,field_out,hit_into_play,R,L,CLE,COL,90.10,81.30,-35,3,2,2025,2025-07
2025-07-30,2025,R,663465,671289,FC,Cutter,,called_strike,R,L,CLE,COL,86.20,,,3,1,2025,2025-07
2025-07-30,2025,R,663465,671289,FF,4-Seam Fastball,,called_strike,R,L,CLE,COL,89.00,,,3,0,2025,2025-07
2025-07-30,2025,R,663465,671289,FF,4-Seam Fastball,,ball,R,L,CLE,COL,89.20,,,2,0,2025,2025-07
2025-07-30,2025,R,663465,671289,FF,4-Seam Fastball,,ball,R,L,CLE,COL,89.40,,,1,0,2025,2025-07
2025-07-30,2025,R,663465,671289,FF,4-Seam Fastball,,ball,R,L,CLE,COL,89.80,,,0,0,2025,2025-07
2025-07-30,2025,R,663465,678662,CU,Curveball,field_out,hit_into_play,R,L,CLE,COL,71.50,78.10,28,0,0,2025,2025-07
2025-07-30,2025,R,663465,678662,FF,4-Seam Fastball,field_out,hit_into_play,R,L,CLE,COL,91.00,99.60,47,1,2,2025,2025-07
2025-07-30,2025,R,663465,678662,FC,Cutter,,foul,R,L,CLE,COL,85.70,104.80,18,1,1,2025,2025-07
2025-07-30,2025,R,663465,678662,FC,Cutter,,ball,R,L,CLE,COL,86.50,,,0,1,2025,2025-07
2025-07-30,2025,R,663465,678662,FF,4-Seam Fastball,,foul,R,L,CLE,COL,89.80,75.90,13,0,0,2025,2025-07
2025-07-30,2025,R,663465,682653,FF,4-Seam Fastball,field_out,hit_into_play,R,L,CLE,COL,89.70,75.60,63,0,0,2025,2025-07
2025-07-30,2025,R,663465,686668,FF,4-Seam Fastball,strikeout,called_strike,R,L,CLE,COL,89.00,,,2,2,2025,2025-07
2025-07-30,2025,R,663465,686668,CH,Changeup,,foul,R,L,CLE,COL,81.40,,,2,2,2025,2025-07
2025-07-30,2025,R,663465,686668,FF,4-Seam Fastball,,ball,R,L,CLE,COL,90.10,,,1,2,2025,2025-07
2025-07-30,2025,R,663465,686668,FC,Cutter,,foul,R,L,CLE,COL,85.90,86.00,-27,1,1,2025,2025-07
2025-07-30,2025,R,663465,686668,FF,4-Seam Fastball,,swinging_strike,R,L,CLE,COL,89.00,,,1,0,2025,2025-07
2025-07-30,2025,R,663465,686668,FF,4-Seam Fastball,,ball,R,L,CLE,COL,89.80,,,0,0,2025,2025-07
2025-07-30,2025,R,663465,687597,FF,4-Seam Fastball,strikeout,swinging_strike,R,L,CLE,COL,90.60,,,0,2,2025,2025-07
2025-07-30,2025,R,663465,687597,FC,Cutter,,foul,R,L,CLE,COL,85.30,61.90,34,0,1,2025,2025-07
2025-07-30,2025,R,663465,687597,FF,4-Seam Fastball,,called_strike,R,L,CLE,COL,90.10,,,0,0,2025,2025-07
2025-07-30,2025,R,663465,696100,CH,Changeup,strikeout,swinging_strike_blocked,R,L,CLE,COL,80.80,,,1,2,2025,2025-07
2025-07-30,2025,R,663465,696100,CU,Curveball,,ball,R,L,CLE,COL,70.90,,,0,2,2025,2025-07
2025-07-30,2025,R,663465,696100,CH,Changeup,,swinging_strike,R,L,CLE,COL,82.10,,,0,1,2025,2025-07
2025-07-30,2025,R,663465,696100,CU,Curveball,,called_strike,R,L,CLE,COL,72.80,,,0,0,2025,2025-07
2025-07-30,2025,R,663485,647351,FS,Split-Finger,field_out,hit_into_play,L,R,MIN,BOS,88.50,99.00,16,2,2,2025,2025-07
2025-07-30,2025,R,663485,647351,CU,Curveball,,foul,L,R,MIN,BOS,82.20,90.60,-18,2,2,2025,2025-07
2025-07-30,2025,R,663485,647351,FC,Cutter,,foul,L,R,MIN,BOS,90.60,101.60,-18,2,1,2025,2025-07
2025-07-30,2025,R,663485,647351,FS,Split-Finger,,ball,L,R,MIN,BOS,88.70,,,1,1,2025,2025-07
2025-07-30,2025,R,663485,647351,FF,4-Seam Fastball,,ball,L,R,MIN,BOS,95.60,,,0,1,2025,2025-07
2025-07-30,2025,R,663485,647351,CU,Curveball,,called_strike,L,R,MIN,BOS,81.30,,,0,0,2025,2025-07
2025-07-30,2025,R,663485,657136,FF,4-Seam Fastball,walk,ball,R,R,MIN,BOS,95.70,,,3,2,2025,2025-07
2025-07-30,2025,R,663485,657136,FF,4-Seam Fastball,,ball,R,R,MIN,BOS,95.60,,,2,2,2025,2025-07
2025-07-30,2025,R,663485,657136,FF,4-Seam Fastball,,foul,R,R,MIN,BOS,94.10,24.70,-5,2,2,2025,2025-07
2025-07-30,2025,R,663485,657136,CU,Curveball,,ball,R,R,MIN,BOS,81.40,,,1,2,2025,2025-07
2025-07-30,2025,R,663485,657136,CU,Curveball,,foul,R,R,MIN,BOS,81.80,,,1,1,2025,2025-07
2025-07-30,2025,R,663485,657136,SI,Sinker,,ball,R,R,MIN,BOS,94.00,,,0,1,2025,2025-07
2025-07-30,2025,R,663485,657136,FF,4-Seam Fastball,,called_strike,R,R,MIN,BOS,94.80,,,0,0,2025,2025-07
2025-07-30,2025,R,663485,678882,FF,4-Seam Fastball,strikeout,swinging_strike,R,R,MIN,BOS,94.10,,,1,2,2025,2025-07
2025-07-30,2025,R,663485,678882,CU,Curveball,,ball,R,R,MIN,BOS,81.80,,,0,2,2025,2025-07
2025-07-30,2025,R,663485,678882,FF,4-Seam Fastball,,called_strike,R,R,MIN,BOS,93.80,,,0,1,2025,2025-07
2025-07-30,2025,R,663485,678882,CU,Curveball,,called_strike,R,R,MIN,BOS,80.70,,,0,0,2025,2025-07
2025-07-30,2025,R,663485,701350,FS,Split-Finger,strikeout,swinging_strike,L,R,MIN,BOS,89.10,,,2,2,2025,2025-07
2025-07-30,2025,R,663485,701350,CU,Curveball,,foul,L,R,MIN,BOS,82.70,,,2,2,2025,2025-07
2025-07-30,2025,R,663485,701350,FF,4-Seam Fastball,,ball,L,R,MIN,BOS,96.30,,,1,2,2025,2025-07
2025-07-30,2025,R,663485,701350,FS,Split-Finger,,ball,L,R,MIN,BOS,89.00,,,0,2,2025,2025-07
2025-07-30,2025,R,663485,701350,FS,Split-Finger,,swinging_strike,L,R,MIN,BOS,88.10,,,0,1,2025,2025-07
2025-07-30,2025,R,663485,701350,CU,Curveball,,called_strike,L,R,MIN,BOS,82.00,,,0,0,2025,2025-07
2025-07-30,2025,R,663562,596115,SI,Sinker,strikeout,called_strike,R,R,MIN,BOS,95.00,,,2,2,2025,2025-07
2025-07-30,2025,R,663562,596115,SI,Sinker,,ball,R,R,MIN,BOS,95.90,,,1,2,2025,2025-07
2025-07-30,2025,R,663562,596115,ST,Sweeper,,ball,R,R,MIN,BOS,81.80,,,0,2,2025,2025-07
2025-07-30,2025,R,663562,596115,FC,Cutter,,swinging_strike,R,R,MIN,BOS,88.50,,,0,1,2025,2025-07
2025-07-30,2025,R,663562,596115,SI,Sinker,,called_strike,R,R,MIN,BOS,95.10,,,0,0,2025,2025-07
2025-07-30,2025,R,663562,647351,ST,Sweeper,field_out,hit_into_play,L,R,MIN,BOS,79.80,66.80,21,1,2,2025,2025-07
2025-07-30,2025,R,663562,647351,ST,Sweeper,,blocked_ball,L,R,MIN,BOS,80.40,,,0,2,2025,2025-07
2025-07-30,2025,R,663562,647351,ST,Sweeper,,swinging_strike,L,R,MIN,BOS,79.30,,,0,1,2025,2025-07
2025-07-30,2025,R,663562,647351,FC,Cutter,,called_strike,L,R,MIN,BOS,89.10,,,0,0,2025,2025-07
2025-07-30,2025,R,663562,657136,ST,Sweeper,field_out,hit_into_play,R,R,MIN,BOS,78.90,67.90,-40,2,2,2025,2025-07
2025-07-30,2025,R,663562,657136,SI,Sinker,,called_strike,R,R,MIN,BOS,93.40,,,2,1,2025,2025-07
2025-07-30,2025,R,663562,657136,SI,Sinker,,foul,R,R,MIN,BOS,93.90,67.40,60,2,0,2025,2025-07
2025-07-30,2025,R,663562,657136,SI,Sinker,,ball,R,R,MIN,BOS,93.90,,,1,0,2025,2025-07
2025-07-30,2025,R,663562,657136,SI,Sinker,,ball,R,R,MIN,BOS,94.00,,,0,0,2025,2025-07
2025-07-30,2025,R,663562,663853,FC,Cutter,strikeout,swinging_strike,R,R,MIN,BOS,88.00,,,3,2,2025,2025-07
2025-07-30,2025,R,663562,663853,SI,Sinker,,ball,R,R,MIN,BOS,94.40,,,2,2,2025,2025-07
2025-07-30,2025,R,663562,663853,SI,Sinker,,foul,R,R,MIN,BOS,94.20,54.50,-31,2,1,2025,2025-07
2025-07-30,2025,R,663562,663853,SI,Sinker,,foul,R,R,MIN,BOS,93.30,64.20,53,2,0,2025,2025-07
2025-07-30,2025,R,663562,663853,FC,Cutter,,ball,R,R,MIN,BOS,85.90,,,1,0,2025,2025-07
2025-07-30,2025,R,663562,663853,SI,Sinker,,ball,R,R,MIN,BOS,95.80,,,0,0,2025,2025-07
2025-07-30,2025,R,663562,677800,FF,4-Seam Fastball,field_out,hit_into_play,L,R,MIN,BOS,94.70,99.00,24,1,1,2025,2025-07
2025-07-30,2025,R,663562,677800,FC,Cutter,,foul,L,R,MIN,BOS,88.40,107.90,51,1,0,2025,2025-07
2025-07-30,2025,R,663562,677800,FC,Cutter,,ball,L,R,MIN,BOS,87.60,,,0,0,2025,2025-07
2025-07-30,2025,R,663562,680776,FC,Cutter,home_run,hit_into_play,L,R,MIN,BOS,87.40,107.50,29,0,0,2025,2025-07
2025-07-30,2025,R,663562,701350,ST,Sweeper,hit_by_pitch,hit_by_pitch,L,R,MIN,BOS,77.70,,,1,0,2025,2025-07
2025-07-30,2025,R,663562,701350,ST,Sweeper,,ball,L,R,MIN,BOS,78.50,,,0,0,2025,2025-07
2025-07-30,2025,R,663562,807799,SI,Sinker,strikeout,called_strike,L,R,MIN,BOS,94.20,,,2,2,2025,2025-07
2025-07-30,2025,R,663562,807799,ST,Sweeper,,ball,L,R,MIN,BOS,80.30,,,1,2,2025,2025-07
2025-07-30,2025,R,663562,807799,ST,Sweeper,,swinging_strike,L,R,MIN,BOS,78.10,,,1,1,2025,2025-07
2025-07-30,2025,R,663562,807799,ST,Sweeper,,ball,L,R,MIN,BOS,78.40,,,0,1,2025,2025-07
2025-07-30,2025,R,663562,807799,SI,Sinker,,called_strike,L,R,MIN,BOS,92.50,,,0,0,2025,2025-07
2025-07-30,2025,R,663574,500743,FF,4-Seam Fastball,strikeout,called_strike,R,R,CIN,LAD,97.30,,,2,2,2025,2025-07
2025-07-30,2025,R,663574,500743,FF,4-Seam Fastball,,ball,R,R,CIN,LAD,96.80,,,1,2,2025,2025-07
2025-07-30,2025,R,663574,500743,SV,Slurve,,called_strike,R,R,CIN,LAD,85.70,,,1,1,2025,2025-07
2025-07-30,2025,R,663574,500743,FF,4-Seam Fastball,,ball,R,R,CIN,LAD,96.30,,,0,1,2025,2025-07
2025-07-30,2025,R,663574,500743,FF,4-Seam Fastball,,called_strike,R,R,CIN,LAD,95.30,,,0,0,2025,2025-07
2025-07-30,2025,R,663574,605141,SV,Slurve,field_out,hit_into_play,R,R,CIN,LAD,86.30,96.40,21,1,2,2025,2025-07
2025-07-30,2025,R,663574,605141,FF,4-Seam Fastball,,foul,R,R,CIN,LAD,97.50,75.20,75,1,2,2025,2025-07
2025-07-30,2025,R,663574,605141,SV,Slurve,,ball,R,R,CIN,LAD,86.40,,,0,2,2025,2025-07
2025-07-30,2025,R,663574,605141,SV,Slurve,,foul,R,R,CIN,LAD,87.00,79.50,44,0,1,2025,2025-07
2025-07-30,2025,R,663574,605141,FF,4-Seam Fastball,,called_strike,R,R,CIN,LAD,97.00,,,0,0,2025,2025-07
2025-07-30,2025,R,663574,660271,FF,4-Seam Fastball,field_out,hit_into_play,L,R,CIN,LAD,97.10,104.50,20,1,1,2025,2025-07
2025-07-30,2025,R,663574,660271,FF,4-Seam Fastball,,foul,L,R,CIN,LAD,97.40,80.80,71,1,0,2025,2025-07
2025-07-30,2025,R,663574,660271,FF,4-Seam Fastball,,ball,L,R,CIN,LAD,98.10,,,0,0,2025,2025-07
2025-07-30,2025,R,663574,690976,SV,Slurve,hit_by_pitch,hit_by_pitch,L,R,CIN,LAD,86.70,,,1,2,2025,2025-07
2025-07-30,2025,R,663574,690976,FF,4-Seam Fastball,,foul,L,R,CIN,LAD,96.30,88.10,52,1,1,2025,2025-07
2025-07-30,2025,R,663574,690976,SV,Slurve,,swinging_strike,L,R,CIN,LAD,85.80,,,1,0,2025,2025-07
2025-07-30,2025,R,663574,690976,SV,Slurve,,ball,L,R,CIN,LAD,85.90,,,0,0,2025,2025-07
2025-07-30,2025,R,663671,642731,FF,4-Seam Fastball,field_out,hit_into_play,R,R,CLE,COL,90.50,99.20,-5,0,1,2025,2025-07
2025-07-30,2025,R,663671,642731,SL,Slider,,swinging_strike,R,R,CLE,COL,84.50,,,0,0,2025,2025-07
2025-07-30,2025,R,663671,678662,FF,4-Seam Fastball,field_out,hit_into_play,R,R,CLE,COL,92.80,107.30,16,3,2,2025,2025-07
2025-07-30,2025,R,663671,678662,FF,4-Seam Fastball,,foul,R,R,CLE,COL,93.40,73.80,28,3,2,2025,2025-07
2025-07-30,2025,R,663671,678662,FF,4-Seam Fastball,,ball,R,R,CLE,COL,91.90,,,2,2,2025,2025-07
2025-07-30,2025,R,663671,678662,FF,4-Seam Fastball,,ball,R,R,CLE,COL,93.80,,,1,2,2025,2025-07
2025-07-30,2025,R,663671,678662,FF,4-Seam Fastball,,ball,R,R,CLE,COL,94.40,,,0,2,2025,2025-07
2025-07-30,2025,R,663671,678662,SL,Slider,,swinging_strike,R,R,CLE,COL,85.60,,,0,1,2025,2025-07
2025-07-30,2025,R,663671,678662,FF,4-Seam Fastball,,foul,R,R,CLE,COL,94.40,82.90,45,0,0,2025,2025-07
2025-07-30,2025,R,663671,682653,FF,4-Seam Fastball,single,hit_into_play,R,R,CLE,COL,93.50,99.30,1,1,2,2025,2025-07
2025-07-30,2025,R,663671,682653,FF,4-Seam Fastball,,foul,R,R,CLE,COL,92.20,75.10,10,1,1,2025,2025-07
2025-07-30,2025,R,663671,682653,FF,4-Seam Fastball,,called_strike,R,R,CLE,COL,93.00,,,1,0,2025,2025-07
2025-07-30,2025,R,663671,682653,FF,4-Seam Fastball,,ball,R,R,CLE,COL,93.60,,,0,0,2025,2025-07
2025-07-30,2025,R,663671,687597,FF,4-Seam Fastball,field_out,hit_into_play,R,R,CLE,COL,93.20,94.00,53,2,2,2025,2025-07
2025-07-30,2025,R,663671,687597,SL,Slider,,ball,R,R,CLE,COL,85.90,,,1,2,2025,2025-07
2025-07-30,2025,R,663671,687597,FF,4-Seam Fastball,,called_strike,R,R,CLE,COL,91.70,,,1,1,2025,2025-07
2025-07-30,2025,R,663671,687597,FF,4-Seam Fastball,,ball,R,R,CLE,COL,92.40,,,0,1,2025,2025-07
2025-07-30,2025,R,663671,687597,FF,4-Seam Fastball,,called_strike,R,R,CLE,COL,94.10,,,0,0,2025,2025-07
2025-07-30,2025,R,663671,696100,FF,4-Seam Fastball,walk,ball,R,R,CLE,COL,93.70,,,3,2,2025,2025-07
2025-07-30,2025,R,663671,696100,FF,4-Seam Fastball,,ball,R,R,CLE,COL,94.20,,,2,2,2025,2025-07
2025-07-30,2025,R,663671,696100,SL,Slider,,ball,R,R,CLE,COL,84.80,,,1,2,2025,2025-07
2025-07-30,2025,R,663671,696100,CU,Curveball,,ball,R,R,CLE,COL,83.40,,,0,2,2025,2025-07
2025-07-30,2025,R,663671,696100,FF,4-Seam Fastball,,foul,R,R,CLE,COL,93.90,80.90,17,0,2,2025,2025-07
2025-07-30,2025,R,663671,696100,SL,Slider,,foul,R,R,CLE,COL,85.80,87.90,-34,0,1,2025,2025-07
2025-07-30,2025,R,663671,696100,FF,4-Seam Fastball,,foul,R,R,CLE,COL,94.50,70.10,-54,0,0,2025,2025-07
2025-07-30,2025,R,663893,668939,FC,Cutter,strikeout,swinging_strike,R,L,BAL,TOR,92.20,,,2,2,2025,2025-07
2025-07-30,2025,R,663893,668939,KC,Knuckle Curve,,ball,R,L,BAL,TOR,86.70,,,1,2,2025,2025-07
2025-07-30,2025,R,663893,668939,KC,Knuckle Curve,,ball,R,L,BAL,TOR,87.30,,,0,2,2025,2025-07
2025-07-30,2025,R,663893,668939,FC,Cutter,,foul,R,L,BAL,TOR,93.00,93.60,9,0,1,2025,2025-07
2025-07-30,2025,R,663893,668939,FC,Cutter,,called_strike,R,L,BAL,TOR,93.00,,,0,0,2025,2025-07
2025-07-30,2025,R,663893,683002,SI,Sinker,field_out,hit_into_play,L,L,BAL,TOR,93.40,103.10,-20,2,1,2025,2025-07
2025-07-30,2025,R,663893,683002,KC,Knuckle Curve,,ball,L,L,BAL,TOR,86.90,,,1,1,2025,2025-07
2025-07-30,2025,R,663893,683002,SI,Sinker,,swinging_strike,L,L,BAL,TOR,92.40,,,1,0,2025,2025-07
2025-07-30,2025,R,663893,683002,SI,Sinker,,ball,L,L,BAL,TOR,92.50,,,0,0,2025,2025-07
2025-07-30,2025,R,663941,643396,CU,Curveball,field_out,hit_into_play,R,R,SF,PIT,81.10,66.00,-41,3,2,2025,2025-07
2025-07-30,2025,R,663941,643396,FF,4-Seam Fastball,,called_strike,R,R,SF,PIT,94.10,,,3,1,2025,2025-07
2025-07-30,2025,R,663941,643396,CU,Curveball,,ball,R,R,SF,PIT,80.60,,,2,1,2025,2025-07
2025-07-30,2025,R,663941,643396,CU,Curveball,,ball,R,R,SF,PIT,78.00,,,1,1,2025,2025-07
2025-07-30,2025,R,663941,643396,ST,Sweeper,,ball,R,R,SF,PIT,79.20,,,0,1,2025,2025-07
2025-07-30,2025,R,663941,643396,SL,Slider,,swinging_strike,R,R,SF,PIT,89.50,,,0,0,2025,2025-07
2025-07-30,2025,R,663941,669261,FF,4-Seam Fastball,field_out,hit_into_play,L,R,SF,PIT,93.20,87.30,50,0,1,2025,2025-07
2025-07-30,2025,R,663941,669261,CU,Curveball,,foul,L,R,SF,PIT,79.90,,,0,0,2025,2025-07
2025-07-30,2025,R,663941,678894,SL,Slider,force_out,hit_into_play,R,R,SF,PIT,88.60,71.00,-1,0,1,2025,2025-07
2025-07-30,2025,R,663941,678894,FF,4-Seam Fastball,,called_strike,R,R,SF,PIT,94.60,,,0,0,2025,2025-07
2025-07-30,2025,R,663941,680779,FF,4-Seam Fastball,walk,ball,R,R,SF,PIT,94.70,,,3,1,2025,2025-07
2025-07-30,2025,R,663941,680779,FF,4-Seam Fastball,,called_strike,R,R,SF,PIT,92.90,,,3,0,2025,2025-07
2025-07-30,2025,R,663941,680779,SL,Slider,,ball,R,R,SF,PIT,88.80,,,2,0,2025,2025-07
2025-07-30,2025,R,663941,680779,ST,Sweeper,,ball,R,R,SF,PIT,83.10,,,1,0,2025,2025-07
2025-07-30,2025,R,663941,680779,FF,4-Seam Fastball,,ball,R,R,SF,PIT,94.50,,,0,0,2025,2025-07
2025-07-30,2025,R,663941,693304,ST,Sweeper,field_out,hit_into_play,R,R,SF,PIT,81.20,90.70,55,0,1,2025,2025-07
2025-07-30,2025,R,663941,693304,SL,Slider,,foul,R,R,SF,PIT,88.80,77.20,23,0,0,2025,2025-07
2025-07-30,2025,R,663969,571448,ST,Sweeper,strikeout,called_strike,R,R,STL,MIA,84.20,,,0,2,2025,2025-07
2025-07-30,2025,R,663969,571448,CU,Curveball,,foul,R,R,STL,MIA,83.20,71.90,-45,0,1,2025,2025-07
2025-07-30,2025,R,663969,571448,SI,Sinker,,foul,R,R,STL,MIA,95.60,,,0,0,2025,2025-07
2025-07-30,2025,R,663969,575929,SI,Sinker,grounded_into_double_play,hit_into_play,R,R,STL,MIA,95.90,90.00,-15,1,2,2025,2025-07
2025-07-30,2025,R,663969,575929,ST,Sweeper,,foul,R,R,STL,MIA,83.30,48.30,-3,1,1,2025,2025-07
2025-07-30,2025,R,663969,575929,SI,Sinker,,ball,R,R,STL,MIA,95.10,,,0,1,2025,2025-07
2025-07-30,2025,R,663969,575929,SI,Sinker,,called_strike,R,R,STL,MIA,95.40,,,0,0,2025,2025-07
2025-07-30,2025,R,663969,650968,SI,Sinker,field_out,hit_into_play,R,R,STL,MIA,94.90,109.00,-19,0,1,2025,2025-07
2025-07-30,2025,R,663969,650968,ST,Sweeper,,swinging_strike,R,R,STL,MIA,82.90,,,0,0,2025,2025-07
2025-07-30,2025,R,663969,671056,ST,Sweeper,strikeout,swinging_strike,R,R,STL,MIA,83.70,,,2,2,2025,2025-07
2025-07-30,2025,R,663969,671056,ST,Sweeper,,blocked_ball,R,R,STL,MIA,84.30,,,1,2,2025,2025-07
2025-07-30,2025,R,663969,671056,SI,Sinker,,called_strike,R,R,STL,MIA,96.30,,,1,1,2025,2025-07
2025-07-30,2025,R,663969,671056,ST,Sweeper,,swinging_strike,R,R,STL,MIA,84.40,,,1,0,2025,2025-07
2025-07-30,2025,R,663969,671056,ST,Sweeper,,ball,R,R,STL,MIA,84.20,,,0,0,2025,2025-07
2025-07-30,2025,R,663969,676475,FS,Split-Finger,single,hit_into_play,L,R,STL,MIA,87.10,74.60,-68,2,2,2025,2025-07
2025-07-30,2025,R,663969,676475,FS,Split-Finger,,foul,L,R,STL,MIA,87.00,100.40,-47,2,1,2025,2025-07
2025-07-30,2025,R,663969,676475,CU,Curveball,,ball,L,R,STL,MIA,83.10,,,1,1,2025,2025-07
2025-07-30,2025,R,663969,676475,SI,Sinker,,called_strike,L,R,STL,MIA,94.70,,,1,0,2025,2025-07
2025-07-30,2025,R,663969,676475,CU,Curveball,,ball,L,R,STL,MIA,82.40,,,0,0,2025,2025-07
2025-07-30,2025,R,663969,680977,ST,Sweeper,walk,ball,L,R,STL,MIA,84.40,,,3,2,2025,2025-07
2025-07-30,2025,R,663969,680977,SI,Sinker,,foul,L,R,STL,MIA,95.40,96.20,27,3,2,2025,2025-07
2025-07-30,2025,R,663969,680977,CU,Curveball,,ball,L,R,STL,MIA,83.50,,,2,2,2025,2025-07
2025-07-30,2025,R,663969,680977,FF,4-Seam Fastball,,ball,L,R,STL,MIA,95.70,,,1,2,2025,2025-07
2025-07-30,2025,R,663969,680977,FS,Split-Finger,,foul,L,R,STL,MIA,85.30,71.20,17,1,1,2025,2025-07
2025-07-30,2025,R,663969,680977,FC,Cutter,,foul,L,R,STL,MIA,89.40,,,1,0,2025,2025-07
2025-07-30,2025,R,663969,680977,SI,Sinker,,ball,L,R,STL,MIA,94.40,,,0,0,2025,2025-07
2025-07-30,2025,R,663969,687363,SI,Sinker,force_out,hit_into_play,L,R,STL,MIA,94.80,101.10,4,0,1,2025,2025-07
2025-07-30,2025,R,663969,687363,CU,Curveball,,swinging_strike,L,R,STL,MIA,84.80,,,0,0,2025,2025-07
2025-07-30,2025,R,663969,691023,FF,4-Seam Fastball,strikeout,swinging_strike,R,R,STL,MIA,96.40,,,2,2,2025,2025-07
2025-07-30,2025,R,663969,691023,ST,Sweeper,,ball,R,R,STL,MIA,83.60,,,1,2,2025,2025-07
2025-07-30,2025,R,663969,691023,ST,Sweeper,,called_strike,R,R,STL,MIA,83.80,,,1,1,2025,2025-07
2025-07-30,2025,R,663969,691023,ST,Sweeper,,swinging_strike,R,R,STL,MIA,82.50,,,1,0,2025,2025-07
2025-07-30,2025,R,663969,691023,ST,Sweeper,,ball,R,R,STL,MIA,84.00,,,0,0,2025,2025-07
2025-07-30,2025,R,663969,695336,SI,Sinker,single,hit_into_play,R,R,STL,MIA,94.80,104.20,7,0,0,2025,2025-07
2025-07-30,2025,R,663978,553993,CH,Changeup,strikeout,swinging_strike,R,R,DET,AZ,84.80,,,3,2,2025,2025-07
2025-07-30,2025,R,663978,553993,CH,Changeup,,ball,R,R,DET,AZ,84.80,,,2,2,2025,2025-07
2025-07-30,2025,R,663978,553993,SI,Sinker,,foul,R,R,DET,AZ,93.60,77.70,8,2,1,2025,2025-07
2025-07-30,2025,R,663978,553993,SI,Sinker,,foul_tip,R,R,DET,AZ,93.50,,,2,0,2025,2025-07
2025-07-30,2025,R,663978,553993,CU,Curveball,,ball,R,R,DET,AZ,78.40,,,1,0,2025,2025-07
2025-07-30,2025,R,663978,553993,FC,Cutter,,ball,R,R,DET,AZ,89.60,,,0,0,2025,2025-07
2025-07-30,2025,R,663978,553993,SI,Sinker,field_out,hit_into_play,R,R,DET,AZ,92.60,91.50,29,0,0,2025,2025-07
2025-07-30,2025,R,663978,553993,SI,Sinker,,foul,R,R,DET,AZ,93.00,,,0,0,2025,2025-07
2025-07-30,2025,R,663978,606466,CH,Changeup,field_out,hit_into_play,L,R,DET,AZ,84.80,99.60,-21,3,2,2025,2025-07
2025-07-30,2025,R,663978,606466,FF,4-Seam Fastball,,swinging_strike,L,R,DET,AZ,93.20,,,3,1,2025,2025-07
2025-07-30,2025,R,663978,606466,CU,Curveball,,ball,L,R,DET,AZ,78.40,,,2,1,2025,2025-07
2025-07-30,2025,R,663978,606466,FF,4-Seam Fastball,,ball,L,R,DET,AZ,93.10,,,1,1,2025,2025-07
2025-07-30,2025,R,663978,606466,CH,Changeup,,ball,L,R,DET,AZ,84.60,,,0,1,2025,2025-07
2025-07-30,2025,R,663978,606466,CH,Changeup,,called_strike,L,R,DET,AZ,84.10,,,0,0,2025,2025-07
2025-07-30,2025,R,663978,606466,CH,Changeup,field_out,hit_into_play,L,R,DET,AZ,84.40,99.50,-10,1,1,2025,2025-07
2025-07-30,2025,R,663978,606466,CU,Curveball,,ball,L,R,DET,AZ,77.60,,,0,1,2025,2025-07
2025-07-30,2025,R,663978,606466,FF,4-Seam Fastball,,foul,L,R,DET,AZ,92.60,73.20,38,0,0,2025,2025-07
2025-07-30,2025,R,663978,606466,FF,4-Seam Fastball,field_out,hit_into_play,L,R,DET,AZ,94.80,91.30,60,1,2,2025,2025-07
2025-07-30,2025,R,663978,606466,CH,Changeup,,foul,L,R,DET,AZ,85.80,106.40,14,1,1,2025,2025-07
2025-07-30,2025,R,663978,606466,CU,Curveball,,ball,L,R,DET,AZ,77.90,,,0,1,2025,2025-07
2025-07-30,2025,R,663978,606466,FF,4-Seam Fastball,,called_strike,L,R,DET,AZ,93.20,,,0,0,2025,2025-07
2025-07-30,2025,R,663978,663536,SI,Sinker,field_out,hit_into_play,R,R,DET,AZ,94.80,93.50,31,3,2,2025,2025-07
2025-07-30,2025,R,663978,663536,FF,4-Seam Fastball,,ball,R,R,DET,AZ,96.30,,,2,2,2025,2025-07
2025-07-30,2025,R,663978,663536,FF,4-Seam Fastball,,foul,R,R,DET,AZ,95.70,77.60,49,2,2,2025,2025-07
2025-07-30,2025,R,663978,663536,FF,4-Seam Fastball,,foul,R,R,DET,AZ,94.70,78.90,73,2,2,2025,2025-07
2025-07-30,2025,R,663978,663536,FF,4-Seam Fastball,,ball,R,R,DET,AZ,94.10,,,1,2,2025,2025-07
2025-07-30,2025,R,663978,663536,CH,Changeup,,foul,R,R,DET,AZ,84.60,81.50,-23,1,2,2025,2025-07
2025-07-30,2025,R,663978,663536,CH,Changeup,,foul,R,R,DET,AZ,85.50,99.20,14,1,1,2025,2025-07
2025-07-30,2025,R,663978,663536,SI,Sinker,,foul,R,R,DET,AZ,93.60,94.40,-3,1,0,2025,2025-07
2025-07-30,2025,R,663978,663536,CH,Changeup,,ball,R,R,DET,AZ,84.80,,,0,0,2025,2025-07
2025-07-30,2025,R,663978,663536,SI,Sinker,field_out,hit_into_play,R,R,DET,AZ,93.00,95.60,19,0,1,2025,2025-07
2025-07-30,2025,R,663978,663536,FF,4-Seam Fastball,,called_strike,R,R,DET,AZ,91.80,,,0,0,2025,2025-07
2025-07-30,2025,R,663978,666971,FF,4-Seam Fastball,field_out,hit_into_play,R,R,DET,AZ,95.30,107.60,-17,0,2,2025,2025-07
2025-07-30,2025,R,663978,666971,FF,4-Seam Fastball,,foul,R,R,DET,AZ,92.70,71.80,16,0,1,2025,2025-07
2025-07-30,2025,R,663978,666971,CU,Curveball,,called_strike,R,R,DET,AZ,77.40,,,0,0,2025,2025-07
2025-07-30,2025,R,663978,666971,FF,4-Seam Fastball,field_out,hit_into_play,R,R,DET,AZ,92.90,95.90,32,0,0,2025,2025-07
2025-07-30,2025,R,663978,672695,CH,Changeup,single,hit_into_play,L,R,DET,AZ,83.70,100.60,14,0,0,2025,2025-07
2025-07-30,2025,R,663978,672695,FF,4-Seam Fastball,single,hit_into_play,L,R,DET,AZ,93.60,78.70,16,0,1,2025,2025-07
2025-07-30,2025,R,663978,672695,FF,4-Seam Fastball,,called_strike,L,R,DET,AZ,93.30,,,0,0,2025,2025-07
2025-07-30,2025,R,663978,677942,CH,Changeup,strikeout,swinging_strike,R,R,DET,AZ,85.70,,,3,2,2025,2025-07
2025-07-30,2025,R,663978,677942,FC,Cutter,,foul,R,R,DET,AZ,87.50,85.10,32,3,2,2025,2025-07
2025-07-30,2025,R,663978,677942,FF,4-Seam Fastball,,foul,R,R,DET,AZ,94.60,77.30,20,3,2,2025,2025-07
2025-07-30,2025,R,663978,677942,FC,Cutter,,ball,R,R,DET,AZ,86.80,,,2,2,2025,2025-07
2025-07-30,2025,R,663978,677942,FC,Cutter,,ball,R,R,DET,AZ,86.90,,,1,2,2025,2025-07
2025-07-30,2025,R,663978,677942,FF,4-Seam Fastball,,called_strike,R,R,DET,AZ,93.80,,,1,1,2025,2025-07
2025-07-30,2025,R,663978,677942,FC,Cutter,,swinging_strike,R,R,DET,AZ,88.00,,,1,0,2025,2025-07
2025-07-30,2025,R,663978,677942,CU,Curveball,,ball,R,R,DET,AZ,79.10,,,0,0,2025,2025-07
2025-07-30,2025,R,663978,677942,FF,4-Seam Fastball,strikeout,called_strike,R,R,DET,AZ,94.90,,,2,2,2025,2025-07
2025-07-30,2025,R,663978,677942,FF,4-Seam Fastball,,ball,R,R,DET,AZ,95.00,,,1,2,2025,2025-07
2025-07-30,2025,R,663978,677942,FF,4-Seam Fastball,,ball,R,R,DET,AZ,95.20,,,0,2,2025,2025-07
2025-07-30,2025,R,663978,677942,CU,Curveball,,swinging_strike,R,R,DET,AZ,77.80,,,0,1,2025,2025-07
2025-07-30,2025,R,663978,677942,FF,4-Seam Fastball,,called_strike,R,R,DET,AZ,92.50,,,0,0,2025,2025-07
2025-07-30,2025,R,663978,678489,CU,Curveball,strikeout,swinging_strike,L,R,DET,AZ,78.40,,,1,2,2025,2025-07
2025-07-30,2025,R,663978,678489,FF,4-Seam Fastball,,ball,L,R,DET,AZ,94.40,,,0,2,2025,2025-07
2025-07-30,2025,R,663978,678489,CU,Curveball,,called_strike,L,R,DET,AZ,76.90,,,0,1,2025,2025-07
2025-07-30,2025,R,663978,678489,FF,4-Seam Fastball,,called_strike,L,R,DET,AZ,93.50,,,0,0,2025,2025-07
2025-07-30,2025,R,663978,678489,FF,4-Seam Fastball,field_out,hit_into_play,L,R,DET,AZ,94.70,84.60,-33,0,1,2025,2025-07
2025-07-30,2025,R,663978,678489,FC,Cutter,,called_strike,L,R,DET,AZ,88.10,,,0,0,2025,2025-07
2025-07-30,2025,R,663978,680728,FF,4-Seam Fastball,field_out,hit_into_play,L,R,DET,AZ,95.30,98.00,23,1,2,2025,2025-07
2025-07-30,2025,R,663978,680728,CH,Changeup,,foul,L,R,DET,AZ,84.20,73.00,60,1,2,2025,2025-07
2025-07-30,2025,R,663978,680728,FF,4-Seam Fastball,,foul,L,R,DET,AZ,95.00,74.10,37,1,2,2025,2025-07
2025-07-30,2025,R,663978,680728,CH,Changeup,,foul,L,R,DET,AZ,84.70,66.30,-37,1,2,2025,2025-07
2025-07-30,2025,R,663978,680728,CH,Changeup,,ball,L,R,DET,AZ,84.20,,,0,2,2025,2025-07
2025-07-30,2025,R,663978,680728,FF,4-Seam Fastball,,foul,L,R,DET,AZ,93.00,72.00,31,0,1,2025,2025-07
2025-07-30,2025,R,663978,680728,CU,Curveball,,called_strike,L,R,DET,AZ,77.00,,,0,0,2025,2025-07
2025-07-30,2025,R,663978,680728,FF,4-Seam Fastball,strikeout,swinging_strike,L,R,DET,AZ,93.30,,,2,2,2025,2025-07
2025-07-30,2025,R,663978,680728,FF,4-Seam Fastball,,ball,L,R,DET,AZ,93.80,,,1,2,2025,2025-07
2025-07-30,2025,R,663978,680728,FC,Cutter,,foul,L,R,DET,AZ,85.00,58.30,57,1,1,2025,2025-07
2025-07-30,2025,R,663978,680728,FC,Cutter,,ball,L,R,DET,AZ,84.60,,,0,1,2025,2025-07
2025-07-30,2025,R,663978,680728,FF,4-Seam Fastball,,called_strike,L,R,DET,AZ,92.60,,,0,0,2025,2025-07
2025-07-30,2025,R,663978,682998,CH,Changeup,field_out,hit_into_play,L,R,DET,AZ,83.80,100.10,-14,3,1,2025,2025-07
2025-07-30,2025,R,663978,682998,FF,4-Seam Fastball,,called_strike,L,R,DET,AZ,93.50,,,3,0,2025,2025-07
2025-07-30,2025,R,663978,682998,CH,Changeup,,ball,L,R,DET,AZ,84.30,,,2,0,2025,2025-07
2025-07-30,2025,R,663978,682998,CH,Changeup,,ball,L,R,DET,AZ,84.80,,,1,0,2025,2025-07
2025-07-30,2025,R,663978,682998,CU,Curveball,,ball,L,R,DET,AZ,78.30,,,0,0,2025,2025-07
2025-07-30,2025,R,663978,682998,FC,Cutter,double,hit_into_play,L,R,DET,AZ,88.00,111.10,16,1,0,2025,2025-07
2025-07-30,2025,R,663978,682998,CH,Changeup,,ball,L,R,DET,AZ,83.90,,,0,0,2025,2025-07
2025-07-30,2025,R,663978,682998,CH,Changeup,field_out,hit_into_play,L,R,DET,AZ,85.40,98.50,-14,2,2,2025,2025-07
2025-07-30,2025,R,663978,682998,CH,Changeup,,foul,L,R,DET,AZ,84.50,71.50,-31,2,2,2025,2025-07
2025-07-30,2025,R,663978,682998,CH,Changeup,,ball,L,R,DET,AZ,85.50,,,1,2,2025,2025-07
2025-07-30,2025,R,663978,682998,FC,Cutter,,foul,L,R,DET,AZ,85.10,85.10,72,1,2,2025,2025-07
2025-07-30,2025,R,663978,682998,FF,4-Seam Fastball,,foul,L,R,DET,AZ,92.40,109.80,40,1,1,2025,2025-07
2025-07-30,2025,R,663978,682998,FF,4-Seam Fastball,,ball,L,R,DET,AZ,92.80,,,0,1,2025,2025-07
2025-07-30,2025,R,663978,682998,FF,4-Seam Fastball,,foul,L,R,DET,AZ,93.10,74.50,43,0,0,2025,2025-07
2025-07-30,2025,R,664076,519317,SL,Slider,strikeout,swinging_strike,R,L,NYY,TB,86.70,,,1,2,2025,2025-07
2025-07-30,2025,R,664076,519317,SI,Sinker,,ball,R,L,NYY,TB,96.20,,,0,2,2025,2025-07
2025-07-30,2025,R,664076,519317,SI,Sinker,,foul,R,L,NYY,TB,95.80,77.80,31,0,1,2025,2025-07
2025-07-30,2025,R,664076,519317,SI,Sinker,,called_strike,R,L,NYY,TB,95.20,,,0,0,2025,2025-07
2025-07-30,2025,R,664076,665862,SI,Sinker,field_out,hit_into_play,L,L,NYY,TB,96.50,71.20,-10,0,0,2025,2025-07
2025-07-30,2025,R,664076,691176,SI,Sinker,field_out,hit_into_play,R,L,NYY,TB,96.10,101.90,-4,0,0,2025,2025-07
2025-07-30,2025,R,664126,641857,SL,Slider,strikeout,swinging_strike,L,R,NYY,TB,86.50,,,1,2,2025,2025-07
2025-07-30,2025,R,664126,641857,FF,4-Seam Fastball,,ball,L,R,NYY,TB,98.30,,,0,2,2025,2025-07
2025-07-30,2025,R,664126,641857,SL,Slider,,called_strike,L,R,NYY,TB,85.10,,,0,1,2025,2025-07
2025-07-30,2025,R,664126,641857,FF,4-Seam Fastball,,foul,L,R,NYY,TB,97.50,77.30,22,0,0,2025,2025-07
2025-07-30,2025,R,664126,663757,SL,Slider,grounded_into_double_play,hit_into_play,L,R,NYY,TB,86.60,37.90,-18,0,0,2025,2025-07
2025-07-30,2025,R,664126,669224,FF,4-Seam Fastball,single,hit_into_play,L,R,NYY,TB,97.70,69.70,31,1,2,2025,2025-07
2025-07-30,2025,R,664126,669224,FF,4-Seam Fastball,,ball,L,R,NYY,TB,99.10,,,0,2,2025,2025-07
2025-07-30,2025,R,664126,669224,FF,4-Seam Fastball,,swinging_strike,L,R,NYY,TB,99.00,,,0,1,2025,2025-07
2025-07-30,2025,R,664126,669224,FF,4-Seam Fastball,,called_strike,L,R,NYY,TB,97.60,,,0,0,2025,2025-07
2025-07-30,2025,R,664126,683011,SL,Slider,home_run,hit_into_play,R,R,NYY,TB,86.00,97.70,33,1,1,2025,2025-07
2025-07-30,2025,R,664126,683011,FF,4-Seam Fastball,,foul,R,R,NYY,TB,97.80,72.50,62,1,0,2025,2025-07
2025-07-30,2025,R,664126,683011,FF,4-Seam Fastball,,ball,R,R,NYY,TB,98.60,,,0,0,2025,2025-07
2025-07-30,2025,R,664199,642201,CH,Changeup,strikeout,swinging_strike,R,R,KC,ATL,89.30,,,2,2,2025,2025-07
2025-07-30,2025,R,664199,642201,SL,Slider,,ball,R,R,KC,ATL,87.40,,,1,2,2025,2025-07
2025-07-30,2025,R,664199,642201,SL,Slider,,called_strike,R,R,KC,ATL,87.20,,,1,1,2025,2025-07
2025-07-30,2025,R,664199,642201,SI,Sinker,,ball,R,R,KC,ATL,94.40,,,0,1,2025,2025-07
2025-07-30,2025,R,664199,642201,FF,4-Seam Fastball,,called_strike,R,R,KC,ATL,94.20,,,0,0,2025,2025-07
2025-07-30,2025,R,664199,645277,CH,Changeup,field_out,hit_into_play,L,R,KC,ATL,89.50,95.10,-2,1,2,2025,2025-07
2025-07-30,2025,R,664199,645277,SL,Slider,,ball,L,R,KC,ATL,87.00,,,0,2,2025,2025-07
2025-07-30,2025,R,664199,645277,SL,Slider,,foul,L,R,KC,ATL,87.60,81.90,-16,0,1,2025,2025-07
2025-07-30,2025,R,664199,645277,SL,Slider,,swinging_strike,L,R,KC,ATL,88.10,,,0,0,2025,2025-07
2025-07-30,2025,R,664199,669221,CH,Changeup,field_out,hit_into_play,R,R,KC,ATL,89.40,31.00,-10,0,2,2025,2025-07
2025-07-30,2025,R,664199,669221,SI,Sinker,,called_strike,R,R,KC,ATL,94.90,,,0,1,2025,2025-07
2025-07-30,2025,R,664199,669221,SI,Sinker,,swinging_strike,R,R,KC,ATL,94.50,,,0,0,2025,2025-07
2025-07-30,2025,R,664351,605137,SL,Slider,walk,ball,L,R,HOU,WSH,84.40,,,3,2,2025,2025-07
2025-07-30,2025,R,664351,605137,CH,Changeup,,ball,L,R,HOU,WSH,82.60,,,2,2,2025,2025-07
2025-07-30,2025,R,664351,605137,FF,4-Seam Fastball,,foul,L,R,HOU,WSH,92.40,84.80,-18,2,1,2025,2025-07
2025-07-30,2025,R,664351,605137,CH,Changeup,,ball,L,R,HOU,WSH,82.90,,,1,1,2025,2025-07
2025-07-30,2025,R,664351,605137,FF,4-Seam Fastball,,foul,L,R,HOU,WSH,91.50,90.60,-19,1,0,2025,2025-07
2025-07-30,2025,R,664351,605137,ST,Sweeper,,ball,L,R,HOU,WSH,79.00,,,0,0,2025,2025-07
2025-07-30,2025,R,664351,657557,ST,Sweeper,walk,ball,R,R,HOU,WSH,77.10,,,3,2,2025,2025-07
2025-07-30,2025,R,664351,657557,SL,Slider,,foul,R,R,HOU,WSH,82.00,84.40,80,3,1,2025,2025-07
2025-07-30,2025,R,664351,657557,FF,4-Seam Fastball,,ball,R,R,HOU,WSH,90.00,,,2,1,2025,2025-07
2025-07-30,2025,R,664351,657557,ST,Sweeper,,ball,R,R,HOU,WSH,79.60,,,1,1,2025,2025-07
2025-07-30,2025,R,664351,657557,ST,Sweeper,,swinging_strike,R,R,HOU,WSH,79.90,,,1,0,2025,2025-07
2025-07-30,2025,R,664351,657557,ST,Sweeper,,ball,R,R,HOU,WSH,77.80,,,0,0,2025,2025-07
2025-07-30,2025,R,664351,663993,CH,Changeup,strikeout,swinging_strike,L,R,HOU,WSH,82.00,,,2,2,2025,2025-07
2025-07-30,2025,R,664351,663993,FF,4-Seam Fastball,,ball,L,R,HOU,WSH,91.90,,,1,2,2025,2025-07
2025-07-30,2025,R,664351,663993,FF,4-Seam Fastball,,ball,L,R,HOU,WSH,91.00,,,0,2,2025,2025-07
2025-07-30,2025,R,664351,663993,FF,4-Seam Fastball,,swinging_strike,L,R,HOU,WSH,91.70,,,0,1,2025,2025-07
2025-07-30,2025,R,664351,663993,FF,4-Seam Fastball,,swinging_strike,L,R,HOU,WSH,88.30,,,0,0,2025,2025-07
2025-07-30,2025,R,664351,686452,FF,4-Seam Fastball,field_out,hit_into_play,L,R,HOU,WSH,87.60,92.20,-18,3,2,2025,2025-07
2025-07-30,2025,R,664351,686452,FF,4-Seam Fastball,,called_strike,L,R,HOU,WSH,88.10,,,3,1,2025,2025-07
2025-07-30,2025,R,664351,686452,FF,4-Seam Fastball,,ball,L,R,HOU,WSH,89.20,,,2,1,2025,2025-07
2025-07-30,2025,R,664351,686452,FF,4-Seam Fastball,,called_strike,L,R,HOU,WSH,86.40,,,2,0,2025,2025-07
2025-07-30,2025,R,664351,686452,FF,4-Seam Fastball,,ball,L,R,HOU,WSH,88.30,,,1,0,2025,2025-07
2025-07-30,2025,R,664351,686452,FF,4-Seam Fastball,,ball,L,R,HOU,WSH,89.20,,,0,0,2025,2025-07
2025-07-30,2025,R,664351,695734,FF,4-Seam Fastball,field_out,hit_into_play,L,R,HOU,WSH,88.40,85.40,49,3,2,2025,2025-07
2025-07-30,2025,R,664351,695734,FF,4-Seam Fastball,,swinging_strike,L,R,HOU,WSH,87.90,,,3,1,2025,2025-07
2025-07-30,2025,R,664351,695734,FF,4-Seam Fastball,,ball,L,R,HOU,WSH,89.40,,,2,1,2025,2025-07
2025-07-30,2025,R,664351,695734,ST,Sweeper,,blocked_ball,L,R,HOU,WSH,78.70,,,1,1,2025,2025-07
2025-07-30,2025,R,664351,695734,CH,Changeup,,ball,L,R,HOU,WSH,82.50,,,0,1,2025,2025-07
2025-07-30,2025,R,664351,695734,FF,4-Seam Fastball,,called_strike,L,R,HOU,WSH,90.00,,,0,0,2025,2025-07
2025-07-30,2025,R,664991,645305,CU,Curveball,field_out,hit_into_play,R,L,BAL,TOR,82.10,100.50,31,1,2,2025,2025-07
2025-07-30,2025,R,664991,645305,CU,Curveball,,foul,R,L,BAL,TOR,84.30,60.20,-29,1,2,2025,2025-07
2025-07-30,2025,R,664991,645305,SI,Sinker,,foul,R,L,BAL,TOR,95.50,72.50,48,1,1,2025,2025-07
2025-07-30,2025,R,664991,645305,SI,Sinker,,ball,R,L,BAL,TOR,96.10,,,0,1,2025,2025-07
2025-07-30,2025,R,664991,645305,SI,Sinker,,swinging_strike,R,L,BAL,TOR,95.90,,,0,0,2025,2025-07
2025-07-30,2025,R,664991,664702,SI,Sinker,double,hit_into_play,R,L,BAL,TOR,96.90,96.10,29,3,1,2025,2025-07
2025-07-30,2025,R,664991,664702,SI,Sinker,,blocked_ball,R,L,BAL,TOR,96.20,,,2,1,2025,2025-07
2025-07-30,2025,R,664991,664702,FF,4-Seam Fastball,,ball,R,L,BAL,TOR,96.10,,,1,1,2025,2025-07
2025-07-30,2025,R,664991,664702,SI,Sinker,,ball,R,L,BAL,TOR,96.00,,,0,1,2025,2025-07
2025-07-30,2025,R,664991,664702,SI,Sinker,,called_strike,R,L,BAL,TOR,96.10,,,0,0,2025,2025-07
2025-07-30,2025,R,664991,676914,SI,Sinker,walk,ball,R,L,BAL,TOR,96.70,,,3,2,2025,2025-07
2025-07-30,2025,R,664991,676914,SI,Sinker,,called_strike,R,L,BAL,TOR,96.20,,,3,1,2025,2025-07
2025-07-30,2025,R,664991,676914,CU,Curveball,,ball,R,L,BAL,TOR,84.40,,,2,1,2025,2025-07
2025-07-30,2025,R,664991,676914,SI,Sinker,,ball,R,L,BAL,TOR,96.80,,,1,1,2025,2025-07
2025-07-30,2025,R,664991,676914,SI,Sinker,,foul,R,L,BAL,TOR,95.90,70.80,35,1,0,2025,2025-07
2025-07-30,2025,R,664991,676914,FF,4-Seam Fastball,,ball,R,L,BAL,TOR,96.50,,,0,0,2025,2025-07
2025-07-30,2025,R,664991,677870,CU,Curveball,field_out,hit_into_play,R,L,BAL,TOR,84.30,88.40,36,0,2,2025,2025-07
2025-07-30,2025,R,664991,677870,FF,4-Seam Fastball,,foul,R,L,BAL,TOR,96.40,81.10,10,0,2,2025,2025-07
2025-07-30,2025,R,664991,677870,SI,Sinker,,foul,R,L,BAL,TOR,96.60,,,0,1,2025,2025-07
2025-07-30,2025,R,664991,677870,SI,Sinker,,called_strike,R,L,BAL,TOR,95.40,,,0,0,2025,2025-07
2025-07-30,2025,R,664991,680718,SI,Sinker,strikeout,swinging_strike,L,L,BAL,TOR,96.30,,,0,2,2025,2025-07
2025-07-30,2025,R,664991,680718,SI,Sinker,,called_strike,L,L,BAL,TOR,96.80,,,0,1,2025,2025-07
2025-07-30,2025,R,664991,680718,SI,Sinker,,foul,L,L,BAL,TOR,95.70,72.70,46,0,0,2025,2025-07
2025-07-30,2025,R,665019,647351,FA,Other,force_out,hit_into_play,R,R,MIN,BOS,86.70,76.80,-21,2,2,2025,2025-07
2025-07-30,2025,R,665019,647351,EP,Eephus,,foul,R,R,MIN,BOS,67.30,96.40,7,2,2,2025,2025-07
2025-07-30,2025,R,665019,647351,EP,Eephus,,ball,R,R,MIN,BOS,66.10,,,1,2,2025,2025-07
2025-07-30,2025,R,665019,647351,EP,Eephus,,called_strike,R,R,MIN,BOS,72.40,,,1,1,2025,2025-07
2025-07-30,2025,R,665019,647351,EP,Eephus,,called_strike,R,R,MIN,BOS,63.70,,,1,0,2025,2025-07
2025-07-30,2025,R,665019,647351,EP,Eephus,,ball,R,R,MIN,BOS,60.90,,,0,0,2025,2025-07
2025-07-30,2025,R,665019,657136,EP,Eephus,field_out,hit_into_play,R,R,MIN,BOS,63.20,89.00,28,0,1,2025,2025-07
2025-07-30,2025,R,665019,657136,EP,Eephus,,called_strike,R,R,MIN,BOS,57.40,,,0,0,2025,2025-07
2025-07-30,2025,R,665019,663853,EP,Eephus,home_run,hit_into_play,R,R,MIN,BOS,52.60,102.60,29,1,0,2025,2025-07
2025-07-30,2025,R,665019,663853,EP,Eephus,,ball,R,R,MIN,BOS,50.20,,,0,0,2025,2025-07
2025-07-30,2025,R,665019,678882,EP,Eephus,single,hit_into_play,R,R,MIN,BOS,58.20,85.10,6,1,2,2025,2025-07
2025-07-30,2025,R,665019,678882,FA,Other,,ball,R,R,MIN,BOS,84.50,,,0,2,2025,2025-07
2025-07-30,2025,R,665019,678882,EP,Eephus,,foul,R,R,MIN,BOS,59.30,105.80,24,0,1,2025,2025-07
2025-07-30,2025,R,665019,678882,EP,Eephus,,called_strike,R,R,MIN,BOS,55.30,,,0,0,2025,2025-07
2025-07-30,2025,R,665019,701350,EP,Eephus,field_out,hit_into_play,L,R,MIN,BOS,61.30,99.20,25,2,1,2025,2025-07
2025-07-30,2025,R,665019,701350,EP,Eephus,,ball,L,R,MIN,BOS,67.10,,,1,1,2025,2025-07
2025-07-30,2025,R,665019,701350,EP,Eephus,,called_strike,L,R,MIN,BOS,54.90,,,1,0,2025,2025-07
2025-07-30,2025,R,665019,701350,EP,Eephus,,blocked_ball,L,R,MIN,BOS,63.40,,,0,0,2025,2025-07
2025-07-30,2025,R,665019,807799,EP,Eephus,home_run,hit_into_play,L,R,MIN,BOS,51.60,103.40,28,1,0,2025,2025-07
2025-07-30,2025,R,665019,807799,EP,Eephus,,ball,L,R,MIN,BOS,50.60,,,0,0,2025,2025-07
2025-07-30,2025,R,665152,645305,FF,4-Seam Fastball,single,hit_into_play,R,R,BAL,TOR,92.60,99.20,-8,0,1,2025,2025-07
2025-07-30,2025,R,665152,645305,FF,4-Seam Fastball,,foul,R,R,BAL,TOR,92.90,72.50,52,0,0,2025,2025-07
2025-07-30,2025,R,665152,645305,FF,4-Seam Fastball,strikeout,swinging_strike,R,R,BAL,TOR,94.40,,,1,2,2025,2025-07
2025-07-30,2025,R,665152,645305,FF,4-Seam Fastball,,called_strike,R,R,BAL,TOR,93.60,,,1,1,2025,2025-07
2025-07-30,2025,R,665152,645305,FC,Cutter,,ball,R,R,BAL,TOR,87.20,,,0,1,2025,2025-07
2025-07-30,2025,R,665152,645305,SI,Sinker,,called_strike,R,R,BAL,TOR,92.70,,,0,0,2025,2025-07
2025-07-30,2025,R,665152,664702,FC,Cutter,field_out,hit_into_play,R,R,BAL,TOR,85.40,70.40,33,0,1,2025,2025-07
2025-07-30,2025,R,665152,664702,FC,Cutter,,called_strike,R,R,BAL,TOR,86.00,,,0,0,2025,2025-07
2025-07-30,2025,R,665152,664702,FF,4-Seam Fastball,home_run,hit_into_play,R,R,BAL,TOR,92.70,97.50,33,3,2,2025,2025-07
2025-07-30,2025,R,665152,664702,FF,4-Seam Fastball,,foul,R,R,BAL,TOR,93.50,77.50,46,3,2,2025,2025-07
2025-07-30,2025,R,665152,664702,SI,Sinker,,foul,R,R,BAL,TOR,91.30,81.30,-8,3,2,2025,2025-07
2025-07-30,2025,R,665152,664702,CU,Curveball,,ball,R,R,BAL,TOR,77.50,,,2,2,2025,2025-07
2025-07-30,2025,R,665152,664702,FC,Cutter,,ball,R,R,BAL,TOR,86.90,,,1,2,2025,2025-07
2025-07-30,2025,R,665152,664702,FC,Cutter,,swinging_strike,R,R,BAL,TOR,86.20,,,1,1,2025,2025-07
2025-07-30,2025,R,665152,664702,FF,4-Seam Fastball,,called_strike,R,R,BAL,TOR,91.90,,,1,0,2025,2025-07
2025-07-30,2025,R,665152,664702,FC,Cutter,,ball,R,R,BAL,TOR,87.50,,,0,0,2025,2025-07
2025-07-30,2025,R,665152,665489,FC,Cutter,single,hit_into_play,R,R,BAL,TOR,87.70,91.70,-8,1,0,2025,2025-07
2025-07-30,2025,R,665152,665489,FC,Cutter,,blocked_ball,R,R,BAL,TOR,88.00,,,0,0,2025,2025-07
2025-07-30,2025,R,665152,665489,SI,Sinker,double,hit_into_play,R,R,BAL,TOR,94.30,106.90,17,2,2,2025,2025-07
2025-07-30,2025,R,665152,665489,FC,Cutter,,ball,R,R,BAL,TOR,88.20,,,1,2,2025,2025-07
2025-07-30,2025,R,665152,665489,FS,Split-Finger,,ball,R,R,BAL,TOR,81.40,,,0,2,2025,2025-07
2025-07-30,2025,R,665152,665489,SI,Sinker,,called_strike,R,R,BAL,TOR,95.20,,,0,1,2025,2025-07
2025-07-30,2025,R,665152,665489,CU,Curveball,,called_strike,R,R,BAL,TOR,77.90,,,0,0,2025,2025-07
2025-07-30,2025,R,665152,665489,SI,Sinker,force_out,hit_into_play,R,R,BAL,TOR,93.80,63.90,-8,1,2,2025,2025-07
2025-07-30,2025,R,665152,665489,FF,4-Seam Fastball,,foul,R,R,BAL,TOR,93.50,80.70,8,1,2,2025,2025-07
2025-07-30,2025,R,665152,665489,FS,Split-Finger,,swinging_strike,R,R,BAL,TOR,81.90,,,1,1,2025,2025-07
2025-07-30,2025,R,665152,665489,SI,Sinker,,ball,R,R,BAL,TOR,92.20,,,0,1,2025,2025-07
2025-07-30,2025,R,665152,665489,FC,Cutter,,foul,R,R,BAL,TOR,88.10,55.40,51,0,0,2025,2025-07
2025-07-30,2025,R,665152,666182,FF,4-Seam Fastball,double_play,hit_into_play,R,R,BAL,TOR,93.00,100.80,54,0,0,2025,2025-07
2025-07-30,2025,R,665152,666182,FF,4-Seam Fastball,field_out,hit_into_play,R,R,BAL,TOR,94.20,,,2,2,2025,2025-07
2025-07-30,2025,R,665152,666182,FF,4-Seam Fastball,,foul,R,R,BAL,TOR,93.30,90.40,30,2,1,2025,2025-07
2025-07-30,2025,R,665152,666182,FC,Cutter,,ball,R,R,BAL,TOR,87.10,,,1,1,2025,2025-07
2025-07-30,2025,R,665152,666182,FF,4-Seam Fastball,,ball,R,R,BAL,TOR,93.60,,,0,1,2025,2025-07
2025-07-30,2025,R,665152,666182,FF,4-Seam Fastball,,foul,R,R,BAL,TOR,93.50,75.70,38,0,0,2025,2025-07
2025-07-30,2025,R,665152,666182,FF,4-Seam Fastball,field_out,hit_into_play,R,R,BAL,TOR,92.60,92.30,60,0,1,2025,2025-07
2025-07-30,2025,R,665152,666182,FS,Split-Finger,,called_strike,R,R,BAL,TOR,80.80,,,0,0,2025,2025-07
2025-07-30,2025,R,665152,676391,FC,Cutter,double,hit_into_play,R,R,BAL,TOR,86.60,102.30,11,2,2,2025,2025-07
2025-07-30,2025,R,665152,676391,FC,Cutter,,foul,R,R,BAL,TOR,86.30,58.00,71,2,1,2025,2025-07
2025-07-30,2025,R,665152,676391,FC,Cutter,,called_strike,R,R,BAL,TOR,86.10,,,2,0,2025,2025-07
2025-07-30,2025,R,665152,676391,FF,4-Seam Fastball,,ball,R,R,BAL,TOR,93.30,,,1,0,2025,2025-07
2025-07-30,2025,R,665152,676391,SI,Sinker,,ball,R,R,BAL,TOR,92.60,,,0,0,2025,2025-07
2025-07-30,2025,R,665152,676391,SI,Sinker,strikeout,called_strike,R,R,BAL,TOR,93.90,,,0,2,2025,2025-07
2025-07-30,2025,R,665152,676391,FS,Split-Finger,,foul,R,R,BAL,TOR,80.40,61.30,61,0,1,2025,2025-07
2025-07-30,2025,R,665152,676391,CU,Curveball,,called_strike,R,R,BAL,TOR,75.70,,,0,0,2025,2025-07
2025-07-30,2025,R,665152,676391,FC,Cutter,field_out,hit_into_play,R,R,BAL,TOR,86.60,78.70,41,0,2,2025,2025-07
2025-07-30,2025,R,665152,676391,FC,Cutter,,foul,R,R,BAL,TOR,86.10,56.10,-5,0,1,2025,2025-07
2025-07-30,2025,R,665152,676391,FC,Cutter,,called_strike,R,R,BAL,TOR,87.50,,,0,0,2025,2025-07
2025-07-30,2025,R,665152,676914,FC,Cutter,field_out,hit_into_play,R,R,BAL,TOR,85.60,90.40,39,1,2,2025,2025-07
2025-07-30,2025,R,665152,676914,CU,Curveball,,called_strike,R,R,BAL,TOR,77.20,,,1,1,2025,2025-07
2025-07-30,2025,R,665152,676914,FF,4-Seam Fastball,,ball,R,R,BAL,TOR,94.10,,,0,1,2025,2025-07
2025-07-30,2025,R,665152,676914,SI,Sinker,,foul_tip,R,R,BAL,TOR,93.40,,,0,0,2025,2025-07
2025-07-30,2025,R,665152,676914,FC,Cutter,strikeout,swinging_strike,R,R,BAL,TOR,87.30,,,1,2,2025,2025-07
2025-07-30,2025,R,665152,676914,FC,Cutter,,blocked_ball,R,R,BAL,TOR,87.50,,,0,2,2025,2025-07
2025-07-30,2025,R,665152,676914,SI,Sinker,,foul,R,R,BAL,TOR,94.50,88.80,-22,0,2,2025,2025-07
2025-07-30,2025,R,665152,676914,FC,Cutter,,called_strike,R,R,BAL,TOR,86.80,,,0,1,2025,2025-07
2025-07-30,2025,R,665152,676914,FF,4-Seam Fastball,,called_strike,R,R,BAL,TOR,91.70,,,0,0,2025,2025-07
2025-07-30,2025,R,665152,680718,FS,Split-Finger,strikeout,swinging_strike,L,R,BAL,TOR,80.70,,,1,2,2025,2025-07
2025-07-30,2025,R,665152,680718,FS,Split-Finger,,swinging_strike,L,R,BAL,TOR,80.30,,,1,1,2025,2025-07
2025-07-30,2025,R,665152,680718,FS,Split-Finger,,ball,L,R,BAL,TOR,80.70,,,0,1,2025,2025-07
2025-07-30,2025,R,665152,680718,CU,Curveball,,called_strike,L,R,BAL,TOR,76.70,,,0,0,2025,2025-07
2025-07-30,2025,R,665152,680718,FC,Cutter,walk,ball,L,R,BAL,TOR,87.00,,,3,1,2025,2025-07
2025-07-30,2025,R,665152,680718,FF,4-Seam Fastball,,called_strike,L,R,BAL,TOR,91.10,,,3,0,2025,2025-07
2025-07-30,2025,R,665152,680718,SI,Sinker,,ball,L,R,BAL,TOR,91.90,,,2,0,2025,2025-07
2025-07-30,2025,R,665152,680718,FC,Cutter,,ball,L,R,BAL,TOR,87.40,,,1,0,2025,2025-07
2025-07-30,2025,R,665152,680718,FF,4-Seam Fastball,,ball,L,R,BAL,TOR,92.40,,,0,0,2025,2025-07
2025-07-30,2025,R,665152,694388,FS,Split-Finger,field_out,hit_into_play,L,R,BAL,TOR,80.60,100.30,20,1,0,2025,2025-07
2025-07-30,2025,R,665152,694388,FC,Cutter,,ball,L,R,BAL,TOR,86.90,,,0,0,2025,2025-07
2025-07-30,2025,R,665152,694388,FS,Split-Finger,strikeout,swinging_strike,L,R,BAL,TOR,81.10,,,2,2,2025,2025-07
2025-07-30,2025,R,665152,694388,FC,Cutter,,called_strike,L,R,BAL,TOR,87.10,,,2,1,2025,2025-07
2025-07-30,2025,R,665152,694388,FS,Split-Finger,,ball,L,R,BAL,TOR,80.30,,,1,1,2025,2025-07
2025-07-30,2025,R,665152,694388,FS,Split-Finger,,ball,L,R,BAL,TOR,79.80,,,0,1,2025,2025-07
2025-07-30,2025,R,665152,694388,FF,4-Seam Fastball,,foul,L,R,BAL,TOR,93.60,72.70,54,0,0,2025,2025-07
2025-07-30,2025,R,665152,694388,FF,4-Seam Fastball,single,hit_into_play,L,R,BAL,TOR,93.10,100.80,12,3,1,2025,2025-07
2025-07-30,2025,R,665152,694388,FF,4-Seam Fastball,,called_strike,L,R,BAL,TOR,91.50,,,3,0,2025,2025-07
2025-07-30,2025,R,665152,694388,FC,Cutter,,ball,L,R,BAL,TOR,86.70,,,2,0,2025,2025-07
2025-07-30,2025,R,665152,694388,FF,4-Seam Fastball,,ball,L,R,BAL,TOR,92.80,,,1,0,2025,2025-07
2025-07-30,2025,R,665152,694388,FF,4-Seam Fastball,,ball,L,R,BAL,TOR,92.70,,,0,0,2025,2025-07
2025-07-30,2025,R,665152,695238,FF,4-Seam Fastball,walk,ball,L,R,BAL,TOR,93.50,,,3,1,2025,2025-07
2025-07-30,2025,R,665152,695238,FF,4-Seam Fastball,,called_strike,L,R,BAL,TOR,93.20,,,3,0,2025,2025-07
2025-07-30,2025,R,665152,695238,FC,Cutter,,ball,L,R,BAL,TOR,86.00,,,2,0,2025,2025-07
2025-07-30,2025,R,665152,695238,FS,Split-Finger,,ball,L,R,BAL,TOR,80.80,,,1,0,2025,2025-07
2025-07-30,2025,R,665152,695238,SI,Sinker,,ball,L,R,BAL,TOR,92.60,,,0,0,2025,2025-07
2025-07-30,2025,R,665152,695238,FF,4-Seam Fastball,field_out,hit_into_play,L,R,BAL,TOR,93.80,87.90,23,2,2,2025,2025-07
2025-07-30,2025,R,665152,695238,FF,4-Seam Fastball,,foul,L,R,BAL,TOR,93.50,76.50,43,2,1,2025,2025-07
2025-07-30,2025,R,665152,695238,FF,4-Seam Fastball,,called_strike,L,R,BAL,TOR,93.50,,,2,0,2025,2025-07
2025-07-30,2025,R,665152,695238,FC,Cutter,,ball,L,R,BAL,TOR,87.30,,,1,0,2025,2025-07
2025-07-30,2025,R,665152,695238,FS,Split-Finger,,ball,L,R,BAL,TOR,80.50,,,0,0,2025,2025-07
2025-07-30,2025,R,666214,521692,SL,Slider,grounded_into_double_play,hit_into_play,R,L,KC,ATL,85.60,101.20,-3,2,2,2025,2025-07
2025-07-30,2025,R,666214,521692,FF,4-Seam Fastball,,ball,R,L,KC,ATL,93.60,,,1,2,2025,2025-07
2025-07-30,2025,R,666214,521692,FF,4-Seam Fastball,,ball,R,L,KC,ATL,94.00,,,0,2,2025,2025-07
2025-07-30,2025,R,666214,521692,SL,Slider,,foul,R,L,KC,ATL,84.20,95.30,57,0,2,2025,2025-07
2025-07-30,2025,R,666214,521692,SL,Slider,,foul,R,L,KC,ATL,85.00,70.60,81,0,1,2025,2025-07
2025-07-30,2025,R,666214,521692,FF,4-Seam Fastball,,swinging_strike,R,L,KC,ATL,92.00,,,0,0,2025,2025-07
2025-07-30,2025,R,666214,521692,FF,4-Seam Fastball,strikeout,swinging_strike,R,L,KC,ATL,93.40,,,0,2,2025,2025-07
2025-07-30,2025,R,666214,521692,CU,Curveball,,foul,R,L,KC,ATL,79.50,64.00,16,0,2,2025,2025-07
2025-07-30,2025,R,666214,521692,SL,Slider,,foul,R,L,KC,ATL,84.80,101.70,3,0,1,2025,2025-07
2025-07-30,2025,R,666214,521692,SL,Slider,,swinging_strike,R,L,KC,ATL,86.00,,,0,0,2025,2025-07
2025-07-30,2025,R,666214,521692,SL,Slider,field_out,hit_into_play,R,L,KC,ATL,85.60,70.60,60,0,2,2025,2025-07
2025-07-30,2025,R,666214,521692,SL,Slider,,foul,R,L,KC,ATL,85.40,,,0,2,2025,2025-07
2025-07-30,2025,R,666214,521692,CU,Curveball,,foul,R,L,KC,ATL,79.30,69.00,-23,0,2,2025,2025-07
2025-07-30,2025,R,666214,521692,SL,Slider,,foul,R,L,KC,ATL,85.50,97.30,-21,0,2,2025,2025-07
2025-07-30,2025,R,666214,521692,SL,Slider,,foul,R,L,KC,ATL,86.30,80.50,-28,0,1,2025,2025-07
2025-07-30,2025,R,666214,521692,SL,Slider,,called_strike,R,L,KC,ATL,86.20,,,0,0,2025,2025-07
2025-07-30,2025,R,666214,545341,FF,4-Seam Fastball,strikeout,foul_tip,R,L,KC,ATL,94.00,,,1,2,2025,2025-07
2025-07-30,2025,R,666214,545341,FF,4-Seam Fastball,,ball,R,L,KC,ATL,94.10,,,0,2,2025,2025-07
2025-07-30,2025,R,666214,545341,SL,Slider,,foul,R,L,KC,ATL,84.90,69.90,59,0,2,2025,2025-07
2025-07-30,2025,R,666214,545341,FF,4-Seam Fastball,,foul,R,L,KC,ATL,93.70,59.10,60,0,2,2025,2025-07
2025-07-30,2025,R,666214,545341,CU,Curveball,,foul,R,L,KC,ATL,79.60,69.50,65,0,1,2025,2025-07
2025-07-30,2025,R,666214,545341,SL,Slider,,foul,R,L,KC,ATL,83.30,83.30,72,0,0,2025,2025-07
2025-07-30,2025,R,666214,545341,SL,Slider,strikeout,swinging_strike,R,L,KC,ATL,86.10,,,3,2,2025,2025-07
2025-07-30,2025,R,666214,545341,CU,Curveball,,ball,R,L,KC,ATL,81.70,,,2,2,2025,2025-07
2025-07-30,2025,R,666214,545341,CU,Curveball,,foul,R,L,KC,ATL,79.20,99.90,-20,2,2,2025,2025-07
2025-07-30,2025,R,666214,545341,CU,Curveball,,ball,R,L,KC,ATL,79.90,,,1,2,2025,2025-07
2025-07-30,2025,R,666214,545341,FF,4-Seam Fastball,,called_strike,R,L,KC,ATL,93.60,,,1,1,2025,2025-07
2025-07-30,2025,R,666214,545341,FF,4-Seam Fastball,,called_strike,R,L,KC,ATL,92.70,,,1,0,2025,2025-07
2025-07-30,2025,R,666214,545341,FF,4-Seam Fastball,,ball,R,L,KC,ATL,91.80,,,0,0,2025,2025-07
2025-07-30,2025,R,666214,624428,SL,Slider,field_out,hit_into_play,L,L,KC,ATL,86.00,83.00,30,2,2,2025,2025-07
2025-07-30,2025,R,666214,624428,SL,Slider,,called_strike,L,L,KC,ATL,85.30,,,2,1,2025,2025-07
2025-07-30,2025,R,666214,624428,FF,4-Seam Fastball,,ball,L,L,KC,ATL,92.80,,,1,1,2025,2025-07
2025-07-30,2025,R,666214,624428,FF,4-Seam Fastball,,foul,L,L,KC,ATL,92.10,86.30,72,1,0,2025,2025-07
2025-07-30,2025,R,666214,624428,FF,4-Seam Fastball,,ball,L,L,KC,ATL,91.40,,,0,0,2025,2025-07
2025-07-30,2025,R,666214,624428,SL,Slider,field_out,hit_into_play,L,L,KC,ATL,84.90,65.50,-9,1,1,2025,2025-07
2025-07-30,2025,R,666214,624428,SL,Slider,,ball,L,L,KC,ATL,86.20,,,0,1,2025,2025-07
2025-07-30,2025,R,666214,624428,FF,4-Seam Fastball,,called_strike,L,L,KC,ATL,93.20,,,0,0,2025,2025-07
2025-07-30,2025,R,666214,664728,SL,Slider,walk,ball,L,L,KC,ATL,85.70,,,3,2,2025,2025-07
2025-07-30,2025,R,666214,664728,CU,Curveball,,ball,L,L,KC,ATL,78.90,,,2,2,2025,2025-07
2025-07-30,2025,R,666214,664728,SL,Slider,,ball,L,L,KC,ATL,86.70,,,1,2,2025,2025-07
2025-07-30,2025,R,666214,664728,SL,Slider,,swinging_strike,L,L,KC,ATL,84.00,,,1,1,2025,2025-07
2025-07-30,2025,R,666214,664728,SL,Slider,,ball,L,L,KC,ATL,85.40,,,0,1,2025,2025-07
2025-07-30,2025,R,666214,664728,SL,Slider,,foul_bunt,L,L,KC,ATL,83.20,,,0,0,2025,2025-07
2025-07-30,2025,R,666214,664728,SL,Slider,strikeout,swinging_strike,L,L,KC,ATL,83.80,,,1,2,2025,2025-07
2025-07-30,2025,R,666214,664728,SL,Slider,,foul,L,L,KC,ATL,85.10,,,1,1,2025,2025-07
2025-07-30,2025,R,666214,664728,SL,Slider,,swinging_strike,L,L,KC,ATL,85.50,,,1,0,2025,2025-07
2025-07-30,2025,R,666214,664728,SL,Slider,,ball,L,L,KC,ATL,83.80,,,0,0,2025,2025-07
2025-07-30,2025,R,666214,666023,SL,Slider,field_out,hit_into_play,R,L,KC,ATL,85.60,84.10,46,0,0,2025,2025-07
2025-07-30,2025,R,666214,666023,SL,Slider,field_out,hit_into_play,R,L,KC,ATL,84.60,97.40,29,2,2,2025,2025-07
2025-07-30,2025,R,666214,666023,CU,Curveball,,ball,R,L,KC,ATL,80.20,,,1,2,2025,2025-07
2025-07-30,2025,R,666214,666023,CU,Curveball,,foul,R,L,KC,ATL,79.30,100.10,-2,1,1,2025,2025-07
2025-07-30,2025,R,666214,666023,FF,4-Seam Fastball,,ball,R,L,KC,ATL,94.30,,,0,1,2025,2025-07
2025-07-30,2025,R,666214,666023,FF,4-Seam Fastball,,called_strike,R,L,KC,ATL,93.50,,,0,0,2025,2025-07
2025-07-30,2025,R,666214,672580,FF,4-Seam Fastball,field_out,hit_into_play,R,L,KC,ATL,92.60,89.10,21,1,0,2025,2025-07
2025-07-30,2025,R,666214,672580,CU,Curveball,,blocked_ball,R,L,KC,ATL,78.60,,,0,0,2025,2025-07
2025-07-30,2025,R,666214,672580,FF,4-Seam Fastball,walk,ball,R,L,KC,ATL,94.30,,,3,2,2025,2025-07
2025-07-30,2025,R,666214,672580,SL,Slider,,ball,R,L,KC,ATL,85.50,,,2,2,2025,2025-07
2025-07-30,2025,R,666214,672580,FF,4-Seam Fastball,,called_strike,R,L,KC,ATL,93.70,,,2,1,2025,2025-07
2025-07-30,2025,R,666214,672580,FF,4-Seam Fastball,,called_strike,R,L,KC,ATL,92.60,,,2,0,2025,2025-07
2025-07-30,2025,R,666214,672580,CU,Curveball,,ball,R,L,KC,ATL,78.30,,,1,0,2025,2025-07
2025-07-30,2025,R,666214,672580,CU,Curveball,,ball,R,L,KC,ATL,76.80,,,0,0,2025,2025-07
2025-07-30,2025,R,666214,672580,SL,Slider,single,hit_into_play,R,L,KC,ATL,85.70,105.90,11,2,0,2025,2025-07
2025-07-30,2025,R,666214,672580,FF,4-Seam Fastball,,ball,R,L,KC,ATL,93.10,,,1,0,2025,2025-07
2025-07-30,2025,R,666214,672580,FF,4-Seam Fastball,,ball,R,L,KC,ATL,91.90,,,0,0,2025,2025-07
2025-07-30,2025,R,666214,677951,SL,Slider,strikeout,called_strike,R,L,KC,ATL,85.10,,,0,2,2025,2025-07
2025-07-30,2025,R,666214,677951,FF,4-Seam Fastball,,swinging_strike,R,L,KC,ATL,92.70,,,0,1,2025,2025-07
2025-07-30,2025,R,666214,677951,FF,4-Seam Fastball,,called_strike,R,L,KC,ATL,92.70,,,0,0,2025,2025-07
2025-07-30,2025,R,666214,677951,SL,Slider,force_out,hit_into_play,R,L,KC,ATL,83.80,83.30,-2,0,0,2025,2025-07
2025-07-30,2025,R,666214,677951,CU,Curveball,strikeout,swinging_strike,R,L,KC,ATL,80.70,,,2,2,2025,2025-07
2025-07-30,2025,R,666214,677951,SL,Slider,,called_strike,R,L,KC,ATL,86.10,,,2,1,2025,2025-07
2025-07-30,2025,R,666214,677951,FF,4-Seam Fastball,,ball,R,L,KC,ATL,93.40,,,1,1,2025,2025-07
2025-07-30,2025,R,666214,677951,FF,4-Seam Fastball,,called_strike,R,L,KC,ATL,92.60,,,1,0,2025,2025-07
2025-07-30,2025,R,666214,677951,SL,Slider,,ball,R,L,KC,ATL,86.10,,,0,0,2025,2025-07
2025-07-30,2025,R,666214,686469,SL,Slider,walk,ball,L,L,KC,ATL,84.50,,,3,2,2025,2025-07
2025-07-30,2025,R,666214,686469,CU,Curveball,,ball,L,L,KC,ATL,81.00,,,2,2,2025,2025-07
2025-07-30,2025,R,666214,686469,FF,4-Seam Fastball,,foul,L,L,KC,ATL,92.50,78.40,14,2,2,2025,2025-07
2025-07-30,2025,R,666214,686469,SL,Slider,,ball,L,L,KC,ATL,86.00,,,1,2,2025,2025-07
2025-07-30,2025,R,666214,686469,SL,Slider,,called_strike,L,L,KC,ATL,84.70,,,1,1,2025,2025-07
2025-07-30,2025,R,666214,686469,SL,Slider,,ball,L,L,KC,ATL,84.20,,,0,1,2025,2025-07
2025-07-30,2025,R,666214,686469,SL,Slider,,foul,L,L,KC,ATL,84.50,23.90,-83,0,0,2025,2025-07
2025-07-30,2025,R,666214,686469,FF,4-Seam Fastball,field_out,hit_into_play,L,L,KC,ATL,92.50,89.40,19,1,1,2025,2025-07
2025-07-30,2025,R,666214,686469,FF,4-Seam Fastball,,ball,L,L,KC,ATL,93.70,,,0,1,2025,2025-07
2025-07-30,2025,R,666214,686469,FF,4-Seam Fastball,,foul,L,L,KC,ATL,92.50,80.60,62,0,0,2025,2025-07
2025-07-30,2025,R,666214,686469,FF,4-Seam Fastball,field_out,hit_into_play,L,L,KC,ATL,93.80,91.80,30,2,2,2025,2025-07
2025-07-30,2025,R,666214,686469,FF,4-Seam Fastball,,foul,L,L,KC,ATL,93.90,80.10,51,2,2,2025,2025-07
2025-07-30,2025,R,666214,686469,CU,Curveball,,blocked_ball,L,L,KC,ATL,81.30,,,1,2,2025,2025-07
2025-07-30,2025,R,666214,686469,CU,Curveball,,foul,L,L,KC,ATL,79.50,103.30,29,1,1,2025,2025-07
2025-07-30,2025,R,666214,686469,SL,Slider,,foul,L,L,KC,ATL,82.30,82.20,79,1,0,2025,2025-07
2025-07-30,2025,R,666214,686469,SL,Slider,,ball,L,L,KC,ATL,84.90,,,0,0,2025,2025-07
2025-07-30,2025,R,666214,686475,SL,Slider,field_out,hit_into_play,R,L,KC,ATL,85.80,38.60,-44,0,1,2025,2025-07
2025-07-30,2025,R,666214,686475,SL,Slider,,swinging_strike,R,L,KC,ATL,85.70,,,0,0,2025,2025-07
2025-07-30,2025,R,666214,686475,CU,Curveball,strikeout,foul_tip,R,L,KC,ATL,79.10,,,1,2,2025,2025-07
2025-07-30,2025,R,666214,686475,SL,Slider,,ball,R,L,KC,ATL,85.80,,,0,2,2025,2025-07
2025-07-30,2025,R,666214,686475,SL,Slider,,swinging_strike,R,L,KC,ATL,86.80,,,0,1,2025,2025-07
2025-07-30,2025,R,666214,686475,SL,Slider,,foul,R,L,KC,ATL,84.70,57.00,-46,0,0,2025,2025-07
2025-07-30,2025,R,666808,457705,SL,Slider,strikeout,swinging_strike,R,R,SF,PIT,88.50,,,0,2,2025,2025-07
2025-07-30,2025,R,666808,457705,SL,Slider,,foul,R,R,SF,PIT,88.50,,,0,2,2025,2025-07
2025-07-30,2025,R,666808,457705,FC,Cutter,,foul,R,R,SF,PIT,98.60,,,0,2,2025,2025-07
2025-07-30,2025,R,666808,457705,SL,Slider,,called_strike,R,R,SF,PIT,87.50,,,0,1,2025,2025-07
2025-07-30,2025,R,666808,457705,SI,Sinker,,foul,R,R,SF,PIT,94.90,83.30,80,0,0,2025,2025-07
2025-07-30,2025,R,666808,665833,SL,Slider,strikeout,called_strike,L,R,SF,PIT,89.20,,,2,2,2025,2025-07
2025-07-30,2025,R,666808,665833,SL,Slider,,ball,L,R,SF,PIT,88.20,,,1,2,2025,2025-07
2025-07-30,2025,R,666808,665833,SL,Slider,,blocked_ball,L,R,SF,PIT,88.70,,,0,2,2025,2025-07
2025-07-30,2025,R,666808,665833,SL,Slider,,swinging_strike,L,R,SF,PIT,88.20,,,0,1,2025,2025-07
2025-07-30,2025,R,666808,665833,SL,Slider,,foul,L,R,SF,PIT,89.20,,,0,0,2025,2025-07
2025-07-30,2025,R,666808,668804,SL,Slider,strikeout,swinging_strike,L,R,SF,PIT,88.10,,,3,2,2025,2025-07
2025-07-30,2025,R,666808,668804,SL,Slider,,foul,L,R,SF,PIT,88.20,,,3,1,2025,2025-07
2025-07-30,2025,R,666808,668804,FC,Cutter,,called_strike,L,R,SF,PIT,97.50,,,3,0,2025,2025-07
2025-07-30,2025,R,666808,668804,SI,Sinker,,ball,L,R,SF,PIT,96.30,,,2,0,2025,2025-07
2025-07-30,2025,R,666808,668804,,,,automatic_ball,L,R,SF,PIT,,,,1,0,2025,2025-07
2025-07-30,2025,R,666808,668804,SL,Slider,,ball,L,R,SF,PIT,89.30,,,0,0,2025,2025-07
2025-07-30,2025,R,666808,687462,SL,Slider,single,hit_into_play,L,R,SF,PIT,86.90,94.60,0,0,0,2025,2025-07
2025-07-30,2025,R,666974,664770,ST,Sweeper,home_run,hit_into_play,L,R,BAL,TOR,85.60,103.30,27,2,1,2025,2025-07
2025-07-30,2025,R,666974,664770,SI,Sinker,,blocked_ball,L,R,BAL,TOR,96.00,,,1,1,2025,2025-07
2025-07-30,2025,R,666974,664770,SI,Sinker,,called_strike,L,R,BAL,TOR,95.50,,,1,0,2025,2025-07
2025-07-30,2025,R,666974,664770,FF,4-Seam Fastball,,ball,L,R,BAL,TOR,95.50,,,0,0,2025,2025-07
2025-07-30,2025,R,666974,665489,SI,Sinker,field_out,hit_into_play,R,R,BAL,TOR,96.20,58.10,-35,0,1,2025,2025-07
2025-07-30,2025,R,666974,665489,SI,Sinker,,called_strike,R,R,BAL,TOR,95.20,,,0,0,2025,2025-07
2025-07-30,2025,R,666974,666182,SI,Sinker,single,hit_into_play,R,R,BAL,TOR,95.70,106.90,-2,0,1,2025,2025-07
2025-07-30,2025,R,666974,666182,SI,Sinker,,swinging_strike,R,R,BAL,TOR,95.40,,,0,0,2025,2025-07
2025-07-30,2025,R,666974,676391,ST,Sweeper,single,hit_into_play,R,R,BAL,TOR,85.80,99.10,13,1,0,2025,2025-07
2025-07-30,2025,R,666974,676391,ST,Sweeper,,ball,R,R,BAL,TOR,85.90,,,0,0,2025,2025-07
2025-07-30,2025,R,666974,676914,FF,4-Seam Fastball,field_out,hit_into_play,R,R,BAL,TOR,95.70,86.40,69,1,2,2025,2025-07
2025-07-30,2025,R,666974,676914,ST,Sweeper,,foul,R,R,BAL,TOR,87.10,86.30,-17,1,2,2025,2025-07
2025-07-30,2025,R,666974,676914,CH,Changeup,,foul,R,R,BAL,TOR,91.80,63.40,-31,1,2,2025,2025-07
2025-07-30,2025,R,666974,676914,SI,Sinker,,ball,R,R,BAL,TOR,95.40,,,0,2,2025,2025-07
2025-07-30,2025,R,666974,676914,FF,4-Seam Fastball,,called_strike,R,R,BAL,TOR,95.60,,,0,1,2025,2025-07
2025-07-30,2025,R,666974,676914,ST,Sweeper,,called_strike,R,R,BAL,TOR,85.60,,,0,0,2025,2025-07
2025-07-30,2025,R,666974,680718,ST,Sweeper,hit_by_pitch,hit_by_pitch,L,R,BAL,TOR,87.50,,,0,1,2025,2025-07
2025-07-30,2025,R,666974,680718,SI,Sinker,,foul,L,R,BAL,TOR,95.60,80.70,74,0,0,2025,2025-07
2025-07-30,2025,R,666974,694388,FF,4-Seam Fastball,single,hit_into_play,L,R,BAL,TOR,94.10,88.80,10,1,0,2025,2025-07
2025-07-30,2025,R,666974,694388,SI,Sinker,,ball,L,R,BAL,TOR,93.70,,,0,0,2025,2025-07
2025-07-30,2025,R,667755,543309,SI,Sinker,field_out,hit_into_play,R,R,LAA,TEX,95.20,57.20,-21,1,0,2025,2025-07
2025-07-30,2025,R,667755,543309,SI,Sinker,,ball,R,R,LAA,TEX,94.80,,,0,0,2025,2025-07
2025-07-30,2025,R,667755,543309,FS,Split-Finger,strikeout,swinging_strike_blocked,R,R,LAA,TEX,92.40,,,0,2,2025,2025-07
2025-07-30,2025,R,667755,543309,SL,Slider,,foul,R,R,LAA,TEX,90.00,72.00,-20,0,1,2025,2025-07
2025-07-30,2025,R,667755,543309,SI,Sinker,,called_strike,R,R,LAA,TEX,98.40,,,0,0,2025,2025-07
2025-07-30,2025,R,667755,543309,KC,Knuckle Curve,triple,hit_into_play,R,R,LAA,TEX,84.50,98.50,29,1,1,2025,2025-07
2025-07-30,2025,R,667755,543309,KC,Knuckle Curve,,ball,R,R,LAA,TEX,81.80,,,0,1,2025,2025-07
2025-07-30,2025,R,667755,543309,SI,Sinker,,called_strike,R,R,LAA,TEX,94.50,,,0,0,2025,2025-07
2025-07-30,2025,R,667755,543760,SI,Sinker,single,hit_into_play,R,R,LAA,TEX,96.70,91.70,17,3,0,2025,2025-07
2025-07-30,2025,R,667755,543760,KC,Knuckle Curve,,ball,R,R,LAA,TEX,84.40,,,2,0,2025,2025-07
2025-07-30,2025,R,667755,543760,SI,Sinker,,ball,R,R,LAA,TEX,96.20,,,1,0,2025,2025-07
2025-07-30,2025,R,667755,543760,SI,Sinker,,ball,R,R,LAA,TEX,97.00,,,0,0,2025,2025-07
2025-07-30,2025,R,667755,543760,KC,Knuckle Curve,double,hit_into_play,R,R,LAA,TEX,85.80,100.30,18,2,2,2025,2025-07
2025-07-30,2025,R,667755,543760,FS,Split-Finger,,foul,R,R,LAA,TEX,92.10,91.40,-10,2,2,2025,2025-07
2025-07-30,2025,R,667755,543760,SI,Sinker,,foul,R,R,LAA,TEX,97.50,76.70,-55,2,1,2025,2025-07
2025-07-30,2025,R,667755,543760,KC,Knuckle Curve,,ball,R,R,LAA,TEX,84.80,,,1,1,2025,2025-07
2025-07-30,2025,R,667755,543760,KC,Knuckle Curve,,called_strike,R,R,LAA,TEX,84.60,,,1,0,2025,2025-07
2025-07-30,2025,R,667755,543760,SI,Sinker,,ball,R,R,LAA,TEX,97.50,,,0,0,2025,2025-07
2025-07-30,2025,R,667755,543760,KC,Knuckle Curve,field_out,hit_into_play,R,R,LAA,TEX,83.70,89.90,38,0,2,2025,2025-07
2025-07-30,2025,R,667755,543760,SL,Slider,,foul,R,R,LAA,TEX,89.10,73.30,17,0,2,2025,2025-07
2025-07-30,2025,R,667755,543760,KC,Knuckle Curve,,swinging_strike_blocked,R,R,LAA,TEX,84.60,,,0,1,2025,2025-07
2025-07-30,2025,R,667755,543760,SI,Sinker,,called_strike,R,R,LAA,TEX,96.70,,,0,0,2025,2025-07
2025-07-30,2025,R,667755,608369,FS,Split-Finger,field_error,hit_into_play,L,R,LAA,TEX,90.20,109.30,17,2,1,2025,2025-07
2025-07-30,2025,R,667755,608369,FS,Split-Finger,,foul,L,R,LAA,TEX,90.90,87.10,-49,2,0,2025,2025-07
2025-07-30,2025,R,667755,608369,SI,Sinker,,ball,L,R,LAA,TEX,95.90,,,1,0,2025,2025-07
2025-07-30,2025,R,667755,608369,SI,Sinker,,ball,L,R,LAA,TEX,96.60,,,0,0,2025,2025-07
2025-07-30,2025,R,667755,608369,FS,Split-Finger,strikeout,swinging_strike,L,R,LAA,TEX,93.60,,,2,2,2025,2025-07
2025-07-30,2025,R,667755,608369,SL,Slider,,ball,L,R,LAA,TEX,93.00,,,1,2,2025,2025-07
2025-07-30,2025,R,667755,608369,SI,Sinker,,foul,L,R,LAA,TEX,97.20,92.10,36,1,1,2025,2025-07
2025-07-30,2025,R,667755,608369,SI,Sinker,,called_strike,L,R,LAA,TEX,98.10,,,1,0,2025,2025-07
2025-07-30,2025,R,667755,608369,FS,Split-Finger,,ball,L,R,LAA,TEX,93.60,,,0,0,2025,2025-07
2025-07-30,2025,R,667755,608369,FS,Split-Finger,strikeout,swinging_strike,L,R,LAA,TEX,91.90,,,0,2,2025,2025-07
2025-07-30,2025,R,667755,608369,SI,Sinker,,called_strike,L,R,LAA,TEX,97.30,,,0,1,2025,2025-07
2025-07-30,2025,R,667755,608369,KC,Knuckle Curve,,called_strike,L,R,LAA,TEX,85.30,,,0,0,2025,2025-07
2025-07-30,2025,R,667755,641680,FF,4-Seam Fastball,field_out,hit_into_play,L,R,LAA,TEX,99.30,39.80,18,1,2,2025,2025-07
2025-07-30,2025,R,667755,641680,FF,4-Seam Fastball,,foul,L,R,LAA,TEX,99.30,,,1,2,2025,2025-07
2025-07-30,2025,R,667755,641680,FF,4-Seam Fastball,,ball,L,R,LAA,TEX,98.20,,,0,2,2025,2025-07
2025-07-30,2025,R,667755,641680,SI,Sinker,,swinging_strike,L,R,LAA,TEX,97.40,,,0,1,2025,2025-07
2025-07-30,2025,R,667755,641680,SI,Sinker,,foul,L,R,LAA,TEX,98.00,103.70,-36,0,0,2025,2025-07
2025-07-30,2025,R,667755,641680,FF,4-Seam Fastball,strikeout,swinging_strike,L,R,LAA,TEX,97.20,,,0,2,2025,2025-07
2025-07-30,2025,R,667755,641680,SI,Sinker,,called_strike,L,R,LAA,TEX,97.80,,,0,1,2025,2025-07
2025-07-30,2025,R,667755,641680,SI,Sinker,,foul,L,R,LAA,TEX,95.70,,,0,0,2025,2025-07
2025-07-30,2025,R,667755,641680,SI,Sinker,field_out,hit_into_play,L,R,LAA,TEX,97.80,100.40,-35,2,1,2025,2025-07
2025-07-30,2025,R,667755,641680,SI,Sinker,,ball,L,R,LAA,TEX,98.00,,,1,1,2025,2025-07
2025-07-30,2025,R,667755,641680,KC,Knuckle Curve,,ball,L,R,LAA,TEX,85.70,,,0,1,2025,2025-07
2025-07-30,2025,R,667755,641680,SI,Sinker,,called_strike,L,R,LAA,TEX,97.00,,,0,0,2025,2025-07
2025-07-30,2025,R,667755,666969,SI,Sinker,grounded_into_double_play,hit_into_play,R,R,LAA,TEX,96.90,105.90,-26,1,2,2025,2025-07
2025-07-30,2025,R,667755,666969,SI,Sinker,,foul,R,R,LAA,TEX,95.60,,-43,1,1,2025,2025-07
2025-07-30,2025,R,667755,666969,SI,Sinker,,called_strike,R,R,LAA,TEX,95.70,,,1,0,2025,2025-07
2025-07-30,2025,R,667755,666969,KC,Knuckle Curve,,blocked_ball,R,R,LAA,TEX,85.50,,,0,0,2025,2025-07
2025-07-30,2025,R,667755,666969,KC,Knuckle Curve,field_out,hit_into_play,R,R,LAA,TEX,84.70,87.40,27,2,1,2025,2025-07
2025-07-30,2025,R,667755,666969,SI,Sinker,,foul,R,R,LAA,TEX,97.00,76.00,65,2,0,2025,2025-07
2025-07-30,2025,R,667755,666969,SI,Sinker,,ball,R,R,LAA,TEX,96.40,,,1,0,2025,2025-07
2025-07-30,2025,R,667755,666969,SI,Sinker,,ball,R,R,LAA,TEX,95.80,,,0,0,2025,2025-07
2025-07-30,2025,R,667755,666969,KC,Knuckle Curve,strikeout,swinging_strike_blocked,R,R,LAA,TEX,85.60,,,0,2,2025,2025-07
2025-07-30,2025,R,667755,666969,SL,Slider,,foul,R,R,LAA,TEX,89.90,,,0,2,2025,2025-07
2025-07-30,2025,R,667755,666969,KC,Knuckle Curve,,foul,R,R,LAA,TEX,84.60,,,0,2,2025,2025-07
2025-07-30,2025,R,667755,666969,SI,Sinker,,foul,R,R,LAA,TEX,96.90,56.60,9,0,1,2025,2025-07
2025-07-30,2025,R,667755,666969,SI,Sinker,,swinging_strike,R,R,LAA,TEX,96.60,,,0,0,2025,2025-07
2025-07-30,2025,R,667755,669701,SI,Sinker,field_out,hit_into_play,L,R,LAA,TEX,96.70,95.70,-34,0,0,2025,2025-07
2025-07-30,2025,R,667755,669701,SI,Sinker,field_out,hit_into_play,L,R,LAA,TEX,98.40,78.30,-74,1,1,2025,2025-07
2025-07-30,2025,R,667755,669701,SI,Sinker,,called_strike,L,R,LAA,TEX,98.30,,,1,0,2025,2025-07
2025-07-30,2025,R,667755,669701,FF,4-Seam Fastball,,ball,L,R,LAA,TEX,98.70,,,0,0,2025,2025-07
2025-07-30,2025,R,667755,669701,FF,4-Seam Fastball,walk,ball,L,R,LAA,TEX,98.60,,,3,0,2025,2025-07
2025-07-30,2025,R,667755,669701,SI,Sinker,,ball,L,R,LAA,TEX,96.60,,,2,0,2025,2025-07
2025-07-30,2025,R,667755,669701,SI,Sinker,,ball,L,R,LAA,TEX,96.90,,,1,0,2025,2025-07
2025-07-30,2025,R,667755,669701,SI,Sinker,,ball,L,R,LAA,TEX,96.40,,,0,0,2025,2025-07
2025-07-30,2025,R,667755,673962,KC,Knuckle Curve,strikeout,swinging_strike_blocked,R,R,LAA,TEX,87.00,,,0,2,2025,2025-07
2025-07-30,2025,R,667755,673962,FS,Split-Finger,,foul,R,R,LAA,TEX,91.10,,,0,2,2025,2025-07
2025-07-30,2025,R,667755,673962,SI,Sinker,,swinging_strike,R,R,LAA,TEX,97.40,,,0,1,2025,2025-07
2025-07-30,2025,R,667755,673962,SI,Sinker,,called_strike,R,R,LAA,TEX,96.40,,,0,0,2025,2025-07
2025-07-30,2025,R,667755,673962,SI,Sinker,field_out,hit_into_play,R,R,LAA,TEX,95.60,99.40,23,2,2,2025,2025-07
2025-07-30,2025,R,667755,673962,FS,Split-Finger,,ball,R,R,LAA,TEX,92.60,,,1,2,2025,2025-07
2025-07-30,2025,R,667755,673962,SI,Sinker,,called_strike,R,R,LAA,TEX,95.90,,,1,1,2025,2025-07
2025-07-30,2025,R,667755,673962,KC,Knuckle Curve,,foul,R,R,LAA,TEX,83.50,51.50,-34,1,0,2025,2025-07
2025-07-30,2025,R,667755,673962,SI,Sinker,,ball,R,R,LAA,TEX,95.30,,,0,0,2025,2025-07
2025-07-30,2025,R,667755,673962,SI,Sinker,strikeout,foul_tip,R,R,LAA,TEX,97.70,,,1,2,2025,2025-07
2025-07-30,2025,R,667755,673962,KC,Knuckle Curve,,foul,R,R,LAA,TEX,85.40,93.60,-46,1,2,2025,2025-07
2025-07-30,2025,R,667755,673962,KC,Knuckle Curve,,blocked_ball,R,R,LAA,TEX,85.80,,,0,2,2025,2025-07
2025-07-30,2025,R,667755,673962,SI,Sinker,,swinging_strike,R,R,LAA,TEX,96.90,,,0,1,2025,2025-07
2025-07-30,2025,R,667755,673962,KC,Knuckle Curve,,called_strike,R,R,LAA,TEX,84.50,,,0,0,2025,2025-07
2025-07-30,2025,R,667755,694497,SI,Sinker,field_out,hit_into_play,L,R,LAA,TEX,97.20,85.60,-8,0,0,2025,2025-07
2025-07-30,2025,R,667755,694497,FF,4-Seam Fastball,walk,ball,L,R,LAA,TEX,98.20,,,3,0,2025,2025-07
2025-07-30,2025,R,667755,694497,KC,Knuckle Curve,,ball,L,R,LAA,TEX,84.90,,,2,0,2025,2025-07
2025-07-30,2025,R,667755,694497,SI,Sinker,,ball,L,R,LAA,TEX,95.80,,,1,0,2025,2025-07
2025-07-30,2025,R,667755,694497,SI,Sinker,,ball,L,R,LAA,TEX,95.90,,,0,0,2025,2025-07
2025-07-30,2025,R,667755,694497,SI,Sinker,field_out,hit_into_play,L,R,LAA,TEX,97.10,107.80,-26,3,1,2025,2025-07
2025-07-30,2025,R,667755,694497,KC,Knuckle Curve,,blocked_ball,L,R,LAA,TEX,84.90,,,2,1,2025,2025-07
2025-07-30,2025,R,667755,694497,SI,Sinker,,ball,L,R,LAA,TEX,96.60,,,1,1,2025,2025-07
2025-07-30,2025,R,667755,694497,SI,Sinker,,ball,L,R,LAA,TEX,97.40,,,0,1,2025,2025-07
2025-07-30,2025,R,667755,694497,SI,Sinker,,foul,L,R,LAA,TEX,95.60,73.90,16,0,0,2025,2025-07
2025-07-30,2025,R,667755,694671,SL,Slider,double,hit_into_play,R,R,LAA,TEX,90.90,109.60,19,1,0,2025,2025-07
2025-07-30,2025,R,667755,694671,SL,Slider,,ball,R,R,LAA,TEX,89.20,,,0,0,2025,2025-07
2025-07-30,2025,R,667755,694671,SI,Sinker,single,hit_into_play,R,R,LAA,TEX,98.00,95.00,16,1,0,2025,2025-07
2025-07-30,2025,R,667755,694671,SI,Sinker,,ball,R,R,LAA,TEX,98.10,,,0,0,2025,2025-07
2025-07-30,2025,R,667755,694671,SI,Sinker,field_out,hit_into_play,R,R,LAA,TEX,96.10,92.70,-42,0,0,2025,2025-07
2025-07-30,2025,R,668674,595777,SL,Slider,field_out,hit_into_play,L,R,KC,ATL,83.50,64.50,49,1,2,2025,2025-07
2025-07-30,2025,R,668674,595777,FF,4-Seam Fastball,,called_strike,L,R,KC,ATL,97.40,,,1,1,2025,2025-07
2025-07-30,2025,R,668674,595777,FF,4-Seam Fastball,,called_strike,L,R,KC,ATL,97.00,,,1,0,2025,2025-07
2025-07-30,2025,R,668674,595777,FF,4-Seam Fastball,,ball,L,R,KC,ATL,96.10,,,0,0,2025,2025-07
2025-07-30,2025,R,668674,621566,CH,Changeup,field_out,hit_into_play,L,R,KC,ATL,89.80,82.40,-7,3,1,2025,2025-07
2025-07-30,2025,R,668674,621566,CH,Changeup,,swinging_strike,L,R,KC,ATL,90.30,,,3,0,2025,2025-07
2025-07-30,2025,R,668674,621566,CH,Changeup,,ball,L,R,KC,ATL,89.70,,,2,0,2025,2025-07
2025-07-30,2025,R,668674,621566,FF,4-Seam Fastball,,ball,L,R,KC,ATL,96.70,,,1,0,2025,2025-07
2025-07-30,2025,R,668674,621566,CH,Changeup,,ball,L,R,KC,ATL,88.90,,,0,0,2025,2025-07
2025-07-30,2025,R,668674,642201,SI,Sinker,field_out,hit_into_play,R,R,KC,ATL,97.20,87.30,21,3,2,2025,2025-07
2025-07-30,2025,R,668674,642201,SI,Sinker,,foul,R,R,KC,ATL,96.70,68.90,-36,3,2,2025,2025-07
2025-07-30,2025,R,668674,642201,SL,Slider,,ball,R,R,KC,ATL,85.40,,,2,2,2025,2025-07
2025-07-30,2025,R,668674,642201,SL,Slider,,ball,R,R,KC,ATL,85.70,,,1,2,2025,2025-07
2025-07-30,2025,R,668674,642201,CH,Changeup,,ball,R,R,KC,ATL,89.00,,,0,2,2025,2025-07
2025-07-30,2025,R,668674,642201,SI,Sinker,,foul,R,R,KC,ATL,95.10,45.00,-32,0,1,2025,2025-07
2025-07-30,2025,R,668674,642201,SI,Sinker,,called_strike,R,R,KC,ATL,95.70,,,0,0,2025,2025-07
2025-07-30,2025,R,668674,686948,FF,4-Seam Fastball,single,hit_into_play,L,R,KC,ATL,97.00,66.60,-7,2,2,2025,2025-07
2025-07-30,2025,R,668674,686948,FF,4-Seam Fastball,,ball,L,R,KC,ATL,97.90,,,1,2,2025,2025-07
2025-07-30,2025,R,668674,686948,CH,Changeup,,foul,L,R,KC,ATL,88.80,65.30,36,1,2,2025,2025-07
2025-07-30,2025,R,668674,686948,FF,4-Seam Fastball,,foul,L,R,KC,ATL,95.60,81.30,14,1,1,2025,2025-07
2025-07-30,2025,R,668674,686948,CH,Changeup,,foul,L,R,KC,ATL,89.60,,,1,0,2025,2025-07
2025-07-30,2025,R,668674,686948,SL,Slider,,ball,L,R,KC,ATL,85.40,,,0,0,2025,2025-07
2025-07-30,2025,R,668834,608348,SI,Sinker,field_out,hit_into_play,R,R,MIL,CHC,93.90,94.90,34,0,0,2025,2025-07
2025-07-30,2025,R,668834,621020,CU,Curveball,field_out,hit_into_play,R,R,MIL,CHC,80.70,77.50,7,1,2,2025,2025-07
2025-07-30,2025,R,668834,621020,FF,4-Seam Fastball,,foul,R,R,MIL,CHC,92.60,78.90,52,1,2,2025,2025-07
2025-07-30,2025,R,668834,621020,SI,Sinker,,foul,R,R,MIL,CHC,92.80,71.00,-27,1,2,2025,2025-07
2025-07-30,2025,R,668834,621020,CU,Curveball,,foul,R,R,MIL,CHC,81.60,63.40,-35,1,2,2025,2025-07
2025-07-30,2025,R,668834,621020,FF,4-Seam Fastball,,swinging_strike,R,R,MIL,CHC,93.10,,,1,1,2025,2025-07
2025-07-30,2025,R,668834,621020,CU,Curveball,,ball,R,R,MIL,CHC,81.60,,,0,1,2025,2025-07
2025-07-30,2025,R,668834,621020,CU,Curveball,,foul,R,R,MIL,CHC,80.30,63.90,-31,0,0,2025,2025-07
2025-07-30,2025,R,668834,663538,FF,4-Seam Fastball,sac_fly,hit_into_play,R,R,MIL,CHC,93.30,89.60,39,0,2,2025,2025-07
2025-07-30,2025,R,668834,663538,CU,Curveball,,foul,R,R,MIL,CHC,80.30,102.40,-21,0,1,2025,2025-07
2025-07-30,2025,R,668834,663538,SI,Sinker,,called_strike,R,R,MIL,CHC,93.90,,,0,0,2025,2025-07
2025-07-30,2025,R,668834,663656,SI,Sinker,field_out,hit_into_play,L,R,MIL,CHC,94.20,103.60,-21,0,0,2025,2025-07
2025-07-30,2025,R,668834,664023,SI,Sinker,home_run,hit_into_play,L,R,MIL,CHC,92.80,107.70,23,1,0,2025,2025-07
2025-07-30,2025,R,668834,664023,CU,Curveball,,ball,L,R,MIL,CHC,80.10,,,0,0,2025,2025-07
2025-07-30,2025,R,668834,673548,CU,Curveball,strikeout,swinging_strike,R,R,MIL,CHC,81.90,,,0,2,2025,2025-07
2025-07-30,2025,R,668834,673548,SI,Sinker,,called_strike,R,R,MIL,CHC,94.60,,,0,1,2025,2025-07
2025-07-30,2025,R,668834,673548,CU,Curveball,,called_strike,R,R,MIL,CHC,79.50,,,0,0,2025,2025-07
2025-07-30,2025,R,668834,683737,CU,Curveball,strikeout,called_strike,L,R,MIL,CHC,79.30,,,0,2,2025,2025-07
2025-07-30,2025,R,668834,683737,CU,Curveball,,swinging_strike,L,R,MIL,CHC,78.70,,,0,1,2025,2025-07
2025-07-30,2025,R,668834,683737,SI,Sinker,,called_strike,L,R,MIL,CHC,94.10,,,0,0,2025,2025-07
2025-07-30,2025,R,668834,691718,SI,Sinker,double,hit_into_play,L,R,MIL,CHC,92.50,104.60,7,1,2,2025,2025-07
2025-07-30,2025,R,668834,691718,FC,Cutter,,ball,L,R,MIL,CHC,87.30,,,0,2,2025,2025-07
2025-07-30,2025,R,668834,691718,FC,Cutter,,swinging_strike,L,R,MIL,CHC,87.80,,,0,1,2025,2025-07
2025-07-30,2025,R,668834,691718,CU,Curveball,,swinging_strike,L,R,MIL,CHC,78.90,,,0,0,2025,2025-07
2025-07-30,2025,R,668941,660821,SI,Sinker,field_out,hit_into_play,L,L,STL,MIA,93.00,97.10,-48,1,1,2025,2025-07
2025-07-30,2025,R,668941,660821,ST,Sweeper,,ball,L,L,STL,MIA,83.00,,,0,1,2025,2025-07
2025-07-30,2025,R,668941,660821,ST,Sweeper,,foul,L,L,STL,MIA,83.00,70.70,67,0,0,2025,2025-07
2025-07-30,2025,R,668941,669065,ST,Sweeper,field_out,hit_into_play,L,L,STL,MIA,81.20,71.90,72,1,0,2025,2025-07
2025-07-30,2025,R,668941,669065,ST,Sweeper,,ball,L,L,STL,MIA,81.80,,,0,0,2025,2025-07
2025-07-30,2025,R,668941,669364,FF,4-Seam Fastball,field_out,hit_into_play,R,L,STL,MIA,92.80,92.10,33,1,0,2025,2025-07
2025-07-30,2025,R,668941,669364,ST,Sweeper,,ball,R,L,STL,MIA,81.20,,,0,0,2025,2025-07
2025-07-30,2025,R,668941,672640,ST,Sweeper,single,hit_into_play,R,L,STL,MIA,83.10,52.50,-40,3,2,2025,2025-07
2025-07-30,2025,R,668941,672640,CH,Changeup,,ball,R,L,STL,MIA,86.50,,,2,2,2025,2025-07
2025-07-30,2025,R,668941,672640,CH,Changeup,,foul,R,L,STL,MIA,85.30,57.00,-53,2,2,2025,2025-07
2025-07-30,2025,R,668941,672640,SI,Sinker,,ball,R,L,STL,MIA,91.90,,,1,2,2025,2025-07
2025-07-30,2025,R,668941,672640,SV,Slurve,,ball,R,L,STL,MIA,81.60,,,0,2,2025,2025-07
2025-07-30,2025,R,668941,672640,CH,Changeup,,called_strike,R,L,STL,MIA,86.20,,,0,1,2025,2025-07
2025-07-30,2025,R,668941,672640,ST,Sweeper,,called_strike,R,L,STL,MIA,82.20,,,0,0,2025,2025-07
2025-07-30,2025,R,668941,682663,CH,Changeup,strikeout,swinging_strike_blocked,R,L,STL,MIA,84.60,,,0,2,2025,2025-07
2025-07-30,2025,R,668941,682663,SV,Slurve,,swinging_strike,R,L,STL,MIA,82.30,,,0,1,2025,2025-07
2025-07-30,2025,R,668941,682663,ST,Sweeper,,called_strike,R,L,STL,MIA,80.60,,,0,0,2025,2025-07
2025-07-30,2025,R,669022,514888,CU,Curveball,single,hit_into_play,R,L,HOU,WSH,82.10,99.80,17,2,2,2025,2025-07
2025-07-30,2025,R,669022,514888,FC,Cutter,,foul,R,L,HOU,WSH,90.40,95.80,-16,2,2,2025,2025-07
2025-07-30,2025,R,669022,514888,CU,Curveball,,ball,R,L,HOU,WSH,82.00,,,1,2,2025,2025-07
2025-07-30,2025,R,669022,514888,CU,Curveball,,foul,R,L,HOU,WSH,79.80,,-51,1,1,2025,2025-07
2025-07-30,2025,R,669022,514888,CU,Curveball,,foul,R,L,HOU,WSH,80.70,78.80,-22,1,0,2025,2025-07
2025-07-30,2025,R,669022,514888,FF,4-Seam Fastball,,ball,R,L,HOU,WSH,94.50,,,0,0,2025,2025-07
2025-07-30,2025,R,669022,514888,CH,Changeup,home_run,hit_into_play,R,L,HOU,WSH,86.40,99.20,39,0,0,2025,2025-07
2025-07-30,2025,R,669022,514888,FF,4-Seam Fastball,single,hit_into_play,R,L,HOU,WSH,94.00,104.90,17,0,0,2025,2025-07
2025-07-30,2025,R,669022,572233,CH,Changeup,hit_by_pitch,hit_by_pitch,R,L,HOU,WSH,87.90,,,2,2,2025,2025-07
2025-07-30,2025,R,669022,572233,CU,Curveball,,ball,R,L,HOU,WSH,82.80,,,1,2,2025,2025-07
2025-07-30,2025,R,669022,572233,CU,Curveball,,ball,R,L,HOU,WSH,82.10,,,0,2,2025,2025-07
2025-07-30,2025,R,669022,572233,FF,4-Seam Fastball,,foul,R,L,HOU,WSH,95.00,68.60,37,0,1,2025,2025-07
2025-07-30,2025,R,669022,572233,FF,4-Seam Fastball,,swinging_strike,R,L,HOU,WSH,94.60,,,0,0,2025,2025-07
2025-07-30,2025,R,669022,572233,FF,4-Seam Fastball,field_out,hit_into_play,R,L,HOU,WSH,95.30,79.20,65,1,0,2025,2025-07
2025-07-30,2025,R,669022,572233,CU,Curveball,,ball,R,L,HOU,WSH,80.00,,,0,0,2025,2025-07
2025-07-30,2025,R,669022,572233,CU,Curveball,strikeout,swinging_strike_blocked,R,L,HOU,WSH,83.30,,,1,2,2025,2025-07
2025-07-30,2025,R,669022,572233,CU,Curveball,,foul,R,L,HOU,WSH,82.70,,,1,2,2025,2025-07
2025-07-30,2025,R,669022,572233,FF,4-Seam Fastball,,ball,R,L,HOU,WSH,96.10,,,0,2,2025,2025-07
2025-07-30,2025,R,669022,572233,FF,4-Seam Fastball,,foul,R,L,HOU,WSH,95.60,70.90,44,0,2,2025,2025-07
2025-07-30,2025,R,669022,572233,CH,Changeup,,swinging_strike,R,L,HOU,WSH,87.10,,,0,1,2025,2025-07
2025-07-30,2025,R,669022,572233,CU,Curveball,,called_strike,R,L,HOU,WSH,80.10,,,0,0,2025,2025-07
2025-07-30,2025,R,669022,605170,FF,4-Seam Fastball,field_out,hit_into_play,R,L,HOU,WSH,94.10,96.30,-3,0,2,2025,2025-07
2025-07-30,2025,R,669022,605170,FF,4-Seam Fastball,,foul,R,L,HOU,WSH,93.70,76.10,53,0,1,2025,2025-07
2025-07-30,2025,R,669022,605170,CU,Curveball,,called_strike,R,L,HOU,WSH,76.90,,,0,0,2025,2025-07
2025-07-30,2025,R,669022,605170,FF,4-Seam Fastball,fielders_choice_out,hit_into_play,R,L,HOU,WSH,95.20,86.30,-20,3,2,2025,2025-07
2025-07-30,2025,R,669022,605170,FF,4-Seam Fastball,,foul,R,L,HOU,WSH,95.60,77.80,37,3,2,2025,2025-07
2025-07-30,2025,R,669022,605170,FC,Cutter,,ball,R,L,HOU,WSH,89.60,,,2,2,2025,2025-07
2025-07-30,2025,R,669022,605170,CU,Curveball,,ball,R,L,HOU,WSH,82.30,,,1,2,2025,2025-07
2025-07-30,2025,R,669022,605170,CU,Curveball,,blocked_ball,R,L,HOU,WSH,82.20,,,0,2,2025,2025-07
2025-07-30,2025,R,669022,605170,CU,Curveball,,called_strike,R,L,HOU,WSH,81.50,,,0,1,2025,2025-07
2025-07-30,2025,R,669022,605170,FF,4-Seam Fastball,,called_strike,R,L,HOU,WSH,94.80,,,0,0,2025,2025-07
2025-07-30,2025,R,669022,605170,FF,4-Seam Fastball,force_out,hit_into_play,R,L,HOU,WSH,96.10,77.90,-26,0,0,2025,2025-07
2025-07-30,2025,R,669022,643289,CH,Changeup,single,hit_into_play,R,L,HOU,WSH,86.70,77.80,17,0,1,2025,2025-07
2025-07-30,2025,R,669022,643289,FF,4-Seam Fastball,,foul,R,L,HOU,WSH,94.60,78.20,20,0,0,2025,2025-07
2025-07-30,2025,R,669022,643289,CU,Curveball,field_out,hit_into_play,R,L,HOU,WSH,81.60,83.50,44,0,2,2025,2025-07
2025-07-30,2025,R,669022,643289,FC,Cutter,,foul,R,L,HOU,WSH,89.70,76.60,7,0,1,2025,2025-07
2025-07-30,2025,R,669022,643289,FF,4-Seam Fastball,,called_strike,R,L,HOU,WSH,95.70,,,0,0,2025,2025-07
2025-07-30,2025,R,669022,643289,FF,4-Seam Fastball,walk,ball,R,L,HOU,WSH,93.00,,,3,1,2025,2025-07
2025-07-30,2025,R,669022,643289,FF,4-Seam Fastball,,ball,R,L,HOU,WSH,93.70,,,2,1,2025,2025-07
2025-07-30,2025,R,669022,643289,CH,Changeup,,ball,R,L,HOU,WSH,85.10,,,1,1,2025,2025-07
2025-07-30,2025,R,669022,643289,FF,4-Seam Fastball,,ball,R,L,HOU,WSH,94.20,,,0,1,2025,2025-07
2025-07-30,2025,R,669022,643289,FF,4-Seam Fastball,,called_strike,R,L,HOU,WSH,93.60,,,0,0,2025,2025-07
2025-07-30,2025,R,669022,669450,FF,4-Seam Fastball,home_run,hit_into_play,R,L,HOU,WSH,94.10,111.80,24,3,2,2025,2025-07
2025-07-30,2025,R,669022,669450,CU,Curveball,,ball,R,L,HOU,WSH,79.80,,,2,2,2025,2025-07
2025-07-30,2025,R,669022,669450,FF,4-Seam Fastball,,ball,R,L,HOU,WSH,95.80,,,1,2,2025,2025-07
2025-07-30,2025,R,669022,669450,FF,4-Seam Fastball,,foul,R,L,HOU,WSH,93.20,70.10,61,1,1,2025,2025-07
2025-07-30,2025,R,669022,669450,FF,4-Seam Fastball,,ball,R,L,HOU,WSH,93.60,,,0,1,2025,2025-07
2025-07-30,2025,R,669022,669450,FF,4-Seam Fastball,,foul,R,L,HOU,WSH,93.60,80.70,73,0,0,2025,2025-07
2025-07-30,2025,R,669022,669450,FF,4-Seam Fastball,field_out,hit_into_play,R,L,HOU,WSH,94.60,87.50,34,1,1,2025,2025-07
2025-07-30,2025,R,669022,669450,CU,Curveball,,ball,R,L,HOU,WSH,80.10,,,0,1,2025,2025-07
2025-07-30,2025,R,669022,669450,CU,Curveball,,called_strike,R,L,HOU,WSH,78.30,,,0,0,2025,2025-07
2025-07-30,2025,R,669022,669450,CU,Curveball,strikeout,swinging_strike,R,L,HOU,WSH,81.60,,,2,2,2025,2025-07
2025-07-30,2025,R,669022,669450,FF,4-Seam Fastball,,called_strike,R,L,HOU,WSH,95.40,,,2,1,2025,2025-07
2025-07-30,2025,R,669022,669450,CU,Curveball,,blocked_ball,R,L,HOU,WSH,81.40,,,1,1,2025,2025-07
2025-07-30,2025,R,669022,669450,FF,4-Seam Fastball,,called_strike,R,L,HOU,WSH,94.90,,,1,0,2025,2025-07
2025-07-30,2025,R,669022,669450,CH,Changeup,,ball,R,L,HOU,WSH,85.40,,,0,0,2025,2025-07
2025-07-30,2025,R,669022,670097,CU,Curveball,field_out,hit_into_play,R,L,HOU,WSH,81.10,86.70,39,1,1,2025,2025-07
2025-07-30,2025,R,669022,670097,FF,4-Seam Fastball,,called_strike,R,L,HOU,WSH,94.20,,,1,0,2025,2025-07
2025-07-30,2025,R,669022,670097,CU,Curveball,,ball,R,L,HOU,WSH,77.40,,,0,0,2025,2025-07
2025-07-30,2025,R,669022,670097,FF,4-Seam Fastball,single,hit_into_play,R,L,HOU,WSH,95.80,97.90,2,3,1,2025,2025-07
2025-07-30,2025,R,669022,670097,FF,4-Seam Fastball,,ball,R,L,HOU,WSH,94.70,,,2,1,2025,2025-07
2025-07-30,2025,R,669022,670097,CH,Changeup,,ball,R,L,HOU,WSH,87.10,,,1,1,2025,2025-07
2025-07-30,2025,R,669022,670097,FF,4-Seam Fastball,,foul,R,L,HOU,WSH,96.20,72.00,34,1,0,2025,2025-07
2025-07-30,2025,R,669022,670097,FF,4-Seam Fastball,,ball,R,L,HOU,WSH,96.10,,,0,0,2025,2025-07
2025-07-30,2025,R,669022,673237,FF,4-Seam Fastball,strikeout,swinging_strike,R,L,HOU,WSH,95.30,,,1,2,2025,2025-07
2025-07-30,2025,R,669022,673237,FF,4-Seam Fastball,,foul,R,L,HOU,WSH,95.10,72.20,76,1,2,2025,2025-07
2025-07-30,2025,R,669022,673237,CU,Curveball,,ball,R,L,HOU,WSH,82.40,,,0,2,2025,2025-07
2025-07-30,2025,R,669022,673237,CH,Changeup,,foul,R,L,HOU,WSH,87.10,50.50,-28,0,1,2025,2025-07
2025-07-30,2025,R,669022,673237,FF,4-Seam Fastball,,swinging_strike,R,L,HOU,WSH,94.60,,,0,0,2025,2025-07
2025-07-30,2025,R,669022,673237,FF,4-Seam Fastball,field_out,hit_into_play,R,L,HOU,WSH,96.30,104.70,2,0,0,2025,2025-07
2025-07-30,2025,R,669022,673237,CU,Curveball,single,hit_into_play,R,L,HOU,WSH,80.90,94.60,20,0,2,2025,2025-07
2025-07-30,2025,R,669022,673237,CU,Curveball,,swinging_strike_blocked,R,L,HOU,WSH,82.20,,,0,1,2025,2025-07
2025-07-30,2025,R,669022,673237,FF,4-Seam Fastball,,called_strike,R,L,HOU,WSH,95.80,,,0,0,2025,2025-07
2025-07-30,2025,R,669022,676801,CH,Changeup,field_out,hit_into_play,R,L,HOU,WSH,86.90,73.80,63,0,2,2025,2025-07
2025-07-30,2025,R,669022,676801,FF,4-Seam Fastball,,foul,R,L,HOU,WSH,95.10,80.00,19,0,2,2025,2025-07
2025-07-30,2025,R,669022,676801,FF,4-Seam Fastball,,foul,R,L,HOU,WSH,94.80,78.90,18,0,1,2025,2025-07
2025-07-30,2025,R,669022,676801,CU,Curveball,,called_strike,R,L,HOU,WSH,80.30,,,0,0,2025,2025-07
2025-07-30,2025,R,669022,676801,CU,Curveball,field_out,hit_into_play,R,L,HOU,WSH,80.40,100.70,22,3,2,2025,2025-07
2025-07-30,2025,R,669022,676801,CU,Curveball,,ball,R,L,HOU,WSH,80.70,,,2,2,2025,2025-07
2025-07-30,2025,R,669022,676801,CU,Curveball,,called_strike,R,L,HOU,WSH,80.90,,,2,1,2025,2025-07
2025-07-30,2025,R,669022,676801,FF,4-Seam Fastball,,ball,R,L,HOU,WSH,95.40,,,1,1,2025,2025-07
2025-07-30,2025,R,669022,676801,FF,4-Seam Fastball,,ball,R,L,HOU,WSH,95.50,,,0,1,2025,2025-07
2025-07-30,2025,R,669022,676801,FF,4-Seam Fastball,,foul,R,L,HOU,WSH,95.00,81.60,59,0,0,2025,2025-07
2025-07-30,2025,R,669022,701358,FF,4-Seam Fastball,strikeout_double_play,swinging_strike,R,L,HOU,WSH,93.90,,,3,2,2025,2025-07
2025-07-30,2025,R,669022,701358,CU,Curveball,,foul,R,L,HOU,WSH,80.50,,,3,2,2025,2025-07
2025-07-30,2025,R,669022,701358,CU,Curveball,,ball,R,L,HOU,WSH,80.00,,,2,2,2025,2025-07
2025-07-30,2025,R,669022,701358,FF,4-Seam Fastball,,ball,R,L,HOU,WSH,96.00,,,1,2,2025,2025-07
2025-07-30,2025,R,669022,701358,FF,4-Seam Fastball,,called_strike,R,L,HOU,WSH,94.90,,,1,1,2025,2025-07
2025-07-30,2025,R,669022,701358,FF,4-Seam Fastball,,ball,R,L,HOU,WSH,95.40,,,0,1,2025,2025-07
2025-07-30,2025,R,669022,701358,FF,4-Seam Fastball,,called_strike,R,L,HOU,WSH,95.90,,,0,0,2025,2025-07
2025-07-30,2025,R,669022,701358,FF,4-Seam Fastball,single,hit_into_play,R,L,HOU,WSH,95.60,80.00,5,2,2,2025,2025-07
2025-07-30,2025,R,669022,701358,CU,Curveball,,foul,R,L,HOU,WSH,80.80,64.10,-43,2,2,2025,2025-07
2025-07-30,2025,R,669022,701358,FF,4-Seam Fastball,,foul,R,L,HOU,WSH,94.70,88.70,1,2,1,2025,2025-07
2025-07-30,2025,R,669022,701358,FF,4-Seam Fastball,,ball,R,L,HOU,WSH,95.70,,,1,1,2025,2025-07
2025-07-30,2025,R,669022,701358,FC,Cutter,,called_strike,R,L,HOU,WSH,89.80,,,1,0,2025,2025-07
2025-07-30,2025,R,669022,701358,FF,4-Seam Fastball,,ball,R,L,HOU,WSH,94.90,,,0,0,2025,2025-07
2025-07-30,2025,R,669022,701358,CH,Changeup,sac_fly,hit_into_play,R,L,HOU,WSH,86.50,84.10,25,0,0,2025,2025-07
2025-07-30,2025,R,669084,457759,FF,4-Seam Fastball,double,hit_into_play,R,L,MIL,CHC,93.50,70.70,35,1,0,2025,2025-07
2025-07-30,2025,R,669084,457759,SI,Sinker,,ball,R,L,MIL,CHC,94.00,,,0,0,2025,2025-07
2025-07-30,2025,R,669084,608348,CU,Curveball,field_out,hit_into_play,R,L,MIL,CHC,82.20,71.80,-26,2,2,2025,2025-07
2025-07-30,2025,R,669084,608348,FF,4-Seam Fastball,,ball,R,L,MIL,CHC,95.10,,,1,2,2025,2025-07
2025-07-30,2025,R,669084,608348,FF,4-Seam Fastball,,foul,R,L,MIL,CHC,94.50,80.70,55,1,1,2025,2025-07
2025-07-30,2025,R,669084,608348,CH,Changeup,,ball,R,L,MIL,CHC,85.90,,,0,1,2025,2025-07
2025-07-30,2025,R,669084,608348,FF,4-Seam Fastball,,called_strike,R,L,MIL,CHC,95.20,,,0,0,2025,2025-07
2025-07-30,2025,R,669084,621020,FC,Cutter,double,hit_into_play,R,L,MIL,CHC,92.30,106.40,21,2,0,2025,2025-07
2025-07-30,2025,R,669084,621020,CH,Changeup,,ball,R,L,MIL,CHC,83.40,,,1,0,2025,2025-07
2025-07-30,2025,R,669084,621020,FF,4-Seam Fastball,,ball,R,L,MIL,CHC,93.00,,,0,0,2025,2025-07
2025-07-30,2025,R,669084,663538,SI,Sinker,field_out,hit_into_play,R,L,MIL,CHC,96.00,100.60,-8,0,1,2025,2025-07
2025-07-30,2025,R,669084,663538,CH,Changeup,,called_strike,R,L,MIL,CHC,84.80,,,0,0,2025,2025-07
2025-07-30,2025,R,669084,691718,SL,Slider,strikeout,swinging_strike,L,L,MIL,CHC,86.30,,,1,2,2025,2025-07
2025-07-30,2025,R,669084,691718,SL,Slider,,foul,L,L,MIL,CHC,86.70,84.00,38,1,2,2025,2025-07
2025-07-30,2025,R,669084,691718,SI,Sinker,,ball,L,L,MIL,CHC,96.00,,,0,2,2025,2025-07
2025-07-30,2025,R,669084,691718,SL,Slider,,foul,L,L,MIL,CHC,86.90,84.20,-20,0,2,2025,2025-07
2025-07-30,2025,R,669084,691718,SL,Slider,,swinging_strike,L,L,MIL,CHC,88.10,,,0,1,2025,2025-07
2025-07-30,2025,R,669084,691718,FF,4-Seam Fastball,,foul,L,L,MIL,CHC,94.40,83.80,54,0,0,2025,2025-07
2025-07-30,2025,R,669084,807713,CU,Curveball,single,hit_into_play,R,L,MIL,CHC,82.20,84.50,-15,0,2,2025,2025-07
2025-07-30,2025,R,669084,807713,FF,4-Seam Fastball,,foul,R,L,MIL,CHC,94.60,,,0,2,2025,2025-07
2025-07-30,2025,R,669084,807713,FF,4-Seam Fastball,,called_strike,R,L,MIL,CHC,94.30,,,0,1,2025,2025-07
2025-07-30,2025,R,669084,807713,CH,Changeup,,swinging_strike,R,L,MIL,CHC,83.10,,,0,0,2025,2025-07
2025-07-30,2025,R,669194,595879,SL,Slider,strikeout,swinging_strike_blocked,R,R,DET,AZ,86.50,,,1,2,2025,2025-07
2025-07-30,2025,R,669194,595879,FF,4-Seam Fastball,,foul,R,R,DET,AZ,95.80,74.60,46,1,2,2025,2025-07
2025-07-30,2025,R,669194,595879,FF,4-Seam Fastball,,foul,R,R,DET,AZ,96.30,82.30,61,1,2,2025,2025-07
2025-07-30,2025,R,669194,595879,FF,4-Seam Fastball,,called_strike,R,R,DET,AZ,95.70,,,1,1,2025,2025-07
2025-07-30,2025,R,669194,595879,FF,4-Seam Fastball,,called_strike,R,R,DET,AZ,94.20,,,1,0,2025,2025-07
2025-07-30,2025,R,669194,595879,FF,4-Seam Fastball,,ball,R,R,DET,AZ,92.90,,,0,0,2025,2025-07
2025-07-30,2025,R,669194,595879,FF,4-Seam Fastball,strikeout,swinging_strike,R,R,DET,AZ,96.80,,,1,2,2025,2025-07
2025-07-30,2025,R,669194,595879,FF,4-Seam Fastball,,called_strike,R,R,DET,AZ,96.00,,,1,1,2025,2025-07
2025-07-30,2025,R,669194,595879,FF,4-Seam Fastball,,called_strike,R,R,DET,AZ,95.90,,,1,0,2025,2025-07
2025-07-30,2025,R,669194,595879,SL,Slider,,ball,R,R,DET,AZ,87.70,,,0,0,2025,2025-07
2025-07-30,2025,R,669194,650402,SL,Slider,field_out,hit_into_play,R,R,DET,AZ,85.60,98.80,26,1,1,2025,2025-07
2025-07-30,2025,R,669194,650402,SL,Slider,,ball,R,R,DET,AZ,86.80,,,0,1,2025,2025-07
2025-07-30,2025,R,669194,650402,FF,4-Seam Fastball,,called_strike,R,R,DET,AZ,93.90,,,0,0,2025,2025-07
2025-07-30,2025,R,669194,650402,FF,4-Seam Fastball,strikeout,foul_tip,R,R,DET,AZ,96.60,,,2,2,2025,2025-07
2025-07-30,2025,R,669194,650402,FF,4-Seam Fastball,,foul,R,R,DET,AZ,96.80,80.50,17,2,2,2025,2025-07
2025-07-30,2025,R,669194,650402,CU,Curveball,,ball,R,R,DET,AZ,80.80,,,1,2,2025,2025-07
2025-07-30,2025,R,669194,650402,FF,4-Seam Fastball,,ball,R,R,DET,AZ,96.90,,,0,2,2025,2025-07
2025-07-30,2025,R,669194,650402,FF,4-Seam Fastball,,foul,R,R,DET,AZ,95.50,78.80,55,0,1,2025,2025-07
2025-07-30,2025,R,669194,650402,SL,Slider,,swinging_strike,R,R,DET,AZ,87.40,,,0,0,2025,2025-07
2025-07-30,2025,R,669194,650402,SL,Slider,strikeout,foul_tip,R,R,DET,AZ,86.10,,,2,2,2025,2025-07
2025-07-30,2025,R,669194,650402,SL,Slider,,ball,R,R,DET,AZ,88.40,,,1,2,2025,2025-07
2025-07-30,2025,R,669194,650402,FF,4-Seam Fastball,,foul,R,R,DET,AZ,95.30,87.20,52,1,2,2025,2025-07
2025-07-30,2025,R,669194,650402,SL,Slider,,ball,R,R,DET,AZ,87.40,,,0,2,2025,2025-07
2025-07-30,2025,R,669194,650402,FF,4-Seam Fastball,,foul,R,R,DET,AZ,95.90,86.70,37,0,2,2025,2025-07
2025-07-30,2025,R,669194,650402,FF,4-Seam Fastball,,foul,R,R,DET,AZ,96.00,81.30,58,0,1,2025,2025-07
2025-07-30,2025,R,669194,650402,FF,4-Seam Fastball,,foul,R,R,DET,AZ,95.00,89.20,37,0,0,2025,2025-07
2025-07-30,2025,R,669194,656716,FF,4-Seam Fastball,field_out,hit_into_play,L,R,DET,AZ,94.00,99.30,0,1,0,2025,2025-07
2025-07-30,2025,R,669194,656716,FF,4-Seam Fastball,,ball,L,R,DET,AZ,94.30,,,0,0,2025,2025-07
2025-07-30,2025,R,669194,656716,CU,Curveball,strikeout,swinging_strike,L,R,DET,AZ,78.70,,,2,2,2025,2025-07
2025-07-30,2025,R,669194,656716,FF,4-Seam Fastball,,ball,L,R,DET,AZ,96.60,,,1,2,2025,2025-07
2025-07-30,2025,R,669194,656716,FF,4-Seam Fastball,,foul,L,R,DET,AZ,95.20,81.00,8,1,1,2025,2025-07
2025-07-30,2025,R,669194,656716,FF,4-Seam Fastball,,foul,L,R,DET,AZ,94.50,66.60,33,1,0,2025,2025-07
2025-07-30,2025,R,669194,656716,FF,4-Seam Fastball,,ball,L,R,DET,AZ,95.80,,,0,0,2025,2025-07
2025-07-30,2025,R,669194,668670,FF,4-Seam Fastball,field_error,hit_into_play,R,R,DET,AZ,96.10,91.30,-10,0,2,2025,2025-07
2025-07-30,2025,R,669194,668670,FF,4-Seam Fastball,,foul,R,R,DET,AZ,96.80,87.50,50,0,2,2025,2025-07
2025-07-30,2025,R,669194,668670,SL,Slider,,swinging_strike,R,R,DET,AZ,84.80,,,0,1,2025,2025-07
2025-07-30,2025,R,669194,668670,SL,Slider,,called_strike,R,R,DET,AZ,85.80,,,0,0,2025,2025-07
2025-07-30,2025,R,669194,668670,FF,4-Seam Fastball,strikeout,swinging_strike,R,R,DET,AZ,95.60,,,1,2,2025,2025-07
2025-07-30,2025,R,669194,668670,SL,Slider,,foul,R,R,DET,AZ,86.00,,,1,1,2025,2025-07
2025-07-30,2025,R,669194,668670,FF,4-Seam Fastball,,ball,R,R,DET,AZ,94.50,,,0,1,2025,2025-07
2025-07-30,2025,R,669194,668670,FF,4-Seam Fastball,,foul,R,R,DET,AZ,93.60,84.30,74,0,0,2025,2025-07
2025-07-30,2025,R,669194,672761,FF,4-Seam Fastball,field_out,hit_into_play,L,R,DET,AZ,94.50,89.80,-1,3,2,2025,2025-07
2025-07-30,2025,R,669194,672761,FF,4-Seam Fastball,,foul,L,R,DET,AZ,94.40,76.50,13,3,2,2025,2025-07
2025-07-30,2025,R,669194,672761,SL,Slider,,ball,L,R,DET,AZ,85.70,,,2,2,2025,2025-07
2025-07-30,2025,R,669194,672761,FF,4-Seam Fastball,,foul,L,R,DET,AZ,95.70,75.60,57,2,2,2025,2025-07
2025-07-30,2025,R,669194,672761,FF,4-Seam Fastball,,foul,L,R,DET,AZ,94.60,82.40,41,2,2,2025,2025-07
2025-07-30,2025,R,669194,672761,FF,4-Seam Fastball,,ball,L,R,DET,AZ,96.80,,,1,2,2025,2025-07
2025-07-30,2025,R,669194,672761,FC,Cutter,,called_strike,L,R,DET,AZ,91.40,,,1,1,2025,2025-07
2025-07-30,2025,R,669194,672761,FF,4-Seam Fastball,,swinging_strike,L,R,DET,AZ,93.20,,,1,0,2025,2025-07
2025-07-30,2025,R,669194,672761,FF,4-Seam Fastball,,ball,L,R,DET,AZ,95.60,,,0,0,2025,2025-07
2025-07-30,2025,R,669194,672761,CU,Curveball,field_out,hit_into_play,L,R,DET,AZ,81.60,108.30,-15,1,2,2025,2025-07
2025-07-30,2025,R,669194,672761,FF,4-Seam Fastball,,called_strike,L,R,DET,AZ,94.80,,,1,1,2025,2025-07
2025-07-30,2025,R,669194,672761,FF,4-Seam Fastball,,foul,L,R,DET,AZ,94.90,77.50,16,1,0,2025,2025-07
2025-07-30,2025,R,669194,672761,CU,Curveball,,ball,L,R,DET,AZ,79.20,,,0,0,2025,2025-07
2025-07-30,2025,R,669194,679529,FF,4-Seam Fastball,strikeout,swinging_strike,R,R,DET,AZ,95.80,,,0,2,2025,2025-07
2025-07-30,2025,R,669194,679529,SL,Slider,,foul,R,R,DET,AZ,86.40,93.10,18,0,1,2025,2025-07
2025-07-30,2025,R,669194,679529,FF,4-Seam Fastball,,foul,R,R,DET,AZ,95.10,59.90,14,0,0,2025,2025-07
2025-07-30,2025,R,669194,679529,FF,4-Seam Fastball,strikeout,called_strike,R,R,DET,AZ,96.00,,,1,2,2025,2025-07
2025-07-30,2025,R,669194,679529,FF,4-Seam Fastball,,foul,R,R,DET,AZ,94.60,95.50,-4,1,1,2025,2025-07
2025-07-30,2025,R,669194,679529,SL,Slider,,swinging_strike,R,R,DET,AZ,85.80,,,1,0,2025,2025-07
2025-07-30,2025,R,669194,679529,FF,4-Seam Fastball,,ball,R,R,DET,AZ,94.20,,,0,0,2025,2025-07
2025-07-30,2025,R,669194,679529,FF,4-Seam Fastball,field_out,hit_into_play,R,R,DET,AZ,95.90,96.60,32,0,0,2025,2025-07
2025-07-30,2025,R,669194,681481,FF,4-Seam Fastball,home_run,hit_into_play,L,R,DET,AZ,96.50,108.10,26,2,2,2025,2025-07
2025-07-30,2025,R,669194,681481,SL,Slider,,blocked_ball,L,R,DET,AZ,86.80,,,1,2,2025,2025-07
2025-07-30,2025,R,669194,681481,FF,4-Seam Fastball,,ball,L,R,DET,AZ,96.70,,,0,2,2025,2025-07
2025-07-30,2025,R,669194,681481,CH,Changeup,,swinging_strike,L,R,DET,AZ,88.30,,,0,1,2025,2025-07
2025-07-30,2025,R,669194,681481,FF,4-Seam Fastball,,called_strike,L,R,DET,AZ,95.70,,,0,0,2025,2025-07
2025-07-30,2025,R,669194,681481,CU,Curveball,triple,hit_into_play,L,R,DET,AZ,80.40,100.10,17,2,2,2025,2025-07
2025-07-30,2025,R,669194,681481,FF,4-Seam Fastball,,ball,L,R,DET,AZ,97.30,,,1,2,2025,2025-07
2025-07-30,2025,R,669194,681481,FF,4-Seam Fastball,,foul,L,R,DET,AZ,96.70,104.60,51,1,2,2025,2025-07
2025-07-30,2025,R,669194,681481,FF,4-Seam Fastball,,foul,L,R,DET,AZ,95.90,92.80,45,1,1,2025,2025-07
2025-07-30,2025,R,669194,681481,CU,Curveball,,swinging_strike,L,R,DET,AZ,78.30,,,1,0,2025,2025-07
2025-07-30,2025,R,669194,681481,CU,Curveball,,blocked_ball,L,R,DET,AZ,79.50,,,0,0,2025,2025-07
2025-07-30,2025,R,669194,681481,FF,4-Seam Fastball,force_out,hit_into_play,L,R,DET,AZ,95.70,74.10,-12,0,0,2025,2025-07
2025-07-30,2025,R,669194,682985,FF,4-Seam Fastball,field_out,hit_into_play,L,R,DET,AZ,95.10,98.30,25,1,2,2025,2025-07
2025-07-30,2025,R,669194,682985,FF,4-Seam Fastball,,ball,L,R,DET,AZ,94.80,,,0,2,2025,2025-07
2025-07-30,2025,R,669194,682985,SL,Slider,,swinging_strike,L,R,DET,AZ,87.20,,,0,1,2025,2025-07
2025-07-30,2025,R,669194,682985,CU,Curveball,,called_strike,L,R,DET,AZ,80.40,,,0,0,2025,2025-07
2025-07-30,2025,R,669194,682985,FF,4-Seam Fastball,field_out,hit_into_play,L,R,DET,AZ,95.80,67.00,-5,0,0,2025,2025-07
2025-07-30,2025,R,669194,682985,FF,4-Seam Fastball,single,hit_into_play,L,R,DET,AZ,96.50,85.70,16,0,0,2025,2025-07
2025-07-30,2025,R,669194,690993,FF,4-Seam Fastball,single,hit_into_play,L,R,DET,AZ,95.20,97.00,3,3,2,2025,2025-07
2025-07-30,2025,R,669194,690993,FF,4-Seam Fastball,,called_strike,L,R,DET,AZ,95.00,,,3,1,2025,2025-07
2025-07-30,2025,R,669194,690993,SL,Slider,,blocked_ball,L,R,DET,AZ,85.10,,,2,1,2025,2025-07
2025-07-30,2025,R,669194,690993,SL,Slider,,ball,L,R,DET,AZ,86.60,,,1,1,2025,2025-07
2025-07-30,2025,R,669194,690993,FF,4-Seam Fastball,,called_strike,L,R,DET,AZ,94.70,,,1,0,2025,2025-07
2025-07-30,2025,R,669194,690993,CU,Curveball,,ball,L,R,DET,AZ,78.80,,,0,0,2025,2025-07
2025-07-30,2025,R,669194,690993,FC,Cutter,single,hit_into_play,L,R,DET,AZ,89.90,100.40,4,1,0,2025,2025-07
2025-07-30,2025,R,669194,690993,FF,4-Seam Fastball,,ball,L,R,DET,AZ,94.40,,,0,0,2025,2025-07
2025-07-30,2025,R,669194,690993,FF,4-Seam Fastball,single,hit_into_play,L,R,DET,AZ,94.50,91.90,15,2,1,2025,2025-07
2025-07-30,2025,R,669194,690993,FF,4-Seam Fastball,,ball,L,R,DET,AZ,95.40,,,1,1,2025,2025-07
2025-07-30,2025,R,669194,690993,FF,4-Seam Fastball,,called_strike,L,R,DET,AZ,94.20,,,1,0,2025,2025-07
2025-07-30,2025,R,669194,690993,FF,4-Seam Fastball,,ball,L,R,DET,AZ,94.30,,,0,0,2025,2025-07
2025-07-30,2025,R,669276,624428,SL,Slider,strikeout,swinging_strike,L,L,KC,ATL,86.20,,,1,2,2025,2025-07
2025-07-30,2025,R,669276,624428,SL,Slider,,ball,L,L,KC,ATL,87.40,,,0,2,2025,2025-07
2025-07-30,2025,R,669276,624428,FF,4-Seam Fastball,,foul,L,L,KC,ATL,95.00,79.20,24,0,2,2025,2025-07
2025-07-30,2025,R,669276,624428,SL,Slider,,foul,L,L,KC,ATL,87.20,66.40,-12,0,1,2025,2025-07
2025-07-30,2025,R,669276,624428,SL,Slider,,called_strike,L,L,KC,ATL,86.30,,,0,0,2025,2025-07
2025-07-30,2025,R,669276,664728,SL,Slider,field_out,hit_into_play,L,L,KC,ATL,86.80,101.70,-13,2,1,2025,2025-07
2025-07-30,2025,R,669276,664728,SL,Slider,,called_strike,L,L,KC,ATL,86.50,,,2,0,2025,2025-07
2025-07-30,2025,R,669276,664728,SL,Slider,,blocked_ball,L,L,KC,ATL,86.60,,,1,0,2025,2025-07
2025-07-30,2025,R,669276,664728,SL,Slider,,ball,L,L,KC,ATL,86.90,,,0,0,2025,2025-07
2025-07-30,2025,R,669276,666023,SL,Slider,field_out,hit_into_play,R,L,KC,ATL,87.00,102.70,1,2,2,2025,2025-07
2025-07-30,2025,R,669276,666023,SL,Slider,,ball,R,L,KC,ATL,88.20,,,1,2,2025,2025-07
2025-07-30,2025,R,669276,666023,SL,Slider,,foul,R,L,KC,ATL,86.00,,,1,1,2025,2025-07
2025-07-30,2025,R,669276,666023,SL,Slider,,called_strike,R,L,KC,ATL,86.80,,,1,0,2025,2025-07
2025-07-30,2025,R,669276,666023,FF,4-Seam Fastball,,ball,R,L,KC,ATL,94.20,,,0,0,2025,2025-07
2025-07-30,2025,R,669276,686475,FF,4-Seam Fastball,single,hit_into_play,R,L,KC,ATL,94.00,81.90,12,1,0,2025,2025-07
2025-07-30,2025,R,669276,686475,SL,Slider,,ball,R,L,KC,ATL,87.80,,,0,0,2025,2025-07
2025-07-30,2025,R,669371,514888,FC,Cutter,single,hit_into_play,R,R,HOU,WSH,86.90,69.00,10,0,0,2025,2025-07
2025-07-30,2025,R,669371,572233,ST,Sweeper,field_out,hit_into_play,R,R,HOU,WSH,81.20,81.80,72,1,2,2025,2025-07
2025-07-30,2025,R,669371,572233,ST,Sweeper,,ball,R,R,HOU,WSH,82.30,,,0,2,2025,2025-07
2025-07-30,2025,R,669371,572233,FF,4-Seam Fastball,,foul,R,R,HOU,WSH,96.20,71.30,39,0,1,2025,2025-07
2025-07-30,2025,R,669371,572233,FF,4-Seam Fastball,,foul,R,R,HOU,WSH,95.00,,,0,0,2025,2025-07
2025-07-30,2025,R,669371,670097,FF,4-Seam Fastball,walk,ball,R,R,HOU,WSH,95.10,,,3,2,2025,2025-07
2025-07-30,2025,R,669371,670097,FC,Cutter,,ball,R,R,HOU,WSH,85.80,,,2,2,2025,2025-07
2025-07-30,2025,R,669371,670097,SI,Sinker,,foul,R,R,HOU,WSH,93.80,69.20,35,2,1,2025,2025-07
2025-07-30,2025,R,669371,670097,FC,Cutter,,called_strike,R,R,HOU,WSH,87.00,,,2,0,2025,2025-07
2025-07-30,2025,R,669371,670097,FF,4-Seam Fastball,,ball,R,R,HOU,WSH,94.20,,,1,0,2025,2025-07
2025-07-30,2025,R,669371,670097,FF,4-Seam Fastball,,ball,R,R,HOU,WSH,94.20,,,0,0,2025,2025-07
2025-07-30,2025,R,669371,673237,FC,Cutter,home_run,hit_into_play,R,R,HOU,WSH,85.80,103.00,32,0,0,2025,2025-07
2025-07-30,2025,R,669371,676801,FC,Cutter,field_out,hit_into_play,R,R,HOU,WSH,85.30,88.80,62,0,0,2025,2025-07
2025-07-30,2025,R,669387,573262,FS,Split-Finger,single,hit_into_play,L,R,SF,PIT,86.70,26.50,-33,1,1,2025,2025-07
2025-07-30,2025,R,669387,573262,FF,4-Seam Fastball,,ball,L,R,SF,PIT,94.70,,,0,1,2025,2025-07
2025-07-30,2025,R,669387,573262,CU,Curveball,,called_strike,L,R,SF,PIT,83.70,,,0,0,2025,2025-07
2025-07-30,2025,R,669387,642086,CU,Curveball,field_out,hit_into_play,L,R,SF,PIT,83.90,77.70,-15,0,1,2025,2025-07
2025-07-30,2025,R,669387,642086,FF,4-Seam Fastball,,called_strike,L,R,SF,PIT,94.90,,,0,0,2025,2025-07
2025-07-30,2025,R,669387,646240,FS,Split-Finger,field_out,hit_into_play,L,R,SF,PIT,87.40,94.10,40,3,1,2025,2025-07
2025-07-30,2025,R,669387,646240,FS,Split-Finger,,ball,L,R,SF,PIT,87.60,,,2,1,2025,2025-07
2025-07-30,2025,R,669387,646240,FS,Split-Finger,,swinging_strike,L,R,SF,PIT,88.90,,,2,0,2025,2025-07
2025-07-30,2025,R,669387,646240,FF,4-Seam Fastball,,ball,L,R,SF,PIT,96.50,,,1,0,2025,2025-07
2025-07-30,2025,R,669387,646240,FF,4-Seam Fastball,,ball,L,R,SF,PIT,97.10,,,0,0,2025,2025-07
2025-07-30,2025,R,669387,669477,FF,4-Seam Fastball,field_out,hit_into_play,R,R,SF,PIT,95.80,94.70,40,1,1,2025,2025-07
2025-07-30,2025,R,669387,669477,SL,Slider,,ball,R,R,SF,PIT,90.70,,,0,1,2025,2025-07
2025-07-30,2025,R,669387,669477,SI,Sinker,,foul,R,R,SF,PIT,95.70,74.80,25,0,0,2025,2025-07
2025-07-30,2025,R,669387,671218,CU,Curveball,field_out,hit_into_play,R,R,SF,PIT,83.70,97.20,-14,1,0,2025,2025-07
2025-07-30,2025,R,669387,671218,SI,Sinker,,ball,R,R,SF,PIT,97.30,,,0,0,2025,2025-07
2025-07-30,2025,R,669387,672275,CU,Curveball,sac_bunt,hit_into_play,L,R,SF,PIT,83.20,17.70,31,0,1,2025,2025-07
2025-07-30,2025,R,669387,672275,CU,Curveball,,foul_bunt,L,R,SF,PIT,83.90,,,0,0,2025,2025-07
2025-07-30,2025,R,669387,808982,FF,4-Seam Fastball,field_out,hit_into_play,L,R,SF,PIT,95.10,94.10,25,1,0,2025,2025-07
2025-07-30,2025,R,669387,808982,FF,4-Seam Fastball,,ball,L,R,SF,PIT,95.90,,,0,0,2025,2025-07
2025-07-30,2025,R,669438,641857,CU,Curveball,field_out,hit_into_play,L,R,NYY,TB,76.50,94.00,40,0,0,2025,2025-07
2025-07-30,2025,R,669438,669224,FF,4-Seam Fastball,field_out,hit_into_play,L,R,NYY,TB,94.40,61.20,86,1,1,2025,2025-07
2025-07-30,2025,R,669438,669224,CH,Changeup,,ball,L,R,NYY,TB,87.40,,,0,1,2025,2025-07
2025-07-30,2025,R,669438,669224,CH,Changeup,,called_strike,L,R,NYY,TB,88.70,,,0,0,2025,2025-07
2025-07-30,2025,R,669438,683011,CH,Changeup,strikeout,swinging_strike,R,R,NYY,TB,89.40,,,1,2,2025,2025-07
2025-07-30,2025,R,669438,683011,FF,4-Seam Fastball,,ball,R,R,NYY,TB,94.50,,,0,2,2025,2025-07
2025-07-30,2025,R,669438,683011,CH,Changeup,,foul,R,R,NYY,TB,89.40,76.40,-43,0,1,2025,2025-07
2025-07-30,2025,R,669438,683011,FF,4-Seam Fastball,,called_strike,R,R,NYY,TB,95.00,,,0,0,2025,2025-07
2025-07-30,2025,R,669674,642201,FF,4-Seam Fastball,strikeout,called_strike,R,L,KC,ATL,93.30,,,0,2,2025,2025-07
2025-07-30,2025,R,669674,642201,FF,4-Seam Fastball,,foul,R,L,KC,ATL,93.60,78.00,43,0,2,2025,2025-07
2025-07-30,2025,R,669674,642201,SL,Slider,,foul,R,L,KC,ATL,85.30,88.70,-41,0,2,2025,2025-07
2025-07-30,2025,R,669674,642201,CU,Curveball,,called_strike,R,L,KC,ATL,76.60,,,0,1,2025,2025-07
2025-07-30,2025,R,669674,642201,SL,Slider,,swinging_strike,R,L,KC,ATL,83.50,,,0,0,2025,2025-07
2025-07-30,2025,R,669674,645277,SL,Slider,single,hit_into_play,R,L,KC,ATL,84.60,88.30,8,1,2,2025,2025-07
2025-07-30,2025,R,669674,645277,FF,4-Seam Fastball,,foul,R,L,KC,ATL,92.10,76.70,39,1,2,2025,2025-07
2025-07-30,2025,R,669674,645277,SL,Slider,,foul,R,L,KC,ATL,84.20,85.20,26,1,2,2025,2025-07
2025-07-30,2025,R,669674,645277,SL,Slider,,swinging_strike,R,L,KC,ATL,83.40,,,1,1,2025,2025-07
2025-07-30,2025,R,669674,645277,FS,Split-Finger,,ball,R,L,KC,ATL,85.40,,,0,1,2025,2025-07
2025-07-30,2025,R,669674,645277,SL,Slider,,swinging_strike,R,L,KC,ATL,83.30,,,0,0,2025,2025-07
2025-07-30,2025,R,669674,663897,FF,4-Seam Fastball,field_out,hit_into_play,R,L,KC,ATL,93.60,100.30,17,0,1,2025,2025-07
2025-07-30,2025,R,669674,663897,CU,Curveball,,foul,R,L,KC,ATL,78.10,58.10,40,0,0,2025,2025-07
2025-07-30,2025,R,669674,669221,SL,Slider,strikeout,swinging_strike,R,L,KC,ATL,85.30,,,0,2,2025,2025-07
2025-07-30,2025,R,669674,669221,FF,4-Seam Fastball,,foul,R,L,KC,ATL,93.40,76.70,61,0,2,2025,2025-07
2025-07-30,2025,R,669674,669221,CU,Curveball,,foul,R,L,KC,ATL,78.60,84.90,8,0,2,2025,2025-07
2025-07-30,2025,R,669674,669221,FF,4-Seam Fastball,,foul,R,L,KC,ATL,93.10,75.70,63,0,1,2025,2025-07
2025-07-30,2025,R,669674,669221,CU,Curveball,,called_strike,R,L,KC,ATL,75.30,,,0,0,2025,2025-07
2025-07-30,2025,R,669684,664034,CU,Curveball,field_out,hit_into_play,R,L,MIN,BOS,77.90,94.90,35,0,2,2025,2025-07
2025-07-30,2025,R,669684,664034,FF,4-Seam Fastball,,foul,R,L,MIN,BOS,93.20,53.90,62,0,1,2025,2025-07
2025-07-30,2025,R,669684,664034,FF,4-Seam Fastball,,called_strike,R,L,MIN,BOS,92.20,,,0,0,2025,2025-07
2025-07-30,2025,R,669684,665019,FF,4-Seam Fastball,field_out,hit_into_play,L,L,MIN,BOS,94.90,98.00,-15,3,2,2025,2025-07
2025-07-30,2025,R,669684,665019,FF,4-Seam Fastball,,swinging_strike,L,L,MIN,BOS,94.30,,,3,1,2025,2025-07
2025-07-30,2025,R,669684,665019,FF,4-Seam Fastball,,called_strike,L,L,MIN,BOS,95.00,,,3,0,2025,2025-07
2025-07-30,2025,R,669684,665019,SL,Slider,,ball,L,L,MIN,BOS,86.80,,,2,0,2025,2025-07
2025-07-30,2025,R,669684,665019,CU,Curveball,,ball,L,L,MIN,BOS,74.80,,,1,0,2025,2025-07
2025-07-30,2025,R,669684,665019,SL,Slider,,ball,L,L,MIN,BOS,87.40,,,0,0,2025,2025-07
2025-07-30,2025,R,669684,668904,CU,Curveball,field_out,hit_into_play,R,L,MIN,BOS,76.50,84.30,57,1,2,2025,2025-07
2025-07-30,2025,R,669684,668904,CU,Curveball,,foul,R,L,MIN,BOS,75.50,61.10,61,1,2,2025,2025-07
2025-07-30,2025,R,669684,668904,FF,4-Seam Fastball,,foul,R,L,MIN,BOS,93.50,80.60,75,1,1,2025,2025-07
2025-07-30,2025,R,669684,668904,CU,Curveball,,called_strike,R,L,MIN,BOS,74.30,,,1,0,2025,2025-07
2025-07-30,2025,R,669684,668904,CU,Curveball,,ball,R,L,MIN,BOS,74.80,,,0,0,2025,2025-07
2025-07-30,2025,R,669684,670242,FF,4-Seam Fastball,field_out,hit_into_play,L,L,MIN,BOS,93.70,98.30,-2,3,1,2025,2025-07
2025-07-30,2025,R,669684,670242,FF,4-Seam Fastball,,ball,L,L,MIN,BOS,93.60,,,2,1,2025,2025-07
2025-07-30,2025,R,669684,670242,FF,4-Seam Fastball,,foul,L,L,MIN,BOS,93.20,62.20,0,2,0,2025,2025-07
2025-07-30,2025,R,669684,670242,FF,4-Seam Fastball,,ball,L,L,MIN,BOS,94.00,,,1,0,2025,2025-07
2025-07-30,2025,R,669684,670242,ST,Sweeper,,ball,L,L,MIN,BOS,78.60,,,0,0,2025,2025-07
2025-07-30,2025,R,669684,680777,CU,Curveball,field_out,hit_into_play,R,L,MIN,BOS,75.30,69.70,44,0,1,2025,2025-07
2025-07-30,2025,R,669684,680777,CU,Curveball,,called_strike,R,L,MIN,BOS,74.90,,,0,0,2025,2025-07
2025-07-30,2025,R,669684,686797,CU,Curveball,field_out,hit_into_play,R,L,MIN,BOS,75.30,90.30,4,1,1,2025,2025-07
2025-07-30,2025,R,669684,686797,FF,4-Seam Fastball,,ball,R,L,MIN,BOS,94.00,,,0,1,2025,2025-07
2025-07-30,2025,R,669684,686797,CU,Curveball,,called_strike,R,L,MIN,BOS,73.80,,,0,0,2025,2025-07
2025-07-30,2025,R,669704,645305,ST,Sweeper,field_out,hit_into_play,R,R,BAL,TOR,84.20,85.90,57,0,1,2025,2025-07
2025-07-30,2025,R,669704,645305,FF,4-Seam Fastball,,swinging_strike,R,R,BAL,TOR,95.90,,,0,0,2025,2025-07
2025-07-30,2025,R,669704,664702,FC,Cutter,single,hit_into_play,R,R,BAL,TOR,90.30,89.70,18,0,0,2025,2025-07
2025-07-30,2025,R,669704,665489,FC,Cutter,walk,blocked_ball,R,R,BAL,TOR,91.20,,,3,1,2025,2025-07
2025-07-30,2025,R,669704,665489,FC,Cutter,,called_strike,R,R,BAL,TOR,90.70,,,3,0,2025,2025-07
2025-07-30,2025,R,669704,665489,FC,Cutter,,ball,R,R,BAL,TOR,89.40,,,2,0,2025,2025-07
2025-07-30,2025,R,669704,665489,FF,4-Seam Fastball,,ball,R,R,BAL,TOR,95.90,,,1,0,2025,2025-07
2025-07-30,2025,R,669704,665489,FC,Cutter,,ball,R,R,BAL,TOR,89.90,,,0,0,2025,2025-07
2025-07-30,2025,R,669704,666182,FC,Cutter,grounded_into_double_play,hit_into_play,R,R,BAL,TOR,89.80,103.30,-22,3,2,2025,2025-07
2025-07-30,2025,R,669704,666182,ST,Sweeper,,blocked_ball,R,R,BAL,TOR,85.60,,,2,2,2025,2025-07
2025-07-30,2025,R,669704,666182,FC,Cutter,,foul,R,R,BAL,TOR,89.30,74.50,9,2,2,2025,2025-07
2025-07-30,2025,R,669704,666182,FC,Cutter,,foul,R,R,BAL,TOR,91.60,73.00,27,2,1,2025,2025-07
2025-07-30,2025,R,669704,666182,SI,Sinker,,ball,R,R,BAL,TOR,95.30,,,1,1,2025,2025-07
2025-07-30,2025,R,669704,666182,FC,Cutter,,ball,R,R,BAL,TOR,91.50,,,0,1,2025,2025-07
2025-07-30,2025,R,669704,666182,FC,Cutter,,called_strike,R,R,BAL,TOR,90.50,,,0,0,2025,2025-07
2025-07-30,2025,R,669704,676391,FC,Cutter,force_out,hit_into_play,R,R,BAL,TOR,90.50,87.90,-10,1,2,2025,2025-07
2025-07-30,2025,R,669704,676391,SI,Sinker,,foul,R,R,BAL,TOR,95.20,,,1,2,2025,2025-07
2025-07-30,2025,R,669704,676391,FF,4-Seam Fastball,,ball,R,R,BAL,TOR,96.20,,,0,2,2025,2025-07
2025-07-30,2025,R,669704,676391,FF,4-Seam Fastball,,called_strike,R,R,BAL,TOR,95.50,,,0,1,2025,2025-07
2025-07-30,2025,R,669704,676391,FC,Cutter,,foul,R,R,BAL,TOR,89.30,72.60,33,0,0,2025,2025-07
2025-07-30,2025,R,669704,694388,FC,Cutter,single,hit_into_play,L,R,BAL,TOR,89.70,67.10,33,1,1,2025,2025-07
2025-07-30,2025,R,669704,694388,FC,Cutter,,foul,L,R,BAL,TOR,90.50,60.90,55,1,0,2025,2025-07
2025-07-30,2025,R,669704,694388,FF,4-Seam Fastball,,ball,L,R,BAL,TOR,93.20,,,0,0,2025,2025-07
2025-07-30,2025,R,669724,553993,SI,Sinker,field_out,hit_into_play,R,R,DET,AZ,95.30,104.40,7,1,1,2025,2025-07
2025-07-30,2025,R,669724,553993,SI,Sinker,,ball,R,R,DET,AZ,94.30,,,0,1,2025,2025-07
2025-07-30,2025,R,669724,553993,SL,Slider,,called_strike,R,R,DET,AZ,86.50,,,0,0,2025,2025-07
2025-07-30,2025,R,669724,663536,SI,Sinker,single,hit_into_play,R,R,DET,AZ,94.70,89.20,-12,0,2,2025,2025-07
2025-07-30,2025,R,669724,663536,SI,Sinker,,foul,R,R,DET,AZ,94.80,,,0,1,2025,2025-07
2025-07-30,2025,R,669724,663536,SI,Sinker,,called_strike,R,R,DET,AZ,94.10,,,0,0,2025,2025-07
2025-07-30,2025,R,669724,666971,SI,Sinker,field_out,hit_into_play,R,R,DET,AZ,96.00,101.50,25,1,2,2025,2025-07
2025-07-30,2025,R,669724,666971,SI,Sinker,,ball,R,R,DET,AZ,95.80,,,0,2,2025,2025-07
2025-07-30,2025,R,669724,666971,SL,Slider,,swinging_strike,R,R,DET,AZ,87.40,,,0,1,2025,2025-07
2025-07-30,2025,R,669724,666971,SI,Sinker,,called_strike,R,R,DET,AZ,95.40,,,0,0,2025,2025-07
2025-07-30,2025,R,669724,672695,SI,Sinker,field_out,hit_into_play,L,R,DET,AZ,93.40,94.10,-8,1,1,2025,2025-07
2025-07-30,2025,R,669724,672695,FF,4-Seam Fastball,,foul,L,R,DET,AZ,94.60,75.20,53,1,0,2025,2025-07
2025-07-30,2025,R,669724,672695,FF,4-Seam Fastball,,ball,L,R,DET,AZ,94.10,,,0,0,2025,2025-07
2025-07-30,2025,R,669724,677942,SL,Slider,grounded_into_double_play,hit_into_play,R,R,DET,AZ,88.70,81.90,-1,0,0,2025,2025-07
2025-07-30,2025,R,669724,678489,SI,Sinker,field_out,hit_into_play,L,R,DET,AZ,94.60,92.40,51,3,2,2025,2025-07
2025-07-30,2025,R,669724,678489,FF,4-Seam Fastball,,foul,L,R,DET,AZ,95.00,93.30,-28,3,1,2025,2025-07
2025-07-30,2025,R,669724,678489,SI,Sinker,,ball,L,R,DET,AZ,94.40,,,2,1,2025,2025-07
2025-07-30,2025,R,669724,678489,SI,Sinker,,called_strike,L,R,DET,AZ,94.20,,,2,0,2025,2025-07
2025-07-30,2025,R,669724,678489,FF,4-Seam Fastball,,ball,L,R,DET,AZ,95.40,,,1,0,2025,2025-07
2025-07-30,2025,R,669724,678489,FF,4-Seam Fastball,,ball,L,R,DET,AZ,94.80,,,0,0,2025,2025-07
2025-07-30,2025,R,669724,680728,SI,Sinker,walk,ball,L,R,DET,AZ,93.40,,,3,1,2025,2025-07
2025-07-30,2025,R,669724,680728,CH,Changeup,,ball,L,R,DET,AZ,87.30,,,2,1,2025,2025-07
2025-07-30,2025,R,669724,680728,FF,4-Seam Fastball,,ball,L,R,DET,AZ,93.60,,,1,1,2025,2025-07
2025-07-30,2025,R,669724,680728,SL,Slider,,ball,L,R,DET,AZ,86.20,,,0,1,2025,2025-07
2025-07-30,2025,R,669724,680728,SI,Sinker,,called_strike,L,R,DET,AZ,92.80,,,0,0,2025,2025-07
2025-07-30,2025,R,670036,696100,FF,4-Seam Fastball,strikeout,swinging_strike,R,R,CLE,COL,92.70,,,0,2,2025,2025-07
2025-07-30,2025,R,670036,696100,ST,Sweeper,,foul,R,R,CLE,COL,85.00,80.50,-41,0,2,2025,2025-07
2025-07-30,2025,R,670036,696100,FF,4-Seam Fastball,,called_strike,R,R,CLE,COL,92.50,,,0,1,2025,2025-07
2025-07-30,2025,R,670036,696100,FF,4-Seam Fastball,,swinging_strike,R,R,CLE,COL,92.80,,,0,0,2025,2025-07
2025-07-30,2025,R,670167,542303,FF,4-Seam Fastball,strikeout,swinging_strike,R,R,KC,ATL,94.00,,,2,2,2025,2025-07
2025-07-30,2025,R,670167,542303,FF,4-Seam Fastball,,ball,R,R,KC,ATL,94.40,,,1,2,2025,2025-07
2025-07-30,2025,R,670167,542303,ST,Sweeper,,ball,R,R,KC,ATL,83.10,,,0,2,2025,2025-07
2025-07-30,2025,R,670167,542303,SI,Sinker,,called_strike,R,R,KC,ATL,92.70,,,0,1,2025,2025-07
2025-07-30,2025,R,670167,542303,FF,4-Seam Fastball,,called_strike,R,R,KC,ATL,95.10,,,0,0,2025,2025-07
2025-07-30,2025,R,670167,663586,ST,Sweeper,strikeout,swinging_strike,R,R,KC,ATL,82.20,,,1,2,2025,2025-07
2025-07-30,2025,R,670167,663586,FF,4-Seam Fastball,,foul,R,R,KC,ATL,92.90,81.40,59,1,1,2025,2025-07
2025-07-30,2025,R,670167,663586,FF,4-Seam Fastball,,swinging_strike,R,R,KC,ATL,92.70,,,1,0,2025,2025-07
2025-07-30,2025,R,670167,663586,FF,4-Seam Fastball,,ball,R,R,KC,ATL,93.10,,,0,0,2025,2025-07
2025-07-30,2025,R,670167,671739,FC,Cutter,strikeout,swinging_strike,L,R,KC,ATL,88.70,,,2,2,2025,2025-07
2025-07-30,2025,R,670167,671739,FF,4-Seam Fastball,,foul,L,R,KC,ATL,94.30,97.70,18,2,2,2025,2025-07
2025-07-30,2025,R,670167,671739,FF,4-Seam Fastball,,ball,L,R,KC,ATL,94.50,,,1,2,2025,2025-07
2025-07-30,2025,R,670167,671739,CH,Changeup,,foul,L,R,KC,ATL,86.50,33.00,30,1,2,2025,2025-07
2025-07-30,2025,R,670167,671739,FC,Cutter,,foul_bunt,L,R,KC,ATL,87.80,,,1,1,2025,2025-07
2025-07-30,2025,R,670167,671739,CH,Changeup,,ball,L,R,KC,ATL,85.50,,,0,1,2025,2025-07
2025-07-30,2025,R,670167,671739,FC,Cutter,,called_strike,L,R,KC,ATL,88.70,,,0,0,2025,2025-07
2025-07-30,2025,R,670329,592518,CU,Curveball,strikeout,swinging_strike,R,R,SD,NYM,85.20,,,0,2,2025,2025-07
2025-07-30,2025,R,670329,592518,CU,Curveball,,foul,R,R,SD,NYM,84.40,67.50,49,0,1,2025,2025-07
2025-07-30,2025,R,670329,592518,FF,4-Seam Fastball,,foul,R,R,SD,NYM,94.00,73.10,43,0,0,2025,2025-07
2025-07-30,2025,R,670329,593428,FF,4-Seam Fastball,strikeout,swinging_strike,R,R,SD,NYM,95.30,,,0,2,2025,2025-07
2025-07-30,2025,R,670329,593428,CU,Curveball,,foul,R,R,SD,NYM,84.70,85.70,-9,0,1,2025,2025-07
2025-07-30,2025,R,670329,593428,FF,4-Seam Fastball,,swinging_strike,R,R,SD,NYM,93.40,,,0,0,2025,2025-07
2025-07-30,2025,R,670329,650333,CH,Changeup,single,hit_into_play,L,R,SD,NYM,84.30,80.90,14,0,1,2025,2025-07
2025-07-30,2025,R,670329,650333,FF,4-Seam Fastball,,called_strike,L,R,SD,NYM,92.50,,,0,0,2025,2025-07
2025-07-30,2025,R,670329,665487,FF,4-Seam Fastball,walk,ball,R,R,SD,NYM,94.00,,,3,0,2025,2025-07
2025-07-30,2025,R,670329,665487,FF,4-Seam Fastball,,ball,R,R,SD,NYM,93.90,,,2,0,2025,2025-07
2025-07-30,2025,R,670329,665487,FF,4-Seam Fastball,,ball,R,R,SD,NYM,93.90,,,1,0,2025,2025-07
2025-07-30,2025,R,670329,665487,CU,Curveball,,ball,R,R,SD,NYM,82.90,,,0,0,2025,2025-07
2025-07-30,2025,R,670329,701538,FF,4-Seam Fastball,sac_fly,hit_into_play,L,R,SD,NYM,94.20,99.90,30,0,0,2025,2025-07
2025-07-30,2025,R,670955,502671,CH,Changeup,strikeout,swinging_strike,R,R,NYY,TB,89.50,,,2,2,2025,2025-07
2025-07-30,2025,R,670955,502671,FF,4-Seam Fastball,,ball,R,R,NYY,TB,93.80,,,1,2,2025,2025-07
2025-07-30,2025,R,670955,502671,CH,Changeup,,blocked_ball,R,R,NYY,TB,88.70,,,0,2,2025,2025-07
2025-07-30,2025,R,670955,502671,CH,Changeup,,foul,R,R,NYY,TB,88.00,67.40,-30,0,1,2025,2025-07
2025-07-30,2025,R,670955,502671,FF,4-Seam Fastball,,foul,R,R,NYY,TB,94.10,,,0,0,2025,2025-07
2025-07-30,2025,R,670955,519317,CH,Changeup,strikeout,swinging_strike,R,R,NYY,TB,90.80,,,2,2,2025,2025-07
2025-07-30,2025,R,670955,519317,CH,Changeup,,swinging_strike_blocked,R,R,NYY,TB,90.50,,,2,1,2025,2025-07
2025-07-30,2025,R,670955,519317,FF,4-Seam Fastball,,swinging_strike,R,R,NYY,TB,94.90,,,2,0,2025,2025-07
2025-07-30,2025,R,670955,519317,FF,4-Seam Fastball,,ball,R,R,NYY,TB,94.60,,,1,0,2025,2025-07
2025-07-30,2025,R,670955,519317,FF,4-Seam Fastball,,ball,R,R,NYY,TB,94.30,,,0,0,2025,2025-07
2025-07-30,2025,R,670955,641355,CH,Changeup,triple,hit_into_play,L,R,NYY,TB,89.00,105.20,9,2,1,2025,2025-07
2025-07-30,2025,R,670955,641355,FF,4-Seam Fastball,,ball,L,R,NYY,TB,94.30,,,1,1,2025,2025-07
2025-07-30,2025,R,670955,641355,FF,4-Seam Fastball,,foul_tip,L,R,NYY,TB,94.20,,,1,0,2025,2025-07
2025-07-30,2025,R,670955,641355,FF,4-Seam Fastball,,ball,L,R,NYY,TB,93.00,,,0,0,2025,2025-07
2025-07-30,2025,R,670955,665862,CH,Changeup,field_out,hit_into_play,L,R,NYY,TB,90.20,71.80,-15,0,0,2025,2025-07
2025-07-30,2025,R,671922,671289,FF,4-Seam Fastball,field_out,hit_into_play,R,R,CLE,COL,95.70,86.60,34,1,0,2025,2025-07
2025-07-30,2025,R,671922,671289,FF,4-Seam Fastball,,ball,R,R,CLE,COL,95.90,,,0,0,2025,2025-07
2025-07-30,2025,R,671922,678662,FF,4-Seam Fastball,field_out,hit_into_play,R,R,CLE,COL,95.80,102.40,17,1,2,2025,2025-07
2025-07-30,2025,R,671922,678662,FF,4-Seam Fastball,,ball,R,R,CLE,COL,96.70,,,0,2,2025,2025-07
2025-07-30,2025,R,671922,678662,FS,Split-Finger,,foul,R,R,CLE,COL,89.10,58.50,-37,0,2,2025,2025-07
2025-07-30,2025,R,671922,678662,FF,4-Seam Fastball,,foul,R,R,CLE,COL,96.10,,,0,2,2025,2025-07
2025-07-30,2025,R,671922,678662,FF,4-Seam Fastball,,foul,R,R,CLE,COL,96.10,72.60,55,0,1,2025,2025-07
2025-07-30,2025,R,671922,678662,FF,4-Seam Fastball,,called_strike,R,R,CLE,COL,96.80,,,0,0,2025,2025-07
2025-07-30,2025,R,671922,696100,ST,Sweeper,field_out,hit_into_play,R,R,CLE,COL,86.50,75.90,77,0,1,2025,2025-07
2025-07-30,2025,R,671922,696100,FF,4-Seam Fastball,,called_strike,R,R,CLE,COL,96.30,,,0,0,2025,2025-07
2025-07-30,2025,R,672282,543760,SL,Slider,single,hit_into_play,R,L,LAA,TEX,85.60,86.00,14,3,2,2025,2025-07
2025-07-30,2025,R,672282,543760,SL,Slider,,ball,R,L,LAA,TEX,87.00,,,2,2,2025,2025-07
2025-07-30,2025,R,672282,543760,CU,Curveball,,ball,R,L,LAA,TEX,75.50,,,1,2,2025,2025-07
2025-07-30,2025,R,672282,543760,FF,4-Seam Fastball,,foul,R,L,LAA,TEX,97.20,75.70,40,1,2,2025,2025-07
2025-07-30,2025,R,672282,543760,SL,Slider,,called_strike,R,L,LAA,TEX,88.30,,,1,1,2025,2025-07
2025-07-30,2025,R,672282,543760,FF,4-Seam Fastball,,foul,R,L,LAA,TEX,96.50,80.30,-12,1,0,2025,2025-07
2025-07-30,2025,R,672282,543760,FF,4-Seam Fastball,,ball,R,L,LAA,TEX,96.30,,,0,0,2025,2025-07
2025-07-30,2025,R,672282,608369,FF,4-Seam Fastball,strikeout,called_strike,L,L,LAA,TEX,96.20,,,0,2,2025,2025-07
2025-07-30,2025,R,672282,608369,SL,Slider,,foul,L,L,LAA,TEX,88.30,79.40,39,0,1,2025,2025-07
2025-07-30,2025,R,672282,608369,SL,Slider,,swinging_strike,L,L,LAA,TEX,86.20,,,0,0,2025,2025-07
2025-07-30,2025,R,672282,666969,CU,Curveball,home_run,hit_into_play,R,L,LAA,TEX,74.80,105.20,24,1,1,2025,2025-07
2025-07-30,2025,R,672282,666969,FF,4-Seam Fastball,,ball,R,L,LAA,TEX,95.90,,,0,1,2025,2025-07
2025-07-30,2025,R,672282,666969,FF,4-Seam Fastball,,called_strike,R,L,LAA,TEX,96.00,,,0,0,2025,2025-07
2025-07-30,2025,R,672282,669701,SL,Slider,field_out,hit_into_play,L,L,LAA,TEX,87.20,101.80,-2,1,1,2025,2025-07
2025-07-30,2025,R,672282,669701,SL,Slider,,ball,L,L,LAA,TEX,87.90,,,0,1,2025,2025-07
2025-07-30,2025,R,672282,669701,SL,Slider,,foul,L,L,LAA,TEX,87.80,78.30,-3,0,0,2025,2025-07
2025-07-30,2025,R,672282,694671,SL,Slider,strikeout,swinging_strike,R,L,LAA,TEX,86.10,,,0,2,2025,2025-07
2025-07-30,2025,R,672282,694671,FF,4-Seam Fastball,,foul,R,L,LAA,TEX,96.20,79.60,12,0,2,2025,2025-07
2025-07-30,2025,R,672282,694671,FF,4-Seam Fastball,,swinging_strike,R,L,LAA,TEX,96.30,,,0,1,2025,2025-07
2025-07-30,2025,R,672282,694671,FF,4-Seam Fastball,,called_strike,R,L,LAA,TEX,95.40,,,0,0,2025,2025-07
2025-07-30,2025,R,672582,595777,SL,Slider,field_out,hit_into_play,R,L,KC,ATL,87.50,96.60,-19,1,2,2025,2025-07
2025-07-30,2025,R,672582,595777,SI,Sinker,,ball,R,L,KC,ATL,96.60,,,0,2,2025,2025-07
2025-07-30,2025,R,672582,595777,SL,Slider,,called_strike,R,L,KC,ATL,87.00,,,0,1,2025,2025-07
2025-07-30,2025,R,672582,595777,SI,Sinker,,foul,R,L,KC,ATL,96.80,76.10,-38,0,0,2025,2025-07
2025-07-30,2025,R,672582,621566,SI,Sinker,field_out,hit_into_play,L,L,KC,ATL,97.50,59.80,-36,1,0,2025,2025-07
2025-07-30,2025,R,672582,621566,SI,Sinker,,ball,L,L,KC,ATL,97.40,,,0,0,2025,2025-07
2025-07-30,2025,R,672582,663586,SL,Slider,field_out,hit_into_play,R,L,KC,ATL,88.50,79.80,-28,2,2,2025,2025-07
2025-07-30,2025,R,672582,663586,FF,4-Seam Fastball,,ball,R,L,KC,ATL,97.80,,,1,2,2025,2025-07
2025-07-30,2025,R,672582,663586,FF,4-Seam Fastball,,foul,R,L,KC,ATL,96.80,74.70,33,1,1,2025,2025-07
2025-07-30,2025,R,672582,663586,FF,4-Seam Fastball,,called_strike,R,L,KC,ATL,97.70,,,1,0,2025,2025-07
2025-07-30,2025,R,672582,663586,SI,Sinker,,ball,R,L,KC,ATL,98.40,,,0,0,2025,2025-07
2025-07-30,2025,R,672582,671739,SI,Sinker,single,hit_into_play,L,L,KC,ATL,97.30,99.80,-24,2,2,2025,2025-07
2025-07-30,2025,R,672582,671739,SI,Sinker,,called_strike,L,L,KC,ATL,97.30,,,2,1,2025,2025-07
2025-07-30,2025,R,672582,671739,SI,Sinker,,called_strike,L,L,KC,ATL,97.40,,,2,0,2025,2025-07
2025-07-30,2025,R,672582,671739,SI,Sinker,,ball,L,L,KC,ATL,96.30,,,1,0,2025,2025-07
2025-07-30,2025,R,672582,671739,SI,Sinker,,ball,L,L,KC,ATL,96.40,,,0,0,2025,2025-07
2025-07-30,2025,R,674444,542303,FF,4-Seam Fastball,field_out,hit_into_play,R,R,KC,ATL,98.40,104.40,-15,3,2,2025,2025-07
2025-07-30,2025,R,674444,542303,FF,4-Seam Fastball,,ball,R,R,KC,ATL,97.20,,,2,2,2025,2025-07
2025-07-30,2025,R,674444,542303,FF,4-Seam Fastball,,ball,R,R,KC,ATL,97.50,,,1,2,2025,2025-07
2025-07-30,2025,R,674444,542303,SL,Slider,,ball,R,R,KC,ATL,89.30,,,0,2,2025,2025-07
2025-07-30,2025,R,674444,542303,FF,4-Seam Fastball,,called_strike,R,R,KC,ATL,99.00,,,0,1,2025,2025-07
2025-07-30,2025,R,674444,542303,FC,Cutter,,called_strike,R,R,KC,ATL,92.70,,,0,0,2025,2025-07
2025-07-30,2025,R,674444,645277,FC,Cutter,field_out,hit_into_play,L,R,KC,ATL,93.90,73.40,44,2,1,2025,2025-07
2025-07-30,2025,R,674444,645277,FC,Cutter,,ball,L,R,KC,ATL,93.40,,,1,1,2025,2025-07
2025-07-30,2025,R,674444,645277,SL,Slider,,ball,L,R,KC,ATL,89.50,,,0,1,2025,2025-07
2025-07-30,2025,R,674444,645277,FC,Cutter,,called_strike,L,R,KC,ATL,94.50,,,0,0,2025,2025-07
2025-07-30,2025,R,674444,669221,SL,Slider,strikeout,swinging_strike,R,R,KC,ATL,88.20,,,1,2,2025,2025-07
2025-07-30,2025,R,674444,669221,FF,4-Seam Fastball,,ball,R,R,KC,ATL,98.80,,,0,2,2025,2025-07
2025-07-30,2025,R,674444,669221,SL,Slider,,swinging_strike,R,R,KC,ATL,88.90,,,0,1,2025,2025-07
2025-07-30,2025,R,674444,669221,SL,Slider,,called_strike,R,R,KC,ATL,90.10,,,0,0,2025,2025-07
2025-07-30,2025,R,675848,467793,FF,4-Seam Fastball,field_out,hit_into_play,L,R,CLE,COL,97.70,50.40,28,0,0,2025,2025-07
2025-07-30,2025,R,675848,595978,FF,4-Seam Fastball,strikeout,swinging_strike,R,R,CLE,COL,96.30,,,3,2,2025,2025-07
2025-07-30,2025,R,675848,595978,FF,4-Seam Fastball,,ball,R,R,CLE,COL,96.80,,,2,2,2025,2025-07
2025-07-30,2025,R,675848,595978,FF,4-Seam Fastball,,swinging_strike,R,R,CLE,COL,96.80,,,2,1,2025,2025-07
2025-07-30,2025,R,675848,595978,FF,4-Seam Fastball,,foul,R,R,CLE,COL,95.10,67.80,19,2,0,2025,2025-07
2025-07-30,2025,R,675848,595978,FF,4-Seam Fastball,,ball,R,R,CLE,COL,95.40,,,1,0,2025,2025-07
2025-07-30,2025,R,675848,595978,FF,4-Seam Fastball,,ball,R,R,CLE,COL,96.60,,,0,0,2025,2025-07
2025-07-30,2025,R,675848,608070,ST,Sweeper,field_out,hit_into_play,L,R,CLE,COL,83.90,91.10,35,1,2,2025,2025-07
2025-07-30,2025,R,675848,608070,FF,4-Seam Fastball,,called_strike,L,R,CLE,COL,96.60,,,1,1,2025,2025-07
2025-07-30,2025,R,675848,608070,FF,4-Seam Fastball,,foul,L,R,CLE,COL,96.00,78.30,-30,1,0,2025,2025-07
2025-07-30,2025,R,675848,608070,FF,4-Seam Fastball,,ball,L,R,CLE,COL,98.10,,,0,0,2025,2025-07
2025-07-30,2025,R,675848,666134,FF,4-Seam Fastball,strikeout,foul_tip,L,R,CLE,COL,97.00,,,1,2,2025,2025-07
2025-07-30,2025,R,675848,666134,FF,4-Seam Fastball,,swinging_strike,L,R,CLE,COL,96.00,,,1,1,2025,2025-07
2025-07-30,2025,R,675848,666134,FF,4-Seam Fastball,,ball,L,R,CLE,COL,95.80,,,0,1,2025,2025-07
2025-07-30,2025,R,675848,666134,FF,4-Seam Fastball,,called_strike,L,R,CLE,COL,95.70,,,0,0,2025,2025-07
2025-07-30,2025,R,675848,672356,ST,Sweeper,strikeout,swinging_strike,R,R,CLE,COL,84.80,,,1,2,2025,2025-07
2025-07-30,2025,R,675848,672356,FF,4-Seam Fastball,,foul,R,R,CLE,COL,98.70,83.20,17,1,2,2025,2025-07
2025-07-30,2025,R,675848,672356,FF,4-Seam Fastball,,swinging_strike,R,R,CLE,COL,97.70,,,1,1,2025,2025-07
2025-07-30,2025,R,675848,672356,FF,4-Seam Fastball,,swinging_strike,R,R,CLE,COL,97.30,,,1,0,2025,2025-07
2025-07-30,2025,R,675848,672356,FF,4-Seam Fastball,,ball,R,R,CLE,COL,98.00,,,0,0,2025,2025-07
2025-07-30,2025,R,675848,677587,FF,4-Seam Fastball,field_out,hit_into_play,L,R,CLE,COL,97.50,69.70,47,1,1,2025,2025-07
2025-07-30,2025,R,675848,677587,FF,4-Seam Fastball,,swinging_strike,L,R,CLE,COL,95.10,,,1,0,2025,2025-07
2025-07-30,2025,R,675848,677587,FF,4-Seam Fastball,,ball,L,R,CLE,COL,97.00,,,0,0,2025,2025-07
2025-07-30,2025,R,675848,680757,FF,4-Seam Fastball,field_out,hit_into_play,L,R,CLE,COL,96.20,70.70,-17,2,2,2025,2025-07
2025-07-30,2025,R,675848,680757,FF,4-Seam Fastball,,ball,L,R,CLE,COL,97.50,,,1,2,2025,2025-07
2025-07-30,2025,R,675848,680757,FF,4-Seam Fastball,,called_strike,L,R,CLE,COL,96.00,,,1,1,2025,2025-07
2025-07-30,2025,R,675848,680757,FF,4-Seam Fastball,,ball,L,R,CLE,COL,97.20,,,0,1,2025,2025-07
2025-07-30,2025,R,675848,680757,FF,4-Seam Fastball,,called_strike,L,R,CLE,COL,94.30,,,0,0,2025,2025-07
2025-07-30,2025,R,675848,682657,FF,4-Seam Fastball,field_out,hit_into_play,L,R,CLE,COL,96.40,89.00,-20,2,1,2025,2025-07
2025-07-30,2025,R,675848,682657,FF,4-Seam Fastball,,ball,L,R,CLE,COL,98.20,,,1,1,2025,2025-07
2025-07-30,2025,R,675848,682657,FF,4-Seam Fastball,,swinging_strike,L,R,CLE,COL,97.00,,,1,0,2025,2025-07
2025-07-30,2025,R,675848,682657,FF,4-Seam Fastball,,ball,L,R,CLE,COL,96.80,,,0,0,2025,2025-07
2025-07-30,2025,R,675848,700932,FF,4-Seam Fastball,strikeout,swinging_strike,L,R,CLE,COL,97.90,,,1,2,2025,2025-07
2025-07-30,2025,R,675848,700932,FF,4-Seam Fastball,,swinging_strike,L,R,CLE,COL,97.00,,,1,1,2025,2025-07
2025-07-30,2025,R,675848,700932,FF,4-Seam Fastball,,called_strike,L,R,CLE,COL,96.20,,,1,0,2025,2025-07
2025-07-30,2025,R,675848,700932,FF,4-Seam Fastball,,ball,L,R,CLE,COL,96.50,,,0,0,2025,2025-07
2025-07-30,2025,R,676254,669261,SL,Slider,walk,ball,L,R,SF,PIT,84.00,,,3,2,2025,2025-07
2025-07-30,2025,R,676254,669261,SI,Sinker,,foul,L,R,SF,PIT,96.50,81.20,14,3,2,2025,2025-07
2025-07-30,2025,R,676254,669261,SI,Sinker,,ball,L,R,SF,PIT,96.60,,,2,2,2025,2025-07
2025-07-30,2025,R,676254,669261,SI,Sinker,,foul,L,R,SF,PIT,96.30,92.60,53,2,2,2025,2025-07
2025-07-30,2025,R,676254,669261,SI,Sinker,,foul,L,R,SF,PIT,97.20,76.80,33,2,2,2025,2025-07
2025-07-30,2025,R,676254,669261,SI,Sinker,,ball,L,R,SF,PIT,97.50,,,1,2,2025,2025-07
2025-07-30,2025,R,676254,669261,SI,Sinker,,ball,L,R,SF,PIT,96.70,,,0,2,2025,2025-07
2025-07-30,2025,R,676254,669261,SI,Sinker,,foul,L,R,SF,PIT,97.70,82.80,30,0,2,2025,2025-07
2025-07-30,2025,R,676254,669261,SI,Sinker,,called_strike,L,R,SF,PIT,96.50,,,0,1,2025,2025-07
2025-07-30,2025,R,676254,669261,SI,Sinker,,called_strike,L,R,SF,PIT,98.30,,,0,0,2025,2025-07
2025-07-30,2025,R,676254,678894,SI,Sinker,field_out,hit_into_play,R,R,SF,PIT,96.70,66.80,-7,2,2,2025,2025-07
2025-07-30,2025,R,676254,678894,SI,Sinker,,ball,R,R,SF,PIT,95.90,,,1,2,2025,2025-07
2025-07-30,2025,R,676254,678894,SL,Slider,,ball,R,R,SF,PIT,84.50,,,0,2,2025,2025-07
2025-07-30,2025,R,676254,678894,SL,Slider,,swinging_strike,R,R,SF,PIT,85.50,,,0,1,2025,2025-07
2025-07-30,2025,R,676254,678894,SI,Sinker,,called_strike,R,R,SF,PIT,96.70,,,0,0,2025,2025-07
2025-07-30,2025,R,676254,680779,SI,Sinker,field_out,hit_into_play,R,R,SF,PIT,95.90,104.80,-25,1,0,2025,2025-07
2025-07-30,2025,R,676254,680779,SI,Sinker,,ball,R,R,SF,PIT,96.10,,,0,0,2025,2025-07
2025-07-30,2025,R,676254,693304,SI,Sinker,field_out,hit_into_play,R,R,SF,PIT,96.00,91.00,-13,1,2,2025,2025-07
2025-07-30,2025,R,676254,693304,SL,Slider,,ball,R,R,SF,PIT,86.10,,,0,2,2025,2025-07
2025-07-30,2025,R,676254,693304,SI,Sinker,,swinging_strike,R,R,SF,PIT,94.70,,,0,1,2025,2025-07
2025-07-30,2025,R,676254,693304,SI,Sinker,,foul,R,R,SF,PIT,96.80,83.30,39,0,0,2025,2025-07
2025-07-30,2025,R,676395,650859,CH,Changeup,field_out,hit_into_play,R,L,LAA,TEX,89.30,90.90,50,0,0,2025,2025-07
2025-07-30,2025,R,676395,672569,CH,Changeup,strikeout,swinging_strike,R,L,LAA,TEX,90.20,,,1,2,2025,2025-07
2025-07-30,2025,R,676395,672569,FF,4-Seam Fastball,,called_strike,R,L,LAA,TEX,94.90,,,1,1,2025,2025-07
2025-07-30,2025,R,676395,672569,FF,4-Seam Fastball,,called_strike,R,L,LAA,TEX,93.70,,,1,0,2025,2025-07
2025-07-30,2025,R,676395,672569,SL,Slider,,ball,R,L,LAA,TEX,87.00,,,0,0,2025,2025-07
2025-07-30,2025,R,676395,681351,FF,4-Seam Fastball,strikeout,swinging_strike,R,L,LAA,TEX,96.10,,,0,2,2025,2025-07
2025-07-30,2025,R,676395,681351,FF,4-Seam Fastball,,foul,R,L,LAA,TEX,96.00,99.20,17,0,2,2025,2025-07
2025-07-30,2025,R,676395,681351,CH,Changeup,,foul,R,L,LAA,TEX,90.40,69.60,-26,0,2,2025,2025-07
2025-07-30,2025,R,676395,681351,FF,4-Seam Fastball,,called_strike,R,L,LAA,TEX,95.20,,,0,1,2025,2025-07
2025-07-30,2025,R,676395,681351,FF,4-Seam Fastball,,swinging_strike,R,L,LAA,TEX,93.50,,,0,0,2025,2025-07
2025-07-30,2025,R,676534,650968,FC,Cutter,field_out,hit_into_play,R,R,STL,MIA,93.90,100.20,-6,3,2,2025,2025-07
2025-07-30,2025,R,676534,650968,SI,Sinker,,foul,R,R,STL,MIA,96.90,52.90,55,3,2,2025,2025-07
2025-07-30,2025,R,676534,650968,FC,Cutter,,foul,R,R,STL,MIA,93.40,91.70,32,3,2,2025,2025-07
2025-07-30,2025,R,676534,650968,FF,4-Seam Fastball,,foul,R,R,STL,MIA,97.40,81.50,16,3,2,2025,2025-07
2025-07-30,2025,R,676534,650968,ST,Sweeper,,ball,R,R,STL,MIA,87.50,,,2,2,2025,2025-07
2025-07-30,2025,R,676534,650968,ST,Sweeper,,ball,R,R,STL,MIA,89.40,,,1,2,2025,2025-07
2025-07-30,2025,R,676534,650968,ST,Sweeper,,ball,R,R,STL,MIA,88.60,,,0,2,2025,2025-07
2025-07-30,2025,R,676534,650968,FC,Cutter,,foul,R,R,STL,MIA,92.60,96.00,16,0,1,2025,2025-07
2025-07-30,2025,R,676534,650968,SI,Sinker,,called_strike,R,R,STL,MIA,95.70,,,0,0,2025,2025-07
2025-07-30,2025,R,676534,691023,FF,4-Seam Fastball,strikeout,called_strike,R,R,STL,MIA,97.20,,,2,2,2025,2025-07
2025-07-30,2025,R,676534,691023,ST,Sweeper,,ball,R,R,STL,MIA,89.20,,,1,2,2025,2025-07
2025-07-30,2025,R,676534,691023,FF,4-Seam Fastball,,ball,R,R,STL,MIA,96.90,,,0,2,2025,2025-07
2025-07-30,2025,R,676534,691023,ST,Sweeper,,foul,R,R,STL,MIA,87.40,85.80,60,0,1,2025,2025-07
2025-07-30,2025,R,676534,691023,ST,Sweeper,,called_strike,R,R,STL,MIA,87.90,,,0,0,2025,2025-07
2025-07-30,2025,R,676534,695336,SI,Sinker,field_out,hit_into_play,R,R,STL,MIA,95.00,92.10,25,0,1,2025,2025-07
2025-07-30,2025,R,676534,695336,ST,Sweeper,,called_strike,R,R,STL,MIA,87.40,,,0,0,2025,2025-07
2025-07-30,2025,R,676617,667472,SL,Slider,field_out,hit_into_play,R,R,STL,MIA,90.10,86.60,-37,0,1,2025,2025-07
2025-07-30,2025,R,676617,667472,ST,Sweeper,,called_strike,R,R,STL,MIA,81.80,,,0,0,2025,2025-07
2025-07-30,2025,R,676617,681715,SI,Sinker,field_out,hit_into_play,R,R,STL,MIA,98.50,101.00,19,2,0,2025,2025-07
2025-07-30,2025,R,676617,681715,SL,Slider,,ball,R,R,STL,MIA,87.90,,,1,0,2025,2025-07
2025-07-30,2025,R,676617,681715,SI,Sinker,,ball,R,R,STL,MIA,98.10,,,0,0,2025,2025-07
2025-07-30,2025,R,676617,687859,SI,Sinker,field_out,hit_into_play,L,R,STL,MIA,96.40,97.20,-27,0,1,2025,2025-07
2025-07-30,2025,R,676617,687859,SL,Slider,,called_strike,L,R,STL,MIA,90.10,,,0,0,2025,2025-07
2025-07-30,2025,R,676617,688363,SL,Slider,strikeout,swinging_strike,L,R,STL,MIA,91.30,,,1,2,2025,2025-07
2025-07-30,2025,R,676617,688363,SI,Sinker,,foul,L,R,STL,MIA,99.80,,,1,2,2025,2025-07
2025-07-30,2025,R,676617,688363,SL,Slider,,swinging_strike,L,R,STL,MIA,89.50,,,1,1,2025,2025-07
2025-07-30,2025,R,676617,688363,SI,Sinker,,swinging_strike,L,R,STL,MIA,97.10,,,1,0,2025,2025-07
2025-07-30,2025,R,676617,688363,SL,Slider,,ball,L,R,STL,MIA,87.80,,,0,0,2025,2025-07
2025-07-30,2025,R,676661,643217,FC,Cutter,single,hit_into_play,L,R,CWS,PHI,87.20,72.60,28,2,2,2025,2025-07
2025-07-30,2025,R,676661,643217,FF,4-Seam Fastball,,foul,L,R,CWS,PHI,93.90,89.90,-15,2,1,2025,2025-07
2025-07-30,2025,R,676661,643217,KC,Knuckle Curve,,ball,L,R,CWS,PHI,80.40,,,1,1,2025,2025-07
2025-07-30,2025,R,676661,643217,FF,4-Seam Fastball,,ball,L,R,CWS,PHI,94.50,,,0,1,2025,2025-07
2025-07-30,2025,R,676661,643217,FF,4-Seam Fastball,,foul,L,R,CWS,PHI,95.60,80.80,21,0,0,2025,2025-07
2025-07-30,2025,R,676661,643565,FS,Split-Finger,single,hit_into_play,L,R,CWS,PHI,84.20,98.80,12,1,1,2025,2025-07
2025-07-30,2025,R,676661,643565,KC,Knuckle Curve,,ball,L,R,CWS,PHI,79.60,,,0,1,2025,2025-07
2025-07-30,2025,R,676661,643565,FF,4-Seam Fastball,,called_strike,L,R,CWS,PHI,95.50,,,0,0,2025,2025-07
2025-07-30,2025,R,676661,668942,FF,4-Seam Fastball,double,hit_into_play,L,R,CWS,PHI,95.20,107.10,18,1,1,2025,2025-07
2025-07-30,2025,R,676661,668942,KC,Knuckle Curve,,swinging_strike,L,R,CWS,PHI,79.70,,,1,0,2025,2025-07
2025-07-30,2025,R,676661,668942,KC,Knuckle Curve,,ball,L,R,CWS,PHI,79.70,,,0,0,2025,2025-07
2025-07-30,2025,R,676661,672820,FC,Cutter,single,hit_into_play,R,R,CWS,PHI,88.20,66.60,23,1,0,2025,2025-07
2025-07-30,2025,R,676661,672820,FC,Cutter,,ball,R,R,CWS,PHI,89.10,,,0,0,2025,2025-07
2025-07-30,2025,R,676661,673357,KC,Knuckle Curve,single,hit_into_play,R,R,CWS,PHI,80.80,101.60,-2,2,2,2025,2025-07
2025-07-30,2025,R,676661,673357,FC,Cutter,,swinging_strike,R,R,CWS,PHI,88.50,,,2,1,2025,2025-07
2025-07-30,2025,R,676661,673357,FF,4-Seam Fastball,,ball,R,R,CWS,PHI,95.20,,,1,1,2025,2025-07
2025-07-30,2025,R,676661,673357,FC,Cutter,,ball,R,R,CWS,PHI,87.60,,,0,1,2025,2025-07
2025-07-30,2025,R,676661,673357,KC,Knuckle Curve,,foul,R,R,CWS,PHI,81.40,39.70,31,0,0,2025,2025-07
2025-07-30,2025,R,676661,678246,FF,4-Seam Fastball,home_run,hit_into_play,R,R,CWS,PHI,94.70,97.60,31,1,2,2025,2025-07
2025-07-30,2025,R,676661,678246,FC,Cutter,,blocked_ball,R,R,CWS,PHI,86.90,,,0,2,2025,2025-07
2025-07-30,2025,R,676661,678246,FF,4-Seam Fastball,,foul,R,R,CWS,PHI,94.70,73.60,74,0,1,2025,2025-07
2025-07-30,2025,R,676661,678246,FF,4-Seam Fastball,,foul,R,R,CWS,PHI,94.40,79.60,42,0,0,2025,2025-07
2025-07-30,2025,R,676661,691019,FF,4-Seam Fastball,single,hit_into_play,L,R,CWS,PHI,94.40,98.60,17,1,2,2025,2025-07
2025-07-30,2025,R,676661,691019,FC,Cutter,,ball,L,R,CWS,PHI,89.10,,,0,2,2025,2025-07
2025-07-30,2025,R,676661,691019,KC,Knuckle Curve,,foul,L,R,CWS,PHI,80.90,60.30,-49,0,1,2025,2025-07
2025-07-30,2025,R,676661,691019,KC,Knuckle Curve,,called_strike,L,R,CWS,PHI,81.70,,,0,0,2025,2025-07
2025-07-30,2025,R,676755,573262,FF,4-Seam Fastball,sac_bunt,hit_into_play,L,R,SF,PIT,92.80,27.50,7,0,0,2025,2025-07
2025-07-30,2025,R,676755,642086,FF,4-Seam Fastball,single,hit_into_play,L,R,SF,PIT,93.20,81.30,20,1,1,2025,2025-07
2025-07-30,2025,R,676755,642086,CH,Changeup,,ball,L,R,SF,PIT,85.90,,,0,1,2025,2025-07
2025-07-30,2025,R,676755,642086,FF,4-Seam Fastball,,called_strike,L,R,SF,PIT,93.20,,,0,0,2025,2025-07
2025-07-30,2025,R,676755,642715,FF,4-Seam Fastball,strikeout,swinging_strike,R,R,SF,PIT,93.90,,,1,2,2025,2025-07
2025-07-30,2025,R,676755,642715,FF,4-Seam Fastball,,ball,R,R,SF,PIT,93.00,,,0,2,2025,2025-07
2025-07-30,2025,R,676755,642715,FF,4-Seam Fastball,,called_strike,R,R,SF,PIT,93.40,,,0,1,2025,2025-07
2025-07-30,2025,R,676755,642715,FF,4-Seam Fastball,,foul_tip,R,R,SF,PIT,91.80,,,0,0,2025,2025-07
2025-07-30,2025,R,676755,656305,FF,4-Seam Fastball,field_out,hit_into_play,R,R,SF,PIT,91.80,88.50,54,0,0,2025,2025-07
2025-07-30,2025,R,676755,669477,FF,4-Seam Fastball,single,hit_into_play,R,R,SF,PIT,89.90,87.30,55,0,0,2025,2025-07
2025-07-30,2025,R,676755,671218,FF,4-Seam Fastball,strikeout,foul_tip,R,R,SF,PIT,96.10,,,1,2,2025,2025-07
2025-07-30,2025,R,676755,671218,FF,4-Seam Fastball,,foul_tip,R,R,SF,PIT,94.40,,,1,1,2025,2025-07
2025-07-30,2025,R,676755,671218,FF,4-Seam Fastball,,ball,R,R,SF,PIT,95.30,,,0,1,2025,2025-07
2025-07-30,2025,R,676755,671218,FF,4-Seam Fastball,,foul_tip,R,R,SF,PIT,93.60,,,0,0,2025,2025-07
2025-07-30,2025,R,676755,672275,FF,4-Seam Fastball,strikeout,foul_tip,L,R,SF,PIT,94.90,,,3,2,2025,2025-07
2025-07-30,2025,R,676755,672275,FF,4-Seam Fastball,,called_strike,L,R,SF,PIT,93.60,,,3,1,2025,2025-07
2025-07-30,2025,R,676755,672275,FF,4-Seam Fastball,,foul,L,R,SF,PIT,94.10,75.20,46,3,0,2025,2025-07
2025-07-30,2025,R,676755,672275,FF,4-Seam Fastball,,ball,L,R,SF,PIT,92.60,,,2,0,2025,2025-07
2025-07-30,2025,R,676755,672275,FF,4-Seam Fastball,,ball,L,R,SF,PIT,91.90,,,1,0,2025,2025-07
2025-07-30,2025,R,676755,672275,CH,Changeup,,ball,L,R,SF,PIT,85.00,,,0,0,2025,2025-07
2025-07-30,2025,R,676755,808982,FF,4-Seam Fastball,field_out,hit_into_play,L,R,SF,PIT,92.90,87.20,23,2,2,2025,2025-07
2025-07-30,2025,R,676755,808982,FF,4-Seam Fastball,,foul,L,R,SF,PIT,94.10,83.40,29,2,2,2025,2025-07
2025-07-30,2025,R,676755,808982,CH,Changeup,,ball,L,R,SF,PIT,85.80,,,1,2,2025,2025-07
2025-07-30,2025,R,676755,808982,FF,4-Seam Fastball,,foul,L,R,SF,PIT,93.80,71.80,12,1,1,2025,2025-07
2025-07-30,2025,R,676755,808982,FF,4-Seam Fastball,,called_strike,L,R,SF,PIT,93.30,,,1,0,2025,2025-07
2025-07-30,2025,R,676755,808982,FF,4-Seam Fastball,,ball,L,R,SF,PIT,92.80,,,0,0,2025,2025-07
2025-07-30,2025,R,677955,467793,CH,Changeup,field_out,hit_into_play,L,R,CLE,COL,83.40,65.20,-16,0,2,2025,2025-07
2025-07-30,2025,R,677955,467793,CH,Changeup,,foul,L,R,CLE,COL,83.60,91.40,26,0,2,2025,2025-07
2025-07-30,2025,R,677955,467793,SL,Slider,,called_strike,L,R,CLE,COL,86.80,,,0,1,2025,2025-07
2025-07-30,2025,R,677955,467793,FF,4-Seam Fastball,,called_strike,L,R,CLE,COL,95.60,,,0,0,2025,2025-07
2025-07-30,2025,R,677955,595978,FF,4-Seam Fastball,field_out,hit_into_play,R,R,CLE,COL,94.30,74.00,8,1,1,2025,2025-07
2025-07-30,2025,R,677955,595978,SL,Slider,,ball,R,R,CLE,COL,87.50,,,0,1,2025,2025-07
2025-07-30,2025,R,677955,595978,SI,Sinker,,foul,R,R,CLE,COL,96.30,70.10,54,0,0,2025,2025-07
2025-07-30,2025,R,677955,666134,CH,Changeup,walk,ball,L,R,CLE,COL,83.80,,,3,1,2025,2025-07
2025-07-30,2025,R,677955,666134,SI,Sinker,,ball,L,R,CLE,COL,96.90,,,2,1,2025,2025-07
2025-07-30,2025,R,677955,666134,CH,Changeup,,ball,L,R,CLE,COL,84.60,,,1,1,2025,2025-07
2025-07-30,2025,R,677955,666134,FF,4-Seam Fastball,,ball,L,R,CLE,COL,95.40,,,0,1,2025,2025-07
2025-07-30,2025,R,677955,666134,FF,4-Seam Fastball,,foul,L,R,CLE,COL,94.90,80.50,64,0,0,2025,2025-07
2025-07-30,2025,R,677955,672356,SL,Slider,single,hit_into_play,R,R,CLE,COL,88.60,102.80,15,0,1,2025,2025-07
2025-07-30,2025,R,677955,672356,SL,Slider,,foul,R,R,CLE,COL,87.20,78.70,-36,0,0,2025,2025-07
2025-07-30,2025,R,677955,677587,SI,Sinker,sac_fly,hit_into_play,L,R,CLE,COL,96.20,87.20,31,0,0,2025,2025-07
2025-07-30,2025,R,677955,681807,SI,Sinker,walk,ball,R,R,CLE,COL,94.80,,,3,0,2025,2025-07
2025-07-30,2025,R,677955,681807,SI,Sinker,,ball,R,R,CLE,COL,95.20,,,2,0,2025,2025-07
2025-07-30,2025,R,677955,681807,SL,Slider,,ball,R,R,CLE,COL,86.40,,,1,0,2025,2025-07
2025-07-30,2025,R,677955,681807,SL,Slider,,ball,R,R,CLE,COL,84.10,,,0,0,2025,2025-07
2025-07-30,2025,R,678022,593871,FF,4-Seam Fastball,field_out,hit_into_play,L,R,ATH,SEA,96.30,104.40,-9,2,2,2025,2025-07
2025-07-30,2025,R,678022,593871,ST,Sweeper,,called_strike,L,R,ATH,SEA,86.10,,,2,1,2025,2025-07
2025-07-30,2025,R,678022,593871,FF,4-Seam Fastball,,ball,L,R,ATH,SEA,95.60,,,1,1,2025,2025-07
2025-07-30,2025,R,678022,593871,CH,Changeup,,called_strike,L,R,ATH,SEA,89.10,,,1,0,2025,2025-07
2025-07-30,2025,R,678022,593871,FC,Cutter,,ball,L,R,ATH,SEA,93.60,,,0,0,2025,2025-07
2025-07-30,2025,R,678022,641487,FF,4-Seam Fastball,field_out,hit_into_play,L,R,ATH,SEA,97.10,58.60,2,2,2,2025,2025-07
2025-07-30,2025,R,678022,641487,ST,Sweeper,,foul,L,R,ATH,SEA,86.80,,,2,2,2025,2025-07
2025-07-30,2025,R,678022,641487,CH,Changeup,,ball,L,R,ATH,SEA,90.40,,,1,2,2025,2025-07
2025-07-30,2025,R,678022,641487,FF,4-Seam Fastball,,foul,L,R,ATH,SEA,95.60,78.50,42,1,1,2025,2025-07
2025-07-30,2025,R,678022,641487,FC,Cutter,,called_strike,L,R,ATH,SEA,94.20,,,1,0,2025,2025-07
2025-07-30,2025,R,678022,641487,ST,Sweeper,,ball,L,R,ATH,SEA,86.60,,,0,0,2025,2025-07
2025-07-30,2025,R,678022,647304,FF,4-Seam Fastball,field_out,hit_into_play,L,R,ATH,SEA,95.50,77.70,-34,0,0,2025,2025-07
2025-07-30,2025,R,678022,663728,FC,Cutter,field_out,hit_into_play,L,R,ATH,SEA,94.00,67.80,47,0,0,2025,2025-07
2025-07-30,2025,R,678022,668227,ST,Sweeper,home_run,hit_into_play,R,R,ATH,SEA,87.30,100.50,28,1,2,2025,2025-07
2025-07-30,2025,R,678022,668227,ST,Sweeper,,ball,R,R,ATH,SEA,86.80,,,0,2,2025,2025-07
2025-07-30,2025,R,678022,668227,FF,4-Seam Fastball,,foul_tip,R,R,ATH,SEA,94.50,,,0,1,2025,2025-07
2025-07-30,2025,R,678022,668227,FF,4-Seam Fastball,,foul,R,R,ATH,SEA,95.40,85.20,48,0,0,2025,2025-07
2025-07-30,2025,R,678022,677594,FC,Cutter,field_out,hit_into_play,R,R,ATH,SEA,94.40,87.50,28,2,1,2025,2025-07
2025-07-30,2025,R,678022,677594,FF,4-Seam Fastball,,foul,R,R,ATH,SEA,95.70,73.30,28,2,0,2025,2025-07
2025-07-30,2025,R,678022,677594,ST,Sweeper,,ball,R,R,ATH,SEA,86.40,,,1,0,2025,2025-07
2025-07-30,2025,R,678022,677594,ST,Sweeper,,ball,R,R,ATH,SEA,86.40,,,0,0,2025,2025-07
2025-07-30,2025,R,678022,702284,FF,4-Seam Fastball,field_out,hit_into_play,L,R,ATH,SEA,96.40,101.00,19,1,0,2025,2025-07
2025-07-30,2025,R,678022,702284,FF,4-Seam Fastball,,ball,L,R,ATH,SEA,95.90,,,0,0,2025,2025-07
2025-07-30,2025,R,678024,547180,FF,4-Seam Fastball,field_out,hit_into_play,L,R,CWS,PHI,94.10,93.70,45,3,1,2025,2025-07
2025-07-30,2025,R,678024,547180,SI,Sinker,,ball,L,R,CWS,PHI,94.50,,,2,1,2025,2025-07
2025-07-30,2025,R,678024,547180,CU,Curveball,,called_strike,L,R,CWS,PHI,81.20,,,2,0,2025,2025-07
2025-07-30,2025,R,678024,547180,SI,Sinker,,ball,L,R,CWS,PHI,94.00,,,1,0,2025,2025-07
2025-07-30,2025,R,678024,547180,SI,Sinker,,ball,L,R,CWS,PHI,93.60,,,0,0,2025,2025-07
2025-07-30,2025,R,678024,592206,FF,4-Seam Fastball,strikeout,swinging_strike,R,R,CWS,PHI,94.60,,,1,2,2025,2025-07
2025-07-30,2025,R,678024,592206,CU,Curveball,,foul,R,R,CWS,PHI,80.50,83.40,-10,1,1,2025,2025-07
2025-07-30,2025,R,678024,592206,CU,Curveball,,ball,R,R,CWS,PHI,82.10,,,0,1,2025,2025-07
2025-07-30,2025,R,678024,592206,SI,Sinker,,called_strike,R,R,CWS,PHI,94.80,,,0,0,2025,2025-07
2025-07-30,2025,R,678024,607208,CU,Curveball,field_out,hit_into_play,R,R,CWS,PHI,80.40,95.30,32,0,1,2025,2025-07
2025-07-30,2025,R,678024,607208,SI,Sinker,,swinging_strike,R,R,CWS,PHI,94.00,,,0,0,2025,2025-07
2025-07-30,2025,R,678024,607208,FF,4-Seam Fastball,field_out,hit_into_play,R,R,CWS,PHI,95.50,94.20,28,2,2,2025,2025-07
2025-07-30,2025,R,678024,607208,SI,Sinker,,ball,R,R,CWS,PHI,95.90,,,1,2,2025,2025-07
2025-07-30,2025,R,678024,607208,FC,Cutter,,ball,R,R,CWS,PHI,85.80,,,0,2,2025,2025-07
2025-07-30,2025,R,678024,607208,ST,Sweeper,,foul,R,R,CWS,PHI,84.10,70.10,61,0,1,2025,2025-07
2025-07-30,2025,R,678024,607208,CU,Curveball,,called_strike,R,R,CWS,PHI,81.70,,,0,0,2025,2025-07
2025-07-30,2025,R,678024,656941,CU,Curveball,field_out,hit_into_play,L,R,CWS,PHI,82.10,95.00,1,2,2,2025,2025-07
2025-07-30,2025,R,678024,656941,FF,4-Seam Fastball,,ball,L,R,CWS,PHI,94.60,,,1,2,2025,2025-07
2025-07-30,2025,R,678024,656941,CU,Curveball,,swinging_strike,L,R,CWS,PHI,81.80,,,1,1,2025,2025-07
2025-07-30,2025,R,678024,656941,SI,Sinker,,called_strike,L,R,CWS,PHI,93.10,,,1,0,2025,2025-07
2025-07-30,2025,R,678024,656941,CU,Curveball,,ball,L,R,CWS,PHI,80.20,,,0,0,2025,2025-07
2025-07-30,2025,R,678024,665561,SI,Sinker,single,hit_into_play,L,R,CWS,PHI,92.70,90.10,14,2,0,2025,2025-07
2025-07-30,2025,R,678024,665561,SI,Sinker,,ball,L,R,CWS,PHI,92.30,,,1,0,2025,2025-07
2025-07-30,2025,R,678024,665561,SI,Sinker,,ball,L,R,CWS,PHI,93.80,,,0,0,2025,2025-07
2025-07-30,2025,R,678024,665561,SI,Sinker,field_out,hit_into_play,L,R,CWS,PHI,94.90,90.90,-5,2,2,2025,2025-07
2025-07-30,2025,R,678024,665561,FF,4-Seam Fastball,,ball,L,R,CWS,PHI,94.40,,,1,2,2025,2025-07
2025-07-30,2025,R,678024,665561,CU,Curveball,,called_strike,L,R,CWS,PHI,83.90,,,1,1,2025,2025-07
2025-07-30,2025,R,678024,665561,SI,Sinker,,swinging_strike,L,R,CWS,PHI,94.50,,,1,0,2025,2025-07
2025-07-30,2025,R,678024,665561,SI,Sinker,,ball,L,R,CWS,PHI,95.10,,,0,0,2025,2025-07
2025-07-30,2025,R,678024,669016,SI,Sinker,field_out,hit_into_play,L,R,CWS,PHI,93.00,91.20,30,1,0,2025,2025-07
2025-07-30,2025,R,678024,669016,CU,Curveball,,ball,L,R,CWS,PHI,80.40,,,0,0,2025,2025-07
2025-07-30,2025,R,678024,679032,SI,Sinker,single,hit_into_play,R,R,CWS,PHI,93.30,100.10,6,3,2,2025,2025-07
2025-07-30,2025,R,678024,679032,CU,Curveball,,foul,R,R,CWS,PHI,80.20,86.60,-7,3,2,2025,2025-07
2025-07-30,2025,R,678024,679032,CU,Curveball,,ball,R,R,CWS,PHI,81.30,,,2,2,2025,2025-07
2025-07-30,2025,R,678024,679032,FC,Cutter,,ball,R,R,CWS,PHI,86.30,,,1,2,2025,2025-07
2025-07-30,2025,R,678024,679032,CU,Curveball,,foul_tip,R,R,CWS,PHI,80.00,,,1,1,2025,2025-07
2025-07-30,2025,R,678024,679032,SI,Sinker,,called_strike,R,R,CWS,PHI,91.70,,,1,0,2025,2025-07
2025-07-30,2025,R,678024,679032,,,,automatic_ball,R,R,CWS,PHI,,,,0,0,2025,2025-07
2025-07-30,2025,R,678024,679032,SI,Sinker,field_out,hit_into_play,R,R,CWS,PHI,95.40,94.70,-25,2,1,2025,2025-07
2025-07-30,2025,R,678024,679032,FC,Cutter,,ball,R,R,CWS,PHI,83.60,,,1,1,2025,2025-07
2025-07-30,2025,R,678024,679032,FC,Cutter,,ball,R,R,CWS,PHI,84.90,,,0,1,2025,2025-07
2025-07-30,2025,R,678024,679032,SI,Sinker,,called_strike,R,R,CWS,PHI,93.60,,,0,0,2025,2025-07
2025-07-30,2025,R,678024,681082,FF,4-Seam Fastball,strikeout,swinging_strike,L,R,CWS,PHI,94.30,,,1,2,2025,2025-07
2025-07-30,2025,R,678024,681082,FF,4-Seam Fastball,,ball,L,R,CWS,PHI,94.30,,,0,2,2025,2025-07
2025-07-30,2025,R,678024,681082,CU,Curveball,,foul,L,R,CWS,PHI,83.00,101.10,-19,0,1,2025,2025-07
2025-07-30,2025,R,678024,681082,SI,Sinker,,called_strike,L,R,CWS,PHI,94.30,,,0,0,2025,2025-07
2025-07-30,2025,R,678024,681082,CH,Changeup,grounded_into_double_play,hit_into_play,L,R,CWS,PHI,87.40,105.20,-4,1,1,2025,2025-07
2025-07-30,2025,R,678024,681082,SI,Sinker,,foul,L,R,CWS,PHI,94.20,78.60,46,1,0,2025,2025-07
2025-07-30,2025,R,678024,681082,CU,Curveball,,blocked_ball,L,R,CWS,PHI,81.90,,,0,0,2025,2025-07
2025-07-30,2025,R,678024,805249,FF,4-Seam Fastball,strikeout,swinging_strike,R,R,CWS,PHI,94.00,,,2,2,2025,2025-07
2025-07-30,2025,R,678024,805249,FC,Cutter,,ball,R,R,CWS,PHI,86.50,,,1,2,2025,2025-07
2025-07-30,2025,R,678024,805249,FC,Cutter,,swinging_strike,R,R,CWS,PHI,86.20,,,1,1,2025,2025-07
2025-07-30,2025,R,678024,805249,SI,Sinker,,foul,R,R,CWS,PHI,93.70,67.80,47,1,0,2025,2025-07
2025-07-30,2025,R,678024,805249,CU,Curveball,,ball,R,R,CWS,PHI,79.90,,,0,0,2025,2025-07
2025-07-30,2025,R,678024,805249,SI,Sinker,single,hit_into_play,R,R,CWS,PHI,94.80,66.90,-29,0,1,2025,2025-07
2025-07-30,2025,R,678024,805249,SI,Sinker,,swinging_strike,R,R,CWS,PHI,93.20,,,0,0,2025,2025-07
2025-07-30,2025,R,678226,521692,SL,Slider,single,hit_into_play,R,R,KC,ATL,87.10,101.50,15,0,1,2025,2025-07
2025-07-30,2025,R,678226,521692,SL,Slider,,called_strike,R,R,KC,ATL,88.30,,,0,0,2025,2025-07
2025-07-30,2025,R,678394,650489,CH,Changeup,field_out,hit_into_play,L,R,MIN,BOS,88.80,78.30,8,0,1,2025,2025-07
2025-07-30,2025,R,678394,650489,FF,4-Seam Fastball,,called_strike,L,R,MIN,BOS,95.70,,,0,0,2025,2025-07
2025-07-30,2025,R,678394,650489,ST,Sweeper,field_out,hit_into_play,L,R,MIN,BOS,85.40,87.80,1,0,0,2025,2025-07
2025-07-30,2025,R,678394,650489,FC,Cutter,field_out,hit_into_play,L,R,MIN,BOS,88.50,74.70,35,0,0,2025,2025-07
2025-07-30,2025,R,678394,663616,SI,Sinker,strikeout,called_strike,L,R,MIN,BOS,95.60,,,3,2,2025,2025-07
2025-07-30,2025,R,678394,663616,FC,Cutter,,called_strike,L,R,MIN,BOS,87.30,,,3,1,2025,2025-07
2025-07-30,2025,R,678394,663616,CH,Changeup,,ball,L,R,MIN,BOS,88.10,,,2,1,2025,2025-07
2025-07-30,2025,R,678394,663616,FC,Cutter,,ball,L,R,MIN,BOS,88.70,,,1,1,2025,2025-07
2025-07-30,2025,R,678394,663616,CH,Changeup,,foul_tip,L,R,MIN,BOS,88.70,,,1,0,2025,2025-07
2025-07-30,2025,R,678394,663616,FC,Cutter,,ball,L,R,MIN,BOS,88.00,,,0,0,2025,2025-07
2025-07-30,2025,R,678394,663616,SI,Sinker,single,hit_into_play,L,R,MIN,BOS,94.60,109.50,2,0,0,2025,2025-07
2025-07-30,2025,R,678394,663616,SI,Sinker,walk,ball,L,R,MIN,BOS,95.30,,,3,1,2025,2025-07
2025-07-30,2025,R,678394,663616,CH,Changeup,,ball,L,R,MIN,BOS,87.80,,,2,1,2025,2025-07
2025-07-30,2025,R,678394,663616,SI,Sinker,,foul,L,R,MIN,BOS,95.60,74.70,41,2,0,2025,2025-07
2025-07-30,2025,R,678394,663616,SI,Sinker,,ball,L,R,MIN,BOS,95.00,,,1,0,2025,2025-07
2025-07-30,2025,R,678394,663616,CH,Changeup,,ball,L,R,MIN,BOS,87.00,,,0,0,2025,2025-07
2025-07-30,2025,R,678394,663616,ST,Sweeper,field_out,hit_into_play,L,R,MIN,BOS,85.90,82.60,32,0,2,2025,2025-07
2025-07-30,2025,R,678394,663616,CH,Changeup,,swinging_strike,L,R,MIN,BOS,87.80,,,0,1,2025,2025-07
2025-07-30,2025,R,678394,663616,SI,Sinker,,called_strike,L,R,MIN,BOS,94.90,,,0,0,2025,2025-07
2025-07-30,2025,R,678394,664056,ST,Sweeper,single,hit_into_play,R,R,MIN,BOS,84.50,107.70,12,2,1,2025,2025-07
2025-07-30,2025,R,678394,664056,SI,Sinker,,blocked_ball,R,R,MIN,BOS,93.90,,,1,1,2025,2025-07
2025-07-30,2025,R,678394,664056,ST,Sweeper,,ball,R,R,MIN,BOS,84.40,,,0,1,2025,2025-07
2025-07-30,2025,R,678394,664056,ST,Sweeper,,swinging_strike_blocked,R,R,MIN,BOS,86.20,,,0,0,2025,2025-07
2025-07-30,2025,R,678394,664056,ST,Sweeper,single,hit_into_play,R,R,MIN,BOS,85.60,53.60,-43,0,1,2025,2025-07
2025-07-30,2025,R,678394,664056,SI,Sinker,,called_strike,R,R,MIN,BOS,94.20,,,0,0,2025,2025-07
2025-07-30,2025,R,678394,664056,ST,Sweeper,strikeout,swinging_strike,R,R,MIN,BOS,86.20,,,0,2,2025,2025-07
2025-07-30,2025,R,678394,664056,ST,Sweeper,,swinging_strike,R,R,MIN,BOS,86.70,,,0,1,2025,2025-07
2025-07-30,2025,R,678394,664056,SI,Sinker,,swinging_strike,R,R,MIN,BOS,95.60,,,0,0,2025,2025-07
2025-07-30,2025,R,678394,665019,FF,4-Seam Fastball,field_out,hit_into_play,L,R,MIN,BOS,94.90,95.50,58,0,1,2025,2025-07
2025-07-30,2025,R,678394,665019,ST,Sweeper,,called_strike,L,R,MIN,BOS,86.40,,,0,0,2025,2025-07
2025-07-30,2025,R,678394,665019,SI,Sinker,walk,ball,L,R,MIN,BOS,94.90,,,3,0,2025,2025-07
2025-07-30,2025,R,678394,665019,FC,Cutter,,ball,L,R,MIN,BOS,87.50,,,2,0,2025,2025-07
2025-07-30,2025,R,678394,665019,SI,Sinker,,ball,L,R,MIN,BOS,94.70,,,1,0,2025,2025-07
2025-07-30,2025,R,678394,665019,ST,Sweeper,,blocked_ball,L,R,MIN,BOS,85.40,,,0,0,2025,2025-07
2025-07-30,2025,R,678394,665019,SI,Sinker,walk,ball,L,R,MIN,BOS,94.40,,,3,0,2025,2025-07
2025-07-30,2025,R,678394,665019,FC,Cutter,,ball,L,R,MIN,BOS,88.10,,,2,0,2025,2025-07
2025-07-30,2025,R,678394,665019,FF,4-Seam Fastball,,ball,L,R,MIN,BOS,95.60,,,1,0,2025,2025-07
2025-07-30,2025,R,678394,665019,FF,4-Seam Fastball,,ball,L,R,MIN,BOS,95.60,,,0,0,2025,2025-07
2025-07-30,2025,R,678394,668904,ST,Sweeper,field_out,hit_into_play,R,R,MIN,BOS,85.70,71.60,1,0,2,2025,2025-07
2025-07-30,2025,R,678394,668904,SI,Sinker,,swinging_strike,R,R,MIN,BOS,93.80,,,0,1,2025,2025-07
2025-07-30,2025,R,678394,668904,SI,Sinker,,called_strike,R,R,MIN,BOS,94.60,,,0,0,2025,2025-07
2025-07-30,2025,R,678394,668904,ST,Sweeper,field_out,hit_into_play,R,R,MIN,BOS,86.30,97.40,17,1,1,2025,2025-07
2025-07-30,2025,R,678394,668904,SI,Sinker,,ball,R,R,MIN,BOS,94.60,,,0,1,2025,2025-07
2025-07-30,2025,R,678394,668904,SI,Sinker,,called_strike,R,R,MIN,BOS,94.80,,,0,0,2025,2025-07
2025-07-30,2025,R,678394,668904,ST,Sweeper,field_out,hit_into_play,R,R,MIN,BOS,86.10,105.70,-4,0,0,2025,2025-07
2025-07-30,2025,R,678394,670242,SI,Sinker,walk,ball,L,R,MIN,BOS,95.80,,,3,2,2025,2025-07
2025-07-30,2025,R,678394,670242,ST,Sweeper,,ball,L,R,MIN,BOS,85.60,,,2,2,2025,2025-07
2025-07-30,2025,R,678394,670242,FC,Cutter,,foul,L,R,MIN,BOS,88.70,87.50,-9,2,1,2025,2025-07
2025-07-30,2025,R,678394,670242,FF,4-Seam Fastball,,foul,L,R,MIN,BOS,94.10,,,2,0,2025,2025-07
2025-07-30,2025,R,678394,670242,CH,Changeup,,ball,L,R,MIN,BOS,88.50,,,1,0,2025,2025-07
2025-07-30,2025,R,678394,670242,CH,Changeup,,ball,L,R,MIN,BOS,87.70,,,0,0,2025,2025-07
2025-07-30,2025,R,678394,670242,CH,Changeup,field_out,hit_into_play,L,R,MIN,BOS,88.50,60.60,-55,1,2,2025,2025-07
2025-07-30,2025,R,678394,670242,FF,4-Seam Fastball,,ball,L,R,MIN,BOS,95.30,,,0,2,2025,2025-07
2025-07-30,2025,R,678394,670242,FF,4-Seam Fastball,,foul,L,R,MIN,BOS,96.30,77.00,46,0,1,2025,2025-07
2025-07-30,2025,R,678394,670242,ST,Sweeper,,swinging_strike,L,R,MIN,BOS,86.90,,,0,0,2025,2025-07
2025-07-30,2025,R,678394,670242,ST,Sweeper,home_run,hit_into_play,L,R,MIN,BOS,85.60,104.20,32,0,2,2025,2025-07
2025-07-30,2025,R,678394,670242,FF,4-Seam Fastball,,foul,L,R,MIN,BOS,95.90,78.30,22,0,1,2025,2025-07
2025-07-30,2025,R,678394,670242,ST,Sweeper,,called_strike,L,R,MIN,BOS,86.40,,,0,0,2025,2025-07
2025-07-30,2025,R,678394,680577,SI,Sinker,strikeout,called_strike,L,R,MIN,BOS,95.00,,,1,2,2025,2025-07
2025-07-30,2025,R,678394,680577,CH,Changeup,,ball,L,R,MIN,BOS,88.70,,,0,2,2025,2025-07
2025-07-30,2025,R,678394,680577,SI,Sinker,,foul,L,R,MIN,BOS,94.80,66.60,47,0,1,2025,2025-07
2025-07-30,2025,R,678394,680577,FC,Cutter,,called_strike,L,R,MIN,BOS,88.50,,,0,0,2025,2025-07
2025-07-30,2025,R,678394,680577,FF,4-Seam Fastball,strikeout,called_strike,L,R,MIN,BOS,93.80,,,0,2,2025,2025-07
2025-07-30,2025,R,678394,680577,CH,Changeup,,swinging_strike,L,R,MIN,BOS,87.20,,,0,1,2025,2025-07
2025-07-30,2025,R,678394,680577,SI,Sinker,,foul,L,R,MIN,BOS,95.20,74.90,55,0,0,2025,2025-07
2025-07-30,2025,R,678394,680577,SI,Sinker,field_out,hit_into_play,L,R,MIN,BOS,93.60,78.50,-23,2,2,2025,2025-07
2025-07-30,2025,R,678394,680577,ST,Sweeper,,ball,L,R,MIN,BOS,85.60,,,1,2,2025,2025-07
2025-07-30,2025,R,678394,680577,CH,Changeup,,swinging_strike,L,R,MIN,BOS,87.60,,,1,1,2025,2025-07
2025-07-30,2025,R,678394,680577,FC,Cutter,,ball,L,R,MIN,BOS,88.00,,,0,1,2025,2025-07
2025-07-30,2025,R,678394,680577,SI,Sinker,,called_strike,L,R,MIN,BOS,94.70,,,0,0,2025,2025-07
2025-07-30,2025,R,678394,680777,SI,Sinker,field_out,hit_into_play,R,R,MIN,BOS,95.10,94.10,-6,2,2,2025,2025-07
2025-07-30,2025,R,678394,680777,ST,Sweeper,,foul,R,R,MIN,BOS,85.30,65.90,-32,2,1,2025,2025-07
2025-07-30,2025,R,678394,680777,ST,Sweeper,,called_strike,R,R,MIN,BOS,86.10,,,2,0,2025,2025-07
2025-07-30,2025,R,678394,680777,SI,Sinker,,ball,R,R,MIN,BOS,95.40,,,1,0,2025,2025-07
2025-07-30,2025,R,678394,680777,SI,Sinker,,ball,R,R,MIN,BOS,96.30,,,0,0,2025,2025-07
2025-07-30,2025,R,678394,680777,SI,Sinker,field_out,hit_into_play,R,R,MIN,BOS,96.20,69.30,40,0,2,2025,2025-07
2025-07-30,2025,R,678394,680777,ST,Sweeper,,foul,R,R,MIN,BOS,86.90,84.30,16,0,2,2025,2025-07
2025-07-30,2025,R,678394,680777,SI,Sinker,,foul,R,R,MIN,BOS,94.30,85.90,-21,0,1,2025,2025-07
2025-07-30,2025,R,678394,680777,ST,Sweeper,,called_strike,R,R,MIN,BOS,86.40,,,0,0,2025,2025-07
2025-07-30,2025,R,678394,680777,SI,Sinker,single,hit_into_play,R,R,MIN,BOS,95.20,103.30,3,3,2,2025,2025-07
2025-07-30,2025,R,678394,680777,SI,Sinker,,called_strike,R,R,MIN,BOS,94.80,,,3,1,2025,2025-07
2025-07-30,2025,R,678394,680777,SI,Sinker,,called_strike,R,R,MIN,BOS,95.20,,,3,0,2025,2025-07
2025-07-30,2025,R,678394,680777,SI,Sinker,,ball,R,R,MIN,BOS,94.70,,,2,0,2025,2025-07
2025-07-30,2025,R,678394,680777,SI,Sinker,,ball,R,R,MIN,BOS,95.50,,,1,0,2025,2025-07
2025-07-30,2025,R,678394,680777,SI,Sinker,,ball,R,R,MIN,BOS,95.90,,,0,0,2025,2025-07
2025-07-30,2025,R,678394,686797,CH,Changeup,grounded_into_double_play,hit_into_play,L,R,MIN,BOS,87.60,83.50,0,1,1,2025,2025-07
2025-07-30,2025,R,678394,686797,CH,Changeup,,ball,L,R,MIN,BOS,88.10,,,0,1,2025,2025-07
2025-07-30,2025,R,678394,686797,ST,Sweeper,,called_strike,L,R,MIN,BOS,86.30,,,0,0,2025,2025-07
2025-07-30,2025,R,678394,686797,FF,4-Seam Fastball,field_out,hit_into_play,L,R,MIN,BOS,93.90,98.90,33,1,1,2025,2025-07
2025-07-30,2025,R,678394,686797,FC,Cutter,,foul,L,R,MIN,BOS,87.80,37.70,-45,1,0,2025,2025-07
2025-07-30,2025,R,678394,686797,FC,Cutter,,ball,L,R,MIN,BOS,88.60,,,0,0,2025,2025-07
2025-07-30,2025,R,678394,686797,CH,Changeup,field_out,hit_into_play,L,R,MIN,BOS,88.00,72.00,9,0,1,2025,2025-07
2025-07-30,2025,R,678394,686797,FC,Cutter,,foul,L,R,MIN,BOS,89.10,75.40,-24,0,0,2025,2025-07
2025-07-30,2025,R,678692,571448,ST,Sweeper,strikeout,swinging_strike,R,R,STL,MIA,86.30,,,1,2,2025,2025-07
2025-07-30,2025,R,678692,571448,ST,Sweeper,,foul,R,R,STL,MIA,86.20,74.50,59,1,2,2025,2025-07
2025-07-30,2025,R,678692,571448,FF,4-Seam Fastball,,called_strike,R,R,STL,MIA,97.30,,,1,1,2025,2025-07
2025-07-30,2025,R,678692,571448,SI,Sinker,,ball,R,R,STL,MIA,96.00,,,0,1,2025,2025-07
2025-07-30,2025,R,678692,571448,ST,Sweeper,,called_strike,R,R,STL,MIA,85.70,,,0,0,2025,2025-07
2025-07-30,2025,R,678692,575929,FF,4-Seam Fastball,strikeout,called_strike,R,R,STL,MIA,97.10,,,1,2,2025,2025-07
2025-07-30,2025,R,678692,575929,ST,Sweeper,,foul,R,R,STL,MIA,84.70,,,1,1,2025,2025-07
2025-07-30,2025,R,678692,575929,SI,Sinker,,called_strike,R,R,STL,MIA,95.40,,,1,0,2025,2025-07
2025-07-30,2025,R,678692,575929,SI,Sinker,,ball,R,R,STL,MIA,94.70,,,0,0,2025,2025-07
2025-07-30,2025,R,678692,676475,SL,Slider,walk,ball,L,R,STL,MIA,86.50,,,3,1,2025,2025-07
2025-07-30,2025,R,678692,676475,CH,Changeup,,ball,L,R,STL,MIA,91.20,,,2,1,2025,2025-07
2025-07-30,2025,R,678692,676475,ST,Sweeper,,called_strike,L,R,STL,MIA,84.50,,,2,0,2025,2025-07
2025-07-30,2025,R,678692,676475,ST,Sweeper,,ball,L,R,STL,MIA,83.40,,,1,0,2025,2025-07
2025-07-30,2025,R,678692,676475,SL,Slider,,ball,L,R,STL,MIA,87.10,,,0,0,2025,2025-07
2025-07-30,2025,R,679775,595879,ST,Sweeper,field_out,hit_into_play,R,L,DET,AZ,76.50,99.40,19,1,1,2025,2025-07
2025-07-30,2025,R,679775,595879,SI,Sinker,,ball,R,L,DET,AZ,92.00,,,0,1,2025,2025-07
2025-07-30,2025,R,679775,595879,ST,Sweeper,,called_strike,R,L,DET,AZ,77.20,,,0,0,2025,2025-07
2025-07-30,2025,R,679775,628451,ST,Sweeper,single,hit_into_play,R,L,DET,AZ,78.80,98.30,17,0,0,2025,2025-07
2025-07-30,2025,R,679775,650402,SI,Sinker,field_out,hit_into_play,R,L,DET,AZ,90.50,102.60,17,0,0,2025,2025-07
2025-07-30,2025,R,679775,656716,SI,Sinker,double,hit_into_play,L,L,DET,AZ,90.30,86.60,20,1,0,2025,2025-07
2025-07-30,2025,R,679775,656716,ST,Sweeper,,ball,L,L,DET,AZ,78.60,,,0,0,2025,2025-07
2025-07-30,2025,R,679775,668670,ST,Sweeper,home_run,hit_into_play,R,L,DET,AZ,77.20,96.50,29,0,1,2025,2025-07
2025-07-30,2025,R,679775,668670,SI,Sinker,,called_strike,R,L,DET,AZ,91.60,,,0,0,2025,2025-07
2025-07-30,2025,R,679775,672761,SI,Sinker,double,hit_into_play,R,L,DET,AZ,92.00,103.80,17,0,2,2025,2025-07
2025-07-30,2025,R,679775,672761,SI,Sinker,,called_strike,R,L,DET,AZ,90.70,,,0,1,2025,2025-07
2025-07-30,2025,R,679775,672761,SI,Sinker,,foul,R,L,DET,AZ,90.90,61.60,34,0,0,2025,2025-07
2025-07-30,2025,R,680742,542303,SI,Sinker,field_out,hit_into_play,R,R,KC,ATL,96.90,74.90,-67,1,1,2025,2025-07
2025-07-30,2025,R,680742,542303,SL,Slider,,swinging_strike,R,R,KC,ATL,85.90,,,1,0,2025,2025-07
2025-07-30,2025,R,680742,542303,SI,Sinker,,ball,R,R,KC,ATL,94.90,,,0,0,2025,2025-07
2025-07-30,2025,R,680742,595777,CU,Curveball,field_out,hit_into_play,L,R,KC,ATL,81.40,105.20,-6,2,1,2025,2025-07
2025-07-30,2025,R,680742,595777,CU,Curveball,,ball,L,R,KC,ATL,84.90,,,1,1,2025,2025-07
2025-07-30,2025,R,680742,595777,FF,4-Seam Fastball,,ball,L,R,KC,ATL,97.50,,,0,1,2025,2025-07
2025-07-30,2025,R,680742,595777,FF,4-Seam Fastball,,swinging_strike,L,R,KC,ATL,97.00,,,0,0,2025,2025-07
2025-07-30,2025,R,680742,621566,SL,Slider,field_out,hit_into_play,L,R,KC,ATL,86.10,94.50,-3,3,2,2025,2025-07
2025-07-30,2025,R,680742,621566,CU,Curveball,,ball,L,R,KC,ATL,84.20,,,2,2,2025,2025-07
2025-07-30,2025,R,680742,621566,SL,Slider,,ball,L,R,KC,ATL,87.10,,,1,2,2025,2025-07
2025-07-30,2025,R,680742,621566,FF,4-Seam Fastball,,foul,L,R,KC,ATL,97.40,77.70,30,1,1,2025,2025-07
2025-07-30,2025,R,680742,621566,CH,Changeup,,ball,L,R,KC,ATL,90.40,,,0,1,2025,2025-07
2025-07-30,2025,R,680742,621566,SL,Slider,,called_strike,L,R,KC,ATL,87.10,,,0,0,2025,2025-07
2025-07-30,2025,R,680742,642201,SI,Sinker,strikeout,swinging_strike,R,R,KC,ATL,97.30,,,2,2,2025,2025-07
2025-07-30,2025,R,680742,642201,SL,Slider,,foul,R,R,KC,ATL,85.00,64.30,64,2,1,2025,2025-07
2025-07-30,2025,R,680742,642201,SL,Slider,,called_strike,R,R,KC,ATL,86.40,,,2,0,2025,2025-07
2025-07-30,2025,R,680742,642201,SI,Sinker,,ball,R,R,KC,ATL,97.40,,,1,0,2025,2025-07
2025-07-30,2025,R,680742,642201,SI,Sinker,,ball,R,R,KC,ATL,98.00,,,0,0,2025,2025-07
2025-07-30,2025,R,680742,645277,SL,Slider,strikeout,swinging_strike_blocked,L,R,KC,ATL,87.70,,,1,2,2025,2025-07
2025-07-30,2025,R,680742,645277,FF,4-Seam Fastball,,swinging_strike,L,R,KC,ATL,97.40,,,1,1,2025,2025-07
2025-07-30,2025,R,680742,645277,FF,4-Seam Fastball,,ball,L,R,KC,ATL,95.80,,,0,1,2025,2025-07
2025-07-30,2025,R,680742,645277,SL,Slider,,foul,L,R,KC,ATL,86.50,67.10,-27,0,0,2025,2025-07
2025-07-30,2025,R,680742,669221,FF,4-Seam Fastball,walk,ball,R,R,KC,ATL,98.50,,,3,2,2025,2025-07
2025-07-30,2025,R,680742,669221,SI,Sinker,,foul,R,R,KC,ATL,97.90,58.80,-8,3,2,2025,2025-07
2025-07-30,2025,R,680742,669221,SL,Slider,,blocked_ball,R,R,KC,ATL,88.70,,,2,2,2025,2025-07
2025-07-30,2025,R,680742,669221,SI,Sinker,,foul_tip,R,R,KC,ATL,98.20,,,2,1,2025,2025-07
2025-07-30,2025,R,680742,669221,FF,4-Seam Fastball,,ball,R,R,KC,ATL,96.80,,,1,1,2025,2025-07
2025-07-30,2025,R,680742,669221,SL,Slider,,ball,R,R,KC,ATL,86.90,,,0,1,2025,2025-07
2025-07-30,2025,R,680742,669221,SL,Slider,,swinging_strike,R,R,KC,ATL,86.70,,,0,0,2025,2025-07
2025-07-30,2025,R,680742,669397,SL,Slider,strikeout,swinging_strike,R,R,KC,ATL,85.70,,,0,2,2025,2025-07
2025-07-30,2025,R,680742,669397,SL,Slider,,foul,R,R,KC,ATL,84.30,82.80,25,0,2,2025,2025-07
2025-07-30,2025,R,680742,669397,SL,Slider,,called_strike,R,R,KC,ATL,86.20,,,0,1,2025,2025-07
2025-07-30,2025,R,680742,669397,SI,Sinker,,called_strike,R,R,KC,ATL,94.80,,,0,0,2025,2025-07
2025-07-30,2025,R,680755,656775,CU,Curveball,strikeout,swinging_strike,L,R,BAL,TOR,84.00,,,2,2,2025,2025-07
2025-07-30,2025,R,680755,656775,CU,Curveball,,foul,L,R,BAL,TOR,84.70,,,2,2,2025,2025-07
2025-07-30,2025,R,680755,656775,SL,Slider,,foul,L,R,BAL,TOR,89.10,101.60,6,2,2,2025,2025-07
2025-07-30,2025,R,680755,656775,CU,Curveball,,ball,L,R,BAL,TOR,82.70,,,1,2,2025,2025-07
2025-07-30,2025,R,680755,656775,FF,4-Seam Fastball,,ball,L,R,BAL,TOR,97.20,,,0,2,2025,2025-07
2025-07-30,2025,R,680755,656775,FF,4-Seam Fastball,,foul,L,R,BAL,TOR,97.20,83.00,55,0,2,2025,2025-07
2025-07-30,2025,R,680755,656775,CU,Curveball,,called_strike,L,R,BAL,TOR,84.30,,,0,1,2025,2025-07
2025-07-30,2025,R,680755,656775,CU,Curveball,,swinging_strike,L,R,BAL,TOR,84.20,,,0,0,2025,2025-07
2025-07-30,2025,R,680755,657656,CU,Curveball,strikeout,called_strike,R,R,BAL,TOR,86.00,,,3,2,2025,2025-07
2025-07-30,2025,R,680755,657656,FF,4-Seam Fastball,,foul,R,R,BAL,TOR,97.60,77.00,34,3,2,2025,2025-07
2025-07-30,2025,R,680755,657656,SL,Slider,,ball,R,R,BAL,TOR,90.30,,,2,2,2025,2025-07
2025-07-30,2025,R,680755,657656,FF,4-Seam Fastball,,swinging_strike,R,R,BAL,TOR,96.90,,,2,1,2025,2025-07
2025-07-30,2025,R,680755,657656,SL,Slider,,blocked_ball,R,R,BAL,TOR,88.70,,,1,1,2025,2025-07
2025-07-30,2025,R,680755,657656,SL,Slider,,called_strike,R,R,BAL,TOR,88.50,,,1,0,2025,2025-07
2025-07-30,2025,R,680755,657656,SL,Slider,,ball,R,R,BAL,TOR,90.50,,,0,0,2025,2025-07
2025-07-30,2025,R,680767,467793,FF,4-Seam Fastball,double,hit_into_play,L,R,CLE,COL,97.70,82.20,13,2,0,2025,2025-07
2025-07-30,2025,R,680767,467793,CH,Changeup,,blocked_ball,L,R,CLE,COL,92.70,,,1,0,2025,2025-07
2025-07-30,2025,R,680767,467793,FC,Cutter,,ball,L,R,CLE,COL,91.80,,,0,0,2025,2025-07
2025-07-30,2025,R,680767,608070,FF,4-Seam Fastball,single,hit_into_play,L,R,CLE,COL,98.50,78.10,22,1,2,2025,2025-07
2025-07-30,2025,R,680767,608070,CH,Changeup,,foul,L,R,CLE,COL,93.30,90.60,-21,1,1,2025,2025-07
2025-07-30,2025,R,680767,608070,FF,4-Seam Fastball,,foul,L,R,CLE,COL,97.40,79.60,66,1,0,2025,2025-07
2025-07-30,2025,R,680767,608070,CH,Changeup,,ball,L,R,CLE,COL,89.80,,,0,0,2025,2025-07
2025-07-30,2025,R,680767,666134,FF,4-Seam Fastball,field_out,hit_into_play,L,R,CLE,COL,99.60,90.50,-29,0,0,2025,2025-07
2025-07-30,2025,R,680767,672356,FF,4-Seam Fastball,strikeout,called_strike,R,R,CLE,COL,100.80,,,0,2,2025,2025-07
2025-07-30,2025,R,680767,672356,FC,Cutter,,foul_tip,R,R,CLE,COL,94.20,,,0,1,2025,2025-07
2025-07-30,2025,R,680767,672356,FF,4-Seam Fastball,,foul_tip,R,R,CLE,COL,100.30,,,0,0,2025,2025-07
2025-07-30,2025,R,680767,680757,FF,4-Seam Fastball,single,hit_into_play,L,R,CLE,COL,97.70,86.00,0,1,0,2025,2025-07
2025-07-30,2025,R,680767,680757,FF,4-Seam Fastball,,ball,L,R,CLE,COL,98.10,,,0,0,2025,2025-07
2025-07-30,2025,R,680767,682657,FF,4-Seam Fastball,strikeout,swinging_strike,L,R,CLE,COL,97.90,,,2,2,2025,2025-07
2025-07-30,2025,R,680767,682657,CH,Changeup,,blocked_ball,L,R,CLE,COL,90.80,,,1,2,2025,2025-07
2025-07-30,2025,R,680767,682657,FF,4-Seam Fastball,,ball,L,R,CLE,COL,98.10,,,0,2,2025,2025-07
2025-07-30,2025,R,680767,682657,CH,Changeup,,foul,L,R,CLE,COL,90.60,80.50,58,0,1,2025,2025-07
2025-07-30,2025,R,680767,682657,FC,Cutter,,foul_bunt,L,R,CLE,COL,91.10,,,0,0,2025,2025-07
2025-07-30,2025,R,680767,700932,FF,4-Seam Fastball,single,hit_into_play,L,R,CLE,COL,99.30,107.60,9,0,0,2025,2025-07
2025-07-30,2025,R,681347,573262,CH,Changeup,field_out,hit_into_play,L,R,SF,PIT,87.20,51.80,-51,1,1,2025,2025-07
2025-07-30,2025,R,681347,573262,CU,Curveball,,called_strike,L,R,SF,PIT,79.30,,,1,0,2025,2025-07
2025-07-30,2025,R,681347,573262,CH,Changeup,,ball,L,R,SF,PIT,87.20,,,0,0,2025,2025-07
2025-07-30,2025,R,681347,573262,FF,4-Seam Fastball,field_out,hit_into_play,L,R,SF,PIT,96.00,94.60,21,1,1,2025,2025-07
2025-07-30,2025,R,681347,573262,SL,Slider,,ball,L,R,SF,PIT,85.80,,,0,1,2025,2025-07
2025-07-30,2025,R,681347,573262,FF,4-Seam Fastball,,called_strike,L,R,SF,PIT,95.30,,,0,0,2025,2025-07
2025-07-30,2025,R,681347,642086,FF,4-Seam Fastball,single,hit_into_play,L,R,SF,PIT,95.10,104.10,6,1,1,2025,2025-07
2025-07-30,2025,R,681347,642086,FF,4-Seam Fastball,,ball,L,R,SF,PIT,96.90,,,0,1,2025,2025-07
2025-07-30,2025,R,681347,642086,FF,4-Seam Fastball,,foul,L,R,SF,PIT,95.90,80.60,41,0,0,2025,2025-07
2025-07-30,2025,R,681347,642086,CH,Changeup,field_out,hit_into_play,L,R,SF,PIT,87.70,63.00,-34,2,2,2025,2025-07
2025-07-30,2025,R,681347,642086,SL,Slider,,ball,L,R,SF,PIT,88.40,,,1,2,2025,2025-07
2025-07-30,2025,R,681347,642086,FF,4-Seam Fastball,,called_strike,L,R,SF,PIT,94.60,,,1,1,2025,2025-07
2025-07-30,2025,R,681347,642086,FF,4-Seam Fastball,,called_strike,L,R,SF,PIT,94.70,,,1,0,2025,2025-07
2025-07-30,2025,R,681347,642086,FF,4-Seam Fastball,,ball,L,R,SF,PIT,95.90,,,0,0,2025,2025-07
2025-07-30,2025,R,681347,642715,CH,Changeup,field_out,hit_into_play,R,R,SF,PIT,88.30,82.50,47,1,2,2025,2025-07
2025-07-30,2025,R,681347,642715,CH,Changeup,,foul,R,R,SF,PIT,86.30,91.70,18,1,1,2025,2025-07
2025-07-30,2025,R,681347,642715,FF,4-Seam Fastball,,ball,R,R,SF,PIT,96.60,,,0,1,2025,2025-07
2025-07-30,2025,R,681347,642715,SL,Slider,,swinging_strike,R,R,SF,PIT,87.40,,,0,0,2025,2025-07
2025-07-30,2025,R,681347,642715,FF,4-Seam Fastball,single,hit_into_play,R,R,SF,PIT,95.70,104.90,14,0,0,2025,2025-07
2025-07-30,2025,R,681347,642715,CH,Changeup,strikeout,swinging_strike,R,R,SF,PIT,87.60,,,2,2,2025,2025-07
2025-07-30,2025,R,681347,642715,CH,Changeup,,foul,R,R,SF,PIT,89.60,69.30,-26,2,2,2025,2025-07
2025-07-30,2025,R,681347,642715,FF,4-Seam Fastball,,foul,R,R,SF,PIT,95.90,,,2,1,2025,2025-07
2025-07-30,2025,R,681347,642715,CH,Changeup,,ball,R,R,SF,PIT,87.60,,,1,1,2025,2025-07
2025-07-30,2025,R,681347,642715,SI,Sinker,,foul_tip,R,R,SF,PIT,94.80,,,1,0,2025,2025-07
2025-07-30,2025,R,681347,642715,CU,Curveball,,ball,R,R,SF,PIT,78.70,,,0,0,2025,2025-07
2025-07-30,2025,R,681347,646240,CH,Changeup,walk,ball,L,R,SF,PIT,87.60,,,3,1,2025,2025-07
2025-07-30,2025,R,681347,646240,SL,Slider,,ball,L,R,SF,PIT,86.10,,,2,1,2025,2025-07
2025-07-30,2025,R,681347,646240,CH,Changeup,,ball,L,R,SF,PIT,87.30,,,1,1,2025,2025-07
2025-07-30,2025,R,681347,646240,CH,Changeup,,ball,L,R,SF,PIT,88.30,,,0,1,2025,2025-07
2025-07-30,2025,R,681347,646240,CH,Changeup,,swinging_strike,L,R,SF,PIT,88.00,,,0,0,2025,2025-07
2025-07-30,2025,R,681347,646240,CH,Changeup,strikeout,swinging_strike,L,R,SF,PIT,87.90,,,3,2,2025,2025-07
2025-07-30,2025,R,681347,646240,CH,Changeup,,ball,L,R,SF,PIT,86.90,,,2,2,2025,2025-07
2025-07-30,2025,R,681347,646240,FF,4-Seam Fastball,,ball,L,R,SF,PIT,96.60,,,1,2,2025,2025-07
2025-07-30,2025,R,681347,646240,FF,4-Seam Fastball,,foul,L,R,SF,PIT,97.00,78.40,27,1,2,2025,2025-07
2025-07-30,2025,R,681347,646240,CH,Changeup,,called_strike,L,R,SF,PIT,88.30,,,1,1,2025,2025-07
2025-07-30,2025,R,681347,646240,FF,4-Seam Fastball,,ball,L,R,SF,PIT,96.30,,,0,1,2025,2025-07
2025-07-30,2025,R,681347,646240,CH,Changeup,,swinging_strike,L,R,SF,PIT,86.20,,,0,0,2025,2025-07
2025-07-30,2025,R,681347,646240,CH,Changeup,strikeout,swinging_strike,L,R,SF,PIT,88.30,,,2,2,2025,2025-07
2025-07-30,2025,R,681347,646240,FF,4-Seam Fastball,,foul,L,R,SF,PIT,96.50,71.00,35,2,1,2025,2025-07
2025-07-30,2025,R,681347,646240,FF,4-Seam Fastball,,foul,L,R,SF,PIT,95.40,105.80,21,2,0,2025,2025-07
2025-07-30,2025,R,681347,646240,FF,4-Seam Fastball,,ball,L,R,SF,PIT,96.20,,,1,0,2025,2025-07
2025-07-30,2025,R,681347,646240,CU,Curveball,,ball,L,R,SF,PIT,78.20,,,0,0,2025,2025-07
2025-07-30,2025,R,681347,656305,FF,4-Seam Fastball,strikeout,swinging_strike,R,R,SF,PIT,95.10,,,1,2,2025,2025-07
2025-07-30,2025,R,681347,656305,SL,Slider,,foul,R,R,SF,PIT,86.00,93.10,20,1,1,2025,2025-07
2025-07-30,2025,R,681347,656305,SL,Slider,,ball,R,R,SF,PIT,85.80,,,0,1,2025,2025-07
2025-07-30,2025,R,681347,656305,CU,Curveball,,called_strike,R,R,SF,PIT,78.70,,,0,0,2025,2025-07
2025-07-30,2025,R,681347,656305,CH,Changeup,strikeout,called_strike,R,R,SF,PIT,88.20,,,0,2,2025,2025-07
2025-07-30,2025,R,681347,656305,FF,4-Seam Fastball,,swinging_strike,R,R,SF,PIT,96.00,,,0,1,2025,2025-07
2025-07-30,2025,R,681347,656305,SL,Slider,,swinging_strike,R,R,SF,PIT,85.70,,,0,0,2025,2025-07
2025-07-30,2025,R,681347,656305,CH,Changeup,field_out,hit_into_play,R,R,SF,PIT,87.60,88.80,43,2,2,2025,2025-07
2025-07-30,2025,R,681347,656305,SL,Slider,,foul,R,R,SF,PIT,88.40,73.40,76,2,1,2025,2025-07
2025-07-30,2025,R,681347,656305,FF,4-Seam Fastball,,ball,R,R,SF,PIT,95.50,,,1,1,2025,2025-07
2025-07-30,2025,R,681347,656305,FF,4-Seam Fastball,,ball,R,R,SF,PIT,94.80,,,0,1,2025,2025-07
2025-07-30,2025,R,681347,656305,SI,Sinker,,called_strike,R,R,SF,PIT,94.40,,,0,0,2025,2025-07
2025-07-30,2025,R,681347,669477,SL,Slider,field_out,hit_into_play,R,R,SF,PIT,86.30,93.00,40,2,2,2025,2025-07
2025-07-30,2025,R,681347,669477,SI,Sinker,,foul,R,R,SF,PIT,94.70,,,2,2,2025,2025-07
2025-07-30,2025,R,681347,669477,FF,4-Seam Fastball,,ball,R,R,SF,PIT,95.70,,,1,2,2025,2025-07
2025-07-30,2025,R,681347,669477,FF,4-Seam Fastball,,ball,R,R,SF,PIT,93.70,,,0,2,2025,2025-07
2025-07-30,2025,R,681347,669477,CU,Curveball,,foul,R,R,SF,PIT,79.40,96.90,-20,0,1,2025,2025-07
2025-07-30,2025,R,681347,669477,SL,Slider,,called_strike,R,R,SF,PIT,85.90,,,0,0,2025,2025-07
2025-07-30,2025,R,681347,669477,CU,Curveball,strikeout,swinging_strike,R,R,SF,PIT,78.80,,,2,2,2025,2025-07
2025-07-30,2025,R,681347,669477,FF,4-Seam Fastball,,foul,R,R,SF,PIT,96.30,66.70,33,2,2,2025,2025-07
2025-07-30,2025,R,681347,669477,CH,Changeup,,ball,R,R,SF,PIT,87.70,,,1,2,2025,2025-07
2025-07-30,2025,R,681347,669477,SL,Slider,,foul,R,R,SF,PIT,86.20,60.70,50,1,2,2025,2025-07
2025-07-30,2025,R,681347,669477,SL,Slider,,ball,R,R,SF,PIT,88.10,,,0,2,2025,2025-07
2025-07-30,2025,R,681347,669477,FF,4-Seam Fastball,,foul,R,R,SF,PIT,93.40,78.80,47,0,1,2025,2025-07
2025-07-30,2025,R,681347,669477,CU,Curveball,,called_strike,R,R,SF,PIT,78.10,,,0,0,2025,2025-07
2025-07-30,2025,R,681347,671218,SL,Slider,strikeout,called_strike,R,R,SF,PIT,86.70,,,2,2,2025,2025-07
2025-07-30,2025,R,681347,671218,CH,Changeup,,ball,R,R,SF,PIT,88.80,,,1,2,2025,2025-07
2025-07-30,2025,R,681347,671218,CH,Changeup,,foul,R,R,SF,PIT,89.20,69.80,-30,1,2,2025,2025-07
2025-07-30,2025,R,681347,671218,FF,4-Seam Fastball,,ball,R,R,SF,PIT,95.90,,,0,2,2025,2025-07
2025-07-30,2025,R,681347,671218,FF,4-Seam Fastball,,foul,R,R,SF,PIT,94.50,69.80,42,0,1,2025,2025-07
2025-07-30,2025,R,681347,671218,SI,Sinker,,called_strike,R,R,SF,PIT,94.10,,,0,0,2025,2025-07
2025-07-30,2025,R,681347,671218,SL,Slider,single,hit_into_play,R,R,SF,PIT,85.50,105.60,7,1,1,2025,2025-07
2025-07-30,2025,R,681347,671218,SL,Slider,,ball,R,R,SF,PIT,86.70,,,0,1,2025,2025-07
2025-07-30,2025,R,681347,671218,CU,Curveball,,foul,R,R,SF,PIT,78.30,63.40,-43,0,0,2025,2025-07
2025-07-30,2025,R,681347,671218,SI,Sinker,field_out,hit_into_play,R,R,SF,PIT,95.90,89.20,-12,1,1,2025,2025-07
2025-07-30,2025,R,681347,671218,SI,Sinker,,ball,R,R,SF,PIT,95.90,,,0,1,2025,2025-07
2025-07-30,2025,R,681347,671218,FF,4-Seam Fastball,,called_strike,R,R,SF,PIT,95.60,,,0,0,2025,2025-07
2025-07-30,2025,R,681347,672275,CH,Changeup,field_out,hit_into_play,L,R,SF,PIT,87.20,79.40,68,0,0,2025,2025-07
2025-07-30,2025,R,681347,672275,CU,Curveball,field_out,hit_into_play,L,R,SF,PIT,78.50,92.40,-9,2,2,2025,2025-07
2025-07-30,2025,R,681347,672275,SL,Slider,,ball,L,R,SF,PIT,87.70,,,1,2,2025,2025-07
2025-07-30,2025,R,681347,672275,FF,4-Seam Fastball,,foul,L,R,SF,PIT,95.80,74.30,29,1,1,2025,2025-07
2025-07-30,2025,R,681347,672275,CU,Curveball,,called_strike,L,R,SF,PIT,77.50,,,1,0,2025,2025-07
2025-07-30,2025,R,681347,672275,CU,Curveball,,ball,L,R,SF,PIT,78.70,,,0,0,2025,2025-07
2025-07-30,2025,R,681347,808982,SL,Slider,field_out,hit_into_play,L,R,SF,PIT,86.30,89.80,17,0,2,2025,2025-07
2025-07-30,2025,R,681347,808982,CU,Curveball,,foul,L,R,SF,PIT,80.10,47.00,-17,0,1,2025,2025-07
2025-07-30,2025,R,681347,808982,CU,Curveball,,called_strike,L,R,SF,PIT,79.10,,,0,0,2025,2025-07
2025-07-30,2025,R,681347,808982,SI,Sinker,field_out,hit_into_play,L,R,SF,PIT,96.90,92.70,-4,0,2,2025,2025-07
2025-07-30,2025,R,681347,808982,CH,Changeup,,called_strike,L,R,SF,PIT,87.50,,,0,1,2025,2025-07
2025-07-30,2025,R,681347,808982,SL,Slider,,called_strike,L,R,SF,PIT,85.70,,,0,0,2025,2025-07
2025-07-30,2025,R,681517,676572,FF,4-Seam Fastball,field_out,hit_into_play,R,R,STL,MIA,95.30,106.80,38,1,0,2025,2025-07
2025-07-30,2025,R,681517,676572,CU,Curveball,,ball,R,R,STL,MIA,82.80,,,0,0,2025,2025-07
2025-07-30,2025,R,681982,608348,FF,4-Seam Fastball,field_out,hit_into_play,R,R,MIL,CHC,94.50,93.50,65,1,0,2025,2025-07
2025-07-30,2025,R,681982,608348,SI,Sinker,,ball,R,R,MIL,CHC,93.50,,,0,0,2025,2025-07
2025-07-30,2025,R,681982,621020,FF,4-Seam Fastball,strikeout,swinging_strike,R,R,MIL,CHC,93.90,,,1,2,2025,2025-07
2025-07-30,2025,R,681982,621020,ST,Sweeper,,swinging_strike,R,R,MIL,CHC,81.70,,,1,1,2025,2025-07
2025-07-30,2025,R,681982,621020,ST,Sweeper,,ball,R,R,MIL,CHC,82.30,,,0,1,2025,2025-07
2025-07-30,2025,R,681982,621020,ST,Sweeper,,swinging_strike,R,R,MIL,CHC,82.20,,,0,0,2025,2025-07
2025-07-30,2025,R,681982,663538,ST,Sweeper,field_out,hit_into_play,R,R,MIL,CHC,82.90,86.80,8,0,2,2025,2025-07
2025-07-30,2025,R,681982,663538,FF,4-Seam Fastball,,foul,R,R,MIL,CHC,95.20,86.90,19,0,1,2025,2025-07
2025-07-30,2025,R,681982,663538,FF,4-Seam Fastball,,called_strike,R,R,MIL,CHC,94.40,,,0,0,2025,2025-07
2025-07-30,2025,R,681982,664023,FF,4-Seam Fastball,strikeout,swinging_strike,L,R,MIL,CHC,94.40,,,1,2,2025,2025-07
2025-07-30,2025,R,681982,664023,FF,4-Seam Fastball,,ball,L,R,MIL,CHC,93.80,,,0,2,2025,2025-07
2025-07-30,2025,R,681982,664023,ST,Sweeper,,called_strike,L,R,MIL,CHC,81.30,,,0,1,2025,2025-07
2025-07-30,2025,R,681982,664023,FF,4-Seam Fastball,,called_strike,L,R,MIL,CHC,93.00,,,0,0,2025,2025-07
2025-07-30,2025,R,681982,807713,ST,Sweeper,strikeout,foul_tip,R,R,MIL,CHC,82.90,,,1,2,2025,2025-07
2025-07-30,2025,R,681982,807713,ST,Sweeper,,foul_tip,R,R,MIL,CHC,81.90,,,1,1,2025,2025-07
2025-07-30,2025,R,681982,807713,SI,Sinker,,ball,R,R,MIL,CHC,93.70,,,0,1,2025,2025-07
2025-07-30,2025,R,681982,807713,ST,Sweeper,,called_strike,R,R,MIL,CHC,83.20,,,0,0,2025,2025-07
2025-07-30,2025,R,682825,500743,SI,Sinker,field_out,hit_into_play,R,R,CIN,LAD,99.20,88.90,21,0,0,2025,2025-07
2025-07-30,2025,R,682825,605141,SI,Sinker,field_out,hit_into_play,R,R,CIN,LAD,99.20,84.40,56,0,0,2025,2025-07
2025-07-30,2025,R,682825,624424,SI,Sinker,single,hit_into_play,L,R,CIN,LAD,99.30,107.90,2,1,1,2025,2025-07
2025-07-30,2025,R,682825,624424,SI,Sinker,,called_strike,L,R,CIN,LAD,98.60,,,1,0,2025,2025-07
2025-07-30,2025,R,682825,624424,SI,Sinker,,ball,L,R,CIN,LAD,99.50,,,0,0,2025,2025-07
2025-07-30,2025,R,682825,681624,SL,Slider,field_out,hit_into_play,R,R,CIN,LAD,89.00,87.10,85,1,1,2025,2025-07
2025-07-30,2025,R,682825,681624,SI,Sinker,,ball,R,R,CIN,LAD,101.20,,,0,1,2025,2025-07
2025-07-30,2025,R,682825,681624,SI,Sinker,,called_strike,R,R,CIN,LAD,99.70,,,0,0,2025,2025-07
2025-07-30,2025,R,682825,690976,SI,Sinker,walk,ball,L,R,CIN,LAD,98.90,,,3,0,2025,2025-07
2025-07-30,2025,R,682825,690976,SI,Sinker,,ball,L,R,CIN,LAD,100.00,,,2,0,2025,2025-07
2025-07-30,2025,R,682825,690976,SI,Sinker,,ball,L,R,CIN,LAD,97.60,,,1,0,2025,2025-07
2025-07-30,2025,R,682825,690976,SI,Sinker,,blocked_ball,L,R,CIN,LAD,100.90,,,0,0,2025,2025-07
2025-07-30,2025,R,683769,543592,SL,Slider,field_out,hit_into_play,R,R,CLE,COL,87.00,98.30,3,0,0,2025,2025-07
2025-07-30,2025,R,683769,606115,FF,4-Seam Fastball,strikeout,foul_tip,R,R,CLE,COL,95.70,,,3,2,2025,2025-07
2025-07-30,2025,R,683769,606115,FF,4-Seam Fastball,,ball,R,R,CLE,COL,96.90,,,2,2,2025,2025-07
2025-07-30,2025,R,683769,606115,SL,Slider,,ball,R,R,CLE,COL,89.40,,,1,2,2025,2025-07
2025-07-30,2025,R,683769,606115,SL,Slider,,called_strike,R,R,CLE,COL,85.30,,,1,1,2025,2025-07
2025-07-30,2025,R,683769,606115,SL,Slider,,ball,R,R,CLE,COL,88.00,,,0,1,2025,2025-07
2025-07-30,2025,R,683769,606115,SL,Slider,,swinging_strike,R,R,CLE,COL,88.10,,,0,0,2025,2025-07
2025-07-30,2025,R,683769,666160,FF,4-Seam Fastball,strikeout,swinging_strike,L,R,CLE,COL,94.80,,,0,2,2025,2025-07
2025-07-30,2025,R,683769,666160,FF,4-Seam Fastball,,foul,L,R,CLE,COL,95.20,108.20,20,0,2,2025,2025-07
2025-07-30,2025,R,683769,666160,SL,Slider,,foul,L,R,CLE,COL,86.80,82.90,-22,0,2,2025,2025-07
2025-07-30,2025,R,683769,666160,FF,4-Seam Fastball,,foul,L,R,CLE,COL,95.20,79.30,58,0,1,2025,2025-07
2025-07-30,2025,R,683769,666160,SL,Slider,,called_strike,L,R,CLE,COL,87.90,,,0,0,2025,2025-07
2025-07-30,2025,R,684007,592885,FF,4-Seam Fastball,field_out,hit_into_play,L,L,MIL,CHC,90.70,90.00,-7,0,2,2025,2025-07
2025-07-30,2025,R,684007,592885,FS,Split-Finger,,foul,L,L,MIL,CHC,83.80,77.60,50,0,2,2025,2025-07
2025-07-30,2025,R,684007,592885,ST,Sweeper,,called_strike,L,L,MIL,CHC,80.50,,,0,1,2025,2025-07
2025-07-30,2025,R,684007,592885,FF,4-Seam Fastball,,called_strike,L,L,MIL,CHC,90.50,,,0,0,2025,2025-07
2025-07-30,2025,R,684007,592885,FF,4-Seam Fastball,strikeout,swinging_strike,L,L,MIL,CHC,90.70,,,2,2,2025,2025-07
2025-07-30,2025,R,684007,592885,FS,Split-Finger,,foul,L,L,MIL,CHC,83.60,76.80,34,2,2,2025,2025-07
2025-07-30,2025,R,684007,592885,FF,4-Seam Fastball,,foul,L,L,MIL,CHC,91.30,74.60,54,2,2,2025,2025-07
2025-07-30,2025,R,684007,592885,ST,Sweeper,,ball,L,L,MIL,CHC,82.50,,,1,2,2025,2025-07
2025-07-30,2025,R,684007,592885,FS,Split-Finger,,foul,L,L,MIL,CHC,83.50,86.50,-30,1,2,2025,2025-07
2025-07-30,2025,R,684007,592885,ST,Sweeper,,ball,L,L,MIL,CHC,81.60,,,0,2,2025,2025-07
2025-07-30,2025,R,684007,592885,ST,Sweeper,,swinging_strike,L,L,MIL,CHC,81.00,,,0,1,2025,2025-07
2025-07-30,2025,R,684007,592885,ST,Sweeper,,swinging_strike,L,L,MIL,CHC,79.50,,,0,0,2025,2025-07
2025-07-30,2025,R,684007,661388,FF,4-Seam Fastball,home_run,hit_into_play,R,L,MIL,CHC,90.20,103.00,25,0,1,2025,2025-07
2025-07-30,2025,R,684007,661388,ST,Sweeper,,called_strike,R,L,MIL,CHC,80.70,,,0,0,2025,2025-07
2025-07-30,2025,R,684007,661388,FS,Split-Finger,home_run,hit_into_play,R,L,MIL,CHC,82.70,105.10,24,1,2,2025,2025-07
2025-07-30,2025,R,684007,661388,FF,4-Seam Fastball,,foul,R,L,MIL,CHC,90.60,76.20,17,1,2,2025,2025-07
2025-07-30,2025,R,684007,661388,FF,4-Seam Fastball,,swinging_strike,R,L,MIL,CHC,91.30,,,1,1,2025,2025-07
2025-07-30,2025,R,684007,661388,FF,4-Seam Fastball,,called_strike,R,L,MIL,CHC,89.90,,,1,0,2025,2025-07
2025-07-30,2025,R,684007,661388,ST,Sweeper,,ball,R,L,MIL,CHC,80.60,,,0,0,2025,2025-07
2025-07-30,2025,R,684007,663368,FS,Split-Finger,double,hit_into_play,R,L,MIL,CHC,83.30,79.30,-13,0,0,2025,2025-07
2025-07-30,2025,R,684007,663368,FS,Split-Finger,strikeout,foul_tip,R,L,MIL,CHC,84.30,,,2,2,2025,2025-07
2025-07-30,2025,R,684007,663368,FF,4-Seam Fastball,,ball,R,L,MIL,CHC,90.70,,,1,2,2025,2025-07
2025-07-30,2025,R,684007,663368,FF,4-Seam Fastball,,called_strike,R,L,MIL,CHC,90.90,,,1,1,2025,2025-07
2025-07-30,2025,R,684007,663368,FF,4-Seam Fastball,,ball,R,L,MIL,CHC,90.40,,,0,1,2025,2025-07
2025-07-30,2025,R,684007,663368,ST,Sweeper,,called_strike,R,L,MIL,CHC,80.50,,,0,0,2025,2025-07
2025-07-30,2025,R,684007,668930,FF,4-Seam Fastball,strikeout,called_strike,L,L,MIL,CHC,91.50,,,2,2,2025,2025-07
2025-07-30,2025,R,684007,668930,FF,4-Seam Fastball,,ball,L,L,MIL,CHC,90.80,,,1,2,2025,2025-07
2025-07-30,2025,R,684007,668930,ST,Sweeper,,foul,L,L,MIL,CHC,81.50,,,1,2,2025,2025-07
2025-07-30,2025,R,684007,668930,ST,Sweeper,,ball,L,L,MIL,CHC,81.30,,,0,2,2025,2025-07
2025-07-30,2025,R,684007,668930,ST,Sweeper,,swinging_strike,L,L,MIL,CHC,80.50,,,0,1,2025,2025-07
2025-07-30,2025,R,684007,668930,FF,4-Seam Fastball,,called_strike,L,L,MIL,CHC,89.50,,,0,0,2025,2025-07
2025-07-30,2025,R,684007,668930,FF,4-Seam Fastball,field_out,hit_into_play,L,L,MIL,CHC,90.00,26.20,41,0,0,2025,2025-07
2025-07-30,2025,R,684007,683734,FS,Split-Finger,strikeout,swinging_strike_blocked,R,L,MIL,CHC,82.70,,,1,2,2025,2025-07
2025-07-30,2025,R,684007,683734,FF,4-Seam Fastball,,foul,R,L,MIL,CHC,90.70,,,1,1,2025,2025-07
2025-07-30,2025,R,684007,683734,ST,Sweeper,,ball,R,L,MIL,CHC,80.20,,,0,1,2025,2025-07
2025-07-30,2025,R,684007,683734,ST,Sweeper,,called_strike,R,L,MIL,CHC,79.10,,,0,0,2025,2025-07
2025-07-30,2025,R,684007,683734,FS,Split-Finger,single,hit_into_play,R,L,MIL,CHC,82.80,98.40,12,2,2,2025,2025-07
2025-07-30,2025,R,684007,683734,FF,4-Seam Fastball,,foul,R,L,MIL,CHC,90.80,73.00,22,2,2,2025,2025-07
2025-07-30,2025,R,684007,683734,FF,4-Seam Fastball,,ball,R,L,MIL,CHC,90.60,,,1,2,2025,2025-07
2025-07-30,2025,R,684007,683734,FS,Split-Finger,,called_strike,R,L,MIL,CHC,82.60,,,1,1,2025,2025-07
2025-07-30,2025,R,684007,683734,FS,Split-Finger,,foul,R,L,MIL,CHC,83.10,91.40,30,1,0,2025,2025-07
2025-07-30,2025,R,684007,683734,ST,Sweeper,,ball,R,L,MIL,CHC,79.40,,,0,0,2025,2025-07
2025-07-30,2025,R,684007,686217,FF,4-Seam Fastball,sac_fly,hit_into_play,L,L,MIL,CHC,91.50,90.10,27,0,1,2025,2025-07
2025-07-30,2025,R,684007,686217,ST,Sweeper,,swinging_strike,L,L,MIL,CHC,80.50,,,0,0,2025,2025-07
2025-07-30,2025,R,684007,686217,FF,4-Seam Fastball,field_out,hit_into_play,L,L,MIL,CHC,90.90,86.10,28,1,2,2025,2025-07
2025-07-30,2025,R,684007,686217,ST,Sweeper,,foul,L,L,MIL,CHC,82.70,61.80,21,1,2,2025,2025-07
2025-07-30,2025,R,684007,686217,FS,Split-Finger,,foul,L,L,MIL,CHC,84.50,66.60,0,1,2,2025,2025-07
2025-07-30,2025,R,684007,686217,ST,Sweeper,,foul,L,L,MIL,CHC,81.60,82.60,35,1,1,2025,2025-07
2025-07-30,2025,R,684007,686217,FF,4-Seam Fastball,,ball,L,L,MIL,CHC,91.20,,,0,1,2025,2025-07
2025-07-30,2025,R,684007,686217,FF,4-Seam Fastball,,foul,L,L,MIL,CHC,90.50,,,0,0,2025,2025-07
2025-07-30,2025,R,684007,686217,FF,4-Seam Fastball,strikeout,called_strike,L,L,MIL,CHC,91.30,,,2,2,2025,2025-07
2025-07-30,2025,R,684007,686217,ST,Sweeper,,ball,L,L,MIL,CHC,82.30,,,1,2,2025,2025-07
2025-07-30,2025,R,684007,686217,FF,4-Seam Fastball,,foul,L,L,MIL,CHC,90.90,61.40,54,1,1,2025,2025-07
2025-07-30,2025,R,684007,686217,FF,4-Seam Fastball,,foul,L,L,MIL,CHC,90.30,,,1,0,2025,2025-07
2025-07-30,2025,R,684007,686217,FF,4-Seam Fastball,,ball,L,L,MIL,CHC,90.10,,,0,0,2025,2025-07
2025-07-30,2025,R,684007,686555,FF,4-Seam Fastball,strikeout,swinging_strike,R,L,MIL,CHC,91.20,,,2,2,2025,2025-07
2025-07-30,2025,R,684007,686555,FS,Split-Finger,,foul,R,L,MIL,CHC,83.90,47.10,42,2,2,2025,2025-07
2025-07-30,2025,R,684007,686555,FF,4-Seam Fastball,,foul,R,L,MIL,CHC,91.30,67.30,56,2,1,2025,2025-07
2025-07-30,2025,R,684007,686555,FF,4-Seam Fastball,,swinging_strike,R,L,MIL,CHC,90.00,,,2,0,2025,2025-07
2025-07-30,2025,R,684007,686555,FS,Split-Finger,,ball,R,L,MIL,CHC,82.20,,,1,0,2025,2025-07
2025-07-30,2025,R,684007,686555,FS,Split-Finger,,ball,R,L,MIL,CHC,82.80,,,0,0,2025,2025-07
2025-07-30,2025,R,684007,686555,FF,4-Seam Fastball,strikeout,swinging_strike,R,L,MIL,CHC,91.30,,,1,2,2025,2025-07
2025-07-30,2025,R,684007,686555,FF,4-Seam Fastball,,ball,R,L,MIL,CHC,91.40,,,0,2,2025,2025-07
2025-07-30,2025,R,684007,686555,FF,4-Seam Fastball,,swinging_strike,R,L,MIL,CHC,91.30,,,0,1,2025,2025-07
2025-07-30,2025,R,684007,686555,ST,Sweeper,,called_strike,R,L,MIL,CHC,79.90,,,0,0,2025,2025-07
2025-07-30,2025,R,684007,686555,FS,Split-Finger,strikeout,swinging_strike,R,L,MIL,CHC,83.10,,,2,2,2025,2025-07
2025-07-30,2025,R,684007,686555,FS,Split-Finger,,ball,R,L,MIL,CHC,83.00,,,1,2,2025,2025-07
2025-07-30,2025,R,684007,686555,FF,4-Seam Fastball,,foul,R,L,MIL,CHC,90.90,72.80,73,1,2,2025,2025-07
2025-07-30,2025,R,684007,686555,FF,4-Seam Fastball,,ball,R,L,MIL,CHC,90.40,,,0,2,2025,2025-07
2025-07-30,2025,R,684007,686555,FS,Split-Finger,,foul,R,L,MIL,CHC,82.70,55.10,7,0,1,2025,2025-07
2025-07-30,2025,R,684007,686555,FF,4-Seam Fastball,,foul,R,L,MIL,CHC,90.00,,,0,0,2025,2025-07
2025-07-30,2025,R,684007,687401,FS,Split-Finger,single,hit_into_play,R,L,MIL,CHC,84.10,93.20,6,1,2,2025,2025-07
2025-07-30,2025,R,684007,687401,FS,Split-Finger,,foul,R,L,MIL,CHC,84.10,61.10,39,1,2,2025,2025-07
2025-07-30,2025,R,684007,687401,FF,4-Seam Fastball,,foul,R,L,MIL,CHC,90.90,73.40,14,1,2,2025,2025-07
2025-07-30,2025,R,684007,687401,FF,4-Seam Fastball,,called_strike,R,L,MIL,CHC,90.90,,,1,1,2025,2025-07
2025-07-30,2025,R,684007,687401,FS,Split-Finger,,ball,R,L,MIL,CHC,82.70,,,0,1,2025,2025-07
2025-07-30,2025,R,684007,687401,ST,Sweeper,,foul_bunt,R,L,MIL,CHC,78.30,,,0,0,2025,2025-07
2025-07-30,2025,R,684007,687401,FS,Split-Finger,field_out,hit_into_play,R,L,MIL,CHC,83.80,73.10,2,1,1,2025,2025-07
2025-07-30,2025,R,684007,687401,FF,4-Seam Fastball,,called_strike,R,L,MIL,CHC,90.20,,,1,0,2025,2025-07
2025-07-30,2025,R,684007,687401,FF,4-Seam Fastball,,ball,R,L,MIL,CHC,90.30,,,0,0,2025,2025-07
2025-07-30,2025,R,684007,702332,FF,4-Seam Fastball,field_out,hit_into_play,R,L,MIL,CHC,91.60,86.50,50,3,2,2025,2025-07
2025-07-30,2025,R,684007,702332,FS,Split-Finger,,ball,R,L,MIL,CHC,83.20,,,2,2,2025,2025-07
2025-07-30,2025,R,684007,702332,FF,4-Seam Fastball,,ball,R,L,MIL,CHC,90.90,,,1,2,2025,2025-07
2025-07-30,2025,R,684007,702332,FF,4-Seam Fastball,,foul,R,L,MIL,CHC,90.50,68.50,36,1,1,2025,2025-07
2025-07-30,2025,R,684007,702332,FS,Split-Finger,,ball,R,L,MIL,CHC,83.90,,,0,1,2025,2025-07
2025-07-30,2025,R,684007,702332,ST,Sweeper,,called_strike,R,L,MIL,CHC,79.00,,,0,0,2025,2025-07
2025-07-30,2025,R,684007,702332,FF,4-Seam Fastball,field_out,hit_into_play,R,L,MIL,CHC,90.20,76.90,60,1,1,2025,2025-07
2025-07-30,2025,R,684007,702332,FF,4-Seam Fastball,,ball,R,L,MIL,CHC,90.40,,,0,1,2025,2025-07
2025-07-30,2025,R,684007,702332,FS,Split-Finger,,foul,R,L,MIL,CHC,82.80,65.80,44,0,0,2025,2025-07
2025-07-30,2025,R,684320,656577,SL,Slider,field_out,hit_into_play,R,R,BAL,TOR,85.90,77.00,74,2,1,2025,2025-07
2025-07-30,2025,R,684320,656577,FF,4-Seam Fastball,,swinging_strike,R,R,BAL,TOR,94.40,,,2,0,2025,2025-07
2025-07-30,2025,R,684320,656577,SL,Slider,,ball,R,R,BAL,TOR,85.40,,,1,0,2025,2025-07
2025-07-30,2025,R,684320,656577,FF,4-Seam Fastball,,ball,R,R,BAL,TOR,95.90,,,0,0,2025,2025-07
2025-07-30,2025,R,684320,656811,FS,Split-Finger,walk,ball,L,R,BAL,TOR,88.80,,,3,0,2025,2025-07
2025-07-30,2025,R,684320,656811,SL,Slider,,ball,L,R,BAL,TOR,84.90,,,2,0,2025,2025-07
2025-07-30,2025,R,684320,656811,FS,Split-Finger,,ball,L,R,BAL,TOR,88.50,,,1,0,2025,2025-07
2025-07-30,2025,R,684320,656811,FS,Split-Finger,,ball,L,R,BAL,TOR,90.80,,,0,0,2025,2025-07
2025-07-30,2025,R,684320,668939,SL,Slider,field_error,hit_into_play,L,R,BAL,TOR,85.90,85.10,-4,2,1,2025,2025-07
2025-07-30,2025,R,684320,668939,FS,Split-Finger,,ball,L,R,BAL,TOR,89.70,,,1,1,2025,2025-07
2025-07-30,2025,R,684320,668939,FF,4-Seam Fastball,,called_strike,L,R,BAL,TOR,94.90,,,1,0,2025,2025-07
2025-07-30,2025,R,684320,668939,SL,Slider,,ball,L,R,BAL,TOR,84.20,,,0,0,2025,2025-07
2025-07-30,2025,R,684320,676059,SL,Slider,single,hit_into_play,R,R,BAL,TOR,86.30,72.10,30,0,2,2025,2025-07
2025-07-30,2025,R,684320,676059,SL,Slider,,foul,R,R,BAL,TOR,86.10,,,0,1,2025,2025-07
2025-07-30,2025,R,684320,676059,SL,Slider,,foul,R,R,BAL,TOR,85.40,77.20,70,0,0,2025,2025-07
2025-07-30,2025,R,684320,681297,FF,4-Seam Fastball,walk,ball,L,R,BAL,TOR,95.30,,,3,0,2025,2025-07
2025-07-30,2025,R,684320,681297,FF,4-Seam Fastball,,ball,L,R,BAL,TOR,96.30,,,2,0,2025,2025-07
2025-07-30,2025,R,684320,681297,SL,Slider,,ball,L,R,BAL,TOR,85.10,,,1,0,2025,2025-07
2025-07-30,2025,R,684320,681297,SL,Slider,,ball,L,R,BAL,TOR,87.10,,,0,0,2025,2025-07
2025-07-30,2025,R,684320,683002,FF,4-Seam Fastball,single,hit_into_play,L,R,BAL,TOR,96.40,81.60,17,1,0,2025,2025-07
2025-07-30,2025,R,684320,683002,SL,Slider,,blocked_ball,L,R,BAL,TOR,86.10,,,0,0,2025,2025-07
2025-07-30,2025,R,684320,702616,FF,4-Seam Fastball,single,hit_into_play,L,R,BAL,TOR,94.40,95.00,-1,1,1,2025,2025-07
2025-07-30,2025,R,684320,702616,FF,4-Seam Fastball,,foul,L,R,BAL,TOR,93.90,55.50,-41,1,0,2025,2025-07
2025-07-30,2025,R,684320,702616,FF,4-Seam Fastball,,ball,L,R,BAL,TOR,96.80,,,0,0,2025,2025-07
2025-07-30,2025,R,685126,547180,FF,4-Seam Fastball,field_out,hit_into_play,L,L,CWS,PHI,90.20,103.00,29,0,1,2025,2025-07
2025-07-30,2025,R,685126,547180,FF,4-Seam Fastball,,foul,L,L,CWS,PHI,90.00,77.90,12,0,0,2025,2025-07
2025-07-30,2025,R,685126,656941,SL,Slider,strikeout,called_strike,L,L,CWS,PHI,83.80,,,2,2,2025,2025-07
2025-07-30,2025,R,685126,656941,SL,Slider,,foul,L,L,CWS,PHI,83.40,,,2,2,2025,2025-07
2025-07-30,2025,R,685126,656941,FF,4-Seam Fastball,,ball,L,L,CWS,PHI,88.90,,,1,2,2025,2025-07
2025-07-30,2025,R,685126,656941,CH,Changeup,,swinging_strike,L,L,CWS,PHI,82.10,,,1,1,2025,2025-07
2025-07-30,2025,R,685126,656941,SL,Slider,,foul,L,L,CWS,PHI,83.80,67.10,28,1,0,2025,2025-07
2025-07-30,2025,R,685126,656941,SL,Slider,,ball,L,L,CWS,PHI,84.50,,,0,0,2025,2025-07
2025-07-30,2025,R,685314,595879,CU,Curveball,strikeout,swinging_strike,R,L,DET,AZ,79.30,,,0,2,2025,2025-07
2025-07-30,2025,R,685314,595879,CU,Curveball,,swinging_strike,R,L,DET,AZ,79.30,,,0,1,2025,2025-07
2025-07-30,2025,R,685314,595879,CU,Curveball,,called_strike,R,L,DET,AZ,78.40,,,0,0,2025,2025-07
2025-07-30,2025,R,685314,628451,SI,Sinker,field_out,hit_into_play,R,L,DET,AZ,88.70,99.80,21,0,0,2025,2025-07
2025-07-30,2025,R,685314,656716,SI,Sinker,strikeout,swinging_strike,L,L,DET,AZ,88.30,,,3,2,2025,2025-07
2025-07-30,2025,R,685314,656716,SI,Sinker,,foul,L,L,DET,AZ,89.50,70.60,28,3,2,2025,2025-07
2025-07-30,2025,R,685314,656716,SI,Sinker,,foul,L,L,DET,AZ,88.60,65.60,50,3,2,2025,2025-07
2025-07-30,2025,R,685314,656716,CU,Curveball,,ball,L,L,DET,AZ,79.00,,,2,2,2025,2025-07
2025-07-30,2025,R,685314,656716,CU,Curveball,,ball,L,L,DET,AZ,79.80,,,1,2,2025,2025-07
2025-07-30,2025,R,685314,656716,CU,Curveball,,blocked_ball,L,L,DET,AZ,81.20,,,0,2,2025,2025-07
2025-07-30,2025,R,685314,656716,SI,Sinker,,foul,L,L,DET,AZ,89.50,78.20,-39,0,2,2025,2025-07
2025-07-30,2025,R,685314,656716,CU,Curveball,,called_strike,L,L,DET,AZ,80.20,,,0,1,2025,2025-07
2025-07-30,2025,R,685314,656716,SI,Sinker,,called_strike,L,L,DET,AZ,89.30,,,0,0,2025,2025-07
2025-07-30,2025,R,685314,668670,SI,Sinker,field_out,hit_into_play,R,L,DET,AZ,90.40,100.40,2,0,1,2025,2025-07
2025-07-30,2025,R,685314,668670,SI,Sinker,,foul,R,L,DET,AZ,88.90,,,0,0,2025,2025-07
2025-07-30,2025,R,685314,672761,SI,Sinker,field_out,hit_into_play,R,L,DET,AZ,90.20,88.70,64,0,0,2025,2025-07
2025-07-30,2025,R,685314,679529,SI,Sinker,force_out,hit_into_play,R,L,DET,AZ,89.90,92.20,-14,2,2,2025,2025-07
2025-07-30,2025,R,685314,679529,CU,Curveball,,blocked_ball,R,L,DET,AZ,80.50,,,1,2,2025,2025-07
2025-07-30,2025,R,685314,679529,CU,Curveball,,called_strike,R,L,DET,AZ,81.20,,,1,1,2025,2025-07
2025-07-30,2025,R,685314,679529,SI,Sinker,,foul,R,L,DET,AZ,88.60,,,1,0,2025,2025-07
2025-07-30,2025,R,685314,679529,CU,Curveball,,ball,R,L,DET,AZ,79.20,,,0,0,2025,2025-07
2025-07-30,2025,R,685314,681481,SI,Sinker,walk,ball,L,L,DET,AZ,88.20,,,3,0,2025,2025-07
2025-07-30,2025,R,685314,681481,SI,Sinker,,ball,L,L,DET,AZ,88.50,,,2,0,2025,2025-07
2025-07-30,2025,R,685314,681481,CU,Curveball,,ball,L,L,DET,AZ,79.80,,,1,0,2025,2025-07
2025-07-30,2025,R,685314,681481,CU,Curveball,,ball,L,L,DET,AZ,79.40,,,0,0,2025,2025-07
2025-07-30,2025,R,685314,682985,SI,Sinker,single,hit_into_play,L,L,DET,AZ,89.10,76.90,1,0,0,2025,2025-07
2025-07-30,2025,R,686218,663886,FF,4-Seam Fastball,walk,ball,R,R,CIN,LAD,95.30,,,3,1,2025,2025-07
2025-07-30,2025,R,686218,663886,SL,Slider,,ball,R,R,CIN,LAD,86.80,,,2,1,2025,2025-07
2025-07-30,2025,R,686218,663886,SL,Slider,,ball,R,R,CIN,LAD,87.50,,,1,1,2025,2025-07
2025-07-30,2025,R,686218,663886,SL,Slider,,ball,R,R,CIN,LAD,87.40,,,0,1,2025,2025-07
2025-07-30,2025,R,686218,663886,FF,4-Seam Fastball,,foul,R,R,CIN,LAD,94.40,106.00,16,0,0,2025,2025-07
2025-07-30,2025,R,686218,663886,FF,4-Seam Fastball,walk,ball,R,R,CIN,LAD,95.80,,,3,2,2025,2025-07
2025-07-30,2025,R,686218,663886,FF,4-Seam Fastball,,foul,R,R,CIN,LAD,95.90,88.10,64,3,1,2025,2025-07
2025-07-30,2025,R,686218,663886,SL,Slider,,ball,R,R,CIN,LAD,88.30,,,2,1,2025,2025-07
2025-07-30,2025,R,686218,663886,FF,4-Seam Fastball,,ball,R,R,CIN,LAD,95.60,,,1,1,2025,2025-07
2025-07-30,2025,R,686218,663886,FF,4-Seam Fastball,,swinging_strike,R,R,CIN,LAD,96.50,,,1,0,2025,2025-07
2025-07-30,2025,R,686218,663886,FF,4-Seam Fastball,,ball,R,R,CIN,LAD,96.70,,,0,0,2025,2025-07
2025-07-30,2025,R,686218,666158,FF,4-Seam Fastball,field_out,hit_into_play,L,R,CIN,LAD,96.50,66.40,90,0,1,2025,2025-07
2025-07-30,2025,R,686218,666158,CH,Changeup,,called_strike,L,R,CIN,LAD,87.30,,,0,0,2025,2025-07
2025-07-30,2025,R,686218,666181,FF,4-Seam Fastball,field_out,hit_into_play,L,R,CIN,LAD,95.20,95.20,43,0,0,2025,2025-07
2025-07-30,2025,R,686218,668715,FF,4-Seam Fastball,triple,hit_into_play,R,R,CIN,LAD,95.50,104.70,26,3,2,2025,2025-07
2025-07-30,2025,R,686218,668715,CH,Changeup,,foul,R,R,CIN,LAD,85.60,84.80,74,3,2,2025,2025-07
2025-07-30,2025,R,686218,668715,FF,4-Seam Fastball,,foul,R,R,CIN,LAD,95.60,,,3,2,2025,2025-07
2025-07-30,2025,R,686218,668715,FF,4-Seam Fastball,,foul,R,R,CIN,LAD,95.70,98.90,54,3,2,2025,2025-07
2025-07-30,2025,R,686218,668715,FF,4-Seam Fastball,,foul,R,R,CIN,LAD,95.70,78.60,62,3,2,2025,2025-07
2025-07-30,2025,R,686218,668715,CH,Changeup,,blocked_ball,R,R,CIN,LAD,86.90,,,2,2,2025,2025-07
2025-07-30,2025,R,686218,668715,FF,4-Seam Fastball,,foul,R,R,CIN,LAD,95.50,,,2,2,2025,2025-07
2025-07-30,2025,R,686218,668715,FF,4-Seam Fastball,,swinging_strike,R,R,CIN,LAD,95.00,,,2,1,2025,2025-07
2025-07-30,2025,R,686218,668715,FF,4-Seam Fastball,,ball,R,R,CIN,LAD,94.80,,,1,1,2025,2025-07
2025-07-30,2025,R,686218,668715,FF,4-Seam Fastball,,ball,R,R,CIN,LAD,95.30,,,0,1,2025,2025-07
2025-07-30,2025,R,686218,668715,FF,4-Seam Fastball,,foul,R,R,CIN,LAD,95.30,81.80,46,0,0,2025,2025-07
2025-07-30,2025,R,686218,668715,FF,4-Seam Fastball,strikeout,swinging_strike,R,R,CIN,LAD,96.30,,,1,2,2025,2025-07
2025-07-30,2025,R,686218,668715,CH,Changeup,,foul,R,R,CIN,LAD,85.50,70.50,39,1,1,2025,2025-07
2025-07-30,2025,R,686218,668715,FF,4-Seam Fastball,,ball,R,R,CIN,LAD,95.60,,,0,1,2025,2025-07
2025-07-30,2025,R,686218,668715,FF,4-Seam Fastball,,swinging_strike,R,R,CIN,LAD,93.60,,,0,0,2025,2025-07
2025-07-30,2025,R,686218,669289,FF,4-Seam Fastball,strikeout,foul_tip,R,R,CIN,LAD,96.40,,,1,2,2025,2025-07
2025-07-30,2025,R,686218,669289,SL,Slider,,foul,R,R,CIN,LAD,87.30,,,1,1,2025,2025-07
2025-07-30,2025,R,686218,669289,FF,4-Seam Fastball,,called_strike,R,R,CIN,LAD,95.70,,,1,0,2025,2025-07
2025-07-30,2025,R,686218,669289,FF,4-Seam Fastball,,ball,R,R,CIN,LAD,94.90,,,0,0,2025,2025-07
2025-07-30,2025,R,686218,669720,SL,Slider,walk,ball,R,R,CIN,LAD,87.20,,,3,2,2025,2025-07
2025-07-30,2025,R,686218,669720,CH,Changeup,,ball,R,R,CIN,LAD,86.30,,,2,2,2025,2025-07
2025-07-30,2025,R,686218,669720,FF,4-Seam Fastball,,foul,R,R,CIN,LAD,94.90,80.60,15,2,1,2025,2025-07
2025-07-30,2025,R,686218,669720,FF,4-Seam Fastball,,ball,R,R,CIN,LAD,95.90,,,1,1,2025,2025-07
2025-07-30,2025,R,686218,669720,SL,Slider,,swinging_strike,R,R,CIN,LAD,87.20,,,1,0,2025,2025-07
2025-07-30,2025,R,686218,669720,SL,Slider,,ball,R,R,CIN,LAD,87.00,,,0,0,2025,2025-07
2025-07-30,2025,R,686218,669720,CH,Changeup,strikeout,swinging_strike,R,R,CIN,LAD,87.70,,,1,2,2025,2025-07
2025-07-30,2025,R,686218,669720,SL,Slider,,ball,R,R,CIN,LAD,88.90,,,0,2,2025,2025-07
2025-07-30,2025,R,686218,669720,FF,4-Seam Fastball,,swinging_strike,R,R,CIN,LAD,96.80,,,0,1,2025,2025-07
2025-07-30,2025,R,686218,669720,SL,Slider,,swinging_strike,R,R,CIN,LAD,88.20,,,0,0,2025,2025-07
2025-07-30,2025,R,686218,680574,SL,Slider,strikeout,foul_tip,R,R,CIN,LAD,89.00,,,3,2,2025,2025-07
2025-07-30,2025,R,686218,680574,FF,4-Seam Fastball,,ball,R,R,CIN,LAD,96.50,,,2,2,2025,2025-07
2025-07-30,2025,R,686218,680574,SL,Slider,,ball,R,R,CIN,LAD,89.10,,,1,2,2025,2025-07
2025-07-30,2025,R,686218,680574,FF,4-Seam Fastball,,called_strike,R,R,CIN,LAD,95.80,,,1,1,2025,2025-07
2025-07-30,2025,R,686218,680574,FF,4-Seam Fastball,,ball,R,R,CIN,LAD,96.70,,,0,1,2025,2025-07
2025-07-30,2025,R,686218,680574,CU,Curveball,,called_strike,R,R,CIN,LAD,77.90,,,0,0,2025,2025-07
2025-07-30,2025,R,686218,680574,SL,Slider,strikeout,swinging_strike,R,R,CIN,LAD,88.70,,,2,2,2025,2025-07
2025-07-30,2025,R,686218,680574,SL,Slider,,foul,R,R,CIN,LAD,88.30,71.60,61,2,2,2025,2025-07
2025-07-30,2025,R,686218,680574,FF,4-Seam Fastball,,ball,R,R,CIN,LAD,97.00,,,1,2,2025,2025-07
2025-07-30,2025,R,686218,680574,SL,Slider,,foul,R,R,CIN,LAD,89.10,84.90,61,1,1,2025,2025-07
2025-07-30,2025,R,686218,680574,SL,Slider,,swinging_strike,R,R,CIN,LAD,86.70,,,1,0,2025,2025-07
2025-07-30,2025,R,686218,680574,FF,4-Seam Fastball,,ball,R,R,CIN,LAD,96.00,,,0,0,2025,2025-07
2025-07-30,2025,R,686218,682622,FF,4-Seam Fastball,field_out,hit_into_play,R,R,CIN,LAD,94.00,92.40,82,0,1,2025,2025-07
2025-07-30,2025,R,686218,682622,SL,Slider,,swinging_strike_blocked,R,R,CIN,LAD,87.40,,,0,0,2025,2025-07
2025-07-30,2025,R,686218,682622,FF,4-Seam Fastball,field_out,hit_into_play,R,R,CIN,LAD,96.20,85.50,27,2,2,2025,2025-07
2025-07-30,2025,R,686218,682622,SL,Slider,,ball,R,R,CIN,LAD,88.60,,,1,2,2025,2025-07
2025-07-30,2025,R,686218,682622,FF,4-Seam Fastball,,ball,R,R,CIN,LAD,96.40,,,0,2,2025,2025-07
2025-07-30,2025,R,686218,682622,FF,4-Seam Fastball,,swinging_strike,R,R,CIN,LAD,96.00,,,0,1,2025,2025-07
2025-07-30,2025,R,686218,682622,CH,Changeup,,called_strike,R,R,CIN,LAD,84.30,,,0,0,2025,2025-07
2025-07-30,2025,R,686218,682829,FF,4-Seam Fastball,field_out,hit_into_play,L,R,CIN,LAD,95.90,96.60,17,2,2,2025,2025-07
2025-07-30,2025,R,686218,682829,CU,Curveball,,called_strike,L,R,CIN,LAD,78.20,,,2,1,2025,2025-07
2025-07-30,2025,R,686218,682829,SL,Slider,,swinging_strike,L,R,CIN,LAD,87.30,,,2,0,2025,2025-07
2025-07-30,2025,R,686218,682829,FF,4-Seam Fastball,,ball,L,R,CIN,LAD,96.00,,,1,0,2025,2025-07
2025-07-30,2025,R,686218,682829,CH,Changeup,,ball,L,R,CIN,LAD,84.30,,,0,0,2025,2025-07
2025-07-30,2025,R,686218,682829,FF,4-Seam Fastball,field_out,hit_into_play,L,R,CIN,LAD,96.40,86.30,70,3,1,2025,2025-07
2025-07-30,2025,R,686218,682829,CU,Curveball,,ball,L,R,CIN,LAD,77.40,,,2,1,2025,2025-07
2025-07-30,2025,R,686218,682829,FF,4-Seam Fastball,,ball,L,R,CIN,LAD,97.00,,,1,1,2025,2025-07
2025-07-30,2025,R,686218,682829,CH,Changeup,,ball,L,R,CIN,LAD,87.80,,,0,1,2025,2025-07
2025-07-30,2025,R,686218,682829,FF,4-Seam Fastball,,called_strike,L,R,CIN,LAD,97.20,,,0,0,2025,2025-07
2025-07-30,2025,R,686751,668942,FS,Split-Finger,field_out,hit_into_play,L,R,CWS,PHI,86.90,104.90,-33,1,1,2025,2025-07
2025-07-30,2025,R,686751,668942,FF,4-Seam Fastball,,called_strike,L,R,CWS,PHI,96.00,,,1,0,2025,2025-07
2025-07-30,2025,R,686751,668942,FF,4-Seam Fastball,,ball,L,R,CWS,PHI,96.10,,,0,0,2025,2025-07
2025-07-30,2025,R,686751,695657,SL,Slider,strikeout,swinging_strike,L,R,CWS,PHI,86.20,,,1,2,2025,2025-07
2025-07-30,2025,R,686751,695657,FF,4-Seam Fastball,,foul,L,R,CWS,PHI,96.10,83.30,45,1,2,2025,2025-07
2025-07-30,2025,R,686751,695657,SL,Slider,,ball,L,R,CWS,PHI,85.20,,,0,2,2025,2025-07
2025-07-30,2025,R,686751,695657,FS,Split-Finger,,foul,L,R,CWS,PHI,86.50,,,0,2,2025,2025-07
2025-07-30,2025,R,686751,695657,FS,Split-Finger,,swinging_strike,L,R,CWS,PHI,86.70,,,0,1,2025,2025-07
2025-07-30,2025,R,686751,695657,SL,Slider,,called_strike,L,R,CWS,PHI,86.30,,,0,0,2025,2025-07
2025-07-30,2025,R,686751,700337,FS,Split-Finger,home_run,hit_into_play,L,R,CWS,PHI,87.40,99.00,27,1,2,2025,2025-07
2025-07-30,2025,R,686751,700337,FS,Split-Finger,,ball,L,R,CWS,PHI,88.20,,,0,2,2025,2025-07
2025-07-30,2025,R,686751,700337,FF,4-Seam Fastball,,foul,L,R,CWS,PHI,96.00,82.10,16,0,1,2025,2025-07
2025-07-30,2025,R,686751,700337,SL,Slider,,called_strike,L,R,CWS,PHI,85.80,,,0,0,2025,2025-07
2025-07-30,2025,R,686993,593871,FF,4-Seam Fastball,home_run,hit_into_play,L,R,ATH,SEA,92.50,99.70,29,0,1,2025,2025-07
2025-07-30,2025,R,686993,593871,FC,Cutter,,foul_tip,L,R,ATH,SEA,86.60,,,0,0,2025,2025-07
2025-07-30,2025,R,686993,641598,FC,Cutter,field_out,hit_into_play,R,R,ATH,SEA,86.00,84.90,7,2,2,2025,2025-07
2025-07-30,2025,R,686993,641598,FF,4-Seam Fastball,,ball,R,R,ATH,SEA,92.80,,,1,2,2025,2025-07
2025-07-30,2025,R,686993,641598,ST,Sweeper,,ball,R,R,ATH,SEA,81.30,,,0,2,2025,2025-07
2025-07-30,2025,R,686993,641598,ST,Sweeper,,swinging_strike,R,R,ATH,SEA,81.00,,,0,1,2025,2025-07
2025-07-30,2025,R,686993,641598,ST,Sweeper,,swinging_strike,R,R,ATH,SEA,81.90,,,0,0,2025,2025-07
2025-07-30,2025,R,686993,647304,FF,4-Seam Fastball,walk,ball,L,R,ATH,SEA,92.60,,,3,2,2025,2025-07
2025-07-30,2025,R,686993,647304,FC,Cutter,,called_strike,L,R,ATH,SEA,87.20,,,3,1,2025,2025-07
2025-07-30,2025,R,686993,647304,FF,4-Seam Fastball,,ball,L,R,ATH,SEA,92.30,,,2,1,2025,2025-07
2025-07-30,2025,R,686993,647304,FF,4-Seam Fastball,,foul,L,R,ATH,SEA,92.90,77.60,8,2,0,2025,2025-07
2025-07-30,2025,R,686993,647304,FF,4-Seam Fastball,,ball,L,R,ATH,SEA,93.30,,,1,0,2025,2025-07
2025-07-30,2025,R,686993,647304,ST,Sweeper,,ball,L,R,ATH,SEA,80.50,,,0,0,2025,2025-07
2025-07-30,2025,R,686993,668227,FF,4-Seam Fastball,field_out,hit_into_play,R,R,ATH,SEA,92.60,94.50,-16,3,1,2025,2025-07
2025-07-30,2025,R,686993,668227,FF,4-Seam Fastball,,ball,R,R,ATH,SEA,93.20,,,2,1,2025,2025-07
2025-07-30,2025,R,686993,668227,FC,Cutter,,ball,R,R,ATH,SEA,85.90,,,1,1,2025,2025-07
2025-07-30,2025,R,686993,668227,FF,4-Seam Fastball,,foul,R,R,ATH,SEA,92.10,97.90,51,1,0,2025,2025-07
2025-07-30,2025,R,686993,668227,FF,4-Seam Fastball,,ball,R,R,ATH,SEA,91.60,,,0,0,2025,2025-07
2025-07-30,2025,R,686993,686527,ST,Sweeper,field_out,hit_into_play,L,R,ATH,SEA,80.40,95.90,34,0,1,2025,2025-07
2025-07-30,2025,R,686993,686527,ST,Sweeper,,foul,L,R,ATH,SEA,81.00,80.60,-25,0,0,2025,2025-07
2025-07-30,2025,R,687330,641857,FC,Cutter,single,hit_into_play,L,R,NYY,TB,91.70,98.50,28,0,1,2025,2025-07
2025-07-30,2025,R,687330,641857,SI,Sinker,,foul_bunt,L,R,NYY,TB,92.70,,,0,0,2025,2025-07
2025-07-30,2025,R,687330,691176,,,intent_walk,automatic_ball,L,R,NYY,TB,,,,3,0,2025,2025-07
2025-07-30,2025,R,687330,691176,,,,automatic_ball,L,R,NYY,TB,,,,2,0,2025,2025-07
2025-07-30,2025,R,687330,691176,,,,automatic_ball,L,R,NYY,TB,,,,1,0,2025,2025-07
2025-07-30,2025,R,687330,691176,,,,automatic_ball,L,R,NYY,TB,,,,0,0,2025,2025-07
2025-07-30,2025,R,687396,642136,SL,Slider,strikeout,swinging_strike_blocked,L,L,NYY,TB,84.60,,,0,2,2025,2025-07
2025-07-30,2025,R,687396,642136,SL,Slider,,foul,L,L,NYY,TB,82.80,82.00,32,0,1,2025,2025-07
2025-07-30,2025,R,687396,642136,FF,4-Seam Fastball,,foul,L,L,NYY,TB,94.00,77.20,66,0,0,2025,2025-07
2025-07-30,2025,R,687396,663968,FF,4-Seam Fastball,strikeout,foul_tip,R,L,NYY,TB,95.80,,,2,2,2025,2025-07
2025-07-30,2025,R,687396,663968,FF,4-Seam Fastball,,foul,R,L,NYY,TB,95.00,72.90,37,2,1,2025,2025-07
2025-07-30,2025,R,687396,663968,SL,Slider,,ball,R,L,NYY,TB,82.40,,,1,1,2025,2025-07
2025-07-30,2025,R,687396,663968,FF,4-Seam Fastball,,foul,R,L,NYY,TB,94.40,70.50,61,1,0,2025,2025-07
2025-07-30,2025,R,687396,663968,FF,4-Seam Fastball,,ball,R,L,NYY,TB,94.20,,,0,0,2025,2025-07
2025-07-30,2025,R,687396,664040,FF,4-Seam Fastball,field_out,hit_into_play,L,L,NYY,TB,94.80,95.80,74,0,1,2025,2025-07
2025-07-30,2025,R,687396,664040,SL,Slider,,swinging_strike,L,L,NYY,TB,83.10,,,0,0,2025,2025-07
2025-07-30,2025,R,687396,670764,FF,4-Seam Fastball,strikeout,swinging_strike,R,L,NYY,TB,96.20,,,0,2,2025,2025-07
2025-07-30,2025,R,687396,670764,FF,4-Seam Fastball,,swinging_strike,R,L,NYY,TB,95.80,,,0,1,2025,2025-07
2025-07-30,2025,R,687396,670764,SL,Slider,,called_strike,R,L,NYY,TB,83.40,,,0,0,2025,2025-07
2025-07-30,2025,R,687396,802415,SL,Slider,single,hit_into_play,L,L,NYY,TB,82.50,87.30,10,1,2,2025,2025-07
2025-07-30,2025,R,687396,802415,SL,Slider,,swinging_strike,L,L,NYY,TB,82.80,,,1,1,2025,2025-07
2025-07-30,2025,R,687396,802415,SL,Slider,,ball,L,L,NYY,TB,82.40,,,0,1,2025,2025-07
2025-07-30,2025,R,687396,802415,FF,4-Seam Fastball,,foul_bunt,L,L,NYY,TB,93.60,,,0,0,2025,2025-07
2025-07-30,2025,R,687473,605137,CH,Changeup,strikeout,swinging_strike,L,R,HOU,WSH,82.80,,,1,2,2025,2025-07
2025-07-30,2025,R,687473,605137,FC,Cutter,,foul,L,R,HOU,WSH,87.20,72.50,63,1,1,2025,2025-07
2025-07-30,2025,R,687473,605137,CH,Changeup,,ball,L,R,HOU,WSH,81.60,,,0,1,2025,2025-07
2025-07-30,2025,R,687473,605137,FF,4-Seam Fastball,,called_strike,L,R,HOU,WSH,91.50,,,0,0,2025,2025-07
2025-07-30,2025,R,687473,605137,FF,4-Seam Fastball,single,hit_into_play,L,R,HOU,WSH,94.00,96.90,-9,0,2,2025,2025-07
2025-07-30,2025,R,687473,605137,SI,Sinker,,called_strike,L,R,HOU,WSH,91.70,,,0,1,2025,2025-07
2025-07-30,2025,R,687473,605137,ST,Sweeper,,called_strike,L,R,HOU,WSH,81.60,,,0,0,2025,2025-07
2025-07-30,2025,R,687473,605137,CH,Changeup,single,hit_into_play,L,R,HOU,WSH,81.60,35.30,-32,1,2,2025,2025-07
2025-07-30,2025,R,687473,605137,FF,4-Seam Fastball,,called_strike,L,R,HOU,WSH,92.10,,,1,1,2025,2025-07
2025-07-30,2025,R,687473,605137,FF,4-Seam Fastball,,ball,L,R,HOU,WSH,92.90,,,0,1,2025,2025-07
2025-07-30,2025,R,687473,605137,CU,Curveball,,called_strike,L,R,HOU,WSH,77.80,,,0,0,2025,2025-07
2025-07-30,2025,R,687473,657557,FF,4-Seam Fastball,field_out,hit_into_play,R,R,HOU,WSH,96.30,108.50,13,0,2,2025,2025-07
2025-07-30,2025,R,687473,657557,ST,Sweeper,,swinging_strike,R,R,HOU,WSH,84.00,,,0,1,2025,2025-07
2025-07-30,2025,R,687473,657557,FF,4-Seam Fastball,,called_strike,R,R,HOU,WSH,92.90,,,0,0,2025,2025-07
2025-07-30,2025,R,687473,657557,ST,Sweeper,field_out,hit_into_play,R,R,HOU,WSH,83.60,80.30,61,3,1,2025,2025-07
2025-07-30,2025,R,687473,657557,FC,Cutter,,ball,R,R,HOU,WSH,88.30,,,2,1,2025,2025-07
2025-07-30,2025,R,687473,657557,FF,4-Seam Fastball,,ball,R,R,HOU,WSH,94.80,,,1,1,2025,2025-07
2025-07-30,2025,R,687473,657557,ST,Sweeper,,ball,R,R,HOU,WSH,83.80,,,0,1,2025,2025-07
2025-07-30,2025,R,687473,657557,ST,Sweeper,,called_strike,R,R,HOU,WSH,82.50,,,0,0,2025,2025-07
2025-07-30,2025,R,687473,663993,FC,Cutter,strikeout,swinging_strike,L,R,HOU,WSH,87.20,,,3,2,2025,2025-07
2025-07-30,2025,R,687473,663993,FF,4-Seam Fastball,,foul,L,R,HOU,WSH,93.40,76.80,76,3,2,2025,2025-07
2025-07-30,2025,R,687473,663993,SI,Sinker,,foul,L,R,HOU,WSH,91.50,73.80,46,3,2,2025,2025-07
2025-07-30,2025,R,687473,663993,FF,4-Seam Fastball,,foul,L,R,HOU,WSH,92.90,76.00,17,3,2,2025,2025-07
2025-07-30,2025,R,687473,663993,FF,4-Seam Fastball,,swinging_strike,L,R,HOU,WSH,92.90,,,3,1,2025,2025-07
2025-07-30,2025,R,687473,663993,SI,Sinker,,ball,L,R,HOU,WSH,91.70,,,2,1,2025,2025-07
2025-07-30,2025,R,687473,663993,CH,Changeup,,ball,L,R,HOU,WSH,80.30,,,1,1,2025,2025-07
2025-07-30,2025,R,687473,663993,SI,Sinker,,called_strike,L,R,HOU,WSH,91.40,,,1,0,2025,2025-07
2025-07-30,2025,R,687473,663993,SI,Sinker,,ball,L,R,HOU,WSH,91.40,,,0,0,2025,2025-07
2025-07-30,2025,R,687473,663993,FF,4-Seam Fastball,single,hit_into_play,L,R,HOU,WSH,92.20,87.90,20,1,1,2025,2025-07
2025-07-30,2025,R,687473,663993,FF,4-Seam Fastball,,ball,L,R,HOU,WSH,93.10,,,0,1,2025,2025-07
2025-07-30,2025,R,687473,663993,SI,Sinker,,called_strike,L,R,HOU,WSH,92.70,,,0,0,2025,2025-07
2025-07-30,2025,R,687473,671277,CU,Curveball,force_out,hit_into_play,L,R,HOU,WSH,81.20,108.50,-20,0,2,2025,2025-07
2025-07-30,2025,R,687473,671277,FF,4-Seam Fastball,,foul,L,R,HOU,WSH,94.20,67.80,41,0,2,2025,2025-07
2025-07-30,2025,R,687473,671277,FF,4-Seam Fastball,,foul,L,R,HOU,WSH,92.90,77.30,65,0,1,2025,2025-07
2025-07-30,2025,R,687473,671277,FF,4-Seam Fastball,,foul,L,R,HOU,WSH,92.80,75.60,21,0,0,2025,2025-07
2025-07-30,2025,R,687473,671277,CU,Curveball,field_out,hit_into_play,L,R,HOU,WSH,79.00,97.00,41,1,2,2025,2025-07
2025-07-30,2025,R,687473,671277,FF,4-Seam Fastball,,foul,L,R,HOU,WSH,93.30,74.50,27,1,1,2025,2025-07
2025-07-30,2025,R,687473,671277,CH,Changeup,,foul,L,R,HOU,WSH,80.30,66.80,40,1,0,2025,2025-07
2025-07-30,2025,R,687473,671277,SI,Sinker,,ball,L,R,HOU,WSH,91.00,,,0,0,2025,2025-07
2025-07-30,2025,R,687473,671277,CU,Curveball,field_out,hit_into_play,L,R,HOU,WSH,79.10,83.20,-26,0,1,2025,2025-07
2025-07-30,2025,R,687473,671277,FF,4-Seam Fastball,,called_strike,L,R,HOU,WSH,93.80,,,0,0,2025,2025-07
2025-07-30,2025,R,687473,682928,FF,4-Seam Fastball,strikeout,swinging_strike,L,R,HOU,WSH,93.80,,,2,2,2025,2025-07
2025-07-30,2025,R,687473,682928,CU,Curveball,,ball,L,R,HOU,WSH,80.60,,,1,2,2025,2025-07
2025-07-30,2025,R,687473,682928,FF,4-Seam Fastball,,ball,L,R,HOU,WSH,93.30,,,0,2,2025,2025-07
2025-07-30,2025,R,687473,682928,FF,4-Seam Fastball,,called_strike,L,R,HOU,WSH,92.70,,,0,1,2025,2025-07
2025-07-30,2025,R,687473,682928,CU,Curveball,,called_strike,L,R,HOU,WSH,77.50,,,0,0,2025,2025-07
2025-07-30,2025,R,687473,682928,CU,Curveball,field_out,hit_into_play,L,R,HOU,WSH,79.00,69.40,-47,2,2,2025,2025-07
2025-07-30,2025,R,687473,682928,FF,4-Seam Fastball,,called_strike,L,R,HOU,WSH,92.70,,,2,1,2025,2025-07
2025-07-30,2025,R,687473,682928,CU,Curveball,,ball,L,R,HOU,WSH,79.90,,,1,1,2025,2025-07
2025-07-30,2025,R,687473,682928,FF,4-Seam Fastball,,swinging_strike,L,R,HOU,WSH,92.10,,,1,0,2025,2025-07
2025-07-30,2025,R,687473,682928,FF,4-Seam Fastball,,ball,L,R,HOU,WSH,92.70,,,0,0,2025,2025-07
2025-07-30,2025,R,687473,682928,FF,4-Seam Fastball,walk,ball,L,R,HOU,WSH,92.10,,,3,0,2025,2025-07
2025-07-30,2025,R,687473,682928,FF,4-Seam Fastball,,ball,L,R,HOU,WSH,93.20,,,2,0,2025,2025-07
2025-07-30,2025,R,687473,682928,FF,4-Seam Fastball,,ball,L,R,HOU,WSH,92.50,,,1,0,2025,2025-07
2025-07-30,2025,R,687473,682928,FF,4-Seam Fastball,,ball,L,R,HOU,WSH,91.60,,,0,0,2025,2025-07
2025-07-30,2025,R,687473,686452,FF,4-Seam Fastball,field_out,hit_into_play,L,R,HOU,WSH,93.80,75.20,10,0,1,2025,2025-07
2025-07-30,2025,R,687473,686452,FC,Cutter,,foul,L,R,HOU,WSH,87.40,92.60,-10,0,0,2025,2025-07
2025-07-30,2025,R,687473,686452,CU,Curveball,strikeout,swinging_strike,L,R,HOU,WSH,80.80,,,2,2,2025,2025-07
2025-07-30,2025,R,687473,686452,FF,4-Seam Fastball,,foul,L,R,HOU,WSH,93.90,81.40,50,2,2,2025,2025-07
2025-07-30,2025,R,687473,686452,FF,4-Seam Fastball,,foul,L,R,HOU,WSH,95.10,52.80,47,2,2,2025,2025-07
2025-07-30,2025,R,687473,686452,CH,Changeup,,foul,L,R,HOU,WSH,84.40,65.70,80,2,2,2025,2025-07
2025-07-30,2025,R,687473,686452,FF,4-Seam Fastball,,ball,L,R,HOU,WSH,94.20,,,1,2,2025,2025-07
2025-07-30,2025,R,687473,686452,CU,Curveball,,foul,L,R,HOU,WSH,80.60,84.00,-35,1,2,2025,2025-07
2025-07-30,2025,R,687473,686452,CH,Changeup,,foul,L,R,HOU,WSH,82.70,71.00,-32,1,1,2025,2025-07
2025-07-30,2025,R,687473,686452,FF,4-Seam Fastball,,ball,L,R,HOU,WSH,93.20,,,0,1,2025,2025-07
2025-07-30,2025,R,687473,686452,FF,4-Seam Fastball,,called_strike,L,R,HOU,WSH,93.10,,,0,0,2025,2025-07
2025-07-30,2025,R,687473,695578,FF,4-Seam Fastball,single,hit_into_play,L,R,HOU,WSH,93.90,98.10,-15,0,2,2025,2025-07
2025-07-30,2025,R,687473,695578,CU,Curveball,,called_strike,L,R,HOU,WSH,79.60,,,0,1,2025,2025-07
2025-07-30,2025,R,687473,695578,CH,Changeup,,swinging_strike,L,R,HOU,WSH,81.10,,,0,0,2025,2025-07
2025-07-30,2025,R,687473,695578,FF,4-Seam Fastball,strikeout,called_strike,L,R,HOU,WSH,95.00,,,2,2,2025,2025-07
2025-07-30,2025,R,687473,695578,CH,Changeup,,ball,L,R,HOU,WSH,81.30,,,1,2,2025,2025-07
2025-07-30,2025,R,687473,695578,CU,Curveball,,ball,L,R,HOU,WSH,81.40,,,0,2,2025,2025-07
2025-07-30,2025,R,687473,695578,CH,Changeup,,swinging_strike,L,R,HOU,WSH,80.40,,,0,1,2025,2025-07
2025-07-30,2025,R,687473,695578,CU,Curveball,,foul_tip,L,R,HOU,WSH,77.80,,,0,0,2025,2025-07
2025-07-30,2025,R,687473,695578,CU,Curveball,grounded_into_double_play,hit_into_play,L,R,HOU,WSH,79.80,100.60,3,3,2,2025,2025-07
2025-07-30,2025,R,687473,695578,CU,Curveball,,ball,L,R,HOU,WSH,78.20,,,2,2,2025,2025-07
2025-07-30,2025,R,687473,695578,FC,Cutter,,foul,L,R,HOU,WSH,90.50,75.20,-25,2,2,2025,2025-07
2025-07-30,2025,R,687473,695578,CU,Curveball,,blocked_ball,L,R,HOU,WSH,79.80,,,1,2,2025,2025-07
2025-07-30,2025,R,687473,695578,CU,Curveball,,called_strike,L,R,HOU,WSH,79.50,,,1,1,2025,2025-07
2025-07-30,2025,R,687473,695578,FF,4-Seam Fastball,,ball,L,R,HOU,WSH,93.00,,,0,1,2025,2025-07
2025-07-30,2025,R,687473,695578,FF,4-Seam Fastball,,called_strike,L,R,HOU,WSH,94.30,,,0,0,2025,2025-07
2025-07-30,2025,R,687473,695734,FC,Cutter,field_out,hit_into_play,L,R,HOU,WSH,90.00,95.70,26,3,2,2025,2025-07
2025-07-30,2025,R,687473,695734,SI,Sinker,,ball,L,R,HOU,WSH,92.70,,,2,2,2025,2025-07
2025-07-30,2025,R,687473,695734,CU,Curveball,,foul,L,R,HOU,WSH,80.00,,,2,2,2025,2025-07
2025-07-30,2025,R,687473,695734,FF,4-Seam Fastball,,ball,L,R,HOU,WSH,95.10,,,1,2,2025,2025-07
2025-07-30,2025,R,687473,695734,FF,4-Seam Fastball,,foul,L,R,HOU,WSH,93.90,72.20,34,1,2,2025,2025-07
2025-07-30,2025,R,687473,695734,CH,Changeup,,foul,L,R,HOU,WSH,82.30,66.00,50,1,2,2025,2025-07
2025-07-30,2025,R,687473,695734,FC,Cutter,,foul,L,R,HOU,WSH,87.50,92.30,-12,1,1,2025,2025-07
2025-07-30,2025,R,687473,695734,ST,Sweeper,,ball,L,R,HOU,WSH,81.90,,,0,1,2025,2025-07
2025-07-30,2025,R,687473,695734,ST,Sweeper,,called_strike,L,R,HOU,WSH,81.00,,,0,0,2025,2025-07
2025-07-30,2025,R,687473,695734,FF,4-Seam Fastball,sac_fly,hit_into_play,L,R,HOU,WSH,95.20,85.10,39,2,2,2025,2025-07
2025-07-30,2025,R,687473,695734,FC,Cutter,,foul,L,R,HOU,WSH,88.30,63.70,23,2,2,2025,2025-07
2025-07-30,2025,R,687473,695734,CH,Changeup,,ball,L,R,HOU,WSH,82.20,,,1,2,2025,2025-07
2025-07-30,2025,R,687473,695734,FF,4-Seam Fastball,,foul,L,R,HOU,WSH,94.90,70.70,32,1,2,2025,2025-07
2025-07-30,2025,R,687473,695734,ST,Sweeper,,foul,L,R,HOU,WSH,82.20,56.60,48,1,1,2025,2025-07
2025-07-30,2025,R,687473,695734,FC,Cutter,,called_strike,L,R,HOU,WSH,87.20,,,1,0,2025,2025-07
2025-07-30,2025,R,687473,695734,FF,4-Seam Fastball,,ball,L,R,HOU,WSH,93.10,,,0,0,2025,2025-07
2025-07-30,2025,R,687473,696285,FF,4-Seam Fastball,field_out,hit_into_play,R,R,HOU,WSH,92.50,97.40,42,0,0,2025,2025-07
2025-07-30,2025,R,687473,696285,FF,4-Seam Fastball,field_out,hit_into_play,R,R,HOU,WSH,92.30,96.20,38,2,1,2025,2025-07
2025-07-30,2025,R,687473,696285,FF,4-Seam Fastball,,called_strike,R,R,HOU,WSH,91.60,,,2,0,2025,2025-07
2025-07-30,2025,R,687473,696285,ST,Sweeper,,ball,R,R,HOU,WSH,80.00,,,1,0,2025,2025-07
2025-07-30,2025,R,687473,696285,FC,Cutter,,ball,R,R,HOU,WSH,86.50,,,0,0,2025,2025-07
2025-07-30,2025,R,689254,656775,FC,Cutter,double,hit_into_play,L,L,BAL,TOR,91.30,96.60,13,1,2,2025,2025-07
2025-07-30,2025,R,689254,656775,FC,Cutter,,foul,L,L,BAL,TOR,91.30,71.00,69,1,2,2025,2025-07
2025-07-30,2025,R,689254,656775,FC,Cutter,,swinging_strike,L,L,BAL,TOR,91.50,,,1,1,2025,2025-07
2025-07-30,2025,R,689254,656775,ST,Sweeper,,foul,L,L,BAL,TOR,81.80,85.80,77,1,0,2025,2025-07
2025-07-30,2025,R,689254,656775,ST,Sweeper,,ball,L,L,BAL,TOR,82.20,,,0,0,2025,2025-07
2025-07-30,2025,R,689254,656811,FC,Cutter,strikeout,foul_tip,L,L,BAL,TOR,91.40,,,1,2,2025,2025-07
2025-07-30,2025,R,689254,656811,ST,Sweeper,,ball,L,L,BAL,TOR,83.60,,,0,2,2025,2025-07
2025-07-30,2025,R,689254,656811,ST,Sweeper,,swinging_strike,L,L,BAL,TOR,82.20,,,0,1,2025,2025-07
2025-07-30,2025,R,689254,656811,ST,Sweeper,,called_strike,L,L,BAL,TOR,79.60,,,0,0,2025,2025-07
2025-07-30,2025,R,689254,666185,FC,Cutter,strikeout,swinging_strike,R,L,BAL,TOR,90.30,,,3,2,2025,2025-07
2025-07-30,2025,R,689254,666185,ST,Sweeper,,blocked_ball,R,L,BAL,TOR,83.50,,,2,2,2025,2025-07
2025-07-30,2025,R,689254,666185,FC,Cutter,,ball,R,L,BAL,TOR,90.80,,,1,2,2025,2025-07
2025-07-30,2025,R,689254,666185,FC,Cutter,,ball,R,L,BAL,TOR,90.50,,,0,2,2025,2025-07
2025-07-30,2025,R,689254,666185,ST,Sweeper,,swinging_strike,R,L,BAL,TOR,81.50,,,0,1,2025,2025-07
2025-07-30,2025,R,689254,666185,ST,Sweeper,,foul,R,L,BAL,TOR,81.30,82.30,50,0,0,2025,2025-07
2025-07-30,2025,R,689254,681297,FC,Cutter,strikeout,swinging_strike,L,L,BAL,TOR,90.90,,,1,2,2025,2025-07
2025-07-30,2025,R,689254,681297,FC,Cutter,,ball,L,L,BAL,TOR,90.50,,,0,2,2025,2025-07
2025-07-30,2025,R,689254,681297,ST,Sweeper,,called_strike,L,L,BAL,TOR,80.80,,,0,1,2025,2025-07
2025-07-30,2025,R,689254,681297,FC,Cutter,,foul,L,L,BAL,TOR,91.30,70.50,56,0,0,2025,2025-07
2025-07-30,2025,R,693433,609280,FF,4-Seam Fastball,home_run,hit_into_play,R,R,ATH,SEA,94.60,104.60,23,0,1,2025,2025-07
2025-07-30,2025,R,693433,609280,ST,Sweeper,,foul,R,R,ATH,SEA,84.90,67.30,50,0,0,2025,2025-07
2025-07-30,2025,R,693433,609280,SI,Sinker,home_run,hit_into_play,R,R,ATH,SEA,95.40,110.20,21,2,1,2025,2025-07
2025-07-30,2025,R,693433,609280,FF,4-Seam Fastball,,foul,R,R,ATH,SEA,96.10,82.60,14,2,0,2025,2025-07
2025-07-30,2025,R,693433,609280,SI,Sinker,,ball,R,R,ATH,SEA,94.50,,,1,0,2025,2025-07
2025-07-30,2025,R,693433,609280,SI,Sinker,,ball,R,R,ATH,SEA,95.40,,,0,0,2025,2025-07
2025-07-30,2025,R,693433,609280,ST,Sweeper,strikeout,swinging_strike,R,R,ATH,SEA,86.90,,,3,2,2025,2025-07
2025-07-30,2025,R,693433,609280,ST,Sweeper,,ball,R,R,ATH,SEA,87.40,,,2,2,2025,2025-07
2025-07-30,2025,R,693433,609280,SI,Sinker,,foul,R,R,ATH,SEA,96.40,58.80,-51,2,1,2025,2025-07
2025-07-30,2025,R,693433,609280,SL,Slider,,ball,R,R,ATH,SEA,89.40,,,1,1,2025,2025-07
2025-07-30,2025,R,693433,609280,ST,Sweeper,,ball,R,R,ATH,SEA,86.10,,,0,1,2025,2025-07
2025-07-30,2025,R,693433,609280,ST,Sweeper,,swinging_strike,R,R,ATH,SEA,84.90,,,0,0,2025,2025-07
2025-07-30,2025,R,693433,666126,FF,4-Seam Fastball,single,hit_into_play,L,R,ATH,SEA,94.70,100.10,-3,0,0,2025,2025-07
2025-07-30,2025,R,693433,666126,CH,Changeup,strikeout,swinging_strike,L,R,ATH,SEA,89.50,,,0,2,2025,2025-07
2025-07-30,2025,R,693433,666126,FF,4-Seam Fastball,,foul,L,R,ATH,SEA,95.30,75.80,49,0,1,2025,2025-07
2025-07-30,2025,R,693433,666126,FF,4-Seam Fastball,,foul,L,R,ATH,SEA,94.10,86.10,-23,0,0,2025,2025-07
2025-07-30,2025,R,693433,666126,FF,4-Seam Fastball,field_out,hit_into_play,L,R,ATH,SEA,95.30,84.90,60,0,2,2025,2025-07
2025-07-30,2025,R,693433,666126,SL,Slider,,foul,L,R,ATH,SEA,87.50,22.10,41,0,2,2025,2025-07
2025-07-30,2025,R,693433,666126,FF,4-Seam Fastball,,foul,L,R,ATH,SEA,95.50,80.70,71,0,1,2025,2025-07
2025-07-30,2025,R,693433,666126,FF,4-Seam Fastball,,foul,L,R,ATH,SEA,94.20,58.60,-18,0,0,2025,2025-07
2025-07-30,2025,R,693433,667670,ST,Sweeper,field_out,hit_into_play,R,R,ATH,SEA,85.00,83.70,50,0,2,2025,2025-07
2025-07-30,2025,R,693433,667670,SI,Sinker,,foul,R,R,ATH,SEA,94.80,90.40,3,0,1,2025,2025-07
2025-07-30,2025,R,693433,667670,ST,Sweeper,,swinging_strike,R,R,ATH,SEA,84.40,,,0,0,2025,2025-07
2025-07-30,2025,R,693433,667670,SI,Sinker,grounded_into_double_play,hit_into_play,R,R,ATH,SEA,96.80,100.40,-15,0,0,2025,2025-07
2025-07-30,2025,R,693433,667670,FF,4-Seam Fastball,home_run,hit_into_play,R,R,ATH,SEA,96.00,103.00,26,2,1,2025,2025-07
2025-07-30,2025,R,693433,667670,FF,4-Seam Fastball,,ball,R,R,ATH,SEA,96.00,,,1,1,2025,2025-07
2025-07-30,2025,R,693433,667670,FF,4-Seam Fastball,,foul_tip,R,R,ATH,SEA,95.50,,,1,0,2025,2025-07
2025-07-30,2025,R,693433,667670,FF,4-Seam Fastball,,ball,R,R,ATH,SEA,95.50,,,0,0,2025,2025-07
2025-07-30,2025,R,693433,669127,SI,Sinker,field_out,hit_into_play,R,R,ATH,SEA,95.20,81.40,29,0,0,2025,2025-07
2025-07-30,2025,R,693433,669127,SI,Sinker,field_out,hit_into_play,R,R,ATH,SEA,95.30,101.80,-10,2,0,2025,2025-07
2025-07-30,2025,R,693433,669127,ST,Sweeper,,ball,R,R,ATH,SEA,85.10,,,1,0,2025,2025-07
2025-07-30,2025,R,693433,669127,ST,Sweeper,,ball,R,R,ATH,SEA,85.40,,,0,0,2025,2025-07
2025-07-30,2025,R,693433,669127,SI,Sinker,single,hit_into_play,R,R,ATH,SEA,94.10,75.60,54,0,0,2025,2025-07
2025-07-30,2025,R,693433,671732,FF,4-Seam Fastball,field_out,hit_into_play,L,R,ATH,SEA,96.60,84.20,61,1,1,2025,2025-07
2025-07-30,2025,R,693433,671732,CH,Changeup,,ball,L,R,ATH,SEA,89.20,,,0,1,2025,2025-07
2025-07-30,2025,R,693433,671732,FF,4-Seam Fastball,,foul,L,R,ATH,SEA,96.60,,,0,0,2025,2025-07
2025-07-30,2025,R,693433,671732,CH,Changeup,field_out,hit_into_play,L,R,ATH,SEA,89.60,79.80,1,1,2,2025,2025-07
2025-07-30,2025,R,693433,671732,FF,4-Seam Fastball,,ball,L,R,ATH,SEA,94.00,,,0,2,2025,2025-07
2025-07-30,2025,R,693433,671732,FF,4-Seam Fastball,,foul,L,R,ATH,SEA,93.90,83.70,48,0,1,2025,2025-07
2025-07-30,2025,R,693433,671732,FF,4-Seam Fastball,,foul_tip,L,R,ATH,SEA,93.30,,,0,0,2025,2025-07
2025-07-30,2025,R,693433,671732,SI,Sinker,field_out,hit_into_play,L,R,ATH,SEA,94.50,87.20,29,0,0,2025,2025-07
2025-07-30,2025,R,693433,680474,SI,Sinker,sac_bunt,hit_into_play,R,R,ATH,SEA,95.10,22.70,-46,0,0,2025,2025-07
2025-07-30,2025,R,693433,680474,SI,Sinker,field_out,hit_into_play,R,R,ATH,SEA,95.10,98.70,-11,1,1,2025,2025-07
2025-07-30,2025,R,693433,680474,FF,4-Seam Fastball,,ball,R,R,ATH,SEA,95.30,,,0,1,2025,2025-07
2025-07-30,2025,R,693433,680474,SL,Slider,,called_strike,R,R,ATH,SEA,86.30,,,0,0,2025,2025-07
2025-07-30,2025,R,693433,680474,SI,Sinker,strikeout,swinging_strike,R,R,ATH,SEA,95.70,,,0,2,2025,2025-07
2025-07-30,2025,R,693433,680474,FF,4-Seam Fastball,,foul,R,R,ATH,SEA,96.30,76.20,56,0,2,2025,2025-07
2025-07-30,2025,R,693433,680474,ST,Sweeper,,swinging_strike,R,R,ATH,SEA,87.60,,,0,1,2025,2025-07
2025-07-30,2025,R,693433,680474,SI,Sinker,,swinging_strike,R,R,ATH,SEA,95.90,,,0,0,2025,2025-07
2025-07-30,2025,R,693433,687231,ST,Sweeper,single,hit_into_play,R,R,ATH,SEA,84.80,93.10,7,1,2,2025,2025-07
2025-07-30,2025,R,693433,687231,SI,Sinker,,foul,R,R,ATH,SEA,94.30,84.70,-39,1,2,2025,2025-07
2025-07-30,2025,R,693433,687231,FF,4-Seam Fastball,,ball,R,R,ATH,SEA,96.70,,,0,2,2025,2025-07
2025-07-30,2025,R,693433,687231,SI,Sinker,,foul,R,R,ATH,SEA,94.10,75.90,-19,0,1,2025,2025-07
2025-07-30,2025,R,693433,687231,SI,Sinker,,called_strike,R,R,ATH,SEA,94.90,,,0,0,2025,2025-07
2025-07-30,2025,R,693433,687231,SL,Slider,home_run,hit_into_play,R,R,ATH,SEA,88.00,106.80,22,0,0,2025,2025-07
2025-07-30,2025,R,693433,687231,SI,Sinker,field_out,hit_into_play,R,R,ATH,SEA,95.00,109.20,-26,0,0,2025,2025-07
2025-07-30,2025,R,693433,691016,SI,Sinker,field_out,hit_into_play,L,R,ATH,SEA,96.60,86.20,-30,2,2,2025,2025-07
2025-07-30,2025,R,693433,691016,FF,4-Seam Fastball,,foul,L,R,ATH,SEA,96.10,59.70,48,2,1,2025,2025-07
2025-07-30,2025,R,693433,691016,CH,Changeup,,ball,L,R,ATH,SEA,88.20,,,1,1,2025,2025-07
2025-07-30,2025,R,693433,691016,ST,Sweeper,,called_strike,L,R,ATH,SEA,84.70,,,1,0,2025,2025-07
2025-07-30,2025,R,693433,691016,CH,Changeup,,ball,L,R,ATH,SEA,88.00,,,0,0,2025,2025-07
2025-07-30,2025,R,693433,691016,CH,Changeup,strikeout,foul_tip,L,R,ATH,SEA,90.30,,,1,2,2025,2025-07
2025-07-30,2025,R,693433,691016,SL,Slider,,ball,L,R,ATH,SEA,89.70,,,0,2,2025,2025-07
2025-07-30,2025,R,693433,691016,FF,4-Seam Fastball,,called_strike,L,R,ATH,SEA,95.90,,,0,1,2025,2025-07
2025-07-30,2025,R,693433,691016,ST,Sweeper,,called_strike,L,R,ATH,SEA,85.60,,,0,0,2025,2025-07
2025-07-30,2025,R,693433,691016,SI,Sinker,double,hit_into_play,L,R,ATH,SEA,95.10,95.70,-6,2,1,2025,2025-07
2025-07-30,2025,R,693433,691016,CH,Changeup,,ball,L,R,ATH,SEA,89.10,,,1,1,2025,2025-07
2025-07-30,2025,R,693433,691016,SI,Sinker,,ball,L,R,ATH,SEA,94.90,,,0,1,2025,2025-07
2025-07-30,2025,R,693433,691016,ST,Sweeper,,swinging_strike,L,R,ATH,SEA,82.90,,,0,0,2025,2025-07
2025-07-30,2025,R,693433,701762,SI,Sinker,strikeout,called_strike,L,R,ATH,SEA,97.40,,,2,2,2025,2025-07
2025-07-30,2025,R,693433,701762,FF,4-Seam Fastball,,ball,L,R,ATH,SEA,97.40,,,1,2,2025,2025-07
2025-07-30,2025,R,693433,701762,CH,Changeup,,swinging_strike,L,R,ATH,SEA,90.50,,,1,1,2025,2025-07
2025-07-30,2025,R,693433,701762,FF,4-Seam Fastball,,ball,L,R,ATH,SEA,95.50,,,0,1,2025,2025-07
2025-07-30,2025,R,693433,701762,CH,Changeup,,swinging_strike,L,R,ATH,SEA,90.00,,,0,0,2025,2025-07
2025-07-30,2025,R,693433,701762,ST,Sweeper,walk,ball,L,R,ATH,SEA,86.70,,,3,2,2025,2025-07
2025-07-30,2025,R,693433,701762,FF,4-Seam Fastball,,foul,L,R,ATH,SEA,96.80,78.70,15,3,2,2025,2025-07
2025-07-30,2025,R,693433,701762,SI,Sinker,,ball,L,R,ATH,SEA,97.10,,,2,2,2025,2025-07
2025-07-30,2025,R,693433,701762,SL,Slider,,ball,L,R,ATH,SEA,91.00,,,1,2,2025,2025-07
2025-07-30,2025,R,693433,701762,FF,4-Seam Fastball,,swinging_strike,L,R,ATH,SEA,95.30,,,1,1,2025,2025-07
2025-07-30,2025,R,693433,701762,ST,Sweeper,,called_strike,L,R,ATH,SEA,85.80,,,1,0,2025,2025-07
2025-07-30,2025,R,693433,701762,FF,4-Seam Fastball,,ball,L,R,ATH,SEA,94.80,,,0,0,2025,2025-07
2025-07-30,2025,R,693433,701762,FF,4-Seam Fastball,strikeout,foul_tip,L,R,ATH,SEA,94.30,,,0,2,2025,2025-07
2025-07-30,2025,R,693433,701762,FF,4-Seam Fastball,,foul,L,R,ATH,SEA,95.20,74.80,41,0,1,2025,2025-07
2025-07-30,2025,R,693433,701762,FF,4-Seam Fastball,,called_strike,L,R,ATH,SEA,94.50,,,0,0,2025,2025-07
2025-07-30,2025,R,694037,643376,FF,4-Seam Fastball,strikeout,called_strike,R,R,MIL,CHC,101.40,,,2,2,2025,2025-07
2025-07-30,2025,R,694037,643376,FF,4-Seam Fastball,,ball,R,R,MIL,CHC,101.30,,,1,2,2025,2025-07
2025-07-30,2025,R,694037,643376,FF,4-Seam Fastball,,foul,R,R,MIL,CHC,101.30,,,1,2,2025,2025-07
2025-07-30,2025,R,694037,643376,SL,Slider,,foul,R,R,MIL,CHC,85.90,94.80,11,1,1,2025,2025-07
2025-07-30,2025,R,694037,643376,FF,4-Seam Fastball,,foul,R,R,MIL,CHC,98.40,78.40,46,1,0,2025,2025-07
2025-07-30,2025,R,694037,643376,FF,4-Seam Fastball,,ball,R,R,MIL,CHC,99.30,,,0,0,2025,2025-07
2025-07-30,2025,R,694037,668930,SL,Slider,field_out,hit_into_play,L,R,MIL,CHC,86.70,74.30,9,2,0,2025,2025-07
2025-07-30,2025,R,694037,668930,SL,Slider,,ball,L,R,MIL,CHC,86.00,,,1,0,2025,2025-07
2025-07-30,2025,R,694037,668930,FF,4-Seam Fastball,,ball,L,R,MIL,CHC,99.10,,,0,0,2025,2025-07
2025-07-30,2025,R,694037,683734,FF,4-Seam Fastball,field_out,hit_into_play,R,R,MIL,CHC,100.70,96.30,42,1,0,2025,2025-07
2025-07-30,2025,R,694037,683734,FF,4-Seam Fastball,,ball,R,R,MIL,CHC,102.00,,,0,0,2025,2025-07
2025-07-30,2025,R,694037,702332,FF,4-Seam Fastball,single,hit_into_play,R,R,MIL,CHC,99.90,93.50,1,3,2,2025,2025-07
2025-07-30,2025,R,694037,702332,FF,4-Seam Fastball,,ball,R,R,MIL,CHC,100.90,,,2,2,2025,2025-07
2025-07-30,2025,R,694037,702332,FF,4-Seam Fastball,,ball,R,R,MIL,CHC,101.60,,,1,2,2025,2025-07
2025-07-30,2025,R,694037,702332,SL,Slider,,swinging_strike,R,R,MIL,CHC,88.10,,,1,1,2025,2025-07
2025-07-30,2025,R,694037,702332,SL,Slider,,ball,R,R,MIL,CHC,89.60,,,0,1,2025,2025-07
2025-07-30,2025,R,694037,702332,SL,Slider,,called_strike,R,R,MIL,CHC,88.60,,,0,0,2025,2025-07
2025-07-30,2025,R,694350,666211,CH,Changeup,field_out,hit_into_play,L,R,HOU,WSH,89.90,70.70,43,1,1,2025,2025-07
2025-07-30,2025,R,694350,666211,FF,4-Seam Fastball,,ball,L,R,HOU,WSH,95.30,,,0,1,2025,2025-07
2025-07-30,2025,R,694350,666211,FF,4-Seam Fastball,,swinging_strike,L,R,HOU,WSH,95.60,,,0,0,2025,2025-07
2025-07-30,2025,R,694350,670097,FF,4-Seam Fastball,field_out,hit_into_play,R,R,HOU,WSH,95.30,77.20,63,3,2,2025,2025-07
2025-07-30,2025,R,694350,670097,CH,Changeup,,ball,R,R,HOU,WSH,89.60,,,2,2,2025,2025-07
2025-07-30,2025,R,694350,670097,CH,Changeup,,swinging_strike,R,R,HOU,WSH,89.80,,,2,1,2025,2025-07
2025-07-30,2025,R,694350,670097,FF,4-Seam Fastball,,called_strike,R,R,HOU,WSH,95.30,,,2,0,2025,2025-07
2025-07-30,2025,R,694350,670097,CH,Changeup,,ball,R,R,HOU,WSH,90.60,,,1,0,2025,2025-07
2025-07-30,2025,R,694350,670097,FF,4-Seam Fastball,,ball,R,R,HOU,WSH,95.90,,,0,0,2025,2025-07
2025-07-30,2025,R,694350,676801,FF,4-Seam Fastball,strikeout,swinging_strike,R,R,HOU,WSH,96.20,,,2,2,2025,2025-07
2025-07-30,2025,R,694350,676801,CU,Curveball,,ball,R,R,HOU,WSH,86.90,,,1,2,2025,2025-07
2025-07-30,2025,R,694350,676801,FF,4-Seam Fastball,,foul,R,R,HOU,WSH,96.00,85.60,63,1,2,2025,2025-07
2025-07-30,2025,R,694350,676801,FF,4-Seam Fastball,,ball,R,R,HOU,WSH,96.20,,,0,2,2025,2025-07
2025-07-30,2025,R,694350,676801,CU,Curveball,,called_strike,R,R,HOU,WSH,84.70,,,0,1,2025,2025-07
2025-07-30,2025,R,694350,676801,CU,Curveball,,called_strike,R,R,HOU,WSH,83.30,,,0,0,2025,2025-07
2025-07-30,2025,R,696147,543309,SI,Sinker,single,hit_into_play,R,R,LAA,TEX,94.60,95.10,14,1,0,2025,2025-07
2025-07-30,2025,R,696147,543309,SL,Slider,,blocked_ball,R,R,LAA,TEX,85.20,,,0,0,2025,2025-07
2025-07-30,2025,R,696147,641680,SI,Sinker,walk,ball,L,R,LAA,TEX,98.30,,,3,2,2025,2025-07
2025-07-30,2025,R,696147,641680,SL,Slider,,foul,L,R,LAA,TEX,90.00,,,3,2,2025,2025-07
2025-07-30,2025,R,696147,641680,SL,Slider,,foul,L,R,LAA,TEX,89.60,,-28,3,2,2025,2025-07
2025-07-30,2025,R,696147,641680,SI,Sinker,,ball,L,R,LAA,TEX,98.50,,,2,2,2025,2025-07
2025-07-30,2025,R,696147,641680,CH,Changeup,,foul,L,R,LAA,TEX,91.30,26.30,61,2,2,2025,2025-07
2025-07-30,2025,R,696147,641680,CH,Changeup,,blocked_ball,L,R,LAA,TEX,91.80,,,1,2,2025,2025-07
2025-07-30,2025,R,696147,641680,SI,Sinker,,foul,L,R,LAA,TEX,96.60,96.30,13,1,1,2025,2025-07
2025-07-30,2025,R,696147,641680,FF,4-Seam Fastball,,ball,L,R,LAA,TEX,96.70,,,0,1,2025,2025-07
2025-07-30,2025,R,696147,641680,SL,Slider,,called_strike,L,R,LAA,TEX,87.50,,,0,0,2025,2025-07
2025-07-30,2025,R,696147,673962,SL,Slider,single,hit_into_play,R,R,LAA,TEX,86.00,60.50,-71,1,0,2025,2025-07
2025-07-30,2025,R,696147,673962,SL,Slider,,blocked_ball,R,R,LAA,TEX,86.60,,,0,0,2025,2025-07
2025-07-30,2025,R,696147,694497,SI,Sinker,single,hit_into_play,L,R,LAA,TEX,95.90,102.80,11,2,1,2025,2025-07
2025-07-30,2025,R,696147,694497,SL,Slider,,blocked_ball,L,R,LAA,TEX,86.10,,,1,1,2025,2025-07
2025-07-30,2025,R,696147,694497,SI,Sinker,,ball,L,R,LAA,TEX,94.80,,,0,1,2025,2025-07
2025-07-30,2025,R,696147,694497,SI,Sinker,,called_strike,L,R,LAA,TEX,95.20,,,0,0,2025,2025-07
2025-07-30,2025,R,701542,642136,SI,Sinker,field_out,hit_into_play,L,R,NYY,TB,92.60,83.10,-8,0,0,2025,2025-07
2025-07-30,2025,R,701542,642136,ST,Sweeper,field_out,hit_into_play,L,R,NYY,TB,81.40,84.60,21,2,1,2025,2025-07
2025-07-30,2025,R,701542,642136,ST,Sweeper,,called_strike,L,R,NYY,TB,82.50,,,2,0,2025,2025-07
2025-07-30,2025,R,701542,642136,FF,4-Seam Fastball,,ball,L,R,NYY,TB,92.40,,,1,0,2025,2025-07
2025-07-30,2025,R,701542,642136,FF,4-Seam Fastball,,ball,L,R,NYY,TB,91.50,,,0,0,2025,2025-07
2025-07-30,2025,R,701542,650490,FF,4-Seam Fastball,strikeout,swinging_strike,R,R,NYY,TB,93.10,,,2,2,2025,2025-07
2025-07-30,2025,R,701542,650490,FF,4-Seam Fastball,,called_strike,R,R,NYY,TB,92.40,,,2,1,2025,2025-07
2025-07-30,2025,R,701542,650490,SI,Sinker,,blocked_ball,R,R,NYY,TB,94.30,,,1,1,2025,2025-07
2025-07-30,2025,R,701542,650490,ST,Sweeper,,called_strike,R,R,NYY,TB,83.00,,,1,0,2025,2025-07
2025-07-30,2025,R,701542,650490,SI,Sinker,,ball,R,R,NYY,TB,93.00,,,0,0,2025,2025-07
2025-07-30,2025,R,701542,650490,SI,Sinker,field_out,hit_into_play,R,R,NYY,TB,95.00,108.10,-19,2,2,2025,2025-07
2025-07-30,2025,R,701542,650490,ST,Sweeper,,foul_tip,R,R,NYY,TB,83.30,,,2,1,2025,2025-07
2025-07-30,2025,R,701542,650490,FF,4-Seam Fastball,,ball,R,R,NYY,TB,93.10,,,1,1,2025,2025-07
2025-07-30,2025,R,701542,650490,SI,Sinker,,called_strike,R,R,NYY,TB,92.40,,,1,0,2025,2025-07
2025-07-30,2025,R,701542,650490,SI,Sinker,,ball,R,R,NYY,TB,94.00,,,0,0,2025,2025-07
2025-07-30,2025,R,701542,650490,SI,Sinker,single,hit_into_play,R,R,NYY,TB,94.40,87.30,15,0,2,2025,2025-07
2025-07-30,2025,R,701542,650490,SI,Sinker,,foul,R,R,NYY,TB,94.40,53.90,45,0,2,2025,2025-07
2025-07-30,2025,R,701542,650490,ST,Sweeper,,swinging_strike,R,R,NYY,TB,84.80,,,0,1,2025,2025-07
2025-07-30,2025,R,701542,650490,ST,Sweeper,,called_strike,R,R,NYY,TB,84.60,,,0,0,2025,2025-07
2025-07-30,2025,R,701542,663968,SI,Sinker,single,hit_into_play,L,R,NYY,TB,92.40,94.00,-20,0,1,2025,2025-07
2025-07-30,2025,R,701542,663968,FF,4-Seam Fastball,,foul,L,R,NYY,TB,92.60,69.20,82,0,0,2025,2025-07
2025-07-30,2025,R,701542,663968,FF,4-Seam Fastball,strikeout,called_strike,L,R,NYY,TB,95.90,,,2,2,2025,2025-07
2025-07-30,2025,R,701542,663968,FF,4-Seam Fastball,,ball,L,R,NYY,TB,94.00,,,1,2,2025,2025-07
2025-07-30,2025,R,701542,663968,SI,Sinker,,foul,L,R,NYY,TB,94.10,82.00,37,1,1,2025,2025-07
2025-07-30,2025,R,701542,663968,ST,Sweeper,,ball,L,R,NYY,TB,82.90,,,0,1,2025,2025-07
2025-07-30,2025,R,701542,663968,FF,4-Seam Fastball,,called_strike,L,R,NYY,TB,94.50,,,0,0,2025,2025-07
2025-07-30,2025,R,701542,664040,SI,Sinker,single,hit_into_play,L,R,NYY,TB,92.80,100.70,16,0,0,2025,2025-07
2025-07-30,2025,R,701542,664040,CU,Curveball,double,hit_into_play,L,R,NYY,TB,81.60,93.30,14,2,2,2025,2025-07
2025-07-30,2025,R,701542,664040,FF,4-Seam Fastball,,foul,L,R,NYY,TB,94.30,70.30,53,2,1,2025,2025-07
2025-07-30,2025,R,701542,664040,CH,Changeup,,blocked_ball,L,R,NYY,TB,87.00,,,1,1,2025,2025-07
2025-07-30,2025,R,701542,664040,FF,4-Seam Fastball,,called_strike,L,R,NYY,TB,93.80,,,1,0,2025,2025-07
2025-07-30,2025,R,701542,664040,FF,4-Seam Fastball,,ball,L,R,NYY,TB,94.00,,,0,0,2025,2025-07
2025-07-30,2025,R,701542,664040,FF,4-Seam Fastball,field_out,hit_into_play,L,R,NYY,TB,94.40,101.90,-10,1,0,2025,2025-07
2025-07-30,2025,R,701542,664040,FF,4-Seam Fastball,,ball,L,R,NYY,TB,95.30,,,0,0,2025,2025-07
2025-07-30,2025,R,701542,666018,SI,Sinker,strikeout,called_strike,L,R,NYY,TB,93.10,,,3,2,2025,2025-07
2025-07-30,2025,R,701542,666018,FF,4-Seam Fastball,,foul,L,R,NYY,TB,93.00,76.90,22,3,2,2025,2025-07
2025-07-30,2025,R,701542,666018,ST,Sweeper,,foul,L,R,NYY,TB,83.20,65.70,48,3,2,2025,2025-07
2025-07-30,2025,R,701542,666018,ST,Sweeper,,called_strike,L,R,NYY,TB,82.70,,,3,1,2025,2025-07
2025-07-30,2025,R,701542,666018,SI,Sinker,,ball,L,R,NYY,TB,92.60,,,2,1,2025,2025-07
2025-07-30,2025,R,701542,666018,FF,4-Seam Fastball,,ball,L,R,NYY,TB,90.30,,,1,1,2025,2025-07
2025-07-30,2025,R,701542,666018,CH,Changeup,,ball,L,R,NYY,TB,82.90,,,0,1,2025,2025-07
2025-07-30,2025,R,701542,666018,ST,Sweeper,,foul,L,R,NYY,TB,81.10,99.50,6,0,0,2025,2025-07
2025-07-30,2025,R,701542,666018,ST,Sweeper,single,hit_into_play,L,R,NYY,TB,82.00,68.10,20,1,2,2025,2025-07
2025-07-30,2025,R,701542,666018,ST,Sweeper,,foul,L,R,NYY,TB,81.90,62.40,30,1,2,2025,2025-07
2025-07-30,2025,R,701542,666018,CH,Changeup,,ball,L,R,NYY,TB,84.00,,,0,2,2025,2025-07
2025-07-30,2025,R,701542,666018,FF,4-Seam Fastball,,foul,L,R,NYY,TB,92.50,48.30,-43,0,1,2025,2025-07
2025-07-30,2025,R,701542,666018,FF,4-Seam Fastball,,called_strike,L,R,NYY,TB,91.80,,,0,0,2025,2025-07
2025-07-30,2025,R,701542,666018,FF,4-Seam Fastball,field_out,hit_into_play,L,R,NYY,TB,94.70,84.30,-22,3,2,2025,2025-07
2025-07-30,2025,R,701542,666018,SI,Sinker,,foul,L,R,NYY,TB,95.40,68.70,-36,3,2,2025,2025-07
2025-07-30,2025,R,701542,666018,CU,Curveball,,blocked_ball,L,R,NYY,TB,81.50,,,2,2,2025,2025-07
2025-07-30,2025,R,701542,666018,CU,Curveball,,ball,L,R,NYY,TB,81.90,,,1,2,2025,2025-07
2025-07-30,2025,R,701542,666018,SI,Sinker,,foul,L,R,NYY,TB,93.20,80.50,32,1,1,2025,2025-07
2025-07-30,2025,R,701542,666018,SI,Sinker,,foul,L,R,NYY,TB,93.80,,,1,0,2025,2025-07
2025-07-30,2025,R,701542,666018,FF,4-Seam Fastball,,ball,L,R,NYY,TB,94.20,,,0,0,2025,2025-07
2025-07-30,2025,R,701542,666139,FF,4-Seam Fastball,field_out,hit_into_play,L,R,NYY,TB,94.40,86.20,24,3,2,2025,2025-07
2025-07-30,2025,R,701542,666139,CU,Curveball,,ball,L,R,NYY,TB,80.40,,,2,2,2025,2025-07
2025-07-30,2025,R,701542,666139,CH,Changeup,,ball,L,R,NYY,TB,86.60,,,1,2,2025,2025-07
2025-07-30,2025,R,701542,666139,CH,Changeup,,foul,L,R,NYY,TB,85.00,38.30,-32,1,1,2025,2025-07
2025-07-30,2025,R,701542,666139,CH,Changeup,,ball,L,R,NYY,TB,88.00,,,0,1,2025,2025-07
2025-07-30,2025,R,701542,666139,FF,4-Seam Fastball,,called_strike,L,R,NYY,TB,94.40,,,0,0,2025,2025-07
2025-07-30,2025,R,701542,666139,CH,Changeup,walk,ball,L,R,NYY,TB,86.90,,,3,2,2025,2025-07
2025-07-30,2025,R,701542,666139,FF,4-Seam Fastball,,foul,L,R,NYY,TB,94.60,75.60,34,3,1,2025,2025-07
2025-07-30,2025,R,701542,666139,FF,4-Seam Fastball,,foul,L,R,NYY,TB,92.70,,,3,0,2025,2025-07
2025-07-30,2025,R,701542,666139,SI,Sinker,,ball,L,R,NYY,TB,92.80,,,2,0,2025,2025-07
2025-07-30,2025,R,701542,666139,SI,Sinker,,ball,L,R,NYY,TB,92.50,,,1,0,2025,2025-07
2025-07-30,2025,R,701542,666139,FF,4-Seam Fastball,,ball,L,R,NYY,TB,93.60,,,0,0,2025,2025-07
2025-07-30,2025,R,701542,666139,CU,Curveball,field_out,hit_into_play,L,R,NYY,TB,77.80,73.40,-40,0,1,2025,2025-07
2025-07-30,2025,R,701542,666139,FF,4-Seam Fastball,,called_strike,L,R,NYY,TB,91.90,,,0,0,2025,2025-07
2025-07-30,2025,R,701542,670764,FF,4-Seam Fastball,field_out,hit_into_play,L,R,NYY,TB,92.50,89.30,70,2,2,2025,2025-07
2025-07-30,2025,R,701542,670764,CH,Changeup,,ball,L,R,NYY,TB,85.20,,,1,2,2025,2025-07
2025-07-30,2025,R,701542,670764,SI,Sinker,,foul,L,R,NYY,TB,91.50,73.10,48,1,1,2025,2025-07
2025-07-30,2025,R,701542,670764,FF,4-Seam Fastball,,ball,L,R,NYY,TB,90.60,,,0,1,2025,2025-07
2025-07-30,2025,R,701542,670764,FF,4-Seam Fastball,,called_strike,L,R,NYY,TB,90.60,,,0,0,2025,2025-07
2025-07-30,2025,R,701542,670764,FF,4-Seam Fastball,double,hit_into_play,L,R,NYY,TB,93.20,100.80,26,1,2,2025,2025-07
2025-07-30,2025,R,701542,670764,CU,Curveball,,foul,L,R,NYY,TB,80.10,66.70,-41,1,2,2025,2025-07
2025-07-30,2025,R,701542,670764,FF,4-Seam Fastball,,ball,L,R,NYY,TB,93.50,,,0,2,2025,2025-07
2025-07-30,2025,R,701542,670764,FF,4-Seam Fastball,,foul,L,R,NYY,TB,93.20,68.50,48,0,1,2025,2025-07
2025-07-30,2025,R,701542,670764,FF,4-Seam Fastball,,called_strike,L,R,NYY,TB,92.80,,,0,0,2025,2025-07
2025-07-30,2025,R,701542,691406,SI,Sinker,field_out,hit_into_play,R,R,NYY,TB,92.50,95.70,46,2,0,2025,2025-07
2025-07-30,2025,R,701542,691406,ST,Sweeper,,ball,R,R,NYY,TB,84.30,,,1,0,2025,2025-07
2025-07-30,2025,R,701542,691406,SI,Sinker,,ball,R,R,NYY,TB,93.40,,,0,0,2025,2025-07
2025-07-30,2025,R,701542,691406,ST,Sweeper,strikeout_double_play,swinging_strike,R,R,NYY,TB,82.00,,,3,2,2025,2025-07
2025-07-30,2025,R,701542,691406,ST,Sweeper,,ball,R,R,NYY,TB,83.80,,,2,2,2025,2025-07
2025-07-30,2025,R,701542,691406,FF,4-Seam Fastball,,foul,R,R,NYY,TB,94.60,79.50,14,2,2,2025,2025-07
2025-07-30,2025,R,701542,691406,SI,Sinker,,foul,R,R,NYY,TB,94.20,69.30,-62,2,1,2025,2025-07
2025-07-30,2025,R,701542,691406,SI,Sinker,,ball,R,R,NYY,TB,92.60,,,1,1,2025,2025-07
2025-07-30,2025,R,701542,691406,SI,Sinker,,ball,R,R,NYY,TB,93.50,,,0,1,2025,2025-07
2025-07-30,2025,R,701542,691406,SI,Sinker,,called_strike,R,R,NYY,TB,94.00,,,0,0,2025,2025-07
2025-07-30,2025,R,701542,691406,ST,Sweeper,field_error,hit_into_play,R,R,NYY,TB,81.70,104.10,2,0,2,2025,2025-07
2025-07-30,2025,R,701542,691406,ST,Sweeper,,foul,R,R,NYY,TB,80.40,87.10,-8,0,1,2025,2025-07
2025-07-30,2025,R,701542,691406,FF,4-Seam Fastball,,foul,R,R,NYY,TB,93.30,,,0,0,2025,2025-07
2025-07-30,2025,R,701542,802415,FF,4-Seam Fastball,field_out,hit_into_play,L,R,NYY,TB,92.70,94.40,-9,1,1,2025,2025-07
2025-07-30,2025,R,701542,802415,ST,Sweeper,,called_strike,L,R,NYY,TB,82.40,,,1,0,2025,2025-07
2025-07-30,2025,R,701542,802415,SI,Sinker,,ball,L,R,NYY,TB,92.10,,,0,0,2025,2025-07
2025-07-30,2025,R,701542,802415,FF,4-Seam Fastball,field_out,hit_into_play,L,R,NYY,TB,91.40,98.80,-4,1,0,2025,2025-07
2025-07-30,2025,R,701542,802415,ST,Sweeper,,ball,L,R,NYY,TB,80.80,,,0,0,2025,2025-07
2025-07-30,2025,R,701542,802415,FF,4-Seam Fastball,field_out,hit_into_play,L,R,NYY,TB,94.30,90.50,-12,3,2,2025,2025-07
2025-07-30,2025,R,701542,802415,FF,4-Seam Fastball,,ball,L,R,NYY,TB,94.90,,,2,2,2025,2025-07
2025-07-30,2025,R,701542,802415,CU,Curveball,,ball,L,R,NYY,TB,79.80,,,1,2,2025,2025-07
2025-07-30,2025,R,701542,802415,FF,4-Seam Fastball,,called_strike,L,R,NYY,TB,94.30,,,1,1,2025,2025-07
2025-07-30,2025,R,701542,802415,FF,4-Seam Fastball,,ball,L,R,NYY,TB,93.90,,,0,1,2025,2025-07
2025-07-30,2025,R,701542,802415,FF,4-Seam Fastball,,called_strike,L,R,NYY,TB,94.00,,,0,0,2025,2025-07
2025-07-30,2025,R,702352,643396,FC,Cutter,field_out,hit_into_play,R,R,SF,PIT,90.40,66.80,-43,1,1,2025,2025-07
2025-07-30,2025,R,702352,643396,FC,Cutter,,ball,R,R,SF,PIT,90.30,,,0,1,2025,2025-07
2025-07-30,2025,R,702352,643396,SI,Sinker,,called_strike,R,R,SF,PIT,94.10,,,0,0,2025,2025-07
2025-07-30,2025,R,805673,596115,CH,Changeup,double,hit_into_play,R,R,MIN,BOS,88.10,105.80,11,2,2,2025,2025-07
2025-07-30,2025,R,805673,596115,SL,Slider,,ball,R,R,MIN,BOS,88.70,,,1,2,2025,2025-07
2025-07-30,2025,R,805673,596115,SL,Slider,,ball,R,R,MIN,BOS,88.10,,,0,2,2025,2025-07
2025-07-30,2025,R,805673,596115,CU,Curveball,,foul,R,R,MIN,BOS,84.00,85.20,-27,0,1,2025,2025-07
2025-07-30,2025,R,805673,596115,FF,4-Seam Fastball,,called_strike,R,R,MIN,BOS,94.10,,,0,0,2025,2025-07
2025-07-30,2025,R,805673,596115,FF,4-Seam Fastball,home_run,hit_into_play,R,R,MIN,BOS,94.70,110.80,17,1,0,2025,2025-07
2025-07-30,2025,R,805673,596115,FF,4-Seam Fastball,,ball,R,R,MIN,BOS,94.60,,,0,0,2025,2025-07
2025-07-30,2025,R,805673,647351,CH,Changeup,field_out,hit_into_play,L,R,MIN,BOS,89.10,61.00,-25,1,1,2025,2025-07
2025-07-30,2025,R,805673,647351,FC,Cutter,,foul,L,R,MIN,BOS,93.30,79.70,56,1,0,2025,2025-07
2025-07-30,2025,R,805673,647351,CH,Changeup,,ball,L,R,MIN,BOS,89.10,,,0,0,2025,2025-07
2025-07-30,2025,R,805673,647351,FF,4-Seam Fastball,sac_fly,hit_into_play,L,R,MIN,BOS,97.20,87.10,17,3,2,2025,2025-07
2025-07-30,2025,R,805673,647351,FF,4-Seam Fastball,,foul,L,R,MIN,BOS,97.00,76.20,62,3,2,2025,2025-07
2025-07-30,2025,R,805673,647351,FC,Cutter,,foul,L,R,MIN,BOS,92.40,106.90,23,3,2,2025,2025-07
2025-07-30,2025,R,805673,647351,FC,Cutter,,foul,L,R,MIN,BOS,92.30,,,3,2,2025,2025-07
2025-07-30,2025,R,805673,647351,FF,4-Seam Fastball,,ball,L,R,MIN,BOS,96.80,,,2,2,2025,2025-07
2025-07-30,2025,R,805673,647351,SL,Slider,,foul,L,R,MIN,BOS,89.90,83.50,-6,2,2,2025,2025-07
2025-07-30,2025,R,805673,647351,FF,4-Seam Fastball,,ball,L,R,MIN,BOS,96.50,,,1,2,2025,2025-07
2025-07-30,2025,R,805673,647351,SL,Slider,,blocked_ball,L,R,MIN,BOS,88.90,,,0,2,2025,2025-07
2025-07-30,2025,R,805673,647351,FC,Cutter,,foul,L,R,MIN,BOS,92.90,74.30,82,0,1,2025,2025-07
2025-07-30,2025,R,805673,647351,FC,Cutter,,foul,L,R,MIN,BOS,92.20,75.20,83,0,0,2025,2025-07
2025-07-30,2025,R,805673,647351,CU,Curveball,field_out,hit_into_play,L,R,MIN,BOS,83.60,57.40,53,0,2,2025,2025-07
2025-07-30,2025,R,805673,647351,SL,Slider,,foul,L,R,MIN,BOS,89.10,79.40,-9,0,1,2025,2025-07
2025-07-30,2025,R,805673,647351,FF,4-Seam Fastball,,foul_tip,L,R,MIN,BOS,96.00,,,0,0,2025,2025-07
2025-07-30,2025,R,805673,657136,FC,Cutter,single,hit_into_play,R,R,MIN,BOS,91.60,88.90,14,1,0,2025,2025-07
2025-07-30,2025,R,805673,657136,CU,Curveball,,ball,R,R,MIN,BOS,81.80,,,0,0,2025,2025-07
2025-07-30,2025,R,805673,657136,FF,4-Seam Fastball,double,hit_into_play,R,R,MIN,BOS,95.70,71.20,47,2,0,2025,2025-07
2025-07-30,2025,R,805673,657136,FC,Cutter,,ball,R,R,MIN,BOS,91.00,,,1,0,2025,2025-07
2025-07-30,2025,R,805673,657136,FF,4-Seam Fastball,,ball,R,R,MIN,BOS,95.00,,,0,0,2025,2025-07
2025-07-30,2025,R,805673,663853,FF,4-Seam Fastball,strikeout,foul_tip,R,R,MIN,BOS,97.10,,,3,2,2025,2025-07
2025-07-30,2025,R,805673,663853,FF,4-Seam Fastball,,foul,R,R,MIN,BOS,96.20,75.10,39,3,2,2025,2025-07
2025-07-30,2025,R,805673,663853,SL,Slider,,blocked_ball,R,R,MIN,BOS,89.30,,,2,2,2025,2025-07
2025-07-30,2025,R,805673,663853,FF,4-Seam Fastball,,called_strike,R,R,MIN,BOS,97.30,,,2,1,2025,2025-07
2025-07-30,2025,R,805673,663853,CU,Curveball,,ball,R,R,MIN,BOS,85.40,,,1,1,2025,2025-07
2025-07-30,2025,R,805673,663853,SL,Slider,,ball,R,R,MIN,BOS,89.90,,,0,1,2025,2025-07
2025-07-30,2025,R,805673,663853,SL,Slider,,called_strike,R,R,MIN,BOS,89.30,,,0,0,2025,2025-07
2025-07-30,2025,R,805673,663853,CH,Changeup,single,hit_into_play,R,R,MIN,BOS,87.00,110.70,6,0,1,2025,2025-07
2025-07-30,2025,R,805673,663853,SL,Slider,,swinging_strike,R,R,MIN,BOS,87.90,,,0,0,2025,2025-07
2025-07-30,2025,R,805673,677800,FF,4-Seam Fastball,field_out,hit_into_play,L,R,MIN,BOS,95.40,91.90,62,0,0,2025,2025-07
2025-07-30,2025,R,805673,677800,FF,4-Seam Fastball,strikeout,called_strike,L,R,MIN,BOS,96.40,,,3,2,2025,2025-07
2025-07-30,2025,R,805673,677800,FF,4-Seam Fastball,,ball,L,R,MIN,BOS,95.90,,,2,2,2025,2025-07
2025-07-30,2025,R,805673,677800,SL,Slider,,foul,L,R,MIN,BOS,88.20,99.20,7,2,2,2025,2025-07
2025-07-30,2025,R,805673,677800,FF,4-Seam Fastball,,foul,L,R,MIN,BOS,94.90,81.10,69,2,1,2025,2025-07
2025-07-30,2025,R,805673,677800,FF,4-Seam Fastball,,ball,L,R,MIN,BOS,95.00,,,1,1,2025,2025-07
2025-07-30,2025,R,805673,677800,FC,Cutter,,ball,L,R,MIN,BOS,90.60,,,0,1,2025,2025-07
2025-07-30,2025,R,805673,677800,FF,4-Seam Fastball,,called_strike,L,R,MIN,BOS,95.00,,,0,0,2025,2025-07
2025-07-30,2025,R,805673,678882,FF,4-Seam Fastball,field_out,hit_into_play,R,R,MIN,BOS,96.60,86.80,34,2,2,2025,2025-07
2025-07-30,2025,R,805673,678882,SL,Slider,,ball,R,R,MIN,BOS,90.10,,,1,2,2025,2025-07
2025-07-30,2025,R,805673,678882,FF,4-Seam Fastball,,foul,R,R,MIN,BOS,96.80,79.50,19,1,2,2025,2025-07
2025-07-30,2025,R,805673,678882,FF,4-Seam Fastball,,foul,R,R,MIN,BOS,97.30,80.20,24,1,2,2025,2025-07
2025-07-30,2025,R,805673,678882,SL,Slider,,foul,R,R,MIN,BOS,89.50,67.80,55,1,2,2025,2025-07
2025-07-30,2025,R,805673,678882,FF,4-Seam Fastball,,swinging_strike,R,R,MIN,BOS,96.60,,,1,1,2025,2025-07
2025-07-30,2025,R,805673,678882,FF,4-Seam Fastball,,swinging_strike,R,R,MIN,BOS,96.70,,,1,0,2025,2025-07
2025-07-30,2025,R,805673,678882,FF,4-Seam Fastball,,ball,R,R,MIN,BOS,96.00,,,0,0,2025,2025-07
2025-07-30,2025,R,805673,678882,SL,Slider,field_out,hit_into_play,R,R,MIN,BOS,88.20,77.20,28,0,0,2025,2025-07
2025-07-30,2025,R,805673,680776,FF,4-Seam Fastball,single,hit_into_play,L,R,MIN,BOS,97.00,93.30,16,0,1,2025,2025-07
2025-07-30,2025,R,805673,680776,FF,4-Seam Fastball,,called_strike,L,R,MIN,BOS,97.40,,,0,0,2025,2025-07
2025-07-30,2025,R,805673,680776,CH,Changeup,grounded_into_double_play,hit_into_play,L,R,MIN,BOS,90.00,105.50,1,0,0,2025,2025-07
2025-07-30,2025,R,805673,680776,SL,Slider,strikeout,swinging_strike,L,R,MIN,BOS,88.90,,,0,2,2025,2025-07
2025-07-30,2025,R,805673,680776,CU,Curveball,,foul,L,R,MIN,BOS,85.40,66.50,-37,0,1,2025,2025-07
2025-07-30,2025,R,805673,680776,FF,4-Seam Fastball,,called_strike,L,R,MIN,BOS,96.40,,,0,0,2025,2025-07
2025-07-30,2025,R,805673,701350,FF,4-Seam Fastball,double,hit_into_play,L,R,MIN,BOS,95.40,113.00,18,0,0,2025,2025-07
2025-07-30,2025,R,805673,701350,CH,Changeup,single,hit_into_play,L,R,MIN,BOS,88.60,101.30,12,2,1,2025,2025-07
2025-07-30,2025,R,805673,701350,CH,Changeup,,ball,L,R,MIN,BOS,89.10,,,1,1,2025,2025-07
2025-07-30,2025,R,805673,701350,FF,4-Seam Fastball,,ball,L,R,MIN,BOS,95.90,,,0,1,2025,2025-07
2025-07-30,2025,R,805673,701350,FF,4-Seam Fastball,,called_strike,L,R,MIN,BOS,95.80,,,0,0,2025,2025-07
2025-07-30,2025,R,805673,701350,CU,Curveball,field_out,hit_into_play,L,R,MIN,BOS,84.90,104.80,42,1,1,2025,2025-07
2025-07-30,2025,R,805673,701350,FF,4-Seam Fastball,,foul,L,R,MIN,BOS,95.70,83.80,72,1,0,2025,2025-07
2025-07-30,2025,R,805673,701350,FF,4-Seam Fastball,,ball,L,R,MIN,BOS,95.30,,,0,0,2025,2025-07
2025-07-30,2025,R,805673,807799,SL,Slider,strikeout,swinging_strike,L,R,MIN,BOS,89.00,,,0,2,2025,2025-07
2025-07-30,2025,R,805673,807799,FF,4-Seam Fastball,,called_strike,L,R,MIN,BOS,96.70,,,0,1,2025,2025-07
2025-07-30,2025,R,805673,807799,FF,4-Seam Fastball,,foul,L,R,MIN,BOS,96.60,75.70,56,0,0,2025,2025-07
2025-07-30,2025,R,805673,807799,SL,Slider,field_out,hit_into_play,L,R,MIN,BOS,88.30,83.00,52,1,1,2025,2025-07
2025-07-30,2025,R,805673,807799,FF,4-Seam Fastball,,foul,L,R,MIN,BOS,96.40,73.10,51,1,0,2025,2025-07
2025-07-30,2025,R,805673,807799,FF,4-Seam Fastball,,ball,L,R,MIN,BOS,95.30,,,0,0,2025,2025-07
2025-07-31,2025,R,471911,641584,FF,4-Seam Fastball,strikeout,called_strike,L,R,CIN,ATL,92.30,,,3,2,2025,2025-07
2025-07-31,2025,R,471911,641584,CU,Curveball,,ball,L,R,CIN,ATL,80.20,,,2,2,2025,2025-07
2025-07-31,2025,R,471911,641584,FF,4-Seam Fastball,,foul,L,R,CIN,ATL,91.50,59.30,46,2,1,2025,2025-07
2025-07-31,2025,R,471911,641584,FF,4-Seam Fastball,,ball,L,R,CIN,ATL,91.20,,,1,1,2025,2025-07
2025-07-31,2025,R,471911,641584,CH,Changeup,,ball,L,R,CIN,ATL,86.30,,,0,1,2025,2025-07
2025-07-31,2025,R,471911,641584,CH,Changeup,,foul,L,R,CIN,ATL,84.10,93.60,-24,0,0,2025,2025-07
2025-07-31,2025,R,471911,641584,CH,Changeup,single,hit_into_play,L,R,CIN,ATL,83.80,72.30,32,1,1,2025,2025-07
2025-07-31,2025,R,471911,641584,CH,Changeup,,foul,L,R,CIN,ATL,84.50,91.70,-9,1,0,2025,2025-07
2025-07-31,2025,R,471911,641584,FF,4-Seam Fastball,,ball,L,R,CIN,ATL,90.90,,,0,0,2025,2025-07
2025-07-31,2025,R,471911,641584,SI,Sinker,walk,ball,L,R,CIN,ATL,90.50,,,3,2,2025,2025-07
2025-07-31,2025,R,471911,641584,CH,Changeup,,ball,L,R,CIN,ATL,86.30,,,2,2,2025,2025-07
2025-07-31,2025,R,471911,641584,CH,Changeup,,ball,L,R,CIN,ATL,86.50,,,1,2,2025,2025-07
2025-07-31,2025,R,471911,641584,FF,4-Seam Fastball,,foul,L,R,CIN,ATL,91.80,78.20,70,1,1,2025,2025-07
2025-07-31,2025,R,471911,641584,CU,Curveball,,ball,L,R,CIN,ATL,81.10,,,0,1,2025,2025-07
2025-07-31,2025,R,471911,641584,CU,Curveball,,called_strike,L,R,CIN,ATL,78.90,,,0,0,2025,2025-07
2025-07-31,2025,R,471911,663647,SI,Sinker,field_out,hit_into_play,R,R,CIN,ATL,90.20,67.50,-39,1,1,2025,2025-07
2025-07-31,2025,R,471911,663647,SL,Slider,,ball,R,R,CIN,ATL,86.50,,,0,1,2025,2025-07
2025-07-31,2025,R,471911,663647,FF,4-Seam Fastball,,called_strike,R,R,CIN,ATL,92.50,,,0,0,2025,2025-07
2025-07-31,2025,R,471911,663647,SL,Slider,field_out,hit_into_play,R,R,CIN,ATL,84.20,71.60,54,0,2,2025,2025-07
2025-07-31,2025,R,471911,663647,SL,Slider,,swinging_strike,R,R,CIN,ATL,84.80,,,0,1,2025,2025-07
2025-07-31,2025,R,471911,663647,SL,Slider,,called_strike,R,R,CIN,ATL,85.50,,,0,0,2025,2025-07
2025-07-31,2025,R,471911,663647,SL,Slider,field_out,hit_into_play,R,R,CIN,ATL,85.10,59.80,15,1,0,2025,2025-07
2025-07-31,2025,R,471911,663647,FF,4-Seam Fastball,,ball,R,R,CIN,ATL,91.70,,,0,0,2025,2025-07
2025-07-31,2025,R,471911,663886,CU,Curveball,strikeout,called_strike,R,R,CIN,ATL,79.40,,,1,2,2025,2025-07
2025-07-31,2025,R,471911,663886,SL,Slider,,foul,R,R,CIN,ATL,85.80,65.80,47,1,2,2025,2025-07
2025-07-31,2025,R,471911,663886,SL,Slider,,ball,R,R,CIN,ATL,85.90,,,0,2,2025,2025-07
2025-07-31,2025,R,471911,663886,FF,4-Seam Fastball,,foul_tip,R,R,CIN,ATL,92.50,,,0,1,2025,2025-07
2025-07-31,2025,R,471911,663886,FF,4-Seam Fastball,,called_strike,R,R,CIN,ATL,93.40,,,0,0,2025,2025-07
2025-07-31,2025,R,471911,663886,SL,Slider,strikeout,swinging_strike,R,R,CIN,ATL,85.90,,,1,2,2025,2025-07
2025-07-31,2025,R,471911,663886,CH,Changeup,,ball,R,R,CIN,ATL,85.70,,,0,2,2025,2025-07
2025-07-31,2025,R,471911,663886,FF,4-Seam Fastball,,swinging_strike,R,R,CIN,ATL,91.20,,,0,1,2025,2025-07
2025-07-31,2025,R,471911,663886,SL,Slider,,called_strike,R,R,CIN,ATL,83.00,,,0,0,2025,2025-07
2025-07-31,2025,R,471911,663886,SI,Sinker,double,hit_into_play,R,R,CIN,ATL,90.40,102.50,19,1,1,2025,2025-07
2025-07-31,2025,R,471911,663886,CU,Curveball,,ball,R,R,CIN,ATL,80.50,,,0,1,2025,2025-07
2025-07-31,2025,R,471911,663886,SL,Slider,,called_strike,R,R,CIN,ATL,83.90,,,0,0,2025,2025-07
2025-07-31,2025,R,471911,666181,CU,Curveball,single,hit_into_play,L,R,CIN,ATL,78.90,87.40,17,0,1,2025,2025-07
2025-07-31,2025,R,471911,666181,FF,4-Seam Fastball,,swinging_strike,L,R,CIN,ATL,92.50,,,0,0,2025,2025-07
2025-07-31,2025,R,471911,666181,FF,4-Seam Fastball,field_out,hit_into_play,L,R,CIN,ATL,91.80,81.30,80,2,2,2025,2025-07
2025-07-31,2025,R,471911,666181,CH,Changeup,,ball,L,R,CIN,ATL,85.10,,,1,2,2025,2025-07
2025-07-31,2025,R,471911,666181,CH,Changeup,,ball,L,R,CIN,ATL,85.00,,,0,2,2025,2025-07
2025-07-31,2025,R,471911,666181,CH,Changeup,,swinging_strike,L,R,CIN,ATL,85.60,,,0,1,2025,2025-07
2025-07-31,2025,R,471911,666181,SL,Slider,,called_strike,L,R,CIN,ATL,84.60,,,0,0,2025,2025-07
2025-07-31,2025,R,471911,666181,FF,4-Seam Fastball,field_out,hit_into_play,L,R,CIN,ATL,92.40,88.60,65,0,1,2025,2025-07
2025-07-31,2025,R,471911,666181,FF,4-Seam Fastball,,foul,L,R,CIN,ATL,92.90,55.90,63,0,0,2025,2025-07
2025-07-31,2025,R,471911,668715,SL,Slider,field_out,hit_into_play,R,R,CIN,ATL,86.50,95.40,26,2,1,2025,2025-07
2025-07-31,2025,R,471911,668715,FF,4-Seam Fastball,,ball,R,R,CIN,ATL,91.00,,,1,1,2025,2025-07
2025-07-31,2025,R,471911,668715,SI,Sinker,,called_strike,R,R,CIN,ATL,90.60,,,1,0,2025,2025-07
2025-07-31,2025,R,471911,668715,CH,Changeup,,ball,R,R,CIN,ATL,85.40,,,0,0,2025,2025-07
2025-07-31,2025,R,471911,668715,SL,Slider,walk,ball,R,R,CIN,ATL,82.90,,,3,2,2025,2025-07
2025-07-31,2025,R,471911,668715,SL,Slider,,foul,R,R,CIN,ATL,83.40,74.20,64,3,2,2025,2025-07
2025-07-31,2025,R,471911,668715,SL,Slider,,called_strike,R,R,CIN,ATL,82.30,,,3,1,2025,2025-07
2025-07-31,2025,R,471911,668715,SL,Slider,,ball,R,R,CIN,ATL,85.00,,,2,1,2025,2025-07
2025-07-31,2025,R,471911,668715,CH,Changeup,,ball,R,R,CIN,ATL,84.10,,,1,1,2025,2025-07
2025-07-31,2025,R,471911,668715,FF,4-Seam Fastball,,ball,R,R,CIN,ATL,90.50,,,0,1,2025,2025-07
2025-07-31,2025,R,471911,668715,SL,Slider,,called_strike,R,R,CIN,ATL,82.80,,,0,0,2025,2025-07
2025-07-31,2025,R,471911,668715,FF,4-Seam Fastball,field_out,hit_into_play,R,R,CIN,ATL,92.10,94.20,32,1,0,2025,2025-07
2025-07-31,2025,R,471911,668715,SI,Sinker,,ball,R,R,CIN,ATL,91.10,,,0,0,2025,2025-07
2025-07-31,2025,R,471911,669720,SI,Sinker,field_out,hit_into_play,R,R,CIN,ATL,90.40,74.30,52,0,1,2025,2025-07
2025-07-31,2025,R,471911,669720,SL,Slider,,foul,R,R,CIN,ATL,86.00,70.00,62,0,0,2025,2025-07
2025-07-31,2025,R,471911,669720,SL,Slider,strikeout,swinging_strike,R,R,CIN,ATL,85.10,,,0,2,2025,2025-07
2025-07-31,2025,R,471911,669720,SI,Sinker,,swinging_strike,R,R,CIN,ATL,91.20,,,0,1,2025,2025-07
2025-07-31,2025,R,471911,669720,SI,Sinker,,called_strike,R,R,CIN,ATL,90.80,,,0,0,2025,2025-07
2025-07-31,2025,R,471911,669720,SI,Sinker,field_out,hit_into_play,R,R,CIN,ATL,91.80,,,0,0,2025,2025-07
2025-07-31,2025,R,471911,680574,CH,Changeup,double,hit_into_play,R,R,CIN,ATL,84.70,104.30,17,1,1,2025,2025-07
2025-07-31,2025,R,471911,680574,FF,4-Seam Fastball,,foul,R,R,CIN,ATL,90.80,,,1,0,2025,2025-07
2025-07-31,2025,R,471911,680574,CU,Curveball,,ball,R,R,CIN,ATL,75.60,,,0,0,2025,2025-07
2025-07-31,2025,R,471911,680574,FF,4-Seam Fastball,field_out,hit_into_play,R,R,CIN,ATL,92.10,95.30,-4,3,2,2025,2025-07
2025-07-31,2025,R,471911,680574,FF,4-Seam Fastball,,ball,R,R,CIN,ATL,92.30,,,2,2,2025,2025-07
2025-07-31,2025,R,471911,680574,SL,Slider,,ball,R,R,CIN,ATL,84.00,,,1,2,2025,2025-07
2025-07-31,2025,R,471911,680574,SL,Slider,,ball,R,R,CIN,ATL,82.70,,,0,2,2025,2025-07
2025-07-31,2025,R,471911,680574,SL,Slider,,swinging_strike,R,R,CIN,ATL,84.20,,,0,1,2025,2025-07
2025-07-31,2025,R,471911,680574,SL,Slider,,missed_bunt,R,R,CIN,ATL,82.50,,,0,0,2025,2025-07
2025-07-31,2025,R,471911,680574,FF,4-Seam Fastball,field_out,hit_into_play,R,R,CIN,ATL,92.00,82.30,79,3,2,2025,2025-07
2025-07-31,2025,R,471911,680574,SL,Slider,,ball,R,R,CIN,ATL,84.50,,,2,2,2025,2025-07
2025-07-31,2025,R,471911,680574,SL,Slider,,swinging_strike,R,R,CIN,ATL,85.70,,,2,1,2025,2025-07
2025-07-31,2025,R,471911,680574,FF,4-Seam Fastball,,ball,R,R,CIN,ATL,90.70,,,1,1,2025,2025-07
2025-07-31,2025,R,471911,680574,SI,Sinker,,called_strike,R,R,CIN,ATL,91.10,,,1,0,2025,2025-07
2025-07-31,2025,R,471911,680574,SI,Sinker,,ball,R,R,CIN,ATL,90.60,,,0,0,2025,2025-07
2025-07-31,2025,R,471911,682622,SL,Slider,single,hit_into_play,R,R,CIN,ATL,82.50,86.80,-3,1,2,2025,2025-07
2025-07-31,2025,R,471911,682622,SL,Slider,,ball,R,R,CIN,ATL,85.90,,,0,2,2025,2025-07
2025-07-31,2025,R,471911,682622,FF,4-Seam Fastball,,foul,R,R,CIN,ATL,91.80,74.60,17,0,1,2025,2025-07
2025-07-31,2025,R,471911,682622,SI,Sinker,,called_strike,R,R,CIN,ATL,89.50,,,0,0,2025,2025-07
2025-07-31,2025,R,471911,682622,SL,Slider,single,hit_into_play,R,R,CIN,ATL,82.90,103.20,-3,0,1,2025,2025-07
2025-07-31,2025,R,471911,682622,CU,Curveball,,called_strike,R,R,CIN,ATL,78.60,,,0,0,2025,2025-07
2025-07-31,2025,R,471911,682622,SL,Slider,field_out,hit_into_play,R,R,CIN,ATL,83.20,77.20,45,1,0,2025,2025-07
2025-07-31,2025,R,471911,682622,SI,Sinker,,ball,R,R,CIN,ATL,92.00,,,0,0,2025,2025-07
2025-07-31,2025,R,471911,682829,CH,Changeup,strikeout,swinging_strike,L,R,CIN,ATL,85.50,,,1,2,2025,2025-07
2025-07-31,2025,R,471911,682829,CH,Changeup,,swinging_strike,L,R,CIN,ATL,86.30,,,1,1,2025,2025-07
2025-07-31,2025,R,471911,682829,CU,Curveball,,blocked_ball,L,R,CIN,ATL,79.20,,,0,1,2025,2025-07
2025-07-31,2025,R,471911,682829,SL,Slider,,foul,L,R,CIN,ATL,86.40,64.40,30,0,0,2025,2025-07
2025-07-31,2025,R,471911,682829,FF,4-Seam Fastball,home_run,hit_into_play,L,R,CIN,ATL,91.60,105.20,23,1,1,2025,2025-07
2025-07-31,2025,R,471911,682829,CH,Changeup,,ball,L,R,CIN,ATL,85.70,,,0,1,2025,2025-07
2025-07-31,2025,R,471911,682829,CH,Changeup,,foul,L,R,CIN,ATL,85.90,,,0,0,2025,2025-07
2025-07-31,2025,R,471911,682829,SI,Sinker,field_out,hit_into_play,L,R,CIN,ATL,91.80,89.00,26,0,1,2025,2025-07
2025-07-31,2025,R,471911,682829,FF,4-Seam Fastball,,swinging_strike,L,R,CIN,ATL,92.90,,,0,0,2025,2025-07
2025-07-31,2025,R,572955,663647,FF,4-Seam Fastball,field_out,hit_into_play,R,R,CIN,ATL,95.30,81.40,29,1,1,2025,2025-07
2025-07-31,2025,R,572955,663647,FF,4-Seam Fastball,,called_strike,R,R,CIN,ATL,94.40,,,1,0,2025,2025-07
2025-07-31,2025,R,572955,663647,CU,Curveball,,ball,R,R,CIN,ATL,85.10,,,0,0,2025,2025-07
2025-07-31,2025,R,572955,680574,CU,Curveball,field_out,hit_into_play,R,R,CIN,ATL,84.50,95.10,49,1,0,2025,2025-07
2025-07-31,2025,R,572955,680574,CU,Curveball,,ball,R,R,CIN,ATL,84.50,,,0,0,2025,2025-07
2025-07-31,2025,R,572955,682622,CU,Curveball,field_out,hit_into_play,R,R,CIN,ATL,85.50,99.30,17,0,2,2025,2025-07
2025-07-31,2025,R,572955,682622,CU,Curveball,,foul_tip,R,R,CIN,ATL,86.30,,,0,1,2025,2025-07
2025-07-31,2025,R,572955,682622,CU,Curveball,,called_strike,R,R,CIN,ATL,85.50,,,0,0,2025,2025-07
2025-07-31,2025,R,572955,682829,CU,Curveball,strikeout,called_strike,L,R,CIN,ATL,85.30,,,3,2,2025,2025-07
2025-07-31,2025,R,572955,682829,CU,Curveball,,ball,L,R,CIN,ATL,86.00,,,2,2,2025,2025-07
2025-07-31,2025,R,572955,682829,FF,4-Seam Fastball,,swinging_strike,L,R,CIN,ATL,96.30,,,2,1,2025,2025-07
2025-07-31,2025,R,572955,682829,CU,Curveball,,foul,L,R,CIN,ATL,85.60,69.20,56,2,0,2025,2025-07
2025-07-31,2025,R,572955,682829,FF,4-Seam Fastball,,ball,L,R,CIN,ATL,95.30,,,1,0,2025,2025-07
2025-07-31,2025,R,572955,682829,FF,4-Seam Fastball,,ball,L,R,CIN,ATL,94.40,,,0,0,2025,2025-07
2025-07-31,2025,R,573186,650490,SI,Sinker,hit_by_pitch,hit_by_pitch,R,R,NYY,TB,89.90,,,1,1,2025,2025-07
2025-07-31,2025,R,573186,650490,FC,Cutter,,ball,R,R,NYY,TB,87.20,,,0,1,2025,2025-07
2025-07-31,2025,R,573186,650490,FC,Cutter,,called_strike,R,R,NYY,TB,88.90,,,0,0,2025,2025-07
2025-07-31,2025,R,573186,663743,FC,Cutter,field_out,hit_into_play,R,R,NYY,TB,88.30,101.10,27,1,1,2025,2025-07
2025-07-31,2025,R,573186,663743,SI,Sinker,,ball,R,R,NYY,TB,89.40,,,0,1,2025,2025-07
2025-07-31,2025,R,573186,663743,SI,Sinker,,called_strike,R,R,NYY,TB,89.70,,,0,0,2025,2025-07
2025-07-31,2025,R,573186,663743,SV,Slurve,field_out,hit_into_play,R,R,NYY,TB,82.30,63.20,70,1,2,2025,2025-07
2025-07-31,2025,R,573186,663743,FC,Cutter,,ball,R,R,NYY,TB,90.00,,,0,2,2025,2025-07
2025-07-31,2025,R,573186,663743,SI,Sinker,,called_strike,R,R,NYY,TB,90.90,,,0,1,2025,2025-07
2025-07-31,2025,R,573186,663743,SI,Sinker,,called_strike,R,R,NYY,TB,90.40,,,0,0,2025,2025-07
2025-07-31,2025,R,573186,663968,FS,Split-Finger,field_out,hit_into_play,L,R,NYY,TB,79.40,56.20,-5,1,1,2025,2025-07
2025-07-31,2025,R,573186,663968,FS,Split-Finger,,called_strike,L,R,NYY,TB,79.40,,,1,0,2025,2025-07
2025-07-31,2025,R,573186,663968,FC,Cutter,,ball,L,R,NYY,TB,86.20,,,0,0,2025,2025-07
2025-07-31,2025,R,573186,664040,FS,Split-Finger,single,hit_into_play,L,R,NYY,TB,80.20,65.40,6,1,2,2025,2025-07
2025-07-31,2025,R,573186,664040,FS,Split-Finger,,swinging_strike,L,R,NYY,TB,80.10,,,1,1,2025,2025-07
2025-07-31,2025,R,573186,664040,FS,Split-Finger,,ball,L,R,NYY,TB,79.90,,,0,1,2025,2025-07
2025-07-31,2025,R,573186,664040,SV,Slurve,,called_strike,L,R,NYY,TB,79.80,,,0,0,2025,2025-07
2025-07-31,2025,R,573186,664040,SI,Sinker,single,hit_into_play,L,R,NYY,TB,89.70,97.20,12,3,2,2025,2025-07
2025-07-31,2025,R,573186,664040,SL,Slider,,foul,L,R,NYY,TB,85.20,78.00,59,3,2,2025,2025-07
2025-07-31,2025,R,573186,664040,FF,4-Seam Fastball,,called_strike,L,R,NYY,TB,89.00,,,3,1,2025,2025-07
2025-07-31,2025,R,573186,664040,FS,Split-Finger,,ball,L,R,NYY,TB,80.60,,,2,1,2025,2025-07
2025-07-31,2025,R,573186,664040,FS,Split-Finger,,ball,L,R,NYY,TB,81.90,,,1,1,2025,2025-07
2025-07-31,2025,R,573186,664040,SI,Sinker,,ball,L,R,NYY,TB,90.60,,,0,1,2025,2025-07
2025-07-31,2025,R,573186,664040,CU,Curveball,,swinging_strike,L,R,NYY,TB,78.40,,,0,0,2025,2025-07
2025-07-31,2025,R,573186,664040,SV,Slurve,field_out,hit_into_play,L,R,NYY,TB,81.90,84.50,36,1,2,2025,2025-07
2025-07-31,2025,R,573186,664040,CU,Curveball,,foul,L,R,NYY,TB,78.00,99.10,14,1,1,2025,2025-07
2025-07-31,2025,R,573186,664040,FC,Cutter,,foul,L,R,NYY,TB,89.00,78.60,81,1,0,2025,2025-07
2025-07-31,2025,R,573186,664040,SI,Sinker,,ball,L,R,NYY,TB,90.90,,,0,0,2025,2025-07
2025-07-31,2025,R,573186,666018,SI,Sinker,single,hit_into_play,L,R,NYY,TB,89.40,103.30,13,1,1,2025,2025-07
2025-07-31,2025,R,573186,666018,SI,Sinker,,ball,L,R,NYY,TB,89.70,,,0,1,2025,2025-07
2025-07-31,2025,R,573186,666018,FC,Cutter,,foul,L,R,NYY,TB,90.00,74.90,53,0,0,2025,2025-07
2025-07-31,2025,R,573186,666018,FC,Cutter,field_out,hit_into_play,L,R,NYY,TB,88.50,81.40,56,0,0,2025,2025-07
2025-07-31,2025,R,573186,666139,FF,4-Seam Fastball,force_out,hit_into_play,L,R,NYY,TB,88.90,95.50,-27,3,2,2025,2025-07
2025-07-31,2025,R,573186,666139,SV,Slurve,,foul,L,R,NYY,TB,82.30,76.30,-23,3,1,2025,2025-07
2025-07-31,2025,R,573186,666139,FC,Cutter,,ball,L,R,NYY,TB,88.40,,,2,1,2025,2025-07
2025-07-31,2025,R,573186,666139,SI,Sinker,,foul,L,R,NYY,TB,88.20,72.70,19,2,0,2025,2025-07
2025-07-31,2025,R,573186,666139,FC,Cutter,,ball,L,R,NYY,TB,89.60,,,1,0,2025,2025-07
2025-07-31,2025,R,573186,666139,FS,Split-Finger,,ball,L,R,NYY,TB,82.70,,,0,0,2025,2025-07
2025-07-31,2025,R,573186,666139,FS,Split-Finger,strikeout,swinging_strike,L,R,NYY,TB,81.60,,,2,2,2025,2025-07
2025-07-31,2025,R,573186,666139,SL,Slider,,foul,L,R,NYY,TB,85.10,99.60,0,2,2,2025,2025-07
2025-07-31,2025,R,573186,666139,FC,Cutter,,swinging_strike,L,R,NYY,TB,89.50,,,2,1,2025,2025-07
2025-07-31,2025,R,573186,666139,FS,Split-Finger,,ball,L,R,NYY,TB,82.80,,,1,1,2025,2025-07
2025-07-31,2025,R,573186,666139,SI,Sinker,,called_strike,L,R,NYY,TB,90.60,,,1,0,2025,2025-07
2025-07-31,2025,R,573186,666139,SI,Sinker,,ball,L,R,NYY,TB,91.00,,,0,0,2025,2025-07
2025-07-31,2025,R,573186,666624,SV,Slurve,grounded_into_double_play,hit_into_play,R,R,NYY,TB,81.20,64.40,10,0,0,2025,2025-07
2025-07-31,2025,R,573186,666624,SI,Sinker,double,hit_into_play,R,R,NYY,TB,90.20,103.70,29,0,0,2025,2025-07
2025-07-31,2025,R,573186,670764,CU,Curveball,double,hit_into_play,L,R,NYY,TB,78.60,74.90,26,2,1,2025,2025-07
2025-07-31,2025,R,573186,670764,FC,Cutter,,ball,L,R,NYY,TB,88.70,,,1,1,2025,2025-07
2025-07-31,2025,R,573186,670764,SI,Sinker,,ball,L,R,NYY,TB,88.20,,,0,1,2025,2025-07
2025-07-31,2025,R,573186,670764,FC,Cutter,,called_strike,L,R,NYY,TB,88.20,,,0,0,2025,2025-07
2025-07-31,2025,R,573186,670764,FS,Split-Finger,strikeout,swinging_strike,L,R,NYY,TB,80.90,,,0,2,2025,2025-07
2025-07-31,2025,R,573186,670764,SI,Sinker,,swinging_strike,L,R,NYY,TB,90.20,,,0,1,2025,2025-07
2025-07-31,2025,R,573186,670764,FF,4-Seam Fastball,,called_strike,L,R,NYY,TB,88.80,,,0,0,2025,2025-07
2025-07-31,2025,R,573186,676356,SI,Sinker,single,hit_into_play,R,R,NYY,TB,89.90,106.40,-8,2,0,2025,2025-07
2025-07-31,2025,R,573186,676356,SI,Sinker,,ball,R,R,NYY,TB,89.10,,,1,0,2025,2025-07
2025-07-31,2025,R,573186,676356,SV,Slurve,,ball,R,R,NYY,TB,82.00,,,0,0,2025,2025-07
2025-07-31,2025,R,573186,676356,SI,Sinker,field_out,hit_into_play,R,R,NYY,TB,90.30,96.00,32,0,1,2025,2025-07
2025-07-31,2025,R,573186,676356,SI,Sinker,,called_strike,R,R,NYY,TB,89.50,,,0,0,2025,2025-07
2025-07-31,2025,R,573186,691406,FC,Cutter,sac_fly,hit_into_play,R,R,NYY,TB,88.60,103.00,43,0,0,2025,2025-07
2025-07-31,2025,R,573186,691406,SI,Sinker,field_out,hit_into_play,R,R,NYY,TB,90.80,103.30,15,3,2,2025,2025-07
2025-07-31,2025,R,573186,691406,FC,Cutter,,foul,R,R,NYY,TB,88.60,64.00,3,3,2,2025,2025-07
2025-07-31,2025,R,573186,691406,SV,Slurve,,ball,R,R,NYY,TB,83.20,,,2,2,2025,2025-07
2025-07-31,2025,R,573186,691406,SV,Slurve,,foul,R,R,NYY,TB,81.70,66.10,25,2,2,2025,2025-07
2025-07-31,2025,R,573186,691406,SL,Slider,,ball,R,R,NYY,TB,86.40,,,1,2,2025,2025-07
2025-07-31,2025,R,573186,691406,SI,Sinker,,foul,R,R,NYY,TB,90.60,74.90,57,1,1,2025,2025-07
2025-07-31,2025,R,573186,691406,FC,Cutter,,foul,R,R,NYY,TB,88.10,56.40,-53,1,0,2025,2025-07
2025-07-31,2025,R,573186,691406,SI,Sinker,,ball,R,R,NYY,TB,90.30,,,0,0,2025,2025-07
2025-07-31,2025,R,573186,802415,FS,Split-Finger,field_out,hit_into_play,L,R,NYY,TB,80.60,47.30,-47,1,1,2025,2025-07
2025-07-31,2025,R,573186,802415,FS,Split-Finger,,ball,L,R,NYY,TB,80.70,,,0,1,2025,2025-07
2025-07-31,2025,R,573186,802415,FS,Split-Finger,,called_strike,L,R,NYY,TB,80.10,,,0,0,2025,2025-07
2025-07-31,2025,R,573186,802415,FS,Split-Finger,strikeout,swinging_strike,L,R,NYY,TB,81.30,,,1,2,2025,2025-07
2025-07-31,2025,R,573186,802415,SI,Sinker,,foul,L,R,NYY,TB,89.60,64.30,5,1,1,2025,2025-07
2025-07-31,2025,R,573186,802415,SI,Sinker,,foul,L,R,NYY,TB,88.90,72.50,17,1,0,2025,2025-07
2025-07-31,2025,R,573186,802415,SI,Sinker,,ball,L,R,NYY,TB,90.30,,,0,0,2025,2025-07
2025-07-31,2025,R,594580,595777,CH,Changeup,strikeout,swinging_strike,R,L,CIN,ATL,86.20,,,0,2,2025,2025-07
2025-07-31,2025,R,594580,595777,ST,Sweeper,,foul,R,L,CIN,ATL,81.90,94.50,-21,0,2,2025,2025-07
2025-07-31,2025,R,594580,595777,SI,Sinker,,called_strike,R,L,CIN,ATL,92.60,,,0,1,2025,2025-07
2025-07-31,2025,R,594580,595777,ST,Sweeper,,called_strike,R,L,CIN,ATL,81.30,,,0,0,2025,2025-07
2025-07-31,2025,R,594580,621566,ST,Sweeper,fielders_choice,hit_into_play,L,L,CIN,ATL,80.70,90.60,-9,1,0,2025,2025-07
2025-07-31,2025,R,594580,621566,SI,Sinker,,ball,L,L,CIN,ATL,92.10,,,0,0,2025,2025-07
2025-07-31,2025,R,594580,642201,FF,4-Seam Fastball,single,hit_into_play,R,L,CIN,ATL,90.50,104.50,-2,1,0,2025,2025-07
2025-07-31,2025,R,594580,642201,FF,4-Seam Fastball,,ball,R,L,CIN,ATL,90.80,,,0,0,2025,2025-07
2025-07-31,2025,R,594580,663897,SI,Sinker,double,hit_into_play,R,L,CIN,ATL,90.80,100.50,7,1,1,2025,2025-07
2025-07-31,2025,R,594580,663897,SI,Sinker,,ball,R,L,CIN,ATL,92.10,,,0,1,2025,2025-07
2025-07-31,2025,R,594580,663897,FF,4-Seam Fastball,,called_strike,R,L,CIN,ATL,90.80,,,0,0,2025,2025-07
2025-07-31,2025,R,594580,671739,SI,Sinker,single,hit_into_play,L,L,CIN,ATL,89.50,42.50,-76,0,0,2025,2025-07
2025-07-31,2025,R,608718,595777,CH,Changeup,field_out,hit_into_play,R,L,CIN,ATL,76.50,87.40,-11,0,1,2025,2025-07
2025-07-31,2025,R,608718,595777,SI,Sinker,,foul,R,L,CIN,ATL,90.40,77.20,40,0,0,2025,2025-07
2025-07-31,2025,R,608718,621566,SL,Slider,field_out,hit_into_play,L,L,CIN,ATL,81.70,86.80,1,1,1,2025,2025-07
2025-07-31,2025,R,608718,621566,FF,4-Seam Fastball,,ball,L,L,CIN,ATL,89.60,,,0,1,2025,2025-07
2025-07-31,2025,R,608718,621566,FF,4-Seam Fastball,,called_strike,L,L,CIN,ATL,89.30,,,0,0,2025,2025-07
2025-07-31,2025,R,608718,642201,FF,4-Seam Fastball,field_out,hit_into_play,R,L,CIN,ATL,89.70,99.40,41,1,0,2025,2025-07
2025-07-31,2025,R,608718,642201,CH,Changeup,,ball,R,L,CIN,ATL,75.90,,,0,0,2025,2025-07
2025-07-31,2025,R,608718,663897,CH,Changeup,strikeout,swinging_strike,R,L,CIN,ATL,73.80,,,0,2,2025,2025-07
2025-07-31,2025,R,608718,663897,CH,Changeup,,foul,R,L,CIN,ATL,76.80,61.70,34,0,1,2025,2025-07
2025-07-31,2025,R,608718,663897,FF,4-Seam Fastball,,called_strike,R,L,CIN,ATL,88.70,,,0,0,2025,2025-07
2025-07-31,2025,R,608718,671739,SL,Slider,strikeout,swinging_strike_blocked,L,L,CIN,ATL,77.60,,,0,2,2025,2025-07
2025-07-31,2025,R,608718,671739,SI,Sinker,,foul,L,L,CIN,ATL,90.80,69.20,-29,0,1,2025,2025-07
2025-07-31,2025,R,608718,671739,SI,Sinker,,called_strike,L,L,CIN,ATL,88.50,,,0,0,2025,2025-07
2025-07-31,2025,R,628452,666158,FF,4-Seam Fastball,field_out,hit_into_play,L,R,CIN,ATL,94.90,79.00,68,0,1,2025,2025-07
2025-07-31,2025,R,628452,666158,CH,Changeup,,foul,L,R,CIN,ATL,88.60,67.70,-34,0,0,2025,2025-07
2025-07-31,2025,R,628452,668715,FF,4-Seam Fastball,strikeout,swinging_strike,R,R,CIN,ATL,96.40,,,0,2,2025,2025-07
2025-07-31,2025,R,628452,668715,FF,4-Seam Fastball,,called_strike,R,R,CIN,ATL,95.70,,,0,1,2025,2025-07
2025-07-31,2025,R,628452,668715,FF,4-Seam Fastball,,called_strike,R,R,CIN,ATL,93.00,,,0,0,2025,2025-07
2025-07-31,2025,R,628452,669720,FF,4-Seam Fastball,fielders_choice_out,hit_into_play,R,R,CIN,ATL,93.70,102.20,-2,1,0,2025,2025-07
2025-07-31,2025,R,628452,669720,SI,Sinker,,ball,R,R,CIN,ATL,94.50,,,0,0,2025,2025-07
2025-07-31,2025,R,641540,663647,SL,Slider,home_run,hit_into_play,R,R,CIN,ATL,77.90,101.30,22,0,2,2025,2025-07
2025-07-31,2025,R,641540,663647,SI,Sinker,,called_strike,R,R,CIN,ATL,89.40,,,0,1,2025,2025-07
2025-07-31,2025,R,641540,663647,FC,Cutter,,called_strike,R,R,CIN,ATL,87.00,,,0,0,2025,2025-07
2025-07-31,2025,R,641540,663886,FF,4-Seam Fastball,single,hit_into_play,R,R,CIN,ATL,89.20,98.60,14,1,0,2025,2025-07
2025-07-31,2025,R,641540,663886,SI,Sinker,,ball,R,R,CIN,ATL,87.70,,,0,0,2025,2025-07
2025-07-31,2025,R,641540,666181,SL,Slider,single,hit_into_play,L,R,CIN,ATL,79.70,99.50,10,1,2,2025,2025-07
2025-07-31,2025,R,641540,666181,FC,Cutter,,ball,L,R,CIN,ATL,87.60,,,0,2,2025,2025-07
2025-07-31,2025,R,641540,666181,FC,Cutter,,foul,L,R,CIN,ATL,87.60,65.20,65,0,1,2025,2025-07
2025-07-31,2025,R,641540,666181,FC,Cutter,,foul,L,R,CIN,ATL,86.50,57.50,78,0,0,2025,2025-07
2025-07-31,2025,R,641540,680574,FC,Cutter,single,hit_into_play,R,R,CIN,ATL,87.60,69.60,22,3,2,2025,2025-07
2025-07-31,2025,R,641540,680574,SI,Sinker,,called_strike,R,R,CIN,ATL,89.70,,,3,1,2025,2025-07
2025-07-31,2025,R,641540,680574,CH,Changeup,,ball,R,R,CIN,ATL,85.20,,,2,1,2025,2025-07
2025-07-31,2025,R,641540,680574,FC,Cutter,,ball,R,R,CIN,ATL,87.60,,,1,1,2025,2025-07
2025-07-31,2025,R,641540,680574,SI,Sinker,,called_strike,R,R,CIN,ATL,90.00,,,1,0,2025,2025-07
2025-07-31,2025,R,641540,680574,SI,Sinker,,ball,R,R,CIN,ATL,90.30,,,0,0,2025,2025-07
2025-07-31,2025,R,641540,682622,CH,Changeup,single,hit_into_play,R,R,CIN,ATL,84.90,100.10,-9,1,1,2025,2025-07
2025-07-31,2025,R,641540,682622,CH,Changeup,,foul,R,R,CIN,ATL,84.60,71.10,-38,1,0,2025,2025-07
2025-07-31,2025,R,641540,682622,SI,Sinker,,ball,R,R,CIN,ATL,88.90,,,0,0,2025,2025-07
2025-07-31,2025,R,641755,641584,CU,Curveball,strikeout,swinging_strike,L,R,CIN,ATL,84.90,,,2,2,2025,2025-07
2025-07-31,2025,R,641755,641584,SL,Slider,,foul,L,R,CIN,ATL,88.60,,,2,1,2025,2025-07
2025-07-31,2025,R,641755,641584,SL,Slider,,ball,L,R,CIN,ATL,87.20,,,1,1,2025,2025-07
2025-07-31,2025,R,641755,641584,SL,Slider,,ball,L,R,CIN,ATL,87.90,,,0,1,2025,2025-07
2025-07-31,2025,R,641755,641584,SL,Slider,,called_strike,L,R,CIN,ATL,87.60,,,0,0,2025,2025-07
2025-07-31,2025,R,641755,668715,SL,Slider,field_out,hit_into_play,R,R,CIN,ATL,89.10,77.80,58,0,1,2025,2025-07
2025-07-31,2025,R,641755,668715,SL,Slider,,swinging_strike,R,R,CIN,ATL,89.10,,,0,0,2025,2025-07
2025-07-31,2025,R,641755,669720,FF,4-Seam Fastball,walk,ball,R,R,CIN,ATL,95.80,,,3,1,2025,2025-07
2025-07-31,2025,R,641755,669720,SL,Slider,,ball,R,R,CIN,ATL,89.40,,,2,1,2025,2025-07
2025-07-31,2025,R,641755,669720,SL,Slider,,ball,R,R,CIN,ATL,89.60,,,1,1,2025,2025-07
2025-07-31,2025,R,641755,669720,SL,Slider,,swinging_strike,R,R,CIN,ATL,89.70,,,1,0,2025,2025-07
2025-07-31,2025,R,641755,669720,SL,Slider,,ball,R,R,CIN,ATL,88.90,,,0,0,2025,2025-07
2025-07-31,2025,R,641755,680574,SL,Slider,single,hit_into_play,R,R,CIN,ATL,89.40,66.20,23,1,2,2025,2025-07
2025-07-31,2025,R,641755,680574,SL,Slider,,foul,R,R,CIN,ATL,89.00,71.50,-30,1,1,2025,2025-07
2025-07-31,2025,R,641755,680574,SL,Slider,,ball,R,R,CIN,ATL,89.20,,,0,1,2025,2025-07
2025-07-31,2025,R,641755,680574,SL,Slider,,called_strike,R,R,CIN,ATL,87.90,,,0,0,2025,2025-07
2025-07-31,2025,R,641755,682622,SL,Slider,field_out,hit_into_play,R,R,CIN,ATL,89.00,91.20,45,0,0,2025,2025-07
2025-07-31,2025,R,641755,682829,SL,Slider,single,hit_into_play,L,R,CIN,ATL,88.40,98.20,16,0,1,2025,2025-07
2025-07-31,2025,R,641755,682829,SL,Slider,,swinging_strike,L,R,CIN,ATL,88.40,,,0,0,2025,2025-07
2025-07-31,2025,R,641941,542303,FF,4-Seam Fastball,sac_fly,hit_into_play,R,R,CIN,ATL,97.80,88.90,25,3,2,2025,2025-07
2025-07-31,2025,R,641941,542303,FF,4-Seam Fastball,,foul,R,R,CIN,ATL,97.90,75.90,29,3,2,2025,2025-07
2025-07-31,2025,R,641941,542303,FF,4-Seam Fastball,,ball,R,R,CIN,ATL,97.10,,,2,2,2025,2025-07
2025-07-31,2025,R,641941,542303,FS,Split-Finger,,called_strike,R,R,CIN,ATL,84.60,,,2,1,2025,2025-07
2025-07-31,2025,R,641941,542303,FS,Split-Finger,,ball,R,R,CIN,ATL,84.80,,,1,1,2025,2025-07
2025-07-31,2025,R,641941,542303,FF,4-Seam Fastball,,foul,R,R,CIN,ATL,97.20,89.50,59,1,0,2025,2025-07
2025-07-31,2025,R,641941,542303,FF,4-Seam Fastball,,ball,R,R,CIN,ATL,96.70,,,0,0,2025,2025-07
2025-07-31,2025,R,641941,645277,FC,Cutter,field_out,hit_into_play,L,R,CIN,ATL,85.80,85.10,-2,0,2,2025,2025-07
2025-07-31,2025,R,641941,645277,FF,4-Seam Fastball,,foul,L,R,CIN,ATL,96.50,74.80,47,0,1,2025,2025-07
2025-07-31,2025,R,641941,645277,FS,Split-Finger,,called_strike,L,R,CIN,ATL,84.60,,,0,0,2025,2025-07
2025-07-31,2025,R,641941,663586,FF,4-Seam Fastball,field_out,hit_into_play,R,R,CIN,ATL,96.30,102.70,41,1,0,2025,2025-07
2025-07-31,2025,R,641941,663586,FF,4-Seam Fastball,,ball,R,R,CIN,ATL,95.80,,,0,0,2025,2025-07
2025-07-31,2025,R,642528,642136,SI,Sinker,double,hit_into_play,L,R,NYY,TB,97.50,104.70,10,0,0,2025,2025-07
2025-07-31,2025,R,642528,666139,CU,Curveball,field_out,hit_into_play,L,R,NYY,TB,88.90,90.40,63,1,0,2025,2025-07
2025-07-31,2025,R,642528,666139,CH,Changeup,,ball,L,R,NYY,TB,90.90,,,0,0,2025,2025-07
2025-07-31,2025,R,642528,676356,SI,Sinker,strikeout,swinging_strike,R,R,NYY,TB,98.30,,,2,2,2025,2025-07
2025-07-31,2025,R,642528,676356,CU,Curveball,,ball,R,R,NYY,TB,90.50,,,1,2,2025,2025-07
2025-07-31,2025,R,642528,676356,CH,Changeup,,ball,R,R,NYY,TB,92.30,,,0,2,2025,2025-07
2025-07-31,2025,R,642528,676356,SI,Sinker,,swinging_strike,R,R,NYY,TB,97.90,,,0,1,2025,2025-07
2025-07-31,2025,R,642528,676356,SI,Sinker,,called_strike,R,R,NYY,TB,97.90,,,0,0,2025,2025-07
2025-07-31,2025,R,642528,691406,FC,Cutter,field_out,hit_into_play,R,R,NYY,TB,90.60,101.30,-14,1,2,2025,2025-07
2025-07-31,2025,R,642528,691406,CH,Changeup,,foul,R,R,NYY,TB,91.60,,,1,2,2025,2025-07
2025-07-31,2025,R,642528,691406,SI,Sinker,,foul,R,R,NYY,TB,97.90,,,1,1,2025,2025-07
2025-07-31,2025,R,642528,691406,SI,Sinker,,swinging_strike,R,R,NYY,TB,97.60,,,1,0,2025,2025-07
2025-07-31,2025,R,642528,691406,CU,Curveball,,ball,R,R,NYY,TB,89.90,,,0,0,2025,2025-07
2025-07-31,2025,R,656641,553993,FF,4-Seam Fastball,field_out,hit_into_play,R,L,SEA,TEX,95.40,76.20,65,3,2,2025,2025-07
2025-07-31,2025,R,656641,553993,CH,Changeup,,ball,R,L,SEA,TEX,84.90,,,2,2,2025,2025-07
2025-07-31,2025,R,656641,553993,FF,4-Seam Fastball,,foul,R,L,SEA,TEX,94.80,,,2,2,2025,2025-07
2025-07-31,2025,R,656641,553993,CH,Changeup,,ball,R,L,SEA,TEX,83.70,,,1,2,2025,2025-07
2025-07-31,2025,R,656641,553993,FF,4-Seam Fastball,,called_strike,R,L,SEA,TEX,93.80,,,1,1,2025,2025-07
2025-07-31,2025,R,656641,553993,FF,4-Seam Fastball,,swinging_strike,R,L,SEA,TEX,93.80,,,1,0,2025,2025-07
2025-07-31,2025,R,656641,553993,CU,Curveball,,ball,R,L,SEA,TEX,75.70,,,0,0,2025,2025-07
2025-07-31,2025,R,656641,593871,CH,Changeup,walk,blocked_ball,R,L,SEA,TEX,85.60,,,3,2,2025,2025-07
2025-07-31,2025,R,656641,593871,FF,4-Seam Fastball,,swinging_strike,R,L,SEA,TEX,94.10,,,3,1,2025,2025-07
2025-07-31,2025,R,656641,593871,FF,4-Seam Fastball,,ball,R,L,SEA,TEX,92.60,,,2,1,2025,2025-07
2025-07-31,2025,R,656641,593871,CH,Changeup,,ball,R,L,SEA,TEX,85.00,,,1,1,2025,2025-07
2025-07-31,2025,R,656641,593871,CH,Changeup,,ball,R,L,SEA,TEX,84.70,,,0,1,2025,2025-07
2025-07-31,2025,R,656641,593871,CU,Curveball,,called_strike,R,L,SEA,TEX,77.30,,,0,0,2025,2025-07
2025-07-31,2025,R,656641,641487,FF,4-Seam Fastball,single,hit_into_play,L,L,SEA,TEX,93.40,106.90,13,1,1,2025,2025-07
2025-07-31,2025,R,656641,641487,SL,Slider,,swinging_strike_blocked,L,L,SEA,TEX,85.10,,,1,0,2025,2025-07
2025-07-31,2025,R,656641,641487,FF,4-Seam Fastball,,ball,L,L,SEA,TEX,94.00,,,0,0,2025,2025-07
2025-07-31,2025,R,656641,663728,SL,Slider,field_out,hit_into_play,R,L,SEA,TEX,84.80,108.30,-4,2,2,2025,2025-07
2025-07-31,2025,R,656641,663728,FF,4-Seam Fastball,,foul,R,L,SEA,TEX,94.20,79.60,52,2,2,2025,2025-07
2025-07-31,2025,R,656641,663728,FF,4-Seam Fastball,,ball,R,L,SEA,TEX,92.80,,,1,2,2025,2025-07
2025-07-31,2025,R,656641,663728,CH,Changeup,,ball,R,L,SEA,TEX,86.10,,,0,2,2025,2025-07
2025-07-31,2025,R,656641,663728,FF,4-Seam Fastball,,foul,R,L,SEA,TEX,93.70,,,0,2,2025,2025-07
2025-07-31,2025,R,656641,663728,SL,Slider,,swinging_strike,R,L,SEA,TEX,85.80,,,0,1,2025,2025-07
2025-07-31,2025,R,656641,663728,FF,4-Seam Fastball,,foul,R,L,SEA,TEX,94.40,75.20,31,0,0,2025,2025-07
2025-07-31,2025,R,656641,668227,FF,4-Seam Fastball,field_out,hit_into_play,R,L,SEA,TEX,93.80,57.50,-7,0,1,2025,2025-07
2025-07-31,2025,R,656641,668227,FF,4-Seam Fastball,,swinging_strike,R,L,SEA,TEX,94.90,,,0,0,2025,2025-07
2025-07-31,2025,R,656641,686527,FF,4-Seam Fastball,strikeout,called_strike,L,L,SEA,TEX,94.60,,,2,2,2025,2025-07
2025-07-31,2025,R,656641,686527,SL,Slider,,swinging_strike,L,L,SEA,TEX,84.60,,,2,1,2025,2025-07
2025-07-31,2025,R,656641,686527,FF,4-Seam Fastball,,ball,L,L,SEA,TEX,94.00,,,1,1,2025,2025-07
2025-07-31,2025,R,656641,686527,SL,Slider,,ball,L,L,SEA,TEX,84.40,,,0,1,2025,2025-07
2025-07-31,2025,R,656641,686527,CU,Curveball,,called_strike,L,L,SEA,TEX,77.10,,,0,0,2025,2025-07
2025-07-31,2025,R,656641,702284,SL,Slider,triple,hit_into_play,L,L,SEA,TEX,82.00,106.30,12,1,2,2025,2025-07
2025-07-31,2025,R,656641,702284,FF,4-Seam Fastball,,foul,L,L,SEA,TEX,93.70,,,1,2,2025,2025-07
2025-07-31,2025,R,656641,702284,FF,4-Seam Fastball,,ball,L,L,SEA,TEX,94.30,,,0,2,2025,2025-07
2025-07-31,2025,R,656641,702284,SL,Slider,,called_strike,L,L,SEA,TEX,85.20,,,0,1,2025,2025-07
2025-07-31,2025,R,656641,702284,CU,Curveball,,called_strike,L,L,SEA,TEX,77.30,,,0,0,2025,2025-07
2025-07-31,2025,R,657571,592626,SI,Sinker,field_out,hit_into_play,L,L,SEA,TEX,94.50,88.60,19,1,0,2025,2025-07
2025-07-31,2025,R,657571,592626,SI,Sinker,,ball,L,L,SEA,TEX,94.70,,,0,0,2025,2025-07
2025-07-31,2025,R,657571,664059,FC,Cutter,field_out,hit_into_play,R,L,SEA,TEX,88.40,103.00,-16,1,2,2025,2025-07
2025-07-31,2025,R,657571,664059,FF,4-Seam Fastball,,foul_tip,R,L,SEA,TEX,95.10,,,1,1,2025,2025-07
2025-07-31,2025,R,657571,664059,SV,Slurve,,ball,R,L,SEA,TEX,82.00,,,0,1,2025,2025-07
2025-07-31,2025,R,657571,664059,FF,4-Seam Fastball,,called_strike,R,L,SEA,TEX,93.90,,,0,0,2025,2025-07
2025-07-31,2025,R,657571,694671,FC,Cutter,field_out,hit_into_play,R,L,SEA,TEX,87.70,89.10,20,1,2,2025,2025-07
2025-07-31,2025,R,657571,694671,SV,Slurve,,ball,R,L,SEA,TEX,81.80,,,0,2,2025,2025-07
2025-07-31,2025,R,657571,694671,FF,4-Seam Fastball,,foul,R,L,SEA,TEX,93.90,77.60,25,0,1,2025,2025-07
2025-07-31,2025,R,657571,694671,SV,Slurve,,called_strike,R,L,SEA,TEX,81.10,,,0,0,2025,2025-07
2025-07-31,2025,R,660787,663743,SI,Sinker,strikeout,swinging_strike,R,R,NYY,TB,95.60,,,0,2,2025,2025-07
2025-07-31,2025,R,660787,663743,CH,Changeup,,called_strike,R,R,NYY,TB,88.30,,,0,1,2025,2025-07
2025-07-31,2025,R,660787,663743,SI,Sinker,,called_strike,R,R,NYY,TB,95.60,,,0,0,2025,2025-07
2025-07-31,2025,R,660787,663968,CH,Changeup,field_out,hit_into_play,L,R,NYY,TB,88.10,86.90,-17,0,2,2025,2025-07
2025-07-31,2025,R,660787,663968,CH,Changeup,,called_strike,L,R,NYY,TB,86.90,,,0,1,2025,2025-07
2025-07-31,2025,R,660787,663968,FF,4-Seam Fastball,,called_strike,L,R,NYY,TB,93.40,,,0,0,2025,2025-07
2025-07-31,2025,R,660787,664040,CH,Changeup,field_out,hit_into_play,L,R,NYY,TB,87.60,101.30,11,2,0,2025,2025-07
2025-07-31,2025,R,660787,664040,FF,4-Seam Fastball,,ball,L,R,NYY,TB,94.10,,,1,0,2025,2025-07
2025-07-31,2025,R,660787,664040,SI,Sinker,,ball,L,R,NYY,TB,94.70,,,0,0,2025,2025-07
2025-07-31,2025,R,660787,666139,CH,Changeup,field_out,hit_into_play,L,R,NYY,TB,88.40,77.60,0,1,1,2025,2025-07
2025-07-31,2025,R,660787,666139,CH,Changeup,,foul,L,R,NYY,TB,88.00,80.10,41,1,0,2025,2025-07
2025-07-31,2025,R,660787,666139,SL,Slider,,ball,L,R,NYY,TB,82.70,,,0,0,2025,2025-07
2025-07-31,2025,R,660787,666624,CH,Changeup,strikeout,swinging_strike,R,R,NYY,TB,88.20,,,2,2,2025,2025-07
2025-07-31,2025,R,660787,666624,SI,Sinker,,foul,R,R,NYY,TB,94.20,86.80,-5,2,1,2025,2025-07
2025-07-31,2025,R,660787,666624,CH,Changeup,,ball,R,R,NYY,TB,88.10,,,1,1,2025,2025-07
2025-07-31,2025,R,660787,666624,SI,Sinker,,called_strike,R,R,NYY,TB,95.60,,,1,0,2025,2025-07
2025-07-31,2025,R,660787,666624,SI,Sinker,,ball,R,R,NYY,TB,96.10,,,0,0,2025,2025-07
2025-07-31,2025,R,660787,670764,CH,Changeup,strikeout,swinging_strike,L,R,NYY,TB,88.00,,,1,2,2025,2025-07
2025-07-31,2025,R,660787,670764,CH,Changeup,,ball,L,R,NYY,TB,88.10,,,0,2,2025,2025-07
2025-07-31,2025,R,660787,670764,CH,Changeup,,called_strike,L,R,NYY,TB,88.40,,,0,1,2025,2025-07
2025-07-31,2025,R,660787,670764,FF,4-Seam Fastball,,called_strike,L,R,NYY,TB,94.60,,,0,0,2025,2025-07
2025-07-31,2025,R,660787,676356,CH,Changeup,strikeout,swinging_strike,R,R,NYY,TB,88.10,,,0,2,2025,2025-07
2025-07-31,2025,R,660787,676356,SI,Sinker,,swinging_strike,R,R,NYY,TB,95.20,,,0,1,2025,2025-07
2025-07-31,2025,R,660787,676356,SI,Sinker,,foul_bunt,R,R,NYY,TB,94.00,,,0,0,2025,2025-07
2025-07-31,2025,R,660787,676609,SI,Sinker,field_out,hit_into_play,R,R,NYY,TB,94.00,64.70,67,2,1,2025,2025-07
2025-07-31,2025,R,660787,676609,SI,Sinker,,ball,R,R,NYY,TB,94.70,,,1,1,2025,2025-07
2025-07-31,2025,R,660787,676609,SI,Sinker,,called_strike,R,R,NYY,TB,94.00,,,1,0,2025,2025-07
2025-07-31,2025,R,660787,676609,SI,Sinker,,ball,R,R,NYY,TB,93.90,,,0,0,2025,2025-07
2025-07-31,2025,R,660787,691406,CH,Changeup,strikeout,swinging_strike,R,R,NYY,TB,88.60,,,2,2,2025,2025-07
2025-07-31,2025,R,660787,691406,CH,Changeup,,called_strike,R,R,NYY,TB,88.40,,,2,1,2025,2025-07
2025-07-31,2025,R,660787,691406,SI,Sinker,,ball,R,R,NYY,TB,95.00,,,1,1,2025,2025-07
2025-07-31,2025,R,660787,691406,SL,Slider,,ball,R,R,NYY,TB,86.20,,,0,1,2025,2025-07
2025-07-31,2025,R,660787,691406,SI,Sinker,,called_strike,R,R,NYY,TB,96.10,,,0,0,2025,2025-07
2025-07-31,2025,R,663423,543309,ST,Sweeper,field_out,hit_into_play,R,R,SEA,TEX,82.20,59.70,33,0,2,2025,2025-07
2025-07-31,2025,R,663423,543309,FF,4-Seam Fastball,,swinging_strike,R,R,SEA,TEX,95.70,,,0,1,2025,2025-07
2025-07-31,2025,R,663423,543309,CU,Curveball,,called_strike,R,R,SEA,TEX,80.30,,,0,0,2025,2025-07
2025-07-31,2025,R,663423,543760,FF,4-Seam Fastball,field_out,hit_into_play,R,R,SEA,TEX,94.40,70.30,-5,0,0,2025,2025-07
2025-07-31,2025,R,663423,608369,CU,Curveball,strikeout,swinging_strike,L,R,SEA,TEX,84.20,,,1,2,2025,2025-07
2025-07-31,2025,R,663423,608369,FF,4-Seam Fastball,,swinging_strike,L,R,SEA,TEX,95.10,,,1,1,2025,2025-07
2025-07-31,2025,R,663423,608369,FC,Cutter,,ball,L,R,SEA,TEX,93.00,,,0,1,2025,2025-07
2025-07-31,2025,R,663423,608369,FF,4-Seam Fastball,,foul,L,R,SEA,TEX,95.30,94.90,38,0,0,2025,2025-07
2025-07-31,2025,R,663423,642133,FC,Cutter,field_out,hit_into_play,L,R,SEA,TEX,92.60,75.40,-31,0,1,2025,2025-07
2025-07-31,2025,R,663423,642133,FF,4-Seam Fastball,,called_strike,L,R,SEA,TEX,94.30,,,0,0,2025,2025-07
2025-07-31,2025,R,663423,666969,FF,4-Seam Fastball,single,hit_into_play,R,R,SEA,TEX,94.60,82.70,-11,3,2,2025,2025-07
2025-07-31,2025,R,663423,666969,FF,4-Seam Fastball,,ball,R,R,SEA,TEX,95.40,,,2,2,2025,2025-07
2025-07-31,2025,R,663423,666969,FF,4-Seam Fastball,,ball,R,R,SEA,TEX,96.20,,,1,2,2025,2025-07
2025-07-31,2025,R,663423,666969,FF,4-Seam Fastball,,swinging_strike,R,R,SEA,TEX,95.70,,,1,1,2025,2025-07
2025-07-31,2025,R,663423,666969,FF,4-Seam Fastball,,foul,R,R,SEA,TEX,95.30,84.00,66,1,0,2025,2025-07
2025-07-31,2025,R,663423,666969,FF,4-Seam Fastball,,ball,R,R,SEA,TEX,95.90,,,0,0,2025,2025-07
2025-07-31,2025,R,663423,669701,FF,4-Seam Fastball,strikeout,called_strike,L,R,SEA,TEX,95.80,,,0,2,2025,2025-07
2025-07-31,2025,R,663423,669701,CU,Curveball,,called_strike,L,R,SEA,TEX,82.20,,,0,1,2025,2025-07
2025-07-31,2025,R,663423,669701,FF,4-Seam Fastball,,called_strike,L,R,SEA,TEX,95.90,,,0,0,2025,2025-07
2025-07-31,2025,R,668933,542303,FC,Cutter,field_out,hit_into_play,R,R,CIN,ATL,98.20,82.80,24,1,1,2025,2025-07
2025-07-31,2025,R,668933,542303,SL,Slider,,ball,R,R,CIN,ATL,93.00,,,0,1,2025,2025-07
2025-07-31,2025,R,668933,542303,SL,Slider,,swinging_strike,R,R,CIN,ATL,91.10,,,0,0,2025,2025-07
2025-07-31,2025,R,668933,595777,FC,Cutter,grounded_into_double_play,hit_into_play,L,R,CIN,ATL,99.00,90.70,-10,0,0,2025,2025-07
2025-07-31,2025,R,668933,621566,SL,Slider,field_out,hit_into_play,L,R,CIN,ATL,92.30,59.60,-38,0,2,2025,2025-07
2025-07-31,2025,R,668933,621566,SL,Slider,,swinging_strike,L,R,CIN,ATL,90.30,,,0,1,2025,2025-07
2025-07-31,2025,R,668933,621566,SL,Slider,,called_strike,L,R,CIN,ATL,91.70,,,0,0,2025,2025-07
2025-07-31,2025,R,668933,642201,SL,Slider,field_error,hit_into_play,R,R,CIN,ATL,91.80,86.70,-27,0,0,2025,2025-07
2025-07-31,2025,R,668933,645277,FC,Cutter,single,hit_into_play,L,R,CIN,ATL,98.60,97.10,13,0,1,2025,2025-07
2025-07-31,2025,R,668933,645277,FC,Cutter,,swinging_strike,L,R,CIN,ATL,96.60,,,0,0,2025,2025-07
2025-07-31,2025,R,668933,663586,FC,Cutter,strikeout,swinging_strike,R,R,CIN,ATL,98.80,,,1,2,2025,2025-07
2025-07-31,2025,R,668933,663586,SL,Slider,,ball,R,R,CIN,ATL,92.40,,,0,2,2025,2025-07
2025-07-31,2025,R,668933,663586,SL,Slider,,foul,R,R,CIN,ATL,91.60,41.70,-25,0,1,2025,2025-07
2025-07-31,2025,R,668933,663586,SL,Slider,,called_strike,R,R,CIN,ATL,91.90,,,0,0,2025,2025-07
2025-07-31,2025,R,668933,669221,SL,Slider,single,hit_into_play,R,R,CIN,ATL,91.30,63.80,-63,1,2,2025,2025-07
2025-07-31,2025,R,668933,669221,SL,Slider,,swinging_strike,R,R,CIN,ATL,90.60,,,1,1,2025,2025-07
2025-07-31,2025,R,668933,669221,FC,Cutter,,called_strike,R,R,CIN,ATL,96.90,,,1,0,2025,2025-07
2025-07-31,2025,R,668933,669221,SL,Slider,,ball,R,R,CIN,ATL,90.20,,,0,0,2025,2025-07
2025-07-31,2025,R,668933,686948,FC,Cutter,field_error,hit_into_play,L,R,CIN,ATL,100.00,96.80,-6,3,2,2025,2025-07
2025-07-31,2025,R,668933,686948,SL,Slider,,foul,L,R,CIN,ATL,90.30,,,3,2,2025,2025-07
2025-07-31,2025,R,668933,686948,FC,Cutter,,foul,L,R,CIN,ATL,98.30,76.30,25,3,1,2025,2025-07
2025-07-31,2025,R,668933,686948,FC,Cutter,,ball,L,R,CIN,ATL,98.80,,,2,1,2025,2025-07
2025-07-31,2025,R,668933,686948,FC,Cutter,,foul,L,R,CIN,ATL,98.60,,,2,0,2025,2025-07
2025-07-31,2025,R,668933,686948,FC,Cutter,,ball,L,R,CIN,ATL,98.90,,,1,0,2025,2025-07
2025-07-31,2025,R,668933,686948,FC,Cutter,,ball,L,R,CIN,ATL,99.50,,,0,0,2025,2025-07
2025-07-31,2025,R,668984,664059,FF,4-Seam Fastball,strikeout,called_strike,L,R,SEA,TEX,94.70,,,3,2,2025,2025-07
2025-07-31,2025,R,668984,664059,FF,4-Seam Fastball,,foul,L,R,SEA,TEX,94.40,68.50,47,3,2,2025,2025-07
2025-07-31,2025,R,668984,664059,FF,4-Seam Fastball,,foul,L,R,SEA,TEX,94.00,80.90,39,3,1,2025,2025-07
2025-07-31,2025,R,668984,664059,FF,4-Seam Fastball,,called_strike,L,R,SEA,TEX,93.30,,,3,0,2025,2025-07
2025-07-31,2025,R,668984,664059,SI,Sinker,,ball,L,R,SEA,TEX,91.50,,,2,0,2025,2025-07
2025-07-31,2025,R,668984,664059,SI,Sinker,,ball,L,R,SEA,TEX,93.40,,,1,0,2025,2025-07
2025-07-31,2025,R,668984,664059,SI,Sinker,,ball,L,R,SEA,TEX,93.80,,,0,0,2025,2025-07
2025-07-31,2025,R,669276,663886,CH,Changeup,walk,blocked_ball,R,L,CIN,ATL,87.70,,,3,1,2025,2025-07
2025-07-31,2025,R,669276,663886,FF,4-Seam Fastball,,ball,R,L,CIN,ATL,94.40,,,2,1,2025,2025-07
2025-07-31,2025,R,669276,663886,SL,Slider,,ball,R,L,CIN,ATL,86.00,,,1,1,2025,2025-07
2025-07-31,2025,R,669276,663886,SL,Slider,,swinging_strike,R,L,CIN,ATL,87.20,,,1,0,2025,2025-07
2025-07-31,2025,R,669276,663886,SL,Slider,,ball,R,L,CIN,ATL,86.60,,,0,0,2025,2025-07
2025-07-31,2025,R,669276,666181,SL,Slider,field_out,hit_into_play,L,L,CIN,ATL,85.50,65.40,-50,0,1,2025,2025-07
2025-07-31,2025,R,669276,666181,SL,Slider,,swinging_strike,L,L,CIN,ATL,85.40,,,0,0,2025,2025-07
2025-07-31,2025,R,669276,668715,SL,Slider,home_run,hit_into_play,R,L,CIN,ATL,86.00,104.00,22,0,1,2025,2025-07
2025-07-31,2025,R,669276,668715,SL,Slider,,swinging_strike,R,L,CIN,ATL,86.30,,,0,0,2025,2025-07
2025-07-31,2025,R,669276,669289,CH,Changeup,field_out,hit_into_play,R,L,CIN,ATL,87.70,90.10,30,1,2,2025,2025-07
2025-07-31,2025,R,669276,669289,FF,4-Seam Fastball,,foul,R,L,CIN,ATL,94.60,67.90,41,1,2,2025,2025-07
2025-07-31,2025,R,669276,669289,SL,Slider,,foul,R,L,CIN,ATL,88.30,70.30,12,1,2,2025,2025-07
2025-07-31,2025,R,669276,669289,CH,Changeup,,called_strike,R,L,CIN,ATL,85.80,,,1,1,2025,2025-07
2025-07-31,2025,R,669276,669289,FF,4-Seam Fastball,,ball,R,L,CIN,ATL,93.50,,,0,1,2025,2025-07
2025-07-31,2025,R,669276,669289,FF,4-Seam Fastball,,called_strike,R,L,CIN,ATL,93.60,,,0,0,2025,2025-07
2025-07-31,2025,R,669276,669720,FF,4-Seam Fastball,single,hit_into_play,R,L,CIN,ATL,95.10,87.50,-25,2,2,2025,2025-07
2025-07-31,2025,R,669276,669720,CH,Changeup,,foul,R,L,CIN,ATL,85.80,77.30,71,2,1,2025,2025-07
2025-07-31,2025,R,669276,669720,CH,Changeup,,swinging_strike,R,L,CIN,ATL,85.90,,,2,0,2025,2025-07
2025-07-31,2025,R,669276,669720,FF,4-Seam Fastball,,ball,R,L,CIN,ATL,93.20,,,1,0,2025,2025-07
2025-07-31,2025,R,669276,669720,FF,4-Seam Fastball,,ball,R,L,CIN,ATL,93.00,,,0,0,2025,2025-07
2025-07-31,2025,R,669276,682829,SL,Slider,single,hit_into_play,R,L,CIN,ATL,85.20,106.20,-7,0,0,2025,2025-07
2025-07-31,2025,R,669923,543309,FS,Split-Finger,strikeout,swinging_strike,R,R,SEA,TEX,87.30,,,2,2,2025,2025-07
2025-07-31,2025,R,669923,543309,SI,Sinker,,ball,R,R,SEA,TEX,96.80,,,1,2,2025,2025-07
2025-07-31,2025,R,669923,543309,SI,Sinker,,foul,R,R,SEA,TEX,94.90,64.20,36,1,1,2025,2025-07
2025-07-31,2025,R,669923,543309,SI,Sinker,,foul,R,R,SEA,TEX,94.00,62.30,58,1,0,2025,2025-07
2025-07-31,2025,R,669923,543309,ST,Sweeper,,ball,R,R,SEA,TEX,85.00,,,0,0,2025,2025-07
2025-07-31,2025,R,669923,543309,SI,Sinker,field_out,hit_into_play,R,R,SEA,TEX,97.00,67.60,71,0,1,2025,2025-07
2025-07-31,2025,R,669923,543309,SI,Sinker,,called_strike,R,R,SEA,TEX,96.30,,,0,0,2025,2025-07
2025-07-31,2025,R,669923,543760,ST,Sweeper,double,hit_into_play,R,R,SEA,TEX,86.70,103.70,19,1,1,2025,2025-07
2025-07-31,2025,R,669923,543760,ST,Sweeper,,ball,R,R,SEA,TEX,87.50,,,0,1,2025,2025-07
2025-07-31,2025,R,669923,543760,ST,Sweeper,,called_strike,R,R,SEA,TEX,86.30,,,0,0,2025,2025-07
2025-07-31,2025,R,669923,543760,SI,Sinker,field_out,hit_into_play,R,R,SEA,TEX,95.60,74.00,43,0,1,2025,2025-07
2025-07-31,2025,R,669923,543760,ST,Sweeper,,called_strike,R,R,SEA,TEX,86.40,,,0,0,2025,2025-07
2025-07-31,2025,R,669923,543760,SI,Sinker,grounded_into_double_play,hit_into_play,R,R,SEA,TEX,96.50,91.10,-25,3,2,2025,2025-07
2025-07-31,2025,R,669923,543760,SI,Sinker,,foul,R,R,SEA,TEX,97.40,75.90,36,3,2,2025,2025-07
2025-07-31,2025,R,669923,543760,FF,4-Seam Fastball,,ball,R,R,SEA,TEX,97.20,,,2,2,2025,2025-07
2025-07-31,2025,R,669923,543760,ST,Sweeper,,ball,R,R,SEA,TEX,88.00,,,1,2,2025,2025-07
2025-07-31,2025,R,669923,543760,SI,Sinker,,ball,R,R,SEA,TEX,97.50,,,0,2,2025,2025-07
2025-07-31,2025,R,669923,543760,ST,Sweeper,,foul,R,R,SEA,TEX,87.20,70.90,31,0,1,2025,2025-07
2025-07-31,2025,R,669923,543760,SI,Sinker,,foul,R,R,SEA,TEX,96.70,65.00,34,0,0,2025,2025-07
2025-07-31,2025,R,669923,592626,SI,Sinker,strikeout,called_strike,L,R,SEA,TEX,95.70,,,1,2,2025,2025-07
2025-07-31,2025,R,669923,592626,SI,Sinker,,ball,L,R,SEA,TEX,96.00,,,0,2,2025,2025-07
2025-07-31,2025,R,669923,592626,FF,4-Seam Fastball,,foul,L,R,SEA,TEX,94.60,81.80,58,0,1,2025,2025-07
2025-07-31,2025,R,669923,592626,KC,Knuckle Curve,,swinging_strike,L,R,SEA,TEX,83.80,,,0,0,2025,2025-07
2025-07-31,2025,R,669923,592626,SI,Sinker,walk,ball,L,R,SEA,TEX,96.00,,,3,2,2025,2025-07
2025-07-31,2025,R,669923,592626,ST,Sweeper,,ball,L,R,SEA,TEX,86.90,,,2,2,2025,2025-07
2025-07-31,2025,R,669923,592626,ST,Sweeper,,ball,L,R,SEA,TEX,87.70,,,1,2,2025,2025-07
2025-07-31,2025,R,669923,592626,FF,4-Seam Fastball,,foul,L,R,SEA,TEX,96.60,80.00,23,1,2,2025,2025-07
2025-07-31,2025,R,669923,592626,KC,Knuckle Curve,,ball,L,R,SEA,TEX,85.00,,,0,2,2025,2025-07
2025-07-31,2025,R,669923,592626,FF,4-Seam Fastball,,called_strike,L,R,SEA,TEX,94.30,,,0,1,2025,2025-07
2025-07-31,2025,R,669923,592626,FF,4-Seam Fastball,,foul_tip,L,R,SEA,TEX,95.20,,,0,0,2025,2025-07
2025-07-31,2025,R,669923,608369,ST,Sweeper,single,hit_into_play,L,R,SEA,TEX,86.60,99.40,-9,0,0,2025,2025-07
2025-07-31,2025,R,669923,608369,ST,Sweeper,strikeout,swinging_strike,L,R,SEA,TEX,87.50,,,0,2,2025,2025-07
2025-07-31,2025,R,669923,608369,FF,4-Seam Fastball,,foul,L,R,SEA,TEX,96.40,80.90,20,0,2,2025,2025-07
2025-07-31,2025,R,669923,608369,ST,Sweeper,,foul,L,R,SEA,TEX,87.00,64.40,-46,0,1,2025,2025-07
2025-07-31,2025,R,669923,608369,FF,4-Seam Fastball,,swinging_strike,L,R,SEA,TEX,97.40,,,0,0,2025,2025-07
2025-07-31,2025,R,669923,608369,SI,Sinker,walk,ball,L,R,SEA,TEX,96.60,,,3,1,2025,2025-07
2025-07-31,2025,R,669923,608369,ST,Sweeper,,ball,L,R,SEA,TEX,88.80,,,2,1,2025,2025-07
2025-07-31,2025,R,669923,608369,FF,4-Seam Fastball,,ball,L,R,SEA,TEX,97.00,,,1,1,2025,2025-07
2025-07-31,2025,R,669923,608369,FF,4-Seam Fastball,,ball,L,R,SEA,TEX,96.80,,,0,1,2025,2025-07
2025-07-31,2025,R,669923,608369,FF,4-Seam Fastball,,foul,L,R,SEA,TEX,96.30,71.30,29,0,0,2025,2025-07
2025-07-31,2025,R,669923,642133,ST,Sweeper,field_out,hit_into_play,L,R,SEA,TEX,86.20,90.70,35,2,2,2025,2025-07
2025-07-31,2025,R,669923,642133,KC,Knuckle Curve,,ball,L,R,SEA,TEX,84.60,,,1,2,2025,2025-07
2025-07-31,2025,R,669923,642133,SI,Sinker,,called_strike,L,R,SEA,TEX,96.50,,,1,1,2025,2025-07
2025-07-31,2025,R,669923,642133,ST,Sweeper,,called_strike,L,R,SEA,TEX,87.10,,,1,0,2025,2025-07
2025-07-31,2025,R,669923,642133,SI,Sinker,,ball,L,R,SEA,TEX,97.20,,,0,0,2025,2025-07
2025-07-31,2025,R,669923,642133,SI,Sinker,single,hit_into_play,L,R,SEA,TEX,97.00,92.30,-14,0,0,2025,2025-07
2025-07-31,2025,R,669923,666969,ST,Sweeper,field_out,hit_into_play,R,R,SEA,TEX,87.60,84.20,30,2,2,2025,2025-07
2025-07-31,2025,R,669923,666969,FF,4-Seam Fastball,,ball,R,R,SEA,TEX,97.30,,,1,2,2025,2025-07
2025-07-31,2025,R,669923,666969,FF,4-Seam Fastball,,foul,R,R,SEA,TEX,96.60,81.00,33,1,1,2025,2025-07
2025-07-31,2025,R,669923,666969,FF,4-Seam Fastball,,swinging_strike,R,R,SEA,TEX,96.70,,,1,0,2025,2025-07
2025-07-31,2025,R,669923,666969,FF,4-Seam Fastball,,ball,R,R,SEA,TEX,97.30,,,0,0,2025,2025-07
2025-07-31,2025,R,669923,666969,SI,Sinker,field_out,hit_into_play,R,R,SEA,TEX,95.60,83.30,65,0,1,2025,2025-07
2025-07-31,2025,R,669923,666969,SI,Sinker,,swinging_strike,R,R,SEA,TEX,95.80,,,0,0,2025,2025-07
2025-07-31,2025,R,669923,666969,FF,4-Seam Fastball,field_out,hit_into_play,R,R,SEA,TEX,97.10,92.50,29,3,2,2025,2025-07
2025-07-31,2025,R,669923,666969,FF,4-Seam Fastball,,swinging_strike,R,R,SEA,TEX,96.10,,,3,1,2025,2025-07
2025-07-31,2025,R,669923,666969,SI,Sinker,,called_strike,R,R,SEA,TEX,95.10,,,3,0,2025,2025-07
2025-07-31,2025,R,669923,666969,FF,4-Seam Fastball,,ball,R,R,SEA,TEX,97.40,,,2,0,2025,2025-07
2025-07-31,2025,R,669923,666969,SI,Sinker,,ball,R,R,SEA,TEX,97.50,,,1,0,2025,2025-07
2025-07-31,2025,R,669923,666969,SI,Sinker,,ball,R,R,SEA,TEX,96.60,,,0,0,2025,2025-07
2025-07-31,2025,R,669923,669701,FS,Split-Finger,strikeout,swinging_strike,L,R,SEA,TEX,85.60,,,0,2,2025,2025-07
2025-07-31,2025,R,669923,669701,SI,Sinker,,foul,L,R,SEA,TEX,96.20,70.00,37,0,1,2025,2025-07
2025-07-31,2025,R,669923,669701,KC,Knuckle Curve,,foul,L,R,SEA,TEX,83.80,71.60,-18,0,0,2025,2025-07
2025-07-31,2025,R,669923,669701,ST,Sweeper,strikeout,swinging_strike,L,R,SEA,TEX,87.00,,,3,2,2025,2025-07
2025-07-31,2025,R,669923,669701,SI,Sinker,,foul,L,R,SEA,TEX,96.20,67.80,51,3,2,2025,2025-07
2025-07-31,2025,R,669923,669701,SI,Sinker,,foul,L,R,SEA,TEX,96.90,77.40,20,3,2,2025,2025-07
2025-07-31,2025,R,669923,669701,FF,4-Seam Fastball,,ball,L,R,SEA,TEX,96.50,,,2,2,2025,2025-07
2025-07-31,2025,R,669923,669701,FS,Split-Finger,,blocked_ball,L,R,SEA,TEX,86.60,,,1,2,2025,2025-07
2025-07-31,2025,R,669923,669701,SI,Sinker,,ball,L,R,SEA,TEX,97.20,,,0,2,2025,2025-07
2025-07-31,2025,R,669923,669701,ST,Sweeper,,foul,L,R,SEA,TEX,87.20,89.10,-23,0,2,2025,2025-07
2025-07-31,2025,R,669923,669701,SI,Sinker,,swinging_strike,L,R,SEA,TEX,96.70,,,0,1,2025,2025-07
2025-07-31,2025,R,669923,669701,KC,Knuckle Curve,,foul,L,R,SEA,TEX,85.50,,,0,0,2025,2025-07
2025-07-31,2025,R,669923,669701,ST,Sweeper,field_out,hit_into_play,L,R,SEA,TEX,87.50,81.70,-45,1,1,2025,2025-07
2025-07-31,2025,R,669923,669701,KC,Knuckle Curve,,ball,L,R,SEA,TEX,85.50,,,0,1,2025,2025-07
2025-07-31,2025,R,669923,669701,SI,Sinker,,called_strike,L,R,SEA,TEX,96.70,,,0,0,2025,2025-07
2025-07-31,2025,R,669923,694497,SI,Sinker,strikeout,foul_tip,L,R,SEA,TEX,95.60,,,3,2,2025,2025-07
2025-07-31,2025,R,669923,694497,KC,Knuckle Curve,,ball,L,R,SEA,TEX,84.70,,,2,2,2025,2025-07
2025-07-31,2025,R,669923,694497,ST,Sweeper,,foul,L,R,SEA,TEX,87.20,91.00,-24,2,1,2025,2025-07
2025-07-31,2025,R,669923,694497,SI,Sinker,,called_strike,L,R,SEA,TEX,96.10,,,2,0,2025,2025-07
2025-07-31,2025,R,669923,694497,ST,Sweeper,,ball,L,R,SEA,TEX,86.30,,,1,0,2025,2025-07
2025-07-31,2025,R,669923,694497,SI,Sinker,,ball,L,R,SEA,TEX,96.80,,,0,0,2025,2025-07
2025-07-31,2025,R,669923,694497,FF,4-Seam Fastball,field_out,hit_into_play,L,R,SEA,TEX,95.80,102.10,21,1,1,2025,2025-07
2025-07-31,2025,R,669923,694497,ST,Sweeper,,called_strike,L,R,SEA,TEX,86.90,,,1,0,2025,2025-07
2025-07-31,2025,R,669923,694497,FF,4-Seam Fastball,,ball,L,R,SEA,TEX,96.30,,,0,0,2025,2025-07
2025-07-31,2025,R,669923,694671,SI,Sinker,field_out,hit_into_play,R,R,SEA,TEX,95.60,103.50,-6,1,2,2025,2025-07
2025-07-31,2025,R,669923,694671,KC,Knuckle Curve,,ball,R,R,SEA,TEX,83.20,,,0,2,2025,2025-07
2025-07-31,2025,R,669923,694671,SI,Sinker,,foul,R,R,SEA,TEX,94.30,74.50,53,0,1,2025,2025-07
2025-07-31,2025,R,669923,694671,ST,Sweeper,,called_strike,R,R,SEA,TEX,84.50,,,0,0,2025,2025-07
2025-07-31,2025,R,669923,694671,SI,Sinker,field_out,hit_into_play,R,R,SEA,TEX,96.60,95.10,30,3,2,2025,2025-07
2025-07-31,2025,R,669923,694671,SI,Sinker,,foul,R,R,SEA,TEX,96.30,96.90,-14,3,2,2025,2025-07
2025-07-31,2025,R,669923,694671,ST,Sweeper,,ball,R,R,SEA,TEX,87.80,,,2,2,2025,2025-07
2025-07-31,2025,R,669923,694671,FF,4-Seam Fastball,,foul_tip,R,R,SEA,TEX,97.10,,,2,1,2025,2025-07
2025-07-31,2025,R,669923,694671,SI,Sinker,,ball,R,R,SEA,TEX,97.60,,,1,1,2025,2025-07
2025-07-31,2025,R,669923,694671,ST,Sweeper,,ball,R,R,SEA,TEX,87.20,,,0,1,2025,2025-07
2025-07-31,2025,R,669923,694671,SI,Sinker,,called_strike,R,R,SEA,TEX,97.80,,,0,0,2025,2025-07
2025-07-31,2025,R,671096,542303,FF,4-Seam Fastball,walk,ball,R,L,CIN,ATL,92.80,,,3,2,2025,2025-07
2025-07-31,2025,R,671096,542303,CH,Changeup,,ball,R,L,CIN,ATL,84.60,,,2,2,2025,2025-07
2025-07-31,2025,R,671096,542303,FF,4-Seam Fastball,,ball,R,L,CIN,ATL,93.00,,,1,2,2025,2025-07
2025-07-31,2025,R,671096,542303,FF,4-Seam Fastball,,foul,R,L,CIN,ATL,91.80,78.00,59,1,1,2025,2025-07
2025-07-31,2025,R,671096,542303,CH,Changeup,,ball,R,L,CIN,ATL,84.50,,,0,1,2025,2025-07
2025-07-31,2025,R,671096,542303,CU,Curveball,,called_strike,R,L,CIN,ATL,79.50,,,0,0,2025,2025-07
2025-07-31,2025,R,671096,542303,ST,Sweeper,single,hit_into_play,R,L,CIN,ATL,82.00,80.10,16,1,2,2025,2025-07
2025-07-31,2025,R,671096,542303,FF,4-Seam Fastball,,ball,R,L,CIN,ATL,92.50,,,0,2,2025,2025-07
2025-07-31,2025,R,671096,542303,FC,Cutter,,swinging_strike,R,L,CIN,ATL,87.90,,,0,1,2025,2025-07
2025-07-31,2025,R,671096,542303,FF,4-Seam Fastball,,called_strike,R,L,CIN,ATL,92.10,,,0,0,2025,2025-07
2025-07-31,2025,R,671096,542303,FF,4-Seam Fastball,walk,ball,R,L,CIN,ATL,94.10,,,3,2,2025,2025-07
2025-07-31,2025,R,671096,542303,FF,4-Seam Fastball,,foul,R,L,CIN,ATL,93.00,87.70,46,3,2,2025,2025-07
2025-07-31,2025,R,671096,542303,CH,Changeup,,ball,R,L,CIN,ATL,84.00,,,2,2,2025,2025-07
2025-07-31,2025,R,671096,542303,ST,Sweeper,,ball,R,L,CIN,ATL,82.90,,,1,2,2025,2025-07
2025-07-31,2025,R,671096,542303,FF,4-Seam Fastball,,called_strike,R,L,CIN,ATL,93.30,,,1,1,2025,2025-07
2025-07-31,2025,R,671096,542303,CU,Curveball,,ball,R,L,CIN,ATL,79.90,,,0,1,2025,2025-07
2025-07-31,2025,R,671096,542303,FF,4-Seam Fastball,,called_strike,R,L,CIN,ATL,93.20,,,0,0,2025,2025-07
2025-07-31,2025,R,671096,595777,FF,4-Seam Fastball,field_out,hit_into_play,R,L,CIN,ATL,91.90,100.90,24,3,1,2025,2025-07
2025-07-31,2025,R,671096,595777,FF,4-Seam Fastball,,ball,R,L,CIN,ATL,91.90,,,2,1,2025,2025-07
2025-07-31,2025,R,671096,595777,CU,Curveball,,ball,R,L,CIN,ATL,80.70,,,1,1,2025,2025-07
2025-07-31,2025,R,671096,595777,CH,Changeup,,swinging_strike,R,L,CIN,ATL,83.20,,,1,0,2025,2025-07
2025-07-31,2025,R,671096,595777,FF,4-Seam Fastball,,ball,R,L,CIN,ATL,91.70,,,0,0,2025,2025-07
2025-07-31,2025,R,671096,595777,FF,4-Seam Fastball,field_out,hit_into_play,R,L,CIN,ATL,92.70,79.70,60,1,2,2025,2025-07
2025-07-31,2025,R,671096,595777,FF,4-Seam Fastball,,ball,R,L,CIN,ATL,93.40,,,0,2,2025,2025-07
2025-07-31,2025,R,671096,595777,CU,Curveball,,called_strike,R,L,CIN,ATL,81.20,,,0,1,2025,2025-07
2025-07-31,2025,R,671096,595777,CU,Curveball,,called_strike,R,L,CIN,ATL,79.20,,,0,0,2025,2025-07
2025-07-31,2025,R,671096,595777,FF,4-Seam Fastball,field_out,hit_into_play,R,L,CIN,ATL,93.50,94.20,67,2,0,2025,2025-07
2025-07-31,2025,R,671096,595777,FF,4-Seam Fastball,,ball,R,L,CIN,ATL,92.90,,,1,0,2025,2025-07
2025-07-31,2025,R,671096,595777,FF,4-Seam Fastball,,ball,R,L,CIN,ATL,92.50,,,0,0,2025,2025-07
2025-07-31,2025,R,671096,621566,ST,Sweeper,field_out,hit_into_play,L,L,CIN,ATL,82.70,80.90,66,1,1,2025,2025-07
2025-07-31,2025,R,671096,621566,CH,Changeup,,ball,L,L,CIN,ATL,84.60,,,0,1,2025,2025-07
2025-07-31,2025,R,671096,621566,FF,4-Seam Fastball,,called_strike,L,L,CIN,ATL,92.90,,,0,0,2025,2025-07
2025-07-31,2025,R,671096,621566,ST,Sweeper,field_out,hit_into_play,L,L,CIN,ATL,81.60,87.40,10,0,1,2025,2025-07
2025-07-31,2025,R,671096,621566,ST,Sweeper,,swinging_strike,L,L,CIN,ATL,82.60,,,0,0,2025,2025-07
2025-07-31,2025,R,671096,621566,FF,4-Seam Fastball,single,hit_into_play,L,L,CIN,ATL,93.50,103.20,0,0,0,2025,2025-07
2025-07-31,2025,R,671096,642201,FF,4-Seam Fastball,field_out,hit_into_play,R,L,CIN,ATL,92.70,56.00,61,0,1,2025,2025-07
2025-07-31,2025,R,671096,642201,CH,Changeup,,swinging_strike,R,L,CIN,ATL,84.30,,,0,0,2025,2025-07
2025-07-31,2025,R,671096,642201,FF,4-Seam Fastball,strikeout,swinging_strike,R,L,CIN,ATL,93.40,,,1,2,2025,2025-07
2025-07-31,2025,R,671096,642201,FC,Cutter,,foul,R,L,CIN,ATL,90.60,82.90,-44,1,1,2025,2025-07
2025-07-31,2025,R,671096,642201,CH,Changeup,,called_strike,R,L,CIN,ATL,84.40,,,1,0,2025,2025-07
2025-07-31,2025,R,671096,642201,FF,4-Seam Fastball,,ball,R,L,CIN,ATL,91.20,,,0,0,2025,2025-07
2025-07-31,2025,R,671096,645277,CH,Changeup,single,hit_into_play,R,L,CIN,ATL,83.90,101.70,9,0,0,2025,2025-07
2025-07-31,2025,R,671096,645277,FC,Cutter,double,hit_into_play,R,L,CIN,ATL,89.00,88.30,4,0,1,2025,2025-07
2025-07-31,2025,R,671096,645277,CU,Curveball,,foul,R,L,CIN,ATL,80.40,,,0,0,2025,2025-07
2025-07-31,2025,R,671096,645277,CH,Changeup,field_out,hit_into_play,R,L,CIN,ATL,82.90,89.30,12,1,1,2025,2025-07
2025-07-31,2025,R,671096,645277,CU,Curveball,,blocked_ball,R,L,CIN,ATL,80.20,,,0,1,2025,2025-07
2025-07-31,2025,R,671096,645277,FF,4-Seam Fastball,,foul,R,L,CIN,ATL,93.90,62.00,53,0,0,2025,2025-07
2025-07-31,2025,R,671096,663586,CU,Curveball,field_out,hit_into_play,R,L,CIN,ATL,80.10,86.70,45,2,1,2025,2025-07
2025-07-31,2025,R,671096,663586,FF,4-Seam Fastball,,ball,R,L,CIN,ATL,92.70,,,1,1,2025,2025-07
2025-07-31,2025,R,671096,663586,FF,4-Seam Fastball,,foul,R,L,CIN,ATL,92.80,81.80,68,1,0,2025,2025-07
2025-07-31,2025,R,671096,663586,CH,Changeup,,ball,R,L,CIN,ATL,83.90,,,0,0,2025,2025-07
2025-07-31,2025,R,671096,663586,ST,Sweeper,field_out,hit_into_play,R,L,CIN,ATL,82.00,75.70,48,3,2,2025,2025-07
2025-07-31,2025,R,671096,663586,CH,Changeup,,ball,R,L,CIN,ATL,84.40,,,2,2,2025,2025-07
2025-07-31,2025,R,671096,663586,ST,Sweeper,,ball,R,L,CIN,ATL,82.50,,,1,2,2025,2025-07
2025-07-31,2025,R,671096,663586,FF,4-Seam Fastball,,ball,R,L,CIN,ATL,93.30,,,0,2,2025,2025-07
2025-07-31,2025,R,671096,663586,FF,4-Seam Fastball,,foul,R,L,CIN,ATL,92.20,68.60,38,0,1,2025,2025-07
2025-07-31,2025,R,671096,663586,FF,4-Seam Fastball,,called_strike,R,L,CIN,ATL,92.90,,,0,0,2025,2025-07
2025-07-31,2025,R,671096,663586,FF,4-Seam Fastball,field_out,hit_into_play,R,L,CIN,ATL,93.40,85.90,45,0,2,2025,2025-07
2025-07-31,2025,R,671096,663586,FF,4-Seam Fastball,,foul_tip,R,L,CIN,ATL,93.90,,,0,1,2025,2025-07
2025-07-31,2025,R,671096,663586,CU,Curveball,,called_strike,R,L,CIN,ATL,80.20,,,0,0,2025,2025-07
2025-07-31,2025,R,671096,669221,FF,4-Seam Fastball,walk,ball,R,L,CIN,ATL,92.40,,,3,2,2025,2025-07
2025-07-31,2025,R,671096,669221,FF,4-Seam Fastball,,ball,R,L,CIN,ATL,93.30,,,2,2,2025,2025-07
2025-07-31,2025,R,671096,669221,CU,Curveball,,foul,R,L,CIN,ATL,79.70,85.30,-30,2,2,2025,2025-07
2025-07-31,2025,R,671096,669221,FF,4-Seam Fastball,,foul,R,L,CIN,ATL,92.70,75.10,76,2,2,2025,2025-07
2025-07-31,2025,R,671096,669221,CH,Changeup,,foul,R,L,CIN,ATL,83.10,27.60,-28,2,2,2025,2025-07
2025-07-31,2025,R,671096,669221,FF,4-Seam Fastball,,ball,R,L,CIN,ATL,92.70,,,1,2,2025,2025-07
2025-07-31,2025,R,671096,669221,FC,Cutter,,swinging_strike,R,L,CIN,ATL,88.10,,,1,1,2025,2025-07
2025-07-31,2025,R,671096,669221,FF,4-Seam Fastball,,called_strike,R,L,CIN,ATL,92.80,,,1,0,2025,2025-07
2025-07-31,2025,R,671096,669221,FF,4-Seam Fastball,,ball,R,L,CIN,ATL,92.50,,,0,0,2025,2025-07
2025-07-31,2025,R,671096,669221,FF,4-Seam Fastball,walk,ball,R,L,CIN,ATL,93.90,,,3,2,2025,2025-07
2025-07-31,2025,R,671096,669221,FC,Cutter,,foul,R,L,CIN,ATL,88.00,94.20,72,3,1,2025,2025-07
2025-07-31,2025,R,671096,669221,FF,4-Seam Fastball,,called_strike,R,L,CIN,ATL,92.20,,,3,0,2025,2025-07
2025-07-31,2025,R,671096,669221,CH,Changeup,,ball,R,L,CIN,ATL,84.00,,,2,0,2025,2025-07
2025-07-31,2025,R,671096,669221,FF,4-Seam Fastball,,ball,R,L,CIN,ATL,92.30,,,1,0,2025,2025-07
2025-07-31,2025,R,671096,669221,CU,Curveball,,blocked_ball,R,L,CIN,ATL,80.50,,,0,0,2025,2025-07
2025-07-31,2025,R,671096,669221,FC,Cutter,walk,ball,R,L,CIN,ATL,88.00,,,3,1,2025,2025-07
2025-07-31,2025,R,671096,669221,CU,Curveball,,ball,R,L,CIN,ATL,79.10,,,2,1,2025,2025-07
2025-07-31,2025,R,671096,669221,FF,4-Seam Fastball,,ball,R,L,CIN,ATL,92.60,,,1,1,2025,2025-07
2025-07-31,2025,R,671096,669221,ST,Sweeper,,ball,R,L,CIN,ATL,82.30,,,0,1,2025,2025-07
2025-07-31,2025,R,671096,669221,FF,4-Seam Fastball,,called_strike,R,L,CIN,ATL,92.10,,,0,0,2025,2025-07
2025-07-31,2025,R,671096,669397,CH,Changeup,grounded_into_double_play,hit_into_play,R,L,CIN,ATL,82.80,68.00,5,1,2,2025,2025-07
2025-07-31,2025,R,671096,669397,CH,Changeup,,ball,R,L,CIN,ATL,83.80,,,0,2,2025,2025-07
2025-07-31,2025,R,671096,669397,FF,4-Seam Fastball,,foul,R,L,CIN,ATL,92.60,78.50,39,0,1,2025,2025-07
2025-07-31,2025,R,671096,669397,FF,4-Seam Fastball,,foul,R,L,CIN,ATL,92.50,77.10,38,0,0,2025,2025-07
2025-07-31,2025,R,671096,669397,FF,4-Seam Fastball,field_out,hit_into_play,R,L,CIN,ATL,92.80,85.40,84,3,1,2025,2025-07
2025-07-31,2025,R,671096,669397,FF,4-Seam Fastball,,ball,R,L,CIN,ATL,92.10,,,2,1,2025,2025-07
2025-07-31,2025,R,671096,669397,CU,Curveball,,ball,R,L,CIN,ATL,79.90,,,1,1,2025,2025-07
2025-07-31,2025,R,671096,669397,FF,4-Seam Fastball,,called_strike,R,L,CIN,ATL,92.90,,,1,0,2025,2025-07
2025-07-31,2025,R,671096,669397,FF,4-Seam Fastball,,ball,R,L,CIN,ATL,93.00,,,0,0,2025,2025-07
2025-07-31,2025,R,671096,671739,ST,Sweeper,field_out,hit_into_play,L,L,CIN,ATL,82.60,77.10,76,0,2,2025,2025-07
2025-07-31,2025,R,671096,671739,FF,4-Seam Fastball,,called_strike,L,L,CIN,ATL,93.20,,,0,1,2025,2025-07
2025-07-31,2025,R,671096,671739,FF,4-Seam Fastball,,called_strike,L,L,CIN,ATL,93.00,,,0,0,2025,2025-07
2025-07-31,2025,R,671096,671739,ST,Sweeper,single,hit_into_play,L,L,CIN,ATL,82.20,89.90,3,0,0,2025,2025-07
2025-07-31,2025,R,671096,671739,ST,Sweeper,field_out,hit_into_play,L,L,CIN,ATL,81.30,86.00,32,0,2,2025,2025-07
2025-07-31,2025,R,671096,671739,ST,Sweeper,,swinging_strike,L,L,CIN,ATL,82.00,,,0,1,2025,2025-07
2025-07-31,2025,R,671096,671739,FF,4-Seam Fastball,,called_strike,L,L,CIN,ATL,93.20,,,0,0,2025,2025-07
2025-07-31,2025,R,677958,553993,FC,Cutter,double,hit_into_play,R,R,SEA,TEX,87.60,85.30,-1,2,2,2025,2025-07
2025-07-31,2025,R,677958,553993,SI,Sinker,,ball,R,R,SEA,TEX,97.00,,,1,2,2025,2025-07
2025-07-31,2025,R,677958,553993,FF,4-Seam Fastball,,ball,R,R,SEA,TEX,96.30,,,0,2,2025,2025-07
2025-07-31,2025,R,677958,553993,FC,Cutter,,swinging_strike,R,R,SEA,TEX,88.70,,,0,1,2025,2025-07
2025-07-31,2025,R,677958,553993,FF,4-Seam Fastball,,called_strike,R,R,SEA,TEX,96.10,,,0,0,2025,2025-07
2025-07-31,2025,R,677958,553993,FC,Cutter,strikeout,swinging_strike,R,R,SEA,TEX,87.40,,,1,2,2025,2025-07
2025-07-31,2025,R,677958,553993,SL,Slider,,ball,R,R,SEA,TEX,85.60,,,0,2,2025,2025-07
2025-07-31,2025,R,677958,553993,SI,Sinker,,foul,R,R,SEA,TEX,96.20,71.50,77,0,1,2025,2025-07
2025-07-31,2025,R,677958,553993,FC,Cutter,,called_strike,R,R,SEA,TEX,91.60,,,0,0,2025,2025-07
2025-07-31,2025,R,677958,593871,FF,4-Seam Fastball,field_out,hit_into_play,L,R,SEA,TEX,97.30,99.00,40,2,2,2025,2025-07
2025-07-31,2025,R,677958,593871,SI,Sinker,,foul,L,R,SEA,TEX,96.30,,,2,1,2025,2025-07
2025-07-31,2025,R,677958,593871,FC,Cutter,,ball,L,R,SEA,TEX,89.70,,,1,1,2025,2025-07
2025-07-31,2025,R,677958,593871,CH,Changeup,,ball,L,R,SEA,TEX,90.30,,,0,1,2025,2025-07
2025-07-31,2025,R,677958,593871,SI,Sinker,,called_strike,L,R,SEA,TEX,96.40,,,0,0,2025,2025-07
2025-07-31,2025,R,677958,593871,SI,Sinker,walk,ball,L,R,SEA,TEX,97.50,,,3,2,2025,2025-07
2025-07-31,2025,R,677958,593871,FC,Cutter,,ball,L,R,SEA,TEX,86.60,,,2,2,2025,2025-07
2025-07-31,2025,R,677958,593871,FF,4-Seam Fastball,,foul,L,R,SEA,TEX,97.30,75.50,-20,2,2,2025,2025-07
2025-07-31,2025,R,677958,593871,SI,Sinker,,ball,L,R,SEA,TEX,97.00,,,1,2,2025,2025-07
2025-07-31,2025,R,677958,593871,CH,Changeup,,foul,L,R,SEA,TEX,91.00,71.80,46,1,2,2025,2025-07
2025-07-31,2025,R,677958,593871,FC,Cutter,,ball,L,R,SEA,TEX,87.30,,,0,2,2025,2025-07
2025-07-31,2025,R,677958,593871,FC,Cutter,,called_strike,L,R,SEA,TEX,86.80,,,0,1,2025,2025-07
2025-07-31,2025,R,677958,593871,FF,4-Seam Fastball,,called_strike,L,R,SEA,TEX,96.70,,,0,0,2025,2025-07
2025-07-31,2025,R,677958,641487,CH,Changeup,field_out,hit_into_play,L,R,SEA,TEX,89.20,96.10,-19,2,1,2025,2025-07
2025-07-31,2025,R,677958,641487,FF,4-Seam Fastball,,ball,L,R,SEA,TEX,96.50,,,1,1,2025,2025-07
2025-07-31,2025,R,677958,641487,FF,4-Seam Fastball,,foul,L,R,SEA,TEX,96.40,79.30,9,1,0,2025,2025-07
2025-07-31,2025,R,677958,641487,CH,Changeup,,blocked_ball,L,R,SEA,TEX,89.20,,,0,0,2025,2025-07
2025-07-31,2025,R,677958,641487,FC,Cutter,strikeout,swinging_strike,L,R,SEA,TEX,87.20,,,2,2,2025,2025-07
2025-07-31,2025,R,677958,641487,CH,Changeup,,ball,L,R,SEA,TEX,91.00,,,1,2,2025,2025-07
2025-07-31,2025,R,677958,641487,FF,4-Seam Fastball,,swinging_strike,L,R,SEA,TEX,96.70,,,1,1,2025,2025-07
2025-07-31,2025,R,677958,641487,FC,Cutter,,ball,L,R,SEA,TEX,89.60,,,0,1,2025,2025-07
2025-07-31,2025,R,677958,641487,FF,4-Seam Fastball,,foul,L,R,SEA,TEX,95.90,,,0,0,2025,2025-07
2025-07-31,2025,R,677958,647304,FC,Cutter,single,hit_into_play,L,R,SEA,TEX,87.70,72.70,28,0,1,2025,2025-07
2025-07-31,2025,R,677958,647304,SI,Sinker,,called_strike,L,R,SEA,TEX,96.60,,,0,0,2025,2025-07
2025-07-31,2025,R,677958,647304,CH,Changeup,field_out,hit_into_play,L,R,SEA,TEX,89.80,105.00,1,2,1,2025,2025-07
2025-07-31,2025,R,677958,647304,FC,Cutter,,foul,L,R,SEA,TEX,90.00,,,2,0,2025,2025-07
2025-07-31,2025,R,677958,647304,SI,Sinker,,ball,L,R,SEA,TEX,96.20,,,1,0,2025,2025-07
2025-07-31,2025,R,677958,647304,FC,Cutter,,ball,L,R,SEA,TEX,87.40,,,0,0,2025,2025-07
2025-07-31,2025,R,677958,647304,SI,Sinker,strikeout,foul_tip,L,R,SEA,TEX,96.90,,,2,2,2025,2025-07
2025-07-31,2025,R,677958,647304,FC,Cutter,,foul,L,R,SEA,TEX,86.40,,,2,1,2025,2025-07
2025-07-31,2025,R,677958,647304,SI,Sinker,,blocked_ball,L,R,SEA,TEX,96.40,,,1,1,2025,2025-07
2025-07-31,2025,R,677958,647304,CH,Changeup,,swinging_strike,L,R,SEA,TEX,89.80,,,1,0,2025,2025-07
2025-07-31,2025,R,677958,647304,FC,Cutter,,ball,L,R,SEA,TEX,91.70,,,0,0,2025,2025-07
2025-07-31,2025,R,677958,663728,FF,4-Seam Fastball,home_run,hit_into_play,L,R,SEA,TEX,96.30,101.30,42,0,1,2025,2025-07
2025-07-31,2025,R,677958,663728,CH,Changeup,,foul,L,R,SEA,TEX,90.90,98.20,28,0,0,2025,2025-07
2025-07-31,2025,R,677958,663728,CH,Changeup,force_out,hit_into_play,L,R,SEA,TEX,89.40,102.80,5,2,2,2025,2025-07
2025-07-31,2025,R,677958,663728,FF,4-Seam Fastball,,foul,L,R,SEA,TEX,95.00,,,2,1,2025,2025-07
2025-07-31,2025,R,677958,663728,CH,Changeup,,swinging_strike,L,R,SEA,TEX,90.10,,,2,0,2025,2025-07
2025-07-31,2025,R,677958,663728,FF,4-Seam Fastball,,ball,L,R,SEA,TEX,95.10,,,1,0,2025,2025-07
2025-07-31,2025,R,677958,663728,FF,4-Seam Fastball,,ball,L,R,SEA,TEX,95.80,,,0,0,2025,2025-07
2025-07-31,2025,R,677958,663728,SL,Slider,force_out,hit_into_play,L,R,SEA,TEX,84.80,79.50,-30,1,2,2025,2025-07
2025-07-31,2025,R,677958,663728,FC,Cutter,,ball,L,R,SEA,TEX,86.50,,,0,2,2025,2025-07
2025-07-31,2025,R,677958,663728,SI,Sinker,,foul,L,R,SEA,TEX,96.00,80.20,34,0,1,2025,2025-07
2025-07-31,2025,R,677958,663728,FC,Cutter,,foul,L,R,SEA,TEX,89.60,110.10,35,0,0,2025,2025-07
2025-07-31,2025,R,677958,668227,FF,4-Seam Fastball,field_out,hit_into_play,R,R,SEA,TEX,96.10,93.50,20,0,2,2025,2025-07
2025-07-31,2025,R,677958,668227,FC,Cutter,,swinging_strike,R,R,SEA,TEX,88.00,,,0,1,2025,2025-07
2025-07-31,2025,R,677958,668227,SI,Sinker,,swinging_strike,R,R,SEA,TEX,96.20,,,0,0,2025,2025-07
2025-07-31,2025,R,677958,668227,FC,Cutter,single,hit_into_play,R,R,SEA,TEX,89.50,100.20,9,0,0,2025,2025-07
2025-07-31,2025,R,677958,668227,SI,Sinker,walk,ball,R,R,SEA,TEX,97.10,,,3,0,2025,2025-07
2025-07-31,2025,R,677958,668227,FC,Cutter,,ball,R,R,SEA,TEX,88.90,,,2,0,2025,2025-07
2025-07-31,2025,R,677958,668227,SI,Sinker,,ball,R,R,SEA,TEX,95.50,,,1,0,2025,2025-07
2025-07-31,2025,R,677958,668227,FF,4-Seam Fastball,,ball,R,R,SEA,TEX,95.70,,,0,0,2025,2025-07
2025-07-31,2025,R,677958,677594,FC,Cutter,field_out,hit_into_play,R,R,SEA,TEX,87.60,78.30,-20,0,0,2025,2025-07
2025-07-31,2025,R,677958,677594,FC,Cutter,field_out,hit_into_play,R,R,SEA,TEX,88.20,90.00,5,1,2,2025,2025-07
2025-07-31,2025,R,677958,677594,FF,4-Seam Fastball,,foul,R,R,SEA,TEX,96.00,83.10,46,1,2,2025,2025-07
2025-07-31,2025,R,677958,677594,FC,Cutter,,swinging_strike,R,R,SEA,TEX,87.30,,,1,1,2025,2025-07
2025-07-31,2025,R,677958,677594,SI,Sinker,,ball,R,R,SEA,TEX,95.80,,,0,1,2025,2025-07
2025-07-31,2025,R,677958,677594,FC,Cutter,,swinging_strike_blocked,R,R,SEA,TEX,87.10,,,0,0,2025,2025-07
2025-07-31,2025,R,677958,677594,SI,Sinker,field_out,hit_into_play,R,R,SEA,TEX,95.50,88.90,22,1,1,2025,2025-07
2025-07-31,2025,R,677958,677594,FC,Cutter,,called_strike,R,R,SEA,TEX,86.40,,,1,0,2025,2025-07
2025-07-31,2025,R,677958,677594,FC,Cutter,,ball,R,R,SEA,TEX,90.80,,,0,0,2025,2025-07
2025-07-31,2025,R,677958,686527,CH,Changeup,single,hit_into_play,L,R,SEA,TEX,90.90,108.40,9,2,2,2025,2025-07
2025-07-31,2025,R,677958,686527,FC,Cutter,,foul,L,R,SEA,TEX,88.60,,,2,2,2025,2025-07
2025-07-31,2025,R,677958,686527,FC,Cutter,,ball,L,R,SEA,TEX,87.80,,,1,2,2025,2025-07
2025-07-31,2025,R,677958,686527,FF,4-Seam Fastball,,foul,L,R,SEA,TEX,96.80,,,1,2,2025,2025-07
2025-07-31,2025,R,677958,686527,CH,Changeup,,foul,L,R,SEA,TEX,91.60,88.30,-28,1,1,2025,2025-07
2025-07-31,2025,R,677958,686527,SI,Sinker,,ball,L,R,SEA,TEX,96.20,,,0,1,2025,2025-07
2025-07-31,2025,R,677958,686527,CH,Changeup,,foul,L,R,SEA,TEX,91.40,69.20,60,0,0,2025,2025-07
2025-07-31,2025,R,677958,686527,CH,Changeup,field_out,hit_into_play,L,R,SEA,TEX,90.30,109.50,-2,1,2,2025,2025-07
2025-07-31,2025,R,677958,686527,FC,Cutter,,foul,L,R,SEA,TEX,87.10,106.80,26,1,2,2025,2025-07
2025-07-31,2025,R,677958,686527,FC,Cutter,,foul,L,R,SEA,TEX,88.30,74.70,58,1,2,2025,2025-07
2025-07-31,2025,R,677958,686527,FC,Cutter,,foul,L,R,SEA,TEX,86.60,85.10,46,1,2,2025,2025-07
2025-07-31,2025,R,677958,686527,SI,Sinker,,called_strike,L,R,SEA,TEX,96.10,,,1,1,2025,2025-07
2025-07-31,2025,R,677958,686527,CH,Changeup,,swinging_strike,L,R,SEA,TEX,89.10,,,1,0,2025,2025-07
2025-07-31,2025,R,677958,686527,FC,Cutter,,ball,L,R,SEA,TEX,88.80,,,0,0,2025,2025-07
2025-07-31,2025,R,677958,702284,FF,4-Seam Fastball,home_run,hit_into_play,L,R,SEA,TEX,96.80,114.10,27,1,1,2025,2025-07
2025-07-31,2025,R,677958,702284,CH,Changeup,,ball,L,R,SEA,TEX,89.10,,,0,1,2025,2025-07
2025-07-31,2025,R,677958,702284,FC,Cutter,,called_strike,L,R,SEA,TEX,86.40,,,0,0,2025,2025-07
2025-07-31,2025,R,677958,702284,SI,Sinker,field_out,hit_into_play,L,R,SEA,TEX,96.30,84.60,21,2,1,2025,2025-07
2025-07-31,2025,R,677958,702284,FF,4-Seam Fastball,,foul,L,R,SEA,TEX,96.70,79.20,62,2,0,2025,2025-07
2025-07-31,2025,R,677958,702284,CH,Changeup,,ball,L,R,SEA,TEX,88.50,,,1,0,2025,2025-07
2025-07-31,2025,R,677958,702284,FC,Cutter,,ball,L,R,SEA,TEX,89.80,,,0,0,2025,2025-07
2025-07-31,2025,R,680689,542303,SI,Sinker,walk,ball,R,R,CIN,ATL,96.30,,,3,2,2025,2025-07
2025-07-31,2025,R,680689,542303,CH,Changeup,,foul,R,R,CIN,ATL,88.30,88.90,28,3,2,2025,2025-07
2025-07-31,2025,R,680689,542303,CH,Changeup,,swinging_strike,R,R,CIN,ATL,88.00,,,3,1,2025,2025-07
2025-07-31,2025,R,680689,542303,FF,4-Seam Fastball,,ball,R,R,CIN,ATL,97.30,,,2,1,2025,2025-07
2025-07-31,2025,R,680689,542303,CH,Changeup,,ball,R,R,CIN,ATL,88.00,,,1,1,2025,2025-07
2025-07-31,2025,R,680689,542303,CH,Changeup,,called_strike,R,R,CIN,ATL,87.20,,,1,0,2025,2025-07
2025-07-31,2025,R,680689,542303,FF,4-Seam Fastball,,ball,R,R,CIN,ATL,96.90,,,0,0,2025,2025-07
2025-07-31,2025,R,680689,645277,CH,Changeup,single,hit_into_play,L,R,CIN,ATL,87.60,100.90,19,0,1,2025,2025-07
2025-07-31,2025,R,680689,645277,CH,Changeup,,foul,L,R,CIN,ATL,87.00,86.70,63,0,0,2025,2025-07
2025-07-31,2025,R,680689,663586,CU,Curveball,single,hit_into_play,R,R,CIN,ATL,80.60,69.60,29,1,2,2025,2025-07
2025-07-31,2025,R,680689,663586,SI,Sinker,,called_strike,R,R,CIN,ATL,95.00,,,1,1,2025,2025-07
2025-07-31,2025,R,680689,663586,SI,Sinker,,foul,R,R,CIN,ATL,95.80,79.70,17,1,0,2025,2025-07
2025-07-31,2025,R,680689,663586,FF,4-Seam Fastball,,ball,R,R,CIN,ATL,96.10,,,0,0,2025,2025-07
2025-07-31,2025,R,680689,669221,CU,Curveball,double,hit_into_play,R,R,CIN,ATL,80.40,86.80,21,1,2,2025,2025-07
2025-07-31,2025,R,680689,669221,CH,Changeup,,foul,R,R,CIN,ATL,89.10,63.20,-32,1,2,2025,2025-07
2025-07-31,2025,R,680689,669221,SI,Sinker,,called_strike,R,R,CIN,ATL,96.10,,,1,1,2025,2025-07
2025-07-31,2025,R,680689,669221,SI,Sinker,,called_strike,R,R,CIN,ATL,96.30,,,1,0,2025,2025-07
2025-07-31,2025,R,680689,669221,CU,Curveball,,ball,R,R,CIN,ATL,79.40,,,0,0,2025,2025-07
2025-07-31,2025,R,681168,553993,SL,Slider,field_out,hit_into_play,R,R,SEA,TEX,84.30,44.10,-55,0,0,2025,2025-07
2025-07-31,2025,R,681168,593871,FF,4-Seam Fastball,field_out,hit_into_play,L,R,SEA,TEX,96.10,92.20,55,1,0,2025,2025-07
2025-07-31,2025,R,681168,593871,SL,Slider,,ball,L,R,SEA,TEX,84.90,,,0,0,2025,2025-07
2025-07-31,2025,R,681168,641487,FF,4-Seam Fastball,strikeout,swinging_strike,L,R,SEA,TEX,95.50,,,3,2,2025,2025-07
2025-07-31,2025,R,681168,641487,CH,Changeup,,ball,L,R,SEA,TEX,89.00,,,2,2,2025,2025-07
2025-07-31,2025,R,681168,641487,FF,4-Seam Fastball,,ball,L,R,SEA,TEX,96.60,,,1,2,2025,2025-07
2025-07-31,2025,R,681168,641487,FF,4-Seam Fastball,,swinging_strike,L,R,SEA,TEX,94.70,,,1,1,2025,2025-07
2025-07-31,2025,R,681168,641487,CH,Changeup,,ball,L,R,SEA,TEX,88.90,,,0,1,2025,2025-07
2025-07-31,2025,R,681168,641487,FF,4-Seam Fastball,,called_strike,L,R,SEA,TEX,95.60,,,0,0,2025,2025-07
2025-07-31,2025,R,681168,647304,CH,Changeup,strikeout,swinging_strike,L,R,SEA,TEX,88.10,,,1,2,2025,2025-07
2025-07-31,2025,R,681168,647304,SL,Slider,,foul,L,R,SEA,TEX,84.20,84.50,-7,1,2,2025,2025-07
2025-07-31,2025,R,681168,647304,FF,4-Seam Fastball,,ball,L,R,SEA,TEX,97.10,,,0,2,2025,2025-07
2025-07-31,2025,R,681168,647304,CH,Changeup,,foul,L,R,SEA,TEX,90.20,71.70,48,0,1,2025,2025-07
2025-07-31,2025,R,681168,647304,FF,4-Seam Fastball,,called_strike,L,R,SEA,TEX,97.10,,,0,0,2025,2025-07
2025-07-31,2025,R,681168,677594,FF,4-Seam Fastball,strikeout,called_strike,R,R,SEA,TEX,97.20,,,1,2,2025,2025-07
2025-07-31,2025,R,681168,677594,SL,Slider,,ball,R,R,SEA,TEX,85.20,,,0,2,2025,2025-07
2025-07-31,2025,R,681168,677594,SL,Slider,,swinging_strike,R,R,SEA,TEX,84.80,,,0,1,2025,2025-07
2025-07-31,2025,R,681168,677594,SI,Sinker,,called_strike,R,R,SEA,TEX,96.30,,,0,0,2025,2025-07
2025-07-31,2025,R,681168,686527,SL,Slider,single,hit_into_play,L,R,SEA,TEX,84.30,75.20,19,0,0,2025,2025-07
2025-07-31,2025,R,681168,702284,FF,4-Seam Fastball,field_out,hit_into_play,L,R,SEA,TEX,96.30,81.20,80,0,0,2025,2025-07
2025-07-31,2025,R,682254,596103,FF,4-Seam Fastball,grounded_into_double_play,hit_into_play,R,L,NYY,TB,99.90,96.90,-15,2,2,2025,2025-07
2025-07-31,2025,R,682254,596103,SL,Slider,,ball,R,L,NYY,TB,91.80,,,1,2,2025,2025-07
2025-07-31,2025,R,682254,596103,FF,4-Seam Fastball,,foul,R,L,NYY,TB,98.60,84.50,66,1,2,2025,2025-07
2025-07-31,2025,R,682254,596103,SL,Slider,,ball,R,L,NYY,TB,92.00,,,0,2,2025,2025-07
2025-07-31,2025,R,682254,596103,FF,4-Seam Fastball,,foul,R,L,NYY,TB,99.30,80.50,37,0,2,2025,2025-07
2025-07-31,2025,R,682254,596103,FF,4-Seam Fastball,,foul,R,L,NYY,TB,99.90,,,0,1,2025,2025-07
2025-07-31,2025,R,682254,596103,FF,4-Seam Fastball,,foul_tip,R,L,NYY,TB,99.10,,,0,0,2025,2025-07
2025-07-31,2025,R,686752,502671,CH,Changeup,strikeout,swinging_strike,R,R,NYY,TB,88.80,,,3,2,2025,2025-07
2025-07-31,2025,R,686752,502671,CH,Changeup,,foul,R,R,NYY,TB,88.10,92.10,58,3,2,2025,2025-07
2025-07-31,2025,R,686752,502671,SL,Slider,,ball,R,R,NYY,TB,88.80,,,2,2,2025,2025-07
2025-07-31,2025,R,686752,502671,FF,4-Seam Fastball,,ball,R,R,NYY,TB,94.00,,,1,2,2025,2025-07
2025-07-31,2025,R,686752,502671,CH,Changeup,,foul,R,R,NYY,TB,88.10,,,1,2,2025,2025-07
2025-07-31,2025,R,686752,502671,CH,Changeup,,swinging_strike,R,R,NYY,TB,87.80,,,1,1,2025,2025-07
2025-07-31,2025,R,686752,502671,SL,Slider,,called_strike,R,R,NYY,TB,86.00,,,1,0,2025,2025-07
2025-07-31,2025,R,686752,502671,SI,Sinker,,ball,R,R,NYY,TB,93.90,,,0,0,2025,2025-07
2025-07-31,2025,R,686752,502671,FF,4-Seam Fastball,strikeout,swinging_strike,R,R,NYY,TB,96.90,,,1,2,2025,2025-07
2025-07-31,2025,R,686752,502671,CH,Changeup,,ball,R,R,NYY,TB,89.00,,,0,2,2025,2025-07
2025-07-31,2025,R,686752,502671,SL,Slider,,called_strike,R,R,NYY,TB,88.80,,,0,1,2025,2025-07
2025-07-31,2025,R,686752,502671,SL,Slider,,called_strike,R,R,NYY,TB,89.90,,,0,0,2025,2025-07
2025-07-31,2025,R,686752,502671,FF,4-Seam Fastball,double,hit_into_play,R,R,NYY,TB,94.40,99.70,57,2,0,2025,2025-07
2025-07-31,2025,R,686752,502671,SL,Slider,,ball,R,R,NYY,TB,88.40,,,1,0,2025,2025-07
2025-07-31,2025,R,686752,502671,FF,4-Seam Fastball,,ball,R,R,NYY,TB,96.30,,,0,0,2025,2025-07
2025-07-31,2025,R,686752,519317,CH,Changeup,field_out,hit_into_play,R,R,NYY,TB,85.30,88.60,30,0,1,2025,2025-07
2025-07-31,2025,R,686752,519317,SI,Sinker,,called_strike,R,R,NYY,TB,93.80,,,0,0,2025,2025-07
2025-07-31,2025,R,686752,519317,SL,Slider,home_run,hit_into_play,R,R,NYY,TB,85.30,111.60,28,0,1,2025,2025-07
2025-07-31,2025,R,686752,519317,FF,4-Seam Fastball,,called_strike,R,R,NYY,TB,95.50,,,0,0,2025,2025-07
2025-07-31,2025,R,686752,596103,FF,4-Seam Fastball,force_out,hit_into_play,R,R,NYY,TB,94.20,93.20,-20,0,0,2025,2025-07
2025-07-31,2025,R,686752,596103,FF,4-Seam Fastball,strikeout,swinging_strike,R,R,NYY,TB,95.00,,,2,2,2025,2025-07
2025-07-31,2025,R,686752,596103,SL,Slider,,ball,R,R,NYY,TB,89.50,,,1,2,2025,2025-07
2025-07-31,2025,R,686752,596103,CH,Changeup,,ball,R,R,NYY,TB,89.40,,,0,2,2025,2025-07
2025-07-31,2025,R,686752,596103,SI,Sinker,,called_strike,R,R,NYY,TB,95.20,,,0,1,2025,2025-07
2025-07-31,2025,R,686752,596103,FF,4-Seam Fastball,,called_strike,R,R,NYY,TB,94.80,,,0,0,2025,2025-07
2025-07-31,2025,R,686752,641355,CH,Changeup,field_out,hit_into_play,L,R,NYY,TB,89.20,72.80,-13,1,2,2025,2025-07
2025-07-31,2025,R,686752,641355,FF,4-Seam Fastball,,called_strike,L,R,NYY,TB,95.40,,,1,1,2025,2025-07
2025-07-31,2025,R,686752,641355,FC,Cutter,,ball,L,R,NYY,TB,92.30,,,0,1,2025,2025-07
2025-07-31,2025,R,686752,641355,FF,4-Seam Fastball,,foul,L,R,NYY,TB,95.60,77.00,25,0,0,2025,2025-07
2025-07-31,2025,R,686752,641355,CH,Changeup,field_out,hit_into_play,L,R,NYY,TB,88.00,81.10,32,2,2,2025,2025-07
2025-07-31,2025,R,686752,641355,CH,Changeup,,ball,L,R,NYY,TB,87.10,,,1,2,2025,2025-07
2025-07-31,2025,R,686752,641355,FF,4-Seam Fastball,,swinging_strike,L,R,NYY,TB,95.50,,,1,1,2025,2025-07
2025-07-31,2025,R,686752,641355,FC,Cutter,,foul,L,R,NYY,TB,91.30,80.30,59,1,0,2025,2025-07
2025-07-31,2025,R,686752,641355,CH,Changeup,,ball,L,R,NYY,TB,88.10,,,0,0,2025,2025-07
2025-07-31,2025,R,686752,641355,FF,4-Seam Fastball,single,hit_into_play,L,R,NYY,TB,94.90,97.90,-1,1,2,2025,2025-07
2025-07-31,2025,R,686752,641355,FF,4-Seam Fastball,,foul_tip,L,R,NYY,TB,95.80,,,1,1,2025,2025-07
2025-07-31,2025,R,686752,641355,FF,4-Seam Fastball,,called_strike,L,R,NYY,TB,93.60,,,1,0,2025,2025-07
2025-07-31,2025,R,686752,641355,CU,Curveball,,ball,L,R,NYY,TB,80.20,,,0,0,2025,2025-07
2025-07-31,2025,R,686752,641857,CH,Changeup,single,hit_into_play,L,R,NYY,TB,86.60,58.00,-50,0,0,2025,2025-07
2025-07-31,2025,R,686752,641857,FF,4-Seam Fastball,walk,ball,L,R,NYY,TB,95.60,,,3,2,2025,2025-07
2025-07-31,2025,R,686752,641857,CH,Changeup,,ball,L,R,NYY,TB,88.30,,,2,2,2025,2025-07
2025-07-31,2025,R,686752,641857,CH,Changeup,,ball,L,R,NYY,TB,89.20,,,1,2,2025,2025-07
2025-07-31,2025,R,686752,641857,FF,4-Seam Fastball,,foul,L,R,NYY,TB,95.30,94.90,1,1,1,2025,2025-07
2025-07-31,2025,R,686752,641857,CH,Changeup,,ball,L,R,NYY,TB,88.80,,,0,1,2025,2025-07
2025-07-31,2025,R,686752,641857,SL,Slider,,called_strike,L,R,NYY,TB,86.60,,,0,0,2025,2025-07
2025-07-31,2025,R,686752,665862,FF,4-Seam Fastball,walk,ball,L,R,NYY,TB,92.90,,,3,0,2025,2025-07
2025-07-31,2025,R,686752,665862,FF,4-Seam Fastball,,ball,L,R,NYY,TB,93.90,,,2,0,2025,2025-07
2025-07-31,2025,R,686752,665862,FC,Cutter,,ball,L,R,NYY,TB,90.50,,,1,0,2025,2025-07
2025-07-31,2025,R,686752,665862,FF,4-Seam Fastball,,ball,L,R,NYY,TB,94.50,,,0,0,2025,2025-07
2025-07-31,2025,R,686752,665862,FF,4-Seam Fastball,strikeout,swinging_strike,L,R,NYY,TB,96.70,,,0,2,2025,2025-07
2025-07-31,2025,R,686752,665862,CH,Changeup,,swinging_strike,L,R,NYY,TB,88.40,,,0,1,2025,2025-07
2025-07-31,2025,R,686752,665862,CH,Changeup,,called_strike,L,R,NYY,TB,86.80,,,0,0,2025,2025-07
2025-07-31,2025,R,686752,683011,CH,Changeup,field_out,hit_into_play,R,R,NYY,TB,89.40,91.50,9,2,2,2025,2025-07
2025-07-31,2025,R,686752,683011,CH,Changeup,,blocked_ball,R,R,NYY,TB,87.90,,,1,2,2025,2025-07
2025-07-31,2025,R,686752,683011,FF,4-Seam Fastball,,foul,R,R,NYY,TB,95.60,79.90,17,1,2,2025,2025-07
2025-07-31,2025,R,686752,683011,CH,Changeup,,foul,R,R,NYY,TB,88.30,,,1,1,2025,2025-07
2025-07-31,2025,R,686752,683011,FF,4-Seam Fastball,,ball,R,R,NYY,TB,94.50,,,0,1,2025,2025-07
2025-07-31,2025,R,686752,683011,CH,Changeup,,called_strike,R,R,NYY,TB,87.70,,,0,0,2025,2025-07
2025-07-31,2025,R,686752,683011,FF,4-Seam Fastball,walk,ball,R,R,NYY,TB,96.60,,,3,2,2025,2025-07
2025-07-31,2025,R,686752,683011,CH,Changeup,,foul,R,R,NYY,TB,88.20,,,3,2,2025,2025-07
2025-07-31,2025,R,686752,683011,FF,4-Seam Fastball,,foul,R,R,NYY,TB,95.10,61.00,46,3,2,2025,2025-07
2025-07-31,2025,R,686752,683011,FF,4-Seam Fastball,,foul,R,R,NYY,TB,95.00,99.00,52,3,2,2025,2025-07
2025-07-31,2025,R,686752,683011,FF,4-Seam Fastball,,foul,R,R,NYY,TB,94.40,92.40,30,3,1,2025,2025-07
2025-07-31,2025,R,686752,683011,FF,4-Seam Fastball,,ball,R,R,NYY,TB,95.10,,,2,1,2025,2025-07
2025-07-31,2025,R,686752,683011,FF,4-Seam Fastball,,foul,R,R,NYY,TB,94.90,75.20,28,2,0,2025,2025-07
2025-07-31,2025,R,686752,683011,FF,4-Seam Fastball,,ball,R,R,NYY,TB,95.40,,,1,0,2025,2025-07
2025-07-31,2025,R,686752,683011,FF,4-Seam Fastball,,ball,R,R,NYY,TB,95.90,,,0,0,2025,2025-07
2025-07-31,2025,R,686752,691176,FF,4-Seam Fastball,single,hit_into_play,L,R,NYY,TB,94.00,102.80,-12,1,0,2025,2025-07
2025-07-31,2025,R,686752,691176,CH,Changeup,,ball,L,R,NYY,TB,87.20,,,0,0,2025,2025-07
2025-07-31,2025,R,686752,691176,FF,4-Seam Fastball,field_out,hit_into_play,L,R,NYY,TB,96.30,92.60,39,2,2,2025,2025-07
2025-07-31,2025,R,686752,691176,CH,Changeup,,ball,L,R,NYY,TB,88.30,,,1,2,2025,2025-07
2025-07-31,2025,R,686752,691176,CH,Changeup,,ball,L,R,NYY,TB,88.30,,,0,2,2025,2025-07
2025-07-31,2025,R,686752,691176,FF,4-Seam Fastball,,swinging_strike,L,R,NYY,TB,96.10,,,0,1,2025,2025-07
2025-07-31,2025,R,686752,691176,FC,Cutter,,foul,L,R,NYY,TB,89.10,108.00,10,0,0,2025,2025-07
2025-07-31,2025,R,686752,700250,FF,4-Seam Fastball,field_out,hit_into_play,L,R,NYY,TB,94.00,94.80,57,1,1,2025,2025-07
2025-07-31,2025,R,686752,700250,CH,Changeup,,ball,L,R,NYY,TB,86.10,,,0,1,2025,2025-07
2025-07-31,2025,R,686752,700250,CH,Changeup,,called_strike,L,R,NYY,TB,85.80,,,0,0,2025,2025-07
2025-07-31,2025,R,686752,700250,SL,Slider,home_run,hit_into_play,L,R,NYY,TB,91.80,110.00,22,2,2,2025,2025-07
2025-07-31,2025,R,686752,700250,CH,Changeup,,ball,L,R,NYY,TB,88.10,,,1,2,2025,2025-07
2025-07-31,2025,R,686752,700250,FF,4-Seam Fastball,,foul,L,R,NYY,TB,96.00,80.80,14,1,2,2025,2025-07
2025-07-31,2025,R,686752,700250,CH,Changeup,,ball,L,R,NYY,TB,87.90,,,0,2,2025,2025-07
2025-07-31,2025,R,686752,700250,FC,Cutter,,called_strike,L,R,NYY,TB,93.80,,,0,1,2025,2025-07
2025-07-31,2025,R,686752,700250,FC,Cutter,,foul,L,R,NYY,TB,91.20,104.20,15,0,0,2025,2025-07
2025-07-31,2025,R,686752,700250,CH,Changeup,field_out,hit_into_play,L,R,NYY,TB,88.00,103.80,-9,2,2,2025,2025-07
2025-07-31,2025,R,686752,700250,CH,Changeup,,called_strike,L,R,NYY,TB,87.10,,,2,1,2025,2025-07
2025-07-31,2025,R,686752,700250,FF,4-Seam Fastball,,called_strike,L,R,NYY,TB,95.60,,,2,0,2025,2025-07
2025-07-31,2025,R,686752,700250,FF,4-Seam Fastball,,ball,L,R,NYY,TB,94.90,,,1,0,2025,2025-07
2025-07-31,2025,R,686752,700250,FF,4-Seam Fastball,,ball,L,R,NYY,TB,93.80,,,0,0,2025,2025-07
2025-07-31,2025,R,687330,519317,SI,Sinker,field_error,hit_into_play,R,R,NYY,TB,92.50,73.70,-64,1,1,2025,2025-07
2025-07-31,2025,R,687330,519317,FC,Cutter,,ball,R,R,NYY,TB,90.00,,,0,1,2025,2025-07
2025-07-31,2025,R,687330,519317,SI,Sinker,,foul,R,R,NYY,TB,91.70,86.80,27,0,0,2025,2025-07
2025-07-31,2025,R,687330,665862,SI,Sinker,force_out,hit_into_play,L,R,NYY,TB,90.60,66.70,-49,1,2,2025,2025-07
2025-07-31,2025,R,687330,665862,FF,4-Seam Fastball,,ball,L,R,NYY,TB,91.10,,,0,2,2025,2025-07
2025-07-31,2025,R,687330,665862,SI,Sinker,,foul,L,R,NYY,TB,91.40,78.30,64,0,1,2025,2025-07
2025-07-31,2025,R,687330,665862,FC,Cutter,,foul,L,R,NYY,TB,90.50,80.60,40,0,0,2025,2025-07
2025-07-31,2025,R,687330,691176,SI,Sinker,walk,ball,L,R,NYY,TB,92.40,,,3,2,2025,2025-07
2025-07-31,2025,R,687330,691176,ST,Sweeper,,ball,L,R,NYY,TB,78.70,,,2,2,2025,2025-07
2025-07-31,2025,R,687330,691176,FF,4-Seam Fastball,,ball,L,R,NYY,TB,91.60,,,1,2,2025,2025-07
2025-07-31,2025,R,687330,691176,SI,Sinker,,foul,L,R,NYY,TB,91.30,70.70,40,1,1,2025,2025-07
2025-07-31,2025,R,687330,691176,SI,Sinker,,ball,L,R,NYY,TB,90.90,,,0,1,2025,2025-07
2025-07-31,2025,R,687330,691176,SI,Sinker,,foul,L,R,NYY,TB,92.10,79.40,-22,0,0,2025,2025-07
2025-07-31,2025,R,697812,502671,SL,Slider,strikeout,swinging_strike,R,L,NYY,TB,86.70,,,2,2,2025,2025-07
2025-07-31,2025,R,697812,502671,SL,Slider,,foul,R,L,NYY,TB,87.10,75.30,32,2,2,2025,2025-07
2025-07-31,2025,R,697812,502671,FF,4-Seam Fastball,,foul,R,L,NYY,TB,94.90,73.90,29,2,2,2025,2025-07
2025-07-31,2025,R,697812,502671,SL,Slider,,blocked_ball,R,L,NYY,TB,85.90,,,1,2,2025,2025-07
2025-07-31,2025,R,697812,502671,SL,Slider,,foul_tip,R,L,NYY,TB,86.80,,,1,1,2025,2025-07
2025-07-31,2025,R,697812,502671,SI,Sinker,,called_strike,R,L,NYY,TB,94.60,,,1,0,2025,2025-07
2025-07-31,2025,R,697812,502671,SI,Sinker,,ball,R,L,NYY,TB,94.40,,,0,0,2025,2025-07
2025-07-31,2025,R,697812,519317,SL,Slider,strikeout,swinging_strike,R,L,NYY,TB,87.50,,,1,2,2025,2025-07
2025-07-31,2025,R,697812,519317,FF,4-Seam Fastball,,foul,R,L,NYY,TB,93.70,76.10,21,1,2,2025,2025-07
2025-07-31,2025,R,697812,519317,CH,Changeup,,ball,R,L,NYY,TB,88.10,,,0,2,2025,2025-07
2025-07-31,2025,R,697812,519317,CH,Changeup,,swinging_strike,R,L,NYY,TB,87.30,,,0,1,2025,2025-07
2025-07-31,2025,R,697812,519317,SI,Sinker,,called_strike,R,L,NYY,TB,94.00,,,0,0,2025,2025-07
2025-07-31,2025,R,697812,596103,FF,4-Seam Fastball,strikeout,swinging_strike,R,L,NYY,TB,93.90,,,2,2,2025,2025-07
2025-07-31,2025,R,697812,596103,CH,Changeup,,foul,R,L,NYY,TB,87.20,70.10,-62,2,1,2025,2025-07
2025-07-31,2025,R,697812,596103,SI,Sinker,,called_strike,R,L,NYY,TB,93.70,,,2,0,2025,2025-07
2025-07-31,2025,R,697812,596103,SI,Sinker,,ball,R,L,NYY,TB,92.90,,,1,0,2025,2025-07
2025-07-31,2025,R,697812,596103,FF,4-Seam Fastball,,ball,R,L,NYY,TB,93.80,,,0,0,2025,2025-07
2025-07-31,2025,R,697812,641355,SI,Sinker,field_out,hit_into_play,L,L,NYY,TB,93.30,96.80,25,1,1,2025,2025-07
2025-07-31,2025,R,697812,641355,SI,Sinker,,foul,L,L,NYY,TB,91.20,79.90,-31,1,0,2025,2025-07
2025-07-31,2025,R,697812,641355,SI,Sinker,,ball,L,L,NYY,TB,92.90,,,0,0,2025,2025-07
2025-07-31,2025,R,697812,641857,SL,Slider,strikeout,foul_tip,L,L,NYY,TB,86.80,,,1,2,2025,2025-07
2025-07-31,2025,R,697812,641857,SI,Sinker,,called_strike,L,L,NYY,TB,93.40,,,1,1,2025,2025-07
2025-07-31,2025,R,697812,641857,SI,Sinker,,called_strike,L,L,NYY,TB,92.40,,,1,0,2025,2025-07
2025-07-31,2025,R,697812,641857,SL,Slider,,ball,L,L,NYY,TB,86.80,,,0,0,2025,2025-07
2025-07-31,2025,R,697812,641857,SI,Sinker,single,hit_into_play,L,L,NYY,TB,93.80,86.20,13,1,1,2025,2025-07
2025-07-31,2025,R,697812,641857,SI,Sinker,,ball,L,L,NYY,TB,93.10,,,0,1,2025,2025-07
2025-07-31,2025,R,697812,641857,SI,Sinker,,foul_bunt,L,L,NYY,TB,93.40,,,0,0,2025,2025-07
2025-07-31,2025,R,697812,665862,SL,Slider,single,hit_into_play,L,L,NYY,TB,85.90,71.50,21,2,2,2025,2025-07
2025-07-31,2025,R,697812,665862,SL,Slider,,ball,L,L,NYY,TB,86.50,,,1,2,2025,2025-07
2025-07-31,2025,R,697812,665862,SI,Sinker,,called_strike,L,L,NYY,TB,93.40,,,1,1,2025,2025-07
2025-07-31,2025,R,697812,665862,SL,Slider,,ball,L,L,NYY,TB,86.50,,,0,1,2025,2025-07
2025-07-31,2025,R,697812,665862,SL,Slider,,swinging_strike,L,L,NYY,TB,86.00,,,0,0,2025,2025-07
2025-07-31,2025,R,697812,683011,FF,4-Seam Fastball,field_out,hit_into_play,R,L,NYY,TB,94.30,98.60,46,1,2,2025,2025-07
2025-07-31,2025,R,697812,683011,SL,Slider,,ball,R,L,NYY,TB,87.40,,,0,2,2025,2025-07
2025-07-31,2025,R,697812,683011,FF,4-Seam Fastball,,called_strike,R,L,NYY,TB,94.80,,,0,1,2025,2025-07
2025-07-31,2025,R,697812,683011,FF,4-Seam Fastball,,foul,R,L,NYY,TB,94.30,83.60,39,0,0,2025,2025-07
2025-07-31,2025,R,697812,683011,FF,4-Seam Fastball,strikeout,swinging_strike,R,L,NYY,TB,94.20,,,1,2,2025,2025-07
2025-07-31,2025,R,697812,683011,FF,4-Seam Fastball,,foul,R,L,NYY,TB,94.20,77.40,49,1,2,2025,2025-07
2025-07-31,2025,R,697812,683011,SL,Slider,,foul,R,L,NYY,TB,86.50,68.00,50,1,1,2025,2025-07
2025-07-31,2025,R,697812,683011,SI,Sinker,,called_strike,R,L,NYY,TB,94.20,,,1,0,2025,2025-07
2025-07-31,2025,R,697812,683011,SI,Sinker,,ball,R,L,NYY,TB,93.70,,,0,0,2025,2025-07
2025-07-31,2025,R,697812,691176,CH,Changeup,field_out,hit_into_play,R,L,NYY,TB,88.00,82.10,-10,1,0,2025,2025-07
2025-07-31,2025,R,697812,691176,SI,Sinker,,ball,R,L,NYY,TB,94.00,,,0,0,2025,2025-07
2025-07-31,2025,R,697812,700250,SL,Slider,field_out,hit_into_play,L,L,NYY,TB,85.30,98.50,49,1,2,2025,2025-07
2025-07-31,2025,R,697812,700250,SL,Slider,,foul,L,L,NYY,TB,86.10,69.00,-9,1,2,2025,2025-07
2025-07-31,2025,R,697812,700250,SI,Sinker,,called_strike,L,L,NYY,TB,93.70,,,1,1,2025,2025-07
2025-07-31,2025,R,697812,700250,SL,Slider,,ball,L,L,NYY,TB,86.30,,,0,1,2025,2025-07
2025-07-31,2025,R,697812,700250,SI,Sinker,,called_strike,L,L,NYY,TB,93.50,,,0,0,2025,2025-07
