game_date,game_year,game_type,pitcher,batter,pitch_type,pitch_name,events,description,stand,p_throws,home_team,away_team,release_speed,launch_speed,launch_angle,hc_x,hc_y,bb_type,balls,strikes,season,month
2023-07-29,2023,R,672282,593160,SL,Slider,field_out,hit_into_play,R,L,TOR,LAA,91.00,81.40,-9,119.46,142.50,ground_ball,1,2,2023,2023-07
2023-07-29,2023,R,672282,593160,FF,4-Seam Fastball,,foul,R,L,TOR,LAA,94.30,74.20,26,,,,1,2,2023,2023-07
2023-07-29,2023,R,672282,593160,CU,Curveball,,foul,R,L,TOR,LAA,72.90,,,,,,1,1,2023,2023-07
2023-07-29,2023,R,672282,593160,SL,Slider,,ball,R,L,TOR,LAA,84.60,,,,,,0,1,2023,2023-07
2023-07-29,2023,R,672282,593160,FF,4-Seam Fastball,,called_strike,R,L,TOR,LAA,92.70,,,,,,0,0,2023,2023-07
2023-07-29,2023,R,672282,595281,SL,Slider,field_out,hit_into_play,L,L,TOR,LAA,88.00,70.50,9,129.28,140.94,ground_ball,1,1,2023,2023-07
2023-07-29,2023,R,672282,595281,SL,Slider,,ball,L,L,TOR,LAA,85.60,,,,,,0,1,2023,2023-07
2023-07-29,2023,R,672282,595281,SI,Sinker,,called_strike,L,L,TOR,LAA,91.50,,,,,,0,0,2023,2023-07
2023-07-29,2023,R,672282,595281,SI,Sinker,field_out,hit_into_play,L,L,TOR,LAA,93.00,62.90,58,121.62,145.06,popup,0,0,2023,2023-07
2023-07-29,2023,R,672282,643376,SL,Slider,strikeout,swinging_strike,R,L,TOR,LAA,89.50,,,,,,3,2,2023,2023-07
2023-07-29,2023,R,672282,643376,CU,Curveball,,foul,R,L,TOR,LAA,74.30,94.70,14,,,,3,2,2023,2023-07
2023-07-29,2023,R,672282,643376,CU,Curveball,,foul,R,L,TOR,LAA,75.90,55.30,-65,,,,3,2,2023,2023-07
2023-07-29,2023,R,672282,643376,FF,4-Seam Fastball,,foul,R,L,TOR,LAA,94.20,,,,,,3,2,2023,2023-07
2023-07-29,2023,R,672282,643376,ST,Sweeper,,ball,R,L,TOR,LAA,82.60,,,,,,2,2,2023,2023-07
2023-07-29,2023,R,672282,643376,CU,Curveball,,foul,R,L,TOR,LAA,74.00,79.90,29,,,,2,2,2023,2023-07
2023-07-29,2023,R,672282,643376,FF,4-Seam Fastball,,ball,R,L,TOR,LAA,94.20,,,,,,1,2,2023,2023-07
2023-07-29,2023,R,672282,643376,CU,Curveball,,ball,R,L,TOR,LAA,75.70,,,,,,0,2,2023,2023-07
2023-07-29,2023,R,672282,643376,CU,Curveball,,foul,R,L,TOR,LAA,74.40,84.00,-31,,,,0,1,2023,2023-07
2023-07-29,2023,R,672282,643376,FF,4-Seam Fastball,,called_strike,R,L,TOR,LAA,94.20,,,,,,0,0,2023,2023-07
2023-07-29,2023,R,672282,643376,FF,4-Seam Fastball,walk,ball,R,L,TOR,LAA,94.00,,,,,,3,2,2023,2023-07
2023-07-29,2023,R,672282,643376,FF,4-Seam Fastball,,called_strike,R,L,TOR,LAA,94.20,,,,,,3,1,2023,2023-07
2023-07-29,2023,R,672282,643376,CU,Curveball,,blocked_ball,R,L,TOR,LAA,74.40,,,,,,2,1,2023,2023-07
2023-07-29,2023,R,672282,643376,FF,4-Seam Fastball,,ball,R,L,TOR,LAA,93.70,,,,,,1,1,2023,2023-07
2023-07-29,2023,R,672282,643376,CU,Curveball,,called_strike,R,L,TOR,LAA,74.10,,,,,,1,0,2023,2023-07
2023-07-29,2023,R,672282,643376,CU,Curveball,,ball,R,L,TOR,LAA,72.60,,,,,,0,0,2023,2023-07
2023-07-29,2023,R,672282,656305,SL,Slider,field_out,hit_into_play,R,L,TOR,LAA,84.30,100.00,42,108.40,63.55,fly_ball,1,2,2023,2023-07
2023-07-29,2023,R,672282,656305,FF,4-Seam Fastball,,ball,R,L,TOR,LAA,93.90,,,,,,0,2,2023,2023-07
2023-07-29,2023,R,672282,656305,SL,Slider,,foul,R,L,TOR,LAA,88.10,74.50,-17,,,,0,2,2023,2023-07
2023-07-29,2023,R,672282,656305,CU,Curveball,,called_strike,R,L,TOR,LAA,72.80,,,,,,0,1,2023,2023-07
2023-07-29,2023,R,672282,656305,CU,Curveball,,called_strike,R,L,TOR,LAA,72.60,,,,,,0,0,2023,2023-07
2023-07-29,2023,R,672282,656305,FF,4-Seam Fastball,walk,ball,R,L,TOR,LAA,95.00,,,,,,3,2,2023,2023-07
2023-07-29,2023,R,672282,656305,FF,4-Seam Fastball,,ball,R,L,TOR,LAA,94.00,,,,,,2,2,2023,2023-07
2023-07-29,2023,R,672282,656305,FF,4-Seam Fastball,,called_strike,R,L,TOR,LAA,93.30,,,,,,2,1,2023,2023-07
2023-07-29,2023,R,672282,656305,SL,Slider,,ball,R,L,TOR,LAA,86.80,,,,,,1,1,2023,2023-07
2023-07-29,2023,R,672282,656305,SL,Slider,,ball,R,L,TOR,LAA,87.20,,,,,,0,1,2023,2023-07
2023-07-29,2023,R,672282,656305,FF,4-Seam Fastball,,swinging_strike,R,L,TOR,LAA,92.20,,,,,,0,0,2023,2023-07
2023-07-29,2023,R,672282,665489,SL,Slider,field_out,hit_into_play,R,L,TOR,LAA,90.00,67.90,45,167.34,136.60,popup,3,2,2023,2023-07
2023-07-29,2023,R,672282,665489,SL,Slider,,foul_tip,R,L,TOR,LAA,89.50,,,,,,3,1,2023,2023-07
2023-07-29,2023,R,672282,665489,FF,4-Seam Fastball,,ball,R,L,TOR,LAA,94.40,,,,,,2,1,2023,2023-07
2023-07-29,2023,R,672282,665489,CU,Curveball,,swinging_strike,R,L,TOR,LAA,73.60,,,,,,2,0,2023,2023-07
2023-07-29,2023,R,672282,665489,SL,Slider,,ball,R,L,TOR,LAA,90.30,,,,,,1,0,2023,2023-07
2023-07-29,2023,R,672282,665489,SL,Slider,,blocked_ball,R,L,TOR,LAA,88.80,,,,,,0,0,2023,2023-07
2023-07-29,2023,R,672282,665489,CU,Curveball,field_out,hit_into_play,R,L,TOR,LAA,75.70,103.50,-7,101.85,156.00,ground_ball,3,2,2023,2023-07
2023-07-29,2023,R,672282,665489,FF,4-Seam Fastball,,foul,R,L,TOR,LAA,95.90,78.80,64,,,,3,2,2023,2023-07
2023-07-29,2023,R,672282,665489,FF,4-Seam Fastball,,foul,R,L,TOR,LAA,96.00,72.50,63,,,,3,2,2023,2023-07
2023-07-29,2023,R,672282,665489,FF,4-Seam Fastball,,foul,R,L,TOR,LAA,95.40,98.20,-15,,,,3,2,2023,2023-07
2023-07-29,2023,R,672282,665489,CU,Curveball,,foul,R,L,TOR,LAA,75.30,88.10,-31,,,,3,2,2023,2023-07
2023-07-29,2023,R,672282,665489,FF,4-Seam Fastball,,foul,R,L,TOR,LAA,94.60,76.80,62,,,,3,1,2023,2023-07
2023-07-29,2023,R,672282,665489,SL,Slider,,ball,R,L,TOR,LAA,90.20,,,,,,2,1,2023,2023-07
2023-07-29,2023,R,672282,665489,FF,4-Seam Fastball,,ball,R,L,TOR,LAA,95.40,,,,,,1,1,2023,2023-07
2023-07-29,2023,R,672282,665489,ST,Sweeper,,ball,R,L,TOR,LAA,83.40,,,,,,0,1,2023,2023-07
2023-07-29,2023,R,672282,665489,FF,4-Seam Fastball,,swinging_strike,R,L,TOR,LAA,94.80,,,,,,0,0,2023,2023-07
2023-07-29,2023,R,672282,666182,SL,Slider,single,hit_into_play,R,L,TOR,LAA,86.10,87.40,16,163.35,84.83,line_drive,0,2,2023,2023-07
2023-07-29,2023,R,672282,666182,FF,4-Seam Fastball,,foul,R,L,TOR,LAA,93.90,71.90,28,,,,0,2,2023,2023-07
2023-07-29,2023,R,672282,666182,CU,Curveball,,foul,R,L,TOR,LAA,75.00,76.30,-2,,,,0,1,2023,2023-07
2023-07-29,2023,R,672282,666182,FF,4-Seam Fastball,,swinging_strike,R,L,TOR,LAA,94.50,,,,,,0,0,2023,2023-07
2023-07-29,2023,R,672282,666182,CU,Curveball,field_out,hit_into_play,R,L,TOR,LAA,74.40,88.50,-23,107.30,132.61,ground_ball,0,0,2023,2023-07
2023-07-29,2023,R,672282,669289,FF,4-Seam Fastball,home_run,hit_into_play,R,L,TOR,LAA,93.50,99.30,32,38.47,71.47,fly_ball,3,1,2023,2023-07
2023-07-29,2023,R,672282,669289,FF,4-Seam Fastball,,ball,R,L,TOR,LAA,93.70,,,,,,2,1,2023,2023-07
2023-07-29,2023,R,672282,669289,SL,Slider,,blocked_ball,R,L,TOR,LAA,85.40,,,,,,1,1,2023,2023-07
2023-07-29,2023,R,672282,669289,FF,4-Seam Fastball,,called_strike,R,L,TOR,LAA,91.60,,,,,,1,0,2023,2023-07
2023-07-29,2023,R,672282,669289,SL,Slider,,ball,R,L,TOR,LAA,85.90,,,,,,0,0,2023,2023-07
2023-07-29,2023,R,672282,669289,FF,4-Seam Fastball,strikeout,swinging_strike,R,L,TOR,LAA,93.70,,,,,,0,2,2023,2023-07
2023-07-29,2023,R,672282,669289,FF,4-Seam Fastball,,swinging_strike,R,L,TOR,LAA,95.30,,,,,,0,1,2023,2023-07
2023-07-29,2023,R,672282,669289,CU,Curveball,,called_strike,R,L,TOR,LAA,74.60,,,,,,0,0,2023,2023-07
2023-07-29,2023,R,672282,672386,FF,4-Seam Fastball,single,hit_into_play,R,L,TOR,LAA,92.90,104.70,10,74.71,89.35,line_drive,0,0,2023,2023-07
2023-07-29,2023,R,672282,672386,FF,4-Seam Fastball,strikeout,called_strike,R,L,TOR,LAA,95.20,,,,,,3,2,2023,2023-07
2023-07-29,2023,R,672282,672386,SL,Slider,,ball,R,L,TOR,LAA,91.30,,,,,,2,2,2023,2023-07
2023-07-29,2023,R,672282,672386,SL,Slider,,foul,R,L,TOR,LAA,87.50,78.80,51,,,,2,2,2023,2023-07
2023-07-29,2023,R,672282,672386,FF,4-Seam Fastball,,ball,R,L,TOR,LAA,94.60,,,,,,1,2,2023,2023-07
2023-07-29,2023,R,672282,672386,FF,4-Seam Fastball,,foul,R,L,TOR,LAA,94.00,80.60,57,,,,1,2,2023,2023-07
2023-07-29,2023,R,672282,672386,CU,Curveball,,swinging_strike,R,L,TOR,LAA,75.40,,,,,,1,1,2023,2023-07
2023-07-29,2023,R,672282,672386,FF,4-Seam Fastball,,called_strike,R,L,TOR,LAA,94.30,,,,,,1,0,2023,2023-07
2023-07-29,2023,R,672282,672386,FF,4-Seam Fastball,,ball,R,L,TOR,LAA,93.80,,,,,,0,0,2023,2023-07
2023-07-29,2023,R,672335,518934,SI,Sinker,field_out,hit_into_play,R,L,BAL,NYY,95.90,84.20,-51,106.51,173.94,ground_ball,2,1,2023,2023-07
2023-07-29,2023,R,672335,518934,SI,Sinker,,ball,R,L,BAL,NYY,96.30,,,,,,1,1,2023,2023-07
2023-07-29,2023,R,672335,518934,SV,Slurve,,called_strike,R,L,BAL,NYY,84.70,,,,,,1,0,2023,2023-07
2023-07-29,2023,R,672335,518934,FF,4-Seam Fastball,,ball,R,L,BAL,NYY,97.30,,,,,,0,0,2023,2023-07
2023-07-29,2023,R,672335,519203,SV,Slurve,field_out,hit_into_play,L,L,BAL,NYY,84.40,71.90,73,96.86,182.20,popup,0,1,2023,2023-07
2023-07-29,2023,R,672335,519203,FF,4-Seam Fastball,,swinging_strike,L,L,BAL,NYY,96.40,,,,,,0,0,2023,2023-07
2023-07-29,2023,R,672335,519317,FF,4-Seam Fastball,field_out,hit_into_play,R,L,BAL,NYY,97.30,71.80,6,153.21,149.57,ground_ball,1,1,2023,2023-07
2023-07-29,2023,R,672335,519317,SI,Sinker,,ball,R,L,BAL,NYY,96.70,,,,,,0,1,2023,2023-07
2023-07-29,2023,R,672335,519317,FF,4-Seam Fastball,,called_strike,R,L,BAL,NYY,95.70,,,,,,0,0,2023,2023-07
2023-07-29,2023,R,672335,643396,SV,Slurve,strikeout,called_strike,R,L,BAL,NYY,84.30,,,,,,3,2,2023,2023-07
2023-07-29,2023,R,672335,643396,SI,Sinker,,ball,R,L,BAL,NYY,96.60,,,,,,2,2,2023,2023-07
2023-07-29,2023,R,672335,643396,SI,Sinker,,ball,R,L,BAL,NYY,97.00,,,,,,1,2,2023,2023-07
2023-07-29,2023,R,672335,643396,SV,Slurve,,ball,R,L,BAL,NYY,86.40,,,,,,0,2,2023,2023-07
2023-07-29,2023,R,672335,643396,SV,Slurve,,foul,R,L,BAL,NYY,84.60,85.80,-31,,,,0,2,2023,2023-07
2023-07-29,2023,R,672335,643396,SI,Sinker,,called_strike,R,L,BAL,NYY,96.60,,,,,,0,1,2023,2023-07
2023-07-29,2023,R,672335,643396,FF,4-Seam Fastball,,called_strike,R,L,BAL,NYY,95.20,,,,,,0,0,2023,2023-07
2023-07-29,2023,R,672335,664056,SI,Sinker,field_out,hit_into_play,R,L,BAL,NYY,97.10,97.30,34,155.99,62.90,fly_ball,0,1,2023,2023-07
2023-07-29,2023,R,672335,664056,SI,Sinker,,foul_tip,R,L,BAL,NYY,97.00,,,,,,0,0,2023,2023-07
2023-07-29,2023,R,672335,683011,SI,Sinker,field_out,hit_into_play,R,L,BAL,NYY,97.70,98.30,-15,127.83,183.58,ground_ball,2,2,2023,2023-07
2023-07-29,2023,R,672335,683011,SI,Sinker,,called_strike,R,L,BAL,NYY,96.10,,,,,,2,1,2023,2023-07
2023-07-29,2023,R,672335,683011,SV,Slurve,,ball,R,L,BAL,NYY,84.90,,,,,,1,1,2023,2023-07
2023-07-29,2023,R,672335,683011,SV,Slurve,,ball,R,L,BAL,NYY,85.20,,,,,,0,1,2023,2023-07
2023-07-29,2023,R,672335,683011,FF,4-Seam Fastball,,called_strike,R,L,BAL,NYY,98.30,,,,,,0,0,2023,2023-07
2023-07-29,2023,R,672578,596146,KC,Knuckle Curve,strikeout,swinging_strike,L,R,KC,MIN,85.10,,,,,,3,2,2023,2023-07
2023-07-29,2023,R,672578,596146,FF,4-Seam Fastball,,foul,L,R,KC,MIN,99.80,79.20,66,,,,3,2,2023,2023-07
2023-07-29,2023,R,672578,596146,SL,Slider,,ball,L,R,KC,MIN,88.40,,,,,,2,2,2023,2023-07
2023-07-29,2023,R,672578,596146,FF,4-Seam Fastball,,ball,L,R,KC,MIN,99.60,,,,,,1,2,2023,2023-07
2023-07-29,2023,R,672578,596146,FS,Split-Finger,,swinging_strike,L,R,KC,MIN,89.30,,,,,,1,1,2023,2023-07
2023-07-29,2023,R,672578,596146,FF,4-Seam Fastball,,ball,L,R,KC,MIN,99.60,,,,,,0,1,2023,2023-07
2023-07-29,2023,R,672578,596146,KC,Knuckle Curve,,called_strike,L,R,KC,MIN,85.40,,,,,,0,0,2023,2023-07
2023-07-29,2023,R,672578,666135,SL,Slider,strikeout,swinging_strike_blocked,L,R,KC,MIN,86.00,,,,,,0,2,2023,2023-07
2023-07-29,2023,R,672578,666135,FF,4-Seam Fastball,,foul,L,R,KC,MIN,100.10,94.60,40,,,,0,1,2023,2023-07
2023-07-29,2023,R,672578,666135,FF,4-Seam Fastball,,swinging_strike,L,R,KC,MIN,99.70,,,,,,0,0,2023,2023-07
2023-07-29,2023,R,672578,666397,SL,Slider,strikeout,swinging_strike,L,R,KC,MIN,86.40,,,,,,1,2,2023,2023-07
2023-07-29,2023,R,672578,666397,FS,Split-Finger,,ball,L,R,KC,MIN,87.90,,,,,,0,2,2023,2023-07
2023-07-29,2023,R,672578,666397,KC,Knuckle Curve,,called_strike,L,R,KC,MIN,84.00,,,,,,0,1,2023,2023-07
2023-07-29,2023,R,672578,666397,FF,4-Seam Fastball,,foul,L,R,KC,MIN,97.70,94.70,39,,,,0,0,2023,2023-07
2023-07-29,2023,R,676254,457759,SL,Slider,double,hit_into_play,R,R,SF,BOS,82.80,99.40,18,91.69,52.10,line_drive,0,2,2023,2023-07
2023-07-29,2023,R,676254,457759,SL,Slider,,called_strike,R,R,SF,BOS,82.40,,,,,,0,1,2023,2023-07
2023-07-29,2023,R,676254,457759,SI,Sinker,,called_strike,R,R,SF,BOS,96.00,,,,,,0,0,2023,2023-07
2023-07-29,2023,R,676254,594807,SI,Sinker,field_out,hit_into_play,R,R,SF,BOS,95.80,83.10,80,134.85,196.44,popup,3,2,2023,2023-07
2023-07-29,2023,R,676254,594807,SL,Slider,,foul,R,R,SF,BOS,83.30,67.70,67,,,,3,2,2023,2023-07
2023-07-29,2023,R,676254,594807,SL,Slider,,ball,R,R,SF,BOS,84.00,,,,,,2,2,2023,2023-07
2023-07-29,2023,R,676254,594807,FF,4-Seam Fastball,,called_strike,R,R,SF,BOS,96.00,,,,,,2,1,2023,2023-07
2023-07-29,2023,R,676254,594807,SI,Sinker,,ball,R,R,SF,BOS,94.70,,,,,,1,1,2023,2023-07
2023-07-29,2023,R,676254,594807,SL,Slider,,called_strike,R,R,SF,BOS,83.20,,,,,,1,0,2023,2023-07
2023-07-29,2023,R,676254,594807,SI,Sinker,,ball,R,R,SF,BOS,96.20,,,,,,0,0,2023,2023-07
2023-07-29,2023,R,676254,624414,SL,Slider,field_out,hit_into_play,R,R,SF,BOS,84.20,75.60,32,73.28,103.15,fly_ball,1,1,2023,2023-07
2023-07-29,2023,R,676254,624414,SL,Slider,,ball,R,R,SF,BOS,84.00,,,,,,0,1,2023,2023-07
2023-07-29,2023,R,676254,624414,SL,Slider,,foul,R,R,SF,BOS,83.80,99.00,9,,,,0,0,2023,2023-07
2023-07-29,2023,R,676254,644374,SL,Slider,strikeout,swinging_strike,R,R,SF,BOS,84.30,,,,,,3,2,2023,2023-07
2023-07-29,2023,R,676254,644374,SI,Sinker,,ball,R,R,SF,BOS,95.80,,,,,,2,2,2023,2023-07
2023-07-29,2023,R,676254,644374,SL,Slider,,ball,R,R,SF,BOS,84.30,,,,,,1,2,2023,2023-07
2023-07-29,2023,R,676254,644374,SL,Slider,,ball,R,R,SF,BOS,85.10,,,,,,0,2,2023,2023-07
2023-07-29,2023,R,676254,644374,SL,Slider,,swinging_strike,R,R,SF,BOS,83.10,,,,,,0,1,2023,2023-07
2023-07-29,2023,R,676254,644374,SL,Slider,,swinging_strike,R,R,SF,BOS,83.30,,,,,,0,0,2023,2023-07
2023-07-29,2023,R,676254,646240,SL,Slider,field_out,hit_into_play,L,R,SF,BOS,83.00,85.90,-8,160.00,148.25,ground_ball,0,2,2023,2023-07
2023-07-29,2023,R,676254,646240,SL,Slider,,foul,L,R,SF,BOS,82.40,,,,,,0,1,2023,2023-07
2023-07-29,2023,R,676254,646240,SI,Sinker,,called_strike,L,R,SF,BOS,96.10,,,,,,0,0,2023,2023-07
2023-07-29,2023,R,676254,657077,SL,Slider,strikeout,swinging_strike,L,R,SF,BOS,84.90,,,,,,2,2,2023,2023-07
2023-07-29,2023,R,676254,657077,SL,Slider,,foul,L,R,SF,BOS,83.60,67.90,-17,,,,2,2,2023,2023-07
2023-07-29,2023,R,676254,657077,SI,Sinker,,foul,L,R,SF,BOS,94.90,87.30,36,,,,2,2,2023,2023-07
2023-07-29,2023,R,676254,657077,SI,Sinker,,ball,L,R,SF,BOS,95.60,,,,,,1,2,2023,2023-07
2023-07-29,2023,R,676254,657077,SL,Slider,,foul,L,R,SF,BOS,84.40,72.50,60,,,,1,2,2023,2023-07
2023-07-29,2023,R,676254,657077,SL,Slider,,called_strike,L,R,SF,BOS,83.50,,,,,,1,1,2023,2023-07
2023-07-29,2023,R,676254,657077,SI,Sinker,,called_strike,L,R,SF,BOS,94.90,,,,,,1,0,2023,2023-07
2023-07-29,2023,R,676254,657077,SL,Slider,,ball,L,R,SF,BOS,84.90,,,,,,0,0,2023,2023-07
2023-07-29,2023,R,676254,657136,SL,Slider,field_out,hit_into_play,R,R,SF,BOS,84.60,86.00,60,154.22,126.94,fly_ball,1,2,2023,2023-07
2023-07-29,2023,R,676254,657136,SI,Sinker,,called_strike,R,R,SF,BOS,94.00,,,,,,1,1,2023,2023-07
2023-07-29,2023,R,676254,657136,SL,Slider,,ball,R,R,SF,BOS,82.90,,,,,,0,1,2023,2023-07
2023-07-29,2023,R,676254,657136,SL,Slider,,called_strike,R,R,SF,BOS,81.80,,,,,,0,0,2023,2023-07
2023-07-29,2023,R,676254,671213,SL,Slider,strikeout,swinging_strike,L,R,SF,BOS,84.40,,,,,,2,2,2023,2023-07
2023-07-29,2023,R,676254,671213,SL,Slider,,ball,L,R,SF,BOS,83.00,,,,,,1,2,2023,2023-07
2023-07-29,2023,R,676254,671213,SI,Sinker,,called_strike,L,R,SF,BOS,96.10,,,,,,1,1,2023,2023-07
2023-07-29,2023,R,676254,671213,SI,Sinker,,called_strike,L,R,SF,BOS,94.90,,,,,,1,0,2023,2023-07
2023-07-29,2023,R,676254,671213,SL,Slider,,ball,L,R,SF,BOS,83.80,,,,,,0,0,2023,2023-07
2023-07-29,2023,R,676254,680776,SI,Sinker,field_out,hit_into_play,L,R,SF,BOS,95.80,81.50,-16,140.10,167.17,ground_ball,0,0,2023,2023-07
2023-07-29,2023,R,676534,514888,ST,Sweeper,force_out,hit_into_play,R,R,HOU,TB,89.20,84.10,-21,122.47,147.08,ground_ball,0,2,2023,2023-07
2023-07-29,2023,R,676534,514888,FF,4-Seam Fastball,,called_strike,R,R,HOU,TB,94.90,,,,,,0,1,2023,2023-07
2023-07-29,2023,R,676534,514888,FC,Cutter,,foul,R,R,HOU,TB,91.60,90.40,28,,,,0,0,2023,2023-07
2023-07-29,2023,R,676534,547989,FF,4-Seam Fastball,home_run,hit_into_play,R,R,HOU,TB,95.10,102.90,25,214.69,79.68,fly_ball,1,1,2023,2023-07
2023-07-29,2023,R,676534,547989,FF,4-Seam Fastball,,swinging_strike,R,R,HOU,TB,95.10,,,,,,1,0,2023,2023-07
2023-07-29,2023,R,676534,547989,FC,Cutter,,ball,R,R,HOU,TB,91.90,,,,,,0,0,2023,2023-07
2023-07-29,2023,R,676534,547989,ST,Sweeper,single,hit_into_play,R,R,HOU,TB,88.70,66.50,19,94.54,110.59,line_drive,1,2,2023,2023-07
2023-07-29,2023,R,676534,547989,FC,Cutter,,foul,R,R,HOU,TB,90.60,73.90,-38,,,,1,1,2023,2023-07
2023-07-29,2023,R,676534,547989,FC,Cutter,,blocked_ball,R,R,HOU,TB,91.90,,,,,,0,1,2023,2023-07
2023-07-29,2023,R,676534,547989,FC,Cutter,,swinging_strike,R,R,HOU,TB,92.20,,,,,,0,0,2023,2023-07
2023-07-29,2023,R,676534,608324,FC,Cutter,walk,ball,R,R,HOU,TB,90.80,,,,,,3,2,2023,2023-07
2023-07-29,2023,R,676534,608324,FC,Cutter,,foul,R,R,HOU,TB,91.00,76.20,59,,,,3,2,2023,2023-07
2023-07-29,2023,R,676534,608324,ST,Sweeper,,ball,R,R,HOU,TB,88.70,,,,,,2,2,2023,2023-07
2023-07-29,2023,R,676534,608324,FC,Cutter,,ball,R,R,HOU,TB,91.70,,,,,,1,2,2023,2023-07
2023-07-29,2023,R,676534,608324,FF,4-Seam Fastball,,ball,R,R,HOU,TB,95.50,,,,,,0,2,2023,2023-07
2023-07-29,2023,R,676534,608324,ST,Sweeper,,foul,R,R,HOU,TB,88.10,83.80,52,,,,0,1,2023,2023-07
2023-07-29,2023,R,676534,608324,FF,4-Seam Fastball,,called_strike,R,R,HOU,TB,95.00,,,,,,0,0,2023,2023-07
2023-07-29,2023,R,676534,608324,ST,Sweeper,field_out,hit_into_play,R,R,HOU,TB,87.40,83.60,34,171.17,93.93,fly_ball,0,1,2023,2023-07
2023-07-29,2023,R,676534,608324,FC,Cutter,,called_strike,R,R,HOU,TB,91.80,,,,,,0,0,2023,2023-07
2023-07-29,2023,R,676534,663656,FC,Cutter,field_out,hit_into_play,L,R,HOU,TB,93.00,72.70,-33,157.67,164.31,ground_ball,3,2,2023,2023-07
2023-07-29,2023,R,676534,663656,FC,Cutter,,foul,L,R,HOU,TB,91.50,,,,,,3,2,2023,2023-07
2023-07-29,2023,R,676534,663656,FC,Cutter,,foul,L,R,HOU,TB,89.60,,,,,,3,2,2023,2023-07
2023-07-29,2023,R,676534,663656,FF,4-Seam Fastball,,ball,L,R,HOU,TB,95.60,,,,,,2,2,2023,2023-07
2023-07-29,2023,R,676534,663656,ST,Sweeper,,ball,L,R,HOU,TB,87.10,,,,,,1,2,2023,2023-07
2023-07-29,2023,R,676534,663656,FC,Cutter,,foul,L,R,HOU,TB,90.10,67.30,29,,,,1,1,2023,2023-07
2023-07-29,2023,R,676534,663656,FC,Cutter,,called_strike,L,R,HOU,TB,90.10,,,,,,1,0,2023,2023-07
2023-07-29,2023,R,676534,663656,CU,Curveball,,ball,L,R,HOU,TB,86.00,,,,,,0,0,2023,2023-07
2023-07-29,2023,R,676534,665161,ST,Sweeper,strikeout,swinging_strike,R,R,HOU,TB,88.00,,,,,,1,2,2023,2023-07
2023-07-29,2023,R,676534,665161,FF,4-Seam Fastball,,foul,R,R,HOU,TB,94.40,73.40,51,,,,1,2,2023,2023-07
2023-07-29,2023,R,676534,665161,FF,4-Seam Fastball,,foul,R,R,HOU,TB,94.10,72.90,52,,,,1,2,2023,2023-07
2023-07-29,2023,R,676534,665161,ST,Sweeper,,foul,R,R,HOU,TB,85.70,67.20,34,,,,1,1,2023,2023-07
2023-07-29,2023,R,676534,665161,ST,Sweeper,,foul,R,R,HOU,TB,88.80,65.40,-57,,,,1,0,2023,2023-07
2023-07-29,2023,R,676534,665161,ST,Sweeper,,ball,R,R,HOU,TB,88.70,,,,,,0,0,2023,2023-07
2023-07-29,2023,R,676534,670541,FF,4-Seam Fastball,single,hit_into_play,L,R,HOU,TB,96.60,109.20,5,193.42,109.48,line_drive,1,1,2023,2023-07
2023-07-29,2023,R,676534,670541,FC,Cutter,,foul,L,R,HOU,TB,90.90,79.20,51,,,,1,0,2023,2023-07
2023-07-29,2023,R,676534,670541,FC,Cutter,,ball,L,R,HOU,TB,92.30,,,,,,0,0,2023,2023-07
2023-07-29,2023,R,676534,670541,CU,Curveball,single,hit_into_play,L,R,HOU,TB,85.50,86.30,17,153.80,76.76,line_drive,1,1,2023,2023-07
2023-07-29,2023,R,676534,670541,FF,4-Seam Fastball,,ball,L,R,HOU,TB,96.30,,,,,,0,1,2023,2023-07
2023-07-29,2023,R,676534,670541,CU,Curveball,,called_strike,L,R,HOU,TB,85.40,,,,,,0,0,2023,2023-07
2023-07-29,2023,R,676534,673237,FC,Cutter,double,hit_into_play,R,R,HOU,TB,91.60,110.80,18,177.71,36.43,line_drive,1,1,2023,2023-07
2023-07-29,2023,R,676534,673237,FC,Cutter,,foul,R,R,HOU,TB,91.30,74.90,-50,,,,1,0,2023,2023-07
2023-07-29,2023,R,676534,673237,ST,Sweeper,,ball,R,R,HOU,TB,87.50,,,,,,0,0,2023,2023-07
2023-07-29,2023,R,676534,676694,FC,Cutter,single,hit_into_play,R,R,HOU,TB,92.90,81.80,3,78.81,111.91,ground_ball,0,1,2023,2023-07
2023-07-29,2023,R,676534,676694,FF,4-Seam Fastball,,called_strike,R,R,HOU,TB,95.50,,,,,,0,0,2023,2023-07
2023-07-29,2023,R,676534,676801,FC,Cutter,strikeout,called_strike,R,R,HOU,TB,90.90,,,,,,2,2,2023,2023-07
2023-07-29,2023,R,676534,676801,ST,Sweeper,,ball,R,R,HOU,TB,88.30,,,,,,1,2,2023,2023-07
2023-07-29,2023,R,676534,676801,ST,Sweeper,,called_strike,R,R,HOU,TB,87.20,,,,,,1,1,2023,2023-07
2023-07-29,2023,R,676534,676801,FC,Cutter,,swinging_strike,R,R,HOU,TB,91.20,,,,,,1,0,2023,2023-07
2023-07-29,2023,R,676534,676801,FC,Cutter,,ball,R,R,HOU,TB,91.60,,,,,,0,0,2023,2023-07
2023-07-29,2023,R,676534,676801,ST,Sweeper,triple,hit_into_play,R,R,HOU,TB,88.60,102.70,30,100.46,40.52,fly_ball,1,2,2023,2023-07
2023-07-29,2023,R,676534,676801,ST,Sweeper,,foul_tip,R,R,HOU,TB,88.30,,,,,,1,1,2023,2023-07
2023-07-29,2023,R,676534,676801,FC,Cutter,,blocked_ball,R,R,HOU,TB,92.70,,,,,,0,1,2023,2023-07
2023-07-29,2023,R,676534,676801,FC,Cutter,,called_strike,R,R,HOU,TB,92.10,,,,,,0,0,2023,2023-07
2023-07-29,2023,R,678226,467793,SL,Slider,walk,ball,L,R,ATL,MIL,87.10,,,,,,3,2,2023,2023-07
2023-07-29,2023,R,678226,467793,SL,Slider,,foul,L,R,ATL,MIL,90.10,72.80,22,,,,3,2,2023,2023-07
2023-07-29,2023,R,678226,467793,SL,Slider,,ball,L,R,ATL,MIL,87.70,,,,,,2,2,2023,2023-07
2023-07-29,2023,R,678226,467793,FF,4-Seam Fastball,,ball,L,R,ATL,MIL,96.90,,,,,,1,2,2023,2023-07
2023-07-29,2023,R,678226,467793,SL,Slider,,swinging_strike,L,R,ATL,MIL,88.80,,,,,,1,1,2023,2023-07
2023-07-29,2023,R,678226,467793,SL,Slider,,swinging_strike,L,R,ATL,MIL,89.00,,,,,,1,0,2023,2023-07
2023-07-29,2023,R,678226,467793,SL,Slider,,ball,L,R,ATL,MIL,90.10,,,,,,0,0,2023,2023-07
2023-07-29,2023,R,678226,642715,SL,Slider,single,hit_into_play,R,R,ATL,MIL,88.10,101.30,5,100.21,86.18,ground_ball,0,2,2023,2023-07
2023-07-29,2023,R,678226,642715,FF,4-Seam Fastball,,foul,R,R,ATL,MIL,96.60,77.40,46,,,,0,2,2023,2023-07
2023-07-29,2023,R,678226,642715,FF,4-Seam Fastball,,called_strike,R,R,ATL,MIL,96.90,,,,,,0,1,2023,2023-07
2023-07-29,2023,R,678226,642715,SL,Slider,,foul,R,R,ATL,MIL,90.70,67.10,42,,,,0,0,2023,2023-07
2023-07-29,2023,R,678226,655316,FF,4-Seam Fastball,field_out,hit_into_play,R,R,ATL,MIL,95.40,95.00,26,189.93,76.90,fly_ball,2,0,2023,2023-07
2023-07-29,2023,R,678226,655316,SL,Slider,,ball,R,R,ATL,MIL,89.50,,,,,,1,0,2023,2023-07
2023-07-29,2023,R,678226,655316,FF,4-Seam Fastball,,ball,R,R,ATL,MIL,96.90,,,,,,0,0,2023,2023-07
2023-07-29,2023,R,678226,686217,SL,Slider,strikeout,swinging_strike,L,R,ATL,MIL,88.90,,,,,,1,2,2023,2023-07
2023-07-29,2023,R,678226,686217,SL,Slider,,foul,L,R,ATL,MIL,89.20,,,,,,1,2,2023,2023-07
2023-07-29,2023,R,678226,686217,FF,4-Seam Fastball,,swinging_strike,L,R,ATL,MIL,97.00,,,,,,1,1,2023,2023-07
2023-07-29,2023,R,678226,686217,FF,4-Seam Fastball,,foul,L,R,ATL,MIL,95.90,65.40,45,,,,1,0,2023,2023-07
2023-07-29,2023,R,678226,686217,SL,Slider,,ball,L,R,ATL,MIL,89.10,,,,,,0,0,2023,2023-07
2023-07-29,2023,R,680739,521692,CH,Changeup,walk,blocked_ball,R,R,KC,MIN,88.70,,,,,,3,2,2023,2023-07
2023-07-29,2023,R,680739,521692,SL,Slider,,foul,R,R,KC,MIN,84.90,74.80,-26,,,,3,2,2023,2023-07
2023-07-29,2023,R,680739,521692,CH,Changeup,,foul,R,R,KC,MIN,87.40,68.80,63,,,,3,2,2023,2023-07
2023-07-29,2023,R,680739,521692,FF,4-Seam Fastball,,ball,R,R,KC,MIN,94.00,,,,,,2,2,2023,2023-07
2023-07-29,2023,R,680739,521692,ST,Sweeper,,blocked_ball,R,R,KC,MIN,83.70,,,,,,1,2,2023,2023-07
2023-07-29,2023,R,680739,521692,SL,Slider,,foul,R,R,KC,MIN,85.50,76.70,69,,,,1,1,2023,2023-07
2023-07-29,2023,R,680739,521692,SL,Slider,,blocked_ball,R,R,KC,MIN,85.80,,,,,,0,1,2023,2023-07
2023-07-29,2023,R,680739,521692,SL,Slider,,swinging_strike,R,R,KC,MIN,85.50,,,,,,0,0,2023,2023-07
2023-07-29,2023,R,680739,622110,SL,Slider,field_out,hit_into_play,R,R,KC,MIN,84.60,72.20,-1,157.29,162.33,ground_ball,1,1,2023,2023-07
2023-07-29,2023,R,680739,622110,FF,4-Seam Fastball,,called_strike,R,R,KC,MIN,93.10,,,,,,1,0,2023,2023-07
2023-07-29,2023,R,680739,622110,SL,Slider,,ball,R,R,KC,MIN,84.60,,,,,,0,0,2023,2023-07
2023-07-29,2023,R,680739,658668,FF,4-Seam Fastball,field_out,hit_into_play,R,R,KC,MIN,95.60,97.30,-16,109.08,150.13,ground_ball,2,2,2023,2023-07
2023-07-29,2023,R,680739,658668,CH,Changeup,,swinging_strike,R,R,KC,MIN,89.10,,,,,,2,1,2023,2023-07
2023-07-29,2023,R,680739,658668,FF,4-Seam Fastball,,foul,R,R,KC,MIN,94.60,91.80,-29,,,,2,0,2023,2023-07
2023-07-29,2023,R,680739,658668,CH,Changeup,,ball,R,R,KC,MIN,88.20,,,,,,1,0,2023,2023-07
2023-07-29,2023,R,680739,658668,CH,Changeup,,ball,R,R,KC,MIN,87.20,,,,,,0,0,2023,2023-07
2023-07-29,2023,R,680739,664728,CH,Changeup,double,hit_into_play,L,R,KC,MIN,88.20,100.30,1,48.18,111.48,ground_ball,0,1,2023,2023-07
2023-07-29,2023,R,680739,664728,CU,Curveball,,called_strike,L,R,KC,MIN,78.40,,,,,,0,0,2023,2023-07
2023-07-29,2023,R,680739,669004,SL,Slider,field_out,hit_into_play,L,R,KC,MIN,85.70,85.60,-37,150.69,170.47,ground_ball,3,2,2023,2023-07
2023-07-29,2023,R,680739,669004,,,,automatic_ball,L,R,KC,MIN,88.00,,,,,,2,2,2023,2023-07
2023-07-29,2023,R,680739,669004,SL,Slider,,ball,L,R,KC,MIN,86.40,,,,,,1,2,2023,2023-07
2023-07-29,2023,R,680739,669004,CH,Changeup,,foul,L,R,KC,MIN,87.30,72.50,-27,,,,1,2,2023,2023-07
2023-07-29,2023,R,680739,669004,SL,Slider,,ball,L,R,KC,MIN,85.90,,,,,,0,2,2023,2023-07
2023-07-29,2023,R,680739,669004,SL,Slider,,swinging_strike,L,R,KC,MIN,85.20,,,,,,0,1,2023,2023-07
2023-07-29,2023,R,680739,669004,CH,Changeup,,foul,L,R,KC,MIN,88.00,83.00,41,,,,0,0,2023,2023-07
2023-07-29,2023,R,680739,671221,SL,Slider,field_out,hit_into_play,L,R,KC,MIN,83.40,88.70,23,76.04,94.42,line_drive,1,0,2023,2023-07
2023-07-29,2023,R,680739,671221,CU,Curveball,,ball,L,R,KC,MIN,75.70,,,,,,0,0,2023,2023-07
2023-07-29,2023,R,680739,672580,CH,Changeup,single,hit_into_play,R,R,KC,MIN,87.00,91.10,3,191.29,109.45,ground_ball,1,2,2023,2023-07
2023-07-29,2023,R,680739,672580,CH,Changeup,,foul,R,R,KC,MIN,87.60,74.60,7,,,,1,2,2023,2023-07
2023-07-29,2023,R,680739,672580,SL,Slider,,called_strike,R,R,KC,MIN,84.60,,,,,,1,1,2023,2023-07
2023-07-29,2023,R,680739,672580,SL,Slider,,foul,R,R,KC,MIN,85.30,79.30,44,,,,1,0,2023,2023-07
2023-07-29,2023,R,680739,672580,SL,Slider,,blocked_ball,R,R,KC,MIN,85.10,,,,,,0,0,2023,2023-07
2023-07-29,2023,R,680739,677951,FF,4-Seam Fastball,triple,hit_into_play,R,R,KC,MIN,93.90,104.40,27,181.65,65.72,fly_ball,1,2,2023,2023-07
2023-07-29,2023,R,680739,677951,ST,Sweeper,,foul,R,R,KC,MIN,82.90,68.90,63,,,,1,2,2023,2023-07
2023-07-29,2023,R,680739,677951,FF,4-Seam Fastball,,ball,R,R,KC,MIN,94.20,,,,,,0,2,2023,2023-07
2023-07-29,2023,R,680739,677951,FF,4-Seam Fastball,,foul,R,R,KC,MIN,93.80,78.20,13,,,,0,1,2023,2023-07
2023-07-29,2023,R,680739,677951,FF,4-Seam Fastball,,foul,R,R,KC,MIN,93.60,74.90,43,,,,0,0,2023,2023-07
2023-07-29,2023,R,680739,686681,SL,Slider,field_out,hit_into_play,L,R,KC,MIN,84.30,94.00,44,95.09,77.45,fly_ball,2,1,2023,2023-07
2023-07-29,2023,R,680739,686681,FF,4-Seam Fastball,,ball,L,R,KC,MIN,93.80,,,,,,1,1,2023,2023-07
2023-07-29,2023,R,680739,686681,SL,Slider,,foul,L,R,KC,MIN,85.50,75.60,64,,,,1,0,2023,2023-07
2023-07-29,2023,R,680739,686681,SL,Slider,,ball,L,R,KC,MIN,84.60,,,,,,0,0,2023,2023-07
2023-07-29,2023,R,682842,606115,SI,Sinker,double,hit_into_play,R,R,ATL,MIL,98.80,108.20,18,105.11,31.95,line_drive,3,1,2023,2023-07
2023-07-29,2023,R,682842,606115,SI,Sinker,,called_strike,R,R,ATL,MIL,98.30,,,,,,3,0,2023,2023-07
2023-07-29,2023,R,682842,606115,SI,Sinker,,ball,R,R,ATL,MIL,98.20,,,,,,2,0,2023,2023-07
2023-07-29,2023,R,682842,606115,SL,Slider,,ball,R,R,ATL,MIL,88.70,,,,,,1,0,2023,2023-07
2023-07-29,2023,R,682842,606115,SI,Sinker,,ball,R,R,ATL,MIL,99.50,,,,,,0,0,2023,2023-07
2023-07-29,2023,R,682842,645277,SI,Sinker,single,hit_into_play,L,R,ATL,MIL,98.70,102.00,13,190.20,89.68,line_drive,0,0,2023,2023-07
2023-07-29,2023,R,682842,660670,SI,Sinker,walk,blocked_ball,R,R,ATL,MIL,99.90,,,,,,3,1,2023,2023-07
2023-07-29,2023,R,682842,660670,SI,Sinker,,called_strike,R,R,ATL,MIL,97.90,,,,,,3,0,2023,2023-07
2023-07-29,2023,R,682842,660670,SL,Slider,,ball,R,R,ATL,MIL,89.10,,,,,,2,0,2023,2023-07
2023-07-29,2023,R,682842,660670,SL,Slider,,ball,R,R,ATL,MIL,89.30,,,,,,1,0,2023,2023-07
2023-07-29,2023,R,682842,660670,SI,Sinker,,ball,R,R,ATL,MIL,99.80,,,,,,0,0,2023,2023-07
2023-07-29,2023,R,682842,671739,SI,Sinker,field_out,hit_into_play,L,R,ATL,MIL,100.10,75.80,-25,131.69,144.99,ground_ball,2,2,2023,2023-07
2023-07-29,2023,R,682842,671739,SL,Slider,,ball,L,R,ATL,MIL,92.00,,,,,,1,2,2023,2023-07
2023-07-29,2023,R,682842,671739,SL,Slider,,foul,L,R,ATL,MIL,89.90,68.30,77,,,,1,1,2023,2023-07
2023-07-29,2023,R,682842,671739,SL,Slider,,called_strike,L,R,ATL,MIL,89.80,,,,,,1,0,2023,2023-07
2023-07-29,2023,R,682842,671739,SL,Slider,,ball,L,R,ATL,MIL,88.30,,,,,,0,0,2023,2023-07
2023-07-29,2023,R,682990,547180,CH,Changeup,single,hit_into_play,L,R,PIT,PHI,88.10,107.50,15,172.06,65.13,line_drive,1,2,2023,2023-07
2023-07-29,2023,R,682990,547180,CU,Curveball,,ball,L,R,PIT,PHI,81.00,,,,,,0,2,2023,2023-07
2023-07-29,2023,R,682990,547180,SL,Slider,,swinging_strike,L,R,PIT,PHI,83.90,,,,,,0,1,2023,2023-07
2023-07-29,2023,R,682990,547180,CU,Curveball,,swinging_strike,L,R,PIT,PHI,80.10,,,,,,0,0,2023,2023-07
2023-07-29,2023,R,682990,547180,CU,Curveball,strikeout,swinging_strike_blocked,L,R,PIT,PHI,81.00,,,,,,0,2,2023,2023-07
2023-07-29,2023,R,682990,547180,FF,4-Seam Fastball,,foul,L,R,PIT,PHI,93.40,73.10,39,,,,0,1,2023,2023-07
2023-07-29,2023,R,682990,547180,FF,4-Seam Fastball,,foul,L,R,PIT,PHI,92.80,74.30,56,,,,0,0,2023,2023-07
2023-07-29,2023,R,682990,547180,FF,4-Seam Fastball,strikeout,swinging_strike,L,R,PIT,PHI,95.40,,,,,,1,2,2023,2023-07
2023-07-29,2023,R,682990,547180,CU,Curveball,,called_strike,L,R,PIT,PHI,81.40,,,,,,1,1,2023,2023-07
2023-07-29,2023,R,682990,547180,FF,4-Seam Fastball,,swinging_strike,L,R,PIT,PHI,94.90,,,,,,1,0,2023,2023-07
2023-07-29,2023,R,682990,547180,FF,4-Seam Fastball,,ball,L,R,PIT,PHI,94.40,,,,,,0,0,2023,2023-07
2023-07-29,2023,R,682990,592206,SI,Sinker,field_out,hit_into_play,R,R,PIT,PHI,92.10,63.90,-47,94.22,158.74,ground_ball,2,1,2023,2023-07
2023-07-29,2023,R,682990,592206,SI,Sinker,,called_strike,R,R,PIT,PHI,91.20,,,,,,2,0,2023,2023-07
2023-07-29,2023,R,682990,592206,SI,Sinker,,ball,R,R,PIT,PHI,91.40,,,,,,1,0,2023,2023-07
2023-07-29,2023,R,682990,592206,SL,Slider,,ball,R,R,PIT,PHI,84.00,,,,,,0,0,2023,2023-07
2023-07-29,2023,R,682990,592206,SL,Slider,strikeout,swinging_strike,R,R,PIT,PHI,85.90,,,,,,2,2,2023,2023-07
2023-07-29,2023,R,682990,592206,SL,Slider,,ball,R,R,PIT,PHI,86.10,,,,,,1,2,2023,2023-07
2023-07-29,2023,R,682990,592206,SI,Sinker,,foul,R,R,PIT,PHI,92.80,76.30,-29,,,,1,1,2023,2023-07
2023-07-29,2023,R,682990,592206,SI,Sinker,,called_strike,R,R,PIT,PHI,93.90,,,,,,1,0,2023,2023-07
2023-07-29,2023,R,682990,592206,SL,Slider,,blocked_ball,R,R,PIT,PHI,86.40,,,,,,0,0,2023,2023-07
2023-07-29,2023,R,682990,592206,SI,Sinker,grounded_into_double_play,hit_into_play,R,R,PIT,PHI,94.00,60.00,-14,121.67,155.17,ground_ball,0,1,2023,2023-07
2023-07-29,2023,R,682990,592206,SI,Sinker,,swinging_strike,R,R,PIT,PHI,93.80,,,,,,0,0,2023,2023-07
2023-07-29,2023,R,682990,592663,SI,Sinker,walk,ball,R,R,PIT,PHI,93.00,,,,,,3,0,2023,2023-07
2023-07-29,2023,R,682990,592663,SI,Sinker,,blocked_ball,R,R,PIT,PHI,92.30,,,,,,2,0,2023,2023-07
2023-07-29,2023,R,682990,592663,SI,Sinker,,ball,R,R,PIT,PHI,91.60,,,,,,1,0,2023,2023-07
2023-07-29,2023,R,682990,592663,SI,Sinker,,ball,R,R,PIT,PHI,92.00,,,,,,0,0,2023,2023-07
2023-07-29,2023,R,682990,592663,SI,Sinker,walk,ball,R,R,PIT,PHI,91.60,,,,,,3,0,2023,2023-07
2023-07-29,2023,R,682990,592663,SI,Sinker,,ball,R,R,PIT,PHI,92.10,,,,,,2,0,2023,2023-07
2023-07-29,2023,R,682990,592663,SI,Sinker,,blocked_ball,R,R,PIT,PHI,92.80,,,,,,1,0,2023,2023-07
2023-07-29,2023,R,682990,592663,SI,Sinker,,ball,R,R,PIT,PHI,92.30,,,,,,0,0,2023,2023-07
2023-07-29,2023,R,682990,592663,SI,Sinker,field_out,hit_into_play,R,R,PIT,PHI,93.30,59.70,82,110.38,200.38,popup,1,0,2023,2023-07
2023-07-29,2023,R,682990,592663,SI,Sinker,,ball,R,R,PIT,PHI,93.90,,,,,,0,0,2023,2023-07
2023-07-29,2023,R,682990,595909,FF,4-Seam Fastball,double,hit_into_play,L,R,PIT,PHI,92.40,102.00,27,114.95,40.60,fly_ball,0,0,2023,2023-07
2023-07-29,2023,R,682990,595909,FF,4-Seam Fastball,field_out,hit_into_play,L,R,PIT,PHI,94.50,81.40,58,86.61,106.62,fly_ball,1,2,2023,2023-07
2023-07-29,2023,R,682990,595909,SL,Slider,,blocked_ball,L,R,PIT,PHI,86.90,,,,,,0,2,2023,2023-07
2023-07-29,2023,R,682990,595909,FF,4-Seam Fastball,,called_strike,L,R,PIT,PHI,94.10,,,,,,0,1,2023,2023-07
2023-07-29,2023,R,682990,595909,SI,Sinker,,called_strike,L,R,PIT,PHI,93.30,,,,,,0,0,2023,2023-07
2023-07-29,2023,R,682990,607208,SL,Slider,walk,blocked_ball,R,R,PIT,PHI,84.90,,,,,,3,2,2023,2023-07
2023-07-29,2023,R,682990,607208,SI,Sinker,,ball,R,R,PIT,PHI,91.10,,,,,,2,2,2023,2023-07
2023-07-29,2023,R,682990,607208,SL,Slider,,ball,R,R,PIT,PHI,83.80,,,,,,1,2,2023,2023-07
2023-07-29,2023,R,682990,607208,SI,Sinker,,foul,R,R,PIT,PHI,90.90,80.30,-40,,,,1,1,2023,2023-07
2023-07-29,2023,R,682990,607208,SL,Slider,,swinging_strike,R,R,PIT,PHI,84.40,,,,,,1,0,2023,2023-07
2023-07-29,2023,R,682990,607208,SI,Sinker,,ball,R,R,PIT,PHI,90.70,,,,,,0,0,2023,2023-07
2023-07-29,2023,R,682990,607208,SL,Slider,strikeout,swinging_strike,R,R,PIT,PHI,85.50,,,,,,1,2,2023,2023-07
2023-07-29,2023,R,682990,607208,SL,Slider,,swinging_strike,R,R,PIT,PHI,84.90,,,,,,1,1,2023,2023-07
2023-07-29,2023,R,682990,607208,SI,Sinker,,blocked_ball,R,R,PIT,PHI,92.50,,,,,,0,1,2023,2023-07
2023-07-29,2023,R,682990,607208,SI,Sinker,,called_strike,R,R,PIT,PHI,92.60,,,,,,0,0,2023,2023-07
2023-07-29,2023,R,682990,607208,SI,Sinker,field_out,hit_into_play,R,R,PIT,PHI,92.80,82.00,11,122.75,137.75,line_drive,0,1,2023,2023-07
2023-07-29,2023,R,682990,607208,SI,Sinker,,called_strike,R,R,PIT,PHI,92.40,,,,,,0,0,2023,2023-07
2023-07-29,2023,R,682990,656941,FF,4-Seam Fastball,strikeout,swinging_strike,L,R,PIT,PHI,93.20,,,,,,1,2,2023,2023-07
2023-07-29,2023,R,682990,656941,CU,Curveball,,foul,L,R,PIT,PHI,80.40,,,,,,1,2,2023,2023-07
2023-07-29,2023,R,682990,656941,CU,Curveball,,blocked_ball,L,R,PIT,PHI,81.00,,,,,,0,2,2023,2023-07
2023-07-29,2023,R,682990,656941,FF,4-Seam Fastball,,foul,L,R,PIT,PHI,93.90,67.40,39,,,,0,1,2023,2023-07
2023-07-29,2023,R,682990,656941,CH,Changeup,,called_strike,L,R,PIT,PHI,88.10,,,,,,0,0,2023,2023-07
2023-07-29,2023,R,682990,656941,CU,Curveball,walk,ball,L,R,PIT,PHI,81.00,,,,,,3,2,2023,2023-07
2023-07-29,2023,R,682990,656941,FF,4-Seam Fastball,,called_strike,L,R,PIT,PHI,93.50,,,,,,3,1,2023,2023-07
2023-07-29,2023,R,682990,656941,CH,Changeup,,ball,L,R,PIT,PHI,89.70,,,,,,2,1,2023,2023-07
2023-07-29,2023,R,682990,656941,FF,4-Seam Fastball,,foul,L,R,PIT,PHI,91.90,77.80,13,,,,2,0,2023,2023-07
2023-07-29,2023,R,682990,656941,FF,4-Seam Fastball,,ball,L,R,PIT,PHI,93.20,,,,,,1,0,2023,2023-07
2023-07-29,2023,R,682990,656941,CH,Changeup,,ball,L,R,PIT,PHI,88.40,,,,,,0,0,2023,2023-07
2023-07-29,2023,R,682990,656941,FF,4-Seam Fastball,walk,ball,L,R,PIT,PHI,94.30,,,,,,3,1,2023,2023-07
2023-07-29,2023,R,682990,656941,FF,4-Seam Fastball,,ball,L,R,PIT,PHI,94.00,,,,,,2,1,2023,2023-07
2023-07-29,2023,R,682990,656941,SI,Sinker,,ball,L,R,PIT,PHI,91.40,,,,,,1,1,2023,2023-07
2023-07-29,2023,R,682990,656941,FF,4-Seam Fastball,,ball,L,R,PIT,PHI,95.10,,,,,,0,1,2023,2023-07
2023-07-29,2023,R,682990,656941,FF,4-Seam Fastball,,called_strike,L,R,PIT,PHI,94.30,,,,,,0,0,2023,2023-07
2023-07-29,2023,R,682990,664761,SI,Sinker,field_out,hit_into_play,R,R,PIT,PHI,92.80,74.60,-55,112.06,172.07,ground_ball,0,0,2023,2023-07
2023-07-29,2023,R,682990,664761,SI,Sinker,walk,ball,R,R,PIT,PHI,92.80,,,,,,3,0,2023,2023-07
2023-07-29,2023,R,682990,664761,SI,Sinker,,ball,R,R,PIT,PHI,93.40,,,,,,2,0,2023,2023-07
2023-07-29,2023,R,682990,664761,SI,Sinker,,ball,R,R,PIT,PHI,92.50,,,,,,1,0,2023,2023-07
2023-07-29,2023,R,682990,664761,SL,Slider,,ball,R,R,PIT,PHI,86.00,,,,,,0,0,2023,2023-07
2023-07-29,2023,R,682990,664761,SL,Slider,strikeout,foul_tip,R,R,PIT,PHI,86.80,,,,,,2,2,2023,2023-07
2023-07-29,2023,R,682990,664761,SI,Sinker,,ball,R,R,PIT,PHI,94.00,,,,,,1,2,2023,2023-07
2023-07-29,2023,R,682990,664761,SL,Slider,,swinging_strike,R,R,PIT,PHI,88.10,,,,,,1,1,2023,2023-07
2023-07-29,2023,R,682990,664761,SI,Sinker,,foul,R,R,PIT,PHI,93.30,79.00,16,,,,1,0,2023,2023-07
2023-07-29,2023,R,682990,664761,SI,Sinker,,ball,R,R,PIT,PHI,92.50,,,,,,0,0,2023,2023-07
2023-07-29,2023,R,682990,669016,FF,4-Seam Fastball,double,hit_into_play,L,R,PIT,PHI,92.50,106.30,11,147.88,72.76,line_drive,0,0,2023,2023-07
2023-07-29,2023,R,682990,669016,FF,4-Seam Fastball,hit_by_pitch,hit_by_pitch,L,R,PIT,PHI,93.90,,,,,,0,0,2023,2023-07
2023-07-29,2023,R,682990,681082,FF,4-Seam Fastball,single,hit_into_play,L,R,PIT,PHI,89.10,98.20,7,80.55,119.35,line_drive,2,1,2023,2023-07
2023-07-29,2023,R,682990,681082,FF,4-Seam Fastball,,called_strike,L,R,PIT,PHI,91.10,,,,,,2,0,2023,2023-07
2023-07-29,2023,R,682990,681082,CU,Curveball,,ball,L,R,PIT,PHI,78.60,,,,,,1,0,2023,2023-07
2023-07-29,2023,R,682990,681082,CU,Curveball,,ball,L,R,PIT,PHI,78.20,,,,,,0,0,2023,2023-07
2023-07-29,2023,R,682990,681082,FF,4-Seam Fastball,double,hit_into_play,L,R,PIT,PHI,92.80,103.90,20,210.64,85.86,line_drive,0,0,2023,2023-07
2023-07-29,2023,R,682990,681082,CU,Curveball,strikeout,swinging_strike_blocked,L,R,PIT,PHI,81.50,,,,,,0,2,2023,2023-07
2023-07-29,2023,R,682990,681082,SI,Sinker,,foul,L,R,PIT,PHI,95.70,74.70,52,,,,0,1,2023,2023-07
2023-07-29,2023,R,682990,681082,SI,Sinker,,called_strike,L,R,PIT,PHI,94.00,,,,,,0,0,2023,2023-07
2023-07-29,2023,R,686218,458015,FF,4-Seam Fastball,field_out,hit_into_play,L,R,LAD,CIN,96.00,82.50,32,185.06,99.27,fly_ball,2,0,2023,2023-07
2023-07-29,2023,R,686218,458015,FF,4-Seam Fastball,,ball,L,R,LAD,CIN,94.40,,,,,,1,0,2023,2023-07
2023-07-29,2023,R,686218,458015,CH,Changeup,,ball,L,R,LAD,CIN,83.80,,,,,,0,0,2023,2023-07
2023-07-29,2023,R,686218,458015,FF,4-Seam Fastball,walk,ball,L,R,LAD,CIN,97.40,,,,,,3,2,2023,2023-07
2023-07-29,2023,R,686218,458015,CH,Changeup,,ball,L,R,LAD,CIN,85.30,,,,,,2,2,2023,2023-07
2023-07-29,2023,R,686218,458015,FF,4-Seam Fastball,,foul,L,R,LAD,CIN,97.30,82.40,76,,,,2,1,2023,2023-07
2023-07-29,2023,R,686218,458015,FF,4-Seam Fastball,,swinging_strike,L,R,LAD,CIN,97.40,,,,,,2,0,2023,2023-07
2023-07-29,2023,R,686218,458015,FF,4-Seam Fastball,,ball,L,R,LAD,CIN,98.10,,,,,,1,0,2023,2023-07
2023-07-29,2023,R,686218,458015,ST,Sweeper,,ball,L,R,LAD,CIN,81.20,,,,,,0,0,2023,2023-07
2023-07-29,2023,R,686218,571912,FF,4-Seam Fastball,field_out,hit_into_play,R,R,LAD,CIN,96.30,85.80,48,151.98,101.43,fly_ball,2,2,2023,2023-07
2023-07-29,2023,R,686218,571912,FF,4-Seam Fastball,,foul,R,R,LAD,CIN,95.40,75.60,60,,,,2,1,2023,2023-07
2023-07-29,2023,R,686218,571912,FF,4-Seam Fastball,,foul,R,R,LAD,CIN,96.00,81.90,68,,,,2,0,2023,2023-07
2023-07-29,2023,R,686218,571912,FF,4-Seam Fastball,,ball,R,R,LAD,CIN,95.80,,,,,,1,0,2023,2023-07
2023-07-29,2023,R,686218,571912,SL,Slider,,ball,R,R,LAD,CIN,88.90,,,,,,0,0,2023,2023-07
2023-07-29,2023,R,686218,571912,FF,4-Seam Fastball,double,hit_into_play,R,R,LAD,CIN,95.30,103.10,23,123.05,40.13,fly_ball,0,0,2023,2023-07
2023-07-29,2023,R,686218,641584,FF,4-Seam Fastball,field_out,hit_into_play,L,R,LAD,CIN,95.70,100.00,20,183.62,82.46,line_drive,3,1,2023,2023-07
2023-07-29,2023,R,686218,641584,FF,4-Seam Fastball,,ball,L,R,LAD,CIN,93.10,,,,,,2,1,2023,2023-07
2023-07-29,2023,R,686218,641584,CH,Changeup,,ball,L,R,LAD,CIN,85.50,,,,,,1,1,2023,2023-07
2023-07-29,2023,R,686218,641584,FF,4-Seam Fastball,,foul,L,R,LAD,CIN,95.90,73.30,22,,,,1,0,2023,2023-07
2023-07-29,2023,R,686218,641584,FF,4-Seam Fastball,,ball,L,R,LAD,CIN,95.20,,,,,,0,0,2023,2023-07
2023-07-29,2023,R,686218,641584,FF,4-Seam Fastball,field_out,hit_into_play,L,R,LAD,CIN,96.80,80.00,45,86.59,110.42,fly_ball,1,1,2023,2023-07
2023-07-29,2023,R,686218,641584,FF,4-Seam Fastball,,swinging_strike,L,R,LAD,CIN,96.30,,,,,,1,0,2023,2023-07
2023-07-29,2023,R,686218,641584,FF,4-Seam Fastball,,ball,L,R,LAD,CIN,95.70,,,,,,0,0,2023,2023-07
2023-07-29,2023,R,686218,668715,FF,4-Seam Fastball,field_out,hit_into_play,R,R,LAD,CIN,95.20,78.00,70,151.68,167.30,popup,1,0,2023,2023-07
2023-07-29,2023,R,686218,668715,FF,4-Seam Fastball,,ball,R,R,LAD,CIN,96.20,,,,,,0,0,2023,2023-07
2023-07-29,2023,R,686218,668715,FF,4-Seam Fastball,strikeout,called_strike,R,R,LAD,CIN,96.80,,,,,,2,2,2023,2023-07
2023-07-29,2023,R,686218,668715,FF,4-Seam Fastball,,ball,R,R,LAD,CIN,97.50,,,,,,1,2,2023,2023-07
2023-07-29,2023,R,686218,668715,CH,Changeup,,foul,R,R,LAD,CIN,85.30,72.60,10,,,,1,2,2023,2023-07
2023-07-29,2023,R,686218,668715,FF,4-Seam Fastball,,foul,R,R,LAD,CIN,96.60,74.50,46,,,,1,1,2023,2023-07
2023-07-29,2023,R,686218,668715,FF,4-Seam Fastball,,called_strike,R,R,LAD,CIN,97.30,,,,,,1,0,2023,2023-07
2023-07-29,2023,R,686218,668715,FF,4-Seam Fastball,,ball,R,R,LAD,CIN,95.80,,,,,,0,0,2023,2023-07
2023-07-29,2023,R,686218,669222,SL,Slider,field_out,hit_into_play,R,R,LAD,CIN,87.70,87.30,54,95.63,113.89,fly_ball,1,1,2023,2023-07
2023-07-29,2023,R,686218,669222,FF,4-Seam Fastball,,foul,R,R,LAD,CIN,95.50,79.10,18,,,,1,0,2023,2023-07
2023-07-29,2023,R,686218,669222,FF,4-Seam Fastball,,ball,R,R,LAD,CIN,94.90,,,,,,0,0,2023,2023-07
2023-07-29,2023,R,686218,669222,FF,4-Seam Fastball,field_out,hit_into_play,R,R,LAD,CIN,96.20,98.30,42,119.38,62.58,fly_ball,0,0,2023,2023-07
2023-07-29,2023,R,686218,670770,FF,4-Seam Fastball,field_out,hit_into_play,L,R,LAD,CIN,96.60,88.00,44,125.62,89.22,fly_ball,0,1,2023,2023-07
2023-07-29,2023,R,686218,670770,CH,Changeup,,swinging_strike,L,R,LAD,CIN,84.60,,,,,,0,0,2023,2023-07
2023-07-29,2023,R,686218,670770,FF,4-Seam Fastball,field_out,hit_into_play,L,R,LAD,CIN,97.20,89.90,29,115.68,65.64,fly_ball,3,2,2023,2023-07
2023-07-29,2023,R,686218,670770,FF,4-Seam Fastball,,foul,L,R,LAD,CIN,97.30,65.40,-52,,,,3,2,2023,2023-07
2023-07-29,2023,R,686218,670770,FF,4-Seam Fastball,,ball,L,R,LAD,CIN,94.10,,,,,,2,2,2023,2023-07
2023-07-29,2023,R,686218,670770,FF,4-Seam Fastball,,foul,L,R,LAD,CIN,97.50,73.00,49,,,,2,2,2023,2023-07
2023-07-29,2023,R,686218,670770,ST,Sweeper,,ball,L,R,LAD,CIN,83.00,,,,,,1,2,2023,2023-07
2023-07-29,2023,R,686218,670770,FF,4-Seam Fastball,,foul,L,R,LAD,CIN,97.70,73.90,67,,,,1,2,2023,2023-07
2023-07-29,2023,R,686218,670770,FF,4-Seam Fastball,,ball,L,R,LAD,CIN,96.80,,,,,,0,2,2023,2023-07
2023-07-29,2023,R,686218,670770,FF,4-Seam Fastball,,called_strike,L,R,LAD,CIN,97.70,,,,,,0,1,2023,2023-07
2023-07-29,2023,R,686218,670770,FF,4-Seam Fastball,,called_strike,L,R,LAD,CIN,97.90,,,,,,0,0,2023,2023-07
2023-07-29,2023,R,686218,680574,SL,Slider,strikeout,swinging_strike,R,R,LAD,CIN,87.80,,,,,,2,2,2023,2023-07
2023-07-29,2023,R,686218,680574,FF,4-Seam Fastball,,foul,R,R,LAD,CIN,96.80,74.20,39,,,,2,2,2023,2023-07
2023-07-29,2023,R,686218,680574,CH,Changeup,,foul,R,R,LAD,CIN,83.50,85.50,-22,,,,2,2,2023,2023-07
2023-07-29,2023,R,686218,680574,FF,4-Seam Fastball,,foul,R,R,LAD,CIN,95.80,80.60,68,,,,2,2,2023,2023-07
2023-07-29,2023,R,686218,680574,FF,4-Seam Fastball,,foul,R,R,LAD,CIN,97.00,90.10,54,,,,2,2,2023,2023-07
2023-07-29,2023,R,686218,680574,ST,Sweeper,,ball,R,R,LAD,CIN,80.30,,,,,,1,2,2023,2023-07
2023-07-29,2023,R,686218,680574,FF,4-Seam Fastball,,foul,R,R,LAD,CIN,95.30,78.10,42,,,,1,1,2023,2023-07
2023-07-29,2023,R,686218,680574,SL,Slider,,blocked_ball,R,R,LAD,CIN,88.70,,,,,,0,1,2023,2023-07
2023-07-29,2023,R,686218,680574,ST,Sweeper,,called_strike,R,R,LAD,CIN,78.70,,,,,,0,0,2023,2023-07
2023-07-29,2023,R,686218,680574,FF,4-Seam Fastball,strikeout,foul_tip,R,R,LAD,CIN,96.10,,,,,,3,2,2023,2023-07
2023-07-29,2023,R,686218,680574,SL,Slider,,ball,R,R,LAD,CIN,88.20,,,,,,2,2,2023,2023-07
2023-07-29,2023,R,686218,680574,CH,Changeup,,ball,R,R,LAD,CIN,83.80,,,,,,1,2,2023,2023-07
2023-07-29,2023,R,686218,680574,FF,4-Seam Fastball,,foul,R,R,LAD,CIN,97.40,61.90,-24,,,,1,2,2023,2023-07
2023-07-29,2023,R,686218,680574,ST,Sweeper,,ball,R,R,LAD,CIN,82.40,,,,,,0,2,2023,2023-07
2023-07-29,2023,R,686218,680574,SL,Slider,,foul,R,R,LAD,CIN,88.80,66.60,-55,,,,0,1,2023,2023-07
2023-07-29,2023,R,686218,680574,FF,4-Seam Fastball,,called_strike,R,R,LAD,CIN,97.60,,,,,,0,0,2023,2023-07
2023-07-29,2023,R,686218,682829,FF,4-Seam Fastball,field_out,hit_into_play,L,R,LAD,CIN,97.00,99.60,48,53.53,103.86,fly_ball,3,2,2023,2023-07
2023-07-29,2023,R,686218,682829,FF,4-Seam Fastball,,foul_tip,L,R,LAD,CIN,96.10,,,,,,3,1,2023,2023-07
2023-07-29,2023,R,686218,682829,FF,4-Seam Fastball,,ball,L,R,LAD,CIN,95.60,,,,,,2,1,2023,2023-07
2023-07-29,2023,R,686218,682829,FF,4-Seam Fastball,,ball,L,R,LAD,CIN,95.10,,,,,,1,1,2023,2023-07
2023-07-29,2023,R,686218,682829,ST,Sweeper,,ball,L,R,LAD,CIN,80.00,,,,,,0,1,2023,2023-07
2023-07-29,2023,R,686218,682829,FF,4-Seam Fastball,,foul,L,R,LAD,CIN,95.90,77.10,13,,,,0,0,2023,2023-07
2023-07-29,2023,R,686218,682829,ST,Sweeper,strikeout,called_strike,L,R,LAD,CIN,80.80,,,,,,1,2,2023,2023-07
2023-07-29,2023,R,686218,682829,FF,4-Seam Fastball,,called_strike,L,R,LAD,CIN,96.70,,,,,,1,1,2023,2023-07
2023-07-29,2023,R,686218,682829,FF,4-Seam Fastball,,swinging_strike,L,R,LAD,CIN,96.80,,,,,,1,0,2023,2023-07
2023-07-29,2023,R,686218,682829,FF,4-Seam Fastball,,ball,L,R,LAD,CIN,96.50,,,,,,0,0,2023,2023-07
2023-07-29,2023,R,686218,687952,SL,Slider,strikeout,swinging_strike,R,R,LAD,CIN,87.20,,,,,,3,2,2023,2023-07
2023-07-29,2023,R,686218,687952,SL,Slider,,ball,R,R,LAD,CIN,87.70,,,,,,2,2,2023,2023-07
2023-07-29,2023,R,686218,687952,FF,4-Seam Fastball,,foul,R,R,LAD,CIN,94.20,94.20,63,,,,2,1,2023,2023-07
2023-07-29,2023,R,686218,687952,FF,4-Seam Fastball,,ball,R,R,LAD,CIN,90.90,,,,,,1,1,2023,2023-07
2023-07-29,2023,R,686218,687952,FF,4-Seam Fastball,,ball,R,R,LAD,CIN,96.10,,,,,,0,1,2023,2023-07
2023-07-29,2023,R,686218,687952,FF,4-Seam Fastball,,called_strike,R,R,LAD,CIN,95.80,,,,,,0,0,2023,2023-07
2023-07-29,2023,R,686218,687952,SL,Slider,single,hit_into_play,R,R,LAD,CIN,87.80,67.80,9,95.74,144.52,ground_ball,1,2,2023,2023-07
2023-07-29,2023,R,686218,687952,FF,4-Seam Fastball,,foul,R,R,LAD,CIN,96.90,,,,,,1,1,2023,2023-07
2023-07-29,2023,R,686218,687952,FF,4-Seam Fastball,,foul,R,R,LAD,CIN,96.50,82.90,26,,,,1,0,2023,2023-07
2023-07-29,2023,R,686218,687952,FF,4-Seam Fastball,,ball,R,R,LAD,CIN,96.20,,,,,,0,0,2023,2023-07
2023-07-29,2023,R,686613,542194,KC,Knuckle Curve,double,hit_into_play,R,R,HOU,TB,80.70,100.50,24,184.08,69.72,fly_ball,1,0,2023,2023-07
2023-07-29,2023,R,686613,542194,FF,4-Seam Fastball,,ball,R,R,HOU,TB,95.20,,,,,,0,0,2023,2023-07
2023-07-29,2023,R,686613,542194,KC,Knuckle Curve,strikeout,swinging_strike,R,R,HOU,TB,82.90,,,,,,1,2,2023,2023-07
2023-07-29,2023,R,686613,542194,FC,Cutter,,foul,R,R,HOU,TB,90.80,73.60,39,,,,1,1,2023,2023-07
2023-07-29,2023,R,686613,542194,FF,4-Seam Fastball,,called_strike,R,R,HOU,TB,94.90,,,,,,1,0,2023,2023-07
2023-07-29,2023,R,686613,542194,KC,Knuckle Curve,,ball,R,R,HOU,TB,81.00,,,,,,0,0,2023,2023-07
2023-07-29,2023,R,686613,622534,KC,Knuckle Curve,field_out,hit_into_play,R,R,HOU,TB,83.10,96.70,-16,106.10,161.03,ground_ball,2,2,2023,2023-07
2023-07-29,2023,R,686613,622534,FF,4-Seam Fastball,,foul,R,R,HOU,TB,97.20,71.20,43,,,,2,2,2023,2023-07
2023-07-29,2023,R,686613,622534,FF,4-Seam Fastball,,foul,R,R,HOU,TB,95.60,77.20,18,,,,2,1,2023,2023-07
2023-07-29,2023,R,686613,622534,FC,Cutter,,called_strike,R,R,HOU,TB,90.20,,,,,,2,0,2023,2023-07
2023-07-29,2023,R,686613,622534,FF,4-Seam Fastball,,ball,R,R,HOU,TB,95.70,,,,,,1,0,2023,2023-07
2023-07-29,2023,R,686613,622534,ST,Sweeper,,ball,R,R,HOU,TB,81.20,,,,,,0,0,2023,2023-07
2023-07-29,2023,R,686613,622534,FC,Cutter,field_out,hit_into_play,R,R,HOU,TB,91.60,83.20,-17,101.77,169.94,ground_ball,0,1,2023,2023-07
2023-07-29,2023,R,686613,622534,ST,Sweeper,,called_strike,R,R,HOU,TB,82.70,,,,,,0,0,2023,2023-07
2023-07-29,2023,R,686613,623912,FC,Cutter,single,hit_into_play,R,R,HOU,TB,90.10,109.60,4,89.72,103.42,ground_ball,2,0,2023,2023-07
2023-07-29,2023,R,686613,623912,FC,Cutter,,ball,R,R,HOU,TB,90.00,,,,,,1,0,2023,2023-07
2023-07-29,2023,R,686613,623912,FC,Cutter,,ball,R,R,HOU,TB,91.30,,,,,,0,0,2023,2023-07
2023-07-29,2023,R,686613,623912,FF,4-Seam Fastball,field_out,hit_into_play,R,R,HOU,TB,94.30,84.60,6,129.14,182.25,line_drive,1,1,2023,2023-07
2023-07-29,2023,R,686613,623912,KC,Knuckle Curve,,ball,R,R,HOU,TB,81.30,,,,,,0,1,2023,2023-07
2023-07-29,2023,R,686613,623912,FF,4-Seam Fastball,,called_strike,R,R,HOU,TB,94.70,,,,,,0,0,2023,2023-07
2023-07-29,2023,R,686613,623912,FC,Cutter,field_out,hit_into_play,R,R,HOU,TB,91.80,73.10,-26,110.10,154.74,ground_ball,2,2,2023,2023-07
2023-07-29,2023,R,686613,623912,ST,Sweeper,,ball,R,R,HOU,TB,84.80,,,,,,1,2,2023,2023-07
2023-07-29,2023,R,686613,623912,KC,Knuckle Curve,,ball,R,R,HOU,TB,83.60,,,,,,0,2,2023,2023-07
2023-07-29,2023,R,686613,623912,FF,4-Seam Fastball,,foul,R,R,HOU,TB,96.90,73.60,34,,,,0,2,2023,2023-07
2023-07-29,2023,R,686613,623912,FC,Cutter,,called_strike,R,R,HOU,TB,90.30,,,,,,0,1,2023,2023-07
2023-07-29,2023,R,686613,623912,FC,Cutter,,called_strike,R,R,HOU,TB,91.10,,,,,,0,0,2023,2023-07
2023-07-29,2023,R,686613,642350,KC,Knuckle Curve,strikeout,swinging_strike_blocked,R,R,HOU,TB,82.00,,,,,,1,2,2023,2023-07
2023-07-29,2023,R,686613,642350,FF,4-Seam Fastball,,ball,R,R,HOU,TB,97.40,,,,,,0,2,2023,2023-07
2023-07-29,2023,R,686613,642350,FF,4-Seam Fastball,,swinging_strike,R,R,HOU,TB,96.70,,,,,,0,1,2023,2023-07
2023-07-29,2023,R,686613,642350,FC,Cutter,,foul,R,R,HOU,TB,92.20,76.60,43,,,,0,0,2023,2023-07
2023-07-29,2023,R,686613,642350,ST,Sweeper,strikeout,swinging_strike_blocked,R,R,HOU,TB,85.80,,,,,,1,2,2023,2023-07
2023-07-29,2023,R,686613,642350,FF,4-Seam Fastball,,ball,R,R,HOU,TB,95.90,,,,,,0,2,2023,2023-07
2023-07-29,2023,R,686613,642350,KC,Knuckle Curve,,foul,R,R,HOU,TB,81.20,73.50,-59,,,,0,1,2023,2023-07
2023-07-29,2023,R,686613,642350,FF,4-Seam Fastball,,called_strike,R,R,HOU,TB,93.90,,,,,,0,0,2023,2023-07
2023-07-29,2023,R,686613,650490,KC,Knuckle Curve,strikeout,swinging_strike,R,R,HOU,TB,80.70,,,,,,1,2,2023,2023-07
2023-07-29,2023,R,686613,650490,FC,Cutter,,ball,R,R,HOU,TB,90.60,,,,,,0,2,2023,2023-07
2023-07-29,2023,R,686613,650490,FF,4-Seam Fastball,,foul,R,R,HOU,TB,97.00,89.40,28,,,,0,2,2023,2023-07
2023-07-29,2023,R,686613,650490,FF,4-Seam Fastball,,foul,R,R,HOU,TB,97.00,74.90,56,,,,0,1,2023,2023-07
2023-07-29,2023,R,686613,650490,FF,4-Seam Fastball,,called_strike,R,R,HOU,TB,95.30,,,,,,0,0,2023,2023-07
2023-07-29,2023,R,686613,650490,FF,4-Seam Fastball,field_out,hit_into_play,R,R,HOU,TB,95.20,71.10,57,177.62,155.65,popup,0,0,2023,2023-07
2023-07-29,2023,R,686613,650490,FF,4-Seam Fastball,field_out,hit_into_play,R,R,HOU,TB,95.70,74.60,38,178.02,115.32,fly_ball,0,1,2023,2023-07
2023-07-29,2023,R,686613,650490,FF,4-Seam Fastball,,called_strike,R,R,HOU,TB,95.70,,,,,,0,0,2023,2023-07
2023-07-29,2023,R,686613,664040,FF,4-Seam Fastball,field_out,hit_into_play,L,R,HOU,TB,96.50,91.90,37,129.98,64.52,fly_ball,1,1,2023,2023-07
2023-07-29,2023,R,686613,664040,KC,Knuckle Curve,,blocked_ball,L,R,HOU,TB,83.20,,,,,,0,1,2023,2023-07
2023-07-29,2023,R,686613,664040,KC,Knuckle Curve,,swinging_strike,L,R,HOU,TB,83.30,,,,,,0,0,2023,2023-07
2023-07-29,2023,R,686613,664040,KC,Knuckle Curve,field_out,hit_into_play,L,R,HOU,TB,81.80,86.80,-32,157.03,165.88,ground_ball,2,1,2023,2023-07
2023-07-29,2023,R,686613,664040,CH,Changeup,,ball,L,R,HOU,TB,88.70,,,,,,1,1,2023,2023-07
2023-07-29,2023,R,686613,664040,FF,4-Seam Fastball,,called_strike,L,R,HOU,TB,95.90,,,,,,1,0,2023,2023-07
2023-07-29,2023,R,686613,664040,FF,4-Seam Fastball,,ball,L,R,HOU,TB,96.00,,,,,,0,0,2023,2023-07
2023-07-29,2023,R,686613,664040,CH,Changeup,double_play,hit_into_play,L,R,HOU,TB,89.70,81.00,61,81.84,167.09,popup,2,1,2023,2023-07
2023-07-29,2023,R,686613,664040,FC,Cutter,,foul,L,R,HOU,TB,91.80,79.70,-30,,,,2,0,2023,2023-07
2023-07-29,2023,R,686613,664040,FF,4-Seam Fastball,,ball,L,R,HOU,TB,95.70,,,,,,1,0,2023,2023-07
2023-07-29,2023,R,686613,664040,FF,4-Seam Fastball,,ball,L,R,HOU,TB,95.10,,,,,,0,0,2023,2023-07
2023-07-29,2023,R,686613,668227,FF,4-Seam Fastball,hit_by_pitch,hit_by_pitch,R,R,HOU,TB,94.70,,,,,,2,0,2023,2023-07
2023-07-29,2023,R,686613,668227,FC,Cutter,,ball,R,R,HOU,TB,91.20,,,,,,1,0,2023,2023-07
2023-07-29,2023,R,686613,668227,FF,4-Seam Fastball,,ball,R,R,HOU,TB,93.40,,,,,,0,0,2023,2023-07
2023-07-29,2023,R,686613,668227,FC,Cutter,field_out,hit_into_play,R,R,HOU,TB,90.60,90.00,-28,111.87,137.39,ground_ball,2,0,2023,2023-07
2023-07-29,2023,R,686613,668227,FF,4-Seam Fastball,,ball,R,R,HOU,TB,95.40,,,,,,1,0,2023,2023-07
2023-07-29,2023,R,686613,668227,KC,Knuckle Curve,,ball,R,R,HOU,TB,80.20,,,,,,0,0,2023,2023-07
2023-07-29,2023,R,686613,668227,FC,Cutter,field_out,hit_into_play,R,R,HOU,TB,90.70,98.20,-15,113.98,157.39,ground_ball,2,2,2023,2023-07
2023-07-29,2023,R,686613,668227,KC,Knuckle Curve,,ball,R,R,HOU,TB,82.00,,,,,,1,2,2023,2023-07
2023-07-29,2023,R,686613,668227,FC,Cutter,,foul,R,R,HOU,TB,91.80,77.50,-46,,,,1,1,2023,2023-07
2023-07-29,2023,R,686613,668227,FC,Cutter,,called_strike,R,R,HOU,TB,89.90,,,,,,1,0,2023,2023-07
2023-07-29,2023,R,686613,668227,KC,Knuckle Curve,,ball,R,R,HOU,TB,79.70,,,,,,0,0,2023,2023-07
2023-07-29,2023,R,686613,670623,ST,Sweeper,home_run,hit_into_play,R,R,HOU,TB,83.70,98.80,28,32.67,76.36,fly_ball,1,2,2023,2023-07
2023-07-29,2023,R,686613,670623,FF,4-Seam Fastball,,ball,R,R,HOU,TB,95.80,,,,,,0,2,2023,2023-07
2023-07-29,2023,R,686613,670623,KC,Knuckle Curve,,foul,R,R,HOU,TB,81.90,96.30,25,,,,0,2,2023,2023-07
2023-07-29,2023,R,686613,670623,FF,4-Seam Fastball,,foul,R,R,HOU,TB,94.30,74.60,41,,,,0,1,2023,2023-07
2023-07-29,2023,R,686613,670623,FC,Cutter,,foul,R,R,HOU,TB,90.30,66.60,27,,,,0,0,2023,2023-07
2023-07-29,2023,R,686613,670623,FC,Cutter,walk,ball,R,R,HOU,TB,90.30,,,,,,3,1,2023,2023-07
2023-07-29,2023,R,686613,670623,FC,Cutter,,ball,R,R,HOU,TB,92.10,,,,,,2,1,2023,2023-07
2023-07-29,2023,R,686613,670623,ST,Sweeper,,ball,R,R,HOU,TB,83.60,,,,,,1,1,2023,2023-07
2023-07-29,2023,R,686613,670623,FF,4-Seam Fastball,,ball,R,R,HOU,TB,95.70,,,,,,0,1,2023,2023-07
2023-07-29,2023,R,686613,670623,FF,4-Seam Fastball,,foul,R,R,HOU,TB,94.10,69.20,35,,,,0,0,2023,2023-07
2023-07-29,2023,R,686613,670623,KC,Knuckle Curve,field_out,hit_into_play,R,R,HOU,TB,80.70,93.70,38,110.47,63.59,fly_ball,1,2,2023,2023-07
2023-07-29,2023,R,686613,670623,FF,4-Seam Fastball,,foul,R,R,HOU,TB,95.80,86.50,87,,,,1,1,2023,2023-07
2023-07-29,2023,R,686613,670623,ST,Sweeper,,ball,R,R,HOU,TB,85.20,,,,,,0,1,2023,2023-07
2023-07-29,2023,R,686613,670623,FC,Cutter,,called_strike,R,R,HOU,TB,91.30,,,,,,0,0,2023,2023-07
2023-07-29,2023,R,686613,677551,CH,Changeup,walk,ball,L,R,HOU,TB,86.80,,,,,,3,2,2023,2023-07
2023-07-29,2023,R,686613,677551,FF,4-Seam Fastball,,ball,L,R,HOU,TB,97.40,,,,,,2,2,2023,2023-07
2023-07-29,2023,R,686613,677551,FC,Cutter,,foul,L,R,HOU,TB,95.00,68.00,65,,,,2,2,2023,2023-07
2023-07-29,2023,R,686613,677551,KC,Knuckle Curve,,foul,L,R,HOU,TB,84.70,,,,,,2,2,2023,2023-07
2023-07-29,2023,R,686613,677551,FF,4-Seam Fastball,,ball,L,R,HOU,TB,97.90,,,,,,1,2,2023,2023-07
2023-07-29,2023,R,686613,677551,CH,Changeup,,foul,L,R,HOU,TB,88.80,83.10,30,,,,1,2,2023,2023-07
2023-07-29,2023,R,686613,677551,FF,4-Seam Fastball,,ball,L,R,HOU,TB,96.90,,,,,,0,2,2023,2023-07
2023-07-29,2023,R,686613,677551,FF,4-Seam Fastball,,swinging_strike,L,R,HOU,TB,97.90,,,,,,0,1,2023,2023-07
2023-07-29,2023,R,686613,677551,FC,Cutter,,called_strike,L,R,HOU,TB,93.50,,,,,,0,0,2023,2023-07
2023-07-29,2023,R,686613,677551,CH,Changeup,field_out,hit_into_play,L,R,HOU,TB,87.00,103.20,21,176.92,69.02,line_drive,2,1,2023,2023-07
2023-07-29,2023,R,686613,677551,FF,4-Seam Fastball,,ball,L,R,HOU,TB,96.60,,,,,,1,1,2023,2023-07
2023-07-29,2023,R,686613,677551,FF,4-Seam Fastball,,ball,L,R,HOU,TB,96.10,,,,,,0,1,2023,2023-07
2023-07-29,2023,R,686613,677551,FC,Cutter,,called_strike,L,R,HOU,TB,91.70,,,,,,0,0,2023,2023-07
2023-07-29,2023,R,686613,677551,KC,Knuckle Curve,single,hit_into_play,L,R,HOU,TB,83.30,85.90,12,181.62,126.02,line_drive,1,2,2023,2023-07
2023-07-29,2023,R,686613,677551,FF,4-Seam Fastball,,foul,L,R,HOU,TB,95.90,83.30,33,,,,1,1,2023,2023-07
2023-07-29,2023,R,686613,677551,CH,Changeup,,ball,L,R,HOU,TB,89.30,,,,,,0,1,2023,2023-07
2023-07-29,2023,R,686613,677551,FF,4-Seam Fastball,,called_strike,L,R,HOU,TB,96.60,,,,,,0,0,2023,2023-07
2023-07-29,2023,R,687330,514888,ST,Sweeper,strikeout,swinging_strike,R,R,HOU,TB,77.30,,,,,,0,2,2023,2023-07
2023-07-29,2023,R,687330,514888,SI,Sinker,,called_strike,R,R,HOU,TB,90.70,,,,,,0,1,2023,2023-07
2023-07-29,2023,R,687330,514888,ST,Sweeper,,foul,R,R,HOU,TB,75.50,73.80,80,,,,0,0,2023,2023-07
2023-07-29,2023,R,687330,663656,SI,Sinker,field_out,hit_into_play,L,R,HOU,TB,91.70,99.50,34,83.15,60.83,fly_ball,2,1,2023,2023-07
2023-07-29,2023,R,687330,663656,ST,Sweeper,,ball,L,R,HOU,TB,76.00,,,,,,1,1,2023,2023-07
2023-07-29,2023,R,687330,663656,SI,Sinker,,ball,L,R,HOU,TB,90.70,,,,,,0,1,2023,2023-07
2023-07-29,2023,R,687330,663656,SI,Sinker,,foul,L,R,HOU,TB,91.70,69.50,-35,,,,0,0,2023,2023-07
2023-07-29,2023,R,687330,665161,ST,Sweeper,double,hit_into_play,R,R,HOU,TB,75.30,99.60,20,39.71,109.72,line_drive,0,1,2023,2023-07
2023-07-29,2023,R,687330,665161,SI,Sinker,,called_strike,R,R,HOU,TB,91.30,,,,,,0,0,2023,2023-07
2023-07-29,2023,R,689225,516416,CH,Changeup,single,hit_into_play,R,R,MIA,DET,89.40,104.00,-7,81.80,97.98,ground_ball,1,2,2023,2023-07
2023-07-29,2023,R,689225,516416,FF,4-Seam Fastball,,ball,R,R,MIA,DET,96.30,,,,,,0,2,2023,2023-07
2023-07-29,2023,R,689225,516416,FF,4-Seam Fastball,,foul,R,R,MIA,DET,97.00,78.80,62,,,,0,2,2023,2023-07
2023-07-29,2023,R,689225,516416,FF,4-Seam Fastball,,swinging_strike,R,R,MIA,DET,97.00,,,,,,0,1,2023,2023-07
2023-07-29,2023,R,689225,516416,FF,4-Seam Fastball,,foul_tip,R,R,MIA,DET,96.20,,,,,,0,0,2023,2023-07
2023-07-29,2023,R,689225,542932,SI,Sinker,field_out,hit_into_play,R,R,MIA,DET,94.90,65.40,-32,127.52,181.96,ground_ball,0,1,2023,2023-07
2023-07-29,2023,R,689225,542932,FF,4-Seam Fastball,,called_strike,R,R,MIA,DET,95.20,,,,,,0,0,2023,2023-07
2023-07-29,2023,R,689225,607732,SI,Sinker,single,hit_into_play,R,R,MIA,DET,96.10,100.80,-20,93.99,165.16,ground_ball,2,1,2023,2023-07
2023-07-29,2023,R,689225,607732,SI,Sinker,,ball,R,R,MIA,DET,96.10,,,,,,1,1,2023,2023-07
2023-07-29,2023,R,689225,607732,FF,4-Seam Fastball,,called_strike,R,R,MIA,DET,96.20,,,,,,1,0,2023,2023-07
2023-07-29,2023,R,689225,607732,SI,Sinker,,ball,R,R,MIA,DET,95.10,,,,,,0,0,2023,2023-07
2023-07-29,2023,R,689225,621563,CH,Changeup,field_out,hit_into_play,L,R,MIA,DET,89.50,81.20,-2,120.12,172.98,ground_ball,2,2,2023,2023-07
2023-07-29,2023,R,689225,621563,FF,4-Seam Fastball,,ball,L,R,MIA,DET,96.90,,,,,,1,2,2023,2023-07
2023-07-29,2023,R,689225,621563,CH,Changeup,,swinging_strike,L,R,MIA,DET,89.60,,,,,,1,1,2023,2023-07
2023-07-29,2023,R,689225,621563,CH,Changeup,,ball,L,R,MIA,DET,89.30,,,,,,0,1,2023,2023-07
2023-07-29,2023,R,689225,621563,FF,4-Seam Fastball,,foul,L,R,MIA,DET,94.80,,,,,,0,0,2023,2023-07
2023-07-29,2023,R,689225,624585,SI,Sinker,strikeout,swinging_strike,R,R,MIA,DET,98.20,,,,,,2,2,2023,2023-07
2023-07-29,2023,R,689225,624585,SI,Sinker,,blocked_ball,R,R,MIA,DET,97.60,,,,,,1,2,2023,2023-07
2023-07-29,2023,R,689225,624585,SL,Slider,,swinging_strike,R,R,MIA,DET,90.00,,,,,,1,1,2023,2023-07
2023-07-29,2023,R,689225,624585,FF,4-Seam Fastball,,foul,R,R,MIA,DET,98.20,96.50,-23,,,,1,0,2023,2023-07
2023-07-29,2023,R,689225,624585,SI,Sinker,,ball,R,R,MIA,DET,98.50,,,,,,0,0,2023,2023-07
2023-07-29,2023,R,689225,643265,CH,Changeup,strikeout,swinging_strike,R,R,MIA,DET,89.80,,,,,,2,2,2023,2023-07
2023-07-29,2023,R,689225,643265,SI,Sinker,,swinging_strike,R,R,MIA,DET,96.60,,,,,,2,1,2023,2023-07
2023-07-29,2023,R,689225,643265,FF,4-Seam Fastball,,ball,R,R,MIA,DET,97.90,,,,,,1,1,2023,2023-07
2023-07-29,2023,R,689225,643265,SI,Sinker,,ball,R,R,MIA,DET,95.70,,,,,,0,1,2023,2023-07
2023-07-29,2023,R,689225,643265,FF,4-Seam Fastball,,called_strike,R,R,MIA,DET,98.10,,,,,,0,0,2023,2023-07
2023-07-29,2023,R,689225,650333,FF,4-Seam Fastball,single,hit_into_play,L,R,MIA,DET,98.70,96.60,0,87.90,90.34,ground_ball,3,2,2023,2023-07
2023-07-29,2023,R,689225,650333,FF,4-Seam Fastball,,foul,L,R,MIA,DET,98.30,81.50,19,,,,3,2,2023,2023-07
2023-07-29,2023,R,689225,650333,FF,4-Seam Fastball,,ball,L,R,MIA,DET,98.40,,,,,,2,2,2023,2023-07
2023-07-29,2023,R,689225,650333,FF,4-Seam Fastball,,foul,L,R,MIA,DET,97.90,,,,,,2,1,2023,2023-07
2023-07-29,2023,R,689225,650333,FF,4-Seam Fastball,,called_strike,L,R,MIA,DET,97.00,,,,,,2,0,2023,2023-07
2023-07-29,2023,R,689225,650333,FF,4-Seam Fastball,,ball,L,R,MIA,DET,97.70,,,,,,1,0,2023,2023-07
2023-07-29,2023,R,689225,650333,,,,automatic_ball,L,R,MIA,DET,,,,,,,0,0,2023,2023-07
2023-07-29,2023,R,689225,650559,SI,Sinker,field_out,hit_into_play,R,R,MIA,DET,96.30,89.40,37,128.83,68.13,fly_ball,1,2,2023,2023-07
2023-07-29,2023,R,689225,650559,FF,4-Seam Fastball,,ball,R,R,MIA,DET,97.40,,,,,,0,2,2023,2023-07
2023-07-29,2023,R,689225,650559,SI,Sinker,,foul,R,R,MIA,DET,97.40,79.30,-19,,,,0,1,2023,2023-07
2023-07-29,2023,R,689225,650559,SL,Slider,,called_strike,R,R,MIA,DET,88.50,,,,,,0,0,2023,2023-07
2023-07-29,2023,R,689225,667472,SI,Sinker,field_out,hit_into_play,R,R,MIA,DET,95.80,104.60,16,126.39,192.41,line_drive,0,0,2023,2023-07
2023-07-29,2023,R,693433,572233,SI,Sinker,field_out,hit_into_play,R,R,AZ,SEA,95.50,84.70,9,104.56,142.27,line_drive,2,1,2023,2023-07
2023-07-29,2023,R,693433,572233,SI,Sinker,,swinging_strike,R,R,AZ,SEA,95.30,,,,,,2,0,2023,2023-07
2023-07-29,2023,R,693433,572233,SI,Sinker,,ball,R,R,AZ,SEA,94.30,,,,,,1,0,2023,2023-07
2023-07-29,2023,R,693433,572233,SL,Slider,,ball,R,R,AZ,SEA,86.70,,,,,,0,0,2023,2023-07
2023-07-29,2023,R,693433,572233,FF,4-Seam Fastball,double,hit_into_play,R,R,AZ,SEA,95.80,106.80,15,162.77,65.64,line_drive,1,0,2023,2023-07
2023-07-29,2023,R,693433,572233,FF,4-Seam Fastball,,ball,R,R,AZ,SEA,95.20,,,,,,0,0,2023,2023-07
2023-07-29,2023,R,693433,572233,FF,4-Seam Fastball,walk,ball,R,R,AZ,SEA,94.90,,,,,,3,0,2023,2023-07
2023-07-29,2023,R,693433,572233,SI,Sinker,,ball,R,R,AZ,SEA,95.70,,,,,,2,0,2023,2023-07
2023-07-29,2023,R,693433,572233,SI,Sinker,,ball,R,R,AZ,SEA,94.90,,,,,,1,0,2023,2023-07
2023-07-29,2023,R,693433,572233,FF,4-Seam Fastball,,ball,R,R,AZ,SEA,93.60,,,,,,0,0,2023,2023-07
2023-07-29,2023,R,693433,606466,SI,Sinker,single,hit_into_play,L,R,AZ,SEA,95.50,95.40,12,130.16,93.57,line_drive,1,2,2023,2023-07
2023-07-29,2023,R,693433,606466,SI,Sinker,,swinging_strike,L,R,AZ,SEA,95.50,,,,,,1,1,2023,2023-07
2023-07-29,2023,R,693433,606466,FF,4-Seam Fastball,,ball,L,R,AZ,SEA,94.40,,,,,,0,1,2023,2023-07
2023-07-29,2023,R,693433,606466,SL,Slider,,foul,L,R,AZ,SEA,88.10,,,,,,0,0,2023,2023-07
2023-07-29,2023,R,693433,606466,SI,Sinker,walk,ball,L,R,AZ,SEA,96.00,,,,,,3,2,2023,2023-07
2023-07-29,2023,R,693433,606466,FF,4-Seam Fastball,,ball,L,R,AZ,SEA,96.00,,,,,,2,2,2023,2023-07
2023-07-29,2023,R,693433,606466,SI,Sinker,,swinging_strike,L,R,AZ,SEA,94.70,,,,,,2,1,2023,2023-07
2023-07-29,2023,R,693433,606466,SI,Sinker,,ball,L,R,AZ,SEA,95.00,,,,,,1,1,2023,2023-07
2023-07-29,2023,R,693433,606466,SI,Sinker,,foul,L,R,AZ,SEA,95.60,73.10,61,,,,1,0,2023,2023-07
2023-07-29,2023,R,693433,606466,FF,4-Seam Fastball,,ball,L,R,AZ,SEA,94.80,,,,,,0,0,2023,2023-07
2023-07-29,2023,R,693433,606466,SI,Sinker,grounded_into_double_play,hit_into_play,L,R,AZ,SEA,95.40,85.60,-24,124.64,150.57,ground_ball,2,1,2023,2023-07
2023-07-29,2023,R,693433,606466,FF,4-Seam Fastball,,ball,L,R,AZ,SEA,96.10,,,,,,1,1,2023,2023-07
2023-07-29,2023,R,693433,606466,SI,Sinker,,foul,L,R,AZ,SEA,94.80,76.10,51,,,,1,0,2023,2023-07
2023-07-29,2023,R,693433,606466,FF,4-Seam Fastball,,blocked_ball,L,R,AZ,SEA,95.60,,,,,,0,0,2023,2023-07
2023-07-29,2023,R,693433,608348,SI,Sinker,single,hit_into_play,R,R,AZ,SEA,94.50,79.00,12,107.30,115.82,line_drive,0,0,2023,2023-07
2023-07-29,2023,R,693433,608348,SI,Sinker,field_out,hit_into_play,R,R,AZ,SEA,95.10,79.10,-69,109.17,168.39,ground_ball,0,1,2023,2023-07
2023-07-29,2023,R,693433,608348,SI,Sinker,,called_strike,R,R,AZ,SEA,95.50,,,,,,0,0,2023,2023-07
2023-07-29,2023,R,693433,664983,SI,Sinker,field_out,hit_into_play,L,R,AZ,SEA,95.60,91.20,26,44.63,107.70,fly_ball,1,1,2023,2023-07
2023-07-29,2023,R,693433,664983,FF,4-Seam Fastball,,foul,L,R,AZ,SEA,95.60,72.90,58,,,,1,0,2023,2023-07
2023-07-29,2023,R,693433,664983,SI,Sinker,,ball,L,R,AZ,SEA,95.80,,,,,,0,0,2023,2023-07
2023-07-29,2023,R,693433,664983,SI,Sinker,field_out,hit_into_play,L,R,AZ,SEA,95.50,96.20,24,75.09,71.28,fly_ball,2,0,2023,2023-07
2023-07-29,2023,R,693433,664983,SI,Sinker,,ball,L,R,AZ,SEA,95.20,,,,,,1,0,2023,2023-07
2023-07-29,2023,R,693433,664983,SL,Slider,,ball,L,R,AZ,SEA,89.60,,,,,,0,0,2023,2023-07
2023-07-29,2023,R,693433,668942,FF,4-Seam Fastball,force_out,hit_into_play,L,R,AZ,SEA,95.90,,,119.06,152.09,ground_ball,0,1,2023,2023-07
2023-07-29,2023,R,693433,668942,FF,4-Seam Fastball,,foul,L,R,AZ,SEA,95.40,77.80,56,,,,0,0,2023,2023-07
2023-07-29,2023,R,693433,668942,FF,4-Seam Fastball,field_out,hit_into_play,L,R,AZ,SEA,95.30,73.70,37,115.34,95.95,fly_ball,1,1,2023,2023-07
2023-07-29,2023,R,693433,668942,FF,4-Seam Fastball,,ball,L,R,AZ,SEA,96.00,,,,,,0,1,2023,2023-07
2023-07-29,2023,R,693433,668942,FF,4-Seam Fastball,,called_strike,L,R,AZ,SEA,95.50,,,,,,0,0,2023,2023-07
2023-07-29,2023,R,693433,672695,SI,Sinker,field_out,hit_into_play,L,R,AZ,SEA,96.40,91.10,24,88.26,69.92,line_drive,1,2,2023,2023-07
2023-07-29,2023,R,693433,672695,FF,4-Seam Fastball,,foul,L,R,AZ,SEA,96.60,74.80,78,,,,1,2,2023,2023-07
2023-07-29,2023,R,693433,672695,FF,4-Seam Fastball,,ball,L,R,AZ,SEA,95.40,,,,,,0,2,2023,2023-07
2023-07-29,2023,R,693433,672695,FF,4-Seam Fastball,,foul,L,R,AZ,SEA,95.90,72.60,44,,,,0,1,2023,2023-07
2023-07-29,2023,R,693433,672695,FF,4-Seam Fastball,,foul,L,R,AZ,SEA,94.70,79.60,69,,,,0,0,2023,2023-07
2023-07-29,2023,R,693433,672695,FF,4-Seam Fastball,field_out,hit_into_play,L,R,AZ,SEA,94.90,91.10,-12,157.59,166.28,ground_ball,0,0,2023,2023-07
2023-07-29,2023,R,693433,672695,SL,Slider,single,hit_into_play,L,R,AZ,SEA,86.90,98.80,10,170.92,153.63,line_drive,0,1,2023,2023-07
2023-07-29,2023,R,693433,672695,FF,4-Seam Fastball,,foul,L,R,AZ,SEA,95.00,76.40,80,,,,0,0,2023,2023-07
2023-07-29,2023,R,693433,677950,FF,4-Seam Fastball,triple,hit_into_play,L,R,AZ,SEA,96.10,105.80,19,160.54,40.27,line_drive,1,2,2023,2023-07
2023-07-29,2023,R,693433,677950,SI,Sinker,,foul_tip,L,R,AZ,SEA,96.50,,,,,,1,1,2023,2023-07
2023-07-29,2023,R,693433,677950,ST,Sweeper,,ball,L,R,AZ,SEA,84.50,,,,,,0,1,2023,2023-07
2023-07-29,2023,R,693433,677950,SL,Slider,,called_strike,L,R,AZ,SEA,86.30,,,,,,0,0,2023,2023-07
2023-07-29,2023,R,693433,677950,FF,4-Seam Fastball,single,hit_into_play,L,R,AZ,SEA,96.20,95.90,7,119.06,139.41,ground_ball,2,2,2023,2023-07
2023-07-29,2023,R,693433,677950,FF,4-Seam Fastball,,foul,L,R,AZ,SEA,96.00,78.40,67,,,,2,2,2023,2023-07
2023-07-29,2023,R,693433,677950,SL,Slider,,ball,L,R,AZ,SEA,85.60,,,,,,1,2,2023,2023-07
2023-07-29,2023,R,693433,677950,FF,4-Seam Fastball,,foul,L,R,AZ,SEA,96.00,,,,,,1,2,2023,2023-07
2023-07-29,2023,R,693433,677950,CH,Changeup,,ball,L,R,AZ,SEA,92.60,,,,,,0,2,2023,2023-07
2023-07-29,2023,R,693433,677950,FF,4-Seam Fastball,,foul,L,R,AZ,SEA,96.30,71.50,44,,,,0,2,2023,2023-07
2023-07-29,2023,R,693433,677950,FF,4-Seam Fastball,,foul,L,R,AZ,SEA,96.70,89.60,49,,,,0,2,2023,2023-07
2023-07-29,2023,R,693433,677950,SL,Slider,,foul,L,R,AZ,SEA,89.40,91.00,-14,,,,0,1,2023,2023-07
2023-07-29,2023,R,693433,677950,FF,4-Seam Fastball,,foul,L,R,AZ,SEA,95.80,83.60,54,,,,0,0,2023,2023-07
2023-07-29,2023,R,693433,682998,SL,Slider,field_out,hit_into_play,L,R,AZ,SEA,86.50,94.70,46,155.84,77.26,fly_ball,0,0,2023,2023-07
2023-07-29,2023,R,693433,682998,FF,4-Seam Fastball,field_out,hit_into_play,L,R,AZ,SEA,95.80,80.90,64,179.90,148.03,popup,2,1,2023,2023-07
2023-07-29,2023,R,693433,682998,SI,Sinker,,foul,L,R,AZ,SEA,96.70,83.10,39,,,,2,0,2023,2023-07
2023-07-29,2023,R,693433,682998,FF,4-Seam Fastball,,ball,L,R,AZ,SEA,96.90,,,,,,1,0,2023,2023-07
2023-07-29,2023,R,693433,682998,FF,4-Seam Fastball,,ball,L,R,AZ,SEA,94.60,,,,,,0,0,2023,2023-07
2023-07-29,2023,R,693433,682998,FF,4-Seam Fastball,field_out,hit_into_play,L,R,AZ,SEA,96.00,84.10,-6,158.61,166.79,ground_ball,2,2,2023,2023-07
2023-07-29,2023,R,693433,682998,ST,Sweeper,,ball,L,R,AZ,SEA,83.80,,,,,,1,2,2023,2023-07
2023-07-29,2023,R,693433,682998,SI,Sinker,,foul,L,R,AZ,SEA,95.70,73.30,-45,,,,1,1,2023,2023-07
2023-07-29,2023,R,693433,682998,SL,Slider,,ball,L,R,AZ,SEA,90.60,,,,,,0,1,2023,2023-07
2023-07-29,2023,R,693433,682998,FF,4-Seam Fastball,,called_strike,L,R,AZ,SEA,96.00,,,,,,0,0,2023,2023-07
2023-07-29,2023,R,693433,686527,FF,4-Seam Fastball,single,hit_into_play,L,R,AZ,SEA,96.40,92.70,12,143.40,102.83,line_drive,0,2,2023,2023-07
2023-07-29,2023,R,693433,686527,SI,Sinker,,swinging_strike,L,R,AZ,SEA,96.30,,,,,,0,1,2023,2023-07
2023-07-29,2023,R,693433,686527,FF,4-Seam Fastball,,called_strike,L,R,AZ,SEA,96.00,,,,,,0,0,2023,2023-07
2023-07-29,2023,R,693433,686527,FF,4-Seam Fastball,grounded_into_double_play,hit_into_play,L,R,AZ,SEA,95.70,72.60,1,111.97,163.24,ground_ball,0,0,2023,2023-07
2023-07-29,2023,R,693821,467793,SI,Sinker,field_out,hit_into_play,L,R,ATL,MIL,88.20,86.90,-28,137.37,147.02,ground_ball,1,0,2023,2023-07
2023-07-29,2023,R,693821,467793,SI,Sinker,,ball,L,R,ATL,MIL,88.00,,,,,,0,0,2023,2023-07
2023-07-29,2023,R,693821,467793,SI,Sinker,field_out,hit_into_play,L,R,ATL,MIL,87.70,92.60,-38,161.63,166.28,ground_ball,0,0,2023,2023-07
2023-07-29,2023,R,693821,467793,SL,Slider,field_out,hit_into_play,L,R,ATL,MIL,82.50,91.10,20,180.99,98.82,line_drive,1,1,2023,2023-07
2023-07-29,2023,R,693821,467793,SI,Sinker,,ball,L,R,ATL,MIL,89.90,,,,,,0,1,2023,2023-07
2023-07-29,2023,R,693821,467793,SI,Sinker,,called_strike,L,R,ATL,MIL,88.90,,,,,,0,0,2023,2023-07
2023-07-29,2023,R,693821,592885,SI,Sinker,field_out,hit_into_play,L,R,ATL,MIL,89.40,104.00,-2,115.18,146.00,ground_ball,3,2,2023,2023-07
2023-07-29,2023,R,693821,592885,SI,Sinker,,called_strike,L,R,ATL,MIL,89.10,,,,,,3,1,2023,2023-07
2023-07-29,2023,R,693821,592885,SI,Sinker,,called_strike,L,R,ATL,MIL,89.10,,,,,,3,0,2023,2023-07
2023-07-29,2023,R,693821,592885,SI,Sinker,,ball,L,R,ATL,MIL,89.30,,,,,,2,0,2023,2023-07
2023-07-29,2023,R,693821,592885,CH,Changeup,,ball,L,R,ATL,MIL,84.20,,,,,,1,0,2023,2023-07
2023-07-29,2023,R,693821,592885,SI,Sinker,,ball,L,R,ATL,MIL,87.80,,,,,,0,0,2023,2023-07
2023-07-29,2023,R,693821,592885,SI,Sinker,field_out,hit_into_play,L,R,ATL,MIL,89.70,86.60,47,65.22,104.47,fly_ball,2,2,2023,2023-07
2023-07-29,2023,R,693821,592885,SI,Sinker,,foul,L,R,ATL,MIL,89.70,79.20,34,,,,2,1,2023,2023-07
2023-07-29,2023,R,693821,592885,CH,Changeup,,ball,L,R,ATL,MIL,86.50,,,,,,1,1,2023,2023-07
2023-07-29,2023,R,693821,592885,FF,4-Seam Fastball,,ball,L,R,ATL,MIL,91.10,,,,,,0,1,2023,2023-07
2023-07-29,2023,R,693821,592885,SL,Slider,,swinging_strike,L,R,ATL,MIL,81.50,,,,,,0,0,2023,2023-07
2023-07-29,2023,R,693821,592885,SI,Sinker,single,hit_into_play,L,R,ATL,MIL,89.40,103.30,3,92.67,89.40,ground_ball,2,0,2023,2023-07
2023-07-29,2023,R,693821,592885,FF,4-Seam Fastball,,ball,L,R,ATL,MIL,90.30,,,,,,1,0,2023,2023-07
2023-07-29,2023,R,693821,592885,SI,Sinker,,ball,L,R,ATL,MIL,89.80,,,,,,0,0,2023,2023-07
2023-07-29,2023,R,693821,605170,SL,Slider,single,hit_into_play,L,R,ATL,MIL,83.00,101.80,16,155.67,71.06,line_drive,0,2,2023,2023-07
2023-07-29,2023,R,693821,605170,CH,Changeup,,called_strike,L,R,ATL,MIL,85.30,,,,,,0,1,2023,2023-07
2023-07-29,2023,R,693821,605170,SI,Sinker,,called_strike,L,R,ATL,MIL,88.50,,,,,,0,0,2023,2023-07
2023-07-29,2023,R,693821,605170,SI,Sinker,field_out,hit_into_play,L,R,ATL,MIL,88.80,87.10,51,48.07,135.36,fly_ball,3,2,2023,2023-07
2023-07-29,2023,R,693821,605170,CH,Changeup,,ball,L,R,ATL,MIL,85.80,,,,,,2,2,2023,2023-07
2023-07-29,2023,R,693821,605170,SL,Slider,,swinging_strike,L,R,ATL,MIL,82.20,,,,,,2,1,2023,2023-07
2023-07-29,2023,R,693821,605170,SL,Slider,,ball,L,R,ATL,MIL,82.70,,,,,,1,1,2023,2023-07
2023-07-29,2023,R,693821,605170,SL,Slider,,ball,L,R,ATL,MIL,82.60,,,,,,0,1,2023,2023-07
2023-07-29,2023,R,693821,605170,SI,Sinker,,called_strike,L,R,ATL,MIL,89.50,,,,,,0,0,2023,2023-07
2023-07-29,2023,R,693821,642715,SI,Sinker,strikeout,called_strike,R,R,ATL,MIL,89.40,,,,,,2,2,2023,2023-07
2023-07-29,2023,R,693821,642715,SI,Sinker,,ball,R,R,ATL,MIL,90.60,,,,,,1,2,2023,2023-07
2023-07-29,2023,R,693821,642715,SL,Slider,,ball,R,R,ATL,MIL,83.30,,,,,,0,2,2023,2023-07
2023-07-29,2023,R,693821,642715,SL,Slider,,foul,R,R,ATL,MIL,82.20,78.30,-13,,,,0,1,2023,2023-07
2023-07-29,2023,R,693821,642715,SI,Sinker,,called_strike,R,R,ATL,MIL,89.40,,,,,,0,0,2023,2023-07
2023-07-29,2023,R,693821,642715,SI,Sinker,strikeout,called_strike,R,R,ATL,MIL,89.80,,,,,,1,2,2023,2023-07
2023-07-29,2023,R,693821,642715,SL,Slider,,ball,R,R,ATL,MIL,83.10,,,,,,0,2,2023,2023-07
2023-07-29,2023,R,693821,642715,SL,Slider,,swinging_strike,R,R,ATL,MIL,82.50,,,,,,0,1,2023,2023-07
2023-07-29,2023,R,693821,642715,SL,Slider,,called_strike,R,R,ATL,MIL,81.80,,,,,,0,0,2023,2023-07
2023-07-29,2023,R,693821,642715,SI,Sinker,field_out,hit_into_play,R,R,ATL,MIL,89.20,92.20,-8,77.74,155.41,ground_ball,1,1,2023,2023-07
2023-07-29,2023,R,693821,642715,SI,Sinker,,ball,R,R,ATL,MIL,89.20,,,,,,0,1,2023,2023-07
2023-07-29,2023,R,693821,642715,CH,Changeup,,called_strike,R,R,ATL,MIL,85.80,,,,,,0,0,2023,2023-07
2023-07-29,2023,R,693821,655316,SL,Slider,field_out,hit_into_play,R,R,ATL,MIL,82.90,91.00,-14,108.98,147.52,ground_ball,0,2,2023,2023-07
2023-07-29,2023,R,693821,655316,SL,Slider,,foul,R,R,ATL,MIL,82.10,74.00,55,,,,0,1,2023,2023-07
2023-07-29,2023,R,693821,655316,SL,Slider,,foul,R,R,ATL,MIL,82.40,81.20,-34,,,,0,0,2023,2023-07
2023-07-29,2023,R,693821,655316,SI,Sinker,field_out,hit_into_play,R,R,ATL,MIL,87.80,93.60,23,209.87,111.97,line_drive,0,2,2023,2023-07
2023-07-29,2023,R,693821,655316,SL,Slider,,swinging_strike,R,R,ATL,MIL,82.70,,,,,,0,1,2023,2023-07
2023-07-29,2023,R,693821,655316,SI,Sinker,,called_strike,R,R,ATL,MIL,87.90,,,,,,0,0,2023,2023-07
2023-07-29,2023,R,693821,655316,SI,Sinker,field_out,hit_into_play,R,R,ATL,MIL,90.00,88.10,34,181.60,86.40,fly_ball,1,2,2023,2023-07
2023-07-29,2023,R,693821,655316,SL,Slider,,ball,R,R,ATL,MIL,83.10,,,,,,0,2,2023,2023-07
2023-07-29,2023,R,693821,655316,SL,Slider,,called_strike,R,R,ATL,MIL,82.70,,,,,,0,1,2023,2023-07
2023-07-29,2023,R,693821,655316,SI,Sinker,,called_strike,R,R,ATL,MIL,88.70,,,,,,0,0,2023,2023-07
2023-07-29,2023,R,693821,661388,SI,Sinker,field_out,hit_into_play,R,R,ATL,MIL,90.40,107.00,-5,140.99,145.50,ground_ball,0,0,2023,2023-07
2023-07-29,2023,R,693821,661388,SL,Slider,double,hit_into_play,R,R,ATL,MIL,80.60,110.20,17,103.96,55.60,line_drive,0,0,2023,2023-07
2023-07-29,2023,R,693821,661388,SI,Sinker,strikeout,called_strike,R,R,ATL,MIL,91.00,,,,,,2,2,2023,2023-07
2023-07-29,2023,R,693821,661388,SI,Sinker,,foul,R,R,ATL,MIL,90.50,24.90,45,,,,2,2,2023,2023-07
2023-07-29,2023,R,693821,661388,SI,Sinker,,called_strike,R,R,ATL,MIL,90.30,,,,,,2,1,2023,2023-07
2023-07-29,2023,R,693821,661388,SI,Sinker,,ball,R,R,ATL,MIL,90.20,,,,,,1,1,2023,2023-07
2023-07-29,2023,R,693821,661388,SI,Sinker,,called_strike,R,R,ATL,MIL,89.90,,,,,,1,0,2023,2023-07
2023-07-29,2023,R,693821,661388,SI,Sinker,,ball,R,R,ATL,MIL,90.70,,,,,,0,0,2023,2023-07
2023-07-29,2023,R,693821,668930,SI,Sinker,single,hit_into_play,L,R,ATL,MIL,89.70,75.90,32,107.33,92.53,fly_ball,2,2,2023,2023-07
2023-07-29,2023,R,693821,668930,SI,Sinker,,foul,L,R,ATL,MIL,89.30,68.60,65,,,,2,1,2023,2023-07
2023-07-29,2023,R,693821,668930,CH,Changeup,,ball,L,R,ATL,MIL,85.30,,,,,,1,1,2023,2023-07
2023-07-29,2023,R,693821,668930,CH,Changeup,,ball,L,R,ATL,MIL,84.30,,,,,,0,1,2023,2023-07
2023-07-29,2023,R,693821,668930,SI,Sinker,,called_strike,L,R,ATL,MIL,89.20,,,,,,0,0,2023,2023-07
2023-07-29,2023,R,693821,668930,SI,Sinker,field_out,hit_into_play,L,R,ATL,MIL,88.60,91.60,31,47.29,97.37,fly_ball,1,1,2023,2023-07
2023-07-29,2023,R,693821,668930,SI,Sinker,,foul,L,R,ATL,MIL,87.80,68.90,56,,,,1,0,2023,2023-07
2023-07-29,2023,R,693821,668930,SI,Sinker,,ball,L,R,ATL,MIL,87.30,,,,,,0,0,2023,2023-07
2023-07-29,2023,R,693821,686217,SI,Sinker,field_out,hit_into_play,L,R,ATL,MIL,89.20,84.00,32,94.47,79.53,fly_ball,2,2,2023,2023-07
2023-07-29,2023,R,693821,686217,SI,Sinker,,foul,L,R,ATL,MIL,88.40,69.90,54,,,,2,2,2023,2023-07
2023-07-29,2023,R,693821,686217,SI,Sinker,,ball,L,R,ATL,MIL,89.10,,,,,,1,2,2023,2023-07
2023-07-29,2023,R,693821,686217,SL,Slider,,foul,L,R,ATL,MIL,81.80,81.70,9,,,,1,1,2023,2023-07
2023-07-29,2023,R,693821,686217,SL,Slider,,ball,L,R,ATL,MIL,82.00,,,,,,0,1,2023,2023-07
2023-07-29,2023,R,693821,686217,SI,Sinker,,called_strike,L,R,ATL,MIL,87.60,,,,,,0,0,2023,2023-07
2023-07-29,2023,R,693821,686217,SI,Sinker,sac_fly,hit_into_play,L,R,ATL,MIL,88.60,81.70,28,52.53,113.88,line_drive,0,1,2023,2023-07
2023-07-29,2023,R,693821,686217,SI,Sinker,,called_strike,L,R,ATL,MIL,88.30,,,,,,0,0,2023,2023-07
2023-07-29,2023,R,693821,686217,SL,Slider,field_out,hit_into_play,L,R,ATL,MIL,82.60,69.40,-17,146.73,151.08,ground_ball,0,2,2023,2023-07
2023-07-29,2023,R,693821,686217,SL,Slider,,foul,L,R,ATL,MIL,82.50,86.10,-23,,,,0,1,2023,2023-07
2023-07-29,2023,R,693821,686217,SL,Slider,,called_strike,L,R,ATL,MIL,80.80,,,,,,0,0,2023,2023-07
2023-07-29,2023,R,693821,686894,SI,Sinker,grounded_into_double_play,hit_into_play,R,R,ATL,MIL,90.20,87.70,-31,97.63,167.80,ground_ball,0,1,2023,2023-07
2023-07-29,2023,R,693821,686894,SI,Sinker,,called_strike,R,R,ATL,MIL,89.70,,,,,,0,0,2023,2023-07
2023-07-29,2023,R,693821,686894,SI,Sinker,field_out,hit_into_play,R,R,ATL,MIL,90.70,53.70,64,150.34,171.28,popup,3,2,2023,2023-07
2023-07-29,2023,R,693821,686894,SI,Sinker,,ball,R,R,ATL,MIL,90.10,,,,,,2,2,2023,2023-07
2023-07-29,2023,R,693821,686894,SL,Slider,,ball,R,R,ATL,MIL,82.90,,,,,,1,2,2023,2023-07
2023-07-29,2023,R,693821,686894,SL,Slider,,swinging_strike,R,R,ATL,MIL,82.80,,,,,,1,1,2023,2023-07
2023-07-29,2023,R,693821,686894,SL,Slider,,swinging_strike,R,R,ATL,MIL,81.90,,,,,,1,0,2023,2023-07
2023-07-29,2023,R,693821,686894,SL,Slider,,ball,R,R,ATL,MIL,80.00,,,,,,0,0,2023,2023-07
2023-07-29,2023,R,694037,666185,FF,4-Seam Fastball,field_out,hit_into_play,L,R,STL,CHC,98.30,101.90,74,118.27,170.23,popup,3,1,2023,2023-07
2023-07-29,2023,R,694037,666185,FF,4-Seam Fastball,,ball,L,R,STL,CHC,98.10,,,,,,2,1,2023,2023-07
2023-07-29,2023,R,694037,666185,FF,4-Seam Fastball,,ball,L,R,STL,CHC,97.20,,,,,,1,1,2023,2023-07
2023-07-29,2023,R,694037,666185,FF,4-Seam Fastball,,ball,L,R,STL,CHC,98.10,,,,,,0,1,2023,2023-07
2023-07-29,2023,R,694037,666185,FF,4-Seam Fastball,,foul,L,R,STL,CHC,97.00,89.60,76,,,,0,0,2023,2023-07
2023-07-29,2023,R,694037,676475,CU,Curveball,field_out,hit_into_play,L,R,STL,CHC,81.40,77.20,10,161.60,142.19,ground_ball,0,1,2023,2023-07
2023-07-29,2023,R,694037,676475,FF,4-Seam Fastball,,foul,L,R,STL,CHC,97.40,,,,,,0,0,2023,2023-07
2023-07-29,2023,R,694037,680977,FF,4-Seam Fastball,strikeout,foul_tip,L,R,STL,CHC,97.90,,,,,,2,2,2023,2023-07
2023-07-29,2023,R,694037,680977,FF,4-Seam Fastball,,called_strike,L,R,STL,CHC,98.00,,,,,,2,1,2023,2023-07
2023-07-29,2023,R,694037,680977,CU,Curveball,,ball,L,R,STL,CHC,81.50,,,,,,1,1,2023,2023-07
2023-07-29,2023,R,694037,680977,FF,4-Seam Fastball,,called_strike,L,R,STL,CHC,97.90,,,,,,1,0,2023,2023-07
2023-07-29,2023,R,694037,680977,FF,4-Seam Fastball,,ball,L,R,STL,CHC,99.30,,,,,,0,0,2023,2023-07
2023-07-29,2023,R,694297,543939,ST,Sweeper,field_out,hit_into_play,L,R,AZ,SEA,81.90,94.40,30,74.21,66.02,fly_ball,3,2,2023,2023-07
2023-07-29,2023,R,694297,543939,CH,Changeup,,ball,L,R,AZ,SEA,86.40,,,,,,2,2,2023,2023-07
2023-07-29,2023,R,694297,543939,ST,Sweeper,,foul,L,R,AZ,SEA,83.50,102.60,6,,,,2,2,2023,2023-07
2023-07-29,2023,R,694297,543939,CU,Curveball,,ball,L,R,AZ,SEA,80.80,,,,,,1,2,2023,2023-07
2023-07-29,2023,R,694297,543939,CH,Changeup,,called_strike,L,R,AZ,SEA,85.80,,,,,,1,1,2023,2023-07
2023-07-29,2023,R,694297,543939,CH,Changeup,,ball,L,R,AZ,SEA,85.50,,,,,,0,1,2023,2023-07
2023-07-29,2023,R,694297,543939,CU,Curveball,,called_strike,L,R,AZ,SEA,77.40,,,,,,0,0,2023,2023-07
2023-07-29,2023,R,694297,543939,FF,4-Seam Fastball,single,hit_into_play,L,R,AZ,SEA,93.20,92.30,16,176.73,107.29,line_drive,1,0,2023,2023-07
2023-07-29,2023,R,694297,543939,FF,4-Seam Fastball,,ball,L,R,AZ,SEA,94.40,,,,,,0,0,2023,2023-07
2023-07-29,2023,R,694297,553993,ST,Sweeper,field_out,hit_into_play,R,R,AZ,SEA,84.20,93.40,29,85.98,59.99,fly_ball,0,1,2023,2023-07
2023-07-29,2023,R,694297,553993,ST,Sweeper,,swinging_strike,R,R,AZ,SEA,84.20,,,,,,0,0,2023,2023-07
2023-07-29,2023,R,694297,553993,ST,Sweeper,sac_fly,hit_into_play,R,R,AZ,SEA,84.20,94.30,21,71.92,103.42,fly_ball,1,2,2023,2023-07
2023-07-29,2023,R,694297,553993,ST,Sweeper,,ball,R,R,AZ,SEA,85.10,,,,,,0,2,2023,2023-07
2023-07-29,2023,R,694297,553993,FF,4-Seam Fastball,,swinging_strike,R,R,AZ,SEA,95.50,,,,,,0,1,2023,2023-07
2023-07-29,2023,R,694297,553993,SI,Sinker,,called_strike,R,R,AZ,SEA,93.00,,,,,,0,0,2023,2023-07
2023-07-29,2023,R,694297,553993,SI,Sinker,field_out,hit_into_play,R,R,AZ,SEA,92.20,79.80,39,174.23,104.20,fly_ball,2,1,2023,2023-07
2023-07-29,2023,R,694297,553993,ST,Sweeper,,ball,R,R,AZ,SEA,84.60,,,,,,1,1,2023,2023-07
2023-07-29,2023,R,694297,553993,SI,Sinker,,ball,R,R,AZ,SEA,93.70,,,,,,0,1,2023,2023-07
2023-07-29,2023,R,694297,553993,SI,Sinker,,foul,R,R,AZ,SEA,93.40,50.60,-54,,,,0,0,2023,2023-07
2023-07-29,2023,R,694297,606192,FF,4-Seam Fastball,single,hit_into_play,R,R,AZ,SEA,93.90,108.80,-1,177.87,107.48,ground_ball,1,0,2023,2023-07
2023-07-29,2023,R,694297,606192,SI,Sinker,,ball,R,R,AZ,SEA,90.90,,,,,,0,0,2023,2023-07
2023-07-29,2023,R,694297,606192,ST,Sweeper,strikeout,swinging_strike_blocked,R,R,AZ,SEA,82.60,,,,,,0,2,2023,2023-07
2023-07-29,2023,R,694297,606192,FF,4-Seam Fastball,,foul,R,R,AZ,SEA,93.70,,,,,,0,2,2023,2023-07
2023-07-29,2023,R,694297,606192,FF,4-Seam Fastball,,swinging_strike,R,R,AZ,SEA,94.20,,,,,,0,1,2023,2023-07
2023-07-29,2023,R,694297,606192,ST,Sweeper,,foul,R,R,AZ,SEA,83.50,58.10,-10,,,,0,0,2023,2023-07
2023-07-29,2023,R,694297,606192,SI,Sinker,single,hit_into_play,R,R,AZ,SEA,91.90,106.80,-1,122.61,92.27,ground_ball,1,0,2023,2023-07
2023-07-29,2023,R,694297,606192,SI,Sinker,,ball,R,R,AZ,SEA,92.80,,,,,,0,0,2023,2023-07
2023-07-29,2023,R,694297,608596,ST,Sweeper,grounded_into_double_play,hit_into_play,R,R,AZ,SEA,82.90,72.20,0,114.50,151.07,ground_ball,1,1,2023,2023-07
2023-07-29,2023,R,694297,608596,ST,Sweeper,,ball,R,R,AZ,SEA,84.20,,,,,,0,1,2023,2023-07
2023-07-29,2023,R,694297,608596,FF,4-Seam Fastball,,called_strike,R,R,AZ,SEA,92.30,,,,,,0,0,2023,2023-07
2023-07-29,2023,R,694297,608596,FF,4-Seam Fastball,home_run,hit_into_play,R,R,AZ,SEA,93.80,104.70,37,17.09,78.83,fly_ball,0,0,2023,2023-07
2023-07-29,2023,R,694297,608596,ST,Sweeper,sac_fly,hit_into_play,R,R,AZ,SEA,82.50,100.30,40,119.57,57.79,fly_ball,0,0,2023,2023-07
2023-07-29,2023,R,694297,641487,ST,Sweeper,walk,ball,L,R,AZ,SEA,82.00,,,,,,3,2,2023,2023-07
2023-07-29,2023,R,694297,641487,FF,4-Seam Fastball,,ball,L,R,AZ,SEA,94.30,,,,,,2,2,2023,2023-07
2023-07-29,2023,R,694297,641487,SI,Sinker,,foul,L,R,AZ,SEA,93.90,69.30,36,,,,2,1,2023,2023-07
2023-07-29,2023,R,694297,641487,ST,Sweeper,,called_strike,L,R,AZ,SEA,82.80,,,,,,2,0,2023,2023-07
2023-07-29,2023,R,694297,641487,SI,Sinker,,ball,L,R,AZ,SEA,93.30,,,,,,1,0,2023,2023-07
2023-07-29,2023,R,694297,641487,SI,Sinker,,ball,L,R,AZ,SEA,93.70,,,,,,0,0,2023,2023-07
2023-07-29,2023,R,694297,641487,FF,4-Seam Fastball,single,hit_into_play,L,R,AZ,SEA,95.30,85.80,-6,171.79,99.36,ground_ball,1,2,2023,2023-07
2023-07-29,2023,R,694297,641487,FF,4-Seam Fastball,,foul,L,R,AZ,SEA,93.80,72.40,24,,,,1,1,2023,2023-07
2023-07-29,2023,R,694297,641487,FF,4-Seam Fastball,,swinging_strike,L,R,AZ,SEA,94.50,,,,,,1,0,2023,2023-07
2023-07-29,2023,R,694297,641487,SI,Sinker,,ball,L,R,AZ,SEA,92.20,,,,,,0,0,2023,2023-07
2023-07-29,2023,R,694297,641487,ST,Sweeper,field_out,hit_into_play,L,R,AZ,SEA,83.40,77.30,38,165.67,94.56,fly_ball,2,1,2023,2023-07
2023-07-29,2023,R,694297,641487,FF,4-Seam Fastball,,ball,L,R,AZ,SEA,94.10,,,,,,1,1,2023,2023-07
2023-07-29,2023,R,694297,641487,ST,Sweeper,,called_strike,L,R,AZ,SEA,82.80,,,,,,1,0,2023,2023-07
2023-07-29,2023,R,694297,641487,FF,4-Seam Fastball,,ball,L,R,AZ,SEA,94.60,,,,,,0,0,2023,2023-07
2023-07-29,2023,R,694297,663728,FF,4-Seam Fastball,strikeout,swinging_strike,L,R,AZ,SEA,94.20,,,,,,1,2,2023,2023-07
2023-07-29,2023,R,694297,663728,FF,4-Seam Fastball,,swinging_strike,L,R,AZ,SEA,93.90,,,,,,1,1,2023,2023-07
2023-07-29,2023,R,694297,663728,CH,Changeup,,swinging_strike,L,R,AZ,SEA,84.70,,,,,,1,0,2023,2023-07
2023-07-29,2023,R,694297,663728,CU,Curveball,,ball,L,R,AZ,SEA,79.10,,,,,,0,0,2023,2023-07
2023-07-29,2023,R,694297,663728,FF,4-Seam Fastball,strikeout,called_strike,L,R,AZ,SEA,94.90,,,,,,1,2,2023,2023-07
2023-07-29,2023,R,694297,663728,FF,4-Seam Fastball,,ball,L,R,AZ,SEA,94.80,,,,,,0,2,2023,2023-07
2023-07-29,2023,R,694297,663728,FF,4-Seam Fastball,,swinging_strike,L,R,AZ,SEA,93.90,,,,,,0,1,2023,2023-07
2023-07-29,2023,R,694297,663728,FF,4-Seam Fastball,,swinging_strike,L,R,AZ,SEA,94.60,,,,,,0,0,2023,2023-07
2023-07-29,2023,R,694297,663728,CH,Changeup,single,hit_into_play,L,R,AZ,SEA,86.30,93.10,10,175.25,124.41,line_drive,1,2,2023,2023-07
2023-07-29,2023,R,694297,663728,CH,Changeup,,foul,L,R,AZ,SEA,85.90,82.60,9,,,,1,1,2023,2023-07
2023-07-29,2023,R,694297,663728,ST,Sweeper,,called_strike,L,R,AZ,SEA,82.50,,,,,,1,0,2023,2023-07
2023-07-29,2023,R,694297,663728,FF,4-Seam Fastball,,ball,L,R,AZ,SEA,94.20,,,,,,0,0,2023,2023-07
2023-07-29,2023,R,694297,664034,ST,Sweeper,single,hit_into_play,R,R,AZ,SEA,82.70,103.50,2,123.12,86.18,ground_ball,1,0,2023,2023-07
2023-07-29,2023,R,694297,664034,SI,Sinker,,ball,R,R,AZ,SEA,90.50,,,,,,0,0,2023,2023-07
2023-07-29,2023,R,694297,664034,ST,Sweeper,field_out,hit_into_play,R,R,AZ,SEA,82.90,85.40,67,117.54,157.66,popup,2,2,2023,2023-07
2023-07-29,2023,R,694297,664034,ST,Sweeper,,ball,R,R,AZ,SEA,83.50,,,,,,1,2,2023,2023-07
2023-07-29,2023,R,694297,664034,FF,4-Seam Fastball,,foul,R,R,AZ,SEA,95.30,70.50,39,,,,1,2,2023,2023-07
2023-07-29,2023,R,694297,664034,ST,Sweeper,,ball,R,R,AZ,SEA,82.40,,,,,,0,2,2023,2023-07
2023-07-29,2023,R,694297,664034,FF,4-Seam Fastball,,called_strike,R,R,AZ,SEA,93.90,,,,,,0,1,2023,2023-07
2023-07-29,2023,R,694297,664034,FF,4-Seam Fastball,,foul,R,R,AZ,SEA,94.90,74.30,33,,,,0,0,2023,2023-07
2023-07-29,2023,R,694297,664034,ST,Sweeper,field_out,hit_into_play,R,R,AZ,SEA,82.90,91.10,34,105.20,59.86,fly_ball,0,1,2023,2023-07
2023-07-29,2023,R,694297,664034,ST,Sweeper,,swinging_strike,R,R,AZ,SEA,84.10,,,,,,0,0,2023,2023-07
2023-07-29,2023,R,694297,677594,FF,4-Seam Fastball,single,hit_into_play,R,R,AZ,SEA,93.60,103.30,-11,96.16,143.89,ground_ball,1,1,2023,2023-07
2023-07-29,2023,R,694297,677594,SI,Sinker,,ball,R,R,AZ,SEA,93.20,,,,,,0,1,2023,2023-07
2023-07-29,2023,R,694297,677594,FF,4-Seam Fastball,,foul,R,R,AZ,SEA,94.10,92.80,60,,,,0,0,2023,2023-07
2023-07-29,2023,R,694297,677594,SI,Sinker,force_out,hit_into_play,R,R,AZ,SEA,94.30,94.10,-37,102.33,172.87,ground_ball,0,0,2023,2023-07
2023-07-29,2023,R,694297,677594,SI,Sinker,field_out,hit_into_play,R,R,AZ,SEA,93.00,83.10,-3,115.62,167.15,ground_ball,1,1,2023,2023-07
2023-07-29,2023,R,694297,677594,FF,4-Seam Fastball,,foul,R,R,AZ,SEA,93.40,81.20,50,,,,1,0,2023,2023-07
2023-07-29,2023,R,694297,677594,SI,Sinker,,ball,R,R,AZ,SEA,92.40,,,,,,0,0,2023,2023-07
2023-07-29,2023,R,694297,687799,CH,Changeup,field_out,hit_into_play,L,R,AZ,SEA,86.70,91.90,33,121.44,50.97,fly_ball,1,2,2023,2023-07
2023-07-29,2023,R,694297,687799,ST,Sweeper,,foul,L,R,AZ,SEA,82.90,72.40,75,,,,1,2,2023,2023-07
2023-07-29,2023,R,694297,687799,FF,4-Seam Fastball,,foul,L,R,AZ,SEA,94.50,73.70,42,,,,1,2,2023,2023-07
2023-07-29,2023,R,694297,687799,CH,Changeup,,foul,L,R,AZ,SEA,86.60,72.90,-38,,,,1,1,2023,2023-07
2023-07-29,2023,R,694297,687799,CU,Curveball,,ball,L,R,AZ,SEA,80.00,,,,,,0,1,2023,2023-07
2023-07-29,2023,R,694297,687799,CH,Changeup,,called_strike,L,R,AZ,SEA,85.80,,,,,,0,0,2023,2023-07
2023-07-29,2023,R,694297,687799,ST,Sweeper,field_out,hit_into_play,L,R,AZ,SEA,83.70,92.20,37,195.21,71.80,fly_ball,2,1,2023,2023-07
2023-07-29,2023,R,694297,687799,ST,Sweeper,,foul,L,R,AZ,SEA,83.50,,,,,,2,0,2023,2023-07
2023-07-29,2023,R,694297,687799,FF,4-Seam Fastball,,ball,L,R,AZ,SEA,93.50,,,,,,1,0,2023,2023-07
2023-07-29,2023,R,694297,687799,CH,Changeup,,ball,L,R,AZ,SEA,86.90,,,,,,0,0,2023,2023-07
2023-07-29,2023,R,701643,600869,ST,Sweeper,hit_by_pitch,hit_by_pitch,L,R,NYM,WSH,82.20,,,,,,0,0,2023,2023-07
2023-07-29,2023,R,701643,608841,FC,Cutter,single,hit_into_play,R,R,NYM,WSH,93.60,98.90,15,115.09,82.38,line_drive,3,2,2023,2023-07
2023-07-29,2023,R,701643,608841,ST,Sweeper,,ball,R,R,NYM,WSH,84.10,,,,,,2,2,2023,2023-07
2023-07-29,2023,R,701643,608841,SI,Sinker,,foul,R,R,NYM,WSH,95.80,63.30,13,,,,2,2,2023,2023-07
2023-07-29,2023,R,701643,608841,ST,Sweeper,,foul,R,R,NYM,WSH,83.10,67.10,42,,,,2,2,2023,2023-07
2023-07-29,2023,R,701643,608841,SI,Sinker,,foul,R,R,NYM,WSH,96.20,,,,,,2,2,2023,2023-07
2023-07-29,2023,R,701643,608841,ST,Sweeper,,ball,R,R,NYM,WSH,83.20,,,,,,1,2,2023,2023-07
2023-07-29,2023,R,701643,608841,ST,Sweeper,,ball,R,R,NYM,WSH,82.40,,,,,,0,2,2023,2023-07
2023-07-29,2023,R,701643,608841,ST,Sweeper,,swinging_strike,R,R,NYM,WSH,83.70,,,,,,0,1,2023,2023-07
2023-07-29,2023,R,701643,608841,SI,Sinker,,called_strike,R,R,NYM,WSH,95.40,,,,,,0,0,2023,2023-07
2023-07-29,2023,R,701643,642086,FC,Cutter,field_out,hit_into_play,L,R,NYM,WSH,94.10,77.20,2,141.15,142.99,ground_ball,3,2,2023,2023-07
2023-07-29,2023,R,701643,642086,SI,Sinker,,ball,L,R,NYM,WSH,95.80,,,,,,2,2,2023,2023-07
2023-07-29,2023,R,701643,642086,ST,Sweeper,,ball,L,R,NYM,WSH,83.80,,,,,,1,2,2023,2023-07
2023-07-29,2023,R,701643,642086,FC,Cutter,,foul,L,R,NYM,WSH,94.40,78.70,45,,,,1,1,2023,2023-07
2023-07-29,2023,R,701643,642086,FC,Cutter,,ball,L,R,NYM,WSH,94.20,,,,,,0,1,2023,2023-07
2023-07-29,2023,R,701643,642086,FC,Cutter,,called_strike,L,R,NYM,WSH,93.00,,,,,,0,0,2023,2023-07
2023-07-29,2023,R,701643,656180,SI,Sinker,double,hit_into_play,R,R,NYM,WSH,95.80,107.50,13,82.65,60.61,line_drive,0,0,2023,2023-07
2023-07-29,2023,R,701643,656448,SI,Sinker,field_error,hit_into_play,R,R,NYM,WSH,96.70,78.40,-44,100.81,162.48,ground_ball,0,0,2023,2023-07
2023-07-29,2023,R,701643,669743,ST,Sweeper,strikeout,swinging_strike_blocked,R,R,NYM,WSH,82.60,,,,,,1,2,2023,2023-07
2023-07-29,2023,R,701643,669743,ST,Sweeper,,called_strike,R,R,NYM,WSH,83.20,,,,,,1,1,2023,2023-07
2023-07-29,2023,R,701643,669743,SI,Sinker,,foul,R,R,NYM,WSH,95.00,73.40,43,,,,1,0,2023,2023-07
2023-07-29,2023,R,701643,669743,SI,Sinker,,ball,R,R,NYM,WSH,95.70,,,,,,0,0,2023,2023-07
2023-07-29,2023,R,701643,671277,SI,Sinker,strikeout,swinging_strike,L,R,NYM,WSH,94.90,,,,,,3,2,2023,2023-07
2023-07-29,2023,R,701643,671277,SI,Sinker,,foul,L,R,NYM,WSH,94.60,74.70,45,,,,3,2,2023,2023-07
2023-07-29,2023,R,701643,671277,SI,Sinker,,foul,L,R,NYM,WSH,93.80,74.70,-65,,,,3,1,2023,2023-07
2023-07-29,2023,R,701643,671277,SI,Sinker,,ball,L,R,NYM,WSH,93.30,,,,,,2,1,2023,2023-07
2023-07-29,2023,R,701643,671277,ST,Sweeper,,ball,L,R,NYM,WSH,82.20,,,,,,1,1,2023,2023-07
2023-07-29,2023,R,701643,671277,SI,Sinker,,foul,L,R,NYM,WSH,94.60,74.50,47,,,,1,0,2023,2023-07
2023-07-29,2023,R,701643,671277,ST,Sweeper,,ball,L,R,NYM,WSH,82.00,,,,,,0,0,2023,2023-07
2023-07-30,2023,R,434378,545121,SL,Slider,strikeout,called_strike,L,R,NYM,WSH,84.50,,,,,,0,2,2023,2023-07
2023-07-30,2023,R,434378,545121,CU,Curveball,,swinging_strike,L,R,NYM,WSH,78.70,,,,,,0,1,2023,2023-07
2023-07-30,2023,R,434378,545121,FF,4-Seam Fastball,,called_strike,L,R,NYM,WSH,93.10,,,,,,0,0,2023,2023-07
2023-07-30,2023,R,434378,545121,FF,4-Seam Fastball,field_out,hit_into_play,L,R,NYM,WSH,93.70,75.40,49,106.29,120.59,popup,0,1,2023,2023-07
2023-07-30,2023,R,434378,545121,FF,4-Seam Fastball,,called_strike,L,R,NYM,WSH,92.90,,,,,,0,0,2023,2023-07
2023-07-30,2023,R,434378,572816,FF,4-Seam Fastball,field_out,hit_into_play,L,R,NYM,WSH,94.70,92.30,29,91.36,60.36,fly_ball,1,2,2023,2023-07
2023-07-30,2023,R,434378,572816,FF,4-Seam Fastball,,foul,L,R,NYM,WSH,94.40,82.60,27,,,,1,2,2023,2023-07
2023-07-30,2023,R,434378,572816,FF,4-Seam Fastball,,foul,L,R,NYM,WSH,95.00,64.20,50,,,,1,2,2023,2023-07
2023-07-30,2023,R,434378,572816,SL,Slider,,foul,L,R,NYM,WSH,84.20,71.40,41,,,,1,1,2023,2023-07
2023-07-30,2023,R,434378,572816,SL,Slider,,blocked_ball,L,R,NYM,WSH,84.70,,,,,,0,1,2023,2023-07
2023-07-30,2023,R,434378,572816,SL,Slider,,swinging_strike_blocked,L,R,NYM,WSH,84.80,,,,,,0,0,2023,2023-07
2023-07-30,2023,R,434378,572816,FF,4-Seam Fastball,field_out,hit_into_play,L,R,NYM,WSH,93.60,96.70,55,106.20,121.10,popup,2,0,2023,2023-07
2023-07-30,2023,R,434378,572816,FF,4-Seam Fastball,,ball,L,R,NYM,WSH,93.00,,,,,,1,0,2023,2023-07
2023-07-30,2023,R,434378,572816,FF,4-Seam Fastball,,ball,L,R,NYM,WSH,93.50,,,,,,0,0,2023,2023-07
2023-07-30,2023,R,434378,600869,FF,4-Seam Fastball,field_out,hit_into_play,L,R,NYM,WSH,94.70,89.80,-3,111.67,144.29,ground_ball,1,2,2023,2023-07
2023-07-30,2023,R,434378,600869,CH,Changeup,,ball,L,R,NYM,WSH,86.20,,,,,,0,2,2023,2023-07
2023-07-30,2023,R,434378,600869,CU,Curveball,,foul,L,R,NYM,WSH,78.40,87.80,-21,,,,0,2,2023,2023-07
2023-07-30,2023,R,434378,600869,CU,Curveball,,foul,L,R,NYM,WSH,77.50,68.80,75,,,,0,1,2023,2023-07
2023-07-30,2023,R,434378,600869,CH,Changeup,,swinging_strike,L,R,NYM,WSH,82.90,,,,,,0,0,2023,2023-07
2023-07-30,2023,R,434378,600869,FF,4-Seam Fastball,walk,ball,L,R,NYM,WSH,94.60,,,,,,3,2,2023,2023-07
2023-07-30,2023,R,434378,600869,FF,4-Seam Fastball,,ball,L,R,NYM,WSH,94.20,,,,,,2,2,2023,2023-07
2023-07-30,2023,R,434378,600869,CU,Curveball,,blocked_ball,L,R,NYM,WSH,81.10,,,,,,1,2,2023,2023-07
2023-07-30,2023,R,434378,600869,SL,Slider,,foul,L,R,NYM,WSH,86.20,62.50,61,,,,1,2,2023,2023-07
2023-07-30,2023,R,434378,600869,FF,4-Seam Fastball,,called_strike,L,R,NYM,WSH,94.00,,,,,,1,1,2023,2023-07
2023-07-30,2023,R,434378,600869,FF,4-Seam Fastball,,called_strike,L,R,NYM,WSH,92.60,,,,,,1,0,2023,2023-07
2023-07-30,2023,R,434378,600869,SL,Slider,,ball,L,R,NYM,WSH,84.30,,,,,,0,0,2023,2023-07
2023-07-30,2023,R,434378,600869,CU,Curveball,single,hit_into_play,L,R,NYM,WSH,76.50,91.70,7,167.00,114.28,ground_ball,2,2,2023,2023-07
2023-07-30,2023,R,434378,600869,SL,Slider,,foul,L,R,NYM,WSH,84.40,70.00,42,,,,2,2,2023,2023-07
2023-07-30,2023,R,434378,600869,CU,Curveball,,foul,L,R,NYM,WSH,77.30,78.40,-3,,,,2,2,2023,2023-07
2023-07-30,2023,R,434378,600869,CU,Curveball,,ball,L,R,NYM,WSH,77.50,,,,,,1,2,2023,2023-07
2023-07-30,2023,R,434378,600869,CU,Curveball,,called_strike,L,R,NYM,WSH,75.60,,,,,,1,1,2023,2023-07
2023-07-30,2023,R,434378,600869,SL,Slider,,called_strike,L,R,NYM,WSH,82.90,,,,,,1,0,2023,2023-07
2023-07-30,2023,R,434378,600869,SL,Slider,,ball,L,R,NYM,WSH,82.10,,,,,,0,0,2023,2023-07
2023-07-30,2023,R,434378,608841,FF,4-Seam Fastball,field_out,hit_into_play,R,R,NYM,WSH,93.40,94.90,22,142.17,58.26,line_drive,3,2,2023,2023-07
2023-07-30,2023,R,434378,608841,FF,4-Seam Fastball,,foul,R,R,NYM,WSH,94.10,76.00,43,,,,3,2,2023,2023-07
2023-07-30,2023,R,434378,608841,FF,4-Seam Fastball,,called_strike,R,R,NYM,WSH,92.80,,,,,,3,1,2023,2023-07
2023-07-30,2023,R,434378,608841,FF,4-Seam Fastball,,called_strike,R,R,NYM,WSH,90.70,,,,,,3,0,2023,2023-07
2023-07-30,2023,R,434378,608841,FF,4-Seam Fastball,,ball,R,R,NYM,WSH,92.30,,,,,,2,0,2023,2023-07
2023-07-30,2023,R,434378,608841,FF,4-Seam Fastball,,ball,R,R,NYM,WSH,91.60,,,,,,1,0,2023,2023-07
2023-07-30,2023,R,434378,608841,CU,Curveball,,ball,R,R,NYM,WSH,75.70,,,,,,0,0,2023,2023-07
2023-07-30,2023,R,434378,608841,FF,4-Seam Fastball,strikeout,swinging_strike,R,R,NYM,WSH,96.00,,,,,,2,2,2023,2023-07
2023-07-30,2023,R,434378,608841,CU,Curveball,,ball,R,R,NYM,WSH,80.30,,,,,,1,2,2023,2023-07
2023-07-30,2023,R,434378,608841,CU,Curveball,,foul,R,R,NYM,WSH,78.80,89.50,-3,,,,1,2,2023,2023-07
2023-07-30,2023,R,434378,608841,FF,4-Seam Fastball,,foul,R,R,NYM,WSH,94.80,79.60,14,,,,1,1,2023,2023-07
2023-07-30,2023,R,434378,608841,FF,4-Seam Fastball,,foul,R,R,NYM,WSH,94.00,75.80,30,,,,1,0,2023,2023-07
2023-07-30,2023,R,434378,608841,FF,4-Seam Fastball,,ball,R,R,NYM,WSH,95.20,,,,,,0,0,2023,2023-07
2023-07-30,2023,R,434378,608841,CU,Curveball,strikeout,swinging_strike,R,R,NYM,WSH,78.50,,,,,,1,2,2023,2023-07
2023-07-30,2023,R,434378,608841,CU,Curveball,,ball,R,R,NYM,WSH,79.50,,,,,,0,2,2023,2023-07
2023-07-30,2023,R,434378,608841,FF,4-Seam Fastball,,foul,R,R,NYM,WSH,93.60,80.70,39,,,,0,2,2023,2023-07
2023-07-30,2023,R,434378,608841,FF,4-Seam Fastball,,foul,R,R,NYM,WSH,93.60,96.30,18,,,,0,2,2023,2023-07
2023-07-30,2023,R,434378,608841,FF,4-Seam Fastball,,swinging_strike,R,R,NYM,WSH,93.80,,,,,,0,1,2023,2023-07
2023-07-30,2023,R,434378,608841,FF,4-Seam Fastball,,swinging_strike,R,R,NYM,WSH,92.80,,,,,,0,0,2023,2023-07
2023-07-30,2023,R,434378,642086,CU,Curveball,single,hit_into_play,L,R,NYM,WSH,76.60,89.30,22,207.40,105.54,line_drive,1,1,2023,2023-07
2023-07-30,2023,R,434378,642086,CU,Curveball,,ball,L,R,NYM,WSH,76.70,,,,,,0,1,2023,2023-07
2023-07-30,2023,R,434378,642086,FF,4-Seam Fastball,,called_strike,L,R,NYM,WSH,93.10,,,,,,0,0,2023,2023-07
2023-07-30,2023,R,434378,642086,FF,4-Seam Fastball,field_out,hit_into_play,L,R,NYM,WSH,92.60,88.70,28,200.38,105.47,fly_ball,0,1,2023,2023-07
2023-07-30,2023,R,434378,642086,CH,Changeup,,called_strike,L,R,NYM,WSH,82.60,,,,,,0,0,2023,2023-07
2023-07-30,2023,R,434378,660688,SL,Slider,single,hit_into_play,L,R,NYM,WSH,84.70,86.80,21,157.41,72.18,line_drive,0,1,2023,2023-07
2023-07-30,2023,R,434378,660688,FF,4-Seam Fastball,,foul,L,R,NYM,WSH,92.80,75.10,44,,,,0,0,2023,2023-07
2023-07-30,2023,R,434378,660688,SL,Slider,field_out,hit_into_play,L,R,NYM,WSH,86.50,53.70,16,132.16,142.80,ground_ball,1,2,2023,2023-07
2023-07-30,2023,R,434378,660688,FF,4-Seam Fastball,,foul,L,R,NYM,WSH,94.90,73.80,34,,,,1,1,2023,2023-07
2023-07-30,2023,R,434378,660688,CH,Changeup,,called_strike,L,R,NYM,WSH,86.60,,,,,,1,0,2023,2023-07
2023-07-30,2023,R,434378,660688,FF,4-Seam Fastball,,ball,L,R,NYM,WSH,94.80,,,,,,0,0,2023,2023-07
2023-07-30,2023,R,434378,660688,FF,4-Seam Fastball,field_out,hit_into_play,L,R,NYM,WSH,94.20,94.30,26,185.86,64.39,fly_ball,1,2,2023,2023-07
2023-07-30,2023,R,434378,660688,CU,Curveball,,blocked_ball,L,R,NYM,WSH,78.40,,,,,,0,2,2023,2023-07
2023-07-30,2023,R,434378,660688,FF,4-Seam Fastball,,foul,L,R,NYM,WSH,93.40,78.20,12,,,,0,2,2023,2023-07
2023-07-30,2023,R,434378,660688,CU,Curveball,,foul,L,R,NYM,WSH,78.20,63.20,46,,,,0,1,2023,2023-07
2023-07-30,2023,R,434378,660688,FF,4-Seam Fastball,,called_strike,L,R,NYM,WSH,94.20,,,,,,0,0,2023,2023-07
2023-07-30,2023,R,434378,669743,SL,Slider,field_out,hit_into_play,R,R,NYM,WSH,86.00,101.60,6,108.40,128.57,ground_ball,2,2,2023,2023-07
2023-07-30,2023,R,434378,669743,FF,4-Seam Fastball,,foul,R,R,NYM,WSH,94.80,77.90,59,,,,2,2,2023,2023-07
2023-07-30,2023,R,434378,669743,SL,Slider,,ball,R,R,NYM,WSH,86.80,,,,,,1,2,2023,2023-07
2023-07-30,2023,R,434378,669743,CU,Curveball,,called_strike,R,R,NYM,WSH,76.40,,,,,,1,1,2023,2023-07
2023-07-30,2023,R,434378,669743,FF,4-Seam Fastball,,swinging_strike,R,R,NYM,WSH,93.10,,,,,,1,0,2023,2023-07
2023-07-30,2023,R,434378,669743,CU,Curveball,,ball,R,R,NYM,WSH,75.10,,,,,,0,0,2023,2023-07
2023-07-30,2023,R,434378,669743,FF,4-Seam Fastball,strikeout,swinging_strike,R,R,NYM,WSH,95.60,,,,,,2,2,2023,2023-07
2023-07-30,2023,R,434378,669743,CU,Curveball,,foul,R,R,NYM,WSH,78.50,34.90,33,,,,2,2,2023,2023-07
2023-07-30,2023,R,434378,669743,CU,Curveball,,foul,R,R,NYM,WSH,75.90,87.30,-12,,,,2,2,2023,2023-07
2023-07-30,2023,R,434378,669743,FF,4-Seam Fastball,,foul,R,R,NYM,WSH,94.80,76.40,42,,,,2,2,2023,2023-07
2023-07-30,2023,R,434378,669743,CH,Changeup,,foul,R,R,NYM,WSH,84.30,49.90,67,,,,2,2,2023,2023-07
2023-07-30,2023,R,434378,669743,SL,Slider,,ball,R,R,NYM,WSH,83.10,,,,,,1,2,2023,2023-07
2023-07-30,2023,R,434378,669743,CU,Curveball,,called_strike,R,R,NYM,WSH,76.00,,,,,,1,1,2023,2023-07
2023-07-30,2023,R,434378,669743,FF,4-Seam Fastball,,called_strike,R,R,NYM,WSH,91.80,,,,,,1,0,2023,2023-07
2023-07-30,2023,R,434378,669743,FF,4-Seam Fastball,,ball,R,R,NYM,WSH,92.20,,,,,,0,0,2023,2023-07
2023-07-30,2023,R,434378,671277,SL,Slider,strikeout,called_strike,L,R,NYM,WSH,84.90,,,,,,3,2,2023,2023-07
2023-07-30,2023,R,434378,671277,FF,4-Seam Fastball,,foul,L,R,NYM,WSH,94.20,64.90,-40,,,,3,2,2023,2023-07
2023-07-30,2023,R,434378,671277,FF,4-Seam Fastball,,foul,L,R,NYM,WSH,94.00,71.50,37,,,,3,2,2023,2023-07
2023-07-30,2023,R,434378,671277,SL,Slider,,ball,L,R,NYM,WSH,84.70,,,,,,2,2,2023,2023-07
2023-07-30,2023,R,434378,671277,CH,Changeup,,ball,L,R,NYM,WSH,86.30,,,,,,1,2,2023,2023-07
2023-07-30,2023,R,434378,671277,CU,Curveball,,foul,L,R,NYM,WSH,75.40,70.80,-51,,,,1,1,2023,2023-07
2023-07-30,2023,R,434378,671277,CU,Curveball,,ball,L,R,NYM,WSH,75.30,,,,,,0,1,2023,2023-07
2023-07-30,2023,R,434378,671277,FF,4-Seam Fastball,,called_strike,L,R,NYM,WSH,92.00,,,,,,0,0,2023,2023-07
2023-07-30,2023,R,434378,671277,FF,4-Seam Fastball,field_out,hit_into_play,L,R,NYM,WSH,95.10,71.30,62,87.30,158.02,popup,1,1,2023,2023-07
2023-07-30,2023,R,434378,671277,FF,4-Seam Fastball,,foul,L,R,NYM,WSH,93.00,85.50,35,,,,1,0,2023,2023-07
2023-07-30,2023,R,434378,671277,FF,4-Seam Fastball,,ball,L,R,NYM,WSH,94.10,,,,,,0,0,2023,2023-07
2023-07-30,2023,R,434378,682928,FF,4-Seam Fastball,field_out,hit_into_play,L,R,NYM,WSH,94.80,96.40,49,118.46,83.59,fly_ball,1,2,2023,2023-07
2023-07-30,2023,R,434378,682928,SL,Slider,,foul,L,R,NYM,WSH,84.10,107.70,18,,,,1,1,2023,2023-07
2023-07-30,2023,R,434378,682928,FF,4-Seam Fastball,,ball,L,R,NYM,WSH,95.00,,,,,,0,1,2023,2023-07
2023-07-30,2023,R,434378,682928,FF,4-Seam Fastball,,called_strike,L,R,NYM,WSH,93.60,,,,,,0,0,2023,2023-07
2023-07-30,2023,R,434378,682928,FF,4-Seam Fastball,single,hit_into_play,L,R,NYM,WSH,93.60,102.70,7,162.43,109.19,ground_ball,1,0,2023,2023-07
2023-07-30,2023,R,434378,682928,CU,Curveball,,ball,L,R,NYM,WSH,75.40,,,,,,0,0,2023,2023-07
2023-07-30,2023,R,434378,682928,SL,Slider,single,hit_into_play,L,R,NYM,WSH,84.80,40.20,-18,126.05,165.09,ground_ball,0,2,2023,2023-07
2023-07-30,2023,R,434378,682928,FF,4-Seam Fastball,,called_strike,L,R,NYM,WSH,91.30,,,,,,0,1,2023,2023-07
2023-07-30,2023,R,434378,682928,FF,4-Seam Fastball,,swinging_strike,L,R,NYM,WSH,91.70,,,,,,0,0,2023,2023-07
2023-07-30,2023,R,448179,543281,FC,Cutter,field_out,hit_into_play,R,L,PIT,PHI,82.60,100.60,7,105.53,168.94,line_drive,2,0,2023,2023-07
2023-07-30,2023,R,448179,543281,CU,Curveball,,ball,R,L,PIT,PHI,72.20,,,,,,1,0,2023,2023-07
2023-07-30,2023,R,448179,543281,FC,Cutter,,ball,R,L,PIT,PHI,84.50,,,,,,0,0,2023,2023-07
2023-07-30,2023,R,448179,543281,FF,4-Seam Fastball,hit_by_pitch,hit_by_pitch,R,L,PIT,PHI,88.30,,,,,,0,0,2023,2023-07
2023-07-30,2023,R,448179,547180,ST,Sweeper,walk,ball,L,L,PIT,PHI,70.90,,,,,,3,1,2023,2023-07
2023-07-30,2023,R,448179,547180,SI,Sinker,,ball,L,L,PIT,PHI,84.70,,,,,,2,1,2023,2023-07
2023-07-30,2023,R,448179,547180,CU,Curveball,,ball,L,L,PIT,PHI,72.40,,,,,,1,1,2023,2023-07
2023-07-30,2023,R,448179,547180,CU,Curveball,,ball,L,L,PIT,PHI,72.50,,,,,,0,1,2023,2023-07
2023-07-30,2023,R,448179,547180,SI,Sinker,,called_strike,L,L,PIT,PHI,83.30,,,,,,0,0,2023,2023-07
2023-07-30,2023,R,448179,547180,CU,Curveball,walk,ball,L,L,PIT,PHI,71.60,,,,,,3,2,2023,2023-07
2023-07-30,2023,R,448179,547180,ST,Sweeper,,ball,L,L,PIT,PHI,70.70,,,,,,2,2,2023,2023-07
2023-07-30,2023,R,448179,547180,SI,Sinker,,called_strike,L,L,PIT,PHI,85.10,,,,,,2,1,2023,2023-07
2023-07-30,2023,R,448179,547180,CU,Curveball,,called_strike,L,L,PIT,PHI,71.00,,,,,,2,0,2023,2023-07
2023-07-30,2023,R,448179,547180,CU,Curveball,,ball,L,L,PIT,PHI,71.60,,,,,,1,0,2023,2023-07
2023-07-30,2023,R,448179,547180,SI,Sinker,,ball,L,L,PIT,PHI,84.20,,,,,,0,0,2023,2023-07
2023-07-30,2023,R,448179,547180,SI,Sinker,walk,ball,L,L,PIT,PHI,86.80,,,,,,3,0,2023,2023-07
2023-07-30,2023,R,448179,547180,SI,Sinker,,ball,L,L,PIT,PHI,86.70,,,,,,2,0,2023,2023-07
2023-07-30,2023,R,448179,547180,CU,Curveball,,ball,L,L,PIT,PHI,72.30,,,,,,1,0,2023,2023-07
2023-07-30,2023,R,448179,547180,SI,Sinker,,ball,L,L,PIT,PHI,88.00,,,,,,0,0,2023,2023-07
2023-07-30,2023,R,448179,592206,SI,Sinker,strikeout,called_strike,R,L,PIT,PHI,85.70,,,,,,2,2,2023,2023-07
2023-07-30,2023,R,448179,592206,CU,Curveball,,foul,R,L,PIT,PHI,73.00,86.80,10,,,,2,1,2023,2023-07
2023-07-30,2023,R,448179,592206,FF,4-Seam Fastball,,ball,R,L,PIT,PHI,89.20,,,,,,1,1,2023,2023-07
2023-07-30,2023,R,448179,592206,FC,Cutter,,called_strike,R,L,PIT,PHI,84.90,,,,,,1,0,2023,2023-07
2023-07-30,2023,R,448179,592206,FF,4-Seam Fastball,,ball,R,L,PIT,PHI,88.80,,,,,,0,0,2023,2023-07
2023-07-30,2023,R,448179,592206,CH,Changeup,grounded_into_double_play,hit_into_play,R,L,PIT,PHI,81.70,95.00,-7,107.56,166.40,ground_ball,0,1,2023,2023-07
2023-07-30,2023,R,448179,592206,FC,Cutter,,called_strike,R,L,PIT,PHI,82.80,,,,,,0,0,2023,2023-07
2023-07-30,2023,R,448179,592206,CU,Curveball,single,hit_into_play,R,L,PIT,PHI,72.30,98.80,2,92.84,122.67,ground_ball,2,1,2023,2023-07
2023-07-30,2023,R,448179,592206,CU,Curveball,,ball,R,L,PIT,PHI,72.20,,,,,,1,1,2023,2023-07
2023-07-30,2023,R,448179,592206,CH,Changeup,,ball,R,L,PIT,PHI,83.00,,,,,,0,1,2023,2023-07
2023-07-30,2023,R,448179,592206,FC,Cutter,,called_strike,R,L,PIT,PHI,84.70,,,,,,0,0,2023,2023-07
2023-07-30,2023,R,448179,596117,ST,Sweeper,field_out,hit_into_play,L,L,PIT,PHI,68.50,71.60,72,92.84,186.23,popup,1,2,2023,2023-07
2023-07-30,2023,R,448179,596117,SI,Sinker,,foul,L,L,PIT,PHI,86.20,65.00,40,,,,1,1,2023,2023-07
2023-07-30,2023,R,448179,596117,CU,Curveball,,foul_bunt,L,L,PIT,PHI,72.00,,,,,,1,0,2023,2023-07
2023-07-30,2023,R,448179,596117,SI,Sinker,,ball,L,L,PIT,PHI,85.20,,,,,,0,0,2023,2023-07
2023-07-30,2023,R,448179,596117,CU,Curveball,field_out,hit_into_play,L,L,PIT,PHI,72.00,85.30,-58,139.53,180.64,ground_ball,0,2,2023,2023-07
2023-07-30,2023,R,448179,596117,CU,Curveball,,swinging_strike,L,L,PIT,PHI,71.50,,,,,,0,1,2023,2023-07
2023-07-30,2023,R,448179,596117,SI,Sinker,,called_strike,L,L,PIT,PHI,85.50,,,,,,0,0,2023,2023-07
2023-07-30,2023,R,448179,607208,FF,4-Seam Fastball,double,hit_into_play,R,L,PIT,PHI,87.40,93.00,3,72.41,148.55,ground_ball,2,1,2023,2023-07
2023-07-30,2023,R,448179,607208,CU,Curveball,,ball,R,L,PIT,PHI,71.20,,,,,,1,1,2023,2023-07
2023-07-30,2023,R,448179,607208,CU,Curveball,,ball,R,L,PIT,PHI,71.60,,,,,,0,1,2023,2023-07
2023-07-30,2023,R,448179,607208,FC,Cutter,,called_strike,R,L,PIT,PHI,83.30,,,,,,0,0,2023,2023-07
2023-07-30,2023,R,448179,607208,CU,Curveball,strikeout,called_strike,R,L,PIT,PHI,72.40,,,,,,2,2,2023,2023-07
2023-07-30,2023,R,448179,607208,FF,4-Seam Fastball,,ball,R,L,PIT,PHI,88.90,,,,,,1,2,2023,2023-07
2023-07-30,2023,R,448179,607208,CU,Curveball,,called_strike,R,L,PIT,PHI,71.90,,,,,,1,1,2023,2023-07
2023-07-30,2023,R,448179,607208,CH,Changeup,,ball,R,L,PIT,PHI,80.00,,,,,,0,1,2023,2023-07
2023-07-30,2023,R,448179,607208,FF,4-Seam Fastball,,called_strike,R,L,PIT,PHI,87.20,,,,,,0,0,2023,2023-07
2023-07-30,2023,R,448179,624641,FF,4-Seam Fastball,single,hit_into_play,R,L,PIT,PHI,87.40,81.70,20,136.99,101.82,line_drive,1,2,2023,2023-07
2023-07-30,2023,R,448179,624641,CU,Curveball,,foul,R,L,PIT,PHI,72.60,77.00,-37,,,,1,2,2023,2023-07
2023-07-30,2023,R,448179,624641,CU,Curveball,,foul,R,L,PIT,PHI,72.30,86.50,-25,,,,1,1,2023,2023-07
2023-07-30,2023,R,448179,624641,FC,Cutter,,swinging_strike,R,L,PIT,PHI,84.80,,,,,,1,0,2023,2023-07
2023-07-30,2023,R,448179,624641,CU,Curveball,,ball,R,L,PIT,PHI,71.20,,,,,,0,0,2023,2023-07
2023-07-30,2023,R,448179,624641,FF,4-Seam Fastball,strikeout,swinging_strike,R,L,PIT,PHI,89.10,,,,,,0,2,2023,2023-07
2023-07-30,2023,R,448179,624641,FC,Cutter,,foul,R,L,PIT,PHI,82.90,57.10,-28,,,,0,1,2023,2023-07
2023-07-30,2023,R,448179,624641,CU,Curveball,,called_strike,R,L,PIT,PHI,71.60,,,,,,0,0,2023,2023-07
2023-07-30,2023,R,448179,656941,ST,Sweeper,strikeout,called_strike,L,L,PIT,PHI,70.50,,,,,,0,2,2023,2023-07
2023-07-30,2023,R,448179,656941,CU,Curveball,,foul,L,L,PIT,PHI,71.40,108.20,16,,,,0,1,2023,2023-07
2023-07-30,2023,R,448179,656941,ST,Sweeper,,called_strike,L,L,PIT,PHI,69.80,,,,,,0,0,2023,2023-07
2023-07-30,2023,R,448179,656941,CU,Curveball,strikeout,foul_tip,L,L,PIT,PHI,71.60,,,,,,2,2,2023,2023-07
2023-07-30,2023,R,448179,656941,SI,Sinker,,ball,L,L,PIT,PHI,85.10,,,,,,1,2,2023,2023-07
2023-07-30,2023,R,448179,656941,CU,Curveball,,foul,L,L,PIT,PHI,69.70,55.00,-60,,,,1,1,2023,2023-07
2023-07-30,2023,R,448179,656941,CH,Changeup,,foul,L,L,PIT,PHI,83.60,67.70,29,,,,1,0,2023,2023-07
2023-07-30,2023,R,448179,656941,CU,Curveball,,ball,L,L,PIT,PHI,69.90,,,,,,0,0,2023,2023-07
2023-07-30,2023,R,448179,656941,CU,Curveball,strikeout,called_strike,L,L,PIT,PHI,71.60,,,,,,2,2,2023,2023-07
2023-07-30,2023,R,448179,656941,SI,Sinker,,ball,L,L,PIT,PHI,86.40,,,,,,1,2,2023,2023-07
2023-07-30,2023,R,448179,656941,ST,Sweeper,,ball,L,L,PIT,PHI,71.30,,,,,,0,2,2023,2023-07
2023-07-30,2023,R,448179,656941,CU,Curveball,,swinging_strike,L,L,PIT,PHI,71.30,,,,,,0,1,2023,2023-07
2023-07-30,2023,R,448179,656941,SI,Sinker,,called_strike,L,L,PIT,PHI,86.10,,,,,,0,0,2023,2023-07
2023-07-30,2023,R,448179,664761,FF,4-Seam Fastball,strikeout,called_strike,R,L,PIT,PHI,89.60,,,,,,1,2,2023,2023-07
2023-07-30,2023,R,448179,664761,FF,4-Seam Fastball,,ball,R,L,PIT,PHI,89.70,,,,,,0,2,2023,2023-07
2023-07-30,2023,R,448179,664761,FC,Cutter,,foul,R,L,PIT,PHI,84.80,86.60,31,,,,0,1,2023,2023-07
2023-07-30,2023,R,448179,664761,CU,Curveball,,foul,R,L,PIT,PHI,74.00,70.90,-25,,,,0,0,2023,2023-07
2023-07-30,2023,R,448179,664761,CH,Changeup,home_run,hit_into_play,R,L,PIT,PHI,81.40,103.00,30,188.02,51.24,fly_ball,0,0,2023,2023-07
2023-07-30,2023,R,448179,664761,FC,Cutter,grounded_into_double_play,hit_into_play,R,L,PIT,PHI,85.20,92.90,-1,107.05,166.40,ground_ball,2,1,2023,2023-07
2023-07-30,2023,R,448179,664761,CU,Curveball,,called_strike,R,L,PIT,PHI,73.20,,,,,,2,0,2023,2023-07
2023-07-30,2023,R,448179,664761,FF,4-Seam Fastball,,ball,R,L,PIT,PHI,89.20,,,,,,1,0,2023,2023-07
2023-07-30,2023,R,448179,664761,FC,Cutter,,ball,R,L,PIT,PHI,86.00,,,,,,0,0,2023,2023-07
2023-07-30,2023,R,448179,679032,CU,Curveball,field_out,hit_into_play,R,L,PIT,PHI,72.80,77.40,26,65.01,109.61,line_drive,0,1,2023,2023-07
2023-07-30,2023,R,448179,679032,FC,Cutter,,called_strike,R,L,PIT,PHI,85.70,,,,,,0,0,2023,2023-07
2023-07-30,2023,R,448179,679032,FF,4-Seam Fastball,single,hit_into_play,R,L,PIT,PHI,86.10,33.50,-68,121.93,196.77,ground_ball,0,0,2023,2023-07
2023-07-30,2023,R,453268,643393,FF,4-Seam Fastball,walk,ball,L,R,COL,ATH,94.60,,,,,,3,2,2023,2023-07
2023-07-30,2023,R,453268,643393,FF,4-Seam Fastball,,ball,L,R,COL,ATH,94.90,,,,,,2,2,2023,2023-07
2023-07-30,2023,R,453268,643393,SL,Slider,,ball,L,R,COL,ATH,89.90,,,,,,1,2,2023,2023-07
2023-07-30,2023,R,453268,643393,SL,Slider,,called_strike,L,R,COL,ATH,87.40,,,,,,1,1,2023,2023-07
2023-07-30,2023,R,453268,643393,SI,Sinker,,called_strike,L,R,COL,ATH,95.70,,,,,,1,0,2023,2023-07
2023-07-30,2023,R,453268,643393,SI,Sinker,,ball,L,R,COL,ATH,95.90,,,,,,0,0,2023,2023-07
2023-07-30,2023,R,453268,664913,SL,Slider,truncated_pa,ball,L,R,COL,ATH,89.40,,,,,,0,0,2023,2023-07
2023-07-30,2023,R,453268,667670,SL,Slider,field_out,hit_into_play,R,R,COL,ATH,88.30,104.10,36,73.81,41.76,fly_ball,0,0,2023,2023-07
2023-07-30,2023,R,453268,680869,FF,4-Seam Fastball,strikeout,called_strike,R,R,COL,ATH,95.80,,,,,,1,2,2023,2023-07
2023-07-30,2023,R,453268,680869,SL,Slider,,swinging_strike,R,R,COL,ATH,89.10,,,,,,1,1,2023,2023-07
2023-07-30,2023,R,453268,680869,SL,Slider,,ball,R,R,COL,ATH,86.20,,,,,,0,1,2023,2023-07
2023-07-30,2023,R,453268,680869,SL,Slider,,swinging_strike,R,R,COL,ATH,87.80,,,,,,0,0,2023,2023-07
2023-07-30,2023,R,455119,605204,SI,Sinker,force_out,hit_into_play,R,R,SF,BOS,95.10,61.70,-23,115.43,171.09,ground_ball,0,0,2023,2023-07
2023-07-30,2023,R,455119,624424,,,intent_walk,automatic_ball,L,R,SF,BOS,,,,,,,3,0,2023,2023-07
2023-07-30,2023,R,455119,624424,,,,automatic_ball,L,R,SF,BOS,,,,,,,2,0,2023,2023-07
2023-07-30,2023,R,455119,624424,,,,automatic_ball,L,R,SF,BOS,,,,,,,1,0,2023,2023-07
2023-07-30,2023,R,455119,624424,,,,automatic_ball,L,R,SF,BOS,,,,,,,0,0,2023,2023-07
2023-07-30,2023,R,455119,664774,,,intent_walk,automatic_ball,L,R,SF,BOS,,,,,,,3,0,2023,2023-07
2023-07-30,2023,R,455119,664774,,,,automatic_ball,L,R,SF,BOS,,,,,,,2,0,2023,2023-07
2023-07-30,2023,R,455119,664774,,,,automatic_ball,L,R,SF,BOS,,,,,,,1,0,2023,2023-07
2023-07-30,2023,R,455119,664774,,,,automatic_ball,L,R,SF,BOS,,,,,,,0,0,2023,2023-07
2023-07-30,2023,R,455119,672275,FS,Split-Finger,field_out,hit_into_play,L,R,SF,BOS,88.30,75.00,32,144.67,95.14,fly_ball,1,1,2023,2023-07
2023-07-30,2023,R,455119,672275,FC,Cutter,,foul,L,R,SF,BOS,94.00,35.90,-63,,,,1,0,2023,2023-07
2023-07-30,2023,R,455119,672275,FF,4-Seam Fastball,,ball,L,R,SF,BOS,95.90,,,,,,0,0,2023,2023-07
2023-07-30,2023,R,455119,682641,SI,Sinker,force_out,hit_into_play,R,R,SF,BOS,95.80,98.20,-39,108.62,170.73,ground_ball,2,2,2023,2023-07
2023-07-30,2023,R,455119,682641,FC,Cutter,,ball,R,R,SF,BOS,93.90,,,,,,1,2,2023,2023-07
2023-07-30,2023,R,455119,682641,FF,4-Seam Fastball,,ball,R,R,SF,BOS,96.30,,,,,,0,2,2023,2023-07
2023-07-30,2023,R,455119,682641,FC,Cutter,,called_strike,R,R,SF,BOS,92.90,,,,,,0,1,2023,2023-07
2023-07-30,2023,R,455119,682641,SI,Sinker,,foul,R,R,SF,BOS,96.10,61.90,25,,,,0,0,2023,2023-07
2023-07-30,2023,R,489446,592885,FF,4-Seam Fastball,field_out,hit_into_play,L,R,ATL,MIL,93.30,96.50,-5,109.03,156.92,ground_ball,1,0,2023,2023-07
2023-07-30,2023,R,489446,592885,FF,4-Seam Fastball,,ball,L,R,ATL,MIL,93.30,,,,,,0,0,2023,2023-07
2023-07-30,2023,R,489446,663368,FF,4-Seam Fastball,strikeout,swinging_strike,L,R,ATL,MIL,93.40,,,,,,0,2,2023,2023-07
2023-07-30,2023,R,489446,663368,FF,4-Seam Fastball,,foul,L,R,ATL,MIL,93.10,53.40,61,,,,0,1,2023,2023-07
2023-07-30,2023,R,489446,663368,FS,Split-Finger,,called_strike,L,R,ATL,MIL,85.30,,,,,,0,0,2023,2023-07
2023-07-30,2023,R,489446,668930,FS,Split-Finger,field_out,hit_into_play,L,R,ATL,MIL,84.70,89.50,35,162.65,67.76,fly_ball,1,1,2023,2023-07
2023-07-30,2023,R,489446,668930,FF,4-Seam Fastball,,called_strike,L,R,ATL,MIL,92.60,,,,,,1,0,2023,2023-07
2023-07-30,2023,R,489446,668930,FF,4-Seam Fastball,,ball,L,R,ATL,MIL,92.30,,,,,,0,0,2023,2023-07
2023-07-30,2023,R,493603,608841,SI,Sinker,strikeout,called_strike,R,R,NYM,WSH,93.10,,,,,,2,2,2023,2023-07
2023-07-30,2023,R,493603,608841,ST,Sweeper,,swinging_strike,R,R,NYM,WSH,78.30,,,,,,2,1,2023,2023-07
2023-07-30,2023,R,493603,608841,ST,Sweeper,,ball,R,R,NYM,WSH,79.00,,,,,,1,1,2023,2023-07
2023-07-30,2023,R,493603,608841,SI,Sinker,,ball,R,R,NYM,WSH,91.70,,,,,,0,1,2023,2023-07
2023-07-30,2023,R,493603,608841,SI,Sinker,,called_strike,R,R,NYM,WSH,91.40,,,,,,0,0,2023,2023-07
2023-07-30,2023,R,493603,660688,SI,Sinker,field_out,hit_into_play,L,R,NYM,WSH,92.60,89.90,-6,142.13,148.35,ground_ball,0,2,2023,2023-07
2023-07-30,2023,R,493603,660688,ST,Sweeper,,foul,L,R,NYM,WSH,81.20,97.90,26,,,,0,2,2023,2023-07
2023-07-30,2023,R,493603,660688,CH,Changeup,,called_strike,L,R,NYM,WSH,87.60,,,,,,0,1,2023,2023-07
2023-07-30,2023,R,493603,660688,FC,Cutter,,called_strike,L,R,NYM,WSH,87.20,,,,,,0,0,2023,2023-07
2023-07-30,2023,R,500743,458015,EP,Eephus,double,hit_into_play,L,R,LAD,CIN,49.40,97.20,29,96.31,62.87,fly_ball,3,1,2023,2023-07
2023-07-30,2023,R,500743,458015,FA,Other,,ball,L,R,LAD,CIN,72.40,,,,,,2,1,2023,2023-07
2023-07-30,2023,R,500743,458015,EP,Eephus,,ball,L,R,LAD,CIN,42.30,,,,,,1,1,2023,2023-07
2023-07-30,2023,R,500743,458015,FA,Other,,ball,L,R,LAD,CIN,76.30,,,,,,0,1,2023,2023-07
2023-07-30,2023,R,500743,458015,EP,Eephus,,called_strike,L,R,LAD,CIN,42.80,,,,,,0,0,2023,2023-07
2023-07-30,2023,R,500743,621028,FA,Other,double,hit_into_play,R,R,LAD,CIN,59.90,97.70,18,87.97,66.07,line_drive,0,0,2023,2023-07
2023-07-30,2023,R,500743,656413,EP,Eephus,field_out,hit_into_play,R,R,LAD,CIN,47.30,80.20,40,179.09,107.26,fly_ball,0,0,2023,2023-07
2023-07-30,2023,R,500743,663886,EP,Eephus,force_out,hit_into_play,R,R,LAD,CIN,51.80,80.40,-8,101.86,167.70,ground_ball,0,0,2023,2023-07
2023-07-30,2023,R,500743,668715,EP,Eephus,field_out,hit_into_play,R,R,LAD,CIN,53.20,47.60,-43,139.23,179.98,ground_ball,1,0,2023,2023-07
2023-07-30,2023,R,500743,668715,FA,Other,,ball,R,R,LAD,CIN,73.30,,,,,,0,0,2023,2023-07
2023-07-30,2023,R,500743,687952,EP,Eephus,hit_by_pitch,hit_by_pitch,R,R,LAD,CIN,56.10,,,,,,1,1,2023,2023-07
2023-07-30,2023,R,500743,687952,EP,Eephus,,foul,R,R,LAD,CIN,48.00,50.20,45,,,,1,0,2023,2023-07
2023-07-30,2023,R,500743,687952,FA,Other,,ball,R,R,LAD,CIN,75.90,,,,,,0,0,2023,2023-07
2023-07-30,2023,R,502085,595879,KC,Knuckle Curve,field_out,hit_into_play,R,R,MIA,DET,82.60,94.40,-14,107.33,142.52,ground_ball,0,2,2023,2023-07
2023-07-30,2023,R,502085,595879,SL,Slider,,foul,R,R,MIA,DET,86.80,58.40,-82,,,,0,1,2023,2023-07
2023-07-30,2023,R,502085,595879,FC,Cutter,,called_strike,R,R,MIA,DET,93.70,,,,,,0,0,2023,2023-07
2023-07-30,2023,R,502085,668670,FC,Cutter,field_out,hit_into_play,R,R,MIA,DET,91.60,87.20,75,156.01,191.11,popup,3,1,2023,2023-07
2023-07-30,2023,R,502085,668670,FC,Cutter,,ball,R,R,MIA,DET,92.40,,,,,,2,1,2023,2023-07
2023-07-30,2023,R,502085,668670,SL,Slider,,ball,R,R,MIA,DET,86.60,,,,,,1,1,2023,2023-07
2023-07-30,2023,R,502085,668670,FC,Cutter,,called_strike,R,R,MIA,DET,92.80,,,,,,1,0,2023,2023-07
2023-07-30,2023,R,502085,668670,KC,Knuckle Curve,,ball,R,R,MIA,DET,79.00,,,,,,0,0,2023,2023-07
2023-07-30,2023,R,502085,668731,KC,Knuckle Curve,strikeout,swinging_strike_blocked,L,R,MIA,DET,80.60,,,,,,1,2,2023,2023-07
2023-07-30,2023,R,502085,668731,KC,Knuckle Curve,,ball,L,R,MIA,DET,84.40,,,,,,0,2,2023,2023-07
2023-07-30,2023,R,502085,668731,KC,Knuckle Curve,,called_strike,L,R,MIA,DET,79.90,,,,,,0,1,2023,2023-07
2023-07-30,2023,R,502085,668731,KC,Knuckle Curve,,swinging_strike,L,R,MIA,DET,81.10,,,,,,0,0,2023,2023-07
2023-07-30,2023,R,518397,457759,SI,Sinker,field_out,hit_into_play,R,L,SF,BOS,92.20,100.00,39,81.96,59.31,fly_ball,0,0,2023,2023-07
2023-07-30,2023,R,518397,594807,SI,Sinker,field_out,hit_into_play,R,L,SF,BOS,91.60,92.80,20,103.30,76.84,line_drive,1,1,2023,2023-07
2023-07-30,2023,R,518397,594807,SI,Sinker,,ball,R,L,SF,BOS,92.10,,,,,,0,1,2023,2023-07
2023-07-30,2023,R,518397,594807,SI,Sinker,,called_strike,R,L,SF,BOS,91.90,,,,,,0,0,2023,2023-07
2023-07-30,2023,R,518397,608701,SI,Sinker,field_out,hit_into_play,R,L,SF,BOS,90.50,92.40,-29,91.00,164.23,ground_ball,0,2,2023,2023-07
2023-07-30,2023,R,518397,608701,SL,Slider,,swinging_strike,R,L,SF,BOS,80.90,,,,,,0,1,2023,2023-07
2023-07-30,2023,R,518397,608701,SI,Sinker,,called_strike,R,L,SF,BOS,89.90,,,,,,0,0,2023,2023-07
2023-07-30,2023,R,518397,646240,SI,Sinker,field_out,hit_into_play,L,L,SF,BOS,91.60,92.20,-48,144.16,168.70,ground_ball,2,2,2023,2023-07
2023-07-30,2023,R,518397,646240,SI,Sinker,,ball,L,L,SF,BOS,92.20,,,,,,1,2,2023,2023-07
2023-07-30,2023,R,518397,646240,SL,Slider,,foul,L,L,SF,BOS,81.80,66.60,46,,,,1,2,2023,2023-07
2023-07-30,2023,R,518397,646240,SL,Slider,,ball,L,L,SF,BOS,81.80,,,,,,0,2,2023,2023-07
2023-07-30,2023,R,518397,646240,SL,Slider,,swinging_strike,L,L,SF,BOS,82.50,,,,,,0,1,2023,2023-07
2023-07-30,2023,R,518397,646240,SI,Sinker,,called_strike,L,L,SF,BOS,91.30,,,,,,0,0,2023,2023-07
2023-07-30,2023,R,518397,807799,SL,Slider,strikeout,swinging_strike,L,L,SF,BOS,80.50,,,,,,0,2,2023,2023-07
2023-07-30,2023,R,518397,807799,SI,Sinker,,swinging_strike,L,L,SF,BOS,91.80,,,,,,0,1,2023,2023-07
2023-07-30,2023,R,518397,807799,SI,Sinker,,called_strike,L,L,SF,BOS,92.40,,,,,,0,0,2023,2023-07
2023-07-30,2023,R,518489,458015,SL,Slider,strikeout,swinging_strike,L,R,LAD,CIN,85.40,,,,,,1,2,2023,2023-07
2023-07-30,2023,R,518489,458015,SL,Slider,,foul,L,R,LAD,CIN,86.90,,,,,,1,2,2023,2023-07
2023-07-30,2023,R,518489,458015,SL,Slider,,swinging_strike,L,R,LAD,CIN,85.40,,,,,,1,1,2023,2023-07
2023-07-30,2023,R,518489,458015,SL,Slider,,ball,L,R,LAD,CIN,86.10,,,,,,0,1,2023,2023-07
2023-07-30,2023,R,518489,458015,FC,Cutter,,foul,L,R,LAD,CIN,91.90,33.60,17,,,,0,0,2023,2023-07
2023-07-30,2023,R,518489,641584,SL,Slider,double,hit_into_play,L,R,LAD,CIN,86.50,98.90,22,214.99,93.00,line_drive,0,2,2023,2023-07
2023-07-30,2023,R,518489,641584,SL,Slider,,foul,L,R,LAD,CIN,88.20,73.00,-5,,,,0,2,2023,2023-07
2023-07-30,2023,R,518489,641584,FC,Cutter,,foul,L,R,LAD,CIN,92.40,70.70,-8,,,,0,1,2023,2023-07
2023-07-30,2023,R,518489,641584,FC,Cutter,,called_strike,L,R,LAD,CIN,92.40,,,,,,0,0,2023,2023-07
2023-07-30,2023,R,518489,668715,SI,Sinker,field_out,hit_into_play,R,R,LAD,CIN,97.00,38.90,-35,123.95,174.42,ground_ball,1,0,2023,2023-07
2023-07-30,2023,R,518489,668715,SI,Sinker,,ball,R,R,LAD,CIN,96.90,,,,,,0,0,2023,2023-07
2023-07-30,2023,R,518489,687952,FF,4-Seam Fastball,field_out,hit_into_play,R,R,LAD,CIN,96.60,46.60,40,144.48,157.20,popup,1,2,2023,2023-07
2023-07-30,2023,R,518489,687952,FF,4-Seam Fastball,,ball,R,R,LAD,CIN,97.00,,,,,,0,2,2023,2023-07
2023-07-30,2023,R,518489,687952,FC,Cutter,,foul,R,R,LAD,CIN,92.90,,,,,,0,1,2023,2023-07
2023-07-30,2023,R,518489,687952,SI,Sinker,,called_strike,R,R,LAD,CIN,96.60,,,,,,0,0,2023,2023-07
2023-07-30,2023,R,518876,543939,FF,4-Seam Fastball,field_out,hit_into_play,L,R,AZ,SEA,90.40,86.40,-25,156.70,154.67,ground_ball,1,0,2023,2023-07
2023-07-30,2023,R,518876,543939,CH,Changeup,,ball,L,R,AZ,SEA,87.20,,,,,,0,0,2023,2023-07
2023-07-30,2023,R,518876,543939,FF,4-Seam Fastball,field_out,hit_into_play,L,R,AZ,SEA,88.80,92.00,77,128.25,189.36,popup,0,0,2023,2023-07
2023-07-30,2023,R,518876,553993,CH,Changeup,strikeout,swinging_strike,R,R,AZ,SEA,87.70,,,,,,1,2,2023,2023-07
2023-07-30,2023,R,518876,553993,CU,Curveball,,ball,R,R,AZ,SEA,82.30,,,,,,0,2,2023,2023-07
2023-07-30,2023,R,518876,553993,FC,Cutter,,called_strike,R,R,AZ,SEA,90.20,,,,,,0,1,2023,2023-07
2023-07-30,2023,R,518876,553993,FF,4-Seam Fastball,,foul,R,R,AZ,SEA,91.10,91.00,45,,,,0,0,2023,2023-07
2023-07-30,2023,R,518876,553993,FF,4-Seam Fastball,single,hit_into_play,R,R,AZ,SEA,90.70,76.30,21,101.42,121.14,line_drive,0,0,2023,2023-07
2023-07-30,2023,R,518876,553993,CH,Changeup,strikeout,swinging_strike,R,R,AZ,SEA,88.90,,,,,,1,2,2023,2023-07
2023-07-30,2023,R,518876,553993,CU,Curveball,,foul,R,R,AZ,SEA,82.50,78.90,71,,,,1,1,2023,2023-07
2023-07-30,2023,R,518876,553993,SI,Sinker,,foul,R,R,AZ,SEA,92.70,,,,,,1,0,2023,2023-07
2023-07-30,2023,R,518876,553993,FF,4-Seam Fastball,,ball,R,R,AZ,SEA,92.10,,,,,,0,0,2023,2023-07
2023-07-30,2023,R,518876,606192,FC,Cutter,field_out,hit_into_play,R,R,AZ,SEA,88.90,110.70,16,138.64,62.44,line_drive,0,0,2023,2023-07
2023-07-30,2023,R,518876,606192,FF,4-Seam Fastball,strikeout,swinging_strike,R,R,AZ,SEA,91.30,,,,,,0,2,2023,2023-07
2023-07-30,2023,R,518876,606192,CH,Changeup,,swinging_strike,R,R,AZ,SEA,86.10,,,,,,0,1,2023,2023-07
2023-07-30,2023,R,518876,606192,CH,Changeup,,foul,R,R,AZ,SEA,88.30,89.70,4,,,,0,0,2023,2023-07
2023-07-30,2023,R,518876,606192,FC,Cutter,single,hit_into_play,R,R,AZ,SEA,92.50,88.50,13,176.50,125.02,line_drive,0,2,2023,2023-07
2023-07-30,2023,R,518876,606192,FC,Cutter,,swinging_strike,R,R,AZ,SEA,91.90,,,,,,0,1,2023,2023-07
2023-07-30,2023,R,518876,606192,FC,Cutter,,swinging_strike,R,R,AZ,SEA,92.10,,,,,,0,0,2023,2023-07
2023-07-30,2023,R,518876,641487,SI,Sinker,strikeout,called_strike,L,R,AZ,SEA,90.90,,,,,,2,2,2023,2023-07
2023-07-30,2023,R,518876,641487,CH,Changeup,,foul,L,R,AZ,SEA,89.00,77.30,69,,,,2,1,2023,2023-07
2023-07-30,2023,R,518876,641487,CH,Changeup,,ball,L,R,AZ,SEA,85.40,,,,,,1,1,2023,2023-07
2023-07-30,2023,R,518876,641487,CH,Changeup,,called_strike,L,R,AZ,SEA,85.10,,,,,,1,0,2023,2023-07
2023-07-30,2023,R,518876,641487,FC,Cutter,,ball,L,R,AZ,SEA,87.40,,,,,,0,0,2023,2023-07
2023-07-30,2023,R,518876,641487,FF,4-Seam Fastball,home_run,hit_into_play,L,R,AZ,SEA,89.80,99.40,30,237.41,86.40,fly_ball,3,1,2023,2023-07
2023-07-30,2023,R,518876,641487,CH,Changeup,,ball,L,R,AZ,SEA,86.50,,,,,,2,1,2023,2023-07
2023-07-30,2023,R,518876,641487,FC,Cutter,,ball,L,R,AZ,SEA,88.40,,,,,,1,1,2023,2023-07
2023-07-30,2023,R,518876,641487,CU,Curveball,,ball,L,R,AZ,SEA,79.90,,,,,,0,1,2023,2023-07
2023-07-30,2023,R,518876,641487,CH,Changeup,,called_strike,L,R,AZ,SEA,90.20,,,,,,0,0,2023,2023-07
2023-07-30,2023,R,518876,641487,FF,4-Seam Fastball,walk,ball,L,R,AZ,SEA,93.00,,,,,,3,2,2023,2023-07
2023-07-30,2023,R,518876,641487,FF,4-Seam Fastball,,foul,L,R,AZ,SEA,93.10,73.30,24,,,,3,2,2023,2023-07
2023-07-30,2023,R,518876,641487,CH,Changeup,,ball,L,R,AZ,SEA,89.30,,,,,,2,2,2023,2023-07
2023-07-30,2023,R,518876,641487,SI,Sinker,,ball,L,R,AZ,SEA,93.30,,,,,,1,2,2023,2023-07
2023-07-30,2023,R,518876,641487,FC,Cutter,,called_strike,L,R,AZ,SEA,91.10,,,,,,1,1,2023,2023-07
2023-07-30,2023,R,518876,641487,SI,Sinker,,foul_tip,L,R,AZ,SEA,91.60,,,,,,1,0,2023,2023-07
2023-07-30,2023,R,518876,641487,SI,Sinker,,ball,L,R,AZ,SEA,92.30,,,,,,0,0,2023,2023-07
2023-07-30,2023,R,518876,645801,FC,Cutter,strikeout,called_strike,L,R,AZ,SEA,90.20,,,,,,1,2,2023,2023-07
2023-07-30,2023,R,518876,645801,SI,Sinker,,ball,L,R,AZ,SEA,90.80,,,,,,0,2,2023,2023-07
2023-07-30,2023,R,518876,645801,CU,Curveball,,foul,L,R,AZ,SEA,81.10,75.90,-16,,,,0,2,2023,2023-07
2023-07-30,2023,R,518876,645801,FF,4-Seam Fastball,,foul,L,R,AZ,SEA,90.60,74.40,-32,,,,0,2,2023,2023-07
2023-07-30,2023,R,518876,645801,CU,Curveball,,called_strike,L,R,AZ,SEA,81.30,,,,,,0,1,2023,2023-07
2023-07-30,2023,R,518876,645801,FF,4-Seam Fastball,,called_strike,L,R,AZ,SEA,90.00,,,,,,0,0,2023,2023-07
2023-07-30,2023,R,518876,645801,CH,Changeup,single,hit_into_play,L,R,AZ,SEA,87.30,103.40,15,204.98,109.27,line_drive,1,0,2023,2023-07
2023-07-30,2023,R,518876,645801,CU,Curveball,,ball,L,R,AZ,SEA,79.40,,,,,,0,0,2023,2023-07
2023-07-30,2023,R,518876,645801,FF,4-Seam Fastball,walk,ball,L,R,AZ,SEA,92.20,,,,,,3,0,2023,2023-07
2023-07-30,2023,R,518876,645801,FC,Cutter,,ball,L,R,AZ,SEA,92.40,,,,,,2,0,2023,2023-07
2023-07-30,2023,R,518876,645801,CH,Changeup,,ball,L,R,AZ,SEA,89.30,,,,,,1,0,2023,2023-07
2023-07-30,2023,R,518876,645801,CH,Changeup,,blocked_ball,L,R,AZ,SEA,89.00,,,,,,0,0,2023,2023-07
2023-07-30,2023,R,518876,663728,FF,4-Seam Fastball,strikeout,swinging_strike,L,R,AZ,SEA,90.40,,,,,,0,2,2023,2023-07
2023-07-30,2023,R,518876,663728,CH,Changeup,,foul,L,R,AZ,SEA,85.30,,,,,,0,1,2023,2023-07
2023-07-30,2023,R,518876,663728,CU,Curveball,,called_strike,L,R,AZ,SEA,78.70,,,,,,0,0,2023,2023-07
2023-07-30,2023,R,518876,663728,FF,4-Seam Fastball,field_out,hit_into_play,L,R,AZ,SEA,90.20,99.20,72,140.95,175.08,popup,3,0,2023,2023-07
2023-07-30,2023,R,518876,663728,CH,Changeup,,ball,L,R,AZ,SEA,87.40,,,,,,2,0,2023,2023-07
2023-07-30,2023,R,518876,663728,FF,4-Seam Fastball,,ball,L,R,AZ,SEA,90.40,,,,,,1,0,2023,2023-07
2023-07-30,2023,R,518876,663728,CH,Changeup,,blocked_ball,L,R,AZ,SEA,87.70,,,,,,0,0,2023,2023-07
2023-07-30,2023,R,518876,663728,CH,Changeup,field_out,hit_into_play,L,R,AZ,SEA,89.00,83.10,56,88.13,124.64,fly_ball,2,2,2023,2023-07
2023-07-30,2023,R,518876,663728,CH,Changeup,,foul,L,R,AZ,SEA,89.00,69.70,-61,,,,2,2,2023,2023-07
2023-07-30,2023,R,518876,663728,FF,4-Seam Fastball,,ball,L,R,AZ,SEA,92.60,,,,,,1,2,2023,2023-07
2023-07-30,2023,R,518876,663728,FF,4-Seam Fastball,,foul,L,R,AZ,SEA,91.50,75.60,68,,,,1,2,2023,2023-07
2023-07-30,2023,R,518876,663728,SI,Sinker,,called_strike,L,R,AZ,SEA,93.20,,,,,,1,1,2023,2023-07
2023-07-30,2023,R,518876,663728,CH,Changeup,,called_strike,L,R,AZ,SEA,88.70,,,,,,1,0,2023,2023-07
2023-07-30,2023,R,518876,663728,FF,4-Seam Fastball,,ball,L,R,AZ,SEA,91.20,,,,,,0,0,2023,2023-07
2023-07-30,2023,R,518876,664034,CH,Changeup,single,hit_into_play,R,R,AZ,SEA,87.60,80.70,20,79.87,122.36,line_drive,1,1,2023,2023-07
2023-07-30,2023,R,518876,664034,CU,Curveball,,called_strike,R,R,AZ,SEA,81.60,,,,,,1,0,2023,2023-07
2023-07-30,2023,R,518876,664034,FC,Cutter,,ball,R,R,AZ,SEA,90.10,,,,,,0,0,2023,2023-07
2023-07-30,2023,R,518876,664034,SI,Sinker,single,hit_into_play,R,R,AZ,SEA,93.40,101.70,-9,78.96,115.39,ground_ball,1,1,2023,2023-07
2023-07-30,2023,R,518876,664034,FF,4-Seam Fastball,,ball,R,R,AZ,SEA,92.40,,,,,,0,1,2023,2023-07
2023-07-30,2023,R,518876,664034,SI,Sinker,,called_strike,R,R,AZ,SEA,93.10,,,,,,0,0,2023,2023-07
2023-07-30,2023,R,518876,677594,SL,Slider,field_out,hit_into_play,R,R,AZ,SEA,85.80,84.40,-15,101.83,168.45,ground_ball,1,2,2023,2023-07
2023-07-30,2023,R,518876,677594,CH,Changeup,,foul,R,R,AZ,SEA,86.90,75.40,-21,,,,1,1,2023,2023-07
2023-07-30,2023,R,518876,677594,FF,4-Seam Fastball,,ball,R,R,AZ,SEA,89.80,,,,,,0,1,2023,2023-07
2023-07-30,2023,R,518876,677594,FF,4-Seam Fastball,,foul,R,R,AZ,SEA,91.00,71.00,27,,,,0,0,2023,2023-07
2023-07-30,2023,R,518876,677594,FF,4-Seam Fastball,field_out,hit_into_play,R,R,AZ,SEA,91.90,66.90,45,170.03,138.67,fly_ball,1,1,2023,2023-07
2023-07-30,2023,R,518876,677594,FF,4-Seam Fastball,,swinging_strike,R,R,AZ,SEA,91.30,,,,,,1,0,2023,2023-07
2023-07-30,2023,R,518876,677594,FF,4-Seam Fastball,,ball,R,R,AZ,SEA,91.90,,,,,,0,0,2023,2023-07
2023-07-30,2023,R,518876,677594,SI,Sinker,single,hit_into_play,R,R,AZ,SEA,92.90,97.40,2,79.98,107.23,ground_ball,0,1,2023,2023-07
2023-07-30,2023,R,518876,677594,FF,4-Seam Fastball,,swinging_strike,R,R,AZ,SEA,92.20,,,,,,0,0,2023,2023-07
2023-07-30,2023,R,518876,687799,FC,Cutter,field_out,hit_into_play,L,R,AZ,SEA,89.60,90.80,29,186.68,99.58,fly_ball,0,1,2023,2023-07
2023-07-30,2023,R,518876,687799,FC,Cutter,,foul,L,R,AZ,SEA,89.60,62.60,-27,,,,0,0,2023,2023-07
2023-07-30,2023,R,518876,687799,CH,Changeup,field_out,hit_into_play,L,R,AZ,SEA,88.70,96.80,1,158.74,166.92,ground_ball,3,2,2023,2023-07
2023-07-30,2023,R,518876,687799,FC,Cutter,,foul,L,R,AZ,SEA,91.80,75.70,39,,,,3,2,2023,2023-07
2023-07-30,2023,R,518876,687799,FF,4-Seam Fastball,,foul,L,R,AZ,SEA,93.40,75.10,-16,,,,3,2,2023,2023-07
2023-07-30,2023,R,518876,687799,SI,Sinker,,ball,L,R,AZ,SEA,93.60,,,,,,2,2,2023,2023-07
2023-07-30,2023,R,518876,687799,CH,Changeup,,foul,L,R,AZ,SEA,89.50,83.00,37,,,,2,2,2023,2023-07
2023-07-30,2023,R,518876,687799,FC,Cutter,,ball,L,R,AZ,SEA,93.10,,,,,,1,2,2023,2023-07
2023-07-30,2023,R,518876,687799,FF,4-Seam Fastball,,foul,L,R,AZ,SEA,91.70,67.20,52,,,,1,2,2023,2023-07
2023-07-30,2023,R,518876,687799,FC,Cutter,,ball,L,R,AZ,SEA,91.50,,,,,,0,2,2023,2023-07
2023-07-30,2023,R,518876,687799,CU,Curveball,,foul,L,R,AZ,SEA,82.40,94.80,-40,,,,0,2,2023,2023-07
2023-07-30,2023,R,518876,687799,CU,Curveball,,called_strike,L,R,AZ,SEA,82.20,,,,,,0,1,2023,2023-07
2023-07-30,2023,R,518876,687799,CU,Curveball,,called_strike,L,R,AZ,SEA,82.50,,,,,,0,0,2023,2023-07
2023-07-30,2023,R,518886,457705,FF,4-Seam Fastball,field_out,hit_into_play,R,R,PIT,PHI,95.50,107.70,17,67.99,93.26,line_drive,2,1,2023,2023-07
2023-07-30,2023,R,518886,457705,KC,Knuckle Curve,,ball,R,R,PIT,PHI,86.50,,,,,,1,1,2023,2023-07
2023-07-30,2023,R,518886,457705,FF,4-Seam Fastball,,foul,R,R,PIT,PHI,96.00,84.20,56,,,,1,0,2023,2023-07
2023-07-30,2023,R,518886,457705,FF,4-Seam Fastball,,ball,R,R,PIT,PHI,96.30,,,,,,0,0,2023,2023-07
2023-07-30,2023,R,518886,656582,FF,4-Seam Fastball,single,hit_into_play,R,R,PIT,PHI,96.30,98.80,16,172.94,81.30,line_drive,2,2,2023,2023-07
2023-07-30,2023,R,518886,656582,KC,Knuckle Curve,,ball,R,R,PIT,PHI,86.60,,,,,,1,2,2023,2023-07
2023-07-30,2023,R,518886,656582,KC,Knuckle Curve,,called_strike,R,R,PIT,PHI,87.10,,,,,,1,1,2023,2023-07
2023-07-30,2023,R,518886,656582,FF,4-Seam Fastball,,ball,R,R,PIT,PHI,95.50,,,,,,0,1,2023,2023-07
2023-07-30,2023,R,518886,656582,FF,4-Seam Fastball,,called_strike,R,R,PIT,PHI,95.60,,,,,,0,0,2023,2023-07
2023-07-30,2023,R,518886,668804,KC,Knuckle Curve,hit_by_pitch,hit_by_pitch,L,R,PIT,PHI,85.70,,,,,,0,0,2023,2023-07
2023-07-30,2023,R,518886,669707,KC,Knuckle Curve,field_out,hit_into_play,R,R,PIT,PHI,86.20,79.80,-7,157.80,168.43,ground_ball,0,0,2023,2023-07
2023-07-30,2023,R,518886,680779,FF,4-Seam Fastball,strikeout,called_strike,R,R,PIT,PHI,95.50,,,,,,1,2,2023,2023-07
2023-07-30,2023,R,518886,680779,KC,Knuckle Curve,,called_strike,R,R,PIT,PHI,86.70,,,,,,1,1,2023,2023-07
2023-07-30,2023,R,518886,680779,KC,Knuckle Curve,,ball,R,R,PIT,PHI,86.20,,,,,,0,1,2023,2023-07
2023-07-30,2023,R,518886,680779,FF,4-Seam Fastball,,foul,R,R,PIT,PHI,95.40,73.00,58,,,,0,0,2023,2023-07
2023-07-30,2023,R,519043,543807,FF,4-Seam Fastball,field_out,hit_into_play,R,L,TOR,LAA,95.60,75.20,46,157.33,112.26,fly_ball,2,0,2023,2023-07
2023-07-30,2023,R,519043,543807,CH,Changeup,,blocked_ball,R,L,TOR,LAA,84.60,,,,,,1,0,2023,2023-07
2023-07-30,2023,R,519043,543807,CH,Changeup,,ball,R,L,TOR,LAA,83.90,,,,,,0,0,2023,2023-07
2023-07-30,2023,R,519043,593160,CH,Changeup,field_out,hit_into_play,R,L,TOR,LAA,84.80,84.60,-28,106.00,167.23,ground_ball,1,0,2023,2023-07
2023-07-30,2023,R,519043,593160,,,,automatic_ball,R,L,TOR,LAA,,,,,,,0,0,2023,2023-07
2023-07-30,2023,R,519043,643376,KC,Knuckle Curve,fielders_choice,hit_into_play,R,L,TOR,LAA,84.30,98.20,-5,95.70,167.83,ground_ball,1,1,2023,2023-07
2023-07-30,2023,R,519043,643376,FF,4-Seam Fastball,,called_strike,R,L,TOR,LAA,95.00,,,,,,1,0,2023,2023-07
2023-07-30,2023,R,519043,643376,KC,Knuckle Curve,,blocked_ball,R,L,TOR,LAA,85.60,,,,,,0,0,2023,2023-07
2023-07-30,2023,R,519043,656305,FF,4-Seam Fastball,field_out,hit_into_play,R,L,TOR,LAA,95.00,99.80,41,124.16,67.48,fly_ball,0,0,2023,2023-07
2023-07-30,2023,R,519043,665489,CH,Changeup,walk,ball,R,L,TOR,LAA,85.00,,,,,,3,2,2023,2023-07
2023-07-30,2023,R,519043,665489,FF,4-Seam Fastball,,foul,R,L,TOR,LAA,94.70,75.70,10,,,,3,1,2023,2023-07
2023-07-30,2023,R,519043,665489,FF,4-Seam Fastball,,ball,R,L,TOR,LAA,95.10,,,,,,2,1,2023,2023-07
2023-07-30,2023,R,519043,665489,FF,4-Seam Fastball,,foul,R,L,TOR,LAA,93.90,67.20,66,,,,2,0,2023,2023-07
2023-07-30,2023,R,519043,665489,FF,4-Seam Fastball,,ball,R,L,TOR,LAA,94.30,,,,,,1,0,2023,2023-07
2023-07-30,2023,R,519043,665489,KC,Knuckle Curve,,ball,R,L,TOR,LAA,83.10,,,,,,0,0,2023,2023-07
2023-07-30,2023,R,519043,666182,CH,Changeup,field_out,hit_into_play,R,L,TOR,LAA,82.50,86.00,50,137.94,107.34,popup,2,2,2023,2023-07
2023-07-30,2023,R,519043,666182,FF,4-Seam Fastball,,foul,R,L,TOR,LAA,95.40,93.00,27,,,,2,2,2023,2023-07
2023-07-30,2023,R,519043,666182,KC,Knuckle Curve,,blocked_ball,R,L,TOR,LAA,86.00,,,,,,1,2,2023,2023-07
2023-07-30,2023,R,519043,666182,FF,4-Seam Fastball,,foul,R,L,TOR,LAA,95.20,85.50,25,,,,1,2,2023,2023-07
2023-07-30,2023,R,519043,666182,FF,4-Seam Fastball,,foul,R,L,TOR,LAA,95.50,85.20,14,,,,1,2,2023,2023-07
2023-07-30,2023,R,519043,666182,CH,Changeup,,foul,R,L,TOR,LAA,83.70,57.70,71,,,,1,1,2023,2023-07
2023-07-30,2023,R,519043,666182,FF,4-Seam Fastball,,foul,R,L,TOR,LAA,94.00,91.90,13,,,,1,0,2023,2023-07
2023-07-30,2023,R,519043,666182,KC,Knuckle Curve,,blocked_ball,R,L,TOR,LAA,84.60,,,,,,0,0,2023,2023-07
2023-07-30,2023,R,519043,669289,FF,4-Seam Fastball,force_out,hit_into_play,R,L,TOR,LAA,94.40,82.00,2,99.94,166.01,ground_ball,1,0,2023,2023-07
2023-07-30,2023,R,519043,669289,KC,Knuckle Curve,,blocked_ball,R,L,TOR,LAA,84.50,,,,,,0,0,2023,2023-07
2023-07-30,2023,R,519043,672386,FF,4-Seam Fastball,walk,ball,R,L,TOR,LAA,94.70,,,,,,3,0,2023,2023-07
2023-07-30,2023,R,519043,672386,CH,Changeup,,ball,R,L,TOR,LAA,84.90,,,,,,2,0,2023,2023-07
2023-07-30,2023,R,519043,672386,CH,Changeup,,ball,R,L,TOR,LAA,85.60,,,,,,1,0,2023,2023-07
2023-07-30,2023,R,519043,672386,FF,4-Seam Fastball,,ball,R,L,TOR,LAA,95.00,,,,,,0,0,2023,2023-07
2023-07-30,2023,R,519293,592518,FF,4-Seam Fastball,field_out,hit_into_play,R,L,SD,TEX,93.80,87.90,48,191.81,117.33,fly_ball,0,2,2023,2023-07
2023-07-30,2023,R,519293,592518,SL,Slider,,swinging_strike_blocked,R,L,SD,TEX,82.40,,,,,,0,1,2023,2023-07
2023-07-30,2023,R,519293,592518,FF,4-Seam Fastball,,called_strike,R,L,SD,TEX,93.50,,,,,,0,0,2023,2023-07
2023-07-30,2023,R,519293,663757,FF,4-Seam Fastball,single,hit_into_play,L,L,SD,TEX,91.40,96.40,6,142.13,85.10,ground_ball,1,0,2023,2023-07
2023-07-30,2023,R,519293,663757,SL,Slider,,ball,L,L,SD,TEX,79.90,,,,,,0,0,2023,2023-07
2023-07-30,2023,R,519293,665487,FF,4-Seam Fastball,single,hit_into_play,R,L,SD,TEX,91.80,106.30,11,60.50,115.96,line_drive,1,0,2023,2023-07
2023-07-30,2023,R,519293,665487,FF,4-Seam Fastball,,ball,R,L,SD,TEX,92.60,,,,,,0,0,2023,2023-07
2023-07-30,2023,R,519293,665742,SL,Slider,strikeout,swinging_strike_blocked,L,L,SD,TEX,82.70,,,,,,2,2,2023,2023-07
2023-07-30,2023,R,519293,665742,FF,4-Seam Fastball,,ball,L,L,SD,TEX,93.80,,,,,,1,2,2023,2023-07
2023-07-30,2023,R,519293,665742,FF,4-Seam Fastball,,foul,L,L,SD,TEX,93.70,68.80,44,,,,1,2,2023,2023-07
2023-07-30,2023,R,519293,665742,SL,Slider,,foul,L,L,SD,TEX,82.70,69.80,59,,,,1,1,2023,2023-07
2023-07-30,2023,R,519293,665742,SL,Slider,,blocked_ball,L,L,SD,TEX,82.10,,,,,,0,1,2023,2023-07
2023-07-30,2023,R,519293,665742,SL,Slider,,swinging_strike,L,L,SD,TEX,82.00,,,,,,0,0,2023,2023-07
2023-07-30,2023,R,519293,676946,FF,4-Seam Fastball,field_out,hit_into_play,R,L,SD,TEX,92.60,91.90,-11,129.43,182.41,ground_ball,1,2,2023,2023-07
2023-07-30,2023,R,519293,676946,SL,Slider,,foul,R,L,SD,TEX,81.70,96.80,2,,,,1,2,2023,2023-07
2023-07-30,2023,R,519293,676946,SL,Slider,,swinging_strike,R,L,SD,TEX,80.40,,,,,,1,1,2023,2023-07
2023-07-30,2023,R,519293,676946,SL,Slider,,ball,R,L,SD,TEX,80.40,,,,,,0,1,2023,2023-07
2023-07-30,2023,R,519293,676946,FF,4-Seam Fastball,,foul,R,L,SD,TEX,91.40,66.60,60,,,,0,0,2023,2023-07
2023-07-30,2023,R,541640,455117,FC,Cutter,field_out,hit_into_play,R,R,HOU,TB,88.40,87.50,59,114.05,121.22,fly_ball,1,0,2023,2023-07
2023-07-30,2023,R,541640,455117,FC,Cutter,,ball,R,R,HOU,TB,88.10,,,,,,0,0,2023,2023-07
2023-07-30,2023,R,541640,514888,SL,Slider,strikeout,foul_tip,R,R,HOU,TB,82.00,,,,,,2,2,2023,2023-07
2023-07-30,2023,R,541640,514888,SL,Slider,,swinging_strike,R,R,HOU,TB,82.60,,,,,,2,1,2023,2023-07
2023-07-30,2023,R,541640,514888,SI,Sinker,,foul,R,R,HOU,TB,92.40,77.90,11,,,,2,0,2023,2023-07
2023-07-30,2023,R,541640,514888,FC,Cutter,,ball,R,R,HOU,TB,90.10,,,,,,1,0,2023,2023-07
2023-07-30,2023,R,541640,514888,ST,Sweeper,,ball,R,R,HOU,TB,78.80,,,,,,0,0,2023,2023-07
2023-07-30,2023,R,541640,547989,SI,Sinker,field_out,hit_into_play,R,R,HOU,TB,91.80,43.30,14,153.18,173.51,ground_ball,1,2,2023,2023-07
2023-07-30,2023,R,541640,547989,FF,4-Seam Fastball,,foul,R,R,HOU,TB,93.10,72.70,26,,,,1,2,2023,2023-07
2023-07-30,2023,R,541640,547989,SI,Sinker,,foul,R,R,HOU,TB,92.00,58.10,-7,,,,1,2,2023,2023-07
2023-07-30,2023,R,541640,547989,SL,Slider,,foul,R,R,HOU,TB,81.60,,,,,,1,2,2023,2023-07
2023-07-30,2023,R,541640,547989,FC,Cutter,,foul,R,R,HOU,TB,90.30,72.20,57,,,,1,2,2023,2023-07
2023-07-30,2023,R,541640,547989,FC,Cutter,,foul,R,R,HOU,TB,90.00,70.80,54,,,,1,1,2023,2023-07
2023-07-30,2023,R,541640,547989,SI,Sinker,,ball,R,R,HOU,TB,91.60,,,,,,0,1,2023,2023-07
2023-07-30,2023,R,541640,547989,SI,Sinker,,called_strike,R,R,HOU,TB,91.70,,,,,,0,0,2023,2023-07
2023-07-30,2023,R,541640,547989,CU,Curveball,strikeout,swinging_strike,R,R,HOU,TB,80.00,,,,,,1,2,2023,2023-07
2023-07-30,2023,R,541640,547989,SI,Sinker,,foul,R,R,HOU,TB,91.70,81.90,47,,,,1,2,2023,2023-07
2023-07-30,2023,R,541640,547989,FC,Cutter,,foul,R,R,HOU,TB,88.20,85.10,43,,,,1,1,2023,2023-07
2023-07-30,2023,R,541640,547989,SI,Sinker,,called_strike,R,R,HOU,TB,89.60,,,,,,1,0,2023,2023-07
2023-07-30,2023,R,541640,547989,FC,Cutter,,ball,R,R,HOU,TB,88.40,,,,,,0,0,2023,2023-07
2023-07-30,2023,R,541640,608324,CU,Curveball,single,hit_into_play,R,R,HOU,TB,80.60,102.30,19,46.54,91.05,line_drive,1,2,2023,2023-07
2023-07-30,2023,R,541640,608324,SI,Sinker,,foul,R,R,HOU,TB,90.70,80.30,48,,,,1,2,2023,2023-07
2023-07-30,2023,R,541640,608324,SL,Slider,,swinging_strike,R,R,HOU,TB,81.70,,,,,,1,1,2023,2023-07
2023-07-30,2023,R,541640,608324,FC,Cutter,,ball,R,R,HOU,TB,89.20,,,,,,0,1,2023,2023-07
2023-07-30,2023,R,541640,608324,SL,Slider,,called_strike,R,R,HOU,TB,78.50,,,,,,0,0,2023,2023-07
2023-07-30,2023,R,541640,643289,FF,4-Seam Fastball,field_out,hit_into_play,R,R,HOU,TB,92.30,100.40,-1,108.06,161.31,ground_ball,0,2,2023,2023-07
2023-07-30,2023,R,541640,643289,SI,Sinker,,foul,R,R,HOU,TB,92.00,82.40,-55,,,,0,1,2023,2023-07
2023-07-30,2023,R,541640,643289,SI,Sinker,,foul,R,R,HOU,TB,91.30,67.20,70,,,,0,0,2023,2023-07
2023-07-30,2023,R,541640,665161,FC,Cutter,field_out,hit_into_play,R,R,HOU,TB,90.00,68.40,-19,150.69,167.92,ground_ball,1,0,2023,2023-07
2023-07-30,2023,R,541640,665161,SI,Sinker,,ball,R,R,HOU,TB,90.70,,,,,,0,0,2023,2023-07
2023-07-30,2023,R,541640,667452,FC,Cutter,field_out,hit_into_play,R,R,HOU,TB,87.80,86.50,9,89.90,160.11,line_drive,3,2,2023,2023-07
2023-07-30,2023,R,541640,667452,SI,Sinker,,ball,R,R,HOU,TB,90.70,,,,,,2,2,2023,2023-07
2023-07-30,2023,R,541640,667452,CU,Curveball,,ball,R,R,HOU,TB,81.50,,,,,,1,2,2023,2023-07
2023-07-30,2023,R,541640,667452,SL,Slider,,ball,R,R,HOU,TB,79.50,,,,,,0,2,2023,2023-07
2023-07-30,2023,R,541640,667452,SI,Sinker,,foul,R,R,HOU,TB,90.20,80.80,58,,,,0,1,2023,2023-07
2023-07-30,2023,R,541640,667452,FC,Cutter,,called_strike,R,R,HOU,TB,88.20,,,,,,0,0,2023,2023-07
2023-07-30,2023,R,541640,670541,ST,Sweeper,single,hit_into_play,L,R,HOU,TB,81.70,75.20,31,142.57,99.79,fly_ball,3,2,2023,2023-07
2023-07-30,2023,R,541640,670541,FC,Cutter,,ball,L,R,HOU,TB,89.90,,,,,,2,2,2023,2023-07
2023-07-30,2023,R,541640,670541,FF,4-Seam Fastball,,ball,L,R,HOU,TB,92.20,,,,,,1,2,2023,2023-07
2023-07-30,2023,R,541640,670541,FC,Cutter,,foul,L,R,HOU,TB,89.80,72.30,49,,,,1,1,2023,2023-07
2023-07-30,2023,R,541640,670541,FC,Cutter,,swinging_strike,L,R,HOU,TB,88.60,,,,,,1,0,2023,2023-07
2023-07-30,2023,R,541640,670541,CH,Changeup,,ball,L,R,HOU,TB,85.90,,,,,,0,0,2023,2023-07
2023-07-30,2023,R,541640,676801,FC,Cutter,field_out,hit_into_play,R,R,HOU,TB,91.20,61.90,-14,152.98,171.84,ground_ball,0,1,2023,2023-07
2023-07-30,2023,R,541640,676801,FC,Cutter,,swinging_strike,R,R,HOU,TB,90.90,,,,,,0,0,2023,2023-07
2023-07-30,2023,R,541640,676801,FF,4-Seam Fastball,field_out,hit_into_play,R,R,HOU,TB,92.50,99.00,52,105.65,87.51,fly_ball,1,2,2023,2023-07
2023-07-30,2023,R,541640,676801,FC,Cutter,,ball,R,R,HOU,TB,88.90,,,,,,0,2,2023,2023-07
2023-07-30,2023,R,541640,676801,CU,Curveball,,swinging_strike,R,R,HOU,TB,80.30,,,,,,0,1,2023,2023-07
2023-07-30,2023,R,541640,676801,FC,Cutter,,foul,R,R,HOU,TB,89.90,86.90,50,,,,0,0,2023,2023-07
2023-07-30,2023,R,542585,493329,SL,Slider,field_out,hit_into_play,R,R,MIA,DET,86.30,97.10,16,64.40,86.65,line_drive,0,2,2023,2023-07
2023-07-30,2023,R,542585,493329,SL,Slider,,called_strike,R,R,MIA,DET,84.80,,,,,,0,1,2023,2023-07
2023-07-30,2023,R,542585,493329,FF,4-Seam Fastball,,swinging_strike,R,R,MIA,DET,96.20,,,,,,0,0,2023,2023-07
2023-07-30,2023,R,542585,516416,FF,4-Seam Fastball,home_run,hit_into_play,R,R,MIA,DET,96.40,107.30,23,124.63,27.44,fly_ball,2,2,2023,2023-07
2023-07-30,2023,R,542585,516416,FF,4-Seam Fastball,,foul,R,R,MIA,DET,96.70,77.10,51,,,,2,2,2023,2023-07
2023-07-30,2023,R,542585,516416,SI,Sinker,,foul,R,R,MIA,DET,96.10,51.40,-35,,,,2,1,2023,2023-07
2023-07-30,2023,R,542585,516416,SI,Sinker,,foul,R,R,MIA,DET,95.20,82.00,-30,,,,2,0,2023,2023-07
2023-07-30,2023,R,542585,516416,SI,Sinker,,ball,R,R,MIA,DET,96.20,,,,,,1,0,2023,2023-07
2023-07-30,2023,R,542585,516416,SI,Sinker,,ball,R,R,MIA,DET,95.80,,,,,,0,0,2023,2023-07
2023-07-30,2023,R,542585,641658,SI,Sinker,single,hit_into_play,R,R,MIA,DET,96.40,92.80,14,123.45,70.59,line_drive,2,0,2023,2023-07
2023-07-30,2023,R,542585,641658,FF,4-Seam Fastball,,ball,R,R,MIA,DET,96.60,,,,,,1,0,2023,2023-07
2023-07-30,2023,R,542585,641658,SL,Slider,,ball,R,R,MIA,DET,85.30,,,,,,0,0,2023,2023-07
2023-07-30,2023,R,542585,650333,FF,4-Seam Fastball,walk,ball,L,R,MIA,DET,96.30,,,,,,3,0,2023,2023-07
2023-07-30,2023,R,542585,650333,FC,Cutter,,ball,L,R,MIA,DET,91.10,,,,,,2,0,2023,2023-07
2023-07-30,2023,R,542585,650333,FF,4-Seam Fastball,,ball,L,R,MIA,DET,94.60,,,,,,1,0,2023,2023-07
2023-07-30,2023,R,542585,650333,CH,Changeup,,blocked_ball,L,R,MIA,DET,89.00,,,,,,0,0,2023,2023-07
2023-07-30,2023,R,542585,650559,FF,4-Seam Fastball,strikeout,swinging_strike,R,R,MIA,DET,96.70,,,,,,2,2,2023,2023-07
2023-07-30,2023,R,542585,650559,FF,4-Seam Fastball,,foul,R,R,MIA,DET,97.10,72.00,-18,,,,2,2,2023,2023-07
2023-07-30,2023,R,542585,650559,SL,Slider,,foul,R,R,MIA,DET,86.30,80.60,40,,,,2,2,2023,2023-07
2023-07-30,2023,R,542585,650559,SL,Slider,,foul,R,R,MIA,DET,85.30,88.80,-35,,,,2,2,2023,2023-07
2023-07-30,2023,R,542585,650559,SL,Slider,,blocked_ball,R,R,MIA,DET,87.20,,,,,,1,2,2023,2023-07
2023-07-30,2023,R,542585,650559,FF,4-Seam Fastball,,foul,R,R,MIA,DET,96.80,80.80,5,,,,1,1,2023,2023-07
2023-07-30,2023,R,542585,650559,SI,Sinker,,ball,R,R,MIA,DET,96.90,,,,,,0,1,2023,2023-07
2023-07-30,2023,R,542585,650559,SL,Slider,,foul,R,R,MIA,DET,86.60,71.80,14,,,,0,0,2023,2023-07
2023-07-30,2023,R,542585,663743,SL,Slider,field_out,hit_into_play,R,R,MIA,DET,84.40,89.10,-6,101.10,150.91,ground_ball,0,1,2023,2023-07
2023-07-30,2023,R,542585,663743,SL,Slider,,called_strike,R,R,MIA,DET,84.10,,,,,,0,0,2023,2023-07
2023-07-30,2023,R,542881,543807,CH,Changeup,field_out,hit_into_play,R,L,TOR,LAA,80.20,100.00,20,74.65,66.72,line_drive,0,0,2023,2023-07
2023-07-30,2023,R,542881,543807,FF,4-Seam Fastball,field_out,hit_into_play,R,L,TOR,LAA,89.30,97.60,23,177.68,74.06,line_drive,2,0,2023,2023-07
2023-07-30,2023,R,542881,543807,FF,4-Seam Fastball,,ball,R,L,TOR,LAA,89.90,,,,,,1,0,2023,2023-07
2023-07-30,2023,R,542881,543807,FF,4-Seam Fastball,,ball,R,L,TOR,LAA,89.50,,,,,,0,0,2023,2023-07
2023-07-30,2023,R,542881,543807,CH,Changeup,field_out,hit_into_play,R,L,TOR,LAA,81.70,102.10,26,112.12,44.87,fly_ball,2,1,2023,2023-07
2023-07-30,2023,R,542881,543807,CH,Changeup,,ball,R,L,TOR,LAA,79.30,,,,,,1,1,2023,2023-07
2023-07-30,2023,R,542881,543807,CH,Changeup,,ball,R,L,TOR,LAA,81.60,,,,,,0,1,2023,2023-07
2023-07-30,2023,R,542881,543807,CH,Changeup,,swinging_strike,R,L,TOR,LAA,80.50,,,,,,0,0,2023,2023-07
2023-07-30,2023,R,542881,593160,FC,Cutter,single,hit_into_play,R,L,TOR,LAA,81.60,90.10,11,52.98,108.70,line_drive,0,2,2023,2023-07
2023-07-30,2023,R,542881,593160,FF,4-Seam Fastball,,foul,R,L,TOR,LAA,91.50,82.30,35,,,,0,1,2023,2023-07
2023-07-30,2023,R,542881,593160,CH,Changeup,,foul,R,L,TOR,LAA,79.60,71.40,-5,,,,0,0,2023,2023-07
2023-07-30,2023,R,542881,593160,FF,4-Seam Fastball,field_out,hit_into_play,R,L,TOR,LAA,91.80,85.60,70,153.27,158.14,popup,0,1,2023,2023-07
2023-07-30,2023,R,542881,593160,FC,Cutter,,called_strike,R,L,TOR,LAA,86.30,,,,,,0,0,2023,2023-07
2023-07-30,2023,R,542881,593160,FF,4-Seam Fastball,field_out,hit_into_play,R,L,TOR,LAA,90.20,86.20,42,131.61,89.81,fly_ball,0,0,2023,2023-07
2023-07-30,2023,R,542881,643376,CH,Changeup,field_out,hit_into_play,R,L,TOR,LAA,81.70,80.90,30,189.20,108.60,fly_ball,2,2,2023,2023-07
2023-07-30,2023,R,542881,643376,CH,Changeup,,blocked_ball,R,L,TOR,LAA,82.70,,,,,,1,2,2023,2023-07
2023-07-30,2023,R,542881,643376,FF,4-Seam Fastball,,ball,R,L,TOR,LAA,93.60,,,,,,0,2,2023,2023-07
2023-07-30,2023,R,542881,643376,FF,4-Seam Fastball,,foul,R,L,TOR,LAA,92.40,79.60,10,,,,0,1,2023,2023-07
2023-07-30,2023,R,542881,643376,FF,4-Seam Fastball,,called_strike,R,L,TOR,LAA,93.10,,,,,,0,0,2023,2023-07
2023-07-30,2023,R,542881,643376,FF,4-Seam Fastball,field_out,hit_into_play,R,L,TOR,LAA,90.20,104.30,-4,109.03,149.65,ground_ball,3,1,2023,2023-07
2023-07-30,2023,R,542881,643376,CH,Changeup,,ball,R,L,TOR,LAA,80.50,,,,,,2,1,2023,2023-07
2023-07-30,2023,R,542881,643376,CH,Changeup,,ball,R,L,TOR,LAA,81.20,,,,,,1,1,2023,2023-07
2023-07-30,2023,R,542881,643376,FF,4-Seam Fastball,,ball,R,L,TOR,LAA,92.30,,,,,,0,1,2023,2023-07
2023-07-30,2023,R,542881,643376,FF,4-Seam Fastball,,foul,R,L,TOR,LAA,90.80,64.20,11,,,,0,0,2023,2023-07
2023-07-30,2023,R,542881,643376,FF,4-Seam Fastball,field_out,hit_into_play,R,L,TOR,LAA,90.40,73.40,69,153.27,165.41,popup,1,0,2023,2023-07
2023-07-30,2023,R,542881,643376,CH,Changeup,,ball,R,L,TOR,LAA,79.40,,,,,,0,0,2023,2023-07
2023-07-30,2023,R,542881,656305,FF,4-Seam Fastball,double,hit_into_play,R,L,TOR,LAA,91.10,113.20,13,50.05,124.46,line_drive,2,1,2023,2023-07
2023-07-30,2023,R,542881,656305,FF,4-Seam Fastball,,ball,R,L,TOR,LAA,91.80,,,,,,1,1,2023,2023-07
2023-07-30,2023,R,542881,656305,CH,Changeup,,ball,R,L,TOR,LAA,81.20,,,,,,0,1,2023,2023-07
2023-07-30,2023,R,542881,656305,FF,4-Seam Fastball,,called_strike,R,L,TOR,LAA,90.60,,,,,,0,0,2023,2023-07
2023-07-30,2023,R,542881,656305,FF,4-Seam Fastball,field_out,hit_into_play,R,L,TOR,LAA,91.60,87.10,26,159.74,84.32,line_drive,0,0,2023,2023-07
2023-07-30,2023,R,542881,656305,FF,4-Seam Fastball,strikeout,swinging_strike,R,L,TOR,LAA,92.70,,,,,,3,2,2023,2023-07
2023-07-30,2023,R,542881,656305,FF,4-Seam Fastball,,foul,R,L,TOR,LAA,92.00,73.50,23,,,,3,2,2023,2023-07
2023-07-30,2023,R,542881,656305,CH,Changeup,,blocked_ball,R,L,TOR,LAA,80.50,,,,,,2,2,2023,2023-07
2023-07-30,2023,R,542881,656305,CH,Changeup,,blocked_ball,R,L,TOR,LAA,80.90,,,,,,1,2,2023,2023-07
2023-07-30,2023,R,542881,656305,FF,4-Seam Fastball,,ball,R,L,TOR,LAA,92.30,,,,,,0,2,2023,2023-07
2023-07-30,2023,R,542881,656305,FF,4-Seam Fastball,,foul,R,L,TOR,LAA,91.50,72.40,49,,,,0,2,2023,2023-07
2023-07-30,2023,R,542881,656305,FF,4-Seam Fastball,,swinging_strike,R,L,TOR,LAA,91.50,,,,,,0,1,2023,2023-07
2023-07-30,2023,R,542881,656305,FF,4-Seam Fastball,,foul,R,L,TOR,LAA,90.90,,,,,,0,0,2023,2023-07
2023-07-30,2023,R,542881,662139,SI,Sinker,double,hit_into_play,L,L,TOR,LAA,88.00,100.20,8,200.07,120.64,line_drive,1,1,2023,2023-07
2023-07-30,2023,R,542881,662139,SI,Sinker,,ball,L,L,TOR,LAA,87.90,,,,,,0,1,2023,2023-07
2023-07-30,2023,R,542881,662139,FC,Cutter,,called_strike,L,L,TOR,LAA,86.10,,,,,,0,0,2023,2023-07
2023-07-30,2023,R,542881,662139,FF,4-Seam Fastball,double,hit_into_play,L,L,TOR,LAA,90.70,110.40,11,218.85,114.51,line_drive,3,1,2023,2023-07
2023-07-30,2023,R,542881,662139,FF,4-Seam Fastball,,called_strike,L,L,TOR,LAA,90.90,,,,,,3,0,2023,2023-07
2023-07-30,2023,R,542881,662139,FF,4-Seam Fastball,,ball,L,L,TOR,LAA,91.20,,,,,,2,0,2023,2023-07
2023-07-30,2023,R,542881,662139,SI,Sinker,,ball,L,L,TOR,LAA,86.90,,,,,,1,0,2023,2023-07
2023-07-30,2023,R,542881,662139,FF,4-Seam Fastball,,ball,L,L,TOR,LAA,92.10,,,,,,0,0,2023,2023-07
2023-07-30,2023,R,542881,662139,FC,Cutter,field_out,hit_into_play,L,L,TOR,LAA,85.70,71.10,32,90.84,111.51,fly_ball,2,1,2023,2023-07
2023-07-30,2023,R,542881,662139,SI,Sinker,,ball,L,L,TOR,LAA,87.50,,,,,,1,1,2023,2023-07
2023-07-30,2023,R,542881,662139,FF,4-Seam Fastball,,ball,L,L,TOR,LAA,91.80,,,,,,0,1,2023,2023-07
2023-07-30,2023,R,542881,662139,FF,4-Seam Fastball,,swinging_strike,L,L,TOR,LAA,91.00,,,,,,0,0,2023,2023-07
2023-07-30,2023,R,542881,665489,FF,4-Seam Fastball,field_out,hit_into_play,R,L,TOR,LAA,94.80,98.40,-11,100.54,142.38,ground_ball,2,2,2023,2023-07
2023-07-30,2023,R,542881,665489,FC,Cutter,,foul,R,L,TOR,LAA,87.30,79.50,35,,,,2,2,2023,2023-07
2023-07-30,2023,R,542881,665489,CH,Changeup,,foul,R,L,TOR,LAA,79.90,98.30,22,,,,2,2,2023,2023-07
2023-07-30,2023,R,542881,665489,CH,Changeup,,ball,R,L,TOR,LAA,80.30,,,,,,1,2,2023,2023-07
2023-07-30,2023,R,542881,665489,CH,Changeup,,foul,R,L,TOR,LAA,82.20,67.90,17,,,,1,2,2023,2023-07
2023-07-30,2023,R,542881,665489,FF,4-Seam Fastball,,foul,R,L,TOR,LAA,92.30,70.50,45,,,,1,1,2023,2023-07
2023-07-30,2023,R,542881,665489,FC,Cutter,,called_strike,R,L,TOR,LAA,87.10,,,,,,1,0,2023,2023-07
2023-07-30,2023,R,542881,665489,CH,Changeup,,blocked_ball,R,L,TOR,LAA,81.10,,,,,,0,0,2023,2023-07
2023-07-30,2023,R,542881,665489,FF,4-Seam Fastball,field_out,hit_into_play,R,L,TOR,LAA,90.80,103.40,16,94.48,69.66,line_drive,2,2,2023,2023-07
2023-07-30,2023,R,542881,665489,FF,4-Seam Fastball,,ball,R,L,TOR,LAA,91.80,,,,,,1,2,2023,2023-07
2023-07-30,2023,R,542881,665489,CH,Changeup,,called_strike,R,L,TOR,LAA,79.90,,,,,,1,1,2023,2023-07
2023-07-30,2023,R,542881,665489,FF,4-Seam Fastball,,swinging_strike,R,L,TOR,LAA,91.00,,,,,,1,0,2023,2023-07
2023-07-30,2023,R,542881,665489,FF,4-Seam Fastball,,ball,R,L,TOR,LAA,91.60,,,,,,0,0,2023,2023-07
2023-07-30,2023,R,542881,665489,CH,Changeup,single,hit_into_play,R,L,TOR,LAA,78.50,92.20,13,147.21,92.08,line_drive,2,1,2023,2023-07
2023-07-30,2023,R,542881,665489,FC,Cutter,,called_strike,R,L,TOR,LAA,85.20,,,,,,2,0,2023,2023-07
2023-07-30,2023,R,542881,665489,CH,Changeup,,ball,R,L,TOR,LAA,79.70,,,,,,1,0,2023,2023-07
2023-07-30,2023,R,542881,665489,CH,Changeup,,blocked_ball,R,L,TOR,LAA,79.60,,,,,,0,0,2023,2023-07
2023-07-30,2023,R,542881,666182,FF,4-Seam Fastball,field_out,hit_into_play,R,L,TOR,LAA,91.40,86.20,37,199.93,112.68,fly_ball,0,0,2023,2023-07
2023-07-30,2023,R,542881,666182,FF,4-Seam Fastball,walk,ball,R,L,TOR,LAA,91.10,,,,,,3,0,2023,2023-07
2023-07-30,2023,R,542881,666182,CH,Changeup,,ball,R,L,TOR,LAA,79.70,,,,,,2,0,2023,2023-07
2023-07-30,2023,R,542881,666182,FF,4-Seam Fastball,,ball,R,L,TOR,LAA,91.60,,,,,,1,0,2023,2023-07
2023-07-30,2023,R,542881,666182,CH,Changeup,,ball,R,L,TOR,LAA,80.80,,,,,,0,0,2023,2023-07
2023-07-30,2023,R,542881,666182,CH,Changeup,single,hit_into_play,R,L,TOR,LAA,82.10,99.90,5,98.73,87.84,ground_ball,2,2,2023,2023-07
2023-07-30,2023,R,542881,666182,FF,4-Seam Fastball,,ball,R,L,TOR,LAA,91.20,,,,,,1,2,2023,2023-07
2023-07-30,2023,R,542881,666182,FF,4-Seam Fastball,,foul,R,L,TOR,LAA,91.10,82.70,26,,,,1,1,2023,2023-07
2023-07-30,2023,R,542881,666182,FF,4-Seam Fastball,,called_strike,R,L,TOR,LAA,90.40,,,,,,1,0,2023,2023-07
2023-07-30,2023,R,542881,666182,FF,4-Seam Fastball,,ball,R,L,TOR,LAA,90.60,,,,,,0,0,2023,2023-07
2023-07-30,2023,R,542881,669289,CH,Changeup,strikeout,swinging_strike_blocked,R,L,TOR,LAA,79.40,,,,,,0,2,2023,2023-07
2023-07-30,2023,R,542881,669289,CH,Changeup,,called_strike,R,L,TOR,LAA,79.40,,,,,,0,1,2023,2023-07
2023-07-30,2023,R,542881,669289,SI,Sinker,,called_strike,R,L,TOR,LAA,89.20,,,,,,0,0,2023,2023-07
2023-07-30,2023,R,542881,669289,FF,4-Seam Fastball,field_out,hit_into_play,R,L,TOR,LAA,90.60,76.70,51,78.79,125.78,fly_ball,2,1,2023,2023-07
2023-07-30,2023,R,542881,669289,FF,4-Seam Fastball,,called_strike,R,L,TOR,LAA,89.90,,,,,,2,0,2023,2023-07
2023-07-30,2023,R,542881,669289,CH,Changeup,,ball,R,L,TOR,LAA,80.20,,,,,,1,0,2023,2023-07
2023-07-30,2023,R,542881,669289,CH,Changeup,,ball,R,L,TOR,LAA,79.90,,,,,,0,0,2023,2023-07
2023-07-30,2023,R,542881,669289,FF,4-Seam Fastball,single,hit_into_play,R,L,TOR,LAA,91.00,91.80,7,63.48,107.28,ground_ball,0,0,2023,2023-07
2023-07-30,2023,R,542881,672386,CH,Changeup,field_out,hit_into_play,R,L,TOR,LAA,80.50,63.40,-47,101.41,178.77,ground_ball,2,2,2023,2023-07
2023-07-30,2023,R,542881,672386,FF,4-Seam Fastball,,ball,R,L,TOR,LAA,91.60,,,,,,1,2,2023,2023-07
2023-07-30,2023,R,542881,672386,CH,Changeup,,blocked_ball,R,L,TOR,LAA,81.10,,,,,,0,2,2023,2023-07
2023-07-30,2023,R,542881,672386,FF,4-Seam Fastball,,called_strike,R,L,TOR,LAA,91.30,,,,,,0,1,2023,2023-07
2023-07-30,2023,R,542881,672386,FF,4-Seam Fastball,,called_strike,R,L,TOR,LAA,91.50,,,,,,0,0,2023,2023-07
2023-07-30,2023,R,542881,672386,CH,Changeup,field_out,hit_into_play,R,L,TOR,LAA,80.10,69.50,-5,150.84,153.89,ground_ball,1,2,2023,2023-07
2023-07-30,2023,R,542881,672386,FF,4-Seam Fastball,,ball,R,L,TOR,LAA,92.10,,,,,,0,2,2023,2023-07
2023-07-30,2023,R,542881,672386,FF,4-Seam Fastball,,foul,R,L,TOR,LAA,92.20,79.70,48,,,,0,2,2023,2023-07
2023-07-30,2023,R,542881,672386,CH,Changeup,,foul,R,L,TOR,LAA,79.50,,,,,,0,1,2023,2023-07
2023-07-30,2023,R,542881,672386,FF,4-Seam Fastball,,called_strike,R,L,TOR,LAA,91.50,,,,,,0,0,2023,2023-07
2023-07-30,2023,R,542881,672386,CH,Changeup,field_out,hit_into_play,R,L,TOR,LAA,79.90,,,124.79,193.28,ground_ball,1,2,2023,2023-07
2023-07-30,2023,R,542881,672386,CH,Changeup,,ball,R,L,TOR,LAA,82.30,,,,,,0,2,2023,2023-07
2023-07-30,2023,R,542881,672386,FF,4-Seam Fastball,,foul,R,L,TOR,LAA,91.60,78.10,64,,,,0,2,2023,2023-07
2023-07-30,2023,R,542881,672386,FF,4-Seam Fastball,,foul,R,L,TOR,LAA,90.30,68.90,33,,,,0,1,2023,2023-07
2023-07-30,2023,R,542881,672386,FF,4-Seam Fastball,,called_strike,R,L,TOR,LAA,88.80,,,,,,0,0,2023,2023-07
2023-07-30,2023,R,542947,527038,FC,Cutter,field_out,hit_into_play,R,L,SF,BOS,85.60,55.10,34,100.52,140.51,popup,1,1,2023,2023-07
2023-07-30,2023,R,542947,527038,FC,Cutter,,ball,R,L,SF,BOS,86.50,,,,,,0,1,2023,2023-07
2023-07-30,2023,R,542947,527038,SI,Sinker,,called_strike,R,L,SF,BOS,88.40,,,,,,0,0,2023,2023-07
2023-07-30,2023,R,542947,543063,SI,Sinker,field_out,hit_into_play,L,L,SF,BOS,88.90,99.00,-20,154.31,154.97,ground_ball,2,2,2023,2023-07
2023-07-30,2023,R,542947,543063,SI,Sinker,,foul,L,L,SF,BOS,88.10,78.30,39,,,,2,2,2023,2023-07
2023-07-30,2023,R,542947,543063,FC,Cutter,,foul,L,L,SF,BOS,86.00,69.00,19,,,,2,2,2023,2023-07
2023-07-30,2023,R,542947,543063,FC,Cutter,,ball,L,L,SF,BOS,87.40,,,,,,1,2,2023,2023-07
2023-07-30,2023,R,542947,543063,SL,Slider,,ball,L,L,SF,BOS,78.20,,,,,,0,2,2023,2023-07
2023-07-30,2023,R,542947,543063,SI,Sinker,,called_strike,L,L,SF,BOS,87.30,,,,,,0,1,2023,2023-07
2023-07-30,2023,R,542947,543063,SI,Sinker,,foul,L,L,SF,BOS,88.10,84.10,-40,,,,0,0,2023,2023-07
2023-07-30,2023,R,542947,592626,SI,Sinker,field_out,hit_into_play,L,L,SF,BOS,88.50,81.40,-2,144.53,179.87,ground_ball,1,2,2023,2023-07
2023-07-30,2023,R,542947,592626,FC,Cutter,,foul,L,L,SF,BOS,87.10,75.70,7,,,,1,2,2023,2023-07
2023-07-30,2023,R,542947,592626,SI,Sinker,,foul,L,L,SF,BOS,88.70,87.10,-16,,,,1,1,2023,2023-07
2023-07-30,2023,R,542947,592626,SL,Slider,,ball,L,L,SF,BOS,80.30,,,,,,0,1,2023,2023-07
2023-07-30,2023,R,542947,592626,FC,Cutter,,foul,L,L,SF,BOS,87.90,53.50,-35,,,,0,0,2023,2023-07
2023-07-30,2023,R,543056,543309,FC,Cutter,strikeout,foul_tip,R,L,BAL,NYY,87.00,,,,,,1,2,2023,2023-07
2023-07-30,2023,R,543056,543309,KC,Knuckle Curve,,blocked_ball,R,L,BAL,NYY,80.50,,,,,,0,2,2023,2023-07
2023-07-30,2023,R,543056,543309,ST,Sweeper,,called_strike,R,L,BAL,NYY,83.00,,,,,,0,1,2023,2023-07
2023-07-30,2023,R,543056,543309,FC,Cutter,,called_strike,R,L,BAL,NYY,87.40,,,,,,0,0,2023,2023-07
2023-07-30,2023,R,543056,641343,ST,Sweeper,strikeout,swinging_strike_blocked,L,L,BAL,NYY,84.20,,,,,,0,2,2023,2023-07
2023-07-30,2023,R,543056,641343,ST,Sweeper,,called_strike,L,L,BAL,NYY,83.30,,,,,,0,1,2023,2023-07
2023-07-30,2023,R,543056,641343,SI,Sinker,,foul,L,L,BAL,NYY,92.20,68.50,38,,,,0,0,2023,2023-07
2023-07-30,2023,R,543056,656185,SI,Sinker,strikeout,foul_tip,R,L,BAL,NYY,91.40,,,,,,2,2,2023,2023-07
2023-07-30,2023,R,543056,656185,FC,Cutter,,foul,R,L,BAL,NYY,85.60,83.40,9,,,,2,1,2023,2023-07
2023-07-30,2023,R,543056,656185,FC,Cutter,,swinging_strike,R,L,BAL,NYY,85.00,,,,,,2,0,2023,2023-07
2023-07-30,2023,R,543056,656185,FC,Cutter,,ball,R,L,BAL,NYY,85.20,,,,,,1,0,2023,2023-07
2023-07-30,2023,R,543056,656185,SI,Sinker,,ball,R,L,BAL,NYY,91.90,,,,,,0,0,2023,2023-07
2023-07-30,2023,R,543056,683011,FC,Cutter,field_error,hit_into_play,R,L,BAL,NYY,86.20,102.90,4,105.52,152.95,ground_ball,1,0,2023,2023-07
2023-07-30,2023,R,543056,683011,FC,Cutter,,ball,R,L,BAL,NYY,86.20,,,,,,0,0,2023,2023-07
2023-07-30,2023,R,543294,502671,SI,Sinker,field_out,hit_into_play,R,R,STL,CHC,87.80,98.60,9,107.13,147.05,ground_ball,2,2,2023,2023-07
2023-07-30,2023,R,543294,502671,SI,Sinker,,called_strike,R,R,STL,CHC,87.50,,,,,,2,1,2023,2023-07
2023-07-30,2023,R,543294,502671,CH,Changeup,,ball,R,R,STL,CHC,79.50,,,,,,1,1,2023,2023-07
2023-07-30,2023,R,543294,502671,CU,Curveball,,ball,R,R,STL,CHC,74.20,,,,,,0,1,2023,2023-07
2023-07-30,2023,R,543294,502671,SI,Sinker,,called_strike,R,R,STL,CHC,87.10,,,,,,0,0,2023,2023-07
2023-07-30,2023,R,543294,502671,SI,Sinker,field_out,hit_into_play,R,R,STL,CHC,87.70,101.90,27,172.41,53.00,fly_ball,3,2,2023,2023-07
2023-07-30,2023,R,543294,502671,SI,Sinker,,foul,R,R,STL,CHC,88.40,48.70,6,,,,3,2,2023,2023-07
2023-07-30,2023,R,543294,502671,CH,Changeup,,ball,R,R,STL,CHC,80.70,,,,,,2,2,2023,2023-07
2023-07-30,2023,R,543294,502671,SI,Sinker,,foul,R,R,STL,CHC,87.90,,,,,,2,2,2023,2023-07
2023-07-30,2023,R,543294,502671,SI,Sinker,,foul,R,R,STL,CHC,87.20,79.30,58,,,,2,1,2023,2023-07
2023-07-30,2023,R,543294,502671,CH,Changeup,,ball,R,R,STL,CHC,80.10,,,,,,1,1,2023,2023-07
2023-07-30,2023,R,543294,502671,CH,Changeup,,ball,R,R,STL,CHC,80.30,,,,,,0,1,2023,2023-07
2023-07-30,2023,R,543294,502671,FF,4-Seam Fastball,,called_strike,R,R,STL,CHC,86.50,,,,,,0,0,2023,2023-07
2023-07-30,2023,R,543294,502671,SI,Sinker,single,hit_into_play,R,R,STL,CHC,87.60,71.30,24,73.48,109.04,line_drive,0,1,2023,2023-07
2023-07-30,2023,R,543294,502671,CH,Changeup,,swinging_strike,R,R,STL,CHC,79.10,,,,,,0,0,2023,2023-07
2023-07-30,2023,R,543294,502671,CH,Changeup,field_out,hit_into_play,R,R,STL,CHC,79.40,60.70,-49,125.32,177.59,ground_ball,0,1,2023,2023-07
2023-07-30,2023,R,543294,502671,SI,Sinker,,swinging_strike,R,R,STL,CHC,87.00,,,,,,0,0,2023,2023-07
2023-07-30,2023,R,543294,571448,CH,Changeup,field_out,hit_into_play,R,R,STL,CHC,80.60,77.30,48,49.69,130.51,fly_ball,0,0,2023,2023-07
2023-07-30,2023,R,543294,571448,CH,Changeup,field_out,hit_into_play,R,R,STL,CHC,80.30,64.80,-5,141.27,162.83,ground_ball,2,1,2023,2023-07
2023-07-30,2023,R,543294,571448,SI,Sinker,,foul,R,R,STL,CHC,87.50,41.90,36,,,,2,0,2023,2023-07
2023-07-30,2023,R,543294,571448,SI,Sinker,,ball,R,R,STL,CHC,88.00,,,,,,1,0,2023,2023-07
2023-07-30,2023,R,543294,571448,SI,Sinker,,blocked_ball,R,R,STL,CHC,88.30,,,,,,0,0,2023,2023-07
2023-07-30,2023,R,543294,571448,CH,Changeup,strikeout,swinging_strike,R,R,STL,CHC,80.40,,,,,,0,2,2023,2023-07
2023-07-30,2023,R,543294,571448,CH,Changeup,,foul,R,R,STL,CHC,80.90,99.40,5,,,,0,2,2023,2023-07
2023-07-30,2023,R,543294,571448,SI,Sinker,,foul,R,R,STL,CHC,86.90,103.60,27,,,,0,1,2023,2023-07
2023-07-30,2023,R,543294,571448,SI,Sinker,,called_strike,R,R,STL,CHC,87.20,,,,,,0,0,2023,2023-07
2023-07-30,2023,R,543294,600301,SI,Sinker,field_out,hit_into_play,R,R,STL,CHC,87.60,37.40,28,133.29,169.30,ground_ball,0,0,2023,2023-07
2023-07-30,2023,R,543294,600301,SI,Sinker,field_out,hit_into_play,R,R,STL,CHC,88.00,97.80,27,97.45,53.24,fly_ball,1,1,2023,2023-07
2023-07-30,2023,R,543294,600301,SI,Sinker,,foul,R,R,STL,CHC,87.80,68.50,18,,,,1,0,2023,2023-07
2023-07-30,2023,R,543294,600301,SI,Sinker,,ball,R,R,STL,CHC,86.60,,,,,,0,0,2023,2023-07
2023-07-30,2023,R,543294,600301,SI,Sinker,single,hit_into_play,R,R,STL,CHC,86.90,107.70,11,142.91,75.46,line_drive,0,1,2023,2023-07
2023-07-30,2023,R,543294,600301,SI,Sinker,,called_strike,R,R,STL,CHC,86.90,,,,,,0,0,2023,2023-07
2023-07-30,2023,R,543294,641933,SI,Sinker,field_out,hit_into_play,R,R,STL,CHC,87.90,48.80,-6,110.74,170.01,ground_ball,1,1,2023,2023-07
2023-07-30,2023,R,543294,641933,SI,Sinker,,ball,R,R,STL,CHC,87.60,,,,,,0,1,2023,2023-07
2023-07-30,2023,R,543294,641933,SI,Sinker,,called_strike,R,R,STL,CHC,87.50,,,,,,0,0,2023,2023-07
2023-07-30,2023,R,543294,641933,SI,Sinker,field_out,hit_into_play,R,R,STL,CHC,87.80,94.70,38,87.87,54.68,fly_ball,1,2,2023,2023-07
2023-07-30,2023,R,543294,641933,SI,Sinker,,swinging_strike,R,R,STL,CHC,86.90,,,,,,1,1,2023,2023-07
2023-07-30,2023,R,543294,641933,SI,Sinker,,foul,R,R,STL,CHC,87.00,67.80,22,,,,1,0,2023,2023-07
2023-07-30,2023,R,543294,641933,SI,Sinker,,ball,R,R,STL,CHC,86.90,,,,,,0,0,2023,2023-07
2023-07-30,2023,R,543294,641933,CH,Changeup,single,hit_into_play,R,R,STL,CHC,80.40,89.30,13,117.49,92.68,line_drive,0,1,2023,2023-07
2023-07-30,2023,R,543294,641933,SI,Sinker,,called_strike,R,R,STL,CHC,87.00,,,,,,0,0,2023,2023-07
2023-07-30,2023,R,543294,657557,SI,Sinker,field_out,hit_into_play,R,R,STL,CHC,86.30,86.00,4,101.52,168.70,ground_ball,0,1,2023,2023-07
2023-07-30,2023,R,543294,657557,SI,Sinker,,foul,R,R,STL,CHC,86.70,99.40,1,,,,0,0,2023,2023-07
2023-07-30,2023,R,543294,657557,CH,Changeup,field_out,hit_into_play,R,R,STL,CHC,80.50,83.50,49,165.54,111.80,fly_ball,0,1,2023,2023-07
2023-07-30,2023,R,543294,657557,SI,Sinker,,called_strike,R,R,STL,CHC,87.40,,,,,,0,0,2023,2023-07
2023-07-30,2023,R,543294,657557,CH,Changeup,field_out,hit_into_play,R,R,STL,CHC,79.80,76.90,47,98.16,104.86,fly_ball,1,1,2023,2023-07
2023-07-30,2023,R,543294,657557,SI,Sinker,,foul,R,R,STL,CHC,87.40,99.30,39,,,,1,0,2023,2023-07
2023-07-30,2023,R,543294,657557,CH,Changeup,,ball,R,R,STL,CHC,80.00,,,,,,0,0,2023,2023-07
2023-07-30,2023,R,543294,663457,CH,Changeup,strikeout,swinging_strike,L,R,STL,CHC,81.60,,,,,,2,2,2023,2023-07
2023-07-30,2023,R,543294,663457,CH,Changeup,,swinging_strike,L,R,STL,CHC,81.20,,,,,,2,1,2023,2023-07
2023-07-30,2023,R,543294,663457,FF,4-Seam Fastball,,called_strike,L,R,STL,CHC,87.20,,,,,,2,0,2023,2023-07
2023-07-30,2023,R,543294,663457,FF,4-Seam Fastball,,ball,L,R,STL,CHC,86.40,,,,,,1,0,2023,2023-07
2023-07-30,2023,R,543294,663457,FF,4-Seam Fastball,,ball,L,R,STL,CHC,86.50,,,,,,0,0,2023,2023-07
2023-07-30,2023,R,543294,663457,SI,Sinker,field_out,hit_into_play,L,R,STL,CHC,87.80,101.50,-17,141.11,146.32,ground_ball,3,1,2023,2023-07
2023-07-30,2023,R,543294,663457,SI,Sinker,,ball,L,R,STL,CHC,88.10,,,,,,2,1,2023,2023-07
2023-07-30,2023,R,543294,663457,CH,Changeup,,ball,L,R,STL,CHC,81.20,,,,,,1,1,2023,2023-07
2023-07-30,2023,R,543294,663457,CH,Changeup,,ball,L,R,STL,CHC,81.70,,,,,,0,1,2023,2023-07
2023-07-30,2023,R,543294,663457,CU,Curveball,,called_strike,L,R,STL,CHC,73.50,,,,,,0,0,2023,2023-07
2023-07-30,2023,R,543294,663457,CH,Changeup,force_out,hit_into_play,L,R,STL,CHC,80.70,65.90,-8,136.54,145.81,ground_ball,2,1,2023,2023-07
2023-07-30,2023,R,543294,663457,CH,Changeup,,ball,L,R,STL,CHC,81.00,,,,,,1,1,2023,2023-07
2023-07-30,2023,R,543294,663457,CH,Changeup,,blocked_ball,L,R,STL,CHC,81.40,,,,,,0,1,2023,2023-07
2023-07-30,2023,R,543294,663457,FF,4-Seam Fastball,,called_strike,L,R,STL,CHC,88.30,,,,,,0,0,2023,2023-07
2023-07-30,2023,R,543294,663457,SI,Sinker,single,hit_into_play,L,R,STL,CHC,85.40,82.00,20,87.28,87.85,line_drive,1,1,2023,2023-07
2023-07-30,2023,R,543294,663457,FF,4-Seam Fastball,,called_strike,L,R,STL,CHC,86.50,,,,,,1,0,2023,2023-07
2023-07-30,2023,R,543294,663457,FF,4-Seam Fastball,,ball,L,R,STL,CHC,85.20,,,,,,0,0,2023,2023-07
2023-07-30,2023,R,543294,668800,CH,Changeup,field_out,hit_into_play,R,R,STL,CHC,80.90,54.20,-68,129.06,197.12,ground_ball,2,0,2023,2023-07
2023-07-30,2023,R,543294,668800,CH,Changeup,,blocked_ball,R,R,STL,CHC,80.10,,,,,,1,0,2023,2023-07
2023-07-30,2023,R,543294,668800,CU,Curveball,,ball,R,R,STL,CHC,75.10,,,,,,0,0,2023,2023-07
2023-07-30,2023,R,543294,668800,SI,Sinker,single,hit_into_play,R,R,STL,CHC,88.20,99.30,22,48.32,69.28,line_drive,1,1,2023,2023-07
2023-07-30,2023,R,543294,668800,SI,Sinker,,foul,R,R,STL,CHC,87.40,82.30,26,,,,1,0,2023,2023-07
2023-07-30,2023,R,543294,668800,CH,Changeup,,ball,R,R,STL,CHC,80.00,,,,,,0,0,2023,2023-07
2023-07-30,2023,R,543294,668800,SI,Sinker,single,hit_into_play,R,R,STL,CHC,87.60,110.30,8,83.75,105.12,line_drive,1,1,2023,2023-07
2023-07-30,2023,R,543294,668800,CH,Changeup,,ball,R,R,STL,CHC,79.20,,,,,,0,1,2023,2023-07
2023-07-30,2023,R,543294,668800,SI,Sinker,,foul,R,R,STL,CHC,87.50,64.30,60,,,,0,0,2023,2023-07
2023-07-30,2023,R,543294,676475,SI,Sinker,double,hit_into_play,L,R,STL,CHC,87.80,99.40,15,217.93,107.64,line_drive,1,2,2023,2023-07
2023-07-30,2023,R,543294,676475,CH,Changeup,,foul,L,R,STL,CHC,81.40,80.80,30,,,,1,2,2023,2023-07
2023-07-30,2023,R,543294,676475,SI,Sinker,,ball,L,R,STL,CHC,87.50,,,,,,0,2,2023,2023-07
2023-07-30,2023,R,543294,676475,CH,Changeup,,foul,L,R,STL,CHC,81.40,60.20,27,,,,0,2,2023,2023-07
2023-07-30,2023,R,543294,676475,CH,Changeup,,foul,L,R,STL,CHC,80.00,68.20,23,,,,0,1,2023,2023-07
2023-07-30,2023,R,543294,676475,CU,Curveball,,called_strike,L,R,STL,CHC,73.90,,,,,,0,0,2023,2023-07
2023-07-30,2023,R,543294,676475,FF,4-Seam Fastball,walk,ball,L,R,STL,CHC,87.90,,,,,,3,2,2023,2023-07
2023-07-30,2023,R,543294,676475,FF,4-Seam Fastball,,foul,L,R,STL,CHC,87.70,75.60,51,,,,3,1,2023,2023-07
2023-07-30,2023,R,543294,676475,FF,4-Seam Fastball,,called_strike,L,R,STL,CHC,87.00,,,,,,3,0,2023,2023-07
2023-07-30,2023,R,543294,676475,FF,4-Seam Fastball,,ball,L,R,STL,CHC,87.40,,,,,,2,0,2023,2023-07
2023-07-30,2023,R,543294,676475,FF,4-Seam Fastball,,ball,L,R,STL,CHC,87.20,,,,,,1,0,2023,2023-07
2023-07-30,2023,R,543294,676475,FF,4-Seam Fastball,,ball,L,R,STL,CHC,88.60,,,,,,0,0,2023,2023-07
2023-07-30,2023,R,543294,676475,CH,Changeup,force_out,hit_into_play,L,R,STL,CHC,80.70,90.00,6,143.14,146.83,ground_ball,0,1,2023,2023-07
2023-07-30,2023,R,543294,676475,FF,4-Seam Fastball,,called_strike,L,R,STL,CHC,88.00,,,,,,0,0,2023,2023-07
2023-07-30,2023,R,543294,691023,SI,Sinker,field_out,hit_into_play,R,R,STL,CHC,87.40,87.30,7,123.85,142.76,ground_ball,0,0,2023,2023-07
2023-07-30,2023,R,543294,691023,SI,Sinker,force_out,hit_into_play,R,R,STL,CHC,87.90,101.20,-9,102.53,150.90,ground_ball,0,0,2023,2023-07
2023-07-30,2023,R,543294,691023,SI,Sinker,single,hit_into_play,R,R,STL,CHC,86.80,106.80,5,86.29,101.56,ground_ball,1,1,2023,2023-07
2023-07-30,2023,R,543294,691023,SI,Sinker,,ball,R,R,STL,CHC,87.10,,,,,,0,1,2023,2023-07
2023-07-30,2023,R,543294,691023,SI,Sinker,,called_strike,R,R,STL,CHC,86.20,,,,,,0,0,2023,2023-07
2023-07-30,2023,R,543351,500871,FF,4-Seam Fastball,field_out,hit_into_play,L,R,TOR,LAA,93.40,98.50,44,170.21,79.28,fly_ball,1,1,2023,2023-07
2023-07-30,2023,R,543351,500871,FF,4-Seam Fastball,,ball,L,R,TOR,LAA,92.70,,,,,,0,1,2023,2023-07
2023-07-30,2023,R,543351,500871,SL,Slider,,swinging_strike,L,R,TOR,LAA,85.10,,,,,,0,0,2023,2023-07
2023-07-30,2023,R,543351,592669,SL,Slider,single,hit_into_play,R,R,TOR,LAA,85.10,94.80,14,55.26,115.53,line_drive,1,1,2023,2023-07
2023-07-30,2023,R,543351,592669,SL,Slider,,ball,R,R,TOR,LAA,83.70,,,,,,0,1,2023,2023-07
2023-07-30,2023,R,543351,592669,SL,Slider,,foul,R,R,TOR,LAA,85.10,65.60,-47,,,,0,0,2023,2023-07
2023-07-30,2023,R,543351,663550,FF,4-Seam Fastball,strikeout,swinging_strike,L,R,TOR,LAA,94.20,,,,,,1,2,2023,2023-07
2023-07-30,2023,R,543351,663550,SL,Slider,,foul,L,R,TOR,LAA,85.90,87.00,14,,,,1,2,2023,2023-07
2023-07-30,2023,R,543351,663550,FF,4-Seam Fastball,,swinging_strike,L,R,TOR,LAA,94.40,,,,,,1,1,2023,2023-07
2023-07-30,2023,R,543351,663550,SL,Slider,,foul,L,R,TOR,LAA,85.60,67.90,58,,,,1,0,2023,2023-07
2023-07-30,2023,R,543351,663550,SL,Slider,,ball,L,R,TOR,LAA,85.00,,,,,,0,0,2023,2023-07
2023-07-30,2023,R,543521,467793,FC,Cutter,field_out,hit_into_play,L,R,ATL,MIL,89.10,104.10,5,160.40,137.52,ground_ball,2,1,2023,2023-07
2023-07-30,2023,R,543521,467793,FC,Cutter,,called_strike,L,R,ATL,MIL,88.50,,,,,,2,0,2023,2023-07
2023-07-30,2023,R,543521,467793,ST,Sweeper,,ball,L,R,ATL,MIL,78.60,,,,,,1,0,2023,2023-07
2023-07-30,2023,R,543521,467793,FC,Cutter,,ball,L,R,ATL,MIL,88.80,,,,,,0,0,2023,2023-07
2023-07-30,2023,R,543521,592885,ST,Sweeper,field_out,hit_into_play,L,R,ATL,MIL,79.10,97.10,-11,144.78,155.71,ground_ball,0,0,2023,2023-07
2023-07-30,2023,R,543521,647351,FC,Cutter,force_out,hit_into_play,L,R,ATL,MIL,87.50,69.60,-8,155.69,165.41,ground_ball,0,0,2023,2023-07
2023-07-30,2023,R,543521,655316,FC,Cutter,single,hit_into_play,R,R,ATL,MIL,88.20,102.00,2,106.60,78.14,ground_ball,0,0,2023,2023-07
2023-07-30,2023,R,543521,661388,ST,Sweeper,double,hit_into_play,R,R,ATL,MIL,81.00,101.80,10,164.00,76.20,line_drive,0,0,2023,2023-07
2023-07-30,2023,R,543521,663368,FC,Cutter,walk,ball,L,R,ATL,MIL,89.00,,,,,,3,1,2023,2023-07
2023-07-30,2023,R,543521,663368,ST,Sweeper,,ball,L,R,ATL,MIL,80.20,,,,,,2,1,2023,2023-07
2023-07-30,2023,R,543521,663368,ST,Sweeper,,called_strike,L,R,ATL,MIL,79.60,,,,,,2,0,2023,2023-07
2023-07-30,2023,R,543521,663368,ST,Sweeper,,ball,L,R,ATL,MIL,79.60,,,,,,1,0,2023,2023-07
2023-07-30,2023,R,543521,663368,FC,Cutter,,ball,L,R,ATL,MIL,88.70,,,,,,0,0,2023,2023-07
2023-07-30,2023,R,543521,668930,FC,Cutter,single,hit_into_play,L,R,ATL,MIL,88.90,83.30,17,76.81,106.47,line_drive,2,2,2023,2023-07
2023-07-30,2023,R,543521,668930,FC,Cutter,,called_strike,L,R,ATL,MIL,88.50,,,,,,2,1,2023,2023-07
2023-07-30,2023,R,543521,668930,ST,Sweeper,,ball,L,R,ATL,MIL,78.40,,,,,,1,1,2023,2023-07
2023-07-30,2023,R,543521,668930,ST,Sweeper,,ball,L,R,ATL,MIL,77.80,,,,,,0,1,2023,2023-07
2023-07-30,2023,R,543521,668930,FC,Cutter,,called_strike,L,R,ATL,MIL,88.10,,,,,,0,0,2023,2023-07
2023-07-30,2023,R,548384,545121,ST,Sweeper,strikeout,foul_tip,R,L,NYM,WSH,80.60,,,,,,0,2,2023,2023-07
2023-07-30,2023,R,548384,545121,FC,Cutter,,swinging_strike,R,L,NYM,WSH,86.80,,,,,,0,1,2023,2023-07
2023-07-30,2023,R,548384,545121,FC,Cutter,,called_strike,R,L,NYM,WSH,86.20,,,,,,0,0,2023,2023-07
2023-07-30,2023,R,548384,642086,ST,Sweeper,strikeout,swinging_strike,L,L,NYM,WSH,81.00,,,,,,0,2,2023,2023-07
2023-07-30,2023,R,548384,642086,FC,Cutter,,swinging_strike,L,L,NYM,WSH,86.50,,,,,,0,1,2023,2023-07
2023-07-30,2023,R,548384,642086,SI,Sinker,,called_strike,L,L,NYM,WSH,89.10,,,,,,0,0,2023,2023-07
2023-07-30,2023,R,548384,656448,CH,Changeup,walk,ball,R,L,NYM,WSH,82.90,,,,,,3,2,2023,2023-07
2023-07-30,2023,R,548384,656448,SI,Sinker,,ball,R,L,NYM,WSH,88.70,,,,,,2,2,2023,2023-07
2023-07-30,2023,R,548384,656448,CH,Changeup,,ball,R,L,NYM,WSH,84.90,,,,,,1,2,2023,2023-07
2023-07-30,2023,R,548384,656448,CH,Changeup,,swinging_strike,R,L,NYM,WSH,84.80,,,,,,1,1,2023,2023-07
2023-07-30,2023,R,548384,656448,CH,Changeup,,ball,R,L,NYM,WSH,84.70,,,,,,0,1,2023,2023-07
2023-07-30,2023,R,548384,656448,SI,Sinker,,swinging_strike,R,L,NYM,WSH,89.50,,,,,,0,0,2023,2023-07
2023-07-30,2023,R,548384,657041,ST,Sweeper,strikeout,called_strike,R,L,NYM,WSH,80.40,,,,,,2,2,2023,2023-07
2023-07-30,2023,R,548384,657041,SI,Sinker,,foul,R,L,NYM,WSH,89.20,98.70,-12,,,,2,1,2023,2023-07
2023-07-30,2023,R,548384,657041,FC,Cutter,,called_strike,R,L,NYM,WSH,86.20,,,,,,2,0,2023,2023-07
2023-07-30,2023,R,548384,657041,FC,Cutter,,ball,R,L,NYM,WSH,85.90,,,,,,1,0,2023,2023-07
2023-07-30,2023,R,548384,657041,SI,Sinker,,ball,R,L,NYM,WSH,88.50,,,,,,0,0,2023,2023-07
2023-07-30,2023,R,548389,457759,SL,Slider,grounded_into_double_play,hit_into_play,R,R,SF,BOS,86.10,103.00,6,105.58,150.90,ground_ball,1,1,2023,2023-07
2023-07-30,2023,R,548389,457759,FF,4-Seam Fastball,,ball,R,R,SF,BOS,90.50,,,,,,0,1,2023,2023-07
2023-07-30,2023,R,548389,457759,KC,Knuckle Curve,,called_strike,R,R,SF,BOS,75.60,,,,,,0,0,2023,2023-07
2023-07-30,2023,R,548389,457759,FC,Cutter,field_out,hit_into_play,R,R,SF,BOS,88.50,96.50,-17,104.05,151.91,ground_ball,3,2,2023,2023-07
2023-07-30,2023,R,548389,457759,FF,4-Seam Fastball,,ball,R,R,SF,BOS,91.50,,,,,,2,2,2023,2023-07
2023-07-30,2023,R,548389,457759,FF,4-Seam Fastball,,ball,R,R,SF,BOS,92.20,,,,,,1,2,2023,2023-07
2023-07-30,2023,R,548389,457759,SI,Sinker,,called_strike,R,R,SF,BOS,90.10,,,,,,1,1,2023,2023-07
2023-07-30,2023,R,548389,457759,SL,Slider,,ball,R,R,SF,BOS,86.20,,,,,,0,1,2023,2023-07
2023-07-30,2023,R,548389,457759,SI,Sinker,,called_strike,R,R,SF,BOS,87.10,,,,,,0,0,2023,2023-07
2023-07-30,2023,R,548389,594807,CH,Changeup,home_run,hit_into_play,R,R,SF,BOS,83.20,95.60,31,73.86,54.22,fly_ball,2,2,2023,2023-07
2023-07-30,2023,R,548389,594807,SI,Sinker,,ball,R,R,SF,BOS,89.90,,,,,,1,2,2023,2023-07
2023-07-30,2023,R,548389,594807,SL,Slider,,ball,R,R,SF,BOS,87.30,,,,,,0,2,2023,2023-07
2023-07-30,2023,R,548389,594807,SL,Slider,,foul,R,R,SF,BOS,79.80,66.90,16,,,,0,2,2023,2023-07
2023-07-30,2023,R,548389,594807,SL,Slider,,called_strike,R,R,SF,BOS,85.30,,,,,,0,1,2023,2023-07
2023-07-30,2023,R,548389,594807,SL,Slider,,swinging_strike,R,R,SF,BOS,84.50,,,,,,0,0,2023,2023-07
2023-07-30,2023,R,548389,594807,CH,Changeup,field_out,hit_into_play,R,R,SF,BOS,83.00,65.70,15,149.89,162.19,line_drive,0,1,2023,2023-07
2023-07-30,2023,R,548389,594807,FF,4-Seam Fastball,,called_strike,R,R,SF,BOS,92.20,,,,,,0,0,2023,2023-07
2023-07-30,2023,R,548389,595751,SL,Slider,field_out,hit_into_play,R,R,SF,BOS,86.10,56.30,-76,122.70,187.00,ground_ball,0,0,2023,2023-07
2023-07-30,2023,R,548389,595751,KC,Knuckle Curve,hit_by_pitch,hit_by_pitch,R,R,SF,BOS,74.80,,,,,,0,0,2023,2023-07
2023-07-30,2023,R,548389,608701,CH,Changeup,single,hit_into_play,R,R,SF,BOS,82.10,57.50,-51,107.10,171.68,ground_ball,1,1,2023,2023-07
2023-07-30,2023,R,548389,608701,SI,Sinker,,foul,R,R,SF,BOS,89.50,72.30,-31,,,,1,0,2023,2023-07
2023-07-30,2023,R,548389,608701,SI,Sinker,,ball,R,R,SF,BOS,88.60,,,,,,0,0,2023,2023-07
2023-07-30,2023,R,548389,608701,FC,Cutter,field_out,hit_into_play,R,R,SF,BOS,88.40,95.20,29,171.66,67.40,fly_ball,1,2,2023,2023-07
2023-07-30,2023,R,548389,608701,CH,Changeup,,foul,R,R,SF,BOS,83.10,87.90,42,,,,1,2,2023,2023-07
2023-07-30,2023,R,548389,608701,SL,Slider,,called_strike,R,R,SF,BOS,85.90,,,,,,1,1,2023,2023-07
2023-07-30,2023,R,548389,608701,SI,Sinker,,foul,R,R,SF,BOS,90.60,75.10,-41,,,,1,0,2023,2023-07
2023-07-30,2023,R,548389,608701,SI,Sinker,,ball,R,R,SF,BOS,91.10,,,,,,0,0,2023,2023-07
2023-07-30,2023,R,548389,622569,SL,Slider,field_out,hit_into_play,R,R,SF,BOS,88.20,85.40,-19,102.53,151.91,ground_ball,0,1,2023,2023-07
2023-07-30,2023,R,548389,622569,FF,4-Seam Fastball,,called_strike,R,R,SF,BOS,91.70,,,,,,0,0,2023,2023-07
2023-07-30,2023,R,548389,624414,SL,Slider,field_out,hit_into_play,R,R,SF,BOS,84.60,70.60,-9,106.59,161.07,ground_ball,0,0,2023,2023-07
2023-07-30,2023,R,548389,624414,FC,Cutter,strikeout,called_strike,R,R,SF,BOS,89.40,,,,,,2,2,2023,2023-07
2023-07-30,2023,R,548389,624414,SI,Sinker,,foul,R,R,SF,BOS,90.70,69.60,-48,,,,2,1,2023,2023-07
2023-07-30,2023,R,548389,624414,FC,Cutter,,ball,R,R,SF,BOS,86.10,,,,,,1,1,2023,2023-07
2023-07-30,2023,R,548389,624414,FC,Cutter,,ball,R,R,SF,BOS,86.90,,,,,,0,1,2023,2023-07
2023-07-30,2023,R,548389,624414,FC,Cutter,,called_strike,R,R,SF,BOS,85.60,,,,,,0,0,2023,2023-07
2023-07-30,2023,R,548389,646240,SL,Slider,strikeout,swinging_strike,L,R,SF,BOS,87.50,,,,,,3,2,2023,2023-07
2023-07-30,2023,R,548389,646240,FF,4-Seam Fastball,,ball,L,R,SF,BOS,92.90,,,,,,2,2,2023,2023-07
2023-07-30,2023,R,548389,646240,FF,4-Seam Fastball,,ball,L,R,SF,BOS,93.50,,,,,,1,2,2023,2023-07
2023-07-30,2023,R,548389,646240,KC,Knuckle Curve,,called_strike,L,R,SF,BOS,76.30,,,,,,1,1,2023,2023-07
2023-07-30,2023,R,548389,646240,CH,Changeup,,swinging_strike,L,R,SF,BOS,83.40,,,,,,1,0,2023,2023-07
2023-07-30,2023,R,548389,646240,CH,Changeup,,ball,L,R,SF,BOS,82.90,,,,,,0,0,2023,2023-07
2023-07-30,2023,R,548389,646240,SI,Sinker,double,hit_into_play,L,R,SF,BOS,93.90,106.40,11,38.63,102.28,line_drive,2,2,2023,2023-07
2023-07-30,2023,R,548389,646240,FC,Cutter,,ball,L,R,SF,BOS,85.40,,,,,,1,2,2023,2023-07
2023-07-30,2023,R,548389,646240,FF,4-Seam Fastball,,foul,L,R,SF,BOS,94.20,83.70,75,,,,1,2,2023,2023-07
2023-07-30,2023,R,548389,646240,SI,Sinker,,foul,L,R,SF,BOS,92.50,87.20,50,,,,1,1,2023,2023-07
2023-07-30,2023,R,548389,646240,SI,Sinker,,swinging_strike,L,R,SF,BOS,93.20,,,,,,1,0,2023,2023-07
2023-07-30,2023,R,548389,646240,CH,Changeup,,ball,L,R,SF,BOS,84.70,,,,,,0,0,2023,2023-07
2023-07-30,2023,R,548389,657077,CH,Changeup,single,hit_into_play,L,R,SF,BOS,81.50,100.50,3,136.48,143.46,ground_ball,1,2,2023,2023-07
2023-07-30,2023,R,548389,657077,FF,4-Seam Fastball,,foul,L,R,SF,BOS,90.60,68.90,43,,,,1,1,2023,2023-07
2023-07-30,2023,R,548389,657077,CH,Changeup,,ball,L,R,SF,BOS,81.70,,,,,,0,1,2023,2023-07
2023-07-30,2023,R,548389,657077,SL,Slider,,called_strike,L,R,SF,BOS,84.60,,,,,,0,0,2023,2023-07
2023-07-30,2023,R,548389,657077,CH,Changeup,field_out,hit_into_play,L,R,SF,BOS,82.90,88.00,30,164.09,69.77,fly_ball,2,2,2023,2023-07
2023-07-30,2023,R,548389,657077,SL,Slider,,called_strike,L,R,SF,BOS,85.50,,,,,,2,1,2023,2023-07
2023-07-30,2023,R,548389,657077,SI,Sinker,,ball,L,R,SF,BOS,91.20,,,,,,1,1,2023,2023-07
2023-07-30,2023,R,548389,657077,CH,Changeup,,ball,L,R,SF,BOS,80.40,,,,,,0,1,2023,2023-07
2023-07-30,2023,R,548389,657077,KC,Knuckle Curve,,called_strike,L,R,SF,BOS,74.00,,,,,,0,0,2023,2023-07
2023-07-30,2023,R,548389,671213,CH,Changeup,field_out,hit_into_play,L,R,SF,BOS,82.90,76.00,56,143.99,128.37,popup,1,0,2023,2023-07
2023-07-30,2023,R,548389,671213,KC,Knuckle Curve,,blocked_ball,L,R,SF,BOS,75.70,,,,,,0,0,2023,2023-07
2023-07-30,2023,R,548389,807799,FC,Cutter,strikeout,called_strike,L,R,SF,BOS,88.00,,,,,,2,2,2023,2023-07
2023-07-30,2023,R,548389,807799,SI,Sinker,,ball,L,R,SF,BOS,93.90,,,,,,1,2,2023,2023-07
2023-07-30,2023,R,548389,807799,CH,Changeup,,ball,L,R,SF,BOS,84.60,,,,,,0,2,2023,2023-07
2023-07-30,2023,R,548389,807799,FF,4-Seam Fastball,,foul,L,R,SF,BOS,93.10,70.40,41,,,,0,1,2023,2023-07
2023-07-30,2023,R,548389,807799,CH,Changeup,,called_strike,L,R,SF,BOS,81.50,,,,,,0,0,2023,2023-07
2023-07-30,2023,R,554340,500871,FF,4-Seam Fastball,field_out,hit_into_play,L,R,TOR,LAA,97.70,97.50,3,142.59,144.46,ground_ball,1,2,2023,2023-07
2023-07-30,2023,R,554340,500871,CU,Curveball,,ball,L,R,TOR,LAA,86.40,,,,,,0,2,2023,2023-07
2023-07-30,2023,R,554340,500871,FF,4-Seam Fastball,,foul,L,R,TOR,LAA,98.50,84.50,69,,,,0,2,2023,2023-07
2023-07-30,2023,R,554340,500871,FF,4-Seam Fastball,,swinging_strike,L,R,TOR,LAA,97.60,,,,,,0,1,2023,2023-07
2023-07-30,2023,R,554340,500871,FF,4-Seam Fastball,,called_strike,L,R,TOR,LAA,96.80,,,,,,0,0,2023,2023-07
2023-07-30,2023,R,554340,592669,CU,Curveball,home_run,hit_into_play,R,R,TOR,LAA,84.70,98.00,24,23.15,90.21,fly_ball,0,1,2023,2023-07
2023-07-30,2023,R,554340,592669,FF,4-Seam Fastball,,foul,R,R,TOR,LAA,97.80,83.40,8,,,,0,0,2023,2023-07
2023-07-30,2023,R,554340,595453,CU,Curveball,sac_bunt,hit_into_play,R,R,TOR,LAA,82.40,17.10,-14,124.01,198.53,ground_ball,0,0,2023,2023-07
2023-07-30,2023,R,554340,663550,FF,4-Seam Fastball,strikeout,swinging_strike,L,R,TOR,LAA,97.00,,,,,,3,2,2023,2023-07
2023-07-30,2023,R,554340,663550,FF,4-Seam Fastball,,ball,L,R,TOR,LAA,95.80,,,,,,2,2,2023,2023-07
2023-07-30,2023,R,554340,663550,CU,Curveball,,swinging_strike,L,R,TOR,LAA,85.00,,,,,,2,1,2023,2023-07
2023-07-30,2023,R,554340,663550,CH,Changeup,,ball,L,R,TOR,LAA,90.00,,,,,,1,1,2023,2023-07
2023-07-30,2023,R,554340,663550,FF,4-Seam Fastball,,ball,L,R,TOR,LAA,97.40,,,,,,0,1,2023,2023-07
2023-07-30,2023,R,554340,663550,CU,Curveball,,foul,L,R,TOR,LAA,83.10,,,,,,0,0,2023,2023-07
2023-07-30,2023,R,571670,521692,FF,4-Seam Fastball,field_out,hit_into_play,R,R,KC,MIN,90.40,28.80,-83,125.63,196.67,ground_ball,0,1,2023,2023-07
2023-07-30,2023,R,571670,521692,SL,Slider,,foul,R,R,KC,MIN,82.50,64.00,-42,,,,0,0,2023,2023-07
2023-07-30,2023,R,571670,666023,SI,Sinker,field_out,hit_into_play,R,R,KC,MIN,90.60,88.10,-7,106.44,151.97,ground_ball,2,1,2023,2023-07
2023-07-30,2023,R,571670,666023,SI,Sinker,,foul,R,R,KC,MIN,91.10,78.70,56,,,,2,0,2023,2023-07
2023-07-30,2023,R,571670,666023,FF,4-Seam Fastball,,ball,R,R,KC,MIN,91.80,,,,,,1,0,2023,2023-07
2023-07-30,2023,R,571670,666023,SI,Sinker,,ball,R,R,KC,MIN,91.90,,,,,,0,0,2023,2023-07
2023-07-30,2023,R,571670,686681,FF,4-Seam Fastball,field_out,hit_into_play,L,R,KC,MIN,91.70,66.40,59,136.56,138.31,popup,3,1,2023,2023-07
2023-07-30,2023,R,571670,686681,FF,4-Seam Fastball,,called_strike,L,R,KC,MIN,91.60,,,,,,3,0,2023,2023-07
2023-07-30,2023,R,571670,686681,FF,4-Seam Fastball,,ball,L,R,KC,MIN,92.30,,,,,,2,0,2023,2023-07
2023-07-30,2023,R,571670,686681,SL,Slider,,ball,L,R,KC,MIN,83.90,,,,,,1,0,2023,2023-07
2023-07-30,2023,R,571670,686681,FF,4-Seam Fastball,,ball,L,R,KC,MIN,91.50,,,,,,0,0,2023,2023-07
2023-07-30,2023,R,571863,643393,FF,4-Seam Fastball,field_out,hit_into_play,L,R,COL,ATH,95.40,100.90,6,152.78,151.82,ground_ball,1,2,2023,2023-07
2023-07-30,2023,R,571863,643393,SL,Slider,,ball,L,R,COL,ATH,83.70,,,,,,0,2,2023,2023-07
2023-07-30,2023,R,571863,643393,FF,4-Seam Fastball,,foul,L,R,COL,ATH,94.50,84.20,-5,,,,0,2,2023,2023-07
2023-07-30,2023,R,571863,643393,FF,4-Seam Fastball,,foul,L,R,COL,ATH,94.60,68.80,63,,,,0,1,2023,2023-07
2023-07-30,2023,R,571863,643393,FF,4-Seam Fastball,,called_strike,L,R,COL,ATH,94.10,,,,,,0,0,2023,2023-07
2023-07-30,2023,R,571863,667670,FF,4-Seam Fastball,field_out,hit_into_play,R,R,COL,ATH,95.20,101.80,18,171.00,72.96,line_drive,1,0,2023,2023-07
2023-07-30,2023,R,571863,667670,FF,4-Seam Fastball,,ball,R,R,COL,ATH,94.90,,,,,,0,0,2023,2023-07
2023-07-30,2023,R,571863,680869,SL,Slider,strikeout,swinging_strike,R,R,COL,ATH,83.50,,,,,,1,2,2023,2023-07
2023-07-30,2023,R,571863,680869,SL,Slider,,foul,R,R,COL,ATH,83.80,,,,,,1,2,2023,2023-07
2023-07-30,2023,R,571863,680869,FF,4-Seam Fastball,,foul,R,R,COL,ATH,94.60,87.50,27,,,,1,1,2023,2023-07
2023-07-30,2023,R,571863,680869,FF,4-Seam Fastball,,called_strike,R,R,COL,ATH,95.40,,,,,,1,0,2023,2023-07
2023-07-30,2023,R,571863,680869,FC,Cutter,,ball,R,R,COL,ATH,91.60,,,,,,0,0,2023,2023-07
2023-07-30,2023,R,571882,444482,FC,Cutter,strikeout,foul_tip,L,R,LAD,CIN,93.60,,,,,,0,2,2023,2023-07
2023-07-30,2023,R,571882,444482,FF,4-Seam Fastball,,foul,L,R,LAD,CIN,95.80,79.80,66,,,,0,1,2023,2023-07
2023-07-30,2023,R,571882,444482,FF,4-Seam Fastball,,called_strike,L,R,LAD,CIN,95.50,,,,,,0,0,2023,2023-07
2023-07-30,2023,R,571882,500743,CH,Changeup,field_out,hit_into_play,R,R,LAD,CIN,90.00,100.50,1,117.28,185.96,ground_ball,1,2,2023,2023-07
2023-07-30,2023,R,571882,500743,SL,Slider,,foul,R,R,LAD,CIN,87.20,71.40,-16,,,,1,2,2023,2023-07
2023-07-30,2023,R,571882,500743,CU,Curveball,,ball,R,R,LAD,CIN,79.40,,,,,,0,2,2023,2023-07
2023-07-30,2023,R,571882,500743,SI,Sinker,,foul,R,R,LAD,CIN,94.60,90.10,-41,,,,0,1,2023,2023-07
2023-07-30,2023,R,571882,500743,FF,4-Seam Fastball,,called_strike,R,R,LAD,CIN,94.00,,,,,,0,0,2023,2023-07
2023-07-30,2023,R,571882,518792,SL,Slider,strikeout,swinging_strike,L,R,LAD,CIN,86.60,,,,,,0,2,2023,2023-07
2023-07-30,2023,R,571882,518792,FC,Cutter,,called_strike,L,R,LAD,CIN,90.90,,,,,,0,1,2023,2023-07
2023-07-30,2023,R,571882,518792,CU,Curveball,,swinging_strike,L,R,LAD,CIN,78.00,,,,,,0,0,2023,2023-07
2023-07-30,2023,R,571882,571771,FC,Cutter,field_out,hit_into_play,R,R,LAD,CIN,91.50,103.10,18,46.87,78.16,line_drive,0,0,2023,2023-07
2023-07-30,2023,R,571882,621035,FF,4-Seam Fastball,strikeout,swinging_strike,R,R,LAD,CIN,96.20,,,,,,1,2,2023,2023-07
2023-07-30,2023,R,571882,621035,FF,4-Seam Fastball,,called_strike,R,R,LAD,CIN,95.40,,,,,,1,1,2023,2023-07
2023-07-30,2023,R,571882,621035,SL,Slider,,ball,R,R,LAD,CIN,85.90,,,,,,0,1,2023,2023-07
2023-07-30,2023,R,571882,621035,FC,Cutter,,called_strike,R,R,LAD,CIN,91.50,,,,,,0,0,2023,2023-07
2023-07-30,2023,R,571882,681546,CH,Changeup,field_out,hit_into_play,L,R,LAD,CIN,87.80,66.50,-77,129.79,195.69,ground_ball,2,2,2023,2023-07
2023-07-30,2023,R,571882,681546,FF,4-Seam Fastball,,ball,L,R,LAD,CIN,95.90,,,,,,1,2,2023,2023-07
2023-07-30,2023,R,571882,681546,SL,Slider,,foul,L,R,LAD,CIN,86.50,,,,,,1,1,2023,2023-07
2023-07-30,2023,R,571882,681546,CU,Curveball,,ball,L,R,LAD,CIN,78.90,,,,,,0,1,2023,2023-07
2023-07-30,2023,R,571882,681546,FC,Cutter,,called_strike,L,R,LAD,CIN,89.90,,,,,,0,0,2023,2023-07
2023-07-30,2023,R,571927,543228,SI,Sinker,field_out,hit_into_play,R,L,STL,CHC,95.00,84.90,2,95.42,170.23,ground_ball,0,2,2023,2023-07
2023-07-30,2023,R,571927,543228,SI,Sinker,,swinging_strike,R,L,STL,CHC,94.70,,,,,,0,1,2023,2023-07
2023-07-30,2023,R,571927,543228,SI,Sinker,,called_strike,R,L,STL,CHC,94.80,,,,,,0,0,2023,2023-07
2023-07-30,2023,R,571927,543228,CH,Changeup,field_out,hit_into_play,R,L,STL,CHC,85.50,60.70,73,143.90,178.66,popup,2,2,2023,2023-07
2023-07-30,2023,R,571927,543228,SI,Sinker,,foul,R,L,STL,CHC,95.40,64.70,21,,,,2,2,2023,2023-07
2023-07-30,2023,R,571927,543228,SI,Sinker,,foul,R,L,STL,CHC,95.70,78.90,62,,,,2,2,2023,2023-07
2023-07-30,2023,R,571927,543228,SI,Sinker,,swinging_strike,R,L,STL,CHC,95.60,,,,,,2,1,2023,2023-07
2023-07-30,2023,R,571927,543228,SI,Sinker,,called_strike,R,L,STL,CHC,94.50,,,,,,2,0,2023,2023-07
2023-07-30,2023,R,571927,543228,SI,Sinker,,ball,R,L,STL,CHC,94.90,,,,,,1,0,2023,2023-07
2023-07-30,2023,R,571927,543228,SI,Sinker,,ball,R,L,STL,CHC,95.90,,,,,,0,0,2023,2023-07
2023-07-30,2023,R,571927,543228,SI,Sinker,single,hit_into_play,R,L,STL,CHC,94.50,104.10,5,68.79,98.72,ground_ball,1,0,2023,2023-07
2023-07-30,2023,R,571927,543228,CH,Changeup,,ball,R,L,STL,CHC,83.80,,,,,,0,0,2023,2023-07
2023-07-30,2023,R,571927,621020,SI,Sinker,strikeout,swinging_strike,R,L,STL,CHC,96.20,,,,,,2,2,2023,2023-07
2023-07-30,2023,R,571927,621020,CH,Changeup,,ball,R,L,STL,CHC,84.70,,,,,,1,2,2023,2023-07
2023-07-30,2023,R,571927,621020,SL,Slider,,foul,R,L,STL,CHC,90.60,,,,,,1,2,2023,2023-07
2023-07-30,2023,R,571927,621020,SI,Sinker,,foul,R,L,STL,CHC,96.40,77.10,35,,,,1,2,2023,2023-07
2023-07-30,2023,R,571927,621020,SI,Sinker,,ball,R,L,STL,CHC,95.40,,,,,,0,2,2023,2023-07
2023-07-30,2023,R,571927,621020,SL,Slider,,foul,R,L,STL,CHC,90.80,,,,,,0,1,2023,2023-07
2023-07-30,2023,R,571927,621020,CU,Curveball,,called_strike,R,L,STL,CHC,79.10,,,,,,0,0,2023,2023-07
2023-07-30,2023,R,571927,621020,SI,Sinker,field_out,hit_into_play,R,L,STL,CHC,94.50,98.30,50,117.11,99.50,fly_ball,2,2,2023,2023-07
2023-07-30,2023,R,571927,621020,CH,Changeup,,foul,R,L,STL,CHC,83.50,86.50,-19,,,,2,2,2023,2023-07
2023-07-30,2023,R,571927,621020,SI,Sinker,,foul,R,L,STL,CHC,95.20,87.80,-23,,,,2,2,2023,2023-07
2023-07-30,2023,R,571927,621020,CU,Curveball,,foul,R,L,STL,CHC,78.20,76.00,-27,,,,2,2,2023,2023-07
2023-07-30,2023,R,571927,621020,SI,Sinker,,foul,R,L,STL,CHC,94.70,71.60,66,,,,2,2,2023,2023-07
2023-07-30,2023,R,571927,621020,SI,Sinker,,ball,R,L,STL,CHC,94.40,,,,,,1,2,2023,2023-07
2023-07-30,2023,R,571927,621020,CH,Changeup,,foul,R,L,STL,CHC,83.80,74.40,59,,,,1,2,2023,2023-07
2023-07-30,2023,R,571927,621020,CH,Changeup,,ball,R,L,STL,CHC,84.80,,,,,,0,2,2023,2023-07
2023-07-30,2023,R,571927,621020,SI,Sinker,,swinging_strike,R,L,STL,CHC,93.80,,,,,,0,1,2023,2023-07
2023-07-30,2023,R,571927,621020,SI,Sinker,,foul,R,L,STL,CHC,93.90,99.40,58,,,,0,0,2023,2023-07
2023-07-30,2023,R,571927,641355,CH,Changeup,single,hit_into_play,L,L,STL,CHC,86.20,84.10,10,142.52,112.36,ground_ball,0,1,2023,2023-07
2023-07-30,2023,R,571927,641355,SI,Sinker,,foul,L,L,STL,CHC,95.90,85.90,53,,,,0,0,2023,2023-07
2023-07-30,2023,R,571927,641355,SI,Sinker,field_out,hit_into_play,L,L,STL,CHC,95.90,82.90,40,57.03,128.79,fly_ball,2,1,2023,2023-07
2023-07-30,2023,R,571927,641355,CU,Curveball,,ball,L,L,STL,CHC,77.30,,,,,,1,1,2023,2023-07
2023-07-30,2023,R,571927,641355,CU,Curveball,,called_strike,L,L,STL,CHC,78.00,,,,,,1,0,2023,2023-07
2023-07-30,2023,R,571927,641355,CU,Curveball,,ball,L,L,STL,CHC,78.10,,,,,,0,0,2023,2023-07
2023-07-30,2023,R,571927,641355,SI,Sinker,field_out,hit_into_play,L,L,STL,CHC,94.60,73.80,-1,106.08,162.09,ground_ball,2,2,2023,2023-07
2023-07-30,2023,R,571927,641355,CH,Changeup,,swinging_strike,L,L,STL,CHC,85.50,,,,,,2,1,2023,2023-07
2023-07-30,2023,R,571927,641355,SI,Sinker,,ball,L,L,STL,CHC,95.00,,,,,,1,1,2023,2023-07
2023-07-30,2023,R,571927,641355,SI,Sinker,,foul,L,L,STL,CHC,95.20,79.80,24,,,,1,0,2023,2023-07
2023-07-30,2023,R,571927,641355,SI,Sinker,,ball,L,L,STL,CHC,95.50,,,,,,0,0,2023,2023-07
2023-07-30,2023,R,571927,641820,CU,Curveball,field_out,hit_into_play,R,L,STL,CHC,77.20,86.90,66,168.94,149.58,popup,2,2,2023,2023-07
2023-07-30,2023,R,571927,641820,SI,Sinker,,foul,R,L,STL,CHC,96.40,81.70,-19,,,,2,2,2023,2023-07
2023-07-30,2023,R,571927,641820,CH,Changeup,,foul,R,L,STL,CHC,85.00,92.30,-14,,,,2,2,2023,2023-07
2023-07-30,2023,R,571927,641820,CH,Changeup,,swinging_strike,R,L,STL,CHC,85.10,,,,,,2,1,2023,2023-07
2023-07-30,2023,R,571927,641820,SI,Sinker,,ball,R,L,STL,CHC,96.10,,,,,,1,1,2023,2023-07
2023-07-30,2023,R,571927,641820,SI,Sinker,,ball,R,L,STL,CHC,95.30,,,,,,0,1,2023,2023-07
2023-07-30,2023,R,571927,641820,SI,Sinker,,foul,R,L,STL,CHC,93.90,,,,,,0,0,2023,2023-07
2023-07-30,2023,R,571927,641820,CH,Changeup,field_out,hit_into_play,R,L,STL,CHC,83.60,95.50,37,152.69,69.51,fly_ball,3,2,2023,2023-07
2023-07-30,2023,R,571927,641820,SI,Sinker,,ball,R,L,STL,CHC,94.30,,,,,,2,2,2023,2023-07
2023-07-30,2023,R,571927,641820,SI,Sinker,,ball,R,L,STL,CHC,94.50,,,,,,1,2,2023,2023-07
2023-07-30,2023,R,571927,641820,CH,Changeup,,foul,R,L,STL,CHC,83.30,67.00,22,,,,1,1,2023,2023-07
2023-07-30,2023,R,571927,641820,CU,Curveball,,ball,R,L,STL,CHC,78.90,,,,,,0,1,2023,2023-07
2023-07-30,2023,R,571927,641820,SI,Sinker,,foul_tip,R,L,STL,CHC,94.10,,,,,,0,0,2023,2023-07
2023-07-30,2023,R,571927,663538,SL,Slider,field_out,hit_into_play,R,L,STL,CHC,89.10,96.50,-5,133.19,138.39,ground_ball,1,1,2023,2023-07
2023-07-30,2023,R,571927,663538,SL,Slider,,ball,R,L,STL,CHC,89.40,,,,,,0,1,2023,2023-07
2023-07-30,2023,R,571927,663538,SI,Sinker,,called_strike,R,L,STL,CHC,94.70,,,,,,0,0,2023,2023-07
2023-07-30,2023,R,571927,663538,SI,Sinker,field_out,hit_into_play,R,L,STL,CHC,95.30,73.70,-7,137.05,147.85,ground_ball,1,2,2023,2023-07
2023-07-30,2023,R,571927,663538,CH,Changeup,,foul,R,L,STL,CHC,85.30,72.10,35,,,,1,2,2023,2023-07
2023-07-30,2023,R,571927,663538,SI,Sinker,,ball,R,L,STL,CHC,94.80,,,,,,0,2,2023,2023-07
2023-07-30,2023,R,571927,663538,CH,Changeup,,foul,R,L,STL,CHC,85.20,96.30,-44,,,,0,1,2023,2023-07
2023-07-30,2023,R,571927,663538,CU,Curveball,,called_strike,R,L,STL,CHC,78.00,,,,,,0,0,2023,2023-07
2023-07-30,2023,R,571927,663538,SI,Sinker,field_out,hit_into_play,R,L,STL,CHC,94.50,73.40,63,184.17,172.00,popup,2,1,2023,2023-07
2023-07-30,2023,R,571927,663538,CH,Changeup,,ball,R,L,STL,CHC,83.50,,,,,,1,1,2023,2023-07
2023-07-30,2023,R,571927,663538,CH,Changeup,,foul,R,L,STL,CHC,83.70,,,,,,1,0,2023,2023-07
2023-07-30,2023,R,571927,663538,SI,Sinker,,ball,R,L,STL,CHC,94.60,,,,,,0,0,2023,2023-07
2023-07-30,2023,R,571927,663611,CH,Changeup,field_out,hit_into_play,R,L,STL,CHC,82.70,69.20,-50,144.16,178.36,ground_ball,1,0,2023,2023-07
2023-07-30,2023,R,571927,663611,CH,Changeup,,ball,R,L,STL,CHC,82.30,,,,,,0,0,2023,2023-07
2023-07-30,2023,R,571927,663611,SI,Sinker,field_out,hit_into_play,R,L,STL,CHC,94.20,83.60,45,134.34,93.67,fly_ball,1,1,2023,2023-07
2023-07-30,2023,R,571927,663611,SI,Sinker,,called_strike,R,L,STL,CHC,93.90,,,,,,1,0,2023,2023-07
2023-07-30,2023,R,571927,663611,SI,Sinker,,ball,R,L,STL,CHC,93.50,,,,,,0,0,2023,2023-07
2023-07-30,2023,R,571927,665804,CH,Changeup,single,hit_into_play,R,L,STL,CHC,85.90,94.70,12,181.63,89.28,line_drive,0,1,2023,2023-07
2023-07-30,2023,R,571927,665804,CH,Changeup,,swinging_strike,R,L,STL,CHC,85.70,,,,,,0,0,2023,2023-07
2023-07-30,2023,R,571927,665804,CH,Changeup,field_out,hit_into_play,R,L,STL,CHC,86.00,93.70,46,94.85,89.03,fly_ball,2,2,2023,2023-07
2023-07-30,2023,R,571927,665804,SI,Sinker,,foul,R,L,STL,CHC,94.70,70.50,30,,,,2,2,2023,2023-07
2023-07-30,2023,R,571927,665804,SI,Sinker,,foul,R,L,STL,CHC,95.40,,,,,,2,1,2023,2023-07
2023-07-30,2023,R,571927,665804,CH,Changeup,,ball,R,L,STL,CHC,84.50,,,,,,1,1,2023,2023-07
2023-07-30,2023,R,571927,665804,CH,Changeup,,called_strike,R,L,STL,CHC,84.70,,,,,,1,0,2023,2023-07
2023-07-30,2023,R,571927,665804,SI,Sinker,,ball,R,L,STL,CHC,94.80,,,,,,0,0,2023,2023-07
2023-07-30,2023,R,571927,666624,CH,Changeup,strikeout,swinging_strike,R,L,STL,CHC,84.40,,,,,,0,2,2023,2023-07
2023-07-30,2023,R,571927,666624,SI,Sinker,,foul,R,L,STL,CHC,95.00,77.00,40,,,,0,2,2023,2023-07
2023-07-30,2023,R,571927,666624,CU,Curveball,,called_strike,R,L,STL,CHC,77.10,,,,,,0,1,2023,2023-07
2023-07-30,2023,R,571927,666624,SI,Sinker,,swinging_strike,R,L,STL,CHC,95.20,,,,,,0,0,2023,2023-07
2023-07-30,2023,R,571927,666624,CH,Changeup,single,hit_into_play,R,L,STL,CHC,84.10,108.30,11,70.92,99.48,line_drive,1,0,2023,2023-07
2023-07-30,2023,R,571927,666624,CH,Changeup,,ball,R,L,STL,CHC,85.20,,,,,,0,0,2023,2023-07
2023-07-30,2023,R,571927,673548,SI,Sinker,field_out,hit_into_play,R,L,STL,CHC,95.80,55.30,9,151.71,169.19,ground_ball,2,2,2023,2023-07
2023-07-30,2023,R,571927,673548,SL,Slider,,ball,R,L,STL,CHC,89.80,,,,,,1,2,2023,2023-07
2023-07-30,2023,R,571927,673548,SI,Sinker,,ball,R,L,STL,CHC,95.50,,,,,,0,2,2023,2023-07
2023-07-30,2023,R,571927,673548,CH,Changeup,,foul,R,L,STL,CHC,85.20,56.80,1,,,,0,1,2023,2023-07
2023-07-30,2023,R,571927,673548,SI,Sinker,,foul,R,L,STL,CHC,94.90,75.70,23,,,,0,0,2023,2023-07
2023-07-30,2023,R,571927,673548,CH,Changeup,field_out,hit_into_play,R,L,STL,CHC,83.70,97.40,30,75.33,57.70,fly_ball,2,2,2023,2023-07
2023-07-30,2023,R,571927,673548,SI,Sinker,,ball,R,L,STL,CHC,94.90,,,,,,1,2,2023,2023-07
2023-07-30,2023,R,571927,673548,SI,Sinker,,called_strike,R,L,STL,CHC,95.10,,,,,,1,1,2023,2023-07
2023-07-30,2023,R,571927,673548,SI,Sinker,,ball,R,L,STL,CHC,95.20,,,,,,0,1,2023,2023-07
2023-07-30,2023,R,571927,673548,CU,Curveball,,called_strike,R,L,STL,CHC,79.20,,,,,,0,0,2023,2023-07
2023-07-30,2023,R,571927,673548,CH,Changeup,field_out,hit_into_play,R,L,STL,CHC,84.00,66.30,-32,112.68,171.24,ground_ball,1,2,2023,2023-07
2023-07-30,2023,R,571927,673548,CH,Changeup,,foul,R,L,STL,CHC,85.70,67.70,39,,,,1,2,2023,2023-07
2023-07-30,2023,R,571927,673548,SI,Sinker,,ball,R,L,STL,CHC,94.90,,,,,,0,2,2023,2023-07
2023-07-30,2023,R,571927,673548,SI,Sinker,,called_strike,R,L,STL,CHC,94.10,,,,,,0,1,2023,2023-07
2023-07-30,2023,R,571927,673548,SI,Sinker,,called_strike,R,L,STL,CHC,95.10,,,,,,0,0,2023,2023-07
2023-07-30,2023,R,571948,542303,ST,Sweeper,home_run,hit_into_play,R,L,ATL,MIL,81.30,99.80,31,80.99,38.59,fly_ball,0,0,2023,2023-07
2023-07-30,2023,R,571948,592696,ST,Sweeper,field_out,hit_into_play,L,L,ATL,MIL,80.10,101.00,27,83.14,50.66,fly_ball,0,1,2023,2023-07
2023-07-30,2023,R,571948,592696,FF,4-Seam Fastball,,called_strike,L,L,ATL,MIL,89.60,,,,,,0,0,2023,2023-07
2023-07-30,2023,R,571948,621566,ST,Sweeper,field_out,hit_into_play,L,L,ATL,MIL,78.50,105.30,-2,162.06,161.34,ground_ball,2,2,2023,2023-07
2023-07-30,2023,R,571948,621566,FF,4-Seam Fastball,,foul,L,L,ATL,MIL,88.40,83.00,71,,,,2,1,2023,2023-07
2023-07-30,2023,R,571948,621566,ST,Sweeper,,ball,L,L,ATL,MIL,78.90,,,,,,1,1,2023,2023-07
2023-07-30,2023,R,571948,621566,ST,Sweeper,,called_strike,L,L,ATL,MIL,78.70,,,,,,1,0,2023,2023-07
2023-07-30,2023,R,571948,621566,SI,Sinker,,ball,L,L,ATL,MIL,88.00,,,,,,0,0,2023,2023-07
2023-07-30,2023,R,571948,669221,CH,Changeup,field_out,hit_into_play,R,L,ATL,MIL,81.20,93.50,42,43.13,99.73,fly_ball,3,2,2023,2023-07
2023-07-30,2023,R,571948,669221,FF,4-Seam Fastball,,ball,R,L,ATL,MIL,89.10,,,,,,2,2,2023,2023-07
2023-07-30,2023,R,571948,669221,FF,4-Seam Fastball,,ball,R,L,ATL,MIL,89.00,,,,,,1,2,2023,2023-07
2023-07-30,2023,R,571948,669221,FF,4-Seam Fastball,,ball,R,L,ATL,MIL,88.50,,,,,,0,2,2023,2023-07
2023-07-30,2023,R,571948,669221,FF,4-Seam Fastball,,foul,R,L,ATL,MIL,89.00,,,,,,0,2,2023,2023-07
2023-07-30,2023,R,571948,669221,SI,Sinker,,called_strike,R,L,ATL,MIL,87.70,,,,,,0,1,2023,2023-07
2023-07-30,2023,R,571948,669221,ST,Sweeper,,called_strike,R,L,ATL,MIL,80.20,,,,,,0,0,2023,2023-07
2023-07-30,2023,R,573124,624414,ST,Sweeper,single,hit_into_play,R,L,SF,BOS,80.40,101.60,7,78.12,122.45,ground_ball,0,2,2023,2023-07
2023-07-30,2023,R,573124,624414,ST,Sweeper,,swinging_strike,R,L,SF,BOS,79.90,,,,,,0,1,2023,2023-07
2023-07-30,2023,R,573124,624414,SI,Sinker,,called_strike,R,L,SF,BOS,92.60,,,,,,0,0,2023,2023-07
2023-07-30,2023,R,573124,657077,ST,Sweeper,walk,ball,L,L,SF,BOS,78.50,,,,,,3,2,2023,2023-07
2023-07-30,2023,R,573124,657077,SI,Sinker,,foul,L,L,SF,BOS,93.50,86.50,60,,,,3,2,2023,2023-07
2023-07-30,2023,R,573124,657077,SI,Sinker,,called_strike,L,L,SF,BOS,93.40,,,,,,3,1,2023,2023-07
2023-07-30,2023,R,573124,657077,SI,Sinker,,ball,L,L,SF,BOS,94.40,,,,,,2,1,2023,2023-07
2023-07-30,2023,R,573124,657077,ST,Sweeper,,called_strike,L,L,SF,BOS,80.50,,,,,,2,0,2023,2023-07
2023-07-30,2023,R,573124,657077,SI,Sinker,,ball,L,L,SF,BOS,94.70,,,,,,1,0,2023,2023-07
2023-07-30,2023,R,573124,657077,ST,Sweeper,,ball,L,L,SF,BOS,79.60,,,,,,0,0,2023,2023-07
2023-07-30,2023,R,573124,671213,ST,Sweeper,double_play,hit_into_play,L,L,SF,BOS,79.60,71.80,39,125.58,105.44,fly_ball,1,2,2023,2023-07
2023-07-30,2023,R,573124,671213,ST,Sweeper,,called_strike,L,L,SF,BOS,79.50,,,,,,1,1,2023,2023-07
2023-07-30,2023,R,573124,671213,SI,Sinker,,ball,L,L,SF,BOS,94.30,,,,,,0,1,2023,2023-07
2023-07-30,2023,R,573124,671213,SI,Sinker,,called_strike,L,L,SF,BOS,93.50,,,,,,0,0,2023,2023-07
2023-07-30,2023,R,573124,807799,SI,Sinker,field_out,hit_into_play,L,L,SF,BOS,93.30,99.50,4,151.26,160.56,ground_ball,0,0,2023,2023-07
2023-07-30,2023,R,592094,455117,ST,Sweeper,strikeout,swinging_strike,R,R,HOU,TB,80.70,,,,,,2,2,2023,2023-07
2023-07-30,2023,R,592094,455117,FF,4-Seam Fastball,,ball,R,R,HOU,TB,96.80,,,,,,1,2,2023,2023-07
2023-07-30,2023,R,592094,455117,ST,Sweeper,,ball,R,R,HOU,TB,80.00,,,,,,0,2,2023,2023-07
2023-07-30,2023,R,592094,455117,FF,4-Seam Fastball,,foul,R,R,HOU,TB,96.90,85.10,73,,,,0,1,2023,2023-07
2023-07-30,2023,R,592094,455117,FF,4-Seam Fastball,,called_strike,R,R,HOU,TB,95.80,,,,,,0,0,2023,2023-07
2023-07-30,2023,R,592094,643289,ST,Sweeper,field_out,hit_into_play,R,R,HOU,TB,81.20,94.00,0,110.02,145.86,ground_ball,1,2,2023,2023-07
2023-07-30,2023,R,592094,643289,ST,Sweeper,,ball,R,R,HOU,TB,81.30,,,,,,0,2,2023,2023-07
2023-07-30,2023,R,592094,643289,FF,4-Seam Fastball,,foul,R,R,HOU,TB,95.40,79.70,39,,,,0,1,2023,2023-07
2023-07-30,2023,R,592094,643289,ST,Sweeper,,called_strike,R,R,HOU,TB,78.30,,,,,,0,0,2023,2023-07
2023-07-30,2023,R,592094,666197,FF,4-Seam Fastball,field_out,hit_into_play,R,R,HOU,TB,95.30,98.20,37,121.46,52.97,fly_ball,0,0,2023,2023-07
2023-07-30,2023,R,592866,553882,SI,Sinker,sac_fly,hit_into_play,L,R,NYM,WSH,88.10,98.20,21,113.94,61.49,line_drive,1,0,2023,2023-07
2023-07-30,2023,R,592866,553882,SI,Sinker,,ball,L,R,NYM,WSH,87.60,,,,,,0,0,2023,2023-07
2023-07-30,2023,R,592866,553882,FF,4-Seam Fastball,field_out,hit_into_play,L,R,NYM,WSH,89.80,75.60,-43,141.03,159.74,ground_ball,0,1,2023,2023-07
2023-07-30,2023,R,592866,553882,FF,4-Seam Fastball,,called_strike,L,R,NYM,WSH,88.80,,,,,,0,0,2023,2023-07
2023-07-30,2023,R,592866,592192,SL,Slider,walk,blocked_ball,R,R,NYM,WSH,81.90,,,,,,3,2,2023,2023-07
2023-07-30,2023,R,592866,592192,SI,Sinker,,ball,R,R,NYM,WSH,87.60,,,,,,2,2,2023,2023-07
2023-07-30,2023,R,592866,592192,SL,Slider,,called_strike,R,R,NYM,WSH,81.50,,,,,,2,1,2023,2023-07
2023-07-30,2023,R,592866,592192,SL,Slider,,ball,R,R,NYM,WSH,80.70,,,,,,1,1,2023,2023-07
2023-07-30,2023,R,592866,592192,SI,Sinker,,foul,R,R,NYM,WSH,88.70,,,,,,1,0,2023,2023-07
2023-07-30,2023,R,592866,592192,SI,Sinker,,ball,R,R,NYM,WSH,90.00,,,,,,0,0,2023,2023-07
2023-07-30,2023,R,592866,592192,FF,4-Seam Fastball,field_out,hit_into_play,R,R,NYM,WSH,90.40,87.40,49,152.55,107.39,fly_ball,1,1,2023,2023-07
2023-07-30,2023,R,592866,592192,SL,Slider,,called_strike,R,R,NYM,WSH,81.50,,,,,,1,0,2023,2023-07
2023-07-30,2023,R,592866,592192,SI,Sinker,,ball,R,R,NYM,WSH,87.80,,,,,,0,0,2023,2023-07
2023-07-30,2023,R,592866,596019,FF,4-Seam Fastball,home_run,hit_into_play,L,R,NYM,WSH,88.60,103.20,24,199.20,62.61,fly_ball,0,2,2023,2023-07
2023-07-30,2023,R,592866,596019,FF,4-Seam Fastball,,foul,L,R,NYM,WSH,88.30,73.50,31,,,,0,1,2023,2023-07
2023-07-30,2023,R,592866,596019,FF,4-Seam Fastball,,called_strike,L,R,NYM,WSH,87.10,,,,,,0,0,2023,2023-07
2023-07-30,2023,R,592866,596019,SL,Slider,double,hit_into_play,L,R,NYM,WSH,80.20,100.10,18,92.70,48.96,line_drive,0,1,2023,2023-07
2023-07-30,2023,R,592866,596019,SI,Sinker,,called_strike,L,R,NYM,WSH,88.10,,,,,,0,0,2023,2023-07
2023-07-30,2023,R,592866,596019,FF,4-Seam Fastball,walk,ball,L,R,NYM,WSH,89.40,,,,,,3,1,2023,2023-07
2023-07-30,2023,R,592866,596019,FF,4-Seam Fastball,,called_strike,L,R,NYM,WSH,89.90,,,,,,3,0,2023,2023-07
2023-07-30,2023,R,592866,596019,FF,4-Seam Fastball,,ball,L,R,NYM,WSH,88.40,,,,,,2,0,2023,2023-07
2023-07-30,2023,R,592866,596019,SI,Sinker,,ball,L,R,NYM,WSH,87.40,,,,,,1,0,2023,2023-07
2023-07-30,2023,R,592866,596019,CH,Changeup,,ball,L,R,NYM,WSH,83.50,,,,,,0,0,2023,2023-07
2023-07-30,2023,R,592866,596129,SL,Slider,field_out,hit_into_play,L,R,NYM,WSH,81.60,88.30,36,100.50,82.74,fly_ball,3,2,2023,2023-07
2023-07-30,2023,R,592866,596129,CH,Changeup,,ball,L,R,NYM,WSH,82.50,,,,,,2,2,2023,2023-07
2023-07-30,2023,R,592866,596129,SL,Slider,,ball,L,R,NYM,WSH,81.30,,,,,,1,2,2023,2023-07
2023-07-30,2023,R,592866,596129,CU,Curveball,,called_strike,L,R,NYM,WSH,79.80,,,,,,1,1,2023,2023-07
2023-07-30,2023,R,592866,596129,SL,Slider,,called_strike,L,R,NYM,WSH,81.50,,,,,,1,0,2023,2023-07
2023-07-30,2023,R,592866,596129,FF,4-Seam Fastball,,ball,L,R,NYM,WSH,88.80,,,,,,0,0,2023,2023-07
2023-07-30,2023,R,592866,596129,SI,Sinker,single,hit_into_play,L,R,NYM,WSH,88.20,83.20,8,163.98,137.73,ground_ball,2,0,2023,2023-07
2023-07-30,2023,R,592866,596129,CU,Curveball,,ball,L,R,NYM,WSH,78.00,,,,,,1,0,2023,2023-07
2023-07-30,2023,R,592866,596129,FF,4-Seam Fastball,,ball,L,R,NYM,WSH,89.20,,,,,,0,0,2023,2023-07
2023-07-30,2023,R,592866,596129,FF,4-Seam Fastball,strikeout,called_strike,L,R,NYM,WSH,91.30,,,,,,1,2,2023,2023-07
2023-07-30,2023,R,592866,596129,CU,Curveball,,called_strike,L,R,NYM,WSH,76.80,,,,,,1,1,2023,2023-07
2023-07-30,2023,R,592866,596129,CH,Changeup,,ball,L,R,NYM,WSH,82.90,,,,,,0,1,2023,2023-07
2023-07-30,2023,R,592866,596129,CU,Curveball,,called_strike,L,R,NYM,WSH,77.00,,,,,,0,0,2023,2023-07
2023-07-30,2023,R,592866,607043,FF,4-Seam Fastball,strikeout,called_strike,L,R,NYM,WSH,87.60,,,,,,1,2,2023,2023-07
2023-07-30,2023,R,592866,607043,FF,4-Seam Fastball,,foul,L,R,NYM,WSH,87.80,81.30,82,,,,1,1,2023,2023-07
2023-07-30,2023,R,592866,607043,CH,Changeup,,ball,L,R,NYM,WSH,80.70,,,,,,0,1,2023,2023-07
2023-07-30,2023,R,592866,607043,FF,4-Seam Fastball,,foul,L,R,NYM,WSH,87.30,66.50,50,,,,0,0,2023,2023-07
2023-07-30,2023,R,592866,607043,FF,4-Seam Fastball,field_out,hit_into_play,L,R,NYM,WSH,90.90,93.00,7,107.61,148.35,ground_ball,3,2,2023,2023-07
2023-07-30,2023,R,592866,607043,FF,4-Seam Fastball,,foul,L,R,NYM,WSH,90.40,75.50,41,,,,3,2,2023,2023-07
2023-07-30,2023,R,592866,607043,FF,4-Seam Fastball,,foul,L,R,NYM,WSH,89.30,62.20,42,,,,3,1,2023,2023-07
2023-07-30,2023,R,592866,607043,FF,4-Seam Fastball,,called_strike,L,R,NYM,WSH,89.20,,,,,,3,0,2023,2023-07
2023-07-30,2023,R,592866,607043,CH,Changeup,,ball,L,R,NYM,WSH,83.70,,,,,,2,0,2023,2023-07
2023-07-30,2023,R,592866,607043,FF,4-Seam Fastball,,ball,L,R,NYM,WSH,88.40,,,,,,1,0,2023,2023-07
2023-07-30,2023,R,592866,607043,FF,4-Seam Fastball,,ball,L,R,NYM,WSH,88.70,,,,,,0,0,2023,2023-07
2023-07-30,2023,R,592866,607043,FF,4-Seam Fastball,walk,ball,L,R,NYM,WSH,88.90,,,,,,3,1,2023,2023-07
2023-07-30,2023,R,592866,607043,CH,Changeup,,ball,L,R,NYM,WSH,83.50,,,,,,2,1,2023,2023-07
2023-07-30,2023,R,592866,607043,FF,4-Seam Fastball,,ball,L,R,NYM,WSH,89.80,,,,,,1,1,2023,2023-07
2023-07-30,2023,R,592866,607043,FF,4-Seam Fastball,,foul,L,R,NYM,WSH,88.50,72.80,57,,,,1,0,2023,2023-07
2023-07-30,2023,R,592866,607043,FF,4-Seam Fastball,,ball,L,R,NYM,WSH,89.60,,,,,,0,0,2023,2023-07
2023-07-30,2023,R,592866,624413,SL,Slider,field_out,hit_into_play,R,R,NYM,WSH,81.70,91.60,27,66.19,68.93,fly_ball,3,2,2023,2023-07
2023-07-30,2023,R,592866,624413,SL,Slider,,called_strike,R,R,NYM,WSH,81.20,,,,,,3,1,2023,2023-07
2023-07-30,2023,R,592866,624413,SL,Slider,,ball,R,R,NYM,WSH,80.60,,,,,,2,1,2023,2023-07
2023-07-30,2023,R,592866,624413,SI,Sinker,,ball,R,R,NYM,WSH,87.20,,,,,,1,1,2023,2023-07
2023-07-30,2023,R,592866,624413,SL,Slider,,ball,R,R,NYM,WSH,79.90,,,,,,0,1,2023,2023-07
2023-07-30,2023,R,592866,624413,SL,Slider,,called_strike,R,R,NYM,WSH,82.10,,,,,,0,0,2023,2023-07
2023-07-30,2023,R,592866,624413,FF,4-Seam Fastball,sac_fly,hit_into_play,R,R,NYM,WSH,90.70,103.50,41,194.90,79.30,fly_ball,3,2,2023,2023-07
2023-07-30,2023,R,592866,624413,FF,4-Seam Fastball,,swinging_strike,R,R,NYM,WSH,89.70,,,,,,3,1,2023,2023-07
2023-07-30,2023,R,592866,624413,SI,Sinker,,ball,R,R,NYM,WSH,87.10,,,,,,2,1,2023,2023-07
2023-07-30,2023,R,592866,624413,FF,4-Seam Fastball,,ball,R,R,NYM,WSH,89.90,,,,,,1,1,2023,2023-07
2023-07-30,2023,R,592866,624413,SI,Sinker,,ball,R,R,NYM,WSH,85.90,,,,,,0,1,2023,2023-07
2023-07-30,2023,R,592866,624413,SI,Sinker,,swinging_strike,R,R,NYM,WSH,88.40,,,,,,0,0,2023,2023-07
2023-07-30,2023,R,592866,624413,SI,Sinker,single,hit_into_play,R,R,NYM,WSH,88.50,100.80,-15,87.81,113.26,ground_ball,0,0,2023,2023-07
2023-07-30,2023,R,592866,643446,FF,4-Seam Fastball,walk,ball,L,R,NYM,WSH,88.10,,,,,,3,1,2023,2023-07
2023-07-30,2023,R,592866,643446,FF,4-Seam Fastball,,ball,L,R,NYM,WSH,87.70,,,,,,2,1,2023,2023-07
2023-07-30,2023,R,592866,643446,SI,Sinker,,foul,L,R,NYM,WSH,86.80,56.30,-27,,,,2,0,2023,2023-07
2023-07-30,2023,R,592866,643446,CU,Curveball,,ball,L,R,NYM,WSH,76.70,,,,,,1,0,2023,2023-07
2023-07-30,2023,R,592866,643446,CH,Changeup,,ball,L,R,NYM,WSH,83.80,,,,,,0,0,2023,2023-07
2023-07-30,2023,R,592866,643446,FF,4-Seam Fastball,triple,hit_into_play,L,R,NYM,WSH,88.70,101.20,-2,217.76,108.17,ground_ball,0,1,2023,2023-07
2023-07-30,2023,R,592866,643446,FF,4-Seam Fastball,,foul,L,R,NYM,WSH,88.10,60.50,74,,,,0,0,2023,2023-07
2023-07-30,2023,R,592866,643446,FF,4-Seam Fastball,force_out,hit_into_play,L,R,NYM,WSH,89.40,76.40,-6,150.25,172.77,ground_ball,0,2,2023,2023-07
2023-07-30,2023,R,592866,643446,FF,4-Seam Fastball,,foul,L,R,NYM,WSH,89.40,63.90,64,,,,0,1,2023,2023-07
2023-07-30,2023,R,592866,643446,FF,4-Seam Fastball,,called_strike,L,R,NYM,WSH,90.40,,,,,,0,0,2023,2023-07
2023-07-30,2023,R,592866,664901,SI,Sinker,field_out,hit_into_play,R,R,NYM,WSH,87.40,80.50,-6,106.59,172.77,ground_ball,2,2,2023,2023-07
2023-07-30,2023,R,592866,664901,ST,Sweeper,,ball,R,R,NYM,WSH,74.80,,,,,,1,2,2023,2023-07
2023-07-30,2023,R,592866,664901,FF,4-Seam Fastball,,foul,R,R,NYM,WSH,90.80,77.20,23,,,,1,2,2023,2023-07
2023-07-30,2023,R,592866,664901,FF,4-Seam Fastball,,foul,R,R,NYM,WSH,89.40,76.10,17,,,,1,1,2023,2023-07
2023-07-30,2023,R,592866,664901,SL,Slider,,ball,R,R,NYM,WSH,80.50,,,,,,0,1,2023,2023-07
2023-07-30,2023,R,592866,664901,SL,Slider,,called_strike,R,R,NYM,WSH,81.60,,,,,,0,0,2023,2023-07
2023-07-30,2023,R,592866,664901,FF,4-Seam Fastball,single,hit_into_play,R,R,NYM,WSH,89.50,74.00,54,180.80,140.72,fly_ball,1,1,2023,2023-07
2023-07-30,2023,R,592866,664901,SL,Slider,,ball,R,R,NYM,WSH,82.70,,,,,,0,1,2023,2023-07
2023-07-30,2023,R,592866,664901,FF,4-Seam Fastball,,foul,R,R,NYM,WSH,89.00,76.00,22,,,,0,0,2023,2023-07
2023-07-30,2023,R,592866,683146,FF,4-Seam Fastball,single,hit_into_play,L,R,NYM,WSH,89.40,76.00,27,129.31,96.12,line_drive,0,1,2023,2023-07
2023-07-30,2023,R,592866,683146,SI,Sinker,,called_strike,L,R,NYM,WSH,88.40,,,,,,0,0,2023,2023-07
2023-07-30,2023,R,592866,683146,FF,4-Seam Fastball,field_out,hit_into_play,L,R,NYM,WSH,88.70,80.20,14,147.40,138.54,line_drive,2,0,2023,2023-07
2023-07-30,2023,R,592866,683146,SL,Slider,,ball,L,R,NYM,WSH,81.10,,,,,,1,0,2023,2023-07
2023-07-30,2023,R,592866,683146,FF,4-Seam Fastball,,ball,L,R,NYM,WSH,87.70,,,,,,0,0,2023,2023-07
2023-07-30,2023,R,594580,669911,ST,Sweeper,strikeout,swinging_strike_blocked,R,L,COL,ATH,82.00,,,,,,2,2,2023,2023-07
2023-07-30,2023,R,594580,669911,FF,4-Seam Fastball,,foul,R,L,COL,ATH,94.00,104.10,-2,,,,2,2,2023,2023-07
2023-07-30,2023,R,594580,669911,ST,Sweeper,,foul,R,L,COL,ATH,81.80,70.60,-9,,,,2,2,2023,2023-07
2023-07-30,2023,R,594580,669911,ST,Sweeper,,ball,R,L,COL,ATH,81.60,,,,,,1,2,2023,2023-07
2023-07-30,2023,R,594580,669911,ST,Sweeper,,ball,R,L,COL,ATH,81.20,,,,,,0,2,2023,2023-07
2023-07-30,2023,R,594580,669911,ST,Sweeper,,swinging_strike,R,L,COL,ATH,82.60,,,,,,0,1,2023,2023-07
2023-07-30,2023,R,594580,669911,ST,Sweeper,,swinging_strike,R,L,COL,ATH,81.20,,,,,,0,0,2023,2023-07
2023-07-30,2023,R,594580,676701,ST,Sweeper,strikeout,swinging_strike,R,L,COL,ATH,82.60,,,,,,1,2,2023,2023-07
2023-07-30,2023,R,594580,676701,ST,Sweeper,,foul,R,L,COL,ATH,82.70,,,,,,1,2,2023,2023-07
2023-07-30,2023,R,594580,676701,ST,Sweeper,,blocked_ball,R,L,COL,ATH,82.80,,,,,,0,2,2023,2023-07
2023-07-30,2023,R,594580,676701,FF,4-Seam Fastball,,foul,R,L,COL,ATH,94.70,80.30,35,,,,0,2,2023,2023-07
2023-07-30,2023,R,594580,676701,FF,4-Seam Fastball,,called_strike,R,L,COL,ATH,94.40,,,,,,0,1,2023,2023-07
2023-07-30,2023,R,594580,676701,SI,Sinker,,called_strike,R,L,COL,ATH,93.80,,,,,,0,0,2023,2023-07
2023-07-30,2023,R,600917,596142,FF,4-Seam Fastball,home_run,hit_into_play,R,R,SD,TEX,95.10,105.70,30,20.19,75.73,fly_ball,0,0,2023,2023-07
2023-07-30,2023,R,600917,663757,FC,Cutter,hit_by_pitch,hit_by_pitch,L,R,SD,TEX,90.50,,,,,,2,1,2023,2023-07
2023-07-30,2023,R,600917,663757,FC,Cutter,,ball,L,R,SD,TEX,90.20,,,,,,1,1,2023,2023-07
2023-07-30,2023,R,600917,663757,FF,4-Seam Fastball,,foul,L,R,SD,TEX,94.50,70.30,50,,,,1,0,2023,2023-07
2023-07-30,2023,R,600917,663757,FF,4-Seam Fastball,,ball,L,R,SD,TEX,93.50,,,,,,0,0,2023,2023-07
2023-07-30,2023,R,600917,665487,SL,Slider,force_out,hit_into_play,R,R,SD,TEX,83.60,87.00,-6,101.03,163.07,ground_ball,2,1,2023,2023-07
2023-07-30,2023,R,600917,665487,SL,Slider,,ball,R,R,SD,TEX,83.50,,,,,,1,1,2023,2023-07
2023-07-30,2023,R,600917,665487,FC,Cutter,,called_strike,R,R,SD,TEX,90.00,,,,,,1,0,2023,2023-07
2023-07-30,2023,R,600917,665487,FC,Cutter,,ball,R,R,SD,TEX,89.90,,,,,,0,0,2023,2023-07
2023-07-30,2023,R,600917,676946,SL,Slider,field_out,hit_into_play,R,R,SD,TEX,83.70,73.90,34,62.89,125.67,fly_ball,2,2,2023,2023-07
2023-07-30,2023,R,600917,676946,FF,4-Seam Fastball,,foul_bunt,R,R,SD,TEX,93.40,,,,,,2,1,2023,2023-07
2023-07-30,2023,R,600917,676946,FF,4-Seam Fastball,,ball,R,R,SD,TEX,93.20,,,,,,1,1,2023,2023-07
2023-07-30,2023,R,600917,676946,SL,Slider,,missed_bunt,R,R,SD,TEX,80.70,,,,,,1,0,2023,2023-07
2023-07-30,2023,R,600917,676946,SL,Slider,,ball,R,R,SD,TEX,81.80,,,,,,0,0,2023,2023-07
2023-07-30,2023,R,605242,571448,SI,Sinker,field_out,hit_into_play,R,R,STL,CHC,94.30,101.60,-3,111.67,143.78,ground_ball,3,2,2023,2023-07
2023-07-30,2023,R,605242,571448,FF,4-Seam Fastball,,foul,R,R,STL,CHC,94.50,74.70,65,,,,3,2,2023,2023-07
2023-07-30,2023,R,605242,571448,FC,Cutter,,ball,R,R,STL,CHC,89.80,,,,,,2,2,2023,2023-07
2023-07-30,2023,R,605242,571448,ST,Sweeper,,ball,R,R,STL,CHC,84.20,,,,,,1,2,2023,2023-07
2023-07-30,2023,R,605242,571448,ST,Sweeper,,ball,R,R,STL,CHC,83.60,,,,,,0,2,2023,2023-07
2023-07-30,2023,R,605242,571448,SI,Sinker,,foul,R,R,STL,CHC,95.40,79.90,39,,,,0,1,2023,2023-07
2023-07-30,2023,R,605242,571448,FF,4-Seam Fastball,,called_strike,R,R,STL,CHC,91.80,,,,,,0,0,2023,2023-07
2023-07-30,2023,R,605242,641933,FF,4-Seam Fastball,walk,ball,R,R,STL,CHC,90.50,,,,,,3,1,2023,2023-07
2023-07-30,2023,R,605242,641933,SI,Sinker,,called_strike,R,R,STL,CHC,96.20,,,,,,3,0,2023,2023-07
2023-07-30,2023,R,605242,641933,FF,4-Seam Fastball,,ball,R,R,STL,CHC,94.50,,,,,,2,0,2023,2023-07
2023-07-30,2023,R,605242,641933,CH,Changeup,,ball,R,R,STL,CHC,92.20,,,,,,1,0,2023,2023-07
2023-07-30,2023,R,605242,641933,ST,Sweeper,,ball,R,R,STL,CHC,82.50,,,,,,0,0,2023,2023-07
2023-07-30,2023,R,605242,676475,FC,Cutter,grounded_into_double_play,hit_into_play,L,R,STL,CHC,90.30,104.30,-19,139.08,144.29,ground_ball,0,0,2023,2023-07
2023-07-30,2023,R,605347,663837,SL,Slider,field_out,hit_into_play,R,R,MIA,DET,89.30,82.10,-34,101.10,163.64,ground_ball,3,2,2023,2023-07
2023-07-30,2023,R,605347,663837,KC,Knuckle Curve,,ball,R,R,MIA,DET,84.40,,,,,,2,2,2023,2023-07
2023-07-30,2023,R,605347,663837,SI,Sinker,,called_strike,R,R,MIA,DET,97.20,,,,,,2,1,2023,2023-07
2023-07-30,2023,R,605347,663837,SI,Sinker,,called_strike,R,R,MIA,DET,96.40,,,,,,2,0,2023,2023-07
2023-07-30,2023,R,605347,663837,SL,Slider,,ball,R,R,MIA,DET,87.30,,,,,,1,0,2023,2023-07
2023-07-30,2023,R,605347,663837,SI,Sinker,,ball,R,R,MIA,DET,97.50,,,,,,0,0,2023,2023-07
2023-07-30,2023,R,605347,670097,KC,Knuckle Curve,strikeout,swinging_strike,R,R,MIA,DET,85.00,,,,,,2,2,2023,2023-07
2023-07-30,2023,R,605347,670097,KC,Knuckle Curve,,ball,R,R,MIA,DET,84.40,,,,,,1,2,2023,2023-07
2023-07-30,2023,R,605347,670097,SI,Sinker,,foul,R,R,MIA,DET,96.40,82.30,-20,,,,1,1,2023,2023-07
2023-07-30,2023,R,605347,670097,SI,Sinker,,foul,R,R,MIA,DET,95.50,77.40,16,,,,1,0,2023,2023-07
2023-07-30,2023,R,605347,670097,KC,Knuckle Curve,,ball,R,R,MIA,DET,83.40,,,,,,0,0,2023,2023-07
2023-07-30,2023,R,605483,543257,FF,4-Seam Fastball,single,hit_into_play,R,L,SD,TEX,96.00,90.10,10,103.85,149.32,ground_ball,3,2,2023,2023-07
2023-07-30,2023,R,605483,543257,CH,Changeup,,ball,R,L,SD,TEX,86.30,,,,,,2,2,2023,2023-07
2023-07-30,2023,R,605483,543257,CU,Curveball,,ball,R,L,SD,TEX,79.70,,,,,,1,2,2023,2023-07
2023-07-30,2023,R,605483,543257,CH,Changeup,,ball,R,L,SD,TEX,84.30,,,,,,0,2,2023,2023-07
2023-07-30,2023,R,605483,543257,FF,4-Seam Fastball,,foul,R,L,SD,TEX,94.70,,,,,,0,1,2023,2023-07
2023-07-30,2023,R,605483,543257,FF,4-Seam Fastball,,foul,R,L,SD,TEX,93.40,75.50,43,,,,0,0,2023,2023-07
2023-07-30,2023,R,605483,543257,CU,Curveball,walk,ball,R,L,SD,TEX,79.80,,,,,,3,2,2023,2023-07
2023-07-30,2023,R,605483,543257,CU,Curveball,,ball,R,L,SD,TEX,81.80,,,,,,2,2,2023,2023-07
2023-07-30,2023,R,605483,543257,CU,Curveball,,called_strike,R,L,SD,TEX,80.50,,,,,,2,1,2023,2023-07
2023-07-30,2023,R,605483,543257,FF,4-Seam Fastball,,ball,R,L,SD,TEX,96.30,,,,,,1,1,2023,2023-07
2023-07-30,2023,R,605483,543257,CH,Changeup,,called_strike,R,L,SD,TEX,87.70,,,,,,1,0,2023,2023-07
2023-07-30,2023,R,605483,543257,CU,Curveball,,ball,R,L,SD,TEX,79.30,,,,,,0,0,2023,2023-07
2023-07-30,2023,R,605483,543257,FF,4-Seam Fastball,walk,ball,R,L,SD,TEX,95.10,,,,,,3,2,2023,2023-07
2023-07-30,2023,R,605483,543257,CU,Curveball,,ball,R,L,SD,TEX,80.20,,,,,,2,2,2023,2023-07
2023-07-30,2023,R,605483,543257,CU,Curveball,,ball,R,L,SD,TEX,82.00,,,,,,1,2,2023,2023-07
2023-07-30,2023,R,605483,543257,CH,Changeup,,foul,R,L,SD,TEX,87.30,76.40,1,,,,1,1,2023,2023-07
2023-07-30,2023,R,605483,543257,FF,4-Seam Fastball,,ball,R,L,SD,TEX,94.50,,,,,,0,1,2023,2023-07
2023-07-30,2023,R,605483,543257,FF,4-Seam Fastball,,called_strike,R,L,SD,TEX,95.20,,,,,,0,0,2023,2023-07
2023-07-30,2023,R,605483,543760,SL,Slider,strikeout,swinging_strike,R,L,SD,TEX,89.70,,,,,,2,2,2023,2023-07
2023-07-30,2023,R,605483,543760,CH,Changeup,,foul,R,L,SD,TEX,87.00,83.30,64,,,,2,2,2023,2023-07
2023-07-30,2023,R,605483,543760,CH,Changeup,,foul,R,L,SD,TEX,86.00,97.50,28,,,,2,1,2023,2023-07
2023-07-30,2023,R,605483,543760,CU,Curveball,,blocked_ball,R,L,SD,TEX,81.80,,,,,,1,1,2023,2023-07
2023-07-30,2023,R,605483,543760,CH,Changeup,,ball,R,L,SD,TEX,88.10,,,,,,0,1,2023,2023-07
2023-07-30,2023,R,605483,543760,CH,Changeup,,swinging_strike,R,L,SD,TEX,87.10,,,,,,0,0,2023,2023-07
2023-07-30,2023,R,605483,543760,FF,4-Seam Fastball,field_out,hit_into_play,R,L,SD,TEX,94.10,87.40,25,97.90,68.30,line_drive,0,1,2023,2023-07
2023-07-30,2023,R,605483,543760,FF,4-Seam Fastball,,called_strike,R,L,SD,TEX,94.60,,,,,,0,0,2023,2023-07
2023-07-30,2023,R,605483,543760,FF,4-Seam Fastball,field_out,hit_into_play,R,L,SD,TEX,94.10,62.40,-29,109.11,155.30,ground_ball,0,0,2023,2023-07
2023-07-30,2023,R,605483,641598,CH,Changeup,field_out,hit_into_play,R,L,SD,TEX,85.80,100.80,32,104.36,46.23,fly_ball,2,1,2023,2023-07
2023-07-30,2023,R,605483,641598,FF,4-Seam Fastball,,ball,R,L,SD,TEX,94.50,,,,,,1,1,2023,2023-07
2023-07-30,2023,R,605483,641598,CH,Changeup,,ball,R,L,SD,TEX,84.90,,,,,,0,1,2023,2023-07
2023-07-30,2023,R,605483,641598,FF,4-Seam Fastball,,called_strike,R,L,SD,TEX,93.80,,,,,,0,0,2023,2023-07
2023-07-30,2023,R,605483,641598,FF,4-Seam Fastball,walk,ball,R,L,SD,TEX,92.60,,,,,,3,0,2023,2023-07
2023-07-30,2023,R,605483,641598,FF,4-Seam Fastball,,ball,R,L,SD,TEX,93.90,,,,,,2,0,2023,2023-07
2023-07-30,2023,R,605483,641598,FF,4-Seam Fastball,,ball,R,L,SD,TEX,94.60,,,,,,1,0,2023,2023-07
2023-07-30,2023,R,605483,641598,FF,4-Seam Fastball,,ball,R,L,SD,TEX,92.40,,,,,,0,0,2023,2023-07
2023-07-30,2023,R,605483,663993,FF,4-Seam Fastball,strikeout,swinging_strike,L,L,SD,TEX,96.70,,,,,,3,2,2023,2023-07
2023-07-30,2023,R,605483,663993,FF,4-Seam Fastball,,foul,L,L,SD,TEX,96.50,79.80,57,,,,3,2,2023,2023-07
2023-07-30,2023,R,605483,663993,SL,Slider,,ball,L,L,SD,TEX,86.90,,,,,,2,2,2023,2023-07
2023-07-30,2023,R,605483,663993,FF,4-Seam Fastball,,ball,L,L,SD,TEX,97.00,,,,,,1,2,2023,2023-07
2023-07-30,2023,R,605483,663993,FF,4-Seam Fastball,,foul,L,L,SD,TEX,96.80,,,,,,1,2,2023,2023-07
2023-07-30,2023,R,605483,663993,FF,4-Seam Fastball,,foul,L,L,SD,TEX,95.50,75.70,52,,,,1,1,2023,2023-07
2023-07-30,2023,R,605483,663993,FF,4-Seam Fastball,,called_strike,L,L,SD,TEX,94.70,,,,,,1,0,2023,2023-07
2023-07-30,2023,R,605483,663993,FF,4-Seam Fastball,,ball,L,L,SD,TEX,95.80,,,,,,0,0,2023,2023-07
2023-07-30,2023,R,605483,663993,FF,4-Seam Fastball,strikeout,foul_tip,L,L,SD,TEX,96.70,,,,,,1,2,2023,2023-07
2023-07-30,2023,R,605483,663993,CU,Curveball,,ball,L,L,SD,TEX,80.40,,,,,,0,2,2023,2023-07
2023-07-30,2023,R,605483,663993,FF,4-Seam Fastball,,foul,L,L,SD,TEX,97.50,96.30,40,,,,0,1,2023,2023-07
2023-07-30,2023,R,605483,663993,FF,4-Seam Fastball,,foul,L,L,SD,TEX,97.30,87.90,36,,,,0,0,2023,2023-07
2023-07-30,2023,R,605483,663993,SL,Slider,single,hit_into_play,L,L,SD,TEX,88.80,88.50,11,150.08,97.74,line_drive,2,2,2023,2023-07
2023-07-30,2023,R,605483,663993,SL,Slider,,blocked_ball,L,L,SD,TEX,88.10,,,,,,1,2,2023,2023-07
2023-07-30,2023,R,605483,663993,FF,4-Seam Fastball,,ball,L,L,SD,TEX,96.60,,,,,,0,2,2023,2023-07
2023-07-30,2023,R,605483,663993,FF,4-Seam Fastball,,foul,L,L,SD,TEX,95.70,81.00,11,,,,0,1,2023,2023-07
2023-07-30,2023,R,605483,663993,FF,4-Seam Fastball,,called_strike,L,L,SD,TEX,95.20,,,,,,0,0,2023,2023-07
2023-07-30,2023,R,605483,665750,CH,Changeup,single,hit_into_play,R,L,SD,TEX,87.70,57.30,-69,122.36,195.32,ground_ball,1,0,2023,2023-07
2023-07-30,2023,R,605483,665750,CH,Changeup,,ball,R,L,SD,TEX,86.80,,,,,,0,0,2023,2023-07
2023-07-30,2023,R,605483,665750,CU,Curveball,strikeout,swinging_strike_blocked,R,L,SD,TEX,81.00,,,,,,1,2,2023,2023-07
2023-07-30,2023,R,605483,665750,CH,Changeup,,foul,R,L,SD,TEX,85.10,,,,,,1,1,2023,2023-07
2023-07-30,2023,R,605483,665750,CH,Changeup,,ball,R,L,SD,TEX,84.60,,,,,,0,1,2023,2023-07
2023-07-30,2023,R,605483,665750,FF,4-Seam Fastball,,called_strike,R,L,SD,TEX,95.60,,,,,,0,0,2023,2023-07
2023-07-30,2023,R,605483,666969,FF,4-Seam Fastball,field_out,hit_into_play,R,L,SD,TEX,96.10,85.10,65,164.15,152.15,popup,1,2,2023,2023-07
2023-07-30,2023,R,605483,666969,CU,Curveball,,blocked_ball,R,L,SD,TEX,80.00,,,,,,0,2,2023,2023-07
2023-07-30,2023,R,605483,666969,SL,Slider,,swinging_strike,R,L,SD,TEX,88.10,,,,,,0,1,2023,2023-07
2023-07-30,2023,R,605483,666969,SL,Slider,,foul,R,L,SD,TEX,87.10,70.50,-21,,,,0,0,2023,2023-07
2023-07-30,2023,R,605483,666969,FF,4-Seam Fastball,single,hit_into_play,R,L,SD,TEX,96.80,43.00,-50,133.96,184.61,ground_ball,1,2,2023,2023-07
2023-07-30,2023,R,605483,666969,FF,4-Seam Fastball,,foul_tip,R,L,SD,TEX,95.50,,,,,,1,1,2023,2023-07
2023-07-30,2023,R,605483,666969,CH,Changeup,,foul,R,L,SD,TEX,87.10,,,,,,1,0,2023,2023-07
2023-07-30,2023,R,605483,666969,FF,4-Seam Fastball,,ball,R,L,SD,TEX,96.70,,,,,,0,0,2023,2023-07
2023-07-30,2023,R,605483,666969,CH,Changeup,strikeout,called_strike,R,L,SD,TEX,88.50,,,,,,1,2,2023,2023-07
2023-07-30,2023,R,605483,666969,FF,4-Seam Fastball,,foul,R,L,SD,TEX,96.40,85.50,41,,,,1,2,2023,2023-07
2023-07-30,2023,R,605483,666969,CH,Changeup,,swinging_strike,R,L,SD,TEX,88.30,,,,,,1,1,2023,2023-07
2023-07-30,2023,R,605483,666969,FF,4-Seam Fastball,,swinging_strike,R,L,SD,TEX,96.30,,,,,,1,0,2023,2023-07
2023-07-30,2023,R,605483,666969,SL,Slider,,ball,R,L,SD,TEX,88.90,,,,,,0,0,2023,2023-07
2023-07-30,2023,R,605483,669087,CU,Curveball,strikeout,swinging_strike,R,L,SD,TEX,80.20,,,,,,1,2,2023,2023-07
2023-07-30,2023,R,605483,669087,SL,Slider,,swinging_strike,R,L,SD,TEX,88.40,,,,,,1,1,2023,2023-07
2023-07-30,2023,R,605483,669087,FF,4-Seam Fastball,,called_strike,R,L,SD,TEX,95.20,,,,,,1,0,2023,2023-07
2023-07-30,2023,R,605483,669087,CU,Curveball,,ball,R,L,SD,TEX,78.10,,,,,,0,0,2023,2023-07
2023-07-30,2023,R,605483,669087,CU,Curveball,strikeout,swinging_strike_blocked,R,L,SD,TEX,79.60,,,,,,0,2,2023,2023-07
2023-07-30,2023,R,605483,669087,CU,Curveball,,swinging_strike_blocked,R,L,SD,TEX,79.20,,,,,,0,1,2023,2023-07
2023-07-30,2023,R,605483,669087,FF,4-Seam Fastball,,called_strike,R,L,SD,TEX,96.10,,,,,,0,0,2023,2023-07
2023-07-30,2023,R,605483,673962,CU,Curveball,field_out,hit_into_play,R,L,SD,TEX,79.40,75.60,13,96.80,164.88,line_drive,0,0,2023,2023-07
2023-07-30,2023,R,605483,673962,FF,4-Seam Fastball,field_out,hit_into_play,R,L,SD,TEX,97.10,93.40,0,159.05,164.88,ground_ball,3,2,2023,2023-07
2023-07-30,2023,R,605483,673962,CU,Curveball,,swinging_strike,R,L,SD,TEX,79.70,,,,,,3,1,2023,2023-07
2023-07-30,2023,R,605483,673962,CH,Changeup,,foul,R,L,SD,TEX,88.70,,,,,,3,0,2023,2023-07
2023-07-30,2023,R,605483,673962,CH,Changeup,,blocked_ball,R,L,SD,TEX,88.70,,,,,,2,0,2023,2023-07
2023-07-30,2023,R,605483,673962,CU,Curveball,,ball,R,L,SD,TEX,79.80,,,,,,1,0,2023,2023-07
2023-07-30,2023,R,605483,673962,FF,4-Seam Fastball,,ball,R,L,SD,TEX,96.90,,,,,,0,0,2023,2023-07
2023-07-30,2023,R,605483,673962,CU,Curveball,strikeout,swinging_strike_blocked,R,L,SD,TEX,81.30,,,,,,0,2,2023,2023-07
2023-07-30,2023,R,605483,673962,CU,Curveball,,swinging_strike_blocked,R,L,SD,TEX,81.50,,,,,,0,1,2023,2023-07
2023-07-30,2023,R,605483,673962,CU,Curveball,,foul,R,L,SD,TEX,80.00,66.70,-26,,,,0,0,2023,2023-07
2023-07-30,2023,R,605483,677649,FF,4-Seam Fastball,walk,ball,R,L,SD,TEX,96.30,,,,,,3,2,2023,2023-07
2023-07-30,2023,R,605483,677649,CH,Changeup,,ball,R,L,SD,TEX,87.30,,,,,,2,2,2023,2023-07
2023-07-30,2023,R,605483,677649,CH,Changeup,,swinging_strike,R,L,SD,TEX,86.10,,,,,,2,1,2023,2023-07
2023-07-30,2023,R,605483,677649,SL,Slider,,ball,R,L,SD,TEX,88.00,,,,,,1,1,2023,2023-07
2023-07-30,2023,R,605483,677649,FF,4-Seam Fastball,,ball,R,L,SD,TEX,95.60,,,,,,0,1,2023,2023-07
2023-07-30,2023,R,605483,677649,CH,Changeup,,called_strike,R,L,SD,TEX,84.70,,,,,,0,0,2023,2023-07
2023-07-30,2023,R,605483,677649,CH,Changeup,strikeout,swinging_strike,R,L,SD,TEX,85.00,,,,,,2,2,2023,2023-07
2023-07-30,2023,R,605483,677649,SL,Slider,,foul,R,L,SD,TEX,88.30,70.10,-22,,,,2,2,2023,2023-07
2023-07-30,2023,R,605483,677649,CU,Curveball,,blocked_ball,R,L,SD,TEX,78.70,,,,,,1,2,2023,2023-07
2023-07-30,2023,R,605483,677649,CU,Curveball,,foul,R,L,SD,TEX,79.30,86.00,36,,,,1,2,2023,2023-07
2023-07-30,2023,R,605483,677649,CU,Curveball,,foul,R,L,SD,TEX,78.90,,,,,,1,1,2023,2023-07
2023-07-30,2023,R,605483,677649,FF,4-Seam Fastball,,ball,R,L,SD,TEX,95.90,,,,,,0,1,2023,2023-07
2023-07-30,2023,R,605483,677649,CH,Changeup,,swinging_strike,R,L,SD,TEX,86.90,,,,,,0,0,2023,2023-07
2023-07-30,2023,R,606149,621020,SL,Slider,strikeout,swinging_strike,R,R,STL,CHC,85.30,,,,,,2,2,2023,2023-07
2023-07-30,2023,R,606149,621020,FF,4-Seam Fastball,,ball,R,R,STL,CHC,92.50,,,,,,1,2,2023,2023-07
2023-07-30,2023,R,606149,621020,FF,4-Seam Fastball,,foul,R,R,STL,CHC,92.60,66.20,-40,,,,1,1,2023,2023-07
2023-07-30,2023,R,606149,621020,SL,Slider,,called_strike,R,R,STL,CHC,83.60,,,,,,1,0,2023,2023-07
2023-07-30,2023,R,606149,621020,SL,Slider,,ball,R,R,STL,CHC,85.30,,,,,,0,0,2023,2023-07
2023-07-30,2023,R,606149,643565,SL,Slider,field_out,hit_into_play,L,R,STL,CHC,85.40,85.80,-2,149.23,164.12,ground_ball,2,2,2023,2023-07
2023-07-30,2023,R,606149,643565,FF,4-Seam Fastball,,called_strike,L,R,STL,CHC,93.50,,,,,,2,1,2023,2023-07
2023-07-30,2023,R,606149,643565,FF,4-Seam Fastball,,foul,L,R,STL,CHC,93.30,78.80,67,,,,2,0,2023,2023-07
2023-07-30,2023,R,606149,643565,CH,Changeup,,ball,L,R,STL,CHC,86.00,,,,,,1,0,2023,2023-07
2023-07-30,2023,R,606149,643565,FF,4-Seam Fastball,,ball,L,R,STL,CHC,93.90,,,,,,0,0,2023,2023-07
2023-07-30,2023,R,606149,663538,SL,Slider,field_out,hit_into_play,R,R,STL,CHC,86.40,88.00,29,109.56,69.49,fly_ball,0,1,2023,2023-07
2023-07-30,2023,R,606149,663538,SL,Slider,,called_strike,R,R,STL,CHC,84.40,,,,,,0,0,2023,2023-07
2023-07-30,2023,R,606149,663611,SL,Slider,field_out,hit_into_play,R,R,STL,CHC,85.70,88.90,34,120.83,68.94,fly_ball,1,1,2023,2023-07
2023-07-30,2023,R,606149,663611,SL,Slider,,called_strike,R,R,STL,CHC,85.30,,,,,,1,0,2023,2023-07
2023-07-30,2023,R,606149,663611,SL,Slider,,ball,R,R,STL,CHC,83.40,,,,,,0,0,2023,2023-07
2023-07-30,2023,R,606149,665804,SL,Slider,field_out,hit_into_play,R,R,STL,CHC,84.00,78.00,-53,106.59,163.11,ground_ball,1,1,2023,2023-07
2023-07-30,2023,R,606149,665804,FF,4-Seam Fastball,,foul,R,R,STL,CHC,92.80,96.90,71,,,,1,0,2023,2023-07
2023-07-30,2023,R,606149,665804,FF,4-Seam Fastball,,ball,R,R,STL,CHC,92.30,,,,,,0,0,2023,2023-07
2023-07-30,2023,R,606149,666624,SL,Slider,strikeout,swinging_strike,R,R,STL,CHC,85.10,,,,,,3,2,2023,2023-07
2023-07-30,2023,R,606149,666624,FF,4-Seam Fastball,,foul,R,R,STL,CHC,92.10,84.50,87,,,,3,1,2023,2023-07
2023-07-30,2023,R,606149,666624,FF,4-Seam Fastball,,ball,R,R,STL,CHC,92.70,,,,,,2,1,2023,2023-07
2023-07-30,2023,R,606149,666624,FF,4-Seam Fastball,,ball,R,R,STL,CHC,93.60,,,,,,1,1,2023,2023-07
2023-07-30,2023,R,606149,666624,FF,4-Seam Fastball,,foul,R,R,STL,CHC,93.20,73.20,48,,,,1,0,2023,2023-07
2023-07-30,2023,R,606149,666624,SL,Slider,,ball,R,R,STL,CHC,86.80,,,,,,0,0,2023,2023-07
2023-07-30,2023,R,606160,623912,FF,4-Seam Fastball,strikeout,swinging_strike,R,R,HOU,TB,95.40,,,,,,1,2,2023,2023-07
2023-07-30,2023,R,606160,623912,FF,4-Seam Fastball,,foul,R,R,HOU,TB,94.20,70.00,27,,,,1,1,2023,2023-07
2023-07-30,2023,R,606160,623912,SL,Slider,,ball,R,R,HOU,TB,86.90,,,,,,0,1,2023,2023-07
2023-07-30,2023,R,606160,623912,SI,Sinker,,called_strike,R,R,HOU,TB,94.30,,,,,,0,0,2023,2023-07
2023-07-30,2023,R,606160,666139,CH,Changeup,field_out,hit_into_play,L,R,HOU,TB,91.50,91.80,25,80.75,73.95,line_drive,2,0,2023,2023-07
2023-07-30,2023,R,606160,666139,CH,Changeup,,ball,L,R,HOU,TB,91.40,,,,,,1,0,2023,2023-07
2023-07-30,2023,R,606160,666139,FF,4-Seam Fastball,,ball,L,R,HOU,TB,94.90,,,,,,0,0,2023,2023-07
2023-07-30,2023,R,606160,670042,FF,4-Seam Fastball,field_out,hit_into_play,L,R,HOU,TB,94.40,82.30,46,185.20,130.30,fly_ball,0,0,2023,2023-07
2023-07-30,2023,R,606303,542303,ST,Sweeper,field_out,hit_into_play,R,R,ATL,MIL,83.90,80.80,60,85.54,137.00,fly_ball,2,2,2023,2023-07
2023-07-30,2023,R,606303,542303,ST,Sweeper,,ball,R,R,ATL,MIL,84.30,,,,,,1,2,2023,2023-07
2023-07-30,2023,R,606303,542303,ST,Sweeper,,called_strike,R,R,ATL,MIL,83.90,,,,,,1,1,2023,2023-07
2023-07-30,2023,R,606303,542303,ST,Sweeper,,ball,R,R,ATL,MIL,84.90,,,,,,0,1,2023,2023-07
2023-07-30,2023,R,606303,542303,ST,Sweeper,,called_strike,R,R,ATL,MIL,84.90,,,,,,0,0,2023,2023-07
2023-07-30,2023,R,606303,621566,SI,Sinker,home_run,hit_into_play,L,R,ATL,MIL,95.10,107.20,24,163.97,28.56,fly_ball,1,1,2023,2023-07
2023-07-30,2023,R,606303,621566,ST,Sweeper,,ball,L,R,ATL,MIL,84.10,,,,,,0,1,2023,2023-07
2023-07-30,2023,R,606303,621566,FF,4-Seam Fastball,,called_strike,L,R,ATL,MIL,95.90,,,,,,0,0,2023,2023-07
2023-07-30,2023,R,606303,645277,ST,Sweeper,double,hit_into_play,L,R,ATL,MIL,81.80,81.90,32,40.71,115.84,fly_ball,0,0,2023,2023-07
2023-07-30,2023,R,606303,663586,FF,4-Seam Fastball,strikeout,swinging_strike,R,R,ATL,MIL,94.50,,,,,,0,2,2023,2023-07
2023-07-30,2023,R,606303,663586,SI,Sinker,,foul,R,R,ATL,MIL,95.20,72.40,-2,,,,0,1,2023,2023-07
2023-07-30,2023,R,606303,663586,ST,Sweeper,,foul,R,R,ATL,MIL,83.30,69.40,42,,,,0,0,2023,2023-07
2023-07-30,2023,R,606303,669221,ST,Sweeper,strikeout,swinging_strike,R,R,ATL,MIL,84.10,,,,,,2,2,2023,2023-07
2023-07-30,2023,R,606303,669221,SI,Sinker,,foul,R,R,ATL,MIL,94.70,73.80,-42,,,,2,1,2023,2023-07
2023-07-30,2023,R,606303,669221,ST,Sweeper,,swinging_strike,R,R,ATL,MIL,83.70,,,,,,2,0,2023,2023-07
2023-07-30,2023,R,606303,669221,ST,Sweeper,,ball,R,R,ATL,MIL,84.20,,,,,,1,0,2023,2023-07
2023-07-30,2023,R,606303,669221,FF,4-Seam Fastball,,ball,R,R,ATL,MIL,94.40,,,,,,0,0,2023,2023-07
2023-07-30,2023,R,607067,542303,SI,Sinker,walk,ball,R,R,ATL,MIL,94.10,,,,,,3,2,2023,2023-07
2023-07-30,2023,R,607067,542303,ST,Sweeper,,ball,R,R,ATL,MIL,84.70,,,,,,2,2,2023,2023-07
2023-07-30,2023,R,607067,542303,FC,Cutter,,foul,R,R,ATL,MIL,86.00,100.90,58,,,,2,1,2023,2023-07
2023-07-30,2023,R,607067,542303,FC,Cutter,,foul,R,R,ATL,MIL,85.70,77.60,71,,,,2,0,2023,2023-07
2023-07-30,2023,R,607067,542303,FC,Cutter,,ball,R,R,ATL,MIL,85.90,,,,,,1,0,2023,2023-07
2023-07-30,2023,R,607067,542303,ST,Sweeper,,ball,R,R,ATL,MIL,82.90,,,,,,0,0,2023,2023-07
2023-07-30,2023,R,607067,542303,ST,Sweeper,strikeout,swinging_strike,R,R,ATL,MIL,85.20,,,,,,1,2,2023,2023-07
2023-07-30,2023,R,607067,542303,ST,Sweeper,,foul_tip,R,R,ATL,MIL,85.30,,,,,,1,1,2023,2023-07
2023-07-30,2023,R,607067,542303,SI,Sinker,,ball,R,R,ATL,MIL,94.20,,,,,,0,1,2023,2023-07
2023-07-30,2023,R,607067,542303,ST,Sweeper,,swinging_strike,R,R,ATL,MIL,83.40,,,,,,0,0,2023,2023-07
2023-07-30,2023,R,607067,592696,FF,4-Seam Fastball,strikeout,swinging_strike,L,R,ATL,MIL,92.30,,,,,,3,2,2023,2023-07
2023-07-30,2023,R,607067,592696,ST,Sweeper,,ball,L,R,ATL,MIL,83.50,,,,,,2,2,2023,2023-07
2023-07-30,2023,R,607067,592696,FF,4-Seam Fastball,,ball,L,R,ATL,MIL,93.10,,,,,,1,2,2023,2023-07
2023-07-30,2023,R,607067,592696,ST,Sweeper,,foul,L,R,ATL,MIL,80.80,87.40,-3,,,,1,2,2023,2023-07
2023-07-30,2023,R,607067,592696,FF,4-Seam Fastball,,foul,L,R,ATL,MIL,93.00,81.00,15,,,,1,2,2023,2023-07
2023-07-30,2023,R,607067,592696,FF,4-Seam Fastball,,foul,L,R,ATL,MIL,93.30,81.60,12,,,,1,1,2023,2023-07
2023-07-30,2023,R,607067,592696,FC,Cutter,,ball,L,R,ATL,MIL,86.60,,,,,,0,1,2023,2023-07
2023-07-30,2023,R,607067,592696,SI,Sinker,,foul,L,R,ATL,MIL,92.80,,,,,,0,0,2023,2023-07
2023-07-30,2023,R,607067,592696,FF,4-Seam Fastball,strikeout,swinging_strike,L,R,ATL,MIL,94.80,,,,,,0,2,2023,2023-07
2023-07-30,2023,R,607067,592696,ST,Sweeper,,swinging_strike,L,R,ATL,MIL,85.40,,,,,,0,1,2023,2023-07
2023-07-30,2023,R,607067,592696,FF,4-Seam Fastball,,called_strike,L,R,ATL,MIL,94.10,,,,,,0,0,2023,2023-07
2023-07-30,2023,R,607067,606115,SI,Sinker,single,hit_into_play,R,R,ATL,MIL,93.50,73.10,15,171.28,123.87,line_drive,0,2,2023,2023-07
2023-07-30,2023,R,607067,606115,FC,Cutter,,called_strike,R,R,ATL,MIL,86.70,,,,,,0,1,2023,2023-07
2023-07-30,2023,R,607067,606115,SI,Sinker,,called_strike,R,R,ATL,MIL,93.10,,,,,,0,0,2023,2023-07
2023-07-30,2023,R,607067,606115,CU,Curveball,field_out,hit_into_play,R,R,ATL,MIL,79.70,94.80,27,62.97,67.84,fly_ball,0,0,2023,2023-07
2023-07-30,2023,R,607067,621566,SI,Sinker,home_run,hit_into_play,L,R,ATL,MIL,93.80,96.80,31,208.61,78.32,fly_ball,2,2,2023,2023-07
2023-07-30,2023,R,607067,621566,ST,Sweeper,,swinging_strike,L,R,ATL,MIL,83.60,,,,,,2,1,2023,2023-07
2023-07-30,2023,R,607067,621566,FC,Cutter,,ball,L,R,ATL,MIL,88.70,,,,,,1,1,2023,2023-07
2023-07-30,2023,R,607067,621566,FC,Cutter,,ball,L,R,ATL,MIL,88.50,,,,,,0,1,2023,2023-07
2023-07-30,2023,R,607067,621566,FF,4-Seam Fastball,,foul,L,R,ATL,MIL,95.20,72.20,39,,,,0,0,2023,2023-07
2023-07-30,2023,R,607067,621566,ST,Sweeper,strikeout,swinging_strike,L,R,ATL,MIL,84.40,,,,,,2,2,2023,2023-07
2023-07-30,2023,R,607067,621566,SI,Sinker,,foul,L,R,ATL,MIL,94.80,76.40,21,,,,2,2,2023,2023-07
2023-07-30,2023,R,607067,621566,FC,Cutter,,ball,L,R,ATL,MIL,88.00,,,,,,1,2,2023,2023-07
2023-07-30,2023,R,607067,621566,FC,Cutter,,ball,L,R,ATL,MIL,89.60,,,,,,0,2,2023,2023-07
2023-07-30,2023,R,607067,621566,FF,4-Seam Fastball,,foul,L,R,ATL,MIL,94.70,61.50,47,,,,0,2,2023,2023-07
2023-07-30,2023,R,607067,621566,ST,Sweeper,,foul,L,R,ATL,MIL,83.50,84.60,-6,,,,0,1,2023,2023-07
2023-07-30,2023,R,607067,621566,SI,Sinker,,called_strike,L,R,ATL,MIL,94.20,,,,,,0,0,2023,2023-07
2023-07-30,2023,R,607067,645277,CH,Changeup,field_out,hit_into_play,L,R,ATL,MIL,86.80,89.50,-2,155.69,166.01,ground_ball,1,1,2023,2023-07
2023-07-30,2023,R,607067,645277,FF,4-Seam Fastball,,ball,L,R,ATL,MIL,93.70,,,,,,0,1,2023,2023-07
2023-07-30,2023,R,607067,645277,FC,Cutter,,called_strike,L,R,ATL,MIL,88.00,,,,,,0,0,2023,2023-07
2023-07-30,2023,R,607067,645277,FF,4-Seam Fastball,strikeout,swinging_strike,L,R,ATL,MIL,95.60,,,,,,1,2,2023,2023-07
2023-07-30,2023,R,607067,645277,FF,4-Seam Fastball,,foul,L,R,ATL,MIL,94.60,82.90,81,,,,1,1,2023,2023-07
2023-07-30,2023,R,607067,645277,FF,4-Seam Fastball,,ball,L,R,ATL,MIL,94.80,,,,,,0,1,2023,2023-07
2023-07-30,2023,R,607067,645277,CU,Curveball,,called_strike,L,R,ATL,MIL,78.10,,,,,,0,0,2023,2023-07
2023-07-30,2023,R,607067,645277,FC,Cutter,field_out,hit_into_play,L,R,ATL,MIL,88.40,84.00,25,88.42,98.14,fly_ball,0,1,2023,2023-07
2023-07-30,2023,R,607067,645277,SI,Sinker,,foul,L,R,ATL,MIL,92.70,76.60,42,,,,0,0,2023,2023-07
2023-07-30,2023,R,607067,660670,FF,4-Seam Fastball,field_out,hit_into_play,R,R,ATL,MIL,92.60,86.40,-24,145.79,156.39,ground_ball,1,2,2023,2023-07
2023-07-30,2023,R,607067,660670,FF,4-Seam Fastball,,ball,R,R,ATL,MIL,92.70,,,,,,0,2,2023,2023-07
2023-07-30,2023,R,607067,660670,ST,Sweeper,,called_strike,R,R,ATL,MIL,83.80,,,,,,0,1,2023,2023-07
2023-07-30,2023,R,607067,660670,ST,Sweeper,,swinging_strike,R,R,ATL,MIL,83.00,,,,,,0,0,2023,2023-07
2023-07-30,2023,R,607067,660670,SI,Sinker,single,hit_into_play,R,R,ATL,MIL,94.10,97.10,9,180.05,111.67,line_drive,1,0,2023,2023-07
2023-07-30,2023,R,607067,660670,SI,Sinker,,ball,R,R,ATL,MIL,94.10,,,,,,0,0,2023,2023-07
2023-07-30,2023,R,607067,660670,FC,Cutter,single,hit_into_play,R,R,ATL,MIL,88.70,101.50,1,138.37,183.80,line_drive,0,1,2023,2023-07
2023-07-30,2023,R,607067,660670,FC,Cutter,,foul,R,R,ATL,MIL,86.00,,,,,,0,0,2023,2023-07
2023-07-30,2023,R,607067,663586,ST,Sweeper,strikeout,swinging_strike,R,R,ATL,MIL,84.40,,,,,,2,2,2023,2023-07
2023-07-30,2023,R,607067,663586,ST,Sweeper,,ball,R,R,ATL,MIL,85.10,,,,,,1,2,2023,2023-07
2023-07-30,2023,R,607067,663586,FF,4-Seam Fastball,,ball,R,R,ATL,MIL,93.50,,,,,,0,2,2023,2023-07
2023-07-30,2023,R,607067,663586,SI,Sinker,,called_strike,R,R,ATL,MIL,93.50,,,,,,0,1,2023,2023-07
2023-07-30,2023,R,607067,663586,FC,Cutter,,swinging_strike,R,R,ATL,MIL,87.40,,,,,,0,0,2023,2023-07
2023-07-30,2023,R,607067,663586,SI,Sinker,walk,ball,R,R,ATL,MIL,95.00,,,,,,3,2,2023,2023-07
2023-07-30,2023,R,607067,663586,FC,Cutter,,foul,R,R,ATL,MIL,89.30,61.00,49,,,,3,2,2023,2023-07
2023-07-30,2023,R,607067,663586,FF,4-Seam Fastball,,foul,R,R,ATL,MIL,94.30,,,,,,3,2,2023,2023-07
2023-07-30,2023,R,607067,663586,ST,Sweeper,,foul,R,R,ATL,MIL,85.70,78.70,26,,,,3,2,2023,2023-07
2023-07-30,2023,R,607067,663586,FF,4-Seam Fastball,,ball,R,R,ATL,MIL,95.00,,,,,,2,2,2023,2023-07
2023-07-30,2023,R,607067,663586,SI,Sinker,,ball,R,R,ATL,MIL,95.40,,,,,,1,2,2023,2023-07
2023-07-30,2023,R,607067,663586,FF,4-Seam Fastball,,ball,R,R,ATL,MIL,94.50,,,,,,0,2,2023,2023-07
2023-07-30,2023,R,607067,663586,ST,Sweeper,,swinging_strike,R,R,ATL,MIL,85.00,,,,,,0,1,2023,2023-07
2023-07-30,2023,R,607067,663586,FF,4-Seam Fastball,,called_strike,R,R,ATL,MIL,94.40,,,,,,0,0,2023,2023-07
2023-07-30,2023,R,607067,663586,SI,Sinker,home_run,hit_into_play,R,R,ATL,MIL,93.70,111.10,26,82.98,15.86,fly_ball,0,0,2023,2023-07
2023-07-30,2023,R,607067,669221,ST,Sweeper,strikeout,swinging_strike,R,R,ATL,MIL,85.00,,,,,,0,2,2023,2023-07
2023-07-30,2023,R,607067,669221,ST,Sweeper,,swinging_strike,R,R,ATL,MIL,85.30,,,,,,0,1,2023,2023-07
2023-07-30,2023,R,607067,669221,SI,Sinker,,called_strike,R,R,ATL,MIL,92.20,,,,,,0,0,2023,2023-07
2023-07-30,2023,R,607067,669221,FF,4-Seam Fastball,strikeout,swinging_strike,R,R,ATL,MIL,94.70,,,,,,1,2,2023,2023-07
2023-07-30,2023,R,607067,669221,ST,Sweeper,,swinging_strike,R,R,ATL,MIL,85.90,,,,,,1,1,2023,2023-07
2023-07-30,2023,R,607067,669221,ST,Sweeper,,ball,R,R,ATL,MIL,81.60,,,,,,0,1,2023,2023-07
2023-07-30,2023,R,607067,669221,SI,Sinker,,called_strike,R,R,ATL,MIL,95.00,,,,,,0,0,2023,2023-07
2023-07-30,2023,R,607067,671739,FC,Cutter,grounded_into_double_play,hit_into_play,L,R,ATL,MIL,87.90,103.00,-17,150.84,164.80,ground_ball,0,0,2023,2023-07
2023-07-30,2023,R,607067,671739,FC,Cutter,field_out,hit_into_play,L,R,ATL,MIL,88.50,86.20,-41,132.99,152.69,ground_ball,0,2,2023,2023-07
2023-07-30,2023,R,607067,671739,SI,Sinker,,called_strike,L,R,ATL,MIL,93.30,,,,,,0,1,2023,2023-07
2023-07-30,2023,R,607067,671739,FC,Cutter,,swinging_strike,L,R,ATL,MIL,88.00,,,,,,0,0,2023,2023-07
2023-07-30,2023,R,607259,543257,FF,4-Seam Fastball,strikeout,called_strike,L,R,SD,TEX,95.90,,,,,,3,2,2023,2023-07
2023-07-30,2023,R,607259,543257,CU,Curveball,,foul,L,R,SD,TEX,83.00,65.50,36,,,,3,2,2023,2023-07
2023-07-30,2023,R,607259,543257,CH,Changeup,,swinging_strike,L,R,SD,TEX,80.80,,,,,,3,1,2023,2023-07
2023-07-30,2023,R,607259,543257,CH,Changeup,,ball,L,R,SD,TEX,81.20,,,,,,2,1,2023,2023-07
2023-07-30,2023,R,607259,543257,CH,Changeup,,called_strike,L,R,SD,TEX,81.90,,,,,,2,0,2023,2023-07
2023-07-30,2023,R,607259,543257,CH,Changeup,,ball,L,R,SD,TEX,82.00,,,,,,1,0,2023,2023-07
2023-07-30,2023,R,607259,543257,FF,4-Seam Fastball,,ball,L,R,SD,TEX,96.10,,,,,,0,0,2023,2023-07
2023-07-30,2023,R,607259,543760,FC,Cutter,single,hit_into_play,R,R,SD,TEX,91.10,101.80,8,124.43,109.95,line_drive,0,0,2023,2023-07
2023-07-30,2023,R,607259,641598,FC,Cutter,single,hit_into_play,R,R,SD,TEX,90.90,100.20,11,110.94,112.33,line_drive,0,0,2023,2023-07
2023-07-30,2023,R,607259,665750,CH,Changeup,strikeout,swinging_strike,L,R,SD,TEX,82.20,,,,,,1,2,2023,2023-07
2023-07-30,2023,R,607259,665750,CU,Curveball,,ball,L,R,SD,TEX,84.00,,,,,,0,2,2023,2023-07
2023-07-30,2023,R,607259,665750,CH,Changeup,,swinging_strike,L,R,SD,TEX,80.90,,,,,,0,1,2023,2023-07
2023-07-30,2023,R,607259,665750,CH,Changeup,,swinging_strike,L,R,SD,TEX,82.30,,,,,,0,0,2023,2023-07
2023-07-30,2023,R,607259,669087,SI,Sinker,field_out,hit_into_play,R,R,SD,TEX,95.10,96.40,-4,149.99,160.65,ground_ball,0,0,2023,2023-07
2023-07-30,2023,R,607259,677649,SI,Sinker,single,hit_into_play,R,R,SD,TEX,93.80,85.10,14,119.45,124.98,line_drive,0,0,2023,2023-07
2023-07-30,2023,R,607755,641943,SL,Slider,home_run,hit_into_play,L,L,PIT,PHI,80.40,98.00,27,211.71,77.33,fly_ball,2,0,2023,2023-07
2023-07-30,2023,R,607755,641943,SL,Slider,,ball,L,L,PIT,PHI,80.00,,,,,,1,0,2023,2023-07
2023-07-30,2023,R,607755,641943,SL,Slider,,ball,L,L,PIT,PHI,81.30,,,,,,0,0,2023,2023-07
2023-07-30,2023,R,608032,543807,FF,4-Seam Fastball,strikeout,called_strike,R,R,TOR,LAA,98.20,,,,,,2,2,2023,2023-07
2023-07-30,2023,R,608032,543807,FF,4-Seam Fastball,,ball,R,R,TOR,LAA,99.10,,,,,,1,2,2023,2023-07
2023-07-30,2023,R,608032,543807,FF,4-Seam Fastball,,ball,R,R,TOR,LAA,98.40,,,,,,0,2,2023,2023-07
2023-07-30,2023,R,608032,543807,FF,4-Seam Fastball,,foul,R,R,TOR,LAA,99.60,78.10,57,,,,0,2,2023,2023-07
2023-07-30,2023,R,608032,543807,FF,4-Seam Fastball,,foul,R,R,TOR,LAA,98.40,74.80,35,,,,0,1,2023,2023-07
2023-07-30,2023,R,608032,543807,FF,4-Seam Fastball,,swinging_strike,R,R,TOR,LAA,98.40,,,,,,0,0,2023,2023-07
2023-07-30,2023,R,608032,593160,FF,4-Seam Fastball,field_out,hit_into_play,R,R,TOR,LAA,97.30,62.80,66,161.41,177.06,popup,1,0,2023,2023-07
2023-07-30,2023,R,608032,593160,SL,Slider,,ball,R,R,TOR,LAA,89.30,,,,,,0,0,2023,2023-07
2023-07-30,2023,R,608032,624415,FF,4-Seam Fastball,strikeout,swinging_strike,L,R,TOR,LAA,97.30,,,,,,1,2,2023,2023-07
2023-07-30,2023,R,608032,624415,FF,4-Seam Fastball,,foul_tip,L,R,TOR,LAA,97.30,,,,,,1,1,2023,2023-07
2023-07-30,2023,R,608032,624415,FF,4-Seam Fastball,,swinging_strike,L,R,TOR,LAA,97.40,,,,,,1,0,2023,2023-07
2023-07-30,2023,R,608032,624415,FF,4-Seam Fastball,,ball,L,R,TOR,LAA,98.10,,,,,,0,0,2023,2023-07
2023-07-30,2023,R,608032,643376,FF,4-Seam Fastball,field_out,hit_into_play,R,R,TOR,LAA,98.30,88.50,25,59.89,83.23,line_drive,1,1,2023,2023-07
2023-07-30,2023,R,608032,643376,FF,4-Seam Fastball,,foul,R,R,TOR,LAA,97.60,75.50,21,,,,1,0,2023,2023-07
2023-07-30,2023,R,608032,643376,FF,4-Seam Fastball,,ball,R,R,TOR,LAA,98.30,,,,,,0,0,2023,2023-07
2023-07-30,2023,R,608032,656305,FF,4-Seam Fastball,walk,ball,R,R,TOR,LAA,96.50,,,,,,3,2,2023,2023-07
2023-07-30,2023,R,608032,656305,FF,4-Seam Fastball,,ball,R,R,TOR,LAA,96.00,,,,,,2,2,2023,2023-07
2023-07-30,2023,R,608032,656305,SL,Slider,,foul,R,R,TOR,LAA,88.90,65.00,46,,,,2,2,2023,2023-07
2023-07-30,2023,R,608032,656305,FF,4-Seam Fastball,,ball,R,R,TOR,LAA,96.20,,,,,,1,2,2023,2023-07
2023-07-30,2023,R,608032,656305,FF,4-Seam Fastball,,foul,R,R,TOR,LAA,96.00,84.40,66,,,,1,1,2023,2023-07
2023-07-30,2023,R,608032,656305,FF,4-Seam Fastball,,ball,R,R,TOR,LAA,98.00,,,,,,0,1,2023,2023-07
2023-07-30,2023,R,608032,656305,FF,4-Seam Fastball,,called_strike,R,R,TOR,LAA,96.50,,,,,,0,0,2023,2023-07
2023-07-30,2023,R,608032,662139,FF,4-Seam Fastball,field_out,hit_into_play,L,R,TOR,LAA,96.70,83.10,69,114.48,156.92,popup,3,2,2023,2023-07
2023-07-30,2023,R,608032,662139,FF,4-Seam Fastball,,ball,L,R,TOR,LAA,97.00,,,,,,2,2,2023,2023-07
2023-07-30,2023,R,608032,662139,FF,4-Seam Fastball,,foul,L,R,TOR,LAA,96.80,80.10,52,,,,2,1,2023,2023-07
2023-07-30,2023,R,608032,662139,FF,4-Seam Fastball,,ball,L,R,TOR,LAA,96.40,,,,,,1,1,2023,2023-07
2023-07-30,2023,R,608032,662139,FF,4-Seam Fastball,,ball,L,R,TOR,LAA,96.60,,,,,,0,1,2023,2023-07
2023-07-30,2023,R,608032,662139,FF,4-Seam Fastball,,swinging_strike,L,R,TOR,LAA,95.60,,,,,,0,0,2023,2023-07
2023-07-30,2023,R,608032,665489,FF,4-Seam Fastball,single,hit_into_play,R,R,TOR,LAA,97.20,110.80,4,169.03,96.93,ground_ball,0,0,2023,2023-07
2023-07-30,2023,R,608032,666182,FF,4-Seam Fastball,field_out,hit_into_play,R,R,TOR,LAA,97.90,59.00,-54,126.18,182.20,ground_ball,2,2,2023,2023-07
2023-07-30,2023,R,608032,666182,FF,4-Seam Fastball,,ball,R,R,TOR,LAA,98.20,,,,,,1,2,2023,2023-07
2023-07-30,2023,R,608032,666182,FF,4-Seam Fastball,,ball,R,R,TOR,LAA,98.80,,,,,,0,2,2023,2023-07
2023-07-30,2023,R,608032,666182,FF,4-Seam Fastball,,foul,R,R,TOR,LAA,97.60,82.20,69,,,,0,1,2023,2023-07
2023-07-30,2023,R,608032,666182,FF,4-Seam Fastball,,foul,R,R,TOR,LAA,97.50,86.70,21,,,,0,0,2023,2023-07
2023-07-30,2023,R,608665,650490,SI,Sinker,walk,ball,R,R,HOU,TB,96.00,,,,,,3,0,2023,2023-07
2023-07-30,2023,R,608665,650490,SI,Sinker,,ball,R,R,HOU,TB,94.40,,,,,,2,0,2023,2023-07
2023-07-30,2023,R,608665,650490,SI,Sinker,,ball,R,R,HOU,TB,94.80,,,,,,1,0,2023,2023-07
2023-07-30,2023,R,608665,650490,SI,Sinker,,ball,R,R,HOU,TB,93.70,,,,,,0,0,2023,2023-07
2023-07-30,2023,R,608665,664040,FF,4-Seam Fastball,strikeout,swinging_strike,L,R,HOU,TB,95.80,,,,,,0,2,2023,2023-07
2023-07-30,2023,R,608665,664040,FF,4-Seam Fastball,,swinging_strike,L,R,HOU,TB,95.30,,,,,,0,1,2023,2023-07
2023-07-30,2023,R,608665,664040,FF,4-Seam Fastball,,called_strike,L,R,HOU,TB,95.80,,,,,,0,0,2023,2023-07
2023-07-30,2023,R,608665,670623,SI,Sinker,grounded_into_double_play,hit_into_play,R,R,HOU,TB,96.80,80.60,0,112.63,165.89,ground_ball,0,0,2023,2023-07
2023-07-30,2023,R,608665,677551,CH,Changeup,single,hit_into_play,L,R,HOU,TB,87.70,83.80,14,135.47,96.23,line_drive,2,0,2023,2023-07
2023-07-30,2023,R,608665,677551,CH,Changeup,,blocked_ball,L,R,HOU,TB,87.80,,,,,,1,0,2023,2023-07
2023-07-30,2023,R,608665,677551,FF,4-Seam Fastball,,ball,L,R,HOU,TB,94.30,,,,,,0,0,2023,2023-07
2023-07-30,2023,R,608718,649557,CH,Changeup,walk,ball,R,L,COL,ATH,71.10,,,,,,3,2,2023,2023-07
2023-07-30,2023,R,608718,649557,SI,Sinker,,ball,R,L,COL,ATH,88.10,,,,,,2,2,2023,2023-07
2023-07-30,2023,R,608718,649557,FF,4-Seam Fastball,,ball,R,L,COL,ATH,86.60,,,,,,1,2,2023,2023-07
2023-07-30,2023,R,608718,649557,CH,Changeup,,foul,R,L,COL,ATH,67.70,57.10,35,,,,1,2,2023,2023-07
2023-07-30,2023,R,608718,649557,CH,Changeup,,swinging_strike,R,L,COL,ATH,75.20,,,,,,1,1,2023,2023-07
2023-07-30,2023,R,608718,649557,FF,4-Seam Fastball,,foul,R,L,COL,ATH,85.30,77.00,-26,,,,1,0,2023,2023-07
2023-07-30,2023,R,608718,649557,CH,Changeup,,blocked_ball,R,L,COL,ATH,78.20,,,,,,0,0,2023,2023-07
2023-07-30,2023,R,608718,657656,FF,4-Seam Fastball,single,hit_into_play,R,L,COL,ATH,83.40,93.70,-1,104.90,157.28,ground_ball,0,1,2023,2023-07
2023-07-30,2023,R,608718,657656,SI,Sinker,,called_strike,R,L,COL,ATH,88.10,,,,,,0,0,2023,2023-07
2023-07-30,2023,R,608718,669127,CH,Changeup,strikeout,swinging_strike,R,L,COL,ATH,73.60,,,,,,2,2,2023,2023-07
2023-07-30,2023,R,608718,669127,FF,4-Seam Fastball,,ball,R,L,COL,ATH,86.40,,,,,,1,2,2023,2023-07
2023-07-30,2023,R,608718,669127,CH,Changeup,,ball,R,L,COL,ATH,73.30,,,,,,0,2,2023,2023-07
2023-07-30,2023,R,608718,669127,FF,4-Seam Fastball,,foul,R,L,COL,ATH,84.50,62.10,48,,,,0,1,2023,2023-07
2023-07-30,2023,R,608718,669127,FF,4-Seam Fastball,,called_strike,R,L,COL,ATH,85.70,,,,,,0,0,2023,2023-07
2023-07-30,2023,R,608718,669397,CH,Changeup,strikeout,called_strike,R,L,COL,ATH,73.10,,,,,,0,2,2023,2023-07
2023-07-30,2023,R,608718,669397,FF,4-Seam Fastball,,swinging_strike,R,L,COL,ATH,85.80,,,,,,0,1,2023,2023-07
2023-07-30,2023,R,608718,669397,SI,Sinker,,called_strike,R,L,COL,ATH,88.70,,,,,,0,0,2023,2023-07
2023-07-30,2023,R,608718,672478,CH,Changeup,field_out,hit_into_play,R,L,COL,ATH,75.10,89.10,1,99.80,173.06,ground_ball,2,2,2023,2023-07
2023-07-30,2023,R,608718,672478,CH,Changeup,,ball,R,L,COL,ATH,74.10,,,,,,1,2,2023,2023-07
2023-07-30,2023,R,608718,672478,FF,4-Seam Fastball,,swinging_strike,R,L,COL,ATH,86.60,,,,,,1,1,2023,2023-07
2023-07-30,2023,R,608718,672478,SI,Sinker,,ball,R,L,COL,ATH,87.30,,,,,,0,1,2023,2023-07
2023-07-30,2023,R,608718,672478,CH,Changeup,,swinging_strike,R,L,COL,ATH,76.80,,,,,,0,0,2023,2023-07
2023-07-30,2023,R,608718,691016,SI,Sinker,single,hit_into_play,L,L,COL,ATH,89.00,104.10,4,86.95,138.40,ground_ball,2,2,2023,2023-07
2023-07-30,2023,R,608718,691016,SI,Sinker,,ball,L,L,COL,ATH,88.20,,,,,,1,2,2023,2023-07
2023-07-30,2023,R,608718,691016,CH,Changeup,,foul,L,L,COL,ATH,74.20,82.30,-26,,,,1,1,2023,2023-07
2023-07-30,2023,R,608718,691016,SI,Sinker,,foul,L,L,COL,ATH,85.40,67.40,27,,,,1,0,2023,2023-07
2023-07-30,2023,R,608718,691016,SI,Sinker,,ball,L,L,COL,ATH,88.40,,,,,,0,0,2023,2023-07
2023-07-30,2023,R,613534,543939,SL,Slider,field_out,hit_into_play,L,R,AZ,SEA,88.60,94.30,-9,156.20,166.92,ground_ball,0,1,2023,2023-07
2023-07-30,2023,R,613534,543939,SL,Slider,,called_strike,L,R,AZ,SEA,88.00,,,,,,0,0,2023,2023-07
2023-07-30,2023,R,613534,606192,SL,Slider,strikeout,called_strike,R,R,AZ,SEA,87.90,,,,,,1,2,2023,2023-07
2023-07-30,2023,R,613534,606192,SI,Sinker,,ball,R,R,AZ,SEA,94.30,,,,,,0,2,2023,2023-07
2023-07-30,2023,R,613534,606192,SL,Slider,,swinging_strike,R,R,AZ,SEA,88.50,,,,,,0,1,2023,2023-07
2023-07-30,2023,R,613534,606192,SL,Slider,,called_strike,R,R,AZ,SEA,87.80,,,,,,0,0,2023,2023-07
2023-07-30,2023,R,613534,645801,SL,Slider,strikeout,foul_tip,L,R,AZ,SEA,89.50,,,,,,1,2,2023,2023-07
2023-07-30,2023,R,613534,645801,SL,Slider,,foul,L,R,AZ,SEA,88.30,70.10,27,,,,1,1,2023,2023-07
2023-07-30,2023,R,613534,645801,SI,Sinker,,ball,L,R,AZ,SEA,93.70,,,,,,0,1,2023,2023-07
2023-07-30,2023,R,613534,645801,SL,Slider,,called_strike,L,R,AZ,SEA,89.40,,,,,,0,0,2023,2023-07
2023-07-30,2023,R,613534,664034,SL,Slider,single,hit_into_play,R,R,AZ,SEA,89.60,76.00,19,120.32,94.19,line_drive,2,2,2023,2023-07
2023-07-30,2023,R,613534,664034,SL,Slider,,foul,R,R,AZ,SEA,89.50,76.50,-63,,,,2,2,2023,2023-07
2023-07-30,2023,R,613534,664034,SL,Slider,,swinging_strike,R,R,AZ,SEA,88.70,,,,,,2,1,2023,2023-07
2023-07-30,2023,R,613534,664034,SI,Sinker,,ball,R,R,AZ,SEA,94.20,,,,,,1,1,2023,2023-07
2023-07-30,2023,R,613534,664034,SL,Slider,,swinging_strike,R,R,AZ,SEA,87.10,,,,,,1,0,2023,2023-07
2023-07-30,2023,R,613534,664034,SI,Sinker,,ball,R,R,AZ,SEA,94.90,,,,,,0,0,2023,2023-07
2023-07-30,2023,R,613534,687799,SI,Sinker,walk,ball,L,R,AZ,SEA,94.60,,,,,,3,1,2023,2023-07
2023-07-30,2023,R,613534,687799,SL,Slider,,ball,L,R,AZ,SEA,88.60,,,,,,2,1,2023,2023-07
2023-07-30,2023,R,613534,687799,SI,Sinker,,ball,L,R,AZ,SEA,94.30,,,,,,1,1,2023,2023-07
2023-07-30,2023,R,613534,687799,SL,Slider,,ball,L,R,AZ,SEA,90.40,,,,,,0,1,2023,2023-07
2023-07-30,2023,R,613534,687799,SL,Slider,,swinging_strike,L,R,AZ,SEA,89.10,,,,,,0,0,2023,2023-07
2023-07-30,2023,R,621051,663993,ST,Sweeper,walk,ball,L,R,SD,TEX,78.10,,,,,,3,2,2023,2023-07
2023-07-30,2023,R,621051,663993,ST,Sweeper,,swinging_strike,L,R,SD,TEX,79.20,,,,,,3,1,2023,2023-07
2023-07-30,2023,R,621051,663993,FF,4-Seam Fastball,,ball,L,R,SD,TEX,93.20,,,,,,2,1,2023,2023-07
2023-07-30,2023,R,621051,663993,FF,4-Seam Fastball,,ball,L,R,SD,TEX,94.40,,,,,,1,1,2023,2023-07
2023-07-30,2023,R,621051,663993,FF,4-Seam Fastball,,called_strike,L,R,SD,TEX,93.30,,,,,,1,0,2023,2023-07
2023-07-30,2023,R,621051,663993,FF,4-Seam Fastball,,ball,L,R,SD,TEX,93.60,,,,,,0,0,2023,2023-07
2023-07-30,2023,R,621051,666969,ST,Sweeper,field_out,hit_into_play,R,R,SD,TEX,81.00,82.70,30,129.11,79.51,fly_ball,0,0,2023,2023-07
2023-07-30,2023,R,621051,673962,ST,Sweeper,grounded_into_double_play,hit_into_play,R,R,SD,TEX,82.80,91.60,2,101.63,164.28,ground_ball,1,1,2023,2023-07
2023-07-30,2023,R,621051,673962,FF,4-Seam Fastball,,swinging_strike,R,R,SD,TEX,95.80,,,,,,1,0,2023,2023-07
2023-07-30,2023,R,621051,673962,ST,Sweeper,,ball,R,R,SD,TEX,80.90,,,,,,0,0,2023,2023-07
2023-07-30,2023,R,621244,500871,SI,Sinker,field_out,hit_into_play,L,R,TOR,LAA,94.10,89.40,48,46.01,126.39,fly_ball,1,2,2023,2023-07
2023-07-30,2023,R,621244,500871,SV,Slurve,,ball,L,R,TOR,LAA,84.70,,,,,,0,2,2023,2023-07
2023-07-30,2023,R,621244,500871,FF,4-Seam Fastball,,foul,L,R,TOR,LAA,93.60,79.00,57,,,,0,1,2023,2023-07
2023-07-30,2023,R,621244,500871,SV,Slurve,,called_strike,L,R,TOR,LAA,82.30,,,,,,0,0,2023,2023-07
2023-07-30,2023,R,621244,500871,CH,Changeup,field_out,hit_into_play,L,R,TOR,LAA,85.80,83.50,30,98.12,92.69,fly_ball,1,2,2023,2023-07
2023-07-30,2023,R,621244,500871,SI,Sinker,,foul,L,R,TOR,LAA,94.40,83.20,25,,,,1,2,2023,2023-07
2023-07-30,2023,R,621244,500871,FF,4-Seam Fastball,,ball,L,R,TOR,LAA,95.00,,,,,,0,2,2023,2023-07
2023-07-30,2023,R,621244,500871,FF,4-Seam Fastball,,swinging_strike,L,R,TOR,LAA,94.20,,,,,,0,1,2023,2023-07
2023-07-30,2023,R,621244,500871,FF,4-Seam Fastball,,swinging_strike,L,R,TOR,LAA,94.00,,,,,,0,0,2023,2023-07
2023-07-30,2023,R,621244,500871,CH,Changeup,walk,ball,L,R,TOR,LAA,83.80,,,,,,3,1,2023,2023-07
2023-07-30,2023,R,621244,500871,FF,4-Seam Fastball,,called_strike,L,R,TOR,LAA,92.70,,,,,,3,0,2023,2023-07
2023-07-30,2023,R,621244,500871,FF,4-Seam Fastball,,ball,L,R,TOR,LAA,93.30,,,,,,2,0,2023,2023-07
2023-07-30,2023,R,621244,500871,FF,4-Seam Fastball,,ball,L,R,TOR,LAA,93.30,,,,,,1,0,2023,2023-07
2023-07-30,2023,R,621244,500871,SV,Slurve,,ball,L,R,TOR,LAA,81.20,,,,,,0,0,2023,2023-07
2023-07-30,2023,R,621244,519058,SI,Sinker,field_out,hit_into_play,L,R,TOR,LAA,92.60,83.90,65,77.36,146.93,popup,0,0,2023,2023-07
2023-07-30,2023,R,621244,519058,SV,Slurve,single,hit_into_play,L,R,TOR,LAA,82.10,91.60,11,133.21,82.40,line_drive,1,0,2023,2023-07
2023-07-30,2023,R,621244,519058,SI,Sinker,,ball,L,R,TOR,LAA,92.90,,,,,,0,0,2023,2023-07
2023-07-30,2023,R,621244,519058,SV,Slurve,field_out,hit_into_play,L,R,TOR,LAA,85.00,69.70,82,110.24,202.38,popup,2,2,2023,2023-07
2023-07-30,2023,R,621244,519058,SI,Sinker,,ball,L,R,TOR,LAA,95.40,,,,,,1,2,2023,2023-07
2023-07-30,2023,R,621244,519058,CH,Changeup,,foul,L,R,TOR,LAA,86.00,73.20,11,,,,1,1,2023,2023-07
2023-07-30,2023,R,621244,519058,FF,4-Seam Fastball,,ball,L,R,TOR,LAA,95.00,,,,,,0,1,2023,2023-07
2023-07-30,2023,R,621244,519058,SV,Slurve,,swinging_strike,L,R,TOR,LAA,83.30,,,,,,0,0,2023,2023-07
2023-07-30,2023,R,621244,592669,SI,Sinker,strikeout,called_strike,R,R,TOR,LAA,93.90,,,,,,1,2,2023,2023-07
2023-07-30,2023,R,621244,592669,CH,Changeup,,foul,R,R,TOR,LAA,85.50,79.80,-23,,,,1,1,2023,2023-07
2023-07-30,2023,R,621244,592669,SI,Sinker,,ball,R,R,TOR,LAA,93.60,,,,,,0,1,2023,2023-07
2023-07-30,2023,R,621244,592669,FF,4-Seam Fastball,,called_strike,R,R,TOR,LAA,93.80,,,,,,0,0,2023,2023-07
2023-07-30,2023,R,621244,592669,SV,Slurve,sac_fly,hit_into_play,R,R,TOR,LAA,82.10,89.10,32,96.96,73.12,fly_ball,0,2,2023,2023-07
2023-07-30,2023,R,621244,592669,SV,Slurve,,swinging_strike,R,R,TOR,LAA,81.90,,,,,,0,1,2023,2023-07
2023-07-30,2023,R,621244,592669,SI,Sinker,,called_strike,R,R,TOR,LAA,92.80,,,,,,0,0,2023,2023-07
2023-07-30,2023,R,621244,592669,SI,Sinker,single,hit_into_play,R,R,TOR,LAA,93.70,102.00,9,53.31,137.08,line_drive,2,1,2023,2023-07
2023-07-30,2023,R,621244,592669,SV,Slurve,,ball,R,R,TOR,LAA,81.60,,,,,,1,1,2023,2023-07
2023-07-30,2023,R,621244,592669,SV,Slurve,,ball,R,R,TOR,LAA,81.80,,,,,,0,1,2023,2023-07
2023-07-30,2023,R,621244,592669,FF,4-Seam Fastball,,called_strike,R,R,TOR,LAA,93.20,,,,,,0,0,2023,2023-07
2023-07-30,2023,R,621244,623205,SI,Sinker,strikeout,swinging_strike,L,R,TOR,LAA,95.40,,,,,,2,2,2023,2023-07
2023-07-30,2023,R,621244,623205,FF,4-Seam Fastball,,foul,L,R,TOR,LAA,93.50,78.20,61,,,,2,1,2023,2023-07
2023-07-30,2023,R,621244,623205,SI,Sinker,,ball,L,R,TOR,LAA,92.50,,,,,,1,1,2023,2023-07
2023-07-30,2023,R,621244,623205,FF,4-Seam Fastball,,foul_tip,L,R,TOR,LAA,93.80,,,,,,1,0,2023,2023-07
2023-07-30,2023,R,621244,623205,FF,4-Seam Fastball,,ball,L,R,TOR,LAA,94.10,,,,,,0,0,2023,2023-07
2023-07-30,2023,R,621244,623205,FF,4-Seam Fastball,strikeout,swinging_strike,L,R,TOR,LAA,94.70,,,,,,2,2,2023,2023-07
2023-07-30,2023,R,621244,623205,FF,4-Seam Fastball,,ball,L,R,TOR,LAA,94.00,,,,,,1,2,2023,2023-07
2023-07-30,2023,R,621244,623205,FF,4-Seam Fastball,,ball,L,R,TOR,LAA,94.50,,,,,,0,2,2023,2023-07
2023-07-30,2023,R,621244,623205,FF,4-Seam Fastball,,swinging_strike,L,R,TOR,LAA,92.10,,,,,,0,1,2023,2023-07
2023-07-30,2023,R,621244,623205,FF,4-Seam Fastball,,called_strike,L,R,TOR,LAA,94.20,,,,,,0,0,2023,2023-07
2023-07-30,2023,R,621244,623205,FF,4-Seam Fastball,sac_bunt,hit_into_play,L,R,TOR,LAA,92.80,29.30,9,143.98,185.01,ground_ball,1,1,2023,2023-07
2023-07-30,2023,R,621244,623205,FF,4-Seam Fastball,,ball,L,R,TOR,LAA,94.40,,,,,,0,1,2023,2023-07
2023-07-30,2023,R,621244,623205,FF,4-Seam Fastball,,foul_bunt,L,R,TOR,LAA,94.00,,,,,,0,0,2023,2023-07
2023-07-30,2023,R,621244,642136,CH,Changeup,field_out,hit_into_play,L,R,TOR,LAA,85.10,96.90,-7,158.72,164.80,ground_ball,1,0,2023,2023-07
2023-07-30,2023,R,621244,642136,FF,4-Seam Fastball,,ball,L,R,TOR,LAA,91.30,,,,,,0,0,2023,2023-07
2023-07-30,2023,R,621244,642136,SV,Slurve,hit_by_pitch,hit_by_pitch,L,R,TOR,LAA,84.70,,,,,,2,2,2023,2023-07
2023-07-30,2023,R,621244,642136,SV,Slurve,,foul,L,R,TOR,LAA,82.80,80.30,-10,,,,2,2,2023,2023-07
2023-07-30,2023,R,621244,642136,SI,Sinker,,foul,L,R,TOR,LAA,94.60,77.20,60,,,,2,2,2023,2023-07
2023-07-30,2023,R,621244,642136,CH,Changeup,,ball,L,R,TOR,LAA,84.30,,,,,,1,2,2023,2023-07
2023-07-30,2023,R,621244,642136,CH,Changeup,,foul,L,R,TOR,LAA,84.80,94.70,21,,,,1,1,2023,2023-07
2023-07-30,2023,R,621244,642136,FF,4-Seam Fastball,,ball,L,R,TOR,LAA,93.80,,,,,,0,1,2023,2023-07
2023-07-30,2023,R,621244,642136,SI,Sinker,,called_strike,L,R,TOR,LAA,93.30,,,,,,0,0,2023,2023-07
2023-07-30,2023,R,621244,642136,FF,4-Seam Fastball,strikeout,swinging_strike,L,R,TOR,LAA,95.50,,,,,,2,2,2023,2023-07
2023-07-30,2023,R,621244,642136,FF,4-Seam Fastball,,swinging_strike,L,R,TOR,LAA,95.10,,,,,,2,1,2023,2023-07
2023-07-30,2023,R,621244,642136,CH,Changeup,,called_strike,L,R,TOR,LAA,85.50,,,,,,2,0,2023,2023-07
2023-07-30,2023,R,621244,642136,CH,Changeup,,ball,L,R,TOR,LAA,85.60,,,,,,1,0,2023,2023-07
2023-07-30,2023,R,621244,642136,SI,Sinker,,ball,L,R,TOR,LAA,94.20,,,,,,0,0,2023,2023-07
2023-07-30,2023,R,621244,650859,FF,4-Seam Fastball,double,hit_into_play,L,R,TOR,LAA,94.30,96.10,14,71.06,58.36,line_drive,2,1,2023,2023-07
2023-07-30,2023,R,621244,650859,CH,Changeup,,ball,L,R,TOR,LAA,83.80,,,,,,1,1,2023,2023-07
2023-07-30,2023,R,621244,650859,CH,Changeup,,ball,L,R,TOR,LAA,84.30,,,,,,0,1,2023,2023-07
2023-07-30,2023,R,621244,650859,FF,4-Seam Fastball,,called_strike,L,R,TOR,LAA,93.80,,,,,,0,0,2023,2023-07
2023-07-30,2023,R,621244,650859,SI,Sinker,field_out,hit_into_play,L,R,TOR,LAA,94.60,98.30,40,142.27,61.14,fly_ball,3,2,2023,2023-07
2023-07-30,2023,R,621244,650859,SV,Slurve,,ball,L,R,TOR,LAA,85.00,,,,,,2,2,2023,2023-07
2023-07-30,2023,R,621244,650859,SI,Sinker,,ball,L,R,TOR,LAA,95.30,,,,,,1,2,2023,2023-07
2023-07-30,2023,R,621244,650859,SV,Slurve,,called_strike,L,R,TOR,LAA,82.60,,,,,,1,1,2023,2023-07
2023-07-30,2023,R,621244,650859,SV,Slurve,,swinging_strike,L,R,TOR,LAA,83.40,,,,,,1,0,2023,2023-07
2023-07-30,2023,R,621244,650859,SV,Slurve,,ball,L,R,TOR,LAA,81.40,,,,,,0,0,2023,2023-07
2023-07-30,2023,R,621244,650859,FF,4-Seam Fastball,single,hit_into_play,L,R,TOR,LAA,95.50,103.40,7,179.33,106.02,ground_ball,3,2,2023,2023-07
2023-07-30,2023,R,621244,650859,FF,4-Seam Fastball,,foul,L,R,TOR,LAA,95.20,88.60,47,,,,3,2,2023,2023-07
2023-07-30,2023,R,621244,650859,SI,Sinker,,foul,L,R,TOR,LAA,93.70,92.00,26,,,,3,2,2023,2023-07
2023-07-30,2023,R,621244,650859,FF,4-Seam Fastball,,foul,L,R,TOR,LAA,93.50,77.60,21,,,,3,1,2023,2023-07
2023-07-30,2023,R,621244,650859,FF,4-Seam Fastball,,called_strike,L,R,TOR,LAA,92.20,,,,,,3,0,2023,2023-07
2023-07-30,2023,R,621244,650859,FF,4-Seam Fastball,,ball,L,R,TOR,LAA,92.40,,,,,,2,0,2023,2023-07
2023-07-30,2023,R,621244,650859,FF,4-Seam Fastball,,ball,L,R,TOR,LAA,93.90,,,,,,1,0,2023,2023-07
2023-07-30,2023,R,621244,650859,FF,4-Seam Fastball,,ball,L,R,TOR,LAA,93.90,,,,,,0,0,2023,2023-07
2023-07-30,2023,R,621244,660271,,,intent_walk,automatic_ball,L,R,TOR,LAA,,,,,,,3,0,2023,2023-07
2023-07-30,2023,R,621244,660271,,,,automatic_ball,L,R,TOR,LAA,,,,,,,2,0,2023,2023-07
2023-07-30,2023,R,621244,660271,,,,automatic_ball,L,R,TOR,LAA,,,,,,,1,0,2023,2023-07
2023-07-30,2023,R,621244,660271,,,,automatic_ball,L,R,TOR,LAA,,,,,,,0,0,2023,2023-07
2023-07-30,2023,R,621244,660271,CH,Changeup,single,hit_into_play,L,R,TOR,LAA,80.50,95.00,11,69.09,88.46,line_drive,0,1,2023,2023-07
2023-07-30,2023,R,621244,660271,CH,Changeup,,swinging_strike,L,R,TOR,LAA,85.40,,,,,,0,0,2023,2023-07
2023-07-30,2023,R,621244,660271,CH,Changeup,field_out,hit_into_play,L,R,TOR,LAA,85.70,86.00,46,58.37,116.19,fly_ball,0,2,2023,2023-07
2023-07-30,2023,R,621244,660271,CH,Changeup,,swinging_strike_blocked,L,R,TOR,LAA,86.90,,,,,,0,1,2023,2023-07
2023-07-30,2023,R,621244,660271,SV,Slurve,,called_strike,L,R,TOR,LAA,84.90,,,,,,0,0,2023,2023-07
2023-07-30,2023,R,621244,663550,SV,Slurve,strikeout,swinging_strike,L,R,TOR,LAA,84.80,,,,,,1,2,2023,2023-07
2023-07-30,2023,R,621244,663550,SV,Slurve,,ball,L,R,TOR,LAA,83.80,,,,,,0,2,2023,2023-07
2023-07-30,2023,R,621244,663550,SV,Slurve,,foul,L,R,TOR,LAA,84.20,57.00,-30,,,,0,2,2023,2023-07
2023-07-30,2023,R,621244,663550,CH,Changeup,,swinging_strike,L,R,TOR,LAA,84.60,,,,,,0,1,2023,2023-07
2023-07-30,2023,R,621244,663550,FF,4-Seam Fastball,,foul,L,R,TOR,LAA,93.70,80.30,11,,,,0,0,2023,2023-07
2023-07-30,2023,R,621244,663550,SV,Slurve,field_out,hit_into_play,L,R,TOR,LAA,80.70,82.60,-9,155.09,153.89,ground_ball,0,0,2023,2023-07
2023-07-30,2023,R,621244,663550,SV,Slurve,strikeout,swinging_strike,L,R,TOR,LAA,85.00,,,,,,0,2,2023,2023-07
2023-07-30,2023,R,621244,663550,FF,4-Seam Fastball,,foul,L,R,TOR,LAA,94.70,81.40,7,,,,0,1,2023,2023-07
2023-07-30,2023,R,621244,663550,FF,4-Seam Fastball,,swinging_strike,L,R,TOR,LAA,94.20,,,,,,0,0,2023,2023-07
2023-07-30,2023,R,621244,666160,SI,Sinker,field_out,hit_into_play,L,R,TOR,LAA,94.70,86.40,75,81.83,183.68,popup,0,0,2023,2023-07
2023-07-30,2023,R,621244,666160,FF,4-Seam Fastball,field_out,hit_into_play,L,R,TOR,LAA,91.20,100.60,48,160.46,79.04,fly_ball,0,1,2023,2023-07
2023-07-30,2023,R,621244,666160,SV,Slurve,,called_strike,L,R,TOR,LAA,80.70,,,,,,0,0,2023,2023-07
2023-07-30,2023,R,621244,666160,CH,Changeup,single,hit_into_play,L,R,TOR,LAA,85.70,77.70,15,200.21,128.70,line_drive,1,1,2023,2023-07
2023-07-30,2023,R,621244,666160,CH,Changeup,,ball,L,R,TOR,LAA,83.50,,,,,,0,1,2023,2023-07
2023-07-30,2023,R,621244,666160,FF,4-Seam Fastball,,foul,L,R,TOR,LAA,94.30,78.40,69,,,,0,0,2023,2023-07
2023-07-30,2023,R,621389,643393,SI,Sinker,field_out,hit_into_play,L,L,COL,ATH,88.40,39.00,-17,129.17,182.64,ground_ball,0,0,2023,2023-07
2023-07-30,2023,R,621389,643393,FC,Cutter,field_out,hit_into_play,L,L,COL,ATH,84.80,65.10,7,146.55,135.58,ground_ball,0,2,2023,2023-07
2023-07-30,2023,R,621389,643393,SI,Sinker,,foul,L,L,COL,ATH,90.20,80.60,52,,,,0,2,2023,2023-07
2023-07-30,2023,R,621389,643393,SI,Sinker,,foul,L,L,COL,ATH,88.60,62.20,58,,,,0,1,2023,2023-07
2023-07-30,2023,R,621389,643393,SI,Sinker,,called_strike,L,L,COL,ATH,89.20,,,,,,0,0,2023,2023-07
2023-07-30,2023,R,621389,649557,SI,Sinker,single,hit_into_play,R,L,COL,ATH,90.20,96.10,-5,115.66,90.02,ground_ball,1,2,2023,2023-07
2023-07-30,2023,R,621389,649557,CH,Changeup,,foul,R,L,COL,ATH,80.20,46.80,-17,,,,1,2,2023,2023-07
2023-07-30,2023,R,621389,649557,CH,Changeup,,ball,R,L,COL,ATH,79.40,,,,,,0,2,2023,2023-07
2023-07-30,2023,R,621389,649557,SI,Sinker,,called_strike,R,L,COL,ATH,88.70,,,,,,0,1,2023,2023-07
2023-07-30,2023,R,621389,649557,FC,Cutter,,foul,R,L,COL,ATH,83.90,70.80,-30,,,,0,0,2023,2023-07
2023-07-30,2023,R,621389,649557,SI,Sinker,field_out,hit_into_play,R,L,COL,ATH,89.50,97.50,-10,100.51,148.28,ground_ball,1,1,2023,2023-07
2023-07-30,2023,R,621389,649557,CH,Changeup,,foul,R,L,COL,ATH,80.00,55.60,43,,,,1,0,2023,2023-07
2023-07-30,2023,R,621389,649557,FC,Cutter,,ball,R,L,COL,ATH,84.70,,,,,,0,0,2023,2023-07
2023-07-30,2023,R,621389,657656,FC,Cutter,field_out,hit_into_play,R,L,COL,ATH,84.10,84.00,69,180.66,160.31,fly_ball,0,0,2023,2023-07
2023-07-30,2023,R,621389,657656,SI,Sinker,single,hit_into_play,R,L,COL,ATH,90.40,68.70,8,162.01,120.79,ground_ball,0,2,2023,2023-07
2023-07-30,2023,R,621389,657656,SI,Sinker,,foul,R,L,COL,ATH,91.00,79.90,19,,,,0,2,2023,2023-07
2023-07-30,2023,R,621389,657656,FC,Cutter,,foul,R,L,COL,ATH,83.70,84.20,-22,,,,0,1,2023,2023-07
2023-07-30,2023,R,621389,657656,SI,Sinker,,called_strike,R,L,COL,ATH,88.60,,,,,,0,0,2023,2023-07
2023-07-30,2023,R,621389,667670,FC,Cutter,single,hit_into_play,R,L,COL,ATH,83.00,109.80,12,73.19,79.34,line_drive,0,1,2023,2023-07
2023-07-30,2023,R,621389,667670,SI,Sinker,,called_strike,R,L,COL,ATH,87.70,,,,,,0,0,2023,2023-07
2023-07-30,2023,R,621389,667670,SI,Sinker,field_out,hit_into_play,R,L,COL,ATH,89.70,69.50,-36,149.75,171.82,ground_ball,1,1,2023,2023-07
2023-07-30,2023,R,621389,667670,FC,Cutter,,ball,R,L,COL,ATH,84.20,,,,,,0,1,2023,2023-07
2023-07-30,2023,R,621389,667670,SI,Sinker,,called_strike,R,L,COL,ATH,89.60,,,,,,0,0,2023,2023-07
2023-07-30,2023,R,621389,669127,SI,Sinker,field_out,hit_into_play,R,L,COL,ATH,90.50,95.00,21,117.26,65.57,line_drive,1,2,2023,2023-07
2023-07-30,2023,R,621389,669127,CH,Changeup,,blocked_ball,R,L,COL,ATH,78.00,,,,,,0,2,2023,2023-07
2023-07-30,2023,R,621389,669127,FC,Cutter,,swinging_strike,R,L,COL,ATH,85.10,,,,,,0,1,2023,2023-07
2023-07-30,2023,R,621389,669127,FC,Cutter,,foul,R,L,COL,ATH,84.10,70.70,26,,,,0,0,2023,2023-07
2023-07-30,2023,R,621389,669127,SI,Sinker,walk,ball,R,L,COL,ATH,88.90,,,,,,3,1,2023,2023-07
2023-07-30,2023,R,621389,669127,SI,Sinker,,called_strike,R,L,COL,ATH,89.10,,,,,,3,0,2023,2023-07
2023-07-30,2023,R,621389,669127,SI,Sinker,,ball,R,L,COL,ATH,88.80,,,,,,2,0,2023,2023-07
2023-07-30,2023,R,621389,669127,CH,Changeup,,ball,R,L,COL,ATH,79.80,,,,,,1,0,2023,2023-07
2023-07-30,2023,R,621389,669127,FC,Cutter,,ball,R,L,COL,ATH,83.30,,,,,,0,0,2023,2023-07
2023-07-30,2023,R,621389,669397,SI,Sinker,grounded_into_double_play,hit_into_play,R,L,COL,ATH,87.80,103.20,-4,109.15,171.22,ground_ball,0,0,2023,2023-07
2023-07-30,2023,R,621389,669397,SI,Sinker,field_out,hit_into_play,R,L,COL,ATH,86.90,91.50,27,114.69,48.75,fly_ball,1,0,2023,2023-07
2023-07-30,2023,R,621389,669397,SI,Sinker,,ball,R,L,COL,ATH,87.00,,,,,,0,0,2023,2023-07
2023-07-30,2023,R,621389,672478,SI,Sinker,strikeout,swinging_strike,R,L,COL,ATH,88.30,,,,,,0,2,2023,2023-07
2023-07-30,2023,R,621389,672478,SI,Sinker,,foul,R,L,COL,ATH,89.30,96.10,19,,,,0,1,2023,2023-07
2023-07-30,2023,R,621389,672478,FC,Cutter,,called_strike,R,L,COL,ATH,83.80,,,,,,0,0,2023,2023-07
2023-07-30,2023,R,621389,672478,SI,Sinker,field_out,hit_into_play,R,L,COL,ATH,88.20,98.90,23,159.48,50.89,fly_ball,0,0,2023,2023-07
2023-07-30,2023,R,621389,680869,SI,Sinker,field_out,hit_into_play,R,L,COL,ATH,90.30,62.10,24,150.46,134.62,line_drive,1,2,2023,2023-07
2023-07-30,2023,R,621389,680869,CH,Changeup,,swinging_strike,R,L,COL,ATH,79.40,,,,,,1,1,2023,2023-07
2023-07-30,2023,R,621389,680869,CH,Changeup,,ball,R,L,COL,ATH,78.90,,,,,,0,1,2023,2023-07
2023-07-30,2023,R,621389,680869,SI,Sinker,,called_strike,R,L,COL,ATH,88.80,,,,,,0,0,2023,2023-07
2023-07-30,2023,R,621389,680869,CH,Changeup,strikeout,swinging_strike,R,L,COL,ATH,80.20,,,,,,1,2,2023,2023-07
2023-07-30,2023,R,621389,680869,SI,Sinker,,ball,R,L,COL,ATH,91.30,,,,,,0,2,2023,2023-07
2023-07-30,2023,R,621389,680869,CH,Changeup,,foul_bunt,R,L,COL,ATH,79.40,,,,,,0,1,2023,2023-07
2023-07-30,2023,R,621389,680869,SI,Sinker,,swinging_strike,R,L,COL,ATH,90.10,,,,,,0,0,2023,2023-07
2023-07-30,2023,R,621389,691016,SI,Sinker,field_out,hit_into_play,L,L,COL,ATH,88.10,101.80,-18,158.84,170.00,ground_ball,0,1,2023,2023-07
2023-07-30,2023,R,621389,691016,SI,Sinker,,called_strike,L,L,COL,ATH,89.10,,,,,,0,0,2023,2023-07
2023-07-30,2023,R,621389,691016,FC,Cutter,force_out,hit_into_play,L,L,COL,ATH,84.70,73.70,1,147.33,162.73,ground_ball,0,2,2023,2023-07
2023-07-30,2023,R,621389,691016,SI,Sinker,,foul,L,L,COL,ATH,88.60,77.60,57,,,,0,1,2023,2023-07
2023-07-30,2023,R,621389,691016,SI,Sinker,,called_strike,L,L,COL,ATH,89.50,,,,,,0,0,2023,2023-07
2023-07-30,2023,R,622491,572233,SI,Sinker,field_error,hit_into_play,R,R,AZ,SEA,96.60,90.00,-12,117.07,153.14,ground_ball,1,1,2023,2023-07
2023-07-30,2023,R,622491,572233,FF,4-Seam Fastball,,foul,R,R,AZ,SEA,96.50,77.80,48,,,,1,0,2023,2023-07
2023-07-30,2023,R,622491,572233,SL,Slider,,ball,R,R,AZ,SEA,85.10,,,,,,0,0,2023,2023-07
2023-07-30,2023,R,622491,572233,FF,4-Seam Fastball,hit_by_pitch,hit_by_pitch,R,R,AZ,SEA,97.20,,,,,,1,2,2023,2023-07
2023-07-30,2023,R,622491,572233,SI,Sinker,,foul,R,R,AZ,SEA,97.10,78.50,47,,,,1,2,2023,2023-07
2023-07-30,2023,R,622491,572233,FF,4-Seam Fastball,,ball,R,R,AZ,SEA,96.90,,,,,,0,2,2023,2023-07
2023-07-30,2023,R,622491,572233,FF,4-Seam Fastball,,foul,R,R,AZ,SEA,96.90,78.60,35,,,,0,2,2023,2023-07
2023-07-30,2023,R,622491,572233,CH,Changeup,,foul,R,R,AZ,SEA,87.60,99.20,-2,,,,0,2,2023,2023-07
2023-07-30,2023,R,622491,572233,SI,Sinker,,foul,R,R,AZ,SEA,95.10,71.00,8,,,,0,1,2023,2023-07
2023-07-30,2023,R,622491,572233,SL,Slider,,called_strike,R,R,AZ,SEA,85.50,,,,,,0,0,2023,2023-07
2023-07-30,2023,R,622491,606466,FF,4-Seam Fastball,strikeout,swinging_strike,L,R,AZ,SEA,97.80,,,,,,3,2,2023,2023-07
2023-07-30,2023,R,622491,606466,FF,4-Seam Fastball,,foul,L,R,AZ,SEA,97.10,81.30,62,,,,3,1,2023,2023-07
2023-07-30,2023,R,622491,606466,CH,Changeup,,ball,L,R,AZ,SEA,89.20,,,,,,2,1,2023,2023-07
2023-07-30,2023,R,622491,606466,SL,Slider,,ball,L,R,AZ,SEA,85.30,,,,,,1,1,2023,2023-07
2023-07-30,2023,R,622491,606466,SL,Slider,,foul,L,R,AZ,SEA,86.10,86.90,-28,,,,1,0,2023,2023-07
2023-07-30,2023,R,622491,606466,SI,Sinker,,ball,L,R,AZ,SEA,96.10,,,,,,0,0,2023,2023-07
2023-07-30,2023,R,622491,606466,SL,Slider,single,hit_into_play,L,R,AZ,SEA,86.10,57.90,-47,113.92,158.44,ground_ball,2,2,2023,2023-07
2023-07-30,2023,R,622491,606466,FF,4-Seam Fastball,,foul,L,R,AZ,SEA,97.40,85.40,21,,,,2,2,2023,2023-07
2023-07-30,2023,R,622491,606466,SL,Slider,,foul,L,R,AZ,SEA,86.50,96.20,-11,,,,2,1,2023,2023-07
2023-07-30,2023,R,622491,606466,SL,Slider,,ball,L,R,AZ,SEA,87.00,,,,,,1,1,2023,2023-07
2023-07-30,2023,R,622491,606466,SL,Slider,,ball,L,R,AZ,SEA,85.90,,,,,,0,1,2023,2023-07
2023-07-30,2023,R,622491,606466,FF,4-Seam Fastball,,swinging_strike,L,R,AZ,SEA,97.90,,,,,,0,0,2023,2023-07
2023-07-30,2023,R,622491,606466,FF,4-Seam Fastball,field_out,hit_into_play,L,R,AZ,SEA,97.00,71.60,48,95.35,122.09,fly_ball,3,2,2023,2023-07
2023-07-30,2023,R,622491,606466,FF,4-Seam Fastball,,ball,L,R,AZ,SEA,96.20,,,,,,2,2,2023,2023-07
2023-07-30,2023,R,622491,606466,SL,Slider,,foul,L,R,AZ,SEA,86.10,88.60,-8,,,,2,2,2023,2023-07
2023-07-30,2023,R,622491,606466,SL,Slider,,ball,L,R,AZ,SEA,85.20,,,,,,1,2,2023,2023-07
2023-07-30,2023,R,622491,606466,FF,4-Seam Fastball,,foul,L,R,AZ,SEA,95.20,78.50,14,,,,1,1,2023,2023-07
2023-07-30,2023,R,622491,606466,SL,Slider,,ball,L,R,AZ,SEA,86.10,,,,,,0,1,2023,2023-07
2023-07-30,2023,R,622491,606466,SI,Sinker,,called_strike,L,R,AZ,SEA,95.00,,,,,,0,0,2023,2023-07
2023-07-30,2023,R,622491,645444,FF,4-Seam Fastball,field_out,hit_into_play,L,R,AZ,SEA,97.80,88.70,34,63.39,91.37,fly_ball,0,2,2023,2023-07
2023-07-30,2023,R,622491,645444,FF,4-Seam Fastball,,swinging_strike,L,R,AZ,SEA,97.90,,,,,,0,1,2023,2023-07
2023-07-30,2023,R,622491,645444,SL,Slider,,called_strike,L,R,AZ,SEA,86.00,,,,,,0,0,2023,2023-07
2023-07-30,2023,R,622491,645444,FF,4-Seam Fastball,strikeout,swinging_strike,L,R,AZ,SEA,97.20,,,,,,1,2,2023,2023-07
2023-07-30,2023,R,622491,645444,FF,4-Seam Fastball,,ball,L,R,AZ,SEA,96.90,,,,,,0,2,2023,2023-07
2023-07-30,2023,R,622491,645444,SL,Slider,,called_strike,L,R,AZ,SEA,86.90,,,,,,0,1,2023,2023-07
2023-07-30,2023,R,622491,645444,SL,Slider,,called_strike,L,R,AZ,SEA,86.20,,,,,,0,0,2023,2023-07
2023-07-30,2023,R,622491,656896,FF,4-Seam Fastball,strikeout,swinging_strike,R,R,AZ,SEA,98.20,,,,,,2,2,2023,2023-07
2023-07-30,2023,R,622491,656896,SL,Slider,,swinging_strike,R,R,AZ,SEA,86.60,,,,,,2,1,2023,2023-07
2023-07-30,2023,R,622491,656896,FF,4-Seam Fastball,,ball,R,R,AZ,SEA,97.80,,,,,,1,1,2023,2023-07
2023-07-30,2023,R,622491,656896,FF,4-Seam Fastball,,called_strike,R,R,AZ,SEA,97.30,,,,,,1,0,2023,2023-07
2023-07-30,2023,R,622491,656896,FF,4-Seam Fastball,,ball,R,R,AZ,SEA,97.50,,,,,,0,0,2023,2023-07
2023-07-30,2023,R,622491,656896,FF,4-Seam Fastball,walk,ball,R,R,AZ,SEA,97.70,,,,,,3,2,2023,2023-07
2023-07-30,2023,R,622491,656896,SI,Sinker,,foul,R,R,AZ,SEA,96.80,84.20,-15,,,,3,2,2023,2023-07
2023-07-30,2023,R,622491,656896,FF,4-Seam Fastball,,swinging_strike,R,R,AZ,SEA,96.80,,,,,,3,1,2023,2023-07
2023-07-30,2023,R,622491,656896,SI,Sinker,,called_strike,R,R,AZ,SEA,95.90,,,,,,3,0,2023,2023-07
2023-07-30,2023,R,622491,656896,FF,4-Seam Fastball,,ball,R,R,AZ,SEA,95.10,,,,,,2,0,2023,2023-07
2023-07-30,2023,R,622491,656896,FF,4-Seam Fastball,,ball,R,R,AZ,SEA,97.00,,,,,,1,0,2023,2023-07
2023-07-30,2023,R,622491,656896,FF,4-Seam Fastball,,ball,R,R,AZ,SEA,94.60,,,,,,0,0,2023,2023-07
2023-07-30,2023,R,622491,666971,SI,Sinker,field_out,hit_into_play,R,R,AZ,SEA,98.10,92.60,-33,141.46,151.61,ground_ball,0,2,2023,2023-07
2023-07-30,2023,R,622491,666971,SL,Slider,,foul,R,R,AZ,SEA,85.70,80.30,-30,,,,0,1,2023,2023-07
2023-07-30,2023,R,622491,666971,SL,Slider,,called_strike,R,R,AZ,SEA,84.80,,,,,,0,0,2023,2023-07
2023-07-30,2023,R,622491,666971,SI,Sinker,single,hit_into_play,R,R,AZ,SEA,96.50,94.50,11,146.38,103.84,line_drive,3,2,2023,2023-07
2023-07-30,2023,R,622491,666971,SI,Sinker,,ball,R,R,AZ,SEA,97.30,,,,,,2,2,2023,2023-07
2023-07-30,2023,R,622491,666971,SI,Sinker,,ball,R,R,AZ,SEA,99.20,,,,,,1,2,2023,2023-07
2023-07-30,2023,R,622491,666971,FF,4-Seam Fastball,,foul,R,R,AZ,SEA,97.00,71.90,29,,,,1,1,2023,2023-07
2023-07-30,2023,R,622491,666971,SL,Slider,,called_strike,R,R,AZ,SEA,85.60,,,,,,1,0,2023,2023-07
2023-07-30,2023,R,622491,666971,SI,Sinker,,ball,R,R,AZ,SEA,96.50,,,,,,0,0,2023,2023-07
2023-07-30,2023,R,622491,668942,FF,4-Seam Fastball,field_out,hit_into_play,L,R,AZ,SEA,97.90,100.70,28,146.84,42.67,fly_ball,3,2,2023,2023-07
2023-07-30,2023,R,622491,668942,SL,Slider,,ball,L,R,AZ,SEA,85.50,,,,,,2,2,2023,2023-07
2023-07-30,2023,R,622491,668942,FF,4-Seam Fastball,,ball,L,R,AZ,SEA,97.60,,,,,,1,2,2023,2023-07
2023-07-30,2023,R,622491,668942,SL,Slider,,foul,L,R,AZ,SEA,86.40,79.10,23,,,,1,2,2023,2023-07
2023-07-30,2023,R,622491,668942,FF,4-Seam Fastball,,foul,L,R,AZ,SEA,96.60,105.20,28,,,,1,1,2023,2023-07
2023-07-30,2023,R,622491,668942,CH,Changeup,,ball,L,R,AZ,SEA,87.90,,,,,,0,1,2023,2023-07
2023-07-30,2023,R,622491,668942,SI,Sinker,,foul,L,R,AZ,SEA,95.60,84.90,-38,,,,0,0,2023,2023-07
2023-07-30,2023,R,622491,668942,SL,Slider,strikeout,swinging_strike,L,R,AZ,SEA,86.30,,,,,,2,2,2023,2023-07
2023-07-30,2023,R,622491,668942,FF,4-Seam Fastball,,foul,L,R,AZ,SEA,97.10,80.00,67,,,,2,2,2023,2023-07
2023-07-30,2023,R,622491,668942,FF,4-Seam Fastball,,foul,L,R,AZ,SEA,97.50,84.50,61,,,,2,1,2023,2023-07
2023-07-30,2023,R,622491,668942,FF,4-Seam Fastball,,ball,L,R,AZ,SEA,97.00,,,,,,1,1,2023,2023-07
2023-07-30,2023,R,622491,668942,FF,4-Seam Fastball,,called_strike,L,R,AZ,SEA,96.80,,,,,,1,0,2023,2023-07
2023-07-30,2023,R,622491,668942,SI,Sinker,,ball,L,R,AZ,SEA,97.00,,,,,,0,0,2023,2023-07
2023-07-30,2023,R,622491,672695,SL,Slider,field_out,hit_into_play,L,R,AZ,SEA,86.10,81.60,-7,159.24,167.94,ground_ball,2,2,2023,2023-07
2023-07-30,2023,R,622491,672695,FF,4-Seam Fastball,,ball,L,R,AZ,SEA,97.20,,,,,,1,2,2023,2023-07
2023-07-30,2023,R,622491,672695,FF,4-Seam Fastball,,foul,L,R,AZ,SEA,96.30,80.50,11,,,,1,2,2023,2023-07
2023-07-30,2023,R,622491,672695,SL,Slider,,swinging_strike,L,R,AZ,SEA,85.90,,,,,,1,1,2023,2023-07
2023-07-30,2023,R,622491,672695,FF,4-Seam Fastball,,ball,L,R,AZ,SEA,96.80,,,,,,0,1,2023,2023-07
2023-07-30,2023,R,622491,672695,CH,Changeup,,called_strike,L,R,AZ,SEA,87.50,,,,,,0,0,2023,2023-07
2023-07-30,2023,R,622491,672695,SL,Slider,strikeout,foul_tip,L,R,AZ,SEA,86.70,,,,,,2,2,2023,2023-07
2023-07-30,2023,R,622491,672695,SL,Slider,,foul,L,R,AZ,SEA,84.70,65.90,-7,,,,2,2,2023,2023-07
2023-07-30,2023,R,622491,672695,SI,Sinker,,ball,L,R,AZ,SEA,96.20,,,,,,1,2,2023,2023-07
2023-07-30,2023,R,622491,672695,FF,4-Seam Fastball,,foul,L,R,AZ,SEA,97.70,80.90,64,,,,1,1,2023,2023-07
2023-07-30,2023,R,622491,672695,FF,4-Seam Fastball,,ball,L,R,AZ,SEA,97.50,,,,,,0,1,2023,2023-07
2023-07-30,2023,R,622491,672695,SL,Slider,,called_strike,L,R,AZ,SEA,85.10,,,,,,0,0,2023,2023-07
2023-07-30,2023,R,622491,672695,FF,4-Seam Fastball,field_out,hit_into_play,L,R,AZ,SEA,95.50,93.20,51,62.11,99.88,fly_ball,1,2,2023,2023-07
2023-07-30,2023,R,622491,672695,SL,Slider,,called_strike,L,R,AZ,SEA,83.20,,,,,,1,1,2023,2023-07
2023-07-30,2023,R,622491,672695,FF,4-Seam Fastball,,ball,L,R,AZ,SEA,94.50,,,,,,0,1,2023,2023-07
2023-07-30,2023,R,622491,672695,SI,Sinker,,called_strike,L,R,AZ,SEA,93.50,,,,,,0,0,2023,2023-07
2023-07-30,2023,R,622491,682998,CH,Changeup,strikeout,swinging_strike,L,R,AZ,SEA,89.90,,,,,,1,2,2023,2023-07
2023-07-30,2023,R,622491,682998,FF,4-Seam Fastball,,called_strike,L,R,AZ,SEA,98.30,,,,,,1,1,2023,2023-07
2023-07-30,2023,R,622491,682998,FF,4-Seam Fastball,,ball,L,R,AZ,SEA,97.00,,,,,,0,1,2023,2023-07
2023-07-30,2023,R,622491,682998,FF,4-Seam Fastball,,swinging_strike,L,R,AZ,SEA,97.80,,,,,,0,0,2023,2023-07
2023-07-30,2023,R,622491,682998,FF,4-Seam Fastball,strikeout,swinging_strike,L,R,AZ,SEA,97.60,,,,,,0,2,2023,2023-07
2023-07-30,2023,R,622491,682998,FF,4-Seam Fastball,,foul_tip,L,R,AZ,SEA,96.30,,,,,,0,1,2023,2023-07
2023-07-30,2023,R,622491,682998,SL,Slider,,called_strike,L,R,AZ,SEA,85.70,,,,,,0,0,2023,2023-07
2023-07-30,2023,R,622491,682998,FF,4-Seam Fastball,field_out,hit_into_play,L,R,AZ,SEA,95.90,50.00,58,118.11,159.02,popup,0,1,2023,2023-07
2023-07-30,2023,R,622491,682998,CH,Changeup,,called_strike,L,R,AZ,SEA,87.60,,,,,,0,0,2023,2023-07
2023-07-30,2023,R,622491,686527,SL,Slider,double_play,hit_into_play,L,R,AZ,SEA,85.20,78.80,12,153.77,151.74,line_drive,0,2,2023,2023-07
2023-07-30,2023,R,622491,686527,SL,Slider,,swinging_strike,L,R,AZ,SEA,86.00,,,,,,0,1,2023,2023-07
2023-07-30,2023,R,622491,686527,FF,4-Seam Fastball,,swinging_strike,L,R,AZ,SEA,96.20,,,,,,0,0,2023,2023-07
2023-07-30,2023,R,622491,686527,CH,Changeup,double_play,hit_into_play,L,R,AZ,SEA,88.20,78.80,8,150.61,172.02,line_drive,1,2,2023,2023-07
2023-07-30,2023,R,622491,686527,CH,Changeup,,ball,L,R,AZ,SEA,87.70,,,,,,0,2,2023,2023-07
2023-07-30,2023,R,622491,686527,FF,4-Seam Fastball,,foul,L,R,AZ,SEA,95.80,79.40,14,,,,0,1,2023,2023-07
2023-07-30,2023,R,622491,686527,SL,Slider,,called_strike,L,R,AZ,SEA,87.00,,,,,,0,0,2023,2023-07
2023-07-30,2023,R,622554,457705,SI,Sinker,field_out,hit_into_play,R,R,PIT,PHI,98.00,74.10,-53,114.66,178.60,ground_ball,2,2,2023,2023-07
2023-07-30,2023,R,622554,457705,FF,4-Seam Fastball,,foul,R,R,PIT,PHI,98.60,82.20,73,,,,2,2,2023,2023-07
2023-07-30,2023,R,622554,457705,SI,Sinker,,foul,R,R,PIT,PHI,97.40,80.60,-20,,,,2,2,2023,2023-07
2023-07-30,2023,R,622554,457705,SI,Sinker,,swinging_strike,R,R,PIT,PHI,98.40,,,,,,2,1,2023,2023-07
2023-07-30,2023,R,622554,457705,SL,Slider,,ball,R,R,PIT,PHI,91.00,,,,,,1,1,2023,2023-07
2023-07-30,2023,R,622554,457705,SI,Sinker,,ball,R,R,PIT,PHI,98.10,,,,,,0,1,2023,2023-07
2023-07-30,2023,R,622554,457705,SI,Sinker,,called_strike,R,R,PIT,PHI,98.10,,,,,,0,0,2023,2023-07
2023-07-30,2023,R,622554,656582,SI,Sinker,single,hit_into_play,R,R,PIT,PHI,97.90,91.20,-3,158.81,115.55,ground_ball,2,2,2023,2023-07
2023-07-30,2023,R,622554,656582,FF,4-Seam Fastball,,ball,R,R,PIT,PHI,98.30,,,,,,1,2,2023,2023-07
2023-07-30,2023,R,622554,656582,SL,Slider,,ball,R,R,PIT,PHI,89.80,,,,,,0,2,2023,2023-07
2023-07-30,2023,R,622554,656582,SI,Sinker,,foul,R,R,PIT,PHI,97.30,,,,,,0,2,2023,2023-07
2023-07-30,2023,R,622554,656582,SI,Sinker,,called_strike,R,R,PIT,PHI,97.70,,,,,,0,1,2023,2023-07
2023-07-30,2023,R,622554,656582,FF,4-Seam Fastball,,called_strike,R,R,PIT,PHI,97.10,,,,,,0,0,2023,2023-07
2023-07-30,2023,R,622554,668804,FF,4-Seam Fastball,home_run,hit_into_play,L,R,PIT,PHI,97.30,103.40,33,185.27,40.22,fly_ball,2,1,2023,2023-07
2023-07-30,2023,R,622554,668804,FF,4-Seam Fastball,,foul,L,R,PIT,PHI,97.70,97.10,-28,,,,2,0,2023,2023-07
2023-07-30,2023,R,622554,668804,SL,Slider,,blocked_ball,L,R,PIT,PHI,90.10,,,,,,1,0,2023,2023-07
2023-07-30,2023,R,622554,668804,FF,4-Seam Fastball,,ball,L,R,PIT,PHI,96.80,,,,,,0,0,2023,2023-07
2023-07-30,2023,R,622554,669707,SI,Sinker,single,hit_into_play,R,R,PIT,PHI,97.80,70.20,-57,115.68,184.19,ground_ball,1,1,2023,2023-07
2023-07-30,2023,R,622554,669707,SI,Sinker,,ball,R,R,PIT,PHI,97.50,,,,,,0,1,2023,2023-07
2023-07-30,2023,R,622554,669707,SL,Slider,,swinging_strike,R,R,PIT,PHI,90.50,,,,,,0,0,2023,2023-07
2023-07-30,2023,R,622554,680779,SI,Sinker,walk,ball,R,R,PIT,PHI,97.80,,,,,,3,1,2023,2023-07
2023-07-30,2023,R,622554,680779,SI,Sinker,,ball,R,R,PIT,PHI,97.70,,,,,,2,1,2023,2023-07
2023-07-30,2023,R,622554,680779,SL,Slider,,ball,R,R,PIT,PHI,91.40,,,,,,1,1,2023,2023-07
2023-07-30,2023,R,622554,680779,SL,Slider,,ball,R,R,PIT,PHI,90.60,,,,,,0,1,2023,2023-07
2023-07-30,2023,R,622554,680779,FF,4-Seam Fastball,,swinging_strike,R,R,PIT,PHI,98.00,,,,,,0,0,2023,2023-07
2023-07-30,2023,R,622663,543510,SL,Slider,strikeout,swinging_strike,R,R,BAL,NYY,85.20,,,,,,2,2,2023,2023-07
2023-07-30,2023,R,622663,543510,CH,Changeup,,ball,R,R,BAL,NYY,87.40,,,,,,1,2,2023,2023-07
2023-07-30,2023,R,622663,543510,SL,Slider,,swinging_strike,R,R,BAL,NYY,85.50,,,,,,1,1,2023,2023-07
2023-07-30,2023,R,622663,543510,FC,Cutter,,ball,R,R,BAL,NYY,91.20,,,,,,0,1,2023,2023-07
2023-07-30,2023,R,622663,543510,FF,4-Seam Fastball,,called_strike,R,R,BAL,NYY,97.30,,,,,,0,0,2023,2023-07
2023-07-30,2023,R,622663,543510,SL,Slider,strikeout,swinging_strike,R,R,BAL,NYY,83.80,,,,,,0,2,2023,2023-07
2023-07-30,2023,R,622663,543510,CH,Changeup,,foul,R,R,BAL,NYY,86.40,82.80,-62,,,,0,2,2023,2023-07
2023-07-30,2023,R,622663,543510,CH,Changeup,,foul,R,R,BAL,NYY,86.40,54.60,-27,,,,0,1,2023,2023-07
2023-07-30,2023,R,622663,543510,CH,Changeup,,swinging_strike,R,R,BAL,NYY,85.30,,,,,,0,0,2023,2023-07
2023-07-30,2023,R,622663,602104,FF,4-Seam Fastball,single,hit_into_play,R,R,BAL,NYY,96.40,100.50,12,200.31,106.29,line_drive,1,2,2023,2023-07
2023-07-30,2023,R,622663,602104,FF,4-Seam Fastball,,foul,R,R,BAL,NYY,96.20,80.00,21,,,,1,1,2023,2023-07
2023-07-30,2023,R,622663,602104,FC,Cutter,,called_strike,R,R,BAL,NYY,90.20,,,,,,1,0,2023,2023-07
2023-07-30,2023,R,622663,602104,CH,Changeup,,ball,R,R,BAL,NYY,87.60,,,,,,0,0,2023,2023-07
2023-07-30,2023,R,622663,602104,CH,Changeup,strikeout,swinging_strike,R,R,BAL,NYY,85.10,,,,,,1,2,2023,2023-07
2023-07-30,2023,R,622663,602104,CH,Changeup,,foul,R,R,BAL,NYY,86.50,,,,,,1,2,2023,2023-07
2023-07-30,2023,R,622663,602104,FF,4-Seam Fastball,,foul,R,R,BAL,NYY,94.60,88.40,46,,,,1,1,2023,2023-07
2023-07-30,2023,R,622663,602104,FC,Cutter,,ball,R,R,BAL,NYY,92.60,,,,,,0,1,2023,2023-07
2023-07-30,2023,R,622663,602104,FF,4-Seam Fastball,,foul,R,R,BAL,NYY,94.40,79.30,-1,,,,0,0,2023,2023-07
2023-07-30,2023,R,622663,623993,FC,Cutter,field_out,hit_into_play,L,R,BAL,NYY,94.20,78.00,10,128.44,128.90,ground_ball,0,1,2023,2023-07
2023-07-30,2023,R,622663,623993,FC,Cutter,,foul,L,R,BAL,NYY,93.60,,,,,,0,0,2023,2023-07
2023-07-30,2023,R,622663,623993,FC,Cutter,field_out,hit_into_play,L,R,BAL,NYY,92.80,40.80,-22,149.20,171.63,ground_ball,2,1,2023,2023-07
2023-07-30,2023,R,622663,623993,FC,Cutter,,ball,L,R,BAL,NYY,91.40,,,,,,1,1,2023,2023-07
2023-07-30,2023,R,622663,623993,FC,Cutter,,called_strike,L,R,BAL,NYY,90.00,,,,,,1,0,2023,2023-07
2023-07-30,2023,R,622663,623993,CH,Changeup,,ball,L,R,BAL,NYY,85.30,,,,,,0,0,2023,2023-07
2023-07-30,2023,R,622663,623993,SL,Slider,double,hit_into_play,L,R,BAL,NYY,83.60,106.90,14,196.35,123.69,line_drive,1,2,2023,2023-07
2023-07-30,2023,R,622663,623993,FC,Cutter,,foul,L,R,BAL,NYY,93.40,77.90,-31,,,,1,2,2023,2023-07
2023-07-30,2023,R,622663,623993,SL,Slider,,blocked_ball,L,R,BAL,NYY,85.70,,,,,,0,2,2023,2023-07
2023-07-30,2023,R,622663,623993,FF,4-Seam Fastball,,called_strike,L,R,BAL,NYY,97.60,,,,,,0,1,2023,2023-07
2023-07-30,2023,R,622663,623993,FC,Cutter,,foul,L,R,BAL,NYY,93.50,88.50,-12,,,,0,0,2023,2023-07
2023-07-30,2023,R,622663,624428,FC,Cutter,field_out,hit_into_play,L,R,BAL,NYY,93.00,68.20,-36,125.80,185.11,ground_ball,0,2,2023,2023-07
2023-07-30,2023,R,622663,624428,FF,4-Seam Fastball,,foul,L,R,BAL,NYY,95.40,95.70,12,,,,0,1,2023,2023-07
2023-07-30,2023,R,622663,624428,SL,Slider,,called_strike,L,R,BAL,NYY,84.50,,,,,,0,0,2023,2023-07
2023-07-30,2023,R,622663,624428,FF,4-Seam Fastball,home_run,hit_into_play,L,R,BAL,NYY,95.10,103.00,30,212.33,63.71,fly_ball,0,0,2023,2023-07
2023-07-30,2023,R,622663,656811,FC,Cutter,single,hit_into_play,L,R,BAL,NYY,94.30,96.30,-12,188.23,140.95,ground_ball,2,2,2023,2023-07
2023-07-30,2023,R,622663,656811,FF,4-Seam Fastball,,ball,L,R,BAL,NYY,97.90,,,,,,1,2,2023,2023-07
2023-07-30,2023,R,622663,656811,FF,4-Seam Fastball,,ball,L,R,BAL,NYY,97.60,,,,,,0,2,2023,2023-07
2023-07-30,2023,R,622663,656811,FC,Cutter,,foul,L,R,BAL,NYY,93.80,36.10,-34,,,,0,1,2023,2023-07
2023-07-30,2023,R,622663,656811,SL,Slider,,called_strike,L,R,BAL,NYY,84.90,,,,,,0,0,2023,2023-07
2023-07-30,2023,R,622663,656811,SL,Slider,field_out,hit_into_play,L,R,BAL,NYY,85.10,96.40,-12,158.28,152.62,ground_ball,2,1,2023,2023-07
2023-07-30,2023,R,622663,656811,FC,Cutter,,ball,L,R,BAL,NYY,92.20,,,,,,1,1,2023,2023-07
2023-07-30,2023,R,622663,656811,CH,Changeup,,foul,L,R,BAL,NYY,86.90,67.50,-32,,,,1,0,2023,2023-07
2023-07-30,2023,R,622663,656811,SL,Slider,,ball,L,R,BAL,NYY,83.80,,,,,,0,0,2023,2023-07
2023-07-30,2023,R,622663,656811,FF,4-Seam Fastball,double,hit_into_play,L,R,BAL,NYY,96.40,87.90,14,45.70,125.24,line_drive,1,0,2023,2023-07
2023-07-30,2023,R,622663,656811,SL,Slider,,ball,L,R,BAL,NYY,84.90,,,,,,0,0,2023,2023-07
2023-07-30,2023,R,622663,668939,FC,Cutter,walk,ball,L,R,BAL,NYY,92.30,,,,,,3,2,2023,2023-07
2023-07-30,2023,R,622663,668939,FC,Cutter,,foul,L,R,BAL,NYY,94.90,91.80,28,,,,3,2,2023,2023-07
2023-07-30,2023,R,622663,668939,FF,4-Seam Fastball,,foul,L,R,BAL,NYY,93.30,65.40,43,,,,3,2,2023,2023-07
2023-07-30,2023,R,622663,668939,FF,4-Seam Fastball,,ball,L,R,BAL,NYY,94.80,,,,,,2,2,2023,2023-07
2023-07-30,2023,R,622663,668939,FF,4-Seam Fastball,,ball,L,R,BAL,NYY,95.50,,,,,,1,2,2023,2023-07
2023-07-30,2023,R,622663,668939,FF,4-Seam Fastball,,foul,L,R,BAL,NYY,94.00,88.30,42,,,,1,1,2023,2023-07
2023-07-30,2023,R,622663,668939,SL,Slider,,ball,L,R,BAL,NYY,86.00,,,,,,0,1,2023,2023-07
2023-07-30,2023,R,622663,668939,FF,4-Seam Fastball,,called_strike,L,R,BAL,NYY,92.60,,,,,,0,0,2023,2023-07
2023-07-30,2023,R,622663,668939,CH,Changeup,single,hit_into_play,L,R,BAL,NYY,86.50,77.40,23,113.39,112.54,line_drive,2,2,2023,2023-07
2023-07-30,2023,R,622663,668939,FF,4-Seam Fastball,,ball,L,R,BAL,NYY,95.40,,,,,,1,2,2023,2023-07
2023-07-30,2023,R,622663,668939,SL,Slider,,blocked_ball,L,R,BAL,NYY,83.30,,,,,,0,2,2023,2023-07
2023-07-30,2023,R,622663,668939,FF,4-Seam Fastball,,foul,L,R,BAL,NYY,95.30,54.70,50,,,,0,1,2023,2023-07
2023-07-30,2023,R,622663,668939,CH,Changeup,,called_strike,L,R,BAL,NYY,86.80,,,,,,0,0,2023,2023-07
2023-07-30,2023,R,622663,668939,FF,4-Seam Fastball,single,hit_into_play,L,R,BAL,NYY,96.30,101.60,1,181.63,122.16,ground_ball,0,0,2023,2023-07
2023-07-30,2023,R,622663,669720,FC,Cutter,field_out,hit_into_play,R,R,BAL,NYY,88.30,90.70,-12,107.02,157.19,ground_ball,0,0,2023,2023-07
2023-07-30,2023,R,622663,669720,FF,4-Seam Fastball,walk,ball,R,R,BAL,NYY,95.90,,,,,,3,1,2023,2023-07
2023-07-30,2023,R,622663,669720,CH,Changeup,,ball,R,R,BAL,NYY,86.90,,,,,,2,1,2023,2023-07
2023-07-30,2023,R,622663,669720,FF,4-Seam Fastball,,ball,R,R,BAL,NYY,96.00,,,,,,1,1,2023,2023-07
2023-07-30,2023,R,622663,669720,FF,4-Seam Fastball,,swinging_strike,R,R,BAL,NYY,95.70,,,,,,1,0,2023,2023-07
2023-07-30,2023,R,622663,669720,SL,Slider,,ball,R,R,BAL,NYY,85.20,,,,,,0,0,2023,2023-07
2023-07-30,2023,R,622663,676059,CH,Changeup,strikeout,swinging_strike,R,R,BAL,NYY,86.90,,,,,,2,2,2023,2023-07
2023-07-30,2023,R,622663,676059,FF,4-Seam Fastball,,ball,R,R,BAL,NYY,96.60,,,,,,1,2,2023,2023-07
2023-07-30,2023,R,622663,676059,SL,Slider,,blocked_ball,R,R,BAL,NYY,85.90,,,,,,0,2,2023,2023-07
2023-07-30,2023,R,622663,676059,SL,Slider,,called_strike,R,R,BAL,NYY,86.10,,,,,,0,1,2023,2023-07
2023-07-30,2023,R,622663,676059,SL,Slider,,called_strike,R,R,BAL,NYY,85.10,,,,,,0,0,2023,2023-07
2023-07-30,2023,R,622663,676059,SL,Slider,single,hit_into_play,R,R,BAL,NYY,85.70,89.40,-20,125.80,180.54,ground_ball,0,0,2023,2023-07
2023-07-30,2023,R,622663,683002,FF,4-Seam Fastball,double,hit_into_play,L,R,BAL,NYY,95.30,110.80,14,164.28,51.58,line_drive,0,0,2023,2023-07
2023-07-30,2023,R,622663,683002,FF,4-Seam Fastball,strikeout,called_strike,L,R,BAL,NYY,95.40,,,,,,1,2,2023,2023-07
2023-07-30,2023,R,622663,683002,FF,4-Seam Fastball,,foul,L,R,BAL,NYY,95.00,94.60,42,,,,1,2,2023,2023-07
2023-07-30,2023,R,622663,683002,FF,4-Seam Fastball,,foul,L,R,BAL,NYY,95.50,75.40,31,,,,1,2,2023,2023-07
2023-07-30,2023,R,622663,683002,FF,4-Seam Fastball,,ball,L,R,BAL,NYY,95.30,,,,,,0,2,2023,2023-07
2023-07-30,2023,R,622663,683002,SL,Slider,,foul,L,R,BAL,NYY,84.10,68.60,-53,,,,0,1,2023,2023-07
2023-07-30,2023,R,622663,683002,FF,4-Seam Fastball,,foul,L,R,BAL,NYY,94.90,82.20,61,,,,0,0,2023,2023-07
2023-07-30,2023,R,622663,683002,FC,Cutter,single,hit_into_play,L,R,BAL,NYY,93.90,101.30,-21,155.24,106.43,ground_ball,1,1,2023,2023-07
2023-07-30,2023,R,622663,683002,SL,Slider,,ball,L,R,BAL,NYY,88.00,,,,,,0,1,2023,2023-07
2023-07-30,2023,R,622663,683002,FF,4-Seam Fastball,,called_strike,L,R,BAL,NYY,96.30,,,,,,0,0,2023,2023-07
2023-07-30,2023,R,622780,607208,FF,4-Seam Fastball,double_play,hit_into_play,R,L,PIT,PHI,94.40,80.90,41,195.61,119.28,fly_ball,1,2,2023,2023-07
2023-07-30,2023,R,622780,607208,SL,Slider,,foul,R,L,PIT,PHI,84.30,99.50,45,,,,1,1,2023,2023-07
2023-07-30,2023,R,622780,607208,FF,4-Seam Fastball,,ball,R,L,PIT,PHI,93.90,,,,,,0,1,2023,2023-07
2023-07-30,2023,R,622780,607208,FF,4-Seam Fastball,,foul_tip,R,L,PIT,PHI,94.50,,,,,,0,0,2023,2023-07
2023-07-30,2023,R,622780,624641,SL,Slider,strikeout,swinging_strike_blocked,R,L,PIT,PHI,83.60,,,,,,1,2,2023,2023-07
2023-07-30,2023,R,622780,624641,SL,Slider,,foul,R,L,PIT,PHI,86.00,76.70,62,,,,1,2,2023,2023-07
2023-07-30,2023,R,622780,624641,FF,4-Seam Fastball,,ball,R,L,PIT,PHI,96.20,,,,,,0,2,2023,2023-07
2023-07-30,2023,R,622780,624641,FF,4-Seam Fastball,,swinging_strike,R,L,PIT,PHI,95.10,,,,,,0,1,2023,2023-07
2023-07-30,2023,R,622780,624641,FF,4-Seam Fastball,,swinging_strike,R,L,PIT,PHI,94.50,,,,,,0,0,2023,2023-07
2023-07-30,2023,R,622780,664761,SL,Slider,single,hit_into_play,R,L,PIT,PHI,87.00,98.10,-6,107.56,162.84,ground_ball,0,2,2023,2023-07
2023-07-30,2023,R,622780,664761,CH,Changeup,,foul,R,L,PIT,PHI,92.10,82.60,-29,,,,0,2,2023,2023-07
2023-07-30,2023,R,622780,664761,SL,Slider,,foul,R,L,PIT,PHI,86.50,69.40,72,,,,0,2,2023,2023-07
2023-07-30,2023,R,622780,664761,FF,4-Seam Fastball,,foul,R,L,PIT,PHI,95.90,87.40,39,,,,0,2,2023,2023-07
2023-07-30,2023,R,622780,664761,FF,4-Seam Fastball,,foul,R,L,PIT,PHI,95.40,89.20,50,,,,0,2,2023,2023-07
2023-07-30,2023,R,622780,664761,CH,Changeup,,foul,R,L,PIT,PHI,91.10,71.80,59,,,,0,1,2023,2023-07
2023-07-30,2023,R,622780,664761,FF,4-Seam Fastball,,foul,R,L,PIT,PHI,93.80,76.50,31,,,,0,0,2023,2023-07
2023-07-30,2023,R,623352,543257,SI,Sinker,walk,ball,R,L,SD,TEX,96.90,,,,,,3,2,2023,2023-07
2023-07-30,2023,R,623352,543257,SI,Sinker,,ball,R,L,SD,TEX,97.40,,,,,,2,2,2023,2023-07
2023-07-30,2023,R,623352,543257,CH,Changeup,,ball,R,L,SD,TEX,87.30,,,,,,1,2,2023,2023-07
2023-07-30,2023,R,623352,543257,SI,Sinker,,foul,R,L,SD,TEX,96.90,75.00,57,,,,1,1,2023,2023-07
2023-07-30,2023,R,623352,543257,SL,Slider,,ball,R,L,SD,TEX,86.60,,,,,,0,1,2023,2023-07
2023-07-30,2023,R,623352,543257,SI,Sinker,,foul_tip,R,L,SD,TEX,96.60,,,,,,0,0,2023,2023-07
2023-07-30,2023,R,623352,543760,SI,Sinker,field_out,hit_into_play,R,L,SD,TEX,96.30,93.60,39,83.63,68.23,fly_ball,0,0,2023,2023-07
2023-07-30,2023,R,623352,663993,SI,Sinker,double,hit_into_play,L,L,SD,TEX,96.40,89.30,19,50.20,125.70,line_drive,3,2,2023,2023-07
2023-07-30,2023,R,623352,663993,SI,Sinker,,foul,L,L,SD,TEX,96.80,,,,,,3,2,2023,2023-07
2023-07-30,2023,R,623352,663993,SI,Sinker,,ball,L,L,SD,TEX,96.70,,,,,,2,2,2023,2023-07
2023-07-30,2023,R,623352,663993,SI,Sinker,,foul,L,L,SD,TEX,96.60,82.40,44,,,,2,2,2023,2023-07
2023-07-30,2023,R,623352,663993,SI,Sinker,,foul,L,L,SD,TEX,97.10,82.50,29,,,,2,2,2023,2023-07
2023-07-30,2023,R,623352,663993,SI,Sinker,,swinging_strike,L,L,SD,TEX,96.50,,,,,,2,1,2023,2023-07
2023-07-30,2023,R,623352,663993,SI,Sinker,,ball,L,L,SD,TEX,96.10,,,,,,1,1,2023,2023-07
2023-07-30,2023,R,623352,663993,SI,Sinker,,ball,L,L,SD,TEX,96.00,,,,,,0,1,2023,2023-07
2023-07-30,2023,R,623352,663993,SI,Sinker,,called_strike,L,L,SD,TEX,96.30,,,,,,0,0,2023,2023-07
2023-07-30,2023,R,623352,665750,SL,Slider,strikeout,swinging_strike,R,L,SD,TEX,85.10,,,,,,2,2,2023,2023-07
2023-07-30,2023,R,623352,665750,SL,Slider,,foul,R,L,SD,TEX,85.90,,,,,,2,2,2023,2023-07
2023-07-30,2023,R,623352,665750,SI,Sinker,,called_strike,R,L,SD,TEX,95.60,,,,,,2,1,2023,2023-07
2023-07-30,2023,R,623352,665750,SI,Sinker,,ball,R,L,SD,TEX,96.40,,,,,,1,1,2023,2023-07
2023-07-30,2023,R,623352,665750,SL,Slider,,ball,R,L,SD,TEX,86.30,,,,,,0,1,2023,2023-07
2023-07-30,2023,R,623352,665750,SI,Sinker,,called_strike,R,L,SD,TEX,94.80,,,,,,0,0,2023,2023-07
2023-07-30,2023,R,623352,666969,SI,Sinker,walk,ball,R,L,SD,TEX,96.10,,,,,,3,1,2023,2023-07
2023-07-30,2023,R,623352,666969,SL,Slider,,ball,R,L,SD,TEX,85.90,,,,,,2,1,2023,2023-07
2023-07-30,2023,R,623352,666969,SI,Sinker,,ball,R,L,SD,TEX,96.60,,,,,,1,1,2023,2023-07
2023-07-30,2023,R,623352,666969,SL,Slider,,swinging_strike,R,L,SD,TEX,85.40,,,,,,1,0,2023,2023-07
2023-07-30,2023,R,623352,666969,SL,Slider,,ball,R,L,SD,TEX,84.90,,,,,,0,0,2023,2023-07
2023-07-30,2023,R,623352,673962,SI,Sinker,field_out,hit_into_play,R,L,SD,TEX,96.80,87.30,49,203.28,132.77,fly_ball,0,2,2023,2023-07
2023-07-30,2023,R,623352,673962,SI,Sinker,,foul,R,L,SD,TEX,97.70,90.20,14,,,,0,2,2023,2023-07
2023-07-30,2023,R,623352,673962,SL,Slider,,swinging_strike,R,L,SD,TEX,86.70,,,,,,0,1,2023,2023-07
2023-07-30,2023,R,623352,673962,SL,Slider,,swinging_strike,R,L,SD,TEX,87.70,,,,,,0,0,2023,2023-07
2023-07-30,2023,R,623437,572233,ST,Sweeper,strikeout,called_strike,R,R,AZ,SEA,82.30,,,,,,1,2,2023,2023-07
2023-07-30,2023,R,623437,572233,SI,Sinker,,foul,R,R,AZ,SEA,95.40,,,,,,1,1,2023,2023-07
2023-07-30,2023,R,623437,572233,SI,Sinker,,called_strike,R,R,AZ,SEA,95.30,,,,,,1,0,2023,2023-07
2023-07-30,2023,R,623437,572233,FC,Cutter,,ball,R,R,AZ,SEA,93.80,,,,,,0,0,2023,2023-07
2023-07-30,2023,R,623437,666971,SI,Sinker,field_out,hit_into_play,R,R,AZ,SEA,94.40,94.80,35,113.65,53.97,fly_ball,0,0,2023,2023-07
2023-07-30,2023,R,623437,686527,FC,Cutter,field_out,hit_into_play,L,R,AZ,SEA,93.30,98.20,-6,122.29,157.42,ground_ball,1,2,2023,2023-07
2023-07-30,2023,R,623437,686527,ST,Sweeper,,foul,L,R,AZ,SEA,82.60,,,,,,1,1,2023,2023-07
2023-07-30,2023,R,623437,686527,FC,Cutter,,swinging_strike,L,R,AZ,SEA,92.90,,,,,,1,0,2023,2023-07
2023-07-30,2023,R,623437,686527,ST,Sweeper,,ball,L,R,AZ,SEA,81.40,,,,,,0,0,2023,2023-07
2023-07-30,2023,R,628317,521692,FF,4-Seam Fastball,strikeout,swinging_strike,R,R,KC,MIN,93.70,,,,,,1,2,2023,2023-07
2023-07-30,2023,R,628317,521692,SL,Slider,,swinging_strike,R,R,KC,MIN,83.60,,,,,,1,1,2023,2023-07
2023-07-30,2023,R,628317,521692,FF,4-Seam Fastball,,ball,R,R,KC,MIN,91.60,,,,,,0,1,2023,2023-07
2023-07-30,2023,R,628317,521692,SL,Slider,,swinging_strike,R,R,KC,MIN,82.90,,,,,,0,0,2023,2023-07
2023-07-30,2023,R,628317,521692,FF,4-Seam Fastball,field_out,hit_into_play,R,R,KC,MIN,91.20,92.90,67,166.60,173.89,fly_ball,0,0,2023,2023-07
2023-07-30,2023,R,628317,666023,FF,4-Seam Fastball,strikeout,called_strike,R,R,KC,MIN,91.90,,,,,,3,2,2023,2023-07
2023-07-30,2023,R,628317,666023,SL,Slider,,foul,R,R,KC,MIN,82.80,71.60,46,,,,3,2,2023,2023-07
2023-07-30,2023,R,628317,666023,FF,4-Seam Fastball,,foul,R,R,KC,MIN,92.40,76.80,22,,,,3,2,2023,2023-07
2023-07-30,2023,R,628317,666023,SL,Slider,,foul,R,R,KC,MIN,82.60,78.10,80,,,,3,2,2023,2023-07
2023-07-30,2023,R,628317,666023,SL,Slider,,foul,R,R,KC,MIN,81.90,79.40,80,,,,3,1,2023,2023-07
2023-07-30,2023,R,628317,666023,FF,4-Seam Fastball,,ball,R,R,KC,MIN,91.40,,,,,,2,1,2023,2023-07
2023-07-30,2023,R,628317,666023,SL,Slider,,foul,R,R,KC,MIN,80.20,103.00,52,,,,2,0,2023,2023-07
2023-07-30,2023,R,628317,666023,SL,Slider,,ball,R,R,KC,MIN,82.60,,,,,,1,0,2023,2023-07
2023-07-30,2023,R,628317,666023,FF,4-Seam Fastball,,ball,R,R,KC,MIN,92.80,,,,,,0,0,2023,2023-07
2023-07-30,2023,R,628317,666023,FS,Split-Finger,home_run,hit_into_play,R,R,KC,MIN,84.90,102.60,27,90.24,30.27,line_drive,0,2,2023,2023-07
2023-07-30,2023,R,628317,666023,FS,Split-Finger,,foul,R,R,KC,MIN,84.90,65.30,38,,,,0,1,2023,2023-07
2023-07-30,2023,R,628317,666023,SL,Slider,,foul,R,R,KC,MIN,83.20,65.80,75,,,,0,0,2023,2023-07
2023-07-30,2023,R,628317,669004,ST,Sweeper,strikeout,swinging_strike,L,R,KC,MIN,81.00,,,,,,3,2,2023,2023-07
2023-07-30,2023,R,628317,669004,FS,Split-Finger,,ball,L,R,KC,MIN,86.70,,,,,,2,2,2023,2023-07
2023-07-30,2023,R,628317,669004,FS,Split-Finger,,swinging_strike,L,R,KC,MIN,86.40,,,,,,2,1,2023,2023-07
2023-07-30,2023,R,628317,669004,SL,Slider,,called_strike,L,R,KC,MIN,80.30,,,,,,2,0,2023,2023-07
2023-07-30,2023,R,628317,669004,FS,Split-Finger,,ball,L,R,KC,MIN,86.20,,,,,,1,0,2023,2023-07
2023-07-30,2023,R,628317,669004,FF,4-Seam Fastball,,ball,L,R,KC,MIN,92.40,,,,,,0,0,2023,2023-07
2023-07-30,2023,R,628317,669004,FS,Split-Finger,field_out,hit_into_play,L,R,KC,MIN,85.30,102.60,-4,155.69,156.92,ground_ball,0,0,2023,2023-07
2023-07-30,2023,R,628317,669004,FS,Split-Finger,strikeout,swinging_strike,L,R,KC,MIN,85.40,,,,,,2,2,2023,2023-07
2023-07-30,2023,R,628317,669004,FS,Split-Finger,,ball,L,R,KC,MIN,84.80,,,,,,1,2,2023,2023-07
2023-07-30,2023,R,628317,669004,ST,Sweeper,,foul,L,R,KC,MIN,81.10,,,,,,1,1,2023,2023-07
2023-07-30,2023,R,628317,669004,FS,Split-Finger,,foul,L,R,KC,MIN,83.80,,,,,,1,0,2023,2023-07
2023-07-30,2023,R,628317,669004,SL,Slider,,ball,L,R,KC,MIN,80.80,,,,,,0,0,2023,2023-07
2023-07-30,2023,R,628317,670032,FS,Split-Finger,field_out,hit_into_play,L,R,KC,MIN,85.20,93.20,41,125.85,67.69,fly_ball,0,0,2023,2023-07
2023-07-30,2023,R,628317,670032,FF,4-Seam Fastball,single,hit_into_play,L,R,KC,MIN,93.30,83.90,20,85.60,90.46,line_drive,1,2,2023,2023-07
2023-07-30,2023,R,628317,670032,FS,Split-Finger,,ball,L,R,KC,MIN,86.30,,,,,,0,2,2023,2023-07
2023-07-30,2023,R,628317,670032,FS,Split-Finger,,foul,L,R,KC,MIN,85.10,65.20,48,,,,0,2,2023,2023-07
2023-07-30,2023,R,628317,670032,FS,Split-Finger,,called_strike,L,R,KC,MIN,85.60,,,,,,0,1,2023,2023-07
2023-07-30,2023,R,628317,670032,FF,4-Seam Fastball,,foul,L,R,KC,MIN,91.90,76.60,40,,,,0,0,2023,2023-07
2023-07-30,2023,R,628317,671221,FS,Split-Finger,walk,ball,L,R,KC,MIN,83.70,,,,,,3,0,2023,2023-07
2023-07-30,2023,R,628317,671221,FS,Split-Finger,,ball,L,R,KC,MIN,84.10,,,,,,2,0,2023,2023-07
2023-07-30,2023,R,628317,671221,FF,4-Seam Fastball,,ball,L,R,KC,MIN,91.60,,,,,,1,0,2023,2023-07
2023-07-30,2023,R,628317,671221,FS,Split-Finger,,ball,L,R,KC,MIN,84.50,,,,,,0,0,2023,2023-07
2023-07-30,2023,R,628317,671221,SL,Slider,field_out,hit_into_play,L,R,KC,MIN,80.90,100.70,8,160.43,158.22,line_drive,1,1,2023,2023-07
2023-07-30,2023,R,628317,671221,SL,Slider,,ball,L,R,KC,MIN,81.30,,,,,,0,1,2023,2023-07
2023-07-30,2023,R,628317,671221,CU,Curveball,,foul,L,R,KC,MIN,76.70,94.90,1,,,,0,0,2023,2023-07
2023-07-30,2023,R,628317,672580,FS,Split-Finger,field_out,hit_into_play,R,R,KC,MIN,85.10,85.50,43,153.84,102.99,fly_ball,2,1,2023,2023-07
2023-07-30,2023,R,628317,672580,FF,4-Seam Fastball,,swinging_strike,R,R,KC,MIN,92.20,,,,,,2,0,2023,2023-07
2023-07-30,2023,R,628317,672580,FF,4-Seam Fastball,,ball,R,R,KC,MIN,91.30,,,,,,1,0,2023,2023-07
2023-07-30,2023,R,628317,672580,FS,Split-Finger,,ball,R,R,KC,MIN,85.50,,,,,,0,0,2023,2023-07
2023-07-30,2023,R,628317,672580,SL,Slider,double,hit_into_play,R,R,KC,MIN,82.80,105.50,18,70.24,69.05,line_drive,2,1,2023,2023-07
2023-07-30,2023,R,628317,672580,SL,Slider,,ball,R,R,KC,MIN,83.40,,,,,,1,1,2023,2023-07
2023-07-30,2023,R,628317,672580,FF,4-Seam Fastball,,ball,R,R,KC,MIN,93.00,,,,,,0,1,2023,2023-07
2023-07-30,2023,R,628317,672580,FF,4-Seam Fastball,,foul,R,R,KC,MIN,92.70,76.70,33,,,,0,0,2023,2023-07
2023-07-30,2023,R,628317,672580,SL,Slider,field_out,hit_into_play,R,R,KC,MIN,82.60,61.20,14,150.69,163.02,line_drive,0,1,2023,2023-07
2023-07-30,2023,R,628317,672580,FF,4-Seam Fastball,,foul,R,R,KC,MIN,90.50,79.00,49,,,,0,0,2023,2023-07
2023-07-30,2023,R,628317,677951,FF,4-Seam Fastball,strikeout,swinging_strike,R,R,KC,MIN,93.10,,,,,,2,2,2023,2023-07
2023-07-30,2023,R,628317,677951,FF,4-Seam Fastball,,ball,R,R,KC,MIN,93.60,,,,,,1,2,2023,2023-07
2023-07-30,2023,R,628317,677951,FS,Split-Finger,,foul,R,R,KC,MIN,86.60,101.00,-28,,,,1,2,2023,2023-07
2023-07-30,2023,R,628317,677951,FF,4-Seam Fastball,,foul,R,R,KC,MIN,93.10,73.60,29,,,,1,2,2023,2023-07
2023-07-30,2023,R,628317,677951,SL,Slider,,foul,R,R,KC,MIN,83.00,,,,,,1,1,2023,2023-07
2023-07-30,2023,R,628317,677951,FF,4-Seam Fastball,,ball,R,R,KC,MIN,93.10,,,,,,0,1,2023,2023-07
2023-07-30,2023,R,628317,677951,FF,4-Seam Fastball,,swinging_strike,R,R,KC,MIN,93.70,,,,,,0,0,2023,2023-07
2023-07-30,2023,R,628317,677951,FS,Split-Finger,field_out,hit_into_play,R,R,KC,MIN,85.10,77.90,38,127.21,99.96,fly_ball,1,2,2023,2023-07
2023-07-30,2023,R,628317,677951,FF,4-Seam Fastball,,foul,R,R,KC,MIN,92.30,,,,,,1,1,2023,2023-07
2023-07-30,2023,R,628317,677951,SL,Slider,,ball,R,R,KC,MIN,83.30,,,,,,0,1,2023,2023-07
2023-07-30,2023,R,628317,677951,FF,4-Seam Fastball,,called_strike,R,R,KC,MIN,92.10,,,,,,0,0,2023,2023-07
2023-07-30,2023,R,628317,677951,FS,Split-Finger,strikeout,swinging_strike,R,R,KC,MIN,85.20,,,,,,2,2,2023,2023-07
2023-07-30,2023,R,628317,677951,SL,Slider,,foul,R,R,KC,MIN,83.00,,,,,,2,2,2023,2023-07
2023-07-30,2023,R,628317,677951,SL,Slider,,foul,R,R,KC,MIN,84.50,36.70,-23,,,,2,2,2023,2023-07
2023-07-30,2023,R,628317,677951,FS,Split-Finger,,ball,R,R,KC,MIN,84.90,,,,,,1,2,2023,2023-07
2023-07-30,2023,R,628317,677951,SL,Slider,,ball,R,R,KC,MIN,82.60,,,,,,0,2,2023,2023-07
2023-07-30,2023,R,628317,677951,FS,Split-Finger,,foul,R,R,KC,MIN,84.10,,,,,,0,1,2023,2023-07
2023-07-30,2023,R,628317,677951,FF,4-Seam Fastball,,called_strike,R,R,KC,MIN,91.20,,,,,,0,0,2023,2023-07
2023-07-30,2023,R,628317,680118,SI,Sinker,single,hit_into_play,R,R,KC,MIN,92.80,92.90,-25,117.51,147.23,ground_ball,2,2,2023,2023-07
2023-07-30,2023,R,628317,680118,SL,Slider,,ball,R,R,KC,MIN,83.80,,,,,,1,2,2023,2023-07
2023-07-30,2023,R,628317,680118,SL,Slider,,ball,R,R,KC,MIN,83.10,,,,,,0,2,2023,2023-07
2023-07-30,2023,R,628317,680118,SI,Sinker,,foul,R,R,KC,MIN,91.50,,,,,,0,1,2023,2023-07
2023-07-30,2023,R,628317,680118,SL,Slider,,foul,R,R,KC,MIN,83.80,71.60,60,,,,0,0,2023,2023-07
2023-07-30,2023,R,628317,680118,SL,Slider,field_out,hit_into_play,R,R,KC,MIN,83.40,93.30,45,132.21,78.22,fly_ball,2,2,2023,2023-07
2023-07-30,2023,R,628317,680118,SI,Sinker,,foul,R,R,KC,MIN,92.00,90.40,-59,,,,2,2,2023,2023-07
2023-07-30,2023,R,628317,680118,SL,Slider,,foul,R,R,KC,MIN,83.10,75.50,45,,,,2,2,2023,2023-07
2023-07-30,2023,R,628317,680118,SL,Slider,,ball,R,R,KC,MIN,83.00,,,,,,1,2,2023,2023-07
2023-07-30,2023,R,628317,680118,SI,Sinker,,called_strike,R,R,KC,MIN,91.20,,,,,,1,1,2023,2023-07
2023-07-30,2023,R,628317,680118,SI,Sinker,,ball,R,R,KC,MIN,91.10,,,,,,0,1,2023,2023-07
2023-07-30,2023,R,628317,680118,SL,Slider,,foul_tip,R,R,KC,MIN,82.00,,,,,,0,0,2023,2023-07
2023-07-30,2023,R,628317,686681,FF,4-Seam Fastball,walk,ball,L,R,KC,MIN,92.60,,,,,,3,2,2023,2023-07
2023-07-30,2023,R,628317,686681,ST,Sweeper,,foul,L,R,KC,MIN,79.70,74.50,55,,,,3,2,2023,2023-07
2023-07-30,2023,R,628317,686681,ST,Sweeper,,ball,L,R,KC,MIN,81.30,,,,,,2,2,2023,2023-07
2023-07-30,2023,R,628317,686681,ST,Sweeper,,ball,L,R,KC,MIN,81.40,,,,,,1,2,2023,2023-07
2023-07-30,2023,R,628317,686681,FF,4-Seam Fastball,,foul,L,R,KC,MIN,91.90,63.90,57,,,,1,1,2023,2023-07
2023-07-30,2023,R,628317,686681,SL,Slider,,ball,L,R,KC,MIN,81.70,,,,,,0,1,2023,2023-07
2023-07-30,2023,R,628317,686681,FF,4-Seam Fastball,,foul,L,R,KC,MIN,92.40,52.80,46,,,,0,0,2023,2023-07
2023-07-30,2023,R,628317,686681,FS,Split-Finger,strikeout,swinging_strike,L,R,KC,MIN,85.20,,,,,,2,2,2023,2023-07
2023-07-30,2023,R,628317,686681,SL,Slider,,ball,L,R,KC,MIN,83.00,,,,,,1,2,2023,2023-07
2023-07-30,2023,R,628317,686681,SL,Slider,,foul,L,R,KC,MIN,82.10,56.00,44,,,,1,1,2023,2023-07
2023-07-30,2023,R,628317,686681,SL,Slider,,ball,L,R,KC,MIN,82.10,,,,,,0,1,2023,2023-07
2023-07-30,2023,R,628317,686681,SL,Slider,,called_strike,L,R,KC,MIN,81.90,,,,,,0,0,2023,2023-07
2023-07-30,2023,R,628452,467793,FF,4-Seam Fastball,strikeout,swinging_strike,L,R,ATL,MIL,95.70,,,,,,3,2,2023,2023-07
2023-07-30,2023,R,628452,467793,CH,Changeup,,foul,L,R,ATL,MIL,89.30,91.30,6,,,,3,2,2023,2023-07
2023-07-30,2023,R,628452,467793,CH,Changeup,,foul,L,R,ATL,MIL,88.10,97.90,-44,,,,3,2,2023,2023-07
2023-07-30,2023,R,628452,467793,CH,Changeup,,ball,L,R,ATL,MIL,89.90,,,,,,2,2,2023,2023-07
2023-07-30,2023,R,628452,467793,CH,Changeup,,foul,L,R,ATL,MIL,89.30,70.70,-44,,,,2,1,2023,2023-07
2023-07-30,2023,R,628452,467793,CH,Changeup,,swinging_strike,L,R,ATL,MIL,89.20,,,,,,2,0,2023,2023-07
2023-07-30,2023,R,628452,467793,SI,Sinker,,ball,L,R,ATL,MIL,95.50,,,,,,1,0,2023,2023-07
2023-07-30,2023,R,628452,467793,SI,Sinker,,ball,L,R,ATL,MIL,95.50,,,,,,0,0,2023,2023-07
2023-07-30,2023,R,628452,661388,CH,Changeup,strikeout,swinging_strike,R,R,ATL,MIL,89.90,,,,,,1,2,2023,2023-07
2023-07-30,2023,R,628452,661388,FF,4-Seam Fastball,,foul,R,R,ATL,MIL,96.20,78.10,53,,,,1,2,2023,2023-07
2023-07-30,2023,R,628452,661388,SL,Slider,,foul,R,R,ATL,MIL,85.50,64.20,-34,,,,1,1,2023,2023-07
2023-07-30,2023,R,628452,661388,CH,Changeup,,ball,R,R,ATL,MIL,89.80,,,,,,0,1,2023,2023-07
2023-07-30,2023,R,628452,661388,SI,Sinker,,swinging_strike,R,R,ATL,MIL,95.10,,,,,,0,0,2023,2023-07
2023-07-30,2023,R,628452,686217,SL,Slider,strikeout,swinging_strike,L,R,ATL,MIL,85.90,,,,,,2,2,2023,2023-07
2023-07-30,2023,R,628452,686217,CH,Changeup,,foul,L,R,ATL,MIL,91.10,87.20,-22,,,,2,2,2023,2023-07
2023-07-30,2023,R,628452,686217,CH,Changeup,,foul,L,R,ATL,MIL,91.40,82.30,-38,,,,2,2,2023,2023-07
2023-07-30,2023,R,628452,686217,CH,Changeup,,swinging_strike,L,R,ATL,MIL,89.40,,,,,,2,1,2023,2023-07
2023-07-30,2023,R,628452,686217,SI,Sinker,,ball,L,R,ATL,MIL,95.00,,,,,,1,1,2023,2023-07
2023-07-30,2023,R,628452,686217,CH,Changeup,,ball,L,R,ATL,MIL,89.60,,,,,,0,1,2023,2023-07
2023-07-30,2023,R,628452,686217,SI,Sinker,,foul,L,R,ATL,MIL,95.30,67.10,50,,,,0,0,2023,2023-07
2023-07-30,2023,R,628708,596847,SL,Slider,field_out,hit_into_play,L,R,PIT,PHI,88.00,103.80,-1,152.72,172.50,ground_ball,1,2,2023,2023-07
2023-07-30,2023,R,628708,596847,SL,Slider,,foul,L,R,PIT,PHI,86.90,91.30,-19,,,,1,2,2023,2023-07
2023-07-30,2023,R,628708,596847,SL,Slider,,foul,L,R,PIT,PHI,87.80,75.60,-17,,,,1,2,2023,2023-07
2023-07-30,2023,R,628708,596847,SI,Sinker,,ball,L,R,PIT,PHI,98.60,,,,,,0,2,2023,2023-07
2023-07-30,2023,R,628708,596847,SL,Slider,,swinging_strike,L,R,PIT,PHI,87.00,,,,,,0,1,2023,2023-07
2023-07-30,2023,R,628708,596847,SL,Slider,,swinging_strike,L,R,PIT,PHI,87.50,,,,,,0,0,2023,2023-07
2023-07-30,2023,R,628708,641943,SI,Sinker,double,hit_into_play,L,R,PIT,PHI,98.80,102.90,7,39.56,108.94,line_drive,0,1,2023,2023-07
2023-07-30,2023,R,628708,641943,SL,Slider,,called_strike,L,R,PIT,PHI,86.70,,,,,,0,0,2023,2023-07
2023-07-30,2023,R,628708,669707,SI,Sinker,single,hit_into_play,R,R,PIT,PHI,97.10,81.20,22,115.30,83.79,line_drive,2,1,2023,2023-07
2023-07-30,2023,R,628708,669707,SL,Slider,,ball,R,R,PIT,PHI,86.60,,,,,,1,1,2023,2023-07
2023-07-30,2023,R,628708,669707,SL,Slider,,ball,R,R,PIT,PHI,86.90,,,,,,0,1,2023,2023-07
2023-07-30,2023,R,628708,669707,SI,Sinker,,called_strike,R,R,PIT,PHI,96.60,,,,,,0,0,2023,2023-07
2023-07-30,2023,R,628708,682848,SL,Slider,strikeout,swinging_strike,L,R,PIT,PHI,88.00,,,,,,1,2,2023,2023-07
2023-07-30,2023,R,628708,682848,SL,Slider,,swinging_strike,L,R,PIT,PHI,87.60,,,,,,1,1,2023,2023-07
2023-07-30,2023,R,628708,682848,SL,Slider,,blocked_ball,L,R,PIT,PHI,88.80,,,,,,0,1,2023,2023-07
2023-07-30,2023,R,628708,682848,SL,Slider,,swinging_strike,L,R,PIT,PHI,88.70,,,,,,0,0,2023,2023-07
2023-07-30,2023,R,628708,693304,SI,Sinker,sac_fly,hit_into_play,R,R,PIT,PHI,99.30,95.50,21,185.83,95.53,line_drive,0,1,2023,2023-07
2023-07-30,2023,R,628708,693304,SL,Slider,,foul,R,R,PIT,PHI,88.00,64.10,31,,,,0,0,2023,2023-07
2023-07-30,2023,R,640462,408234,FF,4-Seam Fastball,walk,ball,R,L,MIA,DET,96.50,,,,,,3,2,2023,2023-07
2023-07-30,2023,R,640462,408234,FF,4-Seam Fastball,,foul,R,L,MIA,DET,96.10,91.80,38,,,,3,2,2023,2023-07
2023-07-30,2023,R,640462,408234,FF,4-Seam Fastball,,foul,R,L,MIA,DET,95.20,75.20,-45,,,,3,1,2023,2023-07
2023-07-30,2023,R,640462,408234,FF,4-Seam Fastball,,ball,R,L,MIA,DET,95.00,,,,,,2,1,2023,2023-07
2023-07-30,2023,R,640462,408234,FF,4-Seam Fastball,,ball,R,L,MIA,DET,94.20,,,,,,1,1,2023,2023-07
2023-07-30,2023,R,640462,408234,FF,4-Seam Fastball,,foul,R,L,MIA,DET,93.90,77.60,38,,,,1,0,2023,2023-07
2023-07-30,2023,R,640462,408234,FF,4-Seam Fastball,,ball,R,L,MIA,DET,95.10,,,,,,0,0,2023,2023-07
2023-07-30,2023,R,640462,595879,FF,4-Seam Fastball,single,hit_into_play,R,L,MIA,DET,96.90,103.10,10,128.92,76.20,line_drive,1,2,2023,2023-07
2023-07-30,2023,R,640462,595879,ST,Sweeper,,ball,R,L,MIA,DET,82.90,,,,,,0,2,2023,2023-07
2023-07-30,2023,R,640462,595879,SI,Sinker,,swinging_strike,R,L,MIA,DET,95.40,,,,,,0,1,2023,2023-07
2023-07-30,2023,R,640462,595879,FF,4-Seam Fastball,,swinging_strike,R,L,MIA,DET,94.80,,,,,,0,0,2023,2023-07
2023-07-30,2023,R,640462,668670,FF,4-Seam Fastball,double,hit_into_play,R,L,MIA,DET,95.50,97.70,22,230.67,76.58,line_drive,1,2,2023,2023-07
2023-07-30,2023,R,640462,668670,FF,4-Seam Fastball,,foul,R,L,MIA,DET,95.70,76.70,22,,,,1,1,2023,2023-07
2023-07-30,2023,R,640462,668670,ST,Sweeper,,ball,R,L,MIA,DET,82.70,,,,,,0,1,2023,2023-07
2023-07-30,2023,R,640462,668670,ST,Sweeper,,called_strike,R,L,MIA,DET,82.10,,,,,,0,0,2023,2023-07
2023-07-30,2023,R,640462,681481,ST,Sweeper,single,hit_into_play,L,L,MIA,DET,82.40,98.80,0,185.63,107.24,ground_ball,0,0,2023,2023-07
2023-07-30,2023,R,640462,682985,ST,Sweeper,strikeout,swinging_strike,L,L,MIA,DET,82.20,,,,,,3,2,2023,2023-07
2023-07-30,2023,R,640462,682985,SI,Sinker,,ball,L,L,MIA,DET,94.20,,,,,,2,2,2023,2023-07
2023-07-30,2023,R,640462,682985,FF,4-Seam Fastball,,foul,L,L,MIA,DET,95.70,78.70,28,,,,2,2,2023,2023-07
2023-07-30,2023,R,640462,682985,ST,Sweeper,,foul,L,L,MIA,DET,83.10,68.50,16,,,,2,1,2023,2023-07
2023-07-30,2023,R,640462,682985,FF,4-Seam Fastball,,called_strike,L,L,MIA,DET,94.50,,,,,,2,0,2023,2023-07
2023-07-30,2023,R,640462,682985,ST,Sweeper,,ball,L,L,MIA,DET,83.00,,,,,,1,0,2023,2023-07
2023-07-30,2023,R,640462,682985,SI,Sinker,,ball,L,L,MIA,DET,95.40,,,,,,0,0,2023,2023-07
2023-07-30,2023,R,641729,642715,FF,4-Seam Fastball,walk,ball,R,R,ATL,MIL,94.50,,,,,,3,1,2023,2023-07
2023-07-30,2023,R,641729,642715,FF,4-Seam Fastball,,ball,R,R,ATL,MIL,95.50,,,,,,2,1,2023,2023-07
2023-07-30,2023,R,641729,642715,FF,4-Seam Fastball,,foul,R,R,ATL,MIL,95.20,78.80,73,,,,2,0,2023,2023-07
2023-07-30,2023,R,641729,642715,SL,Slider,,ball,R,R,ATL,MIL,82.70,,,,,,1,0,2023,2023-07
2023-07-30,2023,R,641729,642715,FF,4-Seam Fastball,,ball,R,R,ATL,MIL,96.80,,,,,,0,0,2023,2023-07
2023-07-30,2023,R,641729,647351,FF,4-Seam Fastball,strikeout,swinging_strike,L,R,ATL,MIL,95.20,,,,,,1,2,2023,2023-07
2023-07-30,2023,R,641729,647351,SL,Slider,,foul,L,R,ATL,MIL,85.10,83.80,-36,,,,1,2,2023,2023-07
2023-07-30,2023,R,641729,647351,FF,4-Seam Fastball,,foul,L,R,ATL,MIL,95.70,,,,,,1,2,2023,2023-07
2023-07-30,2023,R,641729,647351,FF,4-Seam Fastball,,ball,L,R,ATL,MIL,94.00,,,,,,0,2,2023,2023-07
2023-07-30,2023,R,641729,647351,FF,4-Seam Fastball,,swinging_strike,L,R,ATL,MIL,96.30,,,,,,0,1,2023,2023-07
2023-07-30,2023,R,641729,647351,FF,4-Seam Fastball,,called_strike,L,R,ATL,MIL,95.00,,,,,,0,0,2023,2023-07
2023-07-30,2023,R,641729,655316,SL,Slider,strikeout,swinging_strike,R,R,ATL,MIL,85.80,,,,,,1,2,2023,2023-07
2023-07-30,2023,R,641729,655316,SL,Slider,,swinging_strike,R,R,ATL,MIL,84.00,,,,,,1,1,2023,2023-07
2023-07-30,2023,R,641729,655316,SL,Slider,,foul,R,R,ATL,MIL,83.60,44.00,-37,,,,1,0,2023,2023-07
2023-07-30,2023,R,641729,655316,SL,Slider,,ball,R,R,ATL,MIL,83.40,,,,,,0,0,2023,2023-07
2023-07-30,2023,R,641729,686217,FF,4-Seam Fastball,strikeout,called_strike,L,R,ATL,MIL,95.40,,,,,,0,2,2023,2023-07
2023-07-30,2023,R,641729,686217,FF,4-Seam Fastball,,swinging_strike,L,R,ATL,MIL,94.90,,,,,,0,1,2023,2023-07
2023-07-30,2023,R,641729,686217,SL,Slider,,called_strike,L,R,ATL,MIL,83.90,,,,,,0,0,2023,2023-07
2023-07-30,2023,R,641793,455117,SL,Slider,field_out,hit_into_play,R,R,HOU,TB,88.20,106.40,19,142.57,81.48,fly_ball,0,0,2023,2023-07
2023-07-30,2023,R,641793,455117,ST,Sweeper,strikeout,swinging_strike,R,R,HOU,TB,81.00,,,,,,1,2,2023,2023-07
2023-07-30,2023,R,641793,455117,ST,Sweeper,,ball,R,R,HOU,TB,82.30,,,,,,0,2,2023,2023-07
2023-07-30,2023,R,641793,455117,FS,Split-Finger,,swinging_strike,R,R,HOU,TB,85.60,,,,,,0,1,2023,2023-07
2023-07-30,2023,R,641793,455117,FF,4-Seam Fastball,,called_strike,R,R,HOU,TB,94.00,,,,,,0,0,2023,2023-07
2023-07-30,2023,R,641793,514888,FF,4-Seam Fastball,single,hit_into_play,R,R,HOU,TB,94.70,86.00,0,110.60,105.38,ground_ball,3,2,2023,2023-07
2023-07-30,2023,R,641793,514888,SL,Slider,,foul,R,R,HOU,TB,89.70,74.00,-55,,,,3,2,2023,2023-07
2023-07-30,2023,R,641793,514888,FF,4-Seam Fastball,,called_strike,R,R,HOU,TB,94.20,,,,,,3,1,2023,2023-07
2023-07-30,2023,R,641793,514888,SL,Slider,,ball,R,R,HOU,TB,89.70,,,,,,2,1,2023,2023-07
2023-07-30,2023,R,641793,514888,FS,Split-Finger,,ball,R,R,HOU,TB,85.20,,,,,,1,1,2023,2023-07
2023-07-30,2023,R,641793,514888,SL,Slider,,called_strike,R,R,HOU,TB,88.60,,,,,,1,0,2023,2023-07
2023-07-30,2023,R,641793,514888,SL,Slider,,ball,R,R,HOU,TB,88.60,,,,,,0,0,2023,2023-07
2023-07-30,2023,R,641793,514888,SL,Slider,single,hit_into_play,R,R,HOU,TB,89.50,102.80,3,115.88,112.80,ground_ball,0,0,2023,2023-07
2023-07-30,2023,R,641793,514888,FF,4-Seam Fastball,single,hit_into_play,R,R,HOU,TB,95.00,103.80,9,160.26,96.61,line_drive,3,2,2023,2023-07
2023-07-30,2023,R,641793,514888,SL,Slider,,foul,R,R,HOU,TB,89.90,70.00,-36,,,,3,1,2023,2023-07
2023-07-30,2023,R,641793,514888,ST,Sweeper,,ball,R,R,HOU,TB,81.80,,,,,,2,1,2023,2023-07
2023-07-30,2023,R,641793,514888,SL,Slider,,called_strike,R,R,HOU,TB,91.50,,,,,,2,0,2023,2023-07
2023-07-30,2023,R,641793,514888,FF,4-Seam Fastball,,ball,R,R,HOU,TB,94.20,,,,,,1,0,2023,2023-07
2023-07-30,2023,R,641793,514888,SL,Slider,,ball,R,R,HOU,TB,89.70,,,,,,0,0,2023,2023-07
2023-07-30,2023,R,641793,547989,SL,Slider,field_out,hit_into_play,R,R,HOU,TB,90.70,103.40,34,183.09,62.92,fly_ball,1,1,2023,2023-07
2023-07-30,2023,R,641793,547989,SL,Slider,,foul,R,R,HOU,TB,90.30,84.20,41,,,,1,0,2023,2023-07
2023-07-30,2023,R,641793,547989,FF,4-Seam Fastball,,ball,R,R,HOU,TB,94.70,,,,,,0,0,2023,2023-07
2023-07-30,2023,R,641793,547989,FF,4-Seam Fastball,field_error,hit_into_play,R,R,HOU,TB,95.30,52.40,-15,124.08,169.30,ground_ball,3,2,2023,2023-07
2023-07-30,2023,R,641793,547989,ST,Sweeper,,swinging_strike,R,R,HOU,TB,80.60,,,,,,3,1,2023,2023-07
2023-07-30,2023,R,641793,547989,SL,Slider,,called_strike,R,R,HOU,TB,89.40,,,,,,3,0,2023,2023-07
2023-07-30,2023,R,641793,547989,SL,Slider,,ball,R,R,HOU,TB,89.40,,,,,,2,0,2023,2023-07
2023-07-30,2023,R,641793,547989,SL,Slider,,ball,R,R,HOU,TB,89.70,,,,,,1,0,2023,2023-07
2023-07-30,2023,R,641793,547989,ST,Sweeper,,ball,R,R,HOU,TB,80.10,,,,,,0,0,2023,2023-07
2023-07-30,2023,R,641793,608324,FS,Split-Finger,field_out,hit_into_play,R,R,HOU,TB,85.00,91.80,-6,110.09,158.77,ground_ball,1,0,2023,2023-07
2023-07-30,2023,R,641793,608324,FF,4-Seam Fastball,,ball,R,R,HOU,TB,94.60,,,,,,0,0,2023,2023-07
2023-07-30,2023,R,641793,608324,SL,Slider,field_out,hit_into_play,R,R,HOU,TB,87.70,87.80,48,199.15,129.76,fly_ball,0,0,2023,2023-07
2023-07-30,2023,R,641793,608324,FF,4-Seam Fastball,strikeout,called_strike,R,R,HOU,TB,96.00,,,,,,2,2,2023,2023-07
2023-07-30,2023,R,641793,608324,ST,Sweeper,,foul,R,R,HOU,TB,80.30,62.30,34,,,,2,1,2023,2023-07
2023-07-30,2023,R,641793,608324,SL,Slider,,called_strike,R,R,HOU,TB,88.50,,,,,,2,0,2023,2023-07
2023-07-30,2023,R,641793,608324,FF,4-Seam Fastball,,ball,R,R,HOU,TB,94.20,,,,,,1,0,2023,2023-07
2023-07-30,2023,R,641793,608324,FF,4-Seam Fastball,,ball,R,R,HOU,TB,94.50,,,,,,0,0,2023,2023-07
2023-07-30,2023,R,641793,643289,FS,Split-Finger,field_out,hit_into_play,R,R,HOU,TB,84.20,98.10,-5,147.65,156.23,ground_ball,2,2,2023,2023-07
2023-07-30,2023,R,641793,643289,FF,4-Seam Fastball,,foul,R,R,HOU,TB,94.40,93.00,22,,,,2,2,2023,2023-07
2023-07-30,2023,R,641793,643289,SL,Slider,,foul,R,R,HOU,TB,89.20,76.90,24,,,,2,1,2023,2023-07
2023-07-30,2023,R,641793,643289,FF,4-Seam Fastball,,ball,R,R,HOU,TB,93.20,,,,,,1,1,2023,2023-07
2023-07-30,2023,R,641793,643289,FF,4-Seam Fastball,,foul,R,R,HOU,TB,93.20,78.40,12,,,,1,0,2023,2023-07
2023-07-30,2023,R,641793,643289,FF,4-Seam Fastball,,ball,R,R,HOU,TB,93.10,,,,,,0,0,2023,2023-07
2023-07-30,2023,R,641793,643289,SL,Slider,single,hit_into_play,R,R,HOU,TB,89.70,101.80,6,192.45,119.78,line_drive,0,1,2023,2023-07
2023-07-30,2023,R,641793,643289,FF,4-Seam Fastball,,foul,R,R,HOU,TB,94.30,76.00,38,,,,0,0,2023,2023-07
2023-07-30,2023,R,641793,663656,FF,4-Seam Fastball,double,hit_into_play,L,R,HOU,TB,93.70,80.20,3,71.53,147.08,ground_ball,0,0,2023,2023-07
2023-07-30,2023,R,641793,663656,SL,Slider,field_out,hit_into_play,L,R,HOU,TB,89.60,80.90,62,83.71,161.31,popup,1,2,2023,2023-07
2023-07-30,2023,R,641793,663656,FS,Split-Finger,,ball,L,R,HOU,TB,83.10,,,,,,0,2,2023,2023-07
2023-07-30,2023,R,641793,663656,ST,Sweeper,,foul,L,R,HOU,TB,80.20,88.40,76,,,,0,2,2023,2023-07
2023-07-30,2023,R,641793,663656,FS,Split-Finger,,foul,L,R,HOU,TB,85.60,82.60,-6,,,,0,1,2023,2023-07
2023-07-30,2023,R,641793,663656,FF,4-Seam Fastball,,foul,L,R,HOU,TB,94.00,,,,,,0,0,2023,2023-07
2023-07-30,2023,R,641793,663656,SL,Slider,field_out,hit_into_play,L,R,HOU,TB,88.90,95.90,52,110.76,91.00,fly_ball,0,1,2023,2023-07
2023-07-30,2023,R,641793,663656,FS,Split-Finger,,foul,L,R,HOU,TB,86.00,103.80,31,,,,0,0,2023,2023-07
2023-07-30,2023,R,641793,665161,ST,Sweeper,single,hit_into_play,R,R,HOU,TB,80.80,102.10,6,125.32,87.08,ground_ball,0,1,2023,2023-07
2023-07-30,2023,R,641793,665161,SL,Slider,,swinging_strike,R,R,HOU,TB,88.60,,,,,,0,0,2023,2023-07
2023-07-30,2023,R,641793,665161,FF,4-Seam Fastball,single,hit_into_play,R,R,HOU,TB,94.00,87.00,0,89.80,124.19,ground_ball,1,2,2023,2023-07
2023-07-30,2023,R,641793,665161,ST,Sweeper,,blocked_ball,R,R,HOU,TB,81.40,,,,,,0,2,2023,2023-07
2023-07-30,2023,R,641793,665161,FF,4-Seam Fastball,,called_strike,R,R,HOU,TB,94.00,,,,,,0,1,2023,2023-07
2023-07-30,2023,R,641793,665161,FF,4-Seam Fastball,,foul,R,R,HOU,TB,92.70,64.50,32,,,,0,0,2023,2023-07
2023-07-30,2023,R,641793,665161,FF,4-Seam Fastball,force_out,hit_into_play,R,R,HOU,TB,93.40,79.20,-27,107.05,175.04,ground_ball,1,0,2023,2023-07
2023-07-30,2023,R,641793,665161,ST,Sweeper,,ball,R,R,HOU,TB,79.80,,,,,,0,0,2023,2023-07
2023-07-30,2023,R,641793,670541,FS,Split-Finger,field_out,hit_into_play,L,R,HOU,TB,85.30,82.50,-11,155.77,170.47,ground_ball,1,0,2023,2023-07
2023-07-30,2023,R,641793,670541,FF,4-Seam Fastball,,ball,L,R,HOU,TB,93.80,,,,,,0,0,2023,2023-07
2023-07-30,2023,R,641793,670541,FS,Split-Finger,field_out,hit_into_play,L,R,HOU,TB,84.20,82.00,-12,164.32,156.50,ground_ball,1,2,2023,2023-07
2023-07-30,2023,R,641793,670541,FS,Split-Finger,,ball,L,R,HOU,TB,84.60,,,,,,0,2,2023,2023-07
2023-07-30,2023,R,641793,670541,FS,Split-Finger,,swinging_strike,L,R,HOU,TB,84.30,,,,,,0,1,2023,2023-07
2023-07-30,2023,R,641793,670541,SL,Slider,,called_strike,L,R,HOU,TB,88.90,,,,,,0,0,2023,2023-07
2023-07-30,2023,R,641793,670541,FF,4-Seam Fastball,strikeout,swinging_strike,L,R,HOU,TB,95.20,,,,,,2,2,2023,2023-07
2023-07-30,2023,R,641793,670541,SL,Slider,,foul,L,R,HOU,TB,90.70,82.60,66,,,,2,2,2023,2023-07
2023-07-30,2023,R,641793,670541,FS,Split-Finger,,foul,L,R,HOU,TB,86.30,,,,,,2,2,2023,2023-07
2023-07-30,2023,R,641793,670541,FS,Split-Finger,,swinging_strike,L,R,HOU,TB,86.30,,,,,,2,1,2023,2023-07
2023-07-30,2023,R,641793,670541,FF,4-Seam Fastball,,ball,L,R,HOU,TB,94.20,,,,,,1,1,2023,2023-07
2023-07-30,2023,R,641793,670541,FF,4-Seam Fastball,,called_strike,L,R,HOU,TB,94.20,,,,,,1,0,2023,2023-07
2023-07-30,2023,R,641793,670541,FF,4-Seam Fastball,,ball,L,R,HOU,TB,93.80,,,,,,0,0,2023,2023-07
2023-07-30,2023,R,641793,676801,FF,4-Seam Fastball,single,hit_into_play,R,R,HOU,TB,95.50,94.40,17,101.32,76.21,line_drive,0,2,2023,2023-07
2023-07-30,2023,R,641793,676801,SL,Slider,,foul,R,R,HOU,TB,90.20,77.50,46,,,,0,1,2023,2023-07
2023-07-30,2023,R,641793,676801,FF,4-Seam Fastball,,swinging_strike,R,R,HOU,TB,94.50,,,,,,0,0,2023,2023-07
2023-07-30,2023,R,641793,676801,SL,Slider,strikeout,swinging_strike,R,R,HOU,TB,87.90,,,,,,1,2,2023,2023-07
2023-07-30,2023,R,641793,676801,FF,4-Seam Fastball,,foul,R,R,HOU,TB,95.60,74.10,49,,,,1,2,2023,2023-07
2023-07-30,2023,R,641793,676801,ST,Sweeper,,foul,R,R,HOU,TB,82.80,74.80,51,,,,1,2,2023,2023-07
2023-07-30,2023,R,641793,676801,SL,Slider,,swinging_strike,R,R,HOU,TB,89.00,,,,,,1,1,2023,2023-07
2023-07-30,2023,R,641793,676801,ST,Sweeper,,ball,R,R,HOU,TB,81.80,,,,,,0,1,2023,2023-07
2023-07-30,2023,R,641793,676801,SL,Slider,,swinging_strike,R,R,HOU,TB,89.20,,,,,,0,0,2023,2023-07
2023-07-30,2023,R,641835,519058,SI,Sinker,field_out,hit_into_play,L,L,TOR,LAA,94.80,103.80,-21,156.90,153.29,ground_ball,0,0,2023,2023-07
2023-07-30,2023,R,641835,650859,SI,Sinker,walk,ball,R,L,TOR,LAA,95.00,,,,,,3,2,2023,2023-07
2023-07-30,2023,R,641835,650859,SI,Sinker,,ball,R,L,TOR,LAA,95.30,,,,,,2,2,2023,2023-07
2023-07-30,2023,R,641835,650859,SI,Sinker,,ball,R,L,TOR,LAA,95.70,,,,,,1,2,2023,2023-07
2023-07-30,2023,R,641835,650859,SL,Slider,,ball,R,L,TOR,LAA,87.70,,,,,,0,2,2023,2023-07
2023-07-30,2023,R,641835,650859,SI,Sinker,,foul,R,L,TOR,LAA,94.50,80.20,46,,,,0,1,2023,2023-07
2023-07-30,2023,R,641835,650859,SI,Sinker,,called_strike,R,L,TOR,LAA,93.50,,,,,,0,0,2023,2023-07
2023-07-30,2023,R,641835,660271,,,intent_walk,automatic_ball,L,L,TOR,LAA,,,,,,,3,0,2023,2023-07
2023-07-30,2023,R,641835,660271,,,,automatic_ball,L,L,TOR,LAA,,,,,,,2,0,2023,2023-07
2023-07-30,2023,R,641835,660271,SI,Sinker,,ball,L,L,TOR,LAA,95.40,,,,,,1,0,2023,2023-07
2023-07-30,2023,R,641835,660271,SL,Slider,,ball,L,L,TOR,LAA,88.30,,,,,,0,0,2023,2023-07
2023-07-30,2023,R,641835,666160,SI,Sinker,force_out,hit_into_play,L,L,TOR,LAA,93.90,74.70,-7,153.27,162.98,ground_ball,0,0,2023,2023-07
2023-07-30,2023,R,641835,683021,SL,Slider,field_out,hit_into_play,R,L,TOR,LAA,86.30,100.90,-16,97.62,154.31,ground_ball,0,1,2023,2023-07
2023-07-30,2023,R,641835,683021,SI,Sinker,,called_strike,R,L,TOR,LAA,92.70,,,,,,0,0,2023,2023-07
2023-07-30,2023,R,641941,670032,FF,4-Seam Fastball,field_out,hit_into_play,L,R,KC,MIN,95.60,95.90,16,77.20,110.84,line_drive,0,0,2023,2023-07
2023-07-30,2023,R,641941,671221,FF,4-Seam Fastball,field_out,hit_into_play,L,R,KC,MIN,94.50,79.00,75,83.23,185.03,fly_ball,0,0,2023,2023-07
2023-07-30,2023,R,641941,680118,FC,Cutter,field_out,hit_into_play,R,R,KC,MIN,87.70,95.70,27,108.72,48.50,fly_ball,1,2,2023,2023-07
2023-07-30,2023,R,641941,680118,FC,Cutter,,ball,R,R,KC,MIN,88.00,,,,,,0,2,2023,2023-07
2023-07-30,2023,R,641941,680118,FF,4-Seam Fastball,,foul,R,R,KC,MIN,95.70,80.80,73,,,,0,1,2023,2023-07
2023-07-30,2023,R,641941,680118,FF,4-Seam Fastball,,called_strike,R,R,KC,MIN,96.00,,,,,,0,0,2023,2023-07
2023-07-30,2023,R,642048,572233,CH,Changeup,strikeout,swinging_strike,R,L,AZ,SEA,87.20,,,,,,0,2,2023,2023-07
2023-07-30,2023,R,642048,572233,SL,Slider,,swinging_strike,R,L,AZ,SEA,83.10,,,,,,0,1,2023,2023-07
2023-07-30,2023,R,642048,572233,SI,Sinker,,called_strike,R,L,AZ,SEA,92.90,,,,,,0,0,2023,2023-07
2023-07-30,2023,R,642048,606466,CH,Changeup,strikeout,swinging_strike,R,L,AZ,SEA,86.50,,,,,,0,2,2023,2023-07
2023-07-30,2023,R,642048,606466,SL,Slider,,foul,R,L,AZ,SEA,81.30,93.20,7,,,,0,1,2023,2023-07
2023-07-30,2023,R,642048,606466,SI,Sinker,,called_strike,R,L,AZ,SEA,91.80,,,,,,0,0,2023,2023-07
2023-07-30,2023,R,642048,682998,SI,Sinker,field_out,hit_into_play,L,L,AZ,SEA,92.80,,-70,135.36,182.22,ground_ball,3,2,2023,2023-07
2023-07-30,2023,R,642048,682998,SI,Sinker,,foul,L,L,AZ,SEA,92.80,83.30,-49,,,,3,2,2023,2023-07
2023-07-30,2023,R,642048,682998,SI,Sinker,,ball,L,L,AZ,SEA,93.20,,,,,,2,2,2023,2023-07
2023-07-30,2023,R,642048,682998,SI,Sinker,,foul,L,L,AZ,SEA,92.70,81.90,-57,,,,2,2,2023,2023-07
2023-07-30,2023,R,642048,682998,SL,Slider,,foul,L,L,AZ,SEA,83.40,88.40,-48,,,,2,2,2023,2023-07
2023-07-30,2023,R,642048,682998,SI,Sinker,,ball,L,L,AZ,SEA,93.20,,,,,,1,2,2023,2023-07
2023-07-30,2023,R,642048,682998,SL,Slider,,swinging_strike,L,L,AZ,SEA,84.10,,,,,,1,1,2023,2023-07
2023-07-30,2023,R,642048,682998,SI,Sinker,,called_strike,L,L,AZ,SEA,92.60,,,,,,1,0,2023,2023-07
2023-07-30,2023,R,642048,682998,SI,Sinker,,ball,L,L,AZ,SEA,91.80,,,,,,0,0,2023,2023-07
2023-07-30,2023,R,642121,553993,CH,Changeup,single,hit_into_play,R,R,AZ,SEA,84.30,93.90,22,98.04,82.56,line_drive,0,1,2023,2023-07
2023-07-30,2023,R,642121,553993,FF,4-Seam Fastball,,called_strike,R,R,AZ,SEA,92.40,,,,,,0,0,2023,2023-07
2023-07-30,2023,R,642121,606192,SL,Slider,field_out,hit_into_play,R,R,AZ,SEA,82.10,100.10,47,193.24,93.65,fly_ball,0,0,2023,2023-07
2023-07-30,2023,R,642121,641487,FF,4-Seam Fastball,double,hit_into_play,L,R,AZ,SEA,91.60,99.60,17,90.74,60.29,line_drive,0,0,2023,2023-07
2023-07-30,2023,R,642121,663728,CH,Changeup,field_out,hit_into_play,L,R,AZ,SEA,84.50,56.40,25,98.74,145.94,line_drive,1,2,2023,2023-07
2023-07-30,2023,R,642121,663728,CH,Changeup,,foul,L,R,AZ,SEA,84.20,94.30,17,,,,1,2,2023,2023-07
2023-07-30,2023,R,642121,663728,FF,4-Seam Fastball,,ball,L,R,AZ,SEA,92.80,,,,,,0,2,2023,2023-07
2023-07-30,2023,R,642121,663728,CH,Changeup,,swinging_strike,L,R,AZ,SEA,84.40,,,,,,0,1,2023,2023-07
2023-07-30,2023,R,642121,663728,FF,4-Seam Fastball,,called_strike,L,R,AZ,SEA,92.60,,,,,,0,0,2023,2023-07
2023-07-30,2023,R,642121,677594,FF,4-Seam Fastball,field_out,hit_into_play,R,R,AZ,SEA,92.60,105.00,7,143.49,150.08,line_drive,1,1,2023,2023-07
2023-07-30,2023,R,642121,677594,FF,4-Seam Fastball,,ball,R,R,AZ,SEA,92.60,,,,,,0,1,2023,2023-07
2023-07-30,2023,R,642121,677594,SL,Slider,,foul,R,R,AZ,SEA,83.60,69.80,77,,,,0,0,2023,2023-07
2023-07-30,2023,R,642232,456781,CH,Changeup,field_out,hit_into_play,R,L,KC,MIN,76.00,94.30,11,100.40,147.85,line_drive,1,0,2023,2023-07
2023-07-30,2023,R,642232,456781,FC,Cutter,,ball,R,L,KC,MIN,80.70,,,,,,0,0,2023,2023-07
2023-07-30,2023,R,642232,456781,ST,Sweeper,strikeout,swinging_strike,R,L,KC,MIN,71.60,,,,,,1,2,2023,2023-07
2023-07-30,2023,R,642232,456781,CH,Changeup,,ball,R,L,KC,MIN,78.20,,,,,,0,2,2023,2023-07
2023-07-30,2023,R,642232,456781,CH,Changeup,,foul,R,L,KC,MIN,78.60,85.40,37,,,,0,2,2023,2023-07
2023-07-30,2023,R,642232,456781,ST,Sweeper,,swinging_strike,R,L,KC,MIN,70.50,,,,,,0,1,2023,2023-07
2023-07-30,2023,R,642232,456781,FC,Cutter,,called_strike,R,L,KC,MIN,83.50,,,,,,0,0,2023,2023-07
2023-07-30,2023,R,642232,456781,CH,Changeup,single,hit_into_play,R,L,KC,MIN,77.20,90.10,14,71.54,111.75,line_drive,0,1,2023,2023-07
2023-07-30,2023,R,642232,456781,FF,4-Seam Fastball,,called_strike,R,L,KC,MIN,84.70,,,,,,0,0,2023,2023-07
2023-07-30,2023,R,642232,543877,ST,Sweeper,field_out,hit_into_play,R,L,KC,MIN,70.10,87.60,23,117.52,74.66,line_drive,1,2,2023,2023-07
2023-07-30,2023,R,642232,543877,CH,Changeup,,called_strike,R,L,KC,MIN,75.60,,,,,,1,1,2023,2023-07
2023-07-30,2023,R,642232,543877,CH,Changeup,,blocked_ball,R,L,KC,MIN,77.20,,,,,,0,1,2023,2023-07
2023-07-30,2023,R,642232,543877,ST,Sweeper,,called_strike,R,L,KC,MIN,69.60,,,,,,0,0,2023,2023-07
2023-07-30,2023,R,642232,543877,FC,Cutter,field_out,hit_into_play,R,L,KC,MIN,86.20,77.70,24,110.98,91.93,line_drive,1,2,2023,2023-07
2023-07-30,2023,R,642232,543877,ST,Sweeper,,foul,R,L,KC,MIN,71.50,82.10,23,,,,1,2,2023,2023-07
2023-07-30,2023,R,642232,543877,FF,4-Seam Fastball,,ball,R,L,KC,MIN,88.30,,,,,,0,2,2023,2023-07
2023-07-30,2023,R,642232,543877,CH,Changeup,,foul,R,L,KC,MIN,78.50,84.30,9,,,,0,1,2023,2023-07
2023-07-30,2023,R,642232,543877,CH,Changeup,,swinging_strike,R,L,KC,MIN,79.50,,,,,,0,0,2023,2023-07
2023-07-30,2023,R,642232,543877,FC,Cutter,grounded_into_double_play,hit_into_play,R,L,KC,MIN,83.70,79.70,-1,153.87,153.89,ground_ball,2,1,2023,2023-07
2023-07-30,2023,R,642232,543877,CH,Changeup,,called_strike,R,L,KC,MIN,77.20,,,,,,2,0,2023,2023-07
2023-07-30,2023,R,642232,543877,CH,Changeup,,ball,R,L,KC,MIN,76.70,,,,,,1,0,2023,2023-07
2023-07-30,2023,R,642232,543877,FC,Cutter,,ball,R,L,KC,MIN,83.70,,,,,,0,0,2023,2023-07
2023-07-30,2023,R,642232,571657,CH,Changeup,field_out,hit_into_play,R,L,KC,MIN,76.40,61.20,-18,107.38,151.59,ground_ball,0,1,2023,2023-07
2023-07-30,2023,R,642232,571657,ST,Sweeper,,called_strike,R,L,KC,MIN,70.30,,,,,,0,0,2023,2023-07
2023-07-30,2023,R,642232,571657,FC,Cutter,single,hit_into_play,R,L,KC,MIN,83.80,101.60,10,101.75,100.83,line_drive,1,1,2023,2023-07
2023-07-30,2023,R,642232,571657,FC,Cutter,,foul,R,L,KC,MIN,82.90,67.90,48,,,,1,0,2023,2023-07
2023-07-30,2023,R,642232,571657,FF,4-Seam Fastball,,ball,R,L,KC,MIN,85.40,,,,,,0,0,2023,2023-07
2023-07-30,2023,R,642232,571657,ST,Sweeper,strikeout,swinging_strike_blocked,R,L,KC,MIN,70.90,,,,,,2,2,2023,2023-07
2023-07-30,2023,R,642232,571657,FC,Cutter,,foul,R,L,KC,MIN,84.30,73.00,45,,,,2,1,2023,2023-07
2023-07-30,2023,R,642232,571657,FC,Cutter,,called_strike,R,L,KC,MIN,83.70,,,,,,2,0,2023,2023-07
2023-07-30,2023,R,642232,571657,FC,Cutter,,ball,R,L,KC,MIN,83.80,,,,,,1,0,2023,2023-07
2023-07-30,2023,R,642232,571657,FF,4-Seam Fastball,,ball,R,L,KC,MIN,84.80,,,,,,0,0,2023,2023-07
2023-07-30,2023,R,642232,572191,CH,Changeup,force_out,hit_into_play,R,L,KC,MIN,77.50,63.00,-45,147.66,174.43,ground_ball,0,0,2023,2023-07
2023-07-30,2023,R,642232,572191,FC,Cutter,field_out,hit_into_play,R,L,KC,MIN,82.70,78.10,51,183.49,131.10,fly_ball,2,1,2023,2023-07
2023-07-30,2023,R,642232,572191,FC,Cutter,,ball,R,L,KC,MIN,82.90,,,,,,1,1,2023,2023-07
2023-07-30,2023,R,642232,572191,CH,Changeup,,ball,R,L,KC,MIN,76.80,,,,,,0,1,2023,2023-07
2023-07-30,2023,R,642232,572191,FC,Cutter,,called_strike,R,L,KC,MIN,82.10,,,,,,0,0,2023,2023-07
2023-07-30,2023,R,642232,572191,CH,Changeup,strikeout,swinging_strike,R,L,KC,MIN,79.20,,,,,,0,2,2023,2023-07
2023-07-30,2023,R,642232,572191,CH,Changeup,,called_strike,R,L,KC,MIN,77.60,,,,,,0,1,2023,2023-07
2023-07-30,2023,R,642232,572191,FC,Cutter,,swinging_strike,R,L,KC,MIN,82.50,,,,,,0,0,2023,2023-07
2023-07-30,2023,R,642232,593871,ST,Sweeper,field_out,hit_into_play,R,L,KC,MIN,70.30,75.60,5,109.06,149.96,ground_ball,2,1,2023,2023-07
2023-07-30,2023,R,642232,593871,ST,Sweeper,,ball,R,L,KC,MIN,69.90,,,,,,1,1,2023,2023-07
2023-07-30,2023,R,642232,593871,CH,Changeup,,ball,R,L,KC,MIN,77.80,,,,,,0,1,2023,2023-07
2023-07-30,2023,R,642232,593871,ST,Sweeper,,swinging_strike,R,L,KC,MIN,70.90,,,,,,0,0,2023,2023-07
2023-07-30,2023,R,642232,593871,FF,4-Seam Fastball,field_out,hit_into_play,R,L,KC,MIN,85.60,91.90,28,202.36,105.83,fly_ball,0,0,2023,2023-07
2023-07-30,2023,R,642232,593871,FF,4-Seam Fastball,field_out,hit_into_play,R,L,KC,MIN,84.50,81.40,69,171.58,171.74,fly_ball,0,0,2023,2023-07
2023-07-30,2023,R,642232,621043,CH,Changeup,field_out,hit_into_play,R,L,KC,MIN,77.50,77.40,-8,106.60,162.98,ground_ball,0,1,2023,2023-07
2023-07-30,2023,R,642232,621043,CH,Changeup,,swinging_strike,R,L,KC,MIN,77.70,,,,,,0,0,2023,2023-07
2023-07-30,2023,R,642232,621043,FF,4-Seam Fastball,single,hit_into_play,R,L,KC,MIN,87.00,106.40,11,76.76,99.92,line_drive,0,0,2023,2023-07
2023-07-30,2023,R,642232,621043,FF,4-Seam Fastball,field_out,hit_into_play,R,L,KC,MIN,84.80,87.80,47,199.41,119.63,fly_ball,1,0,2023,2023-07
2023-07-30,2023,R,642232,621043,FF,4-Seam Fastball,,ball,R,L,KC,MIN,84.40,,,,,,0,0,2023,2023-07
2023-07-30,2023,R,642232,621439,FF,4-Seam Fastball,double,hit_into_play,R,L,KC,MIN,85.50,108.80,12,51.48,128.93,line_drive,0,0,2023,2023-07
2023-07-30,2023,R,642232,621439,ST,Sweeper,strikeout,swinging_strike,R,L,KC,MIN,72.80,,,,,,2,2,2023,2023-07
2023-07-30,2023,R,642232,621439,FF,4-Seam Fastball,,foul,R,L,KC,MIN,87.70,64.10,27,,,,2,1,2023,2023-07
2023-07-30,2023,R,642232,621439,CH,Changeup,,foul,R,L,KC,MIN,78.30,84.70,12,,,,2,0,2023,2023-07
2023-07-30,2023,R,642232,621439,FC,Cutter,,ball,R,L,KC,MIN,84.00,,,,,,1,0,2023,2023-07
2023-07-30,2023,R,642232,621439,CH,Changeup,,ball,R,L,KC,MIN,77.80,,,,,,0,0,2023,2023-07
2023-07-30,2023,R,642232,621439,FC,Cutter,field_out,hit_into_play,R,L,KC,MIN,83.00,95.00,52,189.37,109.95,fly_ball,0,0,2023,2023-07
2023-07-30,2023,R,642232,650489,CH,Changeup,single,hit_into_play,R,L,KC,MIN,76.70,71.80,21,165.23,112.45,line_drive,0,1,2023,2023-07
2023-07-30,2023,R,642232,650489,CH,Changeup,,swinging_strike,R,L,KC,MIN,75.50,,,,,,0,0,2023,2023-07
2023-07-30,2023,R,642232,650489,FF,4-Seam Fastball,field_out,hit_into_play,R,L,KC,MIN,87.20,93.10,18,194.34,99.94,line_drive,3,2,2023,2023-07
2023-07-30,2023,R,642232,650489,FC,Cutter,,ball,R,L,KC,MIN,84.20,,,,,,2,2,2023,2023-07
2023-07-30,2023,R,642232,650489,FF,4-Seam Fastball,,ball,R,L,KC,MIN,88.00,,,,,,1,2,2023,2023-07
2023-07-30,2023,R,642232,650489,CH,Changeup,,ball,R,L,KC,MIN,78.50,,,,,,0,2,2023,2023-07
2023-07-30,2023,R,642232,650489,CH,Changeup,,foul,R,L,KC,MIN,76.20,51.80,72,,,,0,1,2023,2023-07
2023-07-30,2023,R,642232,650489,FC,Cutter,,called_strike,R,L,KC,MIN,84.50,,,,,,0,0,2023,2023-07
2023-07-30,2023,R,642232,650489,ST,Sweeper,single,hit_into_play,R,L,KC,MIN,69.00,86.10,6,85.25,136.36,ground_ball,0,1,2023,2023-07
2023-07-30,2023,R,642232,650489,FF,4-Seam Fastball,,called_strike,R,L,KC,MIN,85.80,,,,,,0,0,2023,2023-07
2023-07-30,2023,R,642232,670242,FF,4-Seam Fastball,strikeout,foul_tip,L,L,KC,MIN,87.20,,,,,,1,2,2023,2023-07
2023-07-30,2023,R,642232,670242,FF,4-Seam Fastball,,ball,L,L,KC,MIN,87.90,,,,,,0,2,2023,2023-07
2023-07-30,2023,R,642232,670242,CH,Changeup,,foul,L,L,KC,MIN,78.50,96.40,-6,,,,0,2,2023,2023-07
2023-07-30,2023,R,642232,670242,CH,Changeup,,foul_tip,L,L,KC,MIN,78.30,,,,,,0,1,2023,2023-07
2023-07-30,2023,R,642232,670242,FF,4-Seam Fastball,,called_strike,L,L,KC,MIN,87.20,,,,,,0,0,2023,2023-07
2023-07-30,2023,R,642232,670242,FF,4-Seam Fastball,field_out,hit_into_play,L,L,KC,MIN,85.80,94.20,10,110.80,128.00,line_drive,1,0,2023,2023-07
2023-07-30,2023,R,642232,670242,FF,4-Seam Fastball,,ball,L,L,KC,MIN,85.80,,,,,,0,0,2023,2023-07
2023-07-30,2023,R,642232,670242,ST,Sweeper,home_run,hit_into_play,L,L,KC,MIN,71.90,113.70,30,244.92,61.68,fly_ball,1,1,2023,2023-07
2023-07-30,2023,R,642232,670242,FF,4-Seam Fastball,,called_strike,L,L,KC,MIN,86.00,,,,,,1,0,2023,2023-07
2023-07-30,2023,R,642232,670242,FF,4-Seam Fastball,,ball,L,L,KC,MIN,86.40,,,,,,0,0,2023,2023-07
2023-07-30,2023,R,642397,457705,FF,4-Seam Fastball,strikeout,swinging_strike,R,L,PIT,PHI,99.00,,,,,,0,2,2023,2023-07
2023-07-30,2023,R,642397,457705,SI,Sinker,,swinging_strike,R,L,PIT,PHI,99.20,,,,,,0,1,2023,2023-07
2023-07-30,2023,R,642397,457705,SL,Slider,,called_strike,R,L,PIT,PHI,87.30,,,,,,0,0,2023,2023-07
2023-07-30,2023,R,642397,656582,SL,Slider,field_error,hit_into_play,R,L,PIT,PHI,87.80,87.60,73,111.62,168.43,popup,0,0,2023,2023-07
2023-07-30,2023,R,642397,668804,SI,Sinker,single,hit_into_play,R,L,PIT,PHI,96.60,97.20,14,110.97,76.29,line_drive,1,0,2023,2023-07
2023-07-30,2023,R,642397,668804,SL,Slider,,ball,R,L,PIT,PHI,88.60,,,,,,0,0,2023,2023-07
2023-07-30,2023,R,642397,680779,SL,Slider,field_out,hit_into_play,R,L,PIT,PHI,89.50,105.90,15,76.00,81.93,line_drive,1,0,2023,2023-07
2023-07-30,2023,R,642397,680779,SI,Sinker,,ball,R,L,PIT,PHI,98.90,,,,,,0,0,2023,2023-07
2023-07-30,2023,R,642397,682848,SL,Slider,strikeout,swinging_strike,R,L,PIT,PHI,89.90,,,,,,0,2,2023,2023-07
2023-07-30,2023,R,642397,682848,SL,Slider,,swinging_strike,R,L,PIT,PHI,88.00,,,,,,0,1,2023,2023-07
2023-07-30,2023,R,642397,682848,SI,Sinker,,called_strike,R,L,PIT,PHI,97.50,,,,,,0,0,2023,2023-07
2023-07-30,2023,R,643377,521692,SI,Sinker,hit_by_pitch,hit_by_pitch,R,R,KC,MIN,95.70,,,,,,0,0,2023,2023-07
2023-07-30,2023,R,643377,669004,ST,Sweeper,single,hit_into_play,L,R,KC,MIN,88.20,102.10,4,189.02,115.11,ground_ball,0,0,2023,2023-07
2023-07-30,2023,R,643377,672580,SI,Sinker,field_out,hit_into_play,R,R,KC,MIN,95.60,92.30,-5,147.81,149.05,ground_ball,3,1,2023,2023-07
2023-07-30,2023,R,643377,672580,SI,Sinker,,ball,R,R,KC,MIN,95.80,,,,,,2,1,2023,2023-07
2023-07-30,2023,R,643377,672580,SI,Sinker,,called_strike,R,R,KC,MIN,95.30,,,,,,2,0,2023,2023-07
2023-07-30,2023,R,643377,672580,FF,4-Seam Fastball,,ball,R,R,KC,MIN,96.30,,,,,,1,0,2023,2023-07
2023-07-30,2023,R,643377,672580,SI,Sinker,,ball,R,R,KC,MIN,95.90,,,,,,0,0,2023,2023-07
2023-07-30,2023,R,643377,677951,SI,Sinker,single,hit_into_play,R,R,KC,MIN,96.40,105.40,11,187.41,87.53,line_drive,3,2,2023,2023-07
2023-07-30,2023,R,643377,677951,SI,Sinker,,ball,R,R,KC,MIN,96.30,,,,,,2,2,2023,2023-07
2023-07-30,2023,R,643377,677951,ST,Sweeper,,ball,R,R,KC,MIN,87.40,,,,,,1,2,2023,2023-07
2023-07-30,2023,R,643377,677951,FF,4-Seam Fastball,,foul,R,R,KC,MIN,96.70,,,,,,1,2,2023,2023-07
2023-07-30,2023,R,643377,677951,FF,4-Seam Fastball,,foul,R,R,KC,MIN,96.90,79.70,17,,,,1,2,2023,2023-07
2023-07-30,2023,R,643377,677951,ST,Sweeper,,foul,R,R,KC,MIN,85.40,67.50,41,,,,1,1,2023,2023-07
2023-07-30,2023,R,643377,677951,ST,Sweeper,,ball,R,R,KC,MIN,88.50,,,,,,0,1,2023,2023-07
2023-07-30,2023,R,643377,677951,SI,Sinker,,foul,R,R,KC,MIN,96.40,75.70,50,,,,0,0,2023,2023-07
2023-07-30,2023,R,643377,686681,ST,Sweeper,grounded_into_double_play,hit_into_play,L,R,KC,MIN,86.20,90.30,-13,150.84,166.01,ground_ball,3,2,2023,2023-07
2023-07-30,2023,R,643377,686681,FF,4-Seam Fastball,,ball,L,R,KC,MIN,97.50,,,,,,2,2,2023,2023-07
2023-07-30,2023,R,643377,686681,ST,Sweeper,,ball,L,R,KC,MIN,84.10,,,,,,1,2,2023,2023-07
2023-07-30,2023,R,643377,686681,ST,Sweeper,,foul,L,R,KC,MIN,85.40,102.10,15,,,,1,2,2023,2023-07
2023-07-30,2023,R,643377,686681,ST,Sweeper,,ball,L,R,KC,MIN,86.20,,,,,,0,2,2023,2023-07
2023-07-30,2023,R,643377,686681,ST,Sweeper,,called_strike,L,R,KC,MIN,85.80,,,,,,0,1,2023,2023-07
2023-07-30,2023,R,643377,686681,ST,Sweeper,,called_strike,L,R,KC,MIN,86.30,,,,,,0,0,2023,2023-07
2023-07-30,2023,R,643493,642851,FF,4-Seam Fastball,field_out,hit_into_play,R,R,COL,ATH,92.30,75.10,46,190.99,123.97,fly_ball,2,0,2023,2023-07
2023-07-30,2023,R,643493,642851,SL,Slider,,ball,R,R,COL,ATH,88.10,,,,,,1,0,2023,2023-07
2023-07-30,2023,R,643493,642851,CU,Curveball,,ball,R,R,COL,ATH,79.40,,,,,,0,0,2023,2023-07
2023-07-30,2023,R,643493,678662,SL,Slider,field_out,hit_into_play,R,R,COL,ATH,88.80,92.60,18,182.27,87.31,line_drive,1,2,2023,2023-07
2023-07-30,2023,R,643493,678662,SL,Slider,,called_strike,R,R,COL,ATH,87.10,,,,,,1,1,2023,2023-07
2023-07-30,2023,R,643493,678662,SL,Slider,,ball,R,R,COL,ATH,88.80,,,,,,0,1,2023,2023-07
2023-07-30,2023,R,643493,678662,SI,Sinker,,foul,R,R,COL,ATH,92.60,83.40,-22,,,,0,0,2023,2023-07
2023-07-30,2023,R,643493,686668,SI,Sinker,field_out,hit_into_play,R,R,COL,ATH,91.90,85.50,58,143.97,121.60,fly_ball,2,1,2023,2023-07
2023-07-30,2023,R,643493,686668,SI,Sinker,,ball,R,R,COL,ATH,92.30,,,,,,1,1,2023,2023-07
2023-07-30,2023,R,643493,686668,SL,Slider,,swinging_strike,R,R,COL,ATH,87.70,,,,,,1,0,2023,2023-07
2023-07-30,2023,R,643493,686668,SL,Slider,,ball,R,R,COL,ATH,87.70,,,,,,0,0,2023,2023-07
2023-07-30,2023,R,643511,457759,SL,Slider,home_run,hit_into_play,R,R,SF,BOS,73.10,104.70,21,39.42,70.49,line_drive,0,0,2023,2023-07
2023-07-30,2023,R,643511,594807,SL,Slider,walk,ball,R,R,SF,BOS,73.60,,,,,,3,2,2023,2023-07
2023-07-30,2023,R,643511,594807,SI,Sinker,,ball,R,R,SF,BOS,83.00,,,,,,2,2,2023,2023-07
2023-07-30,2023,R,643511,594807,SI,Sinker,,foul,R,R,SF,BOS,82.70,73.20,42,,,,2,1,2023,2023-07
2023-07-30,2023,R,643511,594807,SI,Sinker,,ball,R,R,SF,BOS,82.70,,,,,,1,1,2023,2023-07
2023-07-30,2023,R,643511,594807,SL,Slider,,called_strike,R,R,SF,BOS,74.30,,,,,,1,0,2023,2023-07
2023-07-30,2023,R,643511,594807,SI,Sinker,,ball,R,R,SF,BOS,83.40,,,,,,0,0,2023,2023-07
2023-07-30,2023,R,643511,608701,SI,Sinker,field_out,hit_into_play,R,R,SF,BOS,83.00,83.20,-20,148.22,157.00,ground_ball,2,2,2023,2023-07
2023-07-30,2023,R,643511,608701,SI,Sinker,,ball,R,R,SF,BOS,82.80,,,,,,1,2,2023,2023-07
2023-07-30,2023,R,643511,608701,SL,Slider,,ball,R,R,SF,BOS,73.40,,,,,,0,2,2023,2023-07
2023-07-30,2023,R,643511,608701,SL,Slider,,foul,R,R,SF,BOS,74.00,62.10,-58,,,,0,1,2023,2023-07
2023-07-30,2023,R,643511,608701,SL,Slider,,called_strike,R,R,SF,BOS,73.70,,,,,,0,0,2023,2023-07
2023-07-30,2023,R,643511,646240,SI,Sinker,field_out,hit_into_play,L,R,SF,BOS,82.80,79.70,29,92.61,93.54,fly_ball,1,0,2023,2023-07
2023-07-30,2023,R,643511,646240,SI,Sinker,,ball,L,R,SF,BOS,84.20,,,,,,0,0,2023,2023-07
2023-07-30,2023,R,643511,680776,SL,Slider,double,hit_into_play,L,R,SF,BOS,72.80,72.30,33,126.02,97.77,fly_ball,1,1,2023,2023-07
2023-07-30,2023,R,643511,680776,SL,Slider,,ball,L,R,SF,BOS,71.60,,,,,,0,1,2023,2023-07
2023-07-30,2023,R,643511,680776,FF,4-Seam Fastball,,called_strike,L,R,SF,BOS,82.80,,,,,,0,0,2023,2023-07
2023-07-30,2023,R,643511,807799,SL,Slider,strikeout,swinging_strike,L,R,SF,BOS,73.20,,,,,,3,2,2023,2023-07
2023-07-30,2023,R,643511,807799,SL,Slider,,ball,L,R,SF,BOS,72.50,,,,,,2,2,2023,2023-07
2023-07-30,2023,R,643511,807799,SI,Sinker,,foul,L,R,SF,BOS,83.00,99.70,-17,,,,2,2,2023,2023-07
2023-07-30,2023,R,643511,807799,SI,Sinker,,ball,L,R,SF,BOS,83.30,,,,,,1,2,2023,2023-07
2023-07-30,2023,R,643511,807799,SL,Slider,,foul,L,R,SF,BOS,73.50,59.60,61,,,,1,2,2023,2023-07
2023-07-30,2023,R,643511,807799,SI,Sinker,,ball,L,R,SF,BOS,84.10,,,,,,0,2,2023,2023-07
2023-07-30,2023,R,643511,807799,SI,Sinker,,swinging_strike,L,R,SF,BOS,83.60,,,,,,0,1,2023,2023-07
2023-07-30,2023,R,643511,807799,SL,Slider,,foul,L,R,SF,BOS,72.60,90.60,19,,,,0,0,2023,2023-07
2023-07-30,2023,R,650644,462101,CU,Curveball,strikeout,swinging_strike,R,R,CWS,CLE,76.70,,,,,,2,2,2023,2023-07
2023-07-30,2023,R,650644,462101,SI,Sinker,,ball,R,R,CWS,CLE,93.00,,,,,,1,2,2023,2023-07
2023-07-30,2023,R,650644,462101,SI,Sinker,,foul,R,R,CWS,CLE,92.20,51.90,-35,,,,1,2,2023,2023-07
2023-07-30,2023,R,650644,462101,CU,Curveball,,ball,R,R,CWS,CLE,75.50,,,,,,0,2,2023,2023-07
2023-07-30,2023,R,650644,462101,FC,Cutter,,called_strike,R,R,CWS,CLE,85.90,,,,,,0,1,2023,2023-07
2023-07-30,2023,R,650644,462101,CU,Curveball,,called_strike,R,R,CWS,CLE,76.20,,,,,,0,0,2023,2023-07
2023-07-30,2023,R,650644,462101,FC,Cutter,field_out,hit_into_play,R,R,CWS,CLE,88.10,94.00,31,182.23,73.25,fly_ball,1,1,2023,2023-07
2023-07-30,2023,R,650644,462101,CU,Curveball,,ball,R,R,CWS,CLE,77.70,,,,,,0,1,2023,2023-07
2023-07-30,2023,R,650644,462101,SI,Sinker,,foul,R,R,CWS,CLE,91.30,89.70,17,,,,0,0,2023,2023-07
2023-07-30,2023,R,650644,641313,SI,Sinker,field_out,hit_into_play,R,R,CWS,CLE,90.80,79.90,14,146.30,136.23,line_drive,0,0,2023,2023-07
2023-07-30,2023,R,650644,641313,SI,Sinker,single,hit_into_play,R,R,CWS,CLE,93.60,87.30,-63,119.62,164.62,ground_ball,0,2,2023,2023-07
2023-07-30,2023,R,650644,641313,CU,Curveball,,called_strike,R,R,CWS,CLE,77.80,,,,,,0,1,2023,2023-07
2023-07-30,2023,R,650644,641313,SI,Sinker,,called_strike,R,R,CWS,CLE,92.60,,,,,,0,0,2023,2023-07
2023-07-30,2023,R,650644,641313,CU,Curveball,strikeout,swinging_strike_blocked,R,R,CWS,CLE,77.20,,,,,,1,2,2023,2023-07
2023-07-30,2023,R,650644,641313,CU,Curveball,,foul,R,R,CWS,CLE,79.30,52.00,-65,,,,1,2,2023,2023-07
2023-07-30,2023,R,650644,641313,FC,Cutter,,foul,R,R,CWS,CLE,88.00,75.20,30,,,,1,1,2023,2023-07
2023-07-30,2023,R,650644,641313,SI,Sinker,,called_strike,R,R,CWS,CLE,91.40,,,,,,1,0,2023,2023-07
2023-07-30,2023,R,650644,641313,FC,Cutter,,ball,R,R,CWS,CLE,87.60,,,,,,0,0,2023,2023-07
2023-07-30,2023,R,650644,643217,FS,Split-Finger,grounded_into_double_play,hit_into_play,L,R,CWS,CLE,84.90,79.60,-20,144.63,153.94,ground_ball,0,1,2023,2023-07
2023-07-30,2023,R,650644,643217,FC,Cutter,,foul,L,R,CWS,CLE,87.00,67.90,16,,,,0,0,2023,2023-07
2023-07-30,2023,R,650644,643217,CU,Curveball,field_out,hit_into_play,L,R,CWS,CLE,79.20,90.60,8,105.55,149.78,line_drive,3,2,2023,2023-07
2023-07-30,2023,R,650644,643217,FC,Cutter,,called_strike,L,R,CWS,CLE,88.60,,,,,,3,1,2023,2023-07
2023-07-30,2023,R,650644,643217,FS,Split-Finger,,ball,L,R,CWS,CLE,83.40,,,,,,2,1,2023,2023-07
2023-07-30,2023,R,650644,643217,FF,4-Seam Fastball,,ball,L,R,CWS,CLE,91.30,,,,,,1,1,2023,2023-07
2023-07-30,2023,R,650644,643217,CU,Curveball,,swinging_strike,L,R,CWS,CLE,79.90,,,,,,1,0,2023,2023-07
2023-07-30,2023,R,650644,643217,FC,Cutter,,ball,L,R,CWS,CLE,87.20,,,,,,0,0,2023,2023-07
2023-07-30,2023,R,650644,660162,FS,Split-Finger,single,hit_into_play,L,R,CWS,CLE,83.90,75.10,6,134.94,146.83,ground_ball,2,1,2023,2023-07
2023-07-30,2023,R,650644,660162,CU,Curveball,,ball,L,R,CWS,CLE,76.20,,,,,,1,1,2023,2023-07
2023-07-30,2023,R,650644,660162,CU,Curveball,,blocked_ball,L,R,CWS,CLE,78.40,,,,,,0,1,2023,2023-07
2023-07-30,2023,R,650644,660162,FF,4-Seam Fastball,,called_strike,L,R,CWS,CLE,89.30,,,,,,0,0,2023,2023-07
2023-07-30,2023,R,650644,660162,FC,Cutter,field_out,hit_into_play,L,R,CWS,CLE,86.90,100.20,31,163.32,49.72,fly_ball,3,1,2023,2023-07
2023-07-30,2023,R,650644,660162,SI,Sinker,,ball,L,R,CWS,CLE,92.20,,,,,,2,1,2023,2023-07
2023-07-30,2023,R,650644,660162,FC,Cutter,,called_strike,L,R,CWS,CLE,87.20,,,,,,2,0,2023,2023-07
2023-07-30,2023,R,650644,660162,FS,Split-Finger,,ball,L,R,CWS,CLE,84.30,,,,,,1,0,2023,2023-07
2023-07-30,2023,R,650644,660162,CU,Curveball,,blocked_ball,L,R,CWS,CLE,78.20,,,,,,0,0,2023,2023-07
2023-07-30,2023,R,650644,660162,FC,Cutter,field_out,hit_into_play,L,R,CWS,CLE,88.20,100.70,18,69.91,80.84,line_drive,1,1,2023,2023-07
2023-07-30,2023,R,650644,660162,FS,Split-Finger,,ball,L,R,CWS,CLE,85.40,,,,,,0,1,2023,2023-07
2023-07-30,2023,R,650644,660162,FC,Cutter,,called_strike,L,R,CWS,CLE,87.50,,,,,,0,0,2023,2023-07
2023-07-30,2023,R,650644,664874,SI,Sinker,walk,ball,R,R,CWS,CLE,91.90,,,,,,3,1,2023,2023-07
2023-07-30,2023,R,650644,664874,FF,4-Seam Fastball,,called_strike,R,R,CWS,CLE,90.10,,,,,,3,0,2023,2023-07
2023-07-30,2023,R,650644,664874,SI,Sinker,,ball,R,R,CWS,CLE,89.40,,,,,,2,0,2023,2023-07
2023-07-30,2023,R,650644,664874,FC,Cutter,,ball,R,R,CWS,CLE,86.40,,,,,,1,0,2023,2023-07
2023-07-30,2023,R,650644,664874,FC,Cutter,,ball,R,R,CWS,CLE,86.50,,,,,,0,0,2023,2023-07
2023-07-30,2023,R,650644,664874,SI,Sinker,field_out,hit_into_play,R,R,CWS,CLE,92.60,80.80,36,108.26,84.69,fly_ball,2,1,2023,2023-07
2023-07-30,2023,R,650644,664874,SI,Sinker,,called_strike,R,R,CWS,CLE,92.10,,,,,,2,0,2023,2023-07
2023-07-30,2023,R,650644,664874,CU,Curveball,,ball,R,R,CWS,CLE,78.90,,,,,,1,0,2023,2023-07
2023-07-30,2023,R,650644,664874,FC,Cutter,,ball,R,R,CWS,CLE,87.30,,,,,,0,0,2023,2023-07
2023-07-30,2023,R,650644,669394,CU,Curveball,strikeout,called_strike,R,R,CWS,CLE,79.20,,,,,,0,2,2023,2023-07
2023-07-30,2023,R,650644,669394,SI,Sinker,,foul,R,R,CWS,CLE,90.50,63.90,-19,,,,0,1,2023,2023-07
2023-07-30,2023,R,650644,669394,FC,Cutter,,swinging_strike,R,R,CWS,CLE,86.60,,,,,,0,0,2023,2023-07
2023-07-30,2023,R,650644,669394,SI,Sinker,walk,ball,R,R,CWS,CLE,93.10,,,,,,3,2,2023,2023-07
2023-07-30,2023,R,650644,669394,CU,Curveball,,ball,R,R,CWS,CLE,79.50,,,,,,2,2,2023,2023-07
2023-07-30,2023,R,650644,669394,CU,Curveball,,ball,R,R,CWS,CLE,79.20,,,,,,1,2,2023,2023-07
2023-07-30,2023,R,650644,669394,SI,Sinker,,foul,R,R,CWS,CLE,92.70,78.60,-15,,,,1,1,2023,2023-07
2023-07-30,2023,R,650644,669394,SI,Sinker,,called_strike,R,R,CWS,CLE,92.10,,,,,,1,0,2023,2023-07
2023-07-30,2023,R,650644,669394,FC,Cutter,,ball,R,R,CWS,CLE,87.30,,,,,,0,0,2023,2023-07
2023-07-30,2023,R,650644,673357,FC,Cutter,field_out,hit_into_play,R,R,CWS,CLE,86.70,74.40,34,150.71,106.32,fly_ball,0,0,2023,2023-07
2023-07-30,2023,R,650644,673357,SI,Sinker,field_out,hit_into_play,R,R,CWS,CLE,91.00,42.80,20,131.17,157.63,ground_ball,1,1,2023,2023-07
2023-07-30,2023,R,650644,673357,SI,Sinker,,ball,R,R,CWS,CLE,91.40,,,,,,0,1,2023,2023-07
2023-07-30,2023,R,650644,673357,FC,Cutter,,foul,R,R,CWS,CLE,87.40,,,,,,0,0,2023,2023-07
2023-07-30,2023,R,650644,673357,SI,Sinker,field_out,hit_into_play,R,R,CWS,CLE,92.80,74.80,6,103.29,152.42,ground_ball,1,0,2023,2023-07
2023-07-30,2023,R,650644,673357,CU,Curveball,,ball,R,R,CWS,CLE,77.60,,,,,,0,0,2023,2023-07
2023-07-30,2023,R,650644,683734,FC,Cutter,field_out,hit_into_play,R,R,CWS,CLE,87.20,95.80,25,162.96,61.16,fly_ball,1,1,2023,2023-07
2023-07-30,2023,R,650644,683734,FC,Cutter,,swinging_strike,R,R,CWS,CLE,87.20,,,,,,1,0,2023,2023-07
2023-07-30,2023,R,650644,683734,FC,Cutter,,ball,R,R,CWS,CLE,87.50,,,,,,0,0,2023,2023-07
2023-07-30,2023,R,650644,683734,CU,Curveball,single,hit_into_play,R,R,CWS,CLE,80.00,102.40,14,97.40,73.28,line_drive,2,1,2023,2023-07
2023-07-30,2023,R,650644,683734,SI,Sinker,,ball,R,R,CWS,CLE,91.30,,,,,,1,1,2023,2023-07
2023-07-30,2023,R,650644,683734,FC,Cutter,,ball,R,R,CWS,CLE,86.50,,,,,,0,1,2023,2023-07
2023-07-30,2023,R,650644,683734,CU,Curveball,,called_strike,R,R,CWS,CLE,80.00,,,,,,0,0,2023,2023-07
2023-07-30,2023,R,650644,683734,CU,Curveball,strikeout,swinging_strike,R,R,CWS,CLE,77.80,,,,,,1,2,2023,2023-07
2023-07-30,2023,R,650644,683734,CU,Curveball,,called_strike,R,R,CWS,CLE,77.60,,,,,,1,1,2023,2023-07
2023-07-30,2023,R,650644,683734,FC,Cutter,,ball,R,R,CWS,CLE,83.60,,,,,,0,1,2023,2023-07
2023-07-30,2023,R,650644,683734,FC,Cutter,,called_strike,R,R,CWS,CLE,87.40,,,,,,0,0,2023,2023-07
2023-07-30,2023,R,650644,693049,FC,Cutter,field_out,hit_into_play,L,R,CWS,CLE,87.40,91.00,8,99.08,147.02,line_drive,1,2,2023,2023-07
2023-07-30,2023,R,650644,693049,FC,Cutter,,foul,L,R,CWS,CLE,88.60,43.50,17,,,,1,2,2023,2023-07
2023-07-30,2023,R,650644,693049,CU,Curveball,,ball,L,R,CWS,CLE,77.70,,,,,,0,2,2023,2023-07
2023-07-30,2023,R,650644,693049,CU,Curveball,,foul,L,R,CWS,CLE,78.20,,,,,,0,2,2023,2023-07
2023-07-30,2023,R,650644,693049,CU,Curveball,,called_strike,L,R,CWS,CLE,77.40,,,,,,0,1,2023,2023-07
2023-07-30,2023,R,650644,693049,FC,Cutter,,called_strike,L,R,CWS,CLE,86.50,,,,,,0,0,2023,2023-07
2023-07-30,2023,R,650644,693049,FC,Cutter,field_out,hit_into_play,L,R,CWS,CLE,87.70,99.50,3,156.88,152.93,ground_ball,0,1,2023,2023-07
2023-07-30,2023,R,650644,693049,CU,Curveball,,swinging_strike,L,R,CWS,CLE,78.50,,,,,,0,0,2023,2023-07
2023-07-30,2023,R,650893,519058,FC,Cutter,field_out,hit_into_play,L,L,TOR,LAA,89.40,95.50,40,172.63,75.10,fly_ball,0,1,2023,2023-07
2023-07-30,2023,R,650893,519058,SI,Sinker,,foul,L,L,TOR,LAA,95.50,75.90,52,,,,0,0,2023,2023-07
2023-07-30,2023,R,650893,642136,SI,Sinker,hit_by_pitch,hit_by_pitch,L,L,TOR,LAA,96.20,,,,,,0,0,2023,2023-07
2023-07-30,2023,R,650893,650859,FF,4-Seam Fastball,field_out,hit_into_play,R,L,TOR,LAA,96.30,95.80,0,107.82,149.05,ground_ball,0,1,2023,2023-07
2023-07-30,2023,R,650893,650859,CU,Curveball,,called_strike,R,L,TOR,LAA,80.20,,,,,,0,0,2023,2023-07
2023-07-30,2023,R,650893,660271,FC,Cutter,field_out,hit_into_play,L,L,TOR,LAA,92.10,111.00,-6,141.82,152.46,ground_ball,3,2,2023,2023-07
2023-07-30,2023,R,650893,660271,FC,Cutter,,called_strike,L,L,TOR,LAA,91.20,,,,,,3,1,2023,2023-07
2023-07-30,2023,R,650893,660271,FC,Cutter,,ball,L,L,TOR,LAA,91.90,,,,,,2,1,2023,2023-07
2023-07-30,2023,R,650893,660271,SI,Sinker,,ball,L,L,TOR,LAA,96.50,,,,,,1,1,2023,2023-07
2023-07-30,2023,R,650893,660271,FC,Cutter,,ball,L,L,TOR,LAA,89.70,,,,,,0,1,2023,2023-07
2023-07-30,2023,R,650893,660271,FC,Cutter,,swinging_strike,L,L,TOR,LAA,90.90,,,,,,0,0,2023,2023-07
2023-07-30,2023,R,650893,666160,SI,Sinker,field_out,hit_into_play,L,L,TOR,LAA,96.20,84.10,0,159.14,164.55,ground_ball,0,1,2023,2023-07
2023-07-30,2023,R,650893,666160,SI,Sinker,,foul,L,L,TOR,LAA,96.20,,,,,,0,0,2023,2023-07
2023-07-30,2023,R,650911,457705,SI,Sinker,walk,ball,R,L,PIT,PHI,90.10,,,,,,3,2,2023,2023-07
2023-07-30,2023,R,650911,457705,SL,Slider,,ball,R,L,PIT,PHI,82.40,,,,,,2,2,2023,2023-07
2023-07-30,2023,R,650911,457705,SI,Sinker,,called_strike,R,L,PIT,PHI,90.10,,,,,,2,1,2023,2023-07
2023-07-30,2023,R,650911,457705,SI,Sinker,,ball,R,L,PIT,PHI,91.50,,,,,,1,1,2023,2023-07
2023-07-30,2023,R,650911,457705,SI,Sinker,,called_strike,R,L,PIT,PHI,91.30,,,,,,1,0,2023,2023-07
2023-07-30,2023,R,650911,457705,SL,Slider,,ball,R,L,PIT,PHI,81.70,,,,,,0,0,2023,2023-07
2023-07-30,2023,R,650911,457705,SI,Sinker,walk,ball,R,L,PIT,PHI,89.90,,,,,,3,1,2023,2023-07
2023-07-30,2023,R,650911,457705,SL,Slider,,ball,R,L,PIT,PHI,82.30,,,,,,2,1,2023,2023-07
2023-07-30,2023,R,650911,457705,SL,Slider,,ball,R,L,PIT,PHI,82.00,,,,,,1,1,2023,2023-07
2023-07-30,2023,R,650911,457705,SL,Slider,,ball,R,L,PIT,PHI,83.90,,,,,,0,1,2023,2023-07
2023-07-30,2023,R,650911,457705,SI,Sinker,,foul,R,L,PIT,PHI,92.40,67.80,47,,,,0,0,2023,2023-07
2023-07-30,2023,R,650911,595978,CH,Changeup,grounded_into_double_play,hit_into_play,R,L,PIT,PHI,80.50,82.30,-12,105.53,168.43,ground_ball,1,2,2023,2023-07
2023-07-30,2023,R,650911,595978,SI,Sinker,,foul,R,L,PIT,PHI,92.50,76.30,44,,,,1,2,2023,2023-07
2023-07-30,2023,R,650911,595978,SI,Sinker,,ball,R,L,PIT,PHI,91.90,,,,,,0,2,2023,2023-07
2023-07-30,2023,R,650911,595978,SI,Sinker,,swinging_strike,R,L,PIT,PHI,91.80,,,,,,0,1,2023,2023-07
2023-07-30,2023,R,650911,595978,SI,Sinker,,called_strike,R,L,PIT,PHI,90.80,,,,,,0,0,2023,2023-07
2023-07-30,2023,R,650911,595978,CH,Changeup,hit_by_pitch,hit_by_pitch,R,L,PIT,PHI,81.10,,,,,,1,2,2023,2023-07
2023-07-30,2023,R,650911,595978,SL,Slider,,swinging_strike,R,L,PIT,PHI,83.30,,,,,,1,1,2023,2023-07
2023-07-30,2023,R,650911,595978,SL,Slider,,ball,R,L,PIT,PHI,82.40,,,,,,0,1,2023,2023-07
2023-07-30,2023,R,650911,595978,SI,Sinker,,called_strike,R,L,PIT,PHI,91.40,,,,,,0,0,2023,2023-07
2023-07-30,2023,R,650911,641943,SI,Sinker,force_out,hit_into_play,L,L,PIT,PHI,90.70,90.60,-30,121.77,148.60,ground_ball,1,0,2023,2023-07
2023-07-30,2023,R,650911,641943,SI,Sinker,,ball,L,L,PIT,PHI,91.80,,,,,,0,0,2023,2023-07
2023-07-30,2023,R,650911,641943,SL,Slider,strikeout,called_strike,L,L,PIT,PHI,82.40,,,,,,2,2,2023,2023-07
2023-07-30,2023,R,650911,641943,SL,Slider,,ball,L,L,PIT,PHI,81.60,,,,,,1,2,2023,2023-07
2023-07-30,2023,R,650911,641943,CH,Changeup,,ball,L,L,PIT,PHI,80.00,,,,,,0,2,2023,2023-07
2023-07-30,2023,R,650911,641943,SI,Sinker,,foul,L,L,PIT,PHI,92.10,81.50,-42,,,,0,1,2023,2023-07
2023-07-30,2023,R,650911,641943,SI,Sinker,,foul,L,L,PIT,PHI,90.50,,,,,,0,0,2023,2023-07
2023-07-30,2023,R,650911,656582,SL,Slider,grounded_into_double_play,hit_into_play,R,L,PIT,PHI,82.20,88.10,-25,112.12,157.25,ground_ball,0,0,2023,2023-07
2023-07-30,2023,R,650911,656582,SI,Sinker,field_out,hit_into_play,R,L,PIT,PHI,89.90,95.60,29,138.53,54.95,fly_ball,3,2,2023,2023-07
2023-07-30,2023,R,650911,656582,SI,Sinker,,called_strike,R,L,PIT,PHI,87.90,,,,,,3,1,2023,2023-07
2023-07-30,2023,R,650911,656582,SI,Sinker,,called_strike,R,L,PIT,PHI,88.70,,,,,,3,0,2023,2023-07
2023-07-30,2023,R,650911,656582,SI,Sinker,,ball,R,L,PIT,PHI,88.30,,,,,,2,0,2023,2023-07
2023-07-30,2023,R,650911,656582,SI,Sinker,,ball,R,L,PIT,PHI,88.80,,,,,,1,0,2023,2023-07
2023-07-30,2023,R,650911,656582,SI,Sinker,,ball,R,L,PIT,PHI,89.70,,,,,,0,0,2023,2023-07
2023-07-30,2023,R,650911,668804,SI,Sinker,field_out,hit_into_play,R,L,PIT,PHI,91.30,80.80,-26,145.62,155.72,ground_ball,1,1,2023,2023-07
2023-07-30,2023,R,650911,668804,SI,Sinker,,ball,R,L,PIT,PHI,93.30,,,,,,0,1,2023,2023-07
2023-07-30,2023,R,650911,668804,SI,Sinker,,foul,R,L,PIT,PHI,92.20,,,,,,0,0,2023,2023-07
2023-07-30,2023,R,650911,668804,CH,Changeup,strikeout,swinging_strike,R,L,PIT,PHI,79.90,,,,,,2,2,2023,2023-07
2023-07-30,2023,R,650911,668804,SI,Sinker,,foul,R,L,PIT,PHI,90.90,74.70,-41,,,,2,2,2023,2023-07
2023-07-30,2023,R,650911,668804,CH,Changeup,,foul,R,L,PIT,PHI,80.40,63.40,36,,,,2,2,2023,2023-07
2023-07-30,2023,R,650911,668804,SI,Sinker,,called_strike,R,L,PIT,PHI,90.20,,,,,,2,1,2023,2023-07
2023-07-30,2023,R,650911,668804,CH,Changeup,,ball,R,L,PIT,PHI,79.90,,,,,,1,1,2023,2023-07
2023-07-30,2023,R,650911,668804,SL,Slider,,ball,R,L,PIT,PHI,83.00,,,,,,0,1,2023,2023-07
2023-07-30,2023,R,650911,668804,SL,Slider,,called_strike,R,L,PIT,PHI,82.40,,,,,,0,0,2023,2023-07
2023-07-30,2023,R,650911,669707,SI,Sinker,fielders_choice_out,hit_into_play,R,L,PIT,PHI,90.60,99.30,-4,107.05,159.79,ground_ball,0,1,2023,2023-07
2023-07-30,2023,R,650911,669707,SL,Slider,,called_strike,R,L,PIT,PHI,82.70,,,,,,0,0,2023,2023-07
2023-07-30,2023,R,650911,669707,SI,Sinker,strikeout,called_strike,R,L,PIT,PHI,93.00,,,,,,1,2,2023,2023-07
2023-07-30,2023,R,650911,669707,SL,Slider,,foul,R,L,PIT,PHI,83.80,74.40,-17,,,,1,2,2023,2023-07
2023-07-30,2023,R,650911,669707,CH,Changeup,,ball,R,L,PIT,PHI,81.10,,,,,,0,2,2023,2023-07
2023-07-30,2023,R,650911,669707,CH,Changeup,,called_strike,R,L,PIT,PHI,81.20,,,,,,0,1,2023,2023-07
2023-07-30,2023,R,650911,669707,SI,Sinker,,called_strike,R,L,PIT,PHI,91.80,,,,,,0,0,2023,2023-07
2023-07-30,2023,R,650911,678894,CH,Changeup,field_out,hit_into_play,R,L,PIT,PHI,80.20,94.90,-14,109.08,165.38,ground_ball,0,1,2023,2023-07
2023-07-30,2023,R,650911,678894,SI,Sinker,,called_strike,R,L,PIT,PHI,90.50,,,,,,0,0,2023,2023-07
2023-07-30,2023,R,650911,678894,CH,Changeup,hit_by_pitch,hit_by_pitch,R,L,PIT,PHI,81.80,,,,,,0,2,2023,2023-07
2023-07-30,2023,R,650911,678894,CH,Changeup,,foul,R,L,PIT,PHI,81.10,62.70,-59,,,,0,1,2023,2023-07
2023-07-30,2023,R,650911,678894,SI,Sinker,,called_strike,R,L,PIT,PHI,90.80,,,,,,0,0,2023,2023-07
2023-07-30,2023,R,650911,680779,SI,Sinker,field_out,hit_into_play,R,L,PIT,PHI,88.70,63.80,80,151.19,203.28,popup,3,1,2023,2023-07
2023-07-30,2023,R,650911,680779,SI,Sinker,,called_strike,R,L,PIT,PHI,89.00,,,,,,3,0,2023,2023-07
2023-07-30,2023,R,650911,680779,SI,Sinker,,ball,R,L,PIT,PHI,89.30,,,,,,2,0,2023,2023-07
2023-07-30,2023,R,650911,680779,SI,Sinker,,ball,R,L,PIT,PHI,88.80,,,,,,1,0,2023,2023-07
2023-07-30,2023,R,650911,680779,SI,Sinker,,ball,R,L,PIT,PHI,88.90,,,,,,0,0,2023,2023-07
2023-07-30,2023,R,650911,680779,CH,Changeup,force_out,hit_into_play,R,L,PIT,PHI,80.30,89.00,-8,108.06,157.75,ground_ball,0,2,2023,2023-07
2023-07-30,2023,R,650911,680779,CH,Changeup,,foul,R,L,PIT,PHI,79.30,100.20,4,,,,0,1,2023,2023-07
2023-07-30,2023,R,650911,680779,SI,Sinker,,called_strike,R,L,PIT,PHI,89.00,,,,,,0,0,2023,2023-07
2023-07-30,2023,R,650911,693304,SL,Slider,hit_by_pitch,hit_by_pitch,R,L,PIT,PHI,81.00,,,,,,0,0,2023,2023-07
2023-07-30,2023,R,650911,693304,SI,Sinker,force_out,hit_into_play,R,L,PIT,PHI,91.10,79.70,-8,105.02,167.92,ground_ball,1,2,2023,2023-07
2023-07-30,2023,R,650911,693304,CH,Changeup,,foul,R,L,PIT,PHI,80.20,68.60,-18,,,,1,2,2023,2023-07
2023-07-30,2023,R,650911,693304,SI,Sinker,,foul,R,L,PIT,PHI,91.40,77.30,34,,,,1,2,2023,2023-07
2023-07-30,2023,R,650911,693304,CH,Changeup,,foul,R,L,PIT,PHI,80.20,61.50,-36,,,,1,2,2023,2023-07
2023-07-30,2023,R,650911,693304,SL,Slider,,foul,R,L,PIT,PHI,84.20,81.50,-33,,,,1,2,2023,2023-07
2023-07-30,2023,R,650911,693304,CH,Changeup,,blocked_ball,R,L,PIT,PHI,81.60,,,,,,0,2,2023,2023-07
2023-07-30,2023,R,650911,693304,CH,Changeup,,called_strike,R,L,PIT,PHI,81.10,,,,,,0,1,2023,2023-07
2023-07-30,2023,R,650911,693304,SL,Slider,,called_strike,R,L,PIT,PHI,82.00,,,,,,0,0,2023,2023-07
2023-07-30,2023,R,650960,571970,FF,4-Seam Fastball,strikeout,called_strike,L,R,LAD,CIN,96.70,,,,,,2,2,2023,2023-07
2023-07-30,2023,R,650960,571970,FF,4-Seam Fastball,,swinging_strike,L,R,LAD,CIN,96.10,,,,,,2,1,2023,2023-07
2023-07-30,2023,R,650960,571970,FC,Cutter,,ball,L,R,LAD,CIN,92.40,,,,,,1,1,2023,2023-07
2023-07-30,2023,R,650960,571970,FF,4-Seam Fastball,,ball,L,R,LAD,CIN,96.50,,,,,,0,1,2023,2023-07
2023-07-30,2023,R,650960,571970,ST,Sweeper,,called_strike,L,R,LAD,CIN,84.20,,,,,,0,0,2023,2023-07
2023-07-30,2023,R,650960,605131,SI,Sinker,grounded_into_double_play,hit_into_play,R,R,LAD,CIN,94.60,86.40,-5,116.55,144.96,ground_ball,0,1,2023,2023-07
2023-07-30,2023,R,650960,605131,FF,4-Seam Fastball,,called_strike,R,R,LAD,CIN,95.00,,,,,,0,0,2023,2023-07
2023-07-30,2023,R,650960,642708,FF,4-Seam Fastball,single,hit_into_play,R,R,LAD,CIN,96.80,87.30,7,181.87,115.57,ground_ball,2,2,2023,2023-07
2023-07-30,2023,R,650960,642708,FF,4-Seam Fastball,,foul_tip,R,R,LAD,CIN,96.10,,,,,,2,1,2023,2023-07
2023-07-30,2023,R,650960,642708,SI,Sinker,,ball,R,R,LAD,CIN,94.90,,,,,,1,1,2023,2023-07
2023-07-30,2023,R,650960,642708,FF,4-Seam Fastball,,swinging_strike,R,R,LAD,CIN,95.00,,,,,,1,0,2023,2023-07
2023-07-30,2023,R,650960,642708,FF,4-Seam Fastball,,ball,R,R,LAD,CIN,95.20,,,,,,0,0,2023,2023-07
2023-07-30,2023,R,656061,543510,SL,Slider,strikeout,called_strike,R,R,BAL,NYY,88.50,,,,,,0,2,2023,2023-07
2023-07-30,2023,R,656061,543510,SI,Sinker,,called_strike,R,R,BAL,NYY,97.30,,,,,,0,1,2023,2023-07
2023-07-30,2023,R,656061,543510,SI,Sinker,,called_strike,R,R,BAL,NYY,97.30,,,,,,0,0,2023,2023-07
2023-07-30,2023,R,656061,602104,SI,Sinker,strikeout,called_strike,R,R,BAL,NYY,99.10,,,,,,2,2,2023,2023-07
2023-07-30,2023,R,656061,602104,,,,automatic_ball,R,R,BAL,NYY,,,,,,,1,2,2023,2023-07
2023-07-30,2023,R,656061,602104,SL,Slider,,ball,R,R,BAL,NYY,89.30,,,,,,0,2,2023,2023-07
2023-07-30,2023,R,656061,602104,SL,Slider,,foul_tip,R,R,BAL,NYY,88.50,,,,,,0,1,2023,2023-07
2023-07-30,2023,R,656061,602104,SI,Sinker,,called_strike,R,R,BAL,NYY,98.40,,,,,,0,0,2023,2023-07
2023-07-30,2023,R,656061,623993,CH,Changeup,walk,blocked_ball,L,R,BAL,NYY,88.70,,,,,,3,2,2023,2023-07
2023-07-30,2023,R,656061,623993,SI,Sinker,,ball,L,R,BAL,NYY,98.00,,,,,,2,2,2023,2023-07
2023-07-30,2023,R,656061,623993,FF,4-Seam Fastball,,ball,L,R,BAL,NYY,97.30,,,,,,1,2,2023,2023-07
2023-07-30,2023,R,656061,623993,CH,Changeup,,swinging_strike,L,R,BAL,NYY,88.80,,,,,,1,1,2023,2023-07
2023-07-30,2023,R,656061,623993,SI,Sinker,,called_strike,L,R,BAL,NYY,97.40,,,,,,1,0,2023,2023-07
2023-07-30,2023,R,656061,623993,SI,Sinker,,blocked_ball,L,R,BAL,NYY,98.40,,,,,,0,0,2023,2023-07
2023-07-30,2023,R,656061,624428,CH,Changeup,field_out,hit_into_play,L,R,BAL,NYY,89.20,97.30,34,137.90,50.25,fly_ball,1,0,2023,2023-07
2023-07-30,2023,R,656061,624428,SI,Sinker,,ball,L,R,BAL,NYY,98.00,,,,,,0,0,2023,2023-07
2023-07-30,2023,R,656061,656811,CH,Changeup,strikeout,called_strike,L,R,BAL,NYY,88.30,,,,,,3,2,2023,2023-07
2023-07-30,2023,R,656061,656811,SI,Sinker,,ball,L,R,BAL,NYY,97.10,,,,,,2,2,2023,2023-07
2023-07-30,2023,R,656061,656811,SL,Slider,,foul,L,R,BAL,NYY,88.60,93.30,22,,,,2,1,2023,2023-07
2023-07-30,2023,R,656061,656811,CH,Changeup,,ball,L,R,BAL,NYY,89.30,,,,,,1,1,2023,2023-07
2023-07-30,2023,R,656061,656811,SL,Slider,,swinging_strike,L,R,BAL,NYY,88.00,,,,,,1,0,2023,2023-07
2023-07-30,2023,R,656061,656811,SL,Slider,,ball,L,R,BAL,NYY,86.60,,,,,,0,0,2023,2023-07
2023-07-30,2023,R,656061,663630,SI,Sinker,single,hit_into_play,R,R,BAL,NYY,98.10,103.60,8,109.05,103.89,line_drive,2,2,2023,2023-07
2023-07-30,2023,R,656061,663630,SI,Sinker,,foul_tip,R,R,BAL,NYY,97.90,,,,,,2,1,2023,2023-07
2023-07-30,2023,R,656061,663630,SI,Sinker,,ball,R,R,BAL,NYY,97.90,,,,,,1,1,2023,2023-07
2023-07-30,2023,R,656061,663630,CH,Changeup,,ball,R,R,BAL,NYY,88.70,,,,,,0,1,2023,2023-07
2023-07-30,2023,R,656061,663630,SL,Slider,,foul,R,R,BAL,NYY,86.20,,,,,,0,0,2023,2023-07
2023-07-30,2023,R,656061,668939,SI,Sinker,single,hit_into_play,L,R,BAL,NYY,96.90,102.00,11,131.44,96.43,line_drive,1,1,2023,2023-07
2023-07-30,2023,R,656061,668939,CH,Changeup,,called_strike,L,R,BAL,NYY,88.00,,,,,,1,0,2023,2023-07
2023-07-30,2023,R,656061,668939,SL,Slider,,ball,L,R,BAL,NYY,86.80,,,,,,0,0,2023,2023-07
2023-07-30,2023,R,656061,669720,SI,Sinker,field_out,hit_into_play,R,R,BAL,NYY,97.80,98.80,-8,122.24,145.51,ground_ball,2,1,2023,2023-07
2023-07-30,2023,R,656061,669720,SI,Sinker,,ball,R,R,BAL,NYY,97.90,,,,,,1,1,2023,2023-07
2023-07-30,2023,R,656061,669720,SL,Slider,,swinging_strike,R,R,BAL,NYY,88.40,,,,,,1,0,2023,2023-07
2023-07-30,2023,R,656061,669720,SI,Sinker,,ball,R,R,BAL,NYY,97.90,,,,,,0,0,2023,2023-07
2023-07-30,2023,R,656061,683002,SI,Sinker,field_out,hit_into_play,L,R,BAL,NYY,96.80,97.20,30,45.14,87.35,fly_ball,0,0,2023,2023-07
2023-07-30,2023,R,656232,623912,ST,Sweeper,single,hit_into_play,R,R,HOU,TB,81.10,88.20,18,52.40,101.66,line_drive,1,0,2023,2023-07
2023-07-30,2023,R,656232,623912,ST,Sweeper,,ball,R,R,HOU,TB,80.50,,,,,,0,0,2023,2023-07
2023-07-30,2023,R,656232,623912,CH,Changeup,field_out,hit_into_play,R,R,HOU,TB,86.70,100.40,23,115.17,71.31,fly_ball,1,2,2023,2023-07
2023-07-30,2023,R,656232,623912,ST,Sweeper,,foul,R,R,HOU,TB,82.60,62.10,25,,,,1,2,2023,2023-07
2023-07-30,2023,R,656232,623912,ST,Sweeper,,blocked_ball,R,R,HOU,TB,82.40,,,,,,0,2,2023,2023-07
2023-07-30,2023,R,656232,623912,ST,Sweeper,,swinging_strike,R,R,HOU,TB,81.70,,,,,,0,1,2023,2023-07
2023-07-30,2023,R,656232,623912,SI,Sinker,,swinging_strike,R,R,HOU,TB,91.00,,,,,,0,0,2023,2023-07
2023-07-30,2023,R,656232,623912,ST,Sweeper,field_out,hit_into_play,R,R,HOU,TB,82.80,74.30,53,95.46,128.60,fly_ball,0,0,2023,2023-07
2023-07-30,2023,R,656232,642350,SI,Sinker,strikeout_double_play,called_strike,R,R,HOU,TB,93.00,,,,,,3,2,2023,2023-07
2023-07-30,2023,R,656232,642350,SI,Sinker,,ball,R,R,HOU,TB,92.40,,,,,,2,2,2023,2023-07
2023-07-30,2023,R,656232,642350,SI,Sinker,,foul,R,R,HOU,TB,92.20,78.20,-25,,,,2,2,2023,2023-07
2023-07-30,2023,R,656232,642350,ST,Sweeper,,blocked_ball,R,R,HOU,TB,82.20,,,,,,1,2,2023,2023-07
2023-07-30,2023,R,656232,642350,ST,Sweeper,,swinging_strike,R,R,HOU,TB,83.00,,,,,,1,1,2023,2023-07
2023-07-30,2023,R,656232,642350,SI,Sinker,,ball,R,R,HOU,TB,92.10,,,,,,0,1,2023,2023-07
2023-07-30,2023,R,656232,642350,SI,Sinker,,swinging_strike,R,R,HOU,TB,92.20,,,,,,0,0,2023,2023-07
2023-07-30,2023,R,656232,642350,SI,Sinker,single,hit_into_play,R,R,HOU,TB,91.50,101.50,-2,114.66,91.65,ground_ball,0,1,2023,2023-07
2023-07-30,2023,R,656232,642350,SI,Sinker,,foul,R,R,HOU,TB,91.60,67.60,11,,,,0,0,2023,2023-07
2023-07-30,2023,R,656232,642350,SI,Sinker,field_out,hit_into_play,R,R,HOU,TB,90.80,95.00,-19,109.59,157.75,ground_ball,0,0,2023,2023-07
2023-07-30,2023,R,656232,650490,SI,Sinker,single,hit_into_play,R,R,HOU,TB,91.10,88.70,-13,102.99,168.43,ground_ball,0,1,2023,2023-07
2023-07-30,2023,R,656232,650490,SI,Sinker,,called_strike,R,R,HOU,TB,91.00,,,,,,0,0,2023,2023-07
2023-07-30,2023,R,656232,650490,SI,Sinker,field_out,hit_into_play,R,R,HOU,TB,90.90,97.20,-18,104.00,174.03,ground_ball,0,0,2023,2023-07
2023-07-30,2023,R,656232,650490,SI,Sinker,walk,ball,R,R,HOU,TB,92.80,,,,,,3,2,2023,2023-07
2023-07-30,2023,R,656232,650490,SI,Sinker,,called_strike,R,R,HOU,TB,91.90,,,,,,3,1,2023,2023-07
2023-07-30,2023,R,656232,650490,SI,Sinker,,called_strike,R,R,HOU,TB,91.90,,,,,,3,0,2023,2023-07
2023-07-30,2023,R,656232,650490,SI,Sinker,,ball,R,R,HOU,TB,92.00,,,,,,2,0,2023,2023-07
2023-07-30,2023,R,656232,650490,FF,4-Seam Fastball,,ball,R,R,HOU,TB,92.30,,,,,,1,0,2023,2023-07
2023-07-30,2023,R,656232,650490,FF,4-Seam Fastball,,ball,R,R,HOU,TB,91.80,,,,,,0,0,2023,2023-07
2023-07-30,2023,R,656232,650907,SI,Sinker,force_out,hit_into_play,R,R,HOU,TB,91.80,83.20,-43,104.51,176.06,ground_ball,2,0,2023,2023-07
2023-07-30,2023,R,656232,650907,CH,Changeup,,blocked_ball,R,R,HOU,TB,85.80,,,,,,1,0,2023,2023-07
2023-07-30,2023,R,656232,650907,ST,Sweeper,,ball,R,R,HOU,TB,81.30,,,,,,0,0,2023,2023-07
2023-07-30,2023,R,656232,650907,ST,Sweeper,field_out,hit_into_play,R,R,HOU,TB,82.70,79.40,74,155.33,185.10,popup,2,2,2023,2023-07
2023-07-30,2023,R,656232,650907,FF,4-Seam Fastball,,foul,R,R,HOU,TB,92.00,82.60,70,,,,2,1,2023,2023-07
2023-07-30,2023,R,656232,650907,SI,Sinker,,swinging_strike,R,R,HOU,TB,91.90,,,,,,2,0,2023,2023-07
2023-07-30,2023,R,656232,650907,FF,4-Seam Fastball,,ball,R,R,HOU,TB,90.80,,,,,,1,0,2023,2023-07
2023-07-30,2023,R,656232,650907,FF,4-Seam Fastball,,ball,R,R,HOU,TB,90.50,,,,,,0,0,2023,2023-07
2023-07-30,2023,R,656232,664040,CU,Curveball,single,hit_into_play,L,R,HOU,TB,79.60,106.10,8,109.90,117.78,line_drive,2,1,2023,2023-07
2023-07-30,2023,R,656232,664040,CH,Changeup,,ball,L,R,HOU,TB,87.10,,,,,,1,1,2023,2023-07
2023-07-30,2023,R,656232,664040,CU,Curveball,,foul,L,R,HOU,TB,80.50,91.80,-14,,,,1,0,2023,2023-07
2023-07-30,2023,R,656232,664040,CU,Curveball,,ball,L,R,HOU,TB,79.60,,,,,,0,0,2023,2023-07
2023-07-30,2023,R,656232,664040,CH,Changeup,strikeout,swinging_strike,L,R,HOU,TB,86.30,,,,,,2,2,2023,2023-07
2023-07-30,2023,R,656232,664040,CU,Curveball,,ball,L,R,HOU,TB,79.40,,,,,,1,2,2023,2023-07
2023-07-30,2023,R,656232,664040,CU,Curveball,,ball,L,R,HOU,TB,80.40,,,,,,0,2,2023,2023-07
2023-07-30,2023,R,656232,664040,CU,Curveball,,swinging_strike,L,R,HOU,TB,79.40,,,,,,0,1,2023,2023-07
2023-07-30,2023,R,656232,664040,SI,Sinker,,foul,L,R,HOU,TB,91.10,89.70,47,,,,0,0,2023,2023-07
2023-07-30,2023,R,656232,664040,CH,Changeup,single,hit_into_play,L,R,HOU,TB,86.80,106.40,9,178.02,107.79,line_drive,1,1,2023,2023-07
2023-07-30,2023,R,656232,664040,CH,Changeup,,called_strike,L,R,HOU,TB,86.10,,,,,,1,0,2023,2023-07
2023-07-30,2023,R,656232,664040,CU,Curveball,,blocked_ball,L,R,HOU,TB,80.60,,,,,,0,0,2023,2023-07
2023-07-30,2023,R,656232,666139,CH,Changeup,field_out,hit_into_play,L,R,HOU,TB,86.20,83.20,61,81.17,155.21,fly_ball,3,2,2023,2023-07
2023-07-30,2023,R,656232,666139,CU,Curveball,,foul,L,R,HOU,TB,80.70,72.00,-25,,,,3,2,2023,2023-07
2023-07-30,2023,R,656232,666139,CH,Changeup,,swinging_strike,L,R,HOU,TB,86.50,,,,,,3,1,2023,2023-07
2023-07-30,2023,R,656232,666139,CH,Changeup,,ball,L,R,HOU,TB,86.80,,,,,,2,1,2023,2023-07
2023-07-30,2023,R,656232,666139,CH,Changeup,,ball,L,R,HOU,TB,86.90,,,,,,1,1,2023,2023-07
2023-07-30,2023,R,656232,666139,CH,Changeup,,swinging_strike,L,R,HOU,TB,85.90,,,,,,1,0,2023,2023-07
2023-07-30,2023,R,656232,666139,CU,Curveball,,ball,L,R,HOU,TB,78.70,,,,,,0,0,2023,2023-07
2023-07-30,2023,R,656232,666139,CH,Changeup,single,hit_into_play,L,R,HOU,TB,85.80,68.90,-38,144.41,158.08,ground_ball,1,0,2023,2023-07
2023-07-30,2023,R,656232,666139,CH,Changeup,,ball,L,R,HOU,TB,86.20,,,,,,0,0,2023,2023-07
2023-07-30,2023,R,656232,666139,FF,4-Seam Fastball,double,hit_into_play,L,R,HOU,TB,92.50,111.40,18,208.46,115.05,line_drive,1,0,2023,2023-07
2023-07-30,2023,R,656232,666139,FF,4-Seam Fastball,,ball,L,R,HOU,TB,91.90,,,,,,0,0,2023,2023-07
2023-07-30,2023,R,656232,670042,CU,Curveball,strikeout,swinging_strike,L,R,HOU,TB,79.90,,,,,,0,2,2023,2023-07
2023-07-30,2023,R,656232,670042,CH,Changeup,,foul,L,R,HOU,TB,87.60,71.10,-27,,,,0,1,2023,2023-07
2023-07-30,2023,R,656232,670042,CH,Changeup,,foul_tip,L,R,HOU,TB,87.20,,,,,,0,0,2023,2023-07
2023-07-30,2023,R,656232,670042,FF,4-Seam Fastball,single,hit_into_play,L,R,HOU,TB,91.40,101.80,1,188.24,127.25,ground_ball,2,2,2023,2023-07
2023-07-30,2023,R,656232,670042,CH,Changeup,,ball,L,R,HOU,TB,87.60,,,,,,1,2,2023,2023-07
2023-07-30,2023,R,656232,670042,CH,Changeup,,swinging_strike,L,R,HOU,TB,86.70,,,,,,1,1,2023,2023-07
2023-07-30,2023,R,656232,670042,CU,Curveball,,ball,L,R,HOU,TB,80.10,,,,,,0,1,2023,2023-07
2023-07-30,2023,R,656232,670042,CU,Curveball,,called_strike,L,R,HOU,TB,79.30,,,,,,0,0,2023,2023-07
2023-07-30,2023,R,656232,670042,FF,4-Seam Fastball,field_error,hit_into_play,L,R,HOU,TB,92.00,89.80,-12,152.21,172.50,ground_ball,1,1,2023,2023-07
2023-07-30,2023,R,656232,670042,CU,Curveball,,ball,L,R,HOU,TB,80.60,,,,,,0,1,2023,2023-07
2023-07-30,2023,R,656232,670042,CU,Curveball,,swinging_strike,L,R,HOU,TB,80.00,,,,,,0,0,2023,2023-07
2023-07-30,2023,R,656232,670623,ST,Sweeper,walk,ball,R,R,HOU,TB,81.90,,,,,,3,2,2023,2023-07
2023-07-30,2023,R,656232,670623,SI,Sinker,,foul,R,R,HOU,TB,92.60,92.40,-18,,,,3,1,2023,2023-07
2023-07-30,2023,R,656232,670623,CH,Changeup,,ball,R,R,HOU,TB,87.70,,,,,,2,1,2023,2023-07
2023-07-30,2023,R,656232,670623,SI,Sinker,,ball,R,R,HOU,TB,92.00,,,,,,1,1,2023,2023-07
2023-07-30,2023,R,656232,670623,SI,Sinker,,blocked_ball,R,R,HOU,TB,92.00,,,,,,0,1,2023,2023-07
2023-07-30,2023,R,656232,670623,ST,Sweeper,,called_strike,R,R,HOU,TB,82.50,,,,,,0,0,2023,2023-07
2023-07-30,2023,R,656232,670623,ST,Sweeper,strikeout,swinging_strike,R,R,HOU,TB,82.60,,,,,,1,2,2023,2023-07
2023-07-30,2023,R,656232,670623,ST,Sweeper,,swinging_strike,R,R,HOU,TB,82.30,,,,,,1,1,2023,2023-07
2023-07-30,2023,R,656232,670623,SI,Sinker,,ball,R,R,HOU,TB,91.00,,,,,,0,1,2023,2023-07
2023-07-30,2023,R,656232,670623,CU,Curveball,,called_strike,R,R,HOU,TB,78.20,,,,,,0,0,2023,2023-07
2023-07-30,2023,R,656232,670623,ST,Sweeper,field_out,hit_into_play,R,R,HOU,TB,82.60,60.40,38,95.87,129.12,fly_ball,0,2,2023,2023-07
2023-07-30,2023,R,656232,670623,SI,Sinker,,foul,R,R,HOU,TB,92.60,75.90,-36,,,,0,1,2023,2023-07
2023-07-30,2023,R,656232,670623,SI,Sinker,,called_strike,R,R,HOU,TB,92.30,,,,,,0,0,2023,2023-07
2023-07-30,2023,R,656232,677551,CH,Changeup,field_out,hit_into_play,L,R,HOU,TB,87.00,95.70,59,103.08,111.35,fly_ball,2,0,2023,2023-07
2023-07-30,2023,R,656232,677551,CH,Changeup,,blocked_ball,L,R,HOU,TB,87.20,,,,,,1,0,2023,2023-07
2023-07-30,2023,R,656232,677551,CH,Changeup,,ball,L,R,HOU,TB,86.80,,,,,,0,0,2023,2023-07
2023-07-30,2023,R,656232,677551,ST,Sweeper,field_out,hit_into_play,L,R,HOU,TB,83.20,83.80,-7,143.68,150.65,ground_ball,1,2,2023,2023-07
2023-07-30,2023,R,656232,677551,CH,Changeup,,foul,L,R,HOU,TB,87.10,65.40,-31,,,,1,1,2023,2023-07
2023-07-30,2023,R,656232,677551,CH,Changeup,,ball,L,R,HOU,TB,86.70,,,,,,0,1,2023,2023-07
2023-07-30,2023,R,656232,677551,ST,Sweeper,,swinging_strike,L,R,HOU,TB,82.10,,,,,,0,0,2023,2023-07
2023-07-30,2023,R,656232,677551,FF,4-Seam Fastball,walk,ball,L,R,HOU,TB,92.10,,,,,,3,0,2023,2023-07
2023-07-30,2023,R,656232,677551,SI,Sinker,,ball,L,R,HOU,TB,92.50,,,,,,2,0,2023,2023-07
2023-07-30,2023,R,656232,677551,CH,Changeup,,ball,L,R,HOU,TB,86.80,,,,,,1,0,2023,2023-07
2023-07-30,2023,R,656232,677551,CU,Curveball,,ball,L,R,HOU,TB,80.00,,,,,,0,0,2023,2023-07
2023-07-30,2023,R,656271,592518,SL,Slider,single,hit_into_play,R,L,SD,TEX,88.20,96.70,5,83.50,107.46,ground_ball,2,2,2023,2023-07
2023-07-30,2023,R,656271,592518,SL,Slider,,blocked_ball,R,L,SD,TEX,88.90,,,,,,1,2,2023,2023-07
2023-07-30,2023,R,656271,592518,FF,4-Seam Fastball,,foul,R,L,SD,TEX,95.50,79.00,73,,,,1,1,2023,2023-07
2023-07-30,2023,R,656271,592518,FF,4-Seam Fastball,,ball,R,L,SD,TEX,96.40,,,,,,0,1,2023,2023-07
2023-07-30,2023,R,656271,592518,SI,Sinker,,foul,R,L,SD,TEX,93.80,69.20,38,,,,0,0,2023,2023-07
2023-07-30,2023,R,656271,593428,FF,4-Seam Fastball,field_out,hit_into_play,R,L,SD,TEX,95.40,85.60,45,213.59,124.19,fly_ball,0,0,2023,2023-07
2023-07-30,2023,R,656271,596142,CH,Changeup,home_run,hit_into_play,R,L,SD,TEX,88.30,105.40,27,131.05,34.67,fly_ball,1,1,2023,2023-07
2023-07-30,2023,R,656271,596142,SL,Slider,,called_strike,R,L,SD,TEX,88.40,,,,,,1,0,2023,2023-07
2023-07-30,2023,R,656271,596142,FF,4-Seam Fastball,,ball,R,L,SD,TEX,95.80,,,,,,0,0,2023,2023-07
2023-07-30,2023,R,656271,630105,FF,4-Seam Fastball,single,hit_into_play,L,L,SD,TEX,95.80,93.40,11,110.03,114.06,line_drive,1,2,2023,2023-07
2023-07-30,2023,R,656271,630105,FF,4-Seam Fastball,,ball,L,L,SD,TEX,97.00,,,,,,0,2,2023,2023-07
2023-07-30,2023,R,656271,630105,FF,4-Seam Fastball,,foul,L,L,SD,TEX,95.90,75.50,49,,,,0,1,2023,2023-07
2023-07-30,2023,R,656271,630105,SL,Slider,,called_strike,L,L,SD,TEX,86.60,,,,,,0,0,2023,2023-07
2023-07-30,2023,R,656271,663757,SL,Slider,strikeout,called_strike,L,L,SD,TEX,89.10,,,,,,1,2,2023,2023-07
2023-07-30,2023,R,656271,663757,FF,4-Seam Fastball,,foul,L,L,SD,TEX,96.60,80.40,9,,,,1,1,2023,2023-07
2023-07-30,2023,R,656271,663757,FF,4-Seam Fastball,,foul,L,L,SD,TEX,94.90,94.30,19,,,,1,0,2023,2023-07
2023-07-30,2023,R,656271,663757,FF,4-Seam Fastball,,ball,L,L,SD,TEX,96.20,,,,,,0,0,2023,2023-07
2023-07-30,2023,R,656271,665487,FF,4-Seam Fastball,field_out,hit_into_play,R,L,SD,TEX,96.00,101.40,23,207.82,86.79,fly_ball,2,1,2023,2023-07
2023-07-30,2023,R,656271,665487,SI,Sinker,,ball,R,L,SD,TEX,90.90,,,,,,1,1,2023,2023-07
2023-07-30,2023,R,656271,665487,FF,4-Seam Fastball,,called_strike,R,L,SD,TEX,96.30,,,,,,1,0,2023,2023-07
2023-07-30,2023,R,656271,665487,FF,4-Seam Fastball,,ball,R,L,SD,TEX,97.10,,,,,,0,0,2023,2023-07
2023-07-30,2023,R,656271,665742,SL,Slider,single,hit_into_play,L,L,SD,TEX,89.20,89.20,18,183.19,91.96,line_drive,0,0,2023,2023-07
2023-07-30,2023,R,656271,665742,FF,4-Seam Fastball,double,hit_into_play,L,L,SD,TEX,94.80,102.80,17,41.31,114.29,line_drive,0,0,2023,2023-07
2023-07-30,2023,R,656271,669134,FF,4-Seam Fastball,grounded_into_double_play,hit_into_play,R,L,SD,TEX,94.60,54.70,-21,125.32,178.74,ground_ball,0,0,2023,2023-07
2023-07-30,2023,R,656271,676946,FF,4-Seam Fastball,field_out,hit_into_play,R,L,SD,TEX,95.60,89.90,42,176.02,90.87,fly_ball,2,2,2023,2023-07
2023-07-30,2023,R,656271,676946,FF,4-Seam Fastball,,ball,R,L,SD,TEX,97.50,,,,,,1,2,2023,2023-07
2023-07-30,2023,R,656271,676946,SI,Sinker,,ball,R,L,SD,TEX,90.80,,,,,,0,2,2023,2023-07
2023-07-30,2023,R,656271,676946,FF,4-Seam Fastball,,called_strike,R,L,SD,TEX,95.40,,,,,,0,1,2023,2023-07
2023-07-30,2023,R,656271,676946,FF,4-Seam Fastball,,called_strike,R,L,SD,TEX,95.40,,,,,,0,0,2023,2023-07
2023-07-30,2023,R,656457,543939,FC,Cutter,strikeout,swinging_strike,L,L,AZ,SEA,90.30,,,,,,1,2,2023,2023-07
2023-07-30,2023,R,656457,543939,KC,Knuckle Curve,,ball,L,L,AZ,SEA,80.70,,,,,,0,2,2023,2023-07
2023-07-30,2023,R,656457,543939,SI,Sinker,,called_strike,L,L,AZ,SEA,92.40,,,,,,0,1,2023,2023-07
2023-07-30,2023,R,656457,543939,FC,Cutter,,swinging_strike,L,L,AZ,SEA,89.00,,,,,,0,0,2023,2023-07
2023-07-30,2023,R,656457,553993,KC,Knuckle Curve,strikeout,swinging_strike_blocked,R,L,AZ,SEA,80.40,,,,,,0,2,2023,2023-07
2023-07-30,2023,R,656457,553993,FF,4-Seam Fastball,,swinging_strike,R,L,AZ,SEA,91.90,,,,,,0,1,2023,2023-07
2023-07-30,2023,R,656457,553993,FC,Cutter,,called_strike,R,L,AZ,SEA,88.50,,,,,,0,0,2023,2023-07
2023-07-30,2023,R,656457,641487,FF,4-Seam Fastball,walk,ball,L,L,AZ,SEA,91.60,,,,,,3,1,2023,2023-07
2023-07-30,2023,R,656457,641487,FC,Cutter,,ball,L,L,AZ,SEA,87.90,,,,,,2,1,2023,2023-07
2023-07-30,2023,R,656457,641487,FC,Cutter,,ball,L,L,AZ,SEA,89.30,,,,,,1,1,2023,2023-07
2023-07-30,2023,R,656457,641487,FF,4-Seam Fastball,,foul,L,L,AZ,SEA,91.90,73.00,70,,,,1,0,2023,2023-07
2023-07-30,2023,R,656457,641487,FC,Cutter,,ball,L,L,AZ,SEA,86.70,,,,,,0,0,2023,2023-07
2023-07-30,2023,R,656457,663728,FF,4-Seam Fastball,strikeout,swinging_strike,R,L,AZ,SEA,92.20,,,,,,0,2,2023,2023-07
2023-07-30,2023,R,656457,663728,FF,4-Seam Fastball,,foul,R,L,AZ,SEA,92.30,74.50,54,,,,0,2,2023,2023-07
2023-07-30,2023,R,656457,663728,KC,Knuckle Curve,,foul,R,L,AZ,SEA,79.10,,,,,,0,1,2023,2023-07
2023-07-30,2023,R,656457,663728,KC,Knuckle Curve,,swinging_strike,R,L,AZ,SEA,82.30,,,,,,0,0,2023,2023-07
2023-07-30,2023,R,656457,664034,FC,Cutter,field_out,hit_into_play,R,L,AZ,SEA,88.30,89.80,-25,155.35,150.40,ground_ball,3,2,2023,2023-07
2023-07-30,2023,R,656457,664034,FF,4-Seam Fastball,,ball,R,L,AZ,SEA,93.40,,,,,,2,2,2023,2023-07
2023-07-30,2023,R,656457,664034,FC,Cutter,,foul,R,L,AZ,SEA,88.00,75.80,8,,,,2,1,2023,2023-07
2023-07-30,2023,R,656457,664034,SI,Sinker,,ball,R,L,AZ,SEA,91.80,,,,,,1,1,2023,2023-07
2023-07-30,2023,R,656457,664034,FC,Cutter,,swinging_strike,R,L,AZ,SEA,87.50,,,,,,1,0,2023,2023-07
2023-07-30,2023,R,656457,664034,SI,Sinker,,ball,R,L,AZ,SEA,92.10,,,,,,0,0,2023,2023-07
2023-07-30,2023,R,656457,677594,FC,Cutter,strikeout,called_strike,R,L,AZ,SEA,88.30,,,,,,3,2,2023,2023-07
2023-07-30,2023,R,656457,677594,FF,4-Seam Fastball,,ball,R,L,AZ,SEA,92.40,,,,,,2,2,2023,2023-07
2023-07-30,2023,R,656457,677594,FC,Cutter,,foul,R,L,AZ,SEA,87.10,104.00,9,,,,2,1,2023,2023-07
2023-07-30,2023,R,656457,677594,FC,Cutter,,called_strike,R,L,AZ,SEA,88.30,,,,,,2,0,2023,2023-07
2023-07-30,2023,R,656457,677594,FF,4-Seam Fastball,,ball,R,L,AZ,SEA,90.90,,,,,,1,0,2023,2023-07
2023-07-30,2023,R,656457,677594,SI,Sinker,,ball,R,L,AZ,SEA,91.90,,,,,,0,0,2023,2023-07
2023-07-30,2023,R,656457,687799,FC,Cutter,strikeout,swinging_strike,L,L,AZ,SEA,87.40,,,,,,3,2,2023,2023-07
2023-07-30,2023,R,656457,687799,FC,Cutter,,foul,L,L,AZ,SEA,89.20,57.60,-13,,,,3,2,2023,2023-07
2023-07-30,2023,R,656457,687799,FF,4-Seam Fastball,,ball,L,L,AZ,SEA,93.30,,,,,,2,2,2023,2023-07
2023-07-30,2023,R,656457,687799,FC,Cutter,,foul,L,L,AZ,SEA,88.90,69.20,19,,,,2,2,2023,2023-07
2023-07-30,2023,R,656457,687799,KC,Knuckle Curve,,ball,L,L,AZ,SEA,83.30,,,,,,1,2,2023,2023-07
2023-07-30,2023,R,656457,687799,FC,Cutter,,foul,L,L,AZ,SEA,88.20,68.80,26,,,,1,1,2023,2023-07
2023-07-30,2023,R,656457,687799,FC,Cutter,,ball,L,L,AZ,SEA,89.50,,,,,,0,1,2023,2023-07
2023-07-30,2023,R,656457,687799,KC,Knuckle Curve,,swinging_strike,L,L,AZ,SEA,78.80,,,,,,0,0,2023,2023-07
2023-07-30,2023,R,656546,641943,SL,Slider,single,hit_into_play,L,R,PIT,PHI,84.50,101.40,16,177.24,88.56,line_drive,1,0,2023,2023-07
2023-07-30,2023,R,656546,641943,SL,Slider,,blocked_ball,L,R,PIT,PHI,85.90,,,,,,0,0,2023,2023-07
2023-07-30,2023,R,656546,678894,SL,Slider,strikeout,swinging_strike,R,R,PIT,PHI,86.60,,,,,,3,2,2023,2023-07
2023-07-30,2023,R,656546,678894,FS,Split-Finger,,blocked_ball,R,R,PIT,PHI,90.50,,,,,,2,2,2023,2023-07
2023-07-30,2023,R,656546,678894,FF,4-Seam Fastball,,foul_tip,R,R,PIT,PHI,96.90,,,,,,2,1,2023,2023-07
2023-07-30,2023,R,656546,678894,SI,Sinker,,foul,R,R,PIT,PHI,95.60,68.30,54,,,,2,0,2023,2023-07
2023-07-30,2023,R,656546,678894,SL,Slider,,ball,R,R,PIT,PHI,87.20,,,,,,1,0,2023,2023-07
2023-07-30,2023,R,656546,678894,SL,Slider,,blocked_ball,R,R,PIT,PHI,86.20,,,,,,0,0,2023,2023-07
2023-07-30,2023,R,656546,693304,SL,Slider,field_out,hit_into_play,R,R,PIT,PHI,88.20,85.40,35,175.56,98.77,fly_ball,0,1,2023,2023-07
2023-07-30,2023,R,656546,693304,SI,Sinker,,foul,R,R,PIT,PHI,96.20,70.50,40,,,,0,0,2023,2023-07
2023-07-30,2023,R,656629,595956,FF,4-Seam Fastball,field_out,hit_into_play,R,R,CWS,CLE,93.60,85.30,54,132.49,182.39,fly_ball,1,0,2023,2023-07
2023-07-30,2023,R,656629,595956,FF,4-Seam Fastball,,ball,R,R,CWS,CLE,94.10,,,,,,0,0,2023,2023-07
2023-07-30,2023,R,656629,595956,FF,4-Seam Fastball,walk,ball,R,R,CWS,CLE,93.00,,,,,,3,1,2023,2023-07
2023-07-30,2023,R,656629,595956,FF,4-Seam Fastball,,ball,R,R,CWS,CLE,92.10,,,,,,2,1,2023,2023-07
2023-07-30,2023,R,656629,595956,SL,Slider,,ball,R,R,CWS,CLE,85.30,,,,,,1,1,2023,2023-07
2023-07-30,2023,R,656629,595956,SL,Slider,,swinging_strike,R,R,CWS,CLE,83.40,,,,,,1,0,2023,2023-07
2023-07-30,2023,R,656629,595956,FF,4-Seam Fastball,,ball,R,R,CWS,CLE,93.70,,,,,,0,0,2023,2023-07
2023-07-30,2023,R,656629,605137,FF,4-Seam Fastball,field_out,hit_into_play,L,R,CWS,CLE,93.80,88.50,-62,138.51,182.41,ground_ball,1,0,2023,2023-07
2023-07-30,2023,R,656629,605137,FF,4-Seam Fastball,,ball,L,R,CWS,CLE,95.70,,,,,,0,0,2023,2023-07
2023-07-30,2023,R,656629,605137,FF,4-Seam Fastball,field_out,hit_into_play,L,R,CWS,CLE,92.80,108.50,-1,147.70,150.39,ground_ball,3,1,2023,2023-07
2023-07-30,2023,R,656629,605137,FF,4-Seam Fastball,,ball,L,R,CWS,CLE,92.00,,,,,,2,1,2023,2023-07
2023-07-30,2023,R,656629,605137,FF,4-Seam Fastball,,ball,L,R,CWS,CLE,92.80,,,,,,1,1,2023,2023-07
2023-07-30,2023,R,656629,605137,FF,4-Seam Fastball,,foul,L,R,CWS,CLE,93.20,80.40,78,,,,1,0,2023,2023-07
2023-07-30,2023,R,656629,605137,SL,Slider,,ball,L,R,CWS,CLE,80.20,,,,,,0,0,2023,2023-07
2023-07-30,2023,R,656629,605137,FF,4-Seam Fastball,field_out,hit_into_play,L,R,CWS,CLE,94.20,88.60,27,99.84,68.10,fly_ball,2,1,2023,2023-07
2023-07-30,2023,R,656629,605137,FF,4-Seam Fastball,,called_strike,L,R,CWS,CLE,94.00,,,,,,2,0,2023,2023-07
2023-07-30,2023,R,656629,605137,FF,4-Seam Fastball,,ball,L,R,CWS,CLE,93.20,,,,,,1,0,2023,2023-07
2023-07-30,2023,R,656629,605137,FF,4-Seam Fastball,,ball,L,R,CWS,CLE,93.80,,,,,,0,0,2023,2023-07
2023-07-30,2023,R,656629,608070,FF,4-Seam Fastball,home_run,hit_into_play,L,R,CWS,CLE,93.10,108.00,26,229.17,63.89,fly_ball,2,1,2023,2023-07
2023-07-30,2023,R,656629,608070,FF,4-Seam Fastball,,foul,L,R,CWS,CLE,93.30,67.00,47,,,,2,0,2023,2023-07
2023-07-30,2023,R,656629,608070,FF,4-Seam Fastball,,ball,L,R,CWS,CLE,91.10,,,,,,1,0,2023,2023-07
2023-07-30,2023,R,656629,608070,CU,Curveball,,ball,L,R,CWS,CLE,79.00,,,,,,0,0,2023,2023-07
2023-07-30,2023,R,656629,608070,FF,4-Seam Fastball,strikeout,swinging_strike,L,R,CWS,CLE,94.50,,,,,,2,2,2023,2023-07
2023-07-30,2023,R,656629,608070,FF,4-Seam Fastball,,foul,L,R,CWS,CLE,92.30,74.60,55,,,,2,1,2023,2023-07
2023-07-30,2023,R,656629,608070,FF,4-Seam Fastball,,called_strike,L,R,CWS,CLE,92.90,,,,,,2,0,2023,2023-07
2023-07-30,2023,R,656629,608070,FF,4-Seam Fastball,,ball,L,R,CWS,CLE,91.80,,,,,,1,0,2023,2023-07
2023-07-30,2023,R,656629,608070,CH,Changeup,,ball,L,R,CWS,CLE,83.30,,,,,,0,0,2023,2023-07
2023-07-30,2023,R,656629,608070,FF,4-Seam Fastball,walk,ball,L,R,CWS,CLE,92.90,,,,,,3,2,2023,2023-07
2023-07-30,2023,R,656629,608070,FF,4-Seam Fastball,,ball,L,R,CWS,CLE,95.40,,,,,,2,2,2023,2023-07
2023-07-30,2023,R,656629,608070,CH,Changeup,,ball,L,R,CWS,CLE,88.30,,,,,,1,2,2023,2023-07
2023-07-30,2023,R,656629,608070,FF,4-Seam Fastball,,ball,L,R,CWS,CLE,96.50,,,,,,0,2,2023,2023-07
2023-07-30,2023,R,656629,608070,FF,4-Seam Fastball,,called_strike,L,R,CWS,CLE,94.30,,,,,,0,1,2023,2023-07
2023-07-30,2023,R,656629,608070,FF,4-Seam Fastball,,called_strike,L,R,CWS,CLE,95.20,,,,,,0,0,2023,2023-07
2023-07-30,2023,R,656629,647304,FF,4-Seam Fastball,field_out,hit_into_play,L,R,CWS,CLE,94.90,93.50,38,161.52,65.76,fly_ball,2,1,2023,2023-07
2023-07-30,2023,R,656629,647304,SL,Slider,,ball,L,R,CWS,CLE,83.70,,,,,,1,1,2023,2023-07
2023-07-30,2023,R,656629,647304,FF,4-Seam Fastball,,foul,L,R,CWS,CLE,95.90,93.90,55,,,,1,0,2023,2023-07
2023-07-30,2023,R,656629,647304,SL,Slider,,ball,L,R,CWS,CLE,82.30,,,,,,0,0,2023,2023-07
2023-07-30,2023,R,656629,647304,FF,4-Seam Fastball,field_out,hit_into_play,L,R,CWS,CLE,92.10,99.40,40,135.93,61.38,fly_ball,2,1,2023,2023-07
2023-07-30,2023,R,656629,647304,SL,Slider,,ball,L,R,CWS,CLE,81.30,,,,,,1,1,2023,2023-07
2023-07-30,2023,R,656629,647304,FF,4-Seam Fastball,,foul,L,R,CWS,CLE,92.00,76.80,17,,,,1,0,2023,2023-07
2023-07-30,2023,R,656629,647304,FF,4-Seam Fastball,,ball,L,R,CWS,CLE,91.20,,,,,,0,0,2023,2023-07
2023-07-30,2023,R,656629,647304,CU,Curveball,single,hit_into_play,L,R,CWS,CLE,80.30,94.50,-1,186.49,109.21,ground_ball,1,1,2023,2023-07
2023-07-30,2023,R,656629,647304,FF,4-Seam Fastball,,foul,L,R,CWS,CLE,93.50,80.00,10,,,,1,0,2023,2023-07
2023-07-30,2023,R,656629,647304,CH,Changeup,,ball,L,R,CWS,CLE,86.70,,,,,,0,0,2023,2023-07
2023-07-30,2023,R,656629,660757,FF,4-Seam Fastball,field_out,hit_into_play,R,R,CWS,CLE,92.70,98.20,47,177.37,81.83,fly_ball,0,0,2023,2023-07
2023-07-30,2023,R,656629,660757,FF,4-Seam Fastball,walk,ball,R,R,CWS,CLE,94.00,,,,,,3,2,2023,2023-07
2023-07-30,2023,R,656629,660757,FF,4-Seam Fastball,,ball,R,R,CWS,CLE,93.20,,,,,,2,2,2023,2023-07
2023-07-30,2023,R,656629,660757,CU,Curveball,,ball,R,R,CWS,CLE,80.60,,,,,,1,2,2023,2023-07
2023-07-30,2023,R,656629,660757,CU,Curveball,,swinging_strike,R,R,CWS,CLE,79.60,,,,,,1,1,2023,2023-07
2023-07-30,2023,R,656629,660757,FF,4-Seam Fastball,,ball,R,R,CWS,CLE,92.90,,,,,,0,1,2023,2023-07
2023-07-30,2023,R,656629,660757,CU,Curveball,,called_strike,R,R,CWS,CLE,80.70,,,,,,0,0,2023,2023-07
2023-07-30,2023,R,656629,665926,FF,4-Seam Fastball,strikeout,swinging_strike,L,R,CWS,CLE,92.40,,,,,,3,2,2023,2023-07
2023-07-30,2023,R,656629,665926,CH,Changeup,,ball,L,R,CWS,CLE,86.10,,,,,,2,2,2023,2023-07
2023-07-30,2023,R,656629,665926,CU,Curveball,,foul,L,R,CWS,CLE,78.90,69.40,80,,,,2,2,2023,2023-07
2023-07-30,2023,R,656629,665926,FF,4-Seam Fastball,,foul,L,R,CWS,CLE,92.40,76.30,7,,,,2,1,2023,2023-07
2023-07-30,2023,R,656629,665926,FF,4-Seam Fastball,,called_strike,L,R,CWS,CLE,93.20,,,,,,2,0,2023,2023-07
2023-07-30,2023,R,656629,665926,FF,4-Seam Fastball,,ball,L,R,CWS,CLE,93.20,,,,,,1,0,2023,2023-07
2023-07-30,2023,R,656629,665926,SL,Slider,,ball,L,R,CWS,CLE,83.40,,,,,,0,0,2023,2023-07
2023-07-30,2023,R,656629,665926,FF,4-Seam Fastball,walk,ball,L,R,CWS,CLE,91.40,,,,,,3,0,2023,2023-07
2023-07-30,2023,R,656629,665926,FF,4-Seam Fastball,,ball,L,R,CWS,CLE,91.60,,,,,,2,0,2023,2023-07
2023-07-30,2023,R,656629,665926,SL,Slider,,ball,L,R,CWS,CLE,80.30,,,,,,1,0,2023,2023-07
2023-07-30,2023,R,656629,665926,FF,4-Seam Fastball,,ball,L,R,CWS,CLE,90.70,,,,,,0,0,2023,2023-07
2023-07-30,2023,R,656629,665926,SL,Slider,field_out,hit_into_play,L,R,CWS,CLE,85.20,93.00,37,114.45,62.80,fly_ball,0,0,2023,2023-07
2023-07-30,2023,R,656629,672356,CH,Changeup,grounded_into_double_play,hit_into_play,R,R,CWS,CLE,92.00,69.20,-12,138.00,157.00,ground_ball,1,0,2023,2023-07
2023-07-30,2023,R,656629,672356,SL,Slider,,ball,R,R,CWS,CLE,83.30,,,,,,0,0,2023,2023-07
2023-07-30,2023,R,656629,672356,CU,Curveball,field_out,hit_into_play,R,R,CWS,CLE,81.10,98.10,21,58.66,85.19,line_drive,1,2,2023,2023-07
2023-07-30,2023,R,656629,672356,FF,4-Seam Fastball,,foul,R,R,CWS,CLE,92.00,88.80,52,,,,1,1,2023,2023-07
2023-07-30,2023,R,656629,672356,FF,4-Seam Fastball,,ball,R,R,CWS,CLE,92.70,,,,,,0,1,2023,2023-07
2023-07-30,2023,R,656629,672356,SL,Slider,,foul,R,R,CWS,CLE,83.60,66.40,22,,,,0,0,2023,2023-07
2023-07-30,2023,R,656629,680757,FF,4-Seam Fastball,home_run,hit_into_play,L,R,CWS,CLE,94.30,100.60,25,221.20,92.43,line_drive,1,2,2023,2023-07
2023-07-30,2023,R,656629,680757,CU,Curveball,,ball,L,R,CWS,CLE,78.90,,,,,,0,2,2023,2023-07
2023-07-30,2023,R,656629,680757,CH,Changeup,,foul,L,R,CWS,CLE,84.60,67.80,29,,,,0,1,2023,2023-07
2023-07-30,2023,R,656629,680757,FF,4-Seam Fastball,,called_strike,L,R,CWS,CLE,92.60,,,,,,0,0,2023,2023-07
2023-07-30,2023,R,656629,680757,FF,4-Seam Fastball,walk,ball,L,R,CWS,CLE,91.30,,,,,,3,2,2023,2023-07
2023-07-30,2023,R,656629,680757,FF,4-Seam Fastball,,ball,L,R,CWS,CLE,92.30,,,,,,2,2,2023,2023-07
2023-07-30,2023,R,656629,680757,CH,Changeup,,blocked_ball,L,R,CWS,CLE,88.40,,,,,,1,2,2023,2023-07
2023-07-30,2023,R,656629,680757,SL,Slider,,ball,L,R,CWS,CLE,84.30,,,,,,0,2,2023,2023-07
2023-07-30,2023,R,656629,680757,FF,4-Seam Fastball,,called_strike,L,R,CWS,CLE,92.70,,,,,,0,1,2023,2023-07
2023-07-30,2023,R,656629,680757,FF,4-Seam Fastball,,called_strike,L,R,CWS,CLE,91.90,,,,,,0,0,2023,2023-07
2023-07-30,2023,R,656629,680757,FF,4-Seam Fastball,field_out,hit_into_play,L,R,CWS,CLE,94.30,83.30,52,93.48,115.60,fly_ball,2,2,2023,2023-07
2023-07-30,2023,R,656629,680757,FF,4-Seam Fastball,,foul,L,R,CWS,CLE,94.40,68.70,55,,,,2,1,2023,2023-07
2023-07-30,2023,R,656629,680757,CH,Changeup,,ball,L,R,CWS,CLE,84.30,,,,,,1,1,2023,2023-07
2023-07-30,2023,R,656629,680757,CH,Changeup,,swinging_strike,L,R,CWS,CLE,85.40,,,,,,1,0,2023,2023-07
2023-07-30,2023,R,656629,680757,FF,4-Seam Fastball,,ball,L,R,CWS,CLE,92.60,,,,,,0,0,2023,2023-07
2023-07-30,2023,R,656629,686823,FF,4-Seam Fastball,single,hit_into_play,L,R,CWS,CLE,93.50,95.20,10,86.54,87.28,line_drive,2,2,2023,2023-07
2023-07-30,2023,R,656629,686823,SL,Slider,,ball,L,R,CWS,CLE,85.80,,,,,,1,2,2023,2023-07
2023-07-30,2023,R,656629,686823,FF,4-Seam Fastball,,ball,L,R,CWS,CLE,93.60,,,,,,0,2,2023,2023-07
2023-07-30,2023,R,656629,686823,CU,Curveball,,foul,L,R,CWS,CLE,76.70,99.20,21,,,,0,1,2023,2023-07
2023-07-30,2023,R,656629,686823,FF,4-Seam Fastball,,foul,L,R,CWS,CLE,89.60,81.60,34,,,,0,0,2023,2023-07
2023-07-30,2023,R,656629,686823,FF,4-Seam Fastball,field_out,hit_into_play,L,R,CWS,CLE,93.50,89.60,30,154.08,67.63,fly_ball,2,1,2023,2023-07
2023-07-30,2023,R,656629,686823,SL,Slider,,ball,L,R,CWS,CLE,82.10,,,,,,1,1,2023,2023-07
2023-07-30,2023,R,656629,686823,SL,Slider,,called_strike,L,R,CWS,CLE,82.90,,,,,,1,0,2023,2023-07
2023-07-30,2023,R,656629,686823,FF,4-Seam Fastball,,ball,L,R,CWS,CLE,93.20,,,,,,0,0,2023,2023-07
2023-07-30,2023,R,656849,545121,SI,Sinker,single,hit_into_play,R,L,NYM,WSH,92.40,100.60,5,143.66,122.80,ground_ball,0,0,2023,2023-07
2023-07-30,2023,R,656849,600869,SL,Slider,strikeout,swinging_strike_blocked,R,L,NYM,WSH,85.50,,,,,,2,2,2023,2023-07
2023-07-30,2023,R,656849,600869,FF,4-Seam Fastball,,ball,R,L,NYM,WSH,93.80,,,,,,1,2,2023,2023-07
2023-07-30,2023,R,656849,600869,FF,4-Seam Fastball,,ball,R,L,NYM,WSH,94.40,,,,,,0,2,2023,2023-07
2023-07-30,2023,R,656849,600869,CH,Changeup,,foul,R,L,NYM,WSH,86.10,67.20,-17,,,,0,1,2023,2023-07
2023-07-30,2023,R,656849,600869,SI,Sinker,,called_strike,R,L,NYM,WSH,92.40,,,,,,0,0,2023,2023-07
2023-07-30,2023,R,656849,642086,SI,Sinker,strikeout,called_strike,L,L,NYM,WSH,93.20,,,,,,2,2,2023,2023-07
2023-07-30,2023,R,656849,642086,FF,4-Seam Fastball,,foul,L,L,NYM,WSH,93.00,80.00,55,,,,2,1,2023,2023-07
2023-07-30,2023,R,656849,642086,FF,4-Seam Fastball,,ball,L,L,NYM,WSH,94.00,,,,,,1,1,2023,2023-07
2023-07-30,2023,R,656849,642086,SL,Slider,,ball,L,L,NYM,WSH,84.60,,,,,,0,1,2023,2023-07
2023-07-30,2023,R,656849,642086,FF,4-Seam Fastball,,foul,L,L,NYM,WSH,93.00,86.90,59,,,,0,0,2023,2023-07
2023-07-30,2023,R,656849,656448,CH,Changeup,field_error,hit_into_play,R,L,NYM,WSH,86.80,86.10,49,144.37,108.77,fly_ball,0,1,2023,2023-07
2023-07-30,2023,R,656849,656448,SI,Sinker,,foul,R,L,NYM,WSH,93.80,91.70,33,,,,0,0,2023,2023-07
2023-07-30,2023,R,656849,669743,CH,Changeup,grounded_into_double_play,hit_into_play,R,L,NYM,WSH,85.60,99.70,3,105.58,149.88,ground_ball,1,0,2023,2023-07
2023-07-30,2023,R,656849,669743,CH,Changeup,,ball,R,L,NYM,WSH,87.10,,,,,,0,0,2023,2023-07
2023-07-30,2023,R,656849,671277,FF,4-Seam Fastball,grounded_into_double_play,hit_into_play,L,L,NYM,WSH,93.00,89.40,-4,106.08,172.26,ground_ball,1,0,2023,2023-07
2023-07-30,2023,R,656849,671277,CU,Curveball,,blocked_ball,L,L,NYM,WSH,79.20,,,,,,0,0,2023,2023-07
2023-07-30,2023,R,656849,682928,SI,Sinker,hit_by_pitch,hit_by_pitch,L,L,NYM,WSH,92.00,,,,,,1,1,2023,2023-07
2023-07-30,2023,R,656849,682928,FF,4-Seam Fastball,,foul,L,L,NYM,WSH,91.80,82.30,40,,,,1,0,2023,2023-07
2023-07-30,2023,R,656849,682928,FF,4-Seam Fastball,,ball,L,L,NYM,WSH,92.50,,,,,,0,0,2023,2023-07
2023-07-30,2023,R,656945,656716,SL,Slider,field_out,hit_into_play,L,L,MIA,DET,91.10,65.90,1,116.94,177.98,ground_ball,2,2,2023,2023-07
2023-07-30,2023,R,656945,656716,FF,4-Seam Fastball,,swinging_strike,L,L,MIA,DET,97.10,,,,,,2,1,2023,2023-07
2023-07-30,2023,R,656945,656716,FF,4-Seam Fastball,,ball,L,L,MIA,DET,96.90,,,,,,1,1,2023,2023-07
2023-07-30,2023,R,656945,656716,SL,Slider,,ball,L,L,MIA,DET,90.70,,,,,,0,1,2023,2023-07
2023-07-30,2023,R,656945,656716,SL,Slider,,foul,L,L,MIA,DET,89.20,71.90,30,,,,0,0,2023,2023-07
2023-07-30,2023,R,656945,679529,FF,4-Seam Fastball,field_out,hit_into_play,R,L,MIA,DET,97.40,57.10,31,130.50,132.61,line_drive,2,1,2023,2023-07
2023-07-30,2023,R,656945,679529,SL,Slider,,ball,R,L,MIA,DET,90.10,,,,,,1,1,2023,2023-07
2023-07-30,2023,R,656945,679529,SL,Slider,,called_strike,R,L,MIA,DET,90.70,,,,,,1,0,2023,2023-07
2023-07-30,2023,R,656945,679529,SL,Slider,,ball,R,L,MIA,DET,91.00,,,,,,0,0,2023,2023-07
2023-07-30,2023,R,656945,682985,SL,Slider,field_out,hit_into_play,L,L,MIA,DET,89.20,71.50,-3,146.82,163.64,ground_ball,1,1,2023,2023-07
2023-07-30,2023,R,656945,682985,FF,4-Seam Fastball,,swinging_strike,L,L,MIA,DET,97.60,,,,,,1,0,2023,2023-07
2023-07-30,2023,R,656945,682985,FF,4-Seam Fastball,,ball,L,L,MIA,DET,98.20,,,,,,0,0,2023,2023-07
2023-07-30,2023,R,657508,519203,FF,4-Seam Fastball,strikeout,called_strike,L,R,BAL,NYY,95.80,,,,,,1,2,2023,2023-07
2023-07-30,2023,R,657508,519203,KC,Knuckle Curve,,called_strike,L,R,BAL,NYY,89.70,,,,,,1,1,2023,2023-07
2023-07-30,2023,R,657508,519203,KC,Knuckle Curve,,blocked_ball,L,R,BAL,NYY,88.00,,,,,,0,1,2023,2023-07
2023-07-30,2023,R,657508,519203,KC,Knuckle Curve,,swinging_strike,L,R,BAL,NYY,88.80,,,,,,0,0,2023,2023-07
2023-07-30,2023,R,657508,643396,KC,Knuckle Curve,single,hit_into_play,R,R,BAL,NYY,89.40,97.50,1,169.96,119.12,ground_ball,2,2,2023,2023-07
2023-07-30,2023,R,657508,643396,SL,Slider,,foul,R,R,BAL,NYY,90.10,27.40,49,,,,2,2,2023,2023-07
2023-07-30,2023,R,657508,643396,SL,Slider,,ball,R,R,BAL,NYY,91.10,,,,,,1,2,2023,2023-07
2023-07-30,2023,R,657508,643396,KC,Knuckle Curve,,blocked_ball,R,R,BAL,NYY,89.50,,,,,,0,2,2023,2023-07
2023-07-30,2023,R,657508,643396,SL,Slider,,foul,R,R,BAL,NYY,90.80,72.00,-57,,,,0,2,2023,2023-07
2023-07-30,2023,R,657508,643396,FF,4-Seam Fastball,,called_strike,R,R,BAL,NYY,97.30,,,,,,0,1,2023,2023-07
2023-07-30,2023,R,657508,643396,FF,4-Seam Fastball,,called_strike,R,R,BAL,NYY,97.50,,,,,,0,0,2023,2023-07
2023-07-30,2023,R,657508,656185,FF,4-Seam Fastball,field_out,hit_into_play,L,R,BAL,NYY,97.30,93.40,-1,154.22,155.16,ground_ball,2,0,2023,2023-07
2023-07-30,2023,R,657508,656185,SL,Slider,,ball,L,R,BAL,NYY,92.00,,,,,,1,0,2023,2023-07
2023-07-30,2023,R,657508,656185,FF,4-Seam Fastball,,ball,L,R,BAL,NYY,96.40,,,,,,0,0,2023,2023-07
2023-07-30,2023,R,657508,664056,FF,4-Seam Fastball,sac_fly,hit_into_play,R,R,BAL,NYY,97.40,99.60,22,143.48,48.95,line_drive,2,2,2023,2023-07
2023-07-30,2023,R,657508,664056,SL,Slider,,swinging_strike,R,R,BAL,NYY,90.70,,,,,,2,1,2023,2023-07
2023-07-30,2023,R,657508,664056,FF,4-Seam Fastball,,ball,R,R,BAL,NYY,97.10,,,,,,1,1,2023,2023-07
2023-07-30,2023,R,657508,664056,FF,4-Seam Fastball,,ball,R,R,BAL,NYY,97.00,,,,,,0,1,2023,2023-07
2023-07-30,2023,R,657508,664056,FF,4-Seam Fastball,,swinging_strike,R,R,BAL,NYY,97.30,,,,,,0,0,2023,2023-07
2023-07-30,2023,R,657514,527038,SI,Sinker,strikeout,called_strike,R,L,SF,BOS,91.20,,,,,,3,2,2023,2023-07
2023-07-30,2023,R,657514,527038,SI,Sinker,,called_strike,R,L,SF,BOS,90.00,,,,,,3,1,2023,2023-07
2023-07-30,2023,R,657514,527038,SI,Sinker,,ball,R,L,SF,BOS,90.70,,,,,,2,1,2023,2023-07
2023-07-30,2023,R,657514,527038,SI,Sinker,,called_strike,R,L,SF,BOS,90.50,,,,,,2,0,2023,2023-07
2023-07-30,2023,R,657514,527038,CU,Curveball,,ball,R,L,SF,BOS,78.00,,,,,,1,0,2023,2023-07
2023-07-30,2023,R,657514,527038,CU,Curveball,,ball,R,L,SF,BOS,77.30,,,,,,0,0,2023,2023-07
2023-07-30,2023,R,657514,596103,CU,Curveball,strikeout,swinging_strike,R,L,SF,BOS,77.70,,,,,,1,2,2023,2023-07
2023-07-30,2023,R,657514,596103,CU,Curveball,,ball,R,L,SF,BOS,77.50,,,,,,0,2,2023,2023-07
2023-07-30,2023,R,657514,596103,CU,Curveball,,swinging_strike,R,L,SF,BOS,76.50,,,,,,0,1,2023,2023-07
2023-07-30,2023,R,657514,596103,SI,Sinker,,called_strike,R,L,SF,BOS,89.70,,,,,,0,0,2023,2023-07
2023-07-30,2023,R,657514,605204,CU,Curveball,force_out,hit_into_play,R,L,SF,BOS,78.00,94.10,2,110.15,158.53,ground_ball,1,0,2023,2023-07
2023-07-30,2023,R,657514,605204,SI,Sinker,,ball,R,L,SF,BOS,90.70,,,,,,0,0,2023,2023-07
2023-07-30,2023,R,657514,624424,SI,Sinker,hit_by_pitch,hit_by_pitch,L,L,SF,BOS,89.50,,,,,,2,1,2023,2023-07
2023-07-30,2023,R,657514,624424,SI,Sinker,,ball,L,L,SF,BOS,89.80,,,,,,1,1,2023,2023-07
2023-07-30,2023,R,657514,624424,SI,Sinker,,ball,L,L,SF,BOS,88.50,,,,,,0,1,2023,2023-07
2023-07-30,2023,R,657514,624424,CU,Curveball,,called_strike,L,L,SF,BOS,75.80,,,,,,0,0,2023,2023-07
2023-07-30,2023,R,657514,666165,SI,Sinker,single,hit_into_play,L,L,SF,BOS,90.30,42.90,-67,120.71,196.58,ground_ball,0,0,2023,2023-07
2023-07-30,2023,R,657514,682617,SI,Sinker,walk,ball,R,L,SF,BOS,91.70,,,,,,3,2,2023,2023-07
2023-07-30,2023,R,657514,682617,SI,Sinker,,ball,R,L,SF,BOS,91.60,,,,,,2,2,2023,2023-07
2023-07-30,2023,R,657514,682617,SI,Sinker,,foul,R,L,SF,BOS,91.20,86.10,24,,,,2,2,2023,2023-07
2023-07-30,2023,R,657514,682617,CU,Curveball,,foul,R,L,SF,BOS,79.10,93.40,-16,,,,2,2,2023,2023-07
2023-07-30,2023,R,657514,682617,CU,Curveball,,ball,R,L,SF,BOS,79.40,,,,,,1,2,2023,2023-07
2023-07-30,2023,R,657514,682617,CU,Curveball,,swinging_strike,R,L,SF,BOS,77.80,,,,,,1,1,2023,2023-07
2023-07-30,2023,R,657514,682617,CU,Curveball,,foul,R,L,SF,BOS,78.40,65.90,-27,,,,1,0,2023,2023-07
2023-07-30,2023,R,657514,682617,CU,Curveball,,ball,R,L,SF,BOS,78.30,,,,,,0,0,2023,2023-07
2023-07-30,2023,R,657514,682641,CU,Curveball,hit_by_pitch,hit_by_pitch,R,L,SF,BOS,78.10,,,,,,1,0,2023,2023-07
2023-07-30,2023,R,657514,682641,SI,Sinker,,ball,R,L,SF,BOS,90.00,,,,,,0,0,2023,2023-07
2023-07-30,2023,R,660261,519203,FS,Split-Finger,strikeout,swinging_strike,L,R,BAL,NYY,93.70,,,,,,2,2,2023,2023-07
2023-07-30,2023,R,660261,519203,FC,Cutter,,foul,L,R,BAL,NYY,89.90,66.80,-36,,,,2,2,2023,2023-07
2023-07-30,2023,R,660261,519203,FF,4-Seam Fastball,,foul,L,R,BAL,NYY,99.10,73.60,29,,,,2,2,2023,2023-07
2023-07-30,2023,R,660261,519203,FS,Split-Finger,,called_strike,L,R,BAL,NYY,93.60,,,,,,2,1,2023,2023-07
2023-07-30,2023,R,660261,519203,FF,4-Seam Fastball,,foul,L,R,BAL,NYY,99.30,72.20,59,,,,2,0,2023,2023-07
2023-07-30,2023,R,660261,519203,FF,4-Seam Fastball,,ball,L,R,BAL,NYY,99.20,,,,,,1,0,2023,2023-07
2023-07-30,2023,R,660261,519203,FS,Split-Finger,,ball,L,R,BAL,NYY,95.70,,,,,,0,0,2023,2023-07
2023-07-30,2023,R,660261,519317,FF,4-Seam Fastball,walk,ball,R,R,BAL,NYY,98.90,,,,,,3,2,2023,2023-07
2023-07-30,2023,R,660261,519317,FS,Split-Finger,,ball,R,R,BAL,NYY,94.30,,,,,,2,2,2023,2023-07
2023-07-30,2023,R,660261,519317,FF,4-Seam Fastball,,ball,R,R,BAL,NYY,98.60,,,,,,1,2,2023,2023-07
2023-07-30,2023,R,660261,519317,ST,Sweeper,,ball,R,R,BAL,NYY,86.10,,,,,,0,2,2023,2023-07
2023-07-30,2023,R,660261,519317,FS,Split-Finger,,swinging_strike,R,R,BAL,NYY,93.50,,,,,,0,1,2023,2023-07
2023-07-30,2023,R,660261,519317,FC,Cutter,,called_strike,R,R,BAL,NYY,88.40,,,,,,0,0,2023,2023-07
2023-07-30,2023,R,660261,543309,FF,4-Seam Fastball,strikeout,called_strike,R,R,BAL,NYY,99.50,,,,,,2,2,2023,2023-07
2023-07-30,2023,R,660261,543309,FS,Split-Finger,,swinging_strike,R,R,BAL,NYY,93.00,,,,,,2,1,2023,2023-07
2023-07-30,2023,R,660261,543309,FS,Split-Finger,,ball,R,R,BAL,NYY,93.10,,,,,,1,1,2023,2023-07
2023-07-30,2023,R,660261,543309,FS,Split-Finger,,foul,R,R,BAL,NYY,93.90,,,,,,1,0,2023,2023-07
2023-07-30,2023,R,660261,543309,FF,4-Seam Fastball,,ball,R,R,BAL,NYY,100.30,,,,,,0,0,2023,2023-07
2023-07-30,2023,R,660261,641343,FS,Split-Finger,strikeout,swinging_strike,L,R,BAL,NYY,90.80,,,,,,1,2,2023,2023-07
2023-07-30,2023,R,660261,641343,FF,4-Seam Fastball,,called_strike,L,R,BAL,NYY,99.90,,,,,,1,1,2023,2023-07
2023-07-30,2023,R,660261,641343,FF,4-Seam Fastball,,called_strike,L,R,BAL,NYY,100.30,,,,,,1,0,2023,2023-07
2023-07-30,2023,R,660261,641343,FF,4-Seam Fastball,,ball,L,R,BAL,NYY,100.00,,,,,,0,0,2023,2023-07
2023-07-30,2023,R,660261,643396,FC,Cutter,strikeout,called_strike,R,R,BAL,NYY,88.60,,,,,,1,2,2023,2023-07
2023-07-30,2023,R,660261,643396,FS,Split-Finger,,foul,R,R,BAL,NYY,93.60,,,,,,1,1,2023,2023-07
2023-07-30,2023,R,660261,643396,FC,Cutter,,swinging_strike,R,R,BAL,NYY,89.30,,,,,,1,0,2023,2023-07
2023-07-30,2023,R,660261,643396,FC,Cutter,,ball,R,R,BAL,NYY,89.50,,,,,,0,0,2023,2023-07
2023-07-30,2023,R,660261,650402,FF,4-Seam Fastball,field_out,hit_into_play,R,R,BAL,NYY,99.90,89.90,66,147.62,148.56,popup,1,1,2023,2023-07
2023-07-30,2023,R,660261,650402,FF,4-Seam Fastball,,ball,R,R,BAL,NYY,100.20,,,,,,0,1,2023,2023-07
2023-07-30,2023,R,660261,650402,FS,Split-Finger,,called_strike,R,R,BAL,NYY,94.10,,,,,,0,0,2023,2023-07
2023-07-30,2023,R,660261,664056,FF,4-Seam Fastball,field_out,hit_into_play,R,R,BAL,NYY,98.00,86.20,34,207.09,124.36,fly_ball,1,1,2023,2023-07
2023-07-30,2023,R,660261,664056,FC,Cutter,,called_strike,R,R,BAL,NYY,89.30,,,,,,1,0,2023,2023-07
2023-07-30,2023,R,660261,664056,FF,4-Seam Fastball,,ball,R,R,BAL,NYY,98.80,,,,,,0,0,2023,2023-07
2023-07-30,2023,R,660261,683011,FF,4-Seam Fastball,double,hit_into_play,R,R,BAL,NYY,99.90,103.40,15,103.45,55.93,line_drive,3,2,2023,2023-07
2023-07-30,2023,R,660261,683011,FF,4-Seam Fastball,,ball,R,R,BAL,NYY,99.80,,,,,,2,2,2023,2023-07
2023-07-30,2023,R,660261,683011,FF,4-Seam Fastball,,swinging_strike,R,R,BAL,NYY,99.30,,,,,,2,1,2023,2023-07
2023-07-30,2023,R,660261,683011,FF,4-Seam Fastball,,ball,R,R,BAL,NYY,97.70,,,,,,1,1,2023,2023-07
2023-07-30,2023,R,660261,683011,FF,4-Seam Fastball,,foul,R,R,BAL,NYY,97.60,49.50,22,,,,1,0,2023,2023-07
2023-07-30,2023,R,660261,683011,FF,4-Seam Fastball,,ball,R,R,BAL,NYY,97.40,,,,,,0,0,2023,2023-07
2023-07-30,2023,R,660853,462101,FF,4-Seam Fastball,field_out,hit_into_play,R,R,CWS,CLE,96.60,90.20,-7,143.61,147.84,ground_ball,0,0,2023,2023-07
2023-07-30,2023,R,660853,643217,FF,4-Seam Fastball,field_out,hit_into_play,L,R,CWS,CLE,94.00,82.70,8,135.94,153.89,ground_ball,0,0,2023,2023-07
2023-07-30,2023,R,660853,669394,FF,4-Seam Fastball,strikeout,swinging_strike,R,R,CWS,CLE,96.80,,,,,,2,2,2023,2023-07
2023-07-30,2023,R,660853,669394,FF,4-Seam Fastball,,swinging_strike,R,R,CWS,CLE,96.20,,,,,,2,1,2023,2023-07
2023-07-30,2023,R,660853,669394,FF,4-Seam Fastball,,called_strike,R,R,CWS,CLE,95.80,,,,,,2,0,2023,2023-07
2023-07-30,2023,R,660853,669394,SL,Slider,,ball,R,R,CWS,CLE,84.00,,,,,,1,0,2023,2023-07
2023-07-30,2023,R,660853,669394,SL,Slider,,ball,R,R,CWS,CLE,83.90,,,,,,0,0,2023,2023-07
2023-07-30,2023,R,660853,693049,FF,4-Seam Fastball,walk,ball,L,R,CWS,CLE,95.70,,,,,,3,2,2023,2023-07
2023-07-30,2023,R,660853,693049,FF,4-Seam Fastball,,foul,L,R,CWS,CLE,96.60,77.60,54,,,,3,1,2023,2023-07
2023-07-30,2023,R,660853,693049,FF,4-Seam Fastball,,ball,L,R,CWS,CLE,95.40,,,,,,2,1,2023,2023-07
2023-07-30,2023,R,660853,693049,CH,Changeup,,ball,L,R,CWS,CLE,86.60,,,,,,1,1,2023,2023-07
2023-07-30,2023,R,660853,693049,FF,4-Seam Fastball,,swinging_strike,L,R,CWS,CLE,96.20,,,,,,1,0,2023,2023-07
2023-07-30,2023,R,660853,693049,SL,Slider,,ball,L,R,CWS,CLE,84.20,,,,,,0,0,2023,2023-07
2023-07-30,2023,R,661403,643217,FC,Cutter,field_out,hit_into_play,L,R,CWS,CLE,100.30,77.00,13,92.88,147.44,line_drive,2,2,2023,2023-07
2023-07-30,2023,R,661403,643217,SL,Slider,,foul,L,R,CWS,CLE,92.70,70.90,47,,,,2,2,2023,2023-07
2023-07-30,2023,R,661403,643217,FC,Cutter,,ball,L,R,CWS,CLE,100.30,,,,,,1,2,2023,2023-07
2023-07-30,2023,R,661403,643217,SL,Slider,,foul,L,R,CWS,CLE,91.30,59.20,-35,,,,1,1,2023,2023-07
2023-07-30,2023,R,661403,643217,FC,Cutter,,called_strike,L,R,CWS,CLE,100.10,,,,,,1,0,2023,2023-07
2023-07-30,2023,R,661403,643217,FC,Cutter,,ball,L,R,CWS,CLE,100.90,,,,,,0,0,2023,2023-07
2023-07-30,2023,R,661403,669394,SL,Slider,field_out,hit_into_play,R,R,CWS,CLE,92.80,91.50,-1,110.44,146.83,ground_ball,0,0,2023,2023-07
2023-07-30,2023,R,661403,673357,FC,Cutter,double,hit_into_play,R,R,CWS,CLE,99.00,71.50,-13,52.25,123.44,ground_ball,1,0,2023,2023-07
2023-07-30,2023,R,661403,673357,FC,Cutter,,ball,R,R,CWS,CLE,100.20,,,,,,0,0,2023,2023-07
2023-07-30,2023,R,661403,683734,FC,Cutter,field_out,hit_into_play,R,R,CWS,CLE,99.10,85.10,33,166.63,86.55,fly_ball,1,1,2023,2023-07
2023-07-30,2023,R,661403,683734,SL,Slider,,ball,R,R,CWS,CLE,90.70,,,,,,0,1,2023,2023-07
2023-07-30,2023,R,661403,683734,SL,Slider,,foul,R,R,CWS,CLE,90.20,73.80,78,,,,0,0,2023,2023-07
2023-07-30,2023,R,661440,543063,SI,Sinker,single,hit_into_play,L,R,SF,BOS,95.00,37.70,-64,121.46,198.62,ground_ball,0,0,2023,2023-07
2023-07-30,2023,R,661440,592626,SI,Sinker,single,hit_into_play,L,R,SF,BOS,96.00,103.10,5,172.58,117.33,ground_ball,2,1,2023,2023-07
2023-07-30,2023,R,661440,592626,SI,Sinker,,ball,L,R,SF,BOS,93.60,,,,,,1,1,2023,2023-07
2023-07-30,2023,R,661440,592626,SI,Sinker,,called_strike,L,R,SF,BOS,96.20,,,,,,1,0,2023,2023-07
2023-07-30,2023,R,661440,592626,SL,Slider,,ball,L,R,SF,BOS,82.90,,,,,,0,0,2023,2023-07
2023-07-30,2023,R,661440,669477,SI,Sinker,hit_by_pitch,hit_by_pitch,R,R,SF,BOS,94.30,,,,,,3,2,2023,2023-07
2023-07-30,2023,R,661440,669477,SI,Sinker,,foul,R,R,SF,BOS,95.00,80.60,45,,,,3,2,2023,2023-07
2023-07-30,2023,R,661440,669477,SL,Slider,,ball,R,R,SF,BOS,81.00,,,,,,2,2,2023,2023-07
2023-07-30,2023,R,661440,669477,SI,Sinker,,missed_bunt,R,R,SF,BOS,95.20,,,,,,2,1,2023,2023-07
2023-07-30,2023,R,661440,669477,SL,Slider,,ball,R,R,SF,BOS,80.80,,,,,,1,1,2023,2023-07
2023-07-30,2023,R,661440,669477,SL,Slider,,called_strike,R,R,SF,BOS,79.70,,,,,,1,0,2023,2023-07
2023-07-30,2023,R,661440,669477,SL,Slider,,ball,R,R,SF,BOS,82.80,,,,,,0,0,2023,2023-07
2023-07-30,2023,R,663158,641598,FF,4-Seam Fastball,strikeout,called_strike,R,R,SD,TEX,99.30,,,,,,2,2,2023,2023-07
2023-07-30,2023,R,663158,641598,FF,4-Seam Fastball,,foul,R,R,SD,TEX,98.80,,,,,,2,2,2023,2023-07
2023-07-30,2023,R,663158,641598,CH,Changeup,,ball,R,R,SD,TEX,90.10,,,,,,1,2,2023,2023-07
2023-07-30,2023,R,663158,641598,FF,4-Seam Fastball,,called_strike,R,R,SD,TEX,96.40,,,,,,1,1,2023,2023-07
2023-07-30,2023,R,663158,641598,CH,Changeup,,ball,R,R,SD,TEX,89.50,,,,,,0,1,2023,2023-07
2023-07-30,2023,R,663158,641598,FF,4-Seam Fastball,,called_strike,R,R,SD,TEX,96.30,,,,,,0,0,2023,2023-07
2023-07-30,2023,R,663158,669087,SI,Sinker,field_out,hit_into_play,R,R,SD,TEX,98.30,50.60,-10,114.94,190.55,ground_ball,3,2,2023,2023-07
2023-07-30,2023,R,663158,669087,CH,Changeup,,ball,R,R,SD,TEX,91.50,,,,,,2,2,2023,2023-07
2023-07-30,2023,R,663158,669087,FC,Cutter,,ball,R,R,SD,TEX,88.40,,,,,,1,2,2023,2023-07
2023-07-30,2023,R,663158,669087,FF,4-Seam Fastball,,ball,R,R,SD,TEX,97.90,,,,,,0,2,2023,2023-07
2023-07-30,2023,R,663158,669087,SL,Slider,,swinging_strike,R,R,SD,TEX,87.10,,,,,,0,1,2023,2023-07
2023-07-30,2023,R,663158,669087,SL,Slider,,swinging_strike,R,R,SD,TEX,86.10,,,,,,0,0,2023,2023-07
2023-07-30,2023,R,663158,677649,CH,Changeup,field_out,hit_into_play,R,R,SD,TEX,90.70,82.30,-15,97.40,160.05,ground_ball,2,2,2023,2023-07
2023-07-30,2023,R,663158,677649,CH,Changeup,,foul,R,R,SD,TEX,91.40,38.70,25,,,,2,2,2023,2023-07
2023-07-30,2023,R,663158,677649,FF,4-Seam Fastball,,foul,R,R,SD,TEX,98.70,79.10,44,,,,2,1,2023,2023-07
2023-07-30,2023,R,663158,677649,FF,4-Seam Fastball,,swinging_strike,R,R,SD,TEX,97.20,,,,,,2,0,2023,2023-07
2023-07-30,2023,R,663158,677649,FF,4-Seam Fastball,,ball,R,R,SD,TEX,97.90,,,,,,1,0,2023,2023-07
2023-07-30,2023,R,663158,677649,SL,Slider,,ball,R,R,SD,TEX,87.00,,,,,,0,0,2023,2023-07
2023-07-30,2023,R,663941,457759,FF,4-Seam Fastball,field_out,hit_into_play,R,R,SF,BOS,95.60,86.10,60,174.07,134.11,fly_ball,0,2,2023,2023-07
2023-07-30,2023,R,663941,457759,ST,Sweeper,,foul,R,R,SF,BOS,80.20,79.50,-25,,,,0,1,2023,2023-07
2023-07-30,2023,R,663941,457759,FF,4-Seam Fastball,,foul_tip,R,R,SF,BOS,94.20,,,,,,0,0,2023,2023-07
2023-07-30,2023,R,663941,608701,ST,Sweeper,strikeout,swinging_strike_blocked,R,R,SF,BOS,80.80,,,,,,1,2,2023,2023-07
2023-07-30,2023,R,663941,608701,SL,Slider,,swinging_strike,R,R,SF,BOS,87.80,,,,,,1,1,2023,2023-07
2023-07-30,2023,R,663941,608701,FF,4-Seam Fastball,,called_strike,R,R,SF,BOS,92.80,,,,,,1,0,2023,2023-07
2023-07-30,2023,R,663941,608701,SL,Slider,,ball,R,R,SF,BOS,87.40,,,,,,0,0,2023,2023-07
2023-07-30,2023,R,663941,644374,ST,Sweeper,strikeout,swinging_strike,R,R,SF,BOS,83.30,,,,,,1,2,2023,2023-07
2023-07-30,2023,R,663941,644374,ST,Sweeper,,ball,R,R,SF,BOS,84.30,,,,,,0,2,2023,2023-07
2023-07-30,2023,R,663941,644374,ST,Sweeper,,swinging_strike,R,R,SF,BOS,83.70,,,,,,0,1,2023,2023-07
2023-07-30,2023,R,663941,644374,SL,Slider,,foul,R,R,SF,BOS,90.70,94.90,-37,,,,0,0,2023,2023-07
2023-07-30,2023,R,663941,646240,,,intent_walk,automatic_ball,L,R,SF,BOS,,,,,,,3,0,2023,2023-07
2023-07-30,2023,R,663941,646240,,,,automatic_ball,L,R,SF,BOS,,,,,,,2,0,2023,2023-07
2023-07-30,2023,R,663941,646240,,,,automatic_ball,L,R,SF,BOS,,,,,,,1,0,2023,2023-07
2023-07-30,2023,R,663941,646240,,,,automatic_ball,L,R,SF,BOS,,,,,,,0,0,2023,2023-07
2023-07-30,2023,R,663941,657077,CU,Curveball,field_out,hit_into_play,L,R,SF,BOS,80.90,85.70,38,59.73,114.48,fly_ball,0,2,2023,2023-07
2023-07-30,2023,R,663941,657077,SL,Slider,,called_strike,L,R,SF,BOS,82.70,,,,,,0,1,2023,2023-07
2023-07-30,2023,R,663941,657077,SL,Slider,,foul,L,R,SF,BOS,89.10,76.90,66,,,,0,0,2023,2023-07
2023-07-30,2023,R,663941,657136,ST,Sweeper,strikeout,swinging_strike,R,R,SF,BOS,85.30,,,,,,0,2,2023,2023-07
2023-07-30,2023,R,663941,657136,ST,Sweeper,,foul,R,R,SF,BOS,82.60,71.40,62,,,,0,1,2023,2023-07
2023-07-30,2023,R,663941,657136,ST,Sweeper,,swinging_strike,R,R,SF,BOS,82.80,,,,,,0,0,2023,2023-07
2023-07-30,2023,R,663941,807799,SL,Slider,field_out,hit_into_play,L,R,SF,BOS,88.60,81.20,41,177.05,102.96,fly_ball,0,0,2023,2023-07
2023-07-30,2023,R,663947,541645,FF,4-Seam Fastball,field_out,hit_into_play,R,L,MIA,DET,90.90,99.80,41,185.90,77.35,fly_ball,1,0,2023,2023-07
2023-07-30,2023,R,663947,541645,CU,Curveball,,ball,R,L,MIA,DET,78.40,,,,,,0,0,2023,2023-07
2023-07-30,2023,R,663947,542932,FC,Cutter,single,hit_into_play,R,L,MIA,DET,89.80,94.90,13,200.67,113.98,line_drive,1,2,2023,2023-07
2023-07-30,2023,R,663947,542932,FF,4-Seam Fastball,,ball,R,L,MIA,DET,91.70,,,,,,0,2,2023,2023-07
2023-07-30,2023,R,663947,542932,FC,Cutter,,foul,R,L,MIA,DET,88.80,61.60,57,,,,0,1,2023,2023-07
2023-07-30,2023,R,663947,542932,CH,Changeup,,foul,R,L,MIA,DET,81.90,58.80,40,,,,0,0,2023,2023-07
2023-07-30,2023,R,663947,641658,FF,4-Seam Fastball,single,hit_into_play,R,L,MIA,DET,91.20,107.10,11,63.19,97.92,line_drive,1,0,2023,2023-07
2023-07-30,2023,R,663947,641658,FF,4-Seam Fastball,,ball,R,L,MIA,DET,91.50,,,,,,0,0,2023,2023-07
2023-07-30,2023,R,663947,643265,CU,Curveball,home_run,hit_into_play,R,L,MIA,DET,79.10,99.80,28,89.42,29.27,fly_ball,1,2,2023,2023-07
2023-07-30,2023,R,663947,643265,FC,Cutter,,foul,R,L,MIA,DET,90.00,85.60,18,,,,1,2,2023,2023-07
2023-07-30,2023,R,663947,643265,FF,4-Seam Fastball,,ball,R,L,MIA,DET,92.70,,,,,,0,2,2023,2023-07
2023-07-30,2023,R,663947,643265,CH,Changeup,,foul,R,L,MIA,DET,81.50,82.40,54,,,,0,2,2023,2023-07
2023-07-30,2023,R,663947,643265,FC,Cutter,,foul,R,L,MIA,DET,88.50,75.10,60,,,,0,1,2023,2023-07
2023-07-30,2023,R,663947,643265,CH,Changeup,,called_strike,R,L,MIA,DET,84.00,,,,,,0,0,2023,2023-07
2023-07-30,2023,R,663947,650333,SI,Sinker,field_out,hit_into_play,L,L,MIA,DET,90.70,84.60,32,96.06,78.88,fly_ball,0,1,2023,2023-07
2023-07-30,2023,R,663947,650333,SI,Sinker,,foul_bunt,L,L,MIA,DET,92.20,,,,,,0,0,2023,2023-07
2023-07-30,2023,R,663947,650559,CH,Changeup,strikeout,called_strike,R,L,MIA,DET,81.40,,,,,,2,2,2023,2023-07
2023-07-30,2023,R,663947,650559,FC,Cutter,,ball,R,L,MIA,DET,89.70,,,,,,1,2,2023,2023-07
2023-07-30,2023,R,663947,650559,FC,Cutter,,swinging_strike,R,L,MIA,DET,88.90,,,,,,1,1,2023,2023-07
2023-07-30,2023,R,663947,650559,CH,Changeup,,ball,R,L,MIA,DET,82.90,,,,,,0,1,2023,2023-07
2023-07-30,2023,R,663947,650559,FC,Cutter,,swinging_strike,R,L,MIA,DET,88.90,,,,,,0,0,2023,2023-07
2023-07-30,2023,R,663986,641313,SL,Slider,field_out,hit_into_play,R,R,CWS,CLE,87.90,77.70,24,163.33,104.37,line_drive,1,1,2023,2023-07
2023-07-30,2023,R,663986,641313,FF,4-Seam Fastball,,ball,R,R,CWS,CLE,95.50,,,,,,0,1,2023,2023-07
2023-07-30,2023,R,663986,641313,FF,4-Seam Fastball,,called_strike,R,R,CWS,CLE,95.60,,,,,,0,0,2023,2023-07
2023-07-30,2023,R,663986,657757,FF,4-Seam Fastball,field_out,hit_into_play,L,R,CWS,CLE,95.30,90.80,46,119.44,92.59,fly_ball,0,0,2023,2023-07
2023-07-30,2023,R,663986,660162,FF,4-Seam Fastball,field_out,hit_into_play,L,R,CWS,CLE,94.90,84.10,32,98.80,80.55,fly_ball,2,1,2023,2023-07
2023-07-30,2023,R,663986,660162,FS,Split-Finger,,ball,L,R,CWS,CLE,86.70,,,,,,1,1,2023,2023-07
2023-07-30,2023,R,663986,660162,FS,Split-Finger,,swinging_strike,L,R,CWS,CLE,87.70,,,,,,1,0,2023,2023-07
2023-07-30,2023,R,663986,660162,SL,Slider,,ball,L,R,CWS,CLE,88.50,,,,,,0,0,2023,2023-07
2023-07-30,2023,R,664208,623912,ST,Sweeper,single,hit_into_play,R,R,HOU,TB,78.10,75.80,-13,110.09,160.81,ground_ball,1,1,2023,2023-07
2023-07-30,2023,R,664208,623912,ST,Sweeper,,ball,R,R,HOU,TB,77.70,,,,,,0,1,2023,2023-07
2023-07-30,2023,R,664208,623912,ST,Sweeper,,called_strike,R,R,HOU,TB,80.20,,,,,,0,0,2023,2023-07
2023-07-30,2023,R,664208,642350,ST,Sweeper,field_out,hit_into_play,R,R,HOU,TB,78.90,86.60,64,170.99,181.65,popup,2,1,2023,2023-07
2023-07-30,2023,R,664208,642350,ST,Sweeper,,ball,R,R,HOU,TB,79.90,,,,,,1,1,2023,2023-07
2023-07-30,2023,R,664208,642350,ST,Sweeper,,foul,R,R,HOU,TB,78.90,63.30,-28,,,,1,0,2023,2023-07
2023-07-30,2023,R,664208,642350,SI,Sinker,,ball,R,R,HOU,TB,87.20,,,,,,0,0,2023,2023-07
2023-07-30,2023,R,664208,650490,ST,Sweeper,double,hit_into_play,R,R,HOU,TB,78.40,85.00,21,47.33,102.76,line_drive,0,0,2023,2023-07
2023-07-30,2023,R,664208,650907,ST,Sweeper,field_out,hit_into_play,R,R,HOU,TB,79.70,94.90,47,147.65,106.91,fly_ball,1,2,2023,2023-07
2023-07-30,2023,R,664208,650907,FC,Cutter,,foul,R,R,HOU,TB,87.60,85.30,57,,,,1,1,2023,2023-07
2023-07-30,2023,R,664208,650907,FC,Cutter,,foul,R,R,HOU,TB,88.00,74.00,8,,,,1,0,2023,2023-07
2023-07-30,2023,R,664208,650907,ST,Sweeper,,ball,R,R,HOU,TB,79.70,,,,,,0,0,2023,2023-07
2023-07-30,2023,R,664208,650907,CU,Curveball,strikeout,swinging_strike,R,R,HOU,TB,72.30,,,,,,0,2,2023,2023-07
2023-07-30,2023,R,664208,650907,FC,Cutter,,foul,R,R,HOU,TB,87.40,71.40,31,,,,0,1,2023,2023-07
2023-07-30,2023,R,664208,650907,FC,Cutter,,swinging_strike,R,R,HOU,TB,86.40,,,,,,0,0,2023,2023-07
2023-07-30,2023,R,664208,664040,CU,Curveball,home_run,hit_into_play,L,R,HOU,TB,74.20,107.30,25,238.48,66.74,line_drive,2,1,2023,2023-07
2023-07-30,2023,R,664208,664040,FC,Cutter,,ball,L,R,HOU,TB,88.20,,,,,,1,1,2023,2023-07
2023-07-30,2023,R,664208,664040,FC,Cutter,,ball,L,R,HOU,TB,87.50,,,,,,0,1,2023,2023-07
2023-07-30,2023,R,664208,664040,CU,Curveball,,called_strike,L,R,HOU,TB,74.10,,,,,,0,0,2023,2023-07
2023-07-30,2023,R,664208,666139,CU,Curveball,walk,ball,L,R,HOU,TB,72.90,,,,,,3,2,2023,2023-07
2023-07-30,2023,R,664208,666139,FC,Cutter,,called_strike,L,R,HOU,TB,86.30,,,,,,3,1,2023,2023-07
2023-07-30,2023,R,664208,666139,FC,Cutter,,ball,L,R,HOU,TB,87.70,,,,,,2,1,2023,2023-07
2023-07-30,2023,R,664208,666139,FC,Cutter,,called_strike,L,R,HOU,TB,86.60,,,,,,2,0,2023,2023-07
2023-07-30,2023,R,664208,666139,FC,Cutter,,ball,L,R,HOU,TB,88.00,,,,,,1,0,2023,2023-07
2023-07-30,2023,R,664208,666139,FC,Cutter,,ball,L,R,HOU,TB,87.80,,,,,,0,0,2023,2023-07
2023-07-30,2023,R,664208,670042,FC,Cutter,field_out,hit_into_play,L,R,HOU,TB,88.90,62.70,0,145.78,170.19,ground_ball,1,0,2023,2023-07
2023-07-30,2023,R,664208,670042,FC,Cutter,,ball,L,R,HOU,TB,87.90,,,,,,0,0,2023,2023-07
2023-07-30,2023,R,664208,670623,CU,Curveball,strikeout,swinging_strike,R,R,HOU,TB,75.10,,,,,,3,2,2023,2023-07
2023-07-30,2023,R,664208,670623,ST,Sweeper,,ball,R,R,HOU,TB,80.90,,,,,,2,2,2023,2023-07
2023-07-30,2023,R,664208,670623,ST,Sweeper,,foul,R,R,HOU,TB,78.80,,,,,,2,1,2023,2023-07
2023-07-30,2023,R,664208,670623,ST,Sweeper,,ball,R,R,HOU,TB,79.60,,,,,,1,1,2023,2023-07
2023-07-30,2023,R,664208,670623,FC,Cutter,,called_strike,R,R,HOU,TB,87.60,,,,,,1,0,2023,2023-07
2023-07-30,2023,R,664208,670623,CU,Curveball,,ball,R,R,HOU,TB,73.70,,,,,,0,0,2023,2023-07
2023-07-30,2023,R,664208,677551,ST,Sweeper,fielders_choice_out,hit_into_play,L,R,HOU,TB,77.00,104.20,6,111.62,159.79,ground_ball,2,1,2023,2023-07
2023-07-30,2023,R,664208,677551,ST,Sweeper,,foul,L,R,HOU,TB,77.90,,,,,,2,0,2023,2023-07
2023-07-30,2023,R,664208,677551,CU,Curveball,,ball,L,R,HOU,TB,72.00,,,,,,1,0,2023,2023-07
2023-07-30,2023,R,664208,677551,ST,Sweeper,,ball,L,R,HOU,TB,77.40,,,,,,0,0,2023,2023-07
2023-07-30,2023,R,664294,543281,SL,Slider,field_out,hit_into_play,R,R,PIT,PHI,86.40,96.80,29,148.99,53.40,fly_ball,0,2,2023,2023-07
2023-07-30,2023,R,664294,543281,SL,Slider,,foul,R,R,PIT,PHI,84.80,63.90,-33,,,,0,1,2023,2023-07
2023-07-30,2023,R,664294,543281,FF,4-Seam Fastball,,called_strike,R,R,PIT,PHI,95.90,,,,,,0,0,2023,2023-07
2023-07-30,2023,R,664294,607208,FF,4-Seam Fastball,field_out,hit_into_play,R,R,PIT,PHI,96.30,96.20,40,144.15,67.78,fly_ball,0,1,2023,2023-07
2023-07-30,2023,R,664294,607208,SL,Slider,,swinging_strike,R,R,PIT,PHI,82.90,,,,,,0,0,2023,2023-07
2023-07-30,2023,R,664294,624641,SL,Slider,strikeout,swinging_strike_blocked,R,R,PIT,PHI,86.40,,,,,,0,2,2023,2023-07
2023-07-30,2023,R,664294,624641,SL,Slider,,swinging_strike,R,R,PIT,PHI,85.60,,,,,,0,1,2023,2023-07
2023-07-30,2023,R,664294,624641,SL,Slider,,swinging_strike,R,R,PIT,PHI,85.00,,,,,,0,0,2023,2023-07
2023-07-30,2023,R,664875,664913,ST,Sweeper,strikeout,swinging_strike,L,R,COL,ATH,84.00,,,,,,1,2,2023,2023-07
2023-07-30,2023,R,664875,664913,SI,Sinker,,called_strike,L,R,COL,ATH,94.20,,,,,,1,1,2023,2023-07
2023-07-30,2023,R,664875,664913,SI,Sinker,,foul,L,R,COL,ATH,92.70,84.10,67,,,,1,0,2023,2023-07
2023-07-30,2023,R,664875,664913,SI,Sinker,,ball,L,R,COL,ATH,94.30,,,,,,0,0,2023,2023-07
2023-07-30,2023,R,664875,668709,SI,Sinker,strikeout,called_strike,L,R,COL,ATH,96.90,,,,,,0,2,2023,2023-07
2023-07-30,2023,R,664875,668709,ST,Sweeper,,foul,L,R,COL,ATH,84.50,81.30,-19,,,,0,1,2023,2023-07
2023-07-30,2023,R,664875,668709,SI,Sinker,,foul,L,R,COL,ATH,96.00,82.30,13,,,,0,0,2023,2023-07
2023-07-30,2023,R,664875,669127,ST,Sweeper,field_out,hit_into_play,R,R,COL,ATH,83.50,94.00,48,152.58,83.39,fly_ball,2,2,2023,2023-07
2023-07-30,2023,R,664875,669127,SI,Sinker,,ball,R,R,COL,ATH,97.80,,,,,,1,2,2023,2023-07
2023-07-30,2023,R,664875,669127,ST,Sweeper,,ball,R,R,COL,ATH,84.30,,,,,,0,2,2023,2023-07
2023-07-30,2023,R,664875,669127,ST,Sweeper,,called_strike,R,R,COL,ATH,84.20,,,,,,0,1,2023,2023-07
2023-07-30,2023,R,664875,669127,SI,Sinker,,called_strike,R,R,COL,ATH,96.70,,,,,,0,0,2023,2023-07
2023-07-30,2023,R,665152,519203,FF,4-Seam Fastball,strikeout,swinging_strike,L,R,BAL,NYY,95.90,,,,,,0,2,2023,2023-07
2023-07-30,2023,R,665152,519203,FF,4-Seam Fastball,,called_strike,L,R,BAL,NYY,95.30,,,,,,0,1,2023,2023-07
2023-07-30,2023,R,665152,519203,SL,Slider,,called_strike,L,R,BAL,NYY,89.60,,,,,,0,0,2023,2023-07
2023-07-30,2023,R,665152,519203,SL,Slider,strikeout,swinging_strike,L,R,BAL,NYY,88.80,,,,,,3,2,2023,2023-07
2023-07-30,2023,R,665152,519203,FF,4-Seam Fastball,,foul,L,R,BAL,NYY,95.00,79.50,22,,,,3,2,2023,2023-07
2023-07-30,2023,R,665152,519203,FF,4-Seam Fastball,,foul,L,R,BAL,NYY,96.00,67.90,65,,,,3,2,2023,2023-07
2023-07-30,2023,R,665152,519203,FF,4-Seam Fastball,,foul,L,R,BAL,NYY,94.40,87.00,25,,,,3,2,2023,2023-07
2023-07-30,2023,R,665152,519203,FF,4-Seam Fastball,,called_strike,L,R,BAL,NYY,94.40,,,,,,3,1,2023,2023-07
2023-07-30,2023,R,665152,519203,FF,4-Seam Fastball,,ball,L,R,BAL,NYY,93.00,,,,,,2,1,2023,2023-07
2023-07-30,2023,R,665152,519203,CH,Changeup,,ball,L,R,BAL,NYY,84.80,,,,,,1,1,2023,2023-07
2023-07-30,2023,R,665152,519203,SL,Slider,,ball,L,R,BAL,NYY,87.70,,,,,,0,1,2023,2023-07
2023-07-30,2023,R,665152,519203,FF,4-Seam Fastball,,called_strike,L,R,BAL,NYY,93.40,,,,,,0,0,2023,2023-07
2023-07-30,2023,R,665152,519317,SI,Sinker,single,hit_into_play,R,R,BAL,NYY,92.20,76.50,17,113.13,85.19,line_drive,1,1,2023,2023-07
2023-07-30,2023,R,665152,519317,SL,Slider,,called_strike,R,R,BAL,NYY,87.50,,,,,,1,0,2023,2023-07
2023-07-30,2023,R,665152,519317,SL,Slider,,ball,R,R,BAL,NYY,88.10,,,,,,0,0,2023,2023-07
2023-07-30,2023,R,665152,519317,FF,4-Seam Fastball,strikeout,swinging_strike,R,R,BAL,NYY,94.40,,,,,,3,2,2023,2023-07
2023-07-30,2023,R,665152,519317,SI,Sinker,,ball,R,R,BAL,NYY,92.20,,,,,,2,2,2023,2023-07
2023-07-30,2023,R,665152,519317,SI,Sinker,,ball,R,R,BAL,NYY,93.70,,,,,,1,2,2023,2023-07
2023-07-30,2023,R,665152,519317,SL,Slider,,called_strike,R,R,BAL,NYY,88.20,,,,,,1,1,2023,2023-07
2023-07-30,2023,R,665152,519317,SL,Slider,,ball,R,R,BAL,NYY,89.30,,,,,,0,1,2023,2023-07
2023-07-30,2023,R,665152,519317,CU,Curveball,,called_strike,R,R,BAL,NYY,78.60,,,,,,0,0,2023,2023-07
2023-07-30,2023,R,665152,519317,SL,Slider,strikeout,swinging_strike,R,R,BAL,NYY,89.70,,,,,,3,2,2023,2023-07
2023-07-30,2023,R,665152,519317,FF,4-Seam Fastball,,foul,R,R,BAL,NYY,95.90,76.30,69,,,,3,2,2023,2023-07
2023-07-30,2023,R,665152,519317,SL,Slider,,foul,R,R,BAL,NYY,88.60,91.60,28,,,,3,2,2023,2023-07
2023-07-30,2023,R,665152,519317,SI,Sinker,,ball,R,R,BAL,NYY,94.40,,,,,,2,2,2023,2023-07
2023-07-30,2023,R,665152,519317,FF,4-Seam Fastball,,ball,R,R,BAL,NYY,95.00,,,,,,1,2,2023,2023-07
2023-07-30,2023,R,665152,519317,SI,Sinker,,foul,R,R,BAL,NYY,93.20,66.50,33,,,,1,1,2023,2023-07
2023-07-30,2023,R,665152,519317,SL,Slider,,called_strike,R,R,BAL,NYY,88.90,,,,,,1,0,2023,2023-07
2023-07-30,2023,R,665152,519317,SI,Sinker,,ball,R,R,BAL,NYY,91.90,,,,,,0,0,2023,2023-07
2023-07-30,2023,R,665152,543309,SL,Slider,single,hit_into_play,R,R,BAL,NYY,88.50,87.30,12,127.82,86.63,line_drive,2,2,2023,2023-07
2023-07-30,2023,R,665152,543309,FF,4-Seam Fastball,,foul,R,R,BAL,NYY,95.80,81.40,9,,,,2,2,2023,2023-07
2023-07-30,2023,R,665152,543309,FF,4-Seam Fastball,,foul,R,R,BAL,NYY,95.40,77.50,50,,,,2,2,2023,2023-07
2023-07-30,2023,R,665152,543309,SL,Slider,,foul,R,R,BAL,NYY,87.50,77.10,-33,,,,2,1,2023,2023-07
2023-07-30,2023,R,665152,543309,SL,Slider,,ball,R,R,BAL,NYY,88.70,,,,,,1,1,2023,2023-07
2023-07-30,2023,R,665152,543309,FF,4-Seam Fastball,,called_strike,R,R,BAL,NYY,93.90,,,,,,1,0,2023,2023-07
2023-07-30,2023,R,665152,543309,FF,4-Seam Fastball,,ball,R,R,BAL,NYY,94.60,,,,,,0,0,2023,2023-07
2023-07-30,2023,R,665152,543309,SL,Slider,field_out,hit_into_play,R,R,BAL,NYY,88.90,77.30,-24,102.96,170.39,ground_ball,3,1,2023,2023-07
2023-07-30,2023,R,665152,543309,SI,Sinker,,ball,R,R,BAL,NYY,92.70,,,,,,2,1,2023,2023-07
2023-07-30,2023,R,665152,543309,SL,Slider,,ball,R,R,BAL,NYY,87.40,,,,,,1,1,2023,2023-07
2023-07-30,2023,R,665152,543309,SL,Slider,,ball,R,R,BAL,NYY,88.40,,,,,,0,1,2023,2023-07
2023-07-30,2023,R,665152,543309,SL,Slider,,called_strike,R,R,BAL,NYY,87.80,,,,,,0,0,2023,2023-07
2023-07-30,2023,R,665152,641343,FF,4-Seam Fastball,double,hit_into_play,L,R,BAL,NYY,96.20,105.70,9,199.92,102.63,line_drive,0,2,2023,2023-07
2023-07-30,2023,R,665152,641343,CU,Curveball,,swinging_strike,L,R,BAL,NYY,79.00,,,,,,0,1,2023,2023-07
2023-07-30,2023,R,665152,641343,FF,4-Seam Fastball,,foul,L,R,BAL,NYY,94.60,,,,,,0,0,2023,2023-07
2023-07-30,2023,R,665152,641343,SL,Slider,home_run,hit_into_play,L,R,BAL,NYY,87.70,104.00,30,95.68,34.41,fly_ball,1,1,2023,2023-07
2023-07-30,2023,R,665152,641343,FF,4-Seam Fastball,,called_strike,L,R,BAL,NYY,93.10,,,,,,1,0,2023,2023-07
2023-07-30,2023,R,665152,641343,CU,Curveball,,ball,L,R,BAL,NYY,78.50,,,,,,0,0,2023,2023-07
2023-07-30,2023,R,665152,641343,FF,4-Seam Fastball,strikeout,swinging_strike,L,R,BAL,NYY,93.90,,,,,,3,2,2023,2023-07
2023-07-30,2023,R,665152,641343,FF,4-Seam Fastball,,ball,L,R,BAL,NYY,93.70,,,,,,2,2,2023,2023-07
2023-07-30,2023,R,665152,641343,FF,4-Seam Fastball,,swinging_strike,L,R,BAL,NYY,93.60,,,,,,2,1,2023,2023-07
2023-07-30,2023,R,665152,641343,FF,4-Seam Fastball,,ball,L,R,BAL,NYY,93.30,,,,,,1,1,2023,2023-07
2023-07-30,2023,R,665152,641343,CU,Curveball,,ball,L,R,BAL,NYY,79.50,,,,,,0,1,2023,2023-07
2023-07-30,2023,R,665152,641343,FF,4-Seam Fastball,,called_strike,L,R,BAL,NYY,93.00,,,,,,0,0,2023,2023-07
2023-07-30,2023,R,665152,643396,FF,4-Seam Fastball,strikeout,swinging_strike,R,R,BAL,NYY,96.10,,,,,,0,2,2023,2023-07
2023-07-30,2023,R,665152,643396,SI,Sinker,,called_strike,R,R,BAL,NYY,94.20,,,,,,0,1,2023,2023-07
2023-07-30,2023,R,665152,643396,SL,Slider,,swinging_strike,R,R,BAL,NYY,89.10,,,,,,0,0,2023,2023-07
2023-07-30,2023,R,665152,643396,SI,Sinker,field_out,hit_into_play,R,R,BAL,NYY,91.70,104.40,-17,144.58,152.62,ground_ball,1,1,2023,2023-07
2023-07-30,2023,R,665152,643396,FF,4-Seam Fastball,,ball,R,R,BAL,NYY,93.40,,,,,,0,1,2023,2023-07
2023-07-30,2023,R,665152,643396,SI,Sinker,,called_strike,R,R,BAL,NYY,90.20,,,,,,0,0,2023,2023-07
2023-07-30,2023,R,665152,650402,FF,4-Seam Fastball,field_out,hit_into_play,R,R,BAL,NYY,94.40,76.90,75,138.74,185.32,popup,0,1,2023,2023-07
2023-07-30,2023,R,665152,650402,SI,Sinker,,called_strike,R,R,BAL,NYY,92.40,,,,,,0,0,2023,2023-07
2023-07-30,2023,R,665152,650402,SL,Slider,double,hit_into_play,R,R,BAL,NYY,88.60,103.30,32,60.42,50.50,fly_ball,2,2,2023,2023-07
2023-07-30,2023,R,665152,650402,SI,Sinker,,called_strike,R,R,BAL,NYY,92.30,,,,,,2,1,2023,2023-07
2023-07-30,2023,R,665152,650402,SL,Slider,,called_strike,R,R,BAL,NYY,87.70,,,,,,2,0,2023,2023-07
2023-07-30,2023,R,665152,650402,SI,Sinker,,ball,R,R,BAL,NYY,92.20,,,,,,1,0,2023,2023-07
2023-07-30,2023,R,665152,650402,SI,Sinker,,ball,R,R,BAL,NYY,90.80,,,,,,0,0,2023,2023-07
2023-07-30,2023,R,665152,650402,SL,Slider,field_out,hit_into_play,R,R,BAL,NYY,87.70,88.00,-23,94.61,167.84,ground_ball,0,0,2023,2023-07
2023-07-30,2023,R,665152,656185,SL,Slider,field_out,hit_into_play,L,R,BAL,NYY,88.90,87.70,51,118.74,102.27,fly_ball,0,2,2023,2023-07
2023-07-30,2023,R,665152,656185,FF,4-Seam Fastball,,foul,L,R,BAL,NYY,94.30,77.40,34,,,,0,1,2023,2023-07
2023-07-30,2023,R,665152,656185,FF,4-Seam Fastball,,called_strike,L,R,BAL,NYY,93.70,,,,,,0,0,2023,2023-07
2023-07-30,2023,R,665152,656185,SL,Slider,walk,blocked_ball,L,R,BAL,NYY,87.60,,,,,,3,2,2023,2023-07
2023-07-30,2023,R,665152,656185,SL,Slider,,ball,L,R,BAL,NYY,87.00,,,,,,2,2,2023,2023-07
2023-07-30,2023,R,665152,656185,SL,Slider,,swinging_strike,L,R,BAL,NYY,86.50,,,,,,2,1,2023,2023-07
2023-07-30,2023,R,665152,656185,FF,4-Seam Fastball,,ball,L,R,BAL,NYY,94.30,,,,,,1,1,2023,2023-07
2023-07-30,2023,R,665152,656185,FF,4-Seam Fastball,,ball,L,R,BAL,NYY,93.90,,,,,,0,1,2023,2023-07
2023-07-30,2023,R,665152,656185,SL,Slider,,foul,L,R,BAL,NYY,87.30,73.40,-22,,,,0,0,2023,2023-07
2023-07-30,2023,R,665152,664056,CU,Curveball,single,hit_into_play,R,R,BAL,NYY,76.70,102.30,7,113.62,151.10,ground_ball,0,1,2023,2023-07
2023-07-30,2023,R,665152,664056,FF,4-Seam Fastball,,called_strike,R,R,BAL,NYY,93.40,,,,,,0,0,2023,2023-07
2023-07-30,2023,R,665152,664056,FF,4-Seam Fastball,single,hit_into_play,R,R,BAL,NYY,93.20,108.10,11,67.54,88.45,line_drive,1,1,2023,2023-07
2023-07-30,2023,R,665152,664056,FF,4-Seam Fastball,,called_strike,R,R,BAL,NYY,93.30,,,,,,1,0,2023,2023-07
2023-07-30,2023,R,665152,664056,FF,4-Seam Fastball,,ball,R,R,BAL,NYY,93.70,,,,,,0,0,2023,2023-07
2023-07-30,2023,R,665152,683011,FF,4-Seam Fastball,strikeout,swinging_strike,R,R,BAL,NYY,94.20,,,,,,0,2,2023,2023-07
2023-07-30,2023,R,665152,683011,FF,4-Seam Fastball,,called_strike,R,R,BAL,NYY,93.20,,,,,,0,1,2023,2023-07
2023-07-30,2023,R,665152,683011,SL,Slider,,called_strike,R,R,BAL,NYY,88.00,,,,,,0,0,2023,2023-07
2023-07-30,2023,R,665152,683011,SI,Sinker,walk,blocked_ball,R,R,BAL,NYY,92.70,,,,,,3,2,2023,2023-07
2023-07-30,2023,R,665152,683011,SI,Sinker,,foul,R,R,BAL,NYY,91.60,75.50,18,,,,3,1,2023,2023-07
2023-07-30,2023,R,665152,683011,SL,Slider,,ball,R,R,BAL,NYY,86.50,,,,,,2,1,2023,2023-07
2023-07-30,2023,R,665152,683011,SI,Sinker,,called_strike,R,R,BAL,NYY,91.00,,,,,,2,0,2023,2023-07
2023-07-30,2023,R,665152,683011,SI,Sinker,,ball,R,R,BAL,NYY,90.60,,,,,,1,0,2023,2023-07
2023-07-30,2023,R,665152,683011,SL,Slider,,blocked_ball,R,R,BAL,NYY,87.80,,,,,,0,0,2023,2023-07
2023-07-30,2023,R,665622,543068,SI,Sinker,field_out,hit_into_play,R,R,COL,ATH,96.30,83.10,-7,113.39,146.37,ground_ball,2,2,2023,2023-07
2023-07-30,2023,R,665622,543068,SI,Sinker,,called_strike,R,R,COL,ATH,94.70,,,,,,2,1,2023,2023-07
2023-07-30,2023,R,665622,543068,SL,Slider,,swinging_strike,R,R,COL,ATH,83.30,,,,,,2,0,2023,2023-07
2023-07-30,2023,R,665622,543068,SL,Slider,,ball,R,R,COL,ATH,82.50,,,,,,1,0,2023,2023-07
2023-07-30,2023,R,665622,543068,CU,Curveball,,ball,R,R,COL,ATH,76.00,,,,,,0,0,2023,2023-07
2023-07-30,2023,R,665622,543068,SL,Slider,strikeout,swinging_strike,R,R,COL,ATH,84.70,,,,,,2,2,2023,2023-07
2023-07-30,2023,R,665622,543068,SL,Slider,,foul,R,R,COL,ATH,85.50,,,,,,2,2,2023,2023-07
2023-07-30,2023,R,665622,543068,SL,Slider,,swinging_strike,R,R,COL,ATH,85.30,,,,,,2,1,2023,2023-07
2023-07-30,2023,R,665622,543068,SI,Sinker,,foul,R,R,COL,ATH,95.20,70.90,-44,,,,2,0,2023,2023-07
2023-07-30,2023,R,665622,543068,CU,Curveball,,ball,R,R,COL,ATH,78.10,,,,,,1,0,2023,2023-07
2023-07-30,2023,R,665622,543068,SI,Sinker,,ball,R,R,COL,ATH,96.80,,,,,,0,0,2023,2023-07
2023-07-30,2023,R,665622,543068,SL,Slider,double,hit_into_play,R,R,COL,ATH,85.70,95.30,-21,64.91,122.13,ground_ball,1,2,2023,2023-07
2023-07-30,2023,R,665622,543068,SI,Sinker,,foul,R,R,COL,ATH,97.60,60.70,19,,,,1,1,2023,2023-07
2023-07-30,2023,R,665622,543068,FF,4-Seam Fastball,,called_strike,R,R,COL,ATH,97.80,,,,,,1,0,2023,2023-07
2023-07-30,2023,R,665622,543068,FF,4-Seam Fastball,,ball,R,R,COL,ATH,93.70,,,,,,0,0,2023,2023-07
2023-07-30,2023,R,665622,545341,SL,Slider,field_out,hit_into_play,R,R,COL,ATH,85.70,81.60,-17,110.97,171.22,ground_ball,0,2,2023,2023-07
2023-07-30,2023,R,665622,545341,FF,4-Seam Fastball,,foul,R,R,COL,ATH,98.00,85.80,48,,,,0,1,2023,2023-07
2023-07-30,2023,R,665622,545341,SL,Slider,,swinging_strike,R,R,COL,ATH,85.20,,,,,,0,0,2023,2023-07
2023-07-30,2023,R,665622,545341,SI,Sinker,field_out,hit_into_play,R,R,COL,ATH,96.90,85.00,31,173.94,79.71,fly_ball,0,1,2023,2023-07
2023-07-30,2023,R,665622,545341,SL,Slider,,swinging_strike,R,R,COL,ATH,85.40,,,,,,0,0,2023,2023-07
2023-07-30,2023,R,665622,545341,SL,Slider,strikeout,swinging_strike,R,R,COL,ATH,87.10,,,,,,3,2,2023,2023-07
2023-07-30,2023,R,665622,545341,SI,Sinker,,called_strike,R,R,COL,ATH,98.00,,,,,,3,1,2023,2023-07
2023-07-30,2023,R,665622,545341,SI,Sinker,,ball,R,R,COL,ATH,96.30,,,,,,2,1,2023,2023-07
2023-07-30,2023,R,665622,545341,SI,Sinker,,ball,R,R,COL,ATH,96.00,,,,,,1,1,2023,2023-07
2023-07-30,2023,R,665622,545341,SL,Slider,,swinging_strike,R,R,COL,ATH,86.40,,,,,,1,0,2023,2023-07
2023-07-30,2023,R,665622,545341,SI,Sinker,,ball,R,R,COL,ATH,96.30,,,,,,0,0,2023,2023-07
2023-07-30,2023,R,665622,605612,SL,Slider,strikeout,swinging_strike,L,R,COL,ATH,84.00,,,,,,0,2,2023,2023-07
2023-07-30,2023,R,665622,605612,CH,Changeup,,foul,L,R,COL,ATH,87.50,79.20,34,,,,0,2,2023,2023-07
2023-07-30,2023,R,665622,605612,FF,4-Seam Fastball,,swinging_strike,L,R,COL,ATH,95.60,,,,,,0,1,2023,2023-07
2023-07-30,2023,R,665622,605612,CH,Changeup,,swinging_strike,L,R,COL,ATH,87.10,,,,,,0,0,2023,2023-07
2023-07-30,2023,R,665622,605612,SL,Slider,strikeout,swinging_strike_blocked,L,R,COL,ATH,85.80,,,,,,1,2,2023,2023-07
2023-07-30,2023,R,665622,605612,FF,4-Seam Fastball,,foul,L,R,COL,ATH,97.20,79.70,11,,,,1,1,2023,2023-07
2023-07-30,2023,R,665622,605612,FF,4-Seam Fastball,,ball,L,R,COL,ATH,97.20,,,,,,0,1,2023,2023-07
2023-07-30,2023,R,665622,605612,SL,Slider,,called_strike,L,R,COL,ATH,84.30,,,,,,0,0,2023,2023-07
2023-07-30,2023,R,665622,641857,FF,4-Seam Fastball,double,hit_into_play,L,R,COL,ATH,96.70,101.90,3,82.93,83.13,ground_ball,2,2,2023,2023-07
2023-07-30,2023,R,665622,641857,SL,Slider,,blocked_ball,L,R,COL,ATH,85.20,,,,,,1,2,2023,2023-07
2023-07-30,2023,R,665622,641857,SI,Sinker,,foul,L,R,COL,ATH,97.50,,,,,,1,2,2023,2023-07
2023-07-30,2023,R,665622,641857,SL,Slider,,blocked_ball,L,R,COL,ATH,83.40,,,,,,0,2,2023,2023-07
2023-07-30,2023,R,665622,641857,SL,Slider,,foul,L,R,COL,ATH,85.40,76.10,-24,,,,0,1,2023,2023-07
2023-07-30,2023,R,665622,641857,CH,Changeup,,called_strike,L,R,COL,ATH,87.70,,,,,,0,0,2023,2023-07
2023-07-30,2023,R,665622,641857,FF,4-Seam Fastball,single,hit_into_play,L,R,COL,ATH,95.40,74.80,22,94.60,115.46,line_drive,1,1,2023,2023-07
2023-07-30,2023,R,665622,641857,FF,4-Seam Fastball,,blocked_ball,L,R,COL,ATH,97.90,,,,,,0,1,2023,2023-07
2023-07-30,2023,R,665622,641857,CU,Curveball,,foul,L,R,COL,ATH,78.10,,,,,,0,0,2023,2023-07
2023-07-30,2023,R,665622,641857,SL,Slider,grounded_into_double_play,hit_into_play,L,R,COL,ATH,87.40,105.20,-15,150.96,159.09,ground_ball,1,2,2023,2023-07
2023-07-30,2023,R,665622,641857,FF,4-Seam Fastball,,ball,L,R,COL,ATH,96.90,,,,,,0,2,2023,2023-07
2023-07-30,2023,R,665622,641857,SI,Sinker,,swinging_strike,L,R,COL,ATH,95.80,,,,,,0,1,2023,2023-07
2023-07-30,2023,R,665622,641857,FF,4-Seam Fastball,,foul,L,R,COL,ATH,95.20,,,,,,0,0,2023,2023-07
2023-07-30,2023,R,665622,642851,SI,Sinker,field_out,hit_into_play,R,R,COL,ATH,95.50,79.50,-35,107.50,153.25,ground_ball,0,0,2023,2023-07
2023-07-30,2023,R,665622,642851,SI,Sinker,hit_by_pitch,hit_by_pitch,R,R,COL,ATH,97.90,,,,,,2,1,2023,2023-07
2023-07-30,2023,R,665622,642851,SL,Slider,,ball,R,R,COL,ATH,84.40,,,,,,1,1,2023,2023-07
2023-07-30,2023,R,665622,642851,SL,Slider,,swinging_strike,R,R,COL,ATH,85.70,,,,,,1,0,2023,2023-07
2023-07-30,2023,R,665622,642851,FF,4-Seam Fastball,,ball,R,R,COL,ATH,92.70,,,,,,0,0,2023,2023-07
2023-07-30,2023,R,665622,666134,SI,Sinker,single,hit_into_play,L,R,COL,ATH,94.60,106.50,2,162.48,96.67,ground_ball,2,0,2023,2023-07
2023-07-30,2023,R,665622,666134,CH,Changeup,,ball,L,R,COL,ATH,84.10,,,,,,1,0,2023,2023-07
2023-07-30,2023,R,665622,666134,SI,Sinker,,ball,L,R,COL,ATH,95.50,,,,,,0,0,2023,2023-07
2023-07-30,2023,R,665622,666134,FF,4-Seam Fastball,single,hit_into_play,L,R,COL,ATH,95.50,95.90,-17,163.69,153.03,ground_ball,3,1,2023,2023-07
2023-07-30,2023,R,665622,666134,SI,Sinker,,ball,L,R,COL,ATH,96.20,,,,,,2,1,2023,2023-07
2023-07-30,2023,R,665622,666134,FF,4-Seam Fastball,,swinging_strike,L,R,COL,ATH,94.30,,,,,,2,0,2023,2023-07
2023-07-30,2023,R,665622,666134,CH,Changeup,,ball,L,R,COL,ATH,89.20,,,,,,1,0,2023,2023-07
2023-07-30,2023,R,665622,666134,FF,4-Seam Fastball,,ball,L,R,COL,ATH,98.10,,,,,,0,0,2023,2023-07
2023-07-30,2023,R,665622,666134,FF,4-Seam Fastball,field_out,hit_into_play,L,R,COL,ATH,96.90,51.20,-8,110.97,170.00,ground_ball,1,2,2023,2023-07
2023-07-30,2023,R,665622,666134,SL,Slider,,ball,L,R,COL,ATH,86.10,,,,,,0,2,2023,2023-07
2023-07-30,2023,R,665622,666134,FF,4-Seam Fastball,,foul,L,R,COL,ATH,98.20,60.30,46,,,,0,1,2023,2023-07
2023-07-30,2023,R,665622,666134,SI,Sinker,,foul,L,R,COL,ATH,97.00,82.30,37,,,,0,0,2023,2023-07
2023-07-30,2023,R,665622,669911,CH,Changeup,field_out,hit_into_play,L,R,COL,ATH,87.30,82.40,79,104.90,195.46,popup,1,0,2023,2023-07
2023-07-30,2023,R,665622,669911,CH,Changeup,,ball,L,R,COL,ATH,86.40,,,,,,0,0,2023,2023-07
2023-07-30,2023,R,665622,669911,SL,Slider,strikeout,swinging_strike,L,R,COL,ATH,85.60,,,,,,1,2,2023,2023-07
2023-07-30,2023,R,665622,669911,FF,4-Seam Fastball,,foul,L,R,COL,ATH,95.80,73.80,35,,,,1,2,2023,2023-07
2023-07-30,2023,R,665622,669911,FF,4-Seam Fastball,,ball,L,R,COL,ATH,98.10,,,,,,0,2,2023,2023-07
2023-07-30,2023,R,665622,669911,SL,Slider,,called_strike,L,R,COL,ATH,85.40,,,,,,0,1,2023,2023-07
2023-07-30,2023,R,665622,669911,CU,Curveball,,called_strike,L,R,COL,ATH,78.40,,,,,,0,0,2023,2023-07
2023-07-30,2023,R,665622,678662,FF,4-Seam Fastball,double,hit_into_play,R,R,COL,ATH,96.90,99.40,28,174.27,51.69,fly_ball,3,1,2023,2023-07
2023-07-30,2023,R,665622,678662,FF,4-Seam Fastball,,ball,R,R,COL,ATH,98.30,,,,,,2,1,2023,2023-07
2023-07-30,2023,R,665622,678662,SI,Sinker,,called_strike,R,R,COL,ATH,96.30,,,,,,2,0,2023,2023-07
2023-07-30,2023,R,665622,678662,SL,Slider,,ball,R,R,COL,ATH,85.50,,,,,,1,0,2023,2023-07
2023-07-30,2023,R,665622,678662,SL,Slider,,ball,R,R,COL,ATH,85.60,,,,,,0,0,2023,2023-07
2023-07-30,2023,R,665622,678662,SI,Sinker,field_out,hit_into_play,R,R,COL,ATH,96.90,92.90,42,119.33,59.88,fly_ball,1,2,2023,2023-07
2023-07-30,2023,R,665622,678662,SL,Slider,,blocked_ball,R,R,COL,ATH,86.90,,,,,,0,2,2023,2023-07
2023-07-30,2023,R,665622,678662,SI,Sinker,,foul,R,R,COL,ATH,96.00,,,,,,0,1,2023,2023-07
2023-07-30,2023,R,665622,678662,SI,Sinker,,foul,R,R,COL,ATH,95.10,66.60,39,,,,0,0,2023,2023-07
2023-07-30,2023,R,665622,678662,SL,Slider,field_error,hit_into_play,R,R,COL,ATH,88.30,59.30,56,170.35,160.03,popup,2,2,2023,2023-07
2023-07-30,2023,R,665622,678662,FF,4-Seam Fastball,,foul,R,R,COL,ATH,98.00,,,,,,2,1,2023,2023-07
2023-07-30,2023,R,665622,678662,SL,Slider,,ball,R,R,COL,ATH,85.60,,,,,,1,1,2023,2023-07
2023-07-30,2023,R,665622,678662,SI,Sinker,,ball,R,R,COL,ATH,95.40,,,,,,0,1,2023,2023-07
2023-07-30,2023,R,665622,678662,FF,4-Seam Fastball,,foul,R,R,COL,ATH,95.40,85.60,63,,,,0,0,2023,2023-07
2023-07-30,2023,R,665622,686668,FF,4-Seam Fastball,field_out,hit_into_play,R,R,COL,ATH,97.80,94.10,24,215.34,104.57,line_drive,0,1,2023,2023-07
2023-07-30,2023,R,665622,686668,FF,4-Seam Fastball,,called_strike,R,R,COL,ATH,96.60,,,,,,0,0,2023,2023-07
2023-07-30,2023,R,665622,686668,SL,Slider,strikeout,swinging_strike,R,R,COL,ATH,85.60,,,,,,1,2,2023,2023-07
2023-07-30,2023,R,665622,686668,SL,Slider,,ball,R,R,COL,ATH,86.90,,,,,,0,2,2023,2023-07
2023-07-30,2023,R,665622,686668,SI,Sinker,,foul,R,R,COL,ATH,95.20,78.00,-20,,,,0,1,2023,2023-07
2023-07-30,2023,R,665622,686668,FF,4-Seam Fastball,,foul,R,R,COL,ATH,94.40,76.40,24,,,,0,0,2023,2023-07
2023-07-30,2023,R,665625,606115,SI,Sinker,walk,ball,R,R,ATL,MIL,95.80,,,,,,3,2,2023,2023-07
2023-07-30,2023,R,665625,606115,SL,Slider,,ball,R,R,ATL,MIL,91.90,,,,,,2,2,2023,2023-07
2023-07-30,2023,R,665625,606115,SL,Slider,,ball,R,R,ATL,MIL,91.60,,,,,,1,2,2023,2023-07
2023-07-30,2023,R,665625,606115,SI,Sinker,,foul,R,R,ATL,MIL,96.50,69.90,53,,,,1,2,2023,2023-07
2023-07-30,2023,R,665625,606115,SL,Slider,,ball,R,R,ATL,MIL,91.60,,,,,,0,2,2023,2023-07
2023-07-30,2023,R,665625,606115,SI,Sinker,,foul,R,R,ATL,MIL,95.00,60.20,-56,,,,0,1,2023,2023-07
2023-07-30,2023,R,665625,606115,SI,Sinker,,called_strike,R,R,ATL,MIL,95.20,,,,,,0,0,2023,2023-07
2023-07-30,2023,R,665625,660670,SI,Sinker,grounded_into_double_play,hit_into_play,R,R,ATL,MIL,96.10,85.20,0,108.42,163.59,ground_ball,2,0,2023,2023-07
2023-07-30,2023,R,665625,660670,SL,Slider,,ball,R,R,ATL,MIL,90.50,,,,,,1,0,2023,2023-07
2023-07-30,2023,R,665625,660670,SL,Slider,,ball,R,R,ATL,MIL,91.70,,,,,,0,0,2023,2023-07
2023-07-30,2023,R,665625,671739,SL,Slider,single,hit_into_play,L,R,ATL,MIL,91.80,77.40,21,133.49,90.73,line_drive,0,2,2023,2023-07
2023-07-30,2023,R,665625,671739,SI,Sinker,,foul,L,R,ATL,MIL,96.40,81.30,9,,,,0,1,2023,2023-07
2023-07-30,2023,R,665625,671739,SI,Sinker,,called_strike,L,R,ATL,MIL,96.10,,,,,,0,0,2023,2023-07
2023-07-30,2023,R,665734,543068,FF,4-Seam Fastball,walk,ball,R,R,COL,ATH,97.30,,,,,,3,0,2023,2023-07
2023-07-30,2023,R,665734,543068,SL,Slider,,ball,R,R,COL,ATH,85.50,,,,,,2,0,2023,2023-07
2023-07-30,2023,R,665734,543068,FF,4-Seam Fastball,,ball,R,R,COL,ATH,94.70,,,,,,1,0,2023,2023-07
2023-07-30,2023,R,665734,543068,FF,4-Seam Fastball,,ball,R,R,COL,ATH,95.70,,,,,,0,0,2023,2023-07
2023-07-30,2023,R,665734,545341,SL,Slider,walk,blocked_ball,R,R,COL,ATH,83.90,,,,,,3,2,2023,2023-07
2023-07-30,2023,R,665734,545341,SI,Sinker,,ball,R,R,COL,ATH,95.50,,,,,,2,2,2023,2023-07
2023-07-30,2023,R,665734,545341,SL,Slider,,ball,R,R,COL,ATH,83.80,,,,,,1,2,2023,2023-07
2023-07-30,2023,R,665734,545341,SL,Slider,,ball,R,R,COL,ATH,84.30,,,,,,0,2,2023,2023-07
2023-07-30,2023,R,665734,545341,SL,Slider,,swinging_strike,R,R,COL,ATH,83.40,,,,,,0,1,2023,2023-07
2023-07-30,2023,R,665734,545341,SI,Sinker,,called_strike,R,R,COL,ATH,94.70,,,,,,0,0,2023,2023-07
2023-07-30,2023,R,665734,641857,FF,4-Seam Fastball,field_out,hit_into_play,L,R,COL,ATH,95.60,108.10,-2,155.21,156.06,ground_ball,0,0,2023,2023-07
2023-07-30,2023,R,665734,666134,FF,4-Seam Fastball,field_out,hit_into_play,L,R,COL,ATH,96.40,94.10,26,128.28,50.52,fly_ball,3,1,2023,2023-07
2023-07-30,2023,R,665734,666134,FF,4-Seam Fastball,,ball,L,R,COL,ATH,96.00,,,,,,2,1,2023,2023-07
2023-07-30,2023,R,665734,666134,SL,Slider,,blocked_ball,L,R,COL,ATH,82.80,,,,,,1,1,2023,2023-07
2023-07-30,2023,R,665734,666134,FF,4-Seam Fastball,,called_strike,L,R,COL,ATH,95.50,,,,,,1,0,2023,2023-07
2023-07-30,2023,R,665734,666134,FF,4-Seam Fastball,,ball,L,R,COL,ATH,96.40,,,,,,0,0,2023,2023-07
2023-07-30,2023,R,665734,669911,SL,Slider,strikeout,called_strike,L,R,COL,ATH,83.50,,,,,,1,2,2023,2023-07
2023-07-30,2023,R,665734,669911,SL,Slider,,called_strike,L,R,COL,ATH,82.30,,,,,,1,1,2023,2023-07
2023-07-30,2023,R,665734,669911,FF,4-Seam Fastball,,foul,L,R,COL,ATH,96.10,,-30,,,,1,0,2023,2023-07
2023-07-30,2023,R,665734,669911,SL,Slider,,ball,L,R,COL,ATH,84.80,,,,,,0,0,2023,2023-07
2023-07-30,2023,R,666200,408234,SL,Slider,double,hit_into_play,R,L,MIA,DET,86.80,99.80,21,32.88,101.82,line_drive,0,1,2023,2023-07
2023-07-30,2023,R,666200,408234,FF,4-Seam Fastball,,swinging_strike,R,L,MIA,DET,97.30,,,,,,0,0,2023,2023-07
2023-07-30,2023,R,666200,408234,SI,Sinker,field_out,hit_into_play,R,L,MIA,DET,98.50,89.90,-32,104.15,164.66,ground_ball,1,2,2023,2023-07
2023-07-30,2023,R,666200,408234,FF,4-Seam Fastball,,foul,R,L,MIA,DET,98.10,80.00,47,,,,1,1,2023,2023-07
2023-07-30,2023,R,666200,408234,FF,4-Seam Fastball,,foul,R,L,MIA,DET,97.80,77.60,28,,,,1,0,2023,2023-07
2023-07-30,2023,R,666200,408234,FF,4-Seam Fastball,,ball,R,L,MIA,DET,98.60,,,,,,0,0,2023,2023-07
2023-07-30,2023,R,666200,595879,FF,4-Seam Fastball,field_out,hit_into_play,R,L,MIA,DET,95.30,93.90,-5,151.90,153.97,ground_ball,1,0,2023,2023-07
2023-07-30,2023,R,666200,595879,FF,4-Seam Fastball,,ball,R,L,MIA,DET,95.90,,,,,,0,0,2023,2023-07
2023-07-30,2023,R,666200,595879,CH,Changeup,single,hit_into_play,R,L,MIA,DET,86.80,113.10,7,104.96,67.55,line_drive,2,1,2023,2023-07
2023-07-30,2023,R,666200,595879,FF,4-Seam Fastball,,ball,R,L,MIA,DET,96.50,,,,,,1,1,2023,2023-07
2023-07-30,2023,R,666200,595879,FF,4-Seam Fastball,,foul,R,L,MIA,DET,95.40,74.10,34,,,,1,0,2023,2023-07
2023-07-30,2023,R,666200,595879,SL,Slider,,ball,R,L,MIA,DET,83.70,,,,,,0,0,2023,2023-07
2023-07-30,2023,R,666200,595879,CH,Changeup,fielders_choice,hit_into_play,R,L,MIA,DET,87.10,95.20,-8,151.90,154.48,ground_ball,1,1,2023,2023-07
2023-07-30,2023,R,666200,595879,CH,Changeup,,ball,R,L,MIA,DET,87.80,,,,,,0,1,2023,2023-07
2023-07-30,2023,R,666200,595879,FF,4-Seam Fastball,,called_strike,R,L,MIA,DET,96.60,,,,,,0,0,2023,2023-07
2023-07-30,2023,R,666200,628451,FF,4-Seam Fastball,field_out,hit_into_play,R,L,MIA,DET,95.60,96.40,33,208.28,93.40,fly_ball,1,2,2023,2023-07
2023-07-30,2023,R,666200,628451,FF,4-Seam Fastball,,ball,R,L,MIA,DET,95.60,,,,,,0,2,2023,2023-07
2023-07-30,2023,R,666200,628451,FF,4-Seam Fastball,,called_strike,R,L,MIA,DET,96.50,,,,,,0,1,2023,2023-07
2023-07-30,2023,R,666200,628451,FF,4-Seam Fastball,,foul,R,L,MIA,DET,95.90,76.90,28,,,,0,0,2023,2023-07
2023-07-30,2023,R,666200,628451,SL,Slider,double,hit_into_play,R,L,MIA,DET,83.50,101.30,19,161.54,53.36,line_drive,0,0,2023,2023-07
2023-07-30,2023,R,666200,628451,SL,Slider,single,hit_into_play,R,L,MIA,DET,85.60,97.80,-17,107.20,163.64,ground_ball,0,2,2023,2023-07
2023-07-30,2023,R,666200,628451,FF,4-Seam Fastball,,swinging_strike,R,L,MIA,DET,96.80,,,,,,0,1,2023,2023-07
2023-07-30,2023,R,666200,628451,SL,Slider,,called_strike,R,L,MIA,DET,85.30,,,,,,0,0,2023,2023-07
2023-07-30,2023,R,666200,663837,SL,Slider,single,hit_into_play,R,L,MIA,DET,85.10,101.50,-13,99.84,149.23,ground_ball,1,2,2023,2023-07
2023-07-30,2023,R,666200,663837,FF,4-Seam Fastball,,foul,R,L,MIA,DET,95.50,,,,,,1,1,2023,2023-07
2023-07-30,2023,R,666200,663837,FF,4-Seam Fastball,,foul_tip,R,L,MIA,DET,95.90,,,,,,1,0,2023,2023-07
2023-07-30,2023,R,666200,663837,FF,4-Seam Fastball,,ball,R,L,MIA,DET,96.50,,,,,,0,0,2023,2023-07
2023-07-30,2023,R,666200,663837,CH,Changeup,walk,blocked_ball,R,L,MIA,DET,89.90,,,,,,3,2,2023,2023-07
2023-07-30,2023,R,666200,663837,FF,4-Seam Fastball,,foul,R,L,MIA,DET,97.80,73.10,37,,,,3,2,2023,2023-07
2023-07-30,2023,R,666200,663837,FF,4-Seam Fastball,,ball,R,L,MIA,DET,97.20,,,,,,2,2,2023,2023-07
2023-07-30,2023,R,666200,663837,SL,Slider,,foul,R,L,MIA,DET,86.20,31.30,37,,,,2,2,2023,2023-07
2023-07-30,2023,R,666200,663837,CH,Changeup,,ball,R,L,MIA,DET,88.70,,,,,,1,2,2023,2023-07
2023-07-30,2023,R,666200,663837,CH,Changeup,,ball,R,L,MIA,DET,88.90,,,,,,0,2,2023,2023-07
2023-07-30,2023,R,666200,663837,FC,Cutter,,called_strike,R,L,MIA,DET,91.10,,,,,,0,1,2023,2023-07
2023-07-30,2023,R,666200,663837,FF,4-Seam Fastball,,called_strike,R,L,MIA,DET,95.30,,,,,,0,0,2023,2023-07
2023-07-30,2023,R,666200,663837,FF,4-Seam Fastball,field_out,hit_into_play,R,L,MIA,DET,97.10,81.00,2,105.67,157.53,ground_ball,1,1,2023,2023-07
2023-07-30,2023,R,666200,663837,FF,4-Seam Fastball,,ball,R,L,MIA,DET,98.10,,,,,,0,1,2023,2023-07
2023-07-30,2023,R,666200,663837,SI,Sinker,,foul,R,L,MIA,DET,97.10,,,,,,0,0,2023,2023-07
2023-07-30,2023,R,666200,668670,CH,Changeup,fielders_choice_out,hit_into_play,R,L,MIA,DET,88.10,86.60,-5,139.20,163.64,ground_ball,2,2,2023,2023-07
2023-07-30,2023,R,666200,668670,FF,4-Seam Fastball,,ball,R,L,MIA,DET,97.60,,,,,,1,2,2023,2023-07
2023-07-30,2023,R,666200,668670,FF,4-Seam Fastball,,foul,R,L,MIA,DET,96.00,74.90,52,,,,1,1,2023,2023-07
2023-07-30,2023,R,666200,668670,FF,4-Seam Fastball,,called_strike,R,L,MIA,DET,96.00,,,,,,1,0,2023,2023-07
2023-07-30,2023,R,666200,668670,FF,4-Seam Fastball,,ball,R,L,MIA,DET,96.70,,,,,,0,0,2023,2023-07
2023-07-30,2023,R,666200,668670,FF,4-Seam Fastball,field_out,hit_into_play,R,L,MIA,DET,95.40,79.90,56,170.15,130.90,popup,1,0,2023,2023-07
2023-07-30,2023,R,666200,668670,SL,Slider,,ball,R,L,MIA,DET,83.30,,,,,,0,0,2023,2023-07
2023-07-30,2023,R,666200,668670,SL,Slider,strikeout,called_strike,R,L,MIA,DET,84.70,,,,,,1,2,2023,2023-07
2023-07-30,2023,R,666200,668670,FF,4-Seam Fastball,,called_strike,R,L,MIA,DET,97.60,,,,,,1,1,2023,2023-07
2023-07-30,2023,R,666200,668670,CH,Changeup,,swinging_strike,R,L,MIA,DET,88.30,,,,,,1,0,2023,2023-07
2023-07-30,2023,R,666200,668670,SI,Sinker,,ball,R,L,MIA,DET,96.60,,,,,,0,0,2023,2023-07
2023-07-30,2023,R,666200,670097,FF,4-Seam Fastball,field_out,hit_into_play,R,L,MIA,DET,96.70,86.70,62,183.39,141.75,popup,3,2,2023,2023-07
2023-07-30,2023,R,666200,670097,FF,4-Seam Fastball,,ball,R,L,MIA,DET,97.60,,,,,,2,2,2023,2023-07
2023-07-30,2023,R,666200,670097,FF,4-Seam Fastball,,swinging_strike,R,L,MIA,DET,95.90,,,,,,2,1,2023,2023-07
2023-07-30,2023,R,666200,670097,FF,4-Seam Fastball,,ball,R,L,MIA,DET,95.50,,,,,,1,1,2023,2023-07
2023-07-30,2023,R,666200,670097,FF,4-Seam Fastball,,called_strike,R,L,MIA,DET,95.00,,,,,,1,0,2023,2023-07
2023-07-30,2023,R,666200,670097,FF,4-Seam Fastball,,ball,R,L,MIA,DET,95.40,,,,,,0,0,2023,2023-07
2023-07-30,2023,R,666200,670097,FF,4-Seam Fastball,strikeout,swinging_strike,R,L,MIA,DET,96.50,,,,,,0,2,2023,2023-07
2023-07-30,2023,R,666200,670097,SL,Slider,,foul,R,L,MIA,DET,84.20,,,,,,0,1,2023,2023-07
2023-07-30,2023,R,666200,670097,SL,Slider,,swinging_strike,R,L,MIA,DET,83.50,,,,,,0,0,2023,2023-07
2023-07-30,2023,R,666200,679529,FF,4-Seam Fastball,field_out,hit_into_play,R,L,MIA,DET,96.60,106.50,38,81.29,53.19,fly_ball,2,2,2023,2023-07
2023-07-30,2023,R,666200,679529,CH,Changeup,,ball,R,L,MIA,DET,86.90,,,,,,1,2,2023,2023-07
2023-07-30,2023,R,666200,679529,FF,4-Seam Fastball,,ball,R,L,MIA,DET,96.60,,,,,,0,2,2023,2023-07
2023-07-30,2023,R,666200,679529,FF,4-Seam Fastball,,foul,R,L,MIA,DET,95.80,89.10,58,,,,0,1,2023,2023-07
2023-07-30,2023,R,666200,679529,FF,4-Seam Fastball,,foul,R,L,MIA,DET,95.40,80.60,12,,,,0,0,2023,2023-07
2023-07-30,2023,R,666200,679529,FF,4-Seam Fastball,field_error,hit_into_play,R,L,MIA,DET,97.00,109.40,-15,108.72,151.42,ground_ball,1,2,2023,2023-07
2023-07-30,2023,R,666200,679529,SL,Slider,,foul,R,L,MIA,DET,89.00,85.70,-25,,,,1,1,2023,2023-07
2023-07-30,2023,R,666200,679529,SL,Slider,,blocked_ball,R,L,MIA,DET,85.60,,,,,,0,1,2023,2023-07
2023-07-30,2023,R,666200,679529,FF,4-Seam Fastball,,foul,R,L,MIA,DET,96.30,79.10,51,,,,0,0,2023,2023-07
2023-07-30,2023,R,666200,679529,FF,4-Seam Fastball,grounded_into_double_play,hit_into_play,R,L,MIA,DET,98.50,104.10,-7,112.28,149.90,ground_ball,3,2,2023,2023-07
2023-07-30,2023,R,666200,679529,CH,Changeup,,foul,R,L,MIA,DET,89.20,89.60,36,,,,3,2,2023,2023-07
2023-07-30,2023,R,666200,679529,CH,Changeup,,swinging_strike,R,L,MIA,DET,89.40,,,,,,3,1,2023,2023-07
2023-07-30,2023,R,666200,679529,SL,Slider,,ball,R,L,MIA,DET,85.40,,,,,,2,1,2023,2023-07
2023-07-30,2023,R,666200,679529,FF,4-Seam Fastball,,foul,R,L,MIA,DET,98.40,71.90,76,,,,2,0,2023,2023-07
2023-07-30,2023,R,666200,679529,FF,4-Seam Fastball,,ball,R,L,MIA,DET,96.80,,,,,,1,0,2023,2023-07
2023-07-30,2023,R,666200,679529,FF,4-Seam Fastball,,ball,R,L,MIA,DET,97.50,,,,,,0,0,2023,2023-07
2023-07-30,2023,R,666200,681481,SL,Slider,strikeout,swinging_strike,L,L,MIA,DET,85.70,,,,,,0,2,2023,2023-07
2023-07-30,2023,R,666200,681481,FF,4-Seam Fastball,,called_strike,L,L,MIA,DET,96.50,,,,,,0,1,2023,2023-07
2023-07-30,2023,R,666200,681481,FF,4-Seam Fastball,,foul,L,L,MIA,DET,96.50,86.10,60,,,,0,0,2023,2023-07
2023-07-30,2023,R,666200,681481,SL,Slider,walk,blocked_ball,L,L,MIA,DET,87.20,,,,,,3,2,2023,2023-07
2023-07-30,2023,R,666200,681481,FF,4-Seam Fastball,,ball,L,L,MIA,DET,98.00,,,,,,2,2,2023,2023-07
2023-07-30,2023,R,666200,681481,CH,Changeup,,swinging_strike,L,L,MIA,DET,89.40,,,,,,2,1,2023,2023-07
2023-07-30,2023,R,666200,681481,SL,Slider,,blocked_ball,L,L,MIA,DET,86.90,,,,,,1,1,2023,2023-07
2023-07-30,2023,R,666200,681481,CH,Changeup,,swinging_strike,L,L,MIA,DET,89.00,,,,,,1,0,2023,2023-07
2023-07-30,2023,R,666200,681481,SL,Slider,,ball,L,L,MIA,DET,86.60,,,,,,0,0,2023,2023-07
2023-07-30,2023,R,666200,682985,CH,Changeup,double,hit_into_play,L,L,MIA,DET,88.10,107.60,9,201.27,102.65,line_drive,1,2,2023,2023-07
2023-07-30,2023,R,666200,682985,FF,4-Seam Fastball,,foul,L,L,MIA,DET,96.10,82.70,24,,,,1,2,2023,2023-07
2023-07-30,2023,R,666200,682985,SL,Slider,,foul,L,L,MIA,DET,85.10,72.70,27,,,,1,2,2023,2023-07
2023-07-30,2023,R,666200,682985,CH,Changeup,,foul,L,L,MIA,DET,88.10,68.80,-28,,,,1,2,2023,2023-07
2023-07-30,2023,R,666200,682985,FF,4-Seam Fastball,,ball,L,L,MIA,DET,96.10,,,,,,0,2,2023,2023-07
2023-07-30,2023,R,666200,682985,CH,Changeup,,swinging_strike,L,L,MIA,DET,86.90,,,,,,0,1,2023,2023-07
2023-07-30,2023,R,666200,682985,FF,4-Seam Fastball,,foul,L,L,MIA,DET,94.30,70.50,-36,,,,0,0,2023,2023-07
2023-07-30,2023,R,666200,682985,FF,4-Seam Fastball,fielders_choice_out,hit_into_play,L,L,MIA,DET,96.70,89.80,-11,139.71,166.69,ground_ball,0,0,2023,2023-07
2023-07-30,2023,R,666200,682985,FF,4-Seam Fastball,walk,ball,L,L,MIA,DET,97.50,,,,,,3,1,2023,2023-07
2023-07-30,2023,R,666200,682985,SL,Slider,,ball,L,L,MIA,DET,86.70,,,,,,2,1,2023,2023-07
2023-07-30,2023,R,666200,682985,SL,Slider,,called_strike,L,L,MIA,DET,85.50,,,,,,2,0,2023,2023-07
2023-07-30,2023,R,666200,682985,FF,4-Seam Fastball,,ball,L,L,MIA,DET,96.30,,,,,,1,0,2023,2023-07
2023-07-30,2023,R,666200,682985,FF,4-Seam Fastball,,ball,L,L,MIA,DET,95.50,,,,,,0,0,2023,2023-07
2023-07-30,2023,R,666277,408234,FF,4-Seam Fastball,field_out,hit_into_play,R,R,MIA,DET,95.10,68.60,-38,110.75,157.53,ground_ball,3,2,2023,2023-07
2023-07-30,2023,R,666277,408234,FF,4-Seam Fastball,,swinging_strike,R,R,MIA,DET,95.10,,,,,,3,1,2023,2023-07
2023-07-30,2023,R,666277,408234,FF,4-Seam Fastball,,called_strike,R,R,MIA,DET,93.80,,,,,,3,0,2023,2023-07
2023-07-30,2023,R,666277,408234,FF,4-Seam Fastball,,ball,R,R,MIA,DET,93.60,,,,,,2,0,2023,2023-07
2023-07-30,2023,R,666277,408234,FF,4-Seam Fastball,,ball,R,R,MIA,DET,94.40,,,,,,1,0,2023,2023-07
2023-07-30,2023,R,666277,408234,ST,Sweeper,,blocked_ball,R,R,MIA,DET,82.50,,,,,,0,0,2023,2023-07
2023-07-30,2023,R,666277,656716,CH,Changeup,field_out,hit_into_play,L,R,MIA,DET,91.30,90.90,53,60.55,117.57,fly_ball,2,1,2023,2023-07
2023-07-30,2023,R,666277,656716,FF,4-Seam Fastball,,called_strike,L,R,MIA,DET,95.70,,,,,,2,0,2023,2023-07
2023-07-30,2023,R,666277,656716,FF,4-Seam Fastball,,ball,L,R,MIA,DET,95.60,,,,,,1,0,2023,2023-07
2023-07-30,2023,R,666277,656716,FF,4-Seam Fastball,,ball,L,R,MIA,DET,95.30,,,,,,0,0,2023,2023-07
2023-07-30,2023,R,666277,663837,CH,Changeup,single,hit_into_play,R,R,MIA,DET,90.40,100.20,9,133.10,81.18,line_drive,1,1,2023,2023-07
2023-07-30,2023,R,666277,663837,ST,Sweeper,,ball,R,R,MIA,DET,83.90,,,,,,0,1,2023,2023-07
2023-07-30,2023,R,666277,663837,FF,4-Seam Fastball,,called_strike,R,R,MIA,DET,94.40,,,,,,0,0,2023,2023-07
2023-07-30,2023,R,666277,670097,FF,4-Seam Fastball,walk,ball,R,R,MIA,DET,93.80,,,,,,3,0,2023,2023-07
2023-07-30,2023,R,666277,670097,FF,4-Seam Fastball,,ball,R,R,MIA,DET,94.20,,,,,,2,0,2023,2023-07
2023-07-30,2023,R,666277,670097,FF,4-Seam Fastball,,ball,R,R,MIA,DET,94.00,,,,,,1,0,2023,2023-07
2023-07-30,2023,R,666277,670097,ST,Sweeper,,ball,R,R,MIA,DET,83.60,,,,,,0,0,2023,2023-07
2023-07-30,2023,R,666277,679529,ST,Sweeper,strikeout,foul_tip,R,R,MIA,DET,84.00,,,,,,1,2,2023,2023-07
2023-07-30,2023,R,666277,679529,ST,Sweeper,,foul,R,R,MIA,DET,83.80,90.60,30,,,,1,1,2023,2023-07
2023-07-30,2023,R,666277,679529,ST,Sweeper,,called_strike,R,R,MIA,DET,84.30,,,,,,1,0,2023,2023-07
2023-07-30,2023,R,666277,679529,CH,Changeup,,ball,R,R,MIA,DET,91.70,,,,,,0,0,2023,2023-07
2023-07-30,2023,R,666277,681481,CH,Changeup,strikeout,swinging_strike,L,R,MIA,DET,89.60,,,,,,2,2,2023,2023-07
2023-07-30,2023,R,666277,681481,ST,Sweeper,,foul,L,R,MIA,DET,82.10,72.80,-22,,,,2,1,2023,2023-07
2023-07-30,2023,R,666277,681481,FF,4-Seam Fastball,,ball,L,R,MIA,DET,93.50,,,,,,1,1,2023,2023-07
2023-07-30,2023,R,666277,681481,CH,Changeup,,ball,L,R,MIA,DET,88.10,,,,,,0,1,2023,2023-07
2023-07-30,2023,R,666277,681481,FF,4-Seam Fastball,,called_strike,L,R,MIA,DET,92.90,,,,,,0,0,2023,2023-07
2023-07-30,2023,R,666374,656896,FF,4-Seam Fastball,single,hit_into_play,R,R,AZ,SEA,98.10,105.00,1,191.26,120.49,ground_ball,0,0,2023,2023-07
2023-07-30,2023,R,666374,668942,FF,4-Seam Fastball,field_out,hit_into_play,L,R,AZ,SEA,98.40,92.30,33,85.29,72.03,fly_ball,3,2,2023,2023-07
2023-07-30,2023,R,666374,668942,KC,Knuckle Curve,,ball,L,R,AZ,SEA,85.10,,,,,,2,2,2023,2023-07
2023-07-30,2023,R,666374,668942,FF,4-Seam Fastball,,foul,L,R,AZ,SEA,97.30,80.30,56,,,,2,1,2023,2023-07
2023-07-30,2023,R,666374,668942,FF,4-Seam Fastball,,called_strike,L,R,AZ,SEA,96.80,,,,,,2,0,2023,2023-07
2023-07-30,2023,R,666374,668942,FF,4-Seam Fastball,,ball,L,R,AZ,SEA,97.70,,,,,,1,0,2023,2023-07
2023-07-30,2023,R,666374,668942,FF,4-Seam Fastball,,ball,L,R,AZ,SEA,97.50,,,,,,0,0,2023,2023-07
2023-07-30,2023,R,666374,672695,KC,Knuckle Curve,strikeout,swinging_strike_blocked,L,R,AZ,SEA,86.00,,,,,,1,2,2023,2023-07
2023-07-30,2023,R,666374,672695,SL,Slider,,called_strike,L,R,AZ,SEA,88.70,,,,,,1,1,2023,2023-07
2023-07-30,2023,R,666374,672695,FF,4-Seam Fastball,,ball,L,R,AZ,SEA,96.80,,,,,,0,1,2023,2023-07
2023-07-30,2023,R,666374,672695,SL,Slider,,called_strike,L,R,AZ,SEA,87.30,,,,,,0,0,2023,2023-07
2023-07-30,2023,R,666374,677950,KC,Knuckle Curve,strikeout,swinging_strike_blocked,L,R,AZ,SEA,87.00,,,,,,1,2,2023,2023-07
2023-07-30,2023,R,666374,677950,KC,Knuckle Curve,,ball,L,R,AZ,SEA,83.70,,,,,,0,2,2023,2023-07
2023-07-30,2023,R,666374,677950,SL,Slider,,called_strike,L,R,AZ,SEA,89.60,,,,,,0,1,2023,2023-07
2023-07-30,2023,R,666374,677950,FF,4-Seam Fastball,,called_strike,L,R,AZ,SEA,98.50,,,,,,0,0,2023,2023-07
2023-07-30,2023,R,666808,657077,SL,Slider,field_out,hit_into_play,L,R,SF,BOS,89.70,84.90,77,92.05,180.29,popup,2,2,2023,2023-07
2023-07-30,2023,R,666808,657077,FC,Cutter,,ball,L,R,SF,BOS,101.00,,,,,,1,2,2023,2023-07
2023-07-30,2023,R,666808,657077,FC,Cutter,,swinging_strike,L,R,SF,BOS,100.30,,,,,,1,1,2023,2023-07
2023-07-30,2023,R,666808,657077,SL,Slider,,ball,L,R,SF,BOS,90.20,,,,,,0,1,2023,2023-07
2023-07-30,2023,R,666808,657077,FC,Cutter,,called_strike,L,R,SF,BOS,100.40,,,,,,0,0,2023,2023-07
2023-07-30,2023,R,666808,657136,SL,Slider,strikeout,swinging_strike,R,R,SF,BOS,87.00,,,,,,3,2,2023,2023-07
2023-07-30,2023,R,666808,657136,FC,Cutter,,foul,R,R,SF,BOS,99.60,79.60,64,,,,3,1,2023,2023-07
2023-07-30,2023,R,666808,657136,FC,Cutter,,ball,R,R,SF,BOS,99.80,,,,,,2,1,2023,2023-07
2023-07-30,2023,R,666808,657136,SL,Slider,,ball,R,R,SF,BOS,87.30,,,,,,1,1,2023,2023-07
2023-07-30,2023,R,666808,657136,SL,Slider,,ball,R,R,SF,BOS,89.60,,,,,,0,1,2023,2023-07
2023-07-30,2023,R,666808,657136,FC,Cutter,,foul,R,R,SF,BOS,98.10,83.50,18,,,,0,0,2023,2023-07
2023-07-30,2023,R,666808,671213,FC,Cutter,single,hit_into_play,L,R,SF,BOS,100.40,88.70,17,115.57,84.12,line_drive,1,2,2023,2023-07
2023-07-30,2023,R,666808,671213,FC,Cutter,,ball,L,R,SF,BOS,101.40,,,,,,0,2,2023,2023-07
2023-07-30,2023,R,666808,671213,FC,Cutter,,foul,L,R,SF,BOS,99.60,76.60,33,,,,0,1,2023,2023-07
2023-07-30,2023,R,666808,671213,FC,Cutter,,foul,L,R,SF,BOS,100.00,76.70,55,,,,0,0,2023,2023-07
2023-07-30,2023,R,666808,680776,FC,Cutter,field_out,hit_into_play,L,R,SF,BOS,98.60,92.50,43,51.28,98.90,fly_ball,2,2,2023,2023-07
2023-07-30,2023,R,666808,680776,FC,Cutter,,foul,L,R,SF,BOS,97.70,74.30,72,,,,2,1,2023,2023-07
2023-07-30,2023,R,666808,680776,SL,Slider,,called_strike,L,R,SF,BOS,89.10,,,,,,2,0,2023,2023-07
2023-07-30,2023,R,666808,680776,FC,Cutter,,ball,L,R,SF,BOS,97.50,,,,,,1,0,2023,2023-07
2023-07-30,2023,R,666808,680776,FC,Cutter,,ball,L,R,SF,BOS,98.70,,,,,,0,0,2023,2023-07
2023-07-30,2023,R,666974,519203,FF,4-Seam Fastball,strikeout,swinging_strike,L,R,BAL,NYY,96.00,,,,,,1,2,2023,2023-07
2023-07-30,2023,R,666974,519203,SL,Slider,,called_strike,L,R,BAL,NYY,87.20,,,,,,1,1,2023,2023-07
2023-07-30,2023,R,666974,519203,SL,Slider,,ball,L,R,BAL,NYY,86.50,,,,,,0,1,2023,2023-07
2023-07-30,2023,R,666974,519203,FF,4-Seam Fastball,,called_strike,L,R,BAL,NYY,97.00,,,,,,0,0,2023,2023-07
2023-07-30,2023,R,666974,519317,SL,Slider,strikeout,swinging_strike,R,R,BAL,NYY,88.70,,,,,,3,2,2023,2023-07
2023-07-30,2023,R,666974,519317,SI,Sinker,,ball,R,R,BAL,NYY,96.80,,,,,,2,2,2023,2023-07
2023-07-30,2023,R,666974,519317,FF,4-Seam Fastball,,called_strike,R,R,BAL,NYY,96.60,,,,,,2,1,2023,2023-07
2023-07-30,2023,R,666974,519317,SL,Slider,,ball,R,R,BAL,NYY,87.00,,,,,,1,1,2023,2023-07
2023-07-30,2023,R,666974,519317,SL,Slider,,ball,R,R,BAL,NYY,86.10,,,,,,0,1,2023,2023-07
2023-07-30,2023,R,666974,519317,SL,Slider,,swinging_strike,R,R,BAL,NYY,86.80,,,,,,0,0,2023,2023-07
2023-07-30,2023,R,666974,650402,FF,4-Seam Fastball,strikeout,swinging_strike,R,R,BAL,NYY,96.90,,,,,,2,2,2023,2023-07
2023-07-30,2023,R,666974,650402,SL,Slider,,foul,R,R,BAL,NYY,86.80,78.90,29,,,,2,2,2023,2023-07
2023-07-30,2023,R,666974,650402,FF,4-Seam Fastball,,foul,R,R,BAL,NYY,96.30,79.40,65,,,,2,2,2023,2023-07
2023-07-30,2023,R,666974,650402,CH,Changeup,,foul,R,R,BAL,NYY,89.80,93.10,0,,,,2,1,2023,2023-07
2023-07-30,2023,R,666974,650402,SL,Slider,,ball,R,R,BAL,NYY,87.10,,,,,,1,1,2023,2023-07
2023-07-30,2023,R,666974,650402,SL,Slider,,ball,R,R,BAL,NYY,86.60,,,,,,0,1,2023,2023-07
2023-07-30,2023,R,666974,650402,SI,Sinker,,foul_tip,R,R,BAL,NYY,95.60,,,,,,0,0,2023,2023-07
2023-07-30,2023,R,668933,444482,SL,Slider,field_out,hit_into_play,L,R,LAD,CIN,88.40,97.20,15,183.08,120.42,line_drive,2,2,2023,2023-07
2023-07-30,2023,R,668933,444482,FC,Cutter,,foul,L,R,LAD,CIN,95.90,,,,,,2,2,2023,2023-07
2023-07-30,2023,R,668933,444482,FC,Cutter,,ball,L,R,LAD,CIN,95.00,,,,,,1,2,2023,2023-07
2023-07-30,2023,R,668933,444482,FC,Cutter,,foul,L,R,LAD,CIN,94.40,,,,,,1,1,2023,2023-07
2023-07-30,2023,R,668933,444482,FC,Cutter,,foul,L,R,LAD,CIN,94.30,84.00,-23,,,,1,0,2023,2023-07
2023-07-30,2023,R,668933,444482,FC,Cutter,,ball,L,R,LAD,CIN,94.00,,,,,,0,0,2023,2023-07
2023-07-30,2023,R,668933,444482,SL,Slider,field_out,hit_into_play,L,R,LAD,CIN,88.40,92.60,-20,121.57,145.13,ground_ball,1,2,2023,2023-07
2023-07-30,2023,R,668933,444482,SI,Sinker,,ball,L,R,LAD,CIN,96.40,,,,,,0,2,2023,2023-07
2023-07-30,2023,R,668933,444482,SL,Slider,,foul,L,R,LAD,CIN,88.70,61.80,-25,,,,0,1,2023,2023-07
2023-07-30,2023,R,668933,444482,SL,Slider,,foul,L,R,LAD,CIN,85.60,92.20,-27,,,,0,0,2023,2023-07
2023-07-30,2023,R,668933,444482,SL,Slider,strikeout,swinging_strike,L,R,LAD,CIN,88.80,,,,,,2,2,2023,2023-07
2023-07-30,2023,R,668933,444482,FC,Cutter,,foul,L,R,LAD,CIN,95.80,58.80,-50,,,,2,2,2023,2023-07
2023-07-30,2023,R,668933,444482,FC,Cutter,,ball,L,R,LAD,CIN,95.40,,,,,,1,2,2023,2023-07
2023-07-30,2023,R,668933,444482,SL,Slider,,foul,L,R,LAD,CIN,87.90,67.30,38,,,,1,2,2023,2023-07
2023-07-30,2023,R,668933,444482,FC,Cutter,,foul,L,R,LAD,CIN,94.50,80.70,-28,,,,1,2,2023,2023-07
2023-07-30,2023,R,668933,444482,FC,Cutter,,foul,L,R,LAD,CIN,95.90,52.90,-54,,,,1,2,2023,2023-07
2023-07-30,2023,R,668933,444482,SL,Slider,,called_strike,L,R,LAD,CIN,86.40,,,,,,1,1,2023,2023-07
2023-07-30,2023,R,668933,444482,FC,Cutter,,called_strike,L,R,LAD,CIN,95.10,,,,,,1,0,2023,2023-07
2023-07-30,2023,R,668933,444482,FC,Cutter,,ball,L,R,LAD,CIN,93.90,,,,,,0,0,2023,2023-07
2023-07-30,2023,R,668933,500743,FC,Cutter,field_out,hit_into_play,R,R,LAD,CIN,93.80,93.90,22,150.97,69.93,line_drive,0,0,2023,2023-07
2023-07-30,2023,R,668933,500743,SL,Slider,strikeout,swinging_strike,R,R,LAD,CIN,87.70,,,,,,1,2,2023,2023-07
2023-07-30,2023,R,668933,500743,FC,Cutter,,foul,R,R,LAD,CIN,95.70,67.80,52,,,,1,2,2023,2023-07
2023-07-30,2023,R,668933,500743,SL,Slider,,foul,R,R,LAD,CIN,85.30,78.60,-2,,,,1,2,2023,2023-07
2023-07-30,2023,R,668933,500743,FC,Cutter,,ball,R,R,LAD,CIN,94.90,,,,,,0,2,2023,2023-07
2023-07-30,2023,R,668933,500743,SL,Slider,,foul,R,R,LAD,CIN,88.40,86.30,28,,,,0,2,2023,2023-07
2023-07-30,2023,R,668933,500743,SL,Slider,,foul,R,R,LAD,CIN,86.40,59.60,80,,,,0,1,2023,2023-07
2023-07-30,2023,R,668933,500743,FC,Cutter,,called_strike,R,R,LAD,CIN,94.90,,,,,,0,0,2023,2023-07
2023-07-30,2023,R,668933,518692,FC,Cutter,single,hit_into_play,L,R,LAD,CIN,93.30,105.10,8,190.95,102.57,line_drive,2,0,2023,2023-07
2023-07-30,2023,R,668933,518692,SL,Slider,,ball,L,R,LAD,CIN,84.60,,,,,,1,0,2023,2023-07
2023-07-30,2023,R,668933,518692,SL,Slider,,ball,L,R,LAD,CIN,84.40,,,,,,0,0,2023,2023-07
2023-07-30,2023,R,668933,518692,FC,Cutter,field_out,hit_into_play,L,R,LAD,CIN,95.20,81.50,32,91.19,93.77,fly_ball,0,2,2023,2023-07
2023-07-30,2023,R,668933,518692,FC,Cutter,,foul,L,R,LAD,CIN,96.10,68.70,15,,,,0,1,2023,2023-07
2023-07-30,2023,R,668933,518692,FC,Cutter,,foul,L,R,LAD,CIN,95.10,78.00,-13,,,,0,0,2023,2023-07
2023-07-30,2023,R,668933,518692,SL,Slider,single,hit_into_play,L,R,LAD,CIN,87.40,65.10,37,136.91,103.72,fly_ball,2,2,2023,2023-07
2023-07-30,2023,R,668933,518692,FC,Cutter,,ball,L,R,LAD,CIN,94.50,,,,,,1,2,2023,2023-07
2023-07-30,2023,R,668933,518692,SL,Slider,,ball,L,R,LAD,CIN,89.50,,,,,,0,2,2023,2023-07
2023-07-30,2023,R,668933,518692,FC,Cutter,,swinging_strike,L,R,LAD,CIN,96.90,,,,,,0,1,2023,2023-07
2023-07-30,2023,R,668933,518692,SL,Slider,,called_strike,L,R,LAD,CIN,89.00,,,,,,0,0,2023,2023-07
2023-07-30,2023,R,668933,518792,FC,Cutter,field_out,hit_into_play,L,R,LAD,CIN,93.20,82.30,28,139.76,81.06,line_drive,2,0,2023,2023-07
2023-07-30,2023,R,668933,518792,FC,Cutter,,ball,L,R,LAD,CIN,92.80,,,,,,1,0,2023,2023-07
2023-07-30,2023,R,668933,518792,SL,Slider,,ball,L,R,LAD,CIN,84.60,,,,,,0,0,2023,2023-07
2023-07-30,2023,R,668933,518792,FC,Cutter,field_out,hit_into_play,L,R,LAD,CIN,94.30,87.70,30,130.62,72.15,fly_ball,0,0,2023,2023-07
2023-07-30,2023,R,668933,571771,FC,Cutter,field_out,hit_into_play,R,R,LAD,CIN,92.90,107.20,-33,97.26,135.79,ground_ball,2,0,2023,2023-07
2023-07-30,2023,R,668933,571771,SL,Slider,,ball,R,R,LAD,CIN,84.50,,,,,,1,0,2023,2023-07
2023-07-30,2023,R,668933,571771,FC,Cutter,,ball,R,R,LAD,CIN,94.20,,,,,,0,0,2023,2023-07
2023-07-30,2023,R,668933,571771,FC,Cutter,field_out,hit_into_play,R,R,LAD,CIN,95.10,94.90,36,161.03,70.31,fly_ball,2,1,2023,2023-07
2023-07-30,2023,R,668933,571771,FC,Cutter,,swinging_strike,R,R,LAD,CIN,94.10,,,,,,2,0,2023,2023-07
2023-07-30,2023,R,668933,571771,FC,Cutter,,ball,R,R,LAD,CIN,93.60,,,,,,1,0,2023,2023-07
2023-07-30,2023,R,668933,571771,SL,Slider,,ball,R,R,LAD,CIN,86.70,,,,,,0,0,2023,2023-07
2023-07-30,2023,R,668933,571970,FC,Cutter,field_out,hit_into_play,L,R,LAD,CIN,93.10,98.00,40,195.85,72.97,fly_ball,1,1,2023,2023-07
2023-07-30,2023,R,668933,571970,FC,Cutter,,ball,L,R,LAD,CIN,95.20,,,,,,0,1,2023,2023-07
2023-07-30,2023,R,668933,571970,SL,Slider,,called_strike,L,R,LAD,CIN,86.80,,,,,,0,0,2023,2023-07
2023-07-30,2023,R,668933,571970,FC,Cutter,force_out,hit_into_play,L,R,LAD,CIN,96.00,83.00,-20,157.10,150.44,ground_ball,0,1,2023,2023-07
2023-07-30,2023,R,668933,571970,FC,Cutter,,called_strike,L,R,LAD,CIN,93.50,,,,,,0,0,2023,2023-07
2023-07-30,2023,R,668933,571970,FC,Cutter,grounded_into_double_play,hit_into_play,L,R,LAD,CIN,96.20,76.30,7,121.86,141.63,ground_ball,0,0,2023,2023-07
2023-07-30,2023,R,668933,605131,SL,Slider,grounded_into_double_play,hit_into_play,R,R,LAD,CIN,89.40,60.50,2,119.66,172.64,ground_ball,0,2,2023,2023-07
2023-07-30,2023,R,668933,605131,SL,Slider,,called_strike,R,R,LAD,CIN,86.20,,,,,,0,1,2023,2023-07
2023-07-30,2023,R,668933,605131,FC,Cutter,,called_strike,R,R,LAD,CIN,92.70,,,,,,0,0,2023,2023-07
2023-07-30,2023,R,668933,605131,FC,Cutter,single,hit_into_play,R,R,LAD,CIN,94.50,98.40,-8,123.07,101.02,ground_ball,0,0,2023,2023-07
2023-07-30,2023,R,668933,621035,FC,Cutter,single,hit_into_play,R,R,LAD,CIN,92.00,102.30,11,75.00,79.73,line_drive,0,2,2023,2023-07
2023-07-30,2023,R,668933,621035,SL,Slider,,foul,R,R,LAD,CIN,86.90,,,,,,0,1,2023,2023-07
2023-07-30,2023,R,668933,621035,SL,Slider,,foul,R,R,LAD,CIN,86.30,71.60,56,,,,0,0,2023,2023-07
2023-07-30,2023,R,668933,621035,FC,Cutter,field_out,hit_into_play,R,R,LAD,CIN,95.60,89.90,31,197.27,99.32,fly_ball,2,2,2023,2023-07
2023-07-30,2023,R,668933,621035,FC,Cutter,,foul,R,R,LAD,CIN,93.90,83.20,56,,,,2,1,2023,2023-07
2023-07-30,2023,R,668933,621035,SL,Slider,,ball,R,R,LAD,CIN,86.90,,,,,,1,1,2023,2023-07
2023-07-30,2023,R,668933,621035,FC,Cutter,,ball,R,R,LAD,CIN,95.70,,,,,,0,1,2023,2023-07
2023-07-30,2023,R,668933,621035,FC,Cutter,,swinging_strike,R,R,LAD,CIN,95.00,,,,,,0,0,2023,2023-07
2023-07-30,2023,R,668933,669257,FC,Cutter,hit_by_pitch,hit_by_pitch,R,R,LAD,CIN,96.00,,,,,,2,2,2023,2023-07
2023-07-30,2023,R,668933,669257,FC,Cutter,,foul,R,R,LAD,CIN,95.70,88.60,23,,,,2,2,2023,2023-07
2023-07-30,2023,R,668933,669257,SL,Slider,,ball,R,R,LAD,CIN,87.30,,,,,,1,2,2023,2023-07
2023-07-30,2023,R,668933,669257,SL,Slider,,called_strike,R,R,LAD,CIN,87.40,,,,,,1,1,2023,2023-07
2023-07-30,2023,R,668933,669257,SL,Slider,,ball,R,R,LAD,CIN,88.30,,,,,,0,1,2023,2023-07
2023-07-30,2023,R,668933,669257,FC,Cutter,,called_strike,R,R,LAD,CIN,93.70,,,,,,0,0,2023,2023-07
2023-07-30,2023,R,668933,681546,SL,Slider,field_out,hit_into_play,L,R,LAD,CIN,85.40,91.80,54,60.36,124.23,fly_ball,2,2,2023,2023-07
2023-07-30,2023,R,668933,681546,FC,Cutter,,ball,L,R,LAD,CIN,95.30,,,,,,1,2,2023,2023-07
2023-07-30,2023,R,668933,681546,FC,Cutter,,ball,L,R,LAD,CIN,94.70,,,,,,0,2,2023,2023-07
2023-07-30,2023,R,668933,681546,SL,Slider,,foul,L,R,LAD,CIN,87.80,89.20,8,,,,0,2,2023,2023-07
2023-07-30,2023,R,668933,681546,FC,Cutter,,foul,L,R,LAD,CIN,95.70,82.00,-17,,,,0,2,2023,2023-07
2023-07-30,2023,R,668933,681546,FC,Cutter,,foul,L,R,LAD,CIN,95.50,75.80,48,,,,0,1,2023,2023-07
2023-07-30,2023,R,668933,681546,FC,Cutter,,swinging_strike,L,R,LAD,CIN,94.30,,,,,,0,0,2023,2023-07
2023-07-30,2023,R,668933,681546,FC,Cutter,single,hit_into_play,L,R,LAD,CIN,95.60,71.00,28,90.07,98.20,fly_ball,1,2,2023,2023-07
2023-07-30,2023,R,668933,681546,FC,Cutter,,foul,L,R,LAD,CIN,95.30,,,,,,1,2,2023,2023-07
2023-07-30,2023,R,668933,681546,FC,Cutter,,called_strike,L,R,LAD,CIN,95.90,,,,,,1,1,2023,2023-07
2023-07-30,2023,R,668933,681546,SL,Slider,,called_strike,L,R,LAD,CIN,86.00,,,,,,1,0,2023,2023-07
2023-07-30,2023,R,668933,681546,FC,Cutter,,ball,L,R,LAD,CIN,95.10,,,,,,0,0,2023,2023-07
2023-07-30,2023,R,668941,543228,SI,Sinker,double,hit_into_play,R,L,STL,CHC,97.10,90.80,6,39.08,113.77,line_drive,0,0,2023,2023-07
2023-07-30,2023,R,668941,621020,SI,Sinker,strikeout,swinging_strike,R,L,STL,CHC,96.00,,,,,,2,2,2023,2023-07
2023-07-30,2023,R,668941,621020,ST,Sweeper,,ball,R,L,STL,CHC,87.30,,,,,,1,2,2023,2023-07
2023-07-30,2023,R,668941,621020,ST,Sweeper,,swinging_strike,R,L,STL,CHC,84.80,,,,,,1,1,2023,2023-07
2023-07-30,2023,R,668941,621020,CH,Changeup,,foul,R,L,STL,CHC,85.20,69.00,-41,,,,1,0,2023,2023-07
2023-07-30,2023,R,668941,621020,SI,Sinker,,blocked_ball,R,L,STL,CHC,96.70,,,,,,0,0,2023,2023-07
2023-07-30,2023,R,668941,641355,SI,Sinker,field_out,hit_into_play,L,L,STL,CHC,95.80,80.60,-65,134.00,185.49,ground_ball,3,2,2023,2023-07
2023-07-30,2023,R,668941,641355,ST,Sweeper,,ball,L,L,STL,CHC,84.10,,,,,,2,2,2023,2023-07
2023-07-30,2023,R,668941,641355,CH,Changeup,,ball,L,L,STL,CHC,85.70,,,,,,1,2,2023,2023-07
2023-07-30,2023,R,668941,641355,ST,Sweeper,,ball,L,L,STL,CHC,85.90,,,,,,0,2,2023,2023-07
2023-07-30,2023,R,668941,641355,ST,Sweeper,,foul,L,L,STL,CHC,85.00,78.50,43,,,,0,2,2023,2023-07
2023-07-30,2023,R,668941,641355,ST,Sweeper,,called_strike,L,L,STL,CHC,84.60,,,,,,0,1,2023,2023-07
2023-07-30,2023,R,668941,641355,FF,4-Seam Fastball,,called_strike,L,L,STL,CHC,96.00,,,,,,0,0,2023,2023-07
2023-07-30,2023,R,668941,673548,CH,Changeup,strikeout,foul_tip,R,L,STL,CHC,86.20,,,,,,2,2,2023,2023-07
2023-07-30,2023,R,668941,673548,FF,4-Seam Fastball,,foul,R,L,STL,CHC,95.90,72.10,38,,,,2,2,2023,2023-07
2023-07-30,2023,R,668941,673548,CH,Changeup,,ball,R,L,STL,CHC,86.30,,,,,,1,2,2023,2023-07
2023-07-30,2023,R,668941,673548,FF,4-Seam Fastball,,ball,R,L,STL,CHC,96.80,,,,,,0,2,2023,2023-07
2023-07-30,2023,R,668941,673548,SI,Sinker,,foul,R,L,STL,CHC,96.20,74.70,34,,,,0,2,2023,2023-07
2023-07-30,2023,R,668941,673548,SI,Sinker,,foul,R,L,STL,CHC,94.30,67.00,47,,,,0,1,2023,2023-07
2023-07-30,2023,R,668941,673548,SI,Sinker,,called_strike,R,L,STL,CHC,94.30,,,,,,0,0,2023,2023-07
2023-07-30,2023,R,669373,493329,FF,4-Seam Fastball,single,hit_into_play,R,L,MIA,DET,96.90,60.30,0,135.55,177.11,ground_ball,0,0,2023,2023-07
2023-07-30,2023,R,669373,493329,FF,4-Seam Fastball,field_out,hit_into_play,R,L,MIA,DET,96.70,85.70,52,161.89,113.71,fly_ball,1,1,2023,2023-07
2023-07-30,2023,R,669373,493329,FF,4-Seam Fastball,,swinging_strike,R,L,MIA,DET,96.20,,,,,,1,0,2023,2023-07
2023-07-30,2023,R,669373,493329,FF,4-Seam Fastball,,ball,R,L,MIA,DET,95.30,,,,,,0,0,2023,2023-07
2023-07-30,2023,R,669373,516416,CH,Changeup,single,hit_into_play,R,L,MIA,DET,84.20,97.20,7,68.34,99.90,ground_ball,2,2,2023,2023-07
2023-07-30,2023,R,669373,516416,FF,4-Seam Fastball,,swinging_strike,R,L,MIA,DET,95.10,,,,,,2,1,2023,2023-07
2023-07-30,2023,R,669373,516416,FF,4-Seam Fastball,,foul,R,L,MIA,DET,94.00,83.50,17,,,,2,0,2023,2023-07
2023-07-30,2023,R,669373,516416,CH,Changeup,,ball,R,L,MIA,DET,84.20,,,,,,1,0,2023,2023-07
2023-07-30,2023,R,669373,516416,SL,Slider,,ball,R,L,MIA,DET,89.00,,,,,,0,0,2023,2023-07
2023-07-30,2023,R,669373,516416,CU,Curveball,field_out,hit_into_play,R,L,MIA,DET,77.80,92.30,47,83.60,98.90,fly_ball,2,2,2023,2023-07
2023-07-30,2023,R,669373,516416,FF,4-Seam Fastball,,foul,R,L,MIA,DET,96.70,74.30,63,,,,2,2,2023,2023-07
2023-07-30,2023,R,669373,516416,CH,Changeup,,foul,R,L,MIA,DET,84.60,62.80,38,,,,2,2,2023,2023-07
2023-07-30,2023,R,669373,516416,FF,4-Seam Fastball,,foul,R,L,MIA,DET,97.00,,,,,,2,2,2023,2023-07
2023-07-30,2023,R,669373,516416,FF,4-Seam Fastball,,foul,R,L,MIA,DET,96.00,73.60,27,,,,2,2,2023,2023-07
2023-07-30,2023,R,669373,516416,SL,Slider,,ball,R,L,MIA,DET,89.40,,,,,,1,2,2023,2023-07
2023-07-30,2023,R,669373,516416,SL,Slider,,foul,R,L,MIA,DET,87.30,89.00,-2,,,,1,2,2023,2023-07
2023-07-30,2023,R,669373,516416,FF,4-Seam Fastball,,foul,R,L,MIA,DET,95.60,73.10,53,,,,1,1,2023,2023-07
2023-07-30,2023,R,669373,516416,FF,4-Seam Fastball,,called_strike,R,L,MIA,DET,94.30,,,,,,1,0,2023,2023-07
2023-07-30,2023,R,669373,516416,CU,Curveball,,ball,R,L,MIA,DET,74.40,,,,,,0,0,2023,2023-07
2023-07-30,2023,R,669373,541645,FF,4-Seam Fastball,triple,hit_into_play,R,L,MIA,DET,95.90,101.00,34,187.59,59.87,fly_ball,0,2,2023,2023-07
2023-07-30,2023,R,669373,541645,SL,Slider,,called_strike,R,L,MIA,DET,90.00,,,,,,0,1,2023,2023-07
2023-07-30,2023,R,669373,541645,CU,Curveball,,called_strike,R,L,MIA,DET,75.10,,,,,,0,0,2023,2023-07
2023-07-30,2023,R,669373,541645,FF,4-Seam Fastball,grounded_into_double_play,hit_into_play,R,L,MIA,DET,95.90,106.90,-2,153.42,166.69,ground_ball,1,1,2023,2023-07
2023-07-30,2023,R,669373,541645,CH,Changeup,,blocked_ball,R,L,MIA,DET,84.00,,,,,,0,1,2023,2023-07
2023-07-30,2023,R,669373,541645,SL,Slider,,called_strike,R,L,MIA,DET,87.20,,,,,,0,0,2023,2023-07
2023-07-30,2023,R,669373,542932,CH,Changeup,strikeout,foul_tip,R,L,MIA,DET,86.00,,,,,,1,2,2023,2023-07
2023-07-30,2023,R,669373,542932,SL,Slider,,foul,R,L,MIA,DET,87.10,70.90,50,,,,1,1,2023,2023-07
2023-07-30,2023,R,669373,542932,FF,4-Seam Fastball,,called_strike,R,L,MIA,DET,95.20,,,,,,1,0,2023,2023-07
2023-07-30,2023,R,669373,542932,CH,Changeup,,ball,R,L,MIA,DET,83.50,,,,,,0,0,2023,2023-07
2023-07-30,2023,R,669373,542932,FF,4-Seam Fastball,single,hit_into_play,R,L,MIA,DET,95.90,58.80,-57,139.87,188.87,ground_ball,0,1,2023,2023-07
2023-07-30,2023,R,669373,542932,FF,4-Seam Fastball,,called_strike,R,L,MIA,DET,94.40,,,,,,0,0,2023,2023-07
2023-07-30,2023,R,669373,641658,SL,Slider,double,hit_into_play,R,L,MIA,DET,87.30,101.40,14,38.20,115.88,line_drive,3,2,2023,2023-07
2023-07-30,2023,R,669373,641658,FF,4-Seam Fastball,,ball,R,L,MIA,DET,97.70,,,,,,2,2,2023,2023-07
2023-07-30,2023,R,669373,641658,SL,Slider,,foul,R,L,MIA,DET,90.90,,,,,,2,2,2023,2023-07
2023-07-30,2023,R,669373,641658,SL,Slider,,foul,R,L,MIA,DET,88.40,64.90,49,,,,2,2,2023,2023-07
2023-07-30,2023,R,669373,641658,CH,Changeup,,blocked_ball,R,L,MIA,DET,86.30,,,,,,1,2,2023,2023-07
2023-07-30,2023,R,669373,641658,FF,4-Seam Fastball,,foul,R,L,MIA,DET,97.20,77.60,17,,,,1,2,2023,2023-07
2023-07-30,2023,R,669373,641658,CH,Changeup,,swinging_strike,R,L,MIA,DET,84.60,,,,,,1,1,2023,2023-07
2023-07-30,2023,R,669373,641658,SL,Slider,,ball,R,L,MIA,DET,88.50,,,,,,0,1,2023,2023-07
2023-07-30,2023,R,669373,641658,SL,Slider,,called_strike,R,L,MIA,DET,88.20,,,,,,0,0,2023,2023-07
2023-07-30,2023,R,669373,641658,FF,4-Seam Fastball,field_out,hit_into_play,R,L,MIA,DET,96.40,98.10,-19,105.72,146.19,ground_ball,2,1,2023,2023-07
2023-07-30,2023,R,669373,641658,CH,Changeup,,ball,R,L,MIA,DET,83.80,,,,,,1,1,2023,2023-07
2023-07-30,2023,R,669373,641658,FF,4-Seam Fastball,,called_strike,R,L,MIA,DET,95.50,,,,,,1,0,2023,2023-07
2023-07-30,2023,R,669373,641658,CU,Curveball,,ball,R,L,MIA,DET,75.90,,,,,,0,0,2023,2023-07
2023-07-30,2023,R,669373,643265,FF,4-Seam Fastball,field_out,hit_into_play,R,L,MIA,DET,96.60,77.90,47,186.80,127.90,fly_ball,1,1,2023,2023-07
2023-07-30,2023,R,669373,643265,FF,4-Seam Fastball,,swinging_strike,R,L,MIA,DET,96.90,,,,,,1,0,2023,2023-07
2023-07-30,2023,R,669373,643265,CU,Curveball,,ball,R,L,MIA,DET,75.40,,,,,,0,0,2023,2023-07
2023-07-30,2023,R,669373,643265,FF,4-Seam Fastball,strikeout,swinging_strike,R,L,MIA,DET,97.10,,,,,,3,2,2023,2023-07
2023-07-30,2023,R,669373,643265,FF,4-Seam Fastball,,ball,R,L,MIA,DET,96.70,,,,,,2,2,2023,2023-07
2023-07-30,2023,R,669373,643265,CH,Changeup,,ball,R,L,MIA,DET,85.60,,,,,,1,2,2023,2023-07
2023-07-30,2023,R,669373,643265,CH,Changeup,,swinging_strike,R,L,MIA,DET,85.70,,,,,,1,1,2023,2023-07
2023-07-30,2023,R,669373,643265,FF,4-Seam Fastball,,swinging_strike,R,L,MIA,DET,96.00,,,,,,1,0,2023,2023-07
2023-07-30,2023,R,669373,643265,SL,Slider,,ball,R,L,MIA,DET,88.60,,,,,,0,0,2023,2023-07
2023-07-30,2023,R,669373,650333,SI,Sinker,field_out,hit_into_play,L,L,MIA,DET,98.00,79.20,-17,128.53,181.45,ground_ball,0,2,2023,2023-07
2023-07-30,2023,R,669373,650333,SI,Sinker,,foul,L,L,MIA,DET,95.60,75.90,32,,,,0,1,2023,2023-07
2023-07-30,2023,R,669373,650333,SI,Sinker,,foul,L,L,MIA,DET,96.70,68.10,46,,,,0,0,2023,2023-07
2023-07-30,2023,R,669373,650333,SI,Sinker,field_out,hit_into_play,L,L,MIA,DET,96.20,67.00,-8,139.71,149.39,ground_ball,0,0,2023,2023-07
2023-07-30,2023,R,669373,650333,SL,Slider,field_out,hit_into_play,L,L,MIA,DET,88.90,82.50,-15,155.96,153.97,ground_ball,0,2,2023,2023-07
2023-07-30,2023,R,669373,650333,SI,Sinker,,foul,L,L,MIA,DET,95.80,79.30,-29,,,,0,1,2023,2023-07
2023-07-30,2023,R,669373,650333,FF,4-Seam Fastball,,called_strike,L,L,MIA,DET,94.60,,,,,,0,0,2023,2023-07
2023-07-30,2023,R,669373,650559,SL,Slider,strikeout,swinging_strike,R,L,MIA,DET,89.30,,,,,,2,2,2023,2023-07
2023-07-30,2023,R,669373,650559,FF,4-Seam Fastball,,foul_tip,R,L,MIA,DET,97.90,,,,,,2,1,2023,2023-07
2023-07-30,2023,R,669373,650559,CH,Changeup,,ball,R,L,MIA,DET,86.30,,,,,,1,1,2023,2023-07
2023-07-30,2023,R,669373,650559,CH,Changeup,,ball,R,L,MIA,DET,86.40,,,,,,0,1,2023,2023-07
2023-07-30,2023,R,669373,650559,FF,4-Seam Fastball,,called_strike,R,L,MIA,DET,96.40,,,,,,0,0,2023,2023-07
2023-07-30,2023,R,669373,650559,FF,4-Seam Fastball,strikeout,foul_tip,R,L,MIA,DET,96.80,,,,,,1,2,2023,2023-07
2023-07-30,2023,R,669373,650559,SL,Slider,,foul,R,L,MIA,DET,87.50,69.50,22,,,,1,1,2023,2023-07
2023-07-30,2023,R,669373,650559,SL,Slider,,ball,R,L,MIA,DET,89.20,,,,,,0,1,2023,2023-07
2023-07-30,2023,R,669373,650559,FF,4-Seam Fastball,,foul,R,L,MIA,DET,95.80,73.00,31,,,,0,0,2023,2023-07
2023-07-30,2023,R,669373,663743,FF,4-Seam Fastball,double,hit_into_play,R,L,MIA,DET,96.10,107.70,13,34.19,94.44,line_drive,3,1,2023,2023-07
2023-07-30,2023,R,669373,663743,SL,Slider,,ball,R,L,MIA,DET,89.50,,,,,,2,1,2023,2023-07
2023-07-30,2023,R,669373,663743,CU,Curveball,,ball,R,L,MIA,DET,76.20,,,,,,1,1,2023,2023-07
2023-07-30,2023,R,669373,663743,FF,4-Seam Fastball,,foul,R,L,MIA,DET,95.30,76.10,16,,,,1,0,2023,2023-07
2023-07-30,2023,R,669373,663743,FF,4-Seam Fastball,,ball,R,L,MIA,DET,95.10,,,,,,0,0,2023,2023-07
2023-07-30,2023,R,669373,663743,FF,4-Seam Fastball,field_out,hit_into_play,R,L,MIA,DET,96.60,98.80,33,90.75,54.63,fly_ball,1,2,2023,2023-07
2023-07-30,2023,R,669373,663743,SL,Slider,,ball,R,L,MIA,DET,89.80,,,,,,0,2,2023,2023-07
2023-07-30,2023,R,669373,663743,FF,4-Seam Fastball,,swinging_strike,R,L,MIA,DET,97.30,,,,,,0,1,2023,2023-07
2023-07-30,2023,R,669373,663743,SL,Slider,,foul,R,L,MIA,DET,87.40,78.50,61,,,,0,0,2023,2023-07
2023-07-30,2023,R,669387,543281,FF,4-Seam Fastball,field_out,hit_into_play,R,R,PIT,PHI,96.50,83.80,82,127.86,214.70,popup,1,2,2023,2023-07
2023-07-30,2023,R,669387,543281,ST,Sweeper,,foul,R,R,PIT,PHI,83.70,90.50,-34,,,,1,2,2023,2023-07
2023-07-30,2023,R,669387,543281,FF,4-Seam Fastball,,foul,R,R,PIT,PHI,96.50,84.80,75,,,,1,2,2023,2023-07
2023-07-30,2023,R,669387,543281,FF,4-Seam Fastball,,swinging_strike,R,R,PIT,PHI,96.00,,,,,,1,1,2023,2023-07
2023-07-30,2023,R,669387,543281,ST,Sweeper,,ball,R,R,PIT,PHI,86.50,,,,,,0,1,2023,2023-07
2023-07-30,2023,R,669387,543281,FF,4-Seam Fastball,,called_strike,R,R,PIT,PHI,96.00,,,,,,0,0,2023,2023-07
2023-07-30,2023,R,669387,547180,ST,Sweeper,single,hit_into_play,L,R,PIT,PHI,85.10,96.90,-15,183.17,167.92,ground_ball,2,2,2023,2023-07
2023-07-30,2023,R,669387,547180,FF,4-Seam Fastball,,ball,L,R,PIT,PHI,96.40,,,,,,1,2,2023,2023-07
2023-07-30,2023,R,669387,547180,FF,4-Seam Fastball,,foul,L,R,PIT,PHI,96.10,,,,,,1,1,2023,2023-07
2023-07-30,2023,R,669387,547180,FF,4-Seam Fastball,,ball,L,R,PIT,PHI,95.60,,,,,,0,1,2023,2023-07
2023-07-30,2023,R,669387,547180,FF,4-Seam Fastball,,called_strike,L,R,PIT,PHI,95.70,,,,,,0,0,2023,2023-07
2023-07-30,2023,R,669387,592206,ST,Sweeper,strikeout,swinging_strike,R,R,PIT,PHI,84.50,,,,,,0,2,2023,2023-07
2023-07-30,2023,R,669387,592206,FF,4-Seam Fastball,,foul_tip,R,R,PIT,PHI,95.50,,,,,,0,1,2023,2023-07
2023-07-30,2023,R,669387,592206,FF,4-Seam Fastball,,called_strike,R,R,PIT,PHI,95.70,,,,,,0,0,2023,2023-07
2023-07-30,2023,R,669387,596117,FF,4-Seam Fastball,field_out,hit_into_play,L,R,PIT,PHI,95.80,93.30,52,134.96,106.40,fly_ball,2,2,2023,2023-07
2023-07-30,2023,R,669387,596117,FF,4-Seam Fastball,,called_strike,L,R,PIT,PHI,95.90,,,,,,2,1,2023,2023-07
2023-07-30,2023,R,669387,596117,FF,4-Seam Fastball,,ball,L,R,PIT,PHI,96.10,,,,,,1,1,2023,2023-07
2023-07-30,2023,R,669387,596117,FC,Cutter,,ball,L,R,PIT,PHI,92.70,,,,,,0,1,2023,2023-07
2023-07-30,2023,R,669387,596117,FF,4-Seam Fastball,,foul,L,R,PIT,PHI,96.40,77.60,1,,,,0,0,2023,2023-07
2023-07-30,2023,R,669387,607208,FF,4-Seam Fastball,strikeout,swinging_strike,R,R,PIT,PHI,96.40,,,,,,0,2,2023,2023-07
2023-07-30,2023,R,669387,607208,ST,Sweeper,,foul,R,R,PIT,PHI,83.70,,,,,,0,2,2023,2023-07
2023-07-30,2023,R,669387,607208,FF,4-Seam Fastball,,called_strike,R,R,PIT,PHI,97.00,,,,,,0,1,2023,2023-07
2023-07-30,2023,R,669387,607208,FF,4-Seam Fastball,,foul,R,R,PIT,PHI,96.00,79.50,26,,,,0,0,2023,2023-07
2023-07-30,2023,R,669387,624641,ST,Sweeper,strikeout,called_strike,R,R,PIT,PHI,83.40,,,,,,2,2,2023,2023-07
2023-07-30,2023,R,669387,624641,ST,Sweeper,,ball,R,R,PIT,PHI,84.90,,,,,,1,2,2023,2023-07
2023-07-30,2023,R,669387,624641,FF,4-Seam Fastball,,called_strike,R,R,PIT,PHI,95.60,,,,,,1,1,2023,2023-07
2023-07-30,2023,R,669387,624641,FF,4-Seam Fastball,,called_strike,R,R,PIT,PHI,94.70,,,,,,1,0,2023,2023-07
2023-07-30,2023,R,669387,624641,FF,4-Seam Fastball,,ball,R,R,PIT,PHI,94.90,,,,,,0,0,2023,2023-07
2023-07-30,2023,R,669387,664761,ST,Sweeper,single,hit_into_play,R,R,PIT,PHI,84.20,67.00,12,193.32,145.04,line_drive,1,2,2023,2023-07
2023-07-30,2023,R,669387,664761,FF,4-Seam Fastball,,foul,R,R,PIT,PHI,95.60,77.10,44,,,,1,2,2023,2023-07
2023-07-30,2023,R,669387,664761,FF,4-Seam Fastball,,ball,R,R,PIT,PHI,96.30,,,,,,0,2,2023,2023-07
2023-07-30,2023,R,669387,664761,FF,4-Seam Fastball,,called_strike,R,R,PIT,PHI,96.90,,,,,,0,1,2023,2023-07
2023-07-30,2023,R,669387,664761,ST,Sweeper,,foul,R,R,PIT,PHI,84.20,61.60,22,,,,0,0,2023,2023-07
2023-07-30,2023,R,669395,621043,ST,Sweeper,strikeout,swinging_strike_blocked,R,R,KC,MIN,81.50,,,,,,2,2,2023,2023-07
2023-07-30,2023,R,669395,621043,ST,Sweeper,,ball,R,R,KC,MIN,82.30,,,,,,1,2,2023,2023-07
2023-07-30,2023,R,669395,621043,FF,4-Seam Fastball,,foul,R,R,KC,MIN,96.10,74.00,-45,,,,1,2,2023,2023-07
2023-07-30,2023,R,669395,621043,ST,Sweeper,,swinging_strike,R,R,KC,MIN,80.40,,,,,,1,1,2023,2023-07
2023-07-30,2023,R,669395,621043,FF,4-Seam Fastball,,foul,R,R,KC,MIN,94.90,60.80,-53,,,,1,0,2023,2023-07
2023-07-30,2023,R,669395,621043,ST,Sweeper,,ball,R,R,KC,MIN,82.00,,,,,,0,0,2023,2023-07
2023-07-30,2023,R,669395,621439,ST,Sweeper,strikeout,swinging_strike,R,R,KC,MIN,82.00,,,,,,1,2,2023,2023-07
2023-07-30,2023,R,669395,621439,ST,Sweeper,,swinging_strike,R,R,KC,MIN,79.80,,,,,,1,1,2023,2023-07
2023-07-30,2023,R,669395,621439,ST,Sweeper,,ball,R,R,KC,MIN,78.80,,,,,,0,1,2023,2023-07
2023-07-30,2023,R,669395,621439,FC,Cutter,,foul,R,R,KC,MIN,90.80,87.40,28,,,,0,0,2023,2023-07
2023-07-30,2023,R,669395,666397,FF,4-Seam Fastball,field_out,hit_into_play,L,R,KC,MIN,96.20,80.80,26,66.64,112.13,line_drive,2,1,2023,2023-07
2023-07-30,2023,R,669395,666397,FC,Cutter,,foul,L,R,KC,MIN,92.20,83.50,-24,,,,2,0,2023,2023-07
2023-07-30,2023,R,669395,666397,FC,Cutter,,ball,L,R,KC,MIN,91.70,,,,,,1,0,2023,2023-07
2023-07-30,2023,R,669395,666397,FC,Cutter,,ball,L,R,KC,MIN,92.80,,,,,,0,0,2023,2023-07
2023-07-30,2023,R,669684,527038,FF,4-Seam Fastball,single,hit_into_play,R,L,SF,BOS,94.30,96.80,9,182.39,113.98,line_drive,1,2,2023,2023-07
2023-07-30,2023,R,669684,527038,CU,Curveball,,foul,R,L,SF,BOS,77.60,70.00,46,,,,1,1,2023,2023-07
2023-07-30,2023,R,669684,527038,SL,Slider,,foul,R,L,SF,BOS,88.40,76.10,-17,,,,1,0,2023,2023-07
2023-07-30,2023,R,669684,527038,CU,Curveball,,blocked_ball,R,L,SF,BOS,77.60,,,,,,0,0,2023,2023-07
2023-07-30,2023,R,669684,543063,FF,4-Seam Fastball,single,hit_into_play,L,L,SF,BOS,90.70,93.60,3,169.54,121.40,ground_ball,0,0,2023,2023-07
2023-07-30,2023,R,669684,543063,SL,Slider,fielders_choice,hit_into_play,L,L,SF,BOS,88.40,68.40,-4,107.32,162.74,ground_ball,2,1,2023,2023-07
2023-07-30,2023,R,669684,543063,FF,4-Seam Fastball,,foul,L,L,SF,BOS,92.30,97.70,55,,,,2,0,2023,2023-07
2023-07-30,2023,R,669684,543063,SL,Slider,,ball,L,L,SF,BOS,84.40,,,,,,1,0,2023,2023-07
2023-07-30,2023,R,669684,543063,SL,Slider,,ball,L,L,SF,BOS,86.80,,,,,,0,0,2023,2023-07
2023-07-30,2023,R,669684,592626,SL,Slider,force_out,hit_into_play,L,L,SF,BOS,86.00,44.40,12,146.38,174.78,ground_ball,0,0,2023,2023-07
2023-07-30,2023,R,669684,592626,SL,Slider,field_out,hit_into_play,L,L,SF,BOS,87.70,78.60,29,122.29,89.47,line_drive,1,0,2023,2023-07
2023-07-30,2023,R,669684,592626,SL,Slider,,ball,L,L,SF,BOS,88.80,,,,,,0,0,2023,2023-07
2023-07-30,2023,R,669684,605204,SL,Slider,force_out,hit_into_play,R,L,SF,BOS,88.00,65.70,-7,113.94,152.80,ground_ball,0,1,2023,2023-07
2023-07-30,2023,R,669684,605204,SL,Slider,,foul_tip,R,L,SF,BOS,88.30,,,,,,0,0,2023,2023-07
2023-07-30,2023,R,669684,624424,SL,Slider,field_out,hit_into_play,L,L,SF,BOS,88.90,97.10,69,170.55,146.83,popup,2,1,2023,2023-07
2023-07-30,2023,R,669684,624424,SL,Slider,,ball,L,L,SF,BOS,89.10,,,,,,1,1,2023,2023-07
2023-07-30,2023,R,669684,624424,SL,Slider,,ball,L,L,SF,BOS,88.70,,,,,,0,1,2023,2023-07
2023-07-30,2023,R,669684,624424,CU,Curveball,,called_strike,L,L,SF,BOS,76.40,,,,,,0,0,2023,2023-07
2023-07-30,2023,R,669684,624424,FF,4-Seam Fastball,field_out,hit_into_play,L,L,SF,BOS,95.40,61.50,-63,125.71,203.16,ground_ball,0,2,2023,2023-07
2023-07-30,2023,R,669684,624424,SL,Slider,,foul,L,L,SF,BOS,87.70,65.10,-38,,,,0,2,2023,2023-07
2023-07-30,2023,R,669684,624424,SL,Slider,,foul,L,L,SF,BOS,88.70,78.90,3,,,,0,2,2023,2023-07
2023-07-30,2023,R,669684,624424,FF,4-Seam Fastball,,foul,L,L,SF,BOS,94.80,103.80,13,,,,0,1,2023,2023-07
2023-07-30,2023,R,669684,624424,SL,Slider,,called_strike,L,L,SF,BOS,86.80,,,,,,0,0,2023,2023-07
2023-07-30,2023,R,669684,666165,SL,Slider,strikeout,swinging_strike,L,L,SF,BOS,89.00,,,,,,3,2,2023,2023-07
2023-07-30,2023,R,669684,666165,FF,4-Seam Fastball,,foul,L,L,SF,BOS,94.20,74.10,21,,,,3,2,2023,2023-07
2023-07-30,2023,R,669684,666165,FF,4-Seam Fastball,,ball,L,L,SF,BOS,95.30,,,,,,2,2,2023,2023-07
2023-07-30,2023,R,669684,666165,FF,4-Seam Fastball,,called_strike,L,L,SF,BOS,95.50,,,,,,2,1,2023,2023-07
2023-07-30,2023,R,669684,666165,SL,Slider,,ball,L,L,SF,BOS,88.10,,,,,,1,1,2023,2023-07
2023-07-30,2023,R,669684,666165,SL,Slider,,foul_tip,L,L,SF,BOS,90.80,,,,,,1,0,2023,2023-07
2023-07-30,2023,R,669684,666165,SL,Slider,,ball,L,L,SF,BOS,89.00,,,,,,0,0,2023,2023-07
2023-07-30,2023,R,669684,669477,CH,Changeup,field_out,hit_into_play,R,L,SF,BOS,83.50,70.60,3,145.17,153.95,ground_ball,1,1,2023,2023-07
2023-07-30,2023,R,669684,669477,SL,Slider,,called_strike,R,L,SF,BOS,89.00,,,,,,1,0,2023,2023-07
2023-07-30,2023,R,669684,669477,SL,Slider,,ball,R,L,SF,BOS,88.20,,,,,,0,0,2023,2023-07
2023-07-30,2023,R,669684,669477,CU,Curveball,single,hit_into_play,R,L,SF,BOS,76.30,68.10,27,82.15,113.28,fly_ball,1,2,2023,2023-07
2023-07-30,2023,R,669684,669477,SL,Slider,,foul,R,L,SF,BOS,86.80,77.50,58,,,,1,1,2023,2023-07
2023-07-30,2023,R,669684,669477,FF,4-Seam Fastball,,ball,R,L,SF,BOS,92.60,,,,,,0,1,2023,2023-07
2023-07-30,2023,R,669684,669477,SL,Slider,,called_strike,R,L,SF,BOS,87.30,,,,,,0,0,2023,2023-07
2023-07-30,2023,R,669684,672275,CU,Curveball,field_out,hit_into_play,R,L,SF,BOS,77.40,94.20,28,170.41,68.03,fly_ball,2,2,2023,2023-07
2023-07-30,2023,R,669684,672275,SL,Slider,,foul,R,L,SF,BOS,88.20,75.40,54,,,,2,2,2023,2023-07
2023-07-30,2023,R,669684,672275,FF,4-Seam Fastball,,ball,R,L,SF,BOS,93.30,,,,,,1,2,2023,2023-07
2023-07-30,2023,R,669684,672275,SL,Slider,,foul,R,L,SF,BOS,87.30,,,,,,1,2,2023,2023-07
2023-07-30,2023,R,669684,672275,CU,Curveball,,ball,R,L,SF,BOS,76.80,,,,,,0,2,2023,2023-07
2023-07-30,2023,R,669684,672275,SL,Slider,,foul,R,L,SF,BOS,87.50,95.40,-28,,,,0,1,2023,2023-07
2023-07-30,2023,R,669684,672275,CU,Curveball,,called_strike,R,L,SF,BOS,75.00,,,,,,0,0,2023,2023-07
2023-07-30,2023,R,669684,682617,SL,Slider,fielders_choice_out,hit_into_play,R,L,SF,BOS,87.80,59.90,-11,102.30,170.34,ground_ball,0,0,2023,2023-07
2023-07-30,2023,R,669684,682641,FF,4-Seam Fastball,single,hit_into_play,R,L,SF,BOS,93.60,103.30,-10,167.51,109.19,ground_ball,2,1,2023,2023-07
2023-07-30,2023,R,669684,682641,FF,4-Seam Fastball,,foul,R,L,SF,BOS,93.70,82.70,55,,,,2,0,2023,2023-07
2023-07-30,2023,R,669684,682641,CH,Changeup,,ball,R,L,SF,BOS,85.70,,,,,,1,0,2023,2023-07
2023-07-30,2023,R,669684,682641,SL,Slider,,ball,R,L,SF,BOS,88.90,,,,,,0,0,2023,2023-07
2023-07-30,2023,R,669684,682641,SL,Slider,field_out,hit_into_play,R,L,SF,BOS,91.10,102.00,-23,144.16,153.95,ground_ball,3,2,2023,2023-07
2023-07-30,2023,R,669684,682641,CU,Curveball,,ball,R,L,SF,BOS,79.00,,,,,,2,2,2023,2023-07
2023-07-30,2023,R,669684,682641,,,,automatic_ball,R,L,SF,BOS,,,,,,,1,2,2023,2023-07
2023-07-30,2023,R,669684,682641,SL,Slider,,swinging_strike,R,L,SF,BOS,89.10,,,,,,1,1,2023,2023-07
2023-07-30,2023,R,669684,682641,SI,Sinker,,ball,R,L,SF,BOS,94.60,,,,,,0,1,2023,2023-07
2023-07-30,2023,R,669684,682641,FF,4-Seam Fastball,,foul,R,L,SF,BOS,93.90,81.10,51,,,,0,0,2023,2023-07
2023-07-30,2023,R,669796,596117,FF,4-Seam Fastball,walk,ball,L,L,PIT,PHI,95.10,,,,,,3,2,2023,2023-07
2023-07-30,2023,R,669796,596117,FF,4-Seam Fastball,,called_strike,L,L,PIT,PHI,94.10,,,,,,3,1,2023,2023-07
2023-07-30,2023,R,669796,596117,SL,Slider,,ball,L,L,PIT,PHI,82.60,,,,,,2,1,2023,2023-07
2023-07-30,2023,R,669796,596117,FF,4-Seam Fastball,,called_strike,L,L,PIT,PHI,93.90,,,,,,2,0,2023,2023-07
2023-07-30,2023,R,669796,596117,FF,4-Seam Fastball,,ball,L,L,PIT,PHI,93.60,,,,,,1,0,2023,2023-07
2023-07-30,2023,R,669796,596117,SL,Slider,,ball,L,L,PIT,PHI,81.70,,,,,,0,0,2023,2023-07
2023-07-30,2023,R,669796,656941,SL,Slider,walk,ball,L,L,PIT,PHI,82.40,,,,,,3,0,2023,2023-07
2023-07-30,2023,R,669796,656941,SL,Slider,,ball,L,L,PIT,PHI,80.40,,,,,,2,0,2023,2023-07
2023-07-30,2023,R,669796,656941,SL,Slider,,blocked_ball,L,L,PIT,PHI,80.90,,,,,,1,0,2023,2023-07
2023-07-30,2023,R,669796,656941,SL,Slider,,ball,L,L,PIT,PHI,80.30,,,,,,0,0,2023,2023-07
2023-07-30,2023,R,669796,679032,SL,Slider,sac_bunt,hit_into_play,R,L,PIT,PHI,80.50,42.30,-48,136.77,188.35,ground_ball,0,0,2023,2023-07
2023-07-30,2023,R,670167,527038,SI,Sinker,field_out,hit_into_play,R,R,SF,BOS,93.70,49.30,-75,125.52,193.79,ground_ball,0,0,2023,2023-07
2023-07-30,2023,R,670167,543063,FF,4-Seam Fastball,double_play,hit_into_play,L,R,SF,BOS,93.40,94.90,18,113.33,77.33,line_drive,0,0,2023,2023-07
2023-07-30,2023,R,670167,573262,CH,Changeup,double,hit_into_play,L,R,SF,BOS,86.40,103.20,18,169.32,74.54,line_drive,0,1,2023,2023-07
2023-07-30,2023,R,670167,573262,ST,Sweeper,,called_strike,L,R,SF,BOS,80.20,,,,,,0,0,2023,2023-07
2023-07-30,2023,R,670167,605204,FF,4-Seam Fastball,strikeout,swinging_strike,R,R,SF,BOS,91.60,,,,,,1,2,2023,2023-07
2023-07-30,2023,R,670167,605204,FF,4-Seam Fastball,,foul,R,R,SF,BOS,92.50,78.20,12,,,,1,1,2023,2023-07
2023-07-30,2023,R,670167,605204,ST,Sweeper,,ball,R,R,SF,BOS,81.20,,,,,,0,1,2023,2023-07
2023-07-30,2023,R,670167,605204,ST,Sweeper,,called_strike,R,R,SF,BOS,80.90,,,,,,0,0,2023,2023-07
2023-07-30,2023,R,670167,669477,SI,Sinker,force_out,hit_into_play,R,R,SF,BOS,91.90,94.40,2,103.55,170.23,ground_ball,3,2,2023,2023-07
2023-07-30,2023,R,670167,669477,ST,Sweeper,,ball,R,R,SF,BOS,80.30,,,,,,2,2,2023,2023-07
2023-07-30,2023,R,670167,669477,FF,4-Seam Fastball,,foul,R,R,SF,BOS,94.10,80.40,14,,,,2,2,2023,2023-07
2023-07-30,2023,R,670167,669477,CH,Changeup,,foul,R,R,SF,BOS,86.20,102.80,17,,,,2,2,2023,2023-07
2023-07-30,2023,R,670167,669477,SI,Sinker,,foul,R,R,SF,BOS,93.40,106.10,-36,,,,2,2,2023,2023-07
2023-07-30,2023,R,670167,669477,FF,4-Seam Fastball,,foul,R,R,SF,BOS,93.60,76.50,49,,,,2,2,2023,2023-07
2023-07-30,2023,R,670167,669477,ST,Sweeper,,ball,R,R,SF,BOS,81.00,,,,,,1,2,2023,2023-07
2023-07-30,2023,R,670167,669477,ST,Sweeper,,ball,R,R,SF,BOS,80.60,,,,,,0,2,2023,2023-07
2023-07-30,2023,R,670167,669477,SI,Sinker,,foul,R,R,SF,BOS,92.50,94.40,11,,,,0,1,2023,2023-07
2023-07-30,2023,R,670167,669477,SI,Sinker,,foul,R,R,SF,BOS,93.40,108.30,-26,,,,0,0,2023,2023-07
2023-07-30,2023,R,670167,682617,SI,Sinker,strikeout,foul_tip,R,R,SF,BOS,92.50,,,,,,1,2,2023,2023-07
2023-07-30,2023,R,670167,682617,ST,Sweeper,,foul,R,R,SF,BOS,80.00,65.40,62,,,,1,1,2023,2023-07
2023-07-30,2023,R,670167,682617,SI,Sinker,,ball,R,R,SF,BOS,92.00,,,,,,0,1,2023,2023-07
2023-07-30,2023,R,670167,682617,SI,Sinker,,foul,R,R,SF,BOS,91.40,59.80,-59,,,,0,0,2023,2023-07
2023-07-30,2023,R,670174,527038,SI,Sinker,single,hit_into_play,R,R,SF,BOS,96.90,76.90,62,169.03,150.90,popup,0,0,2023,2023-07
2023-07-30,2023,R,670174,605204,FC,Cutter,field_out,hit_into_play,R,R,SF,BOS,87.60,94.10,19,192.82,102.14,line_drive,0,2,2023,2023-07
2023-07-30,2023,R,670174,605204,FC,Cutter,,called_strike,R,R,SF,BOS,90.20,,,,,,0,1,2023,2023-07
2023-07-30,2023,R,670174,605204,SI,Sinker,,swinging_strike,R,R,SF,BOS,96.70,,,,,,0,0,2023,2023-07
2023-07-30,2023,R,670174,624424,SI,Sinker,single,hit_into_play,L,R,SF,BOS,97.60,69.50,-58,108.11,168.19,ground_ball,0,1,2023,2023-07
2023-07-30,2023,R,670174,624424,SL,Slider,,called_strike,L,R,SF,BOS,86.70,,,,,,0,0,2023,2023-07
2023-07-30,2023,R,670174,664774,SI,Sinker,grounded_into_double_play,hit_into_play,L,R,SF,BOS,97.20,100.00,-16,149.23,165.14,ground_ball,0,2,2023,2023-07
2023-07-30,2023,R,670174,664774,SL,Slider,,swinging_strike,L,R,SF,BOS,87.30,,,,,,0,1,2023,2023-07
2023-07-30,2023,R,670174,664774,FC,Cutter,,called_strike,L,R,SF,BOS,86.60,,,,,,0,0,2023,2023-07
2023-07-30,2023,R,670174,669477,SI,Sinker,strikeout,swinging_strike_blocked,R,R,SF,BOS,97.90,,,,,,3,2,2023,2023-07
2023-07-30,2023,R,670174,669477,SI,Sinker,,ball,R,R,SF,BOS,97.30,,,,,,2,2,2023,2023-07
2023-07-30,2023,R,670174,669477,FC,Cutter,,ball,R,R,SF,BOS,89.50,,,,,,1,2,2023,2023-07
2023-07-30,2023,R,670174,669477,SI,Sinker,,foul,R,R,SF,BOS,97.40,99.50,-30,,,,1,1,2023,2023-07
2023-07-30,2023,R,670174,669477,FC,Cutter,,ball,R,R,SF,BOS,89.20,,,,,,0,1,2023,2023-07
2023-07-30,2023,R,670174,669477,FC,Cutter,,swinging_strike,R,R,SF,BOS,91.50,,,,,,0,0,2023,2023-07
2023-07-30,2023,R,670174,672275,CH,Changeup,field_out,hit_into_play,L,R,SF,BOS,92.50,56.00,-50,134.69,187.79,ground_ball,0,1,2023,2023-07
2023-07-30,2023,R,670174,672275,FC,Cutter,,foul,L,R,SF,BOS,90.10,41.60,-23,,,,0,0,2023,2023-07
2023-07-30,2023,R,670174,682641,SI,Sinker,double,hit_into_play,R,R,SF,BOS,96.00,104.20,17,88.68,56.93,line_drive,1,1,2023,2023-07
2023-07-30,2023,R,670174,682641,SI,Sinker,,swinging_strike,R,R,SF,BOS,96.10,,,,,,1,0,2023,2023-07
2023-07-30,2023,R,670174,682641,,,,automatic_ball,R,R,SF,BOS,96.70,,,,,,0,0,2023,2023-07
2023-07-30,2023,R,670280,547180,FF,4-Seam Fastball,strikeout,swinging_strike,L,R,PIT,PHI,97.40,,,,,,2,2,2023,2023-07
2023-07-30,2023,R,670280,547180,FF,4-Seam Fastball,,foul,L,R,PIT,PHI,96.60,80.10,82,,,,2,2,2023,2023-07
2023-07-30,2023,R,670280,547180,CU,Curveball,,called_strike,L,R,PIT,PHI,78.30,,,,,,2,1,2023,2023-07
2023-07-30,2023,R,670280,547180,FF,4-Seam Fastball,,ball,L,R,PIT,PHI,97.00,,,,,,1,1,2023,2023-07
2023-07-30,2023,R,670280,547180,FS,Split-Finger,,ball,L,R,PIT,PHI,90.80,,,,,,0,1,2023,2023-07
2023-07-30,2023,R,670280,547180,FF,4-Seam Fastball,,called_strike,L,R,PIT,PHI,97.60,,,,,,0,0,2023,2023-07
2023-07-30,2023,R,670280,592206,CU,Curveball,field_out,hit_into_play,R,R,PIT,PHI,78.30,72.60,52,97.29,122.98,popup,0,0,2023,2023-07
2023-07-30,2023,R,670280,656941,FS,Split-Finger,walk,blocked_ball,L,R,PIT,PHI,91.40,,,,,,3,1,2023,2023-07
2023-07-30,2023,R,670280,656941,FF,4-Seam Fastball,,ball,L,R,PIT,PHI,97.00,,,,,,2,1,2023,2023-07
2023-07-30,2023,R,670280,656941,FF,4-Seam Fastball,,ball,L,R,PIT,PHI,97.40,,,,,,1,1,2023,2023-07
2023-07-30,2023,R,670280,656941,FS,Split-Finger,,ball,L,R,PIT,PHI,93.00,,,,,,0,1,2023,2023-07
2023-07-30,2023,R,670280,656941,FS,Split-Finger,,called_strike,L,R,PIT,PHI,92.60,,,,,,0,0,2023,2023-07
2023-07-30,2023,R,670280,679032,CU,Curveball,strikeout,swinging_strike_blocked,R,R,PIT,PHI,79.30,,,,,,1,2,2023,2023-07
2023-07-30,2023,R,670280,679032,FF,4-Seam Fastball,,foul,R,R,PIT,PHI,97.10,76.80,60,,,,1,1,2023,2023-07
2023-07-30,2023,R,670280,679032,FF,4-Seam Fastball,,swinging_strike,R,R,PIT,PHI,96.00,,,,,,1,0,2023,2023-07
2023-07-30,2023,R,670280,679032,CU,Curveball,,ball,R,R,PIT,PHI,77.50,,,,,,0,0,2023,2023-07
2023-07-30,2023,R,671111,605137,FF,4-Seam Fastball,field_out,hit_into_play,R,L,CWS,CLE,91.10,94.10,22,169.16,78.05,line_drive,1,2,2023,2023-07
2023-07-30,2023,R,671111,605137,CH,Changeup,,foul,R,L,CWS,CLE,83.50,67.90,-19,,,,1,2,2023,2023-07
2023-07-30,2023,R,671111,605137,FF,4-Seam Fastball,,ball,R,L,CWS,CLE,90.60,,,,,,0,2,2023,2023-07
2023-07-30,2023,R,671111,605137,CH,Changeup,,swinging_strike,R,L,CWS,CLE,83.60,,,,,,0,1,2023,2023-07
2023-07-30,2023,R,671111,605137,CH,Changeup,,called_strike,R,L,CWS,CLE,83.30,,,,,,0,0,2023,2023-07
2023-07-30,2023,R,671111,664702,FF,4-Seam Fastball,field_out,hit_into_play,R,L,CWS,CLE,89.90,69.30,74,163.99,188.52,popup,2,2,2023,2023-07
2023-07-30,2023,R,671111,664702,CH,Changeup,,foul,R,L,CWS,CLE,83.80,63.80,39,,,,2,2,2023,2023-07
2023-07-30,2023,R,671111,664702,SL,Slider,,foul,R,L,CWS,CLE,82.40,68.00,12,,,,2,1,2023,2023-07
2023-07-30,2023,R,671111,664702,CH,Changeup,,ball,R,L,CWS,CLE,83.30,,,,,,1,1,2023,2023-07
2023-07-30,2023,R,671111,664702,FF,4-Seam Fastball,,ball,R,L,CWS,CLE,90.60,,,,,,0,1,2023,2023-07
2023-07-30,2023,R,671111,664702,FF,4-Seam Fastball,,foul,R,L,CWS,CLE,91.10,69.10,33,,,,0,0,2023,2023-07
2023-07-30,2023,R,671111,686823,CH,Changeup,field_out,hit_into_play,L,L,CWS,CLE,79.50,86.00,50,81.35,117.17,fly_ball,0,0,2023,2023-07
2023-07-30,2023,R,672578,593871,FF,4-Seam Fastball,walk,ball,L,R,KC,MIN,98.70,,,,,,3,0,2023,2023-07
2023-07-30,2023,R,672578,593871,FF,4-Seam Fastball,,ball,L,R,KC,MIN,99.50,,,,,,2,0,2023,2023-07
2023-07-30,2023,R,672578,593871,KC,Knuckle Curve,,ball,L,R,KC,MIN,83.60,,,,,,1,0,2023,2023-07
2023-07-30,2023,R,672578,593871,FF,4-Seam Fastball,,ball,L,R,KC,MIN,100.30,,,,,,0,0,2023,2023-07
2023-07-30,2023,R,672578,596146,FF,4-Seam Fastball,strikeout,swinging_strike,L,R,KC,MIN,100.00,,,,,,3,2,2023,2023-07
2023-07-30,2023,R,672578,596146,FF,4-Seam Fastball,,foul,L,R,KC,MIN,100.10,,,,,,3,2,2023,2023-07
2023-07-30,2023,R,672578,596146,FF,4-Seam Fastball,,foul_tip,L,R,KC,MIN,98.30,,,,,,3,1,2023,2023-07
2023-07-30,2023,R,672578,596146,FF,4-Seam Fastball,,ball,L,R,KC,MIN,99.30,,,,,,2,1,2023,2023-07
2023-07-30,2023,R,672578,596146,KC,Knuckle Curve,,called_strike,L,R,KC,MIN,82.70,,,,,,2,0,2023,2023-07
2023-07-30,2023,R,672578,596146,KC,Knuckle Curve,,ball,L,R,KC,MIN,83.40,,,,,,1,0,2023,2023-07
2023-07-30,2023,R,672578,596146,,,,automatic_ball,L,R,KC,MIN,,,,,,,0,0,2023,2023-07
2023-07-30,2023,R,672578,608336,FF,4-Seam Fastball,strikeout,swinging_strike,L,R,KC,MIN,99.70,,,,,,3,2,2023,2023-07
2023-07-30,2023,R,672578,608336,FF,4-Seam Fastball,,called_strike,L,R,KC,MIN,99.20,,,,,,3,1,2023,2023-07
2023-07-30,2023,R,672578,608336,FF,4-Seam Fastball,,ball,L,R,KC,MIN,99.30,,,,,,2,1,2023,2023-07
2023-07-30,2023,R,672578,608336,FS,Split-Finger,,ball,L,R,KC,MIN,87.50,,,,,,1,1,2023,2023-07
2023-07-30,2023,R,672578,608336,FF,4-Seam Fastball,,ball,L,R,KC,MIN,100.10,,,,,,0,1,2023,2023-07
2023-07-30,2023,R,672578,608336,FF,4-Seam Fastball,,swinging_strike,L,R,KC,MIN,101.10,,,,,,0,0,2023,2023-07
2023-07-30,2023,R,672578,650489,SL,Slider,field_out,hit_into_play,L,R,KC,MIN,87.90,89.40,39,146.62,63.62,fly_ball,0,2,2023,2023-07
2023-07-30,2023,R,672578,650489,FF,4-Seam Fastball,,foul,L,R,KC,MIN,98.60,81.20,70,,,,0,1,2023,2023-07
2023-07-30,2023,R,672578,650489,FF,4-Seam Fastball,,called_strike,L,R,KC,MIN,97.90,,,,,,0,0,2023,2023-07
2023-07-30,2023,R,674003,592518,FF,4-Seam Fastball,single,hit_into_play,R,L,SD,TEX,91.10,108.90,8,172.70,106.17,line_drive,1,2,2023,2023-07
2023-07-30,2023,R,674003,592518,FC,Cutter,,foul,R,L,SD,TEX,86.40,26.20,-46,,,,1,1,2023,2023-07
2023-07-30,2023,R,674003,592518,CH,Changeup,,called_strike,R,L,SD,TEX,80.80,,,,,,1,0,2023,2023-07
2023-07-30,2023,R,674003,592518,FF,4-Seam Fastball,,ball,R,L,SD,TEX,89.00,,,,,,0,0,2023,2023-07
2023-07-30,2023,R,674003,592518,FF,4-Seam Fastball,strikeout,swinging_strike,R,L,SD,TEX,91.60,,,,,,2,2,2023,2023-07
2023-07-30,2023,R,674003,592518,FC,Cutter,,foul,R,L,SD,TEX,87.30,58.00,62,,,,2,2,2023,2023-07
2023-07-30,2023,R,674003,592518,CH,Changeup,,blocked_ball,R,L,SD,TEX,82.30,,,,,,1,2,2023,2023-07
2023-07-30,2023,R,674003,592518,FF,4-Seam Fastball,,ball,R,L,SD,TEX,91.20,,,,,,0,2,2023,2023-07
2023-07-30,2023,R,674003,592518,FF,4-Seam Fastball,,called_strike,R,L,SD,TEX,91.00,,,,,,0,1,2023,2023-07
2023-07-30,2023,R,674003,592518,FF,4-Seam Fastball,,called_strike,R,L,SD,TEX,89.70,,,,,,0,0,2023,2023-07
2023-07-30,2023,R,674003,593428,CH,Changeup,sac_fly,hit_into_play,R,L,SD,TEX,81.60,88.80,19,127.62,74.82,line_drive,1,1,2023,2023-07
2023-07-30,2023,R,674003,593428,FF,4-Seam Fastball,,called_strike,R,L,SD,TEX,90.20,,,,,,1,0,2023,2023-07
2023-07-30,2023,R,674003,593428,CH,Changeup,,ball,R,L,SD,TEX,81.40,,,,,,0,0,2023,2023-07
2023-07-30,2023,R,674003,593428,FF,4-Seam Fastball,single,hit_into_play,R,L,SD,TEX,89.30,77.30,6,126.22,124.58,ground_ball,0,0,2023,2023-07
2023-07-30,2023,R,674003,596142,FC,Cutter,strikeout,swinging_strike,R,L,SD,TEX,86.50,,,,,,3,2,2023,2023-07
2023-07-30,2023,R,674003,596142,FF,4-Seam Fastball,,ball,R,L,SD,TEX,90.70,,,,,,2,2,2023,2023-07
2023-07-30,2023,R,674003,596142,FF,4-Seam Fastball,,foul,R,L,SD,TEX,90.70,79.20,51,,,,2,2,2023,2023-07
2023-07-30,2023,R,674003,596142,FF,4-Seam Fastball,,ball,R,L,SD,TEX,90.90,,,,,,1,2,2023,2023-07
2023-07-30,2023,R,674003,596142,CH,Changeup,,ball,R,L,SD,TEX,81.40,,,,,,0,2,2023,2023-07
2023-07-30,2023,R,674003,596142,FC,Cutter,,foul,R,L,SD,TEX,86.00,,,,,,0,1,2023,2023-07
2023-07-30,2023,R,674003,596142,FF,4-Seam Fastball,,called_strike,R,L,SD,TEX,90.50,,,,,,0,0,2023,2023-07
2023-07-30,2023,R,674003,630105,FF,4-Seam Fastball,walk,ball,L,L,SD,TEX,90.10,,,,,,3,2,2023,2023-07
2023-07-30,2023,R,674003,630105,FF,4-Seam Fastball,,ball,L,L,SD,TEX,89.60,,,,,,2,2,2023,2023-07
2023-07-30,2023,R,674003,630105,SL,Slider,,blocked_ball,L,L,SD,TEX,83.60,,,,,,1,2,2023,2023-07
2023-07-30,2023,R,674003,630105,FF,4-Seam Fastball,,foul,L,L,SD,TEX,89.80,70.20,64,,,,1,2,2023,2023-07
2023-07-30,2023,R,674003,630105,SL,Slider,,ball,L,L,SD,TEX,84.20,,,,,,0,2,2023,2023-07
2023-07-30,2023,R,674003,630105,FF,4-Seam Fastball,,called_strike,L,L,SD,TEX,89.40,,,,,,0,1,2023,2023-07
2023-07-30,2023,R,674003,630105,FF,4-Seam Fastball,,called_strike,L,L,SD,TEX,89.10,,,,,,0,0,2023,2023-07
2023-07-30,2023,R,674003,630105,FC,Cutter,single,hit_into_play,L,L,SD,TEX,87.20,93.10,-14,80.48,101.42,ground_ball,0,1,2023,2023-07
2023-07-30,2023,R,674003,630105,FC,Cutter,,called_strike,L,L,SD,TEX,85.60,,,,,,0,0,2023,2023-07
2023-07-30,2023,R,674003,663757,FF,4-Seam Fastball,field_out,hit_into_play,L,L,SD,TEX,89.50,91.70,-17,162.68,167.91,ground_ball,1,0,2023,2023-07
2023-07-30,2023,R,674003,663757,FF,4-Seam Fastball,,blocked_ball,L,L,SD,TEX,89.30,,,,,,0,0,2023,2023-07
2023-07-30,2023,R,674003,665487,CH,Changeup,field_out,hit_into_play,R,L,SD,TEX,80.00,89.40,23,123.71,68.86,line_drive,2,1,2023,2023-07
2023-07-30,2023,R,674003,665487,FF,4-Seam Fastball,,foul,R,L,SD,TEX,90.00,74.10,26,,,,2,0,2023,2023-07
2023-07-30,2023,R,674003,665487,CH,Changeup,,ball,R,L,SD,TEX,80.90,,,,,,1,0,2023,2023-07
2023-07-30,2023,R,674003,665487,FC,Cutter,,ball,R,L,SD,TEX,85.20,,,,,,0,0,2023,2023-07
2023-07-30,2023,R,674003,665487,CH,Changeup,field_out,hit_into_play,R,L,SD,TEX,80.30,89.00,30,40.04,104.61,fly_ball,1,2,2023,2023-07
2023-07-30,2023,R,674003,665487,FC,Cutter,,foul,R,L,SD,TEX,88.00,99.40,-14,,,,1,1,2023,2023-07
2023-07-30,2023,R,674003,665487,CH,Changeup,,called_strike,R,L,SD,TEX,80.60,,,,,,1,0,2023,2023-07
2023-07-30,2023,R,674003,665487,CH,Changeup,,blocked_ball,R,L,SD,TEX,81.90,,,,,,0,0,2023,2023-07
2023-07-30,2023,R,674003,665742,CH,Changeup,walk,ball,L,L,SD,TEX,80.20,,,,,,3,2,2023,2023-07
2023-07-30,2023,R,674003,665742,FC,Cutter,,foul,L,L,SD,TEX,87.50,63.90,-55,,,,3,2,2023,2023-07
2023-07-30,2023,R,674003,665742,CH,Changeup,,ball,L,L,SD,TEX,80.80,,,,,,2,2,2023,2023-07
2023-07-30,2023,R,674003,665742,SL,Slider,,foul,L,L,SD,TEX,84.70,,,,,,2,1,2023,2023-07
2023-07-30,2023,R,674003,665742,FF,4-Seam Fastball,,called_strike,L,L,SD,TEX,89.10,,,,,,2,0,2023,2023-07
2023-07-30,2023,R,674003,665742,FC,Cutter,,ball,L,L,SD,TEX,85.50,,,,,,1,0,2023,2023-07
2023-07-30,2023,R,674003,665742,FF,4-Seam Fastball,,ball,L,L,SD,TEX,90.10,,,,,,0,0,2023,2023-07
2023-07-30,2023,R,674003,665742,FF,4-Seam Fastball,strikeout,swinging_strike,L,L,SD,TEX,91.50,,,,,,1,2,2023,2023-07
2023-07-30,2023,R,674003,665742,CH,Changeup,,swinging_strike,L,L,SD,TEX,81.40,,,,,,1,1,2023,2023-07
2023-07-30,2023,R,674003,665742,FC,Cutter,,swinging_strike,L,L,SD,TEX,86.90,,,,,,1,0,2023,2023-07
2023-07-30,2023,R,674003,665742,FF,4-Seam Fastball,,ball,L,L,SD,TEX,89.90,,,,,,0,0,2023,2023-07
2023-07-30,2023,R,674003,669134,FF,4-Seam Fastball,strikeout,swinging_strike,R,L,SD,TEX,90.60,,,,,,3,2,2023,2023-07
2023-07-30,2023,R,674003,669134,SL,Slider,,ball,R,L,SD,TEX,83.90,,,,,,2,2,2023,2023-07
2023-07-30,2023,R,674003,669134,FF,4-Seam Fastball,,foul,R,L,SD,TEX,89.80,,,,,,2,1,2023,2023-07
2023-07-30,2023,R,674003,669134,FF,4-Seam Fastball,,called_strike,R,L,SD,TEX,90.20,,,,,,2,0,2023,2023-07
2023-07-30,2023,R,674003,669134,FF,4-Seam Fastball,,ball,R,L,SD,TEX,90.30,,,,,,1,0,2023,2023-07
2023-07-30,2023,R,674003,669134,FC,Cutter,,blocked_ball,R,L,SD,TEX,86.60,,,,,,0,0,2023,2023-07
2023-07-30,2023,R,674003,669134,FC,Cutter,strikeout,swinging_strike,R,L,SD,TEX,86.40,,,,,,2,2,2023,2023-07
2023-07-30,2023,R,674003,669134,FF,4-Seam Fastball,,ball,R,L,SD,TEX,90.70,,,,,,1,2,2023,2023-07
2023-07-30,2023,R,674003,669134,FC,Cutter,,foul_tip,R,L,SD,TEX,87.30,,,,,,1,1,2023,2023-07
2023-07-30,2023,R,674003,669134,CH,Changeup,,swinging_strike,R,L,SD,TEX,80.90,,,,,,1,0,2023,2023-07
2023-07-30,2023,R,674003,669134,FF,4-Seam Fastball,,ball,R,L,SD,TEX,90.20,,,,,,0,0,2023,2023-07
2023-07-30,2023,R,674003,673490,FF,4-Seam Fastball,single,hit_into_play,R,L,SD,TEX,91.20,94.80,-17,96.19,156.42,ground_ball,2,2,2023,2023-07
2023-07-30,2023,R,674003,673490,CH,Changeup,,ball,R,L,SD,TEX,81.40,,,,,,1,2,2023,2023-07
2023-07-30,2023,R,674003,673490,CH,Changeup,,foul,R,L,SD,TEX,81.80,65.60,54,,,,1,2,2023,2023-07
2023-07-30,2023,R,674003,673490,FC,Cutter,,foul,R,L,SD,TEX,86.30,97.80,51,,,,1,2,2023,2023-07
2023-07-30,2023,R,674003,673490,FF,4-Seam Fastball,,foul_bunt,R,L,SD,TEX,90.50,,,,,,1,1,2023,2023-07
2023-07-30,2023,R,674003,673490,SL,Slider,,ball,R,L,SD,TEX,84.70,,,,,,0,1,2023,2023-07
2023-07-30,2023,R,674003,673490,FF,4-Seam Fastball,,called_strike,R,L,SD,TEX,89.20,,,,,,0,0,2023,2023-07
2023-07-30,2023,R,674003,673490,FF,4-Seam Fastball,walk,ball,R,L,SD,TEX,91.50,,,,,,3,2,2023,2023-07
2023-07-30,2023,R,674003,673490,FF,4-Seam Fastball,,foul,R,L,SD,TEX,90.80,,,,,,3,2,2023,2023-07
2023-07-30,2023,R,674003,673490,FF,4-Seam Fastball,,foul,R,L,SD,TEX,90.70,,,,,,3,1,2023,2023-07
2023-07-30,2023,R,674003,673490,FF,4-Seam Fastball,,called_strike,R,L,SD,TEX,90.50,,,,,,3,0,2023,2023-07
2023-07-30,2023,R,674003,673490,CH,Changeup,,ball,R,L,SD,TEX,82.10,,,,,,2,0,2023,2023-07
2023-07-30,2023,R,674003,673490,FF,4-Seam Fastball,,ball,R,L,SD,TEX,90.40,,,,,,1,0,2023,2023-07
2023-07-30,2023,R,674003,673490,FF,4-Seam Fastball,,ball,R,L,SD,TEX,90.70,,,,,,0,0,2023,2023-07
2023-07-30,2023,R,675627,458015,FF,4-Seam Fastball,field_out,hit_into_play,L,R,LAD,CIN,94.20,102.30,41,170.24,52.88,fly_ball,0,1,2023,2023-07
2023-07-30,2023,R,675627,458015,KC,Knuckle Curve,,swinging_strike,L,R,LAD,CIN,78.30,,,,,,0,0,2023,2023-07
2023-07-30,2023,R,675627,458015,FC,Cutter,home_run,hit_into_play,L,R,LAD,CIN,87.80,111.20,29,234.87,68.02,fly_ball,2,1,2023,2023-07
2023-07-30,2023,R,675627,458015,KC,Knuckle Curve,,blocked_ball,L,R,LAD,CIN,79.00,,,,,,1,1,2023,2023-07
2023-07-30,2023,R,675627,458015,KC,Knuckle Curve,,called_strike,L,R,LAD,CIN,78.30,,,,,,1,0,2023,2023-07
2023-07-30,2023,R,675627,458015,FC,Cutter,,ball,L,R,LAD,CIN,89.10,,,,,,0,0,2023,2023-07
2023-07-30,2023,R,675627,458015,SL,Slider,strikeout,foul_tip,L,R,LAD,CIN,86.30,,,,,,2,2,2023,2023-07
2023-07-30,2023,R,675627,458015,KC,Knuckle Curve,,blocked_ball,L,R,LAD,CIN,79.80,,,,,,1,2,2023,2023-07
2023-07-30,2023,R,675627,458015,FC,Cutter,,swinging_strike,L,R,LAD,CIN,90.20,,,,,,1,1,2023,2023-07
2023-07-30,2023,R,675627,458015,FC,Cutter,,ball,L,R,LAD,CIN,90.30,,,,,,0,1,2023,2023-07
2023-07-30,2023,R,675627,458015,KC,Knuckle Curve,,called_strike,L,R,LAD,CIN,78.30,,,,,,0,0,2023,2023-07
2023-07-30,2023,R,675627,641584,SL,Slider,strikeout,swinging_strike,L,R,LAD,CIN,85.70,,,,,,0,2,2023,2023-07
2023-07-30,2023,R,675627,641584,SL,Slider,,foul,L,R,LAD,CIN,84.60,81.50,12,,,,0,2,2023,2023-07
2023-07-30,2023,R,675627,641584,FF,4-Seam Fastball,,foul,L,R,LAD,CIN,94.20,71.70,49,,,,0,1,2023,2023-07
2023-07-30,2023,R,675627,641584,KC,Knuckle Curve,,called_strike,L,R,LAD,CIN,77.00,,,,,,0,0,2023,2023-07
2023-07-30,2023,R,675627,641584,FC,Cutter,single,hit_into_play,L,R,LAD,CIN,89.40,99.30,-9,174.28,144.71,ground_ball,0,0,2023,2023-07
2023-07-30,2023,R,675627,641584,KC,Knuckle Curve,single,hit_into_play,L,R,LAD,CIN,78.50,77.90,18,145.50,107.08,line_drive,2,2,2023,2023-07
2023-07-30,2023,R,675627,641584,FC,Cutter,,foul,L,R,LAD,CIN,89.40,,,,,,2,1,2023,2023-07
2023-07-30,2023,R,675627,641584,KC,Knuckle Curve,,blocked_ball,L,R,LAD,CIN,77.80,,,,,,1,1,2023,2023-07
2023-07-30,2023,R,675627,641584,FC,Cutter,,foul,L,R,LAD,CIN,88.80,83.90,-22,,,,1,0,2023,2023-07
2023-07-30,2023,R,675627,641584,FC,Cutter,,blocked_ball,L,R,LAD,CIN,89.60,,,,,,0,0,2023,2023-07
2023-07-30,2023,R,675627,663886,SL,Slider,strikeout,swinging_strike,R,R,LAD,CIN,84.50,,,,,,1,2,2023,2023-07
2023-07-30,2023,R,675627,663886,SL,Slider,,ball,R,R,LAD,CIN,85.50,,,,,,0,2,2023,2023-07
2023-07-30,2023,R,675627,663886,SL,Slider,,swinging_strike,R,R,LAD,CIN,85.10,,,,,,0,1,2023,2023-07
2023-07-30,2023,R,675627,663886,FF,4-Seam Fastball,,called_strike,R,R,LAD,CIN,93.30,,,,,,0,0,2023,2023-07
2023-07-30,2023,R,675627,663886,FF,4-Seam Fastball,walk,ball,R,R,LAD,CIN,94.50,,,,,,3,0,2023,2023-07
2023-07-30,2023,R,675627,663886,FF,4-Seam Fastball,,ball,R,R,LAD,CIN,94.50,,,,,,2,0,2023,2023-07
2023-07-30,2023,R,675627,663886,FF,4-Seam Fastball,,ball,R,R,LAD,CIN,95.30,,,,,,1,0,2023,2023-07
2023-07-30,2023,R,675627,663886,SI,Sinker,,ball,R,R,LAD,CIN,94.50,,,,,,0,0,2023,2023-07
2023-07-30,2023,R,675627,663886,SI,Sinker,field_out,hit_into_play,R,R,LAD,CIN,92.10,94.50,65,160.76,146.44,popup,1,0,2023,2023-07
2023-07-30,2023,R,675627,663886,FF,4-Seam Fastball,,ball,R,R,LAD,CIN,93.70,,,,,,0,0,2023,2023-07
2023-07-30,2023,R,675627,666181,KC,Knuckle Curve,double,hit_into_play,L,R,LAD,CIN,74.90,97.50,24,180.54,66.17,fly_ball,0,0,2023,2023-07
2023-07-30,2023,R,675627,666181,FF,4-Seam Fastball,field_out,hit_into_play,L,R,LAD,CIN,93.90,101.30,23,204.00,84.05,fly_ball,2,0,2023,2023-07
2023-07-30,2023,R,675627,666181,KC,Knuckle Curve,,blocked_ball,L,R,LAD,CIN,78.30,,,,,,1,0,2023,2023-07
2023-07-30,2023,R,675627,666181,KC,Knuckle Curve,,ball,L,R,LAD,CIN,77.40,,,,,,0,0,2023,2023-07
2023-07-30,2023,R,675627,666181,KC,Knuckle Curve,field_out,hit_into_play,L,R,LAD,CIN,78.80,78.80,-18,160.05,161.64,ground_ball,0,1,2023,2023-07
2023-07-30,2023,R,675627,666181,FF,4-Seam Fastball,,foul,L,R,LAD,CIN,95.10,75.60,57,,,,0,0,2023,2023-07
2023-07-30,2023,R,675627,668715,SL,Slider,field_out,hit_into_play,R,R,LAD,CIN,85.70,92.60,-4,103.68,147.69,ground_ball,1,2,2023,2023-07
2023-07-30,2023,R,675627,668715,SL,Slider,,swinging_strike,R,R,LAD,CIN,84.80,,,,,,1,1,2023,2023-07
2023-07-30,2023,R,675627,668715,FF,4-Seam Fastball,,ball,R,R,LAD,CIN,92.40,,,,,,0,1,2023,2023-07
2023-07-30,2023,R,675627,668715,SL,Slider,,called_strike,R,R,LAD,CIN,83.40,,,,,,0,0,2023,2023-07
2023-07-30,2023,R,675627,668715,SL,Slider,strikeout,swinging_strike,R,R,LAD,CIN,84.70,,,,,,1,2,2023,2023-07
2023-07-30,2023,R,675627,668715,SI,Sinker,,foul,R,R,LAD,CIN,94.20,71.70,63,,,,1,1,2023,2023-07
2023-07-30,2023,R,675627,668715,SL,Slider,,blocked_ball,R,R,LAD,CIN,84.10,,,,,,0,1,2023,2023-07
2023-07-30,2023,R,675627,668715,SL,Slider,,called_strike,R,R,LAD,CIN,83.40,,,,,,0,0,2023,2023-07
2023-07-30,2023,R,675627,668715,SL,Slider,field_out,hit_into_play,R,R,LAD,CIN,85.40,51.20,-52,105.46,178.02,ground_ball,0,2,2023,2023-07
2023-07-30,2023,R,675627,668715,FF,4-Seam Fastball,,foul,R,R,LAD,CIN,96.20,79.50,14,,,,0,1,2023,2023-07
2023-07-30,2023,R,675627,668715,SI,Sinker,,foul,R,R,LAD,CIN,93.70,101.60,23,,,,0,0,2023,2023-07
2023-07-30,2023,R,675627,670770,FF,4-Seam Fastball,single,hit_into_play,L,R,LAD,CIN,95.10,88.20,14,115.57,104.06,line_drive,0,1,2023,2023-07
2023-07-30,2023,R,675627,670770,KC,Knuckle Curve,,called_strike,L,R,LAD,CIN,77.90,,,,,,0,0,2023,2023-07
2023-07-30,2023,R,675627,670770,FF,4-Seam Fastball,field_out,hit_into_play,L,R,LAD,CIN,94.00,83.40,25,103.68,110.11,fly_ball,2,0,2023,2023-07
2023-07-30,2023,R,675627,670770,FF,4-Seam Fastball,,ball,L,R,LAD,CIN,93.40,,,,,,1,0,2023,2023-07
2023-07-30,2023,R,675627,670770,FF,4-Seam Fastball,,ball,L,R,LAD,CIN,93.40,,,,,,0,0,2023,2023-07
2023-07-30,2023,R,675627,670770,KC,Knuckle Curve,strikeout,swinging_strike_blocked,L,R,LAD,CIN,79.50,,,,,,0,2,2023,2023-07
2023-07-30,2023,R,675627,670770,KC,Knuckle Curve,,foul,L,R,LAD,CIN,78.90,,,,,,0,1,2023,2023-07
2023-07-30,2023,R,675627,670770,KC,Knuckle Curve,,called_strike,L,R,LAD,CIN,77.70,,,,,,0,0,2023,2023-07
2023-07-30,2023,R,675627,670770,FF,4-Seam Fastball,double,hit_into_play,L,R,LAD,CIN,93.50,101.10,16,167.41,69.58,line_drive,1,0,2023,2023-07
2023-07-30,2023,R,675627,670770,FF,4-Seam Fastball,,ball,L,R,LAD,CIN,92.80,,,,,,0,0,2023,2023-07
2023-07-30,2023,R,675627,680574,SL,Slider,strikeout,swinging_strike_blocked,R,R,LAD,CIN,83.90,,,,,,1,2,2023,2023-07
2023-07-30,2023,R,675627,680574,SL,Slider,,foul,R,R,LAD,CIN,84.20,49.20,-67,,,,1,2,2023,2023-07
2023-07-30,2023,R,675627,680574,SL,Slider,,ball,R,R,LAD,CIN,83.90,,,,,,0,2,2023,2023-07
2023-07-30,2023,R,675627,680574,KC,Knuckle Curve,,swinging_strike_blocked,R,R,LAD,CIN,76.60,,,,,,0,1,2023,2023-07
2023-07-30,2023,R,675627,680574,SL,Slider,,called_strike,R,R,LAD,CIN,83.50,,,,,,0,0,2023,2023-07
2023-07-30,2023,R,675627,680574,FF,4-Seam Fastball,field_out,hit_into_play,R,R,LAD,CIN,94.00,90.70,63,177.02,129.51,fly_ball,0,0,2023,2023-07
2023-07-30,2023,R,675627,680574,FF,4-Seam Fastball,home_run,hit_into_play,R,R,LAD,CIN,93.10,105.70,44,35.55,79.65,fly_ball,1,0,2023,2023-07
2023-07-30,2023,R,675627,680574,FF,4-Seam Fastball,,ball,R,R,LAD,CIN,94.10,,,,,,0,0,2023,2023-07
2023-07-30,2023,R,675627,680574,KC,Knuckle Curve,hit_by_pitch,hit_by_pitch,R,R,LAD,CIN,76.30,,,,,,0,0,2023,2023-07
2023-07-30,2023,R,675627,682829,FF,4-Seam Fastball,strikeout,called_strike,L,R,LAD,CIN,95.30,,,,,,0,2,2023,2023-07
2023-07-30,2023,R,675627,682829,SL,Slider,,foul,L,R,LAD,CIN,84.20,,,,,,0,2,2023,2023-07
2023-07-30,2023,R,675627,682829,KC,Knuckle Curve,,foul,L,R,LAD,CIN,78.70,56.50,-55,,,,0,2,2023,2023-07
2023-07-30,2023,R,675627,682829,KC,Knuckle Curve,,swinging_strike_blocked,L,R,LAD,CIN,78.10,,,,,,0,1,2023,2023-07
2023-07-30,2023,R,675627,682829,KC,Knuckle Curve,,swinging_strike_blocked,L,R,LAD,CIN,78.40,,,,,,0,0,2023,2023-07
2023-07-30,2023,R,675627,682829,SL,Slider,single,hit_into_play,L,R,LAD,CIN,85.20,99.40,11,183.41,98.82,line_drive,3,2,2023,2023-07
2023-07-30,2023,R,675627,682829,SL,Slider,,ball,L,R,LAD,CIN,85.10,,,,,,2,2,2023,2023-07
2023-07-30,2023,R,675627,682829,FF,4-Seam Fastball,,called_strike,L,R,LAD,CIN,94.50,,,,,,2,1,2023,2023-07
2023-07-30,2023,R,675627,682829,KC,Knuckle Curve,,ball,L,R,LAD,CIN,77.60,,,,,,1,1,2023,2023-07
2023-07-30,2023,R,675627,682829,SL,Slider,,ball,L,R,LAD,CIN,84.20,,,,,,0,1,2023,2023-07
2023-07-30,2023,R,675627,682829,KC,Knuckle Curve,,foul,L,R,LAD,CIN,77.30,75.90,-9,,,,0,0,2023,2023-07
2023-07-30,2023,R,675627,682829,FC,Cutter,home_run,hit_into_play,L,R,LAD,CIN,89.00,111.30,25,204.21,51.80,fly_ball,1,1,2023,2023-07
2023-07-30,2023,R,675627,682829,KC,Knuckle Curve,,swinging_strike,L,R,LAD,CIN,78.10,,,,,,1,0,2023,2023-07
2023-07-30,2023,R,675627,682829,KC,Knuckle Curve,,ball,L,R,LAD,CIN,78.20,,,,,,0,0,2023,2023-07
2023-07-30,2023,R,675627,682829,FF,4-Seam Fastball,single,hit_into_play,L,R,LAD,CIN,94.70,109.20,15,179.73,109.91,line_drive,0,0,2023,2023-07
2023-07-30,2023,R,675627,687952,SL,Slider,strikeout,swinging_strike_blocked,R,R,LAD,CIN,84.80,,,,,,2,2,2023,2023-07
2023-07-30,2023,R,675627,687952,SL,Slider,,swinging_strike,R,R,LAD,CIN,85.50,,,,,,2,1,2023,2023-07
2023-07-30,2023,R,675627,687952,FF,4-Seam Fastball,,ball,R,R,LAD,CIN,94.40,,,,,,1,1,2023,2023-07
2023-07-30,2023,R,675627,687952,SL,Slider,,ball,R,R,LAD,CIN,85.00,,,,,,0,1,2023,2023-07
2023-07-30,2023,R,675627,687952,FF,4-Seam Fastball,,foul,R,R,LAD,CIN,94.70,80.30,14,,,,0,0,2023,2023-07
2023-07-30,2023,R,675627,687952,SL,Slider,strikeout,swinging_strike,R,R,LAD,CIN,84.40,,,,,,3,2,2023,2023-07
2023-07-30,2023,R,675627,687952,SL,Slider,,ball,R,R,LAD,CIN,87.30,,,,,,2,2,2023,2023-07
2023-07-30,2023,R,675627,687952,SI,Sinker,,called_strike,R,R,LAD,CIN,94.40,,,,,,2,1,2023,2023-07
2023-07-30,2023,R,675627,687952,SL,Slider,,ball,R,R,LAD,CIN,86.10,,,,,,1,1,2023,2023-07
2023-07-30,2023,R,675627,687952,SL,Slider,,foul,R,R,LAD,CIN,85.70,84.00,-10,,,,1,0,2023,2023-07
2023-07-30,2023,R,675627,687952,FF,4-Seam Fastball,,ball,R,R,LAD,CIN,94.30,,,,,,0,0,2023,2023-07
2023-07-30,2023,R,675627,687952,SL,Slider,strikeout,swinging_strike_blocked,R,R,LAD,CIN,85.90,,,,,,0,2,2023,2023-07
2023-07-30,2023,R,675627,687952,SL,Slider,,swinging_strike,R,R,LAD,CIN,86.00,,,,,,0,1,2023,2023-07
2023-07-30,2023,R,675627,687952,SL,Slider,,swinging_strike_blocked,R,R,LAD,CIN,84.80,,,,,,0,0,2023,2023-07
2023-07-30,2023,R,676265,502054,FF,4-Seam Fastball,strikeout,swinging_strike,R,R,NYM,WSH,92.60,,,,,,3,2,2023,2023-07
2023-07-30,2023,R,676265,502054,KC,Knuckle Curve,,foul,R,R,NYM,WSH,85.20,85.00,41,,,,3,2,2023,2023-07
2023-07-30,2023,R,676265,502054,KC,Knuckle Curve,,foul,R,R,NYM,WSH,83.90,74.80,38,,,,3,2,2023,2023-07
2023-07-30,2023,R,676265,502054,FF,4-Seam Fastball,,ball,R,R,NYM,WSH,91.30,,,,,,2,2,2023,2023-07
2023-07-30,2023,R,676265,502054,KC,Knuckle Curve,,called_strike,R,R,NYM,WSH,83.80,,,,,,2,1,2023,2023-07
2023-07-30,2023,R,676265,502054,KC,Knuckle Curve,,ball,R,R,NYM,WSH,83.60,,,,,,1,1,2023,2023-07
2023-07-30,2023,R,676265,502054,FF,4-Seam Fastball,,ball,R,R,NYM,WSH,91.00,,,,,,0,1,2023,2023-07
2023-07-30,2023,R,676265,502054,KC,Knuckle Curve,,called_strike,R,R,NYM,WSH,83.60,,,,,,0,0,2023,2023-07
2023-07-30,2023,R,676265,596019,KC,Knuckle Curve,single,hit_into_play,L,R,NYM,WSH,83.90,98.60,9,78.37,125.43,line_drive,0,2,2023,2023-07
2023-07-30,2023,R,676265,596019,FF,4-Seam Fastball,,foul,L,R,NYM,WSH,92.20,64.70,50,,,,0,1,2023,2023-07
2023-07-30,2023,R,676265,596019,FF,4-Seam Fastball,,called_strike,L,R,NYM,WSH,92.00,,,,,,0,0,2023,2023-07
2023-07-30,2023,R,676265,596129,KC,Knuckle Curve,field_out,hit_into_play,L,R,NYM,WSH,85.00,80.30,-30,152.79,169.21,ground_ball,0,0,2023,2023-07
2023-07-30,2023,R,676265,607043,KC,Knuckle Curve,single,hit_into_play,L,R,NYM,WSH,83.60,105.80,1,136.54,165.14,ground_ball,0,1,2023,2023-07
2023-07-30,2023,R,676265,607043,KC,Knuckle Curve,,swinging_strike,L,R,NYM,WSH,84.70,,,,,,0,0,2023,2023-07
2023-07-30,2023,R,676265,624413,FF,4-Seam Fastball,walk,ball,R,R,NYM,WSH,91.60,,,,,,3,0,2023,2023-07
2023-07-30,2023,R,676265,624413,KC,Knuckle Curve,,blocked_ball,R,R,NYM,WSH,84.00,,,,,,2,0,2023,2023-07
2023-07-30,2023,R,676265,624413,FF,4-Seam Fastball,,ball,R,R,NYM,WSH,91.80,,,,,,1,0,2023,2023-07
2023-07-30,2023,R,676265,624413,FF,4-Seam Fastball,,ball,R,R,NYM,WSH,91.90,,,,,,0,0,2023,2023-07
2023-07-30,2023,R,676265,643446,KC,Knuckle Curve,field_out,hit_into_play,L,R,NYM,WSH,84.90,89.70,43,86.75,92.19,fly_ball,0,0,2023,2023-07
2023-07-30,2023,R,676760,543510,FF,4-Seam Fastball,hit_by_pitch,hit_by_pitch,R,R,BAL,NYY,92.40,,,,,,1,0,2023,2023-07
2023-07-30,2023,R,676760,543510,CH,Changeup,,ball,R,R,BAL,NYY,82.60,,,,,,0,0,2023,2023-07
2023-07-30,2023,R,676760,602104,FF,4-Seam Fastball,field_out,hit_into_play,R,R,BAL,NYY,93.50,101.70,17,126.70,74.15,line_drive,0,0,2023,2023-07
2023-07-30,2023,R,676760,623993,CH,Changeup,strikeout,foul_tip,L,R,BAL,NYY,83.00,,,,,,3,2,2023,2023-07
2023-07-30,2023,R,676760,623993,FF,4-Seam Fastball,,foul,L,R,BAL,NYY,93.50,101.20,55,,,,3,2,2023,2023-07
2023-07-30,2023,R,676760,623993,CH,Changeup,,called_strike,L,R,BAL,NYY,82.90,,,,,,3,1,2023,2023-07
2023-07-30,2023,R,676760,623993,CH,Changeup,,ball,L,R,BAL,NYY,82.70,,,,,,2,1,2023,2023-07
2023-07-30,2023,R,676760,623993,FF,4-Seam Fastball,,foul_tip,L,R,BAL,NYY,94.10,,,,,,2,0,2023,2023-07
2023-07-30,2023,R,676760,623993,FF,4-Seam Fastball,,ball,L,R,BAL,NYY,94.20,,,,,,1,0,2023,2023-07
2023-07-30,2023,R,676760,623993,FF,4-Seam Fastball,,ball,L,R,BAL,NYY,93.00,,,,,,0,0,2023,2023-07
2023-07-30,2023,R,676760,624428,CH,Changeup,strikeout,swinging_strike,L,R,BAL,NYY,83.30,,,,,,1,2,2023,2023-07
2023-07-30,2023,R,676760,624428,FF,4-Seam Fastball,,called_strike,L,R,BAL,NYY,93.90,,,,,,1,1,2023,2023-07
2023-07-30,2023,R,676760,624428,CH,Changeup,,called_strike,L,R,BAL,NYY,81.60,,,,,,1,0,2023,2023-07
2023-07-30,2023,R,676760,624428,CH,Changeup,,ball,L,R,BAL,NYY,83.10,,,,,,0,0,2023,2023-07
2023-07-30,2023,R,676760,656811,FF,4-Seam Fastball,strikeout,foul_tip,L,R,BAL,NYY,93.80,,,,,,3,2,2023,2023-07
2023-07-30,2023,R,676760,656811,CH,Changeup,,called_strike,L,R,BAL,NYY,83.10,,,,,,3,1,2023,2023-07
2023-07-30,2023,R,676760,656811,CH,Changeup,,ball,L,R,BAL,NYY,82.10,,,,,,2,1,2023,2023-07
2023-07-30,2023,R,676760,656811,CH,Changeup,,swinging_strike,L,R,BAL,NYY,81.30,,,,,,2,0,2023,2023-07
2023-07-30,2023,R,676760,656811,CH,Changeup,,ball,L,R,BAL,NYY,82.60,,,,,,1,0,2023,2023-07
2023-07-30,2023,R,676760,656811,CH,Changeup,,ball,L,R,BAL,NYY,83.30,,,,,,0,0,2023,2023-07
2023-07-30,2023,R,676760,668939,CH,Changeup,field_out,hit_into_play,L,R,BAL,NYY,83.80,89.10,41,211.24,102.09,fly_ball,2,2,2023,2023-07
2023-07-30,2023,R,676760,668939,FF,4-Seam Fastball,,foul,L,R,BAL,NYY,94.60,83.90,30,,,,2,2,2023,2023-07
2023-07-30,2023,R,676760,668939,FF,4-Seam Fastball,,foul,L,R,BAL,NYY,93.80,62.80,44,,,,2,1,2023,2023-07
2023-07-30,2023,R,676760,668939,CH,Changeup,,called_strike,L,R,BAL,NYY,82.90,,,,,,2,0,2023,2023-07
2023-07-30,2023,R,676760,668939,CH,Changeup,,ball,L,R,BAL,NYY,82.10,,,,,,1,0,2023,2023-07
2023-07-30,2023,R,676760,668939,FF,4-Seam Fastball,,blocked_ball,L,R,BAL,NYY,93.40,,,,,,0,0,2023,2023-07
2023-07-30,2023,R,676760,669720,FF,4-Seam Fastball,strikeout,swinging_strike,R,R,BAL,NYY,94.00,,,,,,1,2,2023,2023-07
2023-07-30,2023,R,676760,669720,FF,4-Seam Fastball,,swinging_strike,R,R,BAL,NYY,93.80,,,,,,1,1,2023,2023-07
2023-07-30,2023,R,676760,669720,CH,Changeup,,ball,R,R,BAL,NYY,81.90,,,,,,0,1,2023,2023-07
2023-07-30,2023,R,676760,669720,FF,4-Seam Fastball,,called_strike,R,R,BAL,NYY,91.10,,,,,,0,0,2023,2023-07
2023-07-30,2023,R,676760,676059,CH,Changeup,field_out,hit_into_play,R,R,BAL,NYY,82.40,91.80,26,82.05,70.30,fly_ball,0,1,2023,2023-07
2023-07-30,2023,R,676760,676059,FF,4-Seam Fastball,,called_strike,R,R,BAL,NYY,93.30,,,,,,0,0,2023,2023-07
2023-07-30,2023,R,676760,683002,CH,Changeup,field_out,hit_into_play,L,R,BAL,NYY,82.70,63.70,1,122.91,158.54,ground_ball,2,1,2023,2023-07
2023-07-30,2023,R,676760,683002,CH,Changeup,,ball,L,R,BAL,NYY,82.60,,,,,,1,1,2023,2023-07
2023-07-30,2023,R,676760,683002,FF,4-Seam Fastball,,foul,L,R,BAL,NYY,91.20,66.80,53,,,,1,0,2023,2023-07
2023-07-30,2023,R,676760,683002,FF,4-Seam Fastball,,ball,L,R,BAL,NYY,92.50,,,,,,0,0,2023,2023-07
2023-07-30,2023,R,679346,595956,SI,Sinker,strikeout,called_strike,R,R,CWS,CLE,94.10,,,,,,1,2,2023,2023-07
2023-07-30,2023,R,679346,595956,SL,Slider,,foul,R,R,CWS,CLE,82.30,63.40,25,,,,1,2,2023,2023-07
2023-07-30,2023,R,679346,595956,SI,Sinker,,foul,R,R,CWS,CLE,93.50,73.90,15,,,,1,1,2023,2023-07
2023-07-30,2023,R,679346,595956,SI,Sinker,,foul,R,R,CWS,CLE,93.70,60.60,47,,,,1,0,2023,2023-07
2023-07-30,2023,R,679346,595956,SI,Sinker,,ball,R,R,CWS,CLE,95.00,,,,,,0,0,2023,2023-07
2023-07-30,2023,R,679346,608070,SI,Sinker,field_out,hit_into_play,L,R,CWS,CLE,94.90,99.90,22,120.94,47.55,line_drive,0,0,2023,2023-07
2023-07-30,2023,R,679346,665926,SL,Slider,strikeout,swinging_strike,L,R,CWS,CLE,82.10,,,,,,2,2,2023,2023-07
2023-07-30,2023,R,679346,665926,SL,Slider,,foul,L,R,CWS,CLE,81.40,25.40,47,,,,2,2,2023,2023-07
2023-07-30,2023,R,679346,665926,SI,Sinker,,blocked_ball,L,R,CWS,CLE,92.30,,,,,,1,2,2023,2023-07
2023-07-30,2023,R,679346,665926,SI,Sinker,,foul,L,R,CWS,CLE,94.60,77.90,72,,,,1,2,2023,2023-07
2023-07-30,2023,R,679346,665926,SI,Sinker,,foul_tip,L,R,CWS,CLE,93.70,,,,,,1,1,2023,2023-07
2023-07-30,2023,R,679346,665926,SL,Slider,,ball,L,R,CWS,CLE,82.40,,,,,,0,1,2023,2023-07
2023-07-30,2023,R,679346,665926,SL,Slider,,foul,L,R,CWS,CLE,81.20,82.70,74,,,,0,0,2023,2023-07
2023-07-30,2023,R,679346,672356,SI,Sinker,single,hit_into_play,R,R,CWS,CLE,95.10,103.10,-1,73.18,102.09,ground_ball,0,1,2023,2023-07
2023-07-30,2023,R,679346,672356,SI,Sinker,,called_strike,R,R,CWS,CLE,94.20,,,,,,0,0,2023,2023-07
2023-07-30,2023,R,679346,680757,SI,Sinker,double,hit_into_play,L,R,CWS,CLE,93.30,99.90,2,198.74,107.68,ground_ball,3,2,2023,2023-07
2023-07-30,2023,R,679346,680757,SI,Sinker,,ball,L,R,CWS,CLE,94.20,,,,,,2,2,2023,2023-07
2023-07-30,2023,R,679346,680757,SI,Sinker,,foul,L,R,CWS,CLE,94.50,78.90,23,,,,2,2,2023,2023-07
2023-07-30,2023,R,679346,680757,SL,Slider,,foul,L,R,CWS,CLE,81.10,68.20,13,,,,2,1,2023,2023-07
2023-07-30,2023,R,679346,680757,SI,Sinker,,ball,L,R,CWS,CLE,93.20,,,,,,1,1,2023,2023-07
2023-07-30,2023,R,679346,680757,SI,Sinker,,ball,L,R,CWS,CLE,94.30,,,,,,0,1,2023,2023-07
2023-07-30,2023,R,679346,680757,SI,Sinker,,called_strike,L,R,CWS,CLE,93.80,,,,,,0,0,2023,2023-07
2023-07-30,2023,R,681911,663886,SL,Slider,strikeout,called_strike,R,L,LAD,CIN,87.10,,,,,,1,2,2023,2023-07
2023-07-30,2023,R,681911,663886,FF,4-Seam Fastball,,foul,R,L,LAD,CIN,94.40,77.90,31,,,,1,2,2023,2023-07
2023-07-30,2023,R,681911,663886,SL,Slider,,foul,R,L,LAD,CIN,85.80,71.40,47,,,,1,1,2023,2023-07
2023-07-30,2023,R,681911,663886,FF,4-Seam Fastball,,foul,R,L,LAD,CIN,93.50,75.20,52,,,,1,0,2023,2023-07
2023-07-30,2023,R,681911,663886,FF,4-Seam Fastball,,ball,R,L,LAD,CIN,92.10,,,,,,0,0,2023,2023-07
2023-07-30,2023,R,681911,666181,FF,4-Seam Fastball,strikeout,swinging_strike,L,L,LAD,CIN,94.60,,,,,,0,2,2023,2023-07
2023-07-30,2023,R,681911,666181,FF,4-Seam Fastball,,called_strike,L,L,LAD,CIN,94.60,,,,,,0,1,2023,2023-07
2023-07-30,2023,R,681911,666181,FF,4-Seam Fastball,,swinging_strike,L,L,LAD,CIN,94.70,,,,,,0,0,2023,2023-07
2023-07-30,2023,R,681911,670770,FF,4-Seam Fastball,field_out,hit_into_play,L,L,LAD,CIN,94.60,89.80,47,105.06,88.27,fly_ball,0,0,2023,2023-07
2023-07-30,2023,R,681911,682829,SL,Slider,single,hit_into_play,R,L,LAD,CIN,85.80,91.30,6,123.93,127.79,ground_ball,0,0,2023,2023-07
2023-07-30,2023,R,681982,592518,SL,Slider,field_out,hit_into_play,R,R,SD,TEX,84.50,86.40,48,163.67,101.57,fly_ball,2,1,2023,2023-07
2023-07-30,2023,R,681982,592518,SI,Sinker,,ball,R,R,SD,TEX,91.30,,,,,,1,1,2023,2023-07
2023-07-30,2023,R,681982,592518,SI,Sinker,,foul,R,R,SD,TEX,92.00,99.30,-17,,,,1,0,2023,2023-07
2023-07-30,2023,R,681982,592518,SL,Slider,,ball,R,R,SD,TEX,84.50,,,,,,0,0,2023,2023-07
2023-07-30,2023,R,681982,593428,SL,Slider,single,hit_into_play,R,R,SD,TEX,84.90,86.30,3,71.41,111.09,ground_ball,1,1,2023,2023-07
2023-07-30,2023,R,681982,593428,SL,Slider,,ball,R,R,SD,TEX,85.00,,,,,,0,1,2023,2023-07
2023-07-30,2023,R,681982,593428,SI,Sinker,,called_strike,R,R,SD,TEX,92.40,,,,,,0,0,2023,2023-07
2023-07-30,2023,R,681982,596142,SL,Slider,field_out,hit_into_play,R,R,SD,TEX,86.20,106.50,9,135.03,134.26,line_drive,0,1,2023,2023-07
2023-07-30,2023,R,681982,596142,SL,Slider,,called_strike,R,R,SD,TEX,86.90,,,,,,0,0,2023,2023-07
2023-07-30,2023,R,681982,630105,FF,4-Seam Fastball,field_out,hit_into_play,L,R,SD,TEX,92.70,38.00,36,109.54,171.36,popup,1,0,2023,2023-07
2023-07-30,2023,R,681982,630105,FF,4-Seam Fastball,,ball,L,R,SD,TEX,92.80,,,,,,0,0,2023,2023-07
2023-07-30,2023,R,681982,669134,FF,4-Seam Fastball,strikeout,swinging_strike,R,R,SD,TEX,93.90,,,,,,2,2,2023,2023-07
2023-07-30,2023,R,681982,669134,SL,Slider,,foul,R,R,SD,TEX,87.00,66.30,53,,,,2,2,2023,2023-07
2023-07-30,2023,R,681982,669134,SI,Sinker,,ball,R,R,SD,TEX,93.90,,,,,,1,2,2023,2023-07
2023-07-30,2023,R,681982,669134,SL,Slider,,ball,R,R,SD,TEX,86.60,,,,,,0,2,2023,2023-07
2023-07-30,2023,R,681982,669134,SL,Slider,,called_strike,R,R,SD,TEX,86.30,,,,,,0,1,2023,2023-07
2023-07-30,2023,R,681982,669134,SI,Sinker,,called_strike,R,R,SD,TEX,92.90,,,,,,0,0,2023,2023-07
2023-07-30,2023,R,686294,553882,SL,Slider,strikeout,swinging_strike,L,R,NYM,WSH,83.50,,,,,,3,2,2023,2023-07
2023-07-30,2023,R,686294,553882,FF,4-Seam Fastball,,ball,L,R,NYM,WSH,95.00,,,,,,2,2,2023,2023-07
2023-07-30,2023,R,686294,553882,FF,4-Seam Fastball,,foul,L,R,NYM,WSH,95.00,61.70,53,,,,2,2,2023,2023-07
2023-07-30,2023,R,686294,553882,FF,4-Seam Fastball,,ball,L,R,NYM,WSH,96.00,,,,,,1,2,2023,2023-07
2023-07-30,2023,R,686294,553882,SI,Sinker,,foul,L,R,NYM,WSH,96.30,72.20,45,,,,1,1,2023,2023-07
2023-07-30,2023,R,686294,553882,SI,Sinker,,called_strike,L,R,NYM,WSH,94.00,,,,,,1,0,2023,2023-07
2023-07-30,2023,R,686294,553882,FF,4-Seam Fastball,,ball,L,R,NYM,WSH,94.70,,,,,,0,0,2023,2023-07
2023-07-30,2023,R,686294,592192,SL,Slider,single,hit_into_play,R,R,NYM,WSH,84.70,100.30,-1,96.65,148.61,ground_ball,1,2,2023,2023-07
2023-07-30,2023,R,686294,592192,SL,Slider,,ball,R,R,NYM,WSH,86.60,,,,,,0,2,2023,2023-07
2023-07-30,2023,R,686294,592192,SL,Slider,,called_strike,R,R,NYM,WSH,86.80,,,,,,0,1,2023,2023-07
2023-07-30,2023,R,686294,592192,SL,Slider,,swinging_strike,R,R,NYM,WSH,85.50,,,,,,0,0,2023,2023-07
2023-07-30,2023,R,686294,596129,FF,4-Seam Fastball,field_out,hit_into_play,L,R,NYM,WSH,98.10,99.80,0,137.98,160.16,ground_ball,2,2,2023,2023-07
2023-07-30,2023,R,686294,596129,FF,4-Seam Fastball,,called_strike,L,R,NYM,WSH,96.70,,,,,,2,1,2023,2023-07
2023-07-30,2023,R,686294,596129,FF,4-Seam Fastball,,called_strike,L,R,NYM,WSH,96.80,,,,,,2,0,2023,2023-07
2023-07-30,2023,R,686294,596129,FF,4-Seam Fastball,,ball,L,R,NYM,WSH,97.20,,,,,,1,0,2023,2023-07
2023-07-30,2023,R,686294,596129,FF,4-Seam Fastball,,ball,L,R,NYM,WSH,95.20,,,,,,0,0,2023,2023-07
2023-07-30,2023,R,686294,624413,FF,4-Seam Fastball,strikeout,called_strike,R,R,NYM,WSH,96.70,,,,,,2,2,2023,2023-07
2023-07-30,2023,R,686294,624413,SL,Slider,,ball,R,R,NYM,WSH,82.80,,,,,,1,2,2023,2023-07
2023-07-30,2023,R,686294,624413,SL,Slider,,foul,R,R,NYM,WSH,84.00,81.10,81,,,,1,1,2023,2023-07
2023-07-30,2023,R,686294,624413,SL,Slider,,swinging_strike,R,R,NYM,WSH,84.60,,,,,,1,0,2023,2023-07
2023-07-30,2023,R,686294,624413,SL,Slider,,ball,R,R,NYM,WSH,83.30,,,,,,0,0,2023,2023-07
2023-07-30,2023,R,686294,683146,FF,4-Seam Fastball,walk,ball,L,R,NYM,WSH,94.80,,,,,,3,0,2023,2023-07
2023-07-30,2023,R,686294,683146,FF,4-Seam Fastball,,ball,L,R,NYM,WSH,93.70,,,,,,2,0,2023,2023-07
2023-07-30,2023,R,686294,683146,CH,Changeup,,blocked_ball,L,R,NYM,WSH,87.50,,,,,,1,0,2023,2023-07
2023-07-30,2023,R,686294,683146,FF,4-Seam Fastball,,ball,L,R,NYM,WSH,94.80,,,,,,0,0,2023,2023-07
2023-07-30,2023,R,686539,595956,SI,Sinker,field_out,hit_into_play,R,R,CWS,CLE,94.50,54.70,-71,127.91,202.05,ground_ball,0,1,2023,2023-07
2023-07-30,2023,R,686539,595956,SI,Sinker,,called_strike,R,R,CWS,CLE,92.80,,,,,,0,0,2023,2023-07
2023-07-30,2023,R,686539,608070,SL,Slider,home_run,hit_into_play,L,R,CWS,CLE,87.40,102.30,21,226.30,98.53,line_drive,2,2,2023,2023-07
2023-07-30,2023,R,686539,608070,SL,Slider,,foul,L,R,CWS,CLE,84.70,68.90,-27,,,,2,1,2023,2023-07
2023-07-30,2023,R,686539,608070,SI,Sinker,,ball,L,R,CWS,CLE,93.40,,,,,,1,1,2023,2023-07
2023-07-30,2023,R,686539,608070,SL,Slider,,foul,L,R,CWS,CLE,85.40,,,,,,1,0,2023,2023-07
2023-07-30,2023,R,686539,608070,SI,Sinker,,blocked_ball,L,R,CWS,CLE,93.60,,,,,,0,0,2023,2023-07
2023-07-30,2023,R,686539,647304,SL,Slider,field_out,hit_into_play,L,R,CWS,CLE,87.00,88.30,-4,155.86,164.62,ground_ball,0,1,2023,2023-07
2023-07-30,2023,R,686539,647304,SI,Sinker,,swinging_strike,L,R,CWS,CLE,93.00,,,,,,0,0,2023,2023-07
2023-07-30,2023,R,686539,660757,ST,Sweeper,field_out,hit_into_play,R,R,CWS,CLE,83.50,79.80,28,161.77,101.55,line_drive,1,2,2023,2023-07
2023-07-30,2023,R,686539,660757,SL,Slider,,foul,R,R,CWS,CLE,90.00,69.10,24,,,,1,2,2023,2023-07
2023-07-30,2023,R,686539,660757,SI,Sinker,,foul,R,R,CWS,CLE,93.20,101.50,-22,,,,1,1,2023,2023-07
2023-07-30,2023,R,686539,660757,SI,Sinker,,ball,R,R,CWS,CLE,95.20,,,,,,0,1,2023,2023-07
2023-07-30,2023,R,686539,660757,ST,Sweeper,,foul,R,R,CWS,CLE,82.40,63.20,46,,,,0,0,2023,2023-07
2023-07-30,2023,R,686539,665926,SI,Sinker,walk,ball,L,R,CWS,CLE,92.40,,,,,,3,1,2023,2023-07
2023-07-30,2023,R,686539,665926,SI,Sinker,,called_strike,L,R,CWS,CLE,93.70,,,,,,3,0,2023,2023-07
2023-07-30,2023,R,686539,665926,SL,Slider,,ball,L,R,CWS,CLE,85.30,,,,,,2,0,2023,2023-07
2023-07-30,2023,R,686539,665926,SI,Sinker,,ball,L,R,CWS,CLE,92.90,,,,,,1,0,2023,2023-07
2023-07-30,2023,R,686539,665926,SL,Slider,,ball,L,R,CWS,CLE,85.90,,,,,,0,0,2023,2023-07
2023-07-30,2023,R,686539,672356,ST,Sweeper,grounded_into_double_play,hit_into_play,R,R,CWS,CLE,85.10,105.30,7,111.46,150.39,ground_ball,1,2,2023,2023-07
2023-07-30,2023,R,686539,672356,ST,Sweeper,,foul,R,R,CWS,CLE,84.10,65.50,-45,,,,1,2,2023,2023-07
2023-07-30,2023,R,686539,672356,SL,Slider,,ball,R,R,CWS,CLE,87.40,,,,,,0,2,2023,2023-07
2023-07-30,2023,R,686539,672356,SL,Slider,,swinging_strike,R,R,CWS,CLE,86.80,,,,,,0,1,2023,2023-07
2023-07-30,2023,R,686539,672356,SL,Slider,,swinging_strike,R,R,CWS,CLE,85.70,,,,,,0,0,2023,2023-07
2023-07-30,2023,R,686539,680757,SL,Slider,field_out,hit_into_play,L,R,CWS,CLE,84.50,101.20,-22,159.95,165.64,ground_ball,0,1,2023,2023-07
2023-07-30,2023,R,686539,680757,SI,Sinker,,called_strike,L,R,CWS,CLE,93.30,,,,,,0,0,2023,2023-07
2023-07-30,2023,R,686539,686823,SI,Sinker,field_error,hit_into_play,L,R,CWS,CLE,94.30,55.10,-64,119.46,183.21,ground_ball,0,1,2023,2023-07
2023-07-30,2023,R,686539,686823,ST,Sweeper,,called_strike,L,R,CWS,CLE,84.30,,,,,,0,0,2023,2023-07
2023-07-30,2023,R,686747,553882,FC,Cutter,strikeout,swinging_strike,L,L,NYM,WSH,76.10,,,,,,0,2,2023,2023-07
2023-07-30,2023,R,686747,553882,ST,Sweeper,,swinging_strike,L,L,NYM,WSH,73.40,,,,,,0,1,2023,2023-07
2023-07-30,2023,R,686747,553882,ST,Sweeper,,called_strike,L,L,NYM,WSH,74.40,,,,,,0,0,2023,2023-07
2023-07-30,2023,R,686747,592192,ST,Sweeper,strikeout,swinging_strike,R,L,NYM,WSH,74.70,,,,,,1,2,2023,2023-07
2023-07-30,2023,R,686747,592192,ST,Sweeper,,called_strike,R,L,NYM,WSH,73.50,,,,,,1,1,2023,2023-07
2023-07-30,2023,R,686747,592192,SI,Sinker,,ball,R,L,NYM,WSH,87.60,,,,,,0,1,2023,2023-07
2023-07-30,2023,R,686747,592192,SI,Sinker,,called_strike,R,L,NYM,WSH,87.30,,,,,,0,0,2023,2023-07
2023-07-30,2023,R,686747,596019,SI,Sinker,field_out,hit_into_play,R,L,NYM,WSH,88.10,101.80,-19,130.96,158.02,ground_ball,0,1,2023,2023-07
2023-07-30,2023,R,686747,596019,SI,Sinker,,called_strike,R,L,NYM,WSH,88.40,,,,,,0,0,2023,2023-07
2023-07-30,2023,R,686747,607043,ST,Sweeper,field_out,hit_into_play,L,L,NYM,WSH,76.30,90.40,31,166.37,62.81,fly_ball,0,2,2023,2023-07
2023-07-30,2023,R,686747,607043,SI,Sinker,,swinging_strike,L,L,NYM,WSH,87.10,,,,,,0,1,2023,2023-07
2023-07-30,2023,R,686747,607043,ST,Sweeper,,foul,L,L,NYM,WSH,73.20,70.80,33,,,,0,0,2023,2023-07
2023-07-30,2023,R,686747,643446,SI,Sinker,field_out,hit_into_play,L,L,NYM,WSH,89.40,78.90,31,121.27,83.62,fly_ball,0,0,2023,2023-07
2023-07-30,2023,R,686747,664901,ST,Sweeper,double,hit_into_play,R,L,NYM,WSH,72.80,94.90,21,43.67,101.97,line_drive,0,0,2023,2023-07
2023-07-30,2023,R,686747,683146,SI,Sinker,field_out,hit_into_play,L,L,NYM,WSH,88.60,68.20,-45,144.66,168.19,ground_ball,2,1,2023,2023-07
2023-07-30,2023,R,686747,683146,SI,Sinker,,called_strike,L,L,NYM,WSH,88.00,,,,,,2,0,2023,2023-07
2023-07-30,2023,R,686747,683146,SI,Sinker,,ball,L,L,NYM,WSH,87.50,,,,,,1,0,2023,2023-07
2023-07-30,2023,R,686747,683146,ST,Sweeper,,ball,L,L,NYM,WSH,73.70,,,,,,0,0,2023,2023-07
2023-07-30,2023,R,686839,493329,SI,Sinker,single,hit_into_play,R,R,MIA,DET,93.10,87.70,15,94.53,95.30,line_drive,0,0,2023,2023-07
2023-07-30,2023,R,686839,516416,SI,Sinker,force_out,hit_into_play,R,R,MIA,DET,93.80,69.50,-68,127.52,186.03,ground_ball,2,1,2023,2023-07
2023-07-30,2023,R,686839,516416,SI,Sinker,,ball,R,R,MIA,DET,93.90,,,,,,1,1,2023,2023-07
2023-07-30,2023,R,686839,516416,SL,Slider,,ball,R,R,MIA,DET,88.10,,,,,,0,1,2023,2023-07
2023-07-30,2023,R,686839,516416,SI,Sinker,,called_strike,R,R,MIA,DET,93.70,,,,,,0,0,2023,2023-07
2023-07-30,2023,R,686839,541645,SL,Slider,single,hit_into_play,R,R,MIA,DET,87.90,110.40,11,80.95,83.75,line_drive,3,2,2023,2023-07
2023-07-30,2023,R,686839,541645,SL,Slider,,ball,R,R,MIA,DET,87.80,,,,,,2,2,2023,2023-07
2023-07-30,2023,R,686839,541645,SL,Slider,,ball,R,R,MIA,DET,88.40,,,,,,1,2,2023,2023-07
2023-07-30,2023,R,686839,541645,ST,Sweeper,,blocked_ball,R,R,MIA,DET,83.20,,,,,,0,2,2023,2023-07
2023-07-30,2023,R,686839,541645,SL,Slider,,foul,R,R,MIA,DET,87.30,72.40,62,,,,0,1,2023,2023-07
2023-07-30,2023,R,686839,541645,SL,Slider,,swinging_strike,R,R,MIA,DET,86.70,,,,,,0,0,2023,2023-07
2023-07-30,2023,R,686839,542932,ST,Sweeper,field_error,hit_into_play,R,R,MIA,DET,82.40,74.80,-34,125.10,202.87,ground_ball,3,2,2023,2023-07
2023-07-30,2023,R,686839,542932,ST,Sweeper,,ball,R,R,MIA,DET,83.70,,,,,,2,2,2023,2023-07
2023-07-30,2023,R,686839,542932,ST,Sweeper,,foul,R,R,MIA,DET,83.40,73.90,47,,,,2,1,2023,2023-07
2023-07-30,2023,R,686839,542932,SI,Sinker,,called_strike,R,R,MIA,DET,91.90,,,,,,2,0,2023,2023-07
2023-07-30,2023,R,686839,542932,SI,Sinker,,ball,R,R,MIA,DET,93.80,,,,,,1,0,2023,2023-07
2023-07-30,2023,R,686839,542932,SI,Sinker,,ball,R,R,MIA,DET,92.40,,,,,,0,0,2023,2023-07
2023-07-30,2023,R,686839,643265,SI,Sinker,field_out,hit_into_play,R,R,MIA,DET,91.60,46.80,-23,110.65,170.16,ground_ball,0,0,2023,2023-07
2023-07-30,2023,R,686839,650559,SL,Slider,field_out,hit_into_play,R,R,MIA,DET,86.50,48.70,0,157.91,170.22,ground_ball,1,1,2023,2023-07
2023-07-30,2023,R,686839,650559,SL,Slider,,ball,R,R,MIA,DET,86.80,,,,,,0,1,2023,2023-07
2023-07-30,2023,R,686839,650559,SL,Slider,,called_strike,R,R,MIA,DET,86.90,,,,,,0,0,2023,2023-07
2023-07-30,2023,R,686839,663743,SI,Sinker,field_out,hit_into_play,R,R,MIA,DET,93.50,85.20,-44,106.18,166.69,ground_ball,0,1,2023,2023-07
2023-07-30,2023,R,686839,663743,SI,Sinker,,called_strike,R,R,MIA,DET,94.10,,,,,,0,0,2023,2023-07
2023-07-30,2023,R,700363,467793,SL,Slider,walk,ball,L,R,ATL,MIL,82.60,,,,,,3,2,2023,2023-07
2023-07-30,2023,R,700363,467793,FF,4-Seam Fastball,,ball,L,R,ATL,MIL,95.80,,,,,,2,2,2023,2023-07
2023-07-30,2023,R,700363,467793,CH,Changeup,,called_strike,L,R,ATL,MIL,84.00,,,,,,2,1,2023,2023-07
2023-07-30,2023,R,700363,467793,CH,Changeup,,ball,L,R,ATL,MIL,84.60,,,,,,1,1,2023,2023-07
2023-07-30,2023,R,700363,467793,FF,4-Seam Fastball,,foul,L,R,ATL,MIL,92.80,75.80,24,,,,1,0,2023,2023-07
2023-07-30,2023,R,700363,467793,CU,Curveball,,ball,L,R,ATL,MIL,74.10,,,,,,0,0,2023,2023-07
2023-07-30,2023,R,700363,467793,FF,4-Seam Fastball,home_run,hit_into_play,L,R,ATL,MIL,94.80,104.60,24,229.85,92.94,fly_ball,1,1,2023,2023-07
2023-07-30,2023,R,700363,467793,SL,Slider,,ball,L,R,ATL,MIL,85.70,,,,,,0,1,2023,2023-07
2023-07-30,2023,R,700363,467793,CH,Changeup,,called_strike,L,R,ATL,MIL,86.90,,,,,,0,0,2023,2023-07
2023-07-30,2023,R,700363,467793,FF,4-Seam Fastball,field_out,hit_into_play,L,R,ATL,MIL,96.40,85.70,52,133.75,101.93,fly_ball,1,0,2023,2023-07
2023-07-30,2023,R,700363,467793,SL,Slider,,ball,L,R,ATL,MIL,87.30,,,,,,0,0,2023,2023-07
2023-07-30,2023,R,700363,592885,CU,Curveball,field_out,hit_into_play,L,R,ATL,MIL,75.20,92.60,8,160.49,165.91,line_drive,0,1,2023,2023-07
2023-07-30,2023,R,700363,592885,FF,4-Seam Fastball,,called_strike,L,R,ATL,MIL,92.90,,,,,,0,0,2023,2023-07
2023-07-30,2023,R,700363,592885,FF,4-Seam Fastball,home_run,hit_into_play,L,R,ATL,MIL,95.90,100.90,32,38.81,67.80,fly_ball,2,1,2023,2023-07
2023-07-30,2023,R,700363,592885,CH,Changeup,,ball,L,R,ATL,MIL,87.80,,,,,,1,1,2023,2023-07
2023-07-30,2023,R,700363,592885,CH,Changeup,,swinging_strike,L,R,ATL,MIL,86.50,,,,,,1,0,2023,2023-07
2023-07-30,2023,R,700363,592885,CU,Curveball,,ball,L,R,ATL,MIL,77.20,,,,,,0,0,2023,2023-07
2023-07-30,2023,R,700363,592885,FF,4-Seam Fastball,walk,ball,L,R,ATL,MIL,98.50,,,,,,3,2,2023,2023-07
2023-07-30,2023,R,700363,592885,FF,4-Seam Fastball,,foul,L,R,ATL,MIL,96.50,82.20,10,,,,3,1,2023,2023-07
2023-07-30,2023,R,700363,592885,FF,4-Seam Fastball,,ball,L,R,ATL,MIL,96.80,,,,,,2,1,2023,2023-07
2023-07-30,2023,R,700363,592885,SL,Slider,,swinging_strike,L,R,ATL,MIL,87.30,,,,,,2,0,2023,2023-07
2023-07-30,2023,R,700363,592885,FF,4-Seam Fastball,,ball,L,R,ATL,MIL,97.00,,,,,,1,0,2023,2023-07
2023-07-30,2023,R,700363,592885,FF,4-Seam Fastball,,ball,L,R,ATL,MIL,95.60,,,,,,0,0,2023,2023-07
2023-07-30,2023,R,700363,642715,FF,4-Seam Fastball,field_out,hit_into_play,R,R,ATL,MIL,92.80,101.30,4,123.57,133.43,ground_ball,1,1,2023,2023-07
2023-07-30,2023,R,700363,642715,FF,4-Seam Fastball,,foul,R,R,ATL,MIL,92.30,91.70,-40,,,,1,0,2023,2023-07
2023-07-30,2023,R,700363,642715,SL,Slider,,blocked_ball,R,R,ATL,MIL,83.70,,,,,,0,0,2023,2023-07
2023-07-30,2023,R,700363,642715,SL,Slider,strikeout,swinging_strike,R,R,ATL,MIL,84.30,,,,,,1,2,2023,2023-07
2023-07-30,2023,R,700363,642715,SL,Slider,,foul,R,R,ATL,MIL,84.20,,,,,,1,1,2023,2023-07
2023-07-30,2023,R,700363,642715,FF,4-Seam Fastball,,foul,R,R,ATL,MIL,93.90,75.40,-37,,,,1,0,2023,2023-07
2023-07-30,2023,R,700363,642715,FF,4-Seam Fastball,,ball,R,R,ATL,MIL,94.60,,,,,,0,0,2023,2023-07
2023-07-30,2023,R,700363,642715,FF,4-Seam Fastball,strikeout,swinging_strike,R,R,ATL,MIL,97.00,,,,,,1,2,2023,2023-07
2023-07-30,2023,R,700363,642715,SL,Slider,,foul,R,R,ATL,MIL,87.00,43.60,-37,,,,1,1,2023,2023-07
2023-07-30,2023,R,700363,642715,SL,Slider,,ball,R,R,ATL,MIL,86.70,,,,,,0,1,2023,2023-07
2023-07-30,2023,R,700363,642715,FF,4-Seam Fastball,,called_strike,R,R,ATL,MIL,96.90,,,,,,0,0,2023,2023-07
2023-07-30,2023,R,700363,647351,FF,4-Seam Fastball,field_out,hit_into_play,L,R,ATL,MIL,94.70,75.90,49,155.13,112.26,fly_ball,1,1,2023,2023-07
2023-07-30,2023,R,700363,647351,FF,4-Seam Fastball,,ball,L,R,ATL,MIL,94.30,,,,,,0,1,2023,2023-07
2023-07-30,2023,R,700363,647351,FF,4-Seam Fastball,,called_strike,L,R,ATL,MIL,92.90,,,,,,0,0,2023,2023-07
2023-07-30,2023,R,700363,647351,FF,4-Seam Fastball,walk,ball,L,R,ATL,MIL,96.50,,,,,,3,0,2023,2023-07
2023-07-30,2023,R,700363,647351,FF,4-Seam Fastball,,ball,L,R,ATL,MIL,96.10,,,,,,2,0,2023,2023-07
2023-07-30,2023,R,700363,647351,FF,4-Seam Fastball,,ball,L,R,ATL,MIL,95.10,,,,,,1,0,2023,2023-07
2023-07-30,2023,R,700363,647351,FF,4-Seam Fastball,,ball,L,R,ATL,MIL,96.00,,,,,,0,0,2023,2023-07
2023-07-30,2023,R,700363,655316,FF,4-Seam Fastball,field_out,hit_into_play,R,R,ATL,MIL,92.30,90.40,-6,104.79,160.56,ground_ball,3,2,2023,2023-07
2023-07-30,2023,R,700363,655316,FF,4-Seam Fastball,,called_strike,R,R,ATL,MIL,93.80,,,,,,3,1,2023,2023-07
2023-07-30,2023,R,700363,655316,SL,Slider,,blocked_ball,R,R,ATL,MIL,85.60,,,,,,2,1,2023,2023-07
2023-07-30,2023,R,700363,655316,SL,Slider,,ball,R,R,ATL,MIL,84.50,,,,,,1,1,2023,2023-07
2023-07-30,2023,R,700363,655316,FF,4-Seam Fastball,,called_strike,R,R,ATL,MIL,94.40,,,,,,1,0,2023,2023-07
2023-07-30,2023,R,700363,655316,SL,Slider,,blocked_ball,R,R,ATL,MIL,84.70,,,,,,0,0,2023,2023-07
2023-07-30,2023,R,700363,655316,FF,4-Seam Fastball,field_out,hit_into_play,R,R,ATL,MIL,94.20,96.30,-18,85.56,145.97,ground_ball,3,2,2023,2023-07
2023-07-30,2023,R,700363,655316,FF,4-Seam Fastball,,foul,R,R,ATL,MIL,94.30,65.60,59,,,,3,1,2023,2023-07
2023-07-30,2023,R,700363,655316,SL,Slider,,ball,R,R,ATL,MIL,85.30,,,,,,2,1,2023,2023-07
2023-07-30,2023,R,700363,655316,FF,4-Seam Fastball,,foul,R,R,ATL,MIL,93.70,90.50,-18,,,,2,0,2023,2023-07
2023-07-30,2023,R,700363,655316,SL,Slider,,ball,R,R,ATL,MIL,85.30,,,,,,1,0,2023,2023-07
2023-07-30,2023,R,700363,655316,FF,4-Seam Fastball,,ball,R,R,ATL,MIL,93.60,,,,,,0,0,2023,2023-07
2023-07-30,2023,R,700363,661388,FF,4-Seam Fastball,field_out,hit_into_play,R,R,ATL,MIL,93.00,82.00,-46,111.45,176.32,ground_ball,1,0,2023,2023-07
2023-07-30,2023,R,700363,661388,FF,4-Seam Fastball,,ball,R,R,ATL,MIL,91.40,,,,,,0,0,2023,2023-07
2023-07-30,2023,R,700363,661388,FF,4-Seam Fastball,field_out,hit_into_play,R,R,ATL,MIL,93.60,87.40,81,147.81,201.77,popup,2,0,2023,2023-07
2023-07-30,2023,R,700363,661388,FF,4-Seam Fastball,,ball,R,R,ATL,MIL,94.70,,,,,,1,0,2023,2023-07
2023-07-30,2023,R,700363,661388,SL,Slider,,ball,R,R,ATL,MIL,83.30,,,,,,0,0,2023,2023-07
2023-07-30,2023,R,700363,661388,CU,Curveball,single,hit_into_play,R,R,ATL,MIL,77.30,101.10,5,83.58,87.84,ground_ball,2,2,2023,2023-07
2023-07-30,2023,R,700363,661388,SL,Slider,,blocked_ball,R,R,ATL,MIL,88.10,,,,,,1,2,2023,2023-07
2023-07-30,2023,R,700363,661388,CU,Curveball,,foul,R,R,ATL,MIL,77.50,69.10,-28,,,,1,2,2023,2023-07
2023-07-30,2023,R,700363,661388,FF,4-Seam Fastball,,blocked_ball,R,R,ATL,MIL,98.40,,,,,,0,2,2023,2023-07
2023-07-30,2023,R,700363,661388,FF,4-Seam Fastball,,called_strike,R,R,ATL,MIL,96.30,,,,,,0,1,2023,2023-07
2023-07-30,2023,R,700363,661388,FF,4-Seam Fastball,,called_strike,R,R,ATL,MIL,94.50,,,,,,0,0,2023,2023-07
2023-07-30,2023,R,700363,663368,FF,4-Seam Fastball,strikeout,swinging_strike,L,R,ATL,MIL,93.30,,,,,,3,2,2023,2023-07
2023-07-30,2023,R,700363,663368,FF,4-Seam Fastball,,called_strike,L,R,ATL,MIL,92.30,,,,,,3,1,2023,2023-07
2023-07-30,2023,R,700363,663368,FF,4-Seam Fastball,,ball,L,R,ATL,MIL,90.90,,,,,,2,1,2023,2023-07
2023-07-30,2023,R,700363,663368,CH,Changeup,,ball,L,R,ATL,MIL,85.90,,,,,,1,1,2023,2023-07
2023-07-30,2023,R,700363,663368,FF,4-Seam Fastball,,called_strike,L,R,ATL,MIL,90.30,,,,,,1,0,2023,2023-07
2023-07-30,2023,R,700363,663368,SL,Slider,,ball,L,R,ATL,MIL,84.20,,,,,,0,0,2023,2023-07
2023-07-30,2023,R,700363,663368,FF,4-Seam Fastball,field_out,hit_into_play,L,R,ATL,MIL,94.60,88.20,84,106.60,200.56,popup,1,0,2023,2023-07
2023-07-30,2023,R,700363,663368,SL,Slider,,ball,L,R,ATL,MIL,84.90,,,,,,0,0,2023,2023-07
2023-07-30,2023,R,700363,668930,FF,4-Seam Fastball,single,hit_into_play,L,R,ATL,MIL,93.40,100.60,-12,82.36,88.44,ground_ball,2,1,2023,2023-07
2023-07-30,2023,R,700363,668930,FF,4-Seam Fastball,,foul,L,R,ATL,MIL,92.80,77.30,57,,,,2,0,2023,2023-07
2023-07-30,2023,R,700363,668930,FF,4-Seam Fastball,,ball,L,R,ATL,MIL,93.50,,,,,,1,0,2023,2023-07
2023-07-30,2023,R,700363,668930,CH,Changeup,,ball,L,R,ATL,MIL,84.70,,,,,,0,0,2023,2023-07
2023-07-30,2023,R,700363,668930,FF,4-Seam Fastball,field_out,hit_into_play,L,R,ATL,MIL,96.50,78.80,28,164.34,93.32,line_drive,1,2,2023,2023-07
2023-07-30,2023,R,700363,668930,FF,4-Seam Fastball,,called_strike,L,R,ATL,MIL,95.30,,,,,,1,1,2023,2023-07
2023-07-30,2023,R,700363,668930,SL,Slider,,foul,L,R,ATL,MIL,86.80,106.20,17,,,,1,0,2023,2023-07
2023-07-30,2023,R,700363,668930,SL,Slider,,ball,L,R,ATL,MIL,86.40,,,,,,0,0,2023,2023-07
2023-07-30,2023,R,700363,686217,CU,Curveball,field_out,hit_into_play,L,R,ATL,MIL,75.60,88.70,21,122.45,71.28,line_drive,2,2,2023,2023-07
2023-07-30,2023,R,700363,686217,FF,4-Seam Fastball,,ball,L,R,ATL,MIL,94.90,,,,,,1,2,2023,2023-07
2023-07-30,2023,R,700363,686217,FF,4-Seam Fastball,,foul_tip,L,R,ATL,MIL,93.10,,,,,,1,1,2023,2023-07
2023-07-30,2023,R,700363,686217,FF,4-Seam Fastball,,swinging_strike,L,R,ATL,MIL,92.30,,,,,,1,0,2023,2023-07
2023-07-30,2023,R,700363,686217,SL,Slider,,ball,L,R,ATL,MIL,82.10,,,,,,0,0,2023,2023-07
2023-07-30,2023,R,700363,686217,SL,Slider,walk,ball,L,R,ATL,MIL,83.30,,,,,,3,2,2023,2023-07
2023-07-30,2023,R,700363,686217,SL,Slider,,ball,L,R,ATL,MIL,85.80,,,,,,2,2,2023,2023-07
2023-07-30,2023,R,700363,686217,SL,Slider,,called_strike,L,R,ATL,MIL,85.30,,,,,,2,1,2023,2023-07
2023-07-30,2023,R,700363,686217,FF,4-Seam Fastball,,called_strike,L,R,ATL,MIL,94.20,,,,,,2,0,2023,2023-07
2023-07-30,2023,R,700363,686217,FF,4-Seam Fastball,,ball,L,R,ATL,MIL,95.20,,,,,,1,0,2023,2023-07
2023-07-30,2023,R,700363,686217,FF,4-Seam Fastball,,ball,L,R,ATL,MIL,95.90,,,,,,0,0,2023,2023-07
2023-07-30,2023,R,700363,686217,SL,Slider,field_out,hit_into_play,L,R,ATL,MIL,88.20,75.80,66,113.27,158.74,popup,0,1,2023,2023-07
2023-07-30,2023,R,700363,686217,FF,4-Seam Fastball,,called_strike,L,R,ATL,MIL,97.00,,,,,,0,0,2023,2023-07
2023-07-31,2023,R,450203,519058,CH,Changeup,field_out,hit_into_play,L,R,ATL,LAA,85.70,110.70,8,150.66,145.61,line_drive,1,1,2023,2023-07
2023-07-31,2023,R,450203,519058,CU,Curveball,,called_strike,L,R,ATL,LAA,82.30,,,,,,1,0,2023,2023-07
2023-07-31,2023,R,450203,519058,FF,4-Seam Fastball,,ball,L,R,ATL,LAA,94.80,,,,,,0,0,2023,2023-07
2023-07-31,2023,R,450203,519058,CH,Changeup,field_out,hit_into_play,L,R,ATL,LAA,84.80,90.70,3,154.90,165.00,ground_ball,3,1,2023,2023-07
2023-07-31,2023,R,450203,519058,CU,Curveball,,ball,L,R,ATL,LAA,82.30,,,,,,2,1,2023,2023-07
2023-07-31,2023,R,450203,519058,CU,Curveball,,ball,L,R,ATL,LAA,82.50,,,,,,1,1,2023,2023-07
2023-07-31,2023,R,450203,519058,CU,Curveball,,called_strike,L,R,ATL,LAA,81.90,,,,,,1,0,2023,2023-07
2023-07-31,2023,R,450203,519058,FF,4-Seam Fastball,,ball,L,R,ATL,LAA,94.70,,,,,,0,0,2023,2023-07
2023-07-31,2023,R,450203,519058,CU,Curveball,walk,ball,L,R,ATL,LAA,84.10,,,,,,3,2,2023,2023-07
2023-07-31,2023,R,450203,519058,FF,4-Seam Fastball,,foul_tip,L,R,ATL,LAA,96.30,,,,,,3,1,2023,2023-07
2023-07-31,2023,R,450203,519058,CU,Curveball,,ball,L,R,ATL,LAA,83.00,,,,,,2,1,2023,2023-07
2023-07-31,2023,R,450203,519058,FF,4-Seam Fastball,,swinging_strike,L,R,ATL,LAA,96.40,,,,,,2,0,2023,2023-07
2023-07-31,2023,R,450203,519058,CU,Curveball,,ball,L,R,ATL,LAA,83.30,,,,,,1,0,2023,2023-07
2023-07-31,2023,R,450203,519058,CU,Curveball,,ball,L,R,ATL,LAA,83.50,,,,,,0,0,2023,2023-07
2023-07-31,2023,R,450203,543068,FF,4-Seam Fastball,field_out,hit_into_play,R,R,ATL,LAA,95.10,84.80,-33,108.85,149.85,ground_ball,1,2,2023,2023-07
2023-07-31,2023,R,450203,543068,CU,Curveball,,blocked_ball,R,R,ATL,LAA,81.10,,,,,,0,2,2023,2023-07
2023-07-31,2023,R,450203,543068,CU,Curveball,,called_strike,R,R,ATL,LAA,81.50,,,,,,0,1,2023,2023-07
2023-07-31,2023,R,450203,543068,CU,Curveball,,swinging_strike,R,R,ATL,LAA,82.90,,,,,,0,0,2023,2023-07
2023-07-31,2023,R,450203,543068,FF,4-Seam Fastball,field_out,hit_into_play,R,R,ATL,LAA,94.80,96.10,22,131.68,57.95,line_drive,0,1,2023,2023-07
2023-07-31,2023,R,450203,543068,FF,4-Seam Fastball,,called_strike,R,R,ATL,LAA,95.00,,,,,,0,0,2023,2023-07
2023-07-31,2023,R,450203,543068,FF,4-Seam Fastball,field_out,hit_into_play,R,R,ATL,LAA,96.60,96.80,30,187.61,67.15,fly_ball,2,2,2023,2023-07
2023-07-31,2023,R,450203,543068,CU,Curveball,,blocked_ball,R,R,ATL,LAA,83.70,,,,,,1,2,2023,2023-07
2023-07-31,2023,R,450203,543068,CU,Curveball,,ball,R,R,ATL,LAA,83.50,,,,,,0,2,2023,2023-07
2023-07-31,2023,R,450203,543068,FF,4-Seam Fastball,,called_strike,R,R,ATL,LAA,94.80,,,,,,0,1,2023,2023-07
2023-07-31,2023,R,450203,543068,FC,Cutter,,swinging_strike,R,R,ATL,LAA,90.60,,,,,,0,0,2023,2023-07
2023-07-31,2023,R,450203,545341,CU,Curveball,strikeout,swinging_strike,R,R,ATL,LAA,82.00,,,,,,2,2,2023,2023-07
2023-07-31,2023,R,450203,545341,CU,Curveball,,ball,R,R,ATL,LAA,82.80,,,,,,1,2,2023,2023-07
2023-07-31,2023,R,450203,545341,CU,Curveball,,swinging_strike,R,R,ATL,LAA,81.90,,,,,,1,1,2023,2023-07
2023-07-31,2023,R,450203,545341,CH,Changeup,,ball,R,R,ATL,LAA,84.00,,,,,,0,1,2023,2023-07
2023-07-31,2023,R,450203,545341,SI,Sinker,,foul,R,R,ATL,LAA,92.80,108.00,18,,,,0,0,2023,2023-07
2023-07-31,2023,R,450203,545341,FF,4-Seam Fastball,home_run,hit_into_play,R,R,ATL,LAA,94.20,100.50,35,198.96,66.50,fly_ball,0,1,2023,2023-07
2023-07-31,2023,R,450203,545341,FC,Cutter,,foul,R,R,ATL,LAA,86.60,97.10,62,,,,0,0,2023,2023-07
2023-07-31,2023,R,450203,545341,CU,Curveball,strikeout,swinging_strike,R,R,ATL,LAA,84.20,,,,,,2,2,2023,2023-07
2023-07-31,2023,R,450203,545341,FF,4-Seam Fastball,,ball,R,R,ATL,LAA,96.90,,,,,,1,2,2023,2023-07
2023-07-31,2023,R,450203,545341,FF,4-Seam Fastball,,foul,R,R,ATL,LAA,96.70,77.20,31,,,,1,1,2023,2023-07
2023-07-31,2023,R,450203,545341,FF,4-Seam Fastball,,called_strike,R,R,ATL,LAA,96.50,,,,,,1,0,2023,2023-07
2023-07-31,2023,R,450203,545341,FF,4-Seam Fastball,,ball,R,R,ATL,LAA,95.80,,,,,,0,0,2023,2023-07
2023-07-31,2023,R,450203,592669,SI,Sinker,field_out,hit_into_play,R,R,ATL,LAA,93.50,98.80,-12,110.66,145.01,ground_ball,0,0,2023,2023-07
2023-07-31,2023,R,450203,592669,CU,Curveball,strikeout,swinging_strike_blocked,R,R,ATL,LAA,82.30,,,,,,1,2,2023,2023-07
2023-07-31,2023,R,450203,592669,FF,4-Seam Fastball,,foul,R,R,ATL,LAA,94.90,77.10,-41,,,,1,2,2023,2023-07
2023-07-31,2023,R,450203,592669,CU,Curveball,,called_strike,R,R,ATL,LAA,81.40,,,,,,1,1,2023,2023-07
2023-07-31,2023,R,450203,592669,FC,Cutter,,ball,R,R,ATL,LAA,89.80,,,,,,0,1,2023,2023-07
2023-07-31,2023,R,450203,592669,FC,Cutter,,swinging_strike,R,R,ATL,LAA,89.20,,,,,,0,0,2023,2023-07
2023-07-31,2023,R,450203,592669,SI,Sinker,walk,ball,R,R,ATL,LAA,95.10,,,,,,3,0,2023,2023-07
2023-07-31,2023,R,450203,592669,SI,Sinker,,ball,R,R,ATL,LAA,95.50,,,,,,2,0,2023,2023-07
2023-07-31,2023,R,450203,592669,FF,4-Seam Fastball,,ball,R,R,ATL,LAA,95.20,,,,,,1,0,2023,2023-07
2023-07-31,2023,R,450203,592669,FF,4-Seam Fastball,,ball,R,R,ATL,LAA,96.60,,,,,,0,0,2023,2023-07
2023-07-31,2023,R,450203,595453,FF,4-Seam Fastball,home_run,hit_into_play,R,R,ATL,LAA,93.70,106.80,30,86.53,24.70,fly_ball,0,0,2023,2023-07
2023-07-31,2023,R,450203,595453,CU,Curveball,strikeout,foul_tip,R,R,ATL,LAA,83.70,,,,,,3,2,2023,2023-07
2023-07-31,2023,R,450203,595453,CH,Changeup,,ball,R,R,ATL,LAA,86.80,,,,,,2,2,2023,2023-07
2023-07-31,2023,R,450203,595453,FF,4-Seam Fastball,,ball,R,R,ATL,LAA,94.40,,,,,,1,2,2023,2023-07
2023-07-31,2023,R,450203,595453,CU,Curveball,,ball,R,R,ATL,LAA,82.00,,,,,,0,2,2023,2023-07
2023-07-31,2023,R,450203,595453,CH,Changeup,,swinging_strike,R,R,ATL,LAA,87.40,,,,,,0,1,2023,2023-07
2023-07-31,2023,R,450203,595453,FF,4-Seam Fastball,,swinging_strike,R,R,ATL,LAA,94.30,,,,,,0,0,2023,2023-07
2023-07-31,2023,R,450203,595453,CU,Curveball,double,hit_into_play,R,R,ATL,LAA,82.90,86.90,15,67.69,134.51,line_drive,0,2,2023,2023-07
2023-07-31,2023,R,450203,595453,CU,Curveball,,foul,R,R,ATL,LAA,82.70,91.20,-16,,,,0,2,2023,2023-07
2023-07-31,2023,R,450203,595453,FF,4-Seam Fastball,,foul,R,R,ATL,LAA,95.40,69.70,54,,,,0,1,2023,2023-07
2023-07-31,2023,R,450203,595453,FC,Cutter,,foul,R,R,ATL,LAA,89.30,81.50,73,,,,0,0,2023,2023-07
2023-07-31,2023,R,450203,650859,CH,Changeup,strikeout,swinging_strike,L,R,ATL,LAA,85.10,,,,,,2,2,2023,2023-07
2023-07-31,2023,R,450203,650859,CU,Curveball,,ball,L,R,ATL,LAA,82.80,,,,,,1,2,2023,2023-07
2023-07-31,2023,R,450203,650859,CU,Curveball,,ball,L,R,ATL,LAA,82.60,,,,,,0,2,2023,2023-07
2023-07-31,2023,R,450203,650859,CU,Curveball,,foul,L,R,ATL,LAA,83.10,92.20,21,,,,0,2,2023,2023-07
2023-07-31,2023,R,450203,650859,CU,Curveball,,swinging_strike,L,R,ATL,LAA,82.20,,,,,,0,1,2023,2023-07
2023-07-31,2023,R,450203,650859,CU,Curveball,,called_strike,L,R,ATL,LAA,81.50,,,,,,0,0,2023,2023-07
2023-07-31,2023,R,450203,650859,SI,Sinker,single,hit_into_play,L,R,ATL,LAA,94.20,100.80,14,189.00,137.00,line_drive,0,0,2023,2023-07
2023-07-31,2023,R,450203,650859,SI,Sinker,field_out,hit_into_play,L,R,ATL,LAA,94.80,76.90,-24,161.57,159.55,ground_ball,2,0,2023,2023-07
2023-07-31,2023,R,450203,650859,CU,Curveball,,ball,L,R,ATL,LAA,81.50,,,,,,1,0,2023,2023-07
2023-07-31,2023,R,450203,650859,CU,Curveball,,ball,L,R,ATL,LAA,81.20,,,,,,0,0,2023,2023-07
2023-07-31,2023,R,450203,650859,FF,4-Seam Fastball,home_run,hit_into_play,L,R,ATL,LAA,95.60,102.80,25,176.28,44.67,fly_ball,2,0,2023,2023-07
2023-07-31,2023,R,450203,650859,FF,4-Seam Fastball,,ball,L,R,ATL,LAA,93.90,,,,,,1,0,2023,2023-07
2023-07-31,2023,R,450203,650859,FF,4-Seam Fastball,,ball,L,R,ATL,LAA,95.00,,,,,,0,0,2023,2023-07
2023-07-31,2023,R,450203,660271,FF,4-Seam Fastball,single,hit_into_play,L,R,ATL,LAA,95.20,113.30,9,160.21,94.72,line_drive,0,0,2023,2023-07
2023-07-31,2023,R,450203,660271,,,intent_walk,automatic_ball,L,R,ATL,LAA,,,,,,,3,0,2023,2023-07
2023-07-31,2023,R,450203,660271,,,,automatic_ball,L,R,ATL,LAA,,,,,,,2,0,2023,2023-07
2023-07-31,2023,R,450203,660271,,,,automatic_ball,L,R,ATL,LAA,,,,,,,1,0,2023,2023-07
2023-07-31,2023,R,450203,660271,,,,automatic_ball,L,R,ATL,LAA,,,,,,,0,0,2023,2023-07
2023-07-31,2023,R,450203,660271,CU,Curveball,hit_by_pitch,hit_by_pitch,L,R,ATL,LAA,83.50,,,,,,1,1,2023,2023-07
2023-07-31,2023,R,450203,660271,CU,Curveball,,ball,L,R,ATL,LAA,82.40,,,,,,0,1,2023,2023-07
2023-07-31,2023,R,450203,660271,FF,4-Seam Fastball,,called_strike,L,R,ATL,LAA,96.30,,,,,,0,0,2023,2023-07
2023-07-31,2023,R,450203,666160,FF,4-Seam Fastball,strikeout,swinging_strike,L,R,ATL,LAA,94.20,,,,,,1,2,2023,2023-07
2023-07-31,2023,R,450203,666160,CH,Changeup,,foul,L,R,ATL,LAA,85.30,78.20,52,,,,1,1,2023,2023-07
2023-07-31,2023,R,450203,666160,CU,Curveball,,called_strike,L,R,ATL,LAA,81.40,,,,,,1,0,2023,2023-07
2023-07-31,2023,R,450203,666160,CU,Curveball,,ball,L,R,ATL,LAA,80.80,,,,,,0,0,2023,2023-07
2023-07-31,2023,R,450203,666160,CU,Curveball,field_out,hit_into_play,L,R,ATL,LAA,81.70,89.10,31,193.18,82.65,fly_ball,0,2,2023,2023-07
2023-07-31,2023,R,450203,666160,CU,Curveball,,swinging_strike,L,R,ATL,LAA,81.70,,,,,,0,1,2023,2023-07
2023-07-31,2023,R,450203,666160,CU,Curveball,,swinging_strike,L,R,ATL,LAA,81.00,,,,,,0,0,2023,2023-07
2023-07-31,2023,R,450203,666160,CU,Curveball,strikeout,swinging_strike,L,R,ATL,LAA,83.80,,,,,,1,2,2023,2023-07
2023-07-31,2023,R,450203,666160,FF,4-Seam Fastball,,ball,L,R,ATL,LAA,97.30,,,,,,0,2,2023,2023-07
2023-07-31,2023,R,450203,666160,CH,Changeup,,swinging_strike,L,R,ATL,LAA,87.50,,,,,,0,1,2023,2023-07
2023-07-31,2023,R,450203,666160,FF,4-Seam Fastball,,swinging_strike,L,R,ATL,LAA,96.80,,,,,,0,0,2023,2023-07
2023-07-31,2023,R,450203,687263,FF,4-Seam Fastball,field_out,hit_into_play,R,R,ATL,LAA,93.00,40.10,-55,141.57,186.82,ground_ball,0,1,2023,2023-07
2023-07-31,2023,R,450203,687263,CU,Curveball,,swinging_strike,R,R,ATL,LAA,81.10,,,,,,0,0,2023,2023-07
2023-07-31,2023,R,450203,687263,FF,4-Seam Fastball,field_out,hit_into_play,R,R,ATL,LAA,93.80,75.00,77,156.00,198.18,popup,2,0,2023,2023-07
2023-07-31,2023,R,450203,687263,FC,Cutter,,ball,R,R,ATL,LAA,90.20,,,,,,1,0,2023,2023-07
2023-07-31,2023,R,450203,687263,FC,Cutter,,ball,R,R,ATL,LAA,90.80,,,,,,0,0,2023,2023-07
2023-07-31,2023,R,450203,687263,CU,Curveball,strikeout,swinging_strike,R,R,ATL,LAA,83.00,,,,,,0,2,2023,2023-07
2023-07-31,2023,R,450203,687263,FC,Cutter,,foul,R,R,ATL,LAA,88.60,,,,,,0,1,2023,2023-07
2023-07-31,2023,R,450203,687263,FC,Cutter,,swinging_strike,R,R,ATL,LAA,88.50,,,,,,0,0,2023,2023-07
2023-07-31,2023,R,453268,592518,FF,4-Seam Fastball,walk,ball,R,R,COL,SD,95.20,,,,,,3,2,2023,2023-07
2023-07-31,2023,R,453268,592518,SL,Slider,,foul,R,R,COL,SD,89.50,54.20,-54,,,,3,2,2023,2023-07
2023-07-31,2023,R,453268,592518,FF,4-Seam Fastball,,called_strike,R,R,COL,SD,95.40,,,,,,3,1,2023,2023-07
2023-07-31,2023,R,453268,592518,SI,Sinker,,ball,R,R,COL,SD,95.20,,,,,,2,1,2023,2023-07
2023-07-31,2023,R,453268,592518,SL,Slider,,called_strike,R,R,COL,SD,90.60,,,,,,2,0,2023,2023-07
2023-07-31,2023,R,453268,592518,SL,Slider,,ball,R,R,COL,SD,88.60,,,,,,1,0,2023,2023-07
2023-07-31,2023,R,453268,592518,SI,Sinker,,ball,R,R,COL,SD,92.50,,,,,,0,0,2023,2023-07
2023-07-31,2023,R,453268,665487,SL,Slider,field_out,hit_into_play,R,R,COL,SD,88.60,104.70,14,179.95,83.97,line_drive,0,1,2023,2023-07
2023-07-31,2023,R,453268,665487,SL,Slider,,called_strike,R,R,COL,SD,88.60,,,,,,0,0,2023,2023-07
2023-07-31,2023,R,453268,665742,FF,4-Seam Fastball,walk,ball,L,R,COL,SD,96.00,,,,,,3,0,2023,2023-07
2023-07-31,2023,R,453268,665742,SL,Slider,,ball,L,R,COL,SD,89.60,,,,,,2,0,2023,2023-07
2023-07-31,2023,R,453268,665742,FF,4-Seam Fastball,,ball,L,R,COL,SD,94.30,,,,,,1,0,2023,2023-07
2023-07-31,2023,R,453268,665742,SI,Sinker,,ball,L,R,COL,SD,97.10,,,,,,0,0,2023,2023-07
2023-07-31,2023,R,502043,474832,FF,4-Seam Fastball,field_out,hit_into_play,L,R,TOR,BAL,92.00,80.00,39,89.04,91.16,fly_ball,1,2,2023,2023-07
2023-07-31,2023,R,502043,474832,FF,4-Seam Fastball,,swinging_strike,L,R,TOR,BAL,92.50,,,,,,1,1,2023,2023-07
2023-07-31,2023,R,502043,474832,FF,4-Seam Fastball,,ball,L,R,TOR,BAL,92.40,,,,,,0,1,2023,2023-07
2023-07-31,2023,R,502043,474832,FF,4-Seam Fastball,,called_strike,L,R,TOR,BAL,91.90,,,,,,0,0,2023,2023-07
2023-07-31,2023,R,502043,474832,FF,4-Seam Fastball,field_out,hit_into_play,L,R,TOR,BAL,91.50,78.00,80,93.71,193.77,popup,1,2,2023,2023-07
2023-07-31,2023,R,502043,474832,FF,4-Seam Fastball,,foul,L,R,TOR,BAL,92.20,,,,,,1,2,2023,2023-07
2023-07-31,2023,R,502043,474832,FF,4-Seam Fastball,,called_strike,L,R,TOR,BAL,91.70,,,,,,1,1,2023,2023-07
2023-07-31,2023,R,502043,474832,FC,Cutter,,ball,L,R,TOR,BAL,90.10,,,,,,0,1,2023,2023-07
2023-07-31,2023,R,502043,474832,CH,Changeup,,foul,L,R,TOR,BAL,85.50,68.60,-23,,,,0,0,2023,2023-07
2023-07-31,2023,R,502043,474832,FF,4-Seam Fastball,strikeout,swinging_strike,L,R,TOR,BAL,92.50,,,,,,2,2,2023,2023-07
2023-07-31,2023,R,502043,474832,FF,4-Seam Fastball,,swinging_strike,L,R,TOR,BAL,92.90,,,,,,2,1,2023,2023-07
2023-07-31,2023,R,502043,474832,FC,Cutter,,called_strike,L,R,TOR,BAL,89.10,,,,,,2,0,2023,2023-07
2023-07-31,2023,R,502043,474832,FF,4-Seam Fastball,,ball,L,R,TOR,BAL,92.10,,,,,,1,0,2023,2023-07
2023-07-31,2023,R,502043,474832,FF,4-Seam Fastball,,ball,L,R,TOR,BAL,90.70,,,,,,0,0,2023,2023-07
2023-07-31,2023,R,502043,593160,SI,Sinker,field_out,hit_into_play,R,R,TOR,BAL,91.90,87.30,6,112.79,178.16,ground_ball,0,0,2023,2023-07
2023-07-31,2023,R,502043,593160,SI,Sinker,field_out,hit_into_play,R,R,TOR,BAL,93.30,103.90,-3,105.35,150.80,ground_ball,2,0,2023,2023-07
2023-07-31,2023,R,502043,593160,FC,Cutter,,ball,R,R,TOR,BAL,91.40,,,,,,1,0,2023,2023-07
2023-07-31,2023,R,502043,593160,ST,Sweeper,,ball,R,R,TOR,BAL,82.80,,,,,,0,0,2023,2023-07
2023-07-31,2023,R,502043,593160,FC,Cutter,field_out,hit_into_play,R,R,TOR,BAL,87.20,73.60,-15,110.76,175.11,ground_ball,0,1,2023,2023-07
2023-07-31,2023,R,502043,593160,SI,Sinker,,called_strike,R,R,TOR,BAL,90.30,,,,,,0,0,2023,2023-07
2023-07-31,2023,R,502043,595281,SI,Sinker,force_out,hit_into_play,L,R,TOR,BAL,91.50,92.20,-38,147.33,164.93,ground_ball,2,2,2023,2023-07
2023-07-31,2023,R,502043,595281,CH,Changeup,,ball,L,R,TOR,BAL,86.20,,,,,,1,2,2023,2023-07
2023-07-31,2023,R,502043,595281,CU,Curveball,,foul,L,R,TOR,BAL,79.60,40.50,-15,,,,1,1,2023,2023-07
2023-07-31,2023,R,502043,595281,FC,Cutter,,called_strike,L,R,TOR,BAL,88.40,,,,,,1,0,2023,2023-07
2023-07-31,2023,R,502043,595281,FF,4-Seam Fastball,,ball,L,R,TOR,BAL,92.70,,,,,,0,0,2023,2023-07
2023-07-31,2023,R,502043,595281,CH,Changeup,strikeout,swinging_strike,L,R,TOR,BAL,87.20,,,,,,2,2,2023,2023-07
2023-07-31,2023,R,502043,595281,CU,Curveball,,foul,L,R,TOR,BAL,80.30,,,,,,2,2,2023,2023-07
2023-07-31,2023,R,502043,595281,CH,Changeup,,ball,L,R,TOR,BAL,87.60,,,,,,1,2,2023,2023-07
2023-07-31,2023,R,502043,595281,CH,Changeup,,swinging_strike,L,R,TOR,BAL,85.10,,,,,,1,1,2023,2023-07
2023-07-31,2023,R,502043,595281,CH,Changeup,,ball,L,R,TOR,BAL,87.10,,,,,,0,1,2023,2023-07
2023-07-31,2023,R,502043,595281,CU,Curveball,,called_strike,L,R,TOR,BAL,79.40,,,,,,0,0,2023,2023-07
2023-07-31,2023,R,502043,624415,SI,Sinker,strikeout,called_strike,L,R,TOR,BAL,92.30,,,,,,2,2,2023,2023-07
2023-07-31,2023,R,502043,624415,CH,Changeup,,foul,L,R,TOR,BAL,86.50,64.30,84,,,,2,1,2023,2023-07
2023-07-31,2023,R,502043,624415,FF,4-Seam Fastball,,ball,L,R,TOR,BAL,93.00,,,,,,1,1,2023,2023-07
2023-07-31,2023,R,502043,624415,FC,Cutter,,foul,L,R,TOR,BAL,88.90,81.60,35,,,,1,0,2023,2023-07
2023-07-31,2023,R,502043,624415,CH,Changeup,,ball,L,R,TOR,BAL,85.70,,,,,,0,0,2023,2023-07
2023-07-31,2023,R,502043,624415,SI,Sinker,strikeout,swinging_strike,L,R,TOR,BAL,91.50,,,,,,2,2,2023,2023-07
2023-07-31,2023,R,502043,624415,CU,Curveball,,ball,L,R,TOR,BAL,80.80,,,,,,1,2,2023,2023-07
2023-07-31,2023,R,502043,624415,FF,4-Seam Fastball,,swinging_strike,L,R,TOR,BAL,92.60,,,,,,1,1,2023,2023-07
2023-07-31,2023,R,502043,624415,FF,4-Seam Fastball,,ball,L,R,TOR,BAL,92.50,,,,,,0,1,2023,2023-07
2023-07-31,2023,R,502043,624415,FC,Cutter,,called_strike,L,R,TOR,BAL,90.20,,,,,,0,0,2023,2023-07
2023-07-31,2023,R,502043,656305,SI,Sinker,walk,ball,R,R,TOR,BAL,91.30,,,,,,3,2,2023,2023-07
2023-07-31,2023,R,502043,656305,FC,Cutter,,foul,R,R,TOR,BAL,89.10,,,,,,3,2,2023,2023-07
2023-07-31,2023,R,502043,656305,ST,Sweeper,,ball,R,R,TOR,BAL,81.50,,,,,,2,2,2023,2023-07
2023-07-31,2023,R,502043,656305,SI,Sinker,,called_strike,R,R,TOR,BAL,89.70,,,,,,2,1,2023,2023-07
2023-07-31,2023,R,502043,656305,FC,Cutter,,swinging_strike,R,R,TOR,BAL,87.30,,,,,,2,0,2023,2023-07
2023-07-31,2023,R,502043,656305,ST,Sweeper,,ball,R,R,TOR,BAL,78.90,,,,,,1,0,2023,2023-07
2023-07-31,2023,R,502043,656305,FC,Cutter,,ball,R,R,TOR,BAL,87.30,,,,,,0,0,2023,2023-07
2023-07-31,2023,R,502043,656305,ST,Sweeper,strikeout,swinging_strike,R,R,TOR,BAL,82.80,,,,,,1,2,2023,2023-07
2023-07-31,2023,R,502043,656305,CH,Changeup,,foul_tip,R,R,TOR,BAL,86.20,,,,,,1,1,2023,2023-07
2023-07-31,2023,R,502043,656305,CH,Changeup,,ball,R,R,TOR,BAL,87.70,,,,,,0,1,2023,2023-07
2023-07-31,2023,R,502043,656305,SI,Sinker,,foul,R,R,TOR,BAL,92.50,104.30,13,,,,0,0,2023,2023-07
2023-07-31,2023,R,502043,656305,SI,Sinker,force_out,hit_into_play,R,R,TOR,BAL,91.80,84.60,-13,117.36,158.31,ground_ball,0,1,2023,2023-07
2023-07-31,2023,R,502043,656305,SI,Sinker,,called_strike,R,R,TOR,BAL,92.20,,,,,,0,0,2023,2023-07
2023-07-31,2023,R,502043,662139,FC,Cutter,single,hit_into_play,L,R,TOR,BAL,89.80,65.70,24,99.59,98.99,line_drive,2,2,2023,2023-07
2023-07-31,2023,R,502043,662139,CU,Curveball,,ball,L,R,TOR,BAL,80.30,,,,,,1,2,2023,2023-07
2023-07-31,2023,R,502043,662139,FF,4-Seam Fastball,,foul,L,R,TOR,BAL,91.40,69.20,79,,,,1,1,2023,2023-07
2023-07-31,2023,R,502043,662139,CU,Curveball,,ball,L,R,TOR,BAL,80.50,,,,,,0,1,2023,2023-07
2023-07-31,2023,R,502043,662139,FC,Cutter,,called_strike,L,R,TOR,BAL,87.60,,,,,,0,0,2023,2023-07
2023-07-31,2023,R,502043,662139,CH,Changeup,field_out,hit_into_play,L,R,TOR,BAL,87.10,99.00,36,121.74,49.24,fly_ball,2,2,2023,2023-07
2023-07-31,2023,R,502043,662139,SI,Sinker,,foul,L,R,TOR,BAL,91.10,86.10,-33,,,,2,2,2023,2023-07
2023-07-31,2023,R,502043,662139,FF,4-Seam Fastball,,ball,L,R,TOR,BAL,91.90,,,,,,1,2,2023,2023-07
2023-07-31,2023,R,502043,662139,CH,Changeup,,foul_tip,L,R,TOR,BAL,86.50,,,,,,1,1,2023,2023-07
2023-07-31,2023,R,502043,662139,CH,Changeup,,swinging_strike,L,R,TOR,BAL,85.40,,,,,,1,0,2023,2023-07
2023-07-31,2023,R,502043,662139,CU,Curveball,,ball,L,R,TOR,BAL,78.50,,,,,,0,0,2023,2023-07
2023-07-31,2023,R,502043,665489,ST,Sweeper,field_out,hit_into_play,R,R,TOR,BAL,81.10,91.80,-6,110.76,172.56,ground_ball,3,2,2023,2023-07
2023-07-31,2023,R,502043,665489,FC,Cutter,,called_strike,R,R,TOR,BAL,88.80,,,,,,3,1,2023,2023-07
2023-07-31,2023,R,502043,665489,SI,Sinker,,ball,R,R,TOR,BAL,92.00,,,,,,2,1,2023,2023-07
2023-07-31,2023,R,502043,665489,ST,Sweeper,,ball,R,R,TOR,BAL,81.60,,,,,,1,1,2023,2023-07
2023-07-31,2023,R,502043,665489,ST,Sweeper,,ball,R,R,TOR,BAL,80.60,,,,,,0,1,2023,2023-07
2023-07-31,2023,R,502043,665489,ST,Sweeper,,foul,R,R,TOR,BAL,81.40,65.10,-22,,,,0,0,2023,2023-07
2023-07-31,2023,R,502043,665489,SI,Sinker,field_out,hit_into_play,R,R,TOR,BAL,92.30,108.30,-14,85.31,145.85,ground_ball,1,0,2023,2023-07
2023-07-31,2023,R,502043,665489,SI,Sinker,,ball,R,R,TOR,BAL,93.10,,,,,,0,0,2023,2023-07
2023-07-31,2023,R,502043,665489,FC,Cutter,walk,blocked_ball,R,R,TOR,BAL,89.60,,,,,,3,1,2023,2023-07
2023-07-31,2023,R,502043,665489,FC,Cutter,,ball,R,R,TOR,BAL,89.20,,,,,,2,1,2023,2023-07
2023-07-31,2023,R,502043,665489,ST,Sweeper,,ball,R,R,TOR,BAL,81.10,,,,,,1,1,2023,2023-07
2023-07-31,2023,R,502043,665489,SI,Sinker,,ball,R,R,TOR,BAL,92.30,,,,,,0,1,2023,2023-07
2023-07-31,2023,R,502043,665489,SI,Sinker,,called_strike,R,R,TOR,BAL,91.40,,,,,,0,0,2023,2023-07
2023-07-31,2023,R,502043,666182,SI,Sinker,single,hit_into_play,R,R,TOR,BAL,93.40,101.40,2,182.38,143.04,ground_ball,1,1,2023,2023-07
2023-07-31,2023,R,502043,666182,ST,Sweeper,,foul,R,R,TOR,BAL,81.90,69.60,33,,,,1,0,2023,2023-07
2023-07-31,2023,R,502043,666182,ST,Sweeper,,ball,R,R,TOR,BAL,82.50,,,,,,0,0,2023,2023-07
2023-07-31,2023,R,502043,666182,FC,Cutter,single,hit_into_play,R,R,TOR,BAL,89.70,67.30,-69,113.91,184.26,ground_ball,2,1,2023,2023-07
2023-07-31,2023,R,502043,666182,SI,Sinker,,called_strike,R,R,TOR,BAL,92.30,,,,,,2,0,2023,2023-07
2023-07-31,2023,R,502043,666182,ST,Sweeper,,ball,R,R,TOR,BAL,80.60,,,,,,1,0,2023,2023-07
2023-07-31,2023,R,502043,666182,SI,Sinker,,ball,R,R,TOR,BAL,91.90,,,,,,0,0,2023,2023-07
2023-07-31,2023,R,502043,669289,FC,Cutter,field_out,hit_into_play,R,R,TOR,BAL,87.20,72.00,-6,109.74,175.11,ground_ball,1,1,2023,2023-07
2023-07-31,2023,R,502043,669289,ST,Sweeper,,ball,R,R,TOR,BAL,81.00,,,,,,0,1,2023,2023-07
2023-07-31,2023,R,502043,669289,CH,Changeup,,called_strike,R,R,TOR,BAL,89.10,,,,,,0,0,2023,2023-07
2023-07-31,2023,R,502043,672386,SI,Sinker,single,hit_into_play,R,R,TOR,BAL,92.20,85.70,22,172.58,77.92,line_drive,1,2,2023,2023-07
2023-07-31,2023,R,502043,672386,SI,Sinker,,foul,R,R,TOR,BAL,92.70,79.50,44,,,,1,2,2023,2023-07
2023-07-31,2023,R,502043,672386,SI,Sinker,,foul,R,R,TOR,BAL,92.60,92.90,30,,,,1,1,2023,2023-07
2023-07-31,2023,R,502043,672386,CU,Curveball,,blocked_ball,R,R,TOR,BAL,77.40,,,,,,0,1,2023,2023-07
2023-07-31,2023,R,502043,672386,SI,Sinker,,called_strike,R,R,TOR,BAL,90.60,,,,,,0,0,2023,2023-07
2023-07-31,2023,R,502043,672386,CH,Changeup,field_out,hit_into_play,R,R,TOR,BAL,86.20,79.70,-6,103.74,158.61,ground_ball,1,2,2023,2023-07
2023-07-31,2023,R,502043,672386,ST,Sweeper,,ball,R,R,TOR,BAL,82.50,,,,,,0,2,2023,2023-07
2023-07-31,2023,R,502043,672386,FC,Cutter,,called_strike,R,R,TOR,BAL,89.60,,,,,,0,1,2023,2023-07
2023-07-31,2023,R,502043,672386,SI,Sinker,,called_strike,R,R,TOR,BAL,92.20,,,,,,0,0,2023,2023-07
2023-07-31,2023,R,518397,656896,SL,Slider,single,hit_into_play,R,L,SF,AZ,83.90,92.10,12,139.78,99.40,line_drive,0,1,2023,2023-07
2023-07-31,2023,R,518397,656896,SI,Sinker,,foul,R,L,SF,AZ,91.60,91.40,54,,,,0,0,2023,2023-07
2023-07-31,2023,R,518397,660636,SI,Sinker,field_out,hit_into_play,R,L,SF,AZ,92.90,92.50,36,194.96,106.49,fly_ball,0,1,2023,2023-07
2023-07-31,2023,R,518397,660636,SI,Sinker,,called_strike,R,L,SF,AZ,92.90,,,,,,0,0,2023,2023-07
2023-07-31,2023,R,518397,672695,SI,Sinker,force_out,hit_into_play,R,L,SF,AZ,93.50,89.00,-22,111.43,158.13,ground_ball,0,0,2023,2023-07
2023-07-31,2023,R,518397,677950,SL,Slider,strikeout,swinging_strike,L,L,SF,AZ,83.50,,,,,,0,2,2023,2023-07
2023-07-31,2023,R,518397,677950,SI,Sinker,,foul,L,L,SF,AZ,92.60,48.20,-40,,,,0,1,2023,2023-07
2023-07-31,2023,R,518397,677950,SI,Sinker,,foul,L,L,SF,AZ,92.20,86.80,-57,,,,0,0,2023,2023-07
2023-07-31,2023,R,518585,543228,FF,4-Seam Fastball,single,hit_into_play,R,R,CHC,CIN,94.50,95.20,12,78.62,104.56,line_drive,0,0,2023,2023-07
2023-07-31,2023,R,518585,621020,FS,Split-Finger,strikeout,swinging_strike,R,R,CHC,CIN,80.40,,,,,,0,2,2023,2023-07
2023-07-31,2023,R,518585,621020,FS,Split-Finger,,swinging_strike,R,R,CHC,CIN,81.70,,,,,,0,1,2023,2023-07
2023-07-31,2023,R,518585,621020,FC,Cutter,,foul,R,R,CHC,CIN,88.00,92.10,50,,,,0,0,2023,2023-07
2023-07-31,2023,R,518585,666624,FS,Split-Finger,strikeout,swinging_strike,R,R,CHC,CIN,82.10,,,,,,0,2,2023,2023-07
2023-07-31,2023,R,518585,666624,FS,Split-Finger,,swinging_strike,R,R,CHC,CIN,81.90,,,,,,0,1,2023,2023-07
2023-07-31,2023,R,518585,666624,FC,Cutter,,swinging_strike,R,R,CHC,CIN,87.90,,,,,,0,0,2023,2023-07
2023-07-31,2023,R,518886,516416,KC,Knuckle Curve,field_out,hit_into_play,R,R,MIA,PHI,86.40,72.80,-34,112.18,180.40,ground_ball,0,1,2023,2023-07
2023-07-31,2023,R,518886,516416,KC,Knuckle Curve,,called_strike,R,R,MIA,PHI,84.00,,,,,,0,0,2023,2023-07
2023-07-31,2023,R,518886,621563,KC,Knuckle Curve,field_out,hit_into_play,L,R,MIA,PHI,85.10,90.00,22,68.79,87.20,line_drive,1,2,2023,2023-07
2023-07-31,2023,R,518886,621563,FF,4-Seam Fastball,,foul,L,R,MIA,PHI,95.60,85.70,79,,,,1,1,2023,2023-07
2023-07-31,2023,R,518886,621563,ST,Sweeper,,called_strike,L,R,MIA,PHI,84.60,,,,,,1,0,2023,2023-07
2023-07-31,2023,R,518886,621563,FF,4-Seam Fastball,,ball,L,R,MIA,PHI,94.20,,,,,,0,0,2023,2023-07
2023-07-31,2023,R,518886,660821,FF,4-Seam Fastball,field_out,hit_into_play,L,R,MIA,PHI,95.60,99.30,-41,110.15,178.36,ground_ball,1,1,2023,2023-07
2023-07-31,2023,R,518886,660821,KC,Knuckle Curve,,swinging_strike,L,R,MIA,PHI,85.40,,,,,,1,0,2023,2023-07
2023-07-31,2023,R,518886,660821,KC,Knuckle Curve,,ball,L,R,MIA,PHI,85.30,,,,,,0,0,2023,2023-07
2023-07-31,2023,R,519151,664702,CU,Curveball,strikeout,called_strike,R,R,HOU,CLE,81.50,,,,,,2,2,2023,2023-07
2023-07-31,2023,R,519151,664702,SL,Slider,,foul,R,R,HOU,CLE,90.30,78.50,-28,,,,2,2,2023,2023-07
2023-07-31,2023,R,519151,664702,FF,4-Seam Fastball,,foul,R,R,HOU,CLE,95.60,82.40,33,,,,2,2,2023,2023-07
2023-07-31,2023,R,519151,664702,FF,4-Seam Fastball,,called_strike,R,R,HOU,CLE,94.60,,,,,,2,1,2023,2023-07
2023-07-31,2023,R,519151,664702,FF,4-Seam Fastball,,ball,R,R,HOU,CLE,94.20,,,,,,1,1,2023,2023-07
2023-07-31,2023,R,519151,664702,FF,4-Seam Fastball,,ball,R,R,HOU,CLE,94.60,,,,,,0,1,2023,2023-07
2023-07-31,2023,R,519151,664702,FF,4-Seam Fastball,,called_strike,R,R,HOU,CLE,94.40,,,,,,0,0,2023,2023-07
2023-07-31,2023,R,519151,665926,FF,4-Seam Fastball,field_out,hit_into_play,L,R,HOU,CLE,95.40,87.60,-46,154.00,154.96,ground_ball,2,1,2023,2023-07
2023-07-31,2023,R,519151,665926,SL,Slider,,ball,L,R,HOU,CLE,90.30,,,,,,1,1,2023,2023-07
2023-07-31,2023,R,519151,665926,CU,Curveball,,swinging_strike,L,R,HOU,CLE,82.40,,,,,,1,0,2023,2023-07
2023-07-31,2023,R,519151,665926,FF,4-Seam Fastball,,ball,L,R,HOU,CLE,96.70,,,,,,0,0,2023,2023-07
2023-07-31,2023,R,519151,680757,SL,Slider,sac_fly,hit_into_play,L,R,HOU,CLE,90.50,88.80,30,160.24,67.02,fly_ball,0,1,2023,2023-07
2023-07-31,2023,R,519151,680757,CU,Curveball,,foul,L,R,HOU,CLE,82.20,68.30,51,,,,0,0,2023,2023-07
2023-07-31,2023,R,543056,595281,SI,Sinker,strikeout,swinging_strike,L,L,TOR,BAL,89.50,,,,,,3,2,2023,2023-07
2023-07-31,2023,R,543056,595281,FC,Cutter,,swinging_strike,L,L,TOR,BAL,84.70,,,,,,3,1,2023,2023-07
2023-07-31,2023,R,543056,595281,SI,Sinker,,ball,L,L,TOR,BAL,90.40,,,,,,2,1,2023,2023-07
2023-07-31,2023,R,543056,595281,FC,Cutter,,called_strike,L,L,TOR,BAL,86.50,,,,,,2,0,2023,2023-07
2023-07-31,2023,R,543056,595281,FC,Cutter,,ball,L,L,TOR,BAL,85.20,,,,,,1,0,2023,2023-07
2023-07-31,2023,R,543056,595281,FF,4-Seam Fastball,,ball,L,L,TOR,BAL,91.40,,,,,,0,0,2023,2023-07
2023-07-31,2023,R,543056,656669,FC,Cutter,strikeout,swinging_strike_blocked,R,L,TOR,BAL,86.80,,,,,,2,2,2023,2023-07
2023-07-31,2023,R,543056,656669,SI,Sinker,,called_strike,R,L,TOR,BAL,91.00,,,,,,2,1,2023,2023-07
2023-07-31,2023,R,543056,656669,SI,Sinker,,foul,R,L,TOR,BAL,90.60,73.10,-40,,,,2,0,2023,2023-07
2023-07-31,2023,R,543056,656669,FC,Cutter,,ball,R,L,TOR,BAL,86.50,,,,,,1,0,2023,2023-07
2023-07-31,2023,R,543056,656669,FC,Cutter,,ball,R,L,TOR,BAL,86.90,,,,,,0,0,2023,2023-07
2023-07-31,2023,R,543056,662139,FF,4-Seam Fastball,walk,ball,L,L,TOR,BAL,90.30,,,,,,3,0,2023,2023-07
2023-07-31,2023,R,543056,662139,SI,Sinker,,ball,L,L,TOR,BAL,88.90,,,,,,2,0,2023,2023-07
2023-07-31,2023,R,543056,662139,SI,Sinker,,blocked_ball,L,L,TOR,BAL,91.70,,,,,,1,0,2023,2023-07
2023-07-31,2023,R,543056,662139,FF,4-Seam Fastball,,ball,L,L,TOR,BAL,90.70,,,,,,0,0,2023,2023-07
2023-07-31,2023,R,543056,672386,SI,Sinker,field_out,hit_into_play,R,L,TOR,BAL,91.50,51.90,52,161.62,163.10,popup,2,2,2023,2023-07
2023-07-31,2023,R,543056,672386,SI,Sinker,,called_strike,R,L,TOR,BAL,89.00,,,,,,2,1,2023,2023-07
2023-07-31,2023,R,543056,672386,FC,Cutter,,ball,R,L,TOR,BAL,87.30,,,,,,1,1,2023,2023-07
2023-07-31,2023,R,543056,672386,FC,Cutter,,called_strike,R,L,TOR,BAL,84.30,,,,,,1,0,2023,2023-07
2023-07-31,2023,R,543056,672386,SI,Sinker,,ball,R,L,TOR,BAL,90.60,,,,,,0,0,2023,2023-07
2023-07-31,2023,R,543272,596142,FF,4-Seam Fastball,field_out,hit_into_play,R,L,COL,SD,92.10,84.60,-33,102.48,164.55,ground_ball,1,2,2023,2023-07
2023-07-31,2023,R,543272,596142,FF,4-Seam Fastball,,called_strike,R,L,COL,SD,91.90,,,,,,1,1,2023,2023-07
2023-07-31,2023,R,543272,596142,FF,4-Seam Fastball,,ball,R,L,COL,SD,91.90,,,,,,0,1,2023,2023-07
2023-07-31,2023,R,543272,596142,ST,Sweeper,,called_strike,R,L,COL,SD,79.20,,,,,,0,0,2023,2023-07
2023-07-31,2023,R,543272,630105,SI,Sinker,field_out,hit_into_play,L,L,COL,SD,91.40,81.30,8,114.60,157.28,line_drive,0,1,2023,2023-07
2023-07-31,2023,R,543272,630105,SI,Sinker,,foul,L,L,COL,SD,91.50,63.30,-41,,,,0,0,2023,2023-07
2023-07-31,2023,R,543518,592626,FF,4-Seam Fastball,strikeout,called_strike,L,R,SF,AZ,92.70,,,,,,1,2,2023,2023-07
2023-07-31,2023,R,543518,592626,FS,Split-Finger,,foul,L,R,SF,AZ,84.90,72.00,19,,,,1,1,2023,2023-07
2023-07-31,2023,R,543518,592626,FF,4-Seam Fastball,,ball,L,R,SF,AZ,92.40,,,,,,0,1,2023,2023-07
2023-07-31,2023,R,543518,592626,FF,4-Seam Fastball,,called_strike,L,R,SF,AZ,92.60,,,,,,0,0,2023,2023-07
2023-07-31,2023,R,543518,666165,FS,Split-Finger,strikeout,swinging_strike,L,R,SF,AZ,84.80,,,,,,3,2,2023,2023-07
2023-07-31,2023,R,543518,666165,FS,Split-Finger,,ball,L,R,SF,AZ,86.50,,,,,,2,2,2023,2023-07
2023-07-31,2023,R,543518,666165,FS,Split-Finger,,swinging_strike,L,R,SF,AZ,85.30,,,,,,2,1,2023,2023-07
2023-07-31,2023,R,543518,666165,FF,4-Seam Fastball,,called_strike,L,R,SF,AZ,93.40,,,,,,2,0,2023,2023-07
2023-07-31,2023,R,543518,666165,FF,4-Seam Fastball,,ball,L,R,SF,AZ,93.00,,,,,,1,0,2023,2023-07
2023-07-31,2023,R,543518,666165,SL,Slider,,blocked_ball,L,R,SF,AZ,87.00,,,,,,0,0,2023,2023-07
2023-07-31,2023,R,543518,672275,FS,Split-Finger,field_out,hit_into_play,L,R,SF,AZ,85.20,72.80,-10,152.94,154.59,ground_ball,1,2,2023,2023-07
2023-07-31,2023,R,543518,672275,FF,4-Seam Fastball,,foul,L,R,SF,AZ,94.10,77.00,17,,,,1,2,2023,2023-07
2023-07-31,2023,R,543518,672275,FS,Split-Finger,,swinging_strike,L,R,SF,AZ,85.10,,,,,,1,1,2023,2023-07
2023-07-31,2023,R,543518,672275,FF,4-Seam Fastball,,called_strike,L,R,SF,AZ,93.50,,,,,,1,0,2023,2023-07
2023-07-31,2023,R,543518,672275,FF,4-Seam Fastball,,ball,L,R,SF,AZ,94.00,,,,,,0,0,2023,2023-07
2023-07-31,2023,R,547184,514888,ST,Sweeper,walk,ball,R,R,HOU,CLE,82.20,,,,,,3,2,2023,2023-07
2023-07-31,2023,R,547184,514888,ST,Sweeper,,foul,R,R,HOU,CLE,82.20,,,,,,3,2,2023,2023-07
2023-07-31,2023,R,547184,514888,FF,4-Seam Fastball,,ball,R,R,HOU,CLE,93.00,,,,,,2,2,2023,2023-07
2023-07-31,2023,R,547184,514888,SI,Sinker,,ball,R,R,HOU,CLE,93.80,,,,,,1,2,2023,2023-07
2023-07-31,2023,R,547184,514888,ST,Sweeper,,swinging_strike,R,R,HOU,CLE,82.30,,,,,,1,1,2023,2023-07
2023-07-31,2023,R,547184,514888,ST,Sweeper,,called_strike,R,R,HOU,CLE,82.70,,,,,,1,0,2023,2023-07
2023-07-31,2023,R,547184,514888,ST,Sweeper,,ball,R,R,HOU,CLE,82.60,,,,,,0,0,2023,2023-07
2023-07-31,2023,R,547184,608324,ST,Sweeper,walk,ball,R,R,HOU,CLE,82.40,,,,,,3,0,2023,2023-07
2023-07-31,2023,R,547184,608324,ST,Sweeper,,ball,R,R,HOU,CLE,83.20,,,,,,2,0,2023,2023-07
2023-07-31,2023,R,547184,608324,ST,Sweeper,,ball,R,R,HOU,CLE,83.90,,,,,,1,0,2023,2023-07
2023-07-31,2023,R,547184,608324,ST,Sweeper,,ball,R,R,HOU,CLE,78.70,,,,,,0,0,2023,2023-07
2023-07-31,2023,R,547184,663656,SL,Slider,strikeout,swinging_strike,L,R,HOU,CLE,87.30,,,,,,2,2,2023,2023-07
2023-07-31,2023,R,547184,663656,ST,Sweeper,,ball,L,R,HOU,CLE,83.60,,,,,,1,2,2023,2023-07
2023-07-31,2023,R,547184,663656,SL,Slider,,foul,L,R,HOU,CLE,88.90,77.40,74,,,,1,2,2023,2023-07
2023-07-31,2023,R,547184,663656,FF,4-Seam Fastball,,ball,L,R,HOU,CLE,95.50,,,,,,0,2,2023,2023-07
2023-07-31,2023,R,547184,663656,SL,Slider,,swinging_strike,L,R,HOU,CLE,89.50,,,,,,0,1,2023,2023-07
2023-07-31,2023,R,547184,663656,SL,Slider,,swinging_strike,L,R,HOU,CLE,88.20,,,,,,0,0,2023,2023-07
2023-07-31,2023,R,547184,665161,ST,Sweeper,walk,ball,R,R,HOU,CLE,82.40,,,,,,3,1,2023,2023-07
2023-07-31,2023,R,547184,665161,ST,Sweeper,,ball,R,R,HOU,CLE,82.30,,,,,,2,1,2023,2023-07
2023-07-31,2023,R,547184,665161,ST,Sweeper,,called_strike,R,R,HOU,CLE,82.30,,,,,,2,0,2023,2023-07
2023-07-31,2023,R,547184,665161,ST,Sweeper,,ball,R,R,HOU,CLE,83.20,,,,,,1,0,2023,2023-07
2023-07-31,2023,R,547184,665161,FF,4-Seam Fastball,,ball,R,R,HOU,CLE,94.10,,,,,,0,0,2023,2023-07
2023-07-31,2023,R,547184,670541,SL,Slider,walk,ball,L,R,HOU,CLE,88.60,,,,,,3,0,2023,2023-07
2023-07-31,2023,R,547184,670541,SL,Slider,,ball,L,R,HOU,CLE,89.40,,,,,,2,0,2023,2023-07
2023-07-31,2023,R,547184,670541,SI,Sinker,,blocked_ball,L,R,HOU,CLE,94.60,,,,,,1,0,2023,2023-07
2023-07-31,2023,R,547184,670541,SI,Sinker,,blocked_ball,L,R,HOU,CLE,93.90,,,,,,0,0,2023,2023-07
2023-07-31,2023,R,547184,676694,ST,Sweeper,field_out,hit_into_play,R,R,HOU,CLE,82.00,76.50,17,100.31,135.87,line_drive,1,1,2023,2023-07
2023-07-31,2023,R,547184,676694,FF,4-Seam Fastball,,foul,R,R,HOU,CLE,93.90,74.20,56,,,,1,0,2023,2023-07
2023-07-31,2023,R,547184,676694,FF,4-Seam Fastball,,ball,R,R,HOU,CLE,94.90,,,,,,0,0,2023,2023-07
2023-07-31,2023,R,571656,641355,FF,4-Seam Fastball,field_out,hit_into_play,L,R,CHC,CIN,93.90,95.40,4,122.65,144.29,ground_ball,0,1,2023,2023-07
2023-07-31,2023,R,571656,641355,FF,4-Seam Fastball,,called_strike,L,R,CHC,CIN,94.60,,,,,,0,0,2023,2023-07
2023-07-31,2023,R,571656,663538,CH,Changeup,grounded_into_double_play,hit_into_play,R,R,CHC,CIN,88.20,79.80,-21,143.95,162.59,ground_ball,0,1,2023,2023-07
2023-07-31,2023,R,571656,663538,FF,4-Seam Fastball,,called_strike,R,R,CHC,CIN,93.70,,,,,,0,0,2023,2023-07
2023-07-31,2023,R,571656,664023,FF,4-Seam Fastball,strikeout,swinging_strike,L,R,CHC,CIN,94.40,,,,,,3,2,2023,2023-07
2023-07-31,2023,R,571656,664023,SL,Slider,,ball,L,R,CHC,CIN,84.20,,,,,,2,2,2023,2023-07
2023-07-31,2023,R,571656,664023,FF,4-Seam Fastball,,ball,L,R,CHC,CIN,93.80,,,,,,1,2,2023,2023-07
2023-07-31,2023,R,571656,664023,FF,4-Seam Fastball,,ball,L,R,CHC,CIN,95.00,,,,,,0,2,2023,2023-07
2023-07-31,2023,R,571656,664023,CH,Changeup,,swinging_strike,L,R,CHC,CIN,88.50,,,,,,0,1,2023,2023-07
2023-07-31,2023,R,571656,664023,SL,Slider,,swinging_strike,L,R,CHC,CIN,83.50,,,,,,0,0,2023,2023-07
2023-07-31,2023,R,571656,673548,CH,Changeup,strikeout,swinging_strike,R,R,CHC,CIN,88.70,,,,,,2,2,2023,2023-07
2023-07-31,2023,R,571656,673548,FF,4-Seam Fastball,,ball,R,R,CHC,CIN,93.70,,,,,,1,2,2023,2023-07
2023-07-31,2023,R,571656,673548,SL,Slider,,foul,R,R,CHC,CIN,82.90,70.00,51,,,,1,2,2023,2023-07
2023-07-31,2023,R,571656,673548,CH,Changeup,,swinging_strike,R,R,CHC,CIN,88.70,,,,,,1,1,2023,2023-07
2023-07-31,2023,R,571656,673548,FF,4-Seam Fastball,,ball,R,R,CHC,CIN,93.30,,,,,,0,1,2023,2023-07
2023-07-31,2023,R,571656,673548,SL,Slider,,called_strike,R,R,CHC,CIN,81.50,,,,,,0,0,2023,2023-07
2023-07-31,2023,R,571863,592518,FC,Cutter,single,hit_into_play,R,R,COL,SD,89.40,52.70,-67,121.59,198.06,ground_ball,1,1,2023,2023-07
2023-07-31,2023,R,571863,592518,FF,4-Seam Fastball,,ball,R,R,COL,SD,93.30,,,,,,0,1,2023,2023-07
2023-07-31,2023,R,571863,592518,FC,Cutter,,foul,R,R,COL,SD,90.20,86.80,55,,,,0,0,2023,2023-07
2023-07-31,2023,R,571863,593428,FC,Cutter,force_out,hit_into_play,R,R,COL,SD,90.70,81.80,-7,145.51,162.73,ground_ball,3,2,2023,2023-07
2023-07-31,2023,R,571863,593428,FC,Cutter,,ball,R,R,COL,SD,90.20,,,,,,2,2,2023,2023-07
2023-07-31,2023,R,571863,593428,SL,Slider,,foul,R,R,COL,SD,82.90,99.70,33,,,,2,1,2023,2023-07
2023-07-31,2023,R,571863,593428,FC,Cutter,,ball,R,R,COL,SD,89.70,,,,,,1,1,2023,2023-07
2023-07-31,2023,R,571863,593428,FC,Cutter,,foul,R,R,COL,SD,89.40,53.80,-20,,,,1,0,2023,2023-07
2023-07-31,2023,R,571863,593428,FC,Cutter,,blocked_ball,R,R,COL,SD,90.70,,,,,,0,0,2023,2023-07
2023-07-31,2023,R,571863,665742,FC,Cutter,single,hit_into_play,L,R,COL,SD,90.80,37.70,-32,113.62,180.93,ground_ball,0,0,2023,2023-07
2023-07-31,2023,R,571901,592696,FC,Cutter,field_out,hit_into_play,L,L,ATL,LAA,83.20,94.80,-3,134.34,158.79,ground_ball,1,2,2023,2023-07
2023-07-31,2023,R,571901,592696,SI,Sinker,,foul,L,L,ATL,LAA,94.20,75.60,38,,,,1,2,2023,2023-07
2023-07-31,2023,R,571901,592696,SI,Sinker,,ball,L,L,ATL,LAA,93.80,,,,,,0,2,2023,2023-07
2023-07-31,2023,R,571901,592696,CU,Curveball,,foul,L,L,ATL,LAA,76.20,78.20,32,,,,0,2,2023,2023-07
2023-07-31,2023,R,571901,592696,FC,Cutter,,foul,L,L,ATL,LAA,83.70,84.60,52,,,,0,1,2023,2023-07
2023-07-31,2023,R,571901,592696,SI,Sinker,,called_strike,L,L,ATL,LAA,92.60,,,,,,0,0,2023,2023-07
2023-07-31,2023,R,571901,606115,FC,Cutter,field_out,hit_into_play,R,L,ATL,LAA,84.70,100.10,-17,107.03,151.67,ground_ball,1,1,2023,2023-07
2023-07-31,2023,R,571901,606115,FC,Cutter,,ball,R,L,ATL,LAA,85.40,,,,,,0,1,2023,2023-07
2023-07-31,2023,R,571901,606115,SI,Sinker,,called_strike,R,L,ATL,LAA,93.50,,,,,,0,0,2023,2023-07
2023-07-31,2023,R,571901,671739,FC,Cutter,field_out,hit_into_play,L,L,ATL,LAA,82.80,101.50,-9,128.84,180.76,ground_ball,0,0,2023,2023-07
2023-07-31,2023,R,571948,642086,SI,Sinker,field_out,hit_into_play,L,L,WSH,MIL,87.00,50.50,-12,118.27,167.58,ground_ball,0,0,2023,2023-07
2023-07-31,2023,R,572955,519058,FF,4-Seam Fastball,double,hit_into_play,L,R,ATL,LAA,96.10,74.20,19,60.24,129.11,line_drive,1,2,2023,2023-07
2023-07-31,2023,R,572955,519058,CU,Curveball,,foul,L,R,ATL,LAA,87.20,98.50,-15,,,,1,2,2023,2023-07
2023-07-31,2023,R,572955,519058,CU,Curveball,,ball,L,R,ATL,LAA,87.00,,,,,,0,2,2023,2023-07
2023-07-31,2023,R,572955,519058,CU,Curveball,,swinging_strike,L,R,ATL,LAA,85.50,,,,,,0,1,2023,2023-07
2023-07-31,2023,R,572955,519058,FF,4-Seam Fastball,,swinging_strike,L,R,ATL,LAA,96.10,,,,,,0,0,2023,2023-07
2023-07-31,2023,R,572955,545341,FF,4-Seam Fastball,strikeout,swinging_strike,R,R,ATL,LAA,95.80,,,,,,1,2,2023,2023-07
2023-07-31,2023,R,572955,545341,CU,Curveball,,ball,R,R,ATL,LAA,87.40,,,,,,0,2,2023,2023-07
2023-07-31,2023,R,572955,545341,CU,Curveball,,foul,R,R,ATL,LAA,86.50,81.90,-19,,,,0,1,2023,2023-07
2023-07-31,2023,R,572955,545341,CU,Curveball,,swinging_strike_blocked,R,R,ATL,LAA,86.80,,,,,,0,0,2023,2023-07
2023-07-31,2023,R,572955,592669,CU,Curveball,strikeout,swinging_strike_blocked,R,R,ATL,LAA,87.10,,,,,,0,2,2023,2023-07
2023-07-31,2023,R,572955,592669,CU,Curveball,,called_strike,R,R,ATL,LAA,85.50,,,,,,0,1,2023,2023-07
2023-07-31,2023,R,572955,592669,CU,Curveball,,swinging_strike,R,R,ATL,LAA,85.20,,,,,,0,0,2023,2023-07
2023-07-31,2023,R,572955,687263,CU,Curveball,strikeout,swinging_strike,R,R,ATL,LAA,87.50,,,,,,2,2,2023,2023-07
2023-07-31,2023,R,572955,687263,FF,4-Seam Fastball,,foul,R,R,ATL,LAA,96.90,81.20,49,,,,2,2,2023,2023-07
2023-07-31,2023,R,572955,687263,CU,Curveball,,blocked_ball,R,R,ATL,LAA,87.50,,,,,,1,2,2023,2023-07
2023-07-31,2023,R,572955,687263,CU,Curveball,,swinging_strike,R,R,ATL,LAA,86.40,,,,,,1,1,2023,2023-07
2023-07-31,2023,R,572955,687263,FF,4-Seam Fastball,,called_strike,R,R,ATL,LAA,95.50,,,,,,1,0,2023,2023-07
2023-07-31,2023,R,572955,687263,FF,4-Seam Fastball,,ball,R,R,ATL,LAA,95.60,,,,,,0,0,2023,2023-07
2023-07-31,2023,R,573124,572233,,,intent_walk,automatic_ball,R,L,SF,AZ,,,,,,,3,0,2023,2023-07
2023-07-31,2023,R,573124,572233,,,,automatic_ball,R,L,SF,AZ,,,,,,,2,0,2023,2023-07
2023-07-31,2023,R,573124,572233,,,,automatic_ball,R,L,SF,AZ,,,,,,,1,0,2023,2023-07
2023-07-31,2023,R,573124,572233,,,,automatic_ball,R,L,SF,AZ,,,,,,,0,0,2023,2023-07
2023-07-31,2023,R,573124,606466,SI,Sinker,double,hit_into_play,R,L,SF,AZ,94.10,107.30,17,165.38,49.15,line_drive,3,2,2023,2023-07
2023-07-31,2023,R,573124,606466,SI,Sinker,,ball,R,L,SF,AZ,94.30,,,,,,2,2,2023,2023-07
2023-07-31,2023,R,573124,606466,ST,Sweeper,,foul,R,L,SF,AZ,80.40,99.80,45,,,,2,2,2023,2023-07
2023-07-31,2023,R,573124,606466,SI,Sinker,,foul,R,L,SF,AZ,94.00,69.60,28,,,,2,2,2023,2023-07
2023-07-31,2023,R,573124,606466,ST,Sweeper,,foul,R,L,SF,AZ,81.40,102.00,8,,,,2,1,2023,2023-07
2023-07-31,2023,R,573124,606466,SI,Sinker,,ball,R,L,SF,AZ,93.20,,,,,,1,1,2023,2023-07
2023-07-31,2023,R,573124,606466,SI,Sinker,,called_strike,R,L,SF,AZ,94.30,,,,,,1,0,2023,2023-07
2023-07-31,2023,R,573124,606466,SI,Sinker,,ball,R,L,SF,AZ,93.80,,,,,,0,0,2023,2023-07
2023-07-31,2023,R,573124,666971,ST,Sweeper,grounded_into_double_play,hit_into_play,R,L,SF,AZ,80.20,97.20,-5,110.92,158.64,ground_ball,1,2,2023,2023-07
2023-07-31,2023,R,573124,666971,SI,Sinker,,foul,R,L,SF,AZ,94.40,97.20,13,,,,1,1,2023,2023-07
2023-07-31,2023,R,573124,666971,SI,Sinker,,ball,R,L,SF,AZ,94.50,,,,,,0,1,2023,2023-07
2023-07-31,2023,R,573124,666971,ST,Sweeper,,foul,R,L,SF,AZ,79.60,73.30,75,,,,0,0,2023,2023-07
2023-07-31,2023,R,573124,682998,ST,Sweeper,sac_bunt,hit_into_play,L,L,SF,AZ,80.00,20.30,-13,127.70,196.82,ground_ball,2,1,2023,2023-07
2023-07-31,2023,R,573124,682998,ST,Sweeper,,ball,L,L,SF,AZ,79.80,,,,,,1,1,2023,2023-07
2023-07-31,2023,R,573124,682998,SI,Sinker,,called_strike,L,L,SF,AZ,93.50,,,,,,1,0,2023,2023-07
2023-07-31,2023,R,573124,682998,ST,Sweeper,,ball,L,L,SF,AZ,79.50,,,,,,0,0,2023,2023-07
2023-07-31,2023,R,573186,458015,FC,Cutter,single,hit_into_play,L,R,CHC,CIN,88.10,100.80,2,189.62,116.83,ground_ball,2,0,2023,2023-07
2023-07-31,2023,R,573186,458015,SV,Slurve,,ball,L,R,CHC,CIN,83.70,,,,,,1,0,2023,2023-07
2023-07-31,2023,R,573186,458015,FS,Split-Finger,,blocked_ball,L,R,CHC,CIN,87.60,,,,,,0,0,2023,2023-07
2023-07-31,2023,R,573186,458015,SI,Sinker,single,hit_into_play,L,R,CHC,CIN,91.80,108.60,2,160.19,86.84,ground_ball,2,1,2023,2023-07
2023-07-31,2023,R,573186,458015,FS,Split-Finger,,ball,L,R,CHC,CIN,88.20,,,,,,1,1,2023,2023-07
2023-07-31,2023,R,573186,458015,SI,Sinker,,ball,L,R,CHC,CIN,91.30,,,,,,0,1,2023,2023-07
2023-07-31,2023,R,573186,458015,SI,Sinker,,called_strike,L,R,CHC,CIN,90.80,,,,,,0,0,2023,2023-07
2023-07-31,2023,R,573186,571912,SI,Sinker,double,hit_into_play,R,R,CHC,CIN,90.90,105.40,9,87.91,69.19,line_drive,1,1,2023,2023-07
2023-07-31,2023,R,573186,571912,SV,Slurve,,called_strike,R,R,CHC,CIN,84.00,,,,,,1,0,2023,2023-07
2023-07-31,2023,R,573186,571912,SI,Sinker,,ball,R,R,CHC,CIN,91.20,,,,,,0,0,2023,2023-07
2023-07-31,2023,R,573186,641584,SI,Sinker,single,hit_into_play,L,R,CHC,CIN,90.90,86.10,14,152.58,83.28,line_drive,0,1,2023,2023-07
2023-07-31,2023,R,573186,641584,FC,Cutter,,foul,L,R,CHC,CIN,88.50,53.50,-55,,,,0,0,2023,2023-07
2023-07-31,2023,R,573186,641584,SI,Sinker,field_out,hit_into_play,L,R,CHC,CIN,91.30,85.10,31,156.04,76.82,fly_ball,2,1,2023,2023-07
2023-07-31,2023,R,573186,641584,FS,Split-Finger,,ball,L,R,CHC,CIN,86.60,,,,,,1,1,2023,2023-07
2023-07-31,2023,R,573186,641584,SI,Sinker,,ball,L,R,CHC,CIN,91.30,,,,,,0,1,2023,2023-07
2023-07-31,2023,R,573186,641584,SV,Slurve,,foul,L,R,CHC,CIN,82.20,81.50,11,,,,0,0,2023,2023-07
2023-07-31,2023,R,573186,666181,SI,Sinker,field_out,hit_into_play,L,R,CHC,CIN,91.00,91.60,39,84.52,80.20,fly_ball,2,2,2023,2023-07
2023-07-31,2023,R,573186,666181,SI,Sinker,,called_strike,L,R,CHC,CIN,90.10,,,,,,2,1,2023,2023-07
2023-07-31,2023,R,573186,666181,SV,Slurve,,ball,L,R,CHC,CIN,84.10,,,,,,1,1,2023,2023-07
2023-07-31,2023,R,573186,666181,SI,Sinker,,ball,L,R,CHC,CIN,90.60,,,,,,0,1,2023,2023-07
2023-07-31,2023,R,573186,666181,SI,Sinker,,foul,L,R,CHC,CIN,90.70,64.10,-55,,,,0,0,2023,2023-07
2023-07-31,2023,R,573186,666181,FF,4-Seam Fastball,double,hit_into_play,L,R,CHC,CIN,91.50,99.50,18,163.35,78.12,line_drive,1,2,2023,2023-07
2023-07-31,2023,R,573186,666181,SV,Slurve,,foul,L,R,CHC,CIN,82.80,,,,,,1,2,2023,2023-07
2023-07-31,2023,R,573186,666181,SI,Sinker,,foul,L,R,CHC,CIN,91.70,74.10,38,,,,1,1,2023,2023-07
2023-07-31,2023,R,573186,666181,FF,4-Seam Fastball,,ball,L,R,CHC,CIN,91.40,,,,,,0,1,2023,2023-07
2023-07-31,2023,R,573186,666181,SV,Slurve,,called_strike,L,R,CHC,CIN,84.20,,,,,,0,0,2023,2023-07
2023-07-31,2023,R,573186,668715,SV,Slurve,walk,ball,R,R,CHC,CIN,83.30,,,,,,3,2,2023,2023-07
2023-07-31,2023,R,573186,668715,SI,Sinker,,swinging_strike,R,R,CHC,CIN,90.50,,,,,,3,1,2023,2023-07
2023-07-31,2023,R,573186,668715,SV,Slurve,,blocked_ball,R,R,CHC,CIN,83.60,,,,,,2,1,2023,2023-07
2023-07-31,2023,R,573186,668715,SI,Sinker,,ball,R,R,CHC,CIN,90.20,,,,,,1,1,2023,2023-07
2023-07-31,2023,R,573186,668715,SI,Sinker,,foul,R,R,CHC,CIN,90.90,,,,,,1,0,2023,2023-07
2023-07-31,2023,R,573186,668715,SI,Sinker,,ball,R,R,CHC,CIN,91.00,,,,,,0,0,2023,2023-07
2023-07-31,2023,R,573186,668715,SV,Slurve,field_out,hit_into_play,R,R,CHC,CIN,84.70,53.20,-74,126.01,200.25,ground_ball,2,0,2023,2023-07
2023-07-31,2023,R,573186,668715,SI,Sinker,,ball,R,R,CHC,CIN,92.20,,,,,,1,0,2023,2023-07
2023-07-31,2023,R,573186,668715,SI,Sinker,,ball,R,R,CHC,CIN,91.80,,,,,,0,0,2023,2023-07
2023-07-31,2023,R,573186,670770,SV,Slurve,walk,ball,L,R,CHC,CIN,82.20,,,,,,3,2,2023,2023-07
2023-07-31,2023,R,573186,670770,SI,Sinker,,foul,L,R,CHC,CIN,90.70,74.10,-38,,,,3,1,2023,2023-07
2023-07-31,2023,R,573186,670770,SI,Sinker,,ball,L,R,CHC,CIN,89.70,,,,,,2,1,2023,2023-07
2023-07-31,2023,R,573186,670770,SV,Slurve,,ball,L,R,CHC,CIN,83.20,,,,,,1,1,2023,2023-07
2023-07-31,2023,R,573186,670770,FC,Cutter,,ball,L,R,CHC,CIN,88.90,,,,,,0,1,2023,2023-07
2023-07-31,2023,R,573186,670770,SI,Sinker,,called_strike,L,R,CHC,CIN,90.30,,,,,,0,0,2023,2023-07
2023-07-31,2023,R,573186,670770,SI,Sinker,field_out,hit_into_play,L,R,CHC,CIN,91.40,68.80,-22,150.04,155.47,ground_ball,2,0,2023,2023-07
2023-07-31,2023,R,573186,670770,FS,Split-Finger,,ball,L,R,CHC,CIN,86.70,,,,,,1,0,2023,2023-07
2023-07-31,2023,R,573186,670770,SI,Sinker,,ball,L,R,CHC,CIN,90.70,,,,,,0,0,2023,2023-07
2023-07-31,2023,R,573186,680574,SI,Sinker,field_out,hit_into_play,R,R,CHC,CIN,90.10,86.80,3,100.83,161.06,ground_ball,2,2,2023,2023-07
2023-07-31,2023,R,573186,680574,SV,Slurve,,foul,R,R,CHC,CIN,84.20,92.50,35,,,,2,2,2023,2023-07
2023-07-31,2023,R,573186,680574,SI,Sinker,,swinging_strike,R,R,CHC,CIN,91.10,,,,,,2,1,2023,2023-07
2023-07-31,2023,R,573186,680574,SI,Sinker,,called_strike,R,R,CHC,CIN,90.90,,,,,,2,0,2023,2023-07
2023-07-31,2023,R,573186,680574,FS,Split-Finger,,ball,R,R,CHC,CIN,86.90,,,,,,1,0,2023,2023-07
2023-07-31,2023,R,573186,680574,SV,Slurve,,blocked_ball,R,R,CHC,CIN,82.70,,,,,,0,0,2023,2023-07
2023-07-31,2023,R,573186,680574,SV,Slurve,strikeout,called_strike,R,R,CHC,CIN,84.60,,,,,,1,2,2023,2023-07
2023-07-31,2023,R,573186,680574,SI,Sinker,,ball,R,R,CHC,CIN,91.70,,,,,,0,2,2023,2023-07
2023-07-31,2023,R,573186,680574,SI,Sinker,,foul,R,R,CHC,CIN,92.30,86.60,44,,,,0,1,2023,2023-07
2023-07-31,2023,R,573186,680574,FF,4-Seam Fastball,,called_strike,R,R,CHC,CIN,92.80,,,,,,0,0,2023,2023-07
2023-07-31,2023,R,573186,682829,SI,Sinker,field_out,hit_into_play,L,R,CHC,CIN,91.20,83.90,-22,151.06,170.72,ground_ball,3,1,2023,2023-07
2023-07-31,2023,R,573186,682829,SI,Sinker,,swinging_strike,L,R,CHC,CIN,91.20,,,,,,3,0,2023,2023-07
2023-07-31,2023,R,573186,682829,SI,Sinker,,ball,L,R,CHC,CIN,90.90,,,,,,2,0,2023,2023-07
2023-07-31,2023,R,573186,682829,SV,Slurve,,ball,L,R,CHC,CIN,84.10,,,,,,1,0,2023,2023-07
2023-07-31,2023,R,573186,682829,SI,Sinker,,ball,L,R,CHC,CIN,91.90,,,,,,0,0,2023,2023-07
2023-07-31,2023,R,573186,682829,SI,Sinker,strikeout,called_strike,L,R,CHC,CIN,91.70,,,,,,2,2,2023,2023-07
2023-07-31,2023,R,573186,682829,SV,Slurve,,ball,L,R,CHC,CIN,83.10,,,,,,1,2,2023,2023-07
2023-07-31,2023,R,573186,682829,FS,Split-Finger,,ball,L,R,CHC,CIN,87.50,,,,,,0,2,2023,2023-07
2023-07-31,2023,R,573186,682829,SV,Slurve,,swinging_strike,L,R,CHC,CIN,83.70,,,,,,0,1,2023,2023-07
2023-07-31,2023,R,573186,682829,SI,Sinker,,called_strike,L,R,CHC,CIN,91.70,,,,,,0,0,2023,2023-07
2023-07-31,2023,R,573186,687952,SI,Sinker,force_out,hit_into_play,R,R,CHC,CIN,90.30,58.80,-50,115.33,166.88,ground_ball,1,0,2023,2023-07
2023-07-31,2023,R,573186,687952,SI,Sinker,,ball,R,R,CHC,CIN,90.70,,,,,,0,0,2023,2023-07
2023-07-31,2023,R,573186,687952,SI,Sinker,single,hit_into_play,R,R,CHC,CIN,91.70,106.40,13,141.39,73.55,line_drive,1,2,2023,2023-07
2023-07-31,2023,R,573186,687952,SI,Sinker,,ball,R,R,CHC,CIN,91.10,,,,,,0,2,2023,2023-07
2023-07-31,2023,R,573186,687952,SV,Slurve,,foul,R,R,CHC,CIN,84.40,74.90,60,,,,0,2,2023,2023-07
2023-07-31,2023,R,573186,687952,SI,Sinker,,swinging_strike,R,R,CHC,CIN,91.00,,,,,,0,1,2023,2023-07
2023-07-31,2023,R,573186,687952,FF,4-Seam Fastball,,called_strike,R,R,CHC,CIN,92.30,,,,,,0,0,2023,2023-07
2023-07-31,2023,R,592426,572233,FF,4-Seam Fastball,walk,ball,R,R,SF,AZ,93.80,,,,,,3,0,2023,2023-07
2023-07-31,2023,R,592426,572233,SL,Slider,,ball,R,R,SF,AZ,83.80,,,,,,2,0,2023,2023-07
2023-07-31,2023,R,592426,572233,SL,Slider,,blocked_ball,R,R,SF,AZ,86.60,,,,,,1,0,2023,2023-07
2023-07-31,2023,R,592426,572233,SL,Slider,,ball,R,R,SF,AZ,86.80,,,,,,0,0,2023,2023-07
2023-07-31,2023,R,592426,645444,SL,Slider,strikeout,swinging_strike,L,R,SF,AZ,85.50,,,,,,3,2,2023,2023-07
2023-07-31,2023,R,592426,645444,SL,Slider,,ball,L,R,SF,AZ,85.20,,,,,,2,2,2023,2023-07
2023-07-31,2023,R,592426,645444,FF,4-Seam Fastball,,ball,L,R,SF,AZ,93.30,,,,,,1,2,2023,2023-07
2023-07-31,2023,R,592426,645444,SL,Slider,,foul,L,R,SF,AZ,86.50,60.80,73,,,,1,1,2023,2023-07
2023-07-31,2023,R,592426,645444,SL,Slider,,called_strike,L,R,SF,AZ,84.90,,,,,,1,0,2023,2023-07
2023-07-31,2023,R,592426,645444,FF,4-Seam Fastball,,ball,L,R,SF,AZ,93.00,,,,,,0,0,2023,2023-07
2023-07-31,2023,R,592426,656896,SL,Slider,field_out,hit_into_play,R,R,SF,AZ,87.00,74.40,12,145.30,132.03,ground_ball,2,2,2023,2023-07
2023-07-31,2023,R,592426,656896,FF,4-Seam Fastball,,ball,R,R,SF,AZ,93.80,,,,,,1,2,2023,2023-07
2023-07-31,2023,R,592426,656896,SL,Slider,,foul,R,R,SF,AZ,86.40,92.10,9,,,,1,1,2023,2023-07
2023-07-31,2023,R,592426,656896,SL,Slider,,called_strike,R,R,SF,AZ,85.20,,,,,,1,0,2023,2023-07
2023-07-31,2023,R,592426,656896,SL,Slider,,ball,R,R,SF,AZ,84.80,,,,,,0,0,2023,2023-07
2023-07-31,2023,R,592426,664983,SL,Slider,field_out,hit_into_play,L,R,SF,AZ,86.30,93.90,-7,146.36,174.33,ground_ball,0,0,2023,2023-07
2023-07-31,2023,R,592426,666971,FF,4-Seam Fastball,double,hit_into_play,R,R,SF,AZ,92.80,94.50,-13,56.24,123.70,ground_ball,0,1,2023,2023-07
2023-07-31,2023,R,592426,666971,SL,Slider,,swinging_strike,R,R,SF,AZ,85.60,,,,,,0,0,2023,2023-07
2023-07-31,2023,R,592426,677950,SL,Slider,strikeout,swinging_strike_blocked,L,R,SF,AZ,87.00,,,,,,0,2,2023,2023-07
2023-07-31,2023,R,592426,677950,SL,Slider,,called_strike,L,R,SF,AZ,86.80,,,,,,0,1,2023,2023-07
2023-07-31,2023,R,592426,677950,CU,Curveball,,called_strike,L,R,SF,AZ,83.10,,,,,,0,0,2023,2023-07
2023-07-31,2023,R,592773,666310,FF,4-Seam Fastball,walk,ball,L,R,HOU,CLE,96.80,,,,,,3,1,2023,2023-07
2023-07-31,2023,R,592773,666310,FF,4-Seam Fastball,,ball,L,R,HOU,CLE,97.80,,,,,,2,1,2023,2023-07
2023-07-31,2023,R,592773,666310,FF,4-Seam Fastball,,called_strike,L,R,HOU,CLE,98.20,,,,,,2,0,2023,2023-07
2023-07-31,2023,R,592773,666310,FF,4-Seam Fastball,,ball,L,R,HOU,CLE,98.60,,,,,,1,0,2023,2023-07
2023-07-31,2023,R,592773,666310,FF,4-Seam Fastball,,ball,L,R,HOU,CLE,98.80,,,,,,0,0,2023,2023-07
2023-07-31,2023,R,592773,672356,SL,Slider,single,hit_into_play,R,R,HOU,CLE,90.70,97.80,11,202.29,117.54,line_drive,2,2,2023,2023-07
2023-07-31,2023,R,592773,672356,FF,4-Seam Fastball,,foul,R,R,HOU,CLE,98.60,78.60,61,,,,2,1,2023,2023-07
2023-07-31,2023,R,592773,672356,FF,4-Seam Fastball,,ball,R,R,HOU,CLE,97.40,,,,,,1,1,2023,2023-07
2023-07-31,2023,R,592773,672356,FF,4-Seam Fastball,,ball,R,R,HOU,CLE,98.30,,,,,,0,1,2023,2023-07
2023-07-31,2023,R,592773,672356,FF,4-Seam Fastball,,foul,R,R,HOU,CLE,98.20,81.10,15,,,,0,0,2023,2023-07
2023-07-31,2023,R,592773,686823,FS,Split-Finger,single,hit_into_play,L,R,HOU,CLE,87.60,98.90,16,205.47,97.38,line_drive,0,2,2023,2023-07
2023-07-31,2023,R,592773,686823,FF,4-Seam Fastball,,foul,L,R,HOU,CLE,98.30,74.60,29,,,,0,2,2023,2023-07
2023-07-31,2023,R,592773,686823,FS,Split-Finger,,foul,L,R,HOU,CLE,87.50,74.20,8,,,,0,2,2023,2023-07
2023-07-31,2023,R,592773,686823,FF,4-Seam Fastball,,foul,L,R,HOU,CLE,98.10,68.40,34,,,,0,1,2023,2023-07
2023-07-31,2023,R,592773,686823,FF,4-Seam Fastball,,foul,L,R,HOU,CLE,97.40,72.70,51,,,,0,0,2023,2023-07
2023-07-31,2023,R,592789,514888,CU,Curveball,walk,ball,R,R,HOU,CLE,81.20,,,,,,3,2,2023,2023-07
2023-07-31,2023,R,592789,514888,CU,Curveball,,ball,R,R,HOU,CLE,81.10,,,,,,2,2,2023,2023-07
2023-07-31,2023,R,592789,514888,FF,4-Seam Fastball,,foul,R,R,HOU,CLE,94.80,75.10,62,,,,2,2,2023,2023-07
2023-07-31,2023,R,592789,514888,SI,Sinker,,foul,R,R,HOU,CLE,94.10,81.90,32,,,,2,1,2023,2023-07
2023-07-31,2023,R,592789,514888,SL,Slider,,ball,R,R,HOU,CLE,87.10,,,,,,1,1,2023,2023-07
2023-07-31,2023,R,592789,514888,SI,Sinker,,called_strike,R,R,HOU,CLE,92.50,,,,,,1,0,2023,2023-07
2023-07-31,2023,R,592789,514888,FF,4-Seam Fastball,,ball,R,R,HOU,CLE,92.70,,,,,,0,0,2023,2023-07
2023-07-31,2023,R,592789,514888,CH,Changeup,field_out,hit_into_play,R,R,HOU,CLE,91.10,101.30,17,112.65,78.03,line_drive,1,2,2023,2023-07
2023-07-31,2023,R,592789,514888,SI,Sinker,,foul,R,R,HOU,CLE,93.60,68.50,66,,,,1,1,2023,2023-07
2023-07-31,2023,R,592789,514888,CH,Changeup,,called_strike,R,R,HOU,CLE,88.10,,,,,,1,0,2023,2023-07
2023-07-31,2023,R,592789,514888,SI,Sinker,,ball,R,R,HOU,CLE,94.20,,,,,,0,0,2023,2023-07
2023-07-31,2023,R,592789,514888,SI,Sinker,single,hit_into_play,R,R,HOU,CLE,93.80,30.80,36,113.41,177.77,ground_ball,1,1,2023,2023-07
2023-07-31,2023,R,592789,514888,SI,Sinker,,called_strike,R,R,HOU,CLE,94.30,,,,,,1,0,2023,2023-07
2023-07-31,2023,R,592789,514888,SL,Slider,,ball,R,R,HOU,CLE,87.70,,,,,,0,0,2023,2023-07
2023-07-31,2023,R,592789,547989,CU,Curveball,field_out,hit_into_play,R,R,HOU,CLE,78.90,69.70,59,87.85,151.96,popup,0,1,2023,2023-07
2023-07-31,2023,R,592789,547989,FF,4-Seam Fastball,,called_strike,R,R,HOU,CLE,92.80,,,,,,0,0,2023,2023-07
2023-07-31,2023,R,592789,547989,FF,4-Seam Fastball,walk,ball,R,R,HOU,CLE,92.70,,,,,,3,0,2023,2023-07
2023-07-31,2023,R,592789,547989,FF,4-Seam Fastball,,ball,R,R,HOU,CLE,93.60,,,,,,2,0,2023,2023-07
2023-07-31,2023,R,592789,547989,SL,Slider,,ball,R,R,HOU,CLE,84.50,,,,,,1,0,2023,2023-07
2023-07-31,2023,R,592789,547989,FF,4-Seam Fastball,,ball,R,R,HOU,CLE,92.70,,,,,,0,0,2023,2023-07
2023-07-31,2023,R,592789,608324,SL,Slider,field_out,hit_into_play,R,R,HOU,CLE,87.80,81.40,70,135.81,158.00,popup,1,1,2023,2023-07
2023-07-31,2023,R,592789,608324,SL,Slider,,called_strike,R,R,HOU,CLE,86.50,,,,,,1,0,2023,2023-07
2023-07-31,2023,R,592789,608324,SI,Sinker,,ball,R,R,HOU,CLE,93.70,,,,,,0,0,2023,2023-07
2023-07-31,2023,R,592789,608324,SL,Slider,field_out,hit_into_play,R,R,HOU,CLE,87.50,99.30,1,107.31,173.16,ground_ball,1,0,2023,2023-07
2023-07-31,2023,R,592789,608324,SL,Slider,,ball,R,R,HOU,CLE,87.20,,,,,,0,0,2023,2023-07
2023-07-31,2023,R,592789,663656,CH,Changeup,field_out,hit_into_play,L,R,HOU,CLE,89.10,80.50,13,158.77,141.99,line_drive,0,2,2023,2023-07
2023-07-31,2023,R,592789,663656,FC,Cutter,,foul,L,R,HOU,CLE,91.50,73.10,60,,,,0,2,2023,2023-07
2023-07-31,2023,R,592789,663656,CH,Changeup,,foul,L,R,HOU,CLE,88.10,71.00,55,,,,0,2,2023,2023-07
2023-07-31,2023,R,592789,663656,CU,Curveball,,called_strike,L,R,HOU,CLE,80.70,,,,,,0,1,2023,2023-07
2023-07-31,2023,R,592789,663656,FC,Cutter,,foul,L,R,HOU,CLE,90.50,76.40,-18,,,,0,0,2023,2023-07
2023-07-31,2023,R,592789,663656,CH,Changeup,single,hit_into_play,L,R,HOU,CLE,89.00,81.40,21,138.64,83.01,line_drive,1,2,2023,2023-07
2023-07-31,2023,R,592789,663656,CU,Curveball,,swinging_strike,L,R,HOU,CLE,79.80,,,,,,1,1,2023,2023-07
2023-07-31,2023,R,592789,663656,SI,Sinker,,ball,L,R,HOU,CLE,93.60,,,,,,0,1,2023,2023-07
2023-07-31,2023,R,592789,663656,SI,Sinker,,foul,L,R,HOU,CLE,93.00,75.90,64,,,,0,0,2023,2023-07
2023-07-31,2023,R,592789,665161,SL,Slider,field_out,hit_into_play,R,R,HOU,CLE,86.90,101.00,-3,126.11,176.19,ground_ball,1,0,2023,2023-07
2023-07-31,2023,R,592789,665161,SL,Slider,,ball,R,R,HOU,CLE,85.50,,,,,,0,0,2023,2023-07
2023-07-31,2023,R,592789,665161,FF,4-Seam Fastball,field_out,hit_into_play,R,R,HOU,CLE,94.70,86.70,31,193.42,124.64,fly_ball,2,2,2023,2023-07
2023-07-31,2023,R,592789,665161,SI,Sinker,,foul,R,R,HOU,CLE,95.20,73.10,34,,,,2,1,2023,2023-07
2023-07-31,2023,R,592789,665161,FF,4-Seam Fastball,,foul,R,R,HOU,CLE,94.80,81.90,50,,,,2,0,2023,2023-07
2023-07-31,2023,R,592789,665161,CH,Changeup,,ball,R,R,HOU,CLE,89.40,,,,,,1,0,2023,2023-07
2023-07-31,2023,R,592789,665161,SL,Slider,,ball,R,R,HOU,CLE,88.80,,,,,,0,0,2023,2023-07
2023-07-31,2023,R,592789,665161,SL,Slider,field_out,hit_into_play,R,R,HOU,CLE,86.00,88.80,46,187.36,121.00,fly_ball,0,1,2023,2023-07
2023-07-31,2023,R,592789,665161,FF,4-Seam Fastball,,called_strike,R,R,HOU,CLE,92.40,,,,,,0,0,2023,2023-07
2023-07-31,2023,R,592789,667452,SL,Slider,field_out,hit_into_play,R,R,HOU,CLE,86.80,97.40,30,195.27,75.87,fly_ball,1,2,2023,2023-07
2023-07-31,2023,R,592789,667452,SL,Slider,,called_strike,R,R,HOU,CLE,85.30,,,,,,1,1,2023,2023-07
2023-07-31,2023,R,592789,667452,SI,Sinker,,foul,R,R,HOU,CLE,94.40,70.60,-35,,,,1,0,2023,2023-07
2023-07-31,2023,R,592789,667452,SL,Slider,,ball,R,R,HOU,CLE,87.00,,,,,,0,0,2023,2023-07
2023-07-31,2023,R,592789,667452,CH,Changeup,field_out,hit_into_play,R,R,HOU,CLE,89.00,88.40,0,101.24,161.03,ground_ball,1,1,2023,2023-07
2023-07-31,2023,R,592789,667452,SL,Slider,,ball,R,R,HOU,CLE,87.10,,,,,,0,1,2023,2023-07
2023-07-31,2023,R,592789,667452,FF,4-Seam Fastball,,called_strike,R,R,HOU,CLE,94.30,,,,,,0,0,2023,2023-07
2023-07-31,2023,R,592789,670541,CH,Changeup,field_out,hit_into_play,L,R,HOU,CLE,89.00,108.40,35,109.44,37.19,fly_ball,2,1,2023,2023-07
2023-07-31,2023,R,592789,670541,SI,Sinker,,called_strike,L,R,HOU,CLE,93.80,,,,,,2,0,2023,2023-07
2023-07-31,2023,R,592789,670541,CU,Curveball,,ball,L,R,HOU,CLE,80.50,,,,,,1,0,2023,2023-07
2023-07-31,2023,R,592789,670541,SL,Slider,,ball,L,R,HOU,CLE,84.90,,,,,,0,0,2023,2023-07
2023-07-31,2023,R,592789,670541,FC,Cutter,field_out,hit_into_play,L,R,HOU,CLE,91.90,100.40,26,122.72,48.19,fly_ball,2,1,2023,2023-07
2023-07-31,2023,R,592789,670541,CU,Curveball,,foul,L,R,HOU,CLE,78.00,50.60,-28,,,,2,0,2023,2023-07
2023-07-31,2023,R,592789,670541,FF,4-Seam Fastball,,ball,L,R,HOU,CLE,93.90,,,,,,1,0,2023,2023-07
2023-07-31,2023,R,592789,670541,CU,Curveball,,ball,L,R,HOU,CLE,77.50,,,,,,0,0,2023,2023-07
2023-07-31,2023,R,592789,673237,SI,Sinker,hit_by_pitch,hit_by_pitch,R,R,HOU,CLE,93.50,,,,,,1,2,2023,2023-07
2023-07-31,2023,R,592789,673237,CU,Curveball,,foul,R,R,HOU,CLE,78.00,88.30,24,,,,1,1,2023,2023-07
2023-07-31,2023,R,592789,673237,CU,Curveball,,ball,R,R,HOU,CLE,79.80,,,,,,0,1,2023,2023-07
2023-07-31,2023,R,592789,673237,SI,Sinker,,called_strike,R,R,HOU,CLE,93.60,,,,,,0,0,2023,2023-07
2023-07-31,2023,R,592789,673237,SI,Sinker,double_play,hit_into_play,R,R,HOU,CLE,93.70,76.00,8,155.90,167.75,line_drive,0,1,2023,2023-07
2023-07-31,2023,R,592789,673237,CU,Curveball,,swinging_strike,R,R,HOU,CLE,77.00,,,,,,0,0,2023,2023-07
2023-07-31,2023,R,592789,676694,SL,Slider,field_out,hit_into_play,R,R,HOU,CLE,87.00,102.60,34,114.87,37.28,fly_ball,1,0,2023,2023-07
2023-07-31,2023,R,592789,676694,SI,Sinker,,ball,R,R,HOU,CLE,95.10,,,,,,0,0,2023,2023-07
2023-07-31,2023,R,592789,676694,SI,Sinker,field_out,hit_into_play,R,R,HOU,CLE,94.20,70.80,-56,103.16,180.68,ground_ball,0,1,2023,2023-07
2023-07-31,2023,R,592789,676694,FF,4-Seam Fastball,,called_strike,R,R,HOU,CLE,93.10,,,,,,0,0,2023,2023-07
2023-07-31,2023,R,592836,516416,FS,Split-Finger,field_out,hit_into_play,R,R,MIA,PHI,89.60,102.80,-33,138.57,160.05,ground_ball,1,1,2023,2023-07
2023-07-31,2023,R,592836,516416,SI,Sinker,,ball,R,R,MIA,PHI,93.70,,,,,,0,1,2023,2023-07
2023-07-31,2023,R,592836,516416,SI,Sinker,,called_strike,R,R,MIA,PHI,92.20,,,,,,0,0,2023,2023-07
2023-07-31,2023,R,592836,516416,FS,Split-Finger,field_out,hit_into_play,R,R,MIA,PHI,86.10,101.40,55,55.51,125.32,fly_ball,3,1,2023,2023-07
2023-07-31,2023,R,592836,516416,FC,Cutter,,ball,R,R,MIA,PHI,87.90,,,,,,2,1,2023,2023-07
2023-07-31,2023,R,592836,516416,FC,Cutter,,called_strike,R,R,MIA,PHI,86.00,,,,,,2,0,2023,2023-07
2023-07-31,2023,R,592836,516416,FS,Split-Finger,,ball,R,R,MIA,PHI,87.40,,,,,,1,0,2023,2023-07
2023-07-31,2023,R,592836,516416,FS,Split-Finger,,ball,R,R,MIA,PHI,85.10,,,,,,0,0,2023,2023-07
2023-07-31,2023,R,592836,516416,FS,Split-Finger,field_out,hit_into_play,R,R,MIA,PHI,88.10,101.50,-9,136.03,152.42,ground_ball,2,1,2023,2023-07
2023-07-31,2023,R,592836,516416,FS,Split-Finger,,ball,R,R,MIA,PHI,87.10,,,,,,1,1,2023,2023-07
2023-07-31,2023,R,592836,516416,SI,Sinker,,called_strike,R,R,MIA,PHI,90.30,,,,,,1,0,2023,2023-07
2023-07-31,2023,R,592836,516416,SI,Sinker,,ball,R,R,MIA,PHI,90.70,,,,,,0,0,2023,2023-07
2023-07-31,2023,R,592836,542932,FS,Split-Finger,field_out,hit_into_play,R,R,MIA,PHI,86.60,94.40,5,142.63,151.91,ground_ball,3,1,2023,2023-07
2023-07-31,2023,R,592836,542932,FF,4-Seam Fastball,,called_strike,R,R,MIA,PHI,91.80,,,,,,3,0,2023,2023-07
2023-07-31,2023,R,592836,542932,FC,Cutter,,ball,R,R,MIA,PHI,87.30,,,,,,2,0,2023,2023-07
2023-07-31,2023,R,592836,542932,SI,Sinker,,ball,R,R,MIA,PHI,92.10,,,,,,1,0,2023,2023-07
2023-07-31,2023,R,592836,542932,SI,Sinker,,ball,R,R,MIA,PHI,92.90,,,,,,0,0,2023,2023-07
2023-07-31,2023,R,592836,542932,FS,Split-Finger,grounded_into_double_play,hit_into_play,R,R,MIA,PHI,86.00,99.00,-15,110.15,154.97,ground_ball,1,0,2023,2023-07
2023-07-31,2023,R,592836,542932,SI,Sinker,,ball,R,R,MIA,PHI,89.90,,,,,,0,0,2023,2023-07
2023-07-31,2023,R,592836,542932,FS,Split-Finger,strikeout,swinging_strike,R,R,MIA,PHI,86.20,,,,,,3,2,2023,2023-07
2023-07-31,2023,R,592836,542932,FS,Split-Finger,,blocked_ball,R,R,MIA,PHI,85.40,,,,,,2,2,2023,2023-07
2023-07-31,2023,R,592836,542932,SI,Sinker,,ball,R,R,MIA,PHI,89.50,,,,,,1,2,2023,2023-07
2023-07-31,2023,R,592836,542932,SI,Sinker,,called_strike,R,R,MIA,PHI,89.10,,,,,,1,1,2023,2023-07
2023-07-31,2023,R,592836,542932,FF,4-Seam Fastball,,ball,R,R,MIA,PHI,90.30,,,,,,0,1,2023,2023-07
2023-07-31,2023,R,592836,542932,ST,Sweeper,,foul,R,R,MIA,PHI,81.90,66.40,12,,,,0,0,2023,2023-07
2023-07-31,2023,R,592836,621563,FS,Split-Finger,field_out,hit_into_play,L,R,MIA,PHI,87.90,75.60,9,100.52,159.04,line_drive,2,2,2023,2023-07
2023-07-31,2023,R,592836,621563,FS,Split-Finger,,ball,L,R,MIA,PHI,88.20,,,,,,1,2,2023,2023-07
2023-07-31,2023,R,592836,621563,FF,4-Seam Fastball,,foul,L,R,MIA,PHI,94.10,70.30,71,,,,1,1,2023,2023-07
2023-07-31,2023,R,592836,621563,FC,Cutter,,called_strike,L,R,MIA,PHI,85.90,,,,,,1,0,2023,2023-07
2023-07-31,2023,R,592836,621563,FS,Split-Finger,,ball,L,R,MIA,PHI,85.70,,,,,,0,0,2023,2023-07
2023-07-31,2023,R,592836,621563,FS,Split-Finger,field_out,hit_into_play,L,R,MIA,PHI,87.60,73.20,-26,144.66,163.11,ground_ball,2,1,2023,2023-07
2023-07-31,2023,R,592836,621563,FS,Split-Finger,,called_strike,L,R,MIA,PHI,86.50,,,,,,2,0,2023,2023-07
2023-07-31,2023,R,592836,621563,FF,4-Seam Fastball,,ball,L,R,MIA,PHI,91.30,,,,,,1,0,2023,2023-07
2023-07-31,2023,R,592836,621563,FS,Split-Finger,,ball,L,R,MIA,PHI,86.90,,,,,,0,0,2023,2023-07
2023-07-31,2023,R,592836,621563,SI,Sinker,strikeout,called_strike,L,R,MIA,PHI,90.70,,,,,,1,2,2023,2023-07
2023-07-31,2023,R,592836,621563,FS,Split-Finger,,foul,L,R,MIA,PHI,86.80,68.50,-66,,,,1,1,2023,2023-07
2023-07-31,2023,R,592836,621563,FC,Cutter,,ball,L,R,MIA,PHI,86.50,,,,,,0,1,2023,2023-07
2023-07-31,2023,R,592836,621563,FS,Split-Finger,,called_strike,L,R,MIA,PHI,85.00,,,,,,0,0,2023,2023-07
2023-07-31,2023,R,592836,624585,FC,Cutter,field_out,hit_into_play,R,R,MIA,PHI,86.00,93.30,55,146.19,109.70,fly_ball,2,2,2023,2023-07
2023-07-31,2023,R,592836,624585,FS,Split-Finger,,blocked_ball,R,R,MIA,PHI,89.60,,,,,,1,2,2023,2023-07
2023-07-31,2023,R,592836,624585,FC,Cutter,,ball,R,R,MIA,PHI,87.60,,,,,,0,2,2023,2023-07
2023-07-31,2023,R,592836,624585,FF,4-Seam Fastball,,foul,R,R,MIA,PHI,93.70,76.80,67,,,,0,2,2023,2023-07
2023-07-31,2023,R,592836,624585,SI,Sinker,,called_strike,R,R,MIA,PHI,94.00,,,,,,0,1,2023,2023-07
2023-07-31,2023,R,592836,624585,FC,Cutter,,swinging_strike,R,R,MIA,PHI,87.90,,,,,,0,0,2023,2023-07
2023-07-31,2023,R,592836,624585,FS,Split-Finger,single,hit_into_play,R,R,MIA,PHI,87.70,97.20,-8,91.36,164.12,ground_ball,3,1,2023,2023-07
2023-07-31,2023,R,592836,624585,SI,Sinker,,called_strike,R,R,MIA,PHI,90.50,,,,,,3,0,2023,2023-07
2023-07-31,2023,R,592836,624585,SI,Sinker,,ball,R,R,MIA,PHI,89.90,,,,,,2,0,2023,2023-07
2023-07-31,2023,R,592836,624585,FS,Split-Finger,,ball,R,R,MIA,PHI,87.20,,,,,,1,0,2023,2023-07
2023-07-31,2023,R,592836,624585,SI,Sinker,,ball,R,R,MIA,PHI,90.50,,,,,,0,0,2023,2023-07
2023-07-31,2023,R,592836,624585,SI,Sinker,home_run,hit_into_play,R,R,MIA,PHI,88.60,108.50,35,40.89,53.40,fly_ball,1,1,2023,2023-07
2023-07-31,2023,R,592836,624585,SI,Sinker,,foul,R,R,MIA,PHI,89.10,72.20,-7,,,,1,0,2023,2023-07
2023-07-31,2023,R,592836,624585,FC,Cutter,,ball,R,R,MIA,PHI,85.20,,,,,,0,0,2023,2023-07
2023-07-31,2023,R,592836,643265,SI,Sinker,field_out,hit_into_play,R,R,MIA,PHI,92.00,71.70,30,162.86,115.76,line_drive,0,1,2023,2023-07
2023-07-31,2023,R,592836,643265,FC,Cutter,,foul,R,R,MIA,PHI,87.80,72.40,56,,,,0,0,2023,2023-07
2023-07-31,2023,R,592836,643265,SI,Sinker,walk,ball,R,R,MIA,PHI,89.80,,,,,,3,1,2023,2023-07
2023-07-31,2023,R,592836,643265,SI,Sinker,,ball,R,R,MIA,PHI,89.80,,,,,,2,1,2023,2023-07
2023-07-31,2023,R,592836,643265,FS,Split-Finger,,ball,R,R,MIA,PHI,87.10,,,,,,1,1,2023,2023-07
2023-07-31,2023,R,592836,643265,FC,Cutter,,ball,R,R,MIA,PHI,86.10,,,,,,0,1,2023,2023-07
2023-07-31,2023,R,592836,643265,FF,4-Seam Fastball,,called_strike,R,R,MIA,PHI,89.60,,,,,,0,0,2023,2023-07
2023-07-31,2023,R,592836,643265,FF,4-Seam Fastball,strikeout,swinging_strike,R,R,MIA,PHI,90.40,,,,,,1,2,2023,2023-07
2023-07-31,2023,R,592836,643265,FS,Split-Finger,,blocked_ball,R,R,MIA,PHI,84.80,,,,,,0,2,2023,2023-07
2023-07-31,2023,R,592836,643265,SI,Sinker,,swinging_strike,R,R,MIA,PHI,88.40,,,,,,0,1,2023,2023-07
2023-07-31,2023,R,592836,643265,FC,Cutter,,called_strike,R,R,MIA,PHI,83.90,,,,,,0,0,2023,2023-07
2023-07-31,2023,R,592836,650333,FS,Split-Finger,single,hit_into_play,L,R,MIA,PHI,86.30,93.90,9,101.52,136.66,line_drive,0,0,2023,2023-07
2023-07-31,2023,R,592836,650333,CU,Curveball,field_out,hit_into_play,L,R,MIA,PHI,72.50,76.60,13,106.83,139.25,line_drive,0,1,2023,2023-07
2023-07-31,2023,R,592836,650333,FC,Cutter,,called_strike,L,R,MIA,PHI,84.00,,,,,,0,0,2023,2023-07
2023-07-31,2023,R,592836,650333,FC,Cutter,single,hit_into_play,L,R,MIA,PHI,85.10,87.90,20,164.28,88.20,line_drive,2,0,2023,2023-07
2023-07-31,2023,R,592836,650333,FF,4-Seam Fastball,,ball,L,R,MIA,PHI,88.80,,,,,,1,0,2023,2023-07
2023-07-31,2023,R,592836,650333,FF,4-Seam Fastball,,ball,L,R,MIA,PHI,90.00,,,,,,0,0,2023,2023-07
2023-07-31,2023,R,592836,650559,SI,Sinker,field_out,hit_into_play,R,R,MIA,PHI,91.80,89.60,29,194.68,100.39,fly_ball,1,1,2023,2023-07
2023-07-31,2023,R,592836,650559,FC,Cutter,,ball,R,R,MIA,PHI,85.00,,,,,,0,1,2023,2023-07
2023-07-31,2023,R,592836,650559,FC,Cutter,,foul,R,R,MIA,PHI,86.70,72.30,56,,,,0,0,2023,2023-07
2023-07-31,2023,R,592836,650559,FF,4-Seam Fastball,field_out,hit_into_play,R,R,MIA,PHI,92.10,81.80,47,86.37,98.62,fly_ball,1,1,2023,2023-07
2023-07-31,2023,R,592836,650559,SI,Sinker,,ball,R,R,MIA,PHI,90.20,,,,,,0,1,2023,2023-07
2023-07-31,2023,R,592836,650559,FS,Split-Finger,,swinging_strike_blocked,R,R,MIA,PHI,86.20,,,,,,0,0,2023,2023-07
2023-07-31,2023,R,592836,650559,FS,Split-Finger,field_out,hit_into_play,R,R,MIA,PHI,85.80,94.60,23,188.52,84.96,line_drive,0,1,2023,2023-07
2023-07-31,2023,R,592836,650559,SI,Sinker,,called_strike,R,R,MIA,PHI,88.50,,,,,,0,0,2023,2023-07
2023-07-31,2023,R,592836,663743,SI,Sinker,single,hit_into_play,R,R,MIA,PHI,93.50,82.20,22,92.84,72.52,line_drive,2,2,2023,2023-07
2023-07-31,2023,R,592836,663743,FC,Cutter,,ball,R,R,MIA,PHI,89.10,,,,,,1,2,2023,2023-07
2023-07-31,2023,R,592836,663743,FC,Cutter,,foul,R,R,MIA,PHI,87.90,71.30,69,,,,1,2,2023,2023-07
2023-07-31,2023,R,592836,663743,FF,4-Seam Fastball,,ball,R,R,MIA,PHI,93.90,,,,,,0,2,2023,2023-07
2023-07-31,2023,R,592836,663743,FS,Split-Finger,,foul,R,R,MIA,PHI,89.90,99.30,24,,,,0,1,2023,2023-07
2023-07-31,2023,R,592836,663743,SI,Sinker,,foul,R,R,MIA,PHI,92.80,76.20,14,,,,0,0,2023,2023-07
2023-07-31,2023,R,592836,663743,FC,Cutter,strikeout,called_strike,R,R,MIA,PHI,85.50,,,,,,3,2,2023,2023-07
2023-07-31,2023,R,592836,663743,FF,4-Seam Fastball,,ball,R,R,MIA,PHI,94.20,,,,,,2,2,2023,2023-07
2023-07-31,2023,R,592836,663743,FC,Cutter,,foul,R,R,MIA,PHI,87.40,74.80,-20,,,,2,1,2023,2023-07
2023-07-31,2023,R,592836,663743,FS,Split-Finger,,ball,R,R,MIA,PHI,89.10,,,,,,1,1,2023,2023-07
2023-07-31,2023,R,592836,663743,FS,Split-Finger,,ball,R,R,MIA,PHI,88.00,,,,,,0,1,2023,2023-07
2023-07-31,2023,R,592836,663743,FC,Cutter,,called_strike,R,R,MIA,PHI,84.80,,,,,,0,0,2023,2023-07
2023-07-31,2023,R,592836,663743,FS,Split-Finger,field_out,hit_into_play,R,R,MIA,PHI,86.90,78.80,-8,95.93,170.23,ground_ball,1,1,2023,2023-07
2023-07-31,2023,R,592836,663743,CU,Curveball,,ball,R,R,MIA,PHI,76.40,,,,,,0,1,2023,2023-07
2023-07-31,2023,R,592836,663743,FC,Cutter,,swinging_strike,R,R,MIA,PHI,85.70,,,,,,0,0,2023,2023-07
2023-07-31,2023,R,592836,665862,FS,Split-Finger,walk,ball,L,R,MIA,PHI,87.80,,,,,,3,1,2023,2023-07
2023-07-31,2023,R,592836,665862,FF,4-Seam Fastball,,called_strike,L,R,MIA,PHI,90.20,,,,,,3,0,2023,2023-07
2023-07-31,2023,R,592836,665862,SI,Sinker,,ball,L,R,MIA,PHI,91.10,,,,,,2,0,2023,2023-07
2023-07-31,2023,R,592836,665862,FS,Split-Finger,,ball,L,R,MIA,PHI,87.30,,,,,,1,0,2023,2023-07
2023-07-31,2023,R,592836,665862,FF,4-Seam Fastball,,ball,L,R,MIA,PHI,91.20,,,,,,0,0,2023,2023-07
2023-07-31,2023,R,592836,665862,CU,Curveball,field_out,hit_into_play,L,R,MIA,PHI,74.50,65.30,59,76.33,165.23,popup,0,0,2023,2023-07
2023-07-31,2023,R,592836,665862,FS,Split-Finger,double,hit_into_play,L,R,MIA,PHI,84.90,89.60,33,217.95,108.84,fly_ball,1,0,2023,2023-07
2023-07-31,2023,R,592836,665862,FC,Cutter,,ball,L,R,MIA,PHI,85.10,,,,,,0,0,2023,2023-07
2023-07-31,2023,R,593334,542194,CU,Curveball,strikeout,swinging_strike,R,R,NYY,TB,84.90,,,,,,0,2,2023,2023-07
2023-07-31,2023,R,593334,542194,SI,Sinker,,foul,R,R,NYY,TB,93.20,,,,,,0,1,2023,2023-07
2023-07-31,2023,R,593334,542194,SI,Sinker,,foul,R,R,NYY,TB,91.70,99.40,12,,,,0,0,2023,2023-07
2023-07-31,2023,R,593334,542194,FF,4-Seam Fastball,field_out,hit_into_play,R,R,NYY,TB,92.80,107.40,2,117.93,179.70,ground_ball,3,1,2023,2023-07
2023-07-31,2023,R,593334,542194,FF,4-Seam Fastball,,called_strike,R,R,NYY,TB,92.30,,,,,,3,0,2023,2023-07
2023-07-31,2023,R,593334,542194,SI,Sinker,,ball,R,R,NYY,TB,91.20,,,,,,2,0,2023,2023-07
2023-07-31,2023,R,593334,542194,CU,Curveball,,ball,R,R,NYY,TB,82.20,,,,,,1,0,2023,2023-07
2023-07-31,2023,R,593334,542194,CU,Curveball,,ball,R,R,NYY,TB,83.30,,,,,,0,0,2023,2023-07
2023-07-31,2023,R,593334,642350,CU,Curveball,strikeout,swinging_strike,R,R,NYY,TB,84.00,,,,,,0,2,2023,2023-07
2023-07-31,2023,R,593334,642350,SI,Sinker,,foul,R,R,NYY,TB,92.30,97.70,-8,,,,0,1,2023,2023-07
2023-07-31,2023,R,593334,642350,CU,Curveball,,called_strike,R,R,NYY,TB,83.10,,,,,,0,0,2023,2023-07
2023-07-31,2023,R,593334,642350,SI,Sinker,field_out,hit_into_play,R,R,NYY,TB,92.80,88.30,-6,114.48,164.80,ground_ball,0,1,2023,2023-07
2023-07-31,2023,R,593334,642350,FF,4-Seam Fastball,,swinging_strike,R,R,NYY,TB,93.10,,,,,,0,0,2023,2023-07
2023-07-31,2023,R,593334,650490,CU,Curveball,single,hit_into_play,R,R,NYY,TB,84.70,96.20,7,124.18,109.65,ground_ball,2,2,2023,2023-07
2023-07-31,2023,R,593334,650490,CU,Curveball,,foul,R,R,NYY,TB,81.10,,,,,,2,1,2023,2023-07
2023-07-31,2023,R,593334,650490,SI,Sinker,,ball,R,R,NYY,TB,89.70,,,,,,1,1,2023,2023-07
2023-07-31,2023,R,593334,650490,SI,Sinker,,ball,R,R,NYY,TB,91.20,,,,,,0,1,2023,2023-07
2023-07-31,2023,R,593334,650490,CU,Curveball,,swinging_strike,R,R,NYY,TB,81.70,,,,,,0,0,2023,2023-07
2023-07-31,2023,R,593334,650490,CU,Curveball,field_out,hit_into_play,R,R,NYY,TB,84.30,99.00,-11,87.88,154.24,ground_ball,1,2,2023,2023-07
2023-07-31,2023,R,593334,650490,CU,Curveball,,ball,R,R,NYY,TB,83.90,,,,,,0,2,2023,2023-07
2023-07-31,2023,R,593334,650490,CH,Changeup,,called_strike,R,R,NYY,TB,85.80,,,,,,0,1,2023,2023-07
2023-07-31,2023,R,593334,650490,FF,4-Seam Fastball,,called_strike,R,R,NYY,TB,92.90,,,,,,0,0,2023,2023-07
2023-07-31,2023,R,593334,664040,CU,Curveball,field_out,hit_into_play,L,R,NYY,TB,82.70,104.90,29,86.29,39.97,fly_ball,3,2,2023,2023-07
2023-07-31,2023,R,593334,664040,CU,Curveball,,ball,L,R,NYY,TB,83.40,,,,,,2,2,2023,2023-07
2023-07-31,2023,R,593334,664040,CH,Changeup,,ball,L,R,NYY,TB,86.60,,,,,,1,2,2023,2023-07
2023-07-31,2023,R,593334,664040,CU,Curveball,,swinging_strike,L,R,NYY,TB,82.80,,,,,,1,1,2023,2023-07
2023-07-31,2023,R,593334,664040,FF,4-Seam Fastball,,ball,L,R,NYY,TB,92.60,,,,,,0,1,2023,2023-07
2023-07-31,2023,R,593334,664040,CU,Curveball,,foul,L,R,NYY,TB,81.70,82.60,73,,,,0,0,2023,2023-07
2023-07-31,2023,R,593334,664040,CU,Curveball,strikeout,swinging_strike,L,R,NYY,TB,83.20,,,,,,0,2,2023,2023-07
2023-07-31,2023,R,593334,664040,FF,4-Seam Fastball,,called_strike,L,R,NYY,TB,92.30,,,,,,0,1,2023,2023-07
2023-07-31,2023,R,593334,664040,CU,Curveball,,foul,L,R,NYY,TB,81.80,81.60,5,,,,0,0,2023,2023-07
2023-07-31,2023,R,593334,666139,CH,Changeup,field_out,hit_into_play,L,R,NYY,TB,85.80,74.00,-6,154.48,155.71,ground_ball,1,2,2023,2023-07
2023-07-31,2023,R,593334,666139,FF,4-Seam Fastball,,called_strike,L,R,NYY,TB,92.60,,,,,,1,1,2023,2023-07
2023-07-31,2023,R,593334,666139,CU,Curveball,,blocked_ball,L,R,NYY,TB,82.80,,,,,,0,1,2023,2023-07
2023-07-31,2023,R,593334,666139,CH,Changeup,,called_strike,L,R,NYY,TB,85.50,,,,,,0,0,2023,2023-07
2023-07-31,2023,R,593334,666139,FF,4-Seam Fastball,field_out,hit_into_play,L,R,NYY,TB,92.30,96.40,49,96.17,85.30,fly_ball,1,1,2023,2023-07
2023-07-31,2023,R,593334,666139,CU,Curveball,,foul,L,R,NYY,TB,81.30,84.60,11,,,,1,0,2023,2023-07
2023-07-31,2023,R,593334,666139,CU,Curveball,,ball,L,R,NYY,TB,82.10,,,,,,0,0,2023,2023-07
2023-07-31,2023,R,593334,668227,CU,Curveball,field_out,hit_into_play,R,R,NYY,TB,84.20,76.30,-7,108.71,141.78,ground_ball,2,2,2023,2023-07
2023-07-31,2023,R,593334,668227,FF,4-Seam Fastball,,foul,R,R,NYY,TB,92.00,76.60,21,,,,2,2,2023,2023-07
2023-07-31,2023,R,593334,668227,CU,Curveball,,swinging_strike,R,R,NYY,TB,82.00,,,,,,2,1,2023,2023-07
2023-07-31,2023,R,593334,668227,CH,Changeup,,called_strike,R,R,NYY,TB,83.90,,,,,,2,0,2023,2023-07
2023-07-31,2023,R,593334,668227,SI,Sinker,,ball,R,R,NYY,TB,90.40,,,,,,1,0,2023,2023-07
2023-07-31,2023,R,593334,668227,SI,Sinker,,ball,R,R,NYY,TB,91.00,,,,,,0,0,2023,2023-07
2023-07-31,2023,R,593334,668227,CH,Changeup,field_out,hit_into_play,R,R,NYY,TB,87.20,101.40,-11,106.89,144.81,ground_ball,0,1,2023,2023-07
2023-07-31,2023,R,593334,668227,CH,Changeup,,called_strike,R,R,NYY,TB,84.80,,,,,,0,0,2023,2023-07
2023-07-31,2023,R,593334,670042,FF,4-Seam Fastball,double,hit_into_play,L,R,NYY,TB,91.50,111.80,19,118.70,48.04,line_drive,1,1,2023,2023-07
2023-07-31,2023,R,593334,670042,FF,4-Seam Fastball,,foul,L,R,NYY,TB,90.60,73.20,56,,,,1,0,2023,2023-07
2023-07-31,2023,R,593334,670042,FF,4-Seam Fastball,,ball,L,R,NYY,TB,91.60,,,,,,0,0,2023,2023-07
2023-07-31,2023,R,593334,670042,CU,Curveball,walk,ball,L,R,NYY,TB,82.00,,,,,,3,2,2023,2023-07
2023-07-31,2023,R,593334,670042,CH,Changeup,,ball,L,R,NYY,TB,87.00,,,,,,2,2,2023,2023-07
2023-07-31,2023,R,593334,670042,CH,Changeup,,ball,L,R,NYY,TB,86.30,,,,,,1,2,2023,2023-07
2023-07-31,2023,R,593334,670042,CU,Curveball,,foul,L,R,NYY,TB,82.20,61.00,-32,,,,1,2,2023,2023-07
2023-07-31,2023,R,593334,670042,CU,Curveball,,swinging_strike,L,R,NYY,TB,83.10,,,,,,1,1,2023,2023-07
2023-07-31,2023,R,593334,670042,CU,Curveball,,foul,L,R,NYY,TB,82.30,77.90,-29,,,,1,0,2023,2023-07
2023-07-31,2023,R,593334,670042,FF,4-Seam Fastball,,ball,L,R,NYY,TB,92.20,,,,,,0,0,2023,2023-07
2023-07-31,2023,R,593334,670623,CU,Curveball,walk,ball,R,R,NYY,TB,81.80,,,,,,3,1,2023,2023-07
2023-07-31,2023,R,593334,670623,CU,Curveball,,ball,R,R,NYY,TB,82.70,,,,,,2,1,2023,2023-07
2023-07-31,2023,R,593334,670623,SI,Sinker,,ball,R,R,NYY,TB,91.10,,,,,,1,1,2023,2023-07
2023-07-31,2023,R,593334,670623,CU,Curveball,,called_strike,R,R,NYY,TB,81.70,,,,,,1,0,2023,2023-07
2023-07-31,2023,R,593334,670623,CU,Curveball,,ball,R,R,NYY,TB,82.20,,,,,,0,0,2023,2023-07
2023-07-31,2023,R,593334,670623,CU,Curveball,strikeout,swinging_strike,R,R,NYY,TB,84.60,,,,,,1,2,2023,2023-07
2023-07-31,2023,R,593334,670623,CU,Curveball,,ball,R,R,NYY,TB,84.50,,,,,,0,2,2023,2023-07
2023-07-31,2023,R,593334,670623,CH,Changeup,,swinging_strike,R,R,NYY,TB,85.90,,,,,,0,1,2023,2023-07
2023-07-31,2023,R,593334,670623,FF,4-Seam Fastball,,called_strike,R,R,NYY,TB,92.80,,,,,,0,0,2023,2023-07
2023-07-31,2023,R,593334,677551,CU,Curveball,grounded_into_double_play,hit_into_play,L,R,NYY,TB,81.20,98.30,3,147.81,158.74,ground_ball,1,1,2023,2023-07
2023-07-31,2023,R,593334,677551,FF,4-Seam Fastball,,foul,L,R,NYY,TB,91.40,94.60,18,,,,1,0,2023,2023-07
2023-07-31,2023,R,593334,677551,CH,Changeup,,ball,L,R,NYY,TB,84.50,,,,,,0,0,2023,2023-07
2023-07-31,2023,R,593334,677551,CH,Changeup,field_out,hit_into_play,L,R,NYY,TB,86.60,87.50,-21,124.84,142.14,ground_ball,1,2,2023,2023-07
2023-07-31,2023,R,593334,677551,FF,4-Seam Fastball,,called_strike,L,R,NYY,TB,92.40,,,,,,1,1,2023,2023-07
2023-07-31,2023,R,593334,677551,FF,4-Seam Fastball,,called_strike,L,R,NYY,TB,92.90,,,,,,1,0,2023,2023-07
2023-07-31,2023,R,593334,677551,CU,Curveball,,ball,L,R,NYY,TB,82.20,,,,,,0,0,2023,2023-07
2023-07-31,2023,R,595345,547180,SL,Slider,strikeout,swinging_strike,L,L,MIA,PHI,82.80,,,,,,1,2,2023,2023-07
2023-07-31,2023,R,595345,547180,FF,4-Seam Fastball,,swinging_strike,L,L,MIA,PHI,93.10,,,,,,1,1,2023,2023-07
2023-07-31,2023,R,595345,547180,FF,4-Seam Fastball,,ball,L,L,MIA,PHI,93.80,,,,,,0,1,2023,2023-07
2023-07-31,2023,R,595345,547180,SL,Slider,,swinging_strike,L,L,MIA,PHI,82.60,,,,,,0,0,2023,2023-07
2023-07-31,2023,R,595345,592663,SL,Slider,single,hit_into_play,R,L,MIA,PHI,81.50,107.20,15,77.59,81.13,line_drive,2,1,2023,2023-07
2023-07-31,2023,R,595345,592663,FF,4-Seam Fastball,,ball,R,L,MIA,PHI,94.20,,,,,,1,1,2023,2023-07
2023-07-31,2023,R,595345,592663,FF,4-Seam Fastball,,called_strike,R,L,MIA,PHI,93.50,,,,,,1,0,2023,2023-07
2023-07-31,2023,R,595345,592663,SL,Slider,,ball,R,L,MIA,PHI,81.70,,,,,,0,0,2023,2023-07
2023-07-31,2023,R,595345,595909,SL,Slider,sac_bunt,hit_into_play,L,L,MIA,PHI,81.20,9.80,-16,125.62,201.71,ground_ball,0,0,2023,2023-07
2023-07-31,2023,R,595345,607208,FF,4-Seam Fastball,force_out,hit_into_play,R,L,MIA,PHI,93.30,100.70,-7,109.64,158.02,ground_ball,0,1,2023,2023-07
2023-07-31,2023,R,595345,607208,FF,4-Seam Fastball,,called_strike,R,L,MIA,PHI,93.60,,,,,,0,0,2023,2023-07
2023-07-31,2023,R,595345,656941,FF,4-Seam Fastball,strikeout,called_strike,L,L,MIA,PHI,94.20,,,,,,3,2,2023,2023-07
2023-07-31,2023,R,595345,656941,FF,4-Seam Fastball,,foul,L,L,MIA,PHI,94.50,76.70,20,,,,3,2,2023,2023-07
2023-07-31,2023,R,595345,656941,FF,4-Seam Fastball,,ball,L,L,MIA,PHI,93.70,,,,,,2,2,2023,2023-07
2023-07-31,2023,R,595345,656941,SL,Slider,,foul,L,L,MIA,PHI,82.60,64.50,48,,,,2,2,2023,2023-07
2023-07-31,2023,R,595345,656941,FF,4-Seam Fastball,,ball,L,L,MIA,PHI,94.50,,,,,,1,2,2023,2023-07
2023-07-31,2023,R,595345,656941,FF,4-Seam Fastball,,called_strike,L,L,MIA,PHI,94.00,,,,,,1,1,2023,2023-07
2023-07-31,2023,R,595345,656941,FF,4-Seam Fastball,,called_strike,L,L,MIA,PHI,94.90,,,,,,1,0,2023,2023-07
2023-07-31,2023,R,595345,656941,FF,4-Seam Fastball,,ball,L,L,MIA,PHI,93.80,,,,,,0,0,2023,2023-07
2023-07-31,2023,R,595345,664761,SL,Slider,field_out,hit_into_play,R,L,MIA,PHI,85.10,42.30,5,144.66,172.26,ground_ball,2,2,2023,2023-07
2023-07-31,2023,R,595345,664761,FF,4-Seam Fastball,,ball,R,L,MIA,PHI,95.30,,,,,,1,2,2023,2023-07
2023-07-31,2023,R,595345,664761,FF,4-Seam Fastball,,ball,R,L,MIA,PHI,95.10,,,,,,0,2,2023,2023-07
2023-07-31,2023,R,595345,664761,FF,4-Seam Fastball,,foul,R,L,MIA,PHI,95.30,71.20,37,,,,0,2,2023,2023-07
2023-07-31,2023,R,595345,664761,FF,4-Seam Fastball,,called_strike,R,L,MIA,PHI,94.80,,,,,,0,1,2023,2023-07
2023-07-31,2023,R,595345,664761,SL,Slider,,foul_tip,R,L,MIA,PHI,83.40,,,,,,0,0,2023,2023-07
2023-07-31,2023,R,595345,679032,SL,Slider,double,hit_into_play,R,L,MIA,PHI,82.10,100.00,6,39.08,111.22,ground_ball,1,1,2023,2023-07
2023-07-31,2023,R,595345,679032,FF,4-Seam Fastball,,ball,R,L,MIA,PHI,95.10,,,,,,0,1,2023,2023-07
2023-07-31,2023,R,595345,679032,FF,4-Seam Fastball,,called_strike,R,L,MIA,PHI,93.50,,,,,,0,0,2023,2023-07
2023-07-31,2023,R,595345,681082,FF,4-Seam Fastball,field_out,hit_into_play,L,L,MIA,PHI,91.60,87.50,31,39.08,130.04,fly_ball,2,2,2023,2023-07
2023-07-31,2023,R,595345,681082,FF,4-Seam Fastball,,foul,L,L,MIA,PHI,93.30,78.20,19,,,,2,1,2023,2023-07
2023-07-31,2023,R,595345,681082,FF,4-Seam Fastball,,ball,L,L,MIA,PHI,92.70,,,,,,1,1,2023,2023-07
2023-07-31,2023,R,595345,681082,SL,Slider,,ball,L,L,MIA,PHI,83.30,,,,,,0,1,2023,2023-07
2023-07-31,2023,R,595345,681082,SL,Slider,,foul_tip,L,L,MIA,PHI,80.50,,,,,,0,0,2023,2023-07
2023-07-31,2023,R,596001,572233,ST,Sweeper,field_out,hit_into_play,R,R,SF,AZ,83.10,85.60,-17,104.34,173.32,ground_ball,0,1,2023,2023-07
2023-07-31,2023,R,596001,572233,SI,Sinker,,foul,R,R,SF,AZ,92.90,108.80,41,,,,0,0,2023,2023-07
2023-07-31,2023,R,596001,606466,CH,Changeup,field_out,hit_into_play,L,R,SF,AZ,87.70,81.70,-2,150.41,155.09,ground_ball,0,1,2023,2023-07
2023-07-31,2023,R,596001,606466,ST,Sweeper,,called_strike,L,R,SF,AZ,83.50,,,,,,0,0,2023,2023-07
2023-07-31,2023,R,596001,645444,CH,Changeup,field_out,hit_into_play,L,R,SF,AZ,86.60,71.10,46,167.15,126.10,fly_ball,1,1,2023,2023-07
2023-07-31,2023,R,596001,645444,ST,Sweeper,,called_strike,L,R,SF,AZ,81.80,,,,,,1,0,2023,2023-07
2023-07-31,2023,R,596001,645444,FF,4-Seam Fastball,,ball,L,R,SF,AZ,92.50,,,,,,0,0,2023,2023-07
2023-07-31,2023,R,596001,656896,SI,Sinker,strikeout,swinging_strike,R,R,SF,AZ,93.10,,,,,,3,2,2023,2023-07
2023-07-31,2023,R,596001,656896,ST,Sweeper,,called_strike,R,R,SF,AZ,83.20,,,,,,3,1,2023,2023-07
2023-07-31,2023,R,596001,656896,CH,Changeup,,ball,R,R,SF,AZ,86.80,,,,,,2,1,2023,2023-07
2023-07-31,2023,R,596001,656896,ST,Sweeper,,ball,R,R,SF,AZ,83.80,,,,,,1,1,2023,2023-07
2023-07-31,2023,R,596001,656896,ST,Sweeper,,swinging_strike,R,R,SF,AZ,84.10,,,,,,1,0,2023,2023-07
2023-07-31,2023,R,596001,656896,ST,Sweeper,,ball,R,R,SF,AZ,84.50,,,,,,0,0,2023,2023-07
2023-07-31,2023,R,596001,664983,CH,Changeup,strikeout,swinging_strike,L,R,SF,AZ,88.50,,,,,,1,2,2023,2023-07
2023-07-31,2023,R,596001,664983,CH,Changeup,,swinging_strike,L,R,SF,AZ,88.10,,,,,,1,1,2023,2023-07
2023-07-31,2023,R,596001,664983,ST,Sweeper,,ball,L,R,SF,AZ,84.40,,,,,,0,1,2023,2023-07
2023-07-31,2023,R,596001,664983,CH,Changeup,,foul,L,R,SF,AZ,87.20,29.40,-48,,,,0,0,2023,2023-07
2023-07-31,2023,R,596001,666971,SI,Sinker,single,hit_into_play,R,R,SF,AZ,93.70,102.20,-5,122.56,181.93,ground_ball,0,1,2023,2023-07
2023-07-31,2023,R,596001,666971,ST,Sweeper,,called_strike,R,R,SF,AZ,83.40,,,,,,0,0,2023,2023-07
2023-07-31,2023,R,596001,672695,SI,Sinker,field_out,hit_into_play,L,R,SF,AZ,92.60,92.10,-5,113.45,172.31,ground_ball,2,1,2023,2023-07
2023-07-31,2023,R,596001,672695,ST,Sweeper,,ball,L,R,SF,AZ,83.80,,,,,,1,1,2023,2023-07
2023-07-31,2023,R,596001,672695,ST,Sweeper,,swinging_strike,L,R,SF,AZ,83.60,,,,,,1,0,2023,2023-07
2023-07-31,2023,R,596001,672695,CH,Changeup,,ball,L,R,SF,AZ,87.80,,,,,,0,0,2023,2023-07
2023-07-31,2023,R,596001,672695,ST,Sweeper,field_out,hit_into_play,L,R,SF,AZ,85.40,97.20,-2,155.47,150.03,ground_ball,1,2,2023,2023-07
2023-07-31,2023,R,596001,672695,ST,Sweeper,,foul,L,R,SF,AZ,84.10,88.50,23,,,,1,2,2023,2023-07
2023-07-31,2023,R,596001,672695,ST,Sweeper,,called_strike,L,R,SF,AZ,81.40,,,,,,1,1,2023,2023-07
2023-07-31,2023,R,596001,672695,SI,Sinker,,foul,L,R,SF,AZ,91.50,,,,,,1,0,2023,2023-07
2023-07-31,2023,R,596001,672695,SI,Sinker,,ball,L,R,SF,AZ,92.70,,,,,,0,0,2023,2023-07
2023-07-31,2023,R,596001,677950,ST,Sweeper,field_out,hit_into_play,L,R,SF,AZ,83.30,63.40,-34,155.51,169.55,ground_ball,0,1,2023,2023-07
2023-07-31,2023,R,596001,677950,ST,Sweeper,,called_strike,L,R,SF,AZ,79.90,,,,,,0,0,2023,2023-07
2023-07-31,2023,R,596001,682998,CH,Changeup,strikeout,swinging_strike_blocked,L,R,SF,AZ,86.80,,,,,,3,2,2023,2023-07
2023-07-31,2023,R,596001,682998,SI,Sinker,,ball,L,R,SF,AZ,94.20,,,,,,2,2,2023,2023-07
2023-07-31,2023,R,596001,682998,ST,Sweeper,,foul,L,R,SF,AZ,84.90,81.50,-1,,,,2,2,2023,2023-07
2023-07-31,2023,R,596001,682998,ST,Sweeper,,called_strike,L,R,SF,AZ,83.70,,,,,,2,1,2023,2023-07
2023-07-31,2023,R,596001,682998,CH,Changeup,,ball,L,R,SF,AZ,87.80,,,,,,1,1,2023,2023-07
2023-07-31,2023,R,596001,682998,CH,Changeup,,ball,L,R,SF,AZ,88.30,,,,,,0,1,2023,2023-07
2023-07-31,2023,R,596001,682998,SI,Sinker,,called_strike,L,R,SF,AZ,93.70,,,,,,0,0,2023,2023-07
2023-07-31,2023,R,596057,514888,FF,4-Seam Fastball,walk,ball,R,L,HOU,CLE,90.30,,,,,,3,1,2023,2023-07
2023-07-31,2023,R,596057,514888,CH,Changeup,,ball,R,L,HOU,CLE,84.00,,,,,,2,1,2023,2023-07
2023-07-31,2023,R,596057,514888,FF,4-Seam Fastball,,foul,R,L,HOU,CLE,91.00,90.90,-17,,,,2,0,2023,2023-07
2023-07-31,2023,R,596057,514888,CH,Changeup,,blocked_ball,R,L,HOU,CLE,86.00,,,,,,1,0,2023,2023-07
2023-07-31,2023,R,596057,514888,FF,4-Seam Fastball,,ball,R,L,HOU,CLE,92.90,,,,,,0,0,2023,2023-07
2023-07-31,2023,R,596057,547989,FF,4-Seam Fastball,field_out,hit_into_play,R,L,HOU,CLE,89.70,85.30,8,157.03,167.09,line_drive,2,2,2023,2023-07
2023-07-31,2023,R,596057,547989,FF,4-Seam Fastball,,foul,R,L,HOU,CLE,86.40,70.10,40,,,,2,1,2023,2023-07
2023-07-31,2023,R,596057,547989,CH,Changeup,,ball,R,L,HOU,CLE,82.50,,,,,,1,1,2023,2023-07
2023-07-31,2023,R,596057,547989,FF,4-Seam Fastball,,called_strike,R,L,HOU,CLE,89.10,,,,,,1,0,2023,2023-07
2023-07-31,2023,R,596057,547989,FF,4-Seam Fastball,,ball,R,L,HOU,CLE,87.40,,,,,,0,0,2023,2023-07
2023-07-31,2023,R,596057,608324,FF,4-Seam Fastball,field_out,hit_into_play,R,L,HOU,CLE,85.50,95.60,46,104.68,78.55,fly_ball,3,1,2023,2023-07
2023-07-31,2023,R,596057,608324,FF,4-Seam Fastball,,called_strike,R,L,HOU,CLE,86.10,,,,,,3,0,2023,2023-07
2023-07-31,2023,R,596057,608324,CH,Changeup,,ball,R,L,HOU,CLE,81.20,,,,,,2,0,2023,2023-07
2023-07-31,2023,R,596057,608324,FF,4-Seam Fastball,,ball,R,L,HOU,CLE,83.00,,,,,,1,0,2023,2023-07
2023-07-31,2023,R,596057,608324,CH,Changeup,,ball,R,L,HOU,CLE,83.50,,,,,,0,0,2023,2023-07
2023-07-31,2023,R,596057,663656,CH,Changeup,sac_fly,hit_into_play,L,L,HOU,CLE,81.10,100.00,24,86.79,59.95,fly_ball,0,1,2023,2023-07
2023-07-31,2023,R,596057,663656,SL,Slider,,foul,L,L,HOU,CLE,77.10,93.10,18,,,,0,0,2023,2023-07
2023-07-31,2023,R,596057,665161,CH,Changeup,walk,ball,R,L,HOU,CLE,81.40,,,,,,3,1,2023,2023-07
2023-07-31,2023,R,596057,665161,FF,4-Seam Fastball,,ball,R,L,HOU,CLE,84.70,,,,,,2,1,2023,2023-07
2023-07-31,2023,R,596057,665161,CH,Changeup,,ball,R,L,HOU,CLE,81.00,,,,,,1,1,2023,2023-07
2023-07-31,2023,R,596057,665161,CH,Changeup,,swinging_strike,R,L,HOU,CLE,78.90,,,,,,1,0,2023,2023-07
2023-07-31,2023,R,596057,665161,CH,Changeup,,ball,R,L,HOU,CLE,82.90,,,,,,0,0,2023,2023-07
2023-07-31,2023,R,596057,667452,CH,Changeup,field_out,hit_into_play,R,L,HOU,CLE,81.40,81.90,29,192.21,109.59,line_drive,2,0,2023,2023-07
2023-07-31,2023,R,596057,667452,FF,4-Seam Fastball,,ball,R,L,HOU,CLE,85.70,,,,,,1,0,2023,2023-07
2023-07-31,2023,R,596057,667452,FF,4-Seam Fastball,,ball,R,L,HOU,CLE,89.40,,,,,,0,0,2023,2023-07
2023-07-31,2023,R,596057,673237,CH,Changeup,double,hit_into_play,R,L,HOU,CLE,80.30,89.30,13,57.09,125.75,line_drive,2,1,2023,2023-07
2023-07-31,2023,R,596057,673237,FF,4-Seam Fastball,,ball,R,L,HOU,CLE,90.30,,,,,,1,1,2023,2023-07
2023-07-31,2023,R,596057,673237,CH,Changeup,,ball,R,L,HOU,CLE,85.80,,,,,,0,1,2023,2023-07
2023-07-31,2023,R,596057,673237,CH,Changeup,,swinging_strike,R,L,HOU,CLE,81.90,,,,,,0,0,2023,2023-07
2023-07-31,2023,R,596057,676694,CH,Changeup,single,hit_into_play,R,L,HOU,CLE,86.00,96.30,-9,105.49,102.21,ground_ball,0,0,2023,2023-07
2023-07-31,2023,R,596112,650402,FC,Cutter,field_out,hit_into_play,R,R,NYY,TB,89.10,78.70,28,83.47,95.88,line_drive,1,1,2023,2023-07
2023-07-31,2023,R,596112,650402,FC,Cutter,,ball,R,R,NYY,TB,87.70,,,,,,0,1,2023,2023-07
2023-07-31,2023,R,596112,650402,FC,Cutter,,swinging_strike,R,R,NYY,TB,88.90,,,,,,0,0,2023,2023-07
2023-07-31,2023,R,596112,666163,FS,Split-Finger,strikeout,swinging_strike,L,R,NYY,TB,89.00,,,,,,2,2,2023,2023-07
2023-07-31,2023,R,596112,666163,FC,Cutter,,called_strike,L,R,NYY,TB,88.80,,,,,,2,1,2023,2023-07
2023-07-31,2023,R,596112,666163,FF,4-Seam Fastball,,ball,L,R,NYY,TB,96.60,,,,,,1,1,2023,2023-07
2023-07-31,2023,R,596112,666163,FC,Cutter,,ball,L,R,NYY,TB,87.20,,,,,,0,1,2023,2023-07
2023-07-31,2023,R,596112,666163,FC,Cutter,,called_strike,L,R,NYY,TB,88.20,,,,,,0,0,2023,2023-07
2023-07-31,2023,R,596112,683011,FC,Cutter,strikeout,called_strike,R,R,NYY,TB,88.50,,,,,,0,2,2023,2023-07
2023-07-31,2023,R,596112,683011,FC,Cutter,,swinging_strike,R,R,NYY,TB,88.10,,,,,,0,1,2023,2023-07
2023-07-31,2023,R,596112,683011,FC,Cutter,,called_strike,R,R,NYY,TB,89.40,,,,,,0,0,2023,2023-07
2023-07-31,2023,R,596295,592518,FF,4-Seam Fastball,field_out,hit_into_play,R,L,COL,SD,87.30,97.00,19,181.03,73.60,line_drive,0,0,2023,2023-07
2023-07-31,2023,R,596295,592518,SL,Slider,walk,ball,R,L,COL,SD,85.10,,,,,,3,2,2023,2023-07
2023-07-31,2023,R,596295,592518,CH,Changeup,,foul,R,L,COL,SD,81.30,74.30,63,,,,3,1,2023,2023-07
2023-07-31,2023,R,596295,592518,FF,4-Seam Fastball,,ball,R,L,COL,SD,90.80,,,,,,2,1,2023,2023-07
2023-07-31,2023,R,596295,592518,SL,Slider,,ball,R,L,COL,SD,84.40,,,,,,1,1,2023,2023-07
2023-07-31,2023,R,596295,592518,FF,4-Seam Fastball,,foul,R,L,COL,SD,90.70,76.10,64,,,,1,0,2023,2023-07
2023-07-31,2023,R,596295,592518,FF,4-Seam Fastball,,ball,R,L,COL,SD,90.10,,,,,,0,0,2023,2023-07
2023-07-31,2023,R,596295,592518,CH,Changeup,field_out,hit_into_play,R,L,COL,SD,80.60,88.10,69,90.97,153.03,popup,2,1,2023,2023-07
2023-07-31,2023,R,596295,592518,FF,4-Seam Fastball,,ball,R,L,COL,SD,89.20,,,,,,1,1,2023,2023-07
2023-07-31,2023,R,596295,592518,SL,Slider,,ball,R,L,COL,SD,83.80,,,,,,0,1,2023,2023-07
2023-07-31,2023,R,596295,592518,FF,4-Seam Fastball,,called_strike,R,L,COL,SD,86.60,,,,,,0,0,2023,2023-07
2023-07-31,2023,R,596295,593428,KC,Knuckle Curve,grounded_into_double_play,hit_into_play,R,L,COL,SD,77.60,76.90,7,104.90,153.64,ground_ball,1,1,2023,2023-07
2023-07-31,2023,R,596295,593428,FF,4-Seam Fastball,,ball,R,L,COL,SD,88.10,,,,,,0,1,2023,2023-07
2023-07-31,2023,R,596295,593428,SL,Slider,,called_strike,R,L,COL,SD,84.10,,,,,,0,0,2023,2023-07
2023-07-31,2023,R,596295,593428,CH,Changeup,grounded_into_double_play,hit_into_play,R,L,COL,SD,81.60,100.70,4,113.39,148.19,ground_ball,0,1,2023,2023-07
2023-07-31,2023,R,596295,593428,KC,Knuckle Curve,,called_strike,R,L,COL,SD,77.50,,,,,,0,0,2023,2023-07
2023-07-31,2023,R,596295,593428,CH,Changeup,field_out,hit_into_play,R,L,COL,SD,80.60,89.90,-8,88.61,162.78,ground_ball,1,1,2023,2023-07
2023-07-31,2023,R,596295,593428,SL,Slider,,ball,R,L,COL,SD,82.90,,,,,,0,1,2023,2023-07
2023-07-31,2023,R,596295,593428,FF,4-Seam Fastball,,called_strike,R,L,COL,SD,88.70,,,,,,0,0,2023,2023-07
2023-07-31,2023,R,596295,596142,KC,Knuckle Curve,strikeout,called_strike,R,L,COL,SD,77.90,,,,,,1,2,2023,2023-07
2023-07-31,2023,R,596295,596142,FF,4-Seam Fastball,,foul,R,L,COL,SD,91.30,61.20,31,,,,1,2,2023,2023-07
2023-07-31,2023,R,596295,596142,CH,Changeup,,foul,R,L,COL,SD,81.10,104.60,12,,,,1,1,2023,2023-07
2023-07-31,2023,R,596295,596142,KC,Knuckle Curve,,ball,R,L,COL,SD,77.80,,,,,,0,1,2023,2023-07
2023-07-31,2023,R,596295,596142,CH,Changeup,,swinging_strike,R,L,COL,SD,82.10,,,,,,0,0,2023,2023-07
2023-07-31,2023,R,596295,596142,FF,4-Seam Fastball,field_out,hit_into_play,R,L,COL,SD,90.90,90.60,-26,130.60,217.16,ground_ball,2,2,2023,2023-07
2023-07-31,2023,R,596295,596142,CH,Changeup,,foul,R,L,COL,SD,82.00,54.30,33,,,,2,2,2023,2023-07
2023-07-31,2023,R,596295,596142,CH,Changeup,,ball,R,L,COL,SD,81.40,,,,,,1,2,2023,2023-07
2023-07-31,2023,R,596295,596142,FF,4-Seam Fastball,,called_strike,R,L,COL,SD,89.00,,,,,,1,1,2023,2023-07
2023-07-31,2023,R,596295,596142,CH,Changeup,,swinging_strike,R,L,COL,SD,80.00,,,,,,1,0,2023,2023-07
2023-07-31,2023,R,596295,596142,SL,Slider,,ball,R,L,COL,SD,82.60,,,,,,0,0,2023,2023-07
2023-07-31,2023,R,596295,630105,FF,4-Seam Fastball,triple,hit_into_play,L,L,COL,SD,88.50,102.10,13,73.02,46.46,line_drive,1,1,2023,2023-07
2023-07-31,2023,R,596295,630105,FF,4-Seam Fastball,,ball,L,L,COL,SD,86.80,,,,,,0,1,2023,2023-07
2023-07-31,2023,R,596295,630105,FF,4-Seam Fastball,,called_strike,L,L,COL,SD,86.50,,,,,,0,0,2023,2023-07
2023-07-31,2023,R,596295,630105,SL,Slider,single,hit_into_play,L,L,COL,SD,85.90,97.00,14,123.28,92.92,line_drive,2,1,2023,2023-07
2023-07-31,2023,R,596295,630105,FF,4-Seam Fastball,,ball,L,L,COL,SD,91.20,,,,,,1,1,2023,2023-07
2023-07-31,2023,R,596295,630105,FF,4-Seam Fastball,,foul,L,L,COL,SD,90.70,80.40,27,,,,1,0,2023,2023-07
2023-07-31,2023,R,596295,630105,FF,4-Seam Fastball,,ball,L,L,COL,SD,90.80,,,,,,0,0,2023,2023-07
2023-07-31,2023,R,596295,630105,KC,Knuckle Curve,strikeout,swinging_strike_blocked,L,L,COL,SD,76.80,,,,,,0,2,2023,2023-07
2023-07-31,2023,R,596295,630105,FF,4-Seam Fastball,,foul,L,L,COL,SD,89.30,88.40,23,,,,0,2,2023,2023-07
2023-07-31,2023,R,596295,630105,FF,4-Seam Fastball,,foul,L,L,COL,SD,89.40,80.60,1,,,,0,2,2023,2023-07
2023-07-31,2023,R,596295,630105,FF,4-Seam Fastball,,missed_bunt,L,L,COL,SD,88.50,,,,,,0,1,2023,2023-07
2023-07-31,2023,R,596295,630105,FF,4-Seam Fastball,,called_strike,L,L,COL,SD,88.00,,,,,,0,0,2023,2023-07
2023-07-31,2023,R,596295,663757,KC,Knuckle Curve,strikeout,called_strike,L,L,COL,SD,77.60,,,,,,1,2,2023,2023-07
2023-07-31,2023,R,596295,663757,FF,4-Seam Fastball,,ball,L,L,COL,SD,89.80,,,,,,0,2,2023,2023-07
2023-07-31,2023,R,596295,663757,FF,4-Seam Fastball,,foul,L,L,COL,SD,89.50,92.80,58,,,,0,1,2023,2023-07
2023-07-31,2023,R,596295,663757,FF,4-Seam Fastball,,called_strike,L,L,COL,SD,89.40,,,,,,0,0,2023,2023-07
2023-07-31,2023,R,596295,663757,FF,4-Seam Fastball,sac_bunt,hit_into_play,L,L,COL,SD,89.80,38.00,-43,130.24,190.25,ground_ball,0,0,2023,2023-07
2023-07-31,2023,R,596295,665487,KC,Knuckle Curve,force_out,hit_into_play,R,L,COL,SD,77.60,104.50,-23,112.18,156.06,ground_ball,1,0,2023,2023-07
2023-07-31,2023,R,596295,665487,FF,4-Seam Fastball,,ball,R,L,COL,SD,89.50,,,,,,0,0,2023,2023-07
2023-07-31,2023,R,596295,665487,CH,Changeup,field_out,hit_into_play,R,L,COL,SD,82.20,109.80,19,110.67,38.59,line_drive,2,0,2023,2023-07
2023-07-31,2023,R,596295,665487,FF,4-Seam Fastball,,ball,R,L,COL,SD,90.70,,,,,,1,0,2023,2023-07
2023-07-31,2023,R,596295,665487,KC,Knuckle Curve,,ball,R,L,COL,SD,78.60,,,,,,0,0,2023,2023-07
2023-07-31,2023,R,596295,665487,CH,Changeup,strikeout,swinging_strike,R,L,COL,SD,80.40,,,,,,1,2,2023,2023-07
2023-07-31,2023,R,596295,665487,CH,Changeup,,foul,R,L,COL,SD,80.80,38.50,-35,,,,1,2,2023,2023-07
2023-07-31,2023,R,596295,665487,KC,Knuckle Curve,,ball,R,L,COL,SD,75.30,,,,,,0,2,2023,2023-07
2023-07-31,2023,R,596295,665487,FF,4-Seam Fastball,,foul,R,L,COL,SD,88.20,110.70,20,,,,0,1,2023,2023-07
2023-07-31,2023,R,596295,665487,SL,Slider,,called_strike,R,L,COL,SD,81.10,,,,,,0,0,2023,2023-07
2023-07-31,2023,R,596295,665742,KC,Knuckle Curve,single,hit_into_play,L,L,COL,SD,73.80,104.90,10,172.18,102.73,line_drive,0,0,2023,2023-07
2023-07-31,2023,R,596295,665742,FF,4-Seam Fastball,single,hit_into_play,L,L,COL,SD,90.20,105.20,8,69.75,112.43,line_drive,3,1,2023,2023-07
2023-07-31,2023,R,596295,665742,FF,4-Seam Fastball,,ball,L,L,COL,SD,89.60,,,,,,2,1,2023,2023-07
2023-07-31,2023,R,596295,665742,FF,4-Seam Fastball,,ball,L,L,COL,SD,88.80,,,,,,1,1,2023,2023-07
2023-07-31,2023,R,596295,665742,SL,Slider,,swinging_strike,L,L,COL,SD,82.70,,,,,,1,0,2023,2023-07
2023-07-31,2023,R,596295,665742,FF,4-Seam Fastball,,ball,L,L,COL,SD,87.30,,,,,,0,0,2023,2023-07
2023-07-31,2023,R,596295,665742,SL,Slider,strikeout,called_strike,L,L,COL,SD,83.40,,,,,,0,2,2023,2023-07
2023-07-31,2023,R,596295,665742,FF,4-Seam Fastball,,called_strike,L,L,COL,SD,88.80,,,,,,0,1,2023,2023-07
2023-07-31,2023,R,596295,665742,FF,4-Seam Fastball,,swinging_strike,L,L,COL,SD,88.40,,,,,,0,0,2023,2023-07
2023-07-31,2023,R,596295,673490,SL,Slider,field_out,hit_into_play,R,L,COL,SD,84.50,87.10,56,181.27,114.25,fly_ball,1,1,2023,2023-07
2023-07-31,2023,R,596295,673490,CH,Changeup,,foul,R,L,COL,SD,81.10,76.30,61,,,,1,0,2023,2023-07
2023-07-31,2023,R,596295,673490,FF,4-Seam Fastball,,ball,R,L,COL,SD,89.60,,,,,,0,0,2023,2023-07
2023-07-31,2023,R,596295,673490,FF,4-Seam Fastball,walk,ball,R,L,COL,SD,92.00,,,,,,3,1,2023,2023-07
2023-07-31,2023,R,596295,673490,FF,4-Seam Fastball,,ball,R,L,COL,SD,91.20,,,,,,2,1,2023,2023-07
2023-07-31,2023,R,596295,673490,CH,Changeup,,called_strike,R,L,COL,SD,81.70,,,,,,2,0,2023,2023-07
2023-07-31,2023,R,596295,673490,FF,4-Seam Fastball,,ball,R,L,COL,SD,90.30,,,,,,1,0,2023,2023-07
2023-07-31,2023,R,596295,673490,CH,Changeup,,ball,R,L,COL,SD,81.50,,,,,,0,0,2023,2023-07
2023-07-31,2023,R,596295,673490,SL,Slider,field_out,hit_into_play,R,L,COL,SD,82.90,106.40,0,117.04,183.05,ground_ball,1,2,2023,2023-07
2023-07-31,2023,R,596295,673490,FF,4-Seam Fastball,,called_strike,R,L,COL,SD,87.20,,,,,,1,1,2023,2023-07
2023-07-31,2023,R,596295,673490,SL,Slider,,ball,R,L,COL,SD,82.10,,,,,,0,1,2023,2023-07
2023-07-31,2023,R,596295,673490,FF,4-Seam Fastball,,foul,R,L,COL,SD,86.60,72.40,43,,,,0,0,2023,2023-07
2023-07-31,2023,R,596295,676946,CH,Changeup,single,hit_into_play,R,L,COL,SD,80.00,101.70,-10,128.54,101.52,ground_ball,1,1,2023,2023-07
2023-07-31,2023,R,596295,676946,FF,4-Seam Fastball,,ball,R,L,COL,SD,87.20,,,,,,0,1,2023,2023-07
2023-07-31,2023,R,596295,676946,FF,4-Seam Fastball,,called_strike,R,L,COL,SD,85.90,,,,,,0,0,2023,2023-07
2023-07-31,2023,R,596295,676946,KC,Knuckle Curve,single,hit_into_play,R,L,COL,SD,76.90,95.60,-18,118.84,102.13,ground_ball,0,1,2023,2023-07
2023-07-31,2023,R,596295,676946,FF,4-Seam Fastball,,called_strike,R,L,COL,SD,89.10,,,,,,0,0,2023,2023-07
2023-07-31,2023,R,601713,553993,ST,Sweeper,strikeout,called_strike,R,R,SEA,BOS,81.80,,,,,,0,2,2023,2023-07
2023-07-31,2023,R,601713,553993,FF,4-Seam Fastball,,swinging_strike,R,R,SEA,BOS,93.60,,,,,,0,1,2023,2023-07
2023-07-31,2023,R,601713,553993,CU,Curveball,,swinging_strike,R,R,SEA,BOS,77.80,,,,,,0,0,2023,2023-07
2023-07-31,2023,R,601713,553993,FF,4-Seam Fastball,field_out,hit_into_play,R,R,SEA,BOS,94.80,93.90,66,183.45,162.73,popup,1,0,2023,2023-07
2023-07-31,2023,R,601713,553993,FF,4-Seam Fastball,,ball,R,R,SEA,BOS,93.70,,,,,,0,0,2023,2023-07
2023-07-31,2023,R,601713,553993,ST,Sweeper,field_out,hit_into_play,R,R,SEA,BOS,85.80,77.50,30,69.42,109.16,fly_ball,0,2,2023,2023-07
2023-07-31,2023,R,601713,553993,FF,4-Seam Fastball,,foul,R,R,SEA,BOS,94.80,76.00,56,,,,0,1,2023,2023-07
2023-07-31,2023,R,601713,553993,FF,4-Seam Fastball,,called_strike,R,R,SEA,BOS,95.20,,,,,,0,0,2023,2023-07
2023-07-31,2023,R,601713,606192,FC,Cutter,strikeout,swinging_strike,R,R,SEA,BOS,87.20,,,,,,1,2,2023,2023-07
2023-07-31,2023,R,601713,606192,CU,Curveball,,ball,R,R,SEA,BOS,79.80,,,,,,0,2,2023,2023-07
2023-07-31,2023,R,601713,606192,FF,4-Seam Fastball,,foul,R,R,SEA,BOS,94.80,79.80,54,,,,0,1,2023,2023-07
2023-07-31,2023,R,601713,606192,FF,4-Seam Fastball,,foul,R,R,SEA,BOS,94.30,78.40,23,,,,0,0,2023,2023-07
2023-07-31,2023,R,601713,606192,FF,4-Seam Fastball,field_out,hit_into_play,R,R,SEA,BOS,94.90,92.00,35,206.46,99.31,fly_ball,2,2,2023,2023-07
2023-07-31,2023,R,601713,606192,SL,Slider,,ball,R,R,SEA,BOS,83.60,,,,,,1,2,2023,2023-07
2023-07-31,2023,R,601713,606192,FF,4-Seam Fastball,,foul,R,R,SEA,BOS,95.50,78.80,15,,,,1,2,2023,2023-07
2023-07-31,2023,R,601713,606192,FF,4-Seam Fastball,,foul,R,R,SEA,BOS,95.50,82.30,9,,,,1,2,2023,2023-07
2023-07-31,2023,R,601713,606192,ST,Sweeper,,foul,R,R,SEA,BOS,83.90,70.90,46,,,,1,1,2023,2023-07
2023-07-31,2023,R,601713,606192,CU,Curveball,,ball,R,R,SEA,BOS,79.00,,,,,,0,1,2023,2023-07
2023-07-31,2023,R,601713,606192,FC,Cutter,,called_strike,R,R,SEA,BOS,87.90,,,,,,0,0,2023,2023-07
2023-07-31,2023,R,601713,606192,ST,Sweeper,strikeout,foul_tip,R,R,SEA,BOS,84.60,,,,,,1,2,2023,2023-07
2023-07-31,2023,R,601713,606192,ST,Sweeper,,ball,R,R,SEA,BOS,85.10,,,,,,0,2,2023,2023-07
2023-07-31,2023,R,601713,606192,FC,Cutter,,swinging_strike,R,R,SEA,BOS,88.80,,,,,,0,1,2023,2023-07
2023-07-31,2023,R,601713,606192,FF,4-Seam Fastball,,called_strike,R,R,SEA,BOS,95.30,,,,,,0,0,2023,2023-07
2023-07-31,2023,R,601713,608596,FF,4-Seam Fastball,field_out,hit_into_play,R,R,SEA,BOS,92.20,78.00,10,86.97,151.47,ground_ball,3,1,2023,2023-07
2023-07-31,2023,R,601713,608596,FF,4-Seam Fastball,,ball,R,R,SEA,BOS,91.30,,,,,,2,1,2023,2023-07
2023-07-31,2023,R,601713,608596,FF,4-Seam Fastball,,foul,R,R,SEA,BOS,92.90,75.60,51,,,,2,0,2023,2023-07
2023-07-31,2023,R,601713,608596,FF,4-Seam Fastball,,ball,R,R,SEA,BOS,91.90,,,,,,1,0,2023,2023-07
2023-07-31,2023,R,601713,608596,FF,4-Seam Fastball,,ball,R,R,SEA,BOS,94.20,,,,,,0,0,2023,2023-07
2023-07-31,2023,R,601713,608596,FC,Cutter,single,hit_into_play,R,R,SEA,BOS,85.60,105.80,-2,70.40,110.01,ground_ball,1,1,2023,2023-07
2023-07-31,2023,R,601713,608596,ST,Sweeper,,ball,R,R,SEA,BOS,82.80,,,,,,0,1,2023,2023-07
2023-07-31,2023,R,601713,608596,FF,4-Seam Fastball,,called_strike,R,R,SEA,BOS,93.10,,,,,,0,0,2023,2023-07
2023-07-31,2023,R,601713,608596,FF,4-Seam Fastball,strikeout,called_strike,R,R,SEA,BOS,95.00,,,,,,2,2,2023,2023-07
2023-07-31,2023,R,601713,608596,ST,Sweeper,,ball,R,R,SEA,BOS,83.30,,,,,,1,2,2023,2023-07
2023-07-31,2023,R,601713,608596,ST,Sweeper,,ball,R,R,SEA,BOS,82.20,,,,,,0,2,2023,2023-07
2023-07-31,2023,R,601713,608596,FF,4-Seam Fastball,,foul,R,R,SEA,BOS,95.20,79.10,56,,,,0,1,2023,2023-07
2023-07-31,2023,R,601713,608596,FC,Cutter,,called_strike,R,R,SEA,BOS,87.00,,,,,,0,0,2023,2023-07
2023-07-31,2023,R,601713,641487,FF,4-Seam Fastball,field_out,hit_into_play,L,R,SEA,BOS,94.60,94.60,30,121.10,62.72,fly_ball,1,2,2023,2023-07
2023-07-31,2023,R,601713,641487,CU,Curveball,,ball,L,R,SEA,BOS,81.30,,,,,,0,2,2023,2023-07
2023-07-31,2023,R,601713,641487,CU,Curveball,,called_strike,L,R,SEA,BOS,78.70,,,,,,0,1,2023,2023-07
2023-07-31,2023,R,601713,641487,CU,Curveball,,called_strike,L,R,SEA,BOS,78.60,,,,,,0,0,2023,2023-07
2023-07-31,2023,R,601713,641487,FF,4-Seam Fastball,single,hit_into_play,L,R,SEA,BOS,94.10,104.30,10,159.89,75.15,line_drive,2,1,2023,2023-07
2023-07-31,2023,R,601713,641487,FC,Cutter,,ball,L,R,SEA,BOS,86.40,,,,,,1,1,2023,2023-07
2023-07-31,2023,R,601713,641487,FC,Cutter,,ball,L,R,SEA,BOS,87.70,,,,,,0,1,2023,2023-07
2023-07-31,2023,R,601713,641487,FF,4-Seam Fastball,,foul,L,R,SEA,BOS,94.80,73.90,27,,,,0,0,2023,2023-07
2023-07-31,2023,R,601713,641487,FF,4-Seam Fastball,strikeout,called_strike,L,R,SEA,BOS,95.00,,,,,,3,2,2023,2023-07
2023-07-31,2023,R,601713,641487,FF,4-Seam Fastball,,foul,L,R,SEA,BOS,95.90,73.70,44,,,,3,2,2023,2023-07
2023-07-31,2023,R,601713,641487,FC,Cutter,,ball,L,R,SEA,BOS,89.00,,,,,,2,2,2023,2023-07
2023-07-31,2023,R,601713,641487,FF,4-Seam Fastball,,foul,L,R,SEA,BOS,94.60,77.50,57,,,,2,2,2023,2023-07
2023-07-31,2023,R,601713,641487,CU,Curveball,,called_strike,L,R,SEA,BOS,79.30,,,,,,2,1,2023,2023-07
2023-07-31,2023,R,601713,641487,FF,4-Seam Fastball,,called_strike,L,R,SEA,BOS,94.30,,,,,,2,0,2023,2023-07
2023-07-31,2023,R,601713,641487,FF,4-Seam Fastball,,ball,L,R,SEA,BOS,94.40,,,,,,1,0,2023,2023-07
2023-07-31,2023,R,601713,641487,FF,4-Seam Fastball,,ball,L,R,SEA,BOS,93.70,,,,,,0,0,2023,2023-07
2023-07-31,2023,R,601713,663728,FC,Cutter,home_run,hit_into_play,L,R,SEA,BOS,84.80,105.00,37,237.47,87.33,fly_ball,1,1,2023,2023-07
2023-07-31,2023,R,601713,663728,FF,4-Seam Fastball,,foul,L,R,SEA,BOS,94.30,76.90,52,,,,1,0,2023,2023-07
2023-07-31,2023,R,601713,663728,FF,4-Seam Fastball,,ball,L,R,SEA,BOS,95.10,,,,,,0,0,2023,2023-07
2023-07-31,2023,R,601713,663728,CU,Curveball,strikeout,swinging_strike,L,R,SEA,BOS,78.80,,,,,,1,2,2023,2023-07
2023-07-31,2023,R,601713,663728,FF,4-Seam Fastball,,foul,L,R,SEA,BOS,95.20,74.70,49,,,,1,2,2023,2023-07
2023-07-31,2023,R,601713,663728,FF,4-Seam Fastball,,called_strike,L,R,SEA,BOS,95.00,,,,,,1,1,2023,2023-07
2023-07-31,2023,R,601713,663728,FC,Cutter,,ball,L,R,SEA,BOS,86.90,,,,,,0,1,2023,2023-07
2023-07-31,2023,R,601713,663728,CU,Curveball,,swinging_strike,L,R,SEA,BOS,79.20,,,,,,0,0,2023,2023-07
2023-07-31,2023,R,601713,663728,FF,4-Seam Fastball,home_run,hit_into_play,L,R,SEA,BOS,94.80,104.50,41,204.97,73.63,fly_ball,3,1,2023,2023-07
2023-07-31,2023,R,601713,663728,FF,4-Seam Fastball,,ball,L,R,SEA,BOS,94.80,,,,,,2,1,2023,2023-07
2023-07-31,2023,R,601713,663728,FF,4-Seam Fastball,,ball,L,R,SEA,BOS,94.10,,,,,,1,1,2023,2023-07
2023-07-31,2023,R,601713,663728,CU,Curveball,,ball,L,R,SEA,BOS,78.80,,,,,,0,1,2023,2023-07
2023-07-31,2023,R,601713,663728,FF,4-Seam Fastball,,called_strike,L,R,SEA,BOS,94.00,,,,,,0,0,2023,2023-07
2023-07-31,2023,R,601713,664034,FF,4-Seam Fastball,field_out,hit_into_play,R,R,SEA,BOS,95.50,88.40,-4,147.51,165.55,ground_ball,3,1,2023,2023-07
2023-07-31,2023,R,601713,664034,FF,4-Seam Fastball,,ball,R,R,SEA,BOS,95.70,,,,,,2,1,2023,2023-07
2023-07-31,2023,R,601713,664034,ST,Sweeper,,ball,R,R,SEA,BOS,84.50,,,,,,1,1,2023,2023-07
2023-07-31,2023,R,601713,664034,FC,Cutter,,swinging_strike,R,R,SEA,BOS,87.70,,,,,,1,0,2023,2023-07
2023-07-31,2023,R,601713,664034,FC,Cutter,,ball,R,R,SEA,BOS,88.30,,,,,,0,0,2023,2023-07
2023-07-31,2023,R,601713,664034,FF,4-Seam Fastball,field_out,hit_into_play,R,R,SEA,BOS,92.70,93.80,42,54.01,91.67,fly_ball,0,0,2023,2023-07
2023-07-31,2023,R,601713,664034,FC,Cutter,field_out,hit_into_play,R,R,SEA,BOS,86.40,83.50,55,127.86,120.21,popup,1,0,2023,2023-07
2023-07-31,2023,R,601713,664034,FC,Cutter,,ball,R,R,SEA,BOS,88.60,,,,,,0,0,2023,2023-07
2023-07-31,2023,R,601713,676609,FC,Cutter,field_out,hit_into_play,R,R,SEA,BOS,85.90,76.50,3,103.35,163.24,ground_ball,2,2,2023,2023-07
2023-07-31,2023,R,601713,676609,FF,4-Seam Fastball,,foul,R,R,SEA,BOS,94.30,84.30,83,,,,2,1,2023,2023-07
2023-07-31,2023,R,601713,676609,ST,Sweeper,,ball,R,R,SEA,BOS,82.20,,,,,,1,1,2023,2023-07
2023-07-31,2023,R,601713,676609,FC,Cutter,,called_strike,R,R,SEA,BOS,85.40,,,,,,1,0,2023,2023-07
2023-07-31,2023,R,601713,676609,FF,4-Seam Fastball,,ball,R,R,SEA,BOS,94.20,,,,,,0,0,2023,2023-07
2023-07-31,2023,R,601713,676609,FF,4-Seam Fastball,strikeout,called_strike,R,R,SEA,BOS,94.20,,,,,,0,2,2023,2023-07
2023-07-31,2023,R,601713,676609,FC,Cutter,,called_strike,R,R,SEA,BOS,86.60,,,,,,0,1,2023,2023-07
2023-07-31,2023,R,601713,676609,CU,Curveball,,called_strike,R,R,SEA,BOS,77.80,,,,,,0,0,2023,2023-07
2023-07-31,2023,R,601713,677594,ST,Sweeper,strikeout,foul_tip,R,R,SEA,BOS,83.40,,,,,,1,2,2023,2023-07
2023-07-31,2023,R,601713,677594,FF,4-Seam Fastball,,called_strike,R,R,SEA,BOS,94.30,,,,,,1,1,2023,2023-07
2023-07-31,2023,R,601713,677594,FC,Cutter,,ball,R,R,SEA,BOS,87.30,,,,,,0,1,2023,2023-07
2023-07-31,2023,R,601713,677594,CU,Curveball,,swinging_strike,R,R,SEA,BOS,79.20,,,,,,0,0,2023,2023-07
2023-07-31,2023,R,601713,677594,FF,4-Seam Fastball,strikeout,swinging_strike,R,R,SEA,BOS,96.10,,,,,,2,2,2023,2023-07
2023-07-31,2023,R,601713,677594,FF,4-Seam Fastball,,blocked_ball,R,R,SEA,BOS,96.00,,,,,,1,2,2023,2023-07
2023-07-31,2023,R,601713,677594,CU,Curveball,,swinging_strike,R,R,SEA,BOS,79.40,,,,,,1,1,2023,2023-07
2023-07-31,2023,R,601713,677594,CU,Curveball,,foul,R,R,SEA,BOS,79.40,82.70,-29,,,,1,0,2023,2023-07
2023-07-31,2023,R,601713,677594,FF,4-Seam Fastball,,ball,R,R,SEA,BOS,94.90,,,,,,0,0,2023,2023-07
2023-07-31,2023,R,601713,677594,FC,Cutter,field_out,hit_into_play,R,R,SEA,BOS,88.70,94.30,34,118.48,63.80,fly_ball,1,0,2023,2023-07
2023-07-31,2023,R,601713,677594,CU,Curveball,,ball,R,R,SEA,BOS,80.30,,,,,,0,0,2023,2023-07
2023-07-31,2023,R,601713,687799,FF,4-Seam Fastball,double,hit_into_play,L,R,SEA,BOS,93.60,79.60,31,96.12,89.07,fly_ball,3,2,2023,2023-07
2023-07-31,2023,R,601713,687799,CU,Curveball,,ball,L,R,SEA,BOS,76.40,,,,,,2,2,2023,2023-07
2023-07-31,2023,R,601713,687799,FC,Cutter,,called_strike,L,R,SEA,BOS,86.40,,,,,,2,1,2023,2023-07
2023-07-31,2023,R,601713,687799,FF,4-Seam Fastball,,foul,L,R,SEA,BOS,92.40,89.90,66,,,,2,0,2023,2023-07
2023-07-31,2023,R,601713,687799,CU,Curveball,,ball,L,R,SEA,BOS,77.10,,,,,,1,0,2023,2023-07
2023-07-31,2023,R,601713,687799,CU,Curveball,,ball,L,R,SEA,BOS,78.50,,,,,,0,0,2023,2023-07
2023-07-31,2023,R,601713,687799,FF,4-Seam Fastball,grounded_into_double_play,hit_into_play,L,R,SEA,BOS,94.40,82.90,-16,151.51,174.90,ground_ball,1,0,2023,2023-07
2023-07-31,2023,R,601713,687799,CU,Curveball,,blocked_ball,L,R,SEA,BOS,78.30,,,,,,0,0,2023,2023-07
2023-07-31,2023,R,601713,687799,FF,4-Seam Fastball,strikeout,called_strike,L,R,SEA,BOS,94.00,,,,,,1,2,2023,2023-07
2023-07-31,2023,R,601713,687799,FF,4-Seam Fastball,,foul,L,R,SEA,BOS,92.40,69.80,24,,,,1,1,2023,2023-07
2023-07-31,2023,R,601713,687799,FF,4-Seam Fastball,,called_strike,L,R,SEA,BOS,92.80,,,,,,1,0,2023,2023-07
2023-07-31,2023,R,601713,687799,FF,4-Seam Fastball,,ball,L,R,SEA,BOS,93.20,,,,,,0,0,2023,2023-07
2023-07-31,2023,R,605135,622761,SI,Sinker,strikeout,swinging_strike,R,R,TOR,BAL,89.80,,,,,,2,2,2023,2023-07
2023-07-31,2023,R,605135,622761,ST,Sweeper,,ball,R,R,TOR,BAL,71.90,,,,,,1,2,2023,2023-07
2023-07-31,2023,R,605135,622761,ST,Sweeper,,swinging_strike,R,R,TOR,BAL,71.30,,,,,,1,1,2023,2023-07
2023-07-31,2023,R,605135,622761,SL,Slider,,called_strike,R,R,TOR,BAL,81.10,,,,,,1,0,2023,2023-07
2023-07-31,2023,R,605135,622761,SL,Slider,,ball,R,R,TOR,BAL,80.80,,,,,,0,0,2023,2023-07
2023-07-31,2023,R,605135,622761,SI,Sinker,single,hit_into_play,R,R,TOR,BAL,90.10,106.00,13,91.52,73.81,line_drive,3,1,2023,2023-07
2023-07-31,2023,R,605135,622761,SI,Sinker,,ball,R,R,TOR,BAL,88.50,,,,,,2,1,2023,2023-07
2023-07-31,2023,R,605135,622761,SI,Sinker,,called_strike,R,R,TOR,BAL,90.60,,,,,,2,0,2023,2023-07
2023-07-31,2023,R,605135,622761,SL,Slider,,ball,R,R,TOR,BAL,78.70,,,,,,1,0,2023,2023-07
2023-07-31,2023,R,605135,622761,FF,4-Seam Fastball,,ball,R,R,TOR,BAL,90.00,,,,,,0,0,2023,2023-07
2023-07-31,2023,R,605135,623993,CH,Changeup,field_out,hit_into_play,L,R,TOR,BAL,82.90,94.40,39,89.82,70.92,fly_ball,2,2,2023,2023-07
2023-07-31,2023,R,605135,623993,SI,Sinker,,called_strike,L,R,TOR,BAL,91.00,,,,,,2,1,2023,2023-07
2023-07-31,2023,R,605135,623993,CU,Curveball,,ball,L,R,TOR,BAL,69.60,,,,,,1,1,2023,2023-07
2023-07-31,2023,R,605135,623993,SI,Sinker,,called_strike,L,R,TOR,BAL,90.50,,,,,,1,0,2023,2023-07
2023-07-31,2023,R,605135,623993,SI,Sinker,,ball,L,R,TOR,BAL,90.90,,,,,,0,0,2023,2023-07
2023-07-31,2023,R,605135,623993,ST,Sweeper,double,hit_into_play,L,R,TOR,BAL,72.40,86.10,28,46.44,117.00,fly_ball,1,2,2023,2023-07
2023-07-31,2023,R,605135,623993,CU,Curveball,,called_strike,L,R,TOR,BAL,70.10,,,,,,1,1,2023,2023-07
2023-07-31,2023,R,605135,623993,CH,Changeup,,foul,L,R,TOR,BAL,84.90,65.60,34,,,,1,0,2023,2023-07
2023-07-31,2023,R,605135,623993,CH,Changeup,,ball,L,R,TOR,BAL,84.30,,,,,,0,0,2023,2023-07
2023-07-31,2023,R,605135,623993,SI,Sinker,walk,ball,L,R,TOR,BAL,93.00,,,,,,3,2,2023,2023-07
2023-07-31,2023,R,605135,623993,SI,Sinker,,ball,L,R,TOR,BAL,92.70,,,,,,2,2,2023,2023-07
2023-07-31,2023,R,605135,623993,SI,Sinker,,ball,L,R,TOR,BAL,93.10,,,,,,1,2,2023,2023-07
2023-07-31,2023,R,605135,623993,CH,Changeup,,ball,L,R,TOR,BAL,83.20,,,,,,0,2,2023,2023-07
2023-07-31,2023,R,605135,623993,FC,Cutter,,swinging_strike,L,R,TOR,BAL,87.30,,,,,,0,1,2023,2023-07
2023-07-31,2023,R,605135,623993,SI,Sinker,,called_strike,L,R,TOR,BAL,92.60,,,,,,0,0,2023,2023-07
2023-07-31,2023,R,605135,624428,CU,Curveball,field_out,hit_into_play,L,R,TOR,BAL,70.70,67.60,1,151.90,158.71,ground_ball,2,2,2023,2023-07
2023-07-31,2023,R,605135,624428,SI,Sinker,,ball,L,R,TOR,BAL,91.10,,,,,,1,2,2023,2023-07
2023-07-31,2023,R,605135,624428,FF,4-Seam Fastball,,ball,L,R,TOR,BAL,90.40,,,,,,0,2,2023,2023-07
2023-07-31,2023,R,605135,624428,SI,Sinker,,foul,L,R,TOR,BAL,90.40,70.10,54,,,,0,1,2023,2023-07
2023-07-31,2023,R,605135,624428,SI,Sinker,,foul,L,R,TOR,BAL,90.40,70.20,33,,,,0,0,2023,2023-07
2023-07-31,2023,R,605135,624428,CU,Curveball,single,hit_into_play,L,R,TOR,BAL,70.80,64.20,-52,101.83,175.06,ground_ball,1,2,2023,2023-07
2023-07-31,2023,R,605135,624428,SI,Sinker,,swinging_strike,L,R,TOR,BAL,91.40,,,,,,1,1,2023,2023-07
2023-07-31,2023,R,605135,624428,CU,Curveball,,ball,L,R,TOR,BAL,70.80,,,,,,0,1,2023,2023-07
2023-07-31,2023,R,605135,624428,CU,Curveball,,called_strike,L,R,TOR,BAL,70.50,,,,,,0,0,2023,2023-07
2023-07-31,2023,R,605135,624428,SI,Sinker,walk,ball,L,R,TOR,BAL,92.20,,,,,,3,0,2023,2023-07
2023-07-31,2023,R,605135,624428,FF,4-Seam Fastball,,ball,L,R,TOR,BAL,92.20,,,,,,2,0,2023,2023-07
2023-07-31,2023,R,605135,624428,FF,4-Seam Fastball,,ball,L,R,TOR,BAL,92.30,,,,,,1,0,2023,2023-07
2023-07-31,2023,R,605135,624428,FF,4-Seam Fastball,,ball,L,R,TOR,BAL,93.00,,,,,,0,0,2023,2023-07
2023-07-31,2023,R,605135,656811,SI,Sinker,single,hit_into_play,L,R,TOR,BAL,90.40,68.30,7,72.25,145.69,ground_ball,1,2,2023,2023-07
2023-07-31,2023,R,605135,656811,CU,Curveball,,called_strike,L,R,TOR,BAL,68.80,,,,,,1,1,2023,2023-07
2023-07-31,2023,R,605135,656811,SL,Slider,,ball,L,R,TOR,BAL,82.10,,,,,,0,1,2023,2023-07
2023-07-31,2023,R,605135,656811,SI,Sinker,,called_strike,L,R,TOR,BAL,90.60,,,,,,0,0,2023,2023-07
2023-07-31,2023,R,605135,656811,FF,4-Seam Fastball,field_out,hit_into_play,L,R,TOR,BAL,91.30,96.50,21,165.93,76.83,line_drive,0,0,2023,2023-07
2023-07-31,2023,R,605135,656811,SI,Sinker,single,hit_into_play,L,R,TOR,BAL,93.50,103.60,7,99.07,123.19,line_drive,3,2,2023,2023-07
2023-07-31,2023,R,605135,656811,CH,Changeup,,foul,L,R,TOR,BAL,82.90,94.40,25,,,,3,2,2023,2023-07
2023-07-31,2023,R,605135,656811,CU,Curveball,,ball,L,R,TOR,BAL,70.50,,,,,,2,2,2023,2023-07
2023-07-31,2023,R,605135,656811,FC,Cutter,,foul,L,R,TOR,BAL,91.10,69.90,36,,,,2,2,2023,2023-07
2023-07-31,2023,R,605135,656811,FF,4-Seam Fastball,,ball,L,R,TOR,BAL,93.00,,,,,,1,2,2023,2023-07
2023-07-31,2023,R,605135,656811,FC,Cutter,,ball,L,R,TOR,BAL,90.10,,,,,,0,2,2023,2023-07
2023-07-31,2023,R,605135,656811,FC,Cutter,,foul,L,R,TOR,BAL,90.40,78.70,1,,,,0,1,2023,2023-07
2023-07-31,2023,R,605135,656811,FF,4-Seam Fastball,,called_strike,L,R,TOR,BAL,90.70,,,,,,0,0,2023,2023-07
2023-07-31,2023,R,605135,663624,CH,Changeup,field_out,hit_into_play,R,R,TOR,BAL,81.90,90.50,45,201.70,120.31,fly_ball,0,1,2023,2023-07
2023-07-31,2023,R,605135,663624,SI,Sinker,,called_strike,R,R,TOR,BAL,90.00,,,,,,0,0,2023,2023-07
2023-07-31,2023,R,605135,663624,SI,Sinker,sac_fly,hit_into_play,R,R,TOR,BAL,91.50,84.80,41,193.33,117.14,fly_ball,1,1,2023,2023-07
2023-07-31,2023,R,605135,663624,SI,Sinker,,ball,R,R,TOR,BAL,92.60,,,,,,0,1,2023,2023-07
2023-07-31,2023,R,605135,663624,SI,Sinker,,called_strike,R,R,TOR,BAL,92.30,,,,,,0,0,2023,2023-07
2023-07-31,2023,R,605135,663624,FC,Cutter,double,hit_into_play,R,R,TOR,BAL,89.10,104.20,15,185.43,122.18,line_drive,2,2,2023,2023-07
2023-07-31,2023,R,605135,663624,CH,Changeup,,called_strike,R,R,TOR,BAL,83.90,,,,,,2,1,2023,2023-07
2023-07-31,2023,R,605135,663624,ST,Sweeper,,ball,R,R,TOR,BAL,73.50,,,,,,1,1,2023,2023-07
2023-07-31,2023,R,605135,663624,SI,Sinker,,called_strike,R,R,TOR,BAL,93.30,,,,,,1,0,2023,2023-07
2023-07-31,2023,R,605135,663624,SI,Sinker,,ball,R,R,TOR,BAL,92.50,,,,,,0,0,2023,2023-07
2023-07-31,2023,R,605135,668939,SI,Sinker,field_out,hit_into_play,L,R,TOR,BAL,91.20,97.90,-18,147.84,162.89,ground_ball,0,2,2023,2023-07
2023-07-31,2023,R,605135,668939,CH,Changeup,,swinging_strike,L,R,TOR,BAL,83.30,,,,,,0,1,2023,2023-07
2023-07-31,2023,R,605135,668939,CU,Curveball,,called_strike,L,R,TOR,BAL,71.20,,,,,,0,0,2023,2023-07
2023-07-31,2023,R,605135,668939,ST,Sweeper,field_out,hit_into_play,L,R,TOR,BAL,73.40,77.70,46,161.05,120.65,fly_ball,3,2,2023,2023-07
2023-07-31,2023,R,605135,668939,FC,Cutter,,ball,L,R,TOR,BAL,88.60,,,,,,2,2,2023,2023-07
2023-07-31,2023,R,605135,668939,SI,Sinker,,ball,L,R,TOR,BAL,89.80,,,,,,1,2,2023,2023-07
2023-07-31,2023,R,605135,668939,CH,Changeup,,blocked_ball,L,R,TOR,BAL,80.10,,,,,,0,2,2023,2023-07
2023-07-31,2023,R,605135,668939,FF,4-Seam Fastball,,called_strike,L,R,TOR,BAL,88.70,,,,,,0,1,2023,2023-07
2023-07-31,2023,R,605135,668939,SI,Sinker,,called_strike,L,R,TOR,BAL,89.80,,,,,,0,0,2023,2023-07
2023-07-31,2023,R,605135,668939,CU,Curveball,strikeout,swinging_strike,L,R,TOR,BAL,70.00,,,,,,2,2,2023,2023-07
2023-07-31,2023,R,605135,668939,SI,Sinker,,foul,L,R,TOR,BAL,93.50,82.50,70,,,,2,2,2023,2023-07
2023-07-31,2023,R,605135,668939,FF,4-Seam Fastball,,ball,L,R,TOR,BAL,93.00,,,,,,1,2,2023,2023-07
2023-07-31,2023,R,605135,668939,SI,Sinker,,called_strike,L,R,TOR,BAL,93.50,,,,,,1,1,2023,2023-07
2023-07-31,2023,R,605135,668939,SI,Sinker,,foul,L,R,TOR,BAL,92.20,73.40,43,,,,1,0,2023,2023-07
2023-07-31,2023,R,605135,668939,SI,Sinker,,ball,L,R,TOR,BAL,91.70,,,,,,0,0,2023,2023-07
2023-07-31,2023,R,605135,669720,SI,Sinker,strikeout,called_strike,R,R,TOR,BAL,93.20,,,,,,2,2,2023,2023-07
2023-07-31,2023,R,605135,669720,CU,Curveball,,ball,R,R,TOR,BAL,71.00,,,,,,1,2,2023,2023-07
2023-07-31,2023,R,605135,669720,CU,Curveball,,ball,R,R,TOR,BAL,71.50,,,,,,0,2,2023,2023-07
2023-07-31,2023,R,605135,669720,FF,4-Seam Fastball,,foul,R,R,TOR,BAL,90.90,,,,,,0,2,2023,2023-07
2023-07-31,2023,R,605135,669720,ST,Sweeper,,foul,R,R,TOR,BAL,73.20,37.70,-46,,,,0,1,2023,2023-07
2023-07-31,2023,R,605135,669720,SI,Sinker,,called_strike,R,R,TOR,BAL,92.30,,,,,,0,0,2023,2023-07
2023-07-31,2023,R,605135,669720,SL,Slider,force_out,hit_into_play,R,R,TOR,BAL,78.10,79.30,-10,115.84,161.88,ground_ball,0,1,2023,2023-07
2023-07-31,2023,R,605135,669720,FF,4-Seam Fastball,,called_strike,R,R,TOR,BAL,91.70,,,,,,0,0,2023,2023-07
2023-07-31,2023,R,605135,669720,SL,Slider,field_out,hit_into_play,R,R,TOR,BAL,84.00,74.80,13,144.82,141.60,line_drive,1,1,2023,2023-07
2023-07-31,2023,R,605135,669720,SL,Slider,,called_strike,R,R,TOR,BAL,81.90,,,,,,1,0,2023,2023-07
2023-07-31,2023,R,605135,669720,CH,Changeup,,ball,R,R,TOR,BAL,84.50,,,,,,0,0,2023,2023-07
2023-07-31,2023,R,605135,681297,SI,Sinker,strikeout,swinging_strike,L,R,TOR,BAL,93.00,,,,,,1,2,2023,2023-07
2023-07-31,2023,R,605135,681297,SI,Sinker,,foul,L,R,TOR,BAL,92.50,90.70,37,,,,1,1,2023,2023-07
2023-07-31,2023,R,605135,681297,SI,Sinker,,foul,L,R,TOR,BAL,92.80,87.70,2,,,,1,0,2023,2023-07
2023-07-31,2023,R,605135,681297,CU,Curveball,,ball,L,R,TOR,BAL,70.20,,,,,,0,0,2023,2023-07
2023-07-31,2023,R,605135,681297,CU,Curveball,strikeout,foul_tip,L,R,TOR,BAL,71.60,,,,,,2,2,2023,2023-07
2023-07-31,2023,R,605135,681297,CU,Curveball,,foul,L,R,TOR,BAL,70.10,72.80,-21,,,,2,2,2023,2023-07
2023-07-31,2023,R,605135,681297,SI,Sinker,,ball,L,R,TOR,BAL,92.10,,,,,,1,2,2023,2023-07
2023-07-31,2023,R,605135,681297,SI,Sinker,,ball,L,R,TOR,BAL,90.10,,,,,,0,2,2023,2023-07
2023-07-31,2023,R,605135,681297,FF,4-Seam Fastball,,called_strike,L,R,TOR,BAL,89.80,,,,,,0,1,2023,2023-07
2023-07-31,2023,R,605135,681297,SI,Sinker,,foul,L,R,TOR,BAL,90.20,72.80,35,,,,0,0,2023,2023-07
2023-07-31,2023,R,605135,681297,FC,Cutter,strikeout,swinging_strike,L,R,TOR,BAL,84.30,,,,,,2,2,2023,2023-07
2023-07-31,2023,R,605135,681297,FC,Cutter,,ball,L,R,TOR,BAL,86.20,,,,,,1,2,2023,2023-07
2023-07-31,2023,R,605135,681297,FC,Cutter,,foul,L,R,TOR,BAL,84.30,65.70,24,,,,1,1,2023,2023-07
2023-07-31,2023,R,605135,681297,CU,Curveball,,ball,L,R,TOR,BAL,67.10,,,,,,0,1,2023,2023-07
2023-07-31,2023,R,605135,681297,FF,4-Seam Fastball,,swinging_strike,L,R,TOR,BAL,89.70,,,,,,0,0,2023,2023-07
2023-07-31,2023,R,605135,683002,SI,Sinker,field_out,hit_into_play,L,R,TOR,BAL,90.60,100.10,-19,121.42,160.35,ground_ball,0,0,2023,2023-07
2023-07-31,2023,R,605135,683002,FC,Cutter,home_run,hit_into_play,L,R,TOR,BAL,87.40,100.60,28,203.75,62.87,fly_ball,1,2,2023,2023-07
2023-07-31,2023,R,605135,683002,FC,Cutter,,foul,L,R,TOR,BAL,88.00,72.80,22,,,,1,2,2023,2023-07
2023-07-31,2023,R,605135,683002,FC,Cutter,,foul_tip,L,R,TOR,BAL,87.00,,,,,,1,1,2023,2023-07
2023-07-31,2023,R,605135,683002,CU,Curveball,,swinging_strike,L,R,TOR,BAL,69.70,,,,,,1,0,2023,2023-07
2023-07-31,2023,R,605135,683002,CU,Curveball,,ball,L,R,TOR,BAL,69.10,,,,,,0,0,2023,2023-07
2023-07-31,2023,R,605135,683002,CH,Changeup,strikeout,swinging_strike,L,R,TOR,BAL,83.00,,,,,,2,2,2023,2023-07
2023-07-31,2023,R,605135,683002,FC,Cutter,,ball,L,R,TOR,BAL,90.10,,,,,,1,2,2023,2023-07
2023-07-31,2023,R,605135,683002,CU,Curveball,,foul,L,R,TOR,BAL,69.80,58.60,63,,,,1,1,2023,2023-07
2023-07-31,2023,R,605135,683002,FC,Cutter,,ball,L,R,TOR,BAL,89.00,,,,,,0,1,2023,2023-07
2023-07-31,2023,R,605135,683002,FF,4-Seam Fastball,,called_strike,L,R,TOR,BAL,93.20,,,,,,0,0,2023,2023-07
2023-07-31,2023,R,607179,467793,FS,Split-Finger,single,hit_into_play,L,R,WSH,MIL,88.90,88.00,4,92.80,105.92,ground_ball,0,2,2023,2023-07
2023-07-31,2023,R,607179,467793,FF,4-Seam Fastball,,called_strike,L,R,WSH,MIL,96.30,,,,,,0,1,2023,2023-07
2023-07-31,2023,R,607179,467793,FF,4-Seam Fastball,,foul_tip,L,R,WSH,MIL,96.10,,,,,,0,0,2023,2023-07
2023-07-31,2023,R,607179,661388,SL,Slider,single,hit_into_play,R,R,WSH,MIL,86.40,102.10,-1,94.87,153.21,ground_ball,0,2,2023,2023-07
2023-07-31,2023,R,607179,661388,SL,Slider,,swinging_strike,R,R,WSH,MIL,88.10,,,,,,0,1,2023,2023-07
2023-07-31,2023,R,607179,661388,SL,Slider,,called_strike,R,R,WSH,MIL,87.50,,,,,,0,0,2023,2023-07
2023-07-31,2023,R,607179,686217,SL,Slider,field_out,hit_into_play,L,R,WSH,MIL,88.40,77.80,70,149.65,165.82,popup,1,0,2023,2023-07
2023-07-31,2023,R,607179,686217,FF,4-Seam Fastball,,ball,L,R,WSH,MIL,96.90,,,,,,0,0,2023,2023-07
2023-07-31,2023,R,607192,518934,CU,Curveball,strikeout,swinging_strike,R,R,NYY,TB,83.50,,,,,,0,2,2023,2023-07
2023-07-31,2023,R,607192,518934,SL,Slider,,foul,R,R,NYY,TB,90.10,79.30,-34,,,,0,1,2023,2023-07
2023-07-31,2023,R,607192,518934,FF,4-Seam Fastball,,called_strike,R,R,NYY,TB,94.30,,,,,,0,0,2023,2023-07
2023-07-31,2023,R,607192,518934,SL,Slider,strikeout,swinging_strike,R,R,NYY,TB,89.40,,,,,,2,2,2023,2023-07
2023-07-31,2023,R,607192,518934,FF,4-Seam Fastball,,ball,R,R,NYY,TB,97.10,,,,,,1,2,2023,2023-07
2023-07-31,2023,R,607192,518934,CU,Curveball,,ball,R,R,NYY,TB,84.30,,,,,,0,2,2023,2023-07
2023-07-31,2023,R,607192,518934,SL,Slider,,swinging_strike,R,R,NYY,TB,89.40,,,,,,0,1,2023,2023-07
2023-07-31,2023,R,607192,518934,CU,Curveball,,called_strike,R,R,NYY,TB,80.70,,,,,,0,0,2023,2023-07
2023-07-31,2023,R,607192,518934,SL,Slider,field_out,hit_into_play,R,R,NYY,TB,89.50,91.70,0,117.51,150.86,ground_ball,1,2,2023,2023-07
2023-07-31,2023,R,607192,518934,CU,Curveball,,ball,R,R,NYY,TB,84.10,,,,,,0,2,2023,2023-07
2023-07-31,2023,R,607192,518934,SL,Slider,,swinging_strike,R,R,NYY,TB,91.40,,,,,,0,1,2023,2023-07
2023-07-31,2023,R,607192,518934,SL,Slider,,called_strike,R,R,NYY,TB,90.00,,,,,,0,0,2023,2023-07
2023-07-31,2023,R,607192,519203,SL,Slider,single,hit_into_play,L,R,NYY,TB,88.80,108.20,19,221.77,107.30,line_drive,1,0,2023,2023-07
2023-07-31,2023,R,607192,519203,SL,Slider,,ball,L,R,NYY,TB,89.40,,,,,,0,0,2023,2023-07
2023-07-31,2023,R,607192,519203,CU,Curveball,strikeout,swinging_strike,L,R,NYY,TB,84.70,,,,,,1,2,2023,2023-07
2023-07-31,2023,R,607192,519203,FF,4-Seam Fastball,,ball,L,R,NYY,TB,95.30,,,,,,0,2,2023,2023-07
2023-07-31,2023,R,607192,519203,SL,Slider,,foul,L,R,NYY,TB,90.00,90.90,26,,,,0,1,2023,2023-07
2023-07-31,2023,R,607192,519203,FF,4-Seam Fastball,,called_strike,L,R,NYY,TB,96.00,,,,,,0,0,2023,2023-07
2023-07-31,2023,R,607192,519203,FF,4-Seam Fastball,field_out,hit_into_play,L,R,NYY,TB,97.00,66.10,-72,129.03,184.80,ground_ball,1,1,2023,2023-07
2023-07-31,2023,R,607192,519203,CU,Curveball,,ball,L,R,NYY,TB,82.80,,,,,,0,1,2023,2023-07
2023-07-31,2023,R,607192,519203,CU,Curveball,,called_strike,L,R,NYY,TB,82.40,,,,,,0,0,2023,2023-07
2023-07-31,2023,R,607192,519317,SL,Slider,grounded_into_double_play,hit_into_play,R,R,NYY,TB,87.20,72.80,-8,107.21,179.35,ground_ball,0,0,2023,2023-07
2023-07-31,2023,R,607192,519317,FF,4-Seam Fastball,field_out,hit_into_play,R,R,NYY,TB,96.70,83.20,28,135.66,86.33,line_drive,1,2,2023,2023-07
2023-07-31,2023,R,607192,519317,SL,Slider,,foul,R,R,NYY,TB,88.70,59.00,-28,,,,1,1,2023,2023-07
2023-07-31,2023,R,607192,519317,FF,4-Seam Fastball,,swinging_strike,R,R,NYY,TB,94.40,,,,,,1,0,2023,2023-07
2023-07-31,2023,R,607192,519317,FF,4-Seam Fastball,,ball,R,R,NYY,TB,94.70,,,,,,0,0,2023,2023-07
2023-07-31,2023,R,607192,519317,FF,4-Seam Fastball,field_out,hit_into_play,R,R,NYY,TB,96.30,91.10,70,147.21,165.41,popup,3,2,2023,2023-07
2023-07-31,2023,R,607192,519317,FF,4-Seam Fastball,,ball,R,R,NYY,TB,96.70,,,,,,2,2,2023,2023-07
2023-07-31,2023,R,607192,519317,FF,4-Seam Fastball,,ball,R,R,NYY,TB,96.80,,,,,,1,2,2023,2023-07
2023-07-31,2023,R,607192,519317,FF,4-Seam Fastball,,foul,R,R,NYY,TB,96.90,89.90,62,,,,1,1,2023,2023-07
2023-07-31,2023,R,607192,519317,SL,Slider,,ball,R,R,NYY,TB,91.20,,,,,,0,1,2023,2023-07
2023-07-31,2023,R,607192,519317,FF,4-Seam Fastball,,called_strike,R,R,NYY,TB,95.10,,,,,,0,0,2023,2023-07
2023-07-31,2023,R,607192,592450,FF,4-Seam Fastball,walk,ball,R,R,NYY,TB,95.50,,,,,,3,2,2023,2023-07
2023-07-31,2023,R,607192,592450,FF,4-Seam Fastball,,foul,R,R,NYY,TB,95.90,81.10,49,,,,3,2,2023,2023-07
2023-07-31,2023,R,607192,592450,FF,4-Seam Fastball,,called_strike,R,R,NYY,TB,95.50,,,,,,3,1,2023,2023-07
2023-07-31,2023,R,607192,592450,SL,Slider,,ball,R,R,NYY,TB,87.50,,,,,,2,1,2023,2023-07
2023-07-31,2023,R,607192,592450,FF,4-Seam Fastball,,called_strike,R,R,NYY,TB,94.50,,,,,,2,0,2023,2023-07
2023-07-31,2023,R,607192,592450,SL,Slider,,ball,R,R,NYY,TB,89.50,,,,,,1,0,2023,2023-07
2023-07-31,2023,R,607192,592450,SL,Slider,,ball,R,R,NYY,TB,88.60,,,,,,0,0,2023,2023-07
2023-07-31,2023,R,607192,592450,FF,4-Seam Fastball,walk,ball,R,R,NYY,TB,96.40,,,,,,3,0,2023,2023-07
2023-07-31,2023,R,607192,592450,FF,4-Seam Fastball,,ball,R,R,NYY,TB,96.80,,,,,,2,0,2023,2023-07
2023-07-31,2023,R,607192,592450,SL,Slider,,ball,R,R,NYY,TB,91.70,,,,,,1,0,2023,2023-07
2023-07-31,2023,R,607192,592450,FF,4-Seam Fastball,,ball,R,R,NYY,TB,97.40,,,,,,0,0,2023,2023-07
2023-07-31,2023,R,607192,592450,SL,Slider,strikeout,called_strike,R,R,NYY,TB,89.60,,,,,,1,2,2023,2023-07
2023-07-31,2023,R,607192,592450,SL,Slider,,swinging_strike,R,R,NYY,TB,88.90,,,,,,1,1,2023,2023-07
2023-07-31,2023,R,607192,592450,CU,Curveball,,ball,R,R,NYY,TB,81.80,,,,,,0,1,2023,2023-07
2023-07-31,2023,R,607192,592450,SL,Slider,,called_strike,R,R,NYY,TB,88.70,,,,,,0,0,2023,2023-07
2023-07-31,2023,R,607192,641343,SL,Slider,strikeout,swinging_strike,L,R,NYY,TB,90.60,,,,,,0,2,2023,2023-07
2023-07-31,2023,R,607192,641343,CU,Curveball,,foul,L,R,NYY,TB,83.20,69.00,-27,,,,0,1,2023,2023-07
2023-07-31,2023,R,607192,641343,FF,4-Seam Fastball,,foul,L,R,NYY,TB,95.60,79.30,61,,,,0,0,2023,2023-07
2023-07-31,2023,R,607192,641343,FF,4-Seam Fastball,strikeout,swinging_strike,L,R,NYY,TB,97.50,,,,,,2,2,2023,2023-07
2023-07-31,2023,R,607192,641343,SL,Slider,,called_strike,L,R,NYY,TB,89.50,,,,,,2,1,2023,2023-07
2023-07-31,2023,R,607192,641343,CU,Curveball,,ball,L,R,NYY,TB,83.30,,,,,,1,1,2023,2023-07
2023-07-31,2023,R,607192,641343,FF,4-Seam Fastball,,foul,L,R,NYY,TB,96.70,76.70,31,,,,1,0,2023,2023-07
2023-07-31,2023,R,607192,641343,SL,Slider,,ball,L,R,NYY,TB,88.90,,,,,,0,0,2023,2023-07
2023-07-31,2023,R,607192,641343,CU,Curveball,home_run,hit_into_play,L,R,NYY,TB,83.90,98.70,27,157.11,39.90,fly_ball,0,2,2023,2023-07
2023-07-31,2023,R,607192,641343,CU,Curveball,,swinging_strike,L,R,NYY,TB,84.30,,,,,,0,1,2023,2023-07
2023-07-31,2023,R,607192,641343,CU,Curveball,,called_strike,L,R,NYY,TB,83.70,,,,,,0,0,2023,2023-07
2023-07-31,2023,R,607192,650402,SL,Slider,field_out,hit_into_play,R,R,NYY,TB,86.90,75.60,7,122.36,155.71,ground_ball,0,0,2023,2023-07
2023-07-31,2023,R,607192,650402,SL,Slider,field_out,hit_into_play,R,R,NYY,TB,89.00,104.10,28,112.20,36.59,fly_ball,0,2,2023,2023-07
2023-07-31,2023,R,607192,650402,FF,4-Seam Fastball,,swinging_strike,R,R,NYY,TB,96.40,,,,,,0,1,2023,2023-07
2023-07-31,2023,R,607192,650402,SL,Slider,,swinging_strike,R,R,NYY,TB,88.80,,,,,,0,0,2023,2023-07
2023-07-31,2023,R,607192,650402,SL,Slider,field_out,hit_into_play,R,R,NYY,TB,91.30,57.50,-35,102.84,164.93,ground_ball,0,1,2023,2023-07
2023-07-31,2023,R,607192,650402,FF,4-Seam Fastball,,called_strike,R,R,NYY,TB,94.00,,,,,,0,0,2023,2023-07
2023-07-31,2023,R,607192,664056,FF,4-Seam Fastball,field_out,hit_into_play,R,R,NYY,TB,94.10,70.40,-26,88.93,159.37,ground_ball,2,0,2023,2023-07
2023-07-31,2023,R,607192,664056,SL,Slider,,ball,R,R,NYY,TB,89.00,,,,,,1,0,2023,2023-07
2023-07-31,2023,R,607192,664056,CU,Curveball,,ball,R,R,NYY,TB,82.80,,,,,,0,0,2023,2023-07
2023-07-31,2023,R,607192,664056,FF,4-Seam Fastball,field_out,hit_into_play,R,R,NYY,TB,96.40,97.90,25,153.68,57.37,fly_ball,2,2,2023,2023-07
2023-07-31,2023,R,607192,664056,SL,Slider,,ball,R,R,NYY,TB,88.00,,,,,,1,2,2023,2023-07
2023-07-31,2023,R,607192,664056,CU,Curveball,,swinging_strike,R,R,NYY,TB,82.40,,,,,,1,1,2023,2023-07
2023-07-31,2023,R,607192,664056,SL,Slider,,swinging_strike,R,R,NYY,TB,88.40,,,,,,1,0,2023,2023-07
2023-07-31,2023,R,607192,664056,SL,Slider,,ball,R,R,NYY,TB,87.30,,,,,,0,0,2023,2023-07
2023-07-31,2023,R,607192,664056,SL,Slider,strikeout,foul_tip,R,R,NYY,TB,91.90,,,,,,1,2,2023,2023-07
2023-07-31,2023,R,607192,664056,FF,4-Seam Fastball,,called_strike,R,R,NYY,TB,96.60,,,,,,1,1,2023,2023-07
2023-07-31,2023,R,607192,664056,FF,4-Seam Fastball,,ball,R,R,NYY,TB,97.30,,,,,,0,1,2023,2023-07
2023-07-31,2023,R,607192,664056,SL,Slider,,swinging_strike,R,R,NYY,TB,88.90,,,,,,0,0,2023,2023-07
2023-07-31,2023,R,607192,666163,FF,4-Seam Fastball,field_out,hit_into_play,L,R,NYY,TB,96.80,79.00,-33,149.03,161.17,ground_ball,2,1,2023,2023-07
2023-07-31,2023,R,607192,666163,SL,Slider,,ball,L,R,NYY,TB,88.10,,,,,,1,1,2023,2023-07
2023-07-31,2023,R,607192,666163,FF,4-Seam Fastball,,foul,L,R,NYY,TB,96.20,72.30,60,,,,1,0,2023,2023-07
2023-07-31,2023,R,607192,666163,CU,Curveball,,ball,L,R,NYY,TB,83.10,,,,,,0,0,2023,2023-07
2023-07-31,2023,R,607192,666163,FF,4-Seam Fastball,field_out,hit_into_play,L,R,NYY,TB,96.20,89.80,51,77.52,122.99,fly_ball,1,1,2023,2023-07
2023-07-31,2023,R,607192,666163,SL,Slider,,ball,L,R,NYY,TB,87.90,,,,,,0,1,2023,2023-07
2023-07-31,2023,R,607192,666163,FF,4-Seam Fastball,,foul,L,R,NYY,TB,95.40,60.50,-47,,,,0,0,2023,2023-07
2023-07-31,2023,R,607192,683011,FF,4-Seam Fastball,strikeout,swinging_strike,R,R,NYY,TB,95.90,,,,,,3,2,2023,2023-07
2023-07-31,2023,R,607192,683011,CU,Curveball,,ball,R,R,NYY,TB,84.00,,,,,,2,2,2023,2023-07
2023-07-31,2023,R,607192,683011,SL,Slider,,foul,R,R,NYY,TB,90.00,31.40,36,,,,2,2,2023,2023-07
2023-07-31,2023,R,607192,683011,FF,4-Seam Fastball,,called_strike,R,R,NYY,TB,95.50,,,,,,2,1,2023,2023-07
2023-07-31,2023,R,607192,683011,SL,Slider,,ball,R,R,NYY,TB,88.00,,,,,,1,1,2023,2023-07
2023-07-31,2023,R,607192,683011,CU,Curveball,,ball,R,R,NYY,TB,84.20,,,,,,0,1,2023,2023-07
2023-07-31,2023,R,607192,683011,SL,Slider,,called_strike,R,R,NYY,TB,87.90,,,,,,0,0,2023,2023-07
2023-07-31,2023,R,607192,683011,FF,4-Seam Fastball,single,hit_into_play,R,R,NYY,TB,96.20,97.80,13,109.03,71.03,line_drive,1,2,2023,2023-07
2023-07-31,2023,R,607192,683011,SL,Slider,,ball,R,R,NYY,TB,90.70,,,,,,0,2,2023,2023-07
2023-07-31,2023,R,607192,683011,FF,4-Seam Fastball,,called_strike,R,R,NYY,TB,96.40,,,,,,0,1,2023,2023-07
2023-07-31,2023,R,607192,683011,FF,4-Seam Fastball,,called_strike,R,R,NYY,TB,95.20,,,,,,0,0,2023,2023-07
2023-07-31,2023,R,607259,595777,FF,4-Seam Fastball,walk,ball,L,R,COL,SD,93.90,,,,,,3,1,2023,2023-07
2023-07-31,2023,R,607259,595777,CH,Changeup,,blocked_ball,L,R,COL,SD,79.80,,,,,,2,1,2023,2023-07
2023-07-31,2023,R,607259,595777,CU,Curveball,,blocked_ball,L,R,COL,SD,81.90,,,,,,1,1,2023,2023-07
2023-07-31,2023,R,607259,595777,CH,Changeup,,blocked_ball,L,R,COL,SD,81.10,,,,,,0,1,2023,2023-07
2023-07-31,2023,R,607259,595777,CH,Changeup,,called_strike,L,R,COL,SD,80.80,,,,,,0,0,2023,2023-07
2023-07-31,2023,R,607259,641857,CH,Changeup,sac_fly,hit_into_play,L,R,COL,SD,80.60,86.80,48,91.63,94.37,fly_ball,0,1,2023,2023-07
2023-07-31,2023,R,607259,641857,CH,Changeup,,called_strike,L,R,COL,SD,80.70,,,,,,0,0,2023,2023-07
2023-07-31,2023,R,607259,660707,CH,Changeup,strikeout,swinging_strike_blocked,R,R,COL,SD,79.80,,,,,,3,2,2023,2023-07
2023-07-31,2023,R,607259,660707,SI,Sinker,,ball,R,R,COL,SD,92.50,,,,,,2,2,2023,2023-07
2023-07-31,2023,R,607259,660707,CH,Changeup,,swinging_strike,R,R,COL,SD,79.30,,,,,,2,1,2023,2023-07
2023-07-31,2023,R,607259,660707,CH,Changeup,,called_strike,R,R,COL,SD,78.50,,,,,,2,0,2023,2023-07
2023-07-31,2023,R,607259,660707,CU,Curveball,,ball,R,R,COL,SD,81.00,,,,,,1,0,2023,2023-07
2023-07-31,2023,R,607259,660707,CU,Curveball,,ball,R,R,COL,SD,81.20,,,,,,0,0,2023,2023-07
2023-07-31,2023,R,607259,678662,SI,Sinker,force_out,hit_into_play,R,R,COL,SD,90.10,40.50,-79,124.22,197.10,ground_ball,0,0,2023,2023-07
2023-07-31,2023,R,607259,686668,FC,Cutter,fielders_choice,hit_into_play,R,R,COL,SD,85.00,,,127.93,200.91,ground_ball,0,0,2023,2023-07
2023-07-31,2023,R,607625,553869,CU,Curveball,field_out,hit_into_play,R,R,COL,SD,79.90,92.50,51,159.78,89.53,fly_ball,0,1,2023,2023-07
2023-07-31,2023,R,607625,553869,SI,Sinker,,foul,R,R,COL,SD,91.50,89.60,-14,,,,0,0,2023,2023-07
2023-07-31,2023,R,607625,553869,CU,Curveball,grounded_into_double_play,hit_into_play,R,R,COL,SD,79.10,102.00,-4,97.03,167.58,ground_ball,0,0,2023,2023-07
2023-07-31,2023,R,607625,553869,FF,4-Seam Fastball,strikeout,foul_tip,R,R,COL,SD,96.10,,,,,,0,2,2023,2023-07
2023-07-31,2023,R,607625,553869,CU,Curveball,,swinging_strike,R,R,COL,SD,79.70,,,,,,0,1,2023,2023-07
2023-07-31,2023,R,607625,553869,SL,Slider,,foul,R,R,COL,SD,89.30,66.90,65,,,,0,0,2023,2023-07
2023-07-31,2023,R,607625,595777,FF,4-Seam Fastball,strikeout,called_strike,L,R,COL,SD,93.30,,,,,,3,2,2023,2023-07
2023-07-31,2023,R,607625,595777,SI,Sinker,,ball,L,R,COL,SD,93.80,,,,,,2,2,2023,2023-07
2023-07-31,2023,R,607625,595777,CU,Curveball,,foul,L,R,COL,SD,81.60,65.70,22,,,,2,2,2023,2023-07
2023-07-31,2023,R,607625,595777,FF,4-Seam Fastball,,ball,L,R,COL,SD,94.40,,,,,,1,2,2023,2023-07
2023-07-31,2023,R,607625,595777,CH,Changeup,,ball,L,R,COL,SD,86.50,,,,,,0,2,2023,2023-07
2023-07-31,2023,R,607625,595777,FF,4-Seam Fastball,,foul,L,R,COL,SD,92.70,,,,,,0,1,2023,2023-07
2023-07-31,2023,R,607625,595777,FF,4-Seam Fastball,,called_strike,L,R,COL,SD,91.90,,,,,,0,0,2023,2023-07
2023-07-31,2023,R,607625,595777,FF,4-Seam Fastball,field_out,hit_into_play,L,R,COL,SD,95.20,99.20,7,126.72,178.49,ground_ball,1,2,2023,2023-07
2023-07-31,2023,R,607625,595777,CU,Curveball,,foul,L,R,COL,SD,80.70,66.50,46,,,,1,2,2023,2023-07
2023-07-31,2023,R,607625,595777,FF,4-Seam Fastball,,ball,L,R,COL,SD,94.90,,,,,,0,2,2023,2023-07
2023-07-31,2023,R,607625,595777,FF,4-Seam Fastball,,called_strike,L,R,COL,SD,93.60,,,,,,0,1,2023,2023-07
2023-07-31,2023,R,607625,595777,FF,4-Seam Fastball,,called_strike,L,R,COL,SD,94.20,,,,,,0,0,2023,2023-07
2023-07-31,2023,R,607625,595777,CU,Curveball,strikeout,swinging_strike,L,R,COL,SD,80.70,,,,,,3,2,2023,2023-07
2023-07-31,2023,R,607625,595777,FF,4-Seam Fastball,,called_strike,L,R,COL,SD,94.40,,,,,,3,1,2023,2023-07
2023-07-31,2023,R,607625,595777,FF,4-Seam Fastball,,ball,L,R,COL,SD,94.20,,,,,,2,1,2023,2023-07
2023-07-31,2023,R,607625,595777,CH,Changeup,,ball,L,R,COL,SD,88.00,,,,,,1,1,2023,2023-07
2023-07-31,2023,R,607625,595777,FF,4-Seam Fastball,,swinging_strike,L,R,COL,SD,94.40,,,,,,1,0,2023,2023-07
2023-07-31,2023,R,607625,595777,FF,4-Seam Fastball,,ball,L,R,COL,SD,94.90,,,,,,0,0,2023,2023-07
2023-07-31,2023,R,607625,595777,FF,4-Seam Fastball,strikeout,called_strike,L,R,COL,SD,96.10,,,,,,0,2,2023,2023-07
2023-07-31,2023,R,607625,595777,FF,4-Seam Fastball,,called_strike,L,R,COL,SD,93.70,,,,,,0,1,2023,2023-07
2023-07-31,2023,R,607625,595777,FF,4-Seam Fastball,,called_strike,L,R,COL,SD,92.20,,,,,,0,0,2023,2023-07
2023-07-31,2023,R,607625,605612,FF,4-Seam Fastball,strikeout,swinging_strike,L,R,COL,SD,93.50,,,,,,3,2,2023,2023-07
2023-07-31,2023,R,607625,605612,SI,Sinker,,foul,L,R,COL,SD,92.50,,,,,,3,2,2023,2023-07
2023-07-31,2023,R,607625,605612,CU,Curveball,,ball,L,R,COL,SD,80.10,,,,,,2,2,2023,2023-07
2023-07-31,2023,R,607625,605612,CU,Curveball,,foul,L,R,COL,SD,78.60,69.70,-39,,,,2,1,2023,2023-07
2023-07-31,2023,R,607625,605612,CH,Changeup,,ball,L,R,COL,SD,85.70,,,,,,1,1,2023,2023-07
2023-07-31,2023,R,607625,605612,SI,Sinker,,foul,L,R,COL,SD,93.30,74.80,22,,,,1,0,2023,2023-07
2023-07-31,2023,R,607625,605612,CU,Curveball,,ball,L,R,COL,SD,78.10,,,,,,0,0,2023,2023-07
2023-07-31,2023,R,607625,605612,FF,4-Seam Fastball,force_out,hit_into_play,L,R,COL,SD,94.50,41.10,3,105.48,176.42,ground_ball,1,2,2023,2023-07
2023-07-31,2023,R,607625,605612,SI,Sinker,,ball,L,R,COL,SD,94.70,,,,,,0,2,2023,2023-07
2023-07-31,2023,R,607625,605612,CU,Curveball,,swinging_strike,L,R,COL,SD,81.40,,,,,,0,1,2023,2023-07
2023-07-31,2023,R,607625,605612,CU,Curveball,,foul,L,R,COL,SD,78.50,96.20,24,,,,0,0,2023,2023-07
2023-07-31,2023,R,607625,605612,FF,4-Seam Fastball,field_out,hit_into_play,L,R,COL,SD,95.20,93.10,-14,149.75,160.31,ground_ball,0,1,2023,2023-07
2023-07-31,2023,R,607625,605612,SI,Sinker,,called_strike,L,R,COL,SD,94.10,,,,,,0,0,2023,2023-07
2023-07-31,2023,R,607625,641857,FF,4-Seam Fastball,home_run,hit_into_play,L,R,COL,SD,93.70,99.90,28,171.79,38.77,fly_ball,1,2,2023,2023-07
2023-07-31,2023,R,607625,641857,FF,4-Seam Fastball,,called_strike,L,R,COL,SD,93.20,,,,,,1,1,2023,2023-07
2023-07-31,2023,R,607625,641857,CU,Curveball,,ball,L,R,COL,SD,77.00,,,,,,0,1,2023,2023-07
2023-07-31,2023,R,607625,641857,FF,4-Seam Fastball,,called_strike,L,R,COL,SD,92.20,,,,,,0,0,2023,2023-07
2023-07-31,2023,R,607625,641857,FF,4-Seam Fastball,strikeout,swinging_strike,L,R,COL,SD,93.60,,,,,,2,2,2023,2023-07
2023-07-31,2023,R,607625,641857,SI,Sinker,,foul,L,R,COL,SD,94.50,20.30,40,,,,2,1,2023,2023-07
2023-07-31,2023,R,607625,641857,CU,Curveball,,ball,L,R,COL,SD,79.50,,,,,,1,1,2023,2023-07
2023-07-31,2023,R,607625,641857,FF,4-Seam Fastball,,ball,L,R,COL,SD,93.60,,,,,,0,1,2023,2023-07
2023-07-31,2023,R,607625,641857,CU,Curveball,,swinging_strike,L,R,COL,SD,79.20,,,,,,0,0,2023,2023-07
2023-07-31,2023,R,607625,641857,FF,4-Seam Fastball,double,hit_into_play,L,R,COL,SD,95.10,88.70,22,63.89,76.00,line_drive,2,1,2023,2023-07
2023-07-31,2023,R,607625,641857,CH,Changeup,,swinging_strike,L,R,COL,SD,87.10,,,,,,2,0,2023,2023-07
2023-07-31,2023,R,607625,641857,FF,4-Seam Fastball,,ball,L,R,COL,SD,95.30,,,,,,1,0,2023,2023-07
2023-07-31,2023,R,607625,641857,FF,4-Seam Fastball,,ball,L,R,COL,SD,94.50,,,,,,0,0,2023,2023-07
2023-07-31,2023,R,607625,660707,CH,Changeup,walk,ball,R,R,COL,SD,86.50,,,,,,3,2,2023,2023-07
2023-07-31,2023,R,607625,660707,FF,4-Seam Fastball,,ball,R,R,COL,SD,93.50,,,,,,2,2,2023,2023-07
2023-07-31,2023,R,607625,660707,SL,Slider,,foul,R,R,COL,SD,89.70,74.50,59,,,,2,2,2023,2023-07
2023-07-31,2023,R,607625,660707,CU,Curveball,,foul,R,R,COL,SD,78.00,91.90,32,,,,2,1,2023,2023-07
2023-07-31,2023,R,607625,660707,FF,4-Seam Fastball,,ball,R,R,COL,SD,90.80,,,,,,1,1,2023,2023-07
2023-07-31,2023,R,607625,660707,CU,Curveball,,ball,R,R,COL,SD,81.80,,,,,,0,1,2023,2023-07
2023-07-31,2023,R,607625,660707,SI,Sinker,,foul,R,R,COL,SD,91.70,97.20,-46,,,,0,0,2023,2023-07
2023-07-31,2023,R,607625,660707,FF,4-Seam Fastball,double,hit_into_play,R,R,COL,SD,95.10,106.40,11,92.68,66.35,line_drive,1,2,2023,2023-07
2023-07-31,2023,R,607625,660707,CU,Curveball,,foul,R,R,COL,SD,79.00,60.00,9,,,,1,2,2023,2023-07
2023-07-31,2023,R,607625,660707,CU,Curveball,,swinging_strike,R,R,COL,SD,79.90,,,,,,1,1,2023,2023-07
2023-07-31,2023,R,607625,660707,SL,Slider,,ball,R,R,COL,SD,83.90,,,,,,0,1,2023,2023-07
2023-07-31,2023,R,607625,660707,SI,Sinker,,swinging_strike,R,R,COL,SD,91.50,,,,,,0,0,2023,2023-07
2023-07-31,2023,R,607625,660707,SI,Sinker,single,hit_into_play,R,R,COL,SD,94.20,110.40,3,129.15,92.43,line_drive,3,2,2023,2023-07
2023-07-31,2023,R,607625,660707,FF,4-Seam Fastball,,foul,R,R,COL,SD,92.90,77.50,54,,,,3,1,2023,2023-07
2023-07-31,2023,R,607625,660707,CU,Curveball,,ball,R,R,COL,SD,79.60,,,,,,2,1,2023,2023-07
2023-07-31,2023,R,607625,660707,FF,4-Seam Fastball,,swinging_strike,R,R,COL,SD,92.70,,,,,,2,0,2023,2023-07
2023-07-31,2023,R,607625,660707,SL,Slider,,ball,R,R,COL,SD,87.60,,,,,,1,0,2023,2023-07
2023-07-31,2023,R,607625,660707,SI,Sinker,,ball,R,R,COL,SD,91.00,,,,,,0,0,2023,2023-07
2023-07-31,2023,R,607625,663898,SL,Slider,field_out,hit_into_play,R,R,COL,SD,86.40,97.90,-15,89.54,153.95,ground_ball,1,0,2023,2023-07
2023-07-31,2023,R,607625,663898,CU,Curveball,,ball,R,R,COL,SD,79.20,,,,,,0,0,2023,2023-07
2023-07-31,2023,R,607625,663898,SI,Sinker,single,hit_into_play,R,R,COL,SD,90.70,108.50,3,77.03,122.13,ground_ball,0,0,2023,2023-07
2023-07-31,2023,R,607625,663898,FF,4-Seam Fastball,field_out,hit_into_play,R,R,COL,SD,91.50,82.40,27,98.93,78.30,line_drive,0,0,2023,2023-07
2023-07-31,2023,R,607625,669911,FF,4-Seam Fastball,field_out,hit_into_play,L,R,COL,SD,93.30,88.90,-12,165.21,145.89,ground_ball,1,1,2023,2023-07
2023-07-31,2023,R,607625,669911,CU,Curveball,,ball,L,R,COL,SD,78.20,,,,,,0,1,2023,2023-07
2023-07-31,2023,R,607625,669911,CU,Curveball,,called_strike,L,R,COL,SD,75.90,,,,,,0,0,2023,2023-07
2023-07-31,2023,R,607625,669911,CU,Curveball,fielders_choice,hit_into_play,L,R,COL,SD,76.50,82.00,-6,127.75,172.98,ground_ball,0,0,2023,2023-07
2023-07-31,2023,R,607625,669911,CU,Curveball,strikeout,swinging_strike,L,R,COL,SD,81.40,,,,,,1,2,2023,2023-07
2023-07-31,2023,R,607625,669911,SI,Sinker,,ball,L,R,COL,SD,93.50,,,,,,0,2,2023,2023-07
2023-07-31,2023,R,607625,669911,FF,4-Seam Fastball,,foul,L,R,COL,SD,95.30,79.80,33,,,,0,1,2023,2023-07
2023-07-31,2023,R,607625,669911,CU,Curveball,,called_strike,L,R,COL,SD,77.60,,,,,,0,0,2023,2023-07
2023-07-31,2023,R,607625,678662,CU,Curveball,field_out,hit_into_play,R,R,COL,SD,77.30,95.60,31,103.29,38.21,fly_ball,0,0,2023,2023-07
2023-07-31,2023,R,607625,678662,SI,Sinker,walk,ball,R,R,COL,SD,92.30,,,,,,3,1,2023,2023-07
2023-07-31,2023,R,607625,678662,FF,4-Seam Fastball,,called_strike,R,R,COL,SD,91.90,,,,,,3,0,2023,2023-07
2023-07-31,2023,R,607625,678662,FF,4-Seam Fastball,,ball,R,R,COL,SD,93.20,,,,,,2,0,2023,2023-07
2023-07-31,2023,R,607625,678662,SL,Slider,,ball,R,R,COL,SD,86.10,,,,,,1,0,2023,2023-07
2023-07-31,2023,R,607625,678662,FF,4-Seam Fastball,,ball,R,R,COL,SD,92.10,,,,,,0,0,2023,2023-07
2023-07-31,2023,R,607625,678662,FF,4-Seam Fastball,strikeout,called_strike,R,R,COL,SD,96.50,,,,,,0,2,2023,2023-07
2023-07-31,2023,R,607625,678662,SL,Slider,,swinging_strike,R,R,COL,SD,89.40,,,,,,0,1,2023,2023-07
2023-07-31,2023,R,607625,678662,FF,4-Seam Fastball,,foul,R,R,COL,SD,93.60,73.80,34,,,,0,0,2023,2023-07
2023-07-31,2023,R,607625,686668,CU,Curveball,walk,ball,R,R,COL,SD,79.40,,,,,,3,2,2023,2023-07
2023-07-31,2023,R,607625,686668,FF,4-Seam Fastball,,foul,R,R,COL,SD,92.50,79.60,13,,,,3,1,2023,2023-07
2023-07-31,2023,R,607625,686668,SI,Sinker,,ball,R,R,COL,SD,92.80,,,,,,2,1,2023,2023-07
2023-07-31,2023,R,607625,686668,CU,Curveball,,ball,R,R,COL,SD,79.70,,,,,,1,1,2023,2023-07
2023-07-31,2023,R,607625,686668,SI,Sinker,,called_strike,R,R,COL,SD,92.10,,,,,,1,0,2023,2023-07
2023-07-31,2023,R,607625,686668,SL,Slider,,ball,R,R,COL,SD,87.00,,,,,,0,0,2023,2023-07
2023-07-31,2023,R,607625,686668,FF,4-Seam Fastball,strikeout,swinging_strike,R,R,COL,SD,95.30,,,,,,1,2,2023,2023-07
2023-07-31,2023,R,607625,686668,SI,Sinker,,called_strike,R,R,COL,SD,93.30,,,,,,1,1,2023,2023-07
2023-07-31,2023,R,607625,686668,SL,Slider,,ball,R,R,COL,SD,85.10,,,,,,0,1,2023,2023-07
2023-07-31,2023,R,607625,686668,SI,Sinker,,swinging_strike,R,R,COL,SD,91.80,,,,,,0,0,2023,2023-07
2023-07-31,2023,R,607625,686668,SI,Sinker,grounded_into_double_play,hit_into_play,R,R,COL,SD,94.30,78.10,-16,106.12,166.37,ground_ball,1,0,2023,2023-07
2023-07-31,2023,R,607625,686668,FF,4-Seam Fastball,,ball,R,R,COL,SD,93.60,,,,,,0,0,2023,2023-07
2023-07-31,2023,R,608371,641355,ST,Sweeper,field_out,hit_into_play,L,R,CHC,CIN,83.40,58.20,33,109.02,134.45,line_drive,0,2,2023,2023-07
2023-07-31,2023,R,608371,641355,FF,4-Seam Fastball,,foul,L,R,CHC,CIN,93.80,72.60,55,,,,0,1,2023,2023-07
2023-07-31,2023,R,608371,641355,ST,Sweeper,,called_strike,L,R,CHC,CIN,83.00,,,,,,0,0,2023,2023-07
2023-07-31,2023,R,608371,663538,FF,4-Seam Fastball,walk,ball,R,R,CHC,CIN,94.00,,,,,,3,2,2023,2023-07
2023-07-31,2023,R,608371,663538,ST,Sweeper,,called_strike,R,R,CHC,CIN,82.10,,,,,,3,1,2023,2023-07
2023-07-31,2023,R,608371,663538,ST,Sweeper,,ball,R,R,CHC,CIN,81.70,,,,,,2,1,2023,2023-07
2023-07-31,2023,R,608371,663538,ST,Sweeper,,ball,R,R,CHC,CIN,81.90,,,,,,1,1,2023,2023-07
2023-07-31,2023,R,608371,663538,ST,Sweeper,,called_strike,R,R,CHC,CIN,82.40,,,,,,1,0,2023,2023-07
2023-07-31,2023,R,608371,663538,ST,Sweeper,,ball,R,R,CHC,CIN,82.00,,,,,,0,0,2023,2023-07
2023-07-31,2023,R,608371,663611,FF,4-Seam Fastball,hit_by_pitch,hit_by_pitch,R,R,CHC,CIN,90.50,,,,,,0,0,2023,2023-07
2023-07-31,2023,R,608371,664023,FF,4-Seam Fastball,strikeout,foul_tip,L,R,CHC,CIN,93.60,,,,,,1,2,2023,2023-07
2023-07-31,2023,R,608371,664023,FF,4-Seam Fastball,,called_strike,L,R,CHC,CIN,94.30,,,,,,1,1,2023,2023-07
2023-07-31,2023,R,608371,664023,CU,Curveball,,foul,L,R,CHC,CIN,75.90,,,,,,1,0,2023,2023-07
2023-07-31,2023,R,608371,664023,FF,4-Seam Fastball,,ball,L,R,CHC,CIN,94.80,,,,,,0,0,2023,2023-07
2023-07-31,2023,R,608371,673548,ST,Sweeper,strikeout,swinging_strike,R,R,CHC,CIN,84.50,,,,,,2,2,2023,2023-07
2023-07-31,2023,R,608371,673548,FF,4-Seam Fastball,,ball,R,R,CHC,CIN,93.40,,,,,,1,2,2023,2023-07
2023-07-31,2023,R,608371,673548,ST,Sweeper,,foul,R,R,CHC,CIN,83.50,71.70,9,,,,1,1,2023,2023-07
2023-07-31,2023,R,608371,673548,ST,Sweeper,,called_strike,R,R,CHC,CIN,82.40,,,,,,1,0,2023,2023-07
2023-07-31,2023,R,608371,673548,ST,Sweeper,,ball,R,R,CHC,CIN,84.40,,,,,,0,0,2023,2023-07
2023-07-31,2023,R,612434,543063,CH,Changeup,strikeout,swinging_strike,L,R,SF,AZ,92.40,,,,,,1,2,2023,2023-07
2023-07-31,2023,R,612434,543063,SI,Sinker,,ball,L,R,SF,AZ,96.50,,,,,,0,2,2023,2023-07
2023-07-31,2023,R,612434,543063,CH,Changeup,,swinging_strike,L,R,SF,AZ,92.10,,,,,,0,1,2023,2023-07
2023-07-31,2023,R,612434,543063,SL,Slider,,called_strike,L,R,SF,AZ,83.10,,,,,,0,0,2023,2023-07
2023-07-31,2023,R,612434,666165,SI,Sinker,field_out,hit_into_play,L,R,SF,AZ,96.70,89.70,68,99.78,142.44,popup,3,1,2023,2023-07
2023-07-31,2023,R,612434,666165,SL,Slider,,ball,L,R,SF,AZ,83.50,,,,,,2,1,2023,2023-07
2023-07-31,2023,R,612434,666165,CH,Changeup,,ball,L,R,SF,AZ,92.10,,,,,,1,1,2023,2023-07
2023-07-31,2023,R,612434,666165,SL,Slider,,called_strike,L,R,SF,AZ,81.90,,,,,,1,0,2023,2023-07
2023-07-31,2023,R,612434,666165,SL,Slider,,ball,L,R,SF,AZ,81.90,,,,,,0,0,2023,2023-07
2023-07-31,2023,R,612434,672275,SI,Sinker,field_out,hit_into_play,L,R,SF,AZ,96.90,69.80,-22,154.97,154.59,ground_ball,0,0,2023,2023-07
2023-07-31,2023,R,621345,543068,CH,Changeup,grounded_into_double_play,hit_into_play,R,L,ATL,LAA,86.90,90.70,-4,107.63,165.61,ground_ball,1,2,2023,2023-07
2023-07-31,2023,R,621345,543068,FF,4-Seam Fastball,,foul,R,L,ATL,LAA,96.10,96.40,29,,,,1,2,2023,2023-07
2023-07-31,2023,R,621345,543068,FF,4-Seam Fastball,,foul,R,L,ATL,LAA,96.20,91.00,37,,,,1,2,2023,2023-07
2023-07-31,2023,R,621345,543068,CH,Changeup,,foul,R,L,ATL,LAA,85.30,82.00,64,,,,1,2,2023,2023-07
2023-07-31,2023,R,621345,543068,FF,4-Seam Fastball,,foul,R,L,ATL,LAA,96.50,78.50,19,,,,1,1,2023,2023-07
2023-07-31,2023,R,621345,543068,FF,4-Seam Fastball,,ball,R,L,ATL,LAA,95.50,,,,,,0,1,2023,2023-07
2023-07-31,2023,R,621345,543068,FF,4-Seam Fastball,,called_strike,R,L,ATL,LAA,96.50,,,,,,0,0,2023,2023-07
2023-07-31,2023,R,621345,660271,FC,Cutter,single,hit_into_play,L,L,ATL,LAA,91.20,96.90,8,148.09,84.12,ground_ball,2,2,2023,2023-07
2023-07-31,2023,R,621345,660271,FF,4-Seam Fastball,,foul,L,L,ATL,LAA,96.50,79.40,48,,,,2,2,2023,2023-07
2023-07-31,2023,R,621345,660271,FF,4-Seam Fastball,,ball,L,L,ATL,LAA,97.20,,,,,,1,2,2023,2023-07
2023-07-31,2023,R,621345,660271,FC,Cutter,,foul,L,L,ATL,LAA,90.80,82.90,66,,,,1,1,2023,2023-07
2023-07-31,2023,R,621345,660271,FF,4-Seam Fastball,,ball,L,L,ATL,LAA,96.20,,,,,,0,1,2023,2023-07
2023-07-31,2023,R,621345,660271,FC,Cutter,,foul,L,L,ATL,LAA,90.10,71.60,30,,,,0,0,2023,2023-07
2023-07-31,2023,R,621345,666160,FC,Cutter,strikeout,foul_tip,L,L,ATL,LAA,90.20,,,,,,0,2,2023,2023-07
2023-07-31,2023,R,621345,666160,FF,4-Seam Fastball,,foul,L,L,ATL,LAA,95.70,83.60,74,,,,0,2,2023,2023-07
2023-07-31,2023,R,621345,666160,FC,Cutter,,swinging_strike,L,L,ATL,LAA,91.80,,,,,,0,1,2023,2023-07
2023-07-31,2023,R,621345,666160,FC,Cutter,,swinging_strike,L,L,ATL,LAA,90.70,,,,,,0,0,2023,2023-07
2023-07-31,2023,R,621381,624585,FF,4-Seam Fastball,field_out,hit_into_play,R,L,MIA,PHI,94.10,101.60,38,109.71,52.66,fly_ball,0,2,2023,2023-07
2023-07-31,2023,R,621381,624585,FF,4-Seam Fastball,,foul,R,L,MIA,PHI,93.00,71.70,37,,,,0,1,2023,2023-07
2023-07-31,2023,R,621381,624585,FF,4-Seam Fastball,,foul_tip,R,L,MIA,PHI,93.70,,,,,,0,0,2023,2023-07
2023-07-31,2023,R,621381,650333,SI,Sinker,single,hit_into_play,L,L,MIA,PHI,94.00,95.00,-7,126.90,89.35,ground_ball,0,0,2023,2023-07
2023-07-31,2023,R,621381,650559,FF,4-Seam Fastball,walk,ball,R,L,MIA,PHI,94.00,,,,,,3,1,2023,2023-07
2023-07-31,2023,R,621381,650559,FC,Cutter,,ball,R,L,MIA,PHI,89.40,,,,,,2,1,2023,2023-07
2023-07-31,2023,R,621381,650559,FC,Cutter,,swinging_strike,R,L,MIA,PHI,87.80,,,,,,2,0,2023,2023-07
2023-07-31,2023,R,621381,650559,SI,Sinker,,ball,R,L,MIA,PHI,93.00,,,,,,1,0,2023,2023-07
2023-07-31,2023,R,621381,650559,FC,Cutter,,ball,R,L,MIA,PHI,88.30,,,,,,0,0,2023,2023-07
2023-07-31,2023,R,621381,665862,SI,Sinker,strikeout,called_strike,L,L,MIA,PHI,94.30,,,,,,3,2,2023,2023-07
2023-07-31,2023,R,621381,665862,SL,Slider,,ball,L,L,MIA,PHI,85.20,,,,,,2,2,2023,2023-07
2023-07-31,2023,R,621381,665862,SL,Slider,,swinging_strike,L,L,MIA,PHI,84.50,,,,,,2,1,2023,2023-07
2023-07-31,2023,R,621381,665862,SL,Slider,,blocked_ball,L,L,MIA,PHI,85.50,,,,,,1,1,2023,2023-07
2023-07-31,2023,R,621381,665862,SI,Sinker,,called_strike,L,L,MIA,PHI,92.50,,,,,,1,0,2023,2023-07
2023-07-31,2023,R,621381,665862,SL,Slider,,blocked_ball,L,L,MIA,PHI,84.20,,,,,,0,0,2023,2023-07
2023-07-31,2023,R,622065,643565,SI,Sinker,force_out,hit_into_play,L,L,CHC,CIN,91.60,106.30,-5,124.17,146.32,ground_ball,1,1,2023,2023-07
2023-07-31,2023,R,622065,643565,CH,Changeup,,ball,L,L,CHC,CIN,85.90,,,,,,0,1,2023,2023-07
2023-07-31,2023,R,622065,643565,CU,Curveball,,foul,L,L,CHC,CIN,80.90,67.60,44,,,,0,0,2023,2023-07
2023-07-31,2023,R,622072,572233,CH,Changeup,field_out,hit_into_play,R,L,SF,AZ,86.00,64.20,-5,127.69,144.33,ground_ball,2,1,2023,2023-07
2023-07-31,2023,R,622072,572233,SI,Sinker,,ball,R,L,SF,AZ,93.10,,,,,,1,1,2023,2023-07
2023-07-31,2023,R,622072,572233,SI,Sinker,,called_strike,R,L,SF,AZ,92.70,,,,,,1,0,2023,2023-07
2023-07-31,2023,R,622072,572233,CH,Changeup,,ball,R,L,SF,AZ,86.10,,,,,,0,0,2023,2023-07
2023-07-31,2023,R,622072,606466,CH,Changeup,force_out,hit_into_play,R,L,SF,AZ,85.30,83.10,-42,106.44,171.52,ground_ball,0,0,2023,2023-07
2023-07-31,2023,R,622072,606466,SL,Slider,field_out,hit_into_play,R,L,SF,AZ,82.90,76.70,73,120.54,167.75,popup,0,2,2023,2023-07
2023-07-31,2023,R,622072,606466,SI,Sinker,,swinging_strike,R,L,SF,AZ,92.10,,,,,,0,1,2023,2023-07
2023-07-31,2023,R,622072,606466,SL,Slider,,called_strike,R,L,SF,AZ,82.60,,,,,,0,0,2023,2023-07
2023-07-31,2023,R,622072,645444,SL,Slider,walk,ball,R,L,SF,AZ,81.80,,,,,,3,2,2023,2023-07
2023-07-31,2023,R,622072,645444,SI,Sinker,,foul,R,L,SF,AZ,92.80,73.50,52,,,,3,2,2023,2023-07
2023-07-31,2023,R,622072,645444,SI,Sinker,,swinging_strike,R,L,SF,AZ,90.80,,,,,,3,1,2023,2023-07
2023-07-31,2023,R,622072,645444,SI,Sinker,,ball,R,L,SF,AZ,92.00,,,,,,2,1,2023,2023-07
2023-07-31,2023,R,622072,645444,SI,Sinker,,called_strike,R,L,SF,AZ,92.40,,,,,,2,0,2023,2023-07
2023-07-31,2023,R,622072,645444,SI,Sinker,,ball,R,L,SF,AZ,90.90,,,,,,1,0,2023,2023-07
2023-07-31,2023,R,622072,645444,SL,Slider,,ball,R,L,SF,AZ,82.00,,,,,,0,0,2023,2023-07
2023-07-31,2023,R,622072,656896,SI,Sinker,walk,ball,R,L,SF,AZ,93.30,,,,,,3,2,2023,2023-07
2023-07-31,2023,R,622072,656896,CH,Changeup,,foul,R,L,SF,AZ,86.20,76.60,60,,,,3,2,2023,2023-07
2023-07-31,2023,R,622072,656896,CH,Changeup,,ball,R,L,SF,AZ,85.90,,,,,,2,2,2023,2023-07
2023-07-31,2023,R,622072,656896,SI,Sinker,,foul,R,L,SF,AZ,91.90,74.50,10,,,,2,1,2023,2023-07
2023-07-31,2023,R,622072,656896,SI,Sinker,,swinging_strike,R,L,SF,AZ,92.20,,,,,,2,0,2023,2023-07
2023-07-31,2023,R,622072,656896,SI,Sinker,,ball,R,L,SF,AZ,91.70,,,,,,1,0,2023,2023-07
2023-07-31,2023,R,622072,656896,CH,Changeup,,ball,R,L,SF,AZ,85.40,,,,,,0,0,2023,2023-07
2023-07-31,2023,R,622072,664983,CH,Changeup,field_out,hit_into_play,L,L,SF,AZ,85.10,80.90,-10,140.28,174.84,ground_ball,0,0,2023,2023-07
2023-07-31,2023,R,622072,666971,CH,Changeup,field_out,hit_into_play,R,L,SF,AZ,85.10,75.00,-11,152.43,163.19,ground_ball,1,2,2023,2023-07
2023-07-31,2023,R,622072,666971,CH,Changeup,,foul,R,L,SF,AZ,85.70,77.10,-39,,,,1,1,2023,2023-07
2023-07-31,2023,R,622072,666971,CH,Changeup,,ball,R,L,SF,AZ,85.50,,,,,,0,1,2023,2023-07
2023-07-31,2023,R,622072,666971,SL,Slider,,called_strike,R,L,SF,AZ,81.70,,,,,,0,0,2023,2023-07
2023-07-31,2023,R,622072,672695,SI,Sinker,strikeout,swinging_strike,R,L,SF,AZ,93.10,,,,,,1,2,2023,2023-07
2023-07-31,2023,R,622072,672695,CH,Changeup,,blocked_ball,R,L,SF,AZ,86.70,,,,,,0,2,2023,2023-07
2023-07-31,2023,R,622072,672695,SI,Sinker,,called_strike,R,L,SF,AZ,92.50,,,,,,0,1,2023,2023-07
2023-07-31,2023,R,622072,672695,CH,Changeup,,foul,R,L,SF,AZ,86.50,74.90,42,,,,0,0,2023,2023-07
2023-07-31,2023,R,622072,677950,SI,Sinker,strikeout,called_strike,L,L,SF,AZ,93.10,,,,,,3,2,2023,2023-07
2023-07-31,2023,R,622072,677950,SL,Slider,,ball,L,L,SF,AZ,82.60,,,,,,2,2,2023,2023-07
2023-07-31,2023,R,622072,677950,CH,Changeup,,foul,L,L,SF,AZ,84.80,75.30,-64,,,,2,1,2023,2023-07
2023-07-31,2023,R,622072,677950,CH,Changeup,,ball,L,L,SF,AZ,84.90,,,,,,1,1,2023,2023-07
2023-07-31,2023,R,622072,677950,SL,Slider,,ball,L,L,SF,AZ,83.40,,,,,,0,1,2023,2023-07
2023-07-31,2023,R,622072,677950,CH,Changeup,,called_strike,L,L,SF,AZ,85.60,,,,,,0,0,2023,2023-07
2023-07-31,2023,R,622072,682998,SL,Slider,single,hit_into_play,L,L,SF,AZ,82.40,76.50,19,155.88,100.46,line_drive,1,2,2023,2023-07
2023-07-31,2023,R,622072,682998,SL,Slider,,foul,L,L,SF,AZ,82.20,71.00,42,,,,1,1,2023,2023-07
2023-07-31,2023,R,622072,682998,CH,Changeup,,ball,L,L,SF,AZ,85.20,,,,,,0,1,2023,2023-07
2023-07-31,2023,R,622072,682998,SI,Sinker,,called_strike,L,L,SF,AZ,91.80,,,,,,0,0,2023,2023-07
2023-07-31,2023,R,622072,682998,CH,Changeup,field_out,hit_into_play,L,L,SF,AZ,86.60,89.30,-19,115.48,154.59,ground_ball,1,0,2023,2023-07
2023-07-31,2023,R,622072,682998,CH,Changeup,,ball,L,L,SF,AZ,84.10,,,,,,0,0,2023,2023-07
2023-07-31,2023,R,623211,547180,FF,4-Seam Fastball,field_out,hit_into_play,L,R,MIA,PHI,97.10,67.80,67,97.45,170.73,popup,1,0,2023,2023-07
2023-07-31,2023,R,623211,547180,SI,Sinker,,ball,L,R,MIA,PHI,97.30,,,,,,0,0,2023,2023-07
2023-07-31,2023,R,623211,592663,FF,4-Seam Fastball,strikeout,called_strike,R,R,MIA,PHI,96.50,,,,,,3,2,2023,2023-07
2023-07-31,2023,R,623211,592663,FC,Cutter,,foul,R,R,MIA,PHI,88.10,77.00,36,,,,3,2,2023,2023-07
2023-07-31,2023,R,623211,592663,CH,Changeup,,ball,R,R,MIA,PHI,88.60,,,,,,2,2,2023,2023-07
2023-07-31,2023,R,623211,592663,CH,Changeup,,ball,R,R,MIA,PHI,88.70,,,,,,1,2,2023,2023-07
2023-07-31,2023,R,623211,592663,FC,Cutter,,ball,R,R,MIA,PHI,88.40,,,,,,0,2,2023,2023-07
2023-07-31,2023,R,623211,592663,SI,Sinker,,called_strike,R,R,MIA,PHI,95.60,,,,,,0,1,2023,2023-07
2023-07-31,2023,R,623211,592663,SI,Sinker,,foul,R,R,MIA,PHI,95.60,72.20,-23,,,,0,0,2023,2023-07
2023-07-31,2023,R,623211,595909,CH,Changeup,field_out,hit_into_play,L,R,MIA,PHI,90.30,94.90,1,115.73,152.42,ground_ball,0,1,2023,2023-07
2023-07-31,2023,R,623211,595909,FC,Cutter,,called_strike,L,R,MIA,PHI,86.80,,,,,,0,0,2023,2023-07
2023-07-31,2023,R,623211,607208,CH,Changeup,strikeout,swinging_strike,R,R,MIA,PHI,89.50,,,,,,1,2,2023,2023-07
2023-07-31,2023,R,623211,607208,CH,Changeup,,ball,R,R,MIA,PHI,91.80,,,,,,0,2,2023,2023-07
2023-07-31,2023,R,623211,607208,FC,Cutter,,foul,R,R,MIA,PHI,88.20,75.20,-53,,,,0,2,2023,2023-07
2023-07-31,2023,R,623211,607208,CH,Changeup,,foul,R,R,MIA,PHI,91.60,97.20,-11,,,,0,1,2023,2023-07
2023-07-31,2023,R,623211,607208,FF,4-Seam Fastball,,called_strike,R,R,MIA,PHI,97.20,,,,,,0,0,2023,2023-07
2023-07-31,2023,R,623211,656941,FF,4-Seam Fastball,walk,ball,L,R,MIA,PHI,96.60,,,,,,3,1,2023,2023-07
2023-07-31,2023,R,623211,656941,CH,Changeup,,ball,L,R,MIA,PHI,90.50,,,,,,2,1,2023,2023-07
2023-07-31,2023,R,623211,656941,CH,Changeup,,blocked_ball,L,R,MIA,PHI,90.90,,,,,,1,1,2023,2023-07
2023-07-31,2023,R,623211,656941,FF,4-Seam Fastball,,ball,L,R,MIA,PHI,96.20,,,,,,0,1,2023,2023-07
2023-07-31,2023,R,623211,656941,FF,4-Seam Fastball,,foul,L,R,MIA,PHI,96.40,79.20,77,,,,0,0,2023,2023-07
2023-07-31,2023,R,623211,664761,FF,4-Seam Fastball,single,hit_into_play,R,R,MIA,PHI,96.50,83.10,10,173.12,110.68,line_drive,3,2,2023,2023-07
2023-07-31,2023,R,623211,664761,FC,Cutter,,foul,R,R,MIA,PHI,89.10,84.40,-20,,,,3,2,2023,2023-07
2023-07-31,2023,R,623211,664761,CH,Changeup,,foul,R,R,MIA,PHI,89.40,69.80,-24,,,,3,2,2023,2023-07
2023-07-31,2023,R,623211,664761,CH,Changeup,,ball,R,R,MIA,PHI,90.40,,,,,,2,2,2023,2023-07
2023-07-31,2023,R,623211,664761,FC,Cutter,,foul,R,R,MIA,PHI,87.90,77.40,-26,,,,2,2,2023,2023-07
2023-07-31,2023,R,623211,664761,FF,4-Seam Fastball,,foul,R,R,MIA,PHI,96.80,67.50,48,,,,2,2,2023,2023-07
2023-07-31,2023,R,623211,664761,CH,Changeup,,ball,R,R,MIA,PHI,90.80,,,,,,1,2,2023,2023-07
2023-07-31,2023,R,623211,664761,SI,Sinker,,foul,R,R,MIA,PHI,96.40,73.50,24,,,,1,1,2023,2023-07
2023-07-31,2023,R,623211,664761,FC,Cutter,,swinging_strike,R,R,MIA,PHI,87.10,,,,,,1,0,2023,2023-07
2023-07-31,2023,R,623211,664761,SI,Sinker,,ball,R,R,MIA,PHI,96.80,,,,,,0,0,2023,2023-07
2023-07-31,2023,R,623211,669016,FF,4-Seam Fastball,field_out,hit_into_play,L,R,MIA,PHI,95.80,101.60,29,40.62,82.97,fly_ball,2,1,2023,2023-07
2023-07-31,2023,R,623211,669016,CH,Changeup,,ball,L,R,MIA,PHI,88.90,,,,,,1,1,2023,2023-07
2023-07-31,2023,R,623211,669016,SI,Sinker,,called_strike,L,R,MIA,PHI,96.60,,,,,,1,0,2023,2023-07
2023-07-31,2023,R,623211,669016,CH,Changeup,,ball,L,R,MIA,PHI,89.00,,,,,,0,0,2023,2023-07
2023-07-31,2023,R,623211,679032,FF,4-Seam Fastball,walk,ball,R,R,MIA,PHI,96.90,,,,,,3,2,2023,2023-07
2023-07-31,2023,R,623211,679032,FC,Cutter,,foul,R,R,MIA,PHI,87.50,95.80,10,,,,3,2,2023,2023-07
2023-07-31,2023,R,623211,679032,SI,Sinker,,foul,R,R,MIA,PHI,95.20,67.00,28,,,,3,1,2023,2023-07
2023-07-31,2023,R,623211,679032,CH,Changeup,,ball,R,R,MIA,PHI,88.30,,,,,,2,1,2023,2023-07
2023-07-31,2023,R,623211,679032,SI,Sinker,,called_strike,R,R,MIA,PHI,95.50,,,,,,2,0,2023,2023-07
2023-07-31,2023,R,623211,679032,FF,4-Seam Fastball,,ball,R,R,MIA,PHI,97.40,,,,,,1,0,2023,2023-07
2023-07-31,2023,R,623211,679032,FC,Cutter,,ball,R,R,MIA,PHI,87.40,,,,,,0,0,2023,2023-07
2023-07-31,2023,R,623211,681082,SI,Sinker,field_out,hit_into_play,L,R,MIA,PHI,96.70,80.50,13,129.29,135.56,line_drive,0,0,2023,2023-07
2023-07-31,2023,R,625643,518595,SL,Slider,field_out,hit_into_play,R,R,ATL,LAA,88.90,89.10,34,205.51,103.98,fly_ball,1,2,2023,2023-07
2023-07-31,2023,R,625643,518595,FF,4-Seam Fastball,,ball,R,R,ATL,LAA,100.40,,,,,,0,2,2023,2023-07
2023-07-31,2023,R,625643,518595,FF,4-Seam Fastball,,swinging_strike,R,R,ATL,LAA,99.90,,,,,,0,1,2023,2023-07
2023-07-31,2023,R,625643,518595,SL,Slider,,foul,R,R,ATL,LAA,88.30,,,,,,0,0,2023,2023-07
2023-07-31,2023,R,625643,542303,SL,Slider,strikeout,swinging_strike,R,R,ATL,LAA,90.00,,,,,,1,2,2023,2023-07
2023-07-31,2023,R,625643,542303,FF,4-Seam Fastball,,called_strike,R,R,ATL,LAA,100.00,,,,,,1,1,2023,2023-07
2023-07-31,2023,R,625643,542303,FF,4-Seam Fastball,,ball,R,R,ATL,LAA,100.00,,,,,,0,1,2023,2023-07
2023-07-31,2023,R,625643,542303,FF,4-Seam Fastball,,swinging_strike,R,R,ATL,LAA,100.00,,,,,,0,0,2023,2023-07
2023-07-31,2023,R,625643,592696,SL,Slider,strikeout,swinging_strike,L,R,ATL,LAA,88.80,,,,,,0,2,2023,2023-07
2023-07-31,2023,R,625643,592696,SL,Slider,,swinging_strike,L,R,ATL,LAA,89.20,,,,,,0,1,2023,2023-07
2023-07-31,2023,R,625643,592696,FF,4-Seam Fastball,,swinging_strike,L,R,ATL,LAA,100.20,,,,,,0,0,2023,2023-07
2023-07-31,2023,R,625643,621566,SL,Slider,walk,ball,L,R,ATL,LAA,88.70,,,,,,3,2,2023,2023-07
2023-07-31,2023,R,625643,621566,FF,4-Seam Fastball,,foul,L,R,ATL,LAA,99.50,74.40,30,,,,3,2,2023,2023-07
2023-07-31,2023,R,625643,621566,FF,4-Seam Fastball,,foul,L,R,ATL,LAA,99.20,,,,,,3,1,2023,2023-07
2023-07-31,2023,R,625643,621566,FF,4-Seam Fastball,,ball,L,R,ATL,LAA,98.40,,,,,,2,1,2023,2023-07
2023-07-31,2023,R,625643,621566,SL,Slider,,ball,L,R,ATL,LAA,89.00,,,,,,1,1,2023,2023-07
2023-07-31,2023,R,625643,621566,FF,4-Seam Fastball,,swinging_strike,L,R,ATL,LAA,97.70,,,,,,1,0,2023,2023-07
2023-07-31,2023,R,625643,621566,FF,4-Seam Fastball,,ball,L,R,ATL,LAA,97.50,,,,,,0,0,2023,2023-07
2023-07-31,2023,R,625643,645277,SL,Slider,walk,ball,L,R,ATL,LAA,88.70,,,,,,3,2,2023,2023-07
2023-07-31,2023,R,625643,645277,FF,4-Seam Fastball,,foul,L,R,ATL,LAA,100.80,82.70,64,,,,3,2,2023,2023-07
2023-07-31,2023,R,625643,645277,FF,4-Seam Fastball,,foul,L,R,ATL,LAA,101.00,,,,,,3,2,2023,2023-07
2023-07-31,2023,R,625643,645277,FF,4-Seam Fastball,,foul,L,R,ATL,LAA,100.00,43.90,20,,,,3,1,2023,2023-07
2023-07-31,2023,R,625643,645277,FF,4-Seam Fastball,,ball,L,R,ATL,LAA,100.70,,,,,,2,1,2023,2023-07
2023-07-31,2023,R,625643,645277,CH,Changeup,,ball,L,R,ATL,LAA,91.40,,,,,,1,1,2023,2023-07
2023-07-31,2023,R,625643,645277,SL,Slider,,swinging_strike,L,R,ATL,LAA,88.90,,,,,,1,0,2023,2023-07
2023-07-31,2023,R,625643,645277,FF,4-Seam Fastball,,ball,L,R,ATL,LAA,100.40,,,,,,0,0,2023,2023-07
2023-07-31,2023,R,625643,660670,FF,4-Seam Fastball,strikeout,swinging_strike,R,R,ATL,LAA,100.80,,,,,,2,2,2023,2023-07
2023-07-31,2023,R,625643,660670,FF,4-Seam Fastball,,called_strike,R,R,ATL,LAA,100.50,,,,,,2,1,2023,2023-07
2023-07-31,2023,R,625643,660670,FF,4-Seam Fastball,,called_strike,R,R,ATL,LAA,100.00,,,,,,2,0,2023,2023-07
2023-07-31,2023,R,625643,660670,FF,4-Seam Fastball,,ball,R,R,ATL,LAA,99.50,,,,,,1,0,2023,2023-07
2023-07-31,2023,R,625643,660670,FF,4-Seam Fastball,,ball,R,R,ATL,LAA,99.10,,,,,,0,0,2023,2023-07
2023-07-31,2023,R,625643,663586,FF,4-Seam Fastball,field_out,hit_into_play,R,R,ATL,LAA,99.70,72.90,7,105.21,140.76,ground_ball,3,2,2023,2023-07
2023-07-31,2023,R,625643,663586,FF,4-Seam Fastball,,foul,R,R,ATL,LAA,100.50,83.90,18,,,,3,2,2023,2023-07
2023-07-31,2023,R,625643,663586,FF,4-Seam Fastball,,called_strike,R,R,ATL,LAA,99.30,,,,,,3,1,2023,2023-07
2023-07-31,2023,R,625643,663586,FF,4-Seam Fastball,,ball,R,R,ATL,LAA,99.70,,,,,,2,1,2023,2023-07
2023-07-31,2023,R,625643,663586,SL,Slider,,swinging_strike,R,R,ATL,LAA,88.20,,,,,,2,0,2023,2023-07
2023-07-31,2023,R,625643,663586,FF,4-Seam Fastball,,ball,R,R,ATL,LAA,99.20,,,,,,1,0,2023,2023-07
2023-07-31,2023,R,625643,663586,,,,automatic_ball,R,R,ATL,LAA,84.70,,,,,,0,0,2023,2023-07
2023-07-31,2023,R,640448,592885,FS,Split-Finger,strikeout,swinging_strike,L,R,WSH,MIL,92.90,,,,,,0,2,2023,2023-07
2023-07-31,2023,R,640448,592885,FF,4-Seam Fastball,,foul,L,R,WSH,MIL,97.50,72.00,55,,,,0,2,2023,2023-07
2023-07-31,2023,R,640448,592885,FF,4-Seam Fastball,,swinging_strike,L,R,WSH,MIL,97.70,,,,,,0,1,2023,2023-07
2023-07-31,2023,R,640448,592885,FF,4-Seam Fastball,,called_strike,L,R,WSH,MIL,98.00,,,,,,0,0,2023,2023-07
2023-07-31,2023,R,640448,680911,FF,4-Seam Fastball,field_out,hit_into_play,R,R,WSH,MIL,95.80,86.40,13,113.11,147.04,line_drive,2,2,2023,2023-07
2023-07-31,2023,R,640448,680911,FF,4-Seam Fastball,,ball,R,R,WSH,MIL,98.40,,,,,,1,2,2023,2023-07
2023-07-31,2023,R,640448,680911,FS,Split-Finger,,foul,R,R,WSH,MIL,89.00,76.10,34,,,,1,1,2023,2023-07
2023-07-31,2023,R,640448,680911,FF,4-Seam Fastball,,ball,R,R,WSH,MIL,98.60,,,,,,0,1,2023,2023-07
2023-07-31,2023,R,640448,680911,FF,4-Seam Fastball,,called_strike,R,R,WSH,MIL,96.50,,,,,,0,0,2023,2023-07
2023-07-31,2023,R,640448,686894,FF,4-Seam Fastball,field_out,hit_into_play,R,R,WSH,MIL,97.00,100.90,41,83.06,72.60,fly_ball,2,2,2023,2023-07
2023-07-31,2023,R,640448,686894,FF,4-Seam Fastball,,foul,R,R,WSH,MIL,98.50,75.50,28,,,,2,2,2023,2023-07
2023-07-31,2023,R,640448,686894,SL,Slider,,ball,R,R,WSH,MIL,91.90,,,,,,1,2,2023,2023-07
2023-07-31,2023,R,640448,686894,FF,4-Seam Fastball,,called_strike,R,R,WSH,MIL,98.40,,,,,,1,1,2023,2023-07
2023-07-31,2023,R,640448,686894,FS,Split-Finger,,ball,R,R,WSH,MIL,90.30,,,,,,0,1,2023,2023-07
2023-07-31,2023,R,640448,686894,FF,4-Seam Fastball,,foul,R,R,WSH,MIL,97.60,80.20,20,,,,0,0,2023,2023-07
2023-07-31,2023,R,640462,595909,FF,4-Seam Fastball,strikeout,foul_tip,L,L,MIA,PHI,95.40,,,,,,3,2,2023,2023-07
2023-07-31,2023,R,640462,595909,FF,4-Seam Fastball,,foul,L,L,MIA,PHI,96.00,,,,,,3,2,2023,2023-07
2023-07-31,2023,R,640462,595909,ST,Sweeper,,ball,L,L,MIA,PHI,83.50,,,,,,2,2,2023,2023-07
2023-07-31,2023,R,640462,595909,FF,4-Seam Fastball,,ball,L,L,MIA,PHI,95.90,,,,,,1,2,2023,2023-07
2023-07-31,2023,R,640462,595909,ST,Sweeper,,ball,L,L,MIA,PHI,83.20,,,,,,0,2,2023,2023-07
2023-07-31,2023,R,640462,595909,FF,4-Seam Fastball,,called_strike,L,L,MIA,PHI,96.20,,,,,,0,1,2023,2023-07
2023-07-31,2023,R,640462,595909,ST,Sweeper,,called_strike,L,L,MIA,PHI,82.90,,,,,,0,0,2023,2023-07
2023-07-31,2023,R,640462,669016,ST,Sweeper,field_out,hit_into_play,L,L,MIA,PHI,84.40,61.60,-24,154.16,173.03,ground_ball,1,2,2023,2023-07
2023-07-31,2023,R,640462,669016,ST,Sweeper,,ball,L,L,MIA,PHI,84.80,,,,,,0,2,2023,2023-07
2023-07-31,2023,R,640462,669016,SI,Sinker,,called_strike,L,L,MIA,PHI,94.90,,,,,,0,1,2023,2023-07
2023-07-31,2023,R,640462,669016,ST,Sweeper,,called_strike,L,L,MIA,PHI,82.30,,,,,,0,0,2023,2023-07
2023-07-31,2023,R,640462,679032,FF,4-Seam Fastball,strikeout,swinging_strike,R,L,MIA,PHI,96.90,,,,,,0,2,2023,2023-07
2023-07-31,2023,R,640462,679032,SI,Sinker,,foul,R,L,MIA,PHI,95.60,77.50,11,,,,0,1,2023,2023-07
2023-07-31,2023,R,640462,679032,FF,4-Seam Fastball,,called_strike,R,L,MIA,PHI,95.10,,,,,,0,0,2023,2023-07
2023-07-31,2023,R,641585,605137,FF,4-Seam Fastball,grounded_into_double_play,hit_into_play,L,R,HOU,CLE,92.70,105.60,0,110.95,156.78,ground_ball,0,0,2023,2023-07
2023-07-31,2023,R,641585,605137,FF,4-Seam Fastball,field_out,hit_into_play,L,R,HOU,CLE,93.60,91.70,19,170.55,99.31,line_drive,1,1,2023,2023-07
2023-07-31,2023,R,641585,605137,CU,Curveball,,swinging_strike,L,R,HOU,CLE,76.10,,,,,,1,0,2023,2023-07
2023-07-31,2023,R,641585,605137,FC,Cutter,,ball,L,R,HOU,CLE,89.00,,,,,,0,0,2023,2023-07
2023-07-31,2023,R,641585,605137,CH,Changeup,single,hit_into_play,L,R,HOU,CLE,83.50,89.30,16,199.59,105.14,line_drive,1,0,2023,2023-07
2023-07-31,2023,R,641585,605137,CU,Curveball,,ball,L,R,HOU,CLE,77.80,,,,,,0,0,2023,2023-07
2023-07-31,2023,R,641585,608070,CH,Changeup,field_out,hit_into_play,L,R,HOU,CLE,81.50,67.00,20,128.52,127.14,line_drive,1,2,2023,2023-07
2023-07-31,2023,R,641585,608070,CU,Curveball,,blocked_ball,L,R,HOU,CLE,78.70,,,,,,0,2,2023,2023-07
2023-07-31,2023,R,641585,608070,CU,Curveball,,foul,L,R,HOU,CLE,75.80,80.00,-17,,,,0,1,2023,2023-07
2023-07-31,2023,R,641585,608070,FF,4-Seam Fastball,,called_strike,L,R,HOU,CLE,92.50,,,,,,0,0,2023,2023-07
2023-07-31,2023,R,641585,608070,CH,Changeup,strikeout,swinging_strike,L,R,HOU,CLE,82.00,,,,,,3,2,2023,2023-07
2023-07-31,2023,R,641585,608070,FC,Cutter,,ball,L,R,HOU,CLE,89.10,,,,,,2,2,2023,2023-07
2023-07-31,2023,R,641585,608070,CH,Changeup,,ball,L,R,HOU,CLE,84.00,,,,,,1,2,2023,2023-07
2023-07-31,2023,R,641585,608070,FF,4-Seam Fastball,,ball,L,R,HOU,CLE,93.90,,,,,,0,2,2023,2023-07
2023-07-31,2023,R,641585,608070,FC,Cutter,,foul,L,R,HOU,CLE,88.80,62.00,53,,,,0,1,2023,2023-07
2023-07-31,2023,R,641585,608070,CU,Curveball,,called_strike,L,R,HOU,CLE,76.90,,,,,,0,0,2023,2023-07
2023-07-31,2023,R,641585,608070,FF,4-Seam Fastball,single,hit_into_play,L,R,HOU,CLE,94.80,104.40,12,164.60,83.05,line_drive,0,0,2023,2023-07
2023-07-31,2023,R,641585,647304,FC,Cutter,walk,ball,L,R,HOU,CLE,86.90,,,,,,3,1,2023,2023-07
2023-07-31,2023,R,641585,647304,CU,Curveball,,ball,L,R,HOU,CLE,76.10,,,,,,2,1,2023,2023-07
2023-07-31,2023,R,641585,647304,CH,Changeup,,ball,L,R,HOU,CLE,82.50,,,,,,1,1,2023,2023-07
2023-07-31,2023,R,641585,647304,CU,Curveball,,ball,L,R,HOU,CLE,76.20,,,,,,0,1,2023,2023-07
2023-07-31,2023,R,641585,647304,FC,Cutter,,swinging_strike,L,R,HOU,CLE,88.70,,,,,,0,0,2023,2023-07
2023-07-31,2023,R,641585,647304,CH,Changeup,field_out,hit_into_play,L,R,HOU,CLE,83.40,53.70,-47,118.97,165.09,ground_ball,2,0,2023,2023-07
2023-07-31,2023,R,641585,647304,CH,Changeup,,ball,L,R,HOU,CLE,84.00,,,,,,1,0,2023,2023-07
2023-07-31,2023,R,641585,647304,CU,Curveball,,ball,L,R,HOU,CLE,75.50,,,,,,0,0,2023,2023-07
2023-07-31,2023,R,641585,647304,CH,Changeup,field_out,hit_into_play,L,R,HOU,CLE,83.90,76.70,-20,154.25,149.35,ground_ball,0,0,2023,2023-07
2023-07-31,2023,R,641585,664702,FF,4-Seam Fastball,field_out,hit_into_play,R,R,HOU,CLE,92.40,90.90,43,160.56,87.35,fly_ball,1,2,2023,2023-07
2023-07-31,2023,R,641585,664702,FF,4-Seam Fastball,,ball,R,R,HOU,CLE,93.20,,,,,,0,2,2023,2023-07
2023-07-31,2023,R,641585,664702,FF,4-Seam Fastball,,foul,R,R,HOU,CLE,91.60,,,,,,0,2,2023,2023-07
2023-07-31,2023,R,641585,664702,FF,4-Seam Fastball,,foul,R,R,HOU,CLE,92.60,73.20,53,,,,0,1,2023,2023-07
2023-07-31,2023,R,641585,664702,FF,4-Seam Fastball,,foul,R,R,HOU,CLE,92.20,59.80,48,,,,0,0,2023,2023-07
2023-07-31,2023,R,641585,664702,ST,Sweeper,single,hit_into_play,R,R,HOU,CLE,79.80,80.20,18,131.95,89.03,line_drive,0,2,2023,2023-07
2023-07-31,2023,R,641585,664702,FF,4-Seam Fastball,,foul,R,R,HOU,CLE,93.30,73.00,73,,,,0,2,2023,2023-07
2023-07-31,2023,R,641585,664702,FF,4-Seam Fastball,,called_strike,R,R,HOU,CLE,93.10,,,,,,0,1,2023,2023-07
2023-07-31,2023,R,641585,664702,FF,4-Seam Fastball,,called_strike,R,R,HOU,CLE,93.30,,,,,,0,0,2023,2023-07
2023-07-31,2023,R,641585,664702,FF,4-Seam Fastball,sac_fly,hit_into_play,R,R,HOU,CLE,93.60,91.00,33,125.95,60.55,fly_ball,2,2,2023,2023-07
2023-07-31,2023,R,641585,664702,FC,Cutter,,ball,R,R,HOU,CLE,88.60,,,,,,1,2,2023,2023-07
2023-07-31,2023,R,641585,664702,FF,4-Seam Fastball,,foul,R,R,HOU,CLE,94.00,79.40,67,,,,1,1,2023,2023-07
2023-07-31,2023,R,641585,664702,FC,Cutter,,ball,R,R,HOU,CLE,89.10,,,,,,0,1,2023,2023-07
2023-07-31,2023,R,641585,664702,FC,Cutter,,called_strike,R,R,HOU,CLE,89.80,,,,,,0,0,2023,2023-07
2023-07-31,2023,R,641585,665926,CU,Curveball,strikeout,swinging_strike,L,R,HOU,CLE,75.00,,,,,,2,2,2023,2023-07
2023-07-31,2023,R,641585,665926,CH,Changeup,,ball,L,R,HOU,CLE,82.30,,,,,,1,2,2023,2023-07
2023-07-31,2023,R,641585,665926,CH,Changeup,,ball,L,R,HOU,CLE,82.40,,,,,,0,2,2023,2023-07
2023-07-31,2023,R,641585,665926,CU,Curveball,,swinging_strike,L,R,HOU,CLE,75.10,,,,,,0,1,2023,2023-07
2023-07-31,2023,R,641585,665926,FC,Cutter,,called_strike,L,R,HOU,CLE,88.60,,,,,,0,0,2023,2023-07
2023-07-31,2023,R,641585,665926,CH,Changeup,strikeout,called_strike,L,R,HOU,CLE,81.40,,,,,,3,2,2023,2023-07
2023-07-31,2023,R,641585,665926,CH,Changeup,,foul,L,R,HOU,CLE,81.80,79.40,47,,,,3,2,2023,2023-07
2023-07-31,2023,R,641585,665926,FF,4-Seam Fastball,,foul,L,R,HOU,CLE,93.90,,,,,,3,2,2023,2023-07
2023-07-31,2023,R,641585,665926,CH,Changeup,,ball,L,R,HOU,CLE,84.10,,,,,,2,2,2023,2023-07
2023-07-31,2023,R,641585,665926,FF,4-Seam Fastball,,ball,L,R,HOU,CLE,93.30,,,,,,1,2,2023,2023-07
2023-07-31,2023,R,641585,665926,CU,Curveball,,foul,L,R,HOU,CLE,77.90,53.40,-27,,,,1,2,2023,2023-07
2023-07-31,2023,R,641585,665926,CH,Changeup,,ball,L,R,HOU,CLE,85.10,,,,,,0,2,2023,2023-07
2023-07-31,2023,R,641585,665926,FF,4-Seam Fastball,,called_strike,L,R,HOU,CLE,94.20,,,,,,0,1,2023,2023-07
2023-07-31,2023,R,641585,665926,CU,Curveball,,called_strike,L,R,HOU,CLE,76.40,,,,,,0,0,2023,2023-07
2023-07-31,2023,R,641585,665926,CH,Changeup,field_out,hit_into_play,L,R,HOU,CLE,84.10,101.00,-4,140.11,160.48,ground_ball,1,1,2023,2023-07
2023-07-31,2023,R,641585,665926,CH,Changeup,,ball,L,R,HOU,CLE,84.40,,,,,,0,1,2023,2023-07
2023-07-31,2023,R,641585,665926,FF,4-Seam Fastball,,called_strike,L,R,HOU,CLE,94.40,,,,,,0,0,2023,2023-07
2023-07-31,2023,R,641585,666310,CU,Curveball,strikeout,swinging_strike,L,R,HOU,CLE,75.60,,,,,,1,2,2023,2023-07
2023-07-31,2023,R,641585,666310,FC,Cutter,,foul,L,R,HOU,CLE,87.50,82.50,58,,,,1,1,2023,2023-07
2023-07-31,2023,R,641585,666310,FF,4-Seam Fastball,,ball,L,R,HOU,CLE,91.70,,,,,,0,1,2023,2023-07
2023-07-31,2023,R,641585,666310,FC,Cutter,,called_strike,L,R,HOU,CLE,86.20,,,,,,0,0,2023,2023-07
2023-07-31,2023,R,641585,666310,FC,Cutter,field_out,hit_into_play,L,R,HOU,CLE,89.10,99.00,-21,151.58,159.21,ground_ball,0,1,2023,2023-07
2023-07-31,2023,R,641585,666310,CU,Curveball,,called_strike,L,R,HOU,CLE,74.80,,,,,,0,0,2023,2023-07
2023-07-31,2023,R,641585,666310,CH,Changeup,double,hit_into_play,L,R,HOU,CLE,82.10,95.30,15,191.29,120.17,line_drive,3,1,2023,2023-07
2023-07-31,2023,R,641585,666310,CH,Changeup,,ball,L,R,HOU,CLE,82.70,,,,,,2,1,2023,2023-07
2023-07-31,2023,R,641585,666310,CH,Changeup,,blocked_ball,L,R,HOU,CLE,83.40,,,,,,1,1,2023,2023-07
2023-07-31,2023,R,641585,666310,FF,4-Seam Fastball,,ball,L,R,HOU,CLE,93.70,,,,,,0,1,2023,2023-07
2023-07-31,2023,R,641585,666310,FF,4-Seam Fastball,,called_strike,L,R,HOU,CLE,93.50,,,,,,0,0,2023,2023-07
2023-07-31,2023,R,641585,672356,FC,Cutter,single,hit_into_play,R,R,HOU,CLE,85.30,107.60,10,176.87,94.52,line_drive,0,1,2023,2023-07
2023-07-31,2023,R,641585,672356,FF,4-Seam Fastball,,called_strike,R,R,HOU,CLE,90.90,,,,,,0,0,2023,2023-07
2023-07-31,2023,R,641585,672356,ST,Sweeper,strikeout,swinging_strike,R,R,HOU,CLE,80.00,,,,,,3,2,2023,2023-07
2023-07-31,2023,R,641585,672356,FC,Cutter,,ball,R,R,HOU,CLE,88.80,,,,,,2,2,2023,2023-07
2023-07-31,2023,R,641585,672356,FF,4-Seam Fastball,,foul,R,R,HOU,CLE,94.30,70.20,-47,,,,2,1,2023,2023-07
2023-07-31,2023,R,641585,672356,FF,4-Seam Fastball,,ball,R,R,HOU,CLE,94.00,,,,,,1,1,2023,2023-07
2023-07-31,2023,R,641585,672356,FC,Cutter,,swinging_strike,R,R,HOU,CLE,87.70,,,,,,1,0,2023,2023-07
2023-07-31,2023,R,641585,672356,FC,Cutter,,ball,R,R,HOU,CLE,89.90,,,,,,0,0,2023,2023-07
2023-07-31,2023,R,641585,672356,FC,Cutter,single,hit_into_play,R,R,HOU,CLE,90.20,94.00,-32,124.09,99.53,ground_ball,0,0,2023,2023-07
2023-07-31,2023,R,641585,680757,FF,4-Seam Fastball,single,hit_into_play,L,R,HOU,CLE,93.00,89.30,13,90.52,87.53,line_drive,0,0,2023,2023-07
2023-07-31,2023,R,641585,680757,FF,4-Seam Fastball,walk,ball,L,R,HOU,CLE,92.20,,,,,,3,0,2023,2023-07
2023-07-31,2023,R,641585,680757,CU,Curveball,,blocked_ball,L,R,HOU,CLE,75.90,,,,,,2,0,2023,2023-07
2023-07-31,2023,R,641585,680757,FF,4-Seam Fastball,,ball,L,R,HOU,CLE,93.00,,,,,,1,0,2023,2023-07
2023-07-31,2023,R,641585,680757,FF,4-Seam Fastball,,ball,L,R,HOU,CLE,93.30,,,,,,0,0,2023,2023-07
2023-07-31,2023,R,641585,680757,CU,Curveball,field_out,hit_into_play,L,R,HOU,CLE,78.10,88.30,-35,149.76,160.42,ground_ball,0,2,2023,2023-07
2023-07-31,2023,R,641585,680757,FF,4-Seam Fastball,,foul,L,R,HOU,CLE,94.40,61.20,50,,,,0,1,2023,2023-07
2023-07-31,2023,R,641585,680757,CU,Curveball,,called_strike,L,R,HOU,CLE,76.30,,,,,,0,0,2023,2023-07
2023-07-31,2023,R,641585,680757,CH,Changeup,field_out,hit_into_play,L,R,HOU,CLE,84.70,91.00,23,186.60,86.10,line_drive,1,1,2023,2023-07
2023-07-31,2023,R,641585,680757,FF,4-Seam Fastball,,ball,L,R,HOU,CLE,93.40,,,,,,0,1,2023,2023-07
2023-07-31,2023,R,641585,680757,FF,4-Seam Fastball,,called_strike,L,R,HOU,CLE,93.80,,,,,,0,0,2023,2023-07
2023-07-31,2023,R,641585,686823,CH,Changeup,field_out,hit_into_play,L,R,HOU,CLE,82.60,92.90,-54,147.33,167.09,ground_ball,1,2,2023,2023-07
2023-07-31,2023,R,641585,686823,CU,Curveball,,ball,L,R,HOU,CLE,75.80,,,,,,0,2,2023,2023-07
2023-07-31,2023,R,641585,686823,CH,Changeup,,foul,L,R,HOU,CLE,82.20,67.80,53,,,,0,1,2023,2023-07
2023-07-31,2023,R,641585,686823,FF,4-Seam Fastball,,called_strike,L,R,HOU,CLE,93.50,,,,,,0,0,2023,2023-07
2023-07-31,2023,R,641585,686823,CH,Changeup,field_out,hit_into_play,L,R,HOU,CLE,83.80,90.70,-9,161.89,166.49,ground_ball,0,0,2023,2023-07
2023-07-31,2023,R,641585,686823,CH,Changeup,strikeout,swinging_strike,L,R,HOU,CLE,83.70,,,,,,1,2,2023,2023-07
2023-07-31,2023,R,641585,686823,FF,4-Seam Fastball,,ball,L,R,HOU,CLE,93.40,,,,,,0,2,2023,2023-07
2023-07-31,2023,R,641585,686823,FF,4-Seam Fastball,,called_strike,L,R,HOU,CLE,94.10,,,,,,0,1,2023,2023-07
2023-07-31,2023,R,641585,686823,FF,4-Seam Fastball,,foul,L,R,HOU,CLE,94.00,77.40,27,,,,0,0,2023,2023-07
2023-07-31,2023,R,642048,608701,SI,Sinker,walk,ball,R,L,SEA,BOS,92.20,,,,,,3,1,2023,2023-07
2023-07-31,2023,R,642048,608701,SL,Slider,,ball,R,L,SEA,BOS,79.40,,,,,,2,1,2023,2023-07
2023-07-31,2023,R,642048,608701,CH,Changeup,,blocked_ball,R,L,SEA,BOS,86.30,,,,,,1,1,2023,2023-07
2023-07-31,2023,R,642048,608701,CU,Curveball,,ball,R,L,SEA,BOS,77.40,,,,,,0,1,2023,2023-07
2023-07-31,2023,R,642048,608701,SI,Sinker,,foul,R,L,SEA,BOS,91.20,71.00,22,,,,0,0,2023,2023-07
2023-07-31,2023,R,642048,646240,SI,Sinker,single,hit_into_play,L,L,SEA,BOS,92.70,95.40,-10,147.46,94.80,ground_ball,0,1,2023,2023-07
2023-07-31,2023,R,642048,646240,SI,Sinker,,called_strike,L,L,SEA,BOS,92.50,,,,,,0,0,2023,2023-07
2023-07-31,2023,R,642048,807799,SL,Slider,field_out,hit_into_play,L,L,SEA,BOS,80.50,96.90,-3,138.84,145.50,ground_ball,0,2,2023,2023-07
2023-07-31,2023,R,642048,807799,CU,Curveball,,foul,L,L,SEA,BOS,76.60,64.40,-24,,,,0,1,2023,2023-07
2023-07-31,2023,R,642048,807799,SI,Sinker,,called_strike,L,L,SEA,BOS,92.20,,,,,,0,0,2023,2023-07
2023-07-31,2023,R,642100,646240,SI,Sinker,single,hit_into_play,L,L,SEA,BOS,91.90,103.20,0,136.30,92.77,ground_ball,0,1,2023,2023-07
2023-07-31,2023,R,642100,646240,SI,Sinker,,called_strike,L,L,SEA,BOS,93.00,,,,,,0,0,2023,2023-07
2023-07-31,2023,R,642100,657077,SL,Slider,grounded_into_double_play,hit_into_play,L,L,SEA,BOS,82.10,100.20,1,148.98,153.10,ground_ball,0,1,2023,2023-07
2023-07-31,2023,R,642100,657077,SI,Sinker,,called_strike,L,L,SEA,BOS,93.30,,,,,,0,0,2023,2023-07
2023-07-31,2023,R,642100,657136,SL,Slider,field_out,hit_into_play,R,L,SEA,BOS,85.10,85.70,-19,94.23,169.32,ground_ball,2,2,2023,2023-07
2023-07-31,2023,R,642100,657136,FF,4-Seam Fastball,,ball,R,L,SEA,BOS,94.30,,,,,,1,2,2023,2023-07
2023-07-31,2023,R,642100,657136,SL,Slider,,blocked_ball,R,L,SEA,BOS,85.80,,,,,,0,2,2023,2023-07
2023-07-31,2023,R,642100,657136,SI,Sinker,,foul,R,L,SEA,BOS,94.50,71.70,54,,,,0,1,2023,2023-07
2023-07-31,2023,R,642100,657136,SI,Sinker,,swinging_strike,R,L,SEA,BOS,94.20,,,,,,0,0,2023,2023-07
2023-07-31,2023,R,642100,671213,SI,Sinker,single,hit_into_play,L,L,SEA,BOS,93.60,107.40,5,118.05,99.87,ground_ball,1,1,2023,2023-07
2023-07-31,2023,R,642100,671213,SL,Slider,,blocked_ball,L,L,SEA,BOS,82.80,,,,,,0,1,2023,2023-07
2023-07-31,2023,R,642100,671213,SL,Slider,,called_strike,L,L,SEA,BOS,82.40,,,,,,0,0,2023,2023-07
2023-07-31,2023,R,642585,593160,SI,Sinker,field_out,hit_into_play,R,R,TOR,BAL,99.60,80.60,25,109.55,82.02,line_drive,0,2,2023,2023-07
2023-07-31,2023,R,642585,593160,SI,Sinker,,foul,R,R,TOR,BAL,100.00,77.70,19,,,,0,2,2023,2023-07
2023-07-31,2023,R,642585,593160,FS,Split-Finger,,foul,R,R,TOR,BAL,89.50,,,,,,0,1,2023,2023-07
2023-07-31,2023,R,642585,593160,SI,Sinker,,foul,R,R,TOR,BAL,101.10,74.80,64,,,,0,0,2023,2023-07
2023-07-31,2023,R,642585,595281,SI,Sinker,walk,ball,L,R,TOR,BAL,99.90,,,,,,3,2,2023,2023-07
2023-07-31,2023,R,642585,595281,SI,Sinker,,foul,L,R,TOR,BAL,99.40,91.10,86,,,,3,2,2023,2023-07
2023-07-31,2023,R,642585,595281,SI,Sinker,,called_strike,L,R,TOR,BAL,99.20,,,,,,3,1,2023,2023-07
2023-07-31,2023,R,642585,595281,FS,Split-Finger,,ball,L,R,TOR,BAL,89.50,,,,,,2,1,2023,2023-07
2023-07-31,2023,R,642585,595281,SI,Sinker,,swinging_strike,L,R,TOR,BAL,98.70,,,,,,2,0,2023,2023-07
2023-07-31,2023,R,642585,595281,FS,Split-Finger,,ball,L,R,TOR,BAL,86.90,,,,,,1,0,2023,2023-07
2023-07-31,2023,R,642585,595281,SI,Sinker,,ball,L,R,TOR,BAL,99.30,,,,,,0,0,2023,2023-07
2023-07-31,2023,R,642585,643376,SI,Sinker,strikeout,swinging_strike,R,R,TOR,BAL,100.50,,,,,,2,2,2023,2023-07
2023-07-31,2023,R,642585,643376,SL,Slider,,foul,R,R,TOR,BAL,89.10,71.50,56,,,,2,1,2023,2023-07
2023-07-31,2023,R,642585,643376,SI,Sinker,,ball,R,R,TOR,BAL,99.20,,,,,,1,1,2023,2023-07
2023-07-31,2023,R,642585,643376,SI,Sinker,,ball,R,R,TOR,BAL,99.80,,,,,,0,1,2023,2023-07
2023-07-31,2023,R,642585,643376,SI,Sinker,,called_strike,R,R,TOR,BAL,99.50,,,,,,0,0,2023,2023-07
2023-07-31,2023,R,642585,656305,SI,Sinker,strikeout,called_strike,R,R,TOR,BAL,99.50,,,,,,1,2,2023,2023-07
2023-07-31,2023,R,642585,656305,FS,Split-Finger,,swinging_strike,R,R,TOR,BAL,87.90,,,,,,1,1,2023,2023-07
2023-07-31,2023,R,642585,656305,SI,Sinker,,ball,R,R,TOR,BAL,100.00,,,,,,0,1,2023,2023-07
2023-07-31,2023,R,642585,656305,SI,Sinker,,foul_tip,R,R,TOR,BAL,97.90,,,,,,0,0,2023,2023-07
2023-07-31,2023,R,642585,662139,FS,Split-Finger,field_out,hit_into_play,L,R,TOR,BAL,89.80,78.30,51,153.16,114.99,fly_ball,0,1,2023,2023-07
2023-07-31,2023,R,642585,662139,SI,Sinker,,foul_tip,L,R,TOR,BAL,100.30,,,,,,0,0,2023,2023-07
2023-07-31,2023,R,642585,669289,FS,Split-Finger,strikeout,swinging_strike_blocked,R,R,TOR,BAL,90.40,,,,,,2,2,2023,2023-07
2023-07-31,2023,R,642585,669289,SI,Sinker,,foul,R,R,TOR,BAL,102.20,86.60,18,,,,2,2,2023,2023-07
2023-07-31,2023,R,642585,669289,SI,Sinker,,called_strike,R,R,TOR,BAL,100.90,,,,,,2,1,2023,2023-07
2023-07-31,2023,R,642585,669289,SI,Sinker,,foul_tip,R,R,TOR,BAL,100.30,,,,,,2,0,2023,2023-07
2023-07-31,2023,R,642585,669289,SL,Slider,,ball,R,R,TOR,BAL,88.20,,,,,,1,0,2023,2023-07
2023-07-31,2023,R,642585,669289,SI,Sinker,,ball,R,R,TOR,BAL,101.10,,,,,,0,0,2023,2023-07
2023-07-31,2023,R,642585,672386,SL,Slider,walk,ball,R,R,TOR,BAL,86.10,,,,,,3,2,2023,2023-07
2023-07-31,2023,R,642585,672386,SI,Sinker,,foul,R,R,TOR,BAL,98.80,78.00,21,,,,3,2,2023,2023-07
2023-07-31,2023,R,642585,672386,SI,Sinker,,ball,R,R,TOR,BAL,100.40,,,,,,2,2,2023,2023-07
2023-07-31,2023,R,642585,672386,SI,Sinker,,foul_tip,R,R,TOR,BAL,98.70,,,,,,2,1,2023,2023-07
2023-07-31,2023,R,642585,672386,SI,Sinker,,ball,R,R,TOR,BAL,99.20,,,,,,1,1,2023,2023-07
2023-07-31,2023,R,642585,672386,SI,Sinker,,ball,R,R,TOR,BAL,101.00,,,,,,0,1,2023,2023-07
2023-07-31,2023,R,642585,672386,SI,Sinker,,called_strike,R,R,TOR,BAL,98.40,,,,,,0,0,2023,2023-07
2023-07-31,2023,R,643410,641584,FS,Split-Finger,strikeout,swinging_strike,L,R,CHC,CIN,84.00,,,,,,3,2,2023,2023-07
2023-07-31,2023,R,643410,641584,FC,Cutter,,foul,L,R,CHC,CIN,89.60,97.00,-3,,,,3,1,2023,2023-07
2023-07-31,2023,R,643410,641584,FC,Cutter,,ball,L,R,CHC,CIN,90.30,,,,,,2,1,2023,2023-07
2023-07-31,2023,R,643410,641584,SI,Sinker,,ball,L,R,CHC,CIN,90.30,,,,,,1,1,2023,2023-07
2023-07-31,2023,R,643410,641584,FS,Split-Finger,,ball,L,R,CHC,CIN,84.40,,,,,,0,1,2023,2023-07
2023-07-31,2023,R,643410,641584,FC,Cutter,,foul,L,R,CHC,CIN,90.10,81.70,-9,,,,0,0,2023,2023-07
2023-07-31,2023,R,643410,670770,FS,Split-Finger,strikeout,swinging_strike,L,R,CHC,CIN,85.00,,,,,,1,2,2023,2023-07
2023-07-31,2023,R,643410,670770,CU,Curveball,,foul_bunt,L,R,CHC,CIN,73.60,,,,,,1,1,2023,2023-07
2023-07-31,2023,R,643410,670770,SI,Sinker,,called_strike,L,R,CHC,CIN,91.50,,,,,,1,0,2023,2023-07
2023-07-31,2023,R,643410,670770,FC,Cutter,,ball,L,R,CHC,CIN,88.20,,,,,,0,0,2023,2023-07
2023-07-31,2023,R,643410,680574,FS,Split-Finger,field_out,hit_into_play,R,R,CHC,CIN,85.20,70.40,8,128.29,171.75,line_drive,0,1,2023,2023-07
2023-07-31,2023,R,643410,680574,SI,Sinker,,foul_tip,R,R,CHC,CIN,91.00,,,,,,0,0,2023,2023-07
2023-07-31,2023,R,643511,606466,SL,Slider,strikeout,swinging_strike,L,R,SF,AZ,73.60,,,,,,1,2,2023,2023-07
2023-07-31,2023,R,643511,606466,SI,Sinker,,ball,L,R,SF,AZ,84.00,,,,,,0,2,2023,2023-07
2023-07-31,2023,R,643511,606466,SI,Sinker,,foul,L,R,SF,AZ,82.60,,-26,,,,0,2,2023,2023-07
2023-07-31,2023,R,643511,606466,SI,Sinker,,called_strike,L,R,SF,AZ,83.80,,,,,,0,1,2023,2023-07
2023-07-31,2023,R,643511,606466,SL,Slider,,foul,L,R,SF,AZ,74.10,62.50,18,,,,0,0,2023,2023-07
2023-07-31,2023,R,643511,672695,SL,Slider,field_out,hit_into_play,L,R,SF,AZ,73.80,95.50,28,154.70,48.32,fly_ball,1,2,2023,2023-07
2023-07-31,2023,R,643511,672695,SI,Sinker,,foul,L,R,SF,AZ,83.00,47.10,17,,,,1,2,2023,2023-07
2023-07-31,2023,R,643511,672695,SI,Sinker,,ball,L,R,SF,AZ,84.90,,,,,,0,2,2023,2023-07
2023-07-31,2023,R,643511,672695,SL,Slider,,foul,L,R,SF,AZ,73.40,61.40,30,,,,0,2,2023,2023-07
2023-07-31,2023,R,643511,672695,SI,Sinker,,called_strike,L,R,SF,AZ,83.10,,,,,,0,1,2023,2023-07
2023-07-31,2023,R,643511,672695,SI,Sinker,,called_strike,L,R,SF,AZ,82.30,,,,,,0,0,2023,2023-07
2023-07-31,2023,R,643511,682998,SL,Slider,strikeout,swinging_strike,L,R,SF,AZ,72.40,,,,,,2,2,2023,2023-07
2023-07-31,2023,R,643511,682998,SI,Sinker,,foul,L,R,SF,AZ,83.80,,,,,,2,2,2023,2023-07
2023-07-31,2023,R,643511,682998,SI,Sinker,,called_strike,L,R,SF,AZ,82.90,,,,,,2,1,2023,2023-07
2023-07-31,2023,R,643511,682998,SI,Sinker,,swinging_strike,L,R,SF,AZ,83.70,,,,,,2,0,2023,2023-07
2023-07-31,2023,R,643511,682998,SI,Sinker,,ball,L,R,SF,AZ,83.00,,,,,,1,0,2023,2023-07
2023-07-31,2023,R,643511,682998,SI,Sinker,,ball,L,R,SF,AZ,84.00,,,,,,0,0,2023,2023-07
2023-07-31,2023,R,650556,605137,SL,Slider,strikeout,swinging_strike,L,R,HOU,CLE,88.30,,,,,,2,2,2023,2023-07
2023-07-31,2023,R,650556,605137,FF,4-Seam Fastball,,foul,L,R,HOU,CLE,98.60,83.40,63,,,,2,2,2023,2023-07
2023-07-31,2023,R,650556,605137,SL,Slider,,swinging_strike,L,R,HOU,CLE,88.60,,,,,,2,1,2023,2023-07
2023-07-31,2023,R,650556,605137,SL,Slider,,foul,L,R,HOU,CLE,88.50,66.80,27,,,,2,0,2023,2023-07
2023-07-31,2023,R,650556,605137,SL,Slider,,ball,L,R,HOU,CLE,88.20,,,,,,1,0,2023,2023-07
2023-07-31,2023,R,650556,605137,SL,Slider,,ball,L,R,HOU,CLE,87.60,,,,,,0,0,2023,2023-07
2023-07-31,2023,R,650556,608070,FF,4-Seam Fastball,walk,ball,L,R,HOU,CLE,95.40,,,,,,3,0,2023,2023-07
2023-07-31,2023,R,650556,608070,SL,Slider,,ball,L,R,HOU,CLE,87.00,,,,,,2,0,2023,2023-07
2023-07-31,2023,R,650556,608070,SL,Slider,,ball,L,R,HOU,CLE,87.50,,,,,,1,0,2023,2023-07
2023-07-31,2023,R,650556,608070,FF,4-Seam Fastball,,ball,L,R,HOU,CLE,97.30,,,,,,0,0,2023,2023-07
2023-07-31,2023,R,650556,647304,SL,Slider,field_out,hit_into_play,L,R,HOU,CLE,87.70,72.90,-13,157.22,167.98,ground_ball,1,1,2023,2023-07
2023-07-31,2023,R,650556,647304,FF,4-Seam Fastball,,ball,L,R,HOU,CLE,98.20,,,,,,0,1,2023,2023-07
2023-07-31,2023,R,650556,647304,FF,4-Seam Fastball,,foul,L,R,HOU,CLE,95.90,88.70,29,,,,0,0,2023,2023-07
2023-07-31,2023,R,650556,665926,SL,Slider,strikeout,called_strike,L,R,HOU,CLE,87.40,,,,,,3,2,2023,2023-07
2023-07-31,2023,R,650556,665926,SL,Slider,,swinging_strike,L,R,HOU,CLE,86.10,,,,,,3,1,2023,2023-07
2023-07-31,2023,R,650556,665926,FF,4-Seam Fastball,,ball,L,R,HOU,CLE,95.00,,,,,,2,1,2023,2023-07
2023-07-31,2023,R,650556,665926,FF,4-Seam Fastball,,foul,L,R,HOU,CLE,95.30,83.00,68,,,,2,0,2023,2023-07
2023-07-31,2023,R,650556,665926,FF,4-Seam Fastball,,ball,L,R,HOU,CLE,95.30,,,,,,1,0,2023,2023-07
2023-07-31,2023,R,650556,665926,CU,Curveball,,ball,L,R,HOU,CLE,81.10,,,,,,0,0,2023,2023-07
2023-07-31,2023,R,656234,596142,FC,Cutter,strikeout,swinging_strike_blocked,R,R,COL,SD,88.10,,,,,,1,2,2023,2023-07
2023-07-31,2023,R,656234,596142,SI,Sinker,,foul,R,R,COL,SD,94.50,,,,,,1,1,2023,2023-07
2023-07-31,2023,R,656234,596142,CU,Curveball,,ball,R,R,COL,SD,80.30,,,,,,0,1,2023,2023-07
2023-07-31,2023,R,656234,596142,FC,Cutter,,called_strike,R,R,COL,SD,88.50,,,,,,0,0,2023,2023-07
2023-07-31,2023,R,656234,663757,FC,Cutter,field_out,hit_into_play,L,R,COL,SD,90.50,101.70,54,202.22,98.22,fly_ball,0,1,2023,2023-07
2023-07-31,2023,R,656234,663757,SI,Sinker,,called_strike,L,R,COL,SD,93.40,,,,,,0,0,2023,2023-07
2023-07-31,2023,R,656234,673490,FC,Cutter,field_out,hit_into_play,R,R,COL,SD,88.20,62.60,-24,108.16,152.54,ground_ball,0,0,2023,2023-07
2023-07-31,2023,R,656234,676946,SI,Sinker,single,hit_into_play,R,R,COL,SD,93.40,99.30,-13,126.72,140.31,ground_ball,0,0,2023,2023-07
2023-07-31,2023,R,656464,527038,SL,Slider,strikeout,swinging_strike,R,R,SF,AZ,87.20,,,,,,1,2,2023,2023-07
2023-07-31,2023,R,656464,527038,SI,Sinker,,foul,R,R,SF,AZ,94.10,78.30,43,,,,1,2,2023,2023-07
2023-07-31,2023,R,656464,527038,FF,4-Seam Fastball,,foul,R,R,SF,AZ,95.00,85.30,40,,,,1,2,2023,2023-07
2023-07-31,2023,R,656464,527038,SL,Slider,,blocked_ball,R,R,SF,AZ,87.50,,,,,,0,2,2023,2023-07
2023-07-31,2023,R,656464,527038,SI,Sinker,,called_strike,R,R,SF,AZ,94.10,,,,,,0,1,2023,2023-07
2023-07-31,2023,R,656464,527038,SL,Slider,,foul,R,R,SF,AZ,85.20,,,,,,0,0,2023,2023-07
2023-07-31,2023,R,656464,596103,FF,4-Seam Fastball,walk,ball,R,R,SF,AZ,95.00,,,,,,3,2,2023,2023-07
2023-07-31,2023,R,656464,596103,SL,Slider,,ball,R,R,SF,AZ,86.90,,,,,,2,2,2023,2023-07
2023-07-31,2023,R,656464,596103,FF,4-Seam Fastball,,ball,R,R,SF,AZ,96.00,,,,,,1,2,2023,2023-07
2023-07-31,2023,R,656464,596103,FF,4-Seam Fastball,,swinging_strike,R,R,SF,AZ,94.30,,,,,,1,1,2023,2023-07
2023-07-31,2023,R,656464,596103,SI,Sinker,,called_strike,R,R,SF,AZ,95.00,,,,,,1,0,2023,2023-07
2023-07-31,2023,R,656464,596103,SL,Slider,,ball,R,R,SF,AZ,86.70,,,,,,0,0,2023,2023-07
2023-07-31,2023,R,656464,656371,SL,Slider,field_out,hit_into_play,L,R,SF,AZ,85.80,65.80,-45,147.88,179.90,ground_ball,2,2,2023,2023-07
2023-07-31,2023,R,656464,656371,SL,Slider,,ball,L,R,SF,AZ,86.60,,,,,,1,2,2023,2023-07
2023-07-31,2023,R,656464,656371,FF,4-Seam Fastball,,foul,L,R,SF,AZ,94.80,80.30,62,,,,1,1,2023,2023-07
2023-07-31,2023,R,656464,656371,SL,Slider,,foul,L,R,SF,AZ,83.80,71.50,18,,,,1,0,2023,2023-07
2023-07-31,2023,R,656464,656371,SL,Slider,,ball,L,R,SF,AZ,84.70,,,,,,0,0,2023,2023-07
2023-07-31,2023,R,656464,664774,FF,4-Seam Fastball,field_out,hit_into_play,L,R,SF,AZ,95.60,103.00,29,165.20,46.45,fly_ball,1,1,2023,2023-07
2023-07-31,2023,R,656464,664774,FF,4-Seam Fastball,,ball,L,R,SF,AZ,95.20,,,,,,0,1,2023,2023-07
2023-07-31,2023,R,656464,664774,FF,4-Seam Fastball,,foul,L,R,SF,AZ,95.50,85.20,18,,,,0,0,2023,2023-07
2023-07-31,2023,R,656464,682641,SL,Slider,walk,ball,R,R,SF,AZ,87.10,,,,,,3,2,2023,2023-07
2023-07-31,2023,R,656464,682641,SL,Slider,,ball,R,R,SF,AZ,87.20,,,,,,2,2,2023,2023-07
2023-07-31,2023,R,656464,682641,SL,Slider,,foul_tip,R,R,SF,AZ,87.30,,,,,,2,1,2023,2023-07
2023-07-31,2023,R,656464,682641,SL,Slider,,swinging_strike,R,R,SF,AZ,86.70,,,,,,2,0,2023,2023-07
2023-07-31,2023,R,656464,682641,FF,4-Seam Fastball,,ball,R,R,SF,AZ,94.70,,,,,,1,0,2023,2023-07
2023-07-31,2023,R,656464,682641,SI,Sinker,,ball,R,R,SF,AZ,94.90,,,,,,0,0,2023,2023-07
2023-07-31,2023,R,656546,542932,SL,Slider,force_out,hit_into_play,R,R,MIA,PHI,88.40,77.70,-12,113.70,155.98,ground_ball,1,2,2023,2023-07
2023-07-31,2023,R,656546,542932,SL,Slider,,swinging_strike,R,R,MIA,PHI,87.00,,,,,,1,1,2023,2023-07
2023-07-31,2023,R,656546,542932,FS,Split-Finger,,blocked_ball,R,R,MIA,PHI,90.60,,,,,,0,1,2023,2023-07
2023-07-31,2023,R,656546,542932,SL,Slider,,called_strike,R,R,MIA,PHI,87.00,,,,,,0,0,2023,2023-07
2023-07-31,2023,R,656546,643265,SL,Slider,field_out,hit_into_play,R,R,MIA,PHI,88.60,91.50,36,206.66,101.82,fly_ball,1,2,2023,2023-07
2023-07-31,2023,R,656546,643265,SL,Slider,,swinging_strike,R,R,MIA,PHI,87.30,,,,,,1,1,2023,2023-07
2023-07-31,2023,R,656546,643265,SL,Slider,,swinging_strike,R,R,MIA,PHI,87.30,,,,,,1,0,2023,2023-07
2023-07-31,2023,R,656546,643265,FF,4-Seam Fastball,,ball,R,R,MIA,PHI,95.40,,,,,,0,0,2023,2023-07
2023-07-31,2023,R,656945,547180,SL,Slider,field_out,hit_into_play,L,L,MIA,PHI,90.20,69.70,-7,102.53,171.24,ground_ball,0,0,2023,2023-07
2023-07-31,2023,R,656945,592663,,,intent_walk,automatic_ball,R,L,MIA,PHI,,,,,,,3,0,2023,2023-07
2023-07-31,2023,R,656945,592663,,,,automatic_ball,R,L,MIA,PHI,,,,,,,2,0,2023,2023-07
2023-07-31,2023,R,656945,592663,,,,automatic_ball,R,L,MIA,PHI,,,,,,,1,0,2023,2023-07
2023-07-31,2023,R,656945,592663,,,,automatic_ball,R,L,MIA,PHI,,,,,,,0,0,2023,2023-07
2023-07-31,2023,R,656945,607208,SL,Slider,field_out,hit_into_play,R,L,MIA,PHI,90.30,56.30,-80,125.27,201.10,ground_ball,0,0,2023,2023-07
2023-07-31,2023,R,656945,656941,FF,4-Seam Fastball,walk,ball,L,L,MIA,PHI,96.60,,,,,,3,2,2023,2023-07
2023-07-31,2023,R,656945,656941,SL,Slider,,foul,L,L,MIA,PHI,89.90,,,,,,3,2,2023,2023-07
2023-07-31,2023,R,656945,656941,SL,Slider,,ball,L,L,MIA,PHI,88.60,,,,,,2,2,2023,2023-07
2023-07-31,2023,R,656945,656941,FF,4-Seam Fastball,,ball,L,L,MIA,PHI,97.00,,,,,,1,2,2023,2023-07
2023-07-31,2023,R,656945,656941,SL,Slider,,swinging_strike,L,L,MIA,PHI,90.00,,,,,,1,1,2023,2023-07
2023-07-31,2023,R,656945,656941,FF,4-Seam Fastball,,ball,L,L,MIA,PHI,95.60,,,,,,0,1,2023,2023-07
2023-07-31,2023,R,656945,656941,FF,4-Seam Fastball,,foul,L,L,MIA,PHI,96.90,74.10,38,,,,0,0,2023,2023-07
2023-07-31,2023,R,656945,664761,FF,4-Seam Fastball,double,hit_into_play,R,L,MIA,PHI,96.50,101.60,21,204.20,76.63,line_drive,1,2,2023,2023-07
2023-07-31,2023,R,656945,664761,FF,4-Seam Fastball,,foul,R,L,MIA,PHI,96.50,76.00,15,,,,1,1,2023,2023-07
2023-07-31,2023,R,656945,664761,FF,4-Seam Fastball,,foul,R,L,MIA,PHI,96.90,79.30,45,,,,1,0,2023,2023-07
2023-07-31,2023,R,656945,664761,SL,Slider,,ball,R,L,MIA,PHI,91.30,,,,,,0,0,2023,2023-07
2023-07-31,2023,R,656945,681082,SL,Slider,sac_fly,hit_into_play,L,L,MIA,PHI,90.50,90.60,32,81.62,70.81,fly_ball,1,1,2023,2023-07
2023-07-31,2023,R,656945,681082,SL,Slider,,ball,L,L,MIA,PHI,89.40,,,,,,0,1,2023,2023-07
2023-07-31,2023,R,656945,681082,FF,4-Seam Fastball,,foul,L,L,MIA,PHI,96.70,78.10,19,,,,0,0,2023,2023-07
2023-07-31,2023,R,662253,657077,SL,Slider,strikeout,swinging_strike,L,R,SEA,BOS,89.70,,,,,,3,2,2023,2023-07
2023-07-31,2023,R,662253,657077,SL,Slider,,blocked_ball,L,R,SEA,BOS,88.80,,,,,,2,2,2023,2023-07
2023-07-31,2023,R,662253,657077,FF,4-Seam Fastball,,foul,L,R,SEA,BOS,98.20,80.60,60,,,,2,1,2023,2023-07
2023-07-31,2023,R,662253,657077,SL,Slider,,ball,L,R,SEA,BOS,89.20,,,,,,1,1,2023,2023-07
2023-07-31,2023,R,662253,657077,SL,Slider,,called_strike,L,R,SEA,BOS,87.40,,,,,,1,0,2023,2023-07
2023-07-31,2023,R,662253,657077,SL,Slider,,ball,L,R,SEA,BOS,87.90,,,,,,0,0,2023,2023-07
2023-07-31,2023,R,663462,457759,SL,Slider,single,hit_into_play,R,R,SEA,BOS,86.70,63.50,-55,116.72,181.12,ground_ball,2,2,2023,2023-07
2023-07-31,2023,R,663462,457759,FF,4-Seam Fastball,,ball,R,R,SEA,BOS,96.70,,,,,,1,2,2023,2023-07
2023-07-31,2023,R,663462,457759,SL,Slider,,foul,R,R,SEA,BOS,87.20,54.70,-48,,,,1,2,2023,2023-07
2023-07-31,2023,R,663462,457759,FF,4-Seam Fastball,,ball,R,R,SEA,BOS,96.00,,,,,,0,2,2023,2023-07
2023-07-31,2023,R,663462,457759,FF,4-Seam Fastball,,foul,R,R,SEA,BOS,96.30,76.20,43,,,,0,2,2023,2023-07
2023-07-31,2023,R,663462,457759,FF,4-Seam Fastball,,foul,R,R,SEA,BOS,95.10,80.70,16,,,,0,1,2023,2023-07
2023-07-31,2023,R,663462,457759,FF,4-Seam Fastball,,swinging_strike,R,R,SEA,BOS,94.90,,,,,,0,0,2023,2023-07
2023-07-31,2023,R,663462,594807,SL,Slider,field_out,hit_into_play,R,R,SEA,BOS,86.90,82.20,33,113.72,78.38,fly_ball,0,2,2023,2023-07
2023-07-31,2023,R,663462,594807,SL,Slider,,foul,R,R,SEA,BOS,87.10,73.70,-6,,,,0,1,2023,2023-07
2023-07-31,2023,R,663462,594807,FF,4-Seam Fastball,,called_strike,R,R,SEA,BOS,95.20,,,,,,0,0,2023,2023-07
2023-07-31,2023,R,663462,622569,FF,4-Seam Fastball,field_out,hit_into_play,R,R,SEA,BOS,93.70,77.60,83,149.99,206.33,popup,3,2,2023,2023-07
2023-07-31,2023,R,663462,622569,FF,4-Seam Fastball,,ball,R,R,SEA,BOS,91.90,,,,,,2,2,2023,2023-07
2023-07-31,2023,R,663462,622569,SL,Slider,,blocked_ball,R,R,SEA,BOS,88.00,,,,,,1,2,2023,2023-07
2023-07-31,2023,R,663462,622569,SL,Slider,,foul,R,R,SEA,BOS,85.00,69.10,56,,,,1,1,2023,2023-07
2023-07-31,2023,R,663462,622569,FF,4-Seam Fastball,,ball,R,R,SEA,BOS,96.00,,,,,,0,1,2023,2023-07
2023-07-31,2023,R,663462,622569,FF,4-Seam Fastball,,called_strike,R,R,SEA,BOS,95.70,,,,,,0,0,2023,2023-07
2023-07-31,2023,R,663462,657136,SL,Slider,double,hit_into_play,R,R,SEA,BOS,85.90,108.10,19,81.05,60.83,line_drive,0,1,2023,2023-07
2023-07-31,2023,R,663462,657136,FF,4-Seam Fastball,,called_strike,R,R,SEA,BOS,93.40,,,,,,0,0,2023,2023-07
2023-07-31,2023,R,663462,680776,SL,Slider,strikeout,swinging_strike,L,R,SEA,BOS,85.50,,,,,,1,2,2023,2023-07
2023-07-31,2023,R,663462,680776,SL,Slider,,blocked_ball,L,R,SEA,BOS,86.40,,,,,,0,2,2023,2023-07
2023-07-31,2023,R,663462,680776,SL,Slider,,foul,L,R,SEA,BOS,85.80,74.00,-24,,,,0,2,2023,2023-07
2023-07-31,2023,R,663462,680776,SL,Slider,,foul,L,R,SEA,BOS,86.70,54.10,-40,,,,0,1,2023,2023-07
2023-07-31,2023,R,663462,680776,FF,4-Seam Fastball,,called_strike,L,R,SEA,BOS,94.80,,,,,,0,0,2023,2023-07
2023-07-31,2023,R,663462,807799,FF,4-Seam Fastball,field_out,hit_into_play,L,R,SEA,BOS,95.20,103.50,7,126.17,142.46,line_drive,3,2,2023,2023-07
2023-07-31,2023,R,663462,807799,FF,4-Seam Fastball,,foul,L,R,SEA,BOS,96.00,88.90,-7,,,,3,2,2023,2023-07
2023-07-31,2023,R,663462,807799,FF,4-Seam Fastball,,foul,L,R,SEA,BOS,94.90,82.60,54,,,,3,1,2023,2023-07
2023-07-31,2023,R,663462,807799,FF,4-Seam Fastball,,called_strike,L,R,SEA,BOS,94.60,,,,,,3,0,2023,2023-07
2023-07-31,2023,R,663462,807799,FF,4-Seam Fastball,,ball,L,R,SEA,BOS,95.20,,,,,,2,0,2023,2023-07
2023-07-31,2023,R,663462,807799,SL,Slider,,ball,L,R,SEA,BOS,86.40,,,,,,1,0,2023,2023-07
2023-07-31,2023,R,663462,807799,FF,4-Seam Fastball,,ball,L,R,SEA,BOS,94.60,,,,,,0,0,2023,2023-07
2023-07-31,2023,R,663623,467793,FF,4-Seam Fastball,field_out,hit_into_play,L,R,WSH,MIL,94.70,104.80,0,145.59,149.57,ground_ball,2,2,2023,2023-07
2023-07-31,2023,R,663623,467793,CH,Changeup,,ball,L,R,WSH,MIL,87.40,,,,,,1,2,2023,2023-07
2023-07-31,2023,R,663623,467793,CH,Changeup,,foul,L,R,WSH,MIL,85.50,91.90,-33,,,,1,1,2023,2023-07
2023-07-31,2023,R,663623,467793,CH,Changeup,,called_strike,L,R,WSH,MIL,86.70,,,,,,1,0,2023,2023-07
2023-07-31,2023,R,663623,467793,CU,Curveball,,ball,L,R,WSH,MIL,78.50,,,,,,0,0,2023,2023-07
2023-07-31,2023,R,663623,467793,CU,Curveball,strikeout,swinging_strike_blocked,L,R,WSH,MIL,82.50,,,,,,2,2,2023,2023-07
2023-07-31,2023,R,663623,467793,FF,4-Seam Fastball,,ball,L,R,WSH,MIL,95.00,,,,,,1,2,2023,2023-07
2023-07-31,2023,R,663623,467793,SI,Sinker,,foul,L,R,WSH,MIL,89.90,71.60,-37,,,,1,1,2023,2023-07
2023-07-31,2023,R,663623,467793,SI,Sinker,,ball,L,R,WSH,MIL,91.00,,,,,,0,1,2023,2023-07
2023-07-31,2023,R,663623,467793,CU,Curveball,,called_strike,L,R,WSH,MIL,80.50,,,,,,0,0,2023,2023-07
2023-07-31,2023,R,663623,467793,FF,4-Seam Fastball,field_out,hit_into_play,L,R,WSH,MIL,96.30,90.00,67,147.62,155.16,popup,1,1,2023,2023-07
2023-07-31,2023,R,663623,467793,FF,4-Seam Fastball,,foul,L,R,WSH,MIL,94.50,74.90,23,,,,1,0,2023,2023-07
2023-07-31,2023,R,663623,467793,CU,Curveball,,ball,L,R,WSH,MIL,80.90,,,,,,0,0,2023,2023-07
2023-07-31,2023,R,663623,592885,CU,Curveball,single,hit_into_play,L,R,WSH,MIL,81.30,91.90,17,181.48,97.34,line_drive,0,0,2023,2023-07
2023-07-31,2023,R,663623,592885,FF,4-Seam Fastball,double,hit_into_play,L,R,WSH,MIL,95.30,94.00,22,155.37,60.93,line_drive,0,1,2023,2023-07
2023-07-31,2023,R,663623,592885,CU,Curveball,,called_strike,L,R,WSH,MIL,82.20,,,,,,0,0,2023,2023-07
2023-07-31,2023,R,663623,592885,FF,4-Seam Fastball,single,hit_into_play,L,R,WSH,MIL,95.00,111.00,-1,137.98,91.71,ground_ball,1,0,2023,2023-07
2023-07-31,2023,R,663623,592885,FF,4-Seam Fastball,,ball,L,R,WSH,MIL,94.90,,,,,,0,0,2023,2023-07
2023-07-31,2023,R,663623,605170,FF,4-Seam Fastball,walk,ball,L,R,WSH,MIL,93.00,,,,,,3,1,2023,2023-07
2023-07-31,2023,R,663623,605170,FF,4-Seam Fastball,,called_strike,L,R,WSH,MIL,93.20,,,,,,3,0,2023,2023-07
2023-07-31,2023,R,663623,605170,FF,4-Seam Fastball,,ball,L,R,WSH,MIL,94.60,,,,,,2,0,2023,2023-07
2023-07-31,2023,R,663623,605170,CU,Curveball,,ball,L,R,WSH,MIL,81.00,,,,,,1,0,2023,2023-07
2023-07-31,2023,R,663623,605170,CU,Curveball,,ball,L,R,WSH,MIL,81.60,,,,,,0,0,2023,2023-07
2023-07-31,2023,R,663623,605170,FF,4-Seam Fastball,field_out,hit_into_play,L,R,WSH,MIL,93.90,91.40,41,193.61,87.90,fly_ball,0,0,2023,2023-07
2023-07-31,2023,R,663623,642715,SI,Sinker,single,hit_into_play,R,R,WSH,MIL,93.70,77.70,22,111.33,91.54,line_drive,1,1,2023,2023-07
2023-07-31,2023,R,663623,642715,SI,Sinker,,foul,R,R,WSH,MIL,91.90,,,,,,1,0,2023,2023-07
2023-07-31,2023,R,663623,642715,SI,Sinker,,ball,R,R,WSH,MIL,90.90,,,,,,0,0,2023,2023-07
2023-07-31,2023,R,663623,642715,FF,4-Seam Fastball,field_out,hit_into_play,R,R,WSH,MIL,94.40,99.20,25,211.07,83.08,fly_ball,1,2,2023,2023-07
2023-07-31,2023,R,663623,642715,CU,Curveball,,ball,R,R,WSH,MIL,78.10,,,,,,0,2,2023,2023-07
2023-07-31,2023,R,663623,642715,CU,Curveball,,called_strike,R,R,WSH,MIL,82.50,,,,,,0,1,2023,2023-07
2023-07-31,2023,R,663623,642715,CU,Curveball,,swinging_strike,R,R,WSH,MIL,80.80,,,,,,0,0,2023,2023-07
2023-07-31,2023,R,663623,642715,SI,Sinker,field_out,hit_into_play,R,R,WSH,MIL,95.30,104.80,1,135.95,142.47,ground_ball,3,2,2023,2023-07
2023-07-31,2023,R,663623,642715,CU,Curveball,,foul,R,R,WSH,MIL,82.50,71.50,-19,,,,3,2,2023,2023-07
2023-07-31,2023,R,663623,642715,FF,4-Seam Fastball,,foul,R,R,WSH,MIL,95.30,75.30,61,,,,3,2,2023,2023-07
2023-07-31,2023,R,663623,642715,SI,Sinker,,ball,R,R,WSH,MIL,96.40,,,,,,2,2,2023,2023-07
2023-07-31,2023,R,663623,642715,CU,Curveball,,ball,R,R,WSH,MIL,82.30,,,,,,1,2,2023,2023-07
2023-07-31,2023,R,663623,642715,CU,Curveball,,foul,R,R,WSH,MIL,83.00,67.90,53,,,,1,1,2023,2023-07
2023-07-31,2023,R,663623,642715,FF,4-Seam Fastball,,ball,R,R,WSH,MIL,94.80,,,,,,0,1,2023,2023-07
2023-07-31,2023,R,663623,642715,FF,4-Seam Fastball,,called_strike,R,R,WSH,MIL,95.00,,,,,,0,0,2023,2023-07
2023-07-31,2023,R,663623,655316,SI,Sinker,single,hit_into_play,R,R,WSH,MIL,91.80,89.50,7,152.19,101.86,ground_ball,0,0,2023,2023-07
2023-07-31,2023,R,663623,655316,CU,Curveball,field_out,hit_into_play,R,R,WSH,MIL,82.30,91.30,29,184.63,78.85,fly_ball,3,2,2023,2023-07
2023-07-31,2023,R,663623,655316,CU,Curveball,,ball,R,R,WSH,MIL,83.10,,,,,,2,2,2023,2023-07
2023-07-31,2023,R,663623,655316,CU,Curveball,,foul,R,R,WSH,MIL,83.00,69.90,27,,,,2,2,2023,2023-07
2023-07-31,2023,R,663623,655316,CU,Curveball,,called_strike,R,R,WSH,MIL,81.80,,,,,,2,1,2023,2023-07
2023-07-31,2023,R,663623,655316,SI,Sinker,,called_strike,R,R,WSH,MIL,94.00,,,,,,2,0,2023,2023-07
2023-07-31,2023,R,663623,655316,CU,Curveball,,ball,R,R,WSH,MIL,81.60,,,,,,1,0,2023,2023-07
2023-07-31,2023,R,663623,655316,SI,Sinker,,ball,R,R,WSH,MIL,94.70,,,,,,0,0,2023,2023-07
2023-07-31,2023,R,663623,655316,CU,Curveball,field_out,hit_into_play,R,R,WSH,MIL,83.20,93.40,31,70.72,61.09,fly_ball,0,1,2023,2023-07
2023-07-31,2023,R,663623,655316,FF,4-Seam Fastball,,called_strike,R,R,WSH,MIL,94.90,,,,,,0,0,2023,2023-07
2023-07-31,2023,R,663623,661388,SI,Sinker,force_out,hit_into_play,R,R,WSH,MIL,94.30,106.00,-26,105.49,152.62,ground_ball,2,1,2023,2023-07
2023-07-31,2023,R,663623,661388,SI,Sinker,,called_strike,R,R,WSH,MIL,94.50,,,,,,2,0,2023,2023-07
2023-07-31,2023,R,663623,661388,CU,Curveball,,ball,R,R,WSH,MIL,81.50,,,,,,1,0,2023,2023-07
2023-07-31,2023,R,663623,661388,CU,Curveball,,blocked_ball,R,R,WSH,MIL,82.60,,,,,,0,0,2023,2023-07
2023-07-31,2023,R,663623,661388,SI,Sinker,double,hit_into_play,R,R,WSH,MIL,95.40,104.60,19,163.87,56.18,line_drive,2,2,2023,2023-07
2023-07-31,2023,R,663623,661388,FF,4-Seam Fastball,,foul,R,R,WSH,MIL,95.20,,,,,,2,2,2023,2023-07
2023-07-31,2023,R,663623,661388,SI,Sinker,,ball,R,R,WSH,MIL,91.90,,,,,,1,2,2023,2023-07
2023-07-31,2023,R,663623,661388,FF,4-Seam Fastball,,foul,R,R,WSH,MIL,95.20,78.40,41,,,,1,1,2023,2023-07
2023-07-31,2023,R,663623,661388,SI,Sinker,,foul,R,R,WSH,MIL,89.70,85.40,40,,,,1,0,2023,2023-07
2023-07-31,2023,R,663623,661388,CU,Curveball,,ball,R,R,WSH,MIL,82.70,,,,,,0,0,2023,2023-07
2023-07-31,2023,R,663623,661388,CU,Curveball,strikeout,swinging_strike,R,R,WSH,MIL,82.10,,,,,,1,2,2023,2023-07
2023-07-31,2023,R,663623,661388,SI,Sinker,,called_strike,R,R,WSH,MIL,95.10,,,,,,1,1,2023,2023-07
2023-07-31,2023,R,663623,661388,CU,Curveball,,blocked_ball,R,R,WSH,MIL,82.70,,,,,,0,1,2023,2023-07
2023-07-31,2023,R,663623,661388,FF,4-Seam Fastball,,called_strike,R,R,WSH,MIL,94.80,,,,,,0,0,2023,2023-07
2023-07-31,2023,R,663623,668930,FF,4-Seam Fastball,field_out,hit_into_play,L,R,WSH,MIL,93.10,93.50,28,104.60,56.19,fly_ball,0,2,2023,2023-07
2023-07-31,2023,R,663623,668930,FF,4-Seam Fastball,,foul_bunt,L,R,WSH,MIL,92.00,,,,,,0,1,2023,2023-07
2023-07-31,2023,R,663623,668930,FF,4-Seam Fastball,,foul,L,R,WSH,MIL,92.40,73.10,46,,,,0,0,2023,2023-07
2023-07-31,2023,R,663623,668930,CU,Curveball,field_out,hit_into_play,L,R,WSH,MIL,81.50,93.50,25,154.70,55.26,fly_ball,0,2,2023,2023-07
2023-07-31,2023,R,663623,668930,FF,4-Seam Fastball,,foul,L,R,WSH,MIL,94.80,83.10,37,,,,0,2,2023,2023-07
2023-07-31,2023,R,663623,668930,FF,4-Seam Fastball,,foul,L,R,WSH,MIL,95.30,79.10,37,,,,0,1,2023,2023-07
2023-07-31,2023,R,663623,668930,FF,4-Seam Fastball,,called_strike,L,R,WSH,MIL,94.80,,,,,,0,0,2023,2023-07
2023-07-31,2023,R,663623,686217,FF,4-Seam Fastball,walk,ball,L,R,WSH,MIL,92.90,,,,,,3,2,2023,2023-07
2023-07-31,2023,R,663623,686217,FF,4-Seam Fastball,,called_strike,L,R,WSH,MIL,92.10,,,,,,3,1,2023,2023-07
2023-07-31,2023,R,663623,686217,FF,4-Seam Fastball,,called_strike,L,R,WSH,MIL,93.30,,,,,,3,0,2023,2023-07
2023-07-31,2023,R,663623,686217,CH,Changeup,,ball,L,R,WSH,MIL,84.30,,,,,,2,0,2023,2023-07
2023-07-31,2023,R,663623,686217,CU,Curveball,,ball,L,R,WSH,MIL,78.90,,,,,,1,0,2023,2023-07
2023-07-31,2023,R,663623,686217,FF,4-Seam Fastball,,ball,L,R,WSH,MIL,94.00,,,,,,0,0,2023,2023-07
2023-07-31,2023,R,663623,686217,CU,Curveball,field_out,hit_into_play,L,R,WSH,MIL,81.40,66.90,76,127.18,185.66,popup,2,2,2023,2023-07
2023-07-31,2023,R,663623,686217,FF,4-Seam Fastball,,foul,L,R,WSH,MIL,93.20,71.40,63,,,,2,2,2023,2023-07
2023-07-31,2023,R,663623,686217,FF,4-Seam Fastball,,called_strike,L,R,WSH,MIL,91.70,,,,,,2,1,2023,2023-07
2023-07-31,2023,R,663623,686217,FF,4-Seam Fastball,,foul,L,R,WSH,MIL,93.00,71.70,45,,,,2,0,2023,2023-07
2023-07-31,2023,R,663623,686217,FF,4-Seam Fastball,,ball,L,R,WSH,MIL,93.50,,,,,,1,0,2023,2023-07
2023-07-31,2023,R,663623,686217,FF,4-Seam Fastball,,ball,L,R,WSH,MIL,91.70,,,,,,0,0,2023,2023-07
2023-07-31,2023,R,663623,686217,CU,Curveball,field_out,hit_into_play,L,R,WSH,MIL,83.00,98.20,8,148.64,151.10,ground_ball,2,2,2023,2023-07
2023-07-31,2023,R,663623,686217,FF,4-Seam Fastball,,ball,L,R,WSH,MIL,95.60,,,,,,1,2,2023,2023-07
2023-07-31,2023,R,663623,686217,FF,4-Seam Fastball,,called_strike,L,R,WSH,MIL,94.90,,,,,,1,1,2023,2023-07
2023-07-31,2023,R,663623,686217,FF,4-Seam Fastball,,ball,L,R,WSH,MIL,95.30,,,,,,0,1,2023,2023-07
2023-07-31,2023,R,663623,686217,FF,4-Seam Fastball,,foul,L,R,WSH,MIL,95.70,79.70,13,,,,0,0,2023,2023-07
2023-07-31,2023,R,663623,686894,SI,Sinker,field_out,hit_into_play,R,R,WSH,MIL,92.40,105.20,19,51.44,83.45,line_drive,0,0,2023,2023-07
2023-07-31,2023,R,663623,686894,SI,Sinker,field_out,hit_into_play,R,R,WSH,MIL,95.00,105.50,-10,110.57,149.07,ground_ball,2,1,2023,2023-07
2023-07-31,2023,R,663623,686894,SI,Sinker,,ball,R,R,WSH,MIL,95.40,,,,,,1,1,2023,2023-07
2023-07-31,2023,R,663623,686894,SI,Sinker,,called_strike,R,R,WSH,MIL,94.70,,,,,,1,0,2023,2023-07
2023-07-31,2023,R,663623,686894,SI,Sinker,,ball,R,R,WSH,MIL,94.80,,,,,,0,0,2023,2023-07
2023-07-31,2023,R,663878,622761,FF,4-Seam Fastball,field_out,hit_into_play,R,R,TOR,BAL,98.50,104.00,-32,109.54,135.48,ground_ball,3,2,2023,2023-07
2023-07-31,2023,R,663878,622761,FF,4-Seam Fastball,,foul,R,R,TOR,BAL,98.40,75.20,50,,,,3,2,2023,2023-07
2023-07-31,2023,R,663878,622761,FF,4-Seam Fastball,,foul,R,R,TOR,BAL,96.50,73.20,38,,,,3,2,2023,2023-07
2023-07-31,2023,R,663878,622761,SL,Slider,,ball,R,R,TOR,BAL,89.70,,,,,,2,2,2023,2023-07
2023-07-31,2023,R,663878,622761,FF,4-Seam Fastball,,foul,R,R,TOR,BAL,96.50,92.70,18,,,,2,1,2023,2023-07
2023-07-31,2023,R,663878,622761,CU,Curveball,,ball,R,R,TOR,BAL,79.20,,,,,,1,1,2023,2023-07
2023-07-31,2023,R,663878,622761,FF,4-Seam Fastball,,called_strike,R,R,TOR,BAL,96.10,,,,,,1,0,2023,2023-07
2023-07-31,2023,R,663878,622761,FF,4-Seam Fastball,,ball,R,R,TOR,BAL,96.90,,,,,,0,0,2023,2023-07
2023-07-31,2023,R,663878,623993,FF,4-Seam Fastball,strikeout,called_strike,L,R,TOR,BAL,97.50,,,,,,3,2,2023,2023-07
2023-07-31,2023,R,663878,623993,FF,4-Seam Fastball,,foul,L,R,TOR,BAL,97.50,80.20,79,,,,3,2,2023,2023-07
2023-07-31,2023,R,663878,623993,FF,4-Seam Fastball,,foul,L,R,TOR,BAL,97.20,76.30,52,,,,3,2,2023,2023-07
2023-07-31,2023,R,663878,623993,FF,4-Seam Fastball,,ball,L,R,TOR,BAL,98.90,,,,,,2,2,2023,2023-07
2023-07-31,2023,R,663878,623993,FF,4-Seam Fastball,,ball,L,R,TOR,BAL,99.40,,,,,,1,2,2023,2023-07
2023-07-31,2023,R,663878,623993,FF,4-Seam Fastball,,called_strike,L,R,TOR,BAL,97.20,,,,,,1,1,2023,2023-07
2023-07-31,2023,R,663878,623993,FF,4-Seam Fastball,,ball,L,R,TOR,BAL,96.50,,,,,,0,1,2023,2023-07
2023-07-31,2023,R,663878,623993,FF,4-Seam Fastball,,called_strike,L,R,TOR,BAL,98.00,,,,,,0,0,2023,2023-07
2023-07-31,2023,R,663878,668939,FF,4-Seam Fastball,strikeout,called_strike,L,R,TOR,BAL,96.90,,,,,,3,2,2023,2023-07
2023-07-31,2023,R,663878,668939,CU,Curveball,,ball,L,R,TOR,BAL,82.40,,,,,,2,2,2023,2023-07
2023-07-31,2023,R,663878,668939,FF,4-Seam Fastball,,foul,L,R,TOR,BAL,98.30,77.20,37,,,,2,2,2023,2023-07
2023-07-31,2023,R,663878,668939,FF,4-Seam Fastball,,swinging_strike,L,R,TOR,BAL,98.20,,,,,,2,1,2023,2023-07
2023-07-31,2023,R,663878,668939,FF,4-Seam Fastball,,ball,L,R,TOR,BAL,97.60,,,,,,1,1,2023,2023-07
2023-07-31,2023,R,663878,668939,CU,Curveball,,called_strike,L,R,TOR,BAL,79.10,,,,,,1,0,2023,2023-07
2023-07-31,2023,R,663878,668939,CU,Curveball,,ball,L,R,TOR,BAL,81.20,,,,,,0,0,2023,2023-07
2023-07-31,2023,R,663878,683002,FF,4-Seam Fastball,walk,ball,L,R,TOR,BAL,95.40,,,,,,3,0,2023,2023-07
2023-07-31,2023,R,663878,683002,FF,4-Seam Fastball,,ball,L,R,TOR,BAL,97.30,,,,,,2,0,2023,2023-07
2023-07-31,2023,R,663878,683002,FF,4-Seam Fastball,,ball,L,R,TOR,BAL,96.80,,,,,,1,0,2023,2023-07
2023-07-31,2023,R,663878,683002,FF,4-Seam Fastball,,ball,L,R,TOR,BAL,98.90,,,,,,0,0,2023,2023-07
2023-07-31,2023,R,664126,518934,SL,Slider,field_out,hit_into_play,R,R,NYY,TB,86.30,100.30,20,145.36,56.99,line_drive,0,2,2023,2023-07
2023-07-31,2023,R,664126,518934,FF,4-Seam Fastball,,called_strike,R,R,NYY,TB,99.00,,,,,,0,1,2023,2023-07
2023-07-31,2023,R,664126,518934,SL,Slider,,foul,R,R,NYY,TB,86.90,,,,,,0,0,2023,2023-07
2023-07-31,2023,R,664126,519203,SL,Slider,strikeout,swinging_strike,L,R,NYY,TB,87.90,,,,,,3,2,2023,2023-07
2023-07-31,2023,R,664126,519203,,,,automatic_ball,L,R,NYY,TB,,,,,,,2,2,2023,2023-07
2023-07-31,2023,R,664126,519203,SL,Slider,,foul,L,R,NYY,TB,87.20,,,,,,2,2,2023,2023-07
2023-07-31,2023,R,664126,519203,FF,4-Seam Fastball,,ball,L,R,NYY,TB,98.80,,,,,,1,2,2023,2023-07
2023-07-31,2023,R,664126,519203,FF,4-Seam Fastball,,foul,L,R,NYY,TB,98.10,,,,,,1,1,2023,2023-07
2023-07-31,2023,R,664126,519203,SL,Slider,,called_strike,L,R,NYY,TB,87.20,,,,,,1,0,2023,2023-07
2023-07-31,2023,R,664126,519203,SL,Slider,,blocked_ball,L,R,NYY,TB,87.30,,,,,,0,0,2023,2023-07
2023-07-31,2023,R,664126,519317,SL,Slider,strikeout,swinging_strike,R,R,NYY,TB,87.80,,,,,,1,2,2023,2023-07
2023-07-31,2023,R,664126,519317,FF,4-Seam Fastball,,foul,R,R,NYY,TB,99.10,73.70,67,,,,1,2,2023,2023-07
2023-07-31,2023,R,664126,519317,FF,4-Seam Fastball,,foul,R,R,NYY,TB,99.10,68.90,72,,,,1,2,2023,2023-07
2023-07-31,2023,R,664126,519317,FF,4-Seam Fastball,,foul,R,R,NYY,TB,99.30,77.60,16,,,,1,2,2023,2023-07
2023-07-31,2023,R,664126,519317,SL,Slider,,called_strike,R,R,NYY,TB,88.80,,,,,,1,1,2023,2023-07
2023-07-31,2023,R,664126,519317,FF,4-Seam Fastball,,ball,R,R,NYY,TB,99.30,,,,,,0,1,2023,2023-07
2023-07-31,2023,R,664126,519317,FF,4-Seam Fastball,,called_strike,R,R,NYY,TB,99.80,,,,,,0,0,2023,2023-07
2023-07-31,2023,R,664126,592450,FF,4-Seam Fastball,walk,ball,R,R,NYY,TB,98.60,,,,,,3,1,2023,2023-07
2023-07-31,2023,R,664126,592450,FF,4-Seam Fastball,,called_strike,R,R,NYY,TB,99.60,,,,,,3,0,2023,2023-07
2023-07-31,2023,R,664126,592450,FF,4-Seam Fastball,,ball,R,R,NYY,TB,98.50,,,,,,2,0,2023,2023-07
2023-07-31,2023,R,664126,592450,FF,4-Seam Fastball,,ball,R,R,NYY,TB,98.40,,,,,,1,0,2023,2023-07
2023-07-31,2023,R,664126,592450,FF,4-Seam Fastball,,ball,R,R,NYY,TB,100.20,,,,,,0,0,2023,2023-07
2023-07-31,2023,R,664139,543228,CH,Changeup,double,hit_into_play,R,R,CHC,CIN,86.30,100.60,11,63.15,136.73,line_drive,2,2,2023,2023-07
2023-07-31,2023,R,664139,543228,FC,Cutter,,foul,R,R,CHC,CIN,91.60,78.60,17,,,,2,1,2023,2023-07
2023-07-31,2023,R,664139,543228,ST,Sweeper,,ball,R,R,CHC,CIN,83.70,,,,,,1,1,2023,2023-07
2023-07-31,2023,R,664139,543228,ST,Sweeper,,swinging_strike,R,R,CHC,CIN,83.20,,,,,,1,0,2023,2023-07
2023-07-31,2023,R,664139,543228,FC,Cutter,,ball,R,R,CHC,CIN,92.50,,,,,,0,0,2023,2023-07
2023-07-31,2023,R,664139,621020,ST,Sweeper,field_out,hit_into_play,R,R,CHC,CIN,85.40,87.90,-3,113.01,147.34,ground_ball,0,2,2023,2023-07
2023-07-31,2023,R,664139,621020,FF,4-Seam Fastball,,foul,R,R,CHC,CIN,95.40,,,,,,0,1,2023,2023-07
2023-07-31,2023,R,664139,621020,ST,Sweeper,,foul,R,R,CHC,CIN,83.80,69.90,-23,,,,0,0,2023,2023-07
2023-07-31,2023,R,664139,643565,FF,4-Seam Fastball,strikeout,swinging_strike,L,R,CHC,CIN,95.20,,,,,,1,2,2023,2023-07
2023-07-31,2023,R,664139,643565,FF,4-Seam Fastball,,ball,L,R,CHC,CIN,96.50,,,,,,0,2,2023,2023-07
2023-07-31,2023,R,664139,643565,FF,4-Seam Fastball,,called_strike,L,R,CHC,CIN,94.50,,,,,,0,1,2023,2023-07
2023-07-31,2023,R,664139,643565,FF,4-Seam Fastball,,called_strike,L,R,CHC,CIN,94.50,,,,,,0,0,2023,2023-07
2023-07-31,2023,R,664139,663611,FC,Cutter,field_out,hit_into_play,R,R,CHC,CIN,92.50,98.40,-15,127.89,184.07,ground_ball,2,1,2023,2023-07
2023-07-31,2023,R,664139,663611,FC,Cutter,,ball,R,R,CHC,CIN,92.30,,,,,,1,1,2023,2023-07
2023-07-31,2023,R,664139,663611,ST,Sweeper,,blocked_ball,R,R,CHC,CIN,84.50,,,,,,0,1,2023,2023-07
2023-07-31,2023,R,664139,663611,FF,4-Seam Fastball,,called_strike,R,R,CHC,CIN,96.00,,,,,,0,0,2023,2023-07
2023-07-31,2023,R,664139,666624,FC,Cutter,double,hit_into_play,R,R,CHC,CIN,93.20,103.90,22,108.97,43.32,fly_ball,3,2,2023,2023-07
2023-07-31,2023,R,664139,666624,FF,4-Seam Fastball,,ball,R,R,CHC,CIN,94.30,,,,,,2,2,2023,2023-07
2023-07-31,2023,R,664139,666624,ST,Sweeper,,foul,R,R,CHC,CIN,84.40,67.50,-44,,,,2,1,2023,2023-07
2023-07-31,2023,R,664139,666624,FF,4-Seam Fastball,,ball,R,R,CHC,CIN,95.50,,,,,,1,1,2023,2023-07
2023-07-31,2023,R,664139,666624,FF,4-Seam Fastball,,ball,R,R,CHC,CIN,95.70,,,,,,0,1,2023,2023-07
2023-07-31,2023,R,664139,666624,FF,4-Seam Fastball,,called_strike,R,R,CHC,CIN,94.90,,,,,,0,0,2023,2023-07
2023-07-31,2023,R,664747,663538,SL,Slider,strikeout,swinging_strike,R,R,CHC,CIN,89.00,,,,,,0,2,2023,2023-07
2023-07-31,2023,R,664747,663538,SL,Slider,,foul,R,R,CHC,CIN,89.00,66.20,39,,,,0,2,2023,2023-07
2023-07-31,2023,R,664747,663538,SL,Slider,,called_strike,R,R,CHC,CIN,88.50,,,,,,0,1,2023,2023-07
2023-07-31,2023,R,664747,663538,SL,Slider,,swinging_strike,R,R,CHC,CIN,86.70,,,,,,0,0,2023,2023-07
2023-07-31,2023,R,664747,664023,SL,Slider,field_out,hit_into_play,L,R,CHC,CIN,88.50,89.40,-22,145.48,152.42,ground_ball,0,1,2023,2023-07
2023-07-31,2023,R,664747,664023,FF,4-Seam Fastball,,foul,L,R,CHC,CIN,96.60,82.50,39,,,,0,0,2023,2023-07
2023-07-31,2023,R,664747,673548,SL,Slider,field_out,hit_into_play,R,R,CHC,CIN,88.30,88.90,20,135.81,80.17,line_drive,0,2,2023,2023-07
2023-07-31,2023,R,664747,673548,SL,Slider,,swinging_strike,R,R,CHC,CIN,87.90,,,,,,0,1,2023,2023-07
2023-07-31,2023,R,664747,673548,SL,Slider,,swinging_strike,R,R,CHC,CIN,87.40,,,,,,0,0,2023,2023-07
2023-07-31,2023,R,664875,593428,SI,Sinker,single,hit_into_play,R,R,COL,SD,95.80,91.90,6,128.54,121.52,line_drive,1,1,2023,2023-07
2023-07-31,2023,R,664875,593428,ST,Sweeper,,ball,R,R,COL,SD,83.70,,,,,,0,1,2023,2023-07
2023-07-31,2023,R,664875,593428,ST,Sweeper,,swinging_strike,R,R,COL,SD,83.30,,,,,,0,0,2023,2023-07
2023-07-31,2023,R,664875,596142,ST,Sweeper,field_out,hit_into_play,R,R,COL,SD,84.90,84.30,73,143.09,163.94,popup,0,1,2023,2023-07
2023-07-31,2023,R,664875,596142,SI,Sinker,,called_strike,R,R,COL,SD,94.30,,,,,,0,0,2023,2023-07
2023-07-31,2023,R,664875,630105,ST,Sweeper,field_out,hit_into_play,L,R,COL,SD,84.10,82.60,52,52.44,126.46,fly_ball,0,0,2023,2023-07
2023-07-31,2023,R,664875,663757,ST,Sweeper,home_run,hit_into_play,L,R,COL,SD,84.70,103.70,37,183.41,38.07,fly_ball,1,0,2023,2023-07
2023-07-31,2023,R,664875,663757,SI,Sinker,,ball,L,R,COL,SD,97.70,,,,,,0,0,2023,2023-07
2023-07-31,2023,R,664875,665487,ST,Sweeper,strikeout,swinging_strike,R,R,COL,SD,84.70,,,,,,1,2,2023,2023-07
2023-07-31,2023,R,664875,665487,ST,Sweeper,,swinging_strike,R,R,COL,SD,85.20,,,,,,1,1,2023,2023-07
2023-07-31,2023,R,664875,665487,SI,Sinker,,ball,R,R,COL,SD,97.40,,,,,,0,1,2023,2023-07
2023-07-31,2023,R,664875,665487,ST,Sweeper,,called_strike,R,R,COL,SD,85.60,,,,,,0,0,2023,2023-07
2023-07-31,2023,R,664875,673490,SI,Sinker,double,hit_into_play,R,R,COL,SD,94.20,98.10,17,24.57,100.67,line_drive,2,0,2023,2023-07
2023-07-31,2023,R,664875,673490,SI,Sinker,,ball,R,R,COL,SD,95.80,,,,,,1,0,2023,2023-07
2023-07-31,2023,R,664875,673490,SI,Sinker,,ball,R,R,COL,SD,97.20,,,,,,0,0,2023,2023-07
2023-07-31,2023,R,664875,676946,ST,Sweeper,field_out,hit_into_play,R,R,COL,SD,84.30,67.40,58,161.24,144.67,popup,1,1,2023,2023-07
2023-07-31,2023,R,664875,676946,SI,Sinker,,called_strike,R,R,COL,SD,94.60,,,,,,1,0,2023,2023-07
2023-07-31,2023,R,664875,676946,ST,Sweeper,,ball,R,R,COL,SD,83.90,,,,,,0,0,2023,2023-07
2023-07-31,2023,R,665625,572816,SI,Sinker,double,hit_into_play,L,R,WSH,MIL,96.10,102.00,13,87.79,61.01,line_drive,0,1,2023,2023-07
2023-07-31,2023,R,665625,572816,SI,Sinker,,swinging_strike,L,R,WSH,MIL,93.80,,,,,,0,0,2023,2023-07
2023-07-31,2023,R,665625,608841,SL,Slider,single,hit_into_play,R,R,WSH,MIL,91.20,72.20,20,144.20,98.76,line_drive,0,2,2023,2023-07
2023-07-31,2023,R,665625,608841,SI,Sinker,,foul,R,R,WSH,MIL,95.90,49.20,13,,,,0,2,2023,2023-07
2023-07-31,2023,R,665625,608841,SI,Sinker,,foul,R,R,WSH,MIL,96.80,,,,,,0,1,2023,2023-07
2023-07-31,2023,R,665625,608841,SI,Sinker,,called_strike,R,R,WSH,MIL,96.20,,,,,,0,0,2023,2023-07
2023-07-31,2023,R,665625,657041,SL,Slider,single,hit_into_play,R,R,WSH,MIL,91.60,105.20,8,64.76,117.02,line_drive,2,0,2023,2023-07
2023-07-31,2023,R,665625,657041,SI,Sinker,,blocked_ball,R,R,WSH,MIL,95.60,,,,,,1,0,2023,2023-07
2023-07-31,2023,R,665625,657041,SL,Slider,,ball,R,R,WSH,MIL,91.90,,,,,,0,0,2023,2023-07
2023-07-31,2023,R,665625,660688,SI,Sinker,field_out,hit_into_play,L,R,WSH,MIL,96.10,78.20,-38,150.67,171.91,ground_ball,0,1,2023,2023-07
2023-07-31,2023,R,665625,660688,SI,Sinker,,called_strike,L,R,WSH,MIL,96.40,,,,,,0,0,2023,2023-07
2023-07-31,2023,R,665625,669743,SI,Sinker,walk,ball,R,R,WSH,MIL,95.70,,,,,,3,2,2023,2023-07
2023-07-31,2023,R,665625,669743,SL,Slider,,ball,R,R,WSH,MIL,90.80,,,,,,2,2,2023,2023-07
2023-07-31,2023,R,665625,669743,SI,Sinker,,ball,R,R,WSH,MIL,95.00,,,,,,1,2,2023,2023-07
2023-07-31,2023,R,665625,669743,SI,Sinker,,foul_bunt,R,R,WSH,MIL,94.90,,,,,,1,1,2023,2023-07
2023-07-31,2023,R,665625,669743,SI,Sinker,,foul_bunt,R,R,WSH,MIL,94.80,,,,,,1,0,2023,2023-07
2023-07-31,2023,R,665625,669743,SL,Slider,,ball,R,R,WSH,MIL,89.70,,,,,,0,0,2023,2023-07
2023-07-31,2023,R,665625,682928,SI,Sinker,field_out,hit_into_play,L,R,WSH,MIL,97.00,94.30,32,77.48,73.80,fly_ball,0,2,2023,2023-07
2023-07-31,2023,R,665625,682928,SI,Sinker,,called_strike,L,R,WSH,MIL,96.40,,,,,,0,1,2023,2023-07
2023-07-31,2023,R,665625,682928,SI,Sinker,,called_strike,L,R,WSH,MIL,95.30,,,,,,0,0,2023,2023-07
2023-07-31,2023,R,665795,547180,CU,Curveball,single,hit_into_play,L,R,MIA,PHI,86.00,105.40,0,184.77,114.28,ground_ball,1,1,2023,2023-07
2023-07-31,2023,R,665795,547180,FF,4-Seam Fastball,,swinging_strike,L,R,MIA,PHI,95.90,,,,,,1,0,2023,2023-07
2023-07-31,2023,R,665795,547180,CH,Changeup,,blocked_ball,L,R,MIA,PHI,92.00,,,,,,0,0,2023,2023-07
2023-07-31,2023,R,665795,547180,FF,4-Seam Fastball,field_out,hit_into_play,L,R,MIA,PHI,97.40,92.50,47,111.79,88.21,fly_ball,2,2,2023,2023-07
2023-07-31,2023,R,665795,547180,CH,Changeup,,ball,L,R,MIA,PHI,93.40,,,,,,1,2,2023,2023-07
2023-07-31,2023,R,665795,547180,CU,Curveball,,blocked_ball,L,R,MIA,PHI,86.50,,,,,,0,2,2023,2023-07
2023-07-31,2023,R,665795,547180,CH,Changeup,,called_strike,L,R,MIA,PHI,92.90,,,,,,0,1,2023,2023-07
2023-07-31,2023,R,665795,547180,CU,Curveball,,foul,L,R,MIA,PHI,85.70,93.80,8,,,,0,0,2023,2023-07
2023-07-31,2023,R,665795,592663,CH,Changeup,strikeout,swinging_strike,R,R,MIA,PHI,93.20,,,,,,3,2,2023,2023-07
2023-07-31,2023,R,665795,592663,CU,Curveball,,blocked_ball,R,R,MIA,PHI,86.00,,,,,,2,2,2023,2023-07
2023-07-31,2023,R,665795,592663,CH,Changeup,,blocked_ball,R,R,MIA,PHI,94.10,,,,,,1,2,2023,2023-07
2023-07-31,2023,R,665795,592663,CU,Curveball,,foul,R,R,MIA,PHI,85.30,66.60,22,,,,1,2,2023,2023-07
2023-07-31,2023,R,665795,592663,FF,4-Seam Fastball,,foul,R,R,MIA,PHI,96.60,83.00,-35,,,,1,1,2023,2023-07
2023-07-31,2023,R,665795,592663,CH,Changeup,,ball,R,R,MIA,PHI,94.00,,,,,,0,1,2023,2023-07
2023-07-31,2023,R,665795,592663,CH,Changeup,,swinging_strike,R,R,MIA,PHI,92.60,,,,,,0,0,2023,2023-07
2023-07-31,2023,R,665795,592663,CH,Changeup,walk,ball,R,R,MIA,PHI,93.50,,,,,,3,1,2023,2023-07
2023-07-31,2023,R,665795,592663,CH,Changeup,,blocked_ball,R,R,MIA,PHI,93.60,,,,,,2,1,2023,2023-07
2023-07-31,2023,R,665795,592663,SI,Sinker,,swinging_strike,R,R,MIA,PHI,96.90,,,,,,2,0,2023,2023-07
2023-07-31,2023,R,665795,592663,CH,Changeup,,ball,R,R,MIA,PHI,92.90,,,,,,1,0,2023,2023-07
2023-07-31,2023,R,665795,592663,FF,4-Seam Fastball,,ball,R,R,MIA,PHI,96.90,,,,,,0,0,2023,2023-07
2023-07-31,2023,R,665795,595909,CH,Changeup,grounded_into_double_play,hit_into_play,L,R,MIA,PHI,93.10,71.00,-6,123.57,179.83,ground_ball,0,0,2023,2023-07
2023-07-31,2023,R,665795,607208,FF,4-Seam Fastball,single,hit_into_play,R,R,MIA,PHI,96.20,107.40,7,82.21,122.96,ground_ball,1,2,2023,2023-07
2023-07-31,2023,R,665795,607208,CH,Changeup,,ball,R,R,MIA,PHI,93.20,,,,,,0,2,2023,2023-07
2023-07-31,2023,R,665795,607208,CH,Changeup,,foul,R,R,MIA,PHI,91.10,93.50,-30,,,,0,1,2023,2023-07
2023-07-31,2023,R,665795,607208,FF,4-Seam Fastball,,called_strike,R,R,MIA,PHI,95.80,,,,,,0,0,2023,2023-07
2023-07-31,2023,R,665795,607208,FF,4-Seam Fastball,walk,ball,R,R,MIA,PHI,97.00,,,,,,3,2,2023,2023-07
2023-07-31,2023,R,665795,607208,FF,4-Seam Fastball,,foul,R,R,MIA,PHI,96.00,80.70,58,,,,3,1,2023,2023-07
2023-07-31,2023,R,665795,607208,CU,Curveball,,ball,R,R,MIA,PHI,84.80,,,,,,2,1,2023,2023-07
2023-07-31,2023,R,665795,607208,CH,Changeup,,ball,R,R,MIA,PHI,95.30,,,,,,1,1,2023,2023-07
2023-07-31,2023,R,665795,607208,CU,Curveball,,ball,R,R,MIA,PHI,84.30,,,,,,0,1,2023,2023-07
2023-07-31,2023,R,665795,607208,FF,4-Seam Fastball,,called_strike,R,R,MIA,PHI,95.70,,,,,,0,0,2023,2023-07
2023-07-31,2023,R,665795,656941,CH,Changeup,field_out,hit_into_play,L,R,MIA,PHI,92.90,67.50,-48,144.16,181.42,ground_ball,3,2,2023,2023-07
2023-07-31,2023,R,665795,656941,CH,Changeup,,ball,L,R,MIA,PHI,93.40,,,,,,2,2,2023,2023-07
2023-07-31,2023,R,665795,656941,FF,4-Seam Fastball,,called_strike,L,R,MIA,PHI,96.20,,,,,,2,1,2023,2023-07
2023-07-31,2023,R,665795,656941,CH,Changeup,,called_strike,L,R,MIA,PHI,91.60,,,,,,2,0,2023,2023-07
2023-07-31,2023,R,665795,656941,CH,Changeup,,ball,L,R,MIA,PHI,92.00,,,,,,1,0,2023,2023-07
2023-07-31,2023,R,665795,656941,FF,4-Seam Fastball,,ball,L,R,MIA,PHI,95.60,,,,,,0,0,2023,2023-07
2023-07-31,2023,R,665795,656941,FF,4-Seam Fastball,field_out,hit_into_play,L,R,MIA,PHI,97.00,87.70,22,176.32,89.35,line_drive,0,2,2023,2023-07
2023-07-31,2023,R,665795,656941,CU,Curveball,,called_strike,L,R,MIA,PHI,85.20,,,,,,0,1,2023,2023-07
2023-07-31,2023,R,665795,656941,FF,4-Seam Fastball,,called_strike,L,R,MIA,PHI,96.20,,,,,,0,0,2023,2023-07
2023-07-31,2023,R,665795,664761,CH,Changeup,walk,ball,R,R,MIA,PHI,92.90,,,,,,3,1,2023,2023-07
2023-07-31,2023,R,665795,664761,FF,4-Seam Fastball,,ball,R,R,MIA,PHI,96.10,,,,,,2,1,2023,2023-07
2023-07-31,2023,R,665795,664761,FF,4-Seam Fastball,,called_strike,R,R,MIA,PHI,96.60,,,,,,2,0,2023,2023-07
2023-07-31,2023,R,665795,664761,CH,Changeup,,ball,R,R,MIA,PHI,92.20,,,,,,1,0,2023,2023-07
2023-07-31,2023,R,665795,664761,CU,Curveball,,ball,R,R,MIA,PHI,85.00,,,,,,0,0,2023,2023-07
2023-07-31,2023,R,665795,664761,CU,Curveball,walk,ball,R,R,MIA,PHI,86.20,,,,,,3,2,2023,2023-07
2023-07-31,2023,R,665795,664761,FF,4-Seam Fastball,,called_strike,R,R,MIA,PHI,97.60,,,,,,3,1,2023,2023-07
2023-07-31,2023,R,665795,664761,FF,4-Seam Fastball,,called_strike,R,R,MIA,PHI,97.40,,,,,,3,0,2023,2023-07
2023-07-31,2023,R,665795,664761,SI,Sinker,,ball,R,R,MIA,PHI,97.20,,,,,,2,0,2023,2023-07
2023-07-31,2023,R,665795,664761,SI,Sinker,,ball,R,R,MIA,PHI,97.90,,,,,,1,0,2023,2023-07
2023-07-31,2023,R,665795,664761,SI,Sinker,,ball,R,R,MIA,PHI,98.00,,,,,,0,0,2023,2023-07
2023-07-31,2023,R,665795,669016,CH,Changeup,walk,ball,L,R,MIA,PHI,92.70,,,,,,3,1,2023,2023-07
2023-07-31,2023,R,665795,669016,CH,Changeup,,ball,L,R,MIA,PHI,91.90,,,,,,2,1,2023,2023-07
2023-07-31,2023,R,665795,669016,CH,Changeup,,ball,L,R,MIA,PHI,91.20,,,,,,1,1,2023,2023-07
2023-07-31,2023,R,665795,669016,FF,4-Seam Fastball,,ball,L,R,MIA,PHI,96.50,,,,,,0,1,2023,2023-07
2023-07-31,2023,R,665795,669016,FF,4-Seam Fastball,,foul,L,R,MIA,PHI,94.50,96.80,32,,,,0,0,2023,2023-07
2023-07-31,2023,R,665795,669016,FF,4-Seam Fastball,walk,ball,L,R,MIA,PHI,96.50,,,,,,3,2,2023,2023-07
2023-07-31,2023,R,665795,669016,FF,4-Seam Fastball,,foul,L,R,MIA,PHI,96.60,69.80,33,,,,3,1,2023,2023-07
2023-07-31,2023,R,665795,669016,FF,4-Seam Fastball,,ball,L,R,MIA,PHI,94.50,,,,,,2,1,2023,2023-07
2023-07-31,2023,R,665795,669016,FF,4-Seam Fastball,,ball,L,R,MIA,PHI,95.60,,,,,,1,1,2023,2023-07
2023-07-31,2023,R,665795,669016,FF,4-Seam Fastball,,foul,L,R,MIA,PHI,96.40,73.70,22,,,,1,0,2023,2023-07
2023-07-31,2023,R,665795,669016,FF,4-Seam Fastball,,ball,L,R,MIA,PHI,95.50,,,,,,0,0,2023,2023-07
2023-07-31,2023,R,665795,679032,CU,Curveball,strikeout,swinging_strike_blocked,R,R,MIA,PHI,86.70,,,,,,0,2,2023,2023-07
2023-07-31,2023,R,665795,679032,CH,Changeup,,foul,R,R,MIA,PHI,94.30,75.60,-31,,,,0,2,2023,2023-07
2023-07-31,2023,R,665795,679032,CH,Changeup,,swinging_strike,R,R,MIA,PHI,93.30,,,,,,0,1,2023,2023-07
2023-07-31,2023,R,665795,679032,CH,Changeup,,swinging_strike,R,R,MIA,PHI,92.60,,,,,,0,0,2023,2023-07
2023-07-31,2023,R,665795,681082,CH,Changeup,field_out,hit_into_play,L,R,MIA,PHI,92.90,90.70,20,76.25,93.49,line_drive,2,1,2023,2023-07
2023-07-31,2023,R,665795,681082,CH,Changeup,,called_strike,L,R,MIA,PHI,92.20,,,,,,2,0,2023,2023-07
2023-07-31,2023,R,665795,681082,FF,4-Seam Fastball,,ball,L,R,MIA,PHI,96.80,,,,,,1,0,2023,2023-07
2023-07-31,2023,R,665795,681082,CH,Changeup,,ball,L,R,MIA,PHI,92.20,,,,,,0,0,2023,2023-07
2023-07-31,2023,R,665795,681082,CU,Curveball,strikeout,swinging_strike_blocked,L,R,MIA,PHI,87.60,,,,,,3,2,2023,2023-07
2023-07-31,2023,R,665795,681082,FF,4-Seam Fastball,,swinging_strike,L,R,MIA,PHI,97.00,,,,,,3,1,2023,2023-07
2023-07-31,2023,R,665795,681082,FF,4-Seam Fastball,,ball,L,R,MIA,PHI,96.00,,,,,,2,1,2023,2023-07
2023-07-31,2023,R,665795,681082,FF,4-Seam Fastball,,ball,L,R,MIA,PHI,96.50,,,,,,1,1,2023,2023-07
2023-07-31,2023,R,665795,681082,FF,4-Seam Fastball,,called_strike,L,R,MIA,PHI,96.20,,,,,,1,0,2023,2023-07
2023-07-31,2023,R,665795,681082,FF,4-Seam Fastball,,ball,L,R,MIA,PHI,96.80,,,,,,0,0,2023,2023-07
2023-07-31,2023,R,665871,458015,SI,Sinker,strikeout,called_strike,L,R,CHC,CIN,92.70,,,,,,3,2,2023,2023-07
2023-07-31,2023,R,665871,458015,FC,Cutter,,ball,L,R,CHC,CIN,90.50,,,,,,2,2,2023,2023-07
2023-07-31,2023,R,665871,458015,SI,Sinker,,ball,L,R,CHC,CIN,92.80,,,,,,1,2,2023,2023-07
2023-07-31,2023,R,665871,458015,SI,Sinker,,swinging_strike,L,R,CHC,CIN,93.20,,,,,,1,1,2023,2023-07
2023-07-31,2023,R,665871,458015,ST,Sweeper,,ball,L,R,CHC,CIN,81.20,,,,,,0,1,2023,2023-07
2023-07-31,2023,R,665871,458015,FC,Cutter,,swinging_strike,L,R,CHC,CIN,89.80,,,,,,0,0,2023,2023-07
2023-07-31,2023,R,665871,571912,SI,Sinker,field_out,hit_into_play,R,R,CHC,CIN,93.00,105.00,-1,105.81,154.25,ground_ball,2,2,2023,2023-07
2023-07-31,2023,R,665871,571912,ST,Sweeper,,ball,R,R,CHC,CIN,81.40,,,,,,1,2,2023,2023-07
2023-07-31,2023,R,665871,571912,SI,Sinker,,foul,R,R,CHC,CIN,91.90,65.40,42,,,,1,1,2023,2023-07
2023-07-31,2023,R,665871,571912,SI,Sinker,,called_strike,R,R,CHC,CIN,92.30,,,,,,1,0,2023,2023-07
2023-07-31,2023,R,665871,571912,FC,Cutter,,ball,R,R,CHC,CIN,88.00,,,,,,0,0,2023,2023-07
2023-07-31,2023,R,665871,571912,ST,Sweeper,field_out,hit_into_play,R,R,CHC,CIN,81.30,41.10,0,128.29,194.96,ground_ball,1,2,2023,2023-07
2023-07-31,2023,R,665871,571912,ST,Sweeper,,called_strike,R,R,CHC,CIN,80.50,,,,,,1,1,2023,2023-07
2023-07-31,2023,R,665871,571912,FC,Cutter,,foul,R,R,CHC,CIN,87.60,58.20,-53,,,,1,0,2023,2023-07
2023-07-31,2023,R,665871,571912,SI,Sinker,,ball,R,R,CHC,CIN,93.50,,,,,,0,0,2023,2023-07
2023-07-31,2023,R,665871,641584,FC,Cutter,strikeout,swinging_strike,L,R,CHC,CIN,89.90,,,,,,0,2,2023,2023-07
2023-07-31,2023,R,665871,641584,SI,Sinker,,foul,L,R,CHC,CIN,93.50,73.10,42,,,,0,1,2023,2023-07
2023-07-31,2023,R,665871,641584,FC,Cutter,,foul,L,R,CHC,CIN,88.00,78.00,75,,,,0,0,2023,2023-07
2023-07-31,2023,R,665871,641584,FC,Cutter,field_out,hit_into_play,L,R,CHC,CIN,91.00,77.80,76,101.87,179.61,popup,0,0,2023,2023-07
2023-07-31,2023,R,665871,666181,FC,Cutter,field_out,hit_into_play,L,R,CHC,CIN,90.70,102.50,38,143.19,49.70,fly_ball,1,0,2023,2023-07
2023-07-31,2023,R,665871,666181,SI,Sinker,,ball,L,R,CHC,CIN,94.70,,,,,,0,0,2023,2023-07
2023-07-31,2023,R,665871,668715,SI,Sinker,walk,ball,R,R,CHC,CIN,93.00,,,,,,3,1,2023,2023-07
2023-07-31,2023,R,665871,668715,FC,Cutter,,ball,R,R,CHC,CIN,89.00,,,,,,2,1,2023,2023-07
2023-07-31,2023,R,665871,668715,SI,Sinker,,ball,R,R,CHC,CIN,94.80,,,,,,1,1,2023,2023-07
2023-07-31,2023,R,665871,668715,FC,Cutter,,ball,R,R,CHC,CIN,89.30,,,,,,0,1,2023,2023-07
2023-07-31,2023,R,665871,668715,ST,Sweeper,,foul,R,R,CHC,CIN,80.30,72.10,72,,,,0,0,2023,2023-07
2023-07-31,2023,R,665871,668715,FC,Cutter,strikeout,foul_tip,R,R,CHC,CIN,88.90,,,,,,2,2,2023,2023-07
2023-07-31,2023,R,665871,668715,SI,Sinker,,foul,R,R,CHC,CIN,93.40,85.90,57,,,,2,2,2023,2023-07
2023-07-31,2023,R,665871,668715,ST,Sweeper,,ball,R,R,CHC,CIN,82.10,,,,,,1,2,2023,2023-07
2023-07-31,2023,R,665871,668715,ST,Sweeper,,ball,R,R,CHC,CIN,82.20,,,,,,0,2,2023,2023-07
2023-07-31,2023,R,665871,668715,SI,Sinker,,called_strike,R,R,CHC,CIN,92.60,,,,,,0,1,2023,2023-07
2023-07-31,2023,R,665871,668715,SI,Sinker,,called_strike,R,R,CHC,CIN,91.80,,,,,,0,0,2023,2023-07
2023-07-31,2023,R,665871,670770,SI,Sinker,field_out,hit_into_play,L,R,CHC,CIN,93.50,79.70,86,124.99,222.33,popup,3,2,2023,2023-07
2023-07-31,2023,R,665871,670770,SI,Sinker,,foul,L,R,CHC,CIN,92.60,74.20,60,,,,3,1,2023,2023-07
2023-07-31,2023,R,665871,670770,SI,Sinker,,ball,L,R,CHC,CIN,92.60,,,,,,2,1,2023,2023-07
2023-07-31,2023,R,665871,670770,FC,Cutter,,called_strike,L,R,CHC,CIN,88.50,,,,,,2,0,2023,2023-07
2023-07-31,2023,R,665871,670770,FC,Cutter,,ball,L,R,CHC,CIN,89.60,,,,,,1,0,2023,2023-07
2023-07-31,2023,R,665871,670770,FF,4-Seam Fastball,,ball,L,R,CHC,CIN,93.80,,,,,,0,0,2023,2023-07
2023-07-31,2023,R,665871,670770,FF,4-Seam Fastball,walk,ball,L,R,CHC,CIN,94.00,,,,,,3,1,2023,2023-07
2023-07-31,2023,R,665871,670770,FF,4-Seam Fastball,,ball,L,R,CHC,CIN,94.20,,,,,,2,1,2023,2023-07
2023-07-31,2023,R,665871,670770,FC,Cutter,,foul,L,R,CHC,CIN,89.10,70.10,60,,,,2,0,2023,2023-07
2023-07-31,2023,R,665871,670770,SI,Sinker,,ball,L,R,CHC,CIN,93.60,,,,,,1,0,2023,2023-07
2023-07-31,2023,R,665871,670770,CU,Curveball,,ball,L,R,CHC,CIN,75.70,,,,,,0,0,2023,2023-07
2023-07-31,2023,R,665871,680574,FC,Cutter,field_out,hit_into_play,R,R,CHC,CIN,87.20,59.00,-42,109.26,155.98,ground_ball,0,1,2023,2023-07
2023-07-31,2023,R,665871,680574,ST,Sweeper,,called_strike,R,R,CHC,CIN,80.20,,,,,,0,0,2023,2023-07
2023-07-31,2023,R,665871,680574,SI,Sinker,walk,ball,R,R,CHC,CIN,95.50,,,,,,3,2,2023,2023-07
2023-07-31,2023,R,665871,680574,SI,Sinker,,foul,R,R,CHC,CIN,93.80,72.60,-8,,,,3,1,2023,2023-07
2023-07-31,2023,R,665871,680574,SI,Sinker,,ball,R,R,CHC,CIN,93.40,,,,,,2,1,2023,2023-07
2023-07-31,2023,R,665871,680574,FC,Cutter,,called_strike,R,R,CHC,CIN,87.70,,,,,,2,0,2023,2023-07
2023-07-31,2023,R,665871,680574,SI,Sinker,,ball,R,R,CHC,CIN,93.50,,,,,,1,0,2023,2023-07
2023-07-31,2023,R,665871,680574,FC,Cutter,,blocked_ball,R,R,CHC,CIN,88.80,,,,,,0,0,2023,2023-07
2023-07-31,2023,R,665871,682829,SI,Sinker,field_out,hit_into_play,L,R,CHC,CIN,94.00,97.30,-22,152.58,158.52,ground_ball,1,2,2023,2023-07
2023-07-31,2023,R,665871,682829,SI,Sinker,,called_strike,L,R,CHC,CIN,93.00,,,,,,1,1,2023,2023-07
2023-07-31,2023,R,665871,682829,FC,Cutter,,called_strike,L,R,CHC,CIN,90.20,,,,,,1,0,2023,2023-07
2023-07-31,2023,R,665871,682829,SI,Sinker,,ball,L,R,CHC,CIN,91.70,,,,,,0,0,2023,2023-07
2023-07-31,2023,R,665871,682829,FC,Cutter,strikeout,foul_tip,L,R,CHC,CIN,90.00,,,,,,3,2,2023,2023-07
2023-07-31,2023,R,665871,682829,FC,Cutter,,foul,L,R,CHC,CIN,90.10,76.60,-29,,,,3,1,2023,2023-07
2023-07-31,2023,R,665871,682829,FC,Cutter,,ball,L,R,CHC,CIN,88.30,,,,,,2,1,2023,2023-07
2023-07-31,2023,R,665871,682829,FC,Cutter,,called_strike,L,R,CHC,CIN,89.10,,,,,,2,0,2023,2023-07
2023-07-31,2023,R,665871,682829,SI,Sinker,,ball,L,R,CHC,CIN,93.10,,,,,,1,0,2023,2023-07
2023-07-31,2023,R,665871,682829,SI,Sinker,,ball,L,R,CHC,CIN,93.00,,,,,,0,0,2023,2023-07
2023-07-31,2023,R,665871,687952,FC,Cutter,double,hit_into_play,R,R,CHC,CIN,89.50,107.80,16,174.25,62.83,line_drive,0,0,2023,2023-07
2023-07-31,2023,R,666168,605170,SI,Sinker,field_out,hit_into_play,L,R,WSH,MIL,96.10,78.80,-7,147.62,155.67,ground_ball,1,0,2023,2023-07
2023-07-31,2023,R,666168,605170,SL,Slider,,ball,L,R,WSH,MIL,85.20,,,,,,0,0,2023,2023-07
2023-07-31,2023,R,666168,642715,SI,Sinker,single,hit_into_play,R,R,WSH,MIL,95.40,36.10,-78,118.15,186.25,ground_ball,1,0,2023,2023-07
2023-07-31,2023,R,666168,642715,SI,Sinker,,ball,R,R,WSH,MIL,96.10,,,,,,0,0,2023,2023-07
2023-07-31,2023,R,666168,655316,SI,Sinker,grounded_into_double_play,hit_into_play,R,R,WSH,MIL,95.90,87.20,1,136.46,149.07,ground_ball,0,0,2023,2023-07
2023-07-31,2023,R,666374,457759,FF,4-Seam Fastball,field_out,hit_into_play,R,R,SEA,BOS,98.00,94.70,41,122.08,73.71,fly_ball,3,2,2023,2023-07
2023-07-31,2023,R,666374,457759,FF,4-Seam Fastball,,foul,R,R,SEA,BOS,98.20,78.00,62,,,,3,2,2023,2023-07
2023-07-31,2023,R,666374,457759,FF,4-Seam Fastball,,foul,R,R,SEA,BOS,98.20,73.60,55,,,,3,1,2023,2023-07
2023-07-31,2023,R,666374,457759,FF,4-Seam Fastball,,ball,R,R,SEA,BOS,98.00,,,,,,2,1,2023,2023-07
2023-07-31,2023,R,666374,457759,FF,4-Seam Fastball,,called_strike,R,R,SEA,BOS,98.00,,,,,,2,0,2023,2023-07
2023-07-31,2023,R,666374,457759,FF,4-Seam Fastball,,ball,R,R,SEA,BOS,97.50,,,,,,1,0,2023,2023-07
2023-07-31,2023,R,666374,457759,FF,4-Seam Fastball,,ball,R,R,SEA,BOS,96.80,,,,,,0,0,2023,2023-07
2023-07-31,2023,R,666374,622569,FF,4-Seam Fastball,field_out,hit_into_play,R,R,SEA,BOS,98.60,100.30,17,159.10,69.62,line_drive,3,2,2023,2023-07
2023-07-31,2023,R,666374,622569,SL,Slider,,ball,R,R,SEA,BOS,88.30,,,,,,2,2,2023,2023-07
2023-07-31,2023,R,666374,622569,FF,4-Seam Fastball,,foul,R,R,SEA,BOS,99.40,79.40,43,,,,2,1,2023,2023-07
2023-07-31,2023,R,666374,622569,FF,4-Seam Fastball,,foul_tip,R,R,SEA,BOS,97.90,,,,,,2,0,2023,2023-07
2023-07-31,2023,R,666374,622569,FF,4-Seam Fastball,,ball,R,R,SEA,BOS,98.90,,,,,,1,0,2023,2023-07
2023-07-31,2023,R,666374,622569,FF,4-Seam Fastball,,ball,R,R,SEA,BOS,98.30,,,,,,0,0,2023,2023-07
2023-07-31,2023,R,666374,644374,SL,Slider,field_out,hit_into_play,R,R,SEA,BOS,89.50,107.10,-8,112.48,151.58,ground_ball,1,2,2023,2023-07
2023-07-31,2023,R,666374,644374,SL,Slider,,ball,R,R,SEA,BOS,90.90,,,,,,0,2,2023,2023-07
2023-07-31,2023,R,666374,644374,SL,Slider,,swinging_strike,R,R,SEA,BOS,90.50,,,,,,0,1,2023,2023-07
2023-07-31,2023,R,666374,644374,SL,Slider,,called_strike,R,R,SEA,BOS,88.50,,,,,,0,0,2023,2023-07
2023-07-31,2023,R,666374,680776,FF,4-Seam Fastball,field_out,hit_into_play,L,R,SEA,BOS,97.50,97.10,31,42.05,87.46,fly_ball,1,1,2023,2023-07
2023-07-31,2023,R,666374,680776,KC,Knuckle Curve,,called_strike,L,R,SEA,BOS,84.10,,,,,,1,0,2023,2023-07
2023-07-31,2023,R,666374,680776,KC,Knuckle Curve,,ball,L,R,SEA,BOS,84.60,,,,,,0,0,2023,2023-07
2023-07-31,2023,R,666745,542194,ST,Sweeper,strikeout,swinging_strike,R,R,NYY,TB,81.60,,,,,,2,2,2023,2023-07
2023-07-31,2023,R,666745,542194,ST,Sweeper,,ball,R,R,NYY,TB,81.70,,,,,,1,2,2023,2023-07
2023-07-31,2023,R,666745,542194,CH,Changeup,,ball,R,R,NYY,TB,89.50,,,,,,0,2,2023,2023-07
2023-07-31,2023,R,666745,542194,ST,Sweeper,,called_strike,R,R,NYY,TB,82.50,,,,,,0,1,2023,2023-07
2023-07-31,2023,R,666745,542194,SI,Sinker,,swinging_strike,R,R,NYY,TB,96.20,,,,,,0,0,2023,2023-07
2023-07-31,2023,R,666745,542194,SI,Sinker,truncated_pa,ball,R,R,NYY,TB,96.80,,,,,,2,0,2023,2023-07
2023-07-31,2023,R,666745,542194,SI,Sinker,,ball,R,R,NYY,TB,95.70,,,,,,1,0,2023,2023-07
2023-07-31,2023,R,666745,542194,SI,Sinker,,ball,R,R,NYY,TB,95.70,,,,,,0,0,2023,2023-07
2023-07-31,2023,R,666745,642350,ST,Sweeper,strikeout,swinging_strike,R,R,NYY,TB,82.50,,,,,,1,2,2023,2023-07
2023-07-31,2023,R,666745,642350,ST,Sweeper,,ball,R,R,NYY,TB,82.90,,,,,,0,2,2023,2023-07
2023-07-31,2023,R,666745,642350,ST,Sweeper,,called_strike,R,R,NYY,TB,83.30,,,,,,0,1,2023,2023-07
2023-07-31,2023,R,666745,642350,SI,Sinker,,swinging_strike,R,R,NYY,TB,96.40,,,,,,0,0,2023,2023-07
2023-07-31,2023,R,666745,642350,SI,Sinker,fielders_choice_out,hit_into_play,R,R,NYY,TB,98.20,88.00,4,113.27,160.56,ground_ball,0,0,2023,2023-07
2023-07-31,2023,R,666745,650490,CH,Changeup,field_out,hit_into_play,R,R,NYY,TB,91.90,107.90,-5,93.31,153.99,ground_ball,3,2,2023,2023-07
2023-07-31,2023,R,666745,650490,SI,Sinker,,foul,R,R,NYY,TB,97.40,57.50,57,,,,3,2,2023,2023-07
2023-07-31,2023,R,666745,650490,CH,Changeup,,foul,R,R,NYY,TB,90.50,94.90,-28,,,,3,2,2023,2023-07
2023-07-31,2023,R,666745,650490,SI,Sinker,,ball,R,R,NYY,TB,97.80,,,,,,2,2,2023,2023-07
2023-07-31,2023,R,666745,650490,ST,Sweeper,,foul,R,R,NYY,TB,82.60,76.90,75,,,,2,2,2023,2023-07
2023-07-31,2023,R,666745,650490,CH,Changeup,,ball,R,R,NYY,TB,91.50,,,,,,1,2,2023,2023-07
2023-07-31,2023,R,666745,650490,ST,Sweeper,,foul,R,R,NYY,TB,83.00,61.20,-58,,,,1,2,2023,2023-07
2023-07-31,2023,R,666745,650490,CH,Changeup,,foul,R,R,NYY,TB,91.00,69.40,-50,,,,1,1,2023,2023-07
2023-07-31,2023,R,666745,650490,CH,Changeup,,ball,R,R,NYY,TB,89.70,,,,,,0,1,2023,2023-07
2023-07-31,2023,R,666745,650490,SI,Sinker,,called_strike,R,R,NYY,TB,97.40,,,,,,0,0,2023,2023-07
2023-07-31,2023,R,666745,650490,SI,Sinker,single,hit_into_play,R,R,NYY,TB,97.00,90.40,13,168.34,97.61,line_drive,3,1,2023,2023-07
2023-07-31,2023,R,666745,650490,SI,Sinker,,ball,R,R,NYY,TB,97.90,,,,,,2,1,2023,2023-07
2023-07-31,2023,R,666745,650490,ST,Sweeper,,ball,R,R,NYY,TB,84.70,,,,,,1,1,2023,2023-07
2023-07-31,2023,R,666745,650490,SI,Sinker,,foul,R,R,NYY,TB,97.50,88.00,42,,,,1,0,2023,2023-07
2023-07-31,2023,R,666745,650490,SI,Sinker,,ball,R,R,NYY,TB,97.00,,,,,,0,0,2023,2023-07
2023-07-31,2023,R,666745,664040,CH,Changeup,field_out,hit_into_play,L,R,NYY,TB,90.40,95.30,-2,118.73,163.59,ground_ball,0,0,2023,2023-07
2023-07-31,2023,R,666745,664040,FF,4-Seam Fastball,home_run,hit_into_play,L,R,NYY,TB,96.40,98.60,34,183.69,56.77,fly_ball,0,1,2023,2023-07
2023-07-31,2023,R,666745,664040,CH,Changeup,,called_strike,L,R,NYY,TB,90.70,,,,,,0,0,2023,2023-07
2023-07-31,2023,R,666745,666139,SI,Sinker,home_run,hit_into_play,L,R,NYY,TB,96.90,104.90,31,113.20,29.61,fly_ball,0,1,2023,2023-07
2023-07-31,2023,R,666745,666139,CH,Changeup,,called_strike,L,R,NYY,TB,89.30,,,,,,0,0,2023,2023-07
2023-07-31,2023,R,666745,666139,CH,Changeup,field_out,hit_into_play,L,R,NYY,TB,90.30,89.80,54,87.52,113.00,fly_ball,0,2,2023,2023-07
2023-07-31,2023,R,666745,666139,KC,Knuckle Curve,,foul,L,R,NYY,TB,81.20,78.30,76,,,,0,1,2023,2023-07
2023-07-31,2023,R,666745,666139,SI,Sinker,,called_strike,L,R,NYY,TB,96.90,,,,,,0,0,2023,2023-07
2023-07-31,2023,R,666745,668227,CH,Changeup,strikeout,swinging_strike,R,R,NYY,TB,90.30,,,,,,2,2,2023,2023-07
2023-07-31,2023,R,666745,668227,CH,Changeup,,foul,R,R,NYY,TB,90.00,91.80,-12,,,,2,1,2023,2023-07
2023-07-31,2023,R,666745,668227,SI,Sinker,,ball,R,R,NYY,TB,94.30,,,,,,1,1,2023,2023-07
2023-07-31,2023,R,666745,668227,ST,Sweeper,,called_strike,R,R,NYY,TB,81.80,,,,,,1,0,2023,2023-07
2023-07-31,2023,R,666745,668227,SI,Sinker,,ball,R,R,NYY,TB,95.70,,,,,,0,0,2023,2023-07
2023-07-31,2023,R,666745,668227,SI,Sinker,field_out,hit_into_play,R,R,NYY,TB,98.00,101.50,-24,144.55,141.44,ground_ball,2,0,2023,2023-07
2023-07-31,2023,R,666745,668227,SI,Sinker,,ball,R,R,NYY,TB,98.30,,,,,,1,0,2023,2023-07
2023-07-31,2023,R,666745,668227,SI,Sinker,,ball,R,R,NYY,TB,98.50,,,,,,0,0,2023,2023-07
2023-07-31,2023,R,666745,670042,SI,Sinker,field_out,hit_into_play,L,R,NYY,TB,96.20,91.10,65,74.07,154.06,popup,1,2,2023,2023-07
2023-07-31,2023,R,666745,670042,CH,Changeup,,foul,L,R,NYY,TB,89.10,73.40,-22,,,,1,2,2023,2023-07
2023-07-31,2023,R,666745,670042,CH,Changeup,,foul,L,R,NYY,TB,91.00,79.70,69,,,,1,2,2023,2023-07
2023-07-31,2023,R,666745,670042,CH,Changeup,,foul_tip,L,R,NYY,TB,90.60,,,,,,1,1,2023,2023-07
2023-07-31,2023,R,666745,670042,FF,4-Seam Fastball,,foul,L,R,NYY,TB,96.30,67.30,45,,,,1,0,2023,2023-07
2023-07-31,2023,R,666745,670042,KC,Knuckle Curve,,ball,L,R,NYY,TB,80.30,,,,,,0,0,2023,2023-07
2023-07-31,2023,R,666745,670042,CH,Changeup,strikeout,swinging_strike,L,R,NYY,TB,91.30,,,,,,1,2,2023,2023-07
2023-07-31,2023,R,666745,670042,CH,Changeup,,swinging_strike,L,R,NYY,TB,90.50,,,,,,1,1,2023,2023-07
2023-07-31,2023,R,666745,670042,CH,Changeup,,called_strike,L,R,NYY,TB,90.80,,,,,,1,0,2023,2023-07
2023-07-31,2023,R,666745,670042,CH,Changeup,,ball,L,R,NYY,TB,90.40,,,,,,0,0,2023,2023-07
2023-07-31,2023,R,666745,670623,SI,Sinker,home_run,hit_into_play,R,R,NYY,TB,96.80,102.80,25,43.59,71.64,fly_ball,0,1,2023,2023-07
2023-07-31,2023,R,666745,670623,SI,Sinker,,called_strike,R,R,NYY,TB,96.90,,,,,,0,0,2023,2023-07
2023-07-31,2023,R,666745,670623,ST,Sweeper,double,hit_into_play,R,R,NYY,TB,83.80,89.20,17,41.00,120.38,line_drive,1,0,2023,2023-07
2023-07-31,2023,R,666745,670623,SI,Sinker,,ball,R,R,NYY,TB,96.90,,,,,,0,0,2023,2023-07
2023-07-31,2023,R,666745,677551,KC,Knuckle Curve,home_run,hit_into_play,L,R,NYY,TB,81.60,104.60,38,220.23,71.12,fly_ball,2,2,2023,2023-07
2023-07-31,2023,R,666745,677551,CH,Changeup,,ball,L,R,NYY,TB,90.40,,,,,,1,2,2023,2023-07
2023-07-31,2023,R,666745,677551,FF,4-Seam Fastball,,foul,L,R,NYY,TB,97.90,83.60,31,,,,1,2,2023,2023-07
2023-07-31,2023,R,666745,677551,KC,Knuckle Curve,,foul,L,R,NYY,TB,81.20,97.40,10,,,,1,2,2023,2023-07
2023-07-31,2023,R,666745,677551,CH,Changeup,,foul,L,R,NYY,TB,90.40,89.20,46,,,,1,2,2023,2023-07
2023-07-31,2023,R,666745,677551,ST,Sweeper,,called_strike,L,R,NYY,TB,81.10,,,,,,1,1,2023,2023-07
2023-07-31,2023,R,666745,677551,CH,Changeup,,foul,L,R,NYY,TB,90.40,93.10,47,,,,1,0,2023,2023-07
2023-07-31,2023,R,666745,677551,CH,Changeup,,ball,L,R,NYY,TB,91.80,,,,,,0,0,2023,2023-07
2023-07-31,2023,R,666745,677551,FF,4-Seam Fastball,field_out,hit_into_play,L,R,NYY,TB,96.70,98.10,58,97.57,109.79,fly_ball,0,0,2023,2023-07
2023-07-31,2023,R,666808,572233,SL,Slider,strikeout,swinging_strike,R,R,SF,AZ,89.50,,,,,,2,2,2023,2023-07
2023-07-31,2023,R,666808,572233,SL,Slider,,ball,R,R,SF,AZ,88.40,,,,,,1,2,2023,2023-07
2023-07-31,2023,R,666808,572233,FF,4-Seam Fastball,,swinging_strike,R,R,SF,AZ,98.60,,,,,,1,1,2023,2023-07
2023-07-31,2023,R,666808,572233,SI,Sinker,,ball,R,R,SF,AZ,99.40,,,,,,0,1,2023,2023-07
2023-07-31,2023,R,666808,572233,SI,Sinker,,called_strike,R,R,SF,AZ,97.00,,,,,,0,0,2023,2023-07
2023-07-31,2023,R,666808,664983,SL,Slider,strikeout,swinging_strike,L,R,SF,AZ,89.70,,,,,,3,2,2023,2023-07
2023-07-31,2023,R,666808,664983,SL,Slider,,foul,L,R,SF,AZ,88.90,73.00,-28,,,,3,2,2023,2023-07
2023-07-31,2023,R,666808,664983,SL,Slider,,foul,L,R,SF,AZ,89.10,,,,,,3,2,2023,2023-07
2023-07-31,2023,R,666808,664983,SL,Slider,,called_strike,L,R,SF,AZ,88.50,,,,,,3,1,2023,2023-07
2023-07-31,2023,R,666808,664983,FC,Cutter,,ball,L,R,SF,AZ,99.00,,,,,,2,1,2023,2023-07
2023-07-31,2023,R,666808,664983,FC,Cutter,,foul,L,R,SF,AZ,98.00,79.30,56,,,,2,0,2023,2023-07
2023-07-31,2023,R,666808,664983,SL,Slider,,ball,L,R,SF,AZ,88.70,,,,,,1,0,2023,2023-07
2023-07-31,2023,R,666808,664983,FC,Cutter,,ball,L,R,SF,AZ,100.00,,,,,,0,0,2023,2023-07
2023-07-31,2023,R,666808,666971,SL,Slider,strikeout,swinging_strike,R,R,SF,AZ,88.00,,,,,,2,2,2023,2023-07
2023-07-31,2023,R,666808,666971,SI,Sinker,,foul,R,R,SF,AZ,98.40,54.50,63,,,,2,1,2023,2023-07
2023-07-31,2023,R,666808,666971,SL,Slider,,ball,R,R,SF,AZ,88.80,,,,,,1,1,2023,2023-07
2023-07-31,2023,R,666808,666971,FC,Cutter,,ball,R,R,SF,AZ,101.20,,,,,,0,1,2023,2023-07
2023-07-31,2023,R,666808,666971,SL,Slider,,swinging_strike,R,R,SF,AZ,88.10,,,,,,0,0,2023,2023-07
2023-07-31,2023,R,666974,474832,FF,4-Seam Fastball,walk,ball,L,R,TOR,BAL,95.60,,,,,,3,2,2023,2023-07
2023-07-31,2023,R,666974,474832,FF,4-Seam Fastball,,foul,L,R,TOR,BAL,96.10,57.50,31,,,,3,2,2023,2023-07
2023-07-31,2023,R,666974,474832,FF,4-Seam Fastball,,ball,L,R,TOR,BAL,95.70,,,,,,2,2,2023,2023-07
2023-07-31,2023,R,666974,474832,FF,4-Seam Fastball,,foul,L,R,TOR,BAL,95.60,66.40,50,,,,2,2,2023,2023-07
2023-07-31,2023,R,666974,474832,CH,Changeup,,ball,L,R,TOR,BAL,90.10,,,,,,1,2,2023,2023-07
2023-07-31,2023,R,666974,474832,FF,4-Seam Fastball,,swinging_strike,L,R,TOR,BAL,95.30,,,,,,1,1,2023,2023-07
2023-07-31,2023,R,666974,474832,FF,4-Seam Fastball,,ball,L,R,TOR,BAL,95.90,,,,,,0,1,2023,2023-07
2023-07-31,2023,R,666974,474832,FF,4-Seam Fastball,,called_strike,L,R,TOR,BAL,95.80,,,,,,0,0,2023,2023-07
2023-07-31,2023,R,666974,593160,SL,Slider,home_run,hit_into_play,R,R,TOR,BAL,85.10,96.10,36,46.08,80.00,fly_ball,1,1,2023,2023-07
2023-07-31,2023,R,666974,593160,CH,Changeup,,ball,R,R,TOR,BAL,90.00,,,,,,0,1,2023,2023-07
2023-07-31,2023,R,666974,593160,SL,Slider,,swinging_strike,R,R,TOR,BAL,85.00,,,,,,0,0,2023,2023-07
2023-07-31,2023,R,666974,665489,CH,Changeup,walk,ball,R,R,TOR,BAL,91.40,,,,,,3,1,2023,2023-07
2023-07-31,2023,R,666974,665489,SI,Sinker,,called_strike,R,R,TOR,BAL,96.60,,,,,,3,0,2023,2023-07
2023-07-31,2023,R,666974,665489,CH,Changeup,,ball,R,R,TOR,BAL,91.80,,,,,,2,0,2023,2023-07
2023-07-31,2023,R,666974,665489,SI,Sinker,,ball,R,R,TOR,BAL,96.70,,,,,,1,0,2023,2023-07
2023-07-31,2023,R,666974,665489,SI,Sinker,,ball,R,R,TOR,BAL,97.30,,,,,,0,0,2023,2023-07
2023-07-31,2023,R,666974,669289,SI,Sinker,field_out,hit_into_play,R,R,TOR,BAL,95.70,83.30,-42,107.57,171.76,ground_ball,1,0,2023,2023-07
2023-07-31,2023,R,666974,669289,SL,Slider,,ball,R,R,TOR,BAL,85.80,,,,,,0,0,2023,2023-07
2023-07-31,2023,R,667755,518595,KC,Knuckle Curve,field_out,hit_into_play,R,R,ATL,LAA,87.40,80.70,-44,108.85,171.67,ground_ball,1,1,2023,2023-07
2023-07-31,2023,R,667755,518595,KC,Knuckle Curve,,swinging_strike_blocked,R,R,ATL,LAA,88.00,,,,,,1,0,2023,2023-07
2023-07-31,2023,R,667755,518595,,,,automatic_ball,R,R,ATL,LAA,96.30,,,,,,0,0,2023,2023-07
2023-07-31,2023,R,667755,542303,FS,Split-Finger,field_out,hit_into_play,R,R,ATL,LAA,96.00,105.20,-9,108.85,157.13,ground_ball,1,1,2023,2023-07
2023-07-31,2023,R,667755,542303,KC,Knuckle Curve,,ball,R,R,ATL,LAA,88.20,,,,,,0,1,2023,2023-07
2023-07-31,2023,R,667755,542303,KC,Knuckle Curve,,called_strike,R,R,ATL,LAA,87.40,,,,,,0,0,2023,2023-07
2023-07-31,2023,R,667755,621566,,,intent_walk,automatic_ball,L,R,ATL,LAA,,,,,,,3,0,2023,2023-07
2023-07-31,2023,R,667755,621566,,,,automatic_ball,L,R,ATL,LAA,,,,,,,2,0,2023,2023-07
2023-07-31,2023,R,667755,621566,,,,automatic_ball,L,R,ATL,LAA,,,,,,,1,0,2023,2023-07
2023-07-31,2023,R,667755,621566,,,,automatic_ball,L,R,ATL,LAA,,,,,,,0,0,2023,2023-07
2023-07-31,2023,R,667755,645277,FF,4-Seam Fastball,strikeout,swinging_strike,L,R,ATL,LAA,98.30,,,,,,0,2,2023,2023-07
2023-07-31,2023,R,667755,645277,KC,Knuckle Curve,,foul,L,R,ATL,LAA,86.20,,,,,,0,2,2023,2023-07
2023-07-31,2023,R,667755,645277,KC,Knuckle Curve,,foul,L,R,ATL,LAA,86.90,,,,,,0,1,2023,2023-07
2023-07-31,2023,R,667755,645277,FS,Split-Finger,,called_strike,L,R,ATL,LAA,95.00,,,,,,0,0,2023,2023-07
2023-07-31,2023,R,667755,660670,FS,Split-Finger,walk,ball,R,R,ATL,LAA,96.40,,,,,,3,2,2023,2023-07
2023-07-31,2023,R,667755,660670,KC,Knuckle Curve,,ball,R,R,ATL,LAA,87.90,,,,,,2,2,2023,2023-07
2023-07-31,2023,R,667755,660670,KC,Knuckle Curve,,foul,R,R,ATL,LAA,88.30,34.00,29,,,,2,2,2023,2023-07
2023-07-31,2023,R,667755,660670,FS,Split-Finger,,ball,R,R,ATL,LAA,96.80,,,,,,1,2,2023,2023-07
2023-07-31,2023,R,667755,660670,SI,Sinker,,foul,R,R,ATL,LAA,97.20,,,,,,1,1,2023,2023-07
2023-07-31,2023,R,667755,660670,KC,Knuckle Curve,,ball,R,R,ATL,LAA,88.40,,,,,,0,1,2023,2023-07
2023-07-31,2023,R,667755,660670,KC,Knuckle Curve,,swinging_strike,R,R,ATL,LAA,88.60,,,,,,0,0,2023,2023-07
2023-07-31,2023,R,667755,663586,FS,Split-Finger,double,hit_into_play,R,R,ATL,LAA,96.40,98.50,25,217.51,96.52,fly_ball,2,1,2023,2023-07
2023-07-31,2023,R,667755,663586,KC,Knuckle Curve,,blocked_ball,R,R,ATL,LAA,86.70,,,,,,1,1,2023,2023-07
2023-07-31,2023,R,667755,663586,FS,Split-Finger,,foul,R,R,ATL,LAA,95.70,79.20,-25,,,,1,0,2023,2023-07
2023-07-31,2023,R,667755,663586,FS,Split-Finger,,blocked_ball,R,R,ATL,LAA,95.80,,,,,,0,0,2023,2023-07
2023-07-31,2023,R,667755,671739,FF,4-Seam Fastball,field_out,hit_into_play,L,R,ATL,LAA,99.50,88.00,19,115.98,80.42,line_drive,1,1,2023,2023-07
2023-07-31,2023,R,667755,671739,KC,Knuckle Curve,,ball,L,R,ATL,LAA,88.30,,,,,,0,1,2023,2023-07
2023-07-31,2023,R,667755,671739,KC,Knuckle Curve,,called_strike,L,R,ATL,LAA,88.20,,,,,,0,0,2023,2023-07
2023-07-31,2023,R,669060,545121,SI,Sinker,field_out,hit_into_play,L,R,WSH,MIL,91.80,70.80,-36,145.09,152.62,ground_ball,2,0,2023,2023-07
2023-07-31,2023,R,669060,545121,FC,Cutter,,ball,L,R,WSH,MIL,87.20,,,,,,1,0,2023,2023-07
2023-07-31,2023,R,669060,545121,CU,Curveball,,ball,L,R,WSH,MIL,77.00,,,,,,0,0,2023,2023-07
2023-07-31,2023,R,669060,656448,SI,Sinker,walk,blocked_ball,R,R,WSH,MIL,92.80,,,,,,3,0,2023,2023-07
2023-07-31,2023,R,669060,656448,SI,Sinker,,ball,R,R,WSH,MIL,93.20,,,,,,2,0,2023,2023-07
2023-07-31,2023,R,669060,656448,FC,Cutter,,ball,R,R,WSH,MIL,88.00,,,,,,1,0,2023,2023-07
2023-07-31,2023,R,669060,656448,CU,Curveball,,ball,R,R,WSH,MIL,78.90,,,,,,0,0,2023,2023-07
2023-07-31,2023,R,669060,669743,SI,Sinker,strikeout,called_strike,R,R,WSH,MIL,92.30,,,,,,2,2,2023,2023-07
2023-07-31,2023,R,669060,669743,SI,Sinker,,foul,R,R,WSH,MIL,92.50,110.30,-14,,,,2,1,2023,2023-07
2023-07-31,2023,R,669060,669743,SI,Sinker,,called_strike,R,R,WSH,MIL,91.90,,,,,,2,0,2023,2023-07
2023-07-31,2023,R,669060,669743,FC,Cutter,,ball,R,R,WSH,MIL,89.00,,,,,,1,0,2023,2023-07
2023-07-31,2023,R,669060,669743,SI,Sinker,,ball,R,R,WSH,MIL,92.20,,,,,,0,0,2023,2023-07
2023-07-31,2023,R,669060,671277,CU,Curveball,field_out,hit_into_play,L,R,WSH,MIL,79.00,90.80,-21,162.34,163.79,ground_ball,0,1,2023,2023-07
2023-07-31,2023,R,669060,671277,FC,Cutter,,called_strike,L,R,WSH,MIL,86.90,,,,,,0,0,2023,2023-07
2023-07-31,2023,R,669194,527038,FF,4-Seam Fastball,grounded_into_double_play,hit_into_play,R,R,SF,AZ,94.60,96.30,-11,111.93,155.09,ground_ball,2,2,2023,2023-07
2023-07-31,2023,R,669194,527038,ST,Sweeper,,foul,R,R,SF,AZ,80.80,59.20,-44,,,,2,2,2023,2023-07
2023-07-31,2023,R,669194,527038,ST,Sweeper,,foul,R,R,SF,AZ,82.50,70.10,-25,,,,2,1,2023,2023-07
2023-07-31,2023,R,669194,527038,FC,Cutter,,ball,R,R,SF,AZ,85.00,,,,,,1,1,2023,2023-07
2023-07-31,2023,R,669194,527038,FC,Cutter,,ball,R,R,SF,AZ,86.30,,,,,,0,1,2023,2023-07
2023-07-31,2023,R,669194,527038,FF,4-Seam Fastball,,called_strike,R,R,SF,AZ,93.70,,,,,,0,0,2023,2023-07
2023-07-31,2023,R,669194,527038,FF,4-Seam Fastball,home_run,hit_into_play,R,R,SF,AZ,93.20,100.00,26,54.61,59.90,fly_ball,2,1,2023,2023-07
2023-07-31,2023,R,669194,527038,SL,Slider,,ball,R,R,SF,AZ,81.00,,,,,,1,1,2023,2023-07
2023-07-31,2023,R,669194,527038,FC,Cutter,,ball,R,R,SF,AZ,85.90,,,,,,0,1,2023,2023-07
2023-07-31,2023,R,669194,527038,FF,4-Seam Fastball,,called_strike,R,R,SF,AZ,94.40,,,,,,0,0,2023,2023-07
2023-07-31,2023,R,669194,527038,FF,4-Seam Fastball,field_out,hit_into_play,R,R,SF,AZ,95.90,102.90,27,139.21,39.38,fly_ball,3,2,2023,2023-07
2023-07-31,2023,R,669194,527038,ST,Sweeper,,ball,R,R,SF,AZ,81.20,,,,,,2,2,2023,2023-07
2023-07-31,2023,R,669194,527038,FC,Cutter,,ball,R,R,SF,AZ,84.60,,,,,,1,2,2023,2023-07
2023-07-31,2023,R,669194,527038,FF,4-Seam Fastball,,swinging_strike,R,R,SF,AZ,95.80,,,,,,1,1,2023,2023-07
2023-07-31,2023,R,669194,527038,SL,Slider,,ball,R,R,SF,AZ,83.30,,,,,,0,1,2023,2023-07
2023-07-31,2023,R,669194,527038,CU,Curveball,,called_strike,R,R,SF,AZ,76.80,,,,,,0,0,2023,2023-07
2023-07-31,2023,R,669194,543063,SI,Sinker,field_out,hit_into_play,L,R,SF,AZ,92.90,107.00,19,184.45,88.93,line_drive,0,1,2023,2023-07
2023-07-31,2023,R,669194,543063,FF,4-Seam Fastball,,foul,L,R,SF,AZ,92.60,48.90,-57,,,,0,0,2023,2023-07
2023-07-31,2023,R,669194,543063,FF,4-Seam Fastball,sac_fly,hit_into_play,L,R,SF,AZ,94.90,89.80,44,46.66,107.80,fly_ball,0,0,2023,2023-07
2023-07-31,2023,R,669194,543063,FF,4-Seam Fastball,field_out,hit_into_play,L,R,SF,AZ,95.50,85.50,50,66.93,117.68,fly_ball,0,0,2023,2023-07
2023-07-31,2023,R,669194,592626,FF,4-Seam Fastball,field_out,hit_into_play,L,R,SF,AZ,92.80,97.20,66,162.05,151.04,popup,0,0,2023,2023-07
2023-07-31,2023,R,669194,592626,FC,Cutter,field_out,hit_into_play,L,R,SF,AZ,84.20,92.30,31,46.07,101.31,fly_ball,1,2,2023,2023-07
2023-07-31,2023,R,669194,592626,FC,Cutter,,ball,L,R,SF,AZ,85.60,,,,,,0,2,2023,2023-07
2023-07-31,2023,R,669194,592626,CH,Changeup,,called_strike,L,R,SF,AZ,83.80,,,,,,0,1,2023,2023-07
2023-07-31,2023,R,669194,592626,CU,Curveball,,swinging_strike,L,R,SF,AZ,76.60,,,,,,0,0,2023,2023-07
2023-07-31,2023,R,669194,592626,FF,4-Seam Fastball,field_out,hit_into_play,L,R,SF,AZ,93.80,85.10,62,168.13,140.41,popup,2,1,2023,2023-07
2023-07-31,2023,R,669194,592626,CH,Changeup,,called_strike,L,R,SF,AZ,85.10,,,,,,2,0,2023,2023-07
2023-07-31,2023,R,669194,592626,CH,Changeup,,ball,L,R,SF,AZ,83.30,,,,,,1,0,2023,2023-07
2023-07-31,2023,R,669194,592626,FC,Cutter,,ball,L,R,SF,AZ,86.50,,,,,,0,0,2023,2023-07
2023-07-31,2023,R,669194,624424,FC,Cutter,single,hit_into_play,L,R,SF,AZ,87.70,94.60,11,175.51,118.51,line_drive,0,2,2023,2023-07
2023-07-31,2023,R,669194,624424,CH,Changeup,,foul,L,R,SF,AZ,81.80,62.90,-47,,,,0,1,2023,2023-07
2023-07-31,2023,R,669194,624424,FF,4-Seam Fastball,,called_strike,L,R,SF,AZ,94.60,,,,,,0,0,2023,2023-07
2023-07-31,2023,R,669194,624424,FF,4-Seam Fastball,field_out,hit_into_play,L,R,SF,AZ,93.60,62.70,55,110.47,143.50,popup,0,1,2023,2023-07
2023-07-31,2023,R,669194,624424,FF,4-Seam Fastball,,called_strike,L,R,SF,AZ,93.30,,,,,,0,0,2023,2023-07
2023-07-31,2023,R,669194,624424,FF,4-Seam Fastball,field_out,hit_into_play,L,R,SF,AZ,95.50,82.40,30,80.38,97.95,fly_ball,2,1,2023,2023-07
2023-07-31,2023,R,669194,624424,FF,4-Seam Fastball,,foul,L,R,SF,AZ,95.20,,,,,,2,0,2023,2023-07
2023-07-31,2023,R,669194,624424,CH,Changeup,,ball,L,R,SF,AZ,83.10,,,,,,1,0,2023,2023-07
2023-07-31,2023,R,669194,624424,FF,4-Seam Fastball,,ball,L,R,SF,AZ,94.90,,,,,,0,0,2023,2023-07
2023-07-31,2023,R,669194,656371,FF,4-Seam Fastball,strikeout,called_strike,L,R,SF,AZ,94.10,,,,,,2,2,2023,2023-07
2023-07-31,2023,R,669194,656371,FC,Cutter,,foul,L,R,SF,AZ,84.40,,,,,,2,2,2023,2023-07
2023-07-31,2023,R,669194,656371,FF,4-Seam Fastball,,ball,L,R,SF,AZ,93.00,,,,,,1,2,2023,2023-07
2023-07-31,2023,R,669194,656371,CH,Changeup,,foul,L,R,SF,AZ,79.80,99.50,12,,,,1,1,2023,2023-07
2023-07-31,2023,R,669194,656371,CH,Changeup,,ball,L,R,SF,AZ,83.90,,,,,,0,1,2023,2023-07
2023-07-31,2023,R,669194,656371,FC,Cutter,,called_strike,L,R,SF,AZ,85.60,,,,,,0,0,2023,2023-07
2023-07-31,2023,R,669194,656371,FF,4-Seam Fastball,field_out,hit_into_play,L,R,SF,AZ,94.20,97.30,53,100.79,94.56,fly_ball,0,0,2023,2023-07
2023-07-31,2023,R,669194,656371,CH,Changeup,walk,ball,L,R,SF,AZ,83.90,,,,,,3,2,2023,2023-07
2023-07-31,2023,R,669194,656371,CH,Changeup,,ball,L,R,SF,AZ,83.90,,,,,,2,2,2023,2023-07
2023-07-31,2023,R,669194,656371,FC,Cutter,,ball,L,R,SF,AZ,86.30,,,,,,1,2,2023,2023-07
2023-07-31,2023,R,669194,656371,FF,4-Seam Fastball,,foul,L,R,SF,AZ,96.30,112.00,11,,,,1,2,2023,2023-07
2023-07-31,2023,R,669194,656371,FF,4-Seam Fastball,,called_strike,L,R,SF,AZ,95.30,,,,,,1,1,2023,2023-07
2023-07-31,2023,R,669194,656371,CH,Changeup,,called_strike,L,R,SF,AZ,82.40,,,,,,1,0,2023,2023-07
2023-07-31,2023,R,669194,656371,CH,Changeup,,ball,L,R,SF,AZ,83.80,,,,,,0,0,2023,2023-07
2023-07-31,2023,R,669194,664774,FF,4-Seam Fastball,field_out,hit_into_play,L,R,SF,AZ,92.50,98.10,36,138.60,54.58,fly_ball,2,0,2023,2023-07
2023-07-31,2023,R,669194,664774,CH,Changeup,,ball,L,R,SF,AZ,82.20,,,,,,1,0,2023,2023-07
2023-07-31,2023,R,669194,664774,FF,4-Seam Fastball,,ball,L,R,SF,AZ,93.10,,,,,,0,0,2023,2023-07
2023-07-31,2023,R,669194,664774,FC,Cutter,field_out,hit_into_play,L,R,SF,AZ,84.90,80.50,30,63.86,112.08,line_drive,0,0,2023,2023-07
2023-07-31,2023,R,669194,664774,FF,4-Seam Fastball,field_out,hit_into_play,L,R,SF,AZ,93.80,89.30,56,172.20,123.74,fly_ball,1,1,2023,2023-07
2023-07-31,2023,R,669194,664774,CH,Changeup,,ball,L,R,SF,AZ,83.00,,,,,,0,1,2023,2023-07
2023-07-31,2023,R,669194,664774,FF,4-Seam Fastball,,foul,L,R,SF,AZ,94.20,79.20,21,,,,0,0,2023,2023-07
2023-07-31,2023,R,669194,666165,CH,Changeup,field_out,hit_into_play,L,R,SF,AZ,84.70,69.60,-14,153.45,153.07,ground_ball,2,2,2023,2023-07
2023-07-31,2023,R,669194,666165,FF,4-Seam Fastball,,foul,L,R,SF,AZ,92.30,70.60,45,,,,2,1,2023,2023-07
2023-07-31,2023,R,669194,666165,FF,4-Seam Fastball,,ball,L,R,SF,AZ,93.30,,,,,,1,1,2023,2023-07
2023-07-31,2023,R,669194,666165,CH,Changeup,,foul,L,R,SF,AZ,83.20,,,,,,1,0,2023,2023-07
2023-07-31,2023,R,669194,666165,FF,4-Seam Fastball,,ball,L,R,SF,AZ,93.10,,,,,,0,0,2023,2023-07
2023-07-31,2023,R,669194,666165,FF,4-Seam Fastball,walk,ball,L,R,SF,AZ,91.50,,,,,,3,0,2023,2023-07
2023-07-31,2023,R,669194,666165,FF,4-Seam Fastball,,ball,L,R,SF,AZ,92.70,,,,,,2,0,2023,2023-07
2023-07-31,2023,R,669194,666165,CH,Changeup,,ball,L,R,SF,AZ,82.60,,,,,,1,0,2023,2023-07
2023-07-31,2023,R,669194,666165,FF,4-Seam Fastball,,ball,L,R,SF,AZ,93.30,,,,,,0,0,2023,2023-07
2023-07-31,2023,R,669194,666165,FF,4-Seam Fastball,single,hit_into_play,L,R,SF,AZ,94.90,54.80,41,79.95,156.29,popup,1,1,2023,2023-07
2023-07-31,2023,R,669194,666165,CH,Changeup,,swinging_strike,L,R,SF,AZ,83.80,,,,,,1,0,2023,2023-07
2023-07-31,2023,R,669194,666165,CU,Curveball,,ball,L,R,SF,AZ,76.30,,,,,,0,0,2023,2023-07
2023-07-31,2023,R,669194,672275,FF,4-Seam Fastball,field_out,hit_into_play,L,R,SF,AZ,94.70,91.70,23,55.09,106.46,line_drive,1,2,2023,2023-07
2023-07-31,2023,R,669194,672275,CH,Changeup,,called_strike,L,R,SF,AZ,82.60,,,,,,1,1,2023,2023-07
2023-07-31,2023,R,669194,672275,CH,Changeup,,called_strike,L,R,SF,AZ,82.70,,,,,,1,0,2023,2023-07
2023-07-31,2023,R,669194,672275,FF,4-Seam Fastball,,ball,L,R,SF,AZ,92.50,,,,,,0,0,2023,2023-07
2023-07-31,2023,R,669194,672275,FF,4-Seam Fastball,double,hit_into_play,L,R,SF,AZ,91.80,93.90,-9,196.48,128.77,ground_ball,2,0,2023,2023-07
2023-07-31,2023,R,669194,672275,FF,4-Seam Fastball,,ball,L,R,SF,AZ,92.40,,,,,,1,0,2023,2023-07
2023-07-31,2023,R,669194,672275,CH,Changeup,,blocked_ball,L,R,SF,AZ,80.70,,,,,,0,0,2023,2023-07
2023-07-31,2023,R,669194,672275,FF,4-Seam Fastball,single,hit_into_play,L,R,SF,AZ,95.30,100.10,17,155.14,94.73,line_drive,0,0,2023,2023-07
2023-07-31,2023,R,669194,682641,CU,Curveball,walk,ball,R,R,SF,AZ,72.80,,,,,,3,2,2023,2023-07
2023-07-31,2023,R,669194,682641,ST,Sweeper,,foul,R,R,SF,AZ,79.80,98.20,16,,,,3,2,2023,2023-07
2023-07-31,2023,R,669194,682641,ST,Sweeper,,swinging_strike,R,R,SF,AZ,79.70,,,,,,3,1,2023,2023-07
2023-07-31,2023,R,669194,682641,FF,4-Seam Fastball,,ball,R,R,SF,AZ,92.70,,,,,,2,1,2023,2023-07
2023-07-31,2023,R,669194,682641,FF,4-Seam Fastball,,ball,R,R,SF,AZ,93.80,,,,,,1,1,2023,2023-07
2023-07-31,2023,R,669194,682641,FC,Cutter,,ball,R,R,SF,AZ,84.60,,,,,,0,1,2023,2023-07
2023-07-31,2023,R,669194,682641,ST,Sweeper,,called_strike,R,R,SF,AZ,83.30,,,,,,0,0,2023,2023-07
2023-07-31,2023,R,669194,682641,FC,Cutter,field_out,hit_into_play,R,R,SF,AZ,84.70,69.60,-36,124.59,182.43,ground_ball,3,2,2023,2023-07
2023-07-31,2023,R,669194,682641,FC,Cutter,,called_strike,R,R,SF,AZ,85.00,,,,,,3,1,2023,2023-07
2023-07-31,2023,R,669194,682641,FC,Cutter,,ball,R,R,SF,AZ,82.80,,,,,,2,1,2023,2023-07
2023-07-31,2023,R,669194,682641,FC,Cutter,,ball,R,R,SF,AZ,83.90,,,,,,1,1,2023,2023-07
2023-07-31,2023,R,669194,682641,FC,Cutter,,ball,R,R,SF,AZ,83.30,,,,,,0,1,2023,2023-07
2023-07-31,2023,R,669194,682641,ST,Sweeper,,called_strike,R,R,SF,AZ,82.00,,,,,,0,0,2023,2023-07
2023-07-31,2023,R,669194,682641,FF,4-Seam Fastball,force_out,hit_into_play,R,R,SF,AZ,95.90,97.10,3,146.87,151.04,ground_ball,0,2,2023,2023-07
2023-07-31,2023,R,669194,682641,FF,4-Seam Fastball,,foul,R,R,SF,AZ,95.90,74.00,71,,,,0,1,2023,2023-07
2023-07-31,2023,R,669194,682641,FC,Cutter,,called_strike,R,R,SF,AZ,86.80,,,,,,0,0,2023,2023-07
2023-07-31,2023,R,669203,545121,FC,Cutter,field_out,hit_into_play,L,R,WSH,MIL,93.60,88.80,-19,145.59,155.16,ground_ball,1,2,2023,2023-07
2023-07-31,2023,R,669203,545121,CU,Curveball,,ball,L,R,WSH,MIL,78.70,,,,,,0,2,2023,2023-07
2023-07-31,2023,R,669203,545121,CU,Curveball,,swinging_strike,L,R,WSH,MIL,78.50,,,,,,0,1,2023,2023-07
2023-07-31,2023,R,669203,545121,FC,Cutter,,called_strike,L,R,WSH,MIL,94.30,,,,,,0,0,2023,2023-07
2023-07-31,2023,R,669203,545121,FC,Cutter,strikeout,swinging_strike,L,R,WSH,MIL,94.30,,,,,,2,2,2023,2023-07
2023-07-31,2023,R,669203,545121,FC,Cutter,,foul,L,R,WSH,MIL,94.60,,,,,,2,1,2023,2023-07
2023-07-31,2023,R,669203,545121,FC,Cutter,,ball,L,R,WSH,MIL,94.10,,,,,,1,1,2023,2023-07
2023-07-31,2023,R,669203,545121,CU,Curveball,,ball,L,R,WSH,MIL,78.80,,,,,,0,1,2023,2023-07
2023-07-31,2023,R,669203,545121,CU,Curveball,,called_strike,L,R,WSH,MIL,79.60,,,,,,0,0,2023,2023-07
2023-07-31,2023,R,669203,545121,FC,Cutter,field_out,hit_into_play,L,R,WSH,MIL,95.00,78.10,-10,155.24,161.76,ground_ball,0,0,2023,2023-07
2023-07-31,2023,R,669203,572816,CH,Changeup,strikeout,swinging_strike_blocked,L,R,WSH,MIL,89.00,,,,,,0,2,2023,2023-07
2023-07-31,2023,R,669203,572816,FC,Cutter,,foul,L,R,WSH,MIL,93.80,78.90,18,,,,0,2,2023,2023-07
2023-07-31,2023,R,669203,572816,FC,Cutter,,foul,L,R,WSH,MIL,93.90,84.30,26,,,,0,1,2023,2023-07
2023-07-31,2023,R,669203,572816,FC,Cutter,,called_strike,L,R,WSH,MIL,95.00,,,,,,0,0,2023,2023-07
2023-07-31,2023,R,669203,572816,CH,Changeup,field_out,hit_into_play,L,R,WSH,MIL,89.90,72.70,51,156.78,126.03,fly_ball,1,2,2023,2023-07
2023-07-31,2023,R,669203,572816,FC,Cutter,,foul,L,R,WSH,MIL,94.30,,,,,,1,2,2023,2023-07
2023-07-31,2023,R,669203,572816,CU,Curveball,,ball,L,R,WSH,MIL,81.10,,,,,,0,2,2023,2023-07
2023-07-31,2023,R,669203,572816,FC,Cutter,,foul,L,R,WSH,MIL,94.90,71.20,62,,,,0,1,2023,2023-07
2023-07-31,2023,R,669203,572816,FC,Cutter,,foul,L,R,WSH,MIL,94.90,,,,,,0,0,2023,2023-07
2023-07-31,2023,R,669203,608841,FC,Cutter,strikeout,foul_tip,R,R,WSH,MIL,95.30,,,,,,0,2,2023,2023-07
2023-07-31,2023,R,669203,608841,FC,Cutter,,foul,R,R,WSH,MIL,95.80,70.20,48,,,,0,1,2023,2023-07
2023-07-31,2023,R,669203,608841,FC,Cutter,,swinging_strike,R,R,WSH,MIL,95.50,,,,,,0,0,2023,2023-07
2023-07-31,2023,R,669203,608841,CU,Curveball,double,hit_into_play,R,R,WSH,MIL,78.90,107.30,16,30.88,106.43,line_drive,1,2,2023,2023-07
2023-07-31,2023,R,669203,608841,FC,Cutter,,ball,R,R,WSH,MIL,94.40,,,,,,0,2,2023,2023-07
2023-07-31,2023,R,669203,608841,CU,Curveball,,called_strike,R,R,WSH,MIL,79.20,,,,,,0,1,2023,2023-07
2023-07-31,2023,R,669203,608841,FC,Cutter,,called_strike,R,R,WSH,MIL,95.30,,,,,,0,0,2023,2023-07
2023-07-31,2023,R,669203,608841,SI,Sinker,home_run,hit_into_play,R,R,WSH,MIL,94.90,100.70,24,34.94,80.54,fly_ball,2,0,2023,2023-07
2023-07-31,2023,R,669203,608841,SI,Sinker,,ball,R,R,WSH,MIL,94.60,,,,,,1,0,2023,2023-07
2023-07-31,2023,R,669203,608841,FC,Cutter,,ball,R,R,WSH,MIL,94.50,,,,,,0,0,2023,2023-07
2023-07-31,2023,R,669203,642086,FC,Cutter,field_out,hit_into_play,L,R,WSH,MIL,93.70,102.90,10,111.08,151.10,line_drive,1,0,2023,2023-07
2023-07-31,2023,R,669203,642086,FC,Cutter,,ball,L,R,WSH,MIL,94.50,,,,,,0,0,2023,2023-07
2023-07-31,2023,R,669203,642086,FC,Cutter,walk,ball,L,R,WSH,MIL,94.00,,,,,,3,2,2023,2023-07
2023-07-31,2023,R,669203,642086,FC,Cutter,,called_strike,L,R,WSH,MIL,94.70,,,,,,3,1,2023,2023-07
2023-07-31,2023,R,669203,642086,FC,Cutter,,blocked_ball,L,R,WSH,MIL,95.50,,,,,,2,1,2023,2023-07
2023-07-31,2023,R,669203,642086,FC,Cutter,,foul,L,R,WSH,MIL,94.40,27.80,-46,,,,2,0,2023,2023-07
2023-07-31,2023,R,669203,642086,CU,Curveball,,ball,L,R,WSH,MIL,78.70,,,,,,1,0,2023,2023-07
2023-07-31,2023,R,669203,642086,FC,Cutter,,ball,L,R,WSH,MIL,95.20,,,,,,0,0,2023,2023-07
2023-07-31,2023,R,669203,642086,FC,Cutter,field_out,hit_into_play,L,R,WSH,MIL,94.30,56.30,-61,145.38,178.88,ground_ball,2,2,2023,2023-07
2023-07-31,2023,R,669203,642086,CH,Changeup,,ball,L,R,WSH,MIL,89.80,,,,,,1,2,2023,2023-07
2023-07-31,2023,R,669203,642086,FC,Cutter,,swinging_strike,L,R,WSH,MIL,95.20,,,,,,1,1,2023,2023-07
2023-07-31,2023,R,669203,642086,FC,Cutter,,foul,L,R,WSH,MIL,95.10,87.40,41,,,,1,0,2023,2023-07
2023-07-31,2023,R,669203,642086,FC,Cutter,,ball,L,R,WSH,MIL,95.70,,,,,,0,0,2023,2023-07
2023-07-31,2023,R,669203,657041,FC,Cutter,single,hit_into_play,R,R,WSH,MIL,94.10,75.30,26,90.24,94.90,line_drive,3,1,2023,2023-07
2023-07-31,2023,R,669203,657041,FC,Cutter,,ball,R,R,WSH,MIL,94.90,,,,,,2,1,2023,2023-07
2023-07-31,2023,R,669203,657041,CU,Curveball,,ball,R,R,WSH,MIL,78.20,,,,,,1,1,2023,2023-07
2023-07-31,2023,R,669203,657041,FC,Cutter,,foul,R,R,WSH,MIL,93.90,59.00,4,,,,1,0,2023,2023-07
2023-07-31,2023,R,669203,657041,FC,Cutter,,blocked_ball,R,R,WSH,MIL,95.60,,,,,,0,0,2023,2023-07
2023-07-31,2023,R,669203,657041,FC,Cutter,strikeout,called_strike,R,R,WSH,MIL,95.10,,,,,,1,2,2023,2023-07
2023-07-31,2023,R,669203,657041,SI,Sinker,,ball,R,R,WSH,MIL,95.80,,,,,,0,2,2023,2023-07
2023-07-31,2023,R,669203,657041,SI,Sinker,,called_strike,R,R,WSH,MIL,95.20,,,,,,0,1,2023,2023-07
2023-07-31,2023,R,669203,657041,FC,Cutter,,called_strike,R,R,WSH,MIL,95.10,,,,,,0,0,2023,2023-07
2023-07-31,2023,R,669203,657041,FC,Cutter,field_out,hit_into_play,R,R,WSH,MIL,94.70,70.20,-8,107.52,154.14,ground_ball,1,0,2023,2023-07
2023-07-31,2023,R,669203,657041,SI,Sinker,,ball,R,R,WSH,MIL,95.10,,,,,,0,0,2023,2023-07
2023-07-31,2023,R,669203,660688,CH,Changeup,field_out,hit_into_play,L,R,WSH,MIL,89.60,80.80,-3,138.49,166.83,ground_ball,0,0,2023,2023-07
2023-07-31,2023,R,669203,660688,CU,Curveball,strikeout,swinging_strike,L,R,WSH,MIL,79.60,,,,,,1,2,2023,2023-07
2023-07-31,2023,R,669203,660688,FC,Cutter,,foul,L,R,WSH,MIL,94.20,98.40,-9,,,,1,2,2023,2023-07
2023-07-31,2023,R,669203,660688,CH,Changeup,,foul,L,R,WSH,MIL,90.90,,,,,,1,2,2023,2023-07
2023-07-31,2023,R,669203,660688,CH,Changeup,,foul,L,R,WSH,MIL,91.20,71.20,52,,,,1,1,2023,2023-07
2023-07-31,2023,R,669203,660688,CH,Changeup,,blocked_ball,L,R,WSH,MIL,91.50,,,,,,0,1,2023,2023-07
2023-07-31,2023,R,669203,660688,FC,Cutter,,foul,L,R,WSH,MIL,95.30,74.60,-25,,,,0,0,2023,2023-07
2023-07-31,2023,R,669203,660688,CH,Changeup,field_out,hit_into_play,L,R,WSH,MIL,91.50,110.10,-15,149.65,154.14,ground_ball,1,2,2023,2023-07
2023-07-31,2023,R,669203,660688,CU,Curveball,,called_strike,L,R,WSH,MIL,78.60,,,,,,1,1,2023,2023-07
2023-07-31,2023,R,669203,660688,FC,Cutter,,called_strike,L,R,WSH,MIL,95.00,,,,,,1,0,2023,2023-07
2023-07-31,2023,R,669203,660688,CU,Curveball,,ball,L,R,WSH,MIL,80.50,,,,,,0,0,2023,2023-07
2023-07-31,2023,R,669203,669743,FC,Cutter,field_error,hit_into_play,R,R,WSH,MIL,94.60,91.10,-7,105.28,153.54,ground_ball,2,2,2023,2023-07
2023-07-31,2023,R,669203,669743,CH,Changeup,,ball,R,R,WSH,MIL,88.10,,,,,,1,2,2023,2023-07
2023-07-31,2023,R,669203,669743,SI,Sinker,,ball,R,R,WSH,MIL,95.00,,,,,,0,2,2023,2023-07
2023-07-31,2023,R,669203,669743,FC,Cutter,,foul,R,R,WSH,MIL,93.80,76.10,36,,,,0,1,2023,2023-07
2023-07-31,2023,R,669203,669743,SI,Sinker,,called_strike,R,R,WSH,MIL,93.60,,,,,,0,0,2023,2023-07
2023-07-31,2023,R,669203,669743,ST,Sweeper,walk,ball,R,R,WSH,MIL,85.70,,,,,,3,2,2023,2023-07
2023-07-31,2023,R,669203,669743,ST,Sweeper,,ball,R,R,WSH,MIL,85.90,,,,,,2,2,2023,2023-07
2023-07-31,2023,R,669203,669743,FC,Cutter,,foul,R,R,WSH,MIL,95.20,87.50,30,,,,2,2,2023,2023-07
2023-07-31,2023,R,669203,669743,CU,Curveball,,foul,R,R,WSH,MIL,79.20,58.90,-37,,,,2,2,2023,2023-07
2023-07-31,2023,R,669203,669743,FC,Cutter,,called_strike,R,R,WSH,MIL,94.90,,,,,,2,1,2023,2023-07
2023-07-31,2023,R,669203,669743,FC,Cutter,,called_strike,R,R,WSH,MIL,96.00,,,,,,2,0,2023,2023-07
2023-07-31,2023,R,669203,669743,ST,Sweeper,,ball,R,R,WSH,MIL,84.60,,,,,,1,0,2023,2023-07
2023-07-31,2023,R,669203,669743,FC,Cutter,,ball,R,R,WSH,MIL,95.80,,,,,,0,0,2023,2023-07
2023-07-31,2023,R,669203,671277,FC,Cutter,field_out,hit_into_play,L,R,WSH,MIL,92.70,92.70,33,122.17,61.73,fly_ball,0,1,2023,2023-07
2023-07-31,2023,R,669203,671277,FC,Cutter,,called_strike,L,R,WSH,MIL,93.90,,,,,,0,0,2023,2023-07
2023-07-31,2023,R,669203,671277,CU,Curveball,field_out,hit_into_play,L,R,WSH,MIL,80.10,74.70,-16,155.24,167.85,ground_ball,0,0,2023,2023-07
2023-07-31,2023,R,669203,671277,FC,Cutter,field_out,hit_into_play,L,R,WSH,MIL,94.70,97.00,-15,147.62,150.59,ground_ball,1,1,2023,2023-07
2023-07-31,2023,R,669203,671277,CU,Curveball,,foul,L,R,WSH,MIL,79.70,86.20,0,,,,1,0,2023,2023-07
2023-07-31,2023,R,669203,671277,FC,Cutter,,ball,L,R,WSH,MIL,94.50,,,,,,0,0,2023,2023-07
2023-07-31,2023,R,669203,682928,FC,Cutter,walk,ball,L,R,WSH,MIL,95.50,,,,,,3,2,2023,2023-07
2023-07-31,2023,R,669203,682928,FC,Cutter,,ball,L,R,WSH,MIL,94.90,,,,,,2,2,2023,2023-07
2023-07-31,2023,R,669203,682928,FC,Cutter,,called_strike,L,R,WSH,MIL,95.10,,,,,,2,1,2023,2023-07
2023-07-31,2023,R,669203,682928,CH,Changeup,,ball,L,R,WSH,MIL,89.70,,,,,,1,1,2023,2023-07
2023-07-31,2023,R,669203,682928,FC,Cutter,,ball,L,R,WSH,MIL,94.30,,,,,,0,1,2023,2023-07
2023-07-31,2023,R,669203,682928,FC,Cutter,,swinging_strike,L,R,WSH,MIL,92.70,,,,,,0,0,2023,2023-07
2023-07-31,2023,R,669203,682928,CH,Changeup,single,hit_into_play,L,R,WSH,MIL,88.50,87.80,9,188.34,117.68,ground_ball,0,0,2023,2023-07
2023-07-31,2023,R,669203,682928,CH,Changeup,field_out,hit_into_play,L,R,WSH,MIL,89.60,98.00,-14,152.19,155.16,ground_ball,2,2,2023,2023-07
2023-07-31,2023,R,669203,682928,CU,Curveball,,ball,L,R,WSH,MIL,79.70,,,,,,1,2,2023,2023-07
2023-07-31,2023,R,669203,682928,CU,Curveball,,called_strike,L,R,WSH,MIL,78.70,,,,,,1,1,2023,2023-07
2023-07-31,2023,R,669203,682928,FC,Cutter,,foul,L,R,WSH,MIL,94.20,61.30,-55,,,,1,0,2023,2023-07
2023-07-31,2023,R,669203,682928,FC,Cutter,,ball,L,R,WSH,MIL,93.70,,,,,,0,0,2023,2023-07
2023-07-31,2023,R,669212,547989,SL,Slider,field_out,hit_into_play,R,R,HOU,CLE,85.00,64.00,-44,126.91,179.36,ground_ball,1,1,2023,2023-07
2023-07-31,2023,R,669212,547989,FF,4-Seam Fastball,,called_strike,R,R,HOU,CLE,91.70,,,,,,1,0,2023,2023-07
2023-07-31,2023,R,669212,547989,FF,4-Seam Fastball,,ball,R,R,HOU,CLE,91.10,,,,,,0,0,2023,2023-07
2023-07-31,2023,R,669212,608324,FF,4-Seam Fastball,walk,ball,R,R,HOU,CLE,91.40,,,,,,3,0,2023,2023-07
2023-07-31,2023,R,669212,608324,SL,Slider,,ball,R,R,HOU,CLE,82.80,,,,,,2,0,2023,2023-07
2023-07-31,2023,R,669212,608324,SL,Slider,,blocked_ball,R,R,HOU,CLE,85.20,,,,,,1,0,2023,2023-07
2023-07-31,2023,R,669212,608324,FF,4-Seam Fastball,,ball,R,R,HOU,CLE,90.60,,,,,,0,0,2023,2023-07
2023-07-31,2023,R,669212,663656,FF,4-Seam Fastball,single,hit_into_play,L,R,HOU,CLE,90.80,101.70,13,97.88,70.58,line_drive,0,0,2023,2023-07
2023-07-31,2023,R,669212,670541,CH,Changeup,home_run,hit_into_play,L,R,HOU,CLE,75.20,96.80,35,223.51,84.85,fly_ball,1,1,2023,2023-07
2023-07-31,2023,R,669212,670541,CH,Changeup,,ball,L,R,HOU,CLE,77.30,,,,,,0,1,2023,2023-07
2023-07-31,2023,R,669212,670541,FF,4-Seam Fastball,,foul,L,R,HOU,CLE,92.00,100.20,-20,,,,0,0,2023,2023-07
2023-07-31,2023,R,669212,673237,CH,Changeup,single,hit_into_play,R,R,HOU,CLE,79.10,88.90,11,116.56,86.81,line_drive,0,0,2023,2023-07
2023-07-31,2023,R,669459,527038,SL,Slider,field_out,hit_into_play,R,L,SF,AZ,84.90,77.20,-32,114.46,159.14,ground_ball,1,2,2023,2023-07
2023-07-31,2023,R,669459,527038,SL,Slider,,ball,R,L,SF,AZ,84.20,,,,,,0,2,2023,2023-07
2023-07-31,2023,R,669459,527038,SL,Slider,,foul,R,L,SF,AZ,86.80,97.90,21,,,,0,1,2023,2023-07
2023-07-31,2023,R,669459,527038,FC,Cutter,,called_strike,R,L,SF,AZ,87.00,,,,,,0,0,2023,2023-07
2023-07-31,2023,R,669459,592626,FF,4-Seam Fastball,strikeout,called_strike,L,L,SF,AZ,92.90,,,,,,2,2,2023,2023-07
2023-07-31,2023,R,669459,592626,FF,4-Seam Fastball,,called_strike,L,L,SF,AZ,91.50,,,,,,2,1,2023,2023-07
2023-07-31,2023,R,669459,592626,SL,Slider,,ball,L,L,SF,AZ,83.40,,,,,,1,1,2023,2023-07
2023-07-31,2023,R,669459,592626,FF,4-Seam Fastball,,called_strike,L,L,SF,AZ,91.70,,,,,,1,0,2023,2023-07
2023-07-31,2023,R,669459,592626,SL,Slider,,ball,L,L,SF,AZ,84.40,,,,,,0,0,2023,2023-07
2023-07-31,2023,R,669459,596103,SL,Slider,field_out,hit_into_play,R,L,SF,AZ,83.90,86.30,8,102.52,141.12,ground_ball,1,0,2023,2023-07
2023-07-31,2023,R,669459,596103,SL,Slider,,ball,R,L,SF,AZ,84.50,,,,,,0,0,2023,2023-07
2023-07-31,2023,R,669459,664774,SL,Slider,field_out,hit_into_play,L,L,SF,AZ,85.10,102.70,-12,148.89,147.50,ground_ball,1,1,2023,2023-07
2023-07-31,2023,R,669459,664774,FF,4-Seam Fastball,,foul,L,L,SF,AZ,91.30,66.60,22,,,,1,0,2023,2023-07
2023-07-31,2023,R,669459,664774,SL,Slider,,ball,L,L,SF,AZ,85.30,,,,,,0,0,2023,2023-07
2023-07-31,2023,R,669923,457759,SI,Sinker,strikeout,foul_tip,R,R,SEA,BOS,96.50,,,,,,0,2,2023,2023-07
2023-07-31,2023,R,669923,457759,ST,Sweeper,,foul,R,R,SEA,BOS,86.60,66.50,41,,,,0,1,2023,2023-07
2023-07-31,2023,R,669923,457759,SI,Sinker,,foul,R,R,SEA,BOS,95.40,77.50,46,,,,0,0,2023,2023-07
2023-07-31,2023,R,669923,457759,SI,Sinker,walk,ball,R,R,SEA,BOS,95.60,,,,,,3,2,2023,2023-07
2023-07-31,2023,R,669923,457759,FF,4-Seam Fastball,,foul,R,R,SEA,BOS,97.10,79.20,37,,,,3,2,2023,2023-07
2023-07-31,2023,R,669923,457759,FF,4-Seam Fastball,,ball,R,R,SEA,BOS,96.40,,,,,,2,2,2023,2023-07
2023-07-31,2023,R,669923,457759,SI,Sinker,,foul,R,R,SEA,BOS,96.50,77.90,58,,,,2,2,2023,2023-07
2023-07-31,2023,R,669923,457759,FF,4-Seam Fastball,,ball,R,R,SEA,BOS,96.60,,,,,,1,2,2023,2023-07
2023-07-31,2023,R,669923,457759,FF,4-Seam Fastball,,foul,R,R,SEA,BOS,97.10,,,,,,1,2,2023,2023-07
2023-07-31,2023,R,669923,457759,FF,4-Seam Fastball,,foul,R,R,SEA,BOS,96.10,78.90,44,,,,1,1,2023,2023-07
2023-07-31,2023,R,669923,457759,SI,Sinker,,called_strike,R,R,SEA,BOS,95.60,,,,,,1,0,2023,2023-07
2023-07-31,2023,R,669923,457759,FF,4-Seam Fastball,,ball,R,R,SEA,BOS,96.60,,,,,,0,0,2023,2023-07
2023-07-31,2023,R,669923,457759,FF,4-Seam Fastball,strikeout,swinging_strike,R,R,SEA,BOS,98.20,,,,,,2,2,2023,2023-07
2023-07-31,2023,R,669923,457759,FF,4-Seam Fastball,,ball,R,R,SEA,BOS,98.60,,,,,,1,2,2023,2023-07
2023-07-31,2023,R,669923,457759,FF,4-Seam Fastball,,swinging_strike,R,R,SEA,BOS,97.90,,,,,,1,1,2023,2023-07
2023-07-31,2023,R,669923,457759,SI,Sinker,,called_strike,R,R,SEA,BOS,97.80,,,,,,1,0,2023,2023-07
2023-07-31,2023,R,669923,457759,FF,4-Seam Fastball,,ball,R,R,SEA,BOS,98.20,,,,,,0,0,2023,2023-07
2023-07-31,2023,R,669923,622569,SI,Sinker,single,hit_into_play,R,R,SEA,BOS,94.70,86.90,15,113.32,78.47,line_drive,1,0,2023,2023-07
2023-07-31,2023,R,669923,622569,FF,4-Seam Fastball,,ball,R,R,SEA,BOS,95.20,,,,,,0,0,2023,2023-07
2023-07-31,2023,R,669923,622569,SI,Sinker,field_out,hit_into_play,R,R,SEA,BOS,95.50,80.00,62,145.94,145.50,popup,1,0,2023,2023-07
2023-07-31,2023,R,669923,622569,SI,Sinker,,ball,R,R,SEA,BOS,94.50,,,,,,0,0,2023,2023-07
2023-07-31,2023,R,669923,644374,ST,Sweeper,field_out,hit_into_play,R,R,SEA,BOS,86.40,66.70,-38,108.93,176.93,ground_ball,1,2,2023,2023-07
2023-07-31,2023,R,669923,644374,FF,4-Seam Fastball,,foul,R,R,SEA,BOS,95.20,76.10,27,,,,1,2,2023,2023-07
2023-07-31,2023,R,669923,644374,FF,4-Seam Fastball,,foul,R,R,SEA,BOS,97.10,85.60,50,,,,1,2,2023,2023-07
2023-07-31,2023,R,669923,644374,SI,Sinker,,swinging_strike,R,R,SEA,BOS,96.20,,,,,,1,1,2023,2023-07
2023-07-31,2023,R,669923,644374,SI,Sinker,,ball,R,R,SEA,BOS,94.70,,,,,,0,1,2023,2023-07
2023-07-31,2023,R,669923,644374,KC,Knuckle Curve,,called_strike,R,R,SEA,BOS,81.70,,,,,,0,0,2023,2023-07
2023-07-31,2023,R,669923,644374,SI,Sinker,field_out,hit_into_play,R,R,SEA,BOS,95.30,94.80,30,175.74,68.95,fly_ball,1,0,2023,2023-07
2023-07-31,2023,R,669923,644374,FF,4-Seam Fastball,,ball,R,R,SEA,BOS,96.80,,,,,,0,0,2023,2023-07
2023-07-31,2023,R,669923,646240,FS,Split-Finger,strikeout,swinging_strike,L,R,SEA,BOS,83.50,,,,,,2,2,2023,2023-07
2023-07-31,2023,R,669923,646240,FF,4-Seam Fastball,,foul,L,R,SEA,BOS,96.60,79.00,39,,,,2,2,2023,2023-07
2023-07-31,2023,R,669923,646240,FS,Split-Finger,,ball,L,R,SEA,BOS,83.80,,,,,,1,2,2023,2023-07
2023-07-31,2023,R,669923,646240,FF,4-Seam Fastball,,ball,L,R,SEA,BOS,96.00,,,,,,0,2,2023,2023-07
2023-07-31,2023,R,669923,646240,FF,4-Seam Fastball,,foul,L,R,SEA,BOS,96.90,79.90,79,,,,0,1,2023,2023-07
2023-07-31,2023,R,669923,646240,FF,4-Seam Fastball,,swinging_strike,L,R,SEA,BOS,96.50,,,,,,0,0,2023,2023-07
2023-07-31,2023,R,669923,646240,FS,Split-Finger,single,hit_into_play,L,R,SEA,BOS,85.70,102.40,5,163.68,164.25,ground_ball,1,1,2023,2023-07
2023-07-31,2023,R,669923,646240,SI,Sinker,,foul,L,R,SEA,BOS,96.80,78.20,36,,,,1,0,2023,2023-07
2023-07-31,2023,R,669923,646240,FF,4-Seam Fastball,,ball,L,R,SEA,BOS,97.80,,,,,,0,0,2023,2023-07
2023-07-31,2023,R,669923,657077,ST,Sweeper,field_out,hit_into_play,L,R,SEA,BOS,84.40,89.10,26,63.80,95.19,line_drive,1,1,2023,2023-07
2023-07-31,2023,R,669923,657077,SI,Sinker,,called_strike,L,R,SEA,BOS,95.70,,,,,,1,0,2023,2023-07
2023-07-31,2023,R,669923,657077,FF,4-Seam Fastball,,ball,L,R,SEA,BOS,96.50,,,,,,0,0,2023,2023-07
2023-07-31,2023,R,669923,657077,FF,4-Seam Fastball,single,hit_into_play,L,R,SEA,BOS,96.90,103.70,12,173.83,97.44,line_drive,2,1,2023,2023-07
2023-07-31,2023,R,669923,657077,ST,Sweeper,,ball,L,R,SEA,BOS,87.60,,,,,,1,1,2023,2023-07
2023-07-31,2023,R,669923,657077,FS,Split-Finger,,ball,L,R,SEA,BOS,84.60,,,,,,0,1,2023,2023-07
2023-07-31,2023,R,669923,657077,FF,4-Seam Fastball,,called_strike,L,R,SEA,BOS,97.10,,,,,,0,0,2023,2023-07
2023-07-31,2023,R,669923,657136,FF,4-Seam Fastball,strikeout,swinging_strike,R,R,SEA,BOS,96.00,,,,,,1,2,2023,2023-07
2023-07-31,2023,R,669923,657136,ST,Sweeper,,ball,R,R,SEA,BOS,84.20,,,,,,0,2,2023,2023-07
2023-07-31,2023,R,669923,657136,FF,4-Seam Fastball,,foul,R,R,SEA,BOS,96.30,81.70,33,,,,0,1,2023,2023-07
2023-07-31,2023,R,669923,657136,FF,4-Seam Fastball,,foul_tip,R,R,SEA,BOS,95.80,,,,,,0,0,2023,2023-07
2023-07-31,2023,R,669923,657136,FF,4-Seam Fastball,strikeout,swinging_strike,R,R,SEA,BOS,96.40,,,,,,0,2,2023,2023-07
2023-07-31,2023,R,669923,657136,SI,Sinker,,called_strike,R,R,SEA,BOS,95.20,,,,,,0,1,2023,2023-07
2023-07-31,2023,R,669923,657136,FF,4-Seam Fastball,,called_strike,R,R,SEA,BOS,97.10,,,,,,0,0,2023,2023-07
2023-07-31,2023,R,669923,671213,SI,Sinker,strikeout,called_strike,L,R,SEA,BOS,95.70,,,,,,2,2,2023,2023-07
2023-07-31,2023,R,669923,671213,FS,Split-Finger,,ball,L,R,SEA,BOS,83.70,,,,,,1,2,2023,2023-07
2023-07-31,2023,R,669923,671213,FF,4-Seam Fastball,,foul,L,R,SEA,BOS,96.10,79.50,65,,,,1,2,2023,2023-07
2023-07-31,2023,R,669923,671213,ST,Sweeper,,called_strike,L,R,SEA,BOS,85.50,,,,,,1,1,2023,2023-07
2023-07-31,2023,R,669923,671213,FS,Split-Finger,,ball,L,R,SEA,BOS,82.50,,,,,,0,1,2023,2023-07
2023-07-31,2023,R,669923,671213,KC,Knuckle Curve,,foul,L,R,SEA,BOS,82.60,70.50,-36,,,,0,0,2023,2023-07
2023-07-31,2023,R,669923,671213,FS,Split-Finger,strikeout,swinging_strike_blocked,L,R,SEA,BOS,84.40,,,,,,2,2,2023,2023-07
2023-07-31,2023,R,669923,671213,ST,Sweeper,,called_strike,L,R,SEA,BOS,87.10,,,,,,2,1,2023,2023-07
2023-07-31,2023,R,669923,671213,FF,4-Seam Fastball,,ball,L,R,SEA,BOS,96.50,,,,,,1,1,2023,2023-07
2023-07-31,2023,R,669923,671213,ST,Sweeper,,ball,L,R,SEA,BOS,87.20,,,,,,0,1,2023,2023-07
2023-07-31,2023,R,669923,671213,KC,Knuckle Curve,,foul,L,R,SEA,BOS,83.70,66.90,53,,,,0,0,2023,2023-07
2023-07-31,2023,R,669923,680776,FF,4-Seam Fastball,single,hit_into_play,L,R,SEA,BOS,96.20,86.60,10,178.60,109.14,line_drive,3,2,2023,2023-07
2023-07-31,2023,R,669923,680776,ST,Sweeper,,foul,L,R,SEA,BOS,86.00,67.80,-48,,,,3,2,2023,2023-07
2023-07-31,2023,R,669923,680776,FF,4-Seam Fastball,,foul,L,R,SEA,BOS,96.40,66.60,33,,,,3,2,2023,2023-07
2023-07-31,2023,R,669923,680776,SI,Sinker,,ball,L,R,SEA,BOS,96.60,,,,,,2,2,2023,2023-07
2023-07-31,2023,R,669923,680776,ST,Sweeper,,foul,L,R,SEA,BOS,85.30,61.90,41,,,,2,1,2023,2023-07
2023-07-31,2023,R,669923,680776,FF,4-Seam Fastball,,ball,L,R,SEA,BOS,97.10,,,,,,1,1,2023,2023-07
2023-07-31,2023,R,669923,680776,FS,Split-Finger,,ball,L,R,SEA,BOS,82.90,,,,,,0,1,2023,2023-07
2023-07-31,2023,R,669923,680776,FF,4-Seam Fastball,,foul,L,R,SEA,BOS,96.00,,,,,,0,0,2023,2023-07
2023-07-31,2023,R,669923,680776,KC,Knuckle Curve,field_out,hit_into_play,L,R,SEA,BOS,81.60,105.40,2,154.52,141.06,ground_ball,2,2,2023,2023-07
2023-07-31,2023,R,669923,680776,FF,4-Seam Fastball,,foul,L,R,SEA,BOS,96.60,82.30,16,,,,2,2,2023,2023-07
2023-07-31,2023,R,669923,680776,SI,Sinker,,ball,L,R,SEA,BOS,96.70,,,,,,1,2,2023,2023-07
2023-07-31,2023,R,669923,680776,FS,Split-Finger,,ball,L,R,SEA,BOS,84.70,,,,,,0,2,2023,2023-07
2023-07-31,2023,R,669923,680776,ST,Sweeper,,foul,L,R,SEA,BOS,86.70,72.40,-28,,,,0,2,2023,2023-07
2023-07-31,2023,R,669923,680776,FF,4-Seam Fastball,,foul,L,R,SEA,BOS,97.00,,,,,,0,2,2023,2023-07
2023-07-31,2023,R,669923,680776,FS,Split-Finger,,foul,L,R,SEA,BOS,84.90,66.10,47,,,,0,1,2023,2023-07
2023-07-31,2023,R,669923,680776,KC,Knuckle Curve,,foul,L,R,SEA,BOS,81.50,66.40,48,,,,0,0,2023,2023-07
2023-07-31,2023,R,669923,680776,FF,4-Seam Fastball,walk,ball,L,R,SEA,BOS,97.40,,,,,,3,2,2023,2023-07
2023-07-31,2023,R,669923,680776,FF,4-Seam Fastball,,foul,L,R,SEA,BOS,97.10,75.60,68,,,,3,2,2023,2023-07
2023-07-31,2023,R,669923,680776,KC,Knuckle Curve,,ball,L,R,SEA,BOS,83.80,,,,,,2,2,2023,2023-07
2023-07-31,2023,R,669923,680776,FF,4-Seam Fastball,,ball,L,R,SEA,BOS,97.80,,,,,,1,2,2023,2023-07
2023-07-31,2023,R,669923,680776,FS,Split-Finger,,foul,L,R,SEA,BOS,86.20,97.10,-20,,,,1,2,2023,2023-07
2023-07-31,2023,R,669923,680776,FF,4-Seam Fastball,,ball,L,R,SEA,BOS,98.10,,,,,,0,2,2023,2023-07
2023-07-31,2023,R,669923,680776,ST,Sweeper,,swinging_strike,L,R,SEA,BOS,87.10,,,,,,0,1,2023,2023-07
2023-07-31,2023,R,669923,680776,FF,4-Seam Fastball,,swinging_strike,L,R,SEA,BOS,97.60,,,,,,0,0,2023,2023-07
2023-07-31,2023,R,669923,807799,SI,Sinker,field_out,hit_into_play,L,R,SEA,BOS,96.80,101.10,15,76.33,86.82,line_drive,2,2,2023,2023-07
2023-07-31,2023,R,669923,807799,ST,Sweeper,,ball,L,R,SEA,BOS,87.00,,,,,,1,2,2023,2023-07
2023-07-31,2023,R,669923,807799,ST,Sweeper,,foul,L,R,SEA,BOS,85.90,74.50,47,,,,1,1,2023,2023-07
2023-07-31,2023,R,669923,807799,ST,Sweeper,,ball,L,R,SEA,BOS,86.50,,,,,,0,1,2023,2023-07
2023-07-31,2023,R,669923,807799,FF,4-Seam Fastball,,called_strike,L,R,SEA,BOS,96.70,,,,,,0,0,2023,2023-07
2023-07-31,2023,R,669923,807799,SI,Sinker,field_out,hit_into_play,L,R,SEA,BOS,95.90,79.50,29,59.08,114.76,line_drive,1,0,2023,2023-07
2023-07-31,2023,R,669923,807799,KC,Knuckle Curve,,ball,L,R,SEA,BOS,83.50,,,,,,0,0,2023,2023-07
2023-07-31,2023,R,669923,807799,SI,Sinker,field_out,hit_into_play,L,R,SEA,BOS,97.10,100.60,-13,121.41,145.50,ground_ball,1,1,2023,2023-07
2023-07-31,2023,R,669923,807799,KC,Knuckle Curve,,ball,L,R,SEA,BOS,83.10,,,,,,0,1,2023,2023-07
2023-07-31,2023,R,669923,807799,FF,4-Seam Fastball,,called_strike,L,R,SEA,BOS,97.50,,,,,,0,0,2023,2023-07
2023-07-31,2023,R,670102,622761,CU,Curveball,strikeout,swinging_strike,R,R,TOR,BAL,74.30,,,,,,1,2,2023,2023-07
2023-07-31,2023,R,670102,622761,SL,Slider,,called_strike,R,R,TOR,BAL,83.80,,,,,,1,1,2023,2023-07
2023-07-31,2023,R,670102,622761,CU,Curveball,,ball,R,R,TOR,BAL,73.20,,,,,,0,1,2023,2023-07
2023-07-31,2023,R,670102,622761,CU,Curveball,,called_strike,R,R,TOR,BAL,73.90,,,,,,0,0,2023,2023-07
2023-07-31,2023,R,670102,624428,CU,Curveball,field_out,hit_into_play,L,R,TOR,BAL,75.60,88.70,-3,153.43,164.93,ground_ball,2,2,2023,2023-07
2023-07-31,2023,R,670102,624428,FF,4-Seam Fastball,,foul,L,R,TOR,BAL,95.00,75.90,85,,,,2,2,2023,2023-07
2023-07-31,2023,R,670102,624428,SL,Slider,,blocked_ball,L,R,TOR,BAL,84.40,,,,,,1,2,2023,2023-07
2023-07-31,2023,R,670102,624428,FF,4-Seam Fastball,,ball,L,R,TOR,BAL,95.50,,,,,,0,2,2023,2023-07
2023-07-31,2023,R,670102,624428,FF,4-Seam Fastball,,swinging_strike,L,R,TOR,BAL,95.10,,,,,,0,1,2023,2023-07
2023-07-31,2023,R,670102,624428,FF,4-Seam Fastball,,called_strike,L,R,TOR,BAL,94.70,,,,,,0,0,2023,2023-07
2023-07-31,2023,R,670102,656811,CU,Curveball,strikeout,swinging_strike,L,R,TOR,BAL,73.90,,,,,,0,2,2023,2023-07
2023-07-31,2023,R,670102,656811,SL,Slider,,swinging_strike,L,R,TOR,BAL,85.90,,,,,,0,1,2023,2023-07
2023-07-31,2023,R,670102,656811,CU,Curveball,,called_strike,L,R,TOR,BAL,74.70,,,,,,0,0,2023,2023-07
2023-07-31,2023,R,670102,663624,SL,Slider,double,hit_into_play,R,R,TOR,BAL,85.00,96.90,23,212.54,94.05,line_drive,0,0,2023,2023-07
2023-07-31,2023,R,670102,668939,CU,Curveball,field_out,hit_into_play,L,R,TOR,BAL,74.70,43.80,-72,137.45,188.74,ground_ball,2,2,2023,2023-07
2023-07-31,2023,R,670102,668939,CU,Curveball,,ball,L,R,TOR,BAL,74.70,,,,,,1,2,2023,2023-07
2023-07-31,2023,R,670102,668939,FF,4-Seam Fastball,,foul,L,R,TOR,BAL,95.10,95.50,25,,,,1,1,2023,2023-07
2023-07-31,2023,R,670102,668939,FF,4-Seam Fastball,,foul,L,R,TOR,BAL,93.40,85.40,62,,,,1,0,2023,2023-07
2023-07-31,2023,R,670102,668939,FF,4-Seam Fastball,,ball,L,R,TOR,BAL,93.40,,,,,,0,0,2023,2023-07
2023-07-31,2023,R,670102,669720,CU,Curveball,field_out,hit_into_play,R,R,TOR,BAL,73.90,88.60,-5,100.02,157.54,ground_ball,2,0,2023,2023-07
2023-07-31,2023,R,670102,669720,SL,Slider,,ball,R,R,TOR,BAL,83.30,,,,,,1,0,2023,2023-07
2023-07-31,2023,R,670102,669720,FF,4-Seam Fastball,,ball,R,R,TOR,BAL,94.00,,,,,,0,0,2023,2023-07
2023-07-31,2023,R,670102,681297,CU,Curveball,field_out,hit_into_play,L,R,TOR,BAL,75.00,48.00,-86,126.80,195.92,ground_ball,0,1,2023,2023-07
2023-07-31,2023,R,670102,681297,FF,4-Seam Fastball,,foul,L,R,TOR,BAL,92.80,71.50,49,,,,0,0,2023,2023-07
2023-07-31,2023,R,671096,543228,CU,Curveball,single,hit_into_play,R,L,CHC,CIN,81.60,92.70,11,91.76,90.57,line_drive,1,1,2023,2023-07
2023-07-31,2023,R,671096,543228,CU,Curveball,,called_strike,R,L,CHC,CIN,80.90,,,,,,1,0,2023,2023-07
2023-07-31,2023,R,671096,543228,CH,Changeup,,ball,R,L,CHC,CIN,87.80,,,,,,0,0,2023,2023-07
2023-07-31,2023,R,671096,543228,FF,4-Seam Fastball,strikeout,swinging_strike,R,L,CHC,CIN,93.00,,,,,,2,2,2023,2023-07
2023-07-31,2023,R,671096,543228,ST,Sweeper,,foul,R,L,CHC,CIN,83.50,80.90,29,,,,2,1,2023,2023-07
2023-07-31,2023,R,671096,543228,CU,Curveball,,ball,R,L,CHC,CIN,82.10,,,,,,1,1,2023,2023-07
2023-07-31,2023,R,671096,543228,CH,Changeup,,ball,R,L,CHC,CIN,87.30,,,,,,0,1,2023,2023-07
2023-07-31,2023,R,671096,543228,CU,Curveball,,called_strike,R,L,CHC,CIN,80.90,,,,,,0,0,2023,2023-07
2023-07-31,2023,R,671096,621020,CU,Curveball,walk,ball,R,L,CHC,CIN,81.40,,,,,,3,2,2023,2023-07
2023-07-31,2023,R,671096,621020,ST,Sweeper,,foul_tip,R,L,CHC,CIN,84.20,,,,,,3,1,2023,2023-07
2023-07-31,2023,R,671096,621020,CH,Changeup,,blocked_ball,R,L,CHC,CIN,87.90,,,,,,2,1,2023,2023-07
2023-07-31,2023,R,671096,621020,CU,Curveball,,ball,R,L,CHC,CIN,80.40,,,,,,1,1,2023,2023-07
2023-07-31,2023,R,671096,621020,FF,4-Seam Fastball,,ball,R,L,CHC,CIN,92.80,,,,,,0,1,2023,2023-07
2023-07-31,2023,R,671096,621020,CU,Curveball,,called_strike,R,L,CHC,CIN,81.10,,,,,,0,0,2023,2023-07
2023-07-31,2023,R,671096,621020,FF,4-Seam Fastball,home_run,hit_into_play,R,L,CHC,CIN,92.50,100.50,28,95.68,41.36,fly_ball,1,0,2023,2023-07
2023-07-31,2023,R,671096,621020,FF,4-Seam Fastball,,ball,R,L,CHC,CIN,92.60,,,,,,0,0,2023,2023-07
2023-07-31,2023,R,671096,641355,FF,4-Seam Fastball,double,hit_into_play,L,L,CHC,CIN,93.10,99.20,32,199.37,75.05,fly_ball,2,1,2023,2023-07
2023-07-31,2023,R,671096,641355,ST,Sweeper,,ball,L,L,CHC,CIN,82.90,,,,,,1,1,2023,2023-07
2023-07-31,2023,R,671096,641355,ST,Sweeper,,foul,L,L,CHC,CIN,84.30,97.30,66,,,,1,0,2023,2023-07
2023-07-31,2023,R,671096,641355,ST,Sweeper,,ball,L,L,CHC,CIN,85.00,,,,,,0,0,2023,2023-07
2023-07-31,2023,R,671096,641355,FF,4-Seam Fastball,strikeout,called_strike,L,L,CHC,CIN,93.80,,,,,,1,2,2023,2023-07
2023-07-31,2023,R,671096,641355,CU,Curveball,,foul,L,L,CHC,CIN,82.30,,,,,,1,2,2023,2023-07
2023-07-31,2023,R,671096,641355,FF,4-Seam Fastball,,foul,L,L,CHC,CIN,93.40,,,,,,1,2,2023,2023-07
2023-07-31,2023,R,671096,641355,FF,4-Seam Fastball,,called_strike,L,L,CHC,CIN,93.80,,,,,,1,1,2023,2023-07
2023-07-31,2023,R,671096,641355,ST,Sweeper,,ball,L,L,CHC,CIN,84.70,,,,,,0,1,2023,2023-07
2023-07-31,2023,R,671096,641355,ST,Sweeper,,foul,L,L,CHC,CIN,83.70,89.30,78,,,,0,0,2023,2023-07
2023-07-31,2023,R,671096,641820,CH,Changeup,walk,ball,R,L,CHC,CIN,85.60,,,,,,3,2,2023,2023-07
2023-07-31,2023,R,671096,641820,FF,4-Seam Fastball,,ball,R,L,CHC,CIN,91.50,,,,,,2,2,2023,2023-07
2023-07-31,2023,R,671096,641820,CH,Changeup,,swinging_strike,R,L,CHC,CIN,87.30,,,,,,2,1,2023,2023-07
2023-07-31,2023,R,671096,641820,CH,Changeup,,ball,R,L,CHC,CIN,86.60,,,,,,1,1,2023,2023-07
2023-07-31,2023,R,671096,641820,ST,Sweeper,,ball,R,L,CHC,CIN,82.30,,,,,,0,1,2023,2023-07
2023-07-31,2023,R,671096,641820,FF,4-Seam Fastball,,foul,R,L,CHC,CIN,91.40,54.50,75,,,,0,0,2023,2023-07
2023-07-31,2023,R,671096,641820,FF,4-Seam Fastball,strikeout,swinging_strike,R,L,CHC,CIN,93.60,,,,,,1,2,2023,2023-07
2023-07-31,2023,R,671096,641820,CH,Changeup,,foul,R,L,CHC,CIN,87.90,87.70,48,,,,1,1,2023,2023-07
2023-07-31,2023,R,671096,641820,FF,4-Seam Fastball,,ball,R,L,CHC,CIN,93.70,,,,,,0,1,2023,2023-07
2023-07-31,2023,R,671096,641820,FF,4-Seam Fastball,,called_strike,R,L,CHC,CIN,93.70,,,,,,0,0,2023,2023-07
2023-07-31,2023,R,671096,663538,CU,Curveball,double,hit_into_play,R,L,CHC,CIN,82.10,92.20,-2,55.67,121.92,ground_ball,2,2,2023,2023-07
2023-07-31,2023,R,671096,663538,FF,4-Seam Fastball,,foul,R,L,CHC,CIN,93.40,73.60,28,,,,2,2,2023,2023-07
2023-07-31,2023,R,671096,663538,ST,Sweeper,,called_strike,R,L,CHC,CIN,83.10,,,,,,2,1,2023,2023-07
2023-07-31,2023,R,671096,663538,ST,Sweeper,,ball,R,L,CHC,CIN,82.60,,,,,,1,1,2023,2023-07
2023-07-31,2023,R,671096,663538,CH,Changeup,,ball,R,L,CHC,CIN,87.40,,,,,,0,1,2023,2023-07
2023-07-31,2023,R,671096,663538,CU,Curveball,,called_strike,R,L,CHC,CIN,81.40,,,,,,0,0,2023,2023-07
2023-07-31,2023,R,671096,663538,ST,Sweeper,double,hit_into_play,R,L,CHC,CIN,82.20,102.40,19,112.35,57.49,line_drive,1,1,2023,2023-07
2023-07-31,2023,R,671096,663538,CH,Changeup,,ball,R,L,CHC,CIN,87.20,,,,,,0,1,2023,2023-07
2023-07-31,2023,R,671096,663538,FF,4-Seam Fastball,,foul,R,L,CHC,CIN,92.30,,,,,,0,0,2023,2023-07
2023-07-31,2023,R,671096,663611,ST,Sweeper,field_out,hit_into_play,R,L,CHC,CIN,82.90,87.50,46,80.74,99.10,fly_ball,0,2,2023,2023-07
2023-07-31,2023,R,671096,663611,FF,4-Seam Fastball,,foul,R,L,CHC,CIN,93.10,78.70,39,,,,0,2,2023,2023-07
2023-07-31,2023,R,671096,663611,CH,Changeup,,foul,R,L,CHC,CIN,87.00,64.30,22,,,,0,1,2023,2023-07
2023-07-31,2023,R,671096,663611,CU,Curveball,,called_strike,R,L,CHC,CIN,81.90,,,,,,0,0,2023,2023-07
2023-07-31,2023,R,671096,663611,FF,4-Seam Fastball,walk,ball,R,L,CHC,CIN,92.00,,,,,,3,1,2023,2023-07
2023-07-31,2023,R,671096,663611,ST,Sweeper,,ball,R,L,CHC,CIN,82.40,,,,,,2,1,2023,2023-07
2023-07-31,2023,R,671096,663611,FF,4-Seam Fastball,,called_strike,R,L,CHC,CIN,91.40,,,,,,2,0,2023,2023-07
2023-07-31,2023,R,671096,663611,FF,4-Seam Fastball,,ball,R,L,CHC,CIN,91.90,,,,,,1,0,2023,2023-07
2023-07-31,2023,R,671096,663611,FF,4-Seam Fastball,,ball,R,L,CHC,CIN,92.80,,,,,,0,0,2023,2023-07
2023-07-31,2023,R,671096,664023,CU,Curveball,sac_fly,hit_into_play,R,L,CHC,CIN,81.80,96.90,26,148.21,56.16,fly_ball,1,0,2023,2023-07
2023-07-31,2023,R,671096,664023,FF,4-Seam Fastball,,ball,R,L,CHC,CIN,93.40,,,,,,0,0,2023,2023-07
2023-07-31,2023,R,671096,664023,FF,4-Seam Fastball,field_out,hit_into_play,R,L,CHC,CIN,93.50,83.50,22,186.07,116.33,line_drive,1,2,2023,2023-07
2023-07-31,2023,R,671096,664023,FF,4-Seam Fastball,,called_strike,R,L,CHC,CIN,92.90,,,,,,1,1,2023,2023-07
2023-07-31,2023,R,671096,664023,ST,Sweeper,,ball,R,L,CHC,CIN,84.60,,,,,,0,1,2023,2023-07
2023-07-31,2023,R,671096,664023,FF,4-Seam Fastball,,called_strike,R,L,CHC,CIN,92.90,,,,,,0,0,2023,2023-07
2023-07-31,2023,R,671096,666624,CH,Changeup,strikeout,swinging_strike,R,L,CHC,CIN,86.20,,,,,,2,2,2023,2023-07
2023-07-31,2023,R,671096,666624,FF,4-Seam Fastball,,ball,R,L,CHC,CIN,92.20,,,,,,1,2,2023,2023-07
2023-07-31,2023,R,671096,666624,FF,4-Seam Fastball,,ball,R,L,CHC,CIN,93.40,,,,,,0,2,2023,2023-07
2023-07-31,2023,R,671096,666624,ST,Sweeper,,foul,R,L,CHC,CIN,84.00,105.00,2,,,,0,2,2023,2023-07
2023-07-31,2023,R,671096,666624,FF,4-Seam Fastball,,foul,R,L,CHC,CIN,92.20,70.70,85,,,,0,1,2023,2023-07
2023-07-31,2023,R,671096,666624,FF,4-Seam Fastball,,called_strike,R,L,CHC,CIN,92.70,,,,,,0,0,2023,2023-07
2023-07-31,2023,R,671096,666624,CH,Changeup,strikeout,foul_tip,R,L,CHC,CIN,88.30,,,,,,2,2,2023,2023-07
2023-07-31,2023,R,671096,666624,CH,Changeup,,swinging_strike,R,L,CHC,CIN,88.20,,,,,,2,1,2023,2023-07
2023-07-31,2023,R,671096,666624,FF,4-Seam Fastball,,ball,R,L,CHC,CIN,93.20,,,,,,1,1,2023,2023-07
2023-07-31,2023,R,671096,666624,ST,Sweeper,,swinging_strike,R,L,CHC,CIN,82.40,,,,,,1,0,2023,2023-07
2023-07-31,2023,R,671096,666624,CU,Curveball,,ball,R,L,CHC,CIN,80.70,,,,,,0,0,2023,2023-07
2023-07-31,2023,R,671096,673548,FF,4-Seam Fastball,sac_fly,hit_into_play,R,L,CHC,CIN,93.20,109.40,17,155.87,53.57,line_drive,1,0,2023,2023-07
2023-07-31,2023,R,671096,673548,CH,Changeup,,ball,R,L,CHC,CIN,87.00,,,,,,0,0,2023,2023-07
2023-07-31,2023,R,671096,673548,ST,Sweeper,field_out,hit_into_play,R,L,CHC,CIN,82.50,92.60,59,61.36,142.94,fly_ball,1,1,2023,2023-07
2023-07-31,2023,R,671096,673548,CH,Changeup,,ball,R,L,CHC,CIN,86.40,,,,,,0,1,2023,2023-07
2023-07-31,2023,R,671096,673548,CU,Curveball,,called_strike,R,L,CHC,CIN,81.00,,,,,,0,0,2023,2023-07
2023-07-31,2023,R,676680,553869,ST,Sweeper,walk,ball,R,L,COL,SD,74.70,,,,,,3,2,2023,2023-07
2023-07-31,2023,R,676680,553869,ST,Sweeper,,ball,R,L,COL,SD,74.70,,,,,,2,2,2023,2023-07
2023-07-31,2023,R,676680,553869,FF,4-Seam Fastball,,ball,R,L,COL,SD,93.20,,,,,,1,2,2023,2023-07
2023-07-31,2023,R,676680,553869,SI,Sinker,,foul,R,L,COL,SD,90.60,62.70,35,,,,1,1,2023,2023-07
2023-07-31,2023,R,676680,553869,SI,Sinker,,ball,R,L,COL,SD,91.70,,,,,,0,1,2023,2023-07
2023-07-31,2023,R,676680,553869,ST,Sweeper,,called_strike,R,L,COL,SD,76.80,,,,,,0,0,2023,2023-07
2023-07-31,2023,R,676680,641857,ST,Sweeper,field_out,hit_into_play,L,L,COL,SD,78.30,52.70,-11,124.42,199.70,ground_ball,0,2,2023,2023-07
2023-07-31,2023,R,676680,641857,FF,4-Seam Fastball,,called_strike,L,L,COL,SD,92.80,,,,,,0,1,2023,2023-07
2023-07-31,2023,R,676680,641857,FF,4-Seam Fastball,,called_strike,L,L,COL,SD,93.70,,,,,,0,0,2023,2023-07
2023-07-31,2023,R,676680,663898,ST,Sweeper,strikeout,called_strike,R,L,COL,SD,74.30,,,,,,1,2,2023,2023-07
2023-07-31,2023,R,676680,663898,ST,Sweeper,,swinging_strike,R,L,COL,SD,76.10,,,,,,1,1,2023,2023-07
2023-07-31,2023,R,676680,663898,ST,Sweeper,,called_strike,R,L,COL,SD,76.20,,,,,,1,0,2023,2023-07
2023-07-31,2023,R,676680,663898,ST,Sweeper,,ball,R,L,COL,SD,75.90,,,,,,0,0,2023,2023-07
2023-07-31,2023,R,676680,669911,FF,4-Seam Fastball,strikeout,swinging_strike,R,L,COL,SD,92.70,,,,,,1,2,2023,2023-07
2023-07-31,2023,R,676680,669911,FF,4-Seam Fastball,,foul,R,L,COL,SD,91.30,69.10,37,,,,1,1,2023,2023-07
2023-07-31,2023,R,676680,669911,ST,Sweeper,,called_strike,R,L,COL,SD,75.50,,,,,,1,0,2023,2023-07
2023-07-31,2023,R,676680,669911,ST,Sweeper,,ball,R,L,COL,SD,73.70,,,,,,0,0,2023,2023-07
2023-07-31,2023,R,676680,676701,FF,4-Seam Fastball,field_out,hit_into_play,R,L,COL,SD,92.30,100.20,32,135.96,32.13,fly_ball,1,1,2023,2023-07
2023-07-31,2023,R,676680,676701,SI,Sinker,,foul,R,L,COL,SD,90.90,73.50,45,,,,1,0,2023,2023-07
2023-07-31,2023,R,676680,676701,FF,4-Seam Fastball,,ball,R,L,COL,SD,92.10,,,,,,0,0,2023,2023-07
2023-07-31,2023,R,676680,678662,FF,4-Seam Fastball,strikeout,foul_tip,R,L,COL,SD,92.60,,,,,,1,2,2023,2023-07
2023-07-31,2023,R,676680,678662,ST,Sweeper,,foul,R,L,COL,SD,75.00,68.90,66,,,,1,1,2023,2023-07
2023-07-31,2023,R,676680,678662,ST,Sweeper,,foul,R,L,COL,SD,76.80,34.80,-31,,,,1,0,2023,2023-07
2023-07-31,2023,R,676680,678662,SI,Sinker,,ball,R,L,COL,SD,91.20,,,,,,0,0,2023,2023-07
2023-07-31,2023,R,678226,543068,FF,4-Seam Fastball,single,hit_into_play,R,R,ATL,LAA,97.00,101.90,13,130.29,74.59,line_drive,0,2,2023,2023-07
2023-07-31,2023,R,678226,543068,FF,4-Seam Fastball,,foul,R,R,ATL,LAA,96.60,82.00,28,,,,0,1,2023,2023-07
2023-07-31,2023,R,678226,543068,FF,4-Seam Fastball,,swinging_strike,R,R,ATL,LAA,95.80,,,,,,0,0,2023,2023-07
2023-07-31,2023,R,678226,592669,SL,Slider,field_out,hit_into_play,R,R,ATL,LAA,89.10,96.10,56,86.23,107.27,fly_ball,2,1,2023,2023-07
2023-07-31,2023,R,678226,592669,SL,Slider,,foul,R,R,ATL,LAA,89.50,44.80,-37,,,,2,0,2023,2023-07
2023-07-31,2023,R,678226,592669,SL,Slider,,blocked_ball,R,R,ATL,LAA,90.40,,,,,,1,0,2023,2023-07
2023-07-31,2023,R,678226,592669,FF,4-Seam Fastball,,ball,R,R,ATL,LAA,97.00,,,,,,0,0,2023,2023-07
2023-07-31,2023,R,678226,595453,SL,Slider,single,hit_into_play,R,R,ATL,LAA,89.30,73.20,17,106.87,110.12,line_drive,0,0,2023,2023-07
2023-07-31,2023,R,678226,650859,FF,4-Seam Fastball,walk,ball,L,R,ATL,LAA,95.80,,,,,,3,2,2023,2023-07
2023-07-31,2023,R,678226,650859,FF,4-Seam Fastball,,foul,L,R,ATL,LAA,95.30,84.40,60,,,,3,2,2023,2023-07
2023-07-31,2023,R,678226,650859,FF,4-Seam Fastball,,foul,L,R,ATL,LAA,96.00,78.80,18,,,,3,1,2023,2023-07
2023-07-31,2023,R,678226,650859,FF,4-Seam Fastball,,called_strike,L,R,ATL,LAA,95.40,,,,,,3,0,2023,2023-07
2023-07-31,2023,R,678226,650859,FF,4-Seam Fastball,,blocked_ball,L,R,ATL,LAA,95.10,,,,,,2,0,2023,2023-07
2023-07-31,2023,R,678226,650859,SL,Slider,,ball,L,R,ATL,LAA,88.00,,,,,,1,0,2023,2023-07
2023-07-31,2023,R,678226,650859,SL,Slider,,ball,L,R,ATL,LAA,88.90,,,,,,0,0,2023,2023-07
2023-07-31,2023,R,678226,660271,FF,4-Seam Fastball,field_out,hit_into_play,L,R,ATL,LAA,95.60,101.20,36,132.69,35.09,fly_ball,0,2,2023,2023-07
2023-07-31,2023,R,678226,660271,FF,4-Seam Fastball,,swinging_strike,L,R,ATL,LAA,96.90,,,,,,0,1,2023,2023-07
2023-07-31,2023,R,678226,660271,SL,Slider,,called_strike,L,R,ATL,LAA,86.00,,,,,,0,0,2023,2023-07
2023-07-31,2023,R,678226,666160,FF,4-Seam Fastball,strikeout,swinging_strike,L,R,ATL,LAA,96.90,,,,,,1,2,2023,2023-07
2023-07-31,2023,R,678226,666160,SL,Slider,,foul,L,R,ATL,LAA,89.70,72.60,10,,,,1,2,2023,2023-07
2023-07-31,2023,R,678226,666160,SL,Slider,,foul_bunt,L,R,ATL,LAA,89.90,,,,,,1,1,2023,2023-07
2023-07-31,2023,R,678226,666160,SL,Slider,,ball,L,R,ATL,LAA,89.40,,,,,,0,1,2023,2023-07
2023-07-31,2023,R,678226,666160,SL,Slider,,swinging_strike,L,R,ATL,LAA,89.90,,,,,,0,0,2023,2023-07
2023-07-31,2023,R,678606,592885,SI,Sinker,field_out,hit_into_play,L,L,WSH,MIL,94.60,80.70,-24,100.32,159.67,ground_ball,0,2,2023,2023-07
2023-07-31,2023,R,678606,592885,SI,Sinker,,foul,L,L,WSH,MIL,95.10,71.70,-12,,,,0,1,2023,2023-07
2023-07-31,2023,R,678606,592885,SI,Sinker,,called_strike,L,L,WSH,MIL,95.50,,,,,,0,0,2023,2023-07
2023-07-31,2023,R,678606,605170,FF,4-Seam Fastball,grounded_into_double_play,hit_into_play,R,L,WSH,MIL,93.30,104.20,-17,127.32,179.02,ground_ball,0,0,2023,2023-07
2023-07-31,2023,R,678606,680911,FF,4-Seam Fastball,field_out,hit_into_play,R,L,WSH,MIL,94.00,77.30,36,118.42,93.26,fly_ball,2,1,2023,2023-07
2023-07-31,2023,R,678606,680911,SI,Sinker,,foul,R,L,WSH,MIL,93.70,89.50,10,,,,2,0,2023,2023-07
2023-07-31,2023,R,678606,680911,SI,Sinker,,ball,R,L,WSH,MIL,92.50,,,,,,1,0,2023,2023-07
2023-07-31,2023,R,678606,680911,SI,Sinker,,ball,R,L,WSH,MIL,91.40,,,,,,0,0,2023,2023-07
2023-07-31,2023,R,678606,686894,FF,4-Seam Fastball,home_run,hit_into_play,R,L,WSH,MIL,94.30,108.50,24,155.36,36.32,fly_ball,2,0,2023,2023-07
2023-07-31,2023,R,678606,686894,FF,4-Seam Fastball,,ball,R,L,WSH,MIL,94.50,,,,,,1,0,2023,2023-07
2023-07-31,2023,R,678606,686894,CH,Changeup,,ball,R,L,WSH,MIL,83.00,,,,,,0,0,2023,2023-07
2023-07-31,2023,R,680704,667452,FF,4-Seam Fastball,strikeout,foul_tip,R,R,HOU,CLE,91.90,,,,,,3,2,2023,2023-07
2023-07-31,2023,R,680704,667452,SL,Slider,,foul,R,R,HOU,CLE,80.40,67.20,28,,,,3,2,2023,2023-07
2023-07-31,2023,R,680704,667452,SL,Slider,,foul,R,R,HOU,CLE,80.50,70.00,27,,,,3,2,2023,2023-07
2023-07-31,2023,R,680704,667452,FF,4-Seam Fastball,,swinging_strike,R,R,HOU,CLE,91.90,,,,,,3,1,2023,2023-07
2023-07-31,2023,R,680704,667452,SL,Slider,,ball,R,R,HOU,CLE,79.60,,,,,,2,1,2023,2023-07
2023-07-31,2023,R,680704,667452,FF,4-Seam Fastball,,ball,R,R,HOU,CLE,92.30,,,,,,1,1,2023,2023-07
2023-07-31,2023,R,680704,667452,SL,Slider,,swinging_strike,R,R,HOU,CLE,79.70,,,,,,1,0,2023,2023-07
2023-07-31,2023,R,680704,667452,SL,Slider,,ball,R,R,HOU,CLE,80.00,,,,,,0,0,2023,2023-07
2023-07-31,2023,R,681217,518595,SI,Sinker,field_out,hit_into_play,R,R,ATL,LAA,93.60,99.20,25,116.36,36.28,fly_ball,0,0,2023,2023-07
2023-07-31,2023,R,681217,518595,ST,Sweeper,grounded_into_double_play,hit_into_play,R,R,ATL,LAA,81.40,89.60,-14,105.21,166.22,ground_ball,0,0,2023,2023-07
2023-07-31,2023,R,681217,542303,ST,Sweeper,single,hit_into_play,R,R,ATL,LAA,80.30,102.40,1,54.91,114.71,ground_ball,1,0,2023,2023-07
2023-07-31,2023,R,681217,542303,ST,Sweeper,,ball,R,R,ATL,LAA,81.80,,,,,,0,0,2023,2023-07
2023-07-31,2023,R,681217,542303,ST,Sweeper,field_out,hit_into_play,R,R,ATL,LAA,82.50,100.60,-8,100.36,144.40,ground_ball,1,1,2023,2023-07
2023-07-31,2023,R,681217,542303,SI,Sinker,,ball,R,R,ATL,LAA,95.50,,,,,,0,1,2023,2023-07
2023-07-31,2023,R,681217,542303,FF,4-Seam Fastball,,called_strike,R,R,ATL,LAA,96.90,,,,,,0,0,2023,2023-07
2023-07-31,2023,R,681217,592696,FF,4-Seam Fastball,force_out,hit_into_play,L,R,ATL,LAA,94.40,89.80,2,156.72,147.43,ground_ball,0,2,2023,2023-07
2023-07-31,2023,R,681217,592696,FF,4-Seam Fastball,,swinging_strike,L,R,ATL,LAA,94.40,,,,,,0,1,2023,2023-07
2023-07-31,2023,R,681217,592696,FF,4-Seam Fastball,,foul,L,R,ATL,LAA,93.40,83.70,51,,,,0,0,2023,2023-07
2023-07-31,2023,R,681217,592696,FF,4-Seam Fastball,strikeout,swinging_strike,L,R,ATL,LAA,96.40,,,,,,2,2,2023,2023-07
2023-07-31,2023,R,681217,592696,FF,4-Seam Fastball,,foul,L,R,ATL,LAA,95.90,76.80,23,,,,2,2,2023,2023-07
2023-07-31,2023,R,681217,592696,ST,Sweeper,,foul,L,R,ATL,LAA,81.40,53.50,-15,,,,2,2,2023,2023-07
2023-07-31,2023,R,681217,592696,FS,Split-Finger,,foul,L,R,ATL,LAA,86.30,75.30,63,,,,2,2,2023,2023-07
2023-07-31,2023,R,681217,592696,FF,4-Seam Fastball,,ball,L,R,ATL,LAA,96.00,,,,,,1,2,2023,2023-07
2023-07-31,2023,R,681217,592696,ST,Sweeper,,foul,L,R,ATL,LAA,80.40,86.80,-36,,,,1,1,2023,2023-07
2023-07-31,2023,R,681217,592696,FF,4-Seam Fastball,,ball,L,R,ATL,LAA,95.50,,,,,,0,1,2023,2023-07
2023-07-31,2023,R,681217,592696,FF,4-Seam Fastball,,called_strike,L,R,ATL,LAA,95.70,,,,,,0,0,2023,2023-07
2023-07-31,2023,R,681217,606115,ST,Sweeper,force_out,hit_into_play,R,R,ATL,LAA,80.40,96.70,0,107.63,169.24,ground_ball,0,1,2023,2023-07
2023-07-31,2023,R,681217,606115,ST,Sweeper,,called_strike,R,R,ATL,LAA,80.30,,,,,,0,0,2023,2023-07
2023-07-31,2023,R,681217,606115,ST,Sweeper,strikeout,swinging_strike,R,R,ATL,LAA,82.20,,,,,,3,2,2023,2023-07
2023-07-31,2023,R,681217,606115,FS,Split-Finger,,ball,R,R,ATL,LAA,88.90,,,,,,2,2,2023,2023-07
2023-07-31,2023,R,681217,606115,ST,Sweeper,,swinging_strike,R,R,ATL,LAA,82.40,,,,,,2,1,2023,2023-07
2023-07-31,2023,R,681217,606115,FF,4-Seam Fastball,,foul,R,R,ATL,LAA,96.70,83.60,39,,,,2,0,2023,2023-07
2023-07-31,2023,R,681217,606115,SI,Sinker,,ball,R,R,ATL,LAA,95.90,,,,,,1,0,2023,2023-07
2023-07-31,2023,R,681217,606115,SI,Sinker,,ball,R,R,ATL,LAA,95.30,,,,,,0,0,2023,2023-07
2023-07-31,2023,R,681217,621566,FS,Split-Finger,home_run,hit_into_play,L,R,ATL,LAA,85.70,105.90,25,212.59,51.20,fly_ball,0,1,2023,2023-07
2023-07-31,2023,R,681217,621566,FF,4-Seam Fastball,,called_strike,L,R,ATL,LAA,93.20,,,,,,0,0,2023,2023-07
2023-07-31,2023,R,681217,621566,FF,4-Seam Fastball,single,hit_into_play,L,R,ATL,LAA,96.60,108.40,0,77.94,104.41,ground_ball,3,2,2023,2023-07
2023-07-31,2023,R,681217,621566,FS,Split-Finger,,ball,L,R,ATL,LAA,86.50,,,,,,2,2,2023,2023-07
2023-07-31,2023,R,681217,621566,FF,4-Seam Fastball,,swinging_strike,L,R,ATL,LAA,96.30,,,,,,2,1,2023,2023-07
2023-07-31,2023,R,681217,621566,FF,4-Seam Fastball,,foul,L,R,ATL,LAA,96.00,99.60,12,,,,2,0,2023,2023-07
2023-07-31,2023,R,681217,621566,FF,4-Seam Fastball,,ball,L,R,ATL,LAA,95.50,,,,,,1,0,2023,2023-07
2023-07-31,2023,R,681217,621566,ST,Sweeper,,ball,L,R,ATL,LAA,81.00,,,,,,0,0,2023,2023-07
2023-07-31,2023,R,681217,645277,FF,4-Seam Fastball,field_out,hit_into_play,L,R,ATL,LAA,95.60,102.70,4,148.88,141.81,ground_ball,2,2,2023,2023-07
2023-07-31,2023,R,681217,645277,FS,Split-Finger,,ball,L,R,ATL,LAA,87.50,,,,,,1,2,2023,2023-07
2023-07-31,2023,R,681217,645277,FS,Split-Finger,,called_strike,L,R,ATL,LAA,86.40,,,,,,1,1,2023,2023-07
2023-07-31,2023,R,681217,645277,FF,4-Seam Fastball,,swinging_strike,L,R,ATL,LAA,94.70,,,,,,1,0,2023,2023-07
2023-07-31,2023,R,681217,645277,FF,4-Seam Fastball,,ball,L,R,ATL,LAA,95.80,,,,,,0,0,2023,2023-07
2023-07-31,2023,R,681217,645277,ST,Sweeper,field_out,hit_into_play,L,R,ATL,LAA,80.60,93.90,43,154.66,70.19,fly_ball,0,0,2023,2023-07
2023-07-31,2023,R,681217,660670,ST,Sweeper,field_out,hit_into_play,R,R,ATL,LAA,81.40,98.60,52,114.40,89.39,fly_ball,1,1,2023,2023-07
2023-07-31,2023,R,681217,660670,FS,Split-Finger,,ball,R,R,ATL,LAA,87.10,,,,,,0,1,2023,2023-07
2023-07-31,2023,R,681217,660670,FF,4-Seam Fastball,,called_strike,R,R,ATL,LAA,95.70,,,,,,0,0,2023,2023-07
2023-07-31,2023,R,681217,660670,FF,4-Seam Fastball,strikeout,swinging_strike,R,R,ATL,LAA,96.60,,,,,,2,2,2023,2023-07
2023-07-31,2023,R,681217,660670,ST,Sweeper,,called_strike,R,R,ATL,LAA,81.60,,,,,,2,1,2023,2023-07
2023-07-31,2023,R,681217,660670,ST,Sweeper,,called_strike,R,R,ATL,LAA,80.20,,,,,,2,0,2023,2023-07
2023-07-31,2023,R,681217,660670,SI,Sinker,,ball,R,R,ATL,LAA,95.50,,,,,,1,0,2023,2023-07
2023-07-31,2023,R,681217,660670,SI,Sinker,,ball,R,R,ATL,LAA,95.50,,,,,,0,0,2023,2023-07
2023-07-31,2023,R,681217,663586,ST,Sweeper,field_out,hit_into_play,R,R,ATL,LAA,80.30,86.80,29,81.21,70.41,fly_ball,2,1,2023,2023-07
2023-07-31,2023,R,681217,663586,ST,Sweeper,,ball,R,R,ATL,LAA,81.60,,,,,,1,1,2023,2023-07
2023-07-31,2023,R,681217,663586,FF,4-Seam Fastball,,ball,R,R,ATL,LAA,95.10,,,,,,0,1,2023,2023-07
2023-07-31,2023,R,681217,663586,FF,4-Seam Fastball,,called_strike,R,R,ATL,LAA,95.70,,,,,,0,0,2023,2023-07
2023-07-31,2023,R,681217,663586,SI,Sinker,field_out,hit_into_play,R,R,ATL,LAA,96.10,87.40,23,162.69,89.09,line_drive,3,2,2023,2023-07
2023-07-31,2023,R,681217,663586,SI,Sinker,,swinging_strike,R,R,ATL,LAA,95.70,,,,,,3,1,2023,2023-07
2023-07-31,2023,R,681217,663586,FF,4-Seam Fastball,,ball,R,R,ATL,LAA,96.60,,,,,,2,1,2023,2023-07
2023-07-31,2023,R,681217,663586,ST,Sweeper,,ball,R,R,ATL,LAA,82.30,,,,,,1,1,2023,2023-07
2023-07-31,2023,R,681217,663586,SI,Sinker,,ball,R,R,ATL,LAA,96.70,,,,,,0,1,2023,2023-07
2023-07-31,2023,R,681217,663586,SI,Sinker,,called_strike,R,R,ATL,LAA,96.40,,,,,,0,0,2023,2023-07
2023-07-31,2023,R,681217,671739,FS,Split-Finger,strikeout,swinging_strike,L,R,ATL,LAA,88.80,,,,,,2,2,2023,2023-07
2023-07-31,2023,R,681217,671739,FF,4-Seam Fastball,,swinging_strike,L,R,ATL,LAA,95.70,,,,,,2,1,2023,2023-07
2023-07-31,2023,R,681217,671739,FF,4-Seam Fastball,,foul,L,R,ATL,LAA,95.00,79.80,9,,,,2,0,2023,2023-07
2023-07-31,2023,R,681217,671739,ST,Sweeper,,ball,L,R,ATL,LAA,81.30,,,,,,1,0,2023,2023-07
2023-07-31,2023,R,681217,671739,FF,4-Seam Fastball,,ball,L,R,ATL,LAA,95.50,,,,,,0,0,2023,2023-07
2023-07-31,2023,R,682175,553993,SI,Sinker,single,hit_into_play,R,L,SEA,BOS,90.90,103.10,-11,78.51,123.19,ground_ball,0,1,2023,2023-07
2023-07-31,2023,R,682175,553993,ST,Sweeper,,called_strike,R,L,SEA,BOS,77.00,,,,,,0,0,2023,2023-07
2023-07-31,2023,R,682175,606192,SI,Sinker,single,hit_into_play,R,L,SEA,BOS,90.50,45.60,-68,121.30,195.94,ground_ball,1,0,2023,2023-07
2023-07-31,2023,R,682175,606192,SI,Sinker,,ball,R,L,SEA,BOS,91.40,,,,,,0,0,2023,2023-07
2023-07-31,2023,R,682175,641487,SI,Sinker,walk,ball,L,L,SEA,BOS,90.20,,,,,,3,2,2023,2023-07
2023-07-31,2023,R,682175,641487,SI,Sinker,,foul,L,L,SEA,BOS,91.40,28.30,-47,,,,3,2,2023,2023-07
2023-07-31,2023,R,682175,641487,SI,Sinker,,foul,L,L,SEA,BOS,91.90,67.30,-37,,,,3,2,2023,2023-07
2023-07-31,2023,R,682175,641487,SI,Sinker,,ball,L,L,SEA,BOS,90.70,,,,,,2,2,2023,2023-07
2023-07-31,2023,R,682175,641487,ST,Sweeper,,ball,L,L,SEA,BOS,77.60,,,,,,1,2,2023,2023-07
2023-07-31,2023,R,682175,641487,SI,Sinker,,foul,L,L,SEA,BOS,90.80,76.60,-19,,,,1,2,2023,2023-07
2023-07-31,2023,R,682175,641487,ST,Sweeper,,foul,L,L,SEA,BOS,78.00,68.10,-45,,,,1,2,2023,2023-07
2023-07-31,2023,R,682175,641487,SI,Sinker,,called_strike,L,L,SEA,BOS,91.30,,,,,,1,1,2023,2023-07
2023-07-31,2023,R,682175,641487,SI,Sinker,,ball,L,L,SEA,BOS,90.90,,,,,,0,1,2023,2023-07
2023-07-31,2023,R,682175,641487,ST,Sweeper,,called_strike,L,L,SEA,BOS,76.00,,,,,,0,0,2023,2023-07
2023-07-31,2023,R,682175,663728,SI,Sinker,fielders_choice,hit_into_play,R,L,SEA,BOS,92.20,99.50,-17,129.71,142.96,ground_ball,1,2,2023,2023-07
2023-07-31,2023,R,682175,663728,SI,Sinker,,called_strike,R,L,SEA,BOS,91.30,,,,,,1,1,2023,2023-07
2023-07-31,2023,R,682175,663728,SI,Sinker,,foul,R,L,SEA,BOS,90.50,,,,,,1,0,2023,2023-07
2023-07-31,2023,R,682175,663728,SI,Sinker,,ball,R,L,SEA,BOS,90.70,,,,,,0,0,2023,2023-07
2023-07-31,2023,R,682175,664034,SI,Sinker,grounded_into_double_play,hit_into_play,R,L,SEA,BOS,90.60,99.70,-16,149.49,167.80,ground_ball,0,0,2023,2023-07
2023-07-31,2023,R,682175,676609,ST,Sweeper,hit_by_pitch,hit_by_pitch,R,L,SEA,BOS,76.70,,,,,,1,0,2023,2023-07
2023-07-31,2023,R,682175,676609,ST,Sweeper,,ball,R,L,SEA,BOS,76.60,,,,,,0,0,2023,2023-07
2023-07-31,2023,R,682175,677594,ST,Sweeper,single,hit_into_play,R,L,SEA,BOS,76.80,98.00,4,202.72,111.53,ground_ball,0,0,2023,2023-07
2023-07-31,2023,R,694037,458015,FF,4-Seam Fastball,field_out,hit_into_play,L,R,CHC,CIN,98.40,80.00,70,100.32,159.03,popup,0,0,2023,2023-07
2023-07-31,2023,R,694037,571912,FF,4-Seam Fastball,strikeout,swinging_strike,R,R,CHC,CIN,99.00,,,,,,1,2,2023,2023-07
2023-07-31,2023,R,694037,571912,FF,4-Seam Fastball,,foul,R,R,CHC,CIN,98.70,80.40,27,,,,1,1,2023,2023-07
2023-07-31,2023,R,694037,571912,SL,Slider,,called_strike,R,R,CHC,CIN,88.60,,,,,,1,0,2023,2023-07
2023-07-31,2023,R,694037,571912,FF,4-Seam Fastball,,ball,R,R,CHC,CIN,98.60,,,,,,0,0,2023,2023-07
2023-07-31,2023,R,694037,666181,FF,4-Seam Fastball,triple,hit_into_play,L,R,CHC,CIN,99.20,103.10,17,187.53,110.67,line_drive,0,1,2023,2023-07
2023-07-31,2023,R,694037,666181,FF,4-Seam Fastball,,called_strike,L,R,CHC,CIN,98.90,,,,,,0,0,2023,2023-07
2023-07-31,2023,R,694037,682829,SL,Slider,strikeout,swinging_strike_blocked,L,R,CHC,CIN,91.40,,,,,,0,2,2023,2023-07
2023-07-31,2023,R,694037,682829,FF,4-Seam Fastball,,foul,L,R,CHC,CIN,99.60,82.30,52,,,,0,1,2023,2023-07
2023-07-31,2023,R,694037,682829,FF,4-Seam Fastball,,called_strike,L,R,CHC,CIN,100.70,,,,,,0,0,2023,2023-07
2023-07-31,2023,R,694037,687952,FF,4-Seam Fastball,field_out,hit_into_play,R,R,CHC,CIN,98.10,100.50,43,190.06,96.59,fly_ball,0,0,2023,2023-07
