game_date,game_year,game_type,pitcher,batter,pitch_type,pitch_name,events,description,stand,p_throws,home_team,away_team,release_speed,launch_speed,launch_angle,balls,strikes,season,month
2023-03-30,2023,R,425844,543877,FC,Cutter,single,hit_into_play,R,R,KC,MIN,87.00,85.90,4,0,0,2023,2023-03
2023-03-30,2023,R,425844,543877,CH,Changeup,grounded_into_double_play,hit_into_play,R,R,KC,MIN,88.40,104.50,-34,1,2,2023,2023-03
2023-03-30,2023,R,425844,543877,CU,Curveball,,foul,R,R,KC,MIN,72.30,83.80,38,1,2,2023,2023-03
2023-03-30,2023,R,425844,543877,SL,Slider,,ball,R,R,KC,MIN,78.70,,,0,2,2023,2023-03
2023-03-30,2023,R,425844,543877,FC,Cutter,,swinging_strike,R,R,KC,MIN,85.60,,,0,1,2023,2023-03
2023-03-30,2023,R,425844,543877,CU,Curveball,,called_strike,R,R,KC,MIN,73.30,,,0,0,2023,2023-03
2023-03-30,2023,R,425844,572191,CU,Curveball,single,hit_into_play,R,R,KC,MIN,74.80,103.80,15,1,0,2023,2023-03
2023-03-30,2023,R,425844,572191,FC,Cutter,,ball,R,R,KC,MIN,86.80,,,0,0,2023,2023-03
2023-03-30,2023,R,425844,572191,SL,Slider,strikeout,swinging_strike,R,R,KC,MIN,80.70,,,0,2,2023,2023-03
2023-03-30,2023,R,425844,572191,FC,Cutter,,foul,R,R,KC,MIN,86.80,34.90,-51,0,2,2023,2023-03
2023-03-30,2023,R,425844,572191,FF,4-Seam Fastball,,foul,R,R,KC,MIN,90.80,75.50,66,0,1,2023,2023-03
2023-03-30,2023,R,425844,572191,SI,Sinker,,called_strike,R,R,KC,MIN,91.40,,,0,0,2023,2023-03
2023-03-30,2023,R,425844,596146,SI,Sinker,field_out,hit_into_play,L,R,KC,MIN,91.10,101.80,-19,2,2,2023,2023-03
2023-03-30,2023,R,425844,596146,SL,Slider,,foul,L,R,KC,MIN,81.30,78.20,-14,2,1,2023,2023-03
2023-03-30,2023,R,425844,596146,CH,Changeup,,ball,L,R,KC,MIN,87.00,,,1,1,2023,2023-03
2023-03-30,2023,R,425844,596146,SI,Sinker,,ball,L,R,KC,MIN,89.80,,,0,1,2023,2023-03
2023-03-30,2023,R,425844,596146,CU,Curveball,,foul,L,R,KC,MIN,74.90,59.40,56,0,0,2023,2023-03
2023-03-30,2023,R,425844,596146,CH,Changeup,field_out,hit_into_play,L,R,KC,MIN,87.30,71.70,6,0,1,2023,2023-03
2023-03-30,2023,R,425844,596146,CU,Curveball,,called_strike,L,R,KC,MIN,73.40,,,0,0,2023,2023-03
2023-03-30,2023,R,425844,596146,SL,Slider,field_out,hit_into_play,L,R,KC,MIN,77.60,90.20,51,0,0,2023,2023-03
2023-03-30,2023,R,425844,608336,SI,Sinker,strikeout,called_strike,L,R,KC,MIN,90.10,,,0,2,2023,2023-03
2023-03-30,2023,R,425844,608336,FF,4-Seam Fastball,,foul,L,R,KC,MIN,91.20,79.90,15,0,1,2023,2023-03
2023-03-30,2023,R,425844,608336,CU,Curveball,,foul,L,R,KC,MIN,73.10,101.10,3,0,0,2023,2023-03
2023-03-30,2023,R,425844,608336,SL,Slider,single,hit_into_play,L,R,KC,MIN,80.00,93.70,-7,0,1,2023,2023-03
2023-03-30,2023,R,425844,608336,FF,4-Seam Fastball,,swinging_strike,L,R,KC,MIN,89.50,,,0,0,2023,2023-03
2023-03-30,2023,R,425844,621043,SL,Slider,field_out,hit_into_play,R,R,KC,MIN,81.00,84.70,62,0,2,2023,2023-03
2023-03-30,2023,R,425844,621043,SL,Slider,,foul,R,R,KC,MIN,81.80,77.10,54,0,1,2023,2023-03
2023-03-30,2023,R,425844,621043,CH,Changeup,,swinging_strike,R,R,KC,MIN,87.70,,,0,0,2023,2023-03
2023-03-30,2023,R,425844,621043,FC,Cutter,field_out,hit_into_play,R,R,KC,MIN,86.50,76.90,43,3,2,2023,2023-03
2023-03-30,2023,R,425844,621043,SL,Slider,,ball,R,R,KC,MIN,81.50,,,2,2,2023,2023-03
2023-03-30,2023,R,425844,621043,SL,Slider,,swinging_strike,R,R,KC,MIN,81.40,,,2,1,2023,2023-03
2023-03-30,2023,R,425844,621043,SI,Sinker,,ball,R,R,KC,MIN,90.70,,,1,1,2023,2023-03
2023-03-30,2023,R,425844,621043,CH,Changeup,,ball,R,R,KC,MIN,88.10,,,0,1,2023,2023-03
2023-03-30,2023,R,425844,621043,FC,Cutter,,called_strike,R,R,KC,MIN,85.70,,,0,0,2023,2023-03
2023-03-30,2023,R,425844,621043,FF,4-Seam Fastball,single,hit_into_play,R,R,KC,MIN,90.80,112.00,7,2,2,2023,2023-03
2023-03-30,2023,R,425844,621043,CU,Curveball,,foul,R,R,KC,MIN,73.60,60.30,61,2,1,2023,2023-03
2023-03-30,2023,R,425844,621043,FC,Cutter,,ball,R,R,KC,MIN,85.10,,,1,1,2023,2023-03
2023-03-30,2023,R,425844,621043,SL,Slider,,called_strike,R,R,KC,MIN,78.80,,,1,0,2023,2023-03
2023-03-30,2023,R,425844,621043,CU,Curveball,,ball,R,R,KC,MIN,71.80,,,0,0,2023,2023-03
2023-03-30,2023,R,425844,621439,SI,Sinker,triple,hit_into_play,R,R,KC,MIN,90.70,94.80,20,2,2,2023,2023-03
2023-03-30,2023,R,425844,621439,SL,Slider,,ball,R,R,KC,MIN,80.20,,,1,2,2023,2023-03
2023-03-30,2023,R,425844,621439,SI,Sinker,,ball,R,R,KC,MIN,90.70,,,0,2,2023,2023-03
2023-03-30,2023,R,425844,621439,CH,Changeup,,swinging_strike,R,R,KC,MIN,86.60,,,0,1,2023,2023-03
2023-03-30,2023,R,425844,621439,CH,Changeup,,foul,R,R,KC,MIN,87.40,81.20,-27,0,0,2023,2023-03
2023-03-30,2023,R,425844,621439,CU,Curveball,field_out,hit_into_play,R,R,KC,MIN,74.00,89.70,65,2,0,2023,2023-03
2023-03-30,2023,R,425844,621439,CH,Changeup,,ball,R,R,KC,MIN,87.80,,,1,0,2023,2023-03
2023-03-30,2023,R,425844,621439,FF,4-Seam Fastball,,ball,R,R,KC,MIN,90.00,,,0,0,2023,2023-03
2023-03-30,2023,R,425844,621439,CU,Curveball,single,hit_into_play,R,R,KC,MIN,74.00,91.50,15,0,1,2023,2023-03
2023-03-30,2023,R,425844,621439,CU,Curveball,,foul,R,R,KC,MIN,72.50,73.40,67,0,0,2023,2023-03
2023-03-30,2023,R,425844,624503,CU,Curveball,field_out,hit_into_play,L,R,KC,MIN,74.50,99.70,19,1,2,2023,2023-03
2023-03-30,2023,R,425844,624503,CU,Curveball,,foul,L,R,KC,MIN,74.00,98.20,1,1,1,2023,2023-03
2023-03-30,2023,R,425844,624503,SI,Sinker,,called_strike,L,R,KC,MIN,91.50,,,1,0,2023,2023-03
2023-03-30,2023,R,425844,624503,FF,4-Seam Fastball,,ball,L,R,KC,MIN,89.90,,,0,0,2023,2023-03
2023-03-30,2023,R,425844,624503,SL,Slider,field_out,hit_into_play,L,R,KC,MIN,82.70,70.90,7,1,0,2023,2023-03
2023-03-30,2023,R,425844,624503,CU,Curveball,,ball,L,R,KC,MIN,75.50,,,0,0,2023,2023-03
2023-03-30,2023,R,425844,663616,CU,Curveball,single,hit_into_play,L,R,KC,MIN,75.60,94.30,16,1,1,2023,2023-03
2023-03-30,2023,R,425844,663616,CU,Curveball,,foul,L,R,KC,MIN,75.30,65.20,-21,1,0,2023,2023-03
2023-03-30,2023,R,425844,663616,CU,Curveball,,ball,L,R,KC,MIN,76.10,,,0,0,2023,2023-03
2023-03-30,2023,R,425844,663616,CU,Curveball,strikeout,called_strike,L,R,KC,MIN,73.10,,,3,2,2023,2023-03
2023-03-30,2023,R,425844,663616,SI,Sinker,,foul,L,R,KC,MIN,89.50,72.80,35,3,2,2023,2023-03
2023-03-30,2023,R,425844,663616,SI,Sinker,,ball,L,R,KC,MIN,90.40,,,2,2,2023,2023-03
2023-03-30,2023,R,425844,663616,CU,Curveball,,ball,L,R,KC,MIN,74.10,,,1,2,2023,2023-03
2023-03-30,2023,R,425844,663616,CH,Changeup,,foul,L,R,KC,MIN,88.20,58.50,-51,1,2,2023,2023-03
2023-03-30,2023,R,425844,663616,CH,Changeup,,foul,L,R,KC,MIN,87.50,72.50,-79,1,1,2023,2023-03
2023-03-30,2023,R,425844,663616,CU,Curveball,,called_strike,L,R,KC,MIN,72.30,,,1,0,2023,2023-03
2023-03-30,2023,R,425844,663616,SL,Slider,,ball,L,R,KC,MIN,79.20,,,0,0,2023,2023-03
2023-03-30,2023,R,425844,663616,CU,Curveball,strikeout,swinging_strike,L,R,KC,MIN,73.80,,,1,2,2023,2023-03
2023-03-30,2023,R,425844,663616,CH,Changeup,,foul,L,R,KC,MIN,87.90,,,1,1,2023,2023-03
2023-03-30,2023,R,425844,663616,CU,Curveball,,called_strike,L,R,KC,MIN,72.30,,,1,0,2023,2023-03
2023-03-30,2023,R,425844,663616,SL,Slider,,ball,L,R,KC,MIN,80.70,,,0,0,2023,2023-03
2023-03-30,2023,R,425844,669304,SI,Sinker,field_out,hit_into_play,R,R,KC,MIN,90.10,89.00,56,0,0,2023,2023-03
2023-03-30,2023,R,425844,669304,FC,Cutter,field_out,hit_into_play,R,R,KC,MIN,87.10,81.50,-27,0,1,2023,2023-03
2023-03-30,2023,R,425844,669304,SI,Sinker,,called_strike,R,R,KC,MIN,91.10,,,0,0,2023,2023-03
2023-03-30,2023,R,425844,669304,SL,Slider,walk,ball,R,R,KC,MIN,82.20,,,3,2,2023,2023-03
2023-03-30,2023,R,425844,669304,FC,Cutter,,blocked_ball,R,R,KC,MIN,86.20,,,2,2,2023,2023-03
2023-03-30,2023,R,425844,669304,SI,Sinker,,foul,R,R,KC,MIN,92.10,92.40,31,2,2,2023,2023-03
2023-03-30,2023,R,425844,669304,SL,Slider,,blocked_ball,R,R,KC,MIN,81.60,,,1,2,2023,2023-03
2023-03-30,2023,R,425844,669304,SL,Slider,,ball,R,R,KC,MIN,81.00,,,0,2,2023,2023-03
2023-03-30,2023,R,425844,669304,SL,Slider,,swinging_strike,R,R,KC,MIN,81.30,,,0,1,2023,2023-03
2023-03-30,2023,R,425844,669304,SL,Slider,,swinging_strike,R,R,KC,MIN,81.30,,,0,0,2023,2023-03
2023-03-30,2023,R,445926,600869,FC,Cutter,field_out,hit_into_play,L,R,WSH,ATL,88.80,83.60,-4,2,1,2023,2023-03
2023-03-30,2023,R,445926,600869,FC,Cutter,,ball,L,R,WSH,ATL,88.20,,,1,1,2023,2023-03
2023-03-30,2023,R,445926,600869,SI,Sinker,,called_strike,L,R,WSH,ATL,91.00,,,1,0,2023,2023-03
2023-03-30,2023,R,445926,600869,FC,Cutter,,ball,L,R,WSH,ATL,87.90,,,0,0,2023,2023-03
2023-03-30,2023,R,445926,608841,SI,Sinker,single,hit_into_play,R,R,WSH,ATL,90.30,81.90,14,2,1,2023,2023-03
2023-03-30,2023,R,445926,608841,FC,Cutter,,ball,R,R,WSH,ATL,88.90,,,1,1,2023,2023-03
2023-03-30,2023,R,445926,608841,SI,Sinker,,called_strike,R,R,WSH,ATL,91.70,,,1,0,2023,2023-03
2023-03-30,2023,R,445926,608841,FC,Cutter,,ball,R,R,WSH,ATL,90.00,,,0,0,2023,2023-03
2023-03-30,2023,R,445926,642086,CH,Changeup,single,hit_into_play,L,R,WSH,ATL,84.00,80.60,-4,2,2,2023,2023-03
2023-03-30,2023,R,445926,642086,CH,Changeup,,swinging_strike,L,R,WSH,ATL,84.40,,,2,1,2023,2023-03
2023-03-30,2023,R,445926,642086,SI,Sinker,,ball,L,R,WSH,ATL,90.30,,,1,1,2023,2023-03
2023-03-30,2023,R,445926,642086,FC,Cutter,,ball,L,R,WSH,ATL,87.10,,,0,1,2023,2023-03
2023-03-30,2023,R,445926,642086,FC,Cutter,,called_strike,L,R,WSH,ATL,87.50,,,0,0,2023,2023-03
2023-03-30,2023,R,445926,657041,SI,Sinker,field_out,hit_into_play,R,R,WSH,ATL,89.30,68.70,-38,2,1,2023,2023-03
2023-03-30,2023,R,445926,657041,SI,Sinker,,ball,R,R,WSH,ATL,89.90,,,1,1,2023,2023-03
2023-03-30,2023,R,445926,657041,FC,Cutter,,ball,R,R,WSH,ATL,87.10,,,0,1,2023,2023-03
2023-03-30,2023,R,445926,657041,FC,Cutter,,swinging_strike,R,R,WSH,ATL,87.90,,,0,0,2023,2023-03
2023-03-30,2023,R,445926,660688,FC,Cutter,field_out,hit_into_play,L,R,WSH,ATL,89.40,102.70,1,0,1,2023,2023-03
2023-03-30,2023,R,445926,660688,FC,Cutter,,foul,L,R,WSH,ATL,88.30,102.30,28,0,0,2023,2023-03
2023-03-30,2023,R,445926,669743,FC,Cutter,strikeout,swinging_strike,R,R,WSH,ATL,88.40,,,2,2,2023,2023-03
2023-03-30,2023,R,445926,669743,SI,Sinker,,ball,R,R,WSH,ATL,90.70,,,1,2,2023,2023-03
2023-03-30,2023,R,445926,669743,FC,Cutter,,ball,R,R,WSH,ATL,88.60,,,0,2,2023,2023-03
2023-03-30,2023,R,445926,669743,FC,Cutter,,foul,R,R,WSH,ATL,87.90,,,0,1,2023,2023-03
2023-03-30,2023,R,445926,669743,FC,Cutter,,foul_tip,R,R,WSH,ATL,88.50,,,0,0,2023,2023-03
2023-03-30,2023,R,446372,602104,FC,Cutter,home_run,hit_into_play,R,R,BOS,BAL,84.00,102.80,34,1,0,2023,2023-03
2023-03-30,2023,R,446372,602104,CU,Curveball,,ball,R,R,BOS,BAL,79.40,,,0,0,2023,2023-03
2023-03-30,2023,R,446372,602104,FC,Cutter,field_out,hit_into_play,R,R,BOS,BAL,85.10,60.50,-42,0,1,2023,2023-03
2023-03-30,2023,R,446372,602104,CU,Curveball,,called_strike,R,R,BOS,BAL,80.70,,,0,0,2023,2023-03
2023-03-30,2023,R,446372,622761,SI,Sinker,single,hit_into_play,R,R,BOS,BAL,87.80,106.20,11,0,0,2023,2023-03
2023-03-30,2023,R,446372,622761,SI,Sinker,field_out,hit_into_play,R,R,BOS,BAL,87.40,91.20,36,1,0,2023,2023-03
2023-03-30,2023,R,446372,622761,FC,Cutter,,ball,R,R,BOS,BAL,84.30,,,0,0,2023,2023-03
2023-03-30,2023,R,446372,623993,SI,Sinker,double,hit_into_play,L,R,BOS,BAL,86.10,98.60,11,0,1,2023,2023-03
2023-03-30,2023,R,446372,623993,FC,Cutter,,foul,L,R,BOS,BAL,84.60,80.40,-20,0,0,2023,2023-03
2023-03-30,2023,R,446372,623993,FC,Cutter,strikeout,swinging_strike,L,R,BOS,BAL,85.50,,,3,2,2023,2023-03
2023-03-30,2023,R,446372,623993,FF,4-Seam Fastball,,ball,L,R,BOS,BAL,88.10,,,2,2,2023,2023-03
2023-03-30,2023,R,446372,623993,SI,Sinker,,called_strike,L,R,BOS,BAL,87.80,,,2,1,2023,2023-03
2023-03-30,2023,R,446372,623993,FC,Cutter,,ball,L,R,BOS,BAL,85.40,,,1,1,2023,2023-03
2023-03-30,2023,R,446372,623993,SI,Sinker,,called_strike,L,R,BOS,BAL,87.20,,,1,0,2023,2023-03
2023-03-30,2023,R,446372,623993,CU,Curveball,,ball,L,R,BOS,BAL,78.20,,,0,0,2023,2023-03
2023-03-30,2023,R,446372,624428,CU,Curveball,double,hit_into_play,L,R,BOS,BAL,78.30,80.00,19,0,0,2023,2023-03
2023-03-30,2023,R,446372,624428,SI,Sinker,strikeout,called_strike,L,R,BOS,BAL,87.90,,,3,2,2023,2023-03
2023-03-30,2023,R,446372,624428,CH,Changeup,,foul,L,R,BOS,BAL,81.90,94.70,3,3,2,2023,2023-03
2023-03-30,2023,R,446372,624428,FC,Cutter,,foul,L,R,BOS,BAL,85.80,75.20,80,3,2,2023,2023-03
2023-03-30,2023,R,446372,624428,SI,Sinker,,ball,L,R,BOS,BAL,87.70,,,2,2,2023,2023-03
2023-03-30,2023,R,446372,624428,CH,Changeup,,foul,L,R,BOS,BAL,82.20,68.20,47,2,2,2023,2023-03
2023-03-30,2023,R,446372,624428,FC,Cutter,,foul,L,R,BOS,BAL,85.90,61.40,19,2,2,2023,2023-03
2023-03-30,2023,R,446372,624428,SI,Sinker,,ball,L,R,BOS,BAL,88.10,,,1,2,2023,2023-03
2023-03-30,2023,R,446372,624428,CH,Changeup,,foul,L,R,BOS,BAL,82.00,84.80,-31,1,1,2023,2023-03
2023-03-30,2023,R,446372,624428,FC,Cutter,,foul,L,R,BOS,BAL,85.50,83.50,-17,1,0,2023,2023-03
2023-03-30,2023,R,446372,624428,FF,4-Seam Fastball,,ball,L,R,BOS,BAL,87.60,,,0,0,2023,2023-03
2023-03-30,2023,R,446372,656775,FC,Cutter,walk,ball,L,R,BOS,BAL,85.10,,,3,2,2023,2023-03
2023-03-30,2023,R,446372,656775,CH,Changeup,,blocked_ball,L,R,BOS,BAL,83.10,,,2,2,2023,2023-03
2023-03-30,2023,R,446372,656775,SI,Sinker,,ball,L,R,BOS,BAL,87.00,,,1,2,2023,2023-03
2023-03-30,2023,R,446372,656775,CU,Curveball,,foul,L,R,BOS,BAL,79.90,63.20,48,1,2,2023,2023-03
2023-03-30,2023,R,446372,656775,FC,Cutter,,foul,L,R,BOS,BAL,84.90,81.90,-20,1,2,2023,2023-03
2023-03-30,2023,R,446372,656775,FC,Cutter,,foul,L,R,BOS,BAL,85.40,100.50,-17,1,1,2023,2023-03
2023-03-30,2023,R,446372,656775,FC,Cutter,,ball,L,R,BOS,BAL,85.00,,,0,1,2023,2023-03
2023-03-30,2023,R,446372,656775,SI,Sinker,,foul,L,R,BOS,BAL,85.50,76.10,67,0,0,2023,2023-03
2023-03-30,2023,R,446372,656775,CU,Curveball,field_out,hit_into_play,L,R,BOS,BAL,79.60,75.80,45,0,0,2023,2023-03
2023-03-30,2023,R,446372,656775,SI,Sinker,strikeout,swinging_strike,L,R,BOS,BAL,88.00,,,1,2,2023,2023-03
2023-03-30,2023,R,446372,656775,CU,Curveball,,foul,L,R,BOS,BAL,81.10,102.70,16,1,2,2023,2023-03
2023-03-30,2023,R,446372,656775,CH,Changeup,,called_strike,L,R,BOS,BAL,81.70,,,1,1,2023,2023-03
2023-03-30,2023,R,446372,656775,SI,Sinker,,called_strike,L,R,BOS,BAL,87.70,,,1,0,2023,2023-03
2023-03-30,2023,R,446372,656775,SI,Sinker,,ball,L,R,BOS,BAL,87.80,,,0,0,2023,2023-03
2023-03-30,2023,R,446372,663624,FC,Cutter,field_out,hit_into_play,R,R,BOS,BAL,85.80,74.20,10,1,2,2023,2023-03
2023-03-30,2023,R,446372,663624,FC,Cutter,,foul,R,R,BOS,BAL,84.10,88.20,60,1,2,2023,2023-03
2023-03-30,2023,R,446372,663624,CU,Curveball,,ball,R,R,BOS,BAL,80.40,,,0,2,2023,2023-03
2023-03-30,2023,R,446372,663624,FC,Cutter,,foul,R,R,BOS,BAL,84.90,92.70,4,0,2,2023,2023-03
2023-03-30,2023,R,446372,663624,CU,Curveball,,foul,R,R,BOS,BAL,78.80,85.80,35,0,1,2023,2023-03
2023-03-30,2023,R,446372,663624,CU,Curveball,,called_strike,R,R,BOS,BAL,79.50,,,0,0,2023,2023-03
2023-03-30,2023,R,446372,663624,CU,Curveball,walk,ball,R,R,BOS,BAL,81.30,,,3,2,2023,2023-03
2023-03-30,2023,R,446372,663624,CH,Changeup,,ball,R,R,BOS,BAL,82.90,,,2,2,2023,2023-03
2023-03-30,2023,R,446372,663624,CU,Curveball,,ball,R,R,BOS,BAL,80.50,,,1,2,2023,2023-03
2023-03-30,2023,R,446372,663624,FC,Cutter,,foul,R,R,BOS,BAL,86.10,87.00,57,1,2,2023,2023-03
2023-03-30,2023,R,446372,663624,CU,Curveball,,swinging_strike,R,R,BOS,BAL,79.80,,,1,1,2023,2023-03
2023-03-30,2023,R,446372,663624,FC,Cutter,,foul,R,R,BOS,BAL,84.50,67.00,68,1,0,2023,2023-03
2023-03-30,2023,R,446372,663624,SI,Sinker,,ball,R,R,BOS,BAL,88.20,,,0,0,2023,2023-03
2023-03-30,2023,R,446372,668939,SI,Sinker,single,hit_into_play,L,R,BOS,BAL,87.30,96.50,-4,1,2,2023,2023-03
2023-03-30,2023,R,446372,668939,CU,Curveball,,foul,L,R,BOS,BAL,80.20,64.50,-25,1,2,2023,2023-03
2023-03-30,2023,R,446372,668939,CH,Changeup,,ball,L,R,BOS,BAL,82.60,,,0,2,2023,2023-03
2023-03-30,2023,R,446372,668939,FC,Cutter,,foul,L,R,BOS,BAL,85.60,96.70,-21,0,2,2023,2023-03
2023-03-30,2023,R,446372,668939,CH,Changeup,,foul,L,R,BOS,BAL,79.30,103.50,18,0,1,2023,2023-03
2023-03-30,2023,R,446372,668939,SI,Sinker,,called_strike,L,R,BOS,BAL,86.10,,,0,0,2023,2023-03
2023-03-30,2023,R,446372,668939,FF,4-Seam Fastball,home_run,hit_into_play,L,R,BOS,BAL,87.30,104.50,26,2,0,2023,2023-03
2023-03-30,2023,R,446372,668939,SI,Sinker,,ball,L,R,BOS,BAL,87.70,,,1,0,2023,2023-03
2023-03-30,2023,R,446372,668939,SI,Sinker,,ball,L,R,BOS,BAL,87.40,,,0,0,2023,2023-03
2023-03-30,2023,R,446372,669720,FC,Cutter,field_out,hit_into_play,R,R,BOS,BAL,84.00,101.40,8,0,1,2023,2023-03
2023-03-30,2023,R,446372,669720,SI,Sinker,,called_strike,R,R,BOS,BAL,86.70,,,0,0,2023,2023-03
2023-03-30,2023,R,446372,669720,CU,Curveball,strikeout,called_strike,R,R,BOS,BAL,80.20,,,3,2,2023,2023-03
2023-03-30,2023,R,446372,669720,CU,Curveball,,swinging_strike,R,R,BOS,BAL,80.10,,,3,1,2023,2023-03
2023-03-30,2023,R,446372,669720,SI,Sinker,,ball,R,R,BOS,BAL,88.40,,,2,1,2023,2023-03
2023-03-30,2023,R,446372,669720,CU,Curveball,,ball,R,R,BOS,BAL,80.50,,,1,1,2023,2023-03
2023-03-30,2023,R,446372,669720,SI,Sinker,,ball,R,R,BOS,BAL,87.70,,,0,1,2023,2023-03
2023-03-30,2023,R,446372,669720,SI,Sinker,,called_strike,R,R,BOS,BAL,87.10,,,0,0,2023,2023-03
2023-03-30,2023,R,446372,683002,SI,Sinker,walk,ball,L,R,BOS,BAL,87.20,,,3,1,2023,2023-03
2023-03-30,2023,R,446372,683002,CU,Curveball,,ball,L,R,BOS,BAL,80.30,,,2,1,2023,2023-03
2023-03-30,2023,R,446372,683002,CH,Changeup,,ball,L,R,BOS,BAL,82.00,,,1,1,2023,2023-03
2023-03-30,2023,R,446372,683002,SI,Sinker,,ball,L,R,BOS,BAL,87.60,,,0,1,2023,2023-03
2023-03-30,2023,R,446372,683002,CU,Curveball,,swinging_strike,L,R,BOS,BAL,79.10,,,0,0,2023,2023-03
2023-03-30,2023,R,446372,683002,SI,Sinker,walk,ball,L,R,BOS,BAL,87.50,,,3,1,2023,2023-03
2023-03-30,2023,R,446372,683002,SI,Sinker,,swinging_strike,L,R,BOS,BAL,87.70,,,3,0,2023,2023-03
2023-03-30,2023,R,446372,683002,CU,Curveball,,blocked_ball,L,R,BOS,BAL,78.60,,,2,0,2023,2023-03
2023-03-30,2023,R,446372,683002,CU,Curveball,,ball,L,R,BOS,BAL,79.10,,,1,0,2023,2023-03
2023-03-30,2023,R,446372,683002,SI,Sinker,,ball,L,R,BOS,BAL,87.90,,,0,0,2023,2023-03
2023-03-30,2023,R,453286,516416,FC,Cutter,strikeout,swinging_strike,R,R,MIA,NYM,87.20,,,1,2,2023,2023-03
2023-03-30,2023,R,453286,516416,SL,Slider,,foul,R,R,MIA,NYM,82.10,75.60,53,1,2,2023,2023-03
2023-03-30,2023,R,453286,516416,FF,4-Seam Fastball,,swinging_strike,R,R,MIA,NYM,92.60,,,1,1,2023,2023-03
2023-03-30,2023,R,453286,516416,FF,4-Seam Fastball,,ball,R,R,MIA,NYM,91.00,,,0,1,2023,2023-03
2023-03-30,2023,R,453286,516416,SL,Slider,,foul,R,R,MIA,NYM,83.30,50.70,-26,0,0,2023,2023-03
2023-03-30,2023,R,453286,516416,FF,4-Seam Fastball,walk,ball,R,R,MIA,NYM,94.40,,,3,2,2023,2023-03
2023-03-30,2023,R,453286,516416,CH,Changeup,,foul,R,R,MIA,NYM,81.90,63.00,20,3,2,2023,2023-03
2023-03-30,2023,R,453286,516416,SL,Slider,,called_strike,R,R,MIA,NYM,83.20,,,3,1,2023,2023-03
2023-03-30,2023,R,453286,516416,FF,4-Seam Fastball,,ball,R,R,MIA,NYM,93.70,,,2,1,2023,2023-03
2023-03-30,2023,R,453286,516416,FF,4-Seam Fastball,,ball,R,R,MIA,NYM,93.60,,,1,1,2023,2023-03
2023-03-30,2023,R,453286,516416,FF,4-Seam Fastball,,ball,R,R,MIA,NYM,92.90,,,0,1,2023,2023-03
2023-03-30,2023,R,453286,516416,CU,Curveball,,foul,R,R,MIA,NYM,74.90,,,0,0,2023,2023-03
2023-03-30,2023,R,453286,516416,SL,Slider,grounded_into_double_play,hit_into_play,R,R,MIA,NYM,85.20,75.50,-6,1,1,2023,2023-03
2023-03-30,2023,R,453286,516416,SL,Slider,,blocked_ball,R,R,MIA,NYM,84.20,,,0,1,2023,2023-03
2023-03-30,2023,R,453286,516416,FF,4-Seam Fastball,,foul,R,R,MIA,NYM,92.70,,,0,0,2023,2023-03
2023-03-30,2023,R,453286,541645,CH,Changeup,walk,ball,R,R,MIA,NYM,85.00,,,3,2,2023,2023-03
2023-03-30,2023,R,453286,541645,FF,4-Seam Fastball,,foul,R,R,MIA,NYM,94.30,71.30,41,3,2,2023,2023-03
2023-03-30,2023,R,453286,541645,SL,Slider,,foul,R,R,MIA,NYM,83.90,71.00,-19,3,2,2023,2023-03
2023-03-30,2023,R,453286,541645,SL,Slider,,ball,R,R,MIA,NYM,84.70,,,2,2,2023,2023-03
2023-03-30,2023,R,453286,541645,CH,Changeup,,ball,R,R,MIA,NYM,83.40,,,1,2,2023,2023-03
2023-03-30,2023,R,453286,541645,CH,Changeup,,ball,R,R,MIA,NYM,83.80,,,0,2,2023,2023-03
2023-03-30,2023,R,453286,541645,FF,4-Seam Fastball,,called_strike,R,R,MIA,NYM,92.60,,,0,1,2023,2023-03
2023-03-30,2023,R,453286,541645,SL,Slider,,swinging_strike,R,R,MIA,NYM,83.30,,,0,0,2023,2023-03
2023-03-30,2023,R,453286,541645,SL,Slider,field_out,hit_into_play,R,R,MIA,NYM,84.60,88.70,66,0,1,2023,2023-03
2023-03-30,2023,R,453286,541645,FF,4-Seam Fastball,,foul,R,R,MIA,NYM,94.00,78.30,42,0,0,2023,2023-03
2023-03-30,2023,R,453286,607732,FF,4-Seam Fastball,double,hit_into_play,R,R,MIA,NYM,93.30,106.10,19,3,2,2023,2023-03
2023-03-30,2023,R,453286,607732,CU,Curveball,,ball,R,R,MIA,NYM,73.10,,,2,2,2023,2023-03
2023-03-30,2023,R,453286,607732,FF,4-Seam Fastball,,ball,R,R,MIA,NYM,92.60,,,1,2,2023,2023-03
2023-03-30,2023,R,453286,607732,SL,Slider,,foul,R,R,MIA,NYM,83.70,,,1,2,2023,2023-03
2023-03-30,2023,R,453286,607732,SL,Slider,,swinging_strike,R,R,MIA,NYM,82.90,,,1,1,2023,2023-03
2023-03-30,2023,R,453286,607732,FF,4-Seam Fastball,,called_strike,R,R,MIA,NYM,92.20,,,1,0,2023,2023-03
2023-03-30,2023,R,453286,607732,FF,4-Seam Fastball,,ball,R,R,MIA,NYM,91.80,,,0,0,2023,2023-03
2023-03-30,2023,R,453286,607732,FF,4-Seam Fastball,strikeout,swinging_strike,R,R,MIA,NYM,94.20,,,1,2,2023,2023-03
2023-03-30,2023,R,453286,607732,FF,4-Seam Fastball,,ball,R,R,MIA,NYM,94.10,,,0,2,2023,2023-03
2023-03-30,2023,R,453286,607732,CU,Curveball,,called_strike,R,R,MIA,NYM,74.30,,,0,1,2023,2023-03
2023-03-30,2023,R,453286,607732,FF,4-Seam Fastball,,foul,R,R,MIA,NYM,93.40,76.80,9,0,0,2023,2023-03
2023-03-30,2023,R,453286,621563,CH,Changeup,field_out,hit_into_play,L,R,MIA,NYM,82.00,77.70,69,0,0,2023,2023-03
2023-03-30,2023,R,453286,621563,FF,4-Seam Fastball,field_out,hit_into_play,L,R,MIA,NYM,93.10,94.70,-18,1,1,2023,2023-03
2023-03-30,2023,R,453286,621563,FF,4-Seam Fastball,,ball,L,R,MIA,NYM,93.50,,,0,1,2023,2023-03
2023-03-30,2023,R,453286,621563,FF,4-Seam Fastball,,called_strike,L,R,MIA,NYM,93.30,,,0,0,2023,2023-03
2023-03-30,2023,R,453286,624585,CH,Changeup,field_out,hit_into_play,R,R,MIA,NYM,82.80,94.80,32,0,2,2023,2023-03
2023-03-30,2023,R,453286,624585,FF,4-Seam Fastball,,called_strike,R,R,MIA,NYM,93.60,,,0,1,2023,2023-03
2023-03-30,2023,R,453286,624585,FF,4-Seam Fastball,,called_strike,R,R,MIA,NYM,93.10,,,0,0,2023,2023-03
2023-03-30,2023,R,453286,624585,SL,Slider,strikeout,swinging_strike,R,R,MIA,NYM,85.20,,,2,2,2023,2023-03
2023-03-30,2023,R,453286,624585,SL,Slider,,ball,R,R,MIA,NYM,85.50,,,1,2,2023,2023-03
2023-03-30,2023,R,453286,624585,FF,4-Seam Fastball,,swinging_strike,R,R,MIA,NYM,93.80,,,1,1,2023,2023-03
2023-03-30,2023,R,453286,624585,FF,4-Seam Fastball,,ball,R,R,MIA,NYM,93.30,,,0,1,2023,2023-03
2023-03-30,2023,R,453286,624585,SL,Slider,,called_strike,R,R,MIA,NYM,84.30,,,0,0,2023,2023-03
2023-03-30,2023,R,453286,643265,FF,4-Seam Fastball,home_run,hit_into_play,R,R,MIA,NYM,92.50,106.90,26,0,1,2023,2023-03
2023-03-30,2023,R,453286,643265,FF,4-Seam Fastball,,foul,R,R,MIA,NYM,93.40,76.60,48,0,0,2023,2023-03
2023-03-30,2023,R,453286,643265,FF,4-Seam Fastball,grounded_into_double_play,hit_into_play,R,R,MIA,NYM,92.80,99.00,-16,1,2,2023,2023-03
2023-03-30,2023,R,453286,643265,SL,Slider,,foul,R,R,MIA,NYM,83.30,66.70,-36,1,2,2023,2023-03
2023-03-30,2023,R,453286,643265,CH,Changeup,,foul,R,R,MIA,NYM,83.40,77.70,-23,1,2,2023,2023-03
2023-03-30,2023,R,453286,643265,FF,4-Seam Fastball,,foul,R,R,MIA,NYM,93.30,74.30,59,1,2,2023,2023-03
2023-03-30,2023,R,453286,643265,SL,Slider,,foul,R,R,MIA,NYM,84.00,74.90,6,1,2,2023,2023-03
2023-03-30,2023,R,453286,643265,FF,4-Seam Fastball,,foul,R,R,MIA,NYM,94.00,68.30,43,1,2,2023,2023-03
2023-03-30,2023,R,453286,643265,FF,4-Seam Fastball,,foul,R,R,MIA,NYM,92.90,83.70,51,1,1,2023,2023-03
2023-03-30,2023,R,453286,643265,SL,Slider,,ball,R,R,MIA,NYM,82.60,,,0,1,2023,2023-03
2023-03-30,2023,R,453286,643265,SL,Slider,,called_strike,R,R,MIA,NYM,83.80,,,0,0,2023,2023-03
2023-03-30,2023,R,453286,643265,SL,Slider,strikeout,swinging_strike,R,R,MIA,NYM,83.90,,,1,2,2023,2023-03
2023-03-30,2023,R,453286,643265,SL,Slider,,foul,R,R,MIA,NYM,84.10,60.80,46,1,2,2023,2023-03
2023-03-30,2023,R,453286,643265,FF,4-Seam Fastball,,ball,R,R,MIA,NYM,93.80,,,0,2,2023,2023-03
2023-03-30,2023,R,453286,643265,SL,Slider,,foul,R,R,MIA,NYM,85.60,77.40,54,0,1,2023,2023-03
2023-03-30,2023,R,453286,643265,FF,4-Seam Fastball,,swinging_strike,R,R,MIA,NYM,93.70,,,0,0,2023,2023-03
2023-03-30,2023,R,453286,650333,FF,4-Seam Fastball,double,hit_into_play,L,R,MIA,NYM,93.00,96.50,20,0,1,2023,2023-03
2023-03-30,2023,R,453286,650333,CU,Curveball,,called_strike,L,R,MIA,NYM,73.50,,,0,0,2023,2023-03
2023-03-30,2023,R,453286,650333,FF,4-Seam Fastball,field_out,hit_into_play,L,R,MIA,NYM,92.10,93.20,-1,1,1,2023,2023-03
2023-03-30,2023,R,453286,650333,CU,Curveball,,ball,L,R,MIA,NYM,74.50,,,0,1,2023,2023-03
2023-03-30,2023,R,453286,650333,FF,4-Seam Fastball,,called_strike,L,R,MIA,NYM,92.30,,,0,0,2023,2023-03
2023-03-30,2023,R,453286,650333,FF,4-Seam Fastball,single,hit_into_play,L,R,MIA,NYM,93.20,81.20,11,1,0,2023,2023-03
2023-03-30,2023,R,453286,650333,FF,4-Seam Fastball,,ball,L,R,MIA,NYM,92.00,,,0,0,2023,2023-03
2023-03-30,2023,R,453286,650559,FF,4-Seam Fastball,field_out,hit_into_play,R,R,MIA,NYM,92.60,86.40,62,2,2,2023,2023-03
2023-03-30,2023,R,453286,650559,SL,Slider,,foul,R,R,MIA,NYM,83.50,103.20,17,2,1,2023,2023-03
2023-03-30,2023,R,453286,650559,SL,Slider,,ball,R,R,MIA,NYM,83.10,,,1,1,2023,2023-03
2023-03-30,2023,R,453286,650559,FF,4-Seam Fastball,,ball,R,R,MIA,NYM,92.60,,,0,1,2023,2023-03
2023-03-30,2023,R,453286,650559,SL,Slider,,swinging_strike,R,R,MIA,NYM,83.90,,,0,0,2023,2023-03
2023-03-30,2023,R,453286,650559,SL,Slider,strikeout,swinging_strike,R,R,MIA,NYM,83.60,,,1,2,2023,2023-03
2023-03-30,2023,R,453286,650559,CU,Curveball,,ball,R,R,MIA,NYM,74.10,,,0,2,2023,2023-03
2023-03-30,2023,R,453286,650559,FF,4-Seam Fastball,,foul,R,R,MIA,NYM,92.80,88.50,51,0,1,2023,2023-03
2023-03-30,2023,R,453286,650559,SL,Slider,,called_strike,R,R,MIA,NYM,82.70,,,0,0,2023,2023-03
2023-03-30,2023,R,453286,665862,FC,Cutter,strikeout,called_strike,L,R,MIA,NYM,86.70,,,2,2,2023,2023-03
2023-03-30,2023,R,453286,665862,FF,4-Seam Fastball,,swinging_strike,L,R,MIA,NYM,93.70,,,2,1,2023,2023-03
2023-03-30,2023,R,453286,665862,CU,Curveball,,called_strike,L,R,MIA,NYM,74.60,,,2,0,2023,2023-03
2023-03-30,2023,R,453286,665862,FC,Cutter,,ball,L,R,MIA,NYM,86.80,,,1,0,2023,2023-03
2023-03-30,2023,R,453286,665862,CH,Changeup,,ball,L,R,MIA,NYM,81.70,,,0,0,2023,2023-03
2023-03-30,2023,R,453286,665862,CU,Curveball,field_out,hit_into_play,L,R,MIA,NYM,75.00,89.10,42,0,0,2023,2023-03
2023-03-30,2023,R,453286,665862,CH,Changeup,field_out,hit_into_play,L,R,MIA,NYM,82.90,86.40,-25,2,2,2023,2023-03
2023-03-30,2023,R,453286,665862,CH,Changeup,,ball,L,R,MIA,NYM,83.00,,,1,2,2023,2023-03
2023-03-30,2023,R,453286,665862,FF,4-Seam Fastball,,foul,L,R,MIA,NYM,93.40,82.10,59,1,1,2023,2023-03
2023-03-30,2023,R,453286,665862,FC,Cutter,,swinging_strike,L,R,MIA,NYM,87.80,,,1,0,2023,2023-03
2023-03-30,2023,R,453286,665862,FF,4-Seam Fastball,,ball,L,R,MIA,NYM,92.60,,,0,0,2023,2023-03
2023-03-30,2023,R,455119,622761,FC,Cutter,walk,ball,R,R,BOS,BAL,91.30,,,3,1,2023,2023-03
2023-03-30,2023,R,455119,622761,FF,4-Seam Fastball,,called_strike,R,R,BOS,BAL,92.80,,,3,0,2023,2023-03
2023-03-30,2023,R,455119,622761,ST,Sweeper,,ball,R,R,BOS,BAL,81.80,,,2,0,2023,2023-03
2023-03-30,2023,R,455119,622761,ST,Sweeper,,ball,R,R,BOS,BAL,82.70,,,1,0,2023,2023-03
2023-03-30,2023,R,455119,622761,,,,automatic_ball,R,R,BOS,BAL,,,,0,0,2023,2023-03
2023-03-30,2023,R,455119,623993,FS,Split-Finger,single,hit_into_play,L,R,BOS,BAL,87.50,104.20,13,0,1,2023,2023-03
2023-03-30,2023,R,455119,623993,ST,Sweeper,,called_strike,L,R,BOS,BAL,82.70,,,0,0,2023,2023-03
2023-03-30,2023,R,455119,656775,ST,Sweeper,double_play,hit_into_play,L,R,BOS,BAL,83.40,95.50,10,0,2,2023,2023-03
2023-03-30,2023,R,455119,656775,FF,4-Seam Fastball,,foul,L,R,BOS,BAL,94.30,70.50,30,0,2,2023,2023-03
2023-03-30,2023,R,455119,656775,FS,Split-Finger,,foul,L,R,BOS,BAL,85.70,85.70,-8,0,1,2023,2023-03
2023-03-30,2023,R,455119,656775,FC,Cutter,,called_strike,L,R,BOS,BAL,90.00,,,0,0,2023,2023-03
2023-03-30,2023,R,455119,663624,FF,4-Seam Fastball,field_out,hit_into_play,R,R,BOS,BAL,94.00,106.30,17,0,2,2023,2023-03
2023-03-30,2023,R,455119,663624,FC,Cutter,,called_strike,R,R,BOS,BAL,91.80,,,0,1,2023,2023-03
2023-03-30,2023,R,455119,663624,FC,Cutter,,called_strike,R,R,BOS,BAL,92.30,,,0,0,2023,2023-03
2023-03-30,2023,R,455119,668939,FF,4-Seam Fastball,single,hit_into_play,L,R,BOS,BAL,94.70,64.20,-23,0,1,2023,2023-03
2023-03-30,2023,R,455119,668939,SI,Sinker,,called_strike,L,R,BOS,BAL,94.90,,,0,0,2023,2023-03
2023-03-30,2023,R,476595,645302,FC,Cutter,single,hit_into_play,R,L,WSH,ATL,87.30,102.40,-1,0,1,2023,2023-03
2023-03-30,2023,R,476595,645302,ST,Sweeper,,called_strike,R,L,WSH,ATL,76.20,,,0,0,2023,2023-03
2023-03-30,2023,R,476595,660688,FC,Cutter,single,hit_into_play,R,L,WSH,ATL,85.10,97.50,-4,2,0,2023,2023-03
2023-03-30,2023,R,476595,660688,FC,Cutter,,ball,R,L,WSH,ATL,87.30,,,1,0,2023,2023-03
2023-03-30,2023,R,476595,660688,ST,Sweeper,,ball,R,L,WSH,ATL,76.10,,,0,0,2023,2023-03
2023-03-30,2023,R,476595,669743,ST,Sweeper,force_out,hit_into_play,R,L,WSH,ATL,77.60,84.40,-5,2,2,2023,2023-03
2023-03-30,2023,R,476595,669743,FC,Cutter,,swinging_strike,R,L,WSH,ATL,87.80,,,2,1,2023,2023-03
2023-03-30,2023,R,476595,669743,FC,Cutter,,ball,R,L,WSH,ATL,87.00,,,1,1,2023,2023-03
2023-03-30,2023,R,476595,669743,FC,Cutter,,foul,R,L,WSH,ATL,88.10,70.20,19,1,0,2023,2023-03
2023-03-30,2023,R,476595,669743,FC,Cutter,,ball,R,L,WSH,ATL,87.40,,,0,0,2023,2023-03
2023-03-30,2023,R,476595,671277,FC,Cutter,field_out,hit_into_play,L,L,WSH,ATL,86.40,97.90,-13,0,0,2023,2023-03
2023-03-30,2023,R,476595,682928,ST,Sweeper,field_out,hit_into_play,L,L,WSH,ATL,76.80,75.80,-17,0,2,2023,2023-03
2023-03-30,2023,R,476595,682928,FC,Cutter,,foul,L,L,WSH,ATL,86.40,68.90,50,0,2,2023,2023-03
2023-03-30,2023,R,476595,682928,ST,Sweeper,,foul,L,L,WSH,ATL,74.80,90.40,-29,0,2,2023,2023-03
2023-03-30,2023,R,476595,682928,ST,Sweeper,,foul,L,L,WSH,ATL,78.20,53.20,-29,0,2,2023,2023-03
2023-03-30,2023,R,476595,682928,ST,Sweeper,,called_strike,L,L,WSH,ATL,76.60,,,0,1,2023,2023-03
2023-03-30,2023,R,476595,682928,FC,Cutter,,swinging_strike,L,L,WSH,ATL,85.90,,,0,0,2023,2023-03
2023-03-30,2023,R,502043,457759,SI,Sinker,single,hit_into_play,R,R,BOS,BAL,90.50,78.80,24,0,0,2023,2023-03
2023-03-30,2023,R,502043,457759,SI,Sinker,field_out,hit_into_play,R,R,BOS,BAL,90.40,95.30,-29,0,1,2023,2023-03
2023-03-30,2023,R,502043,457759,SI,Sinker,,called_strike,R,R,BOS,BAL,89.80,,,0,0,2023,2023-03
2023-03-30,2023,R,502043,457759,SI,Sinker,strikeout,called_strike,R,R,BOS,BAL,92.00,,,3,2,2023,2023-03
2023-03-30,2023,R,502043,457759,SI,Sinker,,ball,R,R,BOS,BAL,93.10,,,2,2,2023,2023-03
2023-03-30,2023,R,502043,457759,ST,Sweeper,,foul,R,R,BOS,BAL,79.10,71.10,84,2,1,2023,2023-03
2023-03-30,2023,R,502043,457759,SI,Sinker,,foul,R,R,BOS,BAL,92.80,,,2,0,2023,2023-03
2023-03-30,2023,R,502043,457759,ST,Sweeper,,ball,R,R,BOS,BAL,82.30,,,1,0,2023,2023-03
2023-03-30,2023,R,502043,457759,ST,Sweeper,,ball,R,R,BOS,BAL,79.80,,,0,0,2023,2023-03
2023-03-30,2023,R,502043,571771,SI,Sinker,force_out,hit_into_play,R,R,BOS,BAL,91.10,87.00,-7,0,1,2023,2023-03
2023-03-30,2023,R,502043,571771,SI,Sinker,,called_strike,R,R,BOS,BAL,90.90,,,0,0,2023,2023-03
2023-03-30,2023,R,502043,571771,CH,Changeup,strikeout,swinging_strike,R,R,BOS,BAL,84.60,,,2,2,2023,2023-03
2023-03-30,2023,R,502043,571771,ST,Sweeper,,swinging_strike,R,R,BOS,BAL,81.60,,,2,1,2023,2023-03
2023-03-30,2023,R,502043,571771,FC,Cutter,,called_strike,R,R,BOS,BAL,88.10,,,2,0,2023,2023-03
2023-03-30,2023,R,502043,571771,SI,Sinker,,ball,R,R,BOS,BAL,90.40,,,1,0,2023,2023-03
2023-03-30,2023,R,502043,571771,FC,Cutter,,ball,R,R,BOS,BAL,88.10,,,0,0,2023,2023-03
2023-03-30,2023,R,502043,594807,ST,Sweeper,single,hit_into_play,R,R,BOS,BAL,80.30,108.60,21,0,2,2023,2023-03
2023-03-30,2023,R,502043,594807,ST,Sweeper,,foul,R,R,BOS,BAL,80.60,39.10,-28,0,1,2023,2023-03
2023-03-30,2023,R,502043,594807,ST,Sweeper,,called_strike,R,R,BOS,BAL,81.20,,,0,0,2023,2023-03
2023-03-30,2023,R,502043,594807,ST,Sweeper,field_out,hit_into_play,R,R,BOS,BAL,79.70,81.10,63,2,1,2023,2023-03
2023-03-30,2023,R,502043,594807,ST,Sweeper,,ball,R,R,BOS,BAL,81.00,,,1,1,2023,2023-03
2023-03-30,2023,R,502043,594807,FC,Cutter,,ball,R,R,BOS,BAL,87.30,,,0,1,2023,2023-03
2023-03-30,2023,R,502043,594807,FF,4-Seam Fastball,,called_strike,R,R,BOS,BAL,91.10,,,0,0,2023,2023-03
2023-03-30,2023,R,502043,624414,SI,Sinker,grounded_into_double_play,hit_into_play,R,R,BOS,BAL,91.80,93.00,5,0,1,2023,2023-03
2023-03-30,2023,R,502043,624414,ST,Sweeper,,swinging_strike,R,R,BOS,BAL,81.70,,,0,0,2023,2023-03
2023-03-30,2023,R,502043,624414,ST,Sweeper,field_out,hit_into_play,R,R,BOS,BAL,82.20,74.10,-8,1,2,2023,2023-03
2023-03-30,2023,R,502043,624414,ST,Sweeper,,foul,R,R,BOS,BAL,81.50,65.10,64,1,2,2023,2023-03
2023-03-30,2023,R,502043,624414,ST,Sweeper,,ball,R,R,BOS,BAL,82.10,,,0,2,2023,2023-03
2023-03-30,2023,R,502043,624414,ST,Sweeper,,foul,R,R,BOS,BAL,81.80,67.20,54,0,2,2023,2023-03
2023-03-30,2023,R,502043,624414,ST,Sweeper,,swinging_strike,R,R,BOS,BAL,82.20,,,0,1,2023,2023-03
2023-03-30,2023,R,502043,624414,FC,Cutter,,called_strike,R,R,BOS,BAL,89.90,,,0,0,2023,2023-03
2023-03-30,2023,R,502043,624512,SI,Sinker,single,hit_into_play,L,R,BOS,BAL,89.70,81.80,10,1,2,2023,2023-03
2023-03-30,2023,R,502043,624512,CH,Changeup,,foul,L,R,BOS,BAL,82.60,64.50,-49,1,2,2023,2023-03
2023-03-30,2023,R,502043,624512,FC,Cutter,,foul,L,R,BOS,BAL,87.40,98.80,-7,1,1,2023,2023-03
2023-03-30,2023,R,502043,624512,FF,4-Seam Fastball,,called_strike,L,R,BOS,BAL,89.30,,,1,0,2023,2023-03
2023-03-30,2023,R,502043,624512,FC,Cutter,,ball,L,R,BOS,BAL,87.00,,,0,0,2023,2023-03
2023-03-30,2023,R,502043,624512,FC,Cutter,field_out,hit_into_play,L,R,BOS,BAL,87.70,80.20,45,0,0,2023,2023-03
2023-03-30,2023,R,502043,646240,CU,Curveball,single,hit_into_play,L,R,BOS,BAL,78.20,89.90,17,1,2,2023,2023-03
2023-03-30,2023,R,502043,646240,CU,Curveball,,ball,L,R,BOS,BAL,80.00,,,0,2,2023,2023-03
2023-03-30,2023,R,502043,646240,FC,Cutter,,foul,L,R,BOS,BAL,88.90,66.90,28,0,1,2023,2023-03
2023-03-30,2023,R,502043,646240,FF,4-Seam Fastball,,called_strike,L,R,BOS,BAL,89.00,,,0,0,2023,2023-03
2023-03-30,2023,R,502043,646240,CH,Changeup,double,hit_into_play,L,R,BOS,BAL,82.10,106.10,17,0,1,2023,2023-03
2023-03-30,2023,R,502043,646240,FF,4-Seam Fastball,,called_strike,L,R,BOS,BAL,89.40,,,0,0,2023,2023-03
2023-03-30,2023,R,502043,646240,CH,Changeup,field_out,hit_into_play,L,R,BOS,BAL,83.30,84.30,-10,1,1,2023,2023-03
2023-03-30,2023,R,502043,646240,CH,Changeup,,ball,L,R,BOS,BAL,83.60,,,0,1,2023,2023-03
2023-03-30,2023,R,502043,646240,CU,Curveball,,foul,L,R,BOS,BAL,78.50,,,0,0,2023,2023-03
2023-03-30,2023,R,502043,657077,SI,Sinker,grounded_into_double_play,hit_into_play,L,R,BOS,BAL,90.40,104.00,-9,3,2,2023,2023-03
2023-03-30,2023,R,502043,657077,SI,Sinker,,ball,L,R,BOS,BAL,90.80,,,2,2,2023,2023-03
2023-03-30,2023,R,502043,657077,SI,Sinker,,ball,L,R,BOS,BAL,92.00,,,1,2,2023,2023-03
2023-03-30,2023,R,502043,657077,CH,Changeup,,foul,L,R,BOS,BAL,83.20,67.50,-20,1,2,2023,2023-03
2023-03-30,2023,R,502043,657077,SI,Sinker,,called_strike,L,R,BOS,BAL,89.40,,,1,1,2023,2023-03
2023-03-30,2023,R,502043,657077,FF,4-Seam Fastball,,ball,L,R,BOS,BAL,91.30,,,0,1,2023,2023-03
2023-03-30,2023,R,502043,657077,CH,Changeup,,foul,L,R,BOS,BAL,82.70,72.30,61,0,0,2023,2023-03
2023-03-30,2023,R,502043,657077,CH,Changeup,field_out,hit_into_play,L,R,BOS,BAL,84.20,85.50,-3,1,1,2023,2023-03
2023-03-30,2023,R,502043,657077,FF,4-Seam Fastball,,ball,L,R,BOS,BAL,91.60,,,0,1,2023,2023-03
2023-03-30,2023,R,502043,657077,CU,Curveball,,called_strike,L,R,BOS,BAL,80.10,,,0,0,2023,2023-03
2023-03-30,2023,R,502043,657077,FF,4-Seam Fastball,triple,hit_into_play,L,R,BOS,BAL,92.10,104.00,25,1,0,2023,2023-03
2023-03-30,2023,R,502043,657077,SI,Sinker,,ball,L,R,BOS,BAL,91.20,,,0,0,2023,2023-03
2023-03-30,2023,R,502043,671213,FF,4-Seam Fastball,walk,ball,L,R,BOS,BAL,92.20,,,3,0,2023,2023-03
2023-03-30,2023,R,502043,671213,FC,Cutter,,ball,L,R,BOS,BAL,88.00,,,2,0,2023,2023-03
2023-03-30,2023,R,502043,671213,CH,Changeup,,blocked_ball,L,R,BOS,BAL,81.60,,,1,0,2023,2023-03
2023-03-30,2023,R,502043,671213,CU,Curveball,,blocked_ball,L,R,BOS,BAL,78.30,,,0,0,2023,2023-03
2023-03-30,2023,R,502043,671213,CH,Changeup,strikeout,called_strike,L,R,BOS,BAL,84.80,,,3,2,2023,2023-03
2023-03-30,2023,R,502043,671213,FC,Cutter,,foul,L,R,BOS,BAL,89.40,68.50,-27,3,2,2023,2023-03
2023-03-30,2023,R,502043,671213,FC,Cutter,,foul,L,R,BOS,BAL,90.00,63.10,-27,3,2,2023,2023-03
2023-03-30,2023,R,502043,671213,FC,Cutter,,swinging_strike,L,R,BOS,BAL,88.80,,,3,1,2023,2023-03
2023-03-30,2023,R,502043,671213,CH,Changeup,,ball,L,R,BOS,BAL,84.70,,,2,1,2023,2023-03
2023-03-30,2023,R,502043,671213,CH,Changeup,,ball,L,R,BOS,BAL,84.70,,,1,1,2023,2023-03
2023-03-30,2023,R,502043,671213,FC,Cutter,,ball,L,R,BOS,BAL,89.60,,,0,1,2023,2023-03
2023-03-30,2023,R,502043,671213,FF,4-Seam Fastball,,called_strike,L,R,BOS,BAL,92.80,,,0,0,2023,2023-03
2023-03-30,2023,R,502043,807799,FC,Cutter,hit_by_pitch,hit_by_pitch,L,R,BOS,BAL,88.70,,,0,1,2023,2023-03
2023-03-30,2023,R,502043,807799,CH,Changeup,,called_strike,L,R,BOS,BAL,83.10,,,0,0,2023,2023-03
2023-03-30,2023,R,502043,807799,CH,Changeup,field_out,hit_into_play,L,R,BOS,BAL,84.20,108.40,-15,2,2,2023,2023-03
2023-03-30,2023,R,502043,807799,FC,Cutter,,foul,L,R,BOS,BAL,90.10,67.20,28,2,2,2023,2023-03
2023-03-30,2023,R,502043,807799,FC,Cutter,,foul,L,R,BOS,BAL,89.20,57.90,34,2,2,2023,2023-03
2023-03-30,2023,R,502043,807799,CH,Changeup,,foul,L,R,BOS,BAL,84.70,75.70,-74,2,1,2023,2023-03
2023-03-30,2023,R,502043,807799,CH,Changeup,,ball,L,R,BOS,BAL,85.60,,,1,1,2023,2023-03
2023-03-30,2023,R,502043,807799,FC,Cutter,,swinging_strike,L,R,BOS,BAL,88.10,,,1,0,2023,2023-03
2023-03-30,2023,R,502043,807799,FF,4-Seam Fastball,,ball,L,R,BOS,BAL,93.10,,,0,0,2023,2023-03
2023-03-30,2023,R,502085,624585,FC,Cutter,field_out,hit_into_play,R,R,MIA,NYM,93.20,94.70,47,3,1,2023,2023-03
2023-03-30,2023,R,502085,624585,FC,Cutter,,called_strike,R,R,MIA,NYM,92.80,,,3,0,2023,2023-03
2023-03-30,2023,R,502085,624585,FC,Cutter,,ball,R,R,MIA,NYM,92.50,,,2,0,2023,2023-03
2023-03-30,2023,R,502085,624585,FC,Cutter,,ball,R,R,MIA,NYM,89.20,,,1,0,2023,2023-03
2023-03-30,2023,R,502085,624585,SL,Slider,,ball,R,R,MIA,NYM,82.50,,,0,0,2023,2023-03
2023-03-30,2023,R,502085,643265,KC,Knuckle Curve,strikeout,swinging_strike_blocked,R,R,MIA,NYM,86.30,,,2,2,2023,2023-03
2023-03-30,2023,R,502085,643265,SL,Slider,,foul,R,R,MIA,NYM,84.40,98.50,26,2,1,2023,2023-03
2023-03-30,2023,R,502085,643265,KC,Knuckle Curve,,ball,R,R,MIA,NYM,84.80,,,1,1,2023,2023-03
2023-03-30,2023,R,502085,643265,SL,Slider,,ball,R,R,MIA,NYM,85.30,,,0,1,2023,2023-03
2023-03-30,2023,R,502085,643265,SL,Slider,,swinging_strike,R,R,MIA,NYM,86.10,,,0,0,2023,2023-03
2023-03-30,2023,R,502085,665862,KC,Knuckle Curve,strikeout,swinging_strike,L,R,MIA,NYM,86.50,,,2,2,2023,2023-03
2023-03-30,2023,R,502085,665862,FC,Cutter,,foul,L,R,MIA,NYM,94.30,80.60,59,2,2,2023,2023-03
2023-03-30,2023,R,502085,665862,KC,Knuckle Curve,,called_strike,L,R,MIA,NYM,84.70,,,2,1,2023,2023-03
2023-03-30,2023,R,502085,665862,FC,Cutter,,ball,L,R,MIA,NYM,93.60,,,1,1,2023,2023-03
2023-03-30,2023,R,502085,665862,FC,Cutter,,foul,L,R,MIA,NYM,94.10,81.10,12,1,0,2023,2023-03
2023-03-30,2023,R,502085,665862,SI,Sinker,,ball,L,R,MIA,NYM,93.80,,,0,0,2023,2023-03
2023-03-30,2023,R,502202,592885,FF,4-Seam Fastball,walk,ball,L,R,CHC,MIL,92.50,,,3,1,2023,2023-03
2023-03-30,2023,R,502202,592885,FF,4-Seam Fastball,,ball,L,R,CHC,MIL,90.80,,,2,1,2023,2023-03
2023-03-30,2023,R,502202,592885,CH,Changeup,,ball,L,R,CHC,MIL,81.60,,,1,1,2023,2023-03
2023-03-30,2023,R,502202,592885,FF,4-Seam Fastball,,called_strike,L,R,CHC,MIL,92.00,,,1,0,2023,2023-03
2023-03-30,2023,R,502202,592885,FF,4-Seam Fastball,,ball,L,R,CHC,MIL,92.10,,,0,0,2023,2023-03
2023-03-30,2023,R,502202,608385,SL,Slider,strikeout,swinging_strike,L,R,CHC,MIL,87.90,,,3,2,2023,2023-03
2023-03-30,2023,R,502202,608385,FF,4-Seam Fastball,,ball,L,R,CHC,MIL,92.40,,,2,2,2023,2023-03
2023-03-30,2023,R,502202,608385,FF,4-Seam Fastball,,foul,L,R,CHC,MIL,93.20,79.30,51,2,2,2023,2023-03
2023-03-30,2023,R,502202,608385,SL,Slider,,foul,L,R,CHC,MIL,86.70,59.40,47,2,2,2023,2023-03
2023-03-30,2023,R,502202,608385,FF,4-Seam Fastball,,ball,L,R,CHC,MIL,93.50,,,1,2,2023,2023-03
2023-03-30,2023,R,502202,608385,SL,Slider,,swinging_strike,L,R,CHC,MIL,87.70,,,1,1,2023,2023-03
2023-03-30,2023,R,502202,608385,SL,Slider,,ball,L,R,CHC,MIL,88.00,,,0,1,2023,2023-03
2023-03-30,2023,R,502202,608385,FF,4-Seam Fastball,,called_strike,L,R,CHC,MIL,92.20,,,0,0,2023,2023-03
2023-03-30,2023,R,502202,642715,SL,Slider,grounded_into_double_play,hit_into_play,R,R,CHC,MIL,86.90,91.30,-12,0,0,2023,2023-03
2023-03-30,2023,R,518489,602104,SI,Sinker,hit_by_pitch,hit_by_pitch,R,R,BOS,BAL,94.00,,,3,1,2023,2023-03
2023-03-30,2023,R,518489,602104,FF,4-Seam Fastball,,called_strike,R,R,BOS,BAL,94.80,,,3,0,2023,2023-03
2023-03-30,2023,R,518489,602104,FF,4-Seam Fastball,,ball,R,R,BOS,BAL,94.60,,,2,0,2023,2023-03
2023-03-30,2023,R,518489,602104,FF,4-Seam Fastball,,ball,R,R,BOS,BAL,94.80,,,1,0,2023,2023-03
2023-03-30,2023,R,518489,602104,FF,4-Seam Fastball,,ball,R,R,BOS,BAL,93.70,,,0,0,2023,2023-03
2023-03-30,2023,R,518489,622761,SI,Sinker,single,hit_into_play,R,R,BOS,BAL,93.50,101.70,3,2,1,2023,2023-03
2023-03-30,2023,R,518489,622761,SI,Sinker,,called_strike,R,R,BOS,BAL,93.70,,,2,0,2023,2023-03
2023-03-30,2023,R,518489,622761,FF,4-Seam Fastball,,ball,R,R,BOS,BAL,92.60,,,1,0,2023,2023-03
2023-03-30,2023,R,518489,622761,SL,Slider,,blocked_ball,R,R,BOS,BAL,83.20,,,0,0,2023,2023-03
2023-03-30,2023,R,518489,623993,SI,Sinker,field_out,hit_into_play,L,R,BOS,BAL,92.60,99.40,22,3,2,2023,2023-03
2023-03-30,2023,R,518489,623993,FF,4-Seam Fastball,,ball,L,R,BOS,BAL,92.70,,,2,2,2023,2023-03
2023-03-30,2023,R,518489,623993,SI,Sinker,,foul,L,R,BOS,BAL,92.50,69.70,2,2,1,2023,2023-03
2023-03-30,2023,R,518489,623993,FF,4-Seam Fastball,,foul,L,R,BOS,BAL,92.30,77.20,15,2,0,2023,2023-03
2023-03-30,2023,R,518489,623993,SL,Slider,,blocked_ball,L,R,BOS,BAL,86.80,,,1,0,2023,2023-03
2023-03-30,2023,R,518489,623993,FF,4-Seam Fastball,,ball,L,R,BOS,BAL,93.50,,,0,0,2023,2023-03
2023-03-30,2023,R,518489,624428,FF,4-Seam Fastball,walk,ball,L,R,BOS,BAL,91.00,,,3,2,2023,2023-03
2023-03-30,2023,R,518489,624428,SL,Slider,,ball,L,R,BOS,BAL,86.20,,,2,2,2023,2023-03
2023-03-30,2023,R,518489,624428,FF,4-Seam Fastball,,foul,L,R,BOS,BAL,93.90,78.20,10,2,2,2023,2023-03
2023-03-30,2023,R,518489,624428,FF,4-Seam Fastball,,called_strike,L,R,BOS,BAL,94.20,,,2,1,2023,2023-03
2023-03-30,2023,R,518489,624428,FF,4-Seam Fastball,,called_strike,L,R,BOS,BAL,93.80,,,2,0,2023,2023-03
2023-03-30,2023,R,518489,624428,SL,Slider,,ball,L,R,BOS,BAL,85.60,,,1,0,2023,2023-03
2023-03-30,2023,R,518489,624428,SL,Slider,,ball,L,R,BOS,BAL,83.00,,,0,0,2023,2023-03
2023-03-30,2023,R,518489,656775,SL,Slider,walk,blocked_ball,L,R,BOS,BAL,83.80,,,3,2,2023,2023-03
2023-03-30,2023,R,518489,656775,FF,4-Seam Fastball,,ball,L,R,BOS,BAL,93.70,,,2,2,2023,2023-03
2023-03-30,2023,R,518489,656775,SL,Slider,,ball,L,R,BOS,BAL,87.00,,,1,2,2023,2023-03
2023-03-30,2023,R,518489,656775,SL,Slider,,swinging_strike,L,R,BOS,BAL,82.30,,,1,1,2023,2023-03
2023-03-30,2023,R,518489,656775,FF,4-Seam Fastball,,called_strike,L,R,BOS,BAL,94.40,,,1,0,2023,2023-03
2023-03-30,2023,R,518489,656775,FF,4-Seam Fastball,,ball,L,R,BOS,BAL,93.10,,,0,0,2023,2023-03
2023-03-30,2023,R,518489,668939,FF,4-Seam Fastball,single,hit_into_play,L,R,BOS,BAL,92.10,96.60,10,1,2,2023,2023-03
2023-03-30,2023,R,518489,668939,FF,4-Seam Fastball,,ball,L,R,BOS,BAL,91.90,,,0,2,2023,2023-03
2023-03-30,2023,R,518489,668939,SL,Slider,,foul,L,R,BOS,BAL,84.10,78.40,28,0,2,2023,2023-03
2023-03-30,2023,R,518489,668939,FF,4-Seam Fastball,,foul,L,R,BOS,BAL,93.10,78.10,8,0,1,2023,2023-03
2023-03-30,2023,R,518489,668939,FF,4-Seam Fastball,,called_strike,L,R,BOS,BAL,93.20,,,0,0,2023,2023-03
2023-03-30,2023,R,518489,669720,SI,Sinker,grounded_into_double_play,hit_into_play,R,R,BOS,BAL,93.00,85.30,-39,1,1,2023,2023-03
2023-03-30,2023,R,518489,669720,SL,Slider,,blocked_ball,R,R,BOS,BAL,86.30,,,0,1,2023,2023-03
2023-03-30,2023,R,518489,669720,,,,automatic_strike,R,R,BOS,BAL,,,,0,0,2023,2023-03
2023-03-30,2023,R,518585,457705,FF,4-Seam Fastball,walk,ball,R,R,CIN,PIT,94.30,,,3,2,2023,2023-03
2023-03-30,2023,R,518585,457705,FF,4-Seam Fastball,,foul,R,R,CIN,PIT,94.20,,,3,1,2023,2023-03
2023-03-30,2023,R,518585,457705,FF,4-Seam Fastball,,foul,R,R,CIN,PIT,94.20,82.10,68,3,0,2023,2023-03
2023-03-30,2023,R,518585,457705,FF,4-Seam Fastball,,ball,R,R,CIN,PIT,93.70,,,2,0,2023,2023-03
2023-03-30,2023,R,518585,457705,FC,Cutter,,blocked_ball,R,R,CIN,PIT,88.10,,,1,0,2023,2023-03
2023-03-30,2023,R,518585,457705,FC,Cutter,,ball,R,R,CIN,PIT,87.10,,,0,0,2023,2023-03
2023-03-30,2023,R,518585,467793,FF,4-Seam Fastball,fielders_choice_out,hit_into_play,L,R,CIN,PIT,93.10,70.10,-14,2,2,2023,2023-03
2023-03-30,2023,R,518585,467793,FS,Split-Finger,,ball,L,R,CIN,PIT,80.90,,,1,2,2023,2023-03
2023-03-30,2023,R,518585,467793,FS,Split-Finger,,ball,L,R,CIN,PIT,81.90,,,0,2,2023,2023-03
2023-03-30,2023,R,518585,467793,FC,Cutter,,foul,L,R,CIN,PIT,87.00,73.00,-66,0,1,2023,2023-03
2023-03-30,2023,R,518585,467793,FF,4-Seam Fastball,,called_strike,L,R,CIN,PIT,91.90,,,0,0,2023,2023-03
2023-03-30,2023,R,518585,665833,FS,Split-Finger,walk,ball,L,R,CIN,PIT,81.80,,,3,2,2023,2023-03
2023-03-30,2023,R,518585,665833,FS,Split-Finger,,blocked_ball,L,R,CIN,PIT,82.30,,,2,2,2023,2023-03
2023-03-30,2023,R,518585,665833,FS,Split-Finger,,blocked_ball,L,R,CIN,PIT,80.60,,,1,2,2023,2023-03
2023-03-30,2023,R,518585,665833,FS,Split-Finger,,swinging_strike,L,R,CIN,PIT,80.80,,,1,1,2023,2023-03
2023-03-30,2023,R,518585,665833,FS,Split-Finger,,blocked_ball,L,R,CIN,PIT,80.50,,,0,1,2023,2023-03
2023-03-30,2023,R,518585,665833,FS,Split-Finger,,swinging_strike_blocked,L,R,CIN,PIT,80.30,,,0,0,2023,2023-03
2023-03-30,2023,R,518585,668804,FF,4-Seam Fastball,walk,ball,L,R,CIN,PIT,93.80,,,3,2,2023,2023-03
2023-03-30,2023,R,518585,668804,FC,Cutter,,foul,L,R,CIN,PIT,89.10,85.60,73,3,2,2023,2023-03
2023-03-30,2023,R,518585,668804,FS,Split-Finger,,blocked_ball,L,R,CIN,PIT,82.70,,,2,2,2023,2023-03
2023-03-30,2023,R,518585,668804,FF,4-Seam Fastball,,called_strike,L,R,CIN,PIT,93.80,,,2,1,2023,2023-03
2023-03-30,2023,R,518585,668804,FC,Cutter,,blocked_ball,L,R,CIN,PIT,88.20,,,1,1,2023,2023-03
2023-03-30,2023,R,518585,668804,FS,Split-Finger,,blocked_ball,L,R,CIN,PIT,82.70,,,0,1,2023,2023-03
2023-03-30,2023,R,518585,668804,FC,Cutter,,foul,L,R,CIN,PIT,87.90,,,0,0,2023,2023-03
2023-03-30,2023,R,519151,641313,SL,Slider,walk,ball,R,R,HOU,CWS,89.10,,,3,1,2023,2023-03
2023-03-30,2023,R,519151,641313,SL,Slider,,ball,R,R,HOU,CWS,87.00,,,2,1,2023,2023-03
2023-03-30,2023,R,519151,641313,FF,4-Seam Fastball,,ball,R,R,HOU,CWS,94.10,,,1,1,2023,2023-03
2023-03-30,2023,R,519151,641313,SL,Slider,,foul,R,R,HOU,CWS,90.10,65.00,-61,1,0,2023,2023-03
2023-03-30,2023,R,519151,641313,SL,Slider,,ball,R,R,HOU,CWS,88.20,,,0,0,2023,2023-03
2023-03-30,2023,R,519151,650391,FF,4-Seam Fastball,field_out,hit_into_play,R,R,HOU,CWS,94.90,93.50,54,0,1,2023,2023-03
2023-03-30,2023,R,519151,650391,FF,4-Seam Fastball,,foul,R,R,HOU,CWS,94.70,,,0,0,2023,2023-03
2023-03-30,2023,R,519151,660162,SL,Slider,strikeout,swinging_strike,L,R,HOU,CWS,88.30,,,1,2,2023,2023-03
2023-03-30,2023,R,519151,660162,CH,Changeup,,foul,L,R,HOU,CWS,90.30,35.30,-33,1,1,2023,2023-03
2023-03-30,2023,R,519151,660162,SL,Slider,,swinging_strike,L,R,HOU,CWS,88.80,,,1,0,2023,2023-03
2023-03-30,2023,R,519151,660162,SL,Slider,,ball,L,R,HOU,CWS,90.80,,,0,0,2023,2023-03
2023-03-30,2023,R,519151,673357,SL,Slider,single,hit_into_play,R,R,HOU,CWS,89.70,108.90,-3,0,1,2023,2023-03
2023-03-30,2023,R,519151,673357,SL,Slider,,swinging_strike,R,R,HOU,CWS,89.70,,,0,0,2023,2023-03
2023-03-30,2023,R,519151,683734,FF,4-Seam Fastball,double,hit_into_play,R,R,HOU,CWS,93.50,108.70,9,2,2,2023,2023-03
2023-03-30,2023,R,519151,683734,CU,Curveball,,blocked_ball,R,R,HOU,CWS,82.30,,,1,2,2023,2023-03
2023-03-30,2023,R,519151,683734,SL,Slider,,blocked_ball,R,R,HOU,CWS,90.70,,,0,2,2023,2023-03
2023-03-30,2023,R,519151,683734,FF,4-Seam Fastball,,called_strike,R,R,HOU,CWS,94.30,,,0,1,2023,2023-03
2023-03-30,2023,R,519151,683734,FF,4-Seam Fastball,,foul,R,R,HOU,CWS,94.20,77.60,59,0,0,2023,2023-03
2023-03-30,2023,R,519151,693049,CU,Curveball,field_out,hit_into_play,L,R,HOU,CWS,80.10,95.20,34,1,1,2023,2023-03
2023-03-30,2023,R,519151,693049,CU,Curveball,,called_strike,L,R,HOU,CWS,80.40,,,1,0,2023,2023-03
2023-03-30,2023,R,519151,693049,CU,Curveball,,ball,L,R,HOU,CWS,80.80,,,0,0,2023,2023-03
2023-03-30,2023,R,541640,518595,FC,Cutter,strikeout,swinging_strike,R,R,WSH,ATL,88.90,,,1,2,2023,2023-03
2023-03-30,2023,R,541640,518595,FC,Cutter,,swinging_strike,R,R,WSH,ATL,87.40,,,1,1,2023,2023-03
2023-03-30,2023,R,541640,518595,FC,Cutter,,swinging_strike,R,R,WSH,ATL,88.40,,,1,0,2023,2023-03
2023-03-30,2023,R,541640,518595,FC,Cutter,,ball,R,R,WSH,ATL,88.80,,,0,0,2023,2023-03
2023-03-30,2023,R,541640,542303,FC,Cutter,field_out,hit_into_play,R,R,WSH,ATL,89.80,85.80,0,0,0,2023,2023-03
2023-03-30,2023,R,541640,606115,SI,Sinker,field_error,hit_into_play,R,R,WSH,ATL,93.20,109.40,-22,2,2,2023,2023-03
2023-03-30,2023,R,541640,606115,SI,Sinker,,ball,R,R,WSH,ATL,93.00,,,1,2,2023,2023-03
2023-03-30,2023,R,541640,606115,FF,4-Seam Fastball,,ball,R,R,WSH,ATL,92.30,,,0,2,2023,2023-03
2023-03-30,2023,R,541640,606115,FC,Cutter,,swinging_strike,R,R,WSH,ATL,88.30,,,0,1,2023,2023-03
2023-03-30,2023,R,541640,606115,FC,Cutter,,swinging_strike,R,R,WSH,ATL,87.80,,,0,0,2023,2023-03
2023-03-30,2023,R,541640,621566,FC,Cutter,field_out,hit_into_play,L,R,WSH,ATL,87.40,100.30,38,1,2,2023,2023-03
2023-03-30,2023,R,541640,621566,CH,Changeup,,called_strike,L,R,WSH,ATL,84.60,,,1,1,2023,2023-03
2023-03-30,2023,R,541640,621566,FC,Cutter,,ball,L,R,WSH,ATL,88.90,,,0,1,2023,2023-03
2023-03-30,2023,R,541640,621566,FC,Cutter,,foul,L,R,WSH,ATL,89.50,78.70,62,0,0,2023,2023-03
2023-03-30,2023,R,541640,645277,CU,Curveball,single,hit_into_play,L,R,WSH,ATL,80.80,92.80,4,1,2,2023,2023-03
2023-03-30,2023,R,541640,645277,CU,Curveball,,swinging_strike,L,R,WSH,ATL,80.60,,,1,1,2023,2023-03
2023-03-30,2023,R,541640,645277,FC,Cutter,,ball,L,R,WSH,ATL,87.10,,,0,1,2023,2023-03
2023-03-30,2023,R,541640,645277,FC,Cutter,,swinging_strike,L,R,WSH,ATL,86.80,,,0,0,2023,2023-03
2023-03-30,2023,R,541640,660670,FC,Cutter,single,hit_into_play,R,R,WSH,ATL,88.60,82.10,-34,0,2,2023,2023-03
2023-03-30,2023,R,541640,660670,FC,Cutter,,foul,R,R,WSH,ATL,89.30,70.10,21,0,1,2023,2023-03
2023-03-30,2023,R,541640,660670,FC,Cutter,,called_strike,R,R,WSH,ATL,89.20,,,0,0,2023,2023-03
2023-03-30,2023,R,541640,663586,SI,Sinker,walk,ball,R,R,WSH,ATL,92.50,,,3,2,2023,2023-03
2023-03-30,2023,R,541640,663586,SI,Sinker,,blocked_ball,R,R,WSH,ATL,94.00,,,2,2,2023,2023-03
2023-03-30,2023,R,541640,663586,FF,4-Seam Fastball,,ball,R,R,WSH,ATL,92.50,,,1,2,2023,2023-03
2023-03-30,2023,R,541640,663586,FF,4-Seam Fastball,,ball,R,R,WSH,ATL,91.90,,,0,2,2023,2023-03
2023-03-30,2023,R,541640,663586,FC,Cutter,,called_strike,R,R,WSH,ATL,88.30,,,0,1,2023,2023-03
2023-03-30,2023,R,541640,663586,SI,Sinker,,foul,R,R,WSH,ATL,91.20,69.40,20,0,0,2023,2023-03
2023-03-30,2023,R,541640,669221,SI,Sinker,grounded_into_double_play,hit_into_play,R,R,WSH,ATL,92.10,92.20,-20,1,0,2023,2023-03
2023-03-30,2023,R,541640,669221,FC,Cutter,,ball,R,R,WSH,ATL,89.50,,,0,0,2023,2023-03
2023-03-30,2023,R,541640,671739,FC,Cutter,field_out,hit_into_play,L,R,WSH,ATL,88.30,104.00,-21,2,2,2023,2023-03
2023-03-30,2023,R,541640,671739,SI,Sinker,,foul,L,R,WSH,ATL,91.80,78.20,11,2,1,2023,2023-03
2023-03-30,2023,R,541640,671739,FC,Cutter,,ball,L,R,WSH,ATL,87.80,,,1,1,2023,2023-03
2023-03-30,2023,R,541640,671739,FC,Cutter,,foul_bunt,L,R,WSH,ATL,87.00,,,1,0,2023,2023-03
2023-03-30,2023,R,541640,671739,FC,Cutter,,ball,L,R,WSH,ATL,89.10,,,0,0,2023,2023-03
2023-03-30,2023,R,542914,571448,SL,Slider,field_out,hit_into_play,R,R,STL,TOR,85.60,76.30,2,2,2,2023,2023-03
2023-03-30,2023,R,542914,571448,SL,Slider,,blocked_ball,R,R,STL,TOR,87.20,,,1,2,2023,2023-03
2023-03-30,2023,R,542914,571448,SL,Slider,,called_strike,R,R,STL,TOR,85.30,,,1,1,2023,2023-03
2023-03-30,2023,R,542914,571448,SL,Slider,,ball,R,R,STL,TOR,88.10,,,0,1,2023,2023-03
2023-03-30,2023,R,542914,571448,SI,Sinker,,called_strike,R,R,STL,TOR,94.90,,,0,0,2023,2023-03
2023-03-30,2023,R,542914,575929,FF,4-Seam Fastball,single,hit_into_play,R,R,STL,TOR,93.00,101.00,-4,0,2,2023,2023-03
2023-03-30,2023,R,542914,575929,SI,Sinker,,called_strike,R,R,STL,TOR,93.00,,,0,1,2023,2023-03
2023-03-30,2023,R,542914,575929,SL,Slider,,called_strike,R,R,STL,TOR,85.80,,,0,0,2023,2023-03
2023-03-30,2023,R,542914,641933,SI,Sinker,walk,ball,R,R,STL,TOR,93.70,,,3,1,2023,2023-03
2023-03-30,2023,R,542914,641933,SL,Slider,,blocked_ball,R,R,STL,TOR,84.40,,,2,1,2023,2023-03
2023-03-30,2023,R,542914,641933,SL,Slider,,ball,R,R,STL,TOR,85.70,,,1,1,2023,2023-03
2023-03-30,2023,R,542914,641933,SL,Slider,,ball,R,R,STL,TOR,86.40,,,0,1,2023,2023-03
2023-03-30,2023,R,542914,641933,SI,Sinker,,called_strike,R,R,STL,TOR,94.90,,,0,0,2023,2023-03
2023-03-30,2023,R,543037,527038,FF,4-Seam Fastball,grounded_into_double_play,hit_into_play,R,R,NYY,SF,97.10,94.80,1,3,2,2023,2023-03
2023-03-30,2023,R,543037,527038,FF,4-Seam Fastball,,foul,R,R,NYY,SF,97.50,78.50,60,3,1,2023,2023-03
2023-03-30,2023,R,543037,527038,SL,Slider,,ball,R,R,NYY,SF,88.80,,,2,1,2023,2023-03
2023-03-30,2023,R,543037,527038,FF,4-Seam Fastball,,ball,R,R,NYY,SF,97.60,,,1,1,2023,2023-03
2023-03-30,2023,R,543037,527038,FF,4-Seam Fastball,,called_strike,R,R,NYY,SF,97.60,,,1,0,2023,2023-03
2023-03-30,2023,R,543037,527038,SL,Slider,,blocked_ball,R,R,NYY,SF,89.30,,,0,0,2023,2023-03
2023-03-30,2023,R,543037,527038,FF,4-Seam Fastball,walk,ball,R,R,NYY,SF,97.00,,,3,1,2023,2023-03
2023-03-30,2023,R,543037,527038,SL,Slider,,ball,R,R,NYY,SF,88.90,,,2,1,2023,2023-03
2023-03-30,2023,R,543037,527038,FF,4-Seam Fastball,,ball,R,R,NYY,SF,96.60,,,1,1,2023,2023-03
2023-03-30,2023,R,543037,527038,FF,4-Seam Fastball,,ball,R,R,NYY,SF,96.10,,,0,1,2023,2023-03
2023-03-30,2023,R,543037,527038,FF,4-Seam Fastball,,foul,R,R,NYY,SF,95.70,99.40,14,0,0,2023,2023-03
2023-03-30,2023,R,543037,527038,SL,Slider,strikeout,called_strike,R,R,NYY,SF,89.80,,,2,2,2023,2023-03
2023-03-30,2023,R,543037,527038,FF,4-Seam Fastball,,foul,R,R,NYY,SF,96.70,76.80,25,2,1,2023,2023-03
2023-03-30,2023,R,543037,527038,FF,4-Seam Fastball,,ball,R,R,NYY,SF,98.20,,,1,1,2023,2023-03
2023-03-30,2023,R,543037,527038,SL,Slider,,ball,R,R,NYY,SF,88.60,,,0,1,2023,2023-03
2023-03-30,2023,R,543037,527038,FF,4-Seam Fastball,,called_strike,R,R,NYY,SF,96.90,,,0,0,2023,2023-03
2023-03-30,2023,R,543037,543063,FF,4-Seam Fastball,field_out,hit_into_play,L,R,NYY,SF,97.80,87.10,35,1,2,2023,2023-03
2023-03-30,2023,R,543037,543063,CH,Changeup,,swinging_strike,L,R,NYY,SF,89.20,,,1,1,2023,2023-03
2023-03-30,2023,R,543037,543063,SL,Slider,,ball,L,R,NYY,SF,87.70,,,0,1,2023,2023-03
2023-03-30,2023,R,543037,543063,FF,4-Seam Fastball,,called_strike,L,R,NYY,SF,96.60,,,0,0,2023,2023-03
2023-03-30,2023,R,543037,543063,FF,4-Seam Fastball,strikeout,swinging_strike,L,R,NYY,SF,97.20,,,2,2,2023,2023-03
2023-03-30,2023,R,543037,543063,CH,Changeup,,ball,L,R,NYY,SF,88.40,,,1,2,2023,2023-03
2023-03-30,2023,R,543037,543063,CH,Changeup,,foul,L,R,NYY,SF,88.60,,,1,2,2023,2023-03
2023-03-30,2023,R,543037,543063,FF,4-Seam Fastball,,ball,L,R,NYY,SF,98.00,,,0,2,2023,2023-03
2023-03-30,2023,R,543037,543063,FF,4-Seam Fastball,,swinging_strike,L,R,NYY,SF,97.30,,,0,1,2023,2023-03
2023-03-30,2023,R,543037,543063,CH,Changeup,,swinging_strike,L,R,NYY,SF,88.70,,,0,0,2023,2023-03
2023-03-30,2023,R,543037,547379,FF,4-Seam Fastball,single,hit_into_play,R,R,NYY,SF,97.30,104.60,14,1,1,2023,2023-03
2023-03-30,2023,R,543037,547379,SL,Slider,,ball,R,R,NYY,SF,86.80,,,0,1,2023,2023-03
2023-03-30,2023,R,543037,547379,SL,Slider,,called_strike,R,R,NYY,SF,86.00,,,0,0,2023,2023-03
2023-03-30,2023,R,543037,547379,SL,Slider,strikeout,called_strike,R,R,NYY,SF,88.30,,,2,2,2023,2023-03
2023-03-30,2023,R,543037,547379,SL,Slider,,ball,R,R,NYY,SF,89.30,,,1,2,2023,2023-03
2023-03-30,2023,R,543037,547379,FF,4-Seam Fastball,,foul,R,R,NYY,SF,96.30,72.90,79,1,1,2023,2023-03
2023-03-30,2023,R,543037,547379,SL,Slider,,ball,R,R,NYY,SF,88.80,,,0,1,2023,2023-03
2023-03-30,2023,R,543037,547379,FF,4-Seam Fastball,,foul,R,R,NYY,SF,96.60,73.30,55,0,0,2023,2023-03
2023-03-30,2023,R,543037,573262,CH,Changeup,strikeout,swinging_strike,L,R,NYY,SF,89.60,,,3,2,2023,2023-03
2023-03-30,2023,R,543037,573262,FF,4-Seam Fastball,,ball,L,R,NYY,SF,99.50,,,2,2,2023,2023-03
2023-03-30,2023,R,543037,573262,FF,4-Seam Fastball,,swinging_strike,L,R,NYY,SF,97.30,,,2,1,2023,2023-03
2023-03-30,2023,R,543037,573262,FF,4-Seam Fastball,,swinging_strike,L,R,NYY,SF,98.20,,,2,0,2023,2023-03
2023-03-30,2023,R,543037,573262,FF,4-Seam Fastball,,ball,L,R,NYY,SF,97.60,,,1,0,2023,2023-03
2023-03-30,2023,R,543037,573262,KC,Knuckle Curve,,ball,L,R,NYY,SF,82.40,,,0,0,2023,2023-03
2023-03-30,2023,R,543037,573262,FF,4-Seam Fastball,strikeout,swinging_strike,L,R,NYY,SF,96.40,,,2,2,2023,2023-03
2023-03-30,2023,R,543037,573262,FF,4-Seam Fastball,,ball,L,R,NYY,SF,96.40,,,1,2,2023,2023-03
2023-03-30,2023,R,543037,573262,CH,Changeup,,foul,L,R,NYY,SF,86.90,70.20,39,1,1,2023,2023-03
2023-03-30,2023,R,543037,573262,FF,4-Seam Fastball,,ball,L,R,NYY,SF,95.90,,,0,1,2023,2023-03
2023-03-30,2023,R,543037,573262,FF,4-Seam Fastball,,foul,L,R,NYY,SF,96.10,,,0,0,2023,2023-03
2023-03-30,2023,R,543037,592626,FF,4-Seam Fastball,strikeout,swinging_strike,L,R,NYY,SF,98.00,,,0,2,2023,2023-03
2023-03-30,2023,R,543037,592626,FF,4-Seam Fastball,,foul,L,R,NYY,SF,97.40,,,0,1,2023,2023-03
2023-03-30,2023,R,543037,592626,CH,Changeup,,swinging_strike,L,R,NYY,SF,90.70,,,0,0,2023,2023-03
2023-03-30,2023,R,543037,592626,SL,Slider,strikeout,swinging_strike,L,R,NYY,SF,88.10,,,2,2,2023,2023-03
2023-03-30,2023,R,543037,592626,FF,4-Seam Fastball,,ball,L,R,NYY,SF,97.80,,,1,2,2023,2023-03
2023-03-30,2023,R,543037,592626,FF,4-Seam Fastball,,ball,L,R,NYY,SF,98.10,,,0,2,2023,2023-03
2023-03-30,2023,R,543037,592626,FF,4-Seam Fastball,,foul,L,R,NYY,SF,97.30,75.00,29,0,1,2023,2023-03
2023-03-30,2023,R,543037,592626,FF,4-Seam Fastball,,swinging_strike,L,R,NYY,SF,97.00,,,0,0,2023,2023-03
2023-03-30,2023,R,543037,592626,SL,Slider,strikeout,swinging_strike,L,R,NYY,SF,89.10,,,3,2,2023,2023-03
2023-03-30,2023,R,543037,592626,FF,4-Seam Fastball,,ball,L,R,NYY,SF,97.40,,,2,2,2023,2023-03
2023-03-30,2023,R,543037,592626,FF,4-Seam Fastball,,foul,L,R,NYY,SF,98.10,78.30,62,2,2,2023,2023-03
2023-03-30,2023,R,543037,592626,CH,Changeup,,swinging_strike,L,R,NYY,SF,88.80,,,2,1,2023,2023-03
2023-03-30,2023,R,543037,592626,CH,Changeup,,ball,L,R,NYY,SF,89.20,,,1,1,2023,2023-03
2023-03-30,2023,R,543037,592626,FF,4-Seam Fastball,,ball,L,R,NYY,SF,96.70,,,0,1,2023,2023-03
2023-03-30,2023,R,543037,592626,FF,4-Seam Fastball,,called_strike,L,R,NYY,SF,97.00,,,0,0,2023,2023-03
2023-03-30,2023,R,543037,624424,FF,4-Seam Fastball,single,hit_into_play,L,R,NYY,SF,97.20,88.60,12,0,0,2023,2023-03
2023-03-30,2023,R,543037,624424,FF,4-Seam Fastball,strikeout,called_strike,L,R,NYY,SF,97.50,,,2,2,2023,2023-03
2023-03-30,2023,R,543037,624424,FF,4-Seam Fastball,,foul,L,R,NYY,SF,97.50,81.20,33,2,1,2023,2023-03
2023-03-30,2023,R,543037,624424,KC,Knuckle Curve,,ball,L,R,NYY,SF,82.40,,,1,1,2023,2023-03
2023-03-30,2023,R,543037,624424,CH,Changeup,,ball,L,R,NYY,SF,88.90,,,0,1,2023,2023-03
2023-03-30,2023,R,543037,624424,KC,Knuckle Curve,,called_strike,L,R,NYY,SF,83.00,,,0,0,2023,2023-03
2023-03-30,2023,R,543037,624424,SL,Slider,strikeout,called_strike,L,R,NYY,SF,86.80,,,1,2,2023,2023-03
2023-03-30,2023,R,543037,624424,FF,4-Seam Fastball,,foul,L,R,NYY,SF,97.40,84.70,49,1,2,2023,2023-03
2023-03-30,2023,R,543037,624424,FF,4-Seam Fastball,,foul,L,R,NYY,SF,96.20,77.90,66,1,1,2023,2023-03
2023-03-30,2023,R,543037,624424,FF,4-Seam Fastball,,ball,L,R,NYY,SF,96.60,,,0,1,2023,2023-03
2023-03-30,2023,R,543037,624424,FF,4-Seam Fastball,,foul,L,R,NYY,SF,96.70,78.50,60,0,0,2023,2023-03
2023-03-30,2023,R,543037,642731,FF,4-Seam Fastball,field_out,hit_into_play,R,R,NYY,SF,97.30,77.30,-38,0,0,2023,2023-03
2023-03-30,2023,R,543037,642731,FF,4-Seam Fastball,single,hit_into_play,R,R,NYY,SF,95.70,107.40,7,0,1,2023,2023-03
2023-03-30,2023,R,543037,642731,FF,4-Seam Fastball,,called_strike,R,R,NYY,SF,96.60,,,0,0,2023,2023-03
2023-03-30,2023,R,543037,664774,FF,4-Seam Fastball,field_out,hit_into_play,L,R,NYY,SF,97.90,68.60,9,2,2,2023,2023-03
2023-03-30,2023,R,543037,664774,SL,Slider,,blocked_ball,L,R,NYY,SF,87.60,,,1,2,2023,2023-03
2023-03-30,2023,R,543037,664774,FF,4-Seam Fastball,,foul,L,R,NYY,SF,97.90,66.60,65,1,1,2023,2023-03
2023-03-30,2023,R,543037,664774,KC,Knuckle Curve,,ball,L,R,NYY,SF,81.90,,,0,1,2023,2023-03
2023-03-30,2023,R,543037,664774,FF,4-Seam Fastball,,called_strike,L,R,NYY,SF,97.60,,,0,0,2023,2023-03
2023-03-30,2023,R,543037,664774,FF,4-Seam Fastball,field_out,hit_into_play,L,R,NYY,SF,97.70,104.20,1,2,2,2023,2023-03
2023-03-30,2023,R,543037,664774,CH,Changeup,,ball,L,R,NYY,SF,88.60,,,1,2,2023,2023-03
2023-03-30,2023,R,543037,664774,SL,Slider,,ball,L,R,NYY,SF,87.90,,,0,2,2023,2023-03
2023-03-30,2023,R,543037,664774,FF,4-Seam Fastball,,foul_bunt,L,R,NYY,SF,97.80,,,0,1,2023,2023-03
2023-03-30,2023,R,543037,664774,FF,4-Seam Fastball,,foul,L,R,NYY,SF,97.20,,,0,0,2023,2023-03
2023-03-30,2023,R,543037,664774,FF,4-Seam Fastball,walk,ball,L,R,NYY,SF,94.40,,,3,0,2023,2023-03
2023-03-30,2023,R,543037,664774,FF,4-Seam Fastball,,ball,L,R,NYY,SF,96.40,,,2,0,2023,2023-03
2023-03-30,2023,R,543037,664774,FF,4-Seam Fastball,,ball,L,R,NYY,SF,95.00,,,1,0,2023,2023-03
2023-03-30,2023,R,543037,664774,FF,4-Seam Fastball,,ball,L,R,NYY,SF,95.10,,,0,0,2023,2023-03
2023-03-30,2023,R,543037,666165,FF,4-Seam Fastball,field_out,hit_into_play,L,R,NYY,SF,95.80,95.10,-15,1,0,2023,2023-03
2023-03-30,2023,R,543037,666165,CH,Changeup,,ball,L,R,NYY,SF,88.10,,,0,0,2023,2023-03
2023-03-30,2023,R,543037,666165,FF,4-Seam Fastball,strikeout,swinging_strike,L,R,NYY,SF,97.80,,,2,2,2023,2023-03
2023-03-30,2023,R,543037,666165,CH,Changeup,,blocked_ball,L,R,NYY,SF,89.30,,,1,2,2023,2023-03
2023-03-30,2023,R,543037,666165,CH,Changeup,,swinging_strike,L,R,NYY,SF,87.90,,,1,1,2023,2023-03
2023-03-30,2023,R,543037,666165,FF,4-Seam Fastball,,ball,L,R,NYY,SF,96.20,,,0,1,2023,2023-03
2023-03-30,2023,R,543037,666165,FF,4-Seam Fastball,,swinging_strike,L,R,NYY,SF,96.40,,,0,0,2023,2023-03
2023-03-30,2023,R,543507,543685,FF,4-Seam Fastball,strikeout,swinging_strike,R,R,ATH,LAA,94.30,,,1,2,2023,2023-03
2023-03-30,2023,R,543507,543685,FF,4-Seam Fastball,,called_strike,R,R,ATH,LAA,94.30,,,1,1,2023,2023-03
2023-03-30,2023,R,543507,543685,SL,Slider,,ball,R,R,ATH,LAA,83.20,,,0,1,2023,2023-03
2023-03-30,2023,R,543507,543685,SL,Slider,,called_strike,R,R,ATH,LAA,83.50,,,0,0,2023,2023-03
2023-03-30,2023,R,543507,545361,CH,Changeup,field_out,hit_into_play,R,R,ATH,LAA,86.80,106.10,16,3,2,2023,2023-03
2023-03-30,2023,R,543507,545361,FF,4-Seam Fastball,,ball,R,R,ATH,LAA,94.30,,,2,2,2023,2023-03
2023-03-30,2023,R,543507,545361,CH,Changeup,,swinging_strike,R,R,ATH,LAA,87.60,,,2,1,2023,2023-03
2023-03-30,2023,R,543507,545361,FF,4-Seam Fastball,,ball,R,R,ATH,LAA,94.10,,,1,1,2023,2023-03
2023-03-30,2023,R,543507,545361,CH,Changeup,,called_strike,R,R,ATH,LAA,86.50,,,1,0,2023,2023-03
2023-03-30,2023,R,543507,545361,CH,Changeup,,blocked_ball,R,R,ATH,LAA,87.60,,,0,0,2023,2023-03
2023-03-30,2023,R,543507,621493,SL,Slider,single,hit_into_play,R,R,ATH,LAA,83.30,100.70,5,0,0,2023,2023-03
2023-03-30,2023,R,543507,660271,,,intent_walk,automatic_ball,L,R,ATH,LAA,,,,3,0,2023,2023-03
2023-03-30,2023,R,543507,660271,,,,automatic_ball,L,R,ATH,LAA,,,,2,0,2023,2023-03
2023-03-30,2023,R,543507,660271,,,,automatic_ball,L,R,ATH,LAA,,,,1,0,2023,2023-03
2023-03-30,2023,R,543507,660271,,,,automatic_ball,L,R,ATH,LAA,,,,0,0,2023,2023-03
2023-03-30,2023,R,543507,681351,CH,Changeup,field_out,hit_into_play,R,R,ATH,LAA,86.10,90.20,48,2,2,2023,2023-03
2023-03-30,2023,R,543507,681351,FF,4-Seam Fastball,,ball,R,R,ATH,LAA,95.10,,,1,2,2023,2023-03
2023-03-30,2023,R,543507,681351,CH,Changeup,,foul,R,R,ATH,LAA,86.10,,,1,2,2023,2023-03
2023-03-30,2023,R,543507,681351,SL,Slider,,foul,R,R,ATH,LAA,83.10,107.10,38,1,1,2023,2023-03
2023-03-30,2023,R,543507,681351,SL,Slider,,called_strike,R,R,ATH,LAA,81.70,,,1,0,2023,2023-03
2023-03-30,2023,R,543507,681351,FF,4-Seam Fastball,,ball,R,R,ATH,LAA,93.40,,,0,0,2023,2023-03
2023-03-30,2023,R,543521,572816,ST,Sweeper,force_out,hit_into_play,L,R,WSH,ATL,78.90,103.90,-14,0,2,2023,2023-03
2023-03-30,2023,R,543521,572816,FC,Cutter,,foul,L,R,WSH,ATL,86.70,63.30,36,0,2,2023,2023-03
2023-03-30,2023,R,543521,572816,FC,Cutter,,foul,L,R,WSH,ATL,88.30,72.20,16,0,1,2023,2023-03
2023-03-30,2023,R,543521,572816,FC,Cutter,,called_strike,L,R,WSH,ATL,87.30,,,0,0,2023,2023-03
2023-03-30,2023,R,543521,600869,FC,Cutter,walk,ball,L,R,WSH,ATL,86.60,,,3,0,2023,2023-03
2023-03-30,2023,R,543521,600869,FC,Cutter,,ball,L,R,WSH,ATL,86.70,,,2,0,2023,2023-03
2023-03-30,2023,R,543521,600869,ST,Sweeper,,ball,L,R,WSH,ATL,77.20,,,1,0,2023,2023-03
2023-03-30,2023,R,543521,600869,,,,automatic_ball,L,R,WSH,ATL,86.40,,,0,0,2023,2023-03
2023-03-30,2023,R,543521,608841,FC,Cutter,field_out,hit_into_play,R,R,WSH,ATL,88.40,84.40,45,0,1,2023,2023-03
2023-03-30,2023,R,543521,608841,FC,Cutter,,called_strike,R,R,WSH,ATL,88.00,,,0,0,2023,2023-03
2023-03-30,2023,R,543521,642086,ST,Sweeper,walk,ball,L,R,WSH,ATL,77.10,,,3,2,2023,2023-03
2023-03-30,2023,R,543521,642086,FC,Cutter,,ball,L,R,WSH,ATL,86.60,,,2,2,2023,2023-03
2023-03-30,2023,R,543521,642086,ST,Sweeper,,ball,L,R,WSH,ATL,78.10,,,1,2,2023,2023-03
2023-03-30,2023,R,543521,642086,ST,Sweeper,,foul,L,R,WSH,ATL,79.90,99.70,13,1,2,2023,2023-03
2023-03-30,2023,R,543521,642086,FC,Cutter,,swinging_strike,L,R,WSH,ATL,86.40,,,1,1,2023,2023-03
2023-03-30,2023,R,543521,642086,ST,Sweeper,,ball,L,R,WSH,ATL,77.50,,,0,1,2023,2023-03
2023-03-30,2023,R,543521,642086,ST,Sweeper,,swinging_strike,L,R,WSH,ATL,78.40,,,0,0,2023,2023-03
2023-03-30,2023,R,543521,657041,ST,Sweeper,strikeout,swinging_strike_blocked,R,R,WSH,ATL,79.40,,,1,2,2023,2023-03
2023-03-30,2023,R,543521,657041,FC,Cutter,,ball,R,R,WSH,ATL,88.00,,,0,2,2023,2023-03
2023-03-30,2023,R,543521,657041,ST,Sweeper,,called_strike,R,R,WSH,ATL,77.70,,,0,1,2023,2023-03
2023-03-30,2023,R,543521,657041,ST,Sweeper,,called_strike,R,R,WSH,ATL,77.90,,,0,0,2023,2023-03
2023-03-30,2023,R,543521,660688,FC,Cutter,field_out,hit_into_play,L,R,WSH,ATL,87.00,93.20,22,1,1,2023,2023-03
2023-03-30,2023,R,543521,660688,ST,Sweeper,,ball,L,R,WSH,ATL,77.70,,,0,1,2023,2023-03
2023-03-30,2023,R,543521,660688,ST,Sweeper,,called_strike,L,R,WSH,ATL,78.00,,,0,0,2023,2023-03
2023-03-30,2023,R,543521,671277,ST,Sweeper,field_out,hit_into_play,L,R,WSH,ATL,77.90,102.10,-16,0,0,2023,2023-03
2023-03-30,2023,R,548384,516416,FC,Cutter,field_out,hit_into_play,R,L,MIA,NYM,88.20,62.20,-12,1,2,2023,2023-03
2023-03-30,2023,R,548384,516416,CH,Changeup,,ball,R,L,MIA,NYM,86.60,,,0,2,2023,2023-03
2023-03-30,2023,R,548384,516416,CH,Changeup,,foul,R,L,MIA,NYM,87.30,77.90,-44,0,1,2023,2023-03
2023-03-30,2023,R,548384,516416,ST,Sweeper,,called_strike,R,L,MIA,NYM,82.10,,,0,0,2023,2023-03
2023-03-30,2023,R,548384,542932,CH,Changeup,strikeout,swinging_strike_blocked,R,L,MIA,NYM,87.20,,,0,2,2023,2023-03
2023-03-30,2023,R,548384,542932,FC,Cutter,,foul,R,L,MIA,NYM,87.70,,,0,1,2023,2023-03
2023-03-30,2023,R,548384,542932,FC,Cutter,,foul,R,L,MIA,NYM,87.40,84.70,-20,0,0,2023,2023-03
2023-03-30,2023,R,548384,650333,SI,Sinker,strikeout,foul_tip,L,L,MIA,NYM,91.20,,,2,2,2023,2023-03
2023-03-30,2023,R,548384,650333,ST,Sweeper,,ball,L,L,MIA,NYM,82.20,,,1,2,2023,2023-03
2023-03-30,2023,R,548384,650333,SI,Sinker,,called_strike,L,L,MIA,NYM,90.50,,,1,1,2023,2023-03
2023-03-30,2023,R,548384,650333,ST,Sweeper,,ball,L,L,MIA,NYM,81.90,,,0,1,2023,2023-03
2023-03-30,2023,R,548384,650333,ST,Sweeper,,called_strike,L,L,MIA,NYM,83.20,,,0,0,2023,2023-03
2023-03-30,2023,R,554340,502671,FF,4-Seam Fastball,double,hit_into_play,R,R,STL,TOR,95.30,106.90,16,1,1,2023,2023-03
2023-03-30,2023,R,554340,502671,FF,4-Seam Fastball,,swinging_strike,R,R,STL,TOR,95.60,,,1,0,2023,2023-03
2023-03-30,2023,R,554340,502671,SI,Sinker,,ball,R,R,STL,TOR,94.00,,,0,0,2023,2023-03
2023-03-30,2023,R,554340,571448,SL,Slider,double,hit_into_play,R,R,STL,TOR,90.80,107.40,18,1,1,2023,2023-03
2023-03-30,2023,R,554340,571448,FF,4-Seam Fastball,,ball,R,R,STL,TOR,98.30,,,0,1,2023,2023-03
2023-03-30,2023,R,554340,571448,FF,4-Seam Fastball,,swinging_strike,R,R,STL,TOR,98.00,,,0,0,2023,2023-03
2023-03-30,2023,R,554340,641933,CU,Curveball,field_out,hit_into_play,R,R,STL,TOR,82.20,85.40,23,0,0,2023,2023-03
2023-03-30,2023,R,554340,663457,FF,4-Seam Fastball,walk,ball,L,R,STL,TOR,96.20,,,3,2,2023,2023-03
2023-03-30,2023,R,554340,663457,FF,4-Seam Fastball,,ball,L,R,STL,TOR,97.10,,,2,2,2023,2023-03
2023-03-30,2023,R,554340,663457,FF,4-Seam Fastball,,foul,L,R,STL,TOR,96.00,68.20,65,2,1,2023,2023-03
2023-03-30,2023,R,554340,663457,FF,4-Seam Fastball,,swinging_strike,L,R,STL,TOR,96.10,,,2,0,2023,2023-03
2023-03-30,2023,R,554340,663457,FF,4-Seam Fastball,,ball,L,R,STL,TOR,95.30,,,1,0,2023,2023-03
2023-03-30,2023,R,554340,663457,CU,Curveball,,ball,L,R,STL,TOR,82.40,,,0,0,2023,2023-03
2023-03-30,2023,R,554340,668800,FF,4-Seam Fastball,field_out,hit_into_play,R,R,STL,TOR,95.80,24.90,51,1,1,2023,2023-03
2023-03-30,2023,R,554340,668800,SL,Slider,,ball,R,R,STL,TOR,88.30,,,0,1,2023,2023-03
2023-03-30,2023,R,554340,668800,SL,Slider,,foul_bunt,R,R,STL,TOR,90.60,,,0,0,2023,2023-03
2023-03-30,2023,R,554340,669357,,,intent_walk,automatic_ball,L,R,STL,TOR,,,,3,0,2023,2023-03
2023-03-30,2023,R,554340,669357,FF,4-Seam Fastball,,ball,L,R,STL,TOR,97.70,,,2,0,2023,2023-03
2023-03-30,2023,R,554340,669357,FF,4-Seam Fastball,,ball,L,R,STL,TOR,96.00,,,1,0,2023,2023-03
2023-03-30,2023,R,554340,669357,FF,4-Seam Fastball,,ball,L,R,STL,TOR,96.30,,,0,0,2023,2023-03
2023-03-30,2023,R,554340,691023,SL,Slider,force_out,hit_into_play,R,R,STL,TOR,86.60,78.40,-4,0,1,2023,2023-03
2023-03-30,2023,R,554340,691023,SL,Slider,,swinging_strike,R,R,STL,TOR,87.70,,,0,0,2023,2023-03
2023-03-30,2023,R,571479,543257,FF,4-Seam Fastball,walk,ball,L,R,TEX,PHI,95.10,,,3,2,2023,2023-03
2023-03-30,2023,R,571479,543257,SL,Slider,,swinging_strike,L,R,TEX,PHI,86.60,,,3,1,2023,2023-03
2023-03-30,2023,R,571479,543257,CH,Changeup,,ball,L,R,TEX,PHI,90.30,,,2,1,2023,2023-03
2023-03-30,2023,R,571479,543257,CH,Changeup,,ball,L,R,TEX,PHI,89.80,,,1,1,2023,2023-03
2023-03-30,2023,R,571479,543257,SL,Slider,,called_strike,L,R,TEX,PHI,86.10,,,1,0,2023,2023-03
2023-03-30,2023,R,571479,543257,FF,4-Seam Fastball,,ball,L,R,TEX,PHI,95.40,,,0,0,2023,2023-03
2023-03-30,2023,R,571479,543543,SL,Slider,strikeout,swinging_strike,L,R,TEX,PHI,86.20,,,0,2,2023,2023-03
2023-03-30,2023,R,571479,543543,SL,Slider,,swinging_strike,L,R,TEX,PHI,87.60,,,0,1,2023,2023-03
2023-03-30,2023,R,571479,543543,FF,4-Seam Fastball,,foul,L,R,TEX,PHI,95.80,72.60,-2,0,0,2023,2023-03
2023-03-30,2023,R,571479,641680,CH,Changeup,field_out,hit_into_play,L,R,TEX,PHI,89.50,96.40,0,0,1,2023,2023-03
2023-03-30,2023,R,571479,641680,SL,Slider,,called_strike,L,R,TEX,PHI,85.20,,,0,0,2023,2023-03
2023-03-30,2023,R,571479,673962,FF,4-Seam Fastball,strikeout,swinging_strike,R,R,TEX,PHI,95.30,,,3,2,2023,2023-03
2023-03-30,2023,R,571479,673962,FF,4-Seam Fastball,,foul,R,R,TEX,PHI,95.50,82.80,9,3,1,2023,2023-03
2023-03-30,2023,R,571479,673962,SL,Slider,,ball,R,R,TEX,PHI,86.50,,,2,1,2023,2023-03
2023-03-30,2023,R,571479,673962,FF,4-Seam Fastball,,called_strike,R,R,TEX,PHI,94.20,,,2,0,2023,2023-03
2023-03-30,2023,R,571479,673962,SL,Slider,,ball,R,R,TEX,PHI,86.60,,,1,0,2023,2023-03
2023-03-30,2023,R,571479,673962,SL,Slider,,ball,R,R,TEX,PHI,86.40,,,0,0,2023,2023-03
2023-03-30,2023,R,571578,518595,SI,Sinker,single,hit_into_play,R,L,WSH,ATL,91.10,68.40,-43,3,2,2023,2023-03
2023-03-30,2023,R,571578,518595,CH,Changeup,,ball,R,L,WSH,ATL,79.10,,,2,2,2023,2023-03
2023-03-30,2023,R,571578,518595,SI,Sinker,,called_strike,R,L,WSH,ATL,90.50,,,2,1,2023,2023-03
2023-03-30,2023,R,571578,518595,SI,Sinker,,foul,R,L,WSH,ATL,90.60,75.90,58,2,0,2023,2023-03
2023-03-30,2023,R,571578,518595,SI,Sinker,,ball,R,L,WSH,ATL,90.50,,,1,0,2023,2023-03
2023-03-30,2023,R,571578,518595,SL,Slider,,ball,R,L,WSH,ATL,77.80,,,0,0,2023,2023-03
2023-03-30,2023,R,571578,518595,SI,Sinker,single,hit_into_play,R,L,WSH,ATL,92.40,74.40,22,2,2,2023,2023-03
2023-03-30,2023,R,571578,518595,SL,Slider,,foul,R,L,WSH,ATL,78.80,85.80,6,2,1,2023,2023-03
2023-03-30,2023,R,571578,518595,SI,Sinker,,ball,R,L,WSH,ATL,92.40,,,1,1,2023,2023-03
2023-03-30,2023,R,571578,518595,CH,Changeup,,swinging_strike,R,L,WSH,ATL,78.10,,,1,0,2023,2023-03
2023-03-30,2023,R,571578,518595,SI,Sinker,,ball,R,L,WSH,ATL,91.80,,,0,0,2023,2023-03
2023-03-30,2023,R,571578,542303,SI,Sinker,field_out,hit_into_play,R,L,WSH,ATL,91.30,72.60,-11,1,2,2023,2023-03
2023-03-30,2023,R,571578,542303,SL,Slider,,ball,R,L,WSH,ATL,80.20,,,0,2,2023,2023-03
2023-03-30,2023,R,571578,542303,SI,Sinker,,called_strike,R,L,WSH,ATL,90.50,,,0,1,2023,2023-03
2023-03-30,2023,R,571578,542303,SI,Sinker,,called_strike,R,L,WSH,ATL,89.00,,,0,0,2023,2023-03
2023-03-30,2023,R,571578,542303,SI,Sinker,field_out,hit_into_play,R,L,WSH,ATL,90.90,68.10,-44,0,0,2023,2023-03
2023-03-30,2023,R,571578,606115,SI,Sinker,walk,ball,R,L,WSH,ATL,89.70,,,3,1,2023,2023-03
2023-03-30,2023,R,571578,606115,SI,Sinker,,called_strike,R,L,WSH,ATL,88.60,,,3,0,2023,2023-03
2023-03-30,2023,R,571578,606115,CH,Changeup,,ball,R,L,WSH,ATL,79.50,,,2,0,2023,2023-03
2023-03-30,2023,R,571578,606115,SL,Slider,,ball,R,L,WSH,ATL,77.10,,,1,0,2023,2023-03
2023-03-30,2023,R,571578,606115,SL,Slider,,ball,R,L,WSH,ATL,78.90,,,0,0,2023,2023-03
2023-03-30,2023,R,571578,606115,SI,Sinker,single,hit_into_play,R,L,WSH,ATL,92.50,104.80,-8,1,0,2023,2023-03
2023-03-30,2023,R,571578,606115,SL,Slider,,blocked_ball,R,L,WSH,ATL,79.00,,,0,0,2023,2023-03
2023-03-30,2023,R,571578,621566,SL,Slider,double,hit_into_play,L,L,WSH,ATL,74.80,107.90,32,0,0,2023,2023-03
2023-03-30,2023,R,571578,621566,FF,4-Seam Fastball,strikeout,swinging_strike,L,L,WSH,ATL,91.50,,,1,2,2023,2023-03
2023-03-30,2023,R,571578,621566,SL,Slider,,foul,L,L,WSH,ATL,75.40,100.50,35,1,2,2023,2023-03
2023-03-30,2023,R,571578,621566,SI,Sinker,,foul,L,L,WSH,ATL,92.10,77.50,10,1,2,2023,2023-03
2023-03-30,2023,R,571578,621566,SL,Slider,,swinging_strike,L,L,WSH,ATL,78.40,,,1,1,2023,2023-03
2023-03-30,2023,R,571578,621566,SI,Sinker,,foul,L,L,WSH,ATL,92.60,85.40,39,1,0,2023,2023-03
2023-03-30,2023,R,571578,621566,SI,Sinker,,ball,L,L,WSH,ATL,92.60,,,0,0,2023,2023-03
2023-03-30,2023,R,571578,621566,SI,Sinker,strikeout,swinging_strike,L,L,WSH,ATL,93.00,,,3,2,2023,2023-03
2023-03-30,2023,R,571578,621566,SL,Slider,,foul,L,L,WSH,ATL,78.60,70.60,-7,3,2,2023,2023-03
2023-03-30,2023,R,571578,621566,FF,4-Seam Fastball,,ball,L,L,WSH,ATL,92.40,,,2,2,2023,2023-03
2023-03-30,2023,R,571578,621566,SI,Sinker,,ball,L,L,WSH,ATL,92.50,,,1,2,2023,2023-03
2023-03-30,2023,R,571578,621566,SI,Sinker,,foul,L,L,WSH,ATL,91.90,70.50,42,1,2,2023,2023-03
2023-03-30,2023,R,571578,621566,FF,4-Seam Fastball,,called_strike,L,L,WSH,ATL,91.50,,,1,1,2023,2023-03
2023-03-30,2023,R,571578,621566,FF,4-Seam Fastball,,swinging_strike,L,L,WSH,ATL,90.50,,,1,0,2023,2023-03
2023-03-30,2023,R,571578,621566,SI,Sinker,,ball,L,L,WSH,ATL,91.00,,,0,0,2023,2023-03
2023-03-30,2023,R,571578,645277,SI,Sinker,single,hit_into_play,R,L,WSH,ATL,91.50,77.80,-40,1,0,2023,2023-03
2023-03-30,2023,R,571578,645277,SL,Slider,,blocked_ball,R,L,WSH,ATL,79.80,,,0,0,2023,2023-03
2023-03-30,2023,R,571578,645277,SI,Sinker,field_out,hit_into_play,R,L,WSH,ATL,92.40,103.70,23,2,1,2023,2023-03
2023-03-30,2023,R,571578,645277,SI,Sinker,,ball,R,L,WSH,ATL,92.80,,,1,1,2023,2023-03
2023-03-30,2023,R,571578,645277,SI,Sinker,,called_strike,R,L,WSH,ATL,92.20,,,1,0,2023,2023-03
2023-03-30,2023,R,571578,645277,SI,Sinker,,ball,R,L,WSH,ATL,93.00,,,0,0,2023,2023-03
2023-03-30,2023,R,571578,660670,SL,Slider,field_out,hit_into_play,R,L,WSH,ATL,78.50,64.90,-31,3,2,2023,2023-03
2023-03-30,2023,R,571578,660670,SL,Slider,,called_strike,R,L,WSH,ATL,79.40,,,3,1,2023,2023-03
2023-03-30,2023,R,571578,660670,SI,Sinker,,ball,R,L,WSH,ATL,90.60,,,2,1,2023,2023-03
2023-03-30,2023,R,571578,660670,SI,Sinker,,ball,R,L,WSH,ATL,90.80,,,1,1,2023,2023-03
2023-03-30,2023,R,571578,660670,SL,Slider,,blocked_ball,R,L,WSH,ATL,76.70,,,0,1,2023,2023-03
2023-03-30,2023,R,571578,660670,SL,Slider,,swinging_strike_blocked,R,L,WSH,ATL,78.30,,,0,0,2023,2023-03
2023-03-30,2023,R,571578,660670,SL,Slider,fielders_choice,hit_into_play,R,L,WSH,ATL,81.10,109.60,1,1,2,2023,2023-03
2023-03-30,2023,R,571578,660670,FF,4-Seam Fastball,,foul,R,L,WSH,ATL,90.60,111.20,5,1,1,2023,2023-03
2023-03-30,2023,R,571578,660670,FF,4-Seam Fastball,,called_strike,R,L,WSH,ATL,91.60,,,1,0,2023,2023-03
2023-03-30,2023,R,571578,660670,SI,Sinker,,ball,R,L,WSH,ATL,91.30,,,0,0,2023,2023-03
2023-03-30,2023,R,571578,660670,SI,Sinker,single,hit_into_play,R,L,WSH,ATL,92.50,107.90,11,1,2,2023,2023-03
2023-03-30,2023,R,571578,660670,SL,Slider,,ball,R,L,WSH,ATL,77.30,,,0,2,2023,2023-03
2023-03-30,2023,R,571578,660670,SL,Slider,,swinging_strike,R,L,WSH,ATL,80.20,,,0,1,2023,2023-03
2023-03-30,2023,R,571578,660670,SL,Slider,,swinging_strike,R,L,WSH,ATL,78.70,,,0,0,2023,2023-03
2023-03-30,2023,R,571578,663586,SL,Slider,walk,ball,R,L,WSH,ATL,78.30,,,3,1,2023,2023-03
2023-03-30,2023,R,571578,663586,SI,Sinker,,foul,R,L,WSH,ATL,91.40,64.60,17,3,0,2023,2023-03
2023-03-30,2023,R,571578,663586,CH,Changeup,,ball,R,L,WSH,ATL,75.70,,,2,0,2023,2023-03
2023-03-30,2023,R,571578,663586,FF,4-Seam Fastball,,ball,R,L,WSH,ATL,90.40,,,1,0,2023,2023-03
2023-03-30,2023,R,571578,663586,FF,4-Seam Fastball,,ball,R,L,WSH,ATL,91.80,,,0,0,2023,2023-03
2023-03-30,2023,R,571578,663586,SI,Sinker,walk,ball,R,L,WSH,ATL,92.30,,,3,1,2023,2023-03
2023-03-30,2023,R,571578,663586,SL,Slider,,called_strike,R,L,WSH,ATL,74.30,,,3,0,2023,2023-03
2023-03-30,2023,R,571578,663586,SI,Sinker,,ball,R,L,WSH,ATL,92.30,,,2,0,2023,2023-03
2023-03-30,2023,R,571578,663586,FF,4-Seam Fastball,,ball,R,L,WSH,ATL,91.10,,,1,0,2023,2023-03
2023-03-30,2023,R,571578,663586,SI,Sinker,,ball,R,L,WSH,ATL,92.30,,,0,0,2023,2023-03
2023-03-30,2023,R,571578,669221,SI,Sinker,force_out,hit_into_play,R,L,WSH,ATL,91.40,91.90,-14,2,0,2023,2023-03
2023-03-30,2023,R,571578,669221,SL,Slider,,ball,R,L,WSH,ATL,79.40,,,1,0,2023,2023-03
2023-03-30,2023,R,571578,669221,FF,4-Seam Fastball,,ball,R,L,WSH,ATL,91.20,,,0,0,2023,2023-03
2023-03-30,2023,R,571578,669221,SL,Slider,strikeout,swinging_strike,R,L,WSH,ATL,79.10,,,1,2,2023,2023-03
2023-03-30,2023,R,571578,669221,SL,Slider,,blocked_ball,R,L,WSH,ATL,80.20,,,0,2,2023,2023-03
2023-03-30,2023,R,571578,669221,SL,Slider,,foul,R,L,WSH,ATL,76.90,,,0,1,2023,2023-03
2023-03-30,2023,R,571578,669221,SL,Slider,,called_strike,R,L,WSH,ATL,76.50,,,0,0,2023,2023-03
2023-03-30,2023,R,571578,671739,SL,Slider,field_out,hit_into_play,L,L,WSH,ATL,78.90,101.70,34,0,2,2023,2023-03
2023-03-30,2023,R,571578,671739,SL,Slider,,swinging_strike,L,L,WSH,ATL,78.90,,,0,1,2023,2023-03
2023-03-30,2023,R,571578,671739,SL,Slider,,foul,L,L,WSH,ATL,77.30,63.70,11,0,0,2023,2023-03
2023-03-30,2023,R,571578,671739,SI,Sinker,single,hit_into_play,L,L,WSH,ATL,93.20,106.10,-16,3,2,2023,2023-03
2023-03-30,2023,R,571578,671739,SI,Sinker,,ball,L,L,WSH,ATL,92.10,,,2,2,2023,2023-03
2023-03-30,2023,R,571578,671739,SI,Sinker,,ball,L,L,WSH,ATL,92.90,,,1,2,2023,2023-03
2023-03-30,2023,R,571578,671739,SI,Sinker,,foul,L,L,WSH,ATL,93.10,79.60,40,1,2,2023,2023-03
2023-03-30,2023,R,571578,671739,SL,Slider,,ball,L,L,WSH,ATL,81.20,,,0,2,2023,2023-03
2023-03-30,2023,R,571578,671739,FF,4-Seam Fastball,,called_strike,L,L,WSH,ATL,92.30,,,0,1,2023,2023-03
2023-03-30,2023,R,571578,671739,FF,4-Seam Fastball,,called_strike,L,L,WSH,ATL,90.00,,,0,0,2023,2023-03
2023-03-30,2023,R,571656,595978,FF,4-Seam Fastball,sac_bunt,hit_into_play,R,R,CIN,PIT,92.30,27.60,24,1,1,2023,2023-03
2023-03-30,2023,R,571656,595978,FF,4-Seam Fastball,,called_strike,R,R,CIN,PIT,93.30,,,1,0,2023,2023-03
2023-03-30,2023,R,571656,595978,SI,Sinker,,ball,R,R,CIN,PIT,92.40,,,0,0,2023,2023-03
2023-03-30,2023,R,571656,665833,FF,4-Seam Fastball,sac_fly,hit_into_play,L,R,CIN,PIT,93.20,89.70,36,3,2,2023,2023-03
2023-03-30,2023,R,571656,665833,FF,4-Seam Fastball,,foul,L,R,CIN,PIT,93.70,73.70,57,3,1,2023,2023-03
2023-03-30,2023,R,571656,665833,CH,Changeup,,swinging_strike,L,R,CIN,PIT,86.80,,,3,0,2023,2023-03
2023-03-30,2023,R,571656,665833,CH,Changeup,,ball,L,R,CIN,PIT,85.80,,,2,0,2023,2023-03
2023-03-30,2023,R,571656,665833,FF,4-Seam Fastball,,ball,L,R,CIN,PIT,92.70,,,1,0,2023,2023-03
2023-03-30,2023,R,571656,665833,CH,Changeup,,ball,L,R,CIN,PIT,86.60,,,0,0,2023,2023-03
2023-03-30,2023,R,571656,668804,SL,Slider,strikeout,swinging_strike,L,R,CIN,PIT,83.10,,,1,2,2023,2023-03
2023-03-30,2023,R,571656,668804,CH,Changeup,,foul,L,R,CIN,PIT,86.70,,,1,1,2023,2023-03
2023-03-30,2023,R,571656,668804,SL,Slider,,foul,L,R,CIN,PIT,82.10,83.50,6,1,0,2023,2023-03
2023-03-30,2023,R,571656,668804,SL,Slider,,ball,L,R,CIN,PIT,80.70,,,0,0,2023,2023-03
2023-03-30,2023,R,571656,678225,FF,4-Seam Fastball,walk,ball,L,R,CIN,PIT,91.80,,,3,0,2023,2023-03
2023-03-30,2023,R,571656,678225,FF,4-Seam Fastball,,ball,L,R,CIN,PIT,92.40,,,2,0,2023,2023-03
2023-03-30,2023,R,571656,678225,FF,4-Seam Fastball,,ball,L,R,CIN,PIT,92.50,,,1,0,2023,2023-03
2023-03-30,2023,R,571656,678225,CH,Changeup,,ball,L,R,CIN,PIT,86.10,,,0,0,2023,2023-03
2023-03-30,2023,R,571882,457705,SL,Slider,single,hit_into_play,R,R,CIN,PIT,90.20,100.50,14,1,0,2023,2023-03
2023-03-30,2023,R,571882,457705,FC,Cutter,,ball,R,R,CIN,PIT,91.60,,,0,0,2023,2023-03
2023-03-30,2023,R,571882,467793,CU,Curveball,field_out,hit_into_play,L,R,CIN,PIT,76.20,80.80,65,1,1,2023,2023-03
2023-03-30,2023,R,571882,467793,FC,Cutter,,called_strike,L,R,CIN,PIT,90.60,,,1,0,2023,2023-03
2023-03-30,2023,R,571882,467793,CU,Curveball,,ball,L,R,CIN,PIT,77.70,,,0,0,2023,2023-03
2023-03-30,2023,R,571882,663647,FC,Cutter,field_out,hit_into_play,R,R,CIN,PIT,93.70,87.30,9,0,1,2023,2023-03
2023-03-30,2023,R,571882,663647,FC,Cutter,,foul,R,R,CIN,PIT,90.90,68.90,-34,0,0,2023,2023-03
2023-03-30,2023,R,571882,668804,CU,Curveball,field_out,hit_into_play,L,R,CIN,PIT,79.00,71.00,76,1,2,2023,2023-03
2023-03-30,2023,R,571882,668804,FC,Cutter,,foul,L,R,CIN,PIT,92.50,90.70,-1,1,2,2023,2023-03
2023-03-30,2023,R,571882,668804,FC,Cutter,,foul,L,R,CIN,PIT,90.50,71.40,-27,1,1,2023,2023-03
2023-03-30,2023,R,571882,668804,FC,Cutter,,ball,L,R,CIN,PIT,89.90,,,0,1,2023,2023-03
2023-03-30,2023,R,571882,668804,CU,Curveball,,swinging_strike,L,R,CIN,PIT,77.60,,,0,0,2023,2023-03
2023-03-30,2023,R,571882,669261,CU,Curveball,field_out,hit_into_play,L,R,CIN,PIT,80.30,91.90,-11,1,2,2023,2023-03
2023-03-30,2023,R,571882,669261,FC,Cutter,,called_strike,L,R,CIN,PIT,92.10,,,1,1,2023,2023-03
2023-03-30,2023,R,571882,669261,FC,Cutter,,ball,L,R,CIN,PIT,93.60,,,0,1,2023,2023-03
2023-03-30,2023,R,571882,669261,FC,Cutter,,called_strike,L,R,CIN,PIT,91.40,,,0,0,2023,2023-03
2023-03-30,2023,R,571882,675986,FF,4-Seam Fastball,strikeout,foul_tip,L,R,CIN,PIT,95.70,,,2,2,2023,2023-03
2023-03-30,2023,R,571882,675986,SL,Slider,,ball,L,R,CIN,PIT,86.50,,,1,2,2023,2023-03
2023-03-30,2023,R,571882,675986,SL,Slider,,ball,L,R,CIN,PIT,81.00,,,0,2,2023,2023-03
2023-03-30,2023,R,571882,675986,FC,Cutter,,called_strike,L,R,CIN,PIT,92.00,,,0,1,2023,2023-03
2023-03-30,2023,R,571882,675986,FC,Cutter,,called_strike,L,R,CIN,PIT,90.00,,,0,0,2023,2023-03
2023-03-30,2023,R,571901,643393,CU,Curveball,double,hit_into_play,L,L,ATH,LAA,75.80,98.20,24,2,2,2023,2023-03
2023-03-30,2023,R,571901,643393,FC,Cutter,,ball,L,L,ATH,LAA,84.30,,,1,2,2023,2023-03
2023-03-30,2023,R,571901,643393,CU,Curveball,,foul,L,L,ATH,LAA,76.40,61.70,40,1,1,2023,2023-03
2023-03-30,2023,R,571901,643393,FC,Cutter,,foul_bunt,L,L,ATH,LAA,83.70,,,1,0,2023,2023-03
2023-03-30,2023,R,571901,643393,FC,Cutter,,ball,L,L,ATH,LAA,83.00,,,0,0,2023,2023-03
2023-03-30,2023,R,571901,665923,SI,Sinker,single,hit_into_play,R,L,ATH,LAA,91.80,96.50,-14,2,2,2023,2023-03
2023-03-30,2023,R,571901,665923,FC,Cutter,,foul,R,L,ATH,LAA,83.20,96.40,-6,2,2,2023,2023-03
2023-03-30,2023,R,571901,665923,CH,Changeup,,ball,R,L,ATH,LAA,80.20,,,1,2,2023,2023-03
2023-03-30,2023,R,571901,665923,FC,Cutter,,ball,R,L,ATH,LAA,82.10,,,0,2,2023,2023-03
2023-03-30,2023,R,571901,665923,CH,Changeup,,foul,R,L,ATH,LAA,80.20,84.80,11,0,2,2023,2023-03
2023-03-30,2023,R,571901,665923,CH,Changeup,,foul_bunt,R,L,ATH,LAA,77.30,,,0,1,2023,2023-03
2023-03-30,2023,R,571901,665923,CH,Changeup,,swinging_strike,R,L,ATH,LAA,78.00,,,0,0,2023,2023-03
2023-03-30,2023,R,571901,667670,CU,Curveball,strikeout,swinging_strike,R,L,ATH,LAA,76.70,,,0,2,2023,2023-03
2023-03-30,2023,R,571901,667670,CU,Curveball,,swinging_strike,R,L,ATH,LAA,75.30,,,0,1,2023,2023-03
2023-03-30,2023,R,571901,667670,CU,Curveball,,called_strike,R,L,ATH,LAA,75.50,,,0,0,2023,2023-03
2023-03-30,2023,R,571945,474832,FF,4-Seam Fastball,strikeout,swinging_strike,L,R,STL,TOR,95.40,,,2,2,2023,2023-03
2023-03-30,2023,R,571945,474832,CU,Curveball,,ball,L,R,STL,TOR,77.50,,,1,2,2023,2023-03
2023-03-30,2023,R,571945,474832,SI,Sinker,,foul,L,R,STL,TOR,92.90,,,1,2,2023,2023-03
2023-03-30,2023,R,571945,474832,FF,4-Seam Fastball,,ball,L,R,STL,TOR,95.30,,,0,2,2023,2023-03
2023-03-30,2023,R,571945,474832,SL,Slider,,foul,L,R,STL,TOR,85.80,73.00,40,0,2,2023,2023-03
2023-03-30,2023,R,571945,474832,CH,Changeup,,called_strike,L,R,STL,TOR,85.10,,,0,1,2023,2023-03
2023-03-30,2023,R,571945,474832,FF,4-Seam Fastball,,foul,L,R,STL,TOR,93.50,78.40,14,0,0,2023,2023-03
2023-03-30,2023,R,571945,474832,SI,Sinker,field_out,hit_into_play,L,R,STL,TOR,92.90,96.20,22,2,1,2023,2023-03
2023-03-30,2023,R,571945,474832,SI,Sinker,,swinging_strike,L,R,STL,TOR,93.10,,,2,0,2023,2023-03
2023-03-30,2023,R,571945,474832,CH,Changeup,,ball,L,R,STL,TOR,82.10,,,1,0,2023,2023-03
2023-03-30,2023,R,571945,474832,CH,Changeup,,ball,L,R,STL,TOR,83.30,,,0,0,2023,2023-03
2023-03-30,2023,R,571945,543807,SL,Slider,single,hit_into_play,R,R,STL,TOR,88.50,82.10,-8,1,2,2023,2023-03
2023-03-30,2023,R,571945,543807,SL,Slider,,called_strike,R,R,STL,TOR,86.50,,,1,1,2023,2023-03
2023-03-30,2023,R,571945,543807,SL,Slider,,ball,R,R,STL,TOR,88.00,,,0,1,2023,2023-03
2023-03-30,2023,R,571945,543807,CU,Curveball,,called_strike,R,R,STL,TOR,77.00,,,0,0,2023,2023-03
2023-03-30,2023,R,571945,543807,SI,Sinker,single,hit_into_play,R,R,STL,TOR,93.40,69.90,24,0,1,2023,2023-03
2023-03-30,2023,R,571945,543807,FF,4-Seam Fastball,,called_strike,R,R,STL,TOR,94.30,,,0,0,2023,2023-03
2023-03-30,2023,R,571945,543807,SI,Sinker,single,hit_into_play,R,R,STL,TOR,94.90,101.30,15,2,2,2023,2023-03
2023-03-30,2023,R,571945,543807,SL,Slider,,foul,R,R,STL,TOR,87.00,51.80,-55,2,1,2023,2023-03
2023-03-30,2023,R,571945,543807,SL,Slider,,ball,R,R,STL,TOR,89.20,,,1,1,2023,2023-03
2023-03-30,2023,R,571945,543807,FF,4-Seam Fastball,,foul,R,R,STL,TOR,94.10,,,1,0,2023,2023-03
2023-03-30,2023,R,571945,543807,FF,4-Seam Fastball,,ball,R,R,STL,TOR,93.30,,,0,0,2023,2023-03
2023-03-30,2023,R,571945,593160,CU,Curveball,strikeout,swinging_strike,R,R,STL,TOR,76.30,,,2,2,2023,2023-03
2023-03-30,2023,R,571945,593160,SI,Sinker,,ball,R,R,STL,TOR,93.00,,,1,2,2023,2023-03
2023-03-30,2023,R,571945,593160,FF,4-Seam Fastball,,foul,R,R,STL,TOR,93.80,72.70,44,1,2,2023,2023-03
2023-03-30,2023,R,571945,593160,SL,Slider,,blocked_ball,R,R,STL,TOR,85.30,,,0,2,2023,2023-03
2023-03-30,2023,R,571945,593160,SL,Slider,,foul,R,R,STL,TOR,83.30,66.30,-41,0,1,2023,2023-03
2023-03-30,2023,R,571945,593160,SL,Slider,,swinging_strike,R,R,STL,TOR,86.50,,,0,0,2023,2023-03
2023-03-30,2023,R,571945,593160,SL,Slider,strikeout,called_strike,R,R,STL,TOR,85.00,,,1,2,2023,2023-03
2023-03-30,2023,R,571945,593160,SI,Sinker,,foul,R,R,STL,TOR,93.20,94.90,-3,1,1,2023,2023-03
2023-03-30,2023,R,571945,593160,SI,Sinker,,foul,R,R,STL,TOR,92.90,71.60,-53,1,0,2023,2023-03
2023-03-30,2023,R,571945,593160,CU,Curveball,,ball,R,R,STL,TOR,76.50,,,0,0,2023,2023-03
2023-03-30,2023,R,571945,595281,SL,Slider,strikeout,called_strike,L,R,STL,TOR,84.70,,,1,2,2023,2023-03
2023-03-30,2023,R,571945,595281,CH,Changeup,,swinging_strike,L,R,STL,TOR,79.70,,,1,1,2023,2023-03
2023-03-30,2023,R,571945,595281,SI,Sinker,,called_strike,L,R,STL,TOR,92.80,,,1,0,2023,2023-03
2023-03-30,2023,R,571945,595281,CU,Curveball,,ball,L,R,STL,TOR,75.10,,,0,0,2023,2023-03
2023-03-30,2023,R,571945,595281,CH,Changeup,field_out,hit_into_play,L,R,STL,TOR,84.50,94.20,47,0,1,2023,2023-03
2023-03-30,2023,R,571945,595281,SI,Sinker,,called_strike,L,R,STL,TOR,93.90,,,0,0,2023,2023-03
2023-03-30,2023,R,571945,656305,SI,Sinker,single,hit_into_play,R,R,STL,TOR,94.60,74.90,24,1,2,2023,2023-03
2023-03-30,2023,R,571945,656305,SL,Slider,,ball,R,R,STL,TOR,85.60,,,0,2,2023,2023-03
2023-03-30,2023,R,571945,656305,CU,Curveball,,foul,R,R,STL,TOR,77.30,83.70,61,0,2,2023,2023-03
2023-03-30,2023,R,571945,656305,SL,Slider,,called_strike,R,R,STL,TOR,87.10,,,0,1,2023,2023-03
2023-03-30,2023,R,571945,656305,FF,4-Seam Fastball,,foul,R,R,STL,TOR,93.90,80.00,17,0,0,2023,2023-03
2023-03-30,2023,R,571945,656305,SL,Slider,single,hit_into_play,R,R,STL,TOR,87.40,75.30,3,1,1,2023,2023-03
2023-03-30,2023,R,571945,656305,FF,4-Seam Fastball,,foul,R,R,STL,TOR,93.70,74.00,74,1,0,2023,2023-03
2023-03-30,2023,R,571945,656305,FF,4-Seam Fastball,,ball,R,R,STL,TOR,93.20,,,0,0,2023,2023-03
2023-03-30,2023,R,571945,662139,CU,Curveball,strikeout,swinging_strike,L,R,STL,TOR,77.50,,,1,2,2023,2023-03
2023-03-30,2023,R,571945,662139,SL,Slider,,called_strike,L,R,STL,TOR,87.20,,,1,1,2023,2023-03
2023-03-30,2023,R,571945,662139,SL,Slider,,foul,L,R,STL,TOR,85.90,64.30,-33,1,0,2023,2023-03
2023-03-30,2023,R,571945,662139,CH,Changeup,,ball,L,R,STL,TOR,81.40,,,0,0,2023,2023-03
2023-03-30,2023,R,571945,662139,FF,4-Seam Fastball,double,hit_into_play,L,R,STL,TOR,93.80,112.50,9,3,2,2023,2023-03
2023-03-30,2023,R,571945,662139,SI,Sinker,,ball,L,R,STL,TOR,93.60,,,2,2,2023,2023-03
2023-03-30,2023,R,571945,662139,SL,Slider,,foul,L,R,STL,TOR,86.30,106.10,17,2,2,2023,2023-03
2023-03-30,2023,R,571945,662139,FF,4-Seam Fastball,,foul,L,R,STL,TOR,94.40,73.10,57,2,2,2023,2023-03
2023-03-30,2023,R,571945,662139,CU,Curveball,,foul,L,R,STL,TOR,77.50,73.20,-33,2,2,2023,2023-03
2023-03-30,2023,R,571945,662139,SI,Sinker,,foul,L,R,STL,TOR,92.90,75.50,14,2,1,2023,2023-03
2023-03-30,2023,R,571945,662139,FF,4-Seam Fastball,,ball,L,R,STL,TOR,93.40,,,1,1,2023,2023-03
2023-03-30,2023,R,571945,662139,CU,Curveball,,swinging_strike,L,R,STL,TOR,77.10,,,1,0,2023,2023-03
2023-03-30,2023,R,571945,662139,CU,Curveball,,ball,L,R,STL,TOR,78.10,,,0,0,2023,2023-03
2023-03-30,2023,R,571945,665489,FF,4-Seam Fastball,single,hit_into_play,R,R,STL,TOR,92.80,115.50,-2,0,0,2023,2023-03
2023-03-30,2023,R,571945,665489,SI,Sinker,hit_by_pitch,hit_by_pitch,R,R,STL,TOR,92.20,,,1,0,2023,2023-03
2023-03-30,2023,R,571945,665489,CU,Curveball,,ball,R,R,STL,TOR,77.60,,,0,0,2023,2023-03
2023-03-30,2023,R,571945,665489,SI,Sinker,field_out,hit_into_play,R,R,STL,TOR,93.10,104.70,33,2,1,2023,2023-03
2023-03-30,2023,R,571945,665489,SL,Slider,,foul,R,R,STL,TOR,86.50,69.40,64,2,0,2023,2023-03
2023-03-30,2023,R,571945,665489,FF,4-Seam Fastball,,ball,R,R,STL,TOR,93.80,,,1,0,2023,2023-03
2023-03-30,2023,R,571945,665489,CU,Curveball,,ball,R,R,STL,TOR,76.30,,,0,0,2023,2023-03
2023-03-30,2023,R,571945,666182,FF,4-Seam Fastball,strikeout,swinging_strike,R,R,STL,TOR,92.60,,,2,2,2023,2023-03
2023-03-30,2023,R,571945,666182,CU,Curveball,,foul,R,R,STL,TOR,77.30,59.00,28,2,2,2023,2023-03
2023-03-30,2023,R,571945,666182,FF,4-Seam Fastball,,foul,R,R,STL,TOR,93.80,80.40,10,2,2,2023,2023-03
2023-03-30,2023,R,571945,666182,FF,4-Seam Fastball,,called_strike,R,R,STL,TOR,94.00,,,2,1,2023,2023-03
2023-03-30,2023,R,571945,666182,FF,4-Seam Fastball,,called_strike,R,R,STL,TOR,92.30,,,2,0,2023,2023-03
2023-03-30,2023,R,571945,666182,SL,Slider,,ball,R,R,STL,TOR,87.00,,,1,0,2023,2023-03
2023-03-30,2023,R,571945,666182,SI,Sinker,,ball,R,R,STL,TOR,91.90,,,0,0,2023,2023-03
2023-03-30,2023,R,571945,666182,FF,4-Seam Fastball,double,hit_into_play,R,R,STL,TOR,94.50,105.20,9,2,2,2023,2023-03
2023-03-30,2023,R,571945,666182,SL,Slider,,blocked_ball,R,R,STL,TOR,84.60,,,1,2,2023,2023-03
2023-03-30,2023,R,571945,666182,CU,Curveball,,foul,R,R,STL,TOR,76.30,102.30,33,1,1,2023,2023-03
2023-03-30,2023,R,571945,666182,FF,4-Seam Fastball,,foul,R,R,STL,TOR,93.30,75.40,43,1,0,2023,2023-03
2023-03-30,2023,R,571945,666182,SL,Slider,,ball,R,R,STL,TOR,88.50,,,0,0,2023,2023-03
2023-03-30,2023,R,571945,666182,SI,Sinker,single,hit_into_play,R,R,STL,TOR,93.70,69.40,18,2,2,2023,2023-03
2023-03-30,2023,R,571945,666182,SL,Slider,,ball,R,R,STL,TOR,86.80,,,1,2,2023,2023-03
2023-03-30,2023,R,571945,666182,CU,Curveball,,called_strike,R,R,STL,TOR,76.70,,,1,1,2023,2023-03
2023-03-30,2023,R,571945,666182,SI,Sinker,,foul,R,R,STL,TOR,92.40,71.60,26,1,0,2023,2023-03
2023-03-30,2023,R,571945,666182,FF,4-Seam Fastball,,ball,R,R,STL,TOR,93.80,,,0,0,2023,2023-03
2023-03-30,2023,R,571945,672386,CU,Curveball,field_out,hit_into_play,R,R,STL,TOR,76.80,97.60,28,1,2,2023,2023-03
2023-03-30,2023,R,571945,672386,FF,4-Seam Fastball,,ball,R,R,STL,TOR,93.10,,,0,2,2023,2023-03
2023-03-30,2023,R,571945,672386,SL,Slider,,called_strike,R,R,STL,TOR,86.40,,,0,1,2023,2023-03
2023-03-30,2023,R,571945,672386,FF,4-Seam Fastball,,called_strike,R,R,STL,TOR,92.30,,,0,0,2023,2023-03
2023-03-30,2023,R,571945,672386,CU,Curveball,single,hit_into_play,R,R,STL,TOR,77.20,75.70,17,1,1,2023,2023-03
2023-03-30,2023,R,571945,672386,SI,Sinker,,ball,R,R,STL,TOR,93.20,,,0,1,2023,2023-03
2023-03-30,2023,R,571945,672386,SI,Sinker,,foul,R,R,STL,TOR,94.20,76.60,31,0,0,2023,2023-03
2023-03-30,2023,R,571946,664983,ST,Sweeper,strikeout,swinging_strike,L,R,LAD,AZ,81.00,,,1,2,2023,2023-03
2023-03-30,2023,R,571946,664983,FF,4-Seam Fastball,,foul,L,R,LAD,AZ,92.70,68.90,-50,1,1,2023,2023-03
2023-03-30,2023,R,571946,664983,FF,4-Seam Fastball,,swinging_strike,L,R,LAD,AZ,92.40,,,1,0,2023,2023-03
2023-03-30,2023,R,571946,664983,FF,4-Seam Fastball,,ball,L,R,LAD,AZ,93.60,,,0,0,2023,2023-03
2023-03-30,2023,R,571946,672515,FF,4-Seam Fastball,field_out,hit_into_play,R,R,LAD,AZ,93.20,99.00,25,1,2,2023,2023-03
2023-03-30,2023,R,571946,672515,ST,Sweeper,,foul,R,R,LAD,AZ,82.70,58.50,-40,1,2,2023,2023-03
2023-03-30,2023,R,571946,672515,ST,Sweeper,,ball,R,R,LAD,AZ,83.00,,,0,2,2023,2023-03
2023-03-30,2023,R,571946,672515,FF,4-Seam Fastball,,called_strike,R,R,LAD,AZ,93.60,,,0,1,2023,2023-03
2023-03-30,2023,R,571946,672515,FF,4-Seam Fastball,,swinging_strike,R,R,LAD,AZ,92.10,,,0,0,2023,2023-03
2023-03-30,2023,R,571946,682998,FS,Split-Finger,field_out,hit_into_play,L,R,LAD,AZ,85.90,94.10,34,1,2,2023,2023-03
2023-03-30,2023,R,571946,682998,FF,4-Seam Fastball,,foul,L,R,LAD,AZ,92.40,76.60,73,1,1,2023,2023-03
2023-03-30,2023,R,571946,682998,FS,Split-Finger,,ball,L,R,LAD,AZ,85.80,,,0,1,2023,2023-03
2023-03-30,2023,R,571946,682998,FF,4-Seam Fastball,,called_strike,L,R,LAD,AZ,92.70,,,0,0,2023,2023-03
2023-03-30,2023,R,572193,542583,,,intent_walk,automatic_ball,R,R,ATH,LAA,,,,3,0,2023,2023-03
2023-03-30,2023,R,572193,542583,SI,Sinker,,ball,R,R,ATH,LAA,94.10,,,2,0,2023,2023-03
2023-03-30,2023,R,572193,542583,SI,Sinker,,ball,R,R,ATH,LAA,92.40,,,1,0,2023,2023-03
2023-03-30,2023,R,572193,542583,SL,Slider,,ball,R,R,ATH,LAA,85.70,,,0,0,2023,2023-03
2023-03-30,2023,R,572193,649557,SL,Slider,single,hit_into_play,R,R,ATH,LAA,84.80,86.90,17,1,0,2023,2023-03
2023-03-30,2023,R,572193,649557,SL,Slider,,ball,R,R,ATH,LAA,84.50,,,0,0,2023,2023-03
2023-03-30,2023,R,572193,657656,SI,Sinker,grounded_into_double_play,hit_into_play,R,R,ATH,LAA,92.70,102.50,-5,1,0,2023,2023-03
2023-03-30,2023,R,572193,657656,FF,4-Seam Fastball,,ball,R,R,ATH,LAA,92.30,,,0,0,2023,2023-03
2023-03-30,2023,R,572193,664913,ST,Sweeper,single,hit_into_play,L,R,ATH,LAA,78.70,109.00,5,1,2,2023,2023-03
2023-03-30,2023,R,572193,664913,CH,Changeup,,foul,L,R,ATH,LAA,86.00,90.30,-56,1,1,2023,2023-03
2023-03-30,2023,R,572193,664913,CH,Changeup,,blocked_ball,L,R,ATH,LAA,85.90,,,0,1,2023,2023-03
2023-03-30,2023,R,572193,664913,FF,4-Seam Fastball,,foul,L,R,ATH,LAA,92.20,88.90,41,0,0,2023,2023-03
2023-03-30,2023,R,572403,543807,FF,4-Seam Fastball,strikeout,foul_tip,R,R,STL,TOR,94.10,,,1,2,2023,2023-03
2023-03-30,2023,R,572403,543807,SI,Sinker,,called_strike,R,R,STL,TOR,93.50,,,1,1,2023,2023-03
2023-03-30,2023,R,572403,543807,FC,Cutter,,foul,R,R,STL,TOR,89.60,62.80,-10,1,0,2023,2023-03
2023-03-30,2023,R,572403,543807,ST,Sweeper,,ball,R,R,STL,TOR,81.50,,,0,0,2023,2023-03
2023-03-30,2023,R,572403,665489,FC,Cutter,force_out,hit_into_play,R,R,STL,TOR,88.60,99.90,-35,3,2,2023,2023-03
2023-03-30,2023,R,572403,665489,SI,Sinker,,ball,R,R,STL,TOR,94.00,,,2,2,2023,2023-03
2023-03-30,2023,R,572403,665489,FC,Cutter,,foul,R,R,STL,TOR,89.10,68.40,51,2,2,2023,2023-03
2023-03-30,2023,R,572403,665489,FF,4-Seam Fastball,,foul,R,R,STL,TOR,95.30,81.60,37,2,2,2023,2023-03
2023-03-30,2023,R,572403,665489,ST,Sweeper,,foul,R,R,STL,TOR,82.40,,,2,2,2023,2023-03
2023-03-30,2023,R,572403,665489,FC,Cutter,,foul,R,R,STL,TOR,87.60,91.10,33,2,1,2023,2023-03
2023-03-30,2023,R,572403,665489,ST,Sweeper,,ball,R,R,STL,TOR,82.30,,,1,1,2023,2023-03
2023-03-30,2023,R,572403,665489,FF,4-Seam Fastball,,ball,R,R,STL,TOR,96.10,,,0,1,2023,2023-03
2023-03-30,2023,R,572403,665489,SI,Sinker,,called_strike,R,R,STL,TOR,95.40,,,0,0,2023,2023-03
2023-03-30,2023,R,572403,666182,FC,Cutter,single,hit_into_play,R,R,STL,TOR,88.10,86.00,10,1,1,2023,2023-03
2023-03-30,2023,R,572403,666182,FF,4-Seam Fastball,,ball,R,R,STL,TOR,93.10,,,0,1,2023,2023-03
2023-03-30,2023,R,572403,666182,FC,Cutter,,swinging_strike,R,R,STL,TOR,87.40,,,0,0,2023,2023-03
2023-03-30,2023,R,573186,592885,SI,Sinker,field_out,hit_into_play,L,R,CHC,MIL,90.80,62.30,-44,0,0,2023,2023-03
2023-03-30,2023,R,573186,592885,SI,Sinker,walk,ball,L,R,CHC,MIL,90.00,,,3,2,2023,2023-03
2023-03-30,2023,R,573186,592885,SL,Slider,,blocked_ball,L,R,CHC,MIL,86.20,,,2,2,2023,2023-03
2023-03-30,2023,R,573186,592885,,,,automatic_ball,L,R,CHC,MIL,,,,1,2,2023,2023-03
2023-03-30,2023,R,573186,592885,FC,Cutter,,called_strike,L,R,CHC,MIL,88.30,,,1,1,2023,2023-03
2023-03-30,2023,R,573186,592885,FS,Split-Finger,,blocked_ball,L,R,CHC,MIL,86.70,,,0,1,2023,2023-03
2023-03-30,2023,R,573186,592885,SI,Sinker,,foul,L,R,CHC,MIL,90.60,21.60,41,0,0,2023,2023-03
2023-03-30,2023,R,573186,592885,SI,Sinker,strikeout,called_strike,L,R,CHC,MIL,91.00,,,1,2,2023,2023-03
2023-03-30,2023,R,573186,592885,SI,Sinker,,swinging_strike,L,R,CHC,MIL,90.40,,,1,1,2023,2023-03
2023-03-30,2023,R,573186,592885,SI,Sinker,,foul_tip,L,R,CHC,MIL,90.20,,,1,0,2023,2023-03
2023-03-30,2023,R,573186,592885,SI,Sinker,,ball,L,R,CHC,MIL,91.90,,,0,0,2023,2023-03
2023-03-30,2023,R,573186,605119,SI,Sinker,single,hit_into_play,R,R,CHC,MIL,90.90,104.60,5,1,0,2023,2023-03
2023-03-30,2023,R,573186,605119,SI,Sinker,,ball,R,R,CHC,MIL,91.00,,,0,0,2023,2023-03
2023-03-30,2023,R,573186,605119,SI,Sinker,strikeout,called_strike,R,R,CHC,MIL,90.80,,,2,2,2023,2023-03
2023-03-30,2023,R,573186,605119,SV,Slurve,,ball,R,R,CHC,MIL,84.60,,,1,2,2023,2023-03
2023-03-30,2023,R,573186,605119,SV,Slurve,,ball,R,R,CHC,MIL,85.00,,,0,2,2023,2023-03
2023-03-30,2023,R,573186,605119,SI,Sinker,,foul,R,R,CHC,MIL,90.10,,,0,1,2023,2023-03
2023-03-30,2023,R,573186,605119,SI,Sinker,,called_strike,R,R,CHC,MIL,90.50,,,0,0,2023,2023-03
2023-03-30,2023,R,573186,608385,FC,Cutter,field_out,hit_into_play,L,R,CHC,MIL,89.40,92.40,2,3,1,2023,2023-03
2023-03-30,2023,R,573186,608385,FS,Split-Finger,,ball,L,R,CHC,MIL,84.00,,,2,1,2023,2023-03
2023-03-30,2023,R,573186,608385,FF,4-Seam Fastball,,ball,L,R,CHC,MIL,92.00,,,1,1,2023,2023-03
2023-03-30,2023,R,573186,608385,FS,Split-Finger,,swinging_strike,L,R,CHC,MIL,86.10,,,1,0,2023,2023-03
2023-03-30,2023,R,573186,608385,SI,Sinker,,ball,L,R,CHC,MIL,90.80,,,0,0,2023,2023-03
2023-03-30,2023,R,573186,608385,FC,Cutter,strikeout,swinging_strike,L,R,CHC,MIL,88.80,,,1,2,2023,2023-03
2023-03-30,2023,R,573186,608385,FS,Split-Finger,,blocked_ball,L,R,CHC,MIL,85.70,,,0,2,2023,2023-03
2023-03-30,2023,R,573186,608385,FS,Split-Finger,,swinging_strike,L,R,CHC,MIL,84.60,,,0,1,2023,2023-03
2023-03-30,2023,R,573186,608385,FC,Cutter,,swinging_strike,L,R,CHC,MIL,88.80,,,0,0,2023,2023-03
2023-03-30,2023,R,573186,608385,SV,Slurve,strikeout,swinging_strike_blocked,L,R,CHC,MIL,84.40,,,1,2,2023,2023-03
2023-03-30,2023,R,573186,608385,SI,Sinker,,ball,L,R,CHC,MIL,91.80,,,0,2,2023,2023-03
2023-03-30,2023,R,573186,608385,SI,Sinker,,swinging_strike,L,R,CHC,MIL,91.30,,,0,1,2023,2023-03
2023-03-30,2023,R,573186,608385,SV,Slurve,,called_strike,L,R,CHC,MIL,82.70,,,0,0,2023,2023-03
2023-03-30,2023,R,573186,642133,SL,Slider,strikeout,swinging_strike_blocked,L,R,CHC,MIL,85.40,,,1,2,2023,2023-03
2023-03-30,2023,R,573186,642133,FC,Cutter,,swinging_strike,L,R,CHC,MIL,89.40,,,1,1,2023,2023-03
2023-03-30,2023,R,573186,642133,FF,4-Seam Fastball,,ball,L,R,CHC,MIL,90.90,,,0,1,2023,2023-03
2023-03-30,2023,R,573186,642133,FF,4-Seam Fastball,,called_strike,L,R,CHC,MIL,90.60,,,0,0,2023,2023-03
2023-03-30,2023,R,573186,642133,SV,Slurve,grounded_into_double_play,hit_into_play,L,R,CHC,MIL,82.90,93.40,1,1,2,2023,2023-03
2023-03-30,2023,R,573186,642133,FS,Split-Finger,,blocked_ball,L,R,CHC,MIL,83.70,,,0,2,2023,2023-03
2023-03-30,2023,R,573186,642133,SV,Slurve,,called_strike,L,R,CHC,MIL,83.90,,,0,1,2023,2023-03
2023-03-30,2023,R,573186,642133,SI,Sinker,,called_strike,L,R,CHC,MIL,90.40,,,0,0,2023,2023-03
2023-03-30,2023,R,573186,642133,SI,Sinker,walk,ball,L,R,CHC,MIL,92.30,,,3,1,2023,2023-03
2023-03-30,2023,R,573186,642133,SI,Sinker,,ball,L,R,CHC,MIL,91.40,,,2,1,2023,2023-03
2023-03-30,2023,R,573186,642133,FS,Split-Finger,,ball,L,R,CHC,MIL,87.90,,,1,1,2023,2023-03
2023-03-30,2023,R,573186,642133,SI,Sinker,,ball,L,R,CHC,MIL,91.40,,,0,1,2023,2023-03
2023-03-30,2023,R,573186,642133,SI,Sinker,,called_strike,L,R,CHC,MIL,91.00,,,0,0,2023,2023-03
2023-03-30,2023,R,573186,642715,SI,Sinker,field_out,hit_into_play,R,R,CHC,MIL,90.40,105.10,5,1,0,2023,2023-03
2023-03-30,2023,R,573186,642715,SI,Sinker,,ball,R,R,CHC,MIL,90.50,,,0,0,2023,2023-03
2023-03-30,2023,R,573186,642715,SI,Sinker,walk,ball,R,R,CHC,MIL,90.80,,,3,2,2023,2023-03
2023-03-30,2023,R,573186,642715,SV,Slurve,,swinging_strike,R,R,CHC,MIL,84.20,,,3,1,2023,2023-03
2023-03-30,2023,R,573186,642715,SI,Sinker,,swinging_strike,R,R,CHC,MIL,90.10,,,3,0,2023,2023-03
2023-03-30,2023,R,573186,642715,SI,Sinker,,ball,R,R,CHC,MIL,90.90,,,2,0,2023,2023-03
2023-03-30,2023,R,573186,642715,SV,Slurve,,ball,R,R,CHC,MIL,84.90,,,1,0,2023,2023-03
2023-03-30,2023,R,573186,642715,SI,Sinker,,ball,R,R,CHC,MIL,90.80,,,0,0,2023,2023-03
2023-03-30,2023,R,573186,642715,SI,Sinker,single,hit_into_play,R,R,CHC,MIL,90.60,98.90,13,1,1,2023,2023-03
2023-03-30,2023,R,573186,642715,SV,Slurve,,ball,R,R,CHC,MIL,84.80,,,0,1,2023,2023-03
2023-03-30,2023,R,573186,642715,SI,Sinker,,called_strike,R,R,CHC,MIL,90.60,,,0,0,2023,2023-03
2023-03-30,2023,R,573186,649966,FF,4-Seam Fastball,field_out,hit_into_play,R,R,CHC,MIL,90.90,86.30,74,2,2,2023,2023-03
2023-03-30,2023,R,573186,649966,SI,Sinker,,ball,R,R,CHC,MIL,90.70,,,1,2,2023,2023-03
2023-03-30,2023,R,573186,649966,SV,Slurve,,ball,R,R,CHC,MIL,85.70,,,0,2,2023,2023-03
2023-03-30,2023,R,573186,649966,SV,Slurve,,called_strike,R,R,CHC,MIL,85.00,,,0,1,2023,2023-03
2023-03-30,2023,R,573186,649966,SV,Slurve,,called_strike,R,R,CHC,MIL,85.00,,,0,0,2023,2023-03
2023-03-30,2023,R,573186,649966,SI,Sinker,field_out,hit_into_play,R,R,CHC,MIL,91.60,97.00,-13,1,0,2023,2023-03
2023-03-30,2023,R,573186,649966,SI,Sinker,,ball,R,R,CHC,MIL,90.60,,,0,0,2023,2023-03
2023-03-30,2023,R,573186,661388,SV,Slurve,strikeout,swinging_strike_blocked,R,R,CHC,MIL,83.80,,,1,2,2023,2023-03
2023-03-30,2023,R,573186,661388,FF,4-Seam Fastball,,ball,R,R,CHC,MIL,89.40,,,0,2,2023,2023-03
2023-03-30,2023,R,573186,661388,SV,Slurve,,foul,R,R,CHC,MIL,84.10,77.50,56,0,2,2023,2023-03
2023-03-30,2023,R,573186,661388,SV,Slurve,,swinging_strike,R,R,CHC,MIL,83.80,,,0,1,2023,2023-03
2023-03-30,2023,R,573186,661388,SV,Slurve,,called_strike,R,R,CHC,MIL,83.80,,,0,0,2023,2023-03
2023-03-30,2023,R,573186,661388,SV,Slurve,strikeout,called_strike,R,R,CHC,MIL,85.40,,,2,2,2023,2023-03
2023-03-30,2023,R,573186,661388,SI,Sinker,,ball,R,R,CHC,MIL,90.60,,,1,2,2023,2023-03
2023-03-30,2023,R,573186,661388,SV,Slurve,,foul,R,R,CHC,MIL,84.50,89.70,41,1,1,2023,2023-03
2023-03-30,2023,R,573186,661388,SL,Slider,,called_strike,R,R,CHC,MIL,84.50,,,1,0,2023,2023-03
2023-03-30,2023,R,573186,661388,SI,Sinker,,ball,R,R,CHC,MIL,89.60,,,0,0,2023,2023-03
2023-03-30,2023,R,573186,661388,SI,Sinker,strikeout,swinging_strike,R,R,CHC,MIL,90.60,,,2,2,2023,2023-03
2023-03-30,2023,R,573186,661388,SV,Slurve,,ball,R,R,CHC,MIL,85.40,,,1,2,2023,2023-03
2023-03-30,2023,R,573186,661388,SV,Slurve,,blocked_ball,R,R,CHC,MIL,85.40,,,0,2,2023,2023-03
2023-03-30,2023,R,573186,661388,SV,Slurve,,called_strike,R,R,CHC,MIL,84.00,,,0,1,2023,2023-03
2023-03-30,2023,R,573186,661388,SV,Slurve,,called_strike,R,R,CHC,MIL,84.70,,,0,0,2023,2023-03
2023-03-30,2023,R,573186,668930,FC,Cutter,force_out,hit_into_play,L,R,CHC,MIL,89.80,72.30,-20,1,2,2023,2023-03
2023-03-30,2023,R,573186,668930,SI,Sinker,,foul,L,R,CHC,MIL,91.10,73.20,30,1,1,2023,2023-03
2023-03-30,2023,R,573186,668930,FF,4-Seam Fastball,,foul,L,R,CHC,MIL,92.00,75.70,26,1,0,2023,2023-03
2023-03-30,2023,R,573186,668930,FS,Split-Finger,,ball,L,R,CHC,MIL,85.00,,,0,0,2023,2023-03
2023-03-30,2023,R,573186,668930,SI,Sinker,single,hit_into_play,L,R,CHC,MIL,90.40,85.60,-45,0,0,2023,2023-03
2023-03-30,2023,R,573186,669003,FS,Split-Finger,field_out,hit_into_play,L,R,CHC,MIL,85.10,61.70,-34,1,0,2023,2023-03
2023-03-30,2023,R,573186,669003,SI,Sinker,,ball,L,R,CHC,MIL,91.40,,,0,0,2023,2023-03
2023-03-30,2023,R,573186,669003,FC,Cutter,field_out,hit_into_play,L,R,CHC,MIL,87.20,83.50,4,3,2,2023,2023-03
2023-03-30,2023,R,573186,669003,SI,Sinker,,foul,L,R,CHC,MIL,90.20,,,3,2,2023,2023-03
2023-03-30,2023,R,573186,669003,SV,Slurve,,ball,L,R,CHC,MIL,84.80,,,2,2,2023,2023-03
2023-03-30,2023,R,573186,669003,SI,Sinker,,foul,L,R,CHC,MIL,91.20,76.30,-24,2,1,2023,2023-03
2023-03-30,2023,R,573186,669003,FC,Cutter,,foul,L,R,CHC,MIL,89.50,,,2,0,2023,2023-03
2023-03-30,2023,R,573186,669003,SI,Sinker,,ball,L,R,CHC,MIL,90.80,,,1,0,2023,2023-03
2023-03-30,2023,R,573186,669003,FF,4-Seam Fastball,,ball,L,R,CHC,MIL,91.50,,,0,0,2023,2023-03
2023-03-30,2023,R,573204,614177,CU,Curveball,strikeout,swinging_strike,R,L,KC,MIN,74.00,,,0,2,2023,2023-03
2023-03-30,2023,R,573204,614177,FF,4-Seam Fastball,,foul,R,L,KC,MIN,95.40,76.70,69,0,2,2023,2023-03
2023-03-30,2023,R,573204,614177,CU,Curveball,,swinging_strike,R,L,KC,MIN,74.00,,,0,1,2023,2023-03
2023-03-30,2023,R,573204,614177,FF,4-Seam Fastball,,called_strike,R,L,KC,MIN,93.80,,,0,0,2023,2023-03
2023-03-30,2023,R,573204,686469,ST,Sweeper,field_out,hit_into_play,L,L,KC,MIN,81.00,82.30,78,2,2,2023,2023-03
2023-03-30,2023,R,573204,686469,FF,4-Seam Fastball,,foul,L,L,KC,MIN,93.20,,,2,1,2023,2023-03
2023-03-30,2023,R,573204,686469,SL,Slider,,ball,L,L,KC,MIN,88.60,,,1,1,2023,2023-03
2023-03-30,2023,R,573204,686469,FF,4-Seam Fastball,,called_strike,L,L,KC,MIN,93.50,,,1,0,2023,2023-03
2023-03-30,2023,R,573204,686469,FF,4-Seam Fastball,,ball,L,L,KC,MIN,94.00,,,0,0,2023,2023-03
2023-03-30,2023,R,573204,686681,SL,Slider,field_out,hit_into_play,L,L,KC,MIN,86.60,77.10,38,1,0,2023,2023-03
2023-03-30,2023,R,573204,686681,SL,Slider,,ball,L,L,KC,MIN,87.70,,,0,0,2023,2023-03
2023-03-30,2023,R,592094,595879,ST,Sweeper,field_out,hit_into_play,R,R,TB,DET,81.60,92.00,37,1,2,2023,2023-03
2023-03-30,2023,R,592094,595879,ST,Sweeper,,ball,R,R,TB,DET,82.30,,,0,2,2023,2023-03
2023-03-30,2023,R,592094,595879,ST,Sweeper,,swinging_strike,R,R,TB,DET,80.90,,,0,1,2023,2023-03
2023-03-30,2023,R,592094,595879,ST,Sweeper,,swinging_strike,R,R,TB,DET,80.80,,,0,0,2023,2023-03
2023-03-30,2023,R,592094,606992,CH,Changeup,field_out,hit_into_play,R,R,TB,DET,87.40,47.70,34,2,2,2023,2023-03
2023-03-30,2023,R,592094,606992,ST,Sweeper,,ball,R,R,TB,DET,80.10,,,1,2,2023,2023-03
2023-03-30,2023,R,592094,606992,CH,Changeup,,swinging_strike,R,R,TB,DET,88.30,,,1,1,2023,2023-03
2023-03-30,2023,R,592094,606992,CH,Changeup,,swinging_strike,R,R,TB,DET,88.60,,,1,0,2023,2023-03
2023-03-30,2023,R,592094,606992,ST,Sweeper,,ball,R,R,TB,DET,79.70,,,0,0,2023,2023-03
2023-03-30,2023,R,592094,656716,CH,Changeup,field_out,hit_into_play,L,R,TB,DET,89.10,83.40,-29,0,1,2023,2023-03
2023-03-30,2023,R,592094,656716,FF,4-Seam Fastball,,foul,L,R,TB,DET,93.00,70.60,29,0,0,2023,2023-03
2023-03-30,2023,R,592094,682985,FF,4-Seam Fastball,walk,ball,L,R,TB,DET,93.00,,,3,0,2023,2023-03
2023-03-30,2023,R,592094,682985,SL,Slider,,ball,L,R,TB,DET,86.00,,,2,0,2023,2023-03
2023-03-30,2023,R,592094,682985,FF,4-Seam Fastball,,ball,L,R,TB,DET,93.10,,,1,0,2023,2023-03
2023-03-30,2023,R,592094,682985,CH,Changeup,,ball,L,R,TB,DET,88.10,,,0,0,2023,2023-03
2023-03-30,2023,R,592741,542194,FF,4-Seam Fastball,walk,ball,R,L,TB,DET,91.70,,,3,2,2023,2023-03
2023-03-30,2023,R,592741,542194,FS,Split-Finger,,foul,R,L,TB,DET,82.30,83.50,27,3,2,2023,2023-03
2023-03-30,2023,R,592741,542194,FF,4-Seam Fastball,,ball,R,L,TB,DET,89.70,,,2,2,2023,2023-03
2023-03-30,2023,R,592741,542194,ST,Sweeper,,foul,R,L,TB,DET,82.40,63.00,37,2,1,2023,2023-03
2023-03-30,2023,R,592741,542194,FF,4-Seam Fastball,,ball,R,L,TB,DET,90.30,,,1,1,2023,2023-03
2023-03-30,2023,R,592741,542194,FS,Split-Finger,,swinging_strike,R,L,TB,DET,82.80,,,1,0,2023,2023-03
2023-03-30,2023,R,592741,542194,FS,Split-Finger,,ball,R,L,TB,DET,83.30,,,0,0,2023,2023-03
2023-03-30,2023,R,592741,642350,FF,4-Seam Fastball,strikeout,swinging_strike,R,L,TB,DET,91.50,,,2,2,2023,2023-03
2023-03-30,2023,R,592741,642350,FS,Split-Finger,,called_strike,R,L,TB,DET,82.30,,,2,1,2023,2023-03
2023-03-30,2023,R,592741,642350,FS,Split-Finger,,ball,R,L,TB,DET,82.30,,,1,1,2023,2023-03
2023-03-30,2023,R,592741,642350,FS,Split-Finger,,called_strike,R,L,TB,DET,82.60,,,1,0,2023,2023-03
2023-03-30,2023,R,592741,642350,ST,Sweeper,,ball,R,L,TB,DET,82.30,,,0,0,2023,2023-03
2023-03-30,2023,R,592741,664040,FS,Split-Finger,strikeout,swinging_strike,L,L,TB,DET,82.50,,,0,2,2023,2023-03
2023-03-30,2023,R,592741,664040,FF,4-Seam Fastball,,foul,L,L,TB,DET,90.30,89.10,68,0,1,2023,2023-03
2023-03-30,2023,R,592741,664040,ST,Sweeper,,called_strike,L,L,TB,DET,83.60,,,0,0,2023,2023-03
2023-03-30,2023,R,592741,670764,FS,Split-Finger,force_out,hit_into_play,R,L,TB,DET,82.40,81.00,7,2,2,2023,2023-03
2023-03-30,2023,R,592741,670764,FS,Split-Finger,,foul,R,L,TB,DET,82.90,69.70,72,2,2,2023,2023-03
2023-03-30,2023,R,592741,670764,FF,4-Seam Fastball,,foul,R,L,TB,DET,90.10,73.00,30,2,2,2023,2023-03
2023-03-30,2023,R,592741,670764,FF,4-Seam Fastball,,ball,R,L,TB,DET,91.00,,,1,2,2023,2023-03
2023-03-30,2023,R,592741,670764,FS,Split-Finger,,swinging_strike,R,L,TB,DET,83.10,,,1,1,2023,2023-03
2023-03-30,2023,R,592741,670764,FS,Split-Finger,,blocked_ball,R,L,TB,DET,83.10,,,0,1,2023,2023-03
2023-03-30,2023,R,592741,670764,FF,4-Seam Fastball,,swinging_strike,R,L,TB,DET,91.30,,,0,0,2023,2023-03
2023-03-30,2023,R,593576,462101,SL,Slider,field_out,hit_into_play,R,R,HOU,CWS,84.20,87.80,-5,0,0,2023,2023-03
2023-03-30,2023,R,593576,641313,SI,Sinker,single,hit_into_play,R,R,HOU,CWS,92.80,103.00,-5,0,1,2023,2023-03
2023-03-30,2023,R,593576,641313,SI,Sinker,,called_strike,R,R,HOU,CWS,92.50,,,0,0,2023,2023-03
2023-03-30,2023,R,593576,650391,FS,Split-Finger,strikeout,swinging_strike,R,R,HOU,CWS,83.70,,,1,2,2023,2023-03
2023-03-30,2023,R,593576,650391,FS,Split-Finger,,ball,R,R,HOU,CWS,84.80,,,0,2,2023,2023-03
2023-03-30,2023,R,593576,650391,FF,4-Seam Fastball,,called_strike,R,R,HOU,CWS,93.60,,,0,1,2023,2023-03
2023-03-30,2023,R,593576,650391,FF,4-Seam Fastball,,foul,R,R,HOU,CWS,93.50,84.50,63,0,0,2023,2023-03
2023-03-30,2023,R,593576,673357,FF,4-Seam Fastball,catcher_interf,foul,R,R,HOU,CWS,93.30,,,0,0,2023,2023-03
2023-03-30,2023,R,593576,683734,SI,Sinker,strikeout,swinging_strike,R,R,HOU,CWS,93.30,,,2,2,2023,2023-03
2023-03-30,2023,R,593576,683734,FS,Split-Finger,,foul,R,R,HOU,CWS,83.80,,,2,2,2023,2023-03
2023-03-30,2023,R,593576,683734,FS,Split-Finger,,swinging_strike,R,R,HOU,CWS,84.40,,,2,1,2023,2023-03
2023-03-30,2023,R,593576,683734,FS,Split-Finger,,ball,R,R,HOU,CWS,83.80,,,1,1,2023,2023-03
2023-03-30,2023,R,593576,683734,FF,4-Seam Fastball,,foul,R,R,HOU,CWS,92.40,76.40,45,1,0,2023,2023-03
2023-03-30,2023,R,593576,683734,SI,Sinker,,ball,R,R,HOU,CWS,92.50,,,0,0,2023,2023-03
2023-03-30,2023,R,593576,693049,FF,4-Seam Fastball,single,hit_into_play,L,R,HOU,CWS,92.90,109.40,1,2,0,2023,2023-03
2023-03-30,2023,R,593576,693049,FS,Split-Finger,,ball,L,R,HOU,CWS,82.40,,,1,0,2023,2023-03
2023-03-30,2023,R,593576,693049,FS,Split-Finger,,ball,L,R,HOU,CWS,81.90,,,0,0,2023,2023-03
2023-03-30,2023,R,593619,453568,FF,4-Seam Fastball,strikeout,swinging_strike,L,R,SD,COL,95.50,,,0,2,2023,2023-03
2023-03-30,2023,R,593619,453568,FF,4-Seam Fastball,,foul,L,R,SD,COL,96.10,59.10,67,0,1,2023,2023-03
2023-03-30,2023,R,593619,453568,FF,4-Seam Fastball,,called_strike,L,R,SD,COL,94.50,,,0,0,2023,2023-03
2023-03-30,2023,R,593619,543068,SL,Slider,double,hit_into_play,R,R,SD,COL,88.30,111.90,12,2,2,2023,2023-03
2023-03-30,2023,R,593619,543068,SI,Sinker,,foul,R,R,SD,COL,94.50,66.80,68,2,1,2023,2023-03
2023-03-30,2023,R,593619,543068,SI,Sinker,,called_strike,R,R,SD,COL,95.00,,,2,0,2023,2023-03
2023-03-30,2023,R,593619,543068,SI,Sinker,,ball,R,R,SD,COL,94.30,,,1,0,2023,2023-03
2023-03-30,2023,R,593619,543068,SI,Sinker,,ball,R,R,SD,COL,95.10,,,0,0,2023,2023-03
2023-03-30,2023,R,593619,543068,FF,4-Seam Fastball,home_run,hit_into_play,R,R,SD,COL,97.40,101.10,30,0,0,2023,2023-03
2023-03-30,2023,R,593619,553869,SL,Slider,strikeout,swinging_strike,R,R,SD,COL,89.20,,,0,2,2023,2023-03
2023-03-30,2023,R,593619,553869,SI,Sinker,,foul,R,R,SD,COL,95.50,95.00,52,0,1,2023,2023-03
2023-03-30,2023,R,593619,553869,SI,Sinker,,foul,R,R,SD,COL,95.30,74.60,24,0,0,2023,2023-03
2023-03-30,2023,R,593619,592178,SI,Sinker,single,hit_into_play,R,R,SD,COL,95.80,62.40,-47,2,2,2023,2023-03
2023-03-30,2023,R,593619,592178,SL,Slider,,ball,R,R,SD,COL,87.40,,,1,2,2023,2023-03
2023-03-30,2023,R,593619,592178,SI,Sinker,,called_strike,R,R,SD,COL,95.10,,,1,1,2023,2023-03
2023-03-30,2023,R,593619,592178,SI,Sinker,,called_strike,R,R,SD,COL,94.80,,,1,0,2023,2023-03
2023-03-30,2023,R,593619,592178,SL,Slider,,ball,R,R,SD,COL,89.10,,,0,0,2023,2023-03
2023-03-30,2023,R,593619,602074,SI,Sinker,strikeout,swinging_strike,R,R,SD,COL,95.80,,,2,2,2023,2023-03
2023-03-30,2023,R,593619,602074,SI,Sinker,,foul,R,R,SD,COL,94.80,75.60,-23,2,2,2023,2023-03
2023-03-30,2023,R,593619,602074,CH,Changeup,,ball,R,R,SD,COL,87.80,,,1,2,2023,2023-03
2023-03-30,2023,R,593619,602074,SI,Sinker,,foul,R,R,SD,COL,94.40,77.00,-31,1,2,2023,2023-03
2023-03-30,2023,R,593619,602074,SI,Sinker,,foul,R,R,SD,COL,94.40,79.60,-25,1,1,2023,2023-03
2023-03-30,2023,R,593619,602074,SL,Slider,,ball,R,R,SD,COL,86.80,,,0,1,2023,2023-03
2023-03-30,2023,R,593619,602074,SI,Sinker,,foul,R,R,SD,COL,94.10,59.10,39,0,0,2023,2023-03
2023-03-30,2023,R,593619,605612,CH,Changeup,strikeout,swinging_strike,L,R,SD,COL,89.40,,,0,2,2023,2023-03
2023-03-30,2023,R,593619,605612,FF,4-Seam Fastball,,foul,L,R,SD,COL,95.90,75.40,38,0,2,2023,2023-03
2023-03-30,2023,R,593619,605612,CH,Changeup,,called_strike,L,R,SD,COL,88.50,,,0,1,2023,2023-03
2023-03-30,2023,R,593619,605612,CH,Changeup,,foul,L,R,SD,COL,88.70,67.30,30,0,0,2023,2023-03
2023-03-30,2023,R,593619,641857,FF,4-Seam Fastball,double,hit_into_play,L,R,SD,COL,96.10,106.90,-2,3,2,2023,2023-03
2023-03-30,2023,R,593619,641857,FF,4-Seam Fastball,,swinging_strike,L,R,SD,COL,95.80,,,3,1,2023,2023-03
2023-03-30,2023,R,593619,641857,CH,Changeup,,ball,L,R,SD,COL,88.00,,,2,1,2023,2023-03
2023-03-30,2023,R,593619,641857,FF,4-Seam Fastball,,ball,L,R,SD,COL,97.20,,,1,1,2023,2023-03
2023-03-30,2023,R,593619,641857,FF,4-Seam Fastball,,swinging_strike,L,R,SD,COL,95.40,,,1,0,2023,2023-03
2023-03-30,2023,R,593619,641857,FF,4-Seam Fastball,,ball,L,R,SD,COL,97.50,,,0,0,2023,2023-03
2023-03-30,2023,R,593619,660707,SL,Slider,home_run,hit_into_play,R,R,SD,COL,87.70,108.00,18,1,1,2023,2023-03
2023-03-30,2023,R,593619,660707,SL,Slider,,ball,R,R,SD,COL,87.80,,,0,1,2023,2023-03
2023-03-30,2023,R,593619,660707,SI,Sinker,,called_strike,R,R,SD,COL,96.30,,,0,0,2023,2023-03
2023-03-30,2023,R,593619,678662,SL,Slider,field_out,hit_into_play,R,R,SD,COL,88.90,100.20,-31,2,2,2023,2023-03
2023-03-30,2023,R,593619,678662,FF,4-Seam Fastball,,ball,R,R,SD,COL,97.50,,,1,2,2023,2023-03
2023-03-30,2023,R,593619,678662,FF,4-Seam Fastball,,ball,R,R,SD,COL,96.00,,,0,2,2023,2023-03
2023-03-30,2023,R,593619,678662,FF,4-Seam Fastball,,foul,R,R,SD,COL,96.30,76.20,22,0,1,2023,2023-03
2023-03-30,2023,R,593619,678662,FF,4-Seam Fastball,,foul,R,R,SD,COL,97.10,85.30,24,0,0,2023,2023-03
2023-03-30,2023,R,593958,542194,SL,Slider,field_out,hit_into_play,R,L,TB,DET,84.50,96.10,34,0,0,2023,2023-03
2023-03-30,2023,R,593958,542194,FC,Cutter,field_out,hit_into_play,R,L,TB,DET,89.90,57.80,-25,0,0,2023,2023-03
2023-03-30,2023,R,593958,622534,FF,4-Seam Fastball,strikeout,swinging_strike,R,L,TB,DET,92.70,,,1,2,2023,2023-03
2023-03-30,2023,R,593958,622534,SI,Sinker,,foul,R,L,TB,DET,93.20,69.80,44,1,2,2023,2023-03
2023-03-30,2023,R,593958,622534,CH,Changeup,,foul,R,L,TB,DET,87.70,68.30,67,1,1,2023,2023-03
2023-03-30,2023,R,593958,622534,CH,Changeup,,ball,R,L,TB,DET,87.20,,,0,1,2023,2023-03
2023-03-30,2023,R,593958,622534,FC,Cutter,,called_strike,R,L,TB,DET,88.10,,,0,0,2023,2023-03
2023-03-30,2023,R,593958,622534,FF,4-Seam Fastball,field_out,hit_into_play,R,L,TB,DET,93.30,83.40,54,2,1,2023,2023-03
2023-03-30,2023,R,593958,622534,FC,Cutter,,called_strike,R,L,TB,DET,87.80,,,2,0,2023,2023-03
2023-03-30,2023,R,593958,622534,CH,Changeup,,ball,R,L,TB,DET,86.70,,,1,0,2023,2023-03
2023-03-30,2023,R,593958,622534,FF,4-Seam Fastball,,ball,R,L,TB,DET,92.90,,,0,0,2023,2023-03
2023-03-30,2023,R,593958,623912,FF,4-Seam Fastball,field_out,hit_into_play,R,L,TB,DET,92.80,86.40,69,2,2,2023,2023-03
2023-03-30,2023,R,593958,623912,FC,Cutter,,foul,R,L,TB,DET,89.30,,,2,2,2023,2023-03
2023-03-30,2023,R,593958,623912,CH,Changeup,,foul,R,L,TB,DET,86.20,,,2,1,2023,2023-03
2023-03-30,2023,R,593958,623912,CH,Changeup,,ball,R,L,TB,DET,87.60,,,1,1,2023,2023-03
2023-03-30,2023,R,593958,623912,FF,4-Seam Fastball,,foul,R,L,TB,DET,92.10,68.60,55,1,0,2023,2023-03
2023-03-30,2023,R,593958,623912,SL,Slider,,ball,R,L,TB,DET,84.50,,,0,0,2023,2023-03
2023-03-30,2023,R,593958,623912,SI,Sinker,strikeout,called_strike,R,L,TB,DET,92.60,,,2,2,2023,2023-03
2023-03-30,2023,R,593958,623912,CH,Changeup,,foul,R,L,TB,DET,86.50,61.10,37,2,2,2023,2023-03
2023-03-30,2023,R,593958,623912,CH,Changeup,,swinging_strike,R,L,TB,DET,86.30,,,2,1,2023,2023-03
2023-03-30,2023,R,593958,623912,FF,4-Seam Fastball,,ball,R,L,TB,DET,92.00,,,1,1,2023,2023-03
2023-03-30,2023,R,593958,623912,FC,Cutter,,swinging_strike,R,L,TB,DET,87.00,,,1,0,2023,2023-03
2023-03-30,2023,R,593958,623912,FC,Cutter,,ball,R,L,TB,DET,87.70,,,0,0,2023,2023-03
2023-03-30,2023,R,593958,642350,FC,Cutter,strikeout,swinging_strike,R,L,TB,DET,88.80,,,2,2,2023,2023-03
2023-03-30,2023,R,593958,642350,SI,Sinker,,foul,R,L,TB,DET,93.30,77.80,23,2,2,2023,2023-03
2023-03-30,2023,R,593958,642350,FC,Cutter,,swinging_strike,R,L,TB,DET,88.40,,,2,1,2023,2023-03
2023-03-30,2023,R,593958,642350,CH,Changeup,,ball,R,L,TB,DET,87.40,,,1,1,2023,2023-03
2023-03-30,2023,R,593958,642350,CH,Changeup,,ball,R,L,TB,DET,87.50,,,0,1,2023,2023-03
2023-03-30,2023,R,593958,642350,FF,4-Seam Fastball,,called_strike,R,L,TB,DET,93.50,,,0,0,2023,2023-03
2023-03-30,2023,R,593958,642350,FC,Cutter,home_run,hit_into_play,R,L,TB,DET,89.40,110.50,23,1,1,2023,2023-03
2023-03-30,2023,R,593958,642350,FC,Cutter,,called_strike,R,L,TB,DET,86.20,,,1,0,2023,2023-03
2023-03-30,2023,R,593958,642350,FF,4-Seam Fastball,,ball,R,L,TB,DET,91.20,,,0,0,2023,2023-03
2023-03-30,2023,R,593958,650490,FC,Cutter,walk,ball,R,L,TB,DET,87.00,,,3,1,2023,2023-03
2023-03-30,2023,R,593958,650490,FC,Cutter,,ball,R,L,TB,DET,86.50,,,2,1,2023,2023-03
2023-03-30,2023,R,593958,650490,FF,4-Seam Fastball,,foul,R,L,TB,DET,91.80,70.40,20,2,0,2023,2023-03
2023-03-30,2023,R,593958,650490,FF,4-Seam Fastball,,ball,R,L,TB,DET,92.10,,,1,0,2023,2023-03
2023-03-30,2023,R,593958,650490,CH,Changeup,,ball,R,L,TB,DET,85.60,,,0,0,2023,2023-03
2023-03-30,2023,R,593958,650490,FC,Cutter,strikeout,called_strike,R,L,TB,DET,89.70,,,1,2,2023,2023-03
2023-03-30,2023,R,593958,650490,CH,Changeup,,ball,R,L,TB,DET,87.60,,,0,2,2023,2023-03
2023-03-30,2023,R,593958,650490,CH,Changeup,,swinging_strike,R,L,TB,DET,86.60,,,0,1,2023,2023-03
2023-03-30,2023,R,593958,650490,FF,4-Seam Fastball,,called_strike,R,L,TB,DET,91.90,,,0,0,2023,2023-03
2023-03-30,2023,R,593958,650490,FF,4-Seam Fastball,field_out,hit_into_play,R,L,TB,DET,93.40,93.20,46,3,1,2023,2023-03
2023-03-30,2023,R,593958,650490,FF,4-Seam Fastball,,called_strike,R,L,TB,DET,93.30,,,3,0,2023,2023-03
2023-03-30,2023,R,593958,650490,FC,Cutter,,ball,R,L,TB,DET,88.40,,,2,0,2023,2023-03
2023-03-30,2023,R,593958,650490,CH,Changeup,,ball,R,L,TB,DET,85.70,,,1,0,2023,2023-03
2023-03-30,2023,R,593958,650490,FC,Cutter,,ball,R,L,TB,DET,89.10,,,0,0,2023,2023-03
2023-03-30,2023,R,593958,664040,SI,Sinker,strikeout,called_strike,L,L,TB,DET,92.30,,,1,2,2023,2023-03
2023-03-30,2023,R,593958,664040,FF,4-Seam Fastball,,foul,L,L,TB,DET,92.10,75.30,28,1,1,2023,2023-03
2023-03-30,2023,R,593958,664040,FC,Cutter,,ball,L,L,TB,DET,88.80,,,0,1,2023,2023-03
2023-03-30,2023,R,593958,664040,FF,4-Seam Fastball,,swinging_strike,L,L,TB,DET,91.20,,,0,0,2023,2023-03
2023-03-30,2023,R,593958,664040,FF,4-Seam Fastball,walk,ball,L,L,TB,DET,94.00,,,3,1,2023,2023-03
2023-03-30,2023,R,593958,664040,FF,4-Seam Fastball,,called_strike,L,L,TB,DET,93.10,,,3,0,2023,2023-03
2023-03-30,2023,R,593958,664040,FF,4-Seam Fastball,,ball,L,L,TB,DET,94.10,,,2,0,2023,2023-03
2023-03-30,2023,R,593958,664040,FF,4-Seam Fastball,,ball,L,L,TB,DET,94.10,,,1,0,2023,2023-03
2023-03-30,2023,R,593958,664040,SL,Slider,,ball,L,L,TB,DET,83.80,,,0,0,2023,2023-03
2023-03-30,2023,R,593958,668227,FC,Cutter,field_out,hit_into_play,R,L,TB,DET,89.20,95.50,55,3,2,2023,2023-03
2023-03-30,2023,R,593958,668227,CH,Changeup,,swinging_strike,R,L,TB,DET,87.40,,,3,1,2023,2023-03
2023-03-30,2023,R,593958,668227,FC,Cutter,,ball,R,L,TB,DET,86.30,,,2,1,2023,2023-03
2023-03-30,2023,R,593958,668227,FF,4-Seam Fastball,,called_strike,R,L,TB,DET,92.00,,,2,0,2023,2023-03
2023-03-30,2023,R,593958,668227,FC,Cutter,,ball,R,L,TB,DET,89.30,,,1,0,2023,2023-03
2023-03-30,2023,R,593958,668227,FF,4-Seam Fastball,,ball,R,L,TB,DET,91.20,,,0,0,2023,2023-03
2023-03-30,2023,R,593958,668227,SI,Sinker,field_out,hit_into_play,R,L,TB,DET,93.70,114.00,15,1,2,2023,2023-03
2023-03-30,2023,R,593958,668227,CH,Changeup,,blocked_ball,R,L,TB,DET,88.30,,,0,2,2023,2023-03
2023-03-30,2023,R,593958,668227,FF,4-Seam Fastball,,foul,R,L,TB,DET,92.90,74.00,24,0,1,2023,2023-03
2023-03-30,2023,R,593958,668227,FC,Cutter,,called_strike,R,L,TB,DET,91.30,,,0,0,2023,2023-03
2023-03-30,2023,R,593958,670623,CH,Changeup,single,hit_into_play,R,L,TB,DET,86.00,105.70,7,2,2,2023,2023-03
2023-03-30,2023,R,593958,670623,FF,4-Seam Fastball,,foul,R,L,TB,DET,91.80,81.20,70,2,2,2023,2023-03
2023-03-30,2023,R,593958,670623,FC,Cutter,,called_strike,R,L,TB,DET,87.80,,,2,1,2023,2023-03
2023-03-30,2023,R,593958,670623,FF,4-Seam Fastball,,ball,R,L,TB,DET,91.60,,,1,1,2023,2023-03
2023-03-30,2023,R,593958,670623,FF,4-Seam Fastball,,foul,R,L,TB,DET,91.10,89.30,77,1,0,2023,2023-03
2023-03-30,2023,R,593958,670623,CH,Changeup,,blocked_ball,R,L,TB,DET,85.60,,,0,0,2023,2023-03
2023-03-30,2023,R,593958,670623,CH,Changeup,field_out,hit_into_play,R,L,TB,DET,87.70,55.00,-30,0,1,2023,2023-03
2023-03-30,2023,R,593958,670623,CH,Changeup,,called_strike,R,L,TB,DET,87.90,,,0,0,2023,2023-03
2023-03-30,2023,R,593958,670623,FF,4-Seam Fastball,field_out,hit_into_play,R,L,TB,DET,93.30,75.40,58,2,2,2023,2023-03
2023-03-30,2023,R,593958,670623,SI,Sinker,,ball,R,L,TB,DET,93.20,,,1,2,2023,2023-03
2023-03-30,2023,R,593958,670623,FF,4-Seam Fastball,,foul,R,L,TB,DET,93.70,75.50,37,1,2,2023,2023-03
2023-03-30,2023,R,593958,670623,FC,Cutter,,foul,R,L,TB,DET,89.20,,,1,2,2023,2023-03
2023-03-30,2023,R,593958,670623,CH,Changeup,,ball,R,L,TB,DET,87.40,,,0,2,2023,2023-03
2023-03-30,2023,R,593958,670623,FF,4-Seam Fastball,,foul,R,L,TB,DET,93.60,52.80,56,0,2,2023,2023-03
2023-03-30,2023,R,593958,670623,CH,Changeup,,foul,R,L,TB,DET,86.90,83.90,29,0,1,2023,2023-03
2023-03-30,2023,R,593958,670623,FC,Cutter,,called_strike,R,L,TB,DET,89.10,,,0,0,2023,2023-03
2023-03-30,2023,R,593958,677551,FC,Cutter,field_out,hit_into_play,R,L,TB,DET,87.70,85.50,23,3,1,2023,2023-03
2023-03-30,2023,R,593958,677551,FF,4-Seam Fastball,,ball,R,L,TB,DET,91.80,,,2,1,2023,2023-03
2023-03-30,2023,R,593958,677551,CH,Changeup,,ball,R,L,TB,DET,86.50,,,1,1,2023,2023-03
2023-03-30,2023,R,593958,677551,FF,4-Seam Fastball,,ball,R,L,TB,DET,90.90,,,0,1,2023,2023-03
2023-03-30,2023,R,593958,677551,FC,Cutter,,called_strike,R,L,TB,DET,86.20,,,0,0,2023,2023-03
2023-03-30,2023,R,593958,677551,CH,Changeup,field_out,hit_into_play,R,L,TB,DET,87.80,104.70,-24,0,0,2023,2023-03
2023-03-30,2023,R,593958,677551,FF,4-Seam Fastball,single,hit_into_play,R,L,TB,DET,93.80,76.30,24,0,0,2023,2023-03
2023-03-30,2023,R,593974,543063,SI,Sinker,strikeout,called_strike,L,L,NYY,SF,97.00,,,2,2,2023,2023-03
2023-03-30,2023,R,593974,543063,CH,Changeup,,ball,L,L,NYY,SF,90.20,,,1,2,2023,2023-03
2023-03-30,2023,R,593974,543063,CH,Changeup,,swinging_strike,L,L,NYY,SF,89.60,,,1,1,2023,2023-03
2023-03-30,2023,R,593974,543063,FF,4-Seam Fastball,,called_strike,L,L,NYY,SF,96.60,,,1,0,2023,2023-03
2023-03-30,2023,R,593974,543063,SI,Sinker,,ball,L,L,NYY,SF,97.50,,,0,0,2023,2023-03
2023-03-30,2023,R,593974,605204,SI,Sinker,strikeout,called_strike,R,L,NYY,SF,96.30,,,3,2,2023,2023-03
2023-03-30,2023,R,593974,605204,CH,Changeup,,swinging_strike,R,L,NYY,SF,89.80,,,3,1,2023,2023-03
2023-03-30,2023,R,593974,605204,CH,Changeup,,ball,R,L,NYY,SF,89.30,,,2,1,2023,2023-03
2023-03-30,2023,R,593974,605204,CH,Changeup,,ball,R,L,NYY,SF,87.10,,,1,1,2023,2023-03
2023-03-30,2023,R,593974,605204,CH,Changeup,,swinging_strike,R,L,NYY,SF,88.50,,,1,0,2023,2023-03
2023-03-30,2023,R,593974,605204,SI,Sinker,,ball,R,L,NYY,SF,96.30,,,0,0,2023,2023-03
2023-03-30,2023,R,593974,642731,SI,Sinker,single,hit_into_play,R,L,NYY,SF,96.60,108.90,11,1,1,2023,2023-03
2023-03-30,2023,R,593974,642731,CH,Changeup,,ball,R,L,NYY,SF,89.70,,,0,1,2023,2023-03
2023-03-30,2023,R,593974,642731,CH,Changeup,,called_strike,R,L,NYY,SF,88.50,,,0,0,2023,2023-03
2023-03-30,2023,R,594798,592206,SL,Slider,strikeout,swinging_strike,R,R,TEX,PHI,93.00,,,2,2,2023,2023-03
2023-03-30,2023,R,594798,592206,FF,4-Seam Fastball,,foul,R,R,TEX,PHI,98.80,82.00,54,2,2,2023,2023-03
2023-03-30,2023,R,594798,592206,SL,Slider,,blocked_ball,R,R,TEX,PHI,92.70,,,1,2,2023,2023-03
2023-03-30,2023,R,594798,592206,SL,Slider,,ball,R,R,TEX,PHI,92.60,,,0,2,2023,2023-03
2023-03-30,2023,R,594798,592206,SL,Slider,,swinging_strike,R,R,TEX,PHI,91.30,,,0,1,2023,2023-03
2023-03-30,2023,R,594798,592206,SL,Slider,,swinging_strike,R,R,TEX,PHI,92.30,,,0,0,2023,2023-03
2023-03-30,2023,R,594798,592206,FF,4-Seam Fastball,double,hit_into_play,R,R,TEX,PHI,99.20,80.50,22,0,0,2023,2023-03
2023-03-30,2023,R,594798,592663,SL,Slider,double,hit_into_play,R,R,TEX,PHI,92.10,61.40,30,2,1,2023,2023-03
2023-03-30,2023,R,594798,592663,SL,Slider,,called_strike,R,R,TEX,PHI,91.20,,,2,0,2023,2023-03
2023-03-30,2023,R,594798,592663,FF,4-Seam Fastball,,ball,R,R,TEX,PHI,96.90,,,1,0,2023,2023-03
2023-03-30,2023,R,594798,592663,SL,Slider,,ball,R,R,TEX,PHI,92.20,,,0,0,2023,2023-03
2023-03-30,2023,R,594798,592663,FF,4-Seam Fastball,strikeout,called_strike,R,R,TEX,PHI,101.00,,,2,2,2023,2023-03
2023-03-30,2023,R,594798,592663,SL,Slider,,ball,R,R,TEX,PHI,93.70,,,1,2,2023,2023-03
2023-03-30,2023,R,594798,592663,SL,Slider,,foul,R,R,TEX,PHI,92.50,91.30,-33,1,1,2023,2023-03
2023-03-30,2023,R,594798,592663,FF,4-Seam Fastball,,ball,R,R,TEX,PHI,100.10,,,0,1,2023,2023-03
2023-03-30,2023,R,594798,592663,FF,4-Seam Fastball,,called_strike,R,R,TEX,PHI,99.70,,,0,0,2023,2023-03
2023-03-30,2023,R,594798,595909,FF,4-Seam Fastball,field_out,hit_into_play,L,R,TEX,PHI,97.50,102.90,22,3,1,2023,2023-03
2023-03-30,2023,R,594798,595909,FF,4-Seam Fastball,,ball,L,R,TEX,PHI,97.70,,,2,1,2023,2023-03
2023-03-30,2023,R,594798,595909,FF,4-Seam Fastball,,ball,L,R,TEX,PHI,97.90,,,1,1,2023,2023-03
2023-03-30,2023,R,594798,595909,FF,4-Seam Fastball,,ball,L,R,TEX,PHI,96.70,,,0,1,2023,2023-03
2023-03-30,2023,R,594798,595909,FF,4-Seam Fastball,,swinging_strike,L,R,TEX,PHI,97.50,,,0,0,2023,2023-03
2023-03-30,2023,R,594798,595909,FF,4-Seam Fastball,strikeout,called_strike,L,R,TEX,PHI,98.60,,,3,2,2023,2023-03
2023-03-30,2023,R,594798,595909,FF,4-Seam Fastball,,called_strike,L,R,TEX,PHI,98.20,,,3,1,2023,2023-03
2023-03-30,2023,R,594798,595909,FF,4-Seam Fastball,,ball,L,R,TEX,PHI,99.00,,,2,1,2023,2023-03
2023-03-30,2023,R,594798,595909,FF,4-Seam Fastball,,ball,L,R,TEX,PHI,97.90,,,1,1,2023,2023-03
2023-03-30,2023,R,594798,595909,FF,4-Seam Fastball,,ball,L,R,TEX,PHI,99.10,,,0,1,2023,2023-03
2023-03-30,2023,R,594798,595909,FF,4-Seam Fastball,,foul,L,R,TEX,PHI,99.30,85.20,43,0,0,2023,2023-03
2023-03-30,2023,R,594798,607208,SL,Slider,triple,hit_into_play,R,R,TEX,PHI,91.30,69.00,-2,0,1,2023,2023-03
2023-03-30,2023,R,594798,607208,SL,Slider,,called_strike,R,R,TEX,PHI,91.30,,,0,0,2023,2023-03
2023-03-30,2023,R,594798,607208,SL,Slider,strikeout,swinging_strike,R,R,TEX,PHI,92.00,,,0,2,2023,2023-03
2023-03-30,2023,R,594798,607208,SL,Slider,,swinging_strike,R,R,TEX,PHI,91.40,,,0,1,2023,2023-03
2023-03-30,2023,R,594798,607208,FF,4-Seam Fastball,,foul,R,R,TEX,PHI,99.60,48.40,-38,0,0,2023,2023-03
2023-03-30,2023,R,594798,656941,FF,4-Seam Fastball,strikeout,swinging_strike,L,R,TEX,PHI,98.20,,,2,2,2023,2023-03
2023-03-30,2023,R,594798,656941,FF,4-Seam Fastball,,foul,L,R,TEX,PHI,98.20,111.30,-5,2,2,2023,2023-03
2023-03-30,2023,R,594798,656941,CH,Changeup,,ball,L,R,TEX,PHI,92.40,,,1,2,2023,2023-03
2023-03-30,2023,R,594798,656941,SL,Slider,,foul,L,R,TEX,PHI,92.10,77.60,83,1,1,2023,2023-03
2023-03-30,2023,R,594798,656941,SL,Slider,,foul,L,R,TEX,PHI,91.80,108.00,8,1,0,2023,2023-03
2023-03-30,2023,R,594798,656941,FF,4-Seam Fastball,,ball,L,R,TEX,PHI,98.50,,,0,0,2023,2023-03
2023-03-30,2023,R,594798,656941,FF,4-Seam Fastball,field_out,hit_into_play,L,R,TEX,PHI,99.50,88.60,38,1,0,2023,2023-03
2023-03-30,2023,R,594798,656941,FF,4-Seam Fastball,,ball,L,R,TEX,PHI,99.40,,,0,0,2023,2023-03
2023-03-30,2023,R,594798,664761,SL,Slider,double,hit_into_play,R,R,TEX,PHI,91.00,99.20,10,0,2,2023,2023-03
2023-03-30,2023,R,594798,664761,FF,4-Seam Fastball,,called_strike,R,R,TEX,PHI,97.30,,,0,1,2023,2023-03
2023-03-30,2023,R,594798,664761,SL,Slider,,called_strike,R,R,TEX,PHI,91.60,,,0,0,2023,2023-03
2023-03-30,2023,R,594798,664761,FF,4-Seam Fastball,home_run,hit_into_play,R,R,TEX,PHI,99.30,103.40,29,2,0,2023,2023-03
2023-03-30,2023,R,594798,664761,FF,4-Seam Fastball,,ball,R,R,TEX,PHI,98.80,,,1,0,2023,2023-03
2023-03-30,2023,R,594798,664761,SL,Slider,,blocked_ball,R,R,TEX,PHI,91.70,,,0,0,2023,2023-03
2023-03-30,2023,R,594798,669016,FF,4-Seam Fastball,triple,hit_into_play,L,R,TEX,PHI,97.30,91.70,0,1,1,2023,2023-03
2023-03-30,2023,R,594798,669016,SL,Slider,,ball,L,R,TEX,PHI,90.10,,,0,1,2023,2023-03
2023-03-30,2023,R,594798,669016,FF,4-Seam Fastball,,called_strike,L,R,TEX,PHI,97.10,,,0,0,2023,2023-03
2023-03-30,2023,R,594798,669742,FF,4-Seam Fastball,field_out,hit_into_play,L,R,TEX,PHI,98.80,94.80,57,3,2,2023,2023-03
2023-03-30,2023,R,594798,669742,SL,Slider,,ball,L,R,TEX,PHI,91.70,,,2,2,2023,2023-03
2023-03-30,2023,R,594798,669742,SL,Slider,,blocked_ball,L,R,TEX,PHI,92.00,,,1,2,2023,2023-03
2023-03-30,2023,R,594798,669742,FF,4-Seam Fastball,,foul,L,R,TEX,PHI,98.80,79.40,18,1,2,2023,2023-03
2023-03-30,2023,R,594798,669742,FF,4-Seam Fastball,,swinging_strike,L,R,TEX,PHI,98.50,,,1,1,2023,2023-03
2023-03-30,2023,R,594798,669742,FF,4-Seam Fastball,,ball,L,R,TEX,PHI,98.30,,,0,1,2023,2023-03
2023-03-30,2023,R,594798,669742,FF,4-Seam Fastball,,foul,L,R,TEX,PHI,98.20,72.00,42,0,0,2023,2023-03
2023-03-30,2023,R,594798,669742,FF,4-Seam Fastball,field_out,hit_into_play,L,R,TEX,PHI,98.40,66.70,59,0,2,2023,2023-03
2023-03-30,2023,R,594798,669742,FF,4-Seam Fastball,,foul,L,R,TEX,PHI,98.90,73.20,37,0,2,2023,2023-03
2023-03-30,2023,R,594798,669742,FF,4-Seam Fastball,,foul,L,R,TEX,PHI,98.10,67.40,47,0,1,2023,2023-03
2023-03-30,2023,R,594798,669742,FF,4-Seam Fastball,,foul,L,R,TEX,PHI,97.90,75.90,51,0,0,2023,2023-03
2023-03-30,2023,R,594798,681082,FF,4-Seam Fastball,strikeout,swinging_strike,L,R,TEX,PHI,97.10,,,1,2,2023,2023-03
2023-03-30,2023,R,594798,681082,CH,Changeup,,foul,L,R,TEX,PHI,90.30,,,1,2,2023,2023-03
2023-03-30,2023,R,594798,681082,FF,4-Seam Fastball,,ball,L,R,TEX,PHI,96.80,,,0,2,2023,2023-03
2023-03-30,2023,R,594798,681082,FF,4-Seam Fastball,,called_strike,L,R,TEX,PHI,96.80,,,0,1,2023,2023-03
2023-03-30,2023,R,594798,681082,FF,4-Seam Fastball,,called_strike,L,R,TEX,PHI,96.20,,,0,0,2023,2023-03
2023-03-30,2023,R,594798,681082,FF,4-Seam Fastball,strikeout,called_strike,L,R,TEX,PHI,99.30,,,2,2,2023,2023-03
2023-03-30,2023,R,594798,681082,CU,Curveball,,blocked_ball,L,R,TEX,PHI,83.50,,,1,2,2023,2023-03
2023-03-30,2023,R,594798,681082,FF,4-Seam Fastball,,foul,L,R,TEX,PHI,99.70,78.50,43,1,2,2023,2023-03
2023-03-30,2023,R,594798,681082,SL,Slider,,foul,L,R,TEX,PHI,90.50,,,1,2,2023,2023-03
2023-03-30,2023,R,594798,681082,FF,4-Seam Fastball,,foul,L,R,TEX,PHI,99.70,82.20,11,1,2,2023,2023-03
2023-03-30,2023,R,594798,681082,FF,4-Seam Fastball,,ball,L,R,TEX,PHI,99.50,,,0,2,2023,2023-03
2023-03-30,2023,R,594798,681082,FF,4-Seam Fastball,,swinging_strike,L,R,TEX,PHI,98.90,,,0,1,2023,2023-03
2023-03-30,2023,R,594798,681082,FF,4-Seam Fastball,,called_strike,L,R,TEX,PHI,99.40,,,0,0,2023,2023-03
2023-03-30,2023,R,600917,592206,SL,Slider,strikeout,swinging_strike,R,R,TEX,PHI,84.00,,,3,2,2023,2023-03
2023-03-30,2023,R,600917,592206,FF,4-Seam Fastball,,ball,R,R,TEX,PHI,94.60,,,2,2,2023,2023-03
2023-03-30,2023,R,600917,592206,FC,Cutter,,blocked_ball,R,R,TEX,PHI,88.10,,,1,2,2023,2023-03
2023-03-30,2023,R,600917,592206,FF,4-Seam Fastball,,ball,R,R,TEX,PHI,94.30,,,0,2,2023,2023-03
2023-03-30,2023,R,600917,592206,SL,Slider,,swinging_strike,R,R,TEX,PHI,81.20,,,0,1,2023,2023-03
2023-03-30,2023,R,600917,592206,SL,Slider,,swinging_strike,R,R,TEX,PHI,82.10,,,0,0,2023,2023-03
2023-03-30,2023,R,600917,592663,FC,Cutter,single,hit_into_play,R,R,TEX,PHI,88.50,70.70,29,2,0,2023,2023-03
2023-03-30,2023,R,600917,592663,FF,4-Seam Fastball,,ball,R,R,TEX,PHI,93.80,,,1,0,2023,2023-03
2023-03-30,2023,R,600917,592663,FF,4-Seam Fastball,,ball,R,R,TEX,PHI,93.80,,,0,0,2023,2023-03
2023-03-30,2023,R,600917,607208,FF,4-Seam Fastball,field_out,hit_into_play,R,R,TEX,PHI,94.70,68.90,55,0,0,2023,2023-03
2023-03-30,2023,R,600917,656941,FF,4-Seam Fastball,field_out,hit_into_play,L,R,TEX,PHI,94.30,87.60,71,1,2,2023,2023-03
2023-03-30,2023,R,600917,656941,CH,Changeup,,called_strike,L,R,TEX,PHI,87.70,,,1,1,2023,2023-03
2023-03-30,2023,R,600917,656941,FF,4-Seam Fastball,,ball,L,R,TEX,PHI,93.30,,,0,1,2023,2023-03
2023-03-30,2023,R,600917,656941,FC,Cutter,,called_strike,L,R,TEX,PHI,89.20,,,0,0,2023,2023-03
2023-03-30,2023,R,600917,669742,CH,Changeup,walk,ball,L,R,TEX,PHI,88.20,,,3,2,2023,2023-03
2023-03-30,2023,R,600917,669742,SL,Slider,,foul,L,R,TEX,PHI,82.70,,,3,2,2023,2023-03
2023-03-30,2023,R,600917,669742,FF,4-Seam Fastball,,foul,L,R,TEX,PHI,93.80,76.10,73,3,1,2023,2023-03
2023-03-30,2023,R,600917,669742,FF,4-Seam Fastball,,ball,L,R,TEX,PHI,94.20,,,2,1,2023,2023-03
2023-03-30,2023,R,600917,669742,CH,Changeup,,ball,L,R,TEX,PHI,87.70,,,1,1,2023,2023-03
2023-03-30,2023,R,600917,669742,CH,Changeup,,swinging_strike,L,R,TEX,PHI,87.60,,,1,0,2023,2023-03
2023-03-30,2023,R,600917,669742,FF,4-Seam Fastball,,ball,L,R,TEX,PHI,94.00,,,0,0,2023,2023-03
2023-03-30,2023,R,605154,518934,FF,4-Seam Fastball,single,hit_into_play,R,R,NYY,SF,93.80,97.40,7,0,0,2023,2023-03
2023-03-30,2023,R,605154,519203,SL,Slider,strikeout,swinging_strike,L,R,NYY,SF,85.10,,,1,2,2023,2023-03
2023-03-30,2023,R,605154,519203,FF,4-Seam Fastball,,foul,L,R,NYY,SF,93.30,73.40,64,1,2,2023,2023-03
2023-03-30,2023,R,605154,519203,FF,4-Seam Fastball,,swinging_strike,L,R,NYY,SF,93.30,,,1,1,2023,2023-03
2023-03-30,2023,R,605154,519203,SL,Slider,,called_strike,L,R,NYY,SF,83.30,,,1,0,2023,2023-03
2023-03-30,2023,R,605154,519203,SL,Slider,,ball,L,R,NYY,SF,80.40,,,0,0,2023,2023-03
2023-03-30,2023,R,605154,592450,FF,4-Seam Fastball,single,hit_into_play,R,R,NYY,SF,94.00,68.20,37,2,2,2023,2023-03
2023-03-30,2023,R,605154,592450,SL,Slider,,swinging_strike,R,R,NYY,SF,82.00,,,2,1,2023,2023-03
2023-03-30,2023,R,605154,592450,SL,Slider,,ball,R,R,NYY,SF,82.40,,,1,1,2023,2023-03
2023-03-30,2023,R,605154,592450,SL,Slider,,called_strike,R,R,NYY,SF,81.60,,,1,0,2023,2023-03
2023-03-30,2023,R,605154,592450,SL,Slider,,ball,R,R,NYY,SF,81.30,,,0,0,2023,2023-03
2023-03-30,2023,R,605154,624431,FF,4-Seam Fastball,single,hit_into_play,R,R,NYY,SF,92.70,105.40,11,0,0,2023,2023-03
2023-03-30,2023,R,605154,665828,SL,Slider,strikeout,swinging_strike,L,R,NYY,SF,84.10,,,2,2,2023,2023-03
2023-03-30,2023,R,605154,665828,FF,4-Seam Fastball,,ball,L,R,NYY,SF,94.50,,,1,2,2023,2023-03
2023-03-30,2023,R,605154,665828,FF,4-Seam Fastball,,foul,L,R,NYY,SF,95.40,74.80,72,1,2,2023,2023-03
2023-03-30,2023,R,605154,665828,FF,4-Seam Fastball,,swinging_strike,L,R,NYY,SF,93.00,,,1,1,2023,2023-03
2023-03-30,2023,R,605154,665828,FF,4-Seam Fastball,,ball,L,R,NYY,SF,93.00,,,0,1,2023,2023-03
2023-03-30,2023,R,605154,665828,FF,4-Seam Fastball,,foul,L,R,NYY,SF,93.30,71.30,51,0,0,2023,2023-03
2023-03-30,2023,R,605154,683011,FF,4-Seam Fastball,strikeout,swinging_strike,R,R,NYY,SF,95.20,,,2,2,2023,2023-03
2023-03-30,2023,R,605154,683011,FF,4-Seam Fastball,,swinging_strike,R,R,NYY,SF,93.70,,,2,1,2023,2023-03
2023-03-30,2023,R,605154,683011,SL,Slider,,ball,R,R,NYY,SF,81.50,,,1,1,2023,2023-03
2023-03-30,2023,R,605154,683011,FF,4-Seam Fastball,,ball,R,R,NYY,SF,93.70,,,0,1,2023,2023-03
2023-03-30,2023,R,605154,683011,SL,Slider,,called_strike,R,R,NYY,SF,81.50,,,0,0,2023,2023-03
2023-03-30,2023,R,605242,642133,CH,Changeup,strikeout,swinging_strike,L,R,CHC,MIL,88.70,,,0,2,2023,2023-03
2023-03-30,2023,R,605242,642133,FC,Cutter,,foul,L,R,CHC,MIL,90.60,96.80,6,0,1,2023,2023-03
2023-03-30,2023,R,605242,642133,FF,4-Seam Fastball,,called_strike,L,R,CHC,MIL,93.80,,,0,0,2023,2023-03
2023-03-30,2023,R,605242,649966,FC,Cutter,field_out,hit_into_play,R,R,CHC,MIL,88.30,95.90,-2,1,2,2023,2023-03
2023-03-30,2023,R,605242,649966,ST,Sweeper,,foul,R,R,CHC,MIL,82.50,,,1,2,2023,2023-03
2023-03-30,2023,R,605242,649966,FC,Cutter,,foul,R,R,CHC,MIL,88.90,80.50,65,1,1,2023,2023-03
2023-03-30,2023,R,605242,649966,SI,Sinker,,ball,R,R,CHC,MIL,95.10,,,0,1,2023,2023-03
2023-03-30,2023,R,605242,649966,FC,Cutter,,swinging_strike,R,R,CHC,MIL,88.50,,,0,0,2023,2023-03
2023-03-30,2023,R,605242,661388,ST,Sweeper,single,hit_into_play,R,R,CHC,MIL,83.80,84.30,26,0,1,2023,2023-03
2023-03-30,2023,R,605242,661388,FC,Cutter,,swinging_strike,R,R,CHC,MIL,89.00,,,0,0,2023,2023-03
2023-03-30,2023,R,605242,669003,CH,Changeup,strikeout,swinging_strike_blocked,L,R,CHC,MIL,88.30,,,0,2,2023,2023-03
2023-03-30,2023,R,605242,669003,FF,4-Seam Fastball,,foul,L,R,CHC,MIL,95.20,76.80,16,0,2,2023,2023-03
2023-03-30,2023,R,605242,669003,FF,4-Seam Fastball,,foul,L,R,CHC,MIL,94.60,,,0,2,2023,2023-03
2023-03-30,2023,R,605242,669003,CH,Changeup,,foul,L,R,CHC,MIL,88.80,94.00,31,0,1,2023,2023-03
2023-03-30,2023,R,605242,669003,FF,4-Seam Fastball,,foul,L,R,CHC,MIL,94.00,87.90,74,0,0,2023,2023-03
2023-03-30,2023,R,605347,641531,SL,Slider,strikeout,called_strike,R,R,KC,MIN,89.50,,,0,2,2023,2023-03
2023-03-30,2023,R,605347,641531,SL,Slider,,foul,R,R,KC,MIN,88.10,69.00,41,0,1,2023,2023-03
2023-03-30,2023,R,605347,641531,SI,Sinker,,swinging_strike,R,R,KC,MIN,96.80,,,0,0,2023,2023-03
2023-03-30,2023,R,605347,664728,FF,4-Seam Fastball,field_out,hit_into_play,L,R,KC,MIN,97.30,98.60,-7,0,1,2023,2023-03
2023-03-30,2023,R,605347,664728,KC,Knuckle Curve,,called_strike,L,R,KC,MIN,84.10,,,0,0,2023,2023-03
2023-03-30,2023,R,605400,543257,FF,4-Seam Fastball,home_run,hit_into_play,L,R,TEX,PHI,92.50,99.90,33,2,0,2023,2023-03
2023-03-30,2023,R,605400,543257,CH,Changeup,,ball,L,R,TEX,PHI,85.10,,,1,0,2023,2023-03
2023-03-30,2023,R,605400,543257,KC,Knuckle Curve,,ball,L,R,TEX,PHI,78.90,,,0,0,2023,2023-03
2023-03-30,2023,R,605400,543257,SI,Sinker,strikeout,called_strike,L,R,TEX,PHI,92.70,,,1,2,2023,2023-03
2023-03-30,2023,R,605400,543257,FF,4-Seam Fastball,,foul,L,R,TEX,PHI,93.00,75.00,31,1,1,2023,2023-03
2023-03-30,2023,R,605400,543257,CH,Changeup,,ball,L,R,TEX,PHI,85.10,,,0,1,2023,2023-03
2023-03-30,2023,R,605400,543257,FF,4-Seam Fastball,,called_strike,L,R,TEX,PHI,92.50,,,0,0,2023,2023-03
2023-03-30,2023,R,605400,543543,KC,Knuckle Curve,field_out,hit_into_play,L,R,TEX,PHI,79.50,102.30,4,1,2,2023,2023-03
2023-03-30,2023,R,605400,543543,FF,4-Seam Fastball,,swinging_strike,L,R,TEX,PHI,91.80,,,1,1,2023,2023-03
2023-03-30,2023,R,605400,543543,FF,4-Seam Fastball,,swinging_strike,L,R,TEX,PHI,92.50,,,1,0,2023,2023-03
2023-03-30,2023,R,605400,543543,CH,Changeup,,ball,L,R,TEX,PHI,86.90,,,0,0,2023,2023-03
2023-03-30,2023,R,605400,543543,FF,4-Seam Fastball,strikeout,swinging_strike,L,R,TEX,PHI,91.90,,,3,2,2023,2023-03
2023-03-30,2023,R,605400,543543,FF,4-Seam Fastball,,ball,L,R,TEX,PHI,92.50,,,2,2,2023,2023-03
2023-03-30,2023,R,605400,543543,KC,Knuckle Curve,,foul,L,R,TEX,PHI,78.10,78.30,43,2,2,2023,2023-03
2023-03-30,2023,R,605400,543543,KC,Knuckle Curve,,ball,L,R,TEX,PHI,78.30,,,1,2,2023,2023-03
2023-03-30,2023,R,605400,543543,FF,4-Seam Fastball,,foul,L,R,TEX,PHI,91.00,78.40,73,1,1,2023,2023-03
2023-03-30,2023,R,605400,543543,KC,Knuckle Curve,,called_strike,L,R,TEX,PHI,77.00,,,1,0,2023,2023-03
2023-03-30,2023,R,605400,543543,FF,4-Seam Fastball,,ball,L,R,TEX,PHI,90.80,,,0,0,2023,2023-03
2023-03-30,2023,R,605400,543760,FC,Cutter,field_out,hit_into_play,R,R,TEX,PHI,85.80,74.50,8,0,0,2023,2023-03
2023-03-30,2023,R,605400,543760,FC,Cutter,field_out,hit_into_play,R,R,TEX,PHI,87.10,73.80,-6,2,2,2023,2023-03
2023-03-30,2023,R,605400,543760,FC,Cutter,,foul,R,R,TEX,PHI,87.40,72.10,68,2,2,2023,2023-03
2023-03-30,2023,R,605400,543760,CH,Changeup,,foul,R,R,TEX,PHI,85.40,43.50,-62,2,2,2023,2023-03
2023-03-30,2023,R,605400,543760,KC,Knuckle Curve,,foul,R,R,TEX,PHI,79.40,82.80,-26,2,2,2023,2023-03
2023-03-30,2023,R,605400,543760,FF,4-Seam Fastball,,foul,R,R,TEX,PHI,91.50,104.70,-14,2,2,2023,2023-03
2023-03-30,2023,R,605400,543760,FF,4-Seam Fastball,,foul,R,R,TEX,PHI,93.50,81.40,38,2,2,2023,2023-03
2023-03-30,2023,R,605400,543760,FC,Cutter,,called_strike,R,R,TEX,PHI,87.20,,,2,1,2023,2023-03
2023-03-30,2023,R,605400,543760,FF,4-Seam Fastball,,foul,R,R,TEX,PHI,91.90,70.90,63,2,0,2023,2023-03
2023-03-30,2023,R,605400,543760,FF,4-Seam Fastball,,ball,R,R,TEX,PHI,92.10,,,1,0,2023,2023-03
2023-03-30,2023,R,605400,543760,FF,4-Seam Fastball,,ball,R,R,TEX,PHI,91.80,,,0,0,2023,2023-03
2023-03-30,2023,R,605400,608369,CH,Changeup,single,hit_into_play,L,R,TEX,PHI,85.80,109.10,12,3,2,2023,2023-03
2023-03-30,2023,R,605400,608369,FF,4-Seam Fastball,,foul,L,R,TEX,PHI,93.00,85.80,71,3,2,2023,2023-03
2023-03-30,2023,R,605400,608369,KC,Knuckle Curve,,foul,L,R,TEX,PHI,78.60,73.60,47,3,2,2023,2023-03
2023-03-30,2023,R,605400,608369,FF,4-Seam Fastball,,ball,L,R,TEX,PHI,91.50,,,2,2,2023,2023-03
2023-03-30,2023,R,605400,608369,CH,Changeup,,foul,L,R,TEX,PHI,85.80,45.10,-30,2,2,2023,2023-03
2023-03-30,2023,R,605400,608369,CH,Changeup,,ball,L,R,TEX,PHI,84.70,,,1,2,2023,2023-03
2023-03-30,2023,R,605400,608369,KC,Knuckle Curve,,foul,L,R,TEX,PHI,77.40,90.20,-10,1,2,2023,2023-03
2023-03-30,2023,R,605400,608369,KC,Knuckle Curve,,ball,L,R,TEX,PHI,78.30,,,0,2,2023,2023-03
2023-03-30,2023,R,605400,608369,FF,4-Seam Fastball,,called_strike,L,R,TEX,PHI,90.90,,,0,1,2023,2023-03
2023-03-30,2023,R,605400,608369,KC,Knuckle Curve,,foul,L,R,TEX,PHI,77.40,,,0,0,2023,2023-03
2023-03-30,2023,R,605400,608369,SI,Sinker,walk,ball,L,R,TEX,PHI,92.60,,,3,1,2023,2023-03
2023-03-30,2023,R,605400,608369,KC,Knuckle Curve,,ball,L,R,TEX,PHI,80.00,,,2,1,2023,2023-03
2023-03-30,2023,R,605400,608369,CH,Changeup,,ball,L,R,TEX,PHI,84.90,,,1,1,2023,2023-03
2023-03-30,2023,R,605400,608369,KC,Knuckle Curve,,swinging_strike,L,R,TEX,PHI,79.10,,,1,0,2023,2023-03
2023-03-30,2023,R,605400,608369,FF,4-Seam Fastball,,ball,L,R,TEX,PHI,93.50,,,0,0,2023,2023-03
2023-03-30,2023,R,605400,641680,KC,Knuckle Curve,double,hit_into_play,L,R,TEX,PHI,81.10,94.90,10,1,1,2023,2023-03
2023-03-30,2023,R,605400,641680,FF,4-Seam Fastball,,foul,L,R,TEX,PHI,93.10,56.00,59,1,0,2023,2023-03
2023-03-30,2023,R,605400,641680,FF,4-Seam Fastball,,ball,L,R,TEX,PHI,92.70,,,0,0,2023,2023-03
2023-03-30,2023,R,605400,641680,FF,4-Seam Fastball,field_out,hit_into_play,L,R,TEX,PHI,92.70,93.90,58,1,0,2023,2023-03
2023-03-30,2023,R,605400,641680,FF,4-Seam Fastball,,ball,L,R,TEX,PHI,92.20,,,0,0,2023,2023-03
2023-03-30,2023,R,605400,663993,KC,Knuckle Curve,field_out,hit_into_play,L,R,TEX,PHI,78.90,72.90,-43,0,1,2023,2023-03
2023-03-30,2023,R,605400,663993,FF,4-Seam Fastball,,foul,L,R,TEX,PHI,92.10,74.50,23,0,0,2023,2023-03
2023-03-30,2023,R,605400,663993,FF,4-Seam Fastball,field_out,hit_into_play,L,R,TEX,PHI,92.50,94.40,68,0,1,2023,2023-03
2023-03-30,2023,R,605400,663993,KC,Knuckle Curve,,called_strike,L,R,TEX,PHI,78.40,,,0,0,2023,2023-03
2023-03-30,2023,R,605400,666969,KC,Knuckle Curve,single,hit_into_play,R,R,TEX,PHI,79.40,96.80,14,0,2,2023,2023-03
2023-03-30,2023,R,605400,666969,FF,4-Seam Fastball,,called_strike,R,R,TEX,PHI,92.90,,,0,1,2023,2023-03
2023-03-30,2023,R,605400,666969,FC,Cutter,,called_strike,R,R,TEX,PHI,85.90,,,0,0,2023,2023-03
2023-03-30,2023,R,605400,666969,FF,4-Seam Fastball,strikeout,called_strike,R,R,TEX,PHI,93.40,,,2,2,2023,2023-03
2023-03-30,2023,R,605400,666969,FF,4-Seam Fastball,,ball,R,R,TEX,PHI,93.30,,,1,2,2023,2023-03
2023-03-30,2023,R,605400,666969,FF,4-Seam Fastball,,called_strike,R,R,TEX,PHI,91.70,,,1,1,2023,2023-03
2023-03-30,2023,R,605400,666969,FF,4-Seam Fastball,,ball,R,R,TEX,PHI,93.20,,,0,1,2023,2023-03
2023-03-30,2023,R,605400,666969,FF,4-Seam Fastball,,called_strike,R,R,TEX,PHI,93.50,,,0,0,2023,2023-03
2023-03-30,2023,R,605400,669701,KC,Knuckle Curve,strikeout,swinging_strike,L,R,TEX,PHI,79.20,,,0,2,2023,2023-03
2023-03-30,2023,R,605400,669701,CH,Changeup,,foul,L,R,TEX,PHI,85.10,82.00,52,0,2,2023,2023-03
2023-03-30,2023,R,605400,669701,KC,Knuckle Curve,,called_strike,L,R,TEX,PHI,77.90,,,0,1,2023,2023-03
2023-03-30,2023,R,605400,669701,FF,4-Seam Fastball,,foul,L,R,TEX,PHI,91.80,96.80,36,0,0,2023,2023-03
2023-03-30,2023,R,605400,673962,SI,Sinker,walk,ball,R,R,TEX,PHI,92.90,,,3,2,2023,2023-03
2023-03-30,2023,R,605400,673962,FC,Cutter,,ball,R,R,TEX,PHI,88.40,,,2,2,2023,2023-03
2023-03-30,2023,R,605400,673962,SI,Sinker,,called_strike,R,R,TEX,PHI,92.10,,,2,1,2023,2023-03
2023-03-30,2023,R,605400,673962,KC,Knuckle Curve,,called_strike,R,R,TEX,PHI,79.20,,,2,0,2023,2023-03
2023-03-30,2023,R,605400,673962,KC,Knuckle Curve,,ball,R,R,TEX,PHI,80.20,,,1,0,2023,2023-03
2023-03-30,2023,R,605400,673962,FC,Cutter,,blocked_ball,R,R,TEX,PHI,87.50,,,0,0,2023,2023-03
2023-03-30,2023,R,605400,673962,FF,4-Seam Fastball,field_out,hit_into_play,R,R,TEX,PHI,92.40,101.70,17,0,0,2023,2023-03
2023-03-30,2023,R,605447,663457,SL,Slider,strikeout,swinging_strike,L,R,STL,TOR,87.90,,,1,2,2023,2023-03
2023-03-30,2023,R,605447,663457,FF,4-Seam Fastball,,swinging_strike,L,R,STL,TOR,97.10,,,1,1,2023,2023-03
2023-03-30,2023,R,605447,663457,SL,Slider,,called_strike,L,R,STL,TOR,86.40,,,1,0,2023,2023-03
2023-03-30,2023,R,605447,663457,SL,Slider,,ball,L,R,STL,TOR,85.30,,,0,0,2023,2023-03
2023-03-30,2023,R,605447,669242,SL,Slider,strikeout,swinging_strike,L,R,STL,TOR,87.10,,,0,2,2023,2023-03
2023-03-30,2023,R,605447,669242,SL,Slider,,swinging_strike,L,R,STL,TOR,86.90,,,0,1,2023,2023-03
2023-03-30,2023,R,605447,669242,SL,Slider,,called_strike,L,R,STL,TOR,87.90,,,0,0,2023,2023-03
2023-03-30,2023,R,605447,680977,SL,Slider,field_out,hit_into_play,L,R,STL,TOR,87.00,72.40,-18,2,2,2023,2023-03
2023-03-30,2023,R,605447,680977,SL,Slider,,ball,L,R,STL,TOR,88.40,,,1,2,2023,2023-03
2023-03-30,2023,R,605447,680977,FF,4-Seam Fastball,,foul,L,R,STL,TOR,95.80,88.30,21,1,1,2023,2023-03
2023-03-30,2023,R,605447,680977,FF,4-Seam Fastball,,ball,L,R,STL,TOR,98.40,,,0,1,2023,2023-03
2023-03-30,2023,R,605447,680977,FF,4-Seam Fastball,,called_strike,L,R,STL,TOR,98.00,,,0,0,2023,2023-03
2023-03-30,2023,R,605483,453568,FF,4-Seam Fastball,single,hit_into_play,L,L,SD,COL,94.90,59.10,27,1,0,2023,2023-03
2023-03-30,2023,R,605483,453568,CU,Curveball,,blocked_ball,L,L,SD,COL,80.80,,,0,0,2023,2023-03
2023-03-30,2023,R,605483,453568,FF,4-Seam Fastball,double,hit_into_play,L,L,SD,COL,95.10,93.30,17,2,1,2023,2023-03
2023-03-30,2023,R,605483,453568,FF,4-Seam Fastball,,ball,L,L,SD,COL,94.20,,,1,1,2023,2023-03
2023-03-30,2023,R,605483,453568,FF,4-Seam Fastball,,ball,L,L,SD,COL,94.50,,,0,1,2023,2023-03
2023-03-30,2023,R,605483,453568,FF,4-Seam Fastball,,called_strike,L,L,SD,COL,93.80,,,0,0,2023,2023-03
2023-03-30,2023,R,605483,453568,FF,4-Seam Fastball,single,hit_into_play,L,L,SD,COL,96.10,92.90,2,1,0,2023,2023-03
2023-03-30,2023,R,605483,453568,SL,Slider,,blocked_ball,L,L,SD,COL,89.80,,,0,0,2023,2023-03
2023-03-30,2023,R,605483,543068,CH,Changeup,strikeout,swinging_strike,R,L,SD,COL,87.00,,,3,2,2023,2023-03
2023-03-30,2023,R,605483,543068,CH,Changeup,,swinging_strike,R,L,SD,COL,87.10,,,3,1,2023,2023-03
2023-03-30,2023,R,605483,543068,SL,Slider,,blocked_ball,R,L,SD,COL,88.30,,,2,1,2023,2023-03
2023-03-30,2023,R,605483,543068,FF,4-Seam Fastball,,ball,R,L,SD,COL,95.40,,,1,1,2023,2023-03
2023-03-30,2023,R,605483,543068,FF,4-Seam Fastball,,ball,R,L,SD,COL,94.00,,,0,1,2023,2023-03
2023-03-30,2023,R,605483,543068,CH,Changeup,,swinging_strike,R,L,SD,COL,88.10,,,0,0,2023,2023-03
2023-03-30,2023,R,605483,543068,FF,4-Seam Fastball,single,hit_into_play,R,L,SD,COL,96.20,101.20,10,1,2,2023,2023-03
2023-03-30,2023,R,605483,543068,SL,Slider,,foul,R,L,SD,COL,88.60,41.60,-44,1,1,2023,2023-03
2023-03-30,2023,R,605483,543068,CU,Curveball,,ball,R,L,SD,COL,82.50,,,0,1,2023,2023-03
2023-03-30,2023,R,605483,543068,CU,Curveball,,swinging_strike_blocked,R,L,SD,COL,82.30,,,0,0,2023,2023-03
2023-03-30,2023,R,605483,553869,FF,4-Seam Fastball,field_out,hit_into_play,R,L,SD,COL,93.90,93.40,-6,0,0,2023,2023-03
2023-03-30,2023,R,605483,553869,FF,4-Seam Fastball,walk,ball,R,L,SD,COL,96.10,,,3,2,2023,2023-03
2023-03-30,2023,R,605483,553869,SL,Slider,,ball,R,L,SD,COL,89.90,,,2,2,2023,2023-03
2023-03-30,2023,R,605483,553869,FF,4-Seam Fastball,,ball,R,L,SD,COL,94.50,,,1,2,2023,2023-03
2023-03-30,2023,R,605483,553869,FF,4-Seam Fastball,,foul,R,L,SD,COL,93.70,64.50,44,1,1,2023,2023-03
2023-03-30,2023,R,605483,553869,FF,4-Seam Fastball,,called_strike,R,L,SD,COL,94.80,,,1,0,2023,2023-03
2023-03-30,2023,R,605483,553869,FF,4-Seam Fastball,,ball,R,L,SD,COL,94.50,,,0,0,2023,2023-03
2023-03-30,2023,R,605483,592178,FF,4-Seam Fastball,field_out,hit_into_play,R,L,SD,COL,93.00,69.50,81,0,2,2023,2023-03
2023-03-30,2023,R,605483,592178,FF,4-Seam Fastball,,foul,R,L,SD,COL,94.90,80.00,60,0,1,2023,2023-03
2023-03-30,2023,R,605483,592178,CH,Changeup,,swinging_strike,R,L,SD,COL,87.50,,,0,0,2023,2023-03
2023-03-30,2023,R,605483,592178,FF,4-Seam Fastball,field_error,hit_into_play,R,L,SD,COL,93.20,81.40,-2,1,1,2023,2023-03
2023-03-30,2023,R,605483,592178,FF,4-Seam Fastball,,foul,R,L,SD,COL,93.40,75.70,-20,1,0,2023,2023-03
2023-03-30,2023,R,605483,592178,SL,Slider,,ball,R,L,SD,COL,88.40,,,0,0,2023,2023-03
2023-03-30,2023,R,605483,592178,FF,4-Seam Fastball,double,hit_into_play,R,L,SD,COL,96.60,108.80,13,3,1,2023,2023-03
2023-03-30,2023,R,605483,592178,FF,4-Seam Fastball,,ball,R,L,SD,COL,96.10,,,2,1,2023,2023-03
2023-03-30,2023,R,605483,592178,FF,4-Seam Fastball,,ball,R,L,SD,COL,96.50,,,1,1,2023,2023-03
2023-03-30,2023,R,605483,592178,CU,Curveball,,ball,R,L,SD,COL,81.50,,,0,1,2023,2023-03
2023-03-30,2023,R,605483,592178,FF,4-Seam Fastball,,foul,R,L,SD,COL,95.80,87.80,71,0,0,2023,2023-03
2023-03-30,2023,R,605483,602074,FF,4-Seam Fastball,single,hit_into_play,R,L,SD,COL,93.60,93.80,9,3,2,2023,2023-03
2023-03-30,2023,R,605483,602074,FF,4-Seam Fastball,,foul,R,L,SD,COL,92.60,79.70,-8,3,1,2023,2023-03
2023-03-30,2023,R,605483,602074,FF,4-Seam Fastball,,called_strike,R,L,SD,COL,93.50,,,3,0,2023,2023-03
2023-03-30,2023,R,605483,602074,FF,4-Seam Fastball,,ball,R,L,SD,COL,93.20,,,2,0,2023,2023-03
2023-03-30,2023,R,605483,602074,CH,Changeup,,ball,R,L,SD,COL,85.50,,,1,0,2023,2023-03
2023-03-30,2023,R,605483,602074,CH,Changeup,,ball,R,L,SD,COL,85.70,,,0,0,2023,2023-03
2023-03-30,2023,R,605483,602074,CU,Curveball,strikeout,swinging_strike_blocked,R,L,SD,COL,81.10,,,1,2,2023,2023-03
2023-03-30,2023,R,605483,602074,FF,4-Seam Fastball,,foul_tip,R,L,SD,COL,95.00,,,1,1,2023,2023-03
2023-03-30,2023,R,605483,602074,FF,4-Seam Fastball,,foul,R,L,SD,COL,94.60,73.50,56,1,0,2023,2023-03
2023-03-30,2023,R,605483,602074,FF,4-Seam Fastball,,ball,R,L,SD,COL,94.10,,,0,0,2023,2023-03
2023-03-30,2023,R,605483,602074,FF,4-Seam Fastball,strikeout,swinging_strike,R,L,SD,COL,96.50,,,0,2,2023,2023-03
2023-03-30,2023,R,605483,602074,CU,Curveball,,swinging_strike,R,L,SD,COL,81.90,,,0,1,2023,2023-03
2023-03-30,2023,R,605483,602074,FF,4-Seam Fastball,,called_strike,R,L,SD,COL,96.00,,,0,0,2023,2023-03
2023-03-30,2023,R,605483,605612,FF,4-Seam Fastball,strikeout,swinging_strike,L,L,SD,COL,93.20,,,2,2,2023,2023-03
2023-03-30,2023,R,605483,605612,FF,4-Seam Fastball,,foul,L,L,SD,COL,94.70,75.50,31,2,2,2023,2023-03
2023-03-30,2023,R,605483,605612,FF,4-Seam Fastball,,ball,L,L,SD,COL,94.30,,,1,2,2023,2023-03
2023-03-30,2023,R,605483,605612,FF,4-Seam Fastball,,swinging_strike,L,L,SD,COL,93.00,,,1,1,2023,2023-03
2023-03-30,2023,R,605483,605612,SL,Slider,,ball,L,L,SD,COL,89.00,,,0,1,2023,2023-03
2023-03-30,2023,R,605483,605612,FF,4-Seam Fastball,,called_strike,L,L,SD,COL,93.60,,,0,0,2023,2023-03
2023-03-30,2023,R,605483,605612,FF,4-Seam Fastball,field_out,hit_into_play,L,L,SD,COL,94.90,88.70,48,2,2,2023,2023-03
2023-03-30,2023,R,605483,605612,FF,4-Seam Fastball,,ball,L,L,SD,COL,95.40,,,1,2,2023,2023-03
2023-03-30,2023,R,605483,605612,SL,Slider,,blocked_ball,L,L,SD,COL,90.00,,,0,2,2023,2023-03
2023-03-30,2023,R,605483,605612,FF,4-Seam Fastball,,swinging_strike,L,L,SD,COL,94.20,,,0,1,2023,2023-03
2023-03-30,2023,R,605483,605612,FF,4-Seam Fastball,,called_strike,L,L,SD,COL,95.60,,,0,0,2023,2023-03
2023-03-30,2023,R,605483,641857,FF,4-Seam Fastball,strikeout,swinging_strike,L,L,SD,COL,95.50,,,3,2,2023,2023-03
2023-03-30,2023,R,605483,641857,FF,4-Seam Fastball,,ball,L,L,SD,COL,95.10,,,2,2,2023,2023-03
2023-03-30,2023,R,605483,641857,FF,4-Seam Fastball,,foul,L,L,SD,COL,95.50,,,2,2,2023,2023-03
2023-03-30,2023,R,605483,641857,SL,Slider,,blocked_ball,L,L,SD,COL,89.80,,,1,2,2023,2023-03
2023-03-30,2023,R,605483,641857,FF,4-Seam Fastball,,swinging_strike,L,L,SD,COL,95.60,,,1,1,2023,2023-03
2023-03-30,2023,R,605483,641857,FF,4-Seam Fastball,,called_strike,L,L,SD,COL,95.90,,,1,0,2023,2023-03
2023-03-30,2023,R,605483,641857,FF,4-Seam Fastball,,ball,L,L,SD,COL,95.90,,,0,0,2023,2023-03
2023-03-30,2023,R,605483,641857,FF,4-Seam Fastball,field_out,hit_into_play,L,L,SD,COL,97.20,90.20,-20,1,2,2023,2023-03
2023-03-30,2023,R,605483,641857,FF,4-Seam Fastball,,swinging_strike,L,L,SD,COL,96.30,,,1,1,2023,2023-03
2023-03-30,2023,R,605483,641857,FF,4-Seam Fastball,,called_strike,L,L,SD,COL,96.10,,,1,0,2023,2023-03
2023-03-30,2023,R,605483,641857,FF,4-Seam Fastball,,ball,L,L,SD,COL,96.80,,,0,0,2023,2023-03
2023-03-30,2023,R,605483,660707,CU,Curveball,strikeout,swinging_strike_blocked,R,L,SD,COL,82.50,,,2,2,2023,2023-03
2023-03-30,2023,R,605483,660707,FF,4-Seam Fastball,,ball,R,L,SD,COL,95.20,,,1,2,2023,2023-03
2023-03-30,2023,R,605483,660707,CH,Changeup,,foul,R,L,SD,COL,87.10,48.40,-3,1,1,2023,2023-03
2023-03-30,2023,R,605483,660707,FF,4-Seam Fastball,,ball,R,L,SD,COL,95.40,,,0,1,2023,2023-03
2023-03-30,2023,R,605483,660707,CH,Changeup,,called_strike,R,L,SD,COL,88.40,,,0,0,2023,2023-03
2023-03-30,2023,R,605483,660707,CU,Curveball,strikeout,swinging_strike,R,L,SD,COL,82.60,,,3,2,2023,2023-03
2023-03-30,2023,R,605483,660707,CU,Curveball,,blocked_ball,R,L,SD,COL,82.70,,,2,2,2023,2023-03
2023-03-30,2023,R,605483,660707,CU,Curveball,,foul,R,L,SD,COL,81.00,71.40,-19,2,1,2023,2023-03
2023-03-30,2023,R,605483,660707,FF,4-Seam Fastball,,ball,R,L,SD,COL,96.20,,,1,1,2023,2023-03
2023-03-30,2023,R,605483,660707,FF,4-Seam Fastball,,swinging_strike,R,L,SD,COL,96.60,,,1,0,2023,2023-03
2023-03-30,2023,R,605483,660707,CH,Changeup,,ball,R,L,SD,COL,88.70,,,0,0,2023,2023-03
2023-03-30,2023,R,605483,678662,CU,Curveball,strikeout,swinging_strike_blocked,R,L,SD,COL,80.30,,,1,2,2023,2023-03
2023-03-30,2023,R,605483,678662,FF,4-Seam Fastball,,ball,R,L,SD,COL,95.00,,,0,2,2023,2023-03
2023-03-30,2023,R,605483,678662,FF,4-Seam Fastball,,foul,R,L,SD,COL,95.00,62.40,10,0,2,2023,2023-03
2023-03-30,2023,R,605483,678662,FF,4-Seam Fastball,,foul,R,L,SD,COL,93.40,82.30,51,0,1,2023,2023-03
2023-03-30,2023,R,605483,678662,FF,4-Seam Fastball,,foul,R,L,SD,COL,95.00,,,0,0,2023,2023-03
2023-03-30,2023,R,605483,678662,FF,4-Seam Fastball,strikeout,called_strike,R,L,SD,COL,95.00,,,3,2,2023,2023-03
2023-03-30,2023,R,605483,678662,FF,4-Seam Fastball,,foul,R,L,SD,COL,94.00,87.70,39,3,1,2023,2023-03
2023-03-30,2023,R,605483,678662,FF,4-Seam Fastball,,ball,R,L,SD,COL,95.40,,,2,1,2023,2023-03
2023-03-30,2023,R,605483,678662,FF,4-Seam Fastball,,swinging_strike,R,L,SD,COL,94.80,,,2,0,2023,2023-03
2023-03-30,2023,R,605483,678662,FF,4-Seam Fastball,,ball,R,L,SD,COL,94.60,,,1,0,2023,2023-03
2023-03-30,2023,R,605483,678662,FF,4-Seam Fastball,,ball,R,L,SD,COL,95.70,,,0,0,2023,2023-03
2023-03-30,2023,R,606160,462101,SI,Sinker,field_out,hit_into_play,R,R,HOU,CWS,96.80,63.30,-13,0,1,2023,2023-03
2023-03-30,2023,R,606160,462101,SI,Sinker,,swinging_strike,R,R,HOU,CWS,96.20,,,0,0,2023,2023-03
2023-03-30,2023,R,606160,518735,FF,4-Seam Fastball,home_run,hit_into_play,L,R,HOU,CWS,98.00,107.30,20,1,0,2023,2023-03
2023-03-30,2023,R,606160,518735,FF,4-Seam Fastball,,ball,L,R,HOU,CWS,97.60,,,0,0,2023,2023-03
2023-03-30,2023,R,606160,643217,CH,Changeup,strikeout,swinging_strike,L,R,HOU,CWS,91.60,,,2,2,2023,2023-03
2023-03-30,2023,R,606160,643217,FF,4-Seam Fastball,,swinging_strike,L,R,HOU,CWS,97.20,,,2,1,2023,2023-03
2023-03-30,2023,R,606160,643217,FF,4-Seam Fastball,,swinging_strike,L,R,HOU,CWS,97.50,,,2,0,2023,2023-03
2023-03-30,2023,R,606160,643217,CH,Changeup,,ball,L,R,HOU,CWS,91.90,,,1,0,2023,2023-03
2023-03-30,2023,R,606160,643217,FF,4-Seam Fastball,,ball,L,R,HOU,CWS,96.20,,,0,0,2023,2023-03
2023-03-30,2023,R,606160,660162,SL,Slider,field_error,hit_into_play,L,R,HOU,CWS,88.30,104.90,0,0,0,2023,2023-03
2023-03-30,2023,R,607237,456781,SL,Slider,single,hit_into_play,R,L,KC,MIN,86.40,102.50,6,2,2,2023,2023-03
2023-03-30,2023,R,607237,456781,SL,Slider,,swinging_strike,R,L,KC,MIN,86.50,,,2,1,2023,2023-03
2023-03-30,2023,R,607237,456781,SL,Slider,,ball,R,L,KC,MIN,85.00,,,1,1,2023,2023-03
2023-03-30,2023,R,607237,456781,SI,Sinker,,called_strike,R,L,KC,MIN,94.70,,,1,0,2023,2023-03
2023-03-30,2023,R,607237,456781,SL,Slider,,ball,R,L,KC,MIN,86.00,,,0,0,2023,2023-03
2023-03-30,2023,R,607237,543877,SL,Slider,single,hit_into_play,R,L,KC,MIN,86.70,100.70,16,3,2,2023,2023-03
2023-03-30,2023,R,607237,543877,SL,Slider,,foul,R,L,KC,MIN,86.20,84.20,45,3,2,2023,2023-03
2023-03-30,2023,R,607237,543877,SL,Slider,,called_strike,R,L,KC,MIN,85.10,,,3,1,2023,2023-03
2023-03-30,2023,R,607237,543877,SI,Sinker,,ball,R,L,KC,MIN,95.60,,,2,1,2023,2023-03
2023-03-30,2023,R,607237,543877,SL,Slider,,ball,R,L,KC,MIN,85.50,,,1,1,2023,2023-03
2023-03-30,2023,R,607237,543877,SI,Sinker,,ball,R,L,KC,MIN,95.10,,,0,1,2023,2023-03
2023-03-30,2023,R,607237,543877,SL,Slider,,called_strike,R,L,KC,MIN,86.50,,,0,0,2023,2023-03
2023-03-30,2023,R,607237,571657,SI,Sinker,walk,ball,R,L,KC,MIN,96.00,,,3,1,2023,2023-03
2023-03-30,2023,R,607237,571657,FF,4-Seam Fastball,,called_strike,R,L,KC,MIN,95.60,,,3,0,2023,2023-03
2023-03-30,2023,R,607237,571657,FF,4-Seam Fastball,,ball,R,L,KC,MIN,95.40,,,2,0,2023,2023-03
2023-03-30,2023,R,607237,571657,SI,Sinker,,ball,R,L,KC,MIN,94.20,,,1,0,2023,2023-03
2023-03-30,2023,R,607237,571657,SI,Sinker,,ball,R,L,KC,MIN,93.40,,,0,0,2023,2023-03
2023-03-30,2023,R,607237,572191,SL,Slider,strikeout,swinging_strike_blocked,R,L,KC,MIN,86.80,,,1,2,2023,2023-03
2023-03-30,2023,R,607237,572191,SI,Sinker,,ball,R,L,KC,MIN,96.70,,,0,2,2023,2023-03
2023-03-30,2023,R,607237,572191,FF,4-Seam Fastball,,foul,R,L,KC,MIN,96.10,84.40,6,0,2,2023,2023-03
2023-03-30,2023,R,607237,572191,SL,Slider,,foul,R,L,KC,MIN,86.70,84.50,1,0,1,2023,2023-03
2023-03-30,2023,R,607237,572191,SI,Sinker,,called_strike,R,L,KC,MIN,95.40,,,0,0,2023,2023-03
2023-03-30,2023,R,607237,596146,SI,Sinker,field_out,hit_into_play,L,L,KC,MIN,93.70,90.60,25,1,0,2023,2023-03
2023-03-30,2023,R,607237,596146,SI,Sinker,,ball,L,L,KC,MIN,96.30,,,0,0,2023,2023-03
2023-03-30,2023,R,607481,663656,SI,Sinker,walk,ball,L,L,HOU,CWS,95.60,,,3,2,2023,2023-03
2023-03-30,2023,R,607481,663656,SI,Sinker,,ball,L,L,HOU,CWS,95.70,,,2,2,2023,2023-03
2023-03-30,2023,R,607481,663656,SI,Sinker,,swinging_strike,L,L,HOU,CWS,96.10,,,2,1,2023,2023-03
2023-03-30,2023,R,607481,663656,SI,Sinker,,ball,L,L,HOU,CWS,95.70,,,1,1,2023,2023-03
2023-03-30,2023,R,607481,663656,ST,Sweeper,,called_strike,L,L,HOU,CWS,82.40,,,1,0,2023,2023-03
2023-03-30,2023,R,607481,663656,ST,Sweeper,,ball,L,L,HOU,CWS,82.70,,,0,0,2023,2023-03
2023-03-30,2023,R,607481,673237,ST,Sweeper,strikeout,swinging_strike,R,L,HOU,CWS,84.00,,,1,2,2023,2023-03
2023-03-30,2023,R,607481,673237,ST,Sweeper,,called_strike,R,L,HOU,CWS,83.60,,,1,1,2023,2023-03
2023-03-30,2023,R,607481,673237,SI,Sinker,,swinging_strike,R,L,HOU,CWS,94.10,,,1,0,2023,2023-03
2023-03-30,2023,R,607481,673237,SI,Sinker,,ball,R,L,HOU,CWS,95.60,,,0,0,2023,2023-03
2023-03-30,2023,R,607481,676694,ST,Sweeper,strikeout,swinging_strike,R,L,HOU,CWS,84.50,,,3,2,2023,2023-03
2023-03-30,2023,R,607481,676694,ST,Sweeper,,foul,R,L,HOU,CWS,83.70,66.30,-31,3,2,2023,2023-03
2023-03-30,2023,R,607481,676694,ST,Sweeper,,ball,R,L,HOU,CWS,84.00,,,2,2,2023,2023-03
2023-03-30,2023,R,607481,676694,ST,Sweeper,,ball,R,L,HOU,CWS,84.00,,,1,2,2023,2023-03
2023-03-30,2023,R,607481,676694,ST,Sweeper,,swinging_strike,R,L,HOU,CWS,83.10,,,1,1,2023,2023-03
2023-03-30,2023,R,607481,676694,ST,Sweeper,,called_strike,R,L,HOU,CWS,83.10,,,1,0,2023,2023-03
2023-03-30,2023,R,607481,676694,ST,Sweeper,,ball,R,L,HOU,CWS,84.80,,,0,0,2023,2023-03
2023-03-30,2023,R,607755,543760,SL,Slider,single,hit_into_play,R,L,TEX,PHI,81.70,80.30,-10,2,2,2023,2023-03
2023-03-30,2023,R,607755,543760,SL,Slider,,foul,R,L,TEX,PHI,80.50,52.00,80,2,1,2023,2023-03
2023-03-30,2023,R,607755,543760,CU,Curveball,,ball,R,L,TEX,PHI,76.20,,,1,1,2023,2023-03
2023-03-30,2023,R,607755,543760,SL,Slider,,called_strike,R,L,TEX,PHI,81.20,,,1,0,2023,2023-03
2023-03-30,2023,R,607755,543760,SL,Slider,,ball,R,L,TEX,PHI,80.60,,,0,0,2023,2023-03
2023-03-30,2023,R,607755,608369,SL,Slider,grounded_into_double_play,hit_into_play,L,L,TEX,PHI,81.90,90.40,-10,2,2,2023,2023-03
2023-03-30,2023,R,607755,608369,CH,Changeup,,ball,L,L,TEX,PHI,83.20,,,1,2,2023,2023-03
2023-03-30,2023,R,607755,608369,SL,Slider,,foul,L,L,TEX,PHI,80.80,69.50,20,1,2,2023,2023-03
2023-03-30,2023,R,607755,608369,SI,Sinker,,foul,L,L,TEX,PHI,88.90,75.50,14,1,1,2023,2023-03
2023-03-30,2023,R,607755,608369,CU,Curveball,,ball,L,L,TEX,PHI,76.00,,,0,1,2023,2023-03
2023-03-30,2023,R,607755,608369,SL,Slider,,called_strike,L,L,TEX,PHI,79.70,,,0,0,2023,2023-03
2023-03-30,2023,R,607755,663993,SL,Slider,walk,ball,L,L,TEX,PHI,81.80,,,3,0,2023,2023-03
2023-03-30,2023,R,607755,663993,SL,Slider,,ball,L,L,TEX,PHI,79.10,,,2,0,2023,2023-03
2023-03-30,2023,R,607755,663993,SI,Sinker,,ball,L,L,TEX,PHI,89.00,,,1,0,2023,2023-03
2023-03-30,2023,R,607755,663993,SL,Slider,,ball,L,L,TEX,PHI,80.40,,,0,0,2023,2023-03
2023-03-30,2023,R,607755,666969,SL,Slider,field_out,hit_into_play,R,L,TEX,PHI,80.60,93.50,29,3,2,2023,2023-03
2023-03-30,2023,R,607755,666969,SL,Slider,,called_strike,R,L,TEX,PHI,80.50,,,3,1,2023,2023-03
2023-03-30,2023,R,607755,666969,SL,Slider,,ball,R,L,TEX,PHI,80.50,,,2,1,2023,2023-03
2023-03-30,2023,R,607755,666969,SL,Slider,,ball,R,L,TEX,PHI,81.10,,,1,1,2023,2023-03
2023-03-30,2023,R,607755,666969,SL,Slider,,called_strike,R,L,TEX,PHI,80.80,,,1,0,2023,2023-03
2023-03-30,2023,R,607755,666969,SI,Sinker,,ball,R,L,TEX,PHI,87.20,,,0,0,2023,2023-03
2023-03-30,2023,R,607755,669352,SL,Slider,field_out,hit_into_play,R,L,TEX,PHI,80.80,67.00,63,0,0,2023,2023-03
2023-03-30,2023,R,608331,600869,CH,Changeup,strikeout,swinging_strike,R,L,WSH,ATL,88.20,,,2,2,2023,2023-03
2023-03-30,2023,R,608331,600869,CH,Changeup,,foul,R,L,WSH,ATL,88.40,67.80,-25,2,2,2023,2023-03
2023-03-30,2023,R,608331,600869,CU,Curveball,,foul,R,L,WSH,ATL,77.40,,,2,2,2023,2023-03
2023-03-30,2023,R,608331,600869,SL,Slider,,foul,R,L,WSH,ATL,89.10,81.00,1,2,1,2023,2023-03
2023-03-30,2023,R,608331,600869,FF,4-Seam Fastball,,ball,R,L,WSH,ATL,94.60,,,1,1,2023,2023-03
2023-03-30,2023,R,608331,600869,FF,4-Seam Fastball,,foul,R,L,WSH,ATL,93.10,78.20,22,1,0,2023,2023-03
2023-03-30,2023,R,608331,600869,FF,4-Seam Fastball,,ball,R,L,WSH,ATL,93.80,,,0,0,2023,2023-03
2023-03-30,2023,R,608331,600869,CH,Changeup,field_out,hit_into_play,R,L,WSH,ATL,89.00,100.80,5,1,2,2023,2023-03
2023-03-30,2023,R,608331,600869,FF,4-Seam Fastball,,foul,R,L,WSH,ATL,95.70,67.40,-21,1,1,2023,2023-03
2023-03-30,2023,R,608331,600869,CU,Curveball,,ball,R,L,WSH,ATL,76.60,,,0,1,2023,2023-03
2023-03-30,2023,R,608331,600869,CU,Curveball,,swinging_strike,R,L,WSH,ATL,75.60,,,0,0,2023,2023-03
2023-03-30,2023,R,608331,608841,ST,Sweeper,single,hit_into_play,R,L,WSH,ATL,80.10,89.80,16,1,1,2023,2023-03
2023-03-30,2023,R,608331,608841,CU,Curveball,,ball,R,L,WSH,ATL,76.50,,,0,1,2023,2023-03
2023-03-30,2023,R,608331,608841,SI,Sinker,,called_strike,R,L,WSH,ATL,94.90,,,0,0,2023,2023-03
2023-03-30,2023,R,608331,608841,CH,Changeup,grounded_into_double_play,hit_into_play,R,L,WSH,ATL,87.30,99.90,-15,1,1,2023,2023-03
2023-03-30,2023,R,608331,608841,CU,Curveball,,foul,R,L,WSH,ATL,74.50,69.90,-29,1,0,2023,2023-03
2023-03-30,2023,R,608331,608841,CU,Curveball,,ball,R,L,WSH,ATL,73.10,,,0,0,2023,2023-03
2023-03-30,2023,R,608331,642086,FF,4-Seam Fastball,field_out,hit_into_play,L,L,WSH,ATL,91.90,86.50,-11,3,1,2023,2023-03
2023-03-30,2023,R,608331,642086,SI,Sinker,,ball,L,L,WSH,ATL,92.90,,,2,1,2023,2023-03
2023-03-30,2023,R,608331,642086,SI,Sinker,,called_strike,L,L,WSH,ATL,91.30,,,2,0,2023,2023-03
2023-03-30,2023,R,608331,642086,FF,4-Seam Fastball,,ball,L,L,WSH,ATL,91.20,,,1,0,2023,2023-03
2023-03-30,2023,R,608331,642086,SL,Slider,,ball,L,L,WSH,ATL,84.20,,,0,0,2023,2023-03
2023-03-30,2023,R,608331,642086,SI,Sinker,single,hit_into_play,L,L,WSH,ATL,94.10,62.20,57,2,2,2023,2023-03
2023-03-30,2023,R,608331,642086,ST,Sweeper,,ball,L,L,WSH,ATL,80.30,,,1,2,2023,2023-03
2023-03-30,2023,R,608331,642086,SL,Slider,,swinging_strike,L,L,WSH,ATL,87.00,,,1,1,2023,2023-03
2023-03-30,2023,R,608331,642086,SL,Slider,,ball,L,L,WSH,ATL,87.80,,,0,1,2023,2023-03
2023-03-30,2023,R,608331,642086,FF,4-Seam Fastball,,called_strike,L,L,WSH,ATL,93.00,,,0,0,2023,2023-03
2023-03-30,2023,R,608331,645302,FF,4-Seam Fastball,field_out,hit_into_play,R,L,WSH,ATL,94.70,77.50,-29,0,0,2023,2023-03
2023-03-30,2023,R,608331,657041,SL,Slider,field_out,hit_into_play,R,L,WSH,ATL,87.70,82.60,58,1,1,2023,2023-03
2023-03-30,2023,R,608331,657041,FF,4-Seam Fastball,,ball,R,L,WSH,ATL,94.20,,,0,1,2023,2023-03
2023-03-30,2023,R,608331,657041,FF,4-Seam Fastball,,called_strike,R,L,WSH,ATL,93.80,,,0,0,2023,2023-03
2023-03-30,2023,R,608331,657041,FF,4-Seam Fastball,single,hit_into_play,R,L,WSH,ATL,92.90,81.70,50,0,0,2023,2023-03
2023-03-30,2023,R,608331,660688,FF,4-Seam Fastball,double,hit_into_play,R,L,WSH,ATL,94.10,82.20,3,0,0,2023,2023-03
2023-03-30,2023,R,608331,669743,FF,4-Seam Fastball,sac_fly,hit_into_play,R,L,WSH,ATL,95.00,90.50,42,1,1,2023,2023-03
2023-03-30,2023,R,608331,669743,CH,Changeup,,ball,R,L,WSH,ATL,87.30,,,0,1,2023,2023-03
2023-03-30,2023,R,608331,669743,CU,Curveball,,called_strike,R,L,WSH,ATL,76.20,,,0,0,2023,2023-03
2023-03-30,2023,R,608331,671277,ST,Sweeper,strikeout,swinging_strike,L,L,WSH,ATL,81.60,,,2,2,2023,2023-03
2023-03-30,2023,R,608331,671277,SL,Slider,,foul,L,L,WSH,ATL,86.10,75.40,36,2,1,2023,2023-03
2023-03-30,2023,R,608331,671277,SL,Slider,,foul,L,L,WSH,ATL,86.80,69.10,53,2,0,2023,2023-03
2023-03-30,2023,R,608331,671277,SI,Sinker,,ball,L,L,WSH,ATL,93.90,,,1,0,2023,2023-03
2023-03-30,2023,R,608331,671277,CU,Curveball,,ball,L,L,WSH,ATL,75.50,,,0,0,2023,2023-03
2023-03-30,2023,R,608331,682928,SL,Slider,field_out,hit_into_play,L,L,WSH,ATL,85.50,97.00,31,1,0,2023,2023-03
2023-03-30,2023,R,608331,682928,SI,Sinker,,ball,L,L,WSH,ATL,92.50,,,0,0,2023,2023-03
2023-03-30,2023,R,608566,543592,SL,Slider,grounded_into_double_play,hit_into_play,R,R,SD,COL,90.00,81.40,-32,1,2,2023,2023-03
2023-03-30,2023,R,608566,543592,SI,Sinker,,foul,R,R,SD,COL,97.20,78.20,10,1,1,2023,2023-03
2023-03-30,2023,R,608566,543592,SL,Slider,,swinging_strike,R,R,SD,COL,89.20,,,1,0,2023,2023-03
2023-03-30,2023,R,608566,543592,SI,Sinker,,ball,R,R,SD,COL,95.40,,,0,0,2023,2023-03
2023-03-30,2023,R,608566,543592,SL,Slider,strikeout,called_strike,R,R,SD,COL,90.20,,,3,2,2023,2023-03
2023-03-30,2023,R,608566,543592,FF,4-Seam Fastball,,foul,R,R,SD,COL,98.60,,,3,2,2023,2023-03
2023-03-30,2023,R,608566,543592,SL,Slider,,ball,R,R,SD,COL,89.90,,,2,2,2023,2023-03
2023-03-30,2023,R,608566,543592,SL,Slider,,swinging_strike,R,R,SD,COL,89.30,,,2,1,2023,2023-03
2023-03-30,2023,R,608566,543592,SI,Sinker,,blocked_ball,R,R,SD,COL,94.50,,,1,1,2023,2023-03
2023-03-30,2023,R,608566,543592,SI,Sinker,,ball,R,R,SD,COL,95.30,,,0,1,2023,2023-03
2023-03-30,2023,R,608566,543592,SI,Sinker,,called_strike,R,R,SD,COL,94.90,,,0,0,2023,2023-03
2023-03-30,2023,R,608566,572761,FF,4-Seam Fastball,field_out,hit_into_play,L,R,SD,COL,95.40,104.60,35,1,1,2023,2023-03
2023-03-30,2023,R,608566,572761,SL,Slider,,swinging_strike,L,R,SD,COL,88.70,,,1,0,2023,2023-03
2023-03-30,2023,R,608566,572761,SL,Slider,,ball,L,R,SD,COL,87.50,,,0,0,2023,2023-03
2023-03-30,2023,R,608566,572761,SI,Sinker,fielders_choice,hit_into_play,L,R,SD,COL,96.80,88.20,-23,1,1,2023,2023-03
2023-03-30,2023,R,608566,572761,SI,Sinker,,called_strike,L,R,SD,COL,97.60,,,1,0,2023,2023-03
2023-03-30,2023,R,608566,572761,FF,4-Seam Fastball,,ball,L,R,SD,COL,97.10,,,0,0,2023,2023-03
2023-03-30,2023,R,608566,572761,SI,Sinker,catcher_interf,foul,L,R,SD,COL,94.10,,,1,0,2023,2023-03
2023-03-30,2023,R,608566,572761,FF,4-Seam Fastball,,ball,L,R,SD,COL,95.10,,,0,0,2023,2023-03
2023-03-30,2023,R,608566,592518,KC,Knuckle Curve,strikeout,called_strike,R,R,SD,COL,89.80,,,2,2,2023,2023-03
2023-03-30,2023,R,608566,592518,FF,4-Seam Fastball,,foul,R,R,SD,COL,96.70,77.80,15,2,1,2023,2023-03
2023-03-30,2023,R,608566,592518,SL,Slider,,called_strike,R,R,SD,COL,87.80,,,2,0,2023,2023-03
2023-03-30,2023,R,608566,592518,SL,Slider,,ball,R,R,SD,COL,88.50,,,1,0,2023,2023-03
2023-03-30,2023,R,608566,592518,KC,Knuckle Curve,,ball,R,R,SD,COL,85.00,,,0,0,2023,2023-03
2023-03-30,2023,R,608566,592518,FF,4-Seam Fastball,single,hit_into_play,R,R,SD,COL,96.20,103.70,-11,1,0,2023,2023-03
2023-03-30,2023,R,608566,592518,FF,4-Seam Fastball,,ball,R,R,SD,COL,96.30,,,0,0,2023,2023-03
2023-03-30,2023,R,608566,592518,SL,Slider,sac_fly,hit_into_play,R,R,SD,COL,89.90,99.50,47,2,1,2023,2023-03
2023-03-30,2023,R,608566,592518,SI,Sinker,,ball,R,R,SD,COL,97.20,,,1,1,2023,2023-03
2023-03-30,2023,R,608566,592518,SL,Slider,,ball,R,R,SD,COL,89.90,,,0,1,2023,2023-03
2023-03-30,2023,R,608566,592518,SL,Slider,,swinging_strike,R,R,SD,COL,89.60,,,0,0,2023,2023-03
2023-03-30,2023,R,608566,593428,KC,Knuckle Curve,single,hit_into_play,R,R,SD,COL,88.00,95.70,11,3,2,2023,2023-03
2023-03-30,2023,R,608566,593428,KC,Knuckle Curve,,ball,R,R,SD,COL,87.50,,,2,2,2023,2023-03
2023-03-30,2023,R,608566,593428,FF,4-Seam Fastball,,foul,R,R,SD,COL,96.10,85.90,42,2,1,2023,2023-03
2023-03-30,2023,R,608566,593428,KC,Knuckle Curve,,ball,R,R,SD,COL,86.20,,,1,1,2023,2023-03
2023-03-30,2023,R,608566,593428,SL,Slider,,called_strike,R,R,SD,COL,88.90,,,1,0,2023,2023-03
2023-03-30,2023,R,608566,593428,FF,4-Seam Fastball,,ball,R,R,SD,COL,97.10,,,0,0,2023,2023-03
2023-03-30,2023,R,608566,593428,SI,Sinker,double,hit_into_play,R,R,SD,COL,95.60,93.00,-7,1,1,2023,2023-03
2023-03-30,2023,R,608566,593428,SL,Slider,,ball,R,R,SD,COL,90.40,,,0,1,2023,2023-03
2023-03-30,2023,R,608566,593428,SL,Slider,,swinging_strike,R,R,SD,COL,88.20,,,0,0,2023,2023-03
2023-03-30,2023,R,608566,593428,FF,4-Seam Fastball,double,hit_into_play,R,R,SD,COL,97.10,105.30,9,3,1,2023,2023-03
2023-03-30,2023,R,608566,593428,SI,Sinker,,ball,R,R,SD,COL,96.30,,,2,1,2023,2023-03
2023-03-30,2023,R,608566,593428,SL,Slider,,ball,R,R,SD,COL,90.00,,,1,1,2023,2023-03
2023-03-30,2023,R,608566,593428,SI,Sinker,,ball,R,R,SD,COL,96.90,,,0,1,2023,2023-03
2023-03-30,2023,R,608566,593428,FF,4-Seam Fastball,,called_strike,R,R,SD,COL,96.70,,,0,0,2023,2023-03
2023-03-30,2023,R,608566,621311,FF,4-Seam Fastball,field_out,hit_into_play,L,R,SD,COL,94.50,97.30,42,1,1,2023,2023-03
2023-03-30,2023,R,608566,621311,SL,Slider,,called_strike,L,R,SD,COL,87.10,,,1,0,2023,2023-03
2023-03-30,2023,R,608566,621311,SL,Slider,,ball,L,R,SD,COL,86.60,,,0,0,2023,2023-03
2023-03-30,2023,R,608566,621311,SL,Slider,strikeout,called_strike,L,R,SD,COL,88.30,,,3,2,2023,2023-03
2023-03-30,2023,R,608566,621311,FF,4-Seam Fastball,,ball,L,R,SD,COL,96.80,,,2,2,2023,2023-03
2023-03-30,2023,R,608566,621311,FF,4-Seam Fastball,,foul,L,R,SD,COL,95.80,68.20,52,2,1,2023,2023-03
2023-03-30,2023,R,608566,621311,FF,4-Seam Fastball,,ball,L,R,SD,COL,94.90,,,1,1,2023,2023-03
2023-03-30,2023,R,608566,621311,SI,Sinker,,foul,L,R,SD,COL,94.60,80.90,37,1,0,2023,2023-03
2023-03-30,2023,R,608566,621311,FF,4-Seam Fastball,,ball,L,R,SD,COL,95.60,,,0,0,2023,2023-03
2023-03-30,2023,R,608566,630105,KC,Knuckle Curve,catcher_interf,foul,L,R,SD,COL,86.00,,,0,1,2023,2023-03
2023-03-30,2023,R,608566,630105,FF,4-Seam Fastball,,foul,L,R,SD,COL,92.90,70.20,74,0,0,2023,2023-03
2023-03-30,2023,R,608566,630105,KC,Knuckle Curve,fielders_choice_out,hit_into_play,L,R,SD,COL,88.60,26.90,-70,2,2,2023,2023-03
2023-03-30,2023,R,608566,630105,FF,4-Seam Fastball,,ball,L,R,SD,COL,98.20,,,1,2,2023,2023-03
2023-03-30,2023,R,608566,630105,FF,4-Seam Fastball,,foul,L,R,SD,COL,97.30,88.10,25,1,1,2023,2023-03
2023-03-30,2023,R,608566,630105,FF,4-Seam Fastball,,foul,L,R,SD,COL,97.20,74.10,52,1,0,2023,2023-03
2023-03-30,2023,R,608566,630105,FF,4-Seam Fastball,,ball,L,R,SD,COL,97.50,,,0,0,2023,2023-03
2023-03-30,2023,R,608566,630105,KC,Knuckle Curve,strikeout,swinging_strike_blocked,L,R,SD,COL,88.40,,,0,2,2023,2023-03
2023-03-30,2023,R,608566,630105,FF,4-Seam Fastball,,foul,L,R,SD,COL,96.40,92.60,22,0,1,2023,2023-03
2023-03-30,2023,R,608566,630105,SI,Sinker,,foul,L,R,SD,COL,96.80,90.20,29,0,0,2023,2023-03
2023-03-30,2023,R,608566,663757,FF,4-Seam Fastball,field_out,hit_into_play,L,R,SD,COL,96.60,100.20,59,1,1,2023,2023-03
2023-03-30,2023,R,608566,663757,SI,Sinker,,swinging_strike,L,R,SD,COL,95.10,,,1,0,2023,2023-03
2023-03-30,2023,R,608566,663757,FF,4-Seam Fastball,,ball,L,R,SD,COL,96.70,,,0,0,2023,2023-03
2023-03-30,2023,R,608566,663757,KC,Knuckle Curve,field_out,hit_into_play,L,R,SD,COL,85.20,103.10,18,1,1,2023,2023-03
2023-03-30,2023,R,608566,663757,KC,Knuckle Curve,,ball,L,R,SD,COL,88.30,,,0,1,2023,2023-03
2023-03-30,2023,R,608566,663757,SL,Slider,,foul,L,R,SD,COL,88.00,103.00,8,0,0,2023,2023-03
2023-03-30,2023,R,608566,663757,FF,4-Seam Fastball,double,hit_into_play,L,R,SD,COL,95.20,110.70,13,1,0,2023,2023-03
2023-03-30,2023,R,608566,663757,FF,4-Seam Fastball,,ball,L,R,SD,COL,94.90,,,0,0,2023,2023-03
2023-03-30,2023,R,608566,665742,SL,Slider,field_out,hit_into_play,L,R,SD,COL,86.40,97.60,-2,2,1,2023,2023-03
2023-03-30,2023,R,608566,665742,FF,4-Seam Fastball,,ball,L,R,SD,COL,94.00,,,1,1,2023,2023-03
2023-03-30,2023,R,608566,665742,KC,Knuckle Curve,,ball,L,R,SD,COL,84.40,,,0,1,2023,2023-03
2023-03-30,2023,R,608566,665742,SI,Sinker,,called_strike,L,R,SD,COL,94.50,,,0,0,2023,2023-03
2023-03-30,2023,R,608566,665742,FF,4-Seam Fastball,strikeout,swinging_strike,L,R,SD,COL,98.70,,,0,2,2023,2023-03
2023-03-30,2023,R,608566,665742,FF,4-Seam Fastball,,called_strike,L,R,SD,COL,95.90,,,0,1,2023,2023-03
2023-03-30,2023,R,608566,665742,SI,Sinker,,called_strike,L,R,SD,COL,95.90,,,0,0,2023,2023-03
2023-03-30,2023,R,608566,665742,KC,Knuckle Curve,field_out,hit_into_play,L,R,SD,COL,89.40,105.00,-25,0,2,2023,2023-03
2023-03-30,2023,R,608566,665742,SL,Slider,,swinging_strike,L,R,SD,COL,88.40,,,0,1,2023,2023-03
2023-03-30,2023,R,608566,665742,SI,Sinker,,called_strike,L,R,SD,COL,96.40,,,0,0,2023,2023-03
2023-03-30,2023,R,608566,673490,KC,Knuckle Curve,field_out,hit_into_play,R,R,SD,COL,86.20,60.10,46,0,2,2023,2023-03
2023-03-30,2023,R,608566,673490,SL,Slider,,called_strike,R,R,SD,COL,88.90,,,0,1,2023,2023-03
2023-03-30,2023,R,608566,673490,FF,4-Seam Fastball,,called_strike,R,R,SD,COL,95.20,,,0,0,2023,2023-03
2023-03-30,2023,R,608566,673490,KC,Knuckle Curve,grounded_into_double_play,hit_into_play,R,R,SD,COL,89.80,97.20,-19,0,2,2023,2023-03
2023-03-30,2023,R,608566,673490,SI,Sinker,,swinging_strike,R,R,SD,COL,96.80,,,0,1,2023,2023-03
2023-03-30,2023,R,608566,673490,SI,Sinker,,called_strike,R,R,SD,COL,96.00,,,0,0,2023,2023-03
2023-03-30,2023,R,608638,516782,SL,Slider,field_out,hit_into_play,R,R,MIA,NYM,86.30,90.40,-26,2,2,2023,2023-03
2023-03-30,2023,R,608638,516782,SI,Sinker,,ball,R,R,MIA,NYM,97.40,,,1,2,2023,2023-03
2023-03-30,2023,R,608638,516782,SL,Slider,,ball,R,R,MIA,NYM,87.80,,,0,2,2023,2023-03
2023-03-30,2023,R,608638,516782,SL,Slider,,swinging_strike,R,R,MIA,NYM,86.60,,,0,1,2023,2023-03
2023-03-30,2023,R,608638,516782,SI,Sinker,,called_strike,R,R,MIA,NYM,96.30,,,0,0,2023,2023-03
2023-03-30,2023,R,608638,596019,SL,Slider,field_out,hit_into_play,L,R,MIA,NYM,85.50,71.10,-4,0,1,2023,2023-03
2023-03-30,2023,R,608638,596019,SL,Slider,,called_strike,L,R,MIA,NYM,84.60,,,0,0,2023,2023-03
2023-03-30,2023,R,608665,455117,SL,Slider,single,hit_into_play,R,R,HOU,CWS,84.50,101.20,20,0,0,2023,2023-03
2023-03-30,2023,R,608665,643289,SI,Sinker,grounded_into_double_play,hit_into_play,R,R,HOU,CWS,96.40,99.80,-14,1,2,2023,2023-03
2023-03-30,2023,R,608665,643289,SL,Slider,,foul,R,R,HOU,CWS,85.40,63.50,28,1,2,2023,2023-03
2023-03-30,2023,R,608665,643289,SL,Slider,,foul,R,R,HOU,CWS,84.60,69.10,57,1,2,2023,2023-03
2023-03-30,2023,R,608665,643289,SI,Sinker,,foul,R,R,HOU,CWS,97.90,93.60,-29,1,1,2023,2023-03
2023-03-30,2023,R,608665,643289,SI,Sinker,,ball,R,R,HOU,CWS,97.10,,,0,1,2023,2023-03
2023-03-30,2023,R,608665,643289,SI,Sinker,,called_strike,R,R,HOU,CWS,97.50,,,0,0,2023,2023-03
2023-03-30,2023,R,608665,665161,SL,Slider,field_out,hit_into_play,R,R,HOU,CWS,85.40,68.30,-15,2,1,2023,2023-03
2023-03-30,2023,R,608665,665161,SI,Sinker,,called_strike,R,R,HOU,CWS,95.30,,,2,0,2023,2023-03
2023-03-30,2023,R,608665,665161,SI,Sinker,,ball,R,R,HOU,CWS,97.70,,,1,0,2023,2023-03
2023-03-30,2023,R,608665,665161,SI,Sinker,,ball,R,R,HOU,CWS,96.10,,,0,0,2023,2023-03
2023-03-30,2023,R,621016,543877,SL,Slider,strikeout,swinging_strike,R,R,KC,MIN,81.90,,,2,2,2023,2023-03
2023-03-30,2023,R,621016,543877,SL,Slider,,ball,R,R,KC,MIN,82.50,,,1,2,2023,2023-03
2023-03-30,2023,R,621016,543877,SI,Sinker,,foul,R,R,KC,MIN,91.60,74.40,-24,1,1,2023,2023-03
2023-03-30,2023,R,621016,543877,SL,Slider,,ball,R,R,KC,MIN,81.40,,,0,1,2023,2023-03
2023-03-30,2023,R,621016,543877,SI,Sinker,,called_strike,R,R,KC,MIN,92.40,,,0,0,2023,2023-03
2023-03-30,2023,R,621016,572191,SL,Slider,strikeout,swinging_strike,R,R,KC,MIN,80.60,,,1,2,2023,2023-03
2023-03-30,2023,R,621016,572191,SL,Slider,,swinging_strike,R,R,KC,MIN,81.00,,,1,1,2023,2023-03
2023-03-30,2023,R,621016,572191,SL,Slider,,ball,R,R,KC,MIN,81.50,,,0,1,2023,2023-03
2023-03-30,2023,R,621016,572191,SI,Sinker,,foul,R,R,KC,MIN,92.50,87.80,34,0,0,2023,2023-03
2023-03-30,2023,R,621016,596146,SL,Slider,strikeout,swinging_strike,L,R,KC,MIN,81.00,,,2,2,2023,2023-03
2023-03-30,2023,R,621016,596146,SI,Sinker,,foul,L,R,KC,MIN,92.40,,,2,2,2023,2023-03
2023-03-30,2023,R,621016,596146,SI,Sinker,,ball,L,R,KC,MIN,93.20,,,1,2,2023,2023-03
2023-03-30,2023,R,621016,596146,SI,Sinker,,swinging_strike,L,R,KC,MIN,92.40,,,1,1,2023,2023-03
2023-03-30,2023,R,621016,596146,SI,Sinker,,swinging_strike,L,R,KC,MIN,92.60,,,1,0,2023,2023-03
2023-03-30,2023,R,621016,596146,SL,Slider,,ball,L,R,KC,MIN,81.90,,,0,0,2023,2023-03
2023-03-30,2023,R,621051,553869,ST,Sweeper,strikeout,foul_tip,R,R,SD,COL,80.30,,,2,2,2023,2023-03
2023-03-30,2023,R,621051,553869,FF,4-Seam Fastball,,ball,R,R,SD,COL,94.30,,,1,2,2023,2023-03
2023-03-30,2023,R,621051,553869,ST,Sweeper,,ball,R,R,SD,COL,84.70,,,0,2,2023,2023-03
2023-03-30,2023,R,621051,553869,ST,Sweeper,,swinging_strike,R,R,SD,COL,81.30,,,0,1,2023,2023-03
2023-03-30,2023,R,621051,553869,FF,4-Seam Fastball,,foul,R,R,SD,COL,94.20,77.80,76,0,0,2023,2023-03
2023-03-30,2023,R,621051,605612,ST,Sweeper,single,hit_into_play,L,R,SD,COL,83.50,87.00,17,0,2,2023,2023-03
2023-03-30,2023,R,621051,605612,FF,4-Seam Fastball,,foul,L,R,SD,COL,95.70,77.40,47,0,2,2023,2023-03
2023-03-30,2023,R,621051,605612,FF,4-Seam Fastball,,called_strike,L,R,SD,COL,93.40,,,0,1,2023,2023-03
2023-03-30,2023,R,621051,605612,FF,4-Seam Fastball,,called_strike,L,R,SD,COL,94.90,,,0,0,2023,2023-03
2023-03-30,2023,R,621051,641857,FF,4-Seam Fastball,strikeout,swinging_strike,L,R,SD,COL,95.50,,,0,2,2023,2023-03
2023-03-30,2023,R,621051,641857,FF,4-Seam Fastball,,foul,L,R,SD,COL,94.60,,,0,1,2023,2023-03
2023-03-30,2023,R,621051,641857,FF,4-Seam Fastball,,called_strike,L,R,SD,COL,94.70,,,0,0,2023,2023-03
2023-03-30,2023,R,621051,660707,FF,4-Seam Fastball,single,hit_into_play,R,R,SD,COL,94.50,79.70,52,1,1,2023,2023-03
2023-03-30,2023,R,621051,660707,ST,Sweeper,,called_strike,R,R,SD,COL,80.80,,,1,0,2023,2023-03
2023-03-30,2023,R,621051,660707,ST,Sweeper,,ball,R,R,SD,COL,80.50,,,0,0,2023,2023-03
2023-03-30,2023,R,621051,678662,ST,Sweeper,force_out,hit_into_play,R,R,SD,COL,82.00,72.70,1,2,2,2023,2023-03
2023-03-30,2023,R,621051,678662,FF,4-Seam Fastball,,ball,R,R,SD,COL,93.90,,,1,2,2023,2023-03
2023-03-30,2023,R,621051,678662,ST,Sweeper,,foul,R,R,SD,COL,80.70,61.50,37,1,1,2023,2023-03
2023-03-30,2023,R,621051,678662,ST,Sweeper,,ball,R,R,SD,COL,83.30,,,0,1,2023,2023-03
2023-03-30,2023,R,621051,678662,FF,4-Seam Fastball,,foul,R,R,SD,COL,93.60,77.20,69,0,0,2023,2023-03
2023-03-30,2023,R,621345,608841,FC,Cutter,field_out,hit_into_play,R,L,WSH,ATL,91.40,105.40,15,2,2,2023,2023-03
2023-03-30,2023,R,621345,608841,CH,Changeup,,ball,R,L,WSH,ATL,86.00,,,1,2,2023,2023-03
2023-03-30,2023,R,621345,608841,CH,Changeup,,ball,R,L,WSH,ATL,85.80,,,0,2,2023,2023-03
2023-03-30,2023,R,621345,608841,FF,4-Seam Fastball,,swinging_strike,R,L,WSH,ATL,95.00,,,0,1,2023,2023-03
2023-03-30,2023,R,621345,608841,FF,4-Seam Fastball,,foul,R,L,WSH,ATL,94.70,76.50,20,0,0,2023,2023-03
2023-03-30,2023,R,621345,645302,FF,4-Seam Fastball,walk,ball,R,L,WSH,ATL,93.90,,,3,1,2023,2023-03
2023-03-30,2023,R,621345,645302,FF,4-Seam Fastball,,called_strike,R,L,WSH,ATL,93.60,,,3,0,2023,2023-03
2023-03-30,2023,R,621345,645302,FF,4-Seam Fastball,,ball,R,L,WSH,ATL,94.60,,,2,0,2023,2023-03
2023-03-30,2023,R,621345,645302,FF,4-Seam Fastball,,ball,R,L,WSH,ATL,94.80,,,1,0,2023,2023-03
2023-03-30,2023,R,621345,645302,FC,Cutter,,ball,R,L,WSH,ATL,88.90,,,0,0,2023,2023-03
2023-03-30,2023,R,621345,657041,CH,Changeup,field_out,hit_into_play,R,L,WSH,ATL,85.70,72.80,-23,2,2,2023,2023-03
2023-03-30,2023,R,621345,657041,FF,4-Seam Fastball,,ball,R,L,WSH,ATL,95.00,,,1,2,2023,2023-03
2023-03-30,2023,R,621345,657041,CH,Changeup,,foul,R,L,WSH,ATL,85.10,57.50,-33,1,2,2023,2023-03
2023-03-30,2023,R,621345,657041,FF,4-Seam Fastball,,foul,R,L,WSH,ATL,95.10,,,1,2,2023,2023-03
2023-03-30,2023,R,621345,657041,FC,Cutter,,blocked_ball,R,L,WSH,ATL,88.90,,,0,2,2023,2023-03
2023-03-30,2023,R,621345,657041,FF,4-Seam Fastball,,swinging_strike,R,L,WSH,ATL,94.90,,,0,1,2023,2023-03
2023-03-30,2023,R,621345,657041,FF,4-Seam Fastball,,called_strike,R,L,WSH,ATL,95.00,,,0,0,2023,2023-03
2023-03-30,2023,R,621345,682928,FF,4-Seam Fastball,strikeout,swinging_strike,L,L,WSH,ATL,95.40,,,1,2,2023,2023-03
2023-03-30,2023,R,621345,682928,FC,Cutter,,swinging_strike,L,L,WSH,ATL,88.00,,,1,1,2023,2023-03
2023-03-30,2023,R,621345,682928,FC,Cutter,,ball,L,L,WSH,ATL,89.00,,,0,1,2023,2023-03
2023-03-30,2023,R,621345,682928,FC,Cutter,,called_strike,L,L,WSH,ATL,89.60,,,0,0,2023,2023-03
2023-03-30,2023,R,621363,408234,FF,4-Seam Fastball,double,hit_into_play,R,L,TB,DET,92.80,98.30,16,0,0,2023,2023-03
2023-03-30,2023,R,621363,570731,SL,Slider,walk,ball,R,L,TB,DET,81.60,,,3,1,2023,2023-03
2023-03-30,2023,R,621363,570731,FF,4-Seam Fastball,,ball,R,L,TB,DET,92.40,,,2,1,2023,2023-03
2023-03-30,2023,R,621363,570731,FF,4-Seam Fastball,,foul,R,L,TB,DET,92.20,73.90,11,2,0,2023,2023-03
2023-03-30,2023,R,621363,570731,SL,Slider,,ball,R,L,TB,DET,81.70,,,1,0,2023,2023-03
2023-03-30,2023,R,621363,570731,FF,4-Seam Fastball,,ball,R,L,TB,DET,92.50,,,0,0,2023,2023-03
2023-03-30,2023,R,621363,640457,FF,4-Seam Fastball,field_out,hit_into_play,L,L,TB,DET,92.30,88.30,56,3,2,2023,2023-03
2023-03-30,2023,R,621363,640457,SL,Slider,,ball,L,L,TB,DET,80.60,,,2,2,2023,2023-03
2023-03-30,2023,R,621363,640457,SL,Slider,,ball,L,L,TB,DET,83.90,,,1,2,2023,2023-03
2023-03-30,2023,R,621363,640457,FF,4-Seam Fastball,,foul,L,L,TB,DET,92.90,76.30,13,1,2,2023,2023-03
2023-03-30,2023,R,621363,640457,FF,4-Seam Fastball,,ball,L,L,TB,DET,93.30,,,0,2,2023,2023-03
2023-03-30,2023,R,621363,640457,SL,Slider,,foul,L,L,TB,DET,83.00,70.90,75,0,1,2023,2023-03
2023-03-30,2023,R,621363,640457,FF,4-Seam Fastball,,called_strike,L,L,TB,DET,91.80,,,0,0,2023,2023-03
2023-03-30,2023,R,621363,668952,FF,4-Seam Fastball,field_out,hit_into_play,R,L,TB,DET,93.30,91.50,24,0,2,2023,2023-03
2023-03-30,2023,R,621363,668952,FF,4-Seam Fastball,,called_strike,R,L,TB,DET,91.90,,,0,1,2023,2023-03
2023-03-30,2023,R,621363,668952,FF,4-Seam Fastball,,swinging_strike,R,L,TB,DET,91.60,,,0,0,2023,2023-03
2023-03-30,2023,R,621363,679529,FF,4-Seam Fastball,field_out,hit_into_play,R,L,TB,DET,92.60,102.40,-1,0,1,2023,2023-03
2023-03-30,2023,R,621363,679529,FF,4-Seam Fastball,,called_strike,R,L,TB,DET,91.90,,,0,0,2023,2023-03
2023-03-30,2023,R,621381,543760,FF,4-Seam Fastball,strikeout,swinging_strike,R,L,TEX,PHI,95.20,,,3,2,2023,2023-03
2023-03-30,2023,R,621381,543760,FF,4-Seam Fastball,,foul,R,L,TEX,PHI,96.50,105.90,-19,3,1,2023,2023-03
2023-03-30,2023,R,621381,543760,FF,4-Seam Fastball,,foul,R,L,TEX,PHI,94.70,,,3,0,2023,2023-03
2023-03-30,2023,R,621381,543760,FF,4-Seam Fastball,,ball,R,L,TEX,PHI,95.10,,,2,0,2023,2023-03
2023-03-30,2023,R,621381,543760,FF,4-Seam Fastball,,ball,R,L,TEX,PHI,94.40,,,1,0,2023,2023-03
2023-03-30,2023,R,621381,543760,SL,Slider,,ball,R,L,TEX,PHI,85.30,,,0,0,2023,2023-03
2023-03-30,2023,R,621381,608369,SL,Slider,field_out,hit_into_play,L,L,TEX,PHI,85.90,82.30,-32,2,2,2023,2023-03
2023-03-30,2023,R,621381,608369,FF,4-Seam Fastball,,swinging_strike,L,L,TEX,PHI,94.40,,,2,1,2023,2023-03
2023-03-30,2023,R,621381,608369,FF,4-Seam Fastball,,ball,L,L,TEX,PHI,95.60,,,1,1,2023,2023-03
2023-03-30,2023,R,621381,608369,SL,Slider,,ball,L,L,TEX,PHI,85.40,,,0,1,2023,2023-03
2023-03-30,2023,R,621381,608369,SL,Slider,,swinging_strike,L,L,TEX,PHI,85.10,,,0,0,2023,2023-03
2023-03-30,2023,R,621381,669352,FF,4-Seam Fastball,field_out,hit_into_play,R,L,TEX,PHI,95.70,70.40,62,1,2,2023,2023-03
2023-03-30,2023,R,621381,669352,SL,Slider,,foul,R,L,TEX,PHI,85.70,,,1,2,2023,2023-03
2023-03-30,2023,R,621381,669352,FF,4-Seam Fastball,,called_strike,R,L,TEX,PHI,95.00,,,1,1,2023,2023-03
2023-03-30,2023,R,621381,669352,FF,4-Seam Fastball,,swinging_strike,R,L,TEX,PHI,94.00,,,1,0,2023,2023-03
2023-03-30,2023,R,621381,669352,FF,4-Seam Fastball,,ball,R,L,TEX,PHI,94.30,,,0,0,2023,2023-03
2023-03-30,2023,R,622065,595978,SI,Sinker,field_out,hit_into_play,R,L,CIN,PIT,88.40,79.20,40,0,0,2023,2023-03
2023-03-30,2023,R,622065,663647,CH,Changeup,field_out,hit_into_play,R,L,CIN,PIT,84.20,104.90,3,1,1,2023,2023-03
2023-03-30,2023,R,622065,663647,CH,Changeup,,ball,R,L,CIN,PIT,84.30,,,0,1,2023,2023-03
2023-03-30,2023,R,622065,663647,SI,Sinker,,called_strike,R,L,CIN,PIT,88.70,,,0,0,2023,2023-03
2023-03-30,2023,R,622065,665833,SI,Sinker,walk,ball,L,L,CIN,PIT,89.90,,,3,1,2023,2023-03
2023-03-30,2023,R,622065,665833,CH,Changeup,,ball,L,L,CIN,PIT,85.20,,,2,1,2023,2023-03
2023-03-30,2023,R,622065,665833,SI,Sinker,,ball,L,L,CIN,PIT,88.80,,,1,1,2023,2023-03
2023-03-30,2023,R,622065,665833,CU,Curveball,,ball,L,L,CIN,PIT,80.00,,,0,1,2023,2023-03
2023-03-30,2023,R,622065,665833,CU,Curveball,,called_strike,L,L,CIN,PIT,80.00,,,0,0,2023,2023-03
2023-03-30,2023,R,622065,669261,CU,Curveball,field_out,hit_into_play,L,L,CIN,PIT,79.80,15.70,-2,0,0,2023,2023-03
2023-03-30,2023,R,622065,675986,CH,Changeup,strikeout,swinging_strike,L,L,CIN,PIT,86.10,,,2,2,2023,2023-03
2023-03-30,2023,R,622065,675986,SI,Sinker,,foul,L,L,CIN,PIT,89.70,82.20,-33,2,1,2023,2023-03
2023-03-30,2023,R,622065,675986,CU,Curveball,,called_strike,L,L,CIN,PIT,79.90,,,2,0,2023,2023-03
2023-03-30,2023,R,622065,675986,FF,4-Seam Fastball,,ball,L,L,CIN,PIT,89.00,,,1,0,2023,2023-03
2023-03-30,2023,R,622065,675986,SI,Sinker,,ball,L,L,CIN,PIT,89.70,,,0,0,2023,2023-03
2023-03-30,2023,R,622065,678225,CU,Curveball,field_out,hit_into_play,L,L,CIN,PIT,80.20,94.50,19,0,2,2023,2023-03
2023-03-30,2023,R,622065,678225,CU,Curveball,,swinging_strike,L,L,CIN,PIT,80.10,,,0,1,2023,2023-03
2023-03-30,2023,R,622065,678225,CU,Curveball,,called_strike,L,L,CIN,PIT,80.40,,,0,0,2023,2023-03
2023-03-30,2023,R,622075,606466,ST,Sweeper,field_out,hit_into_play,L,R,LAD,AZ,82.90,85.40,58,3,2,2023,2023-03
2023-03-30,2023,R,622075,606466,ST,Sweeper,,ball,L,R,LAD,AZ,83.00,,,2,2,2023,2023-03
2023-03-30,2023,R,622075,606466,ST,Sweeper,,called_strike,L,R,LAD,AZ,82.00,,,2,1,2023,2023-03
2023-03-30,2023,R,622075,606466,CH,Changeup,,ball,L,R,LAD,AZ,90.70,,,1,1,2023,2023-03
2023-03-30,2023,R,622075,606466,FF,4-Seam Fastball,,called_strike,L,R,LAD,AZ,94.60,,,1,0,2023,2023-03
2023-03-30,2023,R,622075,606466,CH,Changeup,,ball,L,R,LAD,AZ,90.10,,,0,0,2023,2023-03
2023-03-30,2023,R,622075,641786,ST,Sweeper,field_out,hit_into_play,R,R,LAD,AZ,82.20,75.10,84,0,2,2023,2023-03
2023-03-30,2023,R,622075,641786,ST,Sweeper,,swinging_strike,R,R,LAD,AZ,83.60,,,0,1,2023,2023-03
2023-03-30,2023,R,622075,641786,SI,Sinker,,called_strike,R,R,LAD,AZ,94.40,,,0,0,2023,2023-03
2023-03-30,2023,R,622075,666971,SI,Sinker,field_out,hit_into_play,R,R,LAD,AZ,95.90,70.20,-21,0,0,2023,2023-03
2023-03-30,2023,R,622098,541645,CU,Curveball,field_out,hit_into_play,R,R,MIA,NYM,76.70,83.80,41,0,0,2023,2023-03
2023-03-30,2023,R,622098,607732,FF,4-Seam Fastball,strikeout,swinging_strike,R,R,MIA,NYM,95.80,,,3,2,2023,2023-03
2023-03-30,2023,R,622098,607732,FF,4-Seam Fastball,,foul,R,R,MIA,NYM,95.50,80.20,72,3,2,2023,2023-03
2023-03-30,2023,R,622098,607732,SL,Slider,,ball,R,R,MIA,NYM,85.20,,,2,2,2023,2023-03
2023-03-30,2023,R,622098,607732,FF,4-Seam Fastball,,called_strike,R,R,MIA,NYM,95.10,,,2,1,2023,2023-03
2023-03-30,2023,R,622098,607732,FF,4-Seam Fastball,,called_strike,R,R,MIA,NYM,95.30,,,2,0,2023,2023-03
2023-03-30,2023,R,622098,607732,CU,Curveball,,ball,R,R,MIA,NYM,77.50,,,1,0,2023,2023-03
2023-03-30,2023,R,622098,607732,FF,4-Seam Fastball,,ball,R,R,MIA,NYM,94.90,,,0,0,2023,2023-03
2023-03-30,2023,R,622098,624585,SL,Slider,double,hit_into_play,R,R,MIA,NYM,82.40,101.90,17,2,1,2023,2023-03
2023-03-30,2023,R,622098,624585,FF,4-Seam Fastball,,ball,R,R,MIA,NYM,94.30,,,1,1,2023,2023-03
2023-03-30,2023,R,622098,624585,SL,Slider,,ball,R,R,MIA,NYM,82.90,,,0,1,2023,2023-03
2023-03-30,2023,R,622098,624585,SL,Slider,,swinging_strike,R,R,MIA,NYM,84.10,,,0,0,2023,2023-03
2023-03-30,2023,R,622098,650559,FF,4-Seam Fastball,strikeout,foul_tip,R,R,MIA,NYM,95.50,,,3,2,2023,2023-03
2023-03-30,2023,R,622098,650559,FF,4-Seam Fastball,,called_strike,R,R,MIA,NYM,95.40,,,3,1,2023,2023-03
2023-03-30,2023,R,622098,650559,FF,4-Seam Fastball,,called_strike,R,R,MIA,NYM,95.20,,,3,0,2023,2023-03
2023-03-30,2023,R,622098,650559,CU,Curveball,,ball,R,R,MIA,NYM,77.00,,,2,0,2023,2023-03
2023-03-30,2023,R,622098,650559,SL,Slider,,ball,R,R,MIA,NYM,85.20,,,1,0,2023,2023-03
2023-03-30,2023,R,622098,650559,SL,Slider,,ball,R,R,MIA,NYM,83.20,,,0,0,2023,2023-03
2023-03-30,2023,R,622491,572287,FF,4-Seam Fastball,strikeout,swinging_strike,R,R,SEA,CLE,94.30,,,2,2,2023,2023-03
2023-03-30,2023,R,622491,572287,FF,4-Seam Fastball,,ball,R,R,SEA,CLE,94.20,,,1,2,2023,2023-03
2023-03-30,2023,R,622491,572287,FF,4-Seam Fastball,,called_strike,R,R,SEA,CLE,94.10,,,1,1,2023,2023-03
2023-03-30,2023,R,622491,572287,SL,Slider,,foul,R,R,SEA,CLE,85.90,,,1,0,2023,2023-03
2023-03-30,2023,R,622491,572287,FF,4-Seam Fastball,,ball,R,R,SEA,CLE,93.30,,,0,0,2023,2023-03
2023-03-30,2023,R,622491,572287,FF,4-Seam Fastball,strikeout,swinging_strike,R,R,SEA,CLE,96.40,,,2,2,2023,2023-03
2023-03-30,2023,R,622491,572287,FF,4-Seam Fastball,,foul,R,R,SEA,CLE,96.30,67.70,57,2,1,2023,2023-03
2023-03-30,2023,R,622491,572287,FF,4-Seam Fastball,,swinging_strike,R,R,SEA,CLE,94.70,,,2,0,2023,2023-03
2023-03-30,2023,R,622491,572287,FF,4-Seam Fastball,,ball,R,R,SEA,CLE,95.50,,,1,0,2023,2023-03
2023-03-30,2023,R,622491,572287,FF,4-Seam Fastball,,ball,R,R,SEA,CLE,94.80,,,0,0,2023,2023-03
2023-03-30,2023,R,622491,605137,SL,Slider,field_out,hit_into_play,L,R,SEA,CLE,88.60,80.30,0,0,0,2023,2023-03
2023-03-30,2023,R,622491,605137,SI,Sinker,field_out,hit_into_play,L,R,SEA,CLE,96.10,108.50,-9,3,2,2023,2023-03
2023-03-30,2023,R,622491,605137,CH,Changeup,,ball,L,R,SEA,CLE,88.20,,,2,2,2023,2023-03
2023-03-30,2023,R,622491,605137,SL,Slider,,foul,L,R,SEA,CLE,88.40,85.20,-11,2,2,2023,2023-03
2023-03-30,2023,R,622491,605137,SI,Sinker,,ball,L,R,SEA,CLE,96.10,,,1,2,2023,2023-03
2023-03-30,2023,R,622491,605137,CH,Changeup,,foul,L,R,SEA,CLE,86.10,77.10,63,1,1,2023,2023-03
2023-03-30,2023,R,622491,605137,SI,Sinker,,ball,L,R,SEA,CLE,94.40,,,0,1,2023,2023-03
2023-03-30,2023,R,622491,605137,CH,Changeup,,called_strike,L,R,SEA,CLE,86.00,,,0,0,2023,2023-03
2023-03-30,2023,R,622491,608070,SL,Slider,field_out,hit_into_play,L,R,SEA,CLE,88.50,102.70,14,3,2,2023,2023-03
2023-03-30,2023,R,622491,608070,SI,Sinker,,ball,L,R,SEA,CLE,96.70,,,2,2,2023,2023-03
2023-03-30,2023,R,622491,608070,CH,Changeup,,foul,L,R,SEA,CLE,89.40,87.20,-13,2,2,2023,2023-03
2023-03-30,2023,R,622491,608070,FF,4-Seam Fastball,,foul,L,R,SEA,CLE,96.40,79.40,18,2,2,2023,2023-03
2023-03-30,2023,R,622491,608070,SL,Slider,,foul,L,R,SEA,CLE,87.50,63.90,58,2,2,2023,2023-03
2023-03-30,2023,R,622491,608070,SI,Sinker,,ball,L,R,SEA,CLE,94.80,,,1,2,2023,2023-03
2023-03-30,2023,R,622491,608070,FF,4-Seam Fastball,,foul,L,R,SEA,CLE,96.30,77.70,19,1,2,2023,2023-03
2023-03-30,2023,R,622491,608070,SI,Sinker,,ball,L,R,SEA,CLE,96.60,,,0,2,2023,2023-03
2023-03-30,2023,R,622491,608070,SI,Sinker,,called_strike,L,R,SEA,CLE,95.90,,,0,1,2023,2023-03
2023-03-30,2023,R,622491,608070,SL,Slider,,called_strike,L,R,SEA,CLE,87.60,,,0,0,2023,2023-03
2023-03-30,2023,R,622491,608070,SI,Sinker,field_out,hit_into_play,L,R,SEA,CLE,98.40,58.70,-32,0,2,2023,2023-03
2023-03-30,2023,R,622491,608070,FF,4-Seam Fastball,,called_strike,L,R,SEA,CLE,96.70,,,0,1,2023,2023-03
2023-03-30,2023,R,622491,608070,SI,Sinker,,called_strike,L,R,SEA,CLE,96.80,,,0,0,2023,2023-03
2023-03-30,2023,R,622491,642708,SI,Sinker,field_out,hit_into_play,R,R,SEA,CLE,93.80,56.90,-6,0,1,2023,2023-03
2023-03-30,2023,R,622491,642708,SL,Slider,,called_strike,R,R,SEA,CLE,87.90,,,0,0,2023,2023-03
2023-03-30,2023,R,622491,642708,FF,4-Seam Fastball,strikeout,swinging_strike,R,R,SEA,CLE,96.90,,,0,2,2023,2023-03
2023-03-30,2023,R,622491,642708,SL,Slider,,swinging_strike,R,R,SEA,CLE,89.90,,,0,1,2023,2023-03
2023-03-30,2023,R,622491,642708,SI,Sinker,,foul,R,R,SEA,CLE,97.30,85.60,-55,0,0,2023,2023-03
2023-03-30,2023,R,622491,647304,CH,Changeup,field_out,hit_into_play,L,R,SEA,CLE,88.10,90.60,19,0,2,2023,2023-03
2023-03-30,2023,R,622491,647304,FF,4-Seam Fastball,,foul,L,R,SEA,CLE,94.10,86.60,64,0,1,2023,2023-03
2023-03-30,2023,R,622491,647304,CH,Changeup,,swinging_strike,L,R,SEA,CLE,86.00,,,0,0,2023,2023-03
2023-03-30,2023,R,622491,647304,SL,Slider,field_out,hit_into_play,L,R,SEA,CLE,89.10,96.30,38,0,2,2023,2023-03
2023-03-30,2023,R,622491,647304,CH,Changeup,,foul,L,R,SEA,CLE,89.10,70.50,-52,0,2,2023,2023-03
2023-03-30,2023,R,622491,647304,CH,Changeup,,called_strike,L,R,SEA,CLE,89.70,,,0,1,2023,2023-03
2023-03-30,2023,R,622491,647304,FF,4-Seam Fastball,,foul,L,R,SEA,CLE,96.10,,,0,0,2023,2023-03
2023-03-30,2023,R,622491,664702,FF,4-Seam Fastball,field_out,hit_into_play,R,R,SEA,CLE,95.40,74.70,78,0,2,2023,2023-03
2023-03-30,2023,R,622491,664702,SI,Sinker,,foul,R,R,SEA,CLE,94.20,86.80,-24,0,1,2023,2023-03
2023-03-30,2023,R,622491,664702,SI,Sinker,,called_strike,R,R,SEA,CLE,94.40,,,0,0,2023,2023-03
2023-03-30,2023,R,622491,664702,SI,Sinker,strikeout,swinging_strike,R,R,SEA,CLE,96.10,,,0,2,2023,2023-03
2023-03-30,2023,R,622491,664702,FF,4-Seam Fastball,,foul,R,R,SEA,CLE,95.80,,,0,1,2023,2023-03
2023-03-30,2023,R,622491,664702,SI,Sinker,,foul,R,R,SEA,CLE,94.60,,,0,0,2023,2023-03
2023-03-30,2023,R,622491,665926,SI,Sinker,strikeout,swinging_strike,L,R,SEA,CLE,95.90,,,1,2,2023,2023-03
2023-03-30,2023,R,622491,665926,FF,4-Seam Fastball,,ball,L,R,SEA,CLE,95.20,,,0,2,2023,2023-03
2023-03-30,2023,R,622491,665926,FF,4-Seam Fastball,,swinging_strike,L,R,SEA,CLE,94.80,,,0,1,2023,2023-03
2023-03-30,2023,R,622491,665926,CH,Changeup,,called_strike,L,R,SEA,CLE,87.00,,,0,0,2023,2023-03
2023-03-30,2023,R,622491,665926,FF,4-Seam Fastball,field_out,hit_into_play,L,R,SEA,CLE,96.60,83.30,67,1,2,2023,2023-03
2023-03-30,2023,R,622491,665926,FF,4-Seam Fastball,,swinging_strike,L,R,SEA,CLE,96.60,,,1,1,2023,2023-03
2023-03-30,2023,R,622491,665926,CH,Changeup,,ball,L,R,SEA,CLE,89.60,,,0,1,2023,2023-03
2023-03-30,2023,R,622491,665926,FF,4-Seam Fastball,,swinging_strike,L,R,SEA,CLE,95.70,,,0,0,2023,2023-03
2023-03-30,2023,R,622491,680757,FF,4-Seam Fastball,field_out,hit_into_play,L,R,SEA,CLE,95.40,86.90,34,1,2,2023,2023-03
2023-03-30,2023,R,622491,680757,FF,4-Seam Fastball,,foul,L,R,SEA,CLE,96.20,79.90,44,1,2,2023,2023-03
2023-03-30,2023,R,622491,680757,CH,Changeup,,swinging_strike,L,R,SEA,CLE,87.70,,,1,1,2023,2023-03
2023-03-30,2023,R,622491,680757,FF,4-Seam Fastball,,called_strike,L,R,SEA,CLE,94.60,,,1,0,2023,2023-03
2023-03-30,2023,R,622491,680757,SI,Sinker,,ball,L,R,SEA,CLE,95.00,,,0,0,2023,2023-03
2023-03-30,2023,R,622491,680757,CH,Changeup,strikeout,swinging_strike,L,R,SEA,CLE,89.60,,,1,2,2023,2023-03
2023-03-30,2023,R,622491,680757,FF,4-Seam Fastball,,ball,L,R,SEA,CLE,96.60,,,0,2,2023,2023-03
2023-03-30,2023,R,622491,680757,SI,Sinker,,foul,L,R,SEA,CLE,97.10,77.60,40,0,2,2023,2023-03
2023-03-30,2023,R,622491,680757,SI,Sinker,,foul,L,R,SEA,CLE,96.50,69.50,55,0,1,2023,2023-03
2023-03-30,2023,R,622491,680757,SL,Slider,,called_strike,L,R,SEA,CLE,88.60,,,0,0,2023,2023-03
2023-03-30,2023,R,622491,680757,SI,Sinker,field_out,hit_into_play,L,R,SEA,CLE,96.40,70.40,70,3,2,2023,2023-03
2023-03-30,2023,R,622491,680757,SI,Sinker,,called_strike,L,R,SEA,CLE,95.30,,,3,1,2023,2023-03
2023-03-30,2023,R,622491,680757,FF,4-Seam Fastball,,called_strike,L,R,SEA,CLE,94.20,,,3,0,2023,2023-03
2023-03-30,2023,R,622491,680757,FF,4-Seam Fastball,,ball,L,R,SEA,CLE,94.80,,,2,0,2023,2023-03
2023-03-30,2023,R,622491,680757,SI,Sinker,,ball,L,R,SEA,CLE,95.10,,,1,0,2023,2023-03
2023-03-30,2023,R,622491,680757,FF,4-Seam Fastball,,ball,L,R,SEA,CLE,95.10,,,0,0,2023,2023-03
2023-03-30,2023,R,622491,686823,SI,Sinker,field_out,hit_into_play,L,R,SEA,CLE,95.60,106.60,-15,0,0,2023,2023-03
2023-03-30,2023,R,622491,686823,CH,Changeup,single,hit_into_play,L,R,SEA,CLE,87.90,95.80,6,0,1,2023,2023-03
2023-03-30,2023,R,622491,686823,FF,4-Seam Fastball,,called_strike,L,R,SEA,CLE,94.40,,,0,0,2023,2023-03
2023-03-30,2023,R,622503,453568,CH,Changeup,field_out,hit_into_play,L,R,SD,COL,80.70,91.20,36,2,1,2023,2023-03
2023-03-30,2023,R,622503,453568,CU,Curveball,,blocked_ball,L,R,SD,COL,72.00,,,1,1,2023,2023-03
2023-03-30,2023,R,622503,453568,SI,Sinker,,called_strike,L,R,SD,COL,87.30,,,1,0,2023,2023-03
2023-03-30,2023,R,622503,453568,SL,Slider,,ball,L,R,SD,COL,84.40,,,0,0,2023,2023-03
2023-03-30,2023,R,622503,543068,CH,Changeup,home_run,hit_into_play,R,R,SD,COL,81.20,97.70,23,1,2,2023,2023-03
2023-03-30,2023,R,622503,543068,CH,Changeup,,foul,R,R,SD,COL,80.50,73.20,76,1,1,2023,2023-03
2023-03-30,2023,R,622503,543068,CH,Changeup,,foul,R,R,SD,COL,81.00,64.10,-52,1,0,2023,2023-03
2023-03-30,2023,R,622503,543068,CH,Changeup,,ball,R,R,SD,COL,81.40,,,0,0,2023,2023-03
2023-03-30,2023,R,622503,553869,FF,4-Seam Fastball,single,hit_into_play,R,R,SD,COL,89.30,101.70,4,0,0,2023,2023-03
2023-03-30,2023,R,622503,592178,CU,Curveball,single,hit_into_play,R,R,SD,COL,72.60,71.90,36,1,2,2023,2023-03
2023-03-30,2023,R,622503,592178,FF,4-Seam Fastball,,foul,R,R,SD,COL,88.00,78.20,63,1,1,2023,2023-03
2023-03-30,2023,R,622503,592178,FF,4-Seam Fastball,,called_strike,R,R,SD,COL,87.60,,,1,0,2023,2023-03
2023-03-30,2023,R,622503,592178,CU,Curveball,,blocked_ball,R,R,SD,COL,73.00,,,0,0,2023,2023-03
2023-03-30,2023,R,622503,602074,CH,Changeup,strikeout,swinging_strike,R,R,SD,COL,81.00,,,1,2,2023,2023-03
2023-03-30,2023,R,622503,602074,CU,Curveball,,foul,R,R,SD,COL,71.00,58.20,-30,1,1,2023,2023-03
2023-03-30,2023,R,622503,602074,CU,Curveball,,called_strike,R,R,SD,COL,70.80,,,1,0,2023,2023-03
2023-03-30,2023,R,622503,602074,FF,4-Seam Fastball,,ball,R,R,SD,COL,88.00,,,0,0,2023,2023-03
2023-03-30,2023,R,622503,605612,CH,Changeup,force_out,hit_into_play,L,R,SD,COL,79.10,39.10,-65,0,2,2023,2023-03
2023-03-30,2023,R,622503,605612,CH,Changeup,,foul,L,R,SD,COL,78.60,65.90,38,0,1,2023,2023-03
2023-03-30,2023,R,622503,605612,CH,Changeup,,called_strike,L,R,SD,COL,79.90,,,0,0,2023,2023-03
2023-03-30,2023,R,622503,641857,CU,Curveball,field_out,hit_into_play,L,R,SD,COL,71.20,65.10,-30,1,0,2023,2023-03
2023-03-30,2023,R,622503,641857,CU,Curveball,,ball,L,R,SD,COL,73.50,,,0,0,2023,2023-03
2023-03-30,2023,R,622503,660707,CH,Changeup,strikeout,swinging_strike,R,R,SD,COL,81.20,,,2,2,2023,2023-03
2023-03-30,2023,R,622503,660707,CH,Changeup,,swinging_strike,R,R,SD,COL,80.40,,,2,1,2023,2023-03
2023-03-30,2023,R,622503,660707,FF,4-Seam Fastball,,called_strike,R,R,SD,COL,87.50,,,2,0,2023,2023-03
2023-03-30,2023,R,622503,660707,SI,Sinker,,ball,R,R,SD,COL,87.50,,,1,0,2023,2023-03
2023-03-30,2023,R,622503,660707,SL,Slider,,ball,R,R,SD,COL,83.90,,,0,0,2023,2023-03
2023-03-30,2023,R,622503,678662,CH,Changeup,single,hit_into_play,R,R,SD,COL,79.00,96.80,3,2,2,2023,2023-03
2023-03-30,2023,R,622503,678662,CH,Changeup,,swinging_strike,R,R,SD,COL,78.80,,,2,1,2023,2023-03
2023-03-30,2023,R,622503,678662,CH,Changeup,,called_strike,R,R,SD,COL,79.40,,,2,0,2023,2023-03
2023-03-30,2023,R,622503,678662,SI,Sinker,,ball,R,R,SD,COL,87.00,,,1,0,2023,2023-03
2023-03-30,2023,R,622503,678662,CH,Changeup,,ball,R,R,SD,COL,79.40,,,0,0,2023,2023-03
2023-03-30,2023,R,623149,572287,FF,4-Seam Fastball,field_out,hit_into_play,R,R,SEA,CLE,91.60,81.80,51,1,2,2023,2023-03
2023-03-30,2023,R,623149,572287,FF,4-Seam Fastball,,swinging_strike,R,R,SEA,CLE,91.40,,,1,1,2023,2023-03
2023-03-30,2023,R,623149,572287,FF,4-Seam Fastball,,called_strike,R,R,SEA,CLE,91.20,,,1,0,2023,2023-03
2023-03-30,2023,R,623149,572287,FF,4-Seam Fastball,,ball,R,R,SEA,CLE,91.60,,,0,0,2023,2023-03
2023-03-30,2023,R,623149,665926,FF,4-Seam Fastball,field_out,hit_into_play,L,R,SEA,CLE,90.70,60.00,62,1,1,2023,2023-03
2023-03-30,2023,R,623149,665926,ST,Sweeper,,ball,L,R,SEA,CLE,81.90,,,0,1,2023,2023-03
2023-03-30,2023,R,623149,665926,FF,4-Seam Fastball,,called_strike,L,R,SEA,CLE,89.50,,,0,0,2023,2023-03
2023-03-30,2023,R,623149,686823,ST,Sweeper,strikeout,swinging_strike,L,R,SEA,CLE,82.20,,,0,2,2023,2023-03
2023-03-30,2023,R,623149,686823,ST,Sweeper,,foul,L,R,SEA,CLE,82.20,76.70,32,0,2,2023,2023-03
2023-03-30,2023,R,623149,686823,FF,4-Seam Fastball,,foul,L,R,SEA,CLE,91.60,75.20,12,0,2,2023,2023-03
2023-03-30,2023,R,623149,686823,FF,4-Seam Fastball,,swinging_strike,L,R,SEA,CLE,91.20,,,0,1,2023,2023-03
2023-03-30,2023,R,623149,686823,FF,4-Seam Fastball,,called_strike,L,R,SEA,CLE,92.40,,,0,0,2023,2023-03
2023-03-30,2023,R,623211,500871,FC,Cutter,strikeout,swinging_strike,L,R,MIA,NYM,87.50,,,3,2,2023,2023-03
2023-03-30,2023,R,623211,500871,FC,Cutter,,foul,L,R,MIA,NYM,88.70,,,3,2,2023,2023-03
2023-03-30,2023,R,623211,500871,CH,Changeup,,foul,L,R,MIA,NYM,88.40,59.90,-49,3,2,2023,2023-03
2023-03-30,2023,R,623211,500871,FC,Cutter,,called_strike,L,R,MIA,NYM,88.40,,,3,1,2023,2023-03
2023-03-30,2023,R,623211,500871,CH,Changeup,,blocked_ball,L,R,MIA,NYM,90.50,,,2,1,2023,2023-03
2023-03-30,2023,R,623211,500871,FC,Cutter,,ball,L,R,MIA,NYM,88.40,,,1,1,2023,2023-03
2023-03-30,2023,R,623211,500871,FC,Cutter,,ball,L,R,MIA,NYM,87.90,,,0,1,2023,2023-03
2023-03-30,2023,R,623211,500871,SI,Sinker,,swinging_strike,L,R,MIA,NYM,97.10,,,0,0,2023,2023-03
2023-03-30,2023,R,623211,502054,CH,Changeup,strikeout,swinging_strike,R,R,MIA,NYM,88.40,,,2,2,2023,2023-03
2023-03-30,2023,R,623211,502054,FF,4-Seam Fastball,,ball,R,R,MIA,NYM,96.20,,,1,2,2023,2023-03
2023-03-30,2023,R,623211,502054,FC,Cutter,,foul,R,R,MIA,NYM,88.10,78.50,4,1,1,2023,2023-03
2023-03-30,2023,R,623211,502054,CH,Changeup,,ball,R,R,MIA,NYM,87.90,,,0,1,2023,2023-03
2023-03-30,2023,R,623211,502054,FC,Cutter,,called_strike,R,R,MIA,NYM,88.20,,,0,0,2023,2023-03
2023-03-30,2023,R,623211,516782,SI,Sinker,single,hit_into_play,R,R,MIA,NYM,95.60,108.20,1,2,0,2023,2023-03
2023-03-30,2023,R,623211,516782,FC,Cutter,,ball,R,R,MIA,NYM,87.60,,,1,0,2023,2023-03
2023-03-30,2023,R,623211,516782,FC,Cutter,,ball,R,R,MIA,NYM,87.70,,,0,0,2023,2023-03
2023-03-30,2023,R,623211,553882,SI,Sinker,field_out,hit_into_play,L,R,MIA,NYM,96.30,87.80,-9,0,1,2023,2023-03
2023-03-30,2023,R,623211,553882,FC,Cutter,,foul,L,R,MIA,NYM,86.80,70.40,23,0,0,2023,2023-03
2023-03-30,2023,R,623211,592192,FC,Cutter,hit_by_pitch,hit_by_pitch,R,R,MIA,NYM,89.30,,,1,2,2023,2023-03
2023-03-30,2023,R,623211,592192,CH,Changeup,,foul,R,R,MIA,NYM,88.80,,,1,1,2023,2023-03
2023-03-30,2023,R,623211,592192,CH,Changeup,,foul,R,R,MIA,NYM,88.40,,-33,1,0,2023,2023-03
2023-03-30,2023,R,623211,592192,FC,Cutter,,ball,R,R,MIA,NYM,87.80,,,0,0,2023,2023-03
2023-03-30,2023,R,623211,596019,CH,Changeup,single,hit_into_play,L,R,MIA,NYM,87.40,102.80,11,2,1,2023,2023-03
2023-03-30,2023,R,623211,596019,FC,Cutter,,swinging_strike,L,R,MIA,NYM,87.90,,,2,0,2023,2023-03
2023-03-30,2023,R,623211,596019,SI,Sinker,,ball,L,R,MIA,NYM,94.90,,,1,0,2023,2023-03
2023-03-30,2023,R,623211,596019,FC,Cutter,,ball,L,R,MIA,NYM,87.70,,,0,0,2023,2023-03
2023-03-30,2023,R,623211,607043,CH,Changeup,field_out,hit_into_play,L,R,MIA,NYM,89.30,98.60,-4,1,1,2023,2023-03
2023-03-30,2023,R,623211,607043,FC,Cutter,,foul,L,R,MIA,NYM,85.30,64.10,46,1,0,2023,2023-03
2023-03-30,2023,R,623211,607043,SI,Sinker,,ball,L,R,MIA,NYM,95.90,,,0,0,2023,2023-03
2023-03-30,2023,R,623211,624413,FF,4-Seam Fastball,strikeout,swinging_strike,R,R,MIA,NYM,95.90,,,1,2,2023,2023-03
2023-03-30,2023,R,623211,624413,SI,Sinker,,foul,R,R,MIA,NYM,95.30,66.00,34,1,1,2023,2023-03
2023-03-30,2023,R,623211,624413,SI,Sinker,,foul,R,R,MIA,NYM,95.70,51.80,-38,1,0,2023,2023-03
2023-03-30,2023,R,623211,624413,CH,Changeup,,ball,R,R,MIA,NYM,89.20,,,0,0,2023,2023-03
2023-03-30,2023,R,623211,624413,FC,Cutter,field_out,hit_into_play,R,R,MIA,NYM,86.70,64.80,-30,2,0,2023,2023-03
2023-03-30,2023,R,623211,624413,FC,Cutter,,ball,R,R,MIA,NYM,87.10,,,1,0,2023,2023-03
2023-03-30,2023,R,623211,624413,SI,Sinker,,ball,R,R,MIA,NYM,94.70,,,0,0,2023,2023-03
2023-03-30,2023,R,623211,643446,SI,Sinker,single,hit_into_play,L,R,MIA,NYM,96.30,42.50,-45,0,0,2023,2023-03
2023-03-30,2023,R,623474,607054,SL,Slider,field_out,hit_into_play,L,R,ATH,LAA,84.50,101.30,-6,3,2,2023,2023-03
2023-03-30,2023,R,623474,607054,ST,Sweeper,,foul,L,R,ATH,LAA,74.90,90.90,31,3,2,2023,2023-03
2023-03-30,2023,R,623474,607054,ST,Sweeper,,ball,L,R,ATH,LAA,75.10,,,2,2,2023,2023-03
2023-03-30,2023,R,623474,607054,SL,Slider,,foul,L,R,ATH,LAA,84.00,74.00,52,2,2,2023,2023-03
2023-03-30,2023,R,623474,607054,ST,Sweeper,,ball,L,R,ATH,LAA,74.60,,,1,2,2023,2023-03
2023-03-30,2023,R,623474,607054,ST,Sweeper,,foul,L,R,ATH,LAA,74.20,81.60,-22,1,2,2023,2023-03
2023-03-30,2023,R,623474,607054,CH,Changeup,,ball,L,R,ATH,LAA,86.10,,,0,2,2023,2023-03
2023-03-30,2023,R,623474,607054,SL,Slider,,foul,L,R,ATH,LAA,84.20,70.00,35,0,1,2023,2023-03
2023-03-30,2023,R,623474,607054,SL,Slider,,called_strike,L,R,ATH,LAA,83.30,,,0,0,2023,2023-03
2023-03-30,2023,R,623474,657656,ST,Sweeper,strikeout,swinging_strike,R,R,ATH,LAA,75.50,,,1,2,2023,2023-03
2023-03-30,2023,R,623474,657656,ST,Sweeper,,ball,R,R,ATH,LAA,77.00,,,0,2,2023,2023-03
2023-03-30,2023,R,623474,657656,SL,Slider,,foul,R,R,ATH,LAA,83.50,76.30,0,0,1,2023,2023-03
2023-03-30,2023,R,623474,657656,SL,Slider,,called_strike,R,R,ATH,LAA,83.70,,,0,0,2023,2023-03
2023-03-30,2023,R,623474,669127,SL,Slider,field_out,hit_into_play,R,R,ATH,LAA,82.30,82.10,77,1,1,2023,2023-03
2023-03-30,2023,R,623474,669127,SL,Slider,,ball,R,R,ATH,LAA,84.40,,,0,1,2023,2023-03
2023-03-30,2023,R,623474,669127,ST,Sweeper,,foul,R,R,ATH,LAA,75.10,49.50,47,0,0,2023,2023-03
2023-03-30,2023,R,624522,605119,FF,4-Seam Fastball,walk,ball,R,R,CHC,MIL,91.60,,,3,0,2023,2023-03
2023-03-30,2023,R,624522,605119,FC,Cutter,,ball,R,R,CHC,MIL,87.00,,,2,0,2023,2023-03
2023-03-30,2023,R,624522,605119,FF,4-Seam Fastball,,ball,R,R,CHC,MIL,92.40,,,1,0,2023,2023-03
2023-03-30,2023,R,624522,605119,CU,Curveball,,ball,R,R,CHC,MIL,81.20,,,0,0,2023,2023-03
2023-03-30,2023,R,624522,649966,ST,Sweeper,field_out,hit_into_play,R,R,CHC,MIL,83.20,78.80,59,0,2,2023,2023-03
2023-03-30,2023,R,624522,649966,FC,Cutter,,swinging_strike,R,R,CHC,MIL,88.60,,,0,1,2023,2023-03
2023-03-30,2023,R,624522,649966,FF,4-Seam Fastball,,called_strike,R,R,CHC,MIL,91.70,,,0,0,2023,2023-03
2023-03-30,2023,R,624522,668930,FF,4-Seam Fastball,field_out,hit_into_play,L,R,CHC,MIL,93.00,95.10,31,2,1,2023,2023-03
2023-03-30,2023,R,624522,668930,CU,Curveball,,ball,L,R,CHC,MIL,80.30,,,1,1,2023,2023-03
2023-03-30,2023,R,624522,668930,FF,4-Seam Fastball,,foul,L,R,CHC,MIL,92.40,78.00,65,1,0,2023,2023-03
2023-03-30,2023,R,624522,668930,FF,4-Seam Fastball,,ball,L,R,CHC,MIL,92.80,,,0,0,2023,2023-03
2023-03-30,2023,R,624522,669003,FF,4-Seam Fastball,strikeout,foul_tip,L,R,CHC,MIL,94.60,,,0,2,2023,2023-03
2023-03-30,2023,R,624522,669003,FF,4-Seam Fastball,,called_strike,L,R,CHC,MIL,93.40,,,0,1,2023,2023-03
2023-03-30,2023,R,624522,669003,CU,Curveball,,called_strike,L,R,CHC,MIL,80.70,,,0,0,2023,2023-03
2023-03-30,2023,R,625643,547989,CH,Changeup,field_out,hit_into_play,R,R,HOU,CWS,92.00,88.20,-33,3,2,2023,2023-03
2023-03-30,2023,R,625643,547989,FF,4-Seam Fastball,,foul,R,R,HOU,CWS,100.30,77.80,62,3,2,2023,2023-03
2023-03-30,2023,R,625643,547989,FF,4-Seam Fastball,,foul,R,R,HOU,CWS,100.80,70.50,64,3,2,2023,2023-03
2023-03-30,2023,R,625643,547989,CH,Changeup,,ball,R,R,HOU,CWS,91.90,,,2,2,2023,2023-03
2023-03-30,2023,R,625643,547989,FF,4-Seam Fastball,,foul,R,R,HOU,CWS,100.30,77.20,43,2,2,2023,2023-03
2023-03-30,2023,R,625643,547989,FF,4-Seam Fastball,,foul,R,R,HOU,CWS,100.00,78.30,67,2,2,2023,2023-03
2023-03-30,2023,R,625643,547989,FF,4-Seam Fastball,,foul,R,R,HOU,CWS,100.40,52.40,-30,2,1,2023,2023-03
2023-03-30,2023,R,625643,547989,SL,Slider,,ball,R,R,HOU,CWS,91.60,,,1,1,2023,2023-03
2023-03-30,2023,R,625643,547989,SL,Slider,,ball,R,R,HOU,CWS,92.10,,,0,1,2023,2023-03
2023-03-30,2023,R,625643,547989,FF,4-Seam Fastball,,swinging_strike,R,R,HOU,CWS,100.60,,,0,0,2023,2023-03
2023-03-30,2023,R,625643,608324,FF,4-Seam Fastball,field_out,hit_into_play,R,R,HOU,CWS,99.80,97.00,-6,0,2,2023,2023-03
2023-03-30,2023,R,625643,608324,FF,4-Seam Fastball,,foul,R,R,HOU,CWS,99.70,73.20,31,0,1,2023,2023-03
2023-03-30,2023,R,625643,608324,FF,4-Seam Fastball,,called_strike,R,R,HOU,CWS,99.60,,,0,0,2023,2023-03
2023-03-30,2023,R,625643,663656,FF,4-Seam Fastball,walk,ball,L,R,HOU,CWS,99.00,,,3,1,2023,2023-03
2023-03-30,2023,R,625643,663656,CH,Changeup,,ball,L,R,HOU,CWS,91.50,,,2,1,2023,2023-03
2023-03-30,2023,R,625643,663656,FF,4-Seam Fastball,,ball,L,R,HOU,CWS,99.10,,,1,1,2023,2023-03
2023-03-30,2023,R,625643,663656,FF,4-Seam Fastball,,ball,L,R,HOU,CWS,99.10,,,0,1,2023,2023-03
2023-03-30,2023,R,625643,663656,CH,Changeup,,called_strike,L,R,HOU,CWS,91.10,,,0,0,2023,2023-03
2023-03-30,2023,R,625643,670541,SL,Slider,home_run,hit_into_play,L,R,HOU,CWS,90.70,111.90,29,0,1,2023,2023-03
2023-03-30,2023,R,625643,670541,FF,4-Seam Fastball,,called_strike,L,R,HOU,CWS,99.90,,,0,0,2023,2023-03
2023-03-30,2023,R,625643,673237,SL,Slider,strikeout,swinging_strike,R,R,HOU,CWS,88.90,,,1,2,2023,2023-03
2023-03-30,2023,R,625643,673237,FF,4-Seam Fastball,,foul,R,R,HOU,CWS,99.60,76.80,62,1,2,2023,2023-03
2023-03-30,2023,R,625643,673237,SL,Slider,,foul,R,R,HOU,CWS,90.40,78.90,61,1,2,2023,2023-03
2023-03-30,2023,R,625643,673237,FF,4-Seam Fastball,,foul,R,R,HOU,CWS,100.40,78.60,18,1,2,2023,2023-03
2023-03-30,2023,R,625643,673237,FF,4-Seam Fastball,,foul,R,R,HOU,CWS,99.30,69.60,37,1,1,2023,2023-03
2023-03-30,2023,R,625643,673237,SL,Slider,,blocked_ball,R,R,HOU,CWS,90.00,,,0,1,2023,2023-03
2023-03-30,2023,R,625643,673237,SL,Slider,,foul,R,R,HOU,CWS,86.70,82.50,-42,0,0,2023,2023-03
2023-03-30,2023,R,628711,446334,FC,Cutter,field_out,hit_into_play,R,L,LAD,AZ,85.80,77.10,68,0,2,2023,2023-03
2023-03-30,2023,R,628711,446334,FF,4-Seam Fastball,,swinging_strike,R,L,LAD,AZ,93.00,,,0,1,2023,2023-03
2023-03-30,2023,R,628711,446334,FF,4-Seam Fastball,,called_strike,R,L,LAD,AZ,92.70,,,0,0,2023,2023-03
2023-03-30,2023,R,628711,446334,FF,4-Seam Fastball,grounded_into_double_play,hit_into_play,R,L,LAD,AZ,92.90,97.20,-12,0,0,2023,2023-03
2023-03-30,2023,R,628711,572233,FC,Cutter,field_out,hit_into_play,R,L,LAD,AZ,85.50,91.40,-24,1,2,2023,2023-03
2023-03-30,2023,R,628711,572233,FC,Cutter,,ball,R,L,LAD,AZ,86.00,,,0,2,2023,2023-03
2023-03-30,2023,R,628711,572233,FF,4-Seam Fastball,,foul,R,L,LAD,AZ,91.50,74.10,82,0,2,2023,2023-03
2023-03-30,2023,R,628711,572233,FF,4-Seam Fastball,,foul,R,L,LAD,AZ,90.90,76.30,73,0,2,2023,2023-03
2023-03-30,2023,R,628711,572233,CH,Changeup,,swinging_strike,R,L,LAD,AZ,85.00,,,0,1,2023,2023-03
2023-03-30,2023,R,628711,572233,FF,4-Seam Fastball,,called_strike,R,L,LAD,AZ,92.40,,,0,0,2023,2023-03
2023-03-30,2023,R,628711,572233,CH,Changeup,single,hit_into_play,R,L,LAD,AZ,85.80,85.60,8,0,2,2023,2023-03
2023-03-30,2023,R,628711,572233,FF,4-Seam Fastball,,foul,R,L,LAD,AZ,93.30,,,0,1,2023,2023-03
2023-03-30,2023,R,628711,572233,FF,4-Seam Fastball,,swinging_strike,R,L,LAD,AZ,93.10,,,0,0,2023,2023-03
2023-03-30,2023,R,628711,605113,FF,4-Seam Fastball,strikeout,swinging_strike,R,L,LAD,AZ,92.10,,,1,2,2023,2023-03
2023-03-30,2023,R,628711,605113,FF,4-Seam Fastball,,ball,R,L,LAD,AZ,93.10,,,0,2,2023,2023-03
2023-03-30,2023,R,628711,605113,FC,Cutter,,foul,R,L,LAD,AZ,86.30,63.10,56,0,2,2023,2023-03
2023-03-30,2023,R,628711,605113,FC,Cutter,,foul,R,L,LAD,AZ,86.60,60.80,64,0,2,2023,2023-03
2023-03-30,2023,R,628711,605113,FF,4-Seam Fastball,,called_strike,R,L,LAD,AZ,92.50,,,0,1,2023,2023-03
2023-03-30,2023,R,628711,605113,SV,Slurve,,called_strike,R,L,LAD,AZ,77.30,,,0,0,2023,2023-03
2023-03-30,2023,R,628711,605113,FF,4-Seam Fastball,double,hit_into_play,R,L,LAD,AZ,92.70,108.40,10,0,0,2023,2023-03
2023-03-30,2023,R,628711,606466,FF,4-Seam Fastball,single,hit_into_play,R,L,LAD,AZ,92.70,90.90,8,3,2,2023,2023-03
2023-03-30,2023,R,628711,606466,CH,Changeup,,foul,R,L,LAD,AZ,85.50,65.30,-28,3,2,2023,2023-03
2023-03-30,2023,R,628711,606466,SV,Slurve,,foul,R,L,LAD,AZ,80.30,106.00,23,3,2,2023,2023-03
2023-03-30,2023,R,628711,606466,SV,Slurve,,foul,R,L,LAD,AZ,80.90,100.00,18,3,2,2023,2023-03
2023-03-30,2023,R,628711,606466,FF,4-Seam Fastball,,ball,R,L,LAD,AZ,92.40,,,2,2,2023,2023-03
2023-03-30,2023,R,628711,606466,FC,Cutter,,foul,R,L,LAD,AZ,86.30,81.70,31,2,2,2023,2023-03
2023-03-30,2023,R,628711,606466,FF,4-Seam Fastball,,ball,R,L,LAD,AZ,91.90,,,1,2,2023,2023-03
2023-03-30,2023,R,628711,606466,SV,Slurve,,ball,R,L,LAD,AZ,77.70,,,0,2,2023,2023-03
2023-03-30,2023,R,628711,606466,SV,Slurve,,foul,R,L,LAD,AZ,76.00,108.50,22,0,1,2023,2023-03
2023-03-30,2023,R,628711,606466,CH,Changeup,,called_strike,R,L,LAD,AZ,84.30,,,0,0,2023,2023-03
2023-03-30,2023,R,628711,606466,SV,Slurve,field_error,hit_into_play,R,L,LAD,AZ,78.60,98.70,8,0,0,2023,2023-03
2023-03-30,2023,R,628711,606466,FF,4-Seam Fastball,hit_by_pitch,hit_by_pitch,R,L,LAD,AZ,92.80,,,1,0,2023,2023-03
2023-03-30,2023,R,628711,606466,SV,Slurve,,ball,R,L,LAD,AZ,77.10,,,0,0,2023,2023-03
2023-03-30,2023,R,628711,641786,FF,4-Seam Fastball,strikeout,swinging_strike,R,L,LAD,AZ,92.00,,,1,2,2023,2023-03
2023-03-30,2023,R,628711,641786,CH,Changeup,,foul,R,L,LAD,AZ,84.50,78.50,-53,1,1,2023,2023-03
2023-03-30,2023,R,628711,641786,FF,4-Seam Fastball,,ball,R,L,LAD,AZ,91.50,,,0,1,2023,2023-03
2023-03-30,2023,R,628711,641786,FF,4-Seam Fastball,,called_strike,R,L,LAD,AZ,92.90,,,0,0,2023,2023-03
2023-03-30,2023,R,628711,641786,FC,Cutter,strikeout,swinging_strike,R,L,LAD,AZ,85.00,,,2,2,2023,2023-03
2023-03-30,2023,R,628711,641786,CH,Changeup,,foul,R,L,LAD,AZ,84.90,70.50,23,2,1,2023,2023-03
2023-03-30,2023,R,628711,641786,FF,4-Seam Fastball,,ball,R,L,LAD,AZ,91.70,,,1,1,2023,2023-03
2023-03-30,2023,R,628711,641786,SV,Slurve,,foul,R,L,LAD,AZ,77.20,63.90,-43,1,0,2023,2023-03
2023-03-30,2023,R,628711,641786,SV,Slurve,,ball,R,L,LAD,AZ,77.80,,,0,0,2023,2023-03
2023-03-30,2023,R,628711,641786,FC,Cutter,strikeout,swinging_strike,R,L,LAD,AZ,86.70,,,1,2,2023,2023-03
2023-03-30,2023,R,628711,641786,SV,Slurve,,foul,R,L,LAD,AZ,78.70,101.60,32,1,2,2023,2023-03
2023-03-30,2023,R,628711,641786,FF,4-Seam Fastball,,ball,R,L,LAD,AZ,92.50,,,0,2,2023,2023-03
2023-03-30,2023,R,628711,641786,SV,Slurve,,foul,R,L,LAD,AZ,79.20,95.60,18,0,2,2023,2023-03
2023-03-30,2023,R,628711,641786,FC,Cutter,,foul,R,L,LAD,AZ,86.30,,,0,2,2023,2023-03
2023-03-30,2023,R,628711,641786,FF,4-Seam Fastball,,swinging_strike,R,L,LAD,AZ,92.60,,,0,1,2023,2023-03
2023-03-30,2023,R,628711,641786,FF,4-Seam Fastball,,called_strike,R,L,LAD,AZ,93.50,,,0,0,2023,2023-03
2023-03-30,2023,R,628711,664983,SV,Slurve,field_out,hit_into_play,L,L,LAD,AZ,78.30,96.20,26,1,1,2023,2023-03
2023-03-30,2023,R,628711,664983,FF,4-Seam Fastball,,foul,L,L,LAD,AZ,93.00,76.60,12,1,0,2023,2023-03
2023-03-30,2023,R,628711,664983,FF,4-Seam Fastball,,ball,L,L,LAD,AZ,92.20,,,0,0,2023,2023-03
2023-03-30,2023,R,628711,664983,SV,Slurve,field_out,hit_into_play,L,L,LAD,AZ,80.30,70.30,-3,0,1,2023,2023-03
2023-03-30,2023,R,628711,664983,SV,Slurve,,called_strike,L,L,LAD,AZ,78.90,,,0,0,2023,2023-03
2023-03-30,2023,R,628711,666971,FF,4-Seam Fastball,strikeout,called_strike,R,L,LAD,AZ,93.30,,,2,2,2023,2023-03
2023-03-30,2023,R,628711,666971,SV,Slurve,,ball,R,L,LAD,AZ,81.50,,,1,2,2023,2023-03
2023-03-30,2023,R,628711,666971,CH,Changeup,,foul,R,L,LAD,AZ,85.00,,,1,1,2023,2023-03
2023-03-30,2023,R,628711,666971,CH,Changeup,,ball,R,L,LAD,AZ,84.00,,,0,1,2023,2023-03
2023-03-30,2023,R,628711,666971,FF,4-Seam Fastball,,called_strike,R,L,LAD,AZ,92.40,,,0,0,2023,2023-03
2023-03-30,2023,R,628711,666971,SV,Slurve,grounded_into_double_play,hit_into_play,R,L,LAD,AZ,80.40,94.40,-5,1,0,2023,2023-03
2023-03-30,2023,R,628711,666971,CH,Changeup,,ball,R,L,LAD,AZ,84.90,,,0,0,2023,2023-03
2023-03-30,2023,R,628711,666971,FF,4-Seam Fastball,single,hit_into_play,R,L,LAD,AZ,93.50,101.20,11,0,1,2023,2023-03
2023-03-30,2023,R,628711,666971,FF,4-Seam Fastball,,foul,R,L,LAD,AZ,92.50,71.40,29,0,0,2023,2023-03
2023-03-30,2023,R,628711,672515,SV,Slurve,strikeout,swinging_strike_blocked,R,L,LAD,AZ,80.20,,,2,2,2023,2023-03
2023-03-30,2023,R,628711,672515,SV,Slurve,,called_strike,R,L,LAD,AZ,77.80,,,2,1,2023,2023-03
2023-03-30,2023,R,628711,672515,FF,4-Seam Fastball,,ball,R,L,LAD,AZ,92.20,,,1,1,2023,2023-03
2023-03-30,2023,R,628711,672515,CH,Changeup,,ball,R,L,LAD,AZ,84.60,,,0,1,2023,2023-03
2023-03-30,2023,R,628711,672515,SV,Slurve,,called_strike,R,L,LAD,AZ,76.90,,,0,0,2023,2023-03
2023-03-30,2023,R,628711,672515,FF,4-Seam Fastball,sac_fly,hit_into_play,R,L,LAD,AZ,93.10,100.40,17,2,1,2023,2023-03
2023-03-30,2023,R,628711,672515,FF,4-Seam Fastball,,ball,R,L,LAD,AZ,92.90,,,1,1,2023,2023-03
2023-03-30,2023,R,628711,672515,SV,Slurve,,called_strike,R,L,LAD,AZ,81.30,,,1,0,2023,2023-03
2023-03-30,2023,R,628711,672515,SV,Slurve,,ball,R,L,LAD,AZ,81.10,,,0,0,2023,2023-03
2023-03-30,2023,R,628711,682998,SV,Slurve,field_out,hit_into_play,L,L,LAD,AZ,78.60,94.00,19,1,1,2023,2023-03
2023-03-30,2023,R,628711,682998,FF,4-Seam Fastball,,called_strike,L,L,LAD,AZ,92.20,,,1,0,2023,2023-03
2023-03-30,2023,R,628711,682998,FF,4-Seam Fastball,,ball,L,L,LAD,AZ,91.60,,,0,0,2023,2023-03
2023-03-30,2023,R,628711,682998,SV,Slurve,field_out,hit_into_play,L,L,LAD,AZ,79.20,95.20,34,2,1,2023,2023-03
2023-03-30,2023,R,628711,682998,FF,4-Seam Fastball,,called_strike,L,L,LAD,AZ,93.60,,,2,0,2023,2023-03
2023-03-30,2023,R,628711,682998,FF,4-Seam Fastball,,ball,L,L,LAD,AZ,92.30,,,1,0,2023,2023-03
2023-03-30,2023,R,628711,682998,SV,Slurve,,ball,L,L,LAD,AZ,78.90,,,0,0,2023,2023-03
2023-03-30,2023,R,640448,518595,FF,4-Seam Fastball,double,hit_into_play,R,R,WSH,ATL,96.50,109.10,15,0,2,2023,2023-03
2023-03-30,2023,R,640448,518595,FF,4-Seam Fastball,,foul,R,R,WSH,ATL,96.80,75.10,81,0,2,2023,2023-03
2023-03-30,2023,R,640448,518595,FF,4-Seam Fastball,,called_strike,R,R,WSH,ATL,97.50,,,0,1,2023,2023-03
2023-03-30,2023,R,640448,518595,FF,4-Seam Fastball,,called_strike,R,R,WSH,ATL,96.20,,,0,0,2023,2023-03
2023-03-30,2023,R,640448,606115,FF,4-Seam Fastball,field_out,hit_into_play,R,R,WSH,ATL,96.70,104.30,18,1,0,2023,2023-03
2023-03-30,2023,R,640448,606115,FF,4-Seam Fastball,,ball,R,R,WSH,ATL,96.80,,,0,0,2023,2023-03
2023-03-30,2023,R,640448,656541,FF,4-Seam Fastball,walk,ball,L,R,WSH,ATL,96.90,,,3,0,2023,2023-03
2023-03-30,2023,R,640448,656541,FF,4-Seam Fastball,,ball,L,R,WSH,ATL,96.90,,,2,0,2023,2023-03
2023-03-30,2023,R,640448,656541,FS,Split-Finger,,ball,L,R,WSH,ATL,89.60,,,1,0,2023,2023-03
2023-03-30,2023,R,640448,656541,FF,4-Seam Fastball,,ball,L,R,WSH,ATL,97.40,,,0,0,2023,2023-03
2023-03-30,2023,R,640448,660670,FS,Split-Finger,field_out,hit_into_play,R,R,WSH,ATL,90.40,103.90,31,0,2,2023,2023-03
2023-03-30,2023,R,640448,660670,FF,4-Seam Fastball,,foul,R,R,WSH,ATL,97.10,75.90,49,0,1,2023,2023-03
2023-03-30,2023,R,640448,660670,FF,4-Seam Fastball,,swinging_strike,R,R,WSH,ATL,97.50,,,0,0,2023,2023-03
2023-03-30,2023,R,640448,669221,FS,Split-Finger,field_out,hit_into_play,R,R,WSH,ATL,89.20,91.80,65,1,2,2023,2023-03
2023-03-30,2023,R,640448,669221,FF,4-Seam Fastball,,foul,R,R,WSH,ATL,98.40,,,1,1,2023,2023-03
2023-03-30,2023,R,640448,669221,FS,Split-Finger,,ball,R,R,WSH,ATL,90.20,,,0,1,2023,2023-03
2023-03-30,2023,R,640448,669221,FF,4-Seam Fastball,,swinging_strike,R,R,WSH,ATL,96.00,,,0,0,2023,2023-03
2023-03-30,2023,R,640448,671739,FF,4-Seam Fastball,walk,ball,L,R,WSH,ATL,96.30,,,3,2,2023,2023-03
2023-03-30,2023,R,640448,671739,FF,4-Seam Fastball,,ball,L,R,WSH,ATL,96.90,,,2,2,2023,2023-03
2023-03-30,2023,R,640448,671739,FF,4-Seam Fastball,,called_strike,L,R,WSH,ATL,97.10,,,2,1,2023,2023-03
2023-03-30,2023,R,640448,671739,FF,4-Seam Fastball,,ball,L,R,WSH,ATL,96.70,,,1,1,2023,2023-03
2023-03-30,2023,R,640448,671739,FS,Split-Finger,,ball,L,R,WSH,ATL,88.10,,,0,1,2023,2023-03
2023-03-30,2023,R,640448,671739,FF,4-Seam Fastball,,called_strike,L,R,WSH,ATL,96.10,,,0,0,2023,2023-03
2023-03-30,2023,R,640451,621566,FF,4-Seam Fastball,single,hit_into_play,L,R,WSH,ATL,98.40,112.80,14,1,1,2023,2023-03
2023-03-30,2023,R,640451,621566,FF,4-Seam Fastball,,foul,L,R,WSH,ATL,97.60,80.60,25,1,0,2023,2023-03
2023-03-30,2023,R,640451,621566,FS,Split-Finger,,ball,L,R,WSH,ATL,89.60,,,0,0,2023,2023-03
2023-03-30,2023,R,640451,645277,FS,Split-Finger,field_out,hit_into_play,L,R,WSH,ATL,89.00,88.70,-13,1,0,2023,2023-03
2023-03-30,2023,R,640451,645277,FS,Split-Finger,,ball,L,R,WSH,ATL,89.80,,,0,0,2023,2023-03
2023-03-30,2023,R,640451,660670,FF,4-Seam Fastball,field_out,hit_into_play,R,R,WSH,ATL,97.40,79.50,78,1,0,2023,2023-03
2023-03-30,2023,R,640451,660670,FF,4-Seam Fastball,,ball,R,R,WSH,ATL,97.70,,,0,0,2023,2023-03
2023-03-30,2023,R,640451,663586,CU,Curveball,force_out,hit_into_play,R,R,WSH,ATL,84.50,96.40,-7,2,2,2023,2023-03
2023-03-30,2023,R,640451,663586,FS,Split-Finger,,foul,R,R,WSH,ATL,89.50,68.30,-27,2,1,2023,2023-03
2023-03-30,2023,R,640451,663586,FF,4-Seam Fastball,,ball,R,R,WSH,ATL,98.80,,,1,1,2023,2023-03
2023-03-30,2023,R,640451,663586,FF,4-Seam Fastball,,foul,R,R,WSH,ATL,97.60,74.60,57,1,0,2023,2023-03
2023-03-30,2023,R,640451,663586,FF,4-Seam Fastball,,ball,R,R,WSH,ATL,98.70,,,0,0,2023,2023-03
2023-03-30,2023,R,641154,521692,FF,4-Seam Fastball,strikeout,swinging_strike,R,R,KC,MIN,93.80,,,1,2,2023,2023-03
2023-03-30,2023,R,641154,521692,ST,Sweeper,,foul,R,R,KC,MIN,85.30,71.90,47,1,1,2023,2023-03
2023-03-30,2023,R,641154,521692,SI,Sinker,,ball,R,R,KC,MIN,93.60,,,0,1,2023,2023-03
2023-03-30,2023,R,641154,521692,ST,Sweeper,,called_strike,R,R,KC,MIN,81.30,,,0,0,2023,2023-03
2023-03-30,2023,R,641154,521692,SI,Sinker,single,hit_into_play,R,R,KC,MIN,94.30,61.00,29,0,0,2023,2023-03
2023-03-30,2023,R,641154,521692,ST,Sweeper,field_out,hit_into_play,R,R,KC,MIN,84.60,86.50,2,1,0,2023,2023-03
2023-03-30,2023,R,641154,521692,ST,Sweeper,,ball,R,R,KC,MIN,85.00,,,0,0,2023,2023-03
2023-03-30,2023,R,641154,614177,ST,Sweeper,strikeout,swinging_strike,R,R,KC,MIN,83.40,,,1,2,2023,2023-03
2023-03-30,2023,R,641154,614177,ST,Sweeper,,swinging_strike,R,R,KC,MIN,83.50,,,1,1,2023,2023-03
2023-03-30,2023,R,641154,614177,SI,Sinker,,foul,R,R,KC,MIN,94.00,74.80,64,1,0,2023,2023-03
2023-03-30,2023,R,641154,614177,SI,Sinker,,ball,R,R,KC,MIN,94.40,,,0,0,2023,2023-03
2023-03-30,2023,R,641154,614177,ST,Sweeper,strikeout,swinging_strike,R,R,KC,MIN,86.10,,,1,2,2023,2023-03
2023-03-30,2023,R,641154,614177,SI,Sinker,,swinging_strike,R,R,KC,MIN,95.60,,,1,1,2023,2023-03
2023-03-30,2023,R,641154,614177,ST,Sweeper,,ball,R,R,KC,MIN,85.00,,,0,1,2023,2023-03
2023-03-30,2023,R,641154,614177,ST,Sweeper,,swinging_strike,R,R,KC,MIN,84.50,,,0,0,2023,2023-03
2023-03-30,2023,R,641154,641531,CH,Changeup,strikeout,swinging_strike,R,R,KC,MIN,88.30,,,1,2,2023,2023-03
2023-03-30,2023,R,641154,641531,SI,Sinker,,foul,R,R,KC,MIN,93.30,93.70,-16,1,1,2023,2023-03
2023-03-30,2023,R,641154,641531,ST,Sweeper,,called_strike,R,R,KC,MIN,81.80,,,1,0,2023,2023-03
2023-03-30,2023,R,641154,641531,ST,Sweeper,,ball,R,R,KC,MIN,82.50,,,0,0,2023,2023-03
2023-03-30,2023,R,641154,641531,SI,Sinker,field_out,hit_into_play,R,R,KC,MIN,96.10,72.50,-18,2,2,2023,2023-03
2023-03-30,2023,R,641154,641531,ST,Sweeper,,foul,R,R,KC,MIN,85.50,81.80,-36,2,2,2023,2023-03
2023-03-30,2023,R,641154,641531,ST,Sweeper,,swinging_strike,R,R,KC,MIN,85.80,,,2,1,2023,2023-03
2023-03-30,2023,R,641154,641531,SI,Sinker,,ball,R,R,KC,MIN,96.00,,,1,1,2023,2023-03
2023-03-30,2023,R,641154,641531,ST,Sweeper,,ball,R,R,KC,MIN,85.60,,,0,1,2023,2023-03
2023-03-30,2023,R,641154,641531,ST,Sweeper,,swinging_strike,R,R,KC,MIN,85.50,,,0,0,2023,2023-03
2023-03-30,2023,R,641154,658668,SI,Sinker,hit_by_pitch,hit_by_pitch,R,R,KC,MIN,93.70,,,1,0,2023,2023-03
2023-03-30,2023,R,641154,658668,SI,Sinker,,ball,R,R,KC,MIN,93.50,,,0,0,2023,2023-03
2023-03-30,2023,R,641154,658668,FF,4-Seam Fastball,field_out,hit_into_play,R,R,KC,MIN,95.10,96.50,-15,1,2,2023,2023-03
2023-03-30,2023,R,641154,658668,FF,4-Seam Fastball,,ball,R,R,KC,MIN,95.30,,,0,2,2023,2023-03
2023-03-30,2023,R,641154,658668,SI,Sinker,,called_strike,R,R,KC,MIN,93.80,,,0,1,2023,2023-03
2023-03-30,2023,R,641154,658668,SI,Sinker,,called_strike,R,R,KC,MIN,94.90,,,0,0,2023,2023-03
2023-03-30,2023,R,641154,664728,FF,4-Seam Fastball,double,hit_into_play,L,R,KC,MIN,94.30,103.80,10,0,0,2023,2023-03
2023-03-30,2023,R,641154,664728,CH,Changeup,walk,ball,L,R,KC,MIN,88.30,,,3,1,2023,2023-03
2023-03-30,2023,R,641154,664728,FF,4-Seam Fastball,,called_strike,L,R,KC,MIN,95.10,,,3,0,2023,2023-03
2023-03-30,2023,R,641154,664728,FF,4-Seam Fastball,,ball,L,R,KC,MIN,94.50,,,2,0,2023,2023-03
2023-03-30,2023,R,641154,664728,CH,Changeup,,ball,L,R,KC,MIN,89.90,,,1,0,2023,2023-03
2023-03-30,2023,R,641154,664728,CH,Changeup,,ball,L,R,KC,MIN,89.60,,,0,0,2023,2023-03
2023-03-30,2023,R,641154,669004,CH,Changeup,grounded_into_double_play,hit_into_play,L,R,KC,MIN,89.30,77.40,-46,3,2,2023,2023-03
2023-03-30,2023,R,641154,669004,CH,Changeup,,swinging_strike,L,R,KC,MIN,88.90,,,3,1,2023,2023-03
2023-03-30,2023,R,641154,669004,FF,4-Seam Fastball,,called_strike,L,R,KC,MIN,94.90,,,3,0,2023,2023-03
2023-03-30,2023,R,641154,669004,FF,4-Seam Fastball,,ball,L,R,KC,MIN,95.00,,,2,0,2023,2023-03
2023-03-30,2023,R,641154,669004,FF,4-Seam Fastball,,ball,L,R,KC,MIN,94.40,,,1,0,2023,2023-03
2023-03-30,2023,R,641154,669004,CH,Changeup,,ball,L,R,KC,MIN,88.70,,,0,0,2023,2023-03
2023-03-30,2023,R,641154,669004,FF,4-Seam Fastball,walk,ball,L,R,KC,MIN,95.00,,,3,0,2023,2023-03
2023-03-30,2023,R,641154,669004,FF,4-Seam Fastball,,ball,L,R,KC,MIN,95.30,,,2,0,2023,2023-03
2023-03-30,2023,R,641154,669004,CU,Curveball,,ball,L,R,KC,MIN,82.90,,,1,0,2023,2023-03
2023-03-30,2023,R,641154,669004,CU,Curveball,,ball,L,R,KC,MIN,81.80,,,0,0,2023,2023-03
2023-03-30,2023,R,641154,669004,CH,Changeup,strikeout,called_strike,L,R,KC,MIN,90.80,,,2,2,2023,2023-03
2023-03-30,2023,R,641154,669004,CU,Curveball,,ball,L,R,KC,MIN,83.40,,,1,2,2023,2023-03
2023-03-30,2023,R,641154,669004,CH,Changeup,,ball,L,R,KC,MIN,91.20,,,0,2,2023,2023-03
2023-03-30,2023,R,641154,669004,FF,4-Seam Fastball,,foul,L,R,KC,MIN,96.30,83.70,55,0,1,2023,2023-03
2023-03-30,2023,R,641154,669004,CU,Curveball,,called_strike,L,R,KC,MIN,82.00,,,0,0,2023,2023-03
2023-03-30,2023,R,641154,677951,CH,Changeup,walk,ball,R,R,KC,MIN,86.80,,,3,2,2023,2023-03
2023-03-30,2023,R,641154,677951,ST,Sweeper,,blocked_ball,R,R,KC,MIN,83.20,,,2,2,2023,2023-03
2023-03-30,2023,R,641154,677951,FF,4-Seam Fastball,,foul,R,R,KC,MIN,94.50,75.60,64,2,1,2023,2023-03
2023-03-30,2023,R,641154,677951,FF,4-Seam Fastball,,ball,R,R,KC,MIN,94.00,,,1,1,2023,2023-03
2023-03-30,2023,R,641154,677951,FF,4-Seam Fastball,,ball,R,R,KC,MIN,95.40,,,0,1,2023,2023-03
2023-03-30,2023,R,641154,677951,FF,4-Seam Fastball,,swinging_strike,R,R,KC,MIN,93.90,,,0,0,2023,2023-03
2023-03-30,2023,R,641154,677951,ST,Sweeper,strikeout,swinging_strike,R,R,KC,MIN,86.70,,,2,2,2023,2023-03
2023-03-30,2023,R,641154,677951,ST,Sweeper,,blocked_ball,R,R,KC,MIN,86.30,,,1,2,2023,2023-03
2023-03-30,2023,R,641154,677951,FF,4-Seam Fastball,,called_strike,R,R,KC,MIN,95.60,,,1,1,2023,2023-03
2023-03-30,2023,R,641154,677951,FF,4-Seam Fastball,,ball,R,R,KC,MIN,95.50,,,0,1,2023,2023-03
2023-03-30,2023,R,641154,677951,ST,Sweeper,,swinging_strike,R,R,KC,MIN,85.00,,,0,0,2023,2023-03
2023-03-30,2023,R,641154,677951,FF,4-Seam Fastball,field_out,hit_into_play,R,R,KC,MIN,95.40,98.00,41,3,2,2023,2023-03
2023-03-30,2023,R,641154,677951,FF,4-Seam Fastball,,ball,R,R,KC,MIN,96.00,,,2,2,2023,2023-03
2023-03-30,2023,R,641154,677951,ST,Sweeper,,ball,R,R,KC,MIN,87.50,,,1,2,2023,2023-03
2023-03-30,2023,R,641154,677951,FF,4-Seam Fastball,,called_strike,R,R,KC,MIN,96.40,,,1,1,2023,2023-03
2023-03-30,2023,R,641154,677951,FF,4-Seam Fastball,,swinging_strike,R,R,KC,MIN,96.20,,,1,0,2023,2023-03
2023-03-30,2023,R,641154,677951,FF,4-Seam Fastball,,ball,R,R,KC,MIN,95.30,,,0,0,2023,2023-03
2023-03-30,2023,R,641154,686469,CH,Changeup,strikeout,swinging_strike,L,R,KC,MIN,88.80,,,1,2,2023,2023-03
2023-03-30,2023,R,641154,686469,CU,Curveball,,blocked_ball,L,R,KC,MIN,82.40,,,0,2,2023,2023-03
2023-03-30,2023,R,641154,686469,FF,4-Seam Fastball,,foul,L,R,KC,MIN,96.20,76.50,33,0,2,2023,2023-03
2023-03-30,2023,R,641154,686469,CH,Changeup,,foul,L,R,KC,MIN,90.00,72.40,48,0,2,2023,2023-03
2023-03-30,2023,R,641154,686469,CH,Changeup,,foul,L,R,KC,MIN,88.60,86.00,-26,0,1,2023,2023-03
2023-03-30,2023,R,641154,686469,CH,Changeup,,swinging_strike,L,R,KC,MIN,88.70,,,0,0,2023,2023-03
2023-03-30,2023,R,641154,686469,CH,Changeup,field_out,hit_into_play,L,R,KC,MIN,90.70,97.90,-18,2,2,2023,2023-03
2023-03-30,2023,R,641154,686469,CH,Changeup,,foul,L,R,KC,MIN,89.90,70.50,62,2,1,2023,2023-03
2023-03-30,2023,R,641154,686469,CH,Changeup,,ball,L,R,KC,MIN,88.70,,,1,1,2023,2023-03
2023-03-30,2023,R,641154,686469,FF,4-Seam Fastball,,called_strike,L,R,KC,MIN,95.60,,,1,0,2023,2023-03
2023-03-30,2023,R,641154,686469,FF,4-Seam Fastball,,ball,L,R,KC,MIN,95.30,,,0,0,2023,2023-03
2023-03-30,2023,R,641154,686681,FF,4-Seam Fastball,field_out,hit_into_play,L,R,KC,MIN,95.50,74.40,46,0,1,2023,2023-03
2023-03-30,2023,R,641154,686681,CU,Curveball,,called_strike,L,R,KC,MIN,81.60,,,0,0,2023,2023-03
2023-03-30,2023,R,641154,686681,FF,4-Seam Fastball,strikeout,swinging_strike,L,R,KC,MIN,95.60,,,0,2,2023,2023-03
2023-03-30,2023,R,641154,686681,FF,4-Seam Fastball,,foul,L,R,KC,MIN,96.00,80.70,57,0,1,2023,2023-03
2023-03-30,2023,R,641154,686681,CU,Curveball,,foul,L,R,KC,MIN,82.00,99.90,0,0,0,2023,2023-03
2023-03-30,2023,R,641329,457759,FF,4-Seam Fastball,walk,ball,R,R,BOS,BAL,94.80,,,3,2,2023,2023-03
2023-03-30,2023,R,641329,457759,CH,Changeup,,ball,R,R,BOS,BAL,81.10,,,2,2,2023,2023-03
2023-03-30,2023,R,641329,457759,SL,Slider,,ball,R,R,BOS,BAL,88.20,,,1,2,2023,2023-03
2023-03-30,2023,R,641329,457759,FF,4-Seam Fastball,,ball,R,R,BOS,BAL,96.40,,,0,2,2023,2023-03
2023-03-30,2023,R,641329,457759,SL,Slider,,swinging_strike,R,R,BOS,BAL,88.60,,,0,1,2023,2023-03
2023-03-30,2023,R,641329,457759,FF,4-Seam Fastball,,swinging_strike,R,R,BOS,BAL,95.20,,,0,0,2023,2023-03
2023-03-30,2023,R,641329,594807,FF,4-Seam Fastball,hit_by_pitch,hit_by_pitch,R,R,BOS,BAL,95.00,,,0,0,2023,2023-03
2023-03-30,2023,R,641329,624414,SL,Slider,double,hit_into_play,R,R,BOS,BAL,80.20,99.80,19,1,1,2023,2023-03
2023-03-30,2023,R,641329,624414,FF,4-Seam Fastball,,ball,R,R,BOS,BAL,94.90,,,0,1,2023,2023-03
2023-03-30,2023,R,641329,624414,FF,4-Seam Fastball,,swinging_strike,R,R,BOS,BAL,93.70,,,0,0,2023,2023-03
2023-03-30,2023,R,641329,646240,,,strikeout,automatic_strike,L,R,BOS,BAL,,,,1,2,2023,2023-03
2023-03-30,2023,R,641329,646240,FF,4-Seam Fastball,,foul,L,R,BOS,BAL,97.20,,,1,2,2023,2023-03
2023-03-30,2023,R,641329,646240,FF,4-Seam Fastball,,foul,L,R,BOS,BAL,96.40,98.00,42,1,1,2023,2023-03
2023-03-30,2023,R,641329,646240,CH,Changeup,,ball,L,R,BOS,BAL,82.90,,,0,1,2023,2023-03
2023-03-30,2023,R,641329,646240,FF,4-Seam Fastball,,foul,L,R,BOS,BAL,94.90,,,0,0,2023,2023-03
2023-03-30,2023,R,641329,671213,FF,4-Seam Fastball,sac_fly,hit_into_play,L,R,BOS,BAL,94.80,90.20,40,0,0,2023,2023-03
2023-03-30,2023,R,641329,807799,FF,4-Seam Fastball,single,hit_into_play,L,R,BOS,BAL,95.30,100.50,8,0,0,2023,2023-03
2023-03-30,2023,R,641360,446334,FF,4-Seam Fastball,field_out,hit_into_play,R,R,LAD,AZ,93.80,94.60,43,2,0,2023,2023-03
2023-03-30,2023,R,641360,446334,FF,4-Seam Fastball,,ball,R,R,LAD,AZ,93.80,,,1,0,2023,2023-03
2023-03-30,2023,R,641360,446334,SL,Slider,,ball,R,R,LAD,AZ,84.00,,,0,0,2023,2023-03
2023-03-30,2023,R,641360,572233,FF,4-Seam Fastball,field_out,hit_into_play,R,R,LAD,AZ,93.70,69.70,52,2,2,2023,2023-03
2023-03-30,2023,R,641360,572233,FF,4-Seam Fastball,,ball,R,R,LAD,AZ,94.00,,,1,2,2023,2023-03
2023-03-30,2023,R,641360,572233,FF,4-Seam Fastball,,swinging_strike,R,R,LAD,AZ,92.80,,,1,1,2023,2023-03
2023-03-30,2023,R,641360,572233,FF,4-Seam Fastball,,foul,R,R,LAD,AZ,94.50,77.20,39,1,0,2023,2023-03
2023-03-30,2023,R,641360,572233,FF,4-Seam Fastball,,ball,R,R,LAD,AZ,93.80,,,0,0,2023,2023-03
2023-03-30,2023,R,641360,605113,SL,Slider,strikeout,swinging_strike,R,R,LAD,AZ,84.70,,,1,2,2023,2023-03
2023-03-30,2023,R,641360,605113,FF,4-Seam Fastball,,called_strike,R,R,LAD,AZ,93.70,,,1,1,2023,2023-03
2023-03-30,2023,R,641360,605113,SL,Slider,,ball,R,R,LAD,AZ,84.70,,,0,1,2023,2023-03
2023-03-30,2023,R,641360,605113,FF,4-Seam Fastball,,called_strike,R,R,LAD,AZ,93.50,,,0,0,2023,2023-03
2023-03-30,2023,R,641401,543257,FF,4-Seam Fastball,field_out,hit_into_play,L,R,TEX,PHI,93.00,99.70,8,0,0,2023,2023-03
2023-03-30,2023,R,641401,543543,FF,4-Seam Fastball,home_run,hit_into_play,L,R,TEX,PHI,93.70,108.00,20,3,2,2023,2023-03
2023-03-30,2023,R,641401,543543,CH,Changeup,,foul,L,R,TEX,PHI,82.80,68.30,37,3,2,2023,2023-03
2023-03-30,2023,R,641401,543543,FF,4-Seam Fastball,,foul,L,R,TEX,PHI,93.70,84.70,37,3,2,2023,2023-03
2023-03-30,2023,R,641401,543543,CH,Changeup,,blocked_ball,L,R,TEX,PHI,83.90,,,2,2,2023,2023-03
2023-03-30,2023,R,641401,543543,FC,Cutter,,called_strike,L,R,TEX,PHI,88.50,,,2,1,2023,2023-03
2023-03-30,2023,R,641401,543543,CH,Changeup,,called_strike,L,R,TEX,PHI,81.70,,,2,0,2023,2023-03
2023-03-30,2023,R,641401,543543,CH,Changeup,,ball,L,R,TEX,PHI,82.70,,,1,0,2023,2023-03
2023-03-30,2023,R,641401,543543,CH,Changeup,,ball,L,R,TEX,PHI,83.50,,,0,0,2023,2023-03
2023-03-30,2023,R,641401,641680,FF,4-Seam Fastball,single,hit_into_play,L,R,TEX,PHI,93.80,76.80,15,3,2,2023,2023-03
2023-03-30,2023,R,641401,641680,FF,4-Seam Fastball,,foul,L,R,TEX,PHI,93.70,76.90,50,3,2,2023,2023-03
2023-03-30,2023,R,641401,641680,CH,Changeup,,foul,L,R,TEX,PHI,81.80,90.50,35,3,1,2023,2023-03
2023-03-30,2023,R,641401,641680,CH,Changeup,,ball,L,R,TEX,PHI,82.60,,,2,1,2023,2023-03
2023-03-30,2023,R,641401,641680,FF,4-Seam Fastball,,swinging_strike,L,R,TEX,PHI,94.30,,,2,0,2023,2023-03
2023-03-30,2023,R,641401,641680,CH,Changeup,,ball,L,R,TEX,PHI,82.60,,,1,0,2023,2023-03
2023-03-30,2023,R,641401,641680,FF,4-Seam Fastball,,ball,L,R,TEX,PHI,93.80,,,0,0,2023,2023-03
2023-03-30,2023,R,641401,666969,FF,4-Seam Fastball,single,hit_into_play,R,R,TEX,PHI,95.30,104.50,20,2,2,2023,2023-03
2023-03-30,2023,R,641401,666969,FF,4-Seam Fastball,,swinging_strike,R,R,TEX,PHI,94.00,,,2,1,2023,2023-03
2023-03-30,2023,R,641401,666969,FF,4-Seam Fastball,,called_strike,R,R,TEX,PHI,94.90,,,2,0,2023,2023-03
2023-03-30,2023,R,641401,666969,FF,4-Seam Fastball,,ball,R,R,TEX,PHI,95.00,,,1,0,2023,2023-03
2023-03-30,2023,R,641401,666969,CH,Changeup,,ball,R,R,TEX,PHI,81.40,,,0,0,2023,2023-03
2023-03-30,2023,R,641401,673962,CH,Changeup,strikeout,swinging_strike,R,R,TEX,PHI,83.10,,,2,2,2023,2023-03
2023-03-30,2023,R,641401,673962,FF,4-Seam Fastball,,foul,R,R,TEX,PHI,94.40,91.70,65,2,2,2023,2023-03
2023-03-30,2023,R,641401,673962,FC,Cutter,,foul,R,R,TEX,PHI,87.20,83.30,59,2,2,2023,2023-03
2023-03-30,2023,R,641401,673962,CH,Changeup,,ball,R,R,TEX,PHI,83.20,,,1,2,2023,2023-03
2023-03-30,2023,R,641401,673962,FC,Cutter,,swinging_strike,R,R,TEX,PHI,86.90,,,1,1,2023,2023-03
2023-03-30,2023,R,641401,673962,FC,Cutter,,foul,R,R,TEX,PHI,87.30,44.00,-13,1,0,2023,2023-03
2023-03-30,2023,R,641401,673962,FC,Cutter,,ball,R,R,TEX,PHI,87.70,,,0,0,2023,2023-03
2023-03-30,2023,R,641835,502671,SI,Sinker,single,hit_into_play,R,L,STL,TOR,93.90,82.70,19,1,1,2023,2023-03
2023-03-30,2023,R,641835,502671,SI,Sinker,,ball,R,L,STL,TOR,94.90,,,0,1,2023,2023-03
2023-03-30,2023,R,641835,502671,SI,Sinker,,swinging_strike,R,L,STL,TOR,94.80,,,0,0,2023,2023-03
2023-03-30,2023,R,641835,663457,SL,Slider,single,hit_into_play,L,L,STL,TOR,87.90,84.80,8,0,1,2023,2023-03
2023-03-30,2023,R,641835,663457,SI,Sinker,,called_strike,L,L,STL,TOR,93.90,,,0,0,2023,2023-03
2023-03-30,2023,R,641835,680977,SI,Sinker,single,hit_into_play,L,L,STL,TOR,93.80,105.30,8,1,1,2023,2023-03
2023-03-30,2023,R,641835,680977,SI,Sinker,,ball,L,L,STL,TOR,93.60,,,0,1,2023,2023-03
2023-03-30,2023,R,641835,680977,SI,Sinker,,called_strike,L,L,STL,TOR,92.70,,,0,0,2023,2023-03
2023-03-30,2023,R,642121,444482,FF,4-Seam Fastball,single,hit_into_play,L,R,LAD,AZ,92.80,99.70,14,0,0,2023,2023-03
2023-03-30,2023,R,642121,500743,FF,4-Seam Fastball,field_out,hit_into_play,R,R,LAD,AZ,92.70,94.00,-6,1,0,2023,2023-03
2023-03-30,2023,R,642121,500743,SL,Slider,,ball,R,R,LAD,AZ,83.20,,,0,0,2023,2023-03
2023-03-30,2023,R,642121,605141,SL,Slider,field_out,hit_into_play,R,R,LAD,AZ,83.60,81.30,86,3,2,2023,2023-03
2023-03-30,2023,R,642121,605141,SL,Slider,,ball,R,R,LAD,AZ,83.20,,,2,2,2023,2023-03
2023-03-30,2023,R,642121,605141,SL,Slider,,foul,R,R,LAD,AZ,84.20,75.40,59,2,2,2023,2023-03
2023-03-30,2023,R,642121,605141,CH,Changeup,,ball,R,R,LAD,AZ,85.90,,,1,2,2023,2023-03
2023-03-30,2023,R,642121,605141,CH,Changeup,,ball,R,R,LAD,AZ,86.80,,,0,2,2023,2023-03
2023-03-30,2023,R,642121,605141,FF,4-Seam Fastball,,swinging_strike,R,R,LAD,AZ,93.80,,,0,1,2023,2023-03
2023-03-30,2023,R,642121,605141,SL,Slider,,called_strike,R,R,LAD,AZ,81.80,,,0,0,2023,2023-03
2023-03-30,2023,R,642121,678246,FF,4-Seam Fastball,walk,ball,R,R,LAD,AZ,92.50,,,3,0,2023,2023-03
2023-03-30,2023,R,642121,678246,SL,Slider,,ball,R,R,LAD,AZ,83.30,,,2,0,2023,2023-03
2023-03-30,2023,R,642121,678246,FF,4-Seam Fastball,,ball,R,R,LAD,AZ,93.10,,,1,0,2023,2023-03
2023-03-30,2023,R,642121,678246,SL,Slider,,ball,R,R,LAD,AZ,82.80,,,0,0,2023,2023-03
2023-03-30,2023,R,642121,681546,FF,4-Seam Fastball,home_run,hit_into_play,L,R,LAD,AZ,94.20,105.00,25,3,2,2023,2023-03
2023-03-30,2023,R,642121,681546,FF,4-Seam Fastball,,foul_tip,L,R,LAD,AZ,93.50,,,3,1,2023,2023-03
2023-03-30,2023,R,642121,681546,CH,Changeup,,ball,L,R,LAD,AZ,85.50,,,2,1,2023,2023-03
2023-03-30,2023,R,642121,681546,FF,4-Seam Fastball,,called_strike,L,R,LAD,AZ,93.10,,,2,0,2023,2023-03
2023-03-30,2023,R,642121,681546,CH,Changeup,,ball,L,R,LAD,AZ,85.40,,,1,0,2023,2023-03
2023-03-30,2023,R,642121,681546,CH,Changeup,,blocked_ball,L,R,LAD,AZ,85.40,,,0,0,2023,2023-03
2023-03-30,2023,R,642239,613564,ST,Sweeper,field_out,hit_into_play,L,L,CIN,PIT,83.20,84.90,83,1,0,2023,2023-03
2023-03-30,2023,R,642239,613564,FF,4-Seam Fastball,,ball,L,L,CIN,PIT,93.30,,,0,0,2023,2023-03
2023-03-30,2023,R,642239,641584,ST,Sweeper,field_out,hit_into_play,L,L,CIN,PIT,80.20,95.60,25,0,2,2023,2023-03
2023-03-30,2023,R,642239,641584,FF,4-Seam Fastball,,swinging_strike,L,L,CIN,PIT,93.80,,,0,1,2023,2023-03
2023-03-30,2023,R,642239,641584,ST,Sweeper,,called_strike,L,L,CIN,PIT,82.10,,,0,0,2023,2023-03
2023-03-30,2023,R,642239,663886,CH,Changeup,field_out,hit_into_play,R,L,CIN,PIT,79.30,61.40,-26,2,2,2023,2023-03
2023-03-30,2023,R,642239,663886,FC,Cutter,,foul,R,L,CIN,PIT,88.50,63.70,-21,2,1,2023,2023-03
2023-03-30,2023,R,642239,663886,CH,Changeup,,ball,R,L,CIN,PIT,79.00,,,1,1,2023,2023-03
2023-03-30,2023,R,642239,663886,FF,4-Seam Fastball,,swinging_strike,R,L,CIN,PIT,92.10,,,1,0,2023,2023-03
2023-03-30,2023,R,642239,663886,FC,Cutter,,ball,R,L,CIN,PIT,89.20,,,0,0,2023,2023-03
2023-03-30,2023,R,642239,670770,ST,Sweeper,strikeout,swinging_strike,L,L,CIN,PIT,80.40,,,2,2,2023,2023-03
2023-03-30,2023,R,642239,670770,FF,4-Seam Fastball,,ball,L,L,CIN,PIT,93.00,,,1,2,2023,2023-03
2023-03-30,2023,R,642239,670770,ST,Sweeper,,called_strike,L,L,CIN,PIT,79.90,,,1,1,2023,2023-03
2023-03-30,2023,R,642239,670770,ST,Sweeper,,ball,L,L,CIN,PIT,80.60,,,0,1,2023,2023-03
2023-03-30,2023,R,642239,670770,ST,Sweeper,,swinging_strike,L,L,CIN,PIT,81.50,,,0,0,2023,2023-03
2023-03-30,2023,R,642397,543760,SI,Sinker,single,hit_into_play,R,L,TEX,PHI,98.50,68.40,34,1,2,2023,2023-03
2023-03-30,2023,R,642397,543760,SL,Slider,,blocked_ball,R,L,TEX,PHI,90.90,,,0,2,2023,2023-03
2023-03-30,2023,R,642397,543760,SI,Sinker,,foul,R,L,TEX,PHI,96.70,78.10,36,0,1,2023,2023-03
2023-03-30,2023,R,642397,543760,SL,Slider,,called_strike,R,L,TEX,PHI,87.50,,,0,0,2023,2023-03
2023-03-30,2023,R,642397,608369,SI,Sinker,walk,blocked_ball,L,L,TEX,PHI,98.40,,,3,2,2023,2023-03
2023-03-30,2023,R,642397,608369,SL,Slider,,ball,L,L,TEX,PHI,89.20,,,2,2,2023,2023-03
2023-03-30,2023,R,642397,608369,SI,Sinker,,swinging_strike,L,L,TEX,PHI,97.40,,,2,1,2023,2023-03
2023-03-30,2023,R,642397,608369,SL,Slider,,ball,L,L,TEX,PHI,90.30,,,1,1,2023,2023-03
2023-03-30,2023,R,642397,608369,SI,Sinker,,blocked_ball,L,L,TEX,PHI,97.70,,,0,1,2023,2023-03
2023-03-30,2023,R,642397,608369,SI,Sinker,,called_strike,L,L,TEX,PHI,98.90,,,0,0,2023,2023-03
2023-03-30,2023,R,642397,663993,SL,Slider,single,hit_into_play,L,L,TEX,PHI,88.90,74.20,-62,2,1,2023,2023-03
2023-03-30,2023,R,642397,663993,SL,Slider,,called_strike,L,L,TEX,PHI,91.70,,,2,0,2023,2023-03
2023-03-30,2023,R,642397,663993,SI,Sinker,,ball,L,L,TEX,PHI,96.50,,,1,0,2023,2023-03
2023-03-30,2023,R,642397,663993,SI,Sinker,,ball,L,L,TEX,PHI,98.80,,,0,0,2023,2023-03
2023-03-30,2023,R,642397,669701,FF,4-Seam Fastball,walk,ball,L,L,TEX,PHI,98.70,,,3,1,2023,2023-03
2023-03-30,2023,R,642397,669701,SI,Sinker,,ball,L,L,TEX,PHI,95.80,,,2,1,2023,2023-03
2023-03-30,2023,R,642397,669701,SI,Sinker,,ball,L,L,TEX,PHI,97.50,,,1,1,2023,2023-03
2023-03-30,2023,R,642397,669701,SL,Slider,,ball,L,L,TEX,PHI,88.80,,,0,1,2023,2023-03
2023-03-30,2023,R,642397,669701,SL,Slider,,swinging_strike,L,L,TEX,PHI,88.90,,,0,0,2023,2023-03
2023-03-30,2023,R,642528,681584,SI,Sinker,field_out,hit_into_play,R,R,NYY,SF,97.30,80.50,37,0,1,2023,2023-03
2023-03-30,2023,R,642528,681584,SI,Sinker,,called_strike,R,R,NYY,SF,96.60,,,0,0,2023,2023-03
2023-03-30,2023,R,642546,592206,SI,Sinker,strikeout,called_strike,R,R,TEX,PHI,98.40,,,3,2,2023,2023-03
2023-03-30,2023,R,642546,592206,SI,Sinker,,ball,R,R,TEX,PHI,99.10,,,2,2,2023,2023-03
2023-03-30,2023,R,642546,592206,SL,Slider,,ball,R,R,TEX,PHI,86.80,,,1,2,2023,2023-03
2023-03-30,2023,R,642546,592206,SI,Sinker,,ball,R,R,TEX,PHI,97.90,,,0,2,2023,2023-03
2023-03-30,2023,R,642546,592206,SL,Slider,,foul,R,R,TEX,PHI,87.80,86.80,-35,0,1,2023,2023-03
2023-03-30,2023,R,642546,592206,SL,Slider,,called_strike,R,R,TEX,PHI,86.70,,,0,0,2023,2023-03
2023-03-30,2023,R,642546,592663,SI,Sinker,triple,hit_into_play,R,R,TEX,PHI,97.50,105.60,24,1,0,2023,2023-03
2023-03-30,2023,R,642546,592663,SI,Sinker,,ball,R,R,TEX,PHI,97.90,,,0,0,2023,2023-03
2023-03-30,2023,R,642546,595909,SI,Sinker,field_out,hit_into_play,L,R,TEX,PHI,97.10,102.20,28,2,0,2023,2023-03
2023-03-30,2023,R,642546,595909,SI,Sinker,,ball,L,R,TEX,PHI,97.00,,,1,0,2023,2023-03
2023-03-30,2023,R,642546,595909,SI,Sinker,,ball,L,R,TEX,PHI,97.10,,,0,0,2023,2023-03
2023-03-30,2023,R,642546,664761,SI,Sinker,strikeout,swinging_strike,R,R,TEX,PHI,97.80,,,1,2,2023,2023-03
2023-03-30,2023,R,642546,664761,SI,Sinker,,foul,R,R,TEX,PHI,97.20,92.80,-46,1,1,2023,2023-03
2023-03-30,2023,R,642546,664761,SI,Sinker,,ball,R,R,TEX,PHI,97.30,,,0,1,2023,2023-03
2023-03-30,2023,R,642546,664761,SL,Slider,,called_strike,R,R,TEX,PHI,87.10,,,0,0,2023,2023-03
2023-03-30,2023,R,642546,669016,CH,Changeup,field_out,hit_into_play,L,R,TEX,PHI,90.40,67.80,-10,1,0,2023,2023-03
2023-03-30,2023,R,642546,669016,SI,Sinker,,ball,L,R,TEX,PHI,96.80,,,0,0,2023,2023-03
2023-03-30,2023,R,642546,669742,CH,Changeup,field_out,hit_into_play,L,R,TEX,PHI,90.70,78.60,-4,1,2,2023,2023-03
2023-03-30,2023,R,642546,669742,CH,Changeup,,ball,L,R,TEX,PHI,91.40,,,0,2,2023,2023-03
2023-03-30,2023,R,642546,669742,CH,Changeup,,foul,L,R,TEX,PHI,90.00,70.60,-54,0,1,2023,2023-03
2023-03-30,2023,R,642546,669742,SI,Sinker,,called_strike,L,R,TEX,PHI,98.60,,,0,0,2023,2023-03
2023-03-30,2023,R,642546,681082,CH,Changeup,field_out,hit_into_play,L,R,TEX,PHI,90.50,78.50,-30,0,1,2023,2023-03
2023-03-30,2023,R,642546,681082,SI,Sinker,,foul,L,R,TEX,PHI,98.60,77.20,55,0,0,2023,2023-03
2023-03-30,2023,R,642585,457759,FS,Split-Finger,single,hit_into_play,R,R,BOS,BAL,85.60,91.00,-14,0,2,2023,2023-03
2023-03-30,2023,R,642585,457759,SI,Sinker,,foul,R,R,BOS,BAL,99.60,90.40,36,0,1,2023,2023-03
2023-03-30,2023,R,642585,457759,SI,Sinker,,called_strike,R,R,BOS,BAL,96.70,,,0,0,2023,2023-03
2023-03-30,2023,R,642585,594807,FS,Split-Finger,strikeout,swinging_strike,R,R,BOS,BAL,87.00,,,0,2,2023,2023-03
2023-03-30,2023,R,642585,594807,SI,Sinker,,foul,R,R,BOS,BAL,99.30,84.30,41,0,1,2023,2023-03
2023-03-30,2023,R,642585,594807,SI,Sinker,,called_strike,R,R,BOS,BAL,97.50,,,0,0,2023,2023-03
2023-03-30,2023,R,642585,606132,SI,Sinker,walk,ball,L,R,BOS,BAL,97.20,,,3,2,2023,2023-03
2023-03-30,2023,R,642585,606132,SI,Sinker,,foul,L,R,BOS,BAL,96.50,78.00,14,3,2,2023,2023-03
2023-03-30,2023,R,642585,606132,FS,Split-Finger,,ball,L,R,BOS,BAL,84.90,,,2,2,2023,2023-03
2023-03-30,2023,R,642585,606132,FS,Split-Finger,,ball,L,R,BOS,BAL,86.80,,,1,2,2023,2023-03
2023-03-30,2023,R,642585,606132,SI,Sinker,,swinging_strike,L,R,BOS,BAL,97.20,,,1,1,2023,2023-03
2023-03-30,2023,R,642585,606132,SI,Sinker,,ball,L,R,BOS,BAL,96.90,,,0,1,2023,2023-03
2023-03-30,2023,R,642585,606132,SI,Sinker,,called_strike,L,R,BOS,BAL,96.50,,,0,0,2023,2023-03
2023-03-30,2023,R,642585,646240,SI,Sinker,strikeout,swinging_strike,L,R,BOS,BAL,99.20,,,0,2,2023,2023-03
2023-03-30,2023,R,642585,646240,FS,Split-Finger,,foul_tip,L,R,BOS,BAL,85.30,,,0,1,2023,2023-03
2023-03-30,2023,R,642585,646240,FS,Split-Finger,,swinging_strike_blocked,L,R,BOS,BAL,84.90,,,0,0,2023,2023-03
2023-03-30,2023,R,642585,657077,SI,Sinker,single,hit_into_play,L,R,BOS,BAL,95.20,99.20,13,2,0,2023,2023-03
2023-03-30,2023,R,642585,657077,FS,Split-Finger,,ball,L,R,BOS,BAL,84.40,,,1,0,2023,2023-03
2023-03-30,2023,R,642585,657077,SI,Sinker,,ball,L,R,BOS,BAL,96.70,,,0,0,2023,2023-03
2023-03-30,2023,R,642585,807799,SI,Sinker,force_out,hit_into_play,L,R,BOS,BAL,96.90,99.80,-18,3,2,2023,2023-03
2023-03-30,2023,R,642585,807799,SI,Sinker,,swinging_strike,L,R,BOS,BAL,97.50,,,3,1,2023,2023-03
2023-03-30,2023,R,642585,807799,SI,Sinker,,ball,L,R,BOS,BAL,97.80,,,2,1,2023,2023-03
2023-03-30,2023,R,642585,807799,FS,Split-Finger,,ball,L,R,BOS,BAL,88.10,,,1,1,2023,2023-03
2023-03-30,2023,R,642585,807799,SI,Sinker,,ball,L,R,BOS,BAL,97.80,,,0,1,2023,2023-03
2023-03-30,2023,R,642585,807799,SI,Sinker,,called_strike,L,R,BOS,BAL,97.90,,,0,0,2023,2023-03
2023-03-30,2023,R,642758,570482,CH,Changeup,strikeout,swinging_strike,R,R,ATH,LAA,86.50,,,2,2,2023,2023-03
2023-03-30,2023,R,642758,570482,FF,4-Seam Fastball,,foul,R,R,ATH,LAA,92.10,89.90,46,2,2,2023,2023-03
2023-03-30,2023,R,642758,570482,FF,4-Seam Fastball,,foul,R,R,ATH,LAA,93.60,81.30,49,2,2,2023,2023-03
2023-03-30,2023,R,642758,570482,SL,Slider,,foul,R,R,ATH,LAA,84.80,73.70,6,2,2,2023,2023-03
2023-03-30,2023,R,642758,570482,SL,Slider,,ball,R,R,ATH,LAA,84.10,,,1,2,2023,2023-03
2023-03-30,2023,R,642758,570482,FF,4-Seam Fastball,,foul,R,R,ATH,LAA,93.60,72.90,65,1,2,2023,2023-03
2023-03-30,2023,R,642758,570482,CH,Changeup,,ball,R,R,ATH,LAA,86.00,,,0,2,2023,2023-03
2023-03-30,2023,R,642758,570482,SL,Slider,,foul,R,R,ATH,LAA,83.10,58.00,-54,0,2,2023,2023-03
2023-03-30,2023,R,642758,570482,SL,Slider,,foul,R,R,ATH,LAA,84.90,,,0,1,2023,2023-03
2023-03-30,2023,R,642758,570482,SL,Slider,,foul,R,R,ATH,LAA,87.40,59.00,-34,0,0,2023,2023-03
2023-03-30,2023,R,642758,592273,SL,Slider,strikeout,swinging_strike_blocked,R,R,ATH,LAA,84.40,,,0,2,2023,2023-03
2023-03-30,2023,R,642758,592273,SL,Slider,,called_strike,R,R,ATH,LAA,85.00,,,0,1,2023,2023-03
2023-03-30,2023,R,642758,592273,FF,4-Seam Fastball,,foul,R,R,ATH,LAA,93.00,,,0,0,2023,2023-03
2023-03-30,2023,R,642758,650859,CH,Changeup,field_out,hit_into_play,L,R,ATH,LAA,85.90,81.10,2,2,2,2023,2023-03
2023-03-30,2023,R,642758,650859,SL,Slider,,foul,L,R,ATH,LAA,85.10,88.30,21,2,2,2023,2023-03
2023-03-30,2023,R,642758,650859,FF,4-Seam Fastball,,foul,L,R,ATH,LAA,92.50,81.80,39,2,2,2023,2023-03
2023-03-30,2023,R,642758,650859,FF,4-Seam Fastball,,foul,L,R,ATH,LAA,93.40,88.60,38,2,2,2023,2023-03
2023-03-30,2023,R,642758,650859,CH,Changeup,,ball,L,R,ATH,LAA,86.80,,,1,2,2023,2023-03
2023-03-30,2023,R,642758,650859,CH,Changeup,,ball,L,R,ATH,LAA,86.80,,,0,2,2023,2023-03
2023-03-30,2023,R,642758,650859,,,,automatic_strike,L,R,ATH,LAA,,,,0,1,2023,2023-03
2023-03-30,2023,R,642758,650859,FF,4-Seam Fastball,,foul,L,R,ATH,LAA,91.90,80.30,73,0,0,2023,2023-03
2023-03-30,2023,R,642770,543228,SI,Sinker,field_out,hit_into_play,R,R,CHC,MIL,98.50,84.20,46,0,0,2023,2023-03
2023-03-30,2023,R,642770,543333,FF,4-Seam Fastball,field_out,hit_into_play,L,R,CHC,MIL,98.50,77.60,34,2,1,2023,2023-03
2023-03-30,2023,R,642770,543333,ST,Sweeper,,ball,L,R,CHC,MIL,84.30,,,1,1,2023,2023-03
2023-03-30,2023,R,642770,543333,ST,Sweeper,,ball,L,R,CHC,MIL,85.30,,,0,1,2023,2023-03
2023-03-30,2023,R,642770,543333,FF,4-Seam Fastball,,foul,L,R,CHC,MIL,98.60,82.60,10,0,0,2023,2023-03
2023-03-30,2023,R,642770,621550,ST,Sweeper,strikeout,swinging_strike,R,R,CHC,MIL,83.30,,,0,2,2023,2023-03
2023-03-30,2023,R,642770,621550,ST,Sweeper,,swinging_strike,R,R,CHC,MIL,83.10,,,0,1,2023,2023-03
2023-03-30,2023,R,642770,621550,SI,Sinker,,foul,R,R,CHC,MIL,98.50,79.90,-46,0,0,2023,2023-03
2023-03-30,2023,R,643256,669242,FF,4-Seam Fastball,fielders_choice_out,hit_into_play,L,R,STL,TOR,84.90,87.20,-24,0,0,2023,2023-03
2023-03-30,2023,R,643256,669357,FF,4-Seam Fastball,walk,ball,L,R,STL,TOR,83.00,,,3,1,2023,2023-03
2023-03-30,2023,R,643256,669357,FF,4-Seam Fastball,,called_strike,L,R,STL,TOR,84.40,,,3,0,2023,2023-03
2023-03-30,2023,R,643256,669357,FF,4-Seam Fastball,,ball,L,R,STL,TOR,83.60,,,2,0,2023,2023-03
2023-03-30,2023,R,643256,669357,FF,4-Seam Fastball,,ball,L,R,STL,TOR,83.50,,,1,0,2023,2023-03
2023-03-30,2023,R,643256,669357,FF,4-Seam Fastball,,ball,L,R,STL,TOR,83.70,,,0,0,2023,2023-03
2023-03-30,2023,R,643256,680977,SL,Slider,field_out,hit_into_play,L,R,STL,TOR,74.10,88.60,62,1,1,2023,2023-03
2023-03-30,2023,R,643256,680977,SL,Slider,,called_strike,L,R,STL,TOR,74.90,,,1,0,2023,2023-03
2023-03-30,2023,R,643256,680977,SL,Slider,,ball,L,R,STL,TOR,74.10,,,0,0,2023,2023-03
2023-03-30,2023,R,643256,691023,SI,Sinker,force_out,hit_into_play,R,R,STL,TOR,84.90,100.70,-33,0,1,2023,2023-03
2023-03-30,2023,R,643256,691023,SI,Sinker,,called_strike,R,R,STL,TOR,84.60,,,0,0,2023,2023-03
2023-03-30,2023,R,643377,658668,ST,Sweeper,field_out,hit_into_play,R,R,KC,MIN,86.70,100.30,19,0,0,2023,2023-03
2023-03-30,2023,R,643377,669004,FF,4-Seam Fastball,grounded_into_double_play,hit_into_play,L,R,KC,MIN,96.20,91.50,-20,1,1,2023,2023-03
2023-03-30,2023,R,643377,669004,FF,4-Seam Fastball,,called_strike,L,R,KC,MIN,96.40,,,1,0,2023,2023-03
2023-03-30,2023,R,643377,669004,ST,Sweeper,,ball,L,R,KC,MIN,86.30,,,0,0,2023,2023-03
2023-03-30,2023,R,643377,677951,FF,4-Seam Fastball,walk,ball,R,R,KC,MIN,96.50,,,3,1,2023,2023-03
2023-03-30,2023,R,643377,677951,FF,4-Seam Fastball,,called_strike,R,R,KC,MIN,96.20,,,3,0,2023,2023-03
2023-03-30,2023,R,643377,677951,ST,Sweeper,,ball,R,R,KC,MIN,86.10,,,2,0,2023,2023-03
2023-03-30,2023,R,643377,677951,ST,Sweeper,,ball,R,R,KC,MIN,86.60,,,1,0,2023,2023-03
2023-03-30,2023,R,643377,677951,ST,Sweeper,,ball,R,R,KC,MIN,87.00,,,0,0,2023,2023-03
2023-03-30,2023,R,643511,518626,SI,Sinker,field_out,hit_into_play,R,R,NYY,SF,82.90,57.40,-69,1,0,2023,2023-03
2023-03-30,2023,R,643511,518626,SL,Slider,,ball,R,R,NYY,SF,71.90,,,0,0,2023,2023-03
2023-03-30,2023,R,643511,519317,SI,Sinker,single,hit_into_play,R,R,NYY,SF,82.30,113.20,-4,0,1,2023,2023-03
2023-03-30,2023,R,643511,519317,SI,Sinker,,called_strike,R,R,NYY,SF,82.00,,,0,0,2023,2023-03
2023-03-30,2023,R,643511,650402,SL,Slider,field_out,hit_into_play,R,R,NYY,SF,70.80,97.60,26,2,1,2023,2023-03
2023-03-30,2023,R,643511,650402,SI,Sinker,,ball,R,R,NYY,SF,82.60,,,1,1,2023,2023-03
2023-03-30,2023,R,643511,650402,SL,Slider,,called_strike,R,R,NYY,SF,71.70,,,1,0,2023,2023-03
2023-03-30,2023,R,643511,650402,SL,Slider,,ball,R,R,NYY,SF,71.30,,,0,0,2023,2023-03
2023-03-30,2023,R,643511,665828,SL,Slider,strikeout,called_strike,L,R,NYY,SF,72.20,,,0,2,2023,2023-03
2023-03-30,2023,R,643511,665828,SI,Sinker,,foul,L,R,NYY,SF,83.10,,,0,1,2023,2023-03
2023-03-30,2023,R,643511,665828,SL,Slider,,foul,L,R,NYY,SF,71.90,86.80,18,0,0,2023,2023-03
2023-03-30,2023,R,645261,500871,CH,Changeup,field_out,hit_into_play,L,R,MIA,NYM,90.50,61.50,-49,1,1,2023,2023-03
2023-03-30,2023,R,645261,500871,CH,Changeup,,swinging_strike,L,R,MIA,NYM,90.40,,,1,0,2023,2023-03
2023-03-30,2023,R,645261,500871,FC,Cutter,,ball,L,R,MIA,NYM,89.80,,,0,0,2023,2023-03
2023-03-30,2023,R,645261,500871,CH,Changeup,strikeout,swinging_strike,L,R,MIA,NYM,92.00,,,2,2,2023,2023-03
2023-03-30,2023,R,645261,500871,CH,Changeup,,foul,L,R,MIA,NYM,92.30,85.10,-35,2,2,2023,2023-03
2023-03-30,2023,R,645261,500871,FF,4-Seam Fastball,,ball,L,R,MIA,NYM,98.20,,,1,2,2023,2023-03
2023-03-30,2023,R,645261,500871,CH,Changeup,,foul,L,R,MIA,NYM,91.90,,,1,2,2023,2023-03
2023-03-30,2023,R,645261,500871,CH,Changeup,,swinging_strike,L,R,MIA,NYM,91.20,,,1,1,2023,2023-03
2023-03-30,2023,R,645261,500871,FF,4-Seam Fastball,,ball,L,R,MIA,NYM,97.70,,,0,1,2023,2023-03
2023-03-30,2023,R,645261,500871,CH,Changeup,,called_strike,L,R,MIA,NYM,91.10,,,0,0,2023,2023-03
2023-03-30,2023,R,645261,516782,CH,Changeup,single,hit_into_play,R,R,MIA,NYM,90.90,99.30,-2,0,1,2023,2023-03
2023-03-30,2023,R,645261,516782,CH,Changeup,,swinging_strike,R,R,MIA,NYM,90.70,,,0,0,2023,2023-03
2023-03-30,2023,R,645261,516782,FC,Cutter,walk,ball,R,R,MIA,NYM,90.90,,,3,2,2023,2023-03
2023-03-30,2023,R,645261,516782,FC,Cutter,,ball,R,R,MIA,NYM,90.80,,,2,2,2023,2023-03
2023-03-30,2023,R,645261,516782,SI,Sinker,,ball,R,R,MIA,NYM,97.20,,,1,2,2023,2023-03
2023-03-30,2023,R,645261,516782,FC,Cutter,,swinging_strike,R,R,MIA,NYM,90.20,,,1,1,2023,2023-03
2023-03-30,2023,R,645261,516782,FC,Cutter,,ball,R,R,MIA,NYM,90.30,,,0,1,2023,2023-03
2023-03-30,2023,R,645261,516782,FF,4-Seam Fastball,,called_strike,R,R,MIA,NYM,97.10,,,0,0,2023,2023-03
2023-03-30,2023,R,645261,516782,SI,Sinker,field_out,hit_into_play,R,R,MIA,NYM,98.70,103.70,-10,3,2,2023,2023-03
2023-03-30,2023,R,645261,516782,SI,Sinker,,foul,R,R,MIA,NYM,99.50,76.60,9,3,2,2023,2023-03
2023-03-30,2023,R,645261,516782,SI,Sinker,,foul,R,R,MIA,NYM,98.80,87.50,-32,3,2,2023,2023-03
2023-03-30,2023,R,645261,516782,CH,Changeup,,foul,R,R,MIA,NYM,92.90,96.50,-18,3,2,2023,2023-03
2023-03-30,2023,R,645261,516782,CH,Changeup,,ball,R,R,MIA,NYM,93.00,,,2,2,2023,2023-03
2023-03-30,2023,R,645261,516782,SI,Sinker,,foul,R,R,MIA,NYM,99.00,77.80,-33,2,2,2023,2023-03
2023-03-30,2023,R,645261,516782,SI,Sinker,,foul,R,R,MIA,NYM,98.00,90.30,-23,2,1,2023,2023-03
2023-03-30,2023,R,645261,516782,SI,Sinker,,ball,R,R,MIA,NYM,97.40,,,1,1,2023,2023-03
2023-03-30,2023,R,645261,516782,FC,Cutter,,ball,R,R,MIA,NYM,91.20,,,0,1,2023,2023-03
2023-03-30,2023,R,645261,516782,SI,Sinker,,foul,R,R,MIA,NYM,97.90,88.40,-34,0,0,2023,2023-03
2023-03-30,2023,R,645261,553882,FC,Cutter,field_out,hit_into_play,L,R,MIA,NYM,88.30,93.80,-1,1,0,2023,2023-03
2023-03-30,2023,R,645261,553882,FC,Cutter,,ball,L,R,MIA,NYM,87.70,,,0,0,2023,2023-03
2023-03-30,2023,R,645261,553882,FF,4-Seam Fastball,single,hit_into_play,L,R,MIA,NYM,97.30,94.20,10,2,2,2023,2023-03
2023-03-30,2023,R,645261,553882,FF,4-Seam Fastball,,ball,L,R,MIA,NYM,97.80,,,1,2,2023,2023-03
2023-03-30,2023,R,645261,553882,CH,Changeup,,foul,L,R,MIA,NYM,91.10,93.70,5,1,1,2023,2023-03
2023-03-30,2023,R,645261,553882,FF,4-Seam Fastball,,ball,L,R,MIA,NYM,97.10,,,0,1,2023,2023-03
2023-03-30,2023,R,645261,553882,CH,Changeup,,called_strike,L,R,MIA,NYM,91.90,,,0,0,2023,2023-03
2023-03-30,2023,R,645261,592192,SI,Sinker,field_out,hit_into_play,R,R,MIA,NYM,97.70,108.20,-23,0,2,2023,2023-03
2023-03-30,2023,R,645261,592192,FC,Cutter,,foul,R,R,MIA,NYM,88.50,71.60,14,0,1,2023,2023-03
2023-03-30,2023,R,645261,592192,SI,Sinker,,called_strike,R,R,MIA,NYM,94.90,,,0,0,2023,2023-03
2023-03-30,2023,R,645261,592192,SI,Sinker,field_out,hit_into_play,R,R,MIA,NYM,98.60,88.60,-28,0,1,2023,2023-03
2023-03-30,2023,R,645261,592192,FF,4-Seam Fastball,,swinging_strike,R,R,MIA,NYM,97.60,,,0,0,2023,2023-03
2023-03-30,2023,R,645261,596019,FF,4-Seam Fastball,sac_fly,hit_into_play,L,R,MIA,NYM,98.70,96.40,28,0,2,2023,2023-03
2023-03-30,2023,R,645261,596019,FF,4-Seam Fastball,,foul,L,R,MIA,NYM,97.40,75.50,50,0,1,2023,2023-03
2023-03-30,2023,R,645261,596019,FC,Cutter,,swinging_strike,L,R,MIA,NYM,90.50,,,0,0,2023,2023-03
2023-03-30,2023,R,645261,596019,FC,Cutter,field_out,hit_into_play,L,R,MIA,NYM,89.30,90.80,21,0,0,2023,2023-03
2023-03-30,2023,R,645261,596019,FF,4-Seam Fastball,strikeout,swinging_strike,L,R,MIA,NYM,98.70,,,3,2,2023,2023-03
2023-03-30,2023,R,645261,596019,FF,4-Seam Fastball,,foul,L,R,MIA,NYM,97.80,79.60,47,3,1,2023,2023-03
2023-03-30,2023,R,645261,596019,FF,4-Seam Fastball,,called_strike,L,R,MIA,NYM,98.30,,,3,0,2023,2023-03
2023-03-30,2023,R,645261,596019,CH,Changeup,,ball,L,R,MIA,NYM,91.70,,,2,0,2023,2023-03
2023-03-30,2023,R,645261,596019,SI,Sinker,,ball,L,R,MIA,NYM,96.70,,,1,0,2023,2023-03
2023-03-30,2023,R,645261,596019,FC,Cutter,,ball,L,R,MIA,NYM,91.00,,,0,0,2023,2023-03
2023-03-30,2023,R,645261,596129,FC,Cutter,field_out,hit_into_play,L,R,MIA,NYM,90.10,101.50,-2,3,2,2023,2023-03
2023-03-30,2023,R,645261,596129,FF,4-Seam Fastball,,ball,L,R,MIA,NYM,97.20,,,2,2,2023,2023-03
2023-03-30,2023,R,645261,596129,FC,Cutter,,foul,L,R,MIA,NYM,90.70,,,2,2,2023,2023-03
2023-03-30,2023,R,645261,596129,FC,Cutter,,swinging_strike,L,R,MIA,NYM,90.20,,,2,1,2023,2023-03
2023-03-30,2023,R,645261,596129,FC,Cutter,,ball,L,R,MIA,NYM,88.80,,,1,1,2023,2023-03
2023-03-30,2023,R,645261,596129,FF,4-Seam Fastball,,called_strike,L,R,MIA,NYM,97.10,,,1,0,2023,2023-03
2023-03-30,2023,R,645261,596129,CH,Changeup,,ball,L,R,MIA,NYM,89.60,,,0,0,2023,2023-03
2023-03-30,2023,R,645261,596129,SI,Sinker,walk,ball,L,R,MIA,NYM,97.10,,,3,0,2023,2023-03
2023-03-30,2023,R,645261,596129,FF,4-Seam Fastball,,ball,L,R,MIA,NYM,97.70,,,2,0,2023,2023-03
2023-03-30,2023,R,645261,596129,FF,4-Seam Fastball,,ball,L,R,MIA,NYM,96.90,,,1,0,2023,2023-03
2023-03-30,2023,R,645261,596129,SI,Sinker,,ball,L,R,MIA,NYM,96.60,,,0,0,2023,2023-03
2023-03-30,2023,R,645261,607043,SI,Sinker,walk,ball,L,R,MIA,NYM,95.50,,,3,0,2023,2023-03
2023-03-30,2023,R,645261,607043,SI,Sinker,,ball,L,R,MIA,NYM,95.60,,,2,0,2023,2023-03
2023-03-30,2023,R,645261,607043,FF,4-Seam Fastball,,ball,L,R,MIA,NYM,96.50,,,1,0,2023,2023-03
2023-03-30,2023,R,645261,607043,CH,Changeup,,ball,L,R,MIA,NYM,89.90,,,0,0,2023,2023-03
2023-03-30,2023,R,645261,607043,SI,Sinker,sac_fly_double_play,hit_into_play,L,R,MIA,NYM,97.30,97.70,15,2,2,2023,2023-03
2023-03-30,2023,R,645261,607043,SI,Sinker,,swinging_strike,L,R,MIA,NYM,96.50,,,2,1,2023,2023-03
2023-03-30,2023,R,645261,607043,SI,Sinker,,foul,L,R,MIA,NYM,96.10,77.40,46,2,0,2023,2023-03
2023-03-30,2023,R,645261,607043,CH,Changeup,,blocked_ball,L,R,MIA,NYM,91.20,,,1,0,2023,2023-03
2023-03-30,2023,R,645261,607043,CH,Changeup,,ball,L,R,MIA,NYM,92.10,,,0,0,2023,2023-03
2023-03-30,2023,R,645261,607043,CH,Changeup,field_out,hit_into_play,L,R,MIA,NYM,92.00,66.50,-36,0,1,2023,2023-03
2023-03-30,2023,R,645261,607043,SI,Sinker,,called_strike,L,R,MIA,NYM,97.80,,,0,0,2023,2023-03
2023-03-30,2023,R,645261,624413,FF,4-Seam Fastball,walk,ball,R,R,MIA,NYM,97.70,,,3,2,2023,2023-03
2023-03-30,2023,R,645261,624413,SI,Sinker,,ball,R,R,MIA,NYM,98.60,,,2,2,2023,2023-03
2023-03-30,2023,R,645261,624413,FF,4-Seam Fastball,,swinging_strike,R,R,MIA,NYM,98.10,,,2,1,2023,2023-03
2023-03-30,2023,R,645261,624413,SI,Sinker,,called_strike,R,R,MIA,NYM,97.60,,,2,0,2023,2023-03
2023-03-30,2023,R,645261,624413,FF,4-Seam Fastball,,ball,R,R,MIA,NYM,97.90,,,1,0,2023,2023-03
2023-03-30,2023,R,645261,624413,FC,Cutter,,blocked_ball,R,R,MIA,NYM,91.30,,,0,0,2023,2023-03
2023-03-30,2023,R,645261,624413,SI,Sinker,field_out,hit_into_play,R,R,MIA,NYM,97.30,88.30,-23,3,2,2023,2023-03
2023-03-30,2023,R,645261,624413,FF,4-Seam Fastball,,called_strike,R,R,MIA,NYM,96.80,,,3,1,2023,2023-03
2023-03-30,2023,R,645261,624413,SI,Sinker,,called_strike,R,R,MIA,NYM,96.90,,,3,0,2023,2023-03
2023-03-30,2023,R,645261,624413,CH,Changeup,,blocked_ball,R,R,MIA,NYM,91.10,,,2,0,2023,2023-03
2023-03-30,2023,R,645261,624413,SI,Sinker,,ball,R,R,MIA,NYM,96.80,,,1,0,2023,2023-03
2023-03-30,2023,R,645261,624413,SI,Sinker,,ball,R,R,MIA,NYM,97.70,,,0,0,2023,2023-03
2023-03-30,2023,R,645261,624413,SI,Sinker,field_out,hit_into_play,R,R,MIA,NYM,98.70,91.90,-12,1,2,2023,2023-03
2023-03-30,2023,R,645261,624413,FC,Cutter,,swinging_strike,R,R,MIA,NYM,91.30,,,1,1,2023,2023-03
2023-03-30,2023,R,645261,624413,FC,Cutter,,ball,R,R,MIA,NYM,91.60,,,0,1,2023,2023-03
2023-03-30,2023,R,645261,624413,FC,Cutter,,swinging_strike,R,R,MIA,NYM,90.80,,,0,0,2023,2023-03
2023-03-30,2023,R,645261,643446,FF,4-Seam Fastball,single,hit_into_play,L,R,MIA,NYM,96.80,93.70,-19,1,2,2023,2023-03
2023-03-30,2023,R,645261,643446,FF,4-Seam Fastball,,ball,L,R,MIA,NYM,96.20,,,0,2,2023,2023-03
2023-03-30,2023,R,645261,643446,,,,automatic_strike,L,R,MIA,NYM,,,,0,1,2023,2023-03
2023-03-30,2023,R,645261,643446,CH,Changeup,,foul,L,R,MIA,NYM,90.50,77.80,56,0,0,2023,2023-03
2023-03-30,2023,R,645261,643446,FF,4-Seam Fastball,field_out,hit_into_play,L,R,MIA,NYM,96.40,104.60,6,1,1,2023,2023-03
2023-03-30,2023,R,645261,643446,CH,Changeup,,swinging_strike,L,R,MIA,NYM,90.40,,,1,0,2023,2023-03
2023-03-30,2023,R,645261,643446,FF,4-Seam Fastball,,ball,L,R,MIA,NYM,97.00,,,0,0,2023,2023-03
2023-03-30,2023,R,645261,643446,FF,4-Seam Fastball,field_out,hit_into_play,L,R,MIA,NYM,98.10,84.70,49,0,1,2023,2023-03
2023-03-30,2023,R,645261,643446,FF,4-Seam Fastball,,foul,L,R,MIA,NYM,97.10,83.00,36,0,0,2023,2023-03
2023-03-30,2023,R,647315,571448,SI,Sinker,grounded_into_double_play,hit_into_play,R,R,STL,TOR,97.50,108.00,-25,1,0,2023,2023-03
2023-03-30,2023,R,647315,571448,SI,Sinker,,ball,R,R,STL,TOR,97.00,,,0,0,2023,2023-03
2023-03-30,2023,R,647315,575929,SI,Sinker,strikeout,called_strike,R,R,STL,TOR,96.20,,,3,2,2023,2023-03
2023-03-30,2023,R,647315,575929,SI,Sinker,,ball,R,R,STL,TOR,97.30,,,2,2,2023,2023-03
2023-03-30,2023,R,647315,575929,SL,Slider,,ball,R,R,STL,TOR,86.20,,,1,2,2023,2023-03
2023-03-30,2023,R,647315,575929,SL,Slider,,swinging_strike,R,R,STL,TOR,87.30,,,1,1,2023,2023-03
2023-03-30,2023,R,647315,575929,SL,Slider,,called_strike,R,R,STL,TOR,86.30,,,1,0,2023,2023-03
2023-03-30,2023,R,647315,575929,SI,Sinker,,ball,R,R,STL,TOR,97.00,,,0,0,2023,2023-03
2023-03-30,2023,R,647315,641933,SI,Sinker,field_out,hit_into_play,R,R,STL,TOR,96.70,94.50,-21,2,2,2023,2023-03
2023-03-30,2023,R,647315,641933,SL,Slider,,foul,R,R,STL,TOR,86.10,77.50,51,2,1,2023,2023-03
2023-03-30,2023,R,647315,641933,SI,Sinker,,ball,R,R,STL,TOR,97.10,,,1,1,2023,2023-03
2023-03-30,2023,R,647315,641933,SL,Slider,,ball,R,R,STL,TOR,86.00,,,0,1,2023,2023-03
2023-03-30,2023,R,647315,641933,SL,Slider,,called_strike,R,R,STL,TOR,87.00,,,0,0,2023,2023-03
2023-03-30,2023,R,650556,518735,FF,4-Seam Fastball,field_out,hit_into_play,L,R,HOU,CWS,98.60,59.50,-61,0,2,2023,2023-03
2023-03-30,2023,R,650556,518735,SL,Slider,,foul,L,R,HOU,CWS,87.00,77.90,74,0,1,2023,2023-03
2023-03-30,2023,R,650556,518735,SL,Slider,,called_strike,L,R,HOU,CWS,85.50,,,0,0,2023,2023-03
2023-03-30,2023,R,650556,643217,SL,Slider,field_out,hit_into_play,L,R,HOU,CWS,84.80,80.60,38,1,1,2023,2023-03
2023-03-30,2023,R,650556,643217,FF,4-Seam Fastball,,foul,L,R,HOU,CWS,98.50,76.40,54,1,0,2023,2023-03
2023-03-30,2023,R,650556,643217,FF,4-Seam Fastball,,ball,L,R,HOU,CWS,98.10,,,0,0,2023,2023-03
2023-03-30,2023,R,650556,660162,SL,Slider,strikeout,swinging_strike,L,R,HOU,CWS,87.50,,,2,2,2023,2023-03
2023-03-30,2023,R,650556,660162,SL,Slider,,ball,L,R,HOU,CWS,89.50,,,1,2,2023,2023-03
2023-03-30,2023,R,650556,660162,SL,Slider,,ball,L,R,HOU,CWS,88.30,,,0,2,2023,2023-03
2023-03-30,2023,R,650556,660162,SL,Slider,,foul,L,R,HOU,CWS,88.00,54.40,37,0,2,2023,2023-03
2023-03-30,2023,R,650556,660162,SL,Slider,,foul,L,R,HOU,CWS,87.20,68.80,-28,0,1,2023,2023-03
2023-03-30,2023,R,650556,660162,FF,4-Seam Fastball,,foul,L,R,HOU,CWS,96.10,108.60,41,0,0,2023,2023-03
2023-03-30,2023,R,656234,543592,SI,Sinker,walk,ball,R,R,SD,COL,95.60,,,3,1,2023,2023-03
2023-03-30,2023,R,656234,543592,SI,Sinker,,ball,R,R,SD,COL,94.10,,,2,1,2023,2023-03
2023-03-30,2023,R,656234,543592,SI,Sinker,,called_strike,R,R,SD,COL,95.10,,,2,0,2023,2023-03
2023-03-30,2023,R,656234,543592,FC,Cutter,,ball,R,R,SD,COL,90.70,,,1,0,2023,2023-03
2023-03-30,2023,R,656234,543592,FC,Cutter,,ball,R,R,SD,COL,91.80,,,0,0,2023,2023-03
2023-03-30,2023,R,656234,572761,FC,Cutter,field_out,hit_into_play,L,R,SD,COL,90.80,82.50,67,1,1,2023,2023-03
2023-03-30,2023,R,656234,572761,SI,Sinker,,called_strike,L,R,SD,COL,92.50,,,1,0,2023,2023-03
2023-03-30,2023,R,656234,572761,SI,Sinker,,ball,L,R,SD,COL,94.60,,,0,0,2023,2023-03
2023-03-30,2023,R,656234,621311,SI,Sinker,field_out,hit_into_play,L,R,SD,COL,95.30,98.60,34,0,0,2023,2023-03
2023-03-30,2023,R,656234,673490,SI,Sinker,field_out,hit_into_play,R,R,SD,COL,94.20,82.20,-38,1,1,2023,2023-03
2023-03-30,2023,R,656234,673490,FC,Cutter,,called_strike,R,R,SD,COL,89.30,,,1,0,2023,2023-03
2023-03-30,2023,R,656234,673490,SI,Sinker,,ball,R,R,SD,COL,94.30,,,0,0,2023,2023-03
2023-03-30,2023,R,656271,592206,CH,Changeup,single,hit_into_play,R,L,TEX,PHI,89.70,80.90,5,0,1,2023,2023-03
2023-03-30,2023,R,656271,592206,FF,4-Seam Fastball,,called_strike,R,L,TEX,PHI,96.20,,,0,0,2023,2023-03
2023-03-30,2023,R,656271,592663,FF,4-Seam Fastball,field_out,hit_into_play,R,L,TEX,PHI,94.90,56.70,43,3,2,2023,2023-03
2023-03-30,2023,R,656271,592663,FF,4-Seam Fastball,,foul_tip,R,L,TEX,PHI,95.50,,,3,1,2023,2023-03
2023-03-30,2023,R,656271,592663,FF,4-Seam Fastball,,ball,R,L,TEX,PHI,95.30,,,2,1,2023,2023-03
2023-03-30,2023,R,656271,592663,CH,Changeup,,ball,R,L,TEX,PHI,89.50,,,1,1,2023,2023-03
2023-03-30,2023,R,656271,592663,FF,4-Seam Fastball,,foul,R,L,TEX,PHI,95.30,77.80,14,1,0,2023,2023-03
2023-03-30,2023,R,656271,592663,FF,4-Seam Fastball,,ball,R,L,TEX,PHI,94.60,,,0,0,2023,2023-03
2023-03-30,2023,R,656271,595909,SL,Slider,strikeout,swinging_strike_blocked,L,L,TEX,PHI,90.20,,,1,2,2023,2023-03
2023-03-30,2023,R,656271,595909,FF,4-Seam Fastball,,swinging_strike,L,L,TEX,PHI,95.00,,,1,1,2023,2023-03
2023-03-30,2023,R,656271,595909,FF,4-Seam Fastball,,ball,L,L,TEX,PHI,97.00,,,0,1,2023,2023-03
2023-03-30,2023,R,656271,595909,FF,4-Seam Fastball,,called_strike,L,L,TEX,PHI,96.20,,,0,0,2023,2023-03
2023-03-30,2023,R,656271,607208,FF,4-Seam Fastball,field_out,hit_into_play,R,L,TEX,PHI,94.00,81.10,44,2,2,2023,2023-03
2023-03-30,2023,R,656271,607208,FF,4-Seam Fastball,,swinging_strike,R,L,TEX,PHI,94.40,,,2,1,2023,2023-03
2023-03-30,2023,R,656271,607208,CH,Changeup,,ball,R,L,TEX,PHI,88.00,,,1,1,2023,2023-03
2023-03-30,2023,R,656271,607208,CH,Changeup,,ball,R,L,TEX,PHI,88.50,,,0,1,2023,2023-03
2023-03-30,2023,R,656271,607208,FF,4-Seam Fastball,,foul,R,L,TEX,PHI,95.70,81.40,38,0,0,2023,2023-03
2023-03-30,2023,R,656271,656941,SL,Slider,strikeout,swinging_strike,L,L,TEX,PHI,89.30,,,0,2,2023,2023-03
2023-03-30,2023,R,656271,656941,FF,4-Seam Fastball,,foul,L,L,TEX,PHI,96.20,93.70,12,0,1,2023,2023-03
2023-03-30,2023,R,656271,656941,FF,4-Seam Fastball,,swinging_strike,L,L,TEX,PHI,94.20,,,0,0,2023,2023-03
2023-03-30,2023,R,656271,664761,FF,4-Seam Fastball,single,hit_into_play,R,L,TEX,PHI,96.10,95.20,4,1,2,2023,2023-03
2023-03-30,2023,R,656271,664761,CH,Changeup,,ball,R,L,TEX,PHI,88.40,,,0,2,2023,2023-03
2023-03-30,2023,R,656271,664761,FF,4-Seam Fastball,,foul,R,L,TEX,PHI,96.60,80.90,27,0,2,2023,2023-03
2023-03-30,2023,R,656271,664761,FF,4-Seam Fastball,,foul,R,L,TEX,PHI,97.30,86.00,32,0,2,2023,2023-03
2023-03-30,2023,R,656271,664761,FF,4-Seam Fastball,,foul,R,L,TEX,PHI,97.60,102.80,-4,0,2,2023,2023-03
2023-03-30,2023,R,656271,664761,FF,4-Seam Fastball,,swinging_strike,R,L,TEX,PHI,97.00,,,0,1,2023,2023-03
2023-03-30,2023,R,656271,664761,FF,4-Seam Fastball,,swinging_strike,R,L,TEX,PHI,96.20,,,0,0,2023,2023-03
2023-03-30,2023,R,656271,669016,FF,4-Seam Fastball,strikeout,swinging_strike,L,L,TEX,PHI,95.30,,,2,2,2023,2023-03
2023-03-30,2023,R,656271,669016,FF,4-Seam Fastball,,foul,L,L,TEX,PHI,95.40,79.90,9,2,1,2023,2023-03
2023-03-30,2023,R,656271,669016,FF,4-Seam Fastball,,ball,L,L,TEX,PHI,95.50,,,1,1,2023,2023-03
2023-03-30,2023,R,656271,669016,SL,Slider,,ball,L,L,TEX,PHI,89.60,,,0,1,2023,2023-03
2023-03-30,2023,R,656271,669016,FF,4-Seam Fastball,,called_strike,L,L,TEX,PHI,95.00,,,0,0,2023,2023-03
2023-03-30,2023,R,656271,669742,FF,4-Seam Fastball,field_out,hit_into_play,L,L,TEX,PHI,94.80,85.90,-38,1,2,2023,2023-03
2023-03-30,2023,R,656271,669742,FF,4-Seam Fastball,,ball,L,L,TEX,PHI,97.80,,,0,2,2023,2023-03
2023-03-30,2023,R,656271,669742,SL,Slider,,foul,L,L,TEX,PHI,89.40,,,0,1,2023,2023-03
2023-03-30,2023,R,656271,669742,FF,4-Seam Fastball,,called_strike,L,L,TEX,PHI,97.60,,,0,0,2023,2023-03
2023-03-30,2023,R,656271,681082,FF,4-Seam Fastball,single,hit_into_play,L,L,TEX,PHI,96.80,97.70,-20,0,2,2023,2023-03
2023-03-30,2023,R,656271,681082,FF,4-Seam Fastball,,called_strike,L,L,TEX,PHI,95.80,,,0,1,2023,2023-03
2023-03-30,2023,R,656271,681082,FF,4-Seam Fastball,,foul,L,L,TEX,PHI,94.90,,,0,0,2023,2023-03
2023-03-30,2023,R,656302,455117,FF,4-Seam Fastball,field_out,hit_into_play,R,R,HOU,CWS,97.30,98.90,39,1,2,2023,2023-03
2023-03-30,2023,R,656302,455117,FF,4-Seam Fastball,,foul,R,R,HOU,CWS,97.30,73.00,-24,1,2,2023,2023-03
2023-03-30,2023,R,656302,455117,KC,Knuckle Curve,,ball,R,R,HOU,CWS,82.50,,,0,2,2023,2023-03
2023-03-30,2023,R,656302,455117,FF,4-Seam Fastball,,foul,R,R,HOU,CWS,96.20,81.50,73,0,1,2023,2023-03
2023-03-30,2023,R,656302,455117,SL,Slider,,called_strike,R,R,HOU,CWS,85.30,,,0,0,2023,2023-03
2023-03-30,2023,R,656302,455117,FF,4-Seam Fastball,strikeout,called_strike,R,R,HOU,CWS,97.80,,,1,2,2023,2023-03
2023-03-30,2023,R,656302,455117,SL,Slider,,ball,R,R,HOU,CWS,87.60,,,0,2,2023,2023-03
2023-03-30,2023,R,656302,455117,KC,Knuckle Curve,,foul,R,R,HOU,CWS,81.10,81.70,-38,0,1,2023,2023-03
2023-03-30,2023,R,656302,455117,KC,Knuckle Curve,,called_strike,R,R,HOU,CWS,78.60,,,0,0,2023,2023-03
2023-03-30,2023,R,656302,547989,KC,Knuckle Curve,single,hit_into_play,R,R,HOU,CWS,82.90,102.40,6,1,2,2023,2023-03
2023-03-30,2023,R,656302,547989,FF,4-Seam Fastball,,foul,R,R,HOU,CWS,97.10,80.20,54,1,1,2023,2023-03
2023-03-30,2023,R,656302,547989,FF,4-Seam Fastball,,foul,R,R,HOU,CWS,97.10,78.40,-51,1,0,2023,2023-03
2023-03-30,2023,R,656302,547989,SL,Slider,,blocked_ball,R,R,HOU,CWS,87.10,,,0,0,2023,2023-03
2023-03-30,2023,R,656302,547989,SL,Slider,field_out,hit_into_play,R,R,HOU,CWS,88.70,60.00,-23,1,2,2023,2023-03
2023-03-30,2023,R,656302,547989,SL,Slider,,ball,R,R,HOU,CWS,88.70,,,0,2,2023,2023-03
2023-03-30,2023,R,656302,547989,FF,4-Seam Fastball,,foul,R,R,HOU,CWS,97.70,,,0,1,2023,2023-03
2023-03-30,2023,R,656302,547989,KC,Knuckle Curve,,called_strike,R,R,HOU,CWS,81.20,,,0,0,2023,2023-03
2023-03-30,2023,R,656302,547989,SL,Slider,strikeout,swinging_strike_blocked,R,R,HOU,CWS,87.10,,,1,2,2023,2023-03
2023-03-30,2023,R,656302,547989,KC,Knuckle Curve,,called_strike,R,R,HOU,CWS,81.20,,,1,1,2023,2023-03
2023-03-30,2023,R,656302,547989,KC,Knuckle Curve,,ball,R,R,HOU,CWS,82.20,,,0,1,2023,2023-03
2023-03-30,2023,R,656302,547989,SL,Slider,,called_strike,R,R,HOU,CWS,86.10,,,0,0,2023,2023-03
2023-03-30,2023,R,656302,608324,SL,Slider,strikeout,swinging_strike,R,R,HOU,CWS,86.80,,,0,2,2023,2023-03
2023-03-30,2023,R,656302,608324,SL,Slider,,swinging_strike,R,R,HOU,CWS,86.60,,,0,1,2023,2023-03
2023-03-30,2023,R,656302,608324,SL,Slider,,foul,R,R,HOU,CWS,85.20,60.90,50,0,0,2023,2023-03
2023-03-30,2023,R,656302,608324,FF,4-Seam Fastball,field_out,hit_into_play,R,R,HOU,CWS,97.50,82.10,48,0,2,2023,2023-03
2023-03-30,2023,R,656302,608324,FF,4-Seam Fastball,,foul,R,R,HOU,CWS,96.20,76.40,64,0,1,2023,2023-03
2023-03-30,2023,R,656302,608324,SL,Slider,,called_strike,R,R,HOU,CWS,85.50,,,0,0,2023,2023-03
2023-03-30,2023,R,656302,608324,FF,4-Seam Fastball,strikeout,swinging_strike,R,R,HOU,CWS,96.60,,,1,2,2023,2023-03
2023-03-30,2023,R,656302,608324,SL,Slider,,blocked_ball,R,R,HOU,CWS,87.00,,,0,2,2023,2023-03
2023-03-30,2023,R,656302,608324,KC,Knuckle Curve,,foul,R,R,HOU,CWS,78.70,85.40,44,0,1,2023,2023-03
2023-03-30,2023,R,656302,608324,KC,Knuckle Curve,,foul,R,R,HOU,CWS,79.00,64.20,45,0,0,2023,2023-03
2023-03-30,2023,R,656302,643289,FF,4-Seam Fastball,field_out,hit_into_play,R,R,HOU,CWS,97.10,105.80,-8,2,2,2023,2023-03
2023-03-30,2023,R,656302,643289,SL,Slider,,ball,R,R,HOU,CWS,87.00,,,1,2,2023,2023-03
2023-03-30,2023,R,656302,643289,FF,4-Seam Fastball,,foul,R,R,HOU,CWS,95.50,82.20,44,1,1,2023,2023-03
2023-03-30,2023,R,656302,643289,KC,Knuckle Curve,,ball,R,R,HOU,CWS,81.40,,,0,1,2023,2023-03
2023-03-30,2023,R,656302,643289,SL,Slider,,foul,R,R,HOU,CWS,86.70,60.10,-55,0,0,2023,2023-03
2023-03-30,2023,R,656302,643289,FF,4-Seam Fastball,field_out,hit_into_play,R,R,HOU,CWS,97.70,93.40,-24,1,2,2023,2023-03
2023-03-30,2023,R,656302,643289,SL,Slider,,foul,R,R,HOU,CWS,86.80,,,1,2,2023,2023-03
2023-03-30,2023,R,656302,643289,SL,Slider,,ball,R,R,HOU,CWS,87.40,,,0,2,2023,2023-03
2023-03-30,2023,R,656302,643289,SL,Slider,,swinging_strike,R,R,HOU,CWS,87.10,,,0,1,2023,2023-03
2023-03-30,2023,R,656302,643289,SL,Slider,,swinging_strike,R,R,HOU,CWS,87.10,,,0,0,2023,2023-03
2023-03-30,2023,R,656302,663656,FF,4-Seam Fastball,field_out,hit_into_play,L,R,HOU,CWS,96.60,105.10,18,0,0,2023,2023-03
2023-03-30,2023,R,656302,663656,SL,Slider,strikeout,called_strike,L,R,HOU,CWS,87.80,,,2,2,2023,2023-03
2023-03-30,2023,R,656302,663656,KC,Knuckle Curve,,ball,L,R,HOU,CWS,82.10,,,1,2,2023,2023-03
2023-03-30,2023,R,656302,663656,FF,4-Seam Fastball,,ball,L,R,HOU,CWS,97.10,,,0,2,2023,2023-03
2023-03-30,2023,R,656302,663656,FF,4-Seam Fastball,,foul,L,R,HOU,CWS,98.00,76.60,41,0,1,2023,2023-03
2023-03-30,2023,R,656302,663656,FF,4-Seam Fastball,,swinging_strike,L,R,HOU,CWS,97.60,,,0,0,2023,2023-03
2023-03-30,2023,R,656302,665161,KC,Knuckle Curve,strikeout,swinging_strike,R,R,HOU,CWS,83.70,,,2,2,2023,2023-03
2023-03-30,2023,R,656302,665161,FF,4-Seam Fastball,,ball,R,R,HOU,CWS,97.20,,,1,2,2023,2023-03
2023-03-30,2023,R,656302,665161,FF,4-Seam Fastball,,swinging_strike,R,R,HOU,CWS,97.90,,,1,1,2023,2023-03
2023-03-30,2023,R,656302,665161,KC,Knuckle Curve,,ball,R,R,HOU,CWS,83.30,,,0,1,2023,2023-03
2023-03-30,2023,R,656302,665161,FF,4-Seam Fastball,,called_strike,R,R,HOU,CWS,98.10,,,0,0,2023,2023-03
2023-03-30,2023,R,656302,665161,KC,Knuckle Curve,strikeout,swinging_strike_blocked,R,R,HOU,CWS,80.30,,,2,2,2023,2023-03
2023-03-30,2023,R,656302,665161,SL,Slider,,ball,R,R,HOU,CWS,86.90,,,1,2,2023,2023-03
2023-03-30,2023,R,656302,665161,SL,Slider,,ball,R,R,HOU,CWS,88.10,,,0,2,2023,2023-03
2023-03-30,2023,R,656302,665161,KC,Knuckle Curve,,swinging_strike,R,R,HOU,CWS,81.70,,,0,1,2023,2023-03
2023-03-30,2023,R,656302,665161,KC,Knuckle Curve,,foul_tip,R,R,HOU,CWS,82.30,,,0,0,2023,2023-03
2023-03-30,2023,R,656302,665161,SL,Slider,single,hit_into_play,R,R,HOU,CWS,85.40,104.30,2,1,1,2023,2023-03
2023-03-30,2023,R,656302,665161,FF,4-Seam Fastball,,foul,R,R,HOU,CWS,96.30,71.00,-7,1,0,2023,2023-03
2023-03-30,2023,R,656302,665161,SL,Slider,,ball,R,R,HOU,CWS,83.80,,,0,0,2023,2023-03
2023-03-30,2023,R,656302,670541,SL,Slider,hit_by_pitch,hit_by_pitch,L,R,HOU,CWS,88.40,,,0,0,2023,2023-03
2023-03-30,2023,R,656302,670541,FF,4-Seam Fastball,strikeout,swinging_strike,L,R,HOU,CWS,98.00,,,3,2,2023,2023-03
2023-03-30,2023,R,656302,670541,SL,Slider,,foul,L,R,HOU,CWS,86.60,43.70,-63,3,1,2023,2023-03
2023-03-30,2023,R,656302,670541,FF,4-Seam Fastball,,called_strike,L,R,HOU,CWS,96.60,,,3,0,2023,2023-03
2023-03-30,2023,R,656302,670541,KC,Knuckle Curve,,ball,L,R,HOU,CWS,79.80,,,2,0,2023,2023-03
2023-03-30,2023,R,656302,670541,SL,Slider,,ball,L,R,HOU,CWS,85.90,,,1,0,2023,2023-03
2023-03-30,2023,R,656302,670541,FF,4-Seam Fastball,,ball,L,R,HOU,CWS,98.30,,,0,0,2023,2023-03
2023-03-30,2023,R,656302,670541,KC,Knuckle Curve,strikeout,swinging_strike,L,R,HOU,CWS,80.80,,,2,2,2023,2023-03
2023-03-30,2023,R,656302,670541,FF,4-Seam Fastball,,ball,L,R,HOU,CWS,97.30,,,1,2,2023,2023-03
2023-03-30,2023,R,656302,670541,SL,Slider,,blocked_ball,L,R,HOU,CWS,87.60,,,0,2,2023,2023-03
2023-03-30,2023,R,656302,670541,SL,Slider,,foul,L,R,HOU,CWS,86.50,72.10,37,0,1,2023,2023-03
2023-03-30,2023,R,656302,670541,SL,Slider,,swinging_strike,L,R,HOU,CWS,87.00,,,0,0,2023,2023-03
2023-03-30,2023,R,656302,673237,SL,Slider,field_out,hit_into_play,R,R,HOU,CWS,87.20,60.20,16,1,2,2023,2023-03
2023-03-30,2023,R,656302,673237,SL,Slider,,called_strike,R,R,HOU,CWS,87.10,,,1,1,2023,2023-03
2023-03-30,2023,R,656302,673237,FF,4-Seam Fastball,,ball,R,R,HOU,CWS,96.70,,,0,1,2023,2023-03
2023-03-30,2023,R,656302,673237,KC,Knuckle Curve,,called_strike,R,R,HOU,CWS,79.10,,,0,0,2023,2023-03
2023-03-30,2023,R,656302,673237,SL,Slider,field_out,hit_into_play,R,R,HOU,CWS,87.30,82.00,33,1,2,2023,2023-03
2023-03-30,2023,R,656302,673237,KC,Knuckle Curve,,foul,R,R,HOU,CWS,81.70,76.50,-40,1,2,2023,2023-03
2023-03-30,2023,R,656302,673237,FF,4-Seam Fastball,,foul,R,R,HOU,CWS,96.40,62.10,73,1,2,2023,2023-03
2023-03-30,2023,R,656302,673237,SL,Slider,,ball,R,R,HOU,CWS,87.80,,,0,2,2023,2023-03
2023-03-30,2023,R,656302,673237,SL,Slider,,foul,R,R,HOU,CWS,88.10,,,0,1,2023,2023-03
2023-03-30,2023,R,656302,673237,SL,Slider,,called_strike,R,R,HOU,CWS,86.40,,,0,0,2023,2023-03
2023-03-30,2023,R,656302,676694,KC,Knuckle Curve,field_out,hit_into_play,R,R,HOU,CWS,78.30,101.00,32,0,0,2023,2023-03
2023-03-30,2023,R,656302,676694,SL,Slider,strikeout,called_strike,R,R,HOU,CWS,86.90,,,0,2,2023,2023-03
2023-03-30,2023,R,656302,676694,SL,Slider,,called_strike,R,R,HOU,CWS,87.20,,,0,1,2023,2023-03
2023-03-30,2023,R,656302,676694,KC,Knuckle Curve,,called_strike,R,R,HOU,CWS,80.30,,,0,0,2023,2023-03
2023-03-30,2023,R,656464,571970,SL,Slider,strikeout,swinging_strike_blocked,L,R,LAD,AZ,85.50,,,2,2,2023,2023-03
2023-03-30,2023,R,656464,571970,SL,Slider,,blocked_ball,L,R,LAD,AZ,86.20,,,1,2,2023,2023-03
2023-03-30,2023,R,656464,571970,SL,Slider,,foul,L,R,LAD,AZ,85.70,97.40,25,1,1,2023,2023-03
2023-03-30,2023,R,656464,571970,SL,Slider,,foul,L,R,LAD,AZ,85.60,,,1,0,2023,2023-03
2023-03-30,2023,R,656464,571970,SL,Slider,,ball,L,R,LAD,AZ,86.20,,,0,0,2023,2023-03
2023-03-30,2023,R,656464,669257,SL,Slider,sac_fly,hit_into_play,R,R,LAD,AZ,85.00,93.30,38,3,2,2023,2023-03
2023-03-30,2023,R,656464,669257,SI,Sinker,,foul,R,R,LAD,AZ,93.50,90.00,-27,3,2,2023,2023-03
2023-03-30,2023,R,656464,669257,SL,Slider,,ball,R,R,LAD,AZ,85.60,,,2,2,2023,2023-03
2023-03-30,2023,R,656464,669257,SI,Sinker,,foul,R,R,LAD,AZ,93.40,88.40,-13,2,1,2023,2023-03
2023-03-30,2023,R,656464,669257,SL,Slider,,ball,R,R,LAD,AZ,85.30,,,1,1,2023,2023-03
2023-03-30,2023,R,656464,669257,,,,automatic_ball,R,R,LAD,AZ,,,,0,1,2023,2023-03
2023-03-30,2023,R,656464,669257,SI,Sinker,,foul,R,R,LAD,AZ,92.50,90.10,12,0,0,2023,2023-03
2023-03-30,2023,R,656605,571976,SI,Sinker,strikeout,called_strike,R,R,CIN,PIT,94.30,,,3,2,2023,2023-03
2023-03-30,2023,R,656605,571976,FF,4-Seam Fastball,,ball,R,R,CIN,PIT,93.20,,,2,2,2023,2023-03
2023-03-30,2023,R,656605,571976,SI,Sinker,,foul,R,R,CIN,PIT,93.30,68.60,43,2,1,2023,2023-03
2023-03-30,2023,R,656605,571976,SI,Sinker,,called_strike,R,R,CIN,PIT,92.30,,,2,0,2023,2023-03
2023-03-30,2023,R,656605,571976,FC,Cutter,,ball,R,R,CIN,PIT,88.20,,,1,0,2023,2023-03
2023-03-30,2023,R,656605,571976,SL,Slider,,ball,R,R,CIN,PIT,87.80,,,0,0,2023,2023-03
2023-03-30,2023,R,656605,571976,ST,Sweeper,strikeout,swinging_strike,R,R,CIN,PIT,83.50,,,1,2,2023,2023-03
2023-03-30,2023,R,656605,571976,ST,Sweeper,,ball,R,R,CIN,PIT,83.40,,,0,2,2023,2023-03
2023-03-30,2023,R,656605,571976,SI,Sinker,,foul,R,R,CIN,PIT,94.00,76.20,41,0,1,2023,2023-03
2023-03-30,2023,R,656605,571976,FC,Cutter,,called_strike,R,R,CIN,PIT,88.30,,,0,0,2023,2023-03
2023-03-30,2023,R,656605,613564,FF,4-Seam Fastball,triple,hit_into_play,L,R,CIN,PIT,96.30,94.20,9,0,2,2023,2023-03
2023-03-30,2023,R,656605,613564,FF,4-Seam Fastball,,foul,L,R,CIN,PIT,96.70,70.40,18,0,1,2023,2023-03
2023-03-30,2023,R,656605,613564,CU,Curveball,,foul_tip,L,R,CIN,PIT,77.50,,,0,0,2023,2023-03
2023-03-30,2023,R,656605,613564,CU,Curveball,strikeout,swinging_strike,L,R,CIN,PIT,81.30,,,1,2,2023,2023-03
2023-03-30,2023,R,656605,613564,FF,4-Seam Fastball,,foul,L,R,CIN,PIT,96.60,72.80,61,1,2,2023,2023-03
2023-03-30,2023,R,656605,613564,FC,Cutter,,swinging_strike,L,R,CIN,PIT,90.90,,,1,1,2023,2023-03
2023-03-30,2023,R,656605,613564,FF,4-Seam Fastball,,swinging_strike,L,R,CIN,PIT,95.40,,,1,0,2023,2023-03
2023-03-30,2023,R,656605,613564,CU,Curveball,,ball,L,R,CIN,PIT,76.50,,,0,0,2023,2023-03
2023-03-30,2023,R,656605,613564,FC,Cutter,field_out,hit_into_play,L,R,CIN,PIT,91.70,69.70,59,3,2,2023,2023-03
2023-03-30,2023,R,656605,613564,FF,4-Seam Fastball,,ball,L,R,CIN,PIT,96.80,,,2,2,2023,2023-03
2023-03-30,2023,R,656605,613564,FF,4-Seam Fastball,,foul,L,R,CIN,PIT,96.70,,,2,2,2023,2023-03
2023-03-30,2023,R,656605,613564,ST,Sweeper,,ball,L,R,CIN,PIT,84.70,,,1,2,2023,2023-03
2023-03-30,2023,R,656605,613564,CU,Curveball,,ball,L,R,CIN,PIT,79.70,,,0,2,2023,2023-03
2023-03-30,2023,R,656605,613564,FF,4-Seam Fastball,,foul,L,R,CIN,PIT,97.10,,,0,2,2023,2023-03
2023-03-30,2023,R,656605,613564,FF,4-Seam Fastball,,swinging_strike,L,R,CIN,PIT,96.50,,,0,1,2023,2023-03
2023-03-30,2023,R,656605,613564,CU,Curveball,,called_strike,L,R,CIN,PIT,78.50,,,0,0,2023,2023-03
2023-03-30,2023,R,656605,641584,CH,Changeup,single,hit_into_play,L,R,CIN,PIT,90.20,111.70,13,0,0,2023,2023-03
2023-03-30,2023,R,656605,641584,FF,4-Seam Fastball,walk,ball,L,R,CIN,PIT,94.50,,,3,0,2023,2023-03
2023-03-30,2023,R,656605,641584,FC,Cutter,,ball,L,R,CIN,PIT,90.60,,,2,0,2023,2023-03
2023-03-30,2023,R,656605,641584,FC,Cutter,,ball,L,R,CIN,PIT,91.10,,,1,0,2023,2023-03
2023-03-30,2023,R,656605,641584,SL,Slider,,ball,L,R,CIN,PIT,90.30,,,0,0,2023,2023-03
2023-03-30,2023,R,656605,641584,SL,Slider,single,hit_into_play,L,R,CIN,PIT,90.90,66.20,31,1,1,2023,2023-03
2023-03-30,2023,R,656605,641584,SL,Slider,,ball,L,R,CIN,PIT,90.70,,,0,1,2023,2023-03
2023-03-30,2023,R,656605,641584,CU,Curveball,,called_strike,L,R,CIN,PIT,77.70,,,0,0,2023,2023-03
2023-03-30,2023,R,656605,663697,FF,4-Seam Fastball,walk,ball,R,R,CIN,PIT,97.50,,,3,2,2023,2023-03
2023-03-30,2023,R,656605,663697,SI,Sinker,,foul,R,R,CIN,PIT,95.00,69.90,59,3,1,2023,2023-03
2023-03-30,2023,R,656605,663697,SI,Sinker,,ball,R,R,CIN,PIT,95.20,,,2,1,2023,2023-03
2023-03-30,2023,R,656605,663697,FC,Cutter,,ball,R,R,CIN,PIT,89.90,,,1,1,2023,2023-03
2023-03-30,2023,R,656605,663697,ST,Sweeper,,ball,R,R,CIN,PIT,82.50,,,0,1,2023,2023-03
2023-03-30,2023,R,656605,663697,SI,Sinker,,called_strike,R,R,CIN,PIT,94.70,,,0,0,2023,2023-03
2023-03-30,2023,R,656605,663697,SI,Sinker,field_out,hit_into_play,R,R,CIN,PIT,94.40,69.60,7,1,1,2023,2023-03
2023-03-30,2023,R,656605,663697,SL,Slider,,swinging_strike,R,R,CIN,PIT,90.20,,,1,0,2023,2023-03
2023-03-30,2023,R,656605,663697,FF,4-Seam Fastball,,ball,R,R,CIN,PIT,93.90,,,0,0,2023,2023-03
2023-03-30,2023,R,656605,663697,SI,Sinker,single,hit_into_play,R,R,CIN,PIT,93.70,75.50,16,2,0,2023,2023-03
2023-03-30,2023,R,656605,663697,SI,Sinker,,ball,R,R,CIN,PIT,93.50,,,1,0,2023,2023-03
2023-03-30,2023,R,656605,663697,FF,4-Seam Fastball,,ball,R,R,CIN,PIT,95.50,,,0,0,2023,2023-03
2023-03-30,2023,R,656605,663886,FF,4-Seam Fastball,strikeout,called_strike,R,R,CIN,PIT,97.10,,,1,2,2023,2023-03
2023-03-30,2023,R,656605,663886,SI,Sinker,,foul,R,R,CIN,PIT,94.10,66.50,22,1,1,2023,2023-03
2023-03-30,2023,R,656605,663886,SI,Sinker,,called_strike,R,R,CIN,PIT,93.70,,,1,0,2023,2023-03
2023-03-30,2023,R,656605,663886,FC,Cutter,,ball,R,R,CIN,PIT,90.40,,,0,0,2023,2023-03
2023-03-30,2023,R,656605,663886,ST,Sweeper,field_error,hit_into_play,R,R,CIN,PIT,82.50,68.90,-5,0,2,2023,2023-03
2023-03-30,2023,R,656605,663886,ST,Sweeper,,called_strike,R,R,CIN,PIT,81.60,,,0,1,2023,2023-03
2023-03-30,2023,R,656605,663886,SI,Sinker,,called_strike,R,R,CIN,PIT,93.40,,,0,0,2023,2023-03
2023-03-30,2023,R,656605,663886,SI,Sinker,grounded_into_double_play,hit_into_play,R,R,CIN,PIT,95.20,75.10,-10,0,0,2023,2023-03
2023-03-30,2023,R,656605,666181,FF,4-Seam Fastball,strikeout,swinging_strike,L,R,CIN,PIT,96.80,,,1,2,2023,2023-03
2023-03-30,2023,R,656605,666181,FC,Cutter,,foul,L,R,CIN,PIT,91.60,75.00,-34,1,1,2023,2023-03
2023-03-30,2023,R,656605,666181,CU,Curveball,,ball,L,R,CIN,PIT,79.30,,,0,1,2023,2023-03
2023-03-30,2023,R,656605,666181,SL,Slider,,foul,L,R,CIN,PIT,90.30,,,0,0,2023,2023-03
2023-03-30,2023,R,656605,666181,FF,4-Seam Fastball,strikeout,swinging_strike,L,R,CIN,PIT,96.50,,,1,2,2023,2023-03
2023-03-30,2023,R,656605,666181,FC,Cutter,,swinging_strike,L,R,CIN,PIT,91.40,,,1,1,2023,2023-03
2023-03-30,2023,R,656605,666181,CU,Curveball,,ball,L,R,CIN,PIT,79.80,,,0,1,2023,2023-03
2023-03-30,2023,R,656605,666181,CU,Curveball,,foul,L,R,CIN,PIT,78.80,,,0,0,2023,2023-03
2023-03-30,2023,R,656605,668715,ST,Sweeper,home_run,hit_into_play,R,R,CIN,PIT,82.30,107.60,23,2,2,2023,2023-03
2023-03-30,2023,R,656605,668715,SI,Sinker,,foul,R,R,CIN,PIT,94.70,68.70,62,2,2,2023,2023-03
2023-03-30,2023,R,656605,668715,,,,automatic_ball,R,R,CIN,PIT,,,,1,2,2023,2023-03
2023-03-30,2023,R,656605,668715,SL,Slider,,foul,R,R,CIN,PIT,91.70,88.20,32,1,2,2023,2023-03
2023-03-30,2023,R,656605,668715,ST,Sweeper,,ball,R,R,CIN,PIT,84.50,,,0,2,2023,2023-03
2023-03-30,2023,R,656605,668715,ST,Sweeper,,foul,R,R,CIN,PIT,84.30,72.10,42,0,2,2023,2023-03
2023-03-30,2023,R,656605,668715,ST,Sweeper,,swinging_strike,R,R,CIN,PIT,83.50,,,0,1,2023,2023-03
2023-03-30,2023,R,656605,668715,SI,Sinker,,called_strike,R,R,CIN,PIT,93.60,,,0,0,2023,2023-03
2023-03-30,2023,R,656605,668715,FC,Cutter,walk,ball,R,R,CIN,PIT,91.70,,,3,2,2023,2023-03
2023-03-30,2023,R,656605,668715,SI,Sinker,,foul,R,R,CIN,PIT,95.10,65.50,52,3,2,2023,2023-03
2023-03-30,2023,R,656605,668715,FC,Cutter,,called_strike,R,R,CIN,PIT,91.00,,,3,1,2023,2023-03
2023-03-30,2023,R,656605,668715,SI,Sinker,,ball,R,R,CIN,PIT,95.40,,,2,1,2023,2023-03
2023-03-30,2023,R,656605,668715,SL,Slider,,foul,R,R,CIN,PIT,89.50,91.70,49,2,0,2023,2023-03
2023-03-30,2023,R,656605,668715,SI,Sinker,,ball,R,R,CIN,PIT,94.10,,,1,0,2023,2023-03
2023-03-30,2023,R,656605,668715,SI,Sinker,,ball,R,R,CIN,PIT,94.30,,,0,0,2023,2023-03
2023-03-30,2023,R,656605,670770,FF,4-Seam Fastball,strikeout,swinging_strike,L,R,CIN,PIT,96.60,,,1,2,2023,2023-03
2023-03-30,2023,R,656605,670770,CH,Changeup,,ball,L,R,CIN,PIT,91.00,,,0,2,2023,2023-03
2023-03-30,2023,R,656605,670770,CU,Curveball,,called_strike,L,R,CIN,PIT,77.40,,,0,1,2023,2023-03
2023-03-30,2023,R,656605,670770,SL,Slider,,foul,L,R,CIN,PIT,90.20,87.80,-9,0,0,2023,2023-03
2023-03-30,2023,R,656605,670770,CH,Changeup,field_out,hit_into_play,L,R,CIN,PIT,92.50,78.70,-51,1,2,2023,2023-03
2023-03-30,2023,R,656605,670770,SL,Slider,,foul,L,R,CIN,PIT,92.10,67.20,-36,1,1,2023,2023-03
2023-03-30,2023,R,656605,670770,FF,4-Seam Fastball,,called_strike,L,R,CIN,PIT,95.00,,,1,0,2023,2023-03
2023-03-30,2023,R,656605,670770,FF,4-Seam Fastball,,ball,L,R,CIN,PIT,94.40,,,0,0,2023,2023-03
2023-03-30,2023,R,656605,670770,SL,Slider,walk,ball,L,R,CIN,PIT,90.90,,,3,2,2023,2023-03
2023-03-30,2023,R,656605,670770,FF,4-Seam Fastball,,foul,L,R,CIN,PIT,96.20,75.30,44,3,2,2023,2023-03
2023-03-30,2023,R,656605,670770,FF,4-Seam Fastball,,ball,L,R,CIN,PIT,95.60,,,2,2,2023,2023-03
2023-03-30,2023,R,656605,670770,FF,4-Seam Fastball,,called_strike,L,R,CIN,PIT,95.30,,,2,1,2023,2023-03
2023-03-30,2023,R,656605,670770,SL,Slider,,ball,L,R,CIN,PIT,90.70,,,1,1,2023,2023-03
2023-03-30,2023,R,656605,670770,SL,Slider,,called_strike,L,R,CIN,PIT,90.10,,,1,0,2023,2023-03
2023-03-30,2023,R,656605,670770,FF,4-Seam Fastball,,ball,L,R,CIN,PIT,94.20,,,0,0,2023,2023-03
2023-03-30,2023,R,656605,676480,ST,Sweeper,strikeout,swinging_strike,R,R,CIN,PIT,83.90,,,1,2,2023,2023-03
2023-03-30,2023,R,656605,676480,FC,Cutter,,swinging_strike,R,R,CIN,PIT,92.70,,,1,1,2023,2023-03
2023-03-30,2023,R,656605,676480,FC,Cutter,,swinging_strike,R,R,CIN,PIT,91.70,,,1,0,2023,2023-03
2023-03-30,2023,R,656605,676480,SI,Sinker,,ball,R,R,CIN,PIT,95.70,,,0,0,2023,2023-03
2023-03-30,2023,R,656605,676480,ST,Sweeper,force_out,hit_into_play,R,R,CIN,PIT,84.80,92.40,-36,2,2,2023,2023-03
2023-03-30,2023,R,656605,676480,FC,Cutter,,foul,R,R,CIN,PIT,91.30,75.70,14,2,1,2023,2023-03
2023-03-30,2023,R,656605,676480,SI,Sinker,,foul,R,R,CIN,PIT,95.30,88.60,14,2,0,2023,2023-03
2023-03-30,2023,R,656605,676480,FC,Cutter,,ball,R,R,CIN,PIT,91.40,,,1,0,2023,2023-03
2023-03-30,2023,R,656605,676480,FC,Cutter,,ball,R,R,CIN,PIT,91.10,,,0,0,2023,2023-03
2023-03-30,2023,R,656945,500871,FF,4-Seam Fastball,single,hit_into_play,R,L,MIA,NYM,94.00,107.10,12,1,2,2023,2023-03
2023-03-30,2023,R,656945,500871,FF,4-Seam Fastball,,called_strike,R,L,MIA,NYM,93.40,,,1,1,2023,2023-03
2023-03-30,2023,R,656945,500871,SL,Slider,,called_strike,R,L,MIA,NYM,86.90,,,1,0,2023,2023-03
2023-03-30,2023,R,656945,500871,SL,Slider,,ball,R,L,MIA,NYM,88.60,,,0,0,2023,2023-03
2023-03-30,2023,R,656945,502054,SL,Slider,field_out,hit_into_play,R,L,MIA,NYM,88.70,82.80,-46,0,0,2023,2023-03
2023-03-30,2023,R,656945,553882,FF,4-Seam Fastball,walk,ball,L,L,MIA,NYM,94.50,,,3,2,2023,2023-03
2023-03-30,2023,R,656945,553882,SL,Slider,,foul,L,L,MIA,NYM,87.60,,,3,2,2023,2023-03
2023-03-30,2023,R,656945,553882,SL,Slider,,called_strike,L,L,MIA,NYM,87.70,,,3,1,2023,2023-03
2023-03-30,2023,R,656945,553882,SL,Slider,,ball,L,L,MIA,NYM,87.80,,,2,1,2023,2023-03
2023-03-30,2023,R,656945,553882,SL,Slider,,foul,L,L,MIA,NYM,88.20,72.50,-20,2,0,2023,2023-03
2023-03-30,2023,R,656945,553882,SL,Slider,,ball,L,L,MIA,NYM,85.40,,,1,0,2023,2023-03
2023-03-30,2023,R,656945,553882,SL,Slider,,ball,L,L,MIA,NYM,88.60,,,0,0,2023,2023-03
2023-03-30,2023,R,656945,607043,SL,Slider,double,hit_into_play,L,L,MIA,NYM,88.40,105.60,13,1,1,2023,2023-03
2023-03-30,2023,R,656945,607043,FF,4-Seam Fastball,,ball,L,L,MIA,NYM,94.60,,,0,1,2023,2023-03
2023-03-30,2023,R,656945,607043,SL,Slider,,swinging_strike,L,L,MIA,NYM,89.00,,,0,0,2023,2023-03
2023-03-30,2023,R,657024,669242,FF,4-Seam Fastball,field_out,hit_into_play,L,R,STL,TOR,94.40,95.80,-10,2,2,2023,2023-03
2023-03-30,2023,R,657024,669242,SL,Slider,,called_strike,L,R,STL,TOR,87.10,,,2,1,2023,2023-03
2023-03-30,2023,R,657024,669242,FS,Split-Finger,,ball,L,R,STL,TOR,84.40,,,1,1,2023,2023-03
2023-03-30,2023,R,657024,669242,FS,Split-Finger,,foul,L,R,STL,TOR,82.50,82.40,53,1,0,2023,2023-03
2023-03-30,2023,R,657024,669242,FF,4-Seam Fastball,,ball,L,R,STL,TOR,93.50,,,0,0,2023,2023-03
2023-03-30,2023,R,657024,669357,FS,Split-Finger,strikeout,swinging_strike,L,R,STL,TOR,85.80,,,2,2,2023,2023-03
2023-03-30,2023,R,657024,669357,FS,Split-Finger,,called_strike,L,R,STL,TOR,84.60,,,2,1,2023,2023-03
2023-03-30,2023,R,657024,669357,FS,Split-Finger,,ball,L,R,STL,TOR,85.70,,,1,1,2023,2023-03
2023-03-30,2023,R,657024,669357,FF,4-Seam Fastball,,ball,L,R,STL,TOR,95.20,,,0,1,2023,2023-03
2023-03-30,2023,R,657024,669357,FF,4-Seam Fastball,,called_strike,L,R,STL,TOR,95.30,,,0,0,2023,2023-03
2023-03-30,2023,R,657024,691023,SL,Slider,strikeout,called_strike,R,R,STL,TOR,87.00,,,3,2,2023,2023-03
2023-03-30,2023,R,657024,691023,FS,Split-Finger,,ball,R,R,STL,TOR,85.30,,,2,2,2023,2023-03
2023-03-30,2023,R,657024,691023,FS,Split-Finger,,ball,R,R,STL,TOR,85.10,,,1,2,2023,2023-03
2023-03-30,2023,R,657024,691023,FF,4-Seam Fastball,,foul,R,R,STL,TOR,96.30,,,1,2,2023,2023-03
2023-03-30,2023,R,657024,691023,FS,Split-Finger,,swinging_strike,R,R,STL,TOR,84.70,,,1,1,2023,2023-03
2023-03-30,2023,R,657024,691023,SL,Slider,,called_strike,R,R,STL,TOR,88.50,,,1,0,2023,2023-03
2023-03-30,2023,R,657024,691023,SL,Slider,,ball,R,R,STL,TOR,86.60,,,0,0,2023,2023-03
2023-03-30,2023,R,657265,543228,FF,4-Seam Fastball,field_out,hit_into_play,R,R,CHC,MIL,90.10,93.00,-15,2,2,2023,2023-03
2023-03-30,2023,R,657265,543228,ST,Sweeper,,ball,R,R,CHC,MIL,79.00,,,1,2,2023,2023-03
2023-03-30,2023,R,657265,543228,FF,4-Seam Fastball,,ball,R,R,CHC,MIL,90.20,,,0,2,2023,2023-03
2023-03-30,2023,R,657265,543228,SI,Sinker,,called_strike,R,R,CHC,MIL,87.60,,,0,1,2023,2023-03
2023-03-30,2023,R,657265,543228,ST,Sweeper,,called_strike,R,R,CHC,MIL,76.40,,,0,0,2023,2023-03
2023-03-30,2023,R,657265,543333,SI,Sinker,field_out,hit_into_play,L,R,CHC,MIL,89.60,87.00,-10,0,0,2023,2023-03
2023-03-30,2023,R,657265,621550,ST,Sweeper,field_out,hit_into_play,R,R,CHC,MIL,79.90,94.90,0,1,2,2023,2023-03
2023-03-30,2023,R,657265,621550,FF,4-Seam Fastball,,called_strike,R,R,CHC,MIL,91.60,,,1,1,2023,2023-03
2023-03-30,2023,R,657265,621550,ST,Sweeper,,called_strike,R,R,CHC,MIL,78.50,,,1,0,2023,2023-03
2023-03-30,2023,R,657265,621550,ST,Sweeper,,ball,R,R,CHC,MIL,79.70,,,0,0,2023,2023-03
2023-03-30,2023,R,657277,518626,SI,Sinker,strikeout,called_strike,R,R,NYY,SF,90.60,,,1,2,2023,2023-03
2023-03-30,2023,R,657277,518626,CH,Changeup,,swinging_strike,R,R,NYY,SF,87.00,,,1,1,2023,2023-03
2023-03-30,2023,R,657277,518626,SI,Sinker,,called_strike,R,R,NYY,SF,92.00,,,1,0,2023,2023-03
2023-03-30,2023,R,657277,518626,FF,4-Seam Fastball,,ball,R,R,NYY,SF,91.80,,,0,0,2023,2023-03
2023-03-30,2023,R,657277,518626,ST,Sweeper,single,hit_into_play,R,R,NYY,SF,84.70,96.10,-3,1,1,2023,2023-03
2023-03-30,2023,R,657277,518626,SI,Sinker,,called_strike,R,R,NYY,SF,92.10,,,1,0,2023,2023-03
2023-03-30,2023,R,657277,518626,SI,Sinker,,ball,R,R,NYY,SF,92.10,,,0,0,2023,2023-03
2023-03-30,2023,R,657277,518626,SI,Sinker,strikeout,called_strike,R,R,NYY,SF,93.00,,,0,2,2023,2023-03
2023-03-30,2023,R,657277,518626,FF,4-Seam Fastball,,foul,R,R,NYY,SF,93.00,90.70,35,0,1,2023,2023-03
2023-03-30,2023,R,657277,518626,FF,4-Seam Fastball,,called_strike,R,R,NYY,SF,93.30,,,0,0,2023,2023-03
2023-03-30,2023,R,657277,518934,CH,Changeup,strikeout,swinging_strike,R,R,NYY,SF,87.20,,,0,2,2023,2023-03
2023-03-30,2023,R,657277,518934,SI,Sinker,,called_strike,R,R,NYY,SF,91.40,,,0,1,2023,2023-03
2023-03-30,2023,R,657277,518934,ST,Sweeper,,foul,R,R,NYY,SF,82.50,79.60,76,0,0,2023,2023-03
2023-03-30,2023,R,657277,518934,FF,4-Seam Fastball,strikeout,called_strike,R,R,NYY,SF,93.20,,,0,2,2023,2023-03
2023-03-30,2023,R,657277,518934,CH,Changeup,,foul,R,R,NYY,SF,87.40,,,0,2,2023,2023-03
2023-03-30,2023,R,657277,518934,FF,4-Seam Fastball,,foul,R,R,NYY,SF,93.00,72.60,48,0,1,2023,2023-03
2023-03-30,2023,R,657277,518934,CH,Changeup,,swinging_strike,R,R,NYY,SF,86.70,,,0,0,2023,2023-03
2023-03-30,2023,R,657277,518934,ST,Sweeper,strikeout,swinging_strike,R,R,NYY,SF,85.90,,,1,2,2023,2023-03
2023-03-30,2023,R,657277,518934,SI,Sinker,,foul,R,R,NYY,SF,93.20,96.70,12,1,1,2023,2023-03
2023-03-30,2023,R,657277,518934,SI,Sinker,,ball,R,R,NYY,SF,93.10,,,0,1,2023,2023-03
2023-03-30,2023,R,657277,518934,SI,Sinker,,called_strike,R,R,NYY,SF,91.90,,,0,0,2023,2023-03
2023-03-30,2023,R,657277,519203,CH,Changeup,field_out,hit_into_play,L,R,NYY,SF,86.40,85.40,-14,1,1,2023,2023-03
2023-03-30,2023,R,657277,519203,ST,Sweeper,,ball,L,R,NYY,SF,83.00,,,0,1,2023,2023-03
2023-03-30,2023,R,657277,519203,ST,Sweeper,,foul,L,R,NYY,SF,82.80,90.70,-27,0,0,2023,2023-03
2023-03-30,2023,R,657277,519203,SI,Sinker,field_out,hit_into_play,L,R,NYY,SF,91.50,68.80,76,3,2,2023,2023-03
2023-03-30,2023,R,657277,519203,SI,Sinker,,ball,L,R,NYY,SF,91.80,,,2,2,2023,2023-03
2023-03-30,2023,R,657277,519203,SI,Sinker,,foul,L,R,NYY,SF,90.30,73.60,-35,2,1,2023,2023-03
2023-03-30,2023,R,657277,519203,ST,Sweeper,,ball,L,R,NYY,SF,84.60,,,1,1,2023,2023-03
2023-03-30,2023,R,657277,519203,CH,Changeup,,foul,L,R,NYY,SF,86.00,68.50,-29,1,0,2023,2023-03
2023-03-30,2023,R,657277,519203,SI,Sinker,,ball,L,R,NYY,SF,92.60,,,0,0,2023,2023-03
2023-03-30,2023,R,657277,519203,CH,Changeup,single,hit_into_play,L,R,NYY,SF,87.70,100.30,10,2,2,2023,2023-03
2023-03-30,2023,R,657277,519203,ST,Sweeper,,ball,L,R,NYY,SF,86.60,,,1,2,2023,2023-03
2023-03-30,2023,R,657277,519203,SI,Sinker,,ball,L,R,NYY,SF,93.70,,,0,2,2023,2023-03
2023-03-30,2023,R,657277,519203,SI,Sinker,,called_strike,L,R,NYY,SF,93.20,,,0,1,2023,2023-03
2023-03-30,2023,R,657277,519203,CH,Changeup,,called_strike,L,R,NYY,SF,87.50,,,0,0,2023,2023-03
2023-03-30,2023,R,657277,519317,ST,Sweeper,field_out,hit_into_play,R,R,NYY,SF,85.10,74.50,61,0,2,2023,2023-03
2023-03-30,2023,R,657277,519317,SI,Sinker,,called_strike,R,R,NYY,SF,92.80,,,0,1,2023,2023-03
2023-03-30,2023,R,657277,519317,CH,Changeup,,swinging_strike,R,R,NYY,SF,85.80,,,0,0,2023,2023-03
2023-03-30,2023,R,657277,519317,ST,Sweeper,field_out,hit_into_play,R,R,NYY,SF,83.50,80.90,-31,0,1,2023,2023-03
2023-03-30,2023,R,657277,519317,CH,Changeup,,called_strike,R,R,NYY,SF,85.70,,,0,0,2023,2023-03
2023-03-30,2023,R,657277,519317,SI,Sinker,strikeout,called_strike,R,R,NYY,SF,91.30,,,1,2,2023,2023-03
2023-03-30,2023,R,657277,519317,CH,Changeup,,foul,R,R,NYY,SF,87.40,,,1,2,2023,2023-03
2023-03-30,2023,R,657277,519317,SI,Sinker,,foul,R,R,NYY,SF,93.30,105.20,-7,1,2,2023,2023-03
2023-03-30,2023,R,657277,519317,CH,Changeup,,swinging_strike,R,R,NYY,SF,87.10,,,1,1,2023,2023-03
2023-03-30,2023,R,657277,519317,CH,Changeup,,ball,R,R,NYY,SF,88.80,,,0,1,2023,2023-03
2023-03-30,2023,R,657277,519317,SI,Sinker,,called_strike,R,R,NYY,SF,93.50,,,0,0,2023,2023-03
2023-03-30,2023,R,657277,592450,CH,Changeup,strikeout,swinging_strike,R,R,NYY,SF,86.70,,,2,2,2023,2023-03
2023-03-30,2023,R,657277,592450,SI,Sinker,,ball,R,R,NYY,SF,91.30,,,1,2,2023,2023-03
2023-03-30,2023,R,657277,592450,CH,Changeup,,swinging_strike,R,R,NYY,SF,86.10,,,1,1,2023,2023-03
2023-03-30,2023,R,657277,592450,CH,Changeup,,swinging_strike,R,R,NYY,SF,86.10,,,1,0,2023,2023-03
2023-03-30,2023,R,657277,592450,ST,Sweeper,,ball,R,R,NYY,SF,83.50,,,0,0,2023,2023-03
2023-03-30,2023,R,657277,592450,ST,Sweeper,strikeout,swinging_strike,R,R,NYY,SF,84.70,,,1,2,2023,2023-03
2023-03-30,2023,R,657277,592450,CH,Changeup,,ball,R,R,NYY,SF,88.00,,,0,2,2023,2023-03
2023-03-30,2023,R,657277,592450,CH,Changeup,,swinging_strike,R,R,NYY,SF,87.90,,,0,1,2023,2023-03
2023-03-30,2023,R,657277,592450,SI,Sinker,,called_strike,R,R,NYY,SF,91.30,,,0,0,2023,2023-03
2023-03-30,2023,R,657277,592450,SI,Sinker,home_run,hit_into_play,R,R,NYY,SF,92.80,109.30,28,0,1,2023,2023-03
2023-03-30,2023,R,657277,592450,SI,Sinker,,called_strike,R,R,NYY,SF,93.60,,,0,0,2023,2023-03
2023-03-30,2023,R,657277,624431,ST,Sweeper,strikeout,swinging_strike,R,R,NYY,SF,84.00,,,1,2,2023,2023-03
2023-03-30,2023,R,657277,624431,CH,Changeup,,foul,R,R,NYY,SF,85.00,82.10,0,1,1,2023,2023-03
2023-03-30,2023,R,657277,624431,SI,Sinker,,ball,R,R,NYY,SF,90.70,,,0,1,2023,2023-03
2023-03-30,2023,R,657277,624431,ST,Sweeper,,called_strike,R,R,NYY,SF,80.90,,,0,0,2023,2023-03
2023-03-30,2023,R,657277,624431,SI,Sinker,strikeout,called_strike,R,R,NYY,SF,90.60,,,1,2,2023,2023-03
2023-03-30,2023,R,657277,624431,ST,Sweeper,,called_strike,R,R,NYY,SF,85.60,,,1,1,2023,2023-03
2023-03-30,2023,R,657277,624431,CH,Changeup,,called_strike,R,R,NYY,SF,85.60,,,1,0,2023,2023-03
2023-03-30,2023,R,657277,624431,SI,Sinker,,ball,R,R,NYY,SF,92.90,,,0,0,2023,2023-03
2023-03-30,2023,R,657277,650402,SI,Sinker,walk,ball,R,R,NYY,SF,92.10,,,3,2,2023,2023-03
2023-03-30,2023,R,657277,650402,CH,Changeup,,foul,R,R,NYY,SF,86.90,74.50,5,3,2,2023,2023-03
2023-03-30,2023,R,657277,650402,CH,Changeup,,ball,R,R,NYY,SF,86.90,,,2,2,2023,2023-03
2023-03-30,2023,R,657277,650402,CH,Changeup,,swinging_strike,R,R,NYY,SF,86.00,,,2,1,2023,2023-03
2023-03-30,2023,R,657277,650402,ST,Sweeper,,ball,R,R,NYY,SF,85.30,,,1,1,2023,2023-03
2023-03-30,2023,R,657277,650402,ST,Sweeper,,ball,R,R,NYY,SF,84.40,,,0,1,2023,2023-03
2023-03-30,2023,R,657277,650402,CH,Changeup,,foul,R,R,NYY,SF,85.60,65.80,52,0,0,2023,2023-03
2023-03-30,2023,R,657277,650402,SI,Sinker,home_run,hit_into_play,R,R,NYY,SF,92.50,102.90,30,0,0,2023,2023-03
2023-03-30,2023,R,657277,650402,SI,Sinker,field_out,hit_into_play,R,R,NYY,SF,91.90,85.70,-2,0,0,2023,2023-03
2023-03-30,2023,R,657277,665828,ST,Sweeper,strikeout,swinging_strike,L,R,NYY,SF,84.20,,,1,2,2023,2023-03
2023-03-30,2023,R,657277,665828,FF,4-Seam Fastball,,foul,L,R,NYY,SF,91.90,68.00,48,1,1,2023,2023-03
2023-03-30,2023,R,657277,665828,CH,Changeup,,foul,L,R,NYY,SF,85.40,95.40,-7,1,0,2023,2023-03
2023-03-30,2023,R,657277,665828,CH,Changeup,,ball,L,R,NYY,SF,86.30,,,0,0,2023,2023-03
2023-03-30,2023,R,657277,665828,CH,Changeup,strikeout,swinging_strike,L,R,NYY,SF,86.00,,,3,2,2023,2023-03
2023-03-30,2023,R,657277,665828,SI,Sinker,,ball,L,R,NYY,SF,90.90,,,2,2,2023,2023-03
2023-03-30,2023,R,657277,665828,FF,4-Seam Fastball,,ball,L,R,NYY,SF,91.60,,,1,2,2023,2023-03
2023-03-30,2023,R,657277,665828,CH,Changeup,,called_strike,L,R,NYY,SF,85.40,,,1,1,2023,2023-03
2023-03-30,2023,R,657277,665828,CH,Changeup,,ball,L,R,NYY,SF,86.30,,,0,1,2023,2023-03
2023-03-30,2023,R,657277,665828,SI,Sinker,,called_strike,L,R,NYY,SF,90.90,,,0,0,2023,2023-03
2023-03-30,2023,R,657277,683011,CH,Changeup,field_out,hit_into_play,R,R,NYY,SF,85.90,70.30,-11,0,1,2023,2023-03
2023-03-30,2023,R,657277,683011,CH,Changeup,,foul,R,R,NYY,SF,84.40,51.20,-78,0,0,2023,2023-03
2023-03-30,2023,R,657277,683011,SI,Sinker,walk,ball,R,R,NYY,SF,92.20,,,3,2,2023,2023-03
2023-03-30,2023,R,657277,683011,SI,Sinker,,ball,R,R,NYY,SF,92.00,,,2,2,2023,2023-03
2023-03-30,2023,R,657277,683011,SI,Sinker,,called_strike,R,R,NYY,SF,91.70,,,2,1,2023,2023-03
2023-03-30,2023,R,657277,683011,CH,Changeup,,ball,R,R,NYY,SF,86.50,,,1,1,2023,2023-03
2023-03-30,2023,R,657277,683011,SI,Sinker,,ball,R,R,NYY,SF,91.70,,,0,1,2023,2023-03
2023-03-30,2023,R,657277,683011,ST,Sweeper,,foul,R,R,NYY,SF,83.80,91.40,-27,0,0,2023,2023-03
2023-03-30,2023,R,659275,543592,FF,4-Seam Fastball,single,hit_into_play,R,R,SD,COL,94.60,102.30,4,1,0,2023,2023-03
2023-03-30,2023,R,659275,543592,FF,4-Seam Fastball,,ball,R,R,SD,COL,94.50,,,0,0,2023,2023-03
2023-03-30,2023,R,659275,621311,SL,Slider,strikeout,called_strike,L,R,SD,COL,87.50,,,2,2,2023,2023-03
2023-03-30,2023,R,659275,621311,SL,Slider,,foul,L,R,SD,COL,86.60,75.60,12,2,2,2023,2023-03
2023-03-30,2023,R,659275,621311,SL,Slider,,swinging_strike_blocked,L,R,SD,COL,87.40,,,2,1,2023,2023-03
2023-03-30,2023,R,659275,621311,FF,4-Seam Fastball,,ball,L,R,SD,COL,95.80,,,1,1,2023,2023-03
2023-03-30,2023,R,659275,621311,FF,4-Seam Fastball,,called_strike,L,R,SD,COL,95.50,,,1,0,2023,2023-03
2023-03-30,2023,R,659275,621311,FF,4-Seam Fastball,,ball,L,R,SD,COL,96.40,,,0,0,2023,2023-03
2023-03-30,2023,R,659275,663757,SL,Slider,strikeout,swinging_strike,L,R,SD,COL,86.20,,,2,2,2023,2023-03
2023-03-30,2023,R,659275,663757,SL,Slider,,foul,L,R,SD,COL,86.50,76.70,-15,2,2,2023,2023-03
2023-03-30,2023,R,659275,663757,FF,4-Seam Fastball,,called_strike,L,R,SD,COL,95.60,,,2,1,2023,2023-03
2023-03-30,2023,R,659275,663757,SL,Slider,,ball,L,R,SD,COL,86.40,,,1,1,2023,2023-03
2023-03-30,2023,R,659275,663757,FF,4-Seam Fastball,,ball,L,R,SD,COL,95.50,,,0,1,2023,2023-03
2023-03-30,2023,R,659275,663757,SL,Slider,,foul,L,R,SD,COL,86.90,52.40,8,0,0,2023,2023-03
2023-03-30,2023,R,659275,665742,SL,Slider,field_out,hit_into_play,L,R,SD,COL,85.50,85.50,7,0,0,2023,2023-03
2023-03-30,2023,R,659275,673490,SL,Slider,single,hit_into_play,R,R,SD,COL,87.20,87.90,13,1,2,2023,2023-03
2023-03-30,2023,R,659275,673490,SL,Slider,,foul,R,R,SD,COL,86.40,71.20,56,1,2,2023,2023-03
2023-03-30,2023,R,659275,673490,FF,4-Seam Fastball,,called_strike,R,R,SD,COL,95.30,,,1,1,2023,2023-03
2023-03-30,2023,R,659275,673490,SL,Slider,,called_strike,R,R,SD,COL,85.30,,,1,0,2023,2023-03
2023-03-30,2023,R,659275,673490,SL,Slider,,blocked_ball,R,R,SD,COL,87.30,,,0,0,2023,2023-03
2023-03-30,2023,R,660271,542583,ST,Sweeper,strikeout,swinging_strike,R,R,ATH,LAA,83.20,,,1,2,2023,2023-03
2023-03-30,2023,R,660271,542583,FS,Split-Finger,,foul,R,R,ATH,LAA,88.80,92.40,40,1,2,2023,2023-03
2023-03-30,2023,R,660271,542583,FF,4-Seam Fastball,,foul,R,R,ATH,LAA,98.60,74.10,27,1,2,2023,2023-03
2023-03-30,2023,R,660271,542583,FS,Split-Finger,,blocked_ball,R,R,ATH,LAA,89.80,,,0,2,2023,2023-03
2023-03-30,2023,R,660271,542583,FS,Split-Finger,,called_strike,R,R,ATH,LAA,88.30,,,0,1,2023,2023-03
2023-03-30,2023,R,660271,542583,ST,Sweeper,,called_strike,R,R,ATH,LAA,81.70,,,0,0,2023,2023-03
2023-03-30,2023,R,660271,542583,SI,Sinker,strikeout,swinging_strike,R,R,ATH,LAA,92.50,,,1,2,2023,2023-03
2023-03-30,2023,R,660271,542583,FF,4-Seam Fastball,,foul,R,R,ATH,LAA,99.80,79.60,25,1,1,2023,2023-03
2023-03-30,2023,R,660271,542583,FF,4-Seam Fastball,,foul,R,R,ATH,LAA,99.40,38.90,-2,1,0,2023,2023-03
2023-03-30,2023,R,660271,542583,FF,4-Seam Fastball,,ball,R,R,ATH,LAA,99.50,,,0,0,2023,2023-03
2023-03-30,2023,R,660271,542583,ST,Sweeper,field_out,hit_into_play,R,R,ATH,LAA,85.30,92.10,48,3,1,2023,2023-03
2023-03-30,2023,R,660271,542583,FF,4-Seam Fastball,,ball,R,R,ATH,LAA,97.50,,,2,1,2023,2023-03
2023-03-30,2023,R,660271,542583,ST,Sweeper,,foul,R,R,ATH,LAA,82.90,97.60,15,2,0,2023,2023-03
2023-03-30,2023,R,660271,542583,ST,Sweeper,,ball,R,R,ATH,LAA,84.00,,,1,0,2023,2023-03
2023-03-30,2023,R,660271,542583,FF,4-Seam Fastball,,ball,R,R,ATH,LAA,96.60,,,0,0,2023,2023-03
2023-03-30,2023,R,660271,607054,FF,4-Seam Fastball,field_out,hit_into_play,L,R,ATH,LAA,95.40,102.10,20,2,0,2023,2023-03
2023-03-30,2023,R,660271,607054,ST,Sweeper,,ball,L,R,ATH,LAA,81.90,,,1,0,2023,2023-03
2023-03-30,2023,R,660271,607054,ST,Sweeper,,ball,L,R,ATH,LAA,82.80,,,0,0,2023,2023-03
2023-03-30,2023,R,660271,607054,FS,Split-Finger,strikeout,swinging_strike,L,R,ATH,LAA,90.30,,,1,2,2023,2023-03
2023-03-30,2023,R,660271,607054,FF,4-Seam Fastball,,called_strike,L,R,ATH,LAA,97.70,,,1,1,2023,2023-03
2023-03-30,2023,R,660271,607054,ST,Sweeper,,called_strike,L,R,ATH,LAA,84.50,,,1,0,2023,2023-03
2023-03-30,2023,R,660271,607054,CU,Curveball,,ball,L,R,ATH,LAA,76.90,,,0,0,2023,2023-03
2023-03-30,2023,R,660271,643393,FS,Split-Finger,strikeout,swinging_strike_blocked,L,R,ATH,LAA,89.40,,,0,2,2023,2023-03
2023-03-30,2023,R,660271,643393,ST,Sweeper,,foul,L,R,ATH,LAA,82.70,80.10,-23,0,1,2023,2023-03
2023-03-30,2023,R,660271,643393,ST,Sweeper,,called_strike,L,R,ATH,LAA,84.50,,,0,0,2023,2023-03
2023-03-30,2023,R,660271,643393,ST,Sweeper,field_out,hit_into_play,L,R,ATH,LAA,84.60,69.40,70,0,0,2023,2023-03
2023-03-30,2023,R,660271,643393,FF,4-Seam Fastball,walk,ball,L,R,ATH,LAA,95.90,,,3,0,2023,2023-03
2023-03-30,2023,R,660271,643393,FF,4-Seam Fastball,,ball,L,R,ATH,LAA,96.40,,,2,0,2023,2023-03
2023-03-30,2023,R,660271,643393,ST,Sweeper,,ball,L,R,ATH,LAA,82.80,,,1,0,2023,2023-03
2023-03-30,2023,R,660271,643393,ST,Sweeper,,ball,L,R,ATH,LAA,81.80,,,0,0,2023,2023-03
2023-03-30,2023,R,660271,649557,FF,4-Seam Fastball,walk,ball,R,R,ATH,LAA,94.10,,,3,1,2023,2023-03
2023-03-30,2023,R,660271,649557,FF,4-Seam Fastball,,called_strike,R,R,ATH,LAA,93.10,,,3,0,2023,2023-03
2023-03-30,2023,R,660271,649557,FF,4-Seam Fastball,,ball,R,R,ATH,LAA,95.00,,,2,0,2023,2023-03
2023-03-30,2023,R,660271,649557,FF,4-Seam Fastball,,ball,R,R,ATH,LAA,96.50,,,1,0,2023,2023-03
2023-03-30,2023,R,660271,649557,FF,4-Seam Fastball,,ball,R,R,ATH,LAA,96.20,,,0,0,2023,2023-03
2023-03-30,2023,R,660271,649557,ST,Sweeper,single,hit_into_play,R,R,ATH,LAA,85.00,90.70,18,1,0,2023,2023-03
2023-03-30,2023,R,660271,649557,ST,Sweeper,,ball,R,R,ATH,LAA,84.90,,,0,0,2023,2023-03
2023-03-30,2023,R,660271,649557,FF,4-Seam Fastball,strikeout,called_strike,R,R,ATH,LAA,97.10,,,2,2,2023,2023-03
2023-03-30,2023,R,660271,649557,ST,Sweeper,,ball,R,R,ATH,LAA,85.20,,,1,2,2023,2023-03
2023-03-30,2023,R,660271,649557,ST,Sweeper,,foul,R,R,ATH,LAA,85.30,74.00,55,1,1,2023,2023-03
2023-03-30,2023,R,660271,649557,ST,Sweeper,,swinging_strike,R,R,ATH,LAA,83.30,,,1,0,2023,2023-03
2023-03-30,2023,R,660271,649557,ST,Sweeper,,ball,R,R,ATH,LAA,83.50,,,0,0,2023,2023-03
2023-03-30,2023,R,660271,657656,FF,4-Seam Fastball,strikeout,swinging_strike,R,R,ATH,LAA,100.70,,,2,2,2023,2023-03
2023-03-30,2023,R,660271,657656,FF,4-Seam Fastball,,swinging_strike,R,R,ATH,LAA,99.30,,,2,1,2023,2023-03
2023-03-30,2023,R,660271,657656,FF,4-Seam Fastball,,foul_tip,R,R,ATH,LAA,98.80,,,2,0,2023,2023-03
2023-03-30,2023,R,660271,657656,ST,Sweeper,,ball,R,R,ATH,LAA,87.40,,,1,0,2023,2023-03
2023-03-30,2023,R,660271,657656,FF,4-Seam Fastball,,ball,R,R,ATH,LAA,99.40,,,0,0,2023,2023-03
2023-03-30,2023,R,660271,657656,ST,Sweeper,strikeout,swinging_strike,R,R,ATH,LAA,85.20,,,3,2,2023,2023-03
2023-03-30,2023,R,660271,657656,FS,Split-Finger,,ball,R,R,ATH,LAA,89.30,,,2,2,2023,2023-03
2023-03-30,2023,R,660271,657656,ST,Sweeper,,foul,R,R,ATH,LAA,86.70,78.60,82,2,1,2023,2023-03
2023-03-30,2023,R,660271,657656,FF,4-Seam Fastball,,ball,R,R,ATH,LAA,97.70,,,1,1,2023,2023-03
2023-03-30,2023,R,660271,657656,FF,4-Seam Fastball,,ball,R,R,ATH,LAA,98.50,,,0,1,2023,2023-03
2023-03-30,2023,R,660271,657656,ST,Sweeper,,called_strike,R,R,ATH,LAA,83.90,,,0,0,2023,2023-03
2023-03-30,2023,R,660271,664913,ST,Sweeper,field_out,hit_into_play,L,R,ATH,LAA,83.70,80.70,76,1,0,2023,2023-03
2023-03-30,2023,R,660271,664913,FF,4-Seam Fastball,,ball,L,R,ATH,LAA,98.30,,,0,0,2023,2023-03
2023-03-30,2023,R,660271,664913,FS,Split-Finger,double,hit_into_play,L,R,ATH,LAA,89.30,99.90,19,1,2,2023,2023-03
2023-03-30,2023,R,660271,664913,FF,4-Seam Fastball,,ball,L,R,ATH,LAA,99.80,,,0,2,2023,2023-03
2023-03-30,2023,R,660271,664913,FF,4-Seam Fastball,,foul,L,R,ATH,LAA,99.40,72.70,28,0,1,2023,2023-03
2023-03-30,2023,R,660271,664913,FF,4-Seam Fastball,,called_strike,L,R,ATH,LAA,98.30,,,0,0,2023,2023-03
2023-03-30,2023,R,660271,664913,ST,Sweeper,field_out,hit_into_play,L,R,ATH,LAA,83.20,88.20,45,1,0,2023,2023-03
2023-03-30,2023,R,660271,664913,ST,Sweeper,,ball,L,R,ATH,LAA,84.40,,,0,0,2023,2023-03
2023-03-30,2023,R,660271,665923,ST,Sweeper,field_out,hit_into_play,R,R,ATH,LAA,82.80,91.80,39,2,2,2023,2023-03
2023-03-30,2023,R,660271,665923,ST,Sweeper,,ball,R,R,ATH,LAA,82.60,,,1,2,2023,2023-03
2023-03-30,2023,R,660271,665923,ST,Sweeper,,swinging_strike,R,R,ATH,LAA,81.90,,,1,1,2023,2023-03
2023-03-30,2023,R,660271,665923,ST,Sweeper,,called_strike,R,R,ATH,LAA,81.90,,,1,0,2023,2023-03
2023-03-30,2023,R,660271,665923,ST,Sweeper,,ball,R,R,ATH,LAA,82.50,,,0,0,2023,2023-03
2023-03-30,2023,R,660271,665923,FS,Split-Finger,strikeout,swinging_strike,R,R,ATH,LAA,89.00,,,0,2,2023,2023-03
2023-03-30,2023,R,660271,665923,ST,Sweeper,,called_strike,R,R,ATH,LAA,84.30,,,0,1,2023,2023-03
2023-03-30,2023,R,660271,665923,ST,Sweeper,,called_strike,R,R,ATH,LAA,83.70,,,0,0,2023,2023-03
2023-03-30,2023,R,660271,668843,FS,Split-Finger,strikeout,swinging_strike,L,R,ATH,LAA,89.10,,,1,2,2023,2023-03
2023-03-30,2023,R,660271,668843,ST,Sweeper,,foul,L,R,ATH,LAA,84.40,32.80,-57,1,1,2023,2023-03
2023-03-30,2023,R,660271,668843,FS,Split-Finger,,ball,L,R,ATH,LAA,85.20,,,0,1,2023,2023-03
2023-03-30,2023,R,660271,668843,ST,Sweeper,,called_strike,L,R,ATH,LAA,82.50,,,0,0,2023,2023-03
2023-03-30,2023,R,660271,668843,FF,4-Seam Fastball,strikeout,called_strike,L,R,ATH,LAA,99.20,,,2,2,2023,2023-03
2023-03-30,2023,R,660271,668843,ST,Sweeper,,foul,L,R,ATH,LAA,86.80,100.80,34,2,2,2023,2023-03
2023-03-30,2023,R,660271,668843,FS,Split-Finger,,ball,L,R,ATH,LAA,89.90,,,1,2,2023,2023-03
2023-03-30,2023,R,660271,668843,FS,Split-Finger,,ball,L,R,ATH,LAA,90.80,,,0,2,2023,2023-03
2023-03-30,2023,R,660271,668843,ST,Sweeper,,swinging_strike,L,R,ATH,LAA,85.80,,,0,1,2023,2023-03
2023-03-30,2023,R,660271,668843,ST,Sweeper,,called_strike,L,R,ATH,LAA,84.60,,,0,0,2023,2023-03
2023-03-30,2023,R,660271,668843,ST,Sweeper,force_out,hit_into_play,L,R,ATH,LAA,84.40,94.20,0,2,1,2023,2023-03
2023-03-30,2023,R,660271,668843,FF,4-Seam Fastball,,ball,L,R,ATH,LAA,98.00,,,1,1,2023,2023-03
2023-03-30,2023,R,660271,668843,ST,Sweeper,,ball,L,R,ATH,LAA,85.30,,,0,1,2023,2023-03
2023-03-30,2023,R,660271,668843,ST,Sweeper,,called_strike,L,R,ATH,LAA,84.30,,,0,0,2023,2023-03
2023-03-30,2023,R,660271,669127,FF,4-Seam Fastball,walk,ball,R,R,ATH,LAA,99.40,,,3,2,2023,2023-03
2023-03-30,2023,R,660271,669127,CU,Curveball,,foul,R,R,ATH,LAA,79.00,85.10,19,3,2,2023,2023-03
2023-03-30,2023,R,660271,669127,ST,Sweeper,,foul,R,R,ATH,LAA,85.30,67.40,25,3,2,2023,2023-03
2023-03-30,2023,R,660271,669127,FF,4-Seam Fastball,,ball,R,R,ATH,LAA,99.50,,,2,2,2023,2023-03
2023-03-30,2023,R,660271,669127,FS,Split-Finger,,ball,R,R,ATH,LAA,89.20,,,1,2,2023,2023-03
2023-03-30,2023,R,660271,669127,ST,Sweeper,,foul,R,R,ATH,LAA,85.70,88.20,55,1,1,2023,2023-03
2023-03-30,2023,R,660271,669127,FF,4-Seam Fastball,,ball,R,R,ATH,LAA,97.80,,,0,1,2023,2023-03
2023-03-30,2023,R,660271,669127,FF,4-Seam Fastball,,called_strike,R,R,ATH,LAA,97.70,,,0,0,2023,2023-03
2023-03-30,2023,R,660271,669127,ST,Sweeper,field_out,hit_into_play,R,R,ATH,LAA,84.40,80.50,36,0,1,2023,2023-03
2023-03-30,2023,R,660271,669127,ST,Sweeper,,called_strike,R,R,ATH,LAA,83.40,,,0,0,2023,2023-03
2023-03-30,2023,R,660853,606192,SL,Slider,strikeout,swinging_strike_blocked,R,R,SEA,CLE,82.90,,,1,2,2023,2023-03
2023-03-30,2023,R,660853,606192,FF,4-Seam Fastball,,foul,R,R,SEA,CLE,93.40,91.60,46,1,1,2023,2023-03
2023-03-30,2023,R,660853,606192,FF,4-Seam Fastball,,ball,R,R,SEA,CLE,93.40,,,0,1,2023,2023-03
2023-03-30,2023,R,660853,606192,FF,4-Seam Fastball,,called_strike,R,R,SEA,CLE,93.20,,,0,0,2023,2023-03
2023-03-30,2023,R,660853,663728,FF,4-Seam Fastball,field_out,hit_into_play,L,R,SEA,CLE,92.80,83.70,54,0,1,2023,2023-03
2023-03-30,2023,R,660853,663728,FF,4-Seam Fastball,,foul,L,R,SEA,CLE,93.20,86.50,61,0,0,2023,2023-03
2023-03-30,2023,R,661395,521692,KC,Knuckle Curve,field_out,hit_into_play,R,R,KC,MIN,87.10,90.20,31,1,2,2023,2023-03
2023-03-30,2023,R,661395,521692,FF,4-Seam Fastball,,foul,R,R,KC,MIN,101.70,79.70,35,1,1,2023,2023-03
2023-03-30,2023,R,661395,521692,KC,Knuckle Curve,,ball,R,R,KC,MIN,87.70,,,0,1,2023,2023-03
2023-03-30,2023,R,661395,521692,KC,Knuckle Curve,,called_strike,R,R,KC,MIN,88.80,,,0,0,2023,2023-03
2023-03-30,2023,R,661395,614177,FS,Split-Finger,field_out,hit_into_play,R,R,KC,MIN,99.30,95.10,-30,1,0,2023,2023-03
2023-03-30,2023,R,661395,614177,KC,Knuckle Curve,,blocked_ball,R,R,KC,MIN,88.30,,,0,0,2023,2023-03
2023-03-30,2023,R,661395,686469,FS,Split-Finger,walk,ball,L,R,KC,MIN,98.70,,,3,2,2023,2023-03
2023-03-30,2023,R,661395,686469,KC,Knuckle Curve,,ball,L,R,KC,MIN,89.70,,,2,2,2023,2023-03
2023-03-30,2023,R,661395,686469,FF,4-Seam Fastball,,foul,L,R,KC,MIN,100.90,80.40,58,2,2,2023,2023-03
2023-03-30,2023,R,661395,686469,FF,4-Seam Fastball,,foul,L,R,KC,MIN,102.50,73.50,33,2,1,2023,2023-03
2023-03-30,2023,R,661395,686469,FF,4-Seam Fastball,,swinging_strike,L,R,KC,MIN,102.20,,,2,0,2023,2023-03
2023-03-30,2023,R,661395,686469,KC,Knuckle Curve,,ball,L,R,KC,MIN,87.70,,,1,0,2023,2023-03
2023-03-30,2023,R,661395,686469,FF,4-Seam Fastball,,ball,L,R,KC,MIN,102.60,,,0,0,2023,2023-03
2023-03-30,2023,R,661395,686681,KC,Knuckle Curve,strikeout,swinging_strike_blocked,L,R,KC,MIN,87.50,,,1,2,2023,2023-03
2023-03-30,2023,R,661395,686681,FF,4-Seam Fastball,,ball,L,R,KC,MIN,101.40,,,0,2,2023,2023-03
2023-03-30,2023,R,661395,686681,KC,Knuckle Curve,,swinging_strike,L,R,KC,MIN,86.70,,,0,1,2023,2023-03
2023-03-30,2023,R,661395,686681,KC,Knuckle Curve,,swinging_strike,L,R,KC,MIN,89.10,,,0,0,2023,2023-03
2023-03-30,2023,R,662253,605137,SL,Slider,field_out,hit_into_play,L,R,SEA,CLE,88.30,97.60,1,2,2,2023,2023-03
2023-03-30,2023,R,662253,605137,SL,Slider,,foul,L,R,SEA,CLE,89.20,100.80,46,2,1,2023,2023-03
2023-03-30,2023,R,662253,605137,SI,Sinker,,ball,L,R,SEA,CLE,99.40,,,1,1,2023,2023-03
2023-03-30,2023,R,662253,605137,SL,Slider,,swinging_strike,L,R,SEA,CLE,88.50,,,1,0,2023,2023-03
2023-03-30,2023,R,662253,605137,SI,Sinker,,ball,L,R,SEA,CLE,99.20,,,0,0,2023,2023-03
2023-03-30,2023,R,662253,608070,SL,Slider,double,hit_into_play,L,R,SEA,CLE,89.40,80.80,24,0,0,2023,2023-03
2023-03-30,2023,R,662253,642708,SL,Slider,single,hit_into_play,R,R,SEA,CLE,88.80,98.80,-4,1,1,2023,2023-03
2023-03-30,2023,R,662253,642708,SI,Sinker,,called_strike,R,R,SEA,CLE,98.30,,,1,0,2023,2023-03
2023-03-30,2023,R,662253,642708,SI,Sinker,,ball,R,R,SEA,CLE,100.60,,,0,0,2023,2023-03
2023-03-30,2023,R,662253,664702,SL,Slider,field_out,hit_into_play,R,R,SEA,CLE,88.10,68.60,13,1,0,2023,2023-03
2023-03-30,2023,R,662253,664702,SL,Slider,,ball,R,R,SEA,CLE,87.40,,,0,0,2023,2023-03
2023-03-30,2023,R,662253,680757,SI,Sinker,field_out,hit_into_play,L,R,SEA,CLE,99.20,72.00,-34,1,2,2023,2023-03
2023-03-30,2023,R,662253,680757,SI,Sinker,,foul,L,R,SEA,CLE,98.80,,,1,1,2023,2023-03
2023-03-30,2023,R,662253,680757,SL,Slider,,called_strike,L,R,SEA,CLE,86.60,,,1,0,2023,2023-03
2023-03-30,2023,R,662253,680757,SL,Slider,,ball,L,R,SEA,CLE,88.30,,,0,0,2023,2023-03
2023-03-30,2023,R,663556,408234,FF,4-Seam Fastball,grounded_into_double_play,hit_into_play,R,L,TB,DET,96.40,92.00,-19,3,2,2023,2023-03
2023-03-30,2023,R,663556,408234,CU,Curveball,,blocked_ball,R,L,TB,DET,84.30,,,2,2,2023,2023-03
2023-03-30,2023,R,663556,408234,FF,4-Seam Fastball,,ball,R,L,TB,DET,97.60,,,1,2,2023,2023-03
2023-03-30,2023,R,663556,408234,FF,4-Seam Fastball,,foul,R,L,TB,DET,97.10,81.10,67,1,1,2023,2023-03
2023-03-30,2023,R,663556,408234,FF,4-Seam Fastball,,foul,R,L,TB,DET,96.00,,,1,0,2023,2023-03
2023-03-30,2023,R,663556,408234,FF,4-Seam Fastball,,blocked_ball,R,L,TB,DET,95.90,,,0,0,2023,2023-03
2023-03-30,2023,R,663556,408234,FF,4-Seam Fastball,field_out,hit_into_play,R,L,TB,DET,97.50,92.30,-3,0,0,2023,2023-03
2023-03-30,2023,R,663556,570731,FF,4-Seam Fastball,strikeout,swinging_strike,R,L,TB,DET,97.80,,,1,2,2023,2023-03
2023-03-30,2023,R,663556,570731,CH,Changeup,,swinging_strike,R,L,TB,DET,86.10,,,1,1,2023,2023-03
2023-03-30,2023,R,663556,570731,CU,Curveball,,ball,R,L,TB,DET,83.40,,,0,1,2023,2023-03
2023-03-30,2023,R,663556,570731,CH,Changeup,,swinging_strike,R,L,TB,DET,87.20,,,0,0,2023,2023-03
2023-03-30,2023,R,663556,570731,CU,Curveball,strikeout,swinging_strike,R,L,TB,DET,85.40,,,3,2,2023,2023-03
2023-03-30,2023,R,663556,570731,FF,4-Seam Fastball,,foul,R,L,TB,DET,99.10,78.00,12,3,2,2023,2023-03
2023-03-30,2023,R,663556,570731,FF,4-Seam Fastball,,foul,R,L,TB,DET,98.70,79.30,17,3,2,2023,2023-03
2023-03-30,2023,R,663556,570731,CU,Curveball,,ball,R,L,TB,DET,83.80,,,2,2,2023,2023-03
2023-03-30,2023,R,663556,570731,FF,4-Seam Fastball,,ball,R,L,TB,DET,98.90,,,1,2,2023,2023-03
2023-03-30,2023,R,663556,570731,FF,4-Seam Fastball,,ball,R,L,TB,DET,98.80,,,0,2,2023,2023-03
2023-03-30,2023,R,663556,570731,FF,4-Seam Fastball,,foul,R,L,TB,DET,99.30,74.50,25,0,2,2023,2023-03
2023-03-30,2023,R,663556,570731,FF,4-Seam Fastball,,swinging_strike,R,L,TB,DET,98.70,,,0,1,2023,2023-03
2023-03-30,2023,R,663556,570731,FF,4-Seam Fastball,,called_strike,R,L,TB,DET,97.50,,,0,0,2023,2023-03
2023-03-30,2023,R,663556,595879,FF,4-Seam Fastball,strikeout,swinging_strike,R,L,TB,DET,97.30,,,0,2,2023,2023-03
2023-03-30,2023,R,663556,595879,FF,4-Seam Fastball,,swinging_strike,R,L,TB,DET,97.00,,,0,1,2023,2023-03
2023-03-30,2023,R,663556,595879,FF,4-Seam Fastball,,swinging_strike,R,L,TB,DET,95.60,,,0,0,2023,2023-03
2023-03-30,2023,R,663556,595879,FF,4-Seam Fastball,walk,ball,R,L,TB,DET,96.50,,,3,1,2023,2023-03
2023-03-30,2023,R,663556,595879,CH,Changeup,,ball,R,L,TB,DET,88.50,,,2,1,2023,2023-03
2023-03-30,2023,R,663556,595879,CH,Changeup,,ball,R,L,TB,DET,88.10,,,1,1,2023,2023-03
2023-03-30,2023,R,663556,595879,FF,4-Seam Fastball,,ball,R,L,TB,DET,97.90,,,0,1,2023,2023-03
2023-03-30,2023,R,663556,595879,CU,Curveball,,foul,R,L,TB,DET,83.30,107.80,11,0,0,2023,2023-03
2023-03-30,2023,R,663556,595879,CH,Changeup,single,hit_into_play,R,L,TB,DET,88.10,94.70,13,1,0,2023,2023-03
2023-03-30,2023,R,663556,595879,CH,Changeup,,ball,R,L,TB,DET,89.50,,,0,0,2023,2023-03
2023-03-30,2023,R,663556,606992,FF,4-Seam Fastball,field_out,hit_into_play,R,L,TB,DET,96.40,93.50,25,2,0,2023,2023-03
2023-03-30,2023,R,663556,606992,CH,Changeup,,ball,R,L,TB,DET,87.80,,,1,0,2023,2023-03
2023-03-30,2023,R,663556,606992,CU,Curveball,,ball,R,L,TB,DET,83.20,,,0,0,2023,2023-03
2023-03-30,2023,R,663556,606992,CH,Changeup,field_out,hit_into_play,R,L,TB,DET,87.60,92.00,75,0,0,2023,2023-03
2023-03-30,2023,R,663556,606992,CU,Curveball,force_out,hit_into_play,R,L,TB,DET,83.70,76.50,-16,2,2,2023,2023-03
2023-03-30,2023,R,663556,606992,FF,4-Seam Fastball,,ball,R,L,TB,DET,99.60,,,1,2,2023,2023-03
2023-03-30,2023,R,663556,606992,CH,Changeup,,called_strike,R,L,TB,DET,88.90,,,1,1,2023,2023-03
2023-03-30,2023,R,663556,606992,CH,Changeup,,foul,R,L,TB,DET,87.60,63.30,-19,1,0,2023,2023-03
2023-03-30,2023,R,663556,606992,FF,4-Seam Fastball,,ball,R,L,TB,DET,97.50,,,0,0,2023,2023-03
2023-03-30,2023,R,663556,640457,FF,4-Seam Fastball,single,hit_into_play,L,L,TB,DET,97.10,105.20,-12,1,1,2023,2023-03
2023-03-30,2023,R,663556,640457,FF,4-Seam Fastball,,ball,L,L,TB,DET,97.40,,,0,1,2023,2023-03
2023-03-30,2023,R,663556,640457,CU,Curveball,,called_strike,L,L,TB,DET,82.00,,,0,0,2023,2023-03
2023-03-30,2023,R,663556,640457,SL,Slider,double,hit_into_play,L,L,TB,DET,90.10,97.70,16,1,2,2023,2023-03
2023-03-30,2023,R,663556,640457,FF,4-Seam Fastball,,ball,L,L,TB,DET,99.80,,,0,2,2023,2023-03
2023-03-30,2023,R,663556,640457,FF,4-Seam Fastball,,foul,L,L,TB,DET,98.80,72.40,-29,0,2,2023,2023-03
2023-03-30,2023,R,663556,640457,SL,Slider,,swinging_strike,L,L,TB,DET,91.10,,,0,1,2023,2023-03
2023-03-30,2023,R,663556,640457,FF,4-Seam Fastball,,foul,L,L,TB,DET,97.30,76.60,15,0,0,2023,2023-03
2023-03-30,2023,R,663556,663837,FF,4-Seam Fastball,field_out,hit_into_play,R,L,TB,DET,98.30,83.20,34,1,2,2023,2023-03
2023-03-30,2023,R,663556,663837,FF,4-Seam Fastball,,foul,R,L,TB,DET,97.60,92.70,41,1,2,2023,2023-03
2023-03-30,2023,R,663556,663837,CH,Changeup,,called_strike,R,L,TB,DET,87.60,,,1,1,2023,2023-03
2023-03-30,2023,R,663556,663837,CU,Curveball,,ball,R,L,TB,DET,84.00,,,0,1,2023,2023-03
2023-03-30,2023,R,663556,663837,FF,4-Seam Fastball,,called_strike,R,L,TB,DET,96.80,,,0,0,2023,2023-03
2023-03-30,2023,R,663556,663837,SL,Slider,field_out,hit_into_play,R,L,TB,DET,90.30,102.50,-20,0,2,2023,2023-03
2023-03-30,2023,R,663556,663837,CH,Changeup,,swinging_strike,R,L,TB,DET,89.90,,,0,1,2023,2023-03
2023-03-30,2023,R,663556,663837,CU,Curveball,,called_strike,R,L,TB,DET,82.40,,,0,0,2023,2023-03
2023-03-30,2023,R,663556,663837,CU,Curveball,strikeout,swinging_strike_blocked,R,L,TB,DET,84.60,,,2,2,2023,2023-03
2023-03-30,2023,R,663556,663837,FF,4-Seam Fastball,,ball,R,L,TB,DET,99.40,,,1,2,2023,2023-03
2023-03-30,2023,R,663556,663837,CH,Changeup,,ball,R,L,TB,DET,90.10,,,0,2,2023,2023-03
2023-03-30,2023,R,663556,663837,FF,4-Seam Fastball,,foul,R,L,TB,DET,99.70,97.50,17,0,2,2023,2023-03
2023-03-30,2023,R,663556,663837,FF,4-Seam Fastball,,foul_tip,R,L,TB,DET,98.70,,,0,1,2023,2023-03
2023-03-30,2023,R,663556,663837,FF,4-Seam Fastball,,foul,R,L,TB,DET,97.40,,,0,0,2023,2023-03
2023-03-30,2023,R,663556,668952,CH,Changeup,strikeout,swinging_strike,R,L,TB,DET,86.90,,,1,2,2023,2023-03
2023-03-30,2023,R,663556,668952,CU,Curveball,,ball,R,L,TB,DET,83.70,,,0,2,2023,2023-03
2023-03-30,2023,R,663556,668952,FF,4-Seam Fastball,,foul,R,L,TB,DET,97.60,80.60,13,0,2,2023,2023-03
2023-03-30,2023,R,663556,668952,CU,Curveball,,foul,R,L,TB,DET,83.80,64.50,-35,0,1,2023,2023-03
2023-03-30,2023,R,663556,668952,FF,4-Seam Fastball,,called_strike,R,L,TB,DET,96.50,,,0,0,2023,2023-03
2023-03-30,2023,R,663556,668952,FF,4-Seam Fastball,strikeout,swinging_strike,R,L,TB,DET,97.00,,,3,2,2023,2023-03
2023-03-30,2023,R,663556,668952,FF,4-Seam Fastball,,foul,R,L,TB,DET,95.90,73.00,35,3,2,2023,2023-03
2023-03-30,2023,R,663556,668952,FF,4-Seam Fastball,,swinging_strike,R,L,TB,DET,96.00,,,3,1,2023,2023-03
2023-03-30,2023,R,663556,668952,FF,4-Seam Fastball,,called_strike,R,L,TB,DET,95.90,,,3,0,2023,2023-03
2023-03-30,2023,R,663556,668952,FF,4-Seam Fastball,,ball,R,L,TB,DET,95.80,,,2,0,2023,2023-03
2023-03-30,2023,R,663556,668952,FF,4-Seam Fastball,,ball,R,L,TB,DET,95.20,,,1,0,2023,2023-03
2023-03-30,2023,R,663556,668952,CH,Changeup,,ball,R,L,TB,DET,87.40,,,0,0,2023,2023-03
2023-03-30,2023,R,663556,679529,CH,Changeup,field_out,hit_into_play,R,L,TB,DET,89.30,100.70,-5,1,2,2023,2023-03
2023-03-30,2023,R,663556,679529,CH,Changeup,,swinging_strike,R,L,TB,DET,87.90,,,1,1,2023,2023-03
2023-03-30,2023,R,663556,679529,CU,Curveball,,ball,R,L,TB,DET,82.70,,,0,1,2023,2023-03
2023-03-30,2023,R,663556,679529,FF,4-Seam Fastball,,foul,R,L,TB,DET,96.30,,,0,0,2023,2023-03
2023-03-30,2023,R,663556,679529,CU,Curveball,field_out,hit_into_play,R,L,TB,DET,83.50,100.30,-30,1,1,2023,2023-03
2023-03-30,2023,R,663556,679529,FF,4-Seam Fastball,,foul,R,L,TB,DET,95.60,91.20,43,1,0,2023,2023-03
2023-03-30,2023,R,663556,679529,FF,4-Seam Fastball,,ball,R,L,TB,DET,96.00,,,0,0,2023,2023-03
2023-03-30,2023,R,663556,682985,FF,4-Seam Fastball,field_out,hit_into_play,L,L,TB,DET,95.30,100.20,30,1,0,2023,2023-03
2023-03-30,2023,R,663556,682985,SL,Slider,,ball,L,L,TB,DET,86.80,,,0,0,2023,2023-03
2023-03-30,2023,R,663556,682985,SL,Slider,single,hit_into_play,L,L,TB,DET,88.30,35.40,52,1,1,2023,2023-03
2023-03-30,2023,R,663556,682985,FF,4-Seam Fastball,,ball,L,L,TB,DET,97.80,,,0,1,2023,2023-03
2023-03-30,2023,R,663556,682985,FF,4-Seam Fastball,,called_strike,L,L,TB,DET,96.30,,,0,0,2023,2023-03
2023-03-30,2023,R,663556,682985,SL,Slider,force_out,hit_into_play,L,L,TB,DET,90.70,82.20,-19,0,1,2023,2023-03
2023-03-30,2023,R,663556,682985,FF,4-Seam Fastball,,called_strike,L,L,TB,DET,96.80,,,0,0,2023,2023-03
2023-03-30,2023,R,663855,543807,SL,Slider,single,hit_into_play,R,R,STL,TOR,83.90,70.10,32,0,2,2023,2023-03
2023-03-30,2023,R,663855,543807,SI,Sinker,,called_strike,R,R,STL,TOR,100.30,,,0,1,2023,2023-03
2023-03-30,2023,R,663855,543807,SI,Sinker,,called_strike,R,R,STL,TOR,99.50,,,0,0,2023,2023-03
2023-03-30,2023,R,663855,624415,SL,Slider,walk,ball,L,R,STL,TOR,87.50,,,3,2,2023,2023-03
2023-03-30,2023,R,663855,624415,SL,Slider,,blocked_ball,L,R,STL,TOR,89.20,,,2,2,2023,2023-03
2023-03-30,2023,R,663855,624415,SI,Sinker,,ball,L,R,STL,TOR,103.80,,,1,2,2023,2023-03
2023-03-30,2023,R,663855,624415,SL,Slider,,swinging_strike_blocked,L,R,STL,TOR,89.00,,,1,1,2023,2023-03
2023-03-30,2023,R,663855,624415,SL,Slider,,blocked_ball,L,R,STL,TOR,86.00,,,0,1,2023,2023-03
2023-03-30,2023,R,663855,624415,SI,Sinker,,called_strike,L,R,STL,TOR,101.70,,,0,0,2023,2023-03
2023-03-30,2023,R,663855,656305,SI,Sinker,force_out,hit_into_play,R,R,STL,TOR,102.10,74.10,-5,1,0,2023,2023-03
2023-03-30,2023,R,663855,656305,SI,Sinker,,ball,R,R,STL,TOR,102.70,,,0,0,2023,2023-03
2023-03-30,2023,R,663855,662139,SL,Slider,strikeout,swinging_strike_blocked,L,R,STL,TOR,87.40,,,2,2,2023,2023-03
2023-03-30,2023,R,663855,662139,SL,Slider,,foul,L,R,STL,TOR,89.40,66.50,-58,2,2,2023,2023-03
2023-03-30,2023,R,663855,662139,SL,Slider,,foul,L,R,STL,TOR,91.60,,,2,2,2023,2023-03
2023-03-30,2023,R,663855,662139,SI,Sinker,,foul,L,R,STL,TOR,101.50,79.80,34,2,2,2023,2023-03
2023-03-30,2023,R,663855,662139,SL,Slider,,ball,L,R,STL,TOR,87.80,,,1,2,2023,2023-03
2023-03-30,2023,R,663855,662139,SL,Slider,,swinging_strike_blocked,L,R,STL,TOR,87.20,,,1,1,2023,2023-03
2023-03-30,2023,R,663855,662139,SI,Sinker,,ball,L,R,STL,TOR,103.60,,,0,1,2023,2023-03
2023-03-30,2023,R,663855,662139,SL,Slider,,called_strike,L,R,STL,TOR,88.20,,,0,0,2023,2023-03
2023-03-30,2023,R,663855,665489,SI,Sinker,single,hit_into_play,R,R,STL,TOR,102.90,71.00,22,1,2,2023,2023-03
2023-03-30,2023,R,663855,665489,SI,Sinker,,foul_tip,R,R,STL,TOR,102.20,,,1,1,2023,2023-03
2023-03-30,2023,R,663855,665489,SI,Sinker,,foul,R,R,STL,TOR,102.50,110.10,-16,1,0,2023,2023-03
2023-03-30,2023,R,663855,665489,SI,Sinker,,ball,R,R,STL,TOR,102.70,,,0,0,2023,2023-03
2023-03-30,2023,R,663855,666182,SI,Sinker,single,hit_into_play,R,R,STL,TOR,100.60,80.90,-58,0,1,2023,2023-03
2023-03-30,2023,R,663855,666182,SI,Sinker,,called_strike,R,R,STL,TOR,100.30,,,0,0,2023,2023-03
2023-03-30,2023,R,663855,672386,SI,Sinker,field_out,hit_into_play,R,R,STL,TOR,102.20,49.20,-77,0,1,2023,2023-03
2023-03-30,2023,R,663855,672386,SL,Slider,,called_strike,R,R,STL,TOR,88.60,,,0,0,2023,2023-03
2023-03-30,2023,R,663986,553993,SL,Slider,strikeout,swinging_strike,R,R,SEA,CLE,84.80,,,2,2,2023,2023-03
2023-03-30,2023,R,663986,553993,FF,4-Seam Fastball,,ball,R,R,SEA,CLE,92.80,,,1,2,2023,2023-03
2023-03-30,2023,R,663986,553993,SL,Slider,,foul,R,R,SEA,CLE,84.10,,,1,1,2023,2023-03
2023-03-30,2023,R,663986,553993,FF,4-Seam Fastball,,called_strike,R,R,SEA,CLE,94.00,,,1,0,2023,2023-03
2023-03-30,2023,R,663986,553993,FF,4-Seam Fastball,,ball,R,R,SEA,CLE,94.00,,,0,0,2023,2023-03
2023-03-30,2023,R,663986,600303,FF,4-Seam Fastball,field_out,hit_into_play,L,R,SEA,CLE,94.50,88.00,-1,0,0,2023,2023-03
2023-03-30,2023,R,663986,672284,FF,4-Seam Fastball,field_out,hit_into_play,L,R,SEA,CLE,93.90,103.50,23,3,2,2023,2023-03
2023-03-30,2023,R,663986,672284,FS,Split-Finger,,ball,L,R,SEA,CLE,87.40,,,2,2,2023,2023-03
2023-03-30,2023,R,663986,672284,FS,Split-Finger,,ball,L,R,SEA,CLE,88.10,,,1,2,2023,2023-03
2023-03-30,2023,R,663986,672284,SL,Slider,,foul,L,R,SEA,CLE,85.40,89.40,88,1,1,2023,2023-03
2023-03-30,2023,R,663986,672284,FS,Split-Finger,,ball,L,R,SEA,CLE,87.60,,,0,1,2023,2023-03
2023-03-30,2023,R,663986,672284,FF,4-Seam Fastball,,called_strike,L,R,SEA,CLE,94.30,,,0,0,2023,2023-03
2023-03-30,2023,R,664126,408234,FF,4-Seam Fastball,field_out,hit_into_play,R,R,TB,DET,96.80,85.30,63,0,0,2023,2023-03
2023-03-30,2023,R,664126,640457,FF,4-Seam Fastball,single,hit_into_play,L,R,TB,DET,96.80,107.80,-11,0,0,2023,2023-03
2023-03-30,2023,R,664126,665155,FF,4-Seam Fastball,field_out,hit_into_play,L,R,TB,DET,99.10,96.60,-7,2,2,2023,2023-03
2023-03-30,2023,R,664126,665155,SL,Slider,,called_strike,L,R,TB,DET,86.80,,,2,1,2023,2023-03
2023-03-30,2023,R,664126,665155,SL,Slider,,foul_tip,L,R,TB,DET,86.60,,,2,0,2023,2023-03
2023-03-30,2023,R,664126,665155,FF,4-Seam Fastball,,ball,L,R,TB,DET,97.70,,,1,0,2023,2023-03
2023-03-30,2023,R,664126,665155,CH,Changeup,,ball,L,R,TB,DET,92.40,,,0,0,2023,2023-03
2023-03-30,2023,R,664126,679529,FF,4-Seam Fastball,field_out,hit_into_play,R,R,TB,DET,97.50,82.60,-16,1,2,2023,2023-03
2023-03-30,2023,R,664126,679529,FF,4-Seam Fastball,,foul,R,R,TB,DET,96.30,,,1,1,2023,2023-03
2023-03-30,2023,R,664126,679529,SL,Slider,,ball,R,R,TB,DET,86.90,,,0,1,2023,2023-03
2023-03-30,2023,R,664126,679529,FF,4-Seam Fastball,,foul,R,R,TB,DET,97.10,85.70,40,0,0,2023,2023-03
2023-03-30,2023,R,664139,457705,FC,Cutter,field_out,hit_into_play,R,R,CIN,PIT,90.60,71.60,50,2,1,2023,2023-03
2023-03-30,2023,R,664139,457705,ST,Sweeper,,ball,R,R,CIN,PIT,82.80,,,1,1,2023,2023-03
2023-03-30,2023,R,664139,457705,ST,Sweeper,,called_strike,R,R,CIN,PIT,82.80,,,1,0,2023,2023-03
2023-03-30,2023,R,664139,457705,FF,4-Seam Fastball,,ball,R,R,CIN,PIT,95.10,,,0,0,2023,2023-03
2023-03-30,2023,R,664139,467793,FF,4-Seam Fastball,walk,ball,L,R,CIN,PIT,95.30,,,3,2,2023,2023-03
2023-03-30,2023,R,664139,467793,FF,4-Seam Fastball,,ball,L,R,CIN,PIT,96.00,,,2,2,2023,2023-03
2023-03-30,2023,R,664139,467793,CH,Changeup,,swinging_strike,L,R,CIN,PIT,86.60,,,2,1,2023,2023-03
2023-03-30,2023,R,664139,467793,ST,Sweeper,,ball,L,R,CIN,PIT,82.90,,,1,1,2023,2023-03
2023-03-30,2023,R,664139,467793,FF,4-Seam Fastball,,ball,L,R,CIN,PIT,95.20,,,0,1,2023,2023-03
2023-03-30,2023,R,664139,467793,FC,Cutter,,swinging_strike,L,R,CIN,PIT,92.80,,,0,0,2023,2023-03
2023-03-30,2023,R,664139,675986,CH,Changeup,grounded_into_double_play,hit_into_play,L,R,CIN,PIT,86.30,61.60,-19,1,2,2023,2023-03
2023-03-30,2023,R,664139,675986,FF,4-Seam Fastball,,foul,L,R,CIN,PIT,94.90,74.80,36,1,2,2023,2023-03
2023-03-30,2023,R,664139,675986,FF,4-Seam Fastball,,ball,L,R,CIN,PIT,95.30,,,0,2,2023,2023-03
2023-03-30,2023,R,664139,675986,FC,Cutter,,swinging_strike,L,R,CIN,PIT,91.90,,,0,1,2023,2023-03
2023-03-30,2023,R,664139,675986,FC,Cutter,,foul,L,R,CIN,PIT,90.50,71.80,22,0,0,2023,2023-03
2023-03-30,2023,R,664285,462101,CH,Changeup,single,hit_into_play,R,L,HOU,CWS,88.60,102.30,8,2,1,2023,2023-03
2023-03-30,2023,R,664285,462101,SI,Sinker,,ball,R,L,HOU,CWS,93.60,,,1,1,2023,2023-03
2023-03-30,2023,R,664285,462101,CH,Changeup,,ball,R,L,HOU,CWS,90.20,,,0,1,2023,2023-03
2023-03-30,2023,R,664285,462101,CH,Changeup,,called_strike,R,L,HOU,CWS,87.60,,,0,0,2023,2023-03
2023-03-30,2023,R,664285,462101,CU,Curveball,field_out,hit_into_play,R,L,HOU,CWS,78.50,92.60,-4,2,2,2023,2023-03
2023-03-30,2023,R,664285,462101,SI,Sinker,,called_strike,R,L,HOU,CWS,94.20,,,2,1,2023,2023-03
2023-03-30,2023,R,664285,462101,CU,Curveball,,ball,R,L,HOU,CWS,78.50,,,1,1,2023,2023-03
2023-03-30,2023,R,664285,462101,CU,Curveball,,called_strike,R,L,HOU,CWS,76.30,,,1,0,2023,2023-03
2023-03-30,2023,R,664285,462101,CU,Curveball,,ball,R,L,HOU,CWS,76.30,,,0,0,2023,2023-03
2023-03-30,2023,R,664285,518735,SI,Sinker,field_out,hit_into_play,R,L,HOU,CWS,95.00,81.80,0,3,2,2023,2023-03
2023-03-30,2023,R,664285,518735,SI,Sinker,,swinging_strike,R,L,HOU,CWS,93.70,,,3,1,2023,2023-03
2023-03-30,2023,R,664285,518735,SI,Sinker,,called_strike,R,L,HOU,CWS,92.90,,,3,0,2023,2023-03
2023-03-30,2023,R,664285,518735,SI,Sinker,,ball,R,L,HOU,CWS,93.60,,,2,0,2023,2023-03
2023-03-30,2023,R,664285,518735,CH,Changeup,,ball,R,L,HOU,CWS,88.10,,,1,0,2023,2023-03
2023-03-30,2023,R,664285,518735,SI,Sinker,,ball,R,L,HOU,CWS,95.00,,,0,0,2023,2023-03
2023-03-30,2023,R,664285,518735,SI,Sinker,field_out,hit_into_play,R,L,HOU,CWS,95.80,86.00,-21,1,0,2023,2023-03
2023-03-30,2023,R,664285,518735,SI,Sinker,,ball,R,L,HOU,CWS,95.60,,,0,0,2023,2023-03
2023-03-30,2023,R,664285,641313,CU,Curveball,fielders_choice_out,hit_into_play,R,L,HOU,CWS,80.00,78.20,-31,0,0,2023,2023-03
2023-03-30,2023,R,664285,641313,SI,Sinker,double,hit_into_play,R,L,HOU,CWS,94.60,99.40,17,3,1,2023,2023-03
2023-03-30,2023,R,664285,641313,SI,Sinker,,ball,R,L,HOU,CWS,95.30,,,2,1,2023,2023-03
2023-03-30,2023,R,664285,641313,CU,Curveball,,ball,R,L,HOU,CWS,76.20,,,1,1,2023,2023-03
2023-03-30,2023,R,664285,641313,SI,Sinker,,ball,R,L,HOU,CWS,96.60,,,0,1,2023,2023-03
2023-03-30,2023,R,664285,641313,SI,Sinker,,called_strike,R,L,HOU,CWS,96.20,,,0,0,2023,2023-03
2023-03-30,2023,R,664285,641313,SI,Sinker,field_out,hit_into_play,R,L,HOU,CWS,93.80,103.10,-1,1,0,2023,2023-03
2023-03-30,2023,R,664285,641313,SI,Sinker,,ball,R,L,HOU,CWS,93.70,,,0,0,2023,2023-03
2023-03-30,2023,R,664285,643217,SI,Sinker,single,hit_into_play,L,L,HOU,CWS,95.10,94.40,-4,0,0,2023,2023-03
2023-03-30,2023,R,664285,643217,SL,Slider,field_out,hit_into_play,L,L,HOU,CWS,81.80,102.40,9,3,2,2023,2023-03
2023-03-30,2023,R,664285,643217,SI,Sinker,,foul,L,L,HOU,CWS,93.70,86.80,55,3,1,2023,2023-03
2023-03-30,2023,R,664285,643217,SI,Sinker,,ball,L,L,HOU,CWS,95.80,,,2,1,2023,2023-03
2023-03-30,2023,R,664285,643217,SI,Sinker,,ball,L,L,HOU,CWS,96.00,,,1,1,2023,2023-03
2023-03-30,2023,R,664285,643217,SL,Slider,,ball,L,L,HOU,CWS,81.40,,,0,1,2023,2023-03
2023-03-30,2023,R,664285,643217,SL,Slider,,called_strike,L,L,HOU,CWS,81.90,,,0,0,2023,2023-03
2023-03-30,2023,R,664285,650391,SI,Sinker,force_out,hit_into_play,R,L,HOU,CWS,95.90,109.40,-2,1,0,2023,2023-03
2023-03-30,2023,R,664285,650391,CU,Curveball,,blocked_ball,R,L,HOU,CWS,79.70,,,0,0,2023,2023-03
2023-03-30,2023,R,664285,650391,SI,Sinker,strikeout,swinging_strike,R,L,HOU,CWS,96.40,,,0,2,2023,2023-03
2023-03-30,2023,R,664285,650391,SI,Sinker,,swinging_strike,R,L,HOU,CWS,95.50,,,0,1,2023,2023-03
2023-03-30,2023,R,664285,650391,SI,Sinker,,called_strike,R,L,HOU,CWS,93.50,,,0,0,2023,2023-03
2023-03-30,2023,R,664285,650391,SI,Sinker,force_out,hit_into_play,R,L,HOU,CWS,95.80,96.80,-23,0,0,2023,2023-03
2023-03-30,2023,R,664285,660162,CU,Curveball,single,hit_into_play,R,L,HOU,CWS,79.10,91.70,-2,2,2,2023,2023-03
2023-03-30,2023,R,664285,660162,SI,Sinker,,foul,R,L,HOU,CWS,96.40,,,2,2,2023,2023-03
2023-03-30,2023,R,664285,660162,SI,Sinker,,ball,R,L,HOU,CWS,96.20,,,1,2,2023,2023-03
2023-03-30,2023,R,664285,660162,CU,Curveball,,swinging_strike,R,L,HOU,CWS,79.40,,,1,1,2023,2023-03
2023-03-30,2023,R,664285,660162,SI,Sinker,,ball,R,L,HOU,CWS,95.80,,,0,1,2023,2023-03
2023-03-30,2023,R,664285,660162,SI,Sinker,,called_strike,R,L,HOU,CWS,96.40,,,0,0,2023,2023-03
2023-03-30,2023,R,664285,660162,SI,Sinker,strikeout,called_strike,R,L,HOU,CWS,96.30,,,0,2,2023,2023-03
2023-03-30,2023,R,664285,660162,CH,Changeup,,foul,R,L,HOU,CWS,89.20,75.80,-42,0,1,2023,2023-03
2023-03-30,2023,R,664285,660162,SI,Sinker,,foul,R,L,HOU,CWS,93.80,,,0,0,2023,2023-03
2023-03-30,2023,R,664285,663853,SI,Sinker,single,hit_into_play,R,L,HOU,CWS,94.70,110.80,12,1,2,2023,2023-03
2023-03-30,2023,R,664285,663853,SI,Sinker,,ball,R,L,HOU,CWS,95.60,,,0,2,2023,2023-03
2023-03-30,2023,R,664285,663853,SI,Sinker,,foul,R,L,HOU,CWS,95.20,93.70,10,0,1,2023,2023-03
2023-03-30,2023,R,664285,663853,SI,Sinker,,called_strike,R,L,HOU,CWS,94.60,,,0,0,2023,2023-03
2023-03-30,2023,R,664285,663853,SI,Sinker,field_out,hit_into_play,R,L,HOU,CWS,96.30,59.30,-48,2,2,2023,2023-03
2023-03-30,2023,R,664285,663853,SL,Slider,,ball,R,L,HOU,CWS,81.70,,,1,2,2023,2023-03
2023-03-30,2023,R,664285,663853,CU,Curveball,,ball,R,L,HOU,CWS,79.90,,,0,2,2023,2023-03
2023-03-30,2023,R,664285,663853,SI,Sinker,,called_strike,R,L,HOU,CWS,95.60,,,0,1,2023,2023-03
2023-03-30,2023,R,664285,663853,SI,Sinker,,called_strike,R,L,HOU,CWS,94.50,,,0,0,2023,2023-03
2023-03-30,2023,R,664285,673357,SI,Sinker,strikeout,swinging_strike,R,L,HOU,CWS,95.30,,,2,2,2023,2023-03
2023-03-30,2023,R,664285,673357,CU,Curveball,,foul,R,L,HOU,CWS,78.00,103.20,4,2,2,2023,2023-03
2023-03-30,2023,R,664285,673357,CH,Changeup,,blocked_ball,R,L,HOU,CWS,91.00,,,1,2,2023,2023-03
2023-03-30,2023,R,664285,673357,SI,Sinker,,ball,R,L,HOU,CWS,96.30,,,0,2,2023,2023-03
2023-03-30,2023,R,664285,673357,CU,Curveball,,foul,R,L,HOU,CWS,79.60,72.30,-11,0,2,2023,2023-03
2023-03-30,2023,R,664285,673357,CU,Curveball,,foul,R,L,HOU,CWS,78.50,80.60,-13,0,1,2023,2023-03
2023-03-30,2023,R,664285,673357,SI,Sinker,,foul,R,L,HOU,CWS,96.00,94.20,43,0,0,2023,2023-03
2023-03-30,2023,R,664285,673357,SI,Sinker,field_out,hit_into_play,R,L,HOU,CWS,96.70,70.40,-37,2,2,2023,2023-03
2023-03-30,2023,R,664285,673357,CH,Changeup,,foul,R,L,HOU,CWS,90.80,60.70,-53,2,2,2023,2023-03
2023-03-30,2023,R,664285,673357,CU,Curveball,,blocked_ball,R,L,HOU,CWS,80.70,,,1,2,2023,2023-03
2023-03-30,2023,R,664285,673357,CU,Curveball,,blocked_ball,R,L,HOU,CWS,80.50,,,0,2,2023,2023-03
2023-03-30,2023,R,664285,673357,CH,Changeup,,foul,R,L,HOU,CWS,92.00,,,0,2,2023,2023-03
2023-03-30,2023,R,664285,673357,CH,Changeup,,swinging_strike,R,L,HOU,CWS,89.90,,,0,1,2023,2023-03
2023-03-30,2023,R,664285,673357,SI,Sinker,,called_strike,R,L,HOU,CWS,94.60,,,0,0,2023,2023-03
2023-03-30,2023,R,664285,673357,SI,Sinker,single,hit_into_play,R,L,HOU,CWS,96.40,,,3,2,2023,2023-03
2023-03-30,2023,R,664285,673357,SI,Sinker,,ball,R,L,HOU,CWS,95.70,,,2,2,2023,2023-03
2023-03-30,2023,R,664285,673357,CU,Curveball,,foul,R,L,HOU,CWS,78.40,90.70,-15,2,2,2023,2023-03
2023-03-30,2023,R,664285,673357,CH,Changeup,,foul,R,L,HOU,CWS,90.00,,,2,1,2023,2023-03
2023-03-30,2023,R,664285,673357,CU,Curveball,,ball,R,L,HOU,CWS,79.10,,,1,1,2023,2023-03
2023-03-30,2023,R,664285,673357,CU,Curveball,,ball,R,L,HOU,CWS,78.90,,,0,1,2023,2023-03
2023-03-30,2023,R,664285,673357,SI,Sinker,,called_strike,R,L,HOU,CWS,94.90,,,0,0,2023,2023-03
2023-03-30,2023,R,664285,683734,CU,Curveball,hit_by_pitch,hit_by_pitch,R,L,HOU,CWS,80.70,,,0,2,2023,2023-03
2023-03-30,2023,R,664285,683734,CU,Curveball,,swinging_strike,R,L,HOU,CWS,80.40,,,0,1,2023,2023-03
2023-03-30,2023,R,664285,683734,CU,Curveball,,swinging_strike,R,L,HOU,CWS,79.80,,,0,0,2023,2023-03
2023-03-30,2023,R,664285,683734,CU,Curveball,strikeout,swinging_strike_blocked,R,L,HOU,CWS,77.90,,,0,2,2023,2023-03
2023-03-30,2023,R,664285,683734,CU,Curveball,,called_strike,R,L,HOU,CWS,78.50,,,0,1,2023,2023-03
2023-03-30,2023,R,664285,683734,SL,Slider,,called_strike,R,L,HOU,CWS,80.20,,,0,0,2023,2023-03
2023-03-30,2023,R,664285,683734,SI,Sinker,field_out,hit_into_play,R,L,HOU,CWS,95.20,98.30,60,0,1,2023,2023-03
2023-03-30,2023,R,664285,683734,CU,Curveball,,called_strike,R,L,HOU,CWS,76.60,,,0,0,2023,2023-03
2023-03-30,2023,R,664294,571976,FF,4-Seam Fastball,walk,ball,R,R,CIN,PIT,94.70,,,3,0,2023,2023-03
2023-03-30,2023,R,664294,571976,SL,Slider,,ball,R,R,CIN,PIT,83.90,,,2,0,2023,2023-03
2023-03-30,2023,R,664294,571976,SL,Slider,,ball,R,R,CIN,PIT,84.60,,,1,0,2023,2023-03
2023-03-30,2023,R,664294,571976,SL,Slider,,ball,R,R,CIN,PIT,84.60,,,0,0,2023,2023-03
2023-03-30,2023,R,664294,663697,SL,Slider,strikeout,swinging_strike,R,R,CIN,PIT,86.20,,,2,2,2023,2023-03
2023-03-30,2023,R,664294,663697,SL,Slider,,called_strike,R,R,CIN,PIT,84.30,,,2,1,2023,2023-03
2023-03-30,2023,R,664294,663697,SL,Slider,,called_strike,R,R,CIN,PIT,83.60,,,2,0,2023,2023-03
2023-03-30,2023,R,664294,663697,SL,Slider,,ball,R,R,CIN,PIT,84.90,,,1,0,2023,2023-03
2023-03-30,2023,R,664294,663697,FF,4-Seam Fastball,,ball,R,R,CIN,PIT,94.30,,,0,0,2023,2023-03
2023-03-30,2023,R,664294,666181,CH,Changeup,strikeout,swinging_strike,L,R,CIN,PIT,85.20,,,2,2,2023,2023-03
2023-03-30,2023,R,664294,666181,SL,Slider,,ball,L,R,CIN,PIT,84.10,,,1,2,2023,2023-03
2023-03-30,2023,R,664294,666181,CH,Changeup,,called_strike,L,R,CIN,PIT,86.20,,,1,1,2023,2023-03
2023-03-30,2023,R,664294,666181,SL,Slider,,ball,L,R,CIN,PIT,85.30,,,0,1,2023,2023-03
2023-03-30,2023,R,664294,666181,CH,Changeup,,called_strike,L,R,CIN,PIT,86.20,,,0,0,2023,2023-03
2023-03-30,2023,R,664294,668715,SL,Slider,walk,blocked_ball,R,R,CIN,PIT,83.40,,,3,2,2023,2023-03
2023-03-30,2023,R,664294,668715,FF,4-Seam Fastball,,called_strike,R,R,CIN,PIT,94.30,,,3,1,2023,2023-03
2023-03-30,2023,R,664294,668715,FF,4-Seam Fastball,,called_strike,R,R,CIN,PIT,92.00,,,3,0,2023,2023-03
2023-03-30,2023,R,664294,668715,SL,Slider,,ball,R,R,CIN,PIT,84.90,,,2,0,2023,2023-03
2023-03-30,2023,R,664294,668715,FF,4-Seam Fastball,,ball,R,R,CIN,PIT,94.10,,,1,0,2023,2023-03
2023-03-30,2023,R,664294,668715,SL,Slider,,ball,R,R,CIN,PIT,84.20,,,0,0,2023,2023-03
2023-03-30,2023,R,664294,676480,SL,Slider,strikeout,swinging_strike,R,R,CIN,PIT,85.90,,,0,2,2023,2023-03
2023-03-30,2023,R,664294,676480,SL,Slider,,called_strike,R,R,CIN,PIT,84.70,,,0,1,2023,2023-03
2023-03-30,2023,R,664294,676480,SL,Slider,,called_strike,R,R,CIN,PIT,83.10,,,0,0,2023,2023-03
2023-03-30,2023,R,664854,543807,CU,Curveball,single,hit_into_play,R,R,STL,TOR,80.60,62.50,34,1,2,2023,2023-03
2023-03-30,2023,R,664854,543807,SL,Slider,,foul,R,R,STL,TOR,93.10,71.40,49,1,2,2023,2023-03
2023-03-30,2023,R,664854,543807,FF,4-Seam Fastball,,foul,R,R,STL,TOR,99.00,81.40,56,1,1,2023,2023-03
2023-03-30,2023,R,664854,543807,SL,Slider,,swinging_strike,R,R,STL,TOR,88.00,,,1,0,2023,2023-03
2023-03-30,2023,R,664854,543807,FF,4-Seam Fastball,,blocked_ball,R,R,STL,TOR,98.80,,,0,0,2023,2023-03
2023-03-30,2023,R,664854,593160,FF,4-Seam Fastball,walk,ball,R,R,STL,TOR,97.20,,,3,0,2023,2023-03
2023-03-30,2023,R,664854,593160,FF,4-Seam Fastball,,ball,R,R,STL,TOR,99.30,,,2,0,2023,2023-03
2023-03-30,2023,R,664854,593160,FF,4-Seam Fastball,,ball,R,R,STL,TOR,98.80,,,1,0,2023,2023-03
2023-03-30,2023,R,664854,593160,FF,4-Seam Fastball,,ball,R,R,STL,TOR,98.30,,,0,0,2023,2023-03
2023-03-30,2023,R,664854,595281,SL,Slider,single,hit_into_play,L,R,STL,TOR,89.70,100.40,-7,0,2,2023,2023-03
2023-03-30,2023,R,664854,595281,FF,4-Seam Fastball,,foul,L,R,STL,TOR,100.30,,,0,2,2023,2023-03
2023-03-30,2023,R,664854,595281,SL,Slider,,foul,L,R,STL,TOR,87.60,73.40,-28,0,1,2023,2023-03
2023-03-30,2023,R,664854,595281,FF,4-Seam Fastball,,called_strike,L,R,STL,TOR,98.10,,,0,0,2023,2023-03
2023-03-30,2023,R,664854,662139,FF,4-Seam Fastball,field_out,hit_into_play,L,R,STL,TOR,96.70,96.30,37,1,0,2023,2023-03
2023-03-30,2023,R,664854,662139,FF,4-Seam Fastball,,ball,L,R,STL,TOR,98.60,,,0,0,2023,2023-03
2023-03-30,2023,R,664854,665489,SL,Slider,sac_fly,hit_into_play,R,R,STL,TOR,89.90,96.40,26,1,1,2023,2023-03
2023-03-30,2023,R,664854,665489,SL,Slider,,called_strike,R,R,STL,TOR,87.70,,,1,0,2023,2023-03
2023-03-30,2023,R,664854,665489,,,,automatic_ball,R,R,STL,TOR,77.40,,,0,0,2023,2023-03
2023-03-30,2023,R,664854,666182,FF,4-Seam Fastball,force_out,hit_into_play,R,R,STL,TOR,100.10,88.80,-25,0,2,2023,2023-03
2023-03-30,2023,R,664854,666182,SL,Slider,,foul,R,R,STL,TOR,91.90,67.30,43,0,2,2023,2023-03
2023-03-30,2023,R,664854,666182,FF,4-Seam Fastball,,foul,R,R,STL,TOR,99.60,92.50,32,0,2,2023,2023-03
2023-03-30,2023,R,664854,666182,SL,Slider,,foul,R,R,STL,TOR,90.70,65.20,44,0,2,2023,2023-03
2023-03-30,2023,R,664854,666182,SL,Slider,,foul,R,R,STL,TOR,91.80,62.70,8,0,2,2023,2023-03
2023-03-30,2023,R,664854,666182,FF,4-Seam Fastball,,swinging_strike,R,R,STL,TOR,100.50,,,0,1,2023,2023-03
2023-03-30,2023,R,664854,666182,FF,4-Seam Fastball,,swinging_strike,R,R,STL,TOR,99.30,,,0,0,2023,2023-03
2023-03-30,2023,R,664875,592518,ST,Sweeper,strikeout,swinging_strike,R,R,SD,COL,86.40,,,1,2,2023,2023-03
2023-03-30,2023,R,664875,592518,SI,Sinker,,called_strike,R,R,SD,COL,95.50,,,1,1,2023,2023-03
2023-03-30,2023,R,664875,592518,ST,Sweeper,,called_strike,R,R,SD,COL,83.20,,,1,0,2023,2023-03
2023-03-30,2023,R,664875,592518,ST,Sweeper,,ball,R,R,SD,COL,85.00,,,0,0,2023,2023-03
2023-03-30,2023,R,664875,593428,ST,Sweeper,strikeout,called_strike,R,R,SD,COL,85.50,,,2,2,2023,2023-03
2023-03-30,2023,R,664875,593428,ST,Sweeper,,foul,R,R,SD,COL,85.30,68.60,31,2,2,2023,2023-03
2023-03-30,2023,R,664875,593428,SI,Sinker,,foul,R,R,SD,COL,94.90,78.30,33,2,1,2023,2023-03
2023-03-30,2023,R,664875,593428,ST,Sweeper,,ball,R,R,SD,COL,84.80,,,1,1,2023,2023-03
2023-03-30,2023,R,664875,593428,ST,Sweeper,,ball,R,R,SD,COL,85.40,,,0,1,2023,2023-03
2023-03-30,2023,R,664875,593428,SI,Sinker,,called_strike,R,R,SD,COL,96.20,,,0,0,2023,2023-03
2023-03-30,2023,R,664875,630105,ST,Sweeper,strikeout,called_strike,L,R,SD,COL,85.30,,,0,2,2023,2023-03
2023-03-30,2023,R,664875,630105,ST,Sweeper,,foul,L,R,SD,COL,87.60,,,0,2,2023,2023-03
2023-03-30,2023,R,664875,630105,SI,Sinker,,foul,L,R,SD,COL,96.40,,,0,1,2023,2023-03
2023-03-30,2023,R,664875,630105,SI,Sinker,,called_strike,L,R,SD,COL,95.90,,,0,0,2023,2023-03
2023-03-30,2023,R,666142,607208,,,intent_walk,automatic_ball,R,L,TEX,PHI,,,,3,0,2023,2023-03
2023-03-30,2023,R,666142,607208,,,,automatic_ball,R,L,TEX,PHI,,,,2,0,2023,2023-03
2023-03-30,2023,R,666142,607208,,,,automatic_ball,R,L,TEX,PHI,,,,1,0,2023,2023-03
2023-03-30,2023,R,666142,607208,,,,automatic_ball,R,L,TEX,PHI,,,,0,0,2023,2023-03
2023-03-30,2023,R,666142,656941,FF,4-Seam Fastball,field_out,hit_into_play,L,L,TEX,PHI,96.20,97.30,31,1,0,2023,2023-03
2023-03-30,2023,R,666142,656941,FC,Cutter,,ball,L,L,TEX,PHI,92.00,,,0,0,2023,2023-03
2023-03-30,2023,R,666142,669016,FF,4-Seam Fastball,double,hit_into_play,L,L,TEX,PHI,96.30,104.50,-15,1,1,2023,2023-03
2023-03-30,2023,R,666142,669016,FC,Cutter,,foul,L,L,TEX,PHI,89.50,83.60,31,1,0,2023,2023-03
2023-03-30,2023,R,666142,669016,FF,4-Seam Fastball,,blocked_ball,L,L,TEX,PHI,91.90,,,0,0,2023,2023-03
2023-03-30,2023,R,666168,518595,SL,Slider,single,hit_into_play,R,R,WSH,ATL,83.00,83.90,13,0,1,2023,2023-03
2023-03-30,2023,R,666168,518595,SL,Slider,,called_strike,R,R,WSH,ATL,82.60,,,0,0,2023,2023-03
2023-03-30,2023,R,666168,542303,SL,Slider,field_out,hit_into_play,R,R,WSH,ATL,84.20,92.20,-19,0,2,2023,2023-03
2023-03-30,2023,R,666168,542303,SI,Sinker,,foul,R,R,WSH,ATL,93.30,74.00,-38,0,1,2023,2023-03
2023-03-30,2023,R,666168,542303,SL,Slider,,called_strike,R,R,WSH,ATL,81.80,,,0,0,2023,2023-03
2023-03-30,2023,R,666168,606115,SI,Sinker,strikeout,swinging_strike,R,R,WSH,ATL,94.10,,,2,2,2023,2023-03
2023-03-30,2023,R,666168,606115,CU,Curveball,,blocked_ball,R,R,WSH,ATL,81.50,,,1,2,2023,2023-03
2023-03-30,2023,R,666168,606115,SL,Slider,,foul,R,R,WSH,ATL,84.80,49.60,-47,1,2,2023,2023-03
2023-03-30,2023,R,666168,606115,FF,4-Seam Fastball,,foul,R,R,WSH,ATL,92.20,56.80,50,1,1,2023,2023-03
2023-03-30,2023,R,666168,606115,SI,Sinker,,called_strike,R,R,WSH,ATL,93.00,,,1,0,2023,2023-03
2023-03-30,2023,R,666168,606115,FF,4-Seam Fastball,,ball,R,R,WSH,ATL,92.30,,,0,0,2023,2023-03
2023-03-30,2023,R,666168,645277,SI,Sinker,field_out,hit_into_play,L,R,WSH,ATL,94.40,67.00,44,0,0,2023,2023-03
2023-03-30,2023,R,666168,663586,SI,Sinker,strikeout,called_strike,R,R,WSH,ATL,95.20,,,2,2,2023,2023-03
2023-03-30,2023,R,666168,663586,SI,Sinker,,ball,R,R,WSH,ATL,93.20,,,1,2,2023,2023-03
2023-03-30,2023,R,666168,663586,SL,Slider,,called_strike,R,R,WSH,ATL,83.50,,,1,1,2023,2023-03
2023-03-30,2023,R,666168,663586,SI,Sinker,,ball,R,R,WSH,ATL,94.40,,,0,1,2023,2023-03
2023-03-30,2023,R,666168,663586,SI,Sinker,,called_strike,R,R,WSH,ATL,94.90,,,0,0,2023,2023-03
2023-03-30,2023,R,666168,669221,SL,Slider,field_out,hit_into_play,R,R,WSH,ATL,83.90,94.40,32,0,1,2023,2023-03
2023-03-30,2023,R,666168,669221,SL,Slider,,foul,R,R,WSH,ATL,83.10,74.10,-58,0,0,2023,2023-03
2023-03-30,2023,R,666168,671739,FF,4-Seam Fastball,strikeout,foul_tip,L,R,WSH,ATL,94.10,,,1,2,2023,2023-03
2023-03-30,2023,R,666168,671739,SI,Sinker,,swinging_strike,L,R,WSH,ATL,93.50,,,1,1,2023,2023-03
2023-03-30,2023,R,666168,671739,SL,Slider,,ball,L,R,WSH,ATL,84.40,,,0,1,2023,2023-03
2023-03-30,2023,R,666168,671739,SI,Sinker,,foul,L,R,WSH,ATL,94.00,75.60,-16,0,0,2023,2023-03
2023-03-30,2023,R,666201,502671,SI,Sinker,walk,ball,R,R,STL,TOR,95.60,,,3,2,2023,2023-03
2023-03-30,2023,R,666201,502671,FF,4-Seam Fastball,,foul,R,R,STL,TOR,94.10,78.50,45,3,2,2023,2023-03
2023-03-30,2023,R,666201,502671,SI,Sinker,,ball,R,R,STL,TOR,93.80,,,2,2,2023,2023-03
2023-03-30,2023,R,666201,502671,SI,Sinker,,foul,R,R,STL,TOR,94.40,48.20,55,2,2,2023,2023-03
2023-03-30,2023,R,666201,502671,FF,4-Seam Fastball,,foul,R,R,STL,TOR,94.00,84.00,70,2,2,2023,2023-03
2023-03-30,2023,R,666201,502671,SI,Sinker,,swinging_strike,R,R,STL,TOR,93.90,,,2,1,2023,2023-03
2023-03-30,2023,R,666201,502671,SI,Sinker,,called_strike,R,R,STL,TOR,92.50,,,2,0,2023,2023-03
2023-03-30,2023,R,666201,502671,SL,Slider,,ball,R,R,STL,TOR,80.70,,,1,0,2023,2023-03
2023-03-30,2023,R,666201,502671,SL,Slider,,ball,R,R,STL,TOR,81.80,,,0,0,2023,2023-03
2023-03-30,2023,R,666201,502671,SL,Slider,field_out,hit_into_play,R,R,STL,TOR,83.40,82.60,50,2,2,2023,2023-03
2023-03-30,2023,R,666201,502671,FF,4-Seam Fastball,,foul,R,R,STL,TOR,95.30,82.30,11,2,2,2023,2023-03
2023-03-30,2023,R,666201,502671,FF,4-Seam Fastball,,ball,R,R,STL,TOR,95.40,,,1,2,2023,2023-03
2023-03-30,2023,R,666201,502671,SI,Sinker,,swinging_strike,R,R,STL,TOR,94.60,,,1,1,2023,2023-03
2023-03-30,2023,R,666201,502671,SI,Sinker,,called_strike,R,R,STL,TOR,93.20,,,1,0,2023,2023-03
2023-03-30,2023,R,666201,502671,FF,4-Seam Fastball,,ball,R,R,STL,TOR,93.30,,,0,0,2023,2023-03
2023-03-30,2023,R,666201,502671,FF,4-Seam Fastball,strikeout,swinging_strike,R,R,STL,TOR,95.40,,,3,2,2023,2023-03
2023-03-30,2023,R,666201,502671,SL,Slider,,blocked_ball,R,R,STL,TOR,84.00,,,2,2,2023,2023-03
2023-03-30,2023,R,666201,502671,SI,Sinker,,foul,R,R,STL,TOR,95.30,77.40,29,2,2,2023,2023-03
2023-03-30,2023,R,666201,502671,FF,4-Seam Fastball,,ball,R,R,STL,TOR,95.80,,,1,2,2023,2023-03
2023-03-30,2023,R,666201,502671,SI,Sinker,,foul,R,R,STL,TOR,93.70,67.90,-22,1,1,2023,2023-03
2023-03-30,2023,R,666201,502671,FF,4-Seam Fastball,,swinging_strike,R,R,STL,TOR,95.50,,,1,0,2023,2023-03
2023-03-30,2023,R,666201,502671,FF,4-Seam Fastball,,ball,R,R,STL,TOR,95.20,,,0,0,2023,2023-03
2023-03-30,2023,R,666201,571448,FF,4-Seam Fastball,field_out,hit_into_play,R,R,STL,TOR,94.30,95.70,42,0,0,2023,2023-03
2023-03-30,2023,R,666201,571448,SI,Sinker,single,hit_into_play,R,R,STL,TOR,95.00,81.20,24,0,0,2023,2023-03
2023-03-30,2023,R,666201,575929,SL,Slider,single,hit_into_play,R,R,STL,TOR,82.10,79.60,8,1,2,2023,2023-03
2023-03-30,2023,R,666201,575929,SL,Slider,,called_strike,R,R,STL,TOR,80.80,,,1,1,2023,2023-03
2023-03-30,2023,R,666201,575929,FF,4-Seam Fastball,,ball,R,R,STL,TOR,93.60,,,0,1,2023,2023-03
2023-03-30,2023,R,666201,575929,SI,Sinker,,called_strike,R,R,STL,TOR,94.90,,,0,0,2023,2023-03
2023-03-30,2023,R,666201,575929,SI,Sinker,field_out,hit_into_play,R,R,STL,TOR,95.00,79.70,12,1,2,2023,2023-03
2023-03-30,2023,R,666201,575929,SL,Slider,,ball,R,R,STL,TOR,80.60,,,0,2,2023,2023-03
2023-03-30,2023,R,666201,575929,FF,4-Seam Fastball,,foul,R,R,STL,TOR,93.90,73.30,31,0,2,2023,2023-03
2023-03-30,2023,R,666201,575929,SL,Slider,,called_strike,R,R,STL,TOR,80.70,,,0,1,2023,2023-03
2023-03-30,2023,R,666201,575929,SL,Slider,,swinging_strike,R,R,STL,TOR,82.50,,,0,0,2023,2023-03
2023-03-30,2023,R,666201,641933,FF,4-Seam Fastball,home_run,hit_into_play,R,R,STL,TOR,94.00,105.40,24,0,0,2023,2023-03
2023-03-30,2023,R,666201,641933,FF,4-Seam Fastball,strikeout,swinging_strike,R,R,STL,TOR,94.20,,,1,2,2023,2023-03
2023-03-30,2023,R,666201,641933,FF,4-Seam Fastball,,foul,R,R,STL,TOR,94.10,70.40,28,1,1,2023,2023-03
2023-03-30,2023,R,666201,641933,SL,Slider,,blocked_ball,R,R,STL,TOR,81.60,,,0,1,2023,2023-03
2023-03-30,2023,R,666201,641933,SL,Slider,,swinging_strike,R,R,STL,TOR,81.80,,,0,0,2023,2023-03
2023-03-30,2023,R,666201,663457,FF,4-Seam Fastball,field_out,hit_into_play,L,R,STL,TOR,92.60,86.50,-36,1,2,2023,2023-03
2023-03-30,2023,R,666201,663457,SL,Slider,,ball,L,R,STL,TOR,81.80,,,0,2,2023,2023-03
2023-03-30,2023,R,666201,663457,SI,Sinker,,called_strike,L,R,STL,TOR,94.20,,,0,1,2023,2023-03
2023-03-30,2023,R,666201,663457,FF,4-Seam Fastball,,called_strike,L,R,STL,TOR,93.70,,,0,0,2023,2023-03
2023-03-30,2023,R,666201,663457,FF,4-Seam Fastball,field_out,hit_into_play,L,R,STL,TOR,93.80,101.50,-9,2,0,2023,2023-03
2023-03-30,2023,R,666201,663457,CH,Changeup,,ball,L,R,STL,TOR,88.10,,,1,0,2023,2023-03
2023-03-30,2023,R,666201,663457,CH,Changeup,,ball,L,R,STL,TOR,87.70,,,0,0,2023,2023-03
2023-03-30,2023,R,666201,663457,SL,Slider,walk,ball,L,R,STL,TOR,81.20,,,3,2,2023,2023-03
2023-03-30,2023,R,666201,663457,SI,Sinker,,ball,L,R,STL,TOR,94.30,,,2,2,2023,2023-03
2023-03-30,2023,R,666201,663457,SL,Slider,,blocked_ball,L,R,STL,TOR,81.80,,,1,2,2023,2023-03
2023-03-30,2023,R,666201,663457,SI,Sinker,,swinging_strike,L,R,STL,TOR,94.60,,,1,1,2023,2023-03
2023-03-30,2023,R,666201,663457,FF,4-Seam Fastball,,called_strike,L,R,STL,TOR,94.40,,,1,0,2023,2023-03
2023-03-30,2023,R,666201,663457,FF,4-Seam Fastball,,ball,L,R,STL,TOR,94.30,,,0,0,2023,2023-03
2023-03-30,2023,R,666201,669242,SL,Slider,single,hit_into_play,L,R,STL,TOR,79.30,65.00,-55,3,2,2023,2023-03
2023-03-30,2023,R,666201,669242,SL,Slider,,foul,L,R,STL,TOR,81.20,,,3,2,2023,2023-03
2023-03-30,2023,R,666201,669242,SI,Sinker,,called_strike,L,R,STL,TOR,92.60,,,3,1,2023,2023-03
2023-03-30,2023,R,666201,669242,CH,Changeup,,ball,L,R,STL,TOR,86.50,,,2,1,2023,2023-03
2023-03-30,2023,R,666201,669242,FF,4-Seam Fastball,,called_strike,L,R,STL,TOR,92.50,,,2,0,2023,2023-03
2023-03-30,2023,R,666201,669242,SL,Slider,,ball,L,R,STL,TOR,79.30,,,1,0,2023,2023-03
2023-03-30,2023,R,666201,669242,,,,automatic_ball,L,R,STL,TOR,,,,0,0,2023,2023-03
2023-03-30,2023,R,666201,669242,CH,Changeup,single,hit_into_play,L,R,STL,TOR,87.10,78.00,17,1,0,2023,2023-03
2023-03-30,2023,R,666201,669242,FF,4-Seam Fastball,,blocked_ball,L,R,STL,TOR,94.70,,,0,0,2023,2023-03
2023-03-30,2023,R,666201,669357,SI,Sinker,single,hit_into_play,L,R,STL,TOR,92.60,92.80,12,2,0,2023,2023-03
2023-03-30,2023,R,666201,669357,CH,Changeup,,ball,L,R,STL,TOR,87.00,,,1,0,2023,2023-03
2023-03-30,2023,R,666201,669357,CH,Changeup,,ball,L,R,STL,TOR,87.30,,,0,0,2023,2023-03
2023-03-30,2023,R,666201,669357,SI,Sinker,strikeout,swinging_strike,L,R,STL,TOR,93.70,,,1,2,2023,2023-03
2023-03-30,2023,R,666201,669357,FF,4-Seam Fastball,,ball,L,R,STL,TOR,94.30,,,0,2,2023,2023-03
2023-03-30,2023,R,666201,669357,FF,4-Seam Fastball,,swinging_strike,L,R,STL,TOR,94.60,,,0,1,2023,2023-03
2023-03-30,2023,R,666201,669357,FF,4-Seam Fastball,,called_strike,L,R,STL,TOR,94.00,,,0,0,2023,2023-03
2023-03-30,2023,R,666201,680977,SL,Slider,home_run,hit_into_play,L,R,STL,TOR,83.00,99.00,31,0,2,2023,2023-03
2023-03-30,2023,R,666201,680977,FF,4-Seam Fastball,,foul,L,R,STL,TOR,93.50,73.00,28,0,2,2023,2023-03
2023-03-30,2023,R,666201,680977,SI,Sinker,,swinging_strike,L,R,STL,TOR,93.60,,,0,1,2023,2023-03
2023-03-30,2023,R,666201,680977,FF,4-Seam Fastball,,called_strike,L,R,STL,TOR,92.20,,,0,0,2023,2023-03
2023-03-30,2023,R,666201,680977,FF,4-Seam Fastball,field_out,hit_into_play,L,R,STL,TOR,94.80,109.10,15,3,2,2023,2023-03
2023-03-30,2023,R,666201,680977,SI,Sinker,,foul,L,R,STL,TOR,93.70,65.70,61,3,1,2023,2023-03
2023-03-30,2023,R,666201,680977,SL,Slider,,ball,L,R,STL,TOR,81.00,,,2,1,2023,2023-03
2023-03-30,2023,R,666201,680977,FF,4-Seam Fastball,,ball,L,R,STL,TOR,94.10,,,1,1,2023,2023-03
2023-03-30,2023,R,666201,680977,SI,Sinker,,swinging_strike,L,R,STL,TOR,94.10,,,1,0,2023,2023-03
2023-03-30,2023,R,666201,680977,FF,4-Seam Fastball,,ball,L,R,STL,TOR,94.00,,,0,0,2023,2023-03
2023-03-30,2023,R,666201,680977,FF,4-Seam Fastball,single,hit_into_play,L,R,STL,TOR,94.40,65.20,16,3,2,2023,2023-03
2023-03-30,2023,R,666201,680977,FF,4-Seam Fastball,,foul,L,R,STL,TOR,92.90,83.00,-19,3,1,2023,2023-03
2023-03-30,2023,R,666201,680977,SI,Sinker,,ball,L,R,STL,TOR,93.60,,,2,1,2023,2023-03
2023-03-30,2023,R,666201,680977,CH,Changeup,,ball,L,R,STL,TOR,85.50,,,1,1,2023,2023-03
2023-03-30,2023,R,666201,680977,FF,4-Seam Fastball,,ball,L,R,STL,TOR,93.80,,,0,1,2023,2023-03
2023-03-30,2023,R,666201,680977,FF,4-Seam Fastball,,called_strike,L,R,STL,TOR,93.40,,,0,0,2023,2023-03
2023-03-30,2023,R,666201,691023,SI,Sinker,field_out,hit_into_play,R,R,STL,TOR,93.80,46.20,-26,0,0,2023,2023-03
2023-03-30,2023,R,666201,691023,SL,Slider,single,hit_into_play,R,R,STL,TOR,82.70,103.40,6,0,1,2023,2023-03
2023-03-30,2023,R,666201,691023,FF,4-Seam Fastball,,called_strike,R,R,STL,TOR,95.70,,,0,0,2023,2023-03
2023-03-30,2023,R,666204,570482,SL,Slider,field_out,hit_into_play,R,R,ATH,LAA,80.70,96.00,34,3,2,2023,2023-03
2023-03-30,2023,R,666204,570482,SL,Slider,,blocked_ball,R,R,ATH,LAA,82.90,,,2,2,2023,2023-03
2023-03-30,2023,R,666204,570482,SL,Slider,,foul,R,R,ATH,LAA,82.10,64.00,38,2,2,2023,2023-03
2023-03-30,2023,R,666204,570482,FF,4-Seam Fastball,,foul,R,R,ATH,LAA,90.30,94.40,35,2,1,2023,2023-03
2023-03-30,2023,R,666204,570482,SL,Slider,,ball,R,R,ATH,LAA,81.20,,,1,1,2023,2023-03
2023-03-30,2023,R,666204,570482,SL,Slider,,swinging_strike,R,R,ATH,LAA,80.80,,,1,0,2023,2023-03
2023-03-30,2023,R,666204,570482,SL,Slider,,ball,R,R,ATH,LAA,81.00,,,0,0,2023,2023-03
2023-03-30,2023,R,666204,592273,SL,Slider,field_out,hit_into_play,R,R,ATH,LAA,80.20,75.10,68,3,2,2023,2023-03
2023-03-30,2023,R,666204,592273,FF,4-Seam Fastball,,swinging_strike,R,R,ATH,LAA,89.90,,,3,1,2023,2023-03
2023-03-30,2023,R,666204,592273,SL,Slider,,ball,R,R,ATH,LAA,80.50,,,2,1,2023,2023-03
2023-03-30,2023,R,666204,592273,SL,Slider,,called_strike,R,R,ATH,LAA,79.20,,,2,0,2023,2023-03
2023-03-30,2023,R,666204,592273,SL,Slider,,ball,R,R,ATH,LAA,79.60,,,1,0,2023,2023-03
2023-03-30,2023,R,666204,592273,FF,4-Seam Fastball,,ball,R,R,ATH,LAA,90.50,,,0,0,2023,2023-03
2023-03-30,2023,R,666204,592669,SL,Slider,strikeout,swinging_strike,R,R,ATH,LAA,82.20,,,1,2,2023,2023-03
2023-03-30,2023,R,666204,592669,SL,Slider,,swinging_strike,R,R,ATH,LAA,79.60,,,1,1,2023,2023-03
2023-03-30,2023,R,666204,592669,SL,Slider,,called_strike,R,R,ATH,LAA,78.90,,,1,0,2023,2023-03
2023-03-30,2023,R,666204,592669,SL,Slider,,ball,R,R,ATH,LAA,76.70,,,0,0,2023,2023-03
2023-03-30,2023,R,666204,650859,SL,Slider,walk,ball,L,R,ATH,LAA,80.20,,,3,2,2023,2023-03
2023-03-30,2023,R,666204,650859,SL,Slider,,ball,L,R,ATH,LAA,82.30,,,2,2,2023,2023-03
2023-03-30,2023,R,666204,650859,FF,4-Seam Fastball,,ball,L,R,ATH,LAA,91.70,,,1,2,2023,2023-03
2023-03-30,2023,R,666204,650859,FF,4-Seam Fastball,,foul,L,R,ATH,LAA,91.30,66.50,60,1,2,2023,2023-03
2023-03-30,2023,R,666204,650859,SL,Slider,,foul,L,R,ATH,LAA,81.20,93.00,9,1,2,2023,2023-03
2023-03-30,2023,R,666204,650859,SL,Slider,,foul,L,R,ATH,LAA,81.60,88.40,44,1,2,2023,2023-03
2023-03-30,2023,R,666204,650859,FF,4-Seam Fastball,,foul,L,R,ATH,LAA,91.80,53.90,-58,1,2,2023,2023-03
2023-03-30,2023,R,666204,650859,SL,Slider,,called_strike,L,R,ATH,LAA,80.20,,,1,1,2023,2023-03
2023-03-30,2023,R,666204,650859,SL,Slider,,ball,L,R,ATH,LAA,80.50,,,0,1,2023,2023-03
2023-03-30,2023,R,666204,650859,FF,4-Seam Fastball,,called_strike,L,R,ATH,LAA,91.30,,,0,0,2023,2023-03
2023-03-30,2023,R,666205,543685,SL,Slider,field_out,hit_into_play,R,L,ATH,LAA,86.30,86.50,35,3,2,2023,2023-03
2023-03-30,2023,R,666205,543685,SL,Slider,,ball,R,L,ATH,LAA,86.70,,,2,2,2023,2023-03
2023-03-30,2023,R,666205,543685,FF,4-Seam Fastball,,foul,R,L,ATH,LAA,93.20,88.00,-34,2,2,2023,2023-03
2023-03-30,2023,R,666205,543685,SL,Slider,,foul,R,L,ATH,LAA,86.40,77.30,-3,2,1,2023,2023-03
2023-03-30,2023,R,666205,543685,SL,Slider,,ball,R,L,ATH,LAA,86.50,,,1,1,2023,2023-03
2023-03-30,2023,R,666205,543685,FF,4-Seam Fastball,,foul,R,L,ATH,LAA,92.00,81.00,61,1,0,2023,2023-03
2023-03-30,2023,R,666205,543685,CH,Changeup,,ball,R,L,ATH,LAA,85.30,,,0,0,2023,2023-03
2023-03-30,2023,R,666205,543685,FF,4-Seam Fastball,strikeout,called_strike,R,L,ATH,LAA,93.50,,,3,2,2023,2023-03
2023-03-30,2023,R,666205,543685,FF,4-Seam Fastball,,ball,R,L,ATH,LAA,92.60,,,2,2,2023,2023-03
2023-03-30,2023,R,666205,543685,SL,Slider,,called_strike,R,L,ATH,LAA,86.50,,,2,1,2023,2023-03
2023-03-30,2023,R,666205,543685,SL,Slider,,called_strike,R,L,ATH,LAA,86.50,,,2,0,2023,2023-03
2023-03-30,2023,R,666205,543685,FF,4-Seam Fastball,,ball,R,L,ATH,LAA,93.20,,,1,0,2023,2023-03
2023-03-30,2023,R,666205,543685,FF,4-Seam Fastball,,ball,R,L,ATH,LAA,92.40,,,0,0,2023,2023-03
2023-03-30,2023,R,666205,545361,FF,4-Seam Fastball,walk,ball,R,L,ATH,LAA,92.60,,,3,0,2023,2023-03
2023-03-30,2023,R,666205,545361,CH,Changeup,,ball,R,L,ATH,LAA,88.50,,,2,0,2023,2023-03
2023-03-30,2023,R,666205,545361,SL,Slider,,ball,R,L,ATH,LAA,86.10,,,1,0,2023,2023-03
2023-03-30,2023,R,666205,545361,SL,Slider,,ball,R,L,ATH,LAA,85.30,,,0,0,2023,2023-03
2023-03-30,2023,R,666205,545361,FF,4-Seam Fastball,field_out,hit_into_play,R,L,ATH,LAA,93.10,107.90,12,2,2,2023,2023-03
2023-03-30,2023,R,666205,545361,CU,Curveball,,ball,R,L,ATH,LAA,83.50,,,1,2,2023,2023-03
2023-03-30,2023,R,666205,545361,FF,4-Seam Fastball,,ball,R,L,ATH,LAA,95.90,,,0,2,2023,2023-03
2023-03-30,2023,R,666205,545361,FF,4-Seam Fastball,,called_strike,R,L,ATH,LAA,94.60,,,0,1,2023,2023-03
2023-03-30,2023,R,666205,545361,FF,4-Seam Fastball,,called_strike,R,L,ATH,LAA,93.80,,,0,0,2023,2023-03
2023-03-30,2023,R,666205,570482,FF,4-Seam Fastball,single,hit_into_play,R,L,ATH,LAA,91.80,92.20,-19,2,2,2023,2023-03
2023-03-30,2023,R,666205,570482,FF,4-Seam Fastball,,ball,R,L,ATH,LAA,91.00,,,1,2,2023,2023-03
2023-03-30,2023,R,666205,570482,CU,Curveball,,foul,R,L,ATH,LAA,80.40,,,1,2,2023,2023-03
2023-03-30,2023,R,666205,570482,CU,Curveball,,ball,R,L,ATH,LAA,83.10,,,0,2,2023,2023-03
2023-03-30,2023,R,666205,570482,FF,4-Seam Fastball,,foul,R,L,ATH,LAA,93.80,86.90,40,0,2,2023,2023-03
2023-03-30,2023,R,666205,570482,SL,Slider,,foul,R,L,ATH,LAA,84.60,80.90,50,0,1,2023,2023-03
2023-03-30,2023,R,666205,570482,SL,Slider,,called_strike,R,L,ATH,LAA,86.20,,,0,0,2023,2023-03
2023-03-30,2023,R,666205,570482,FF,4-Seam Fastball,single,hit_into_play,R,L,ATH,LAA,93.20,105.10,-18,1,0,2023,2023-03
2023-03-30,2023,R,666205,570482,FF,4-Seam Fastball,,ball,R,L,ATH,LAA,93.50,,,0,0,2023,2023-03
2023-03-30,2023,R,666205,592273,CU,Curveball,field_out,hit_into_play,R,L,ATH,LAA,80.50,95.40,4,0,2,2023,2023-03
2023-03-30,2023,R,666205,592273,FF,4-Seam Fastball,,foul,R,L,ATH,LAA,92.30,73.60,37,0,1,2023,2023-03
2023-03-30,2023,R,666205,592273,FF,4-Seam Fastball,,foul,R,L,ATH,LAA,92.40,81.10,69,0,0,2023,2023-03
2023-03-30,2023,R,666205,592273,SL,Slider,field_out,hit_into_play,R,L,ATH,LAA,86.50,66.70,20,1,0,2023,2023-03
2023-03-30,2023,R,666205,592273,SL,Slider,,ball,R,L,ATH,LAA,86.70,,,0,0,2023,2023-03
2023-03-30,2023,R,666205,592669,FF,4-Seam Fastball,field_out,hit_into_play,R,L,ATH,LAA,93.40,107.80,15,1,1,2023,2023-03
2023-03-30,2023,R,666205,592669,CH,Changeup,,swinging_strike,R,L,ATH,LAA,87.00,,,1,0,2023,2023-03
2023-03-30,2023,R,666205,592669,CH,Changeup,,ball,R,L,ATH,LAA,86.70,,,0,0,2023,2023-03
2023-03-30,2023,R,666205,592669,SL,Slider,field_out,hit_into_play,R,L,ATH,LAA,87.20,84.80,40,0,1,2023,2023-03
2023-03-30,2023,R,666205,592669,FF,4-Seam Fastball,,foul,R,L,ATH,LAA,93.60,92.50,1,0,0,2023,2023-03
2023-03-30,2023,R,666205,621493,SL,Slider,grounded_into_double_play,hit_into_play,R,L,ATH,LAA,85.20,71.00,3,1,0,2023,2023-03
2023-03-30,2023,R,666205,621493,SL,Slider,,blocked_ball,R,L,ATH,LAA,84.80,,,0,0,2023,2023-03
2023-03-30,2023,R,666205,621493,FF,4-Seam Fastball,force_out,hit_into_play,R,L,ATH,LAA,91.70,66.80,-25,0,1,2023,2023-03
2023-03-30,2023,R,666205,621493,CU,Curveball,,foul,R,L,ATH,LAA,79.10,75.10,54,0,0,2023,2023-03
2023-03-30,2023,R,666205,621493,CU,Curveball,strikeout,swinging_strike,R,L,ATH,LAA,80.70,,,1,2,2023,2023-03
2023-03-30,2023,R,666205,621493,SL,Slider,,foul,R,L,ATH,LAA,87.30,70.80,26,1,2,2023,2023-03
2023-03-30,2023,R,666205,621493,FF,4-Seam Fastball,,foul,R,L,ATH,LAA,93.30,24.70,-74,1,1,2023,2023-03
2023-03-30,2023,R,666205,621493,FF,4-Seam Fastball,,called_strike,R,L,ATH,LAA,93.20,,,1,0,2023,2023-03
2023-03-30,2023,R,666205,621493,FF,4-Seam Fastball,,ball,R,L,ATH,LAA,93.00,,,0,0,2023,2023-03
2023-03-30,2023,R,666205,650859,FF,4-Seam Fastball,force_out,hit_into_play,R,L,ATH,LAA,92.90,80.50,5,0,1,2023,2023-03
2023-03-30,2023,R,666205,650859,FF,4-Seam Fastball,,swinging_strike,R,L,ATH,LAA,93.10,,,0,0,2023,2023-03
2023-03-30,2023,R,666205,650859,CH,Changeup,field_out,hit_into_play,R,L,ATH,LAA,89.10,85.50,42,1,0,2023,2023-03
2023-03-30,2023,R,666205,650859,CH,Changeup,,ball,R,L,ATH,LAA,89.20,,,0,0,2023,2023-03
2023-03-30,2023,R,666205,660271,FF,4-Seam Fastball,single,hit_into_play,L,L,ATH,LAA,92.00,111.60,-3,1,0,2023,2023-03
2023-03-30,2023,R,666205,660271,FF,4-Seam Fastball,,ball,L,L,ATH,LAA,90.10,,,0,0,2023,2023-03
2023-03-30,2023,R,666205,660271,SL,Slider,strikeout,swinging_strike,L,L,ATH,LAA,87.50,,,3,2,2023,2023-03
2023-03-30,2023,R,666205,660271,SL,Slider,,foul,L,L,ATH,LAA,86.30,62.60,38,3,2,2023,2023-03
2023-03-30,2023,R,666205,660271,CU,Curveball,,ball,L,L,ATH,LAA,80.80,,,2,2,2023,2023-03
2023-03-30,2023,R,666205,660271,FF,4-Seam Fastball,,ball,L,L,ATH,LAA,92.80,,,1,2,2023,2023-03
2023-03-30,2023,R,666205,660271,FF,4-Seam Fastball,,foul,L,L,ATH,LAA,93.60,83.90,55,1,2,2023,2023-03
2023-03-30,2023,R,666205,660271,CU,Curveball,,ball,L,L,ATH,LAA,81.60,,,0,2,2023,2023-03
2023-03-30,2023,R,666205,660271,SL,Slider,,called_strike,L,L,ATH,LAA,85.80,,,0,1,2023,2023-03
2023-03-30,2023,R,666205,660271,SL,Slider,,foul,L,L,ATH,LAA,86.80,69.30,15,0,0,2023,2023-03
2023-03-30,2023,R,666205,681351,FF,4-Seam Fastball,single,hit_into_play,R,L,ATH,LAA,92.50,109.40,11,3,2,2023,2023-03
2023-03-30,2023,R,666205,681351,SL,Slider,,foul,R,L,ATH,LAA,85.70,102.50,8,3,1,2023,2023-03
2023-03-30,2023,R,666205,681351,SL,Slider,,ball,R,L,ATH,LAA,86.50,,,2,1,2023,2023-03
2023-03-30,2023,R,666205,681351,FF,4-Seam Fastball,,ball,R,L,ATH,LAA,92.10,,,1,1,2023,2023-03
2023-03-30,2023,R,666205,681351,FF,4-Seam Fastball,,swinging_strike,R,L,ATH,LAA,92.90,,,1,0,2023,2023-03
2023-03-30,2023,R,666205,681351,FF,4-Seam Fastball,,ball,R,L,ATH,LAA,92.00,,,0,0,2023,2023-03
2023-03-30,2023,R,666205,681351,SL,Slider,force_out,hit_into_play,R,L,ATH,LAA,85.60,96.40,-2,1,0,2023,2023-03
2023-03-30,2023,R,666205,681351,FF,4-Seam Fastball,,ball,R,L,ATH,LAA,92.10,,,0,0,2023,2023-03
2023-03-30,2023,R,666374,605137,FF,4-Seam Fastball,single,hit_into_play,L,R,SEA,CLE,97.80,107.70,8,2,1,2023,2023-03
2023-03-30,2023,R,666374,605137,FF,4-Seam Fastball,,swinging_strike,L,R,SEA,CLE,99.10,,,2,0,2023,2023-03
2023-03-30,2023,R,666374,605137,SL,Slider,,ball,L,R,SEA,CLE,86.20,,,1,0,2023,2023-03
2023-03-30,2023,R,666374,605137,KC,Knuckle Curve,,ball,L,R,SEA,CLE,86.50,,,0,0,2023,2023-03
2023-03-30,2023,R,666374,608070,SL,Slider,strikeout,swinging_strike,L,R,SEA,CLE,86.80,,,3,2,2023,2023-03
2023-03-30,2023,R,666374,608070,SL,Slider,,ball,L,R,SEA,CLE,86.90,,,2,2,2023,2023-03
2023-03-30,2023,R,666374,608070,FF,4-Seam Fastball,,called_strike,L,R,SEA,CLE,99.10,,,2,1,2023,2023-03
2023-03-30,2023,R,666374,608070,KC,Knuckle Curve,,ball,L,R,SEA,CLE,86.10,,,1,1,2023,2023-03
2023-03-30,2023,R,666374,608070,KC,Knuckle Curve,,foul,L,R,SEA,CLE,85.20,84.40,-30,1,0,2023,2023-03
2023-03-30,2023,R,666374,608070,SL,Slider,,ball,L,R,SEA,CLE,88.60,,,0,0,2023,2023-03
2023-03-30,2023,R,666374,642708,SL,Slider,strikeout,swinging_strike,R,R,SEA,CLE,86.90,,,1,2,2023,2023-03
2023-03-30,2023,R,666374,642708,SL,Slider,,ball,R,R,SEA,CLE,89.90,,,0,2,2023,2023-03
2023-03-30,2023,R,666374,642708,FF,4-Seam Fastball,,called_strike,R,R,SEA,CLE,98.20,,,0,1,2023,2023-03
2023-03-30,2023,R,666374,642708,SL,Slider,,called_strike,R,R,SEA,CLE,85.50,,,0,0,2023,2023-03
2023-03-30,2023,R,666374,647304,KC,Knuckle Curve,field_out,hit_into_play,L,R,SEA,CLE,84.60,73.50,42,2,1,2023,2023-03
2023-03-30,2023,R,666374,647304,SL,Slider,,ball,L,R,SEA,CLE,86.90,,,1,1,2023,2023-03
2023-03-30,2023,R,666374,647304,SL,Slider,,swinging_strike,L,R,SEA,CLE,87.90,,,1,0,2023,2023-03
2023-03-30,2023,R,666374,647304,KC,Knuckle Curve,,ball,L,R,SEA,CLE,83.20,,,0,0,2023,2023-03
2023-03-30,2023,R,667427,543685,FF,4-Seam Fastball,walk,ball,R,R,ATH,LAA,92.50,,,3,0,2023,2023-03
2023-03-30,2023,R,667427,543685,SL,Slider,,ball,R,R,ATH,LAA,83.00,,,2,0,2023,2023-03
2023-03-30,2023,R,667427,543685,SL,Slider,,ball,R,R,ATH,LAA,82.30,,,1,0,2023,2023-03
2023-03-30,2023,R,667427,543685,SL,Slider,,ball,R,R,ATH,LAA,82.90,,,0,0,2023,2023-03
2023-03-30,2023,R,667427,545361,SL,Slider,field_out,hit_into_play,R,R,ATH,LAA,83.80,104.50,40,3,2,2023,2023-03
2023-03-30,2023,R,667427,545361,FF,4-Seam Fastball,,ball,R,R,ATH,LAA,93.30,,,2,2,2023,2023-03
2023-03-30,2023,R,667427,545361,SL,Slider,,ball,R,R,ATH,LAA,83.40,,,1,2,2023,2023-03
2023-03-30,2023,R,667427,545361,SL,Slider,,called_strike,R,R,ATH,LAA,83.20,,,1,1,2023,2023-03
2023-03-30,2023,R,667427,545361,SL,Slider,,called_strike,R,R,ATH,LAA,82.00,,,1,0,2023,2023-03
2023-03-30,2023,R,667427,545361,FF,4-Seam Fastball,,ball,R,R,ATH,LAA,91.00,,,0,0,2023,2023-03
2023-03-30,2023,R,667427,592669,FF,4-Seam Fastball,field_out,hit_into_play,R,R,ATH,LAA,92.40,92.20,55,2,0,2023,2023-03
2023-03-30,2023,R,667427,592669,FF,4-Seam Fastball,,ball,R,R,ATH,LAA,93.00,,,1,0,2023,2023-03
2023-03-30,2023,R,667427,592669,SL,Slider,,ball,R,R,ATH,LAA,83.50,,,0,0,2023,2023-03
2023-03-30,2023,R,667427,660271,FF,4-Seam Fastball,strikeout,swinging_strike,L,R,ATH,LAA,94.10,,,3,2,2023,2023-03
2023-03-30,2023,R,667427,660271,FF,4-Seam Fastball,,ball,L,R,ATH,LAA,93.40,,,2,2,2023,2023-03
2023-03-30,2023,R,667427,660271,SL,Slider,,swinging_strike,L,R,ATH,LAA,83.70,,,2,1,2023,2023-03
2023-03-30,2023,R,667427,660271,SL,Slider,,ball,L,R,ATH,LAA,84.50,,,1,1,2023,2023-03
2023-03-30,2023,R,667427,660271,FF,4-Seam Fastball,,called_strike,L,R,ATH,LAA,93.10,,,1,0,2023,2023-03
2023-03-30,2023,R,667427,660271,FF,4-Seam Fastball,,ball,L,R,ATH,LAA,92.80,,,0,0,2023,2023-03
2023-03-30,2023,R,668678,444482,CH,Changeup,field_out,hit_into_play,L,R,LAD,AZ,85.60,100.60,-11,2,1,2023,2023-03
2023-03-30,2023,R,668678,444482,KC,Knuckle Curve,,ball,L,R,LAD,AZ,82.20,,,1,1,2023,2023-03
2023-03-30,2023,R,668678,444482,CH,Changeup,,ball,L,R,LAD,AZ,88.10,,,0,1,2023,2023-03
2023-03-30,2023,R,668678,444482,FF,4-Seam Fastball,,called_strike,L,R,LAD,AZ,91.90,,,0,0,2023,2023-03
2023-03-30,2023,R,668678,444482,FF,4-Seam Fastball,field_out,hit_into_play,L,R,LAD,AZ,94.20,95.40,1,1,0,2023,2023-03
2023-03-30,2023,R,668678,444482,FF,4-Seam Fastball,,ball,L,R,LAD,AZ,94.10,,,0,0,2023,2023-03
2023-03-30,2023,R,668678,500743,FF,4-Seam Fastball,field_out,hit_into_play,R,R,LAD,AZ,91.60,71.70,58,0,0,2023,2023-03
2023-03-30,2023,R,668678,500743,FF,4-Seam Fastball,double,hit_into_play,R,R,LAD,AZ,93.70,88.80,26,0,2,2023,2023-03
2023-03-30,2023,R,668678,500743,FF,4-Seam Fastball,,called_strike,R,R,LAD,AZ,93.20,,,0,1,2023,2023-03
2023-03-30,2023,R,668678,500743,FF,4-Seam Fastball,,swinging_strike,R,R,LAD,AZ,93.30,,,0,0,2023,2023-03
2023-03-30,2023,R,668678,502110,FF,4-Seam Fastball,single,hit_into_play,R,R,LAD,AZ,91.50,102.70,9,1,2,2023,2023-03
2023-03-30,2023,R,668678,502110,KC,Knuckle Curve,,ball,R,R,LAD,AZ,82.40,,,0,2,2023,2023-03
2023-03-30,2023,R,668678,502110,KC,Knuckle Curve,,foul,R,R,LAD,AZ,81.80,62.50,-42,0,2,2023,2023-03
2023-03-30,2023,R,668678,502110,FF,4-Seam Fastball,,swinging_strike,R,R,LAD,AZ,92.50,,,0,1,2023,2023-03
2023-03-30,2023,R,668678,502110,SL,Slider,,foul,R,R,LAD,AZ,87.10,83.70,-5,0,0,2023,2023-03
2023-03-30,2023,R,668678,502110,SL,Slider,field_out,hit_into_play,R,R,LAD,AZ,85.30,86.90,57,0,0,2023,2023-03
2023-03-30,2023,R,668678,502110,SL,Slider,field_out,hit_into_play,R,R,LAD,AZ,87.90,97.20,-3,3,2,2023,2023-03
2023-03-30,2023,R,668678,502110,SL,Slider,,ball,R,R,LAD,AZ,88.10,,,2,2,2023,2023-03
2023-03-30,2023,R,668678,502110,SL,Slider,,foul,R,R,LAD,AZ,87.70,88.40,50,2,1,2023,2023-03
2023-03-30,2023,R,668678,502110,FF,4-Seam Fastball,,ball,R,R,LAD,AZ,93.70,,,1,1,2023,2023-03
2023-03-30,2023,R,668678,502110,FF,4-Seam Fastball,,called_strike,R,R,LAD,AZ,93.00,,,1,0,2023,2023-03
2023-03-30,2023,R,668678,502110,FF,4-Seam Fastball,,ball,R,R,LAD,AZ,93.00,,,0,0,2023,2023-03
2023-03-30,2023,R,668678,518692,CH,Changeup,single,hit_into_play,L,R,LAD,AZ,86.30,81.20,13,3,1,2023,2023-03
2023-03-30,2023,R,668678,518692,FF,4-Seam Fastball,,foul,L,R,LAD,AZ,92.10,104.30,4,3,0,2023,2023-03
2023-03-30,2023,R,668678,518692,KC,Knuckle Curve,,ball,L,R,LAD,AZ,81.90,,,2,0,2023,2023-03
2023-03-30,2023,R,668678,518692,FF,4-Seam Fastball,,ball,L,R,LAD,AZ,90.80,,,1,0,2023,2023-03
2023-03-30,2023,R,668678,518692,FF,4-Seam Fastball,,ball,L,R,LAD,AZ,91.90,,,0,0,2023,2023-03
2023-03-30,2023,R,668678,518692,FF,4-Seam Fastball,field_out,hit_into_play,L,R,LAD,AZ,94.10,81.70,14,2,1,2023,2023-03
2023-03-30,2023,R,668678,518692,FF,4-Seam Fastball,,ball,L,R,LAD,AZ,93.60,,,1,1,2023,2023-03
2023-03-30,2023,R,668678,518692,FC,Cutter,,foul,L,R,LAD,AZ,89.20,111.00,28,1,0,2023,2023-03
2023-03-30,2023,R,668678,518692,FC,Cutter,,ball,L,R,LAD,AZ,90.10,,,0,0,2023,2023-03
2023-03-30,2023,R,668678,518692,SL,Slider,strikeout,swinging_strike,L,R,LAD,AZ,88.00,,,0,2,2023,2023-03
2023-03-30,2023,R,668678,518692,FF,4-Seam Fastball,,foul,L,R,LAD,AZ,93.50,,,0,1,2023,2023-03
2023-03-30,2023,R,668678,518692,FF,4-Seam Fastball,,called_strike,L,R,LAD,AZ,93.40,,,0,0,2023,2023-03
2023-03-30,2023,R,668678,571970,KC,Knuckle Curve,strikeout,swinging_strike,L,R,LAD,AZ,82.30,,,1,2,2023,2023-03
2023-03-30,2023,R,668678,571970,KC,Knuckle Curve,,swinging_strike,L,R,LAD,AZ,82.50,,,1,1,2023,2023-03
2023-03-30,2023,R,668678,571970,FF,4-Seam Fastball,,ball,L,R,LAD,AZ,93.20,,,0,1,2023,2023-03
2023-03-30,2023,R,668678,571970,FF,4-Seam Fastball,,called_strike,L,R,LAD,AZ,92.40,,,0,0,2023,2023-03
2023-03-30,2023,R,668678,571970,FF,4-Seam Fastball,strikeout,foul_tip,L,R,LAD,AZ,94.20,,,1,2,2023,2023-03
2023-03-30,2023,R,668678,571970,FF,4-Seam Fastball,,called_strike,L,R,LAD,AZ,93.40,,,1,1,2023,2023-03
2023-03-30,2023,R,668678,571970,KC,Knuckle Curve,,blocked_ball,L,R,LAD,AZ,83.70,,,0,1,2023,2023-03
2023-03-30,2023,R,668678,571970,KC,Knuckle Curve,,foul,L,R,LAD,AZ,83.80,46.10,-44,0,0,2023,2023-03
2023-03-30,2023,R,668678,571970,SL,Slider,strikeout,called_strike,L,R,LAD,AZ,88.50,,,2,2,2023,2023-03
2023-03-30,2023,R,668678,571970,FF,4-Seam Fastball,,swinging_strike,L,R,LAD,AZ,94.10,,,2,1,2023,2023-03
2023-03-30,2023,R,668678,571970,FF,4-Seam Fastball,,ball,L,R,LAD,AZ,94.60,,,1,1,2023,2023-03
2023-03-30,2023,R,668678,571970,KC,Knuckle Curve,,called_strike,L,R,LAD,AZ,84.60,,,1,0,2023,2023-03
2023-03-30,2023,R,668678,571970,KC,Knuckle Curve,,ball,L,R,LAD,AZ,83.60,,,0,0,2023,2023-03
2023-03-30,2023,R,668678,605141,FF,4-Seam Fastball,walk,ball,R,R,LAD,AZ,92.50,,,3,2,2023,2023-03
2023-03-30,2023,R,668678,605141,SL,Slider,,foul,R,R,LAD,AZ,86.10,80.90,-22,3,2,2023,2023-03
2023-03-30,2023,R,668678,605141,CH,Changeup,,ball,R,R,LAD,AZ,87.40,,,2,2,2023,2023-03
2023-03-30,2023,R,668678,605141,KC,Knuckle Curve,,foul,R,R,LAD,AZ,81.60,106.30,15,2,1,2023,2023-03
2023-03-30,2023,R,668678,605141,FF,4-Seam Fastball,,foul,R,R,LAD,AZ,93.30,,,2,0,2023,2023-03
2023-03-30,2023,R,668678,605141,FF,4-Seam Fastball,,ball,R,R,LAD,AZ,92.20,,,1,0,2023,2023-03
2023-03-30,2023,R,668678,605141,FF,4-Seam Fastball,,ball,R,R,LAD,AZ,92.20,,,0,0,2023,2023-03
2023-03-30,2023,R,668678,605141,KC,Knuckle Curve,strikeout,swinging_strike_blocked,R,R,LAD,AZ,83.70,,,2,2,2023,2023-03
2023-03-30,2023,R,668678,605141,CH,Changeup,,blocked_ball,R,R,LAD,AZ,89.80,,,1,2,2023,2023-03
2023-03-30,2023,R,668678,605141,FF,4-Seam Fastball,,foul,R,R,LAD,AZ,93.00,83.00,32,1,1,2023,2023-03
2023-03-30,2023,R,668678,605141,FF,4-Seam Fastball,,foul,R,R,LAD,AZ,94.10,77.40,61,1,0,2023,2023-03
2023-03-30,2023,R,668678,605141,FF,4-Seam Fastball,,ball,R,R,LAD,AZ,94.30,,,0,0,2023,2023-03
2023-03-30,2023,R,668678,605141,SL,Slider,strikeout,swinging_strike,R,R,LAD,AZ,87.30,,,1,2,2023,2023-03
2023-03-30,2023,R,668678,605141,KC,Knuckle Curve,,swinging_strike,R,R,LAD,AZ,84.70,,,1,1,2023,2023-03
2023-03-30,2023,R,668678,605141,FF,4-Seam Fastball,,ball,R,R,LAD,AZ,94.30,,,0,1,2023,2023-03
2023-03-30,2023,R,668678,605141,FF,4-Seam Fastball,,called_strike,R,R,LAD,AZ,94.40,,,0,0,2023,2023-03
2023-03-30,2023,R,668678,669257,SL,Slider,single,hit_into_play,R,R,LAD,AZ,87.00,60.80,38,0,2,2023,2023-03
2023-03-30,2023,R,668678,669257,SL,Slider,,called_strike,R,R,LAD,AZ,87.50,,,0,1,2023,2023-03
2023-03-30,2023,R,668678,669257,SL,Slider,,foul,R,R,LAD,AZ,87.60,83.30,70,0,0,2023,2023-03
2023-03-30,2023,R,668678,669257,FF,4-Seam Fastball,single,hit_into_play,R,R,LAD,AZ,93.40,88.90,14,2,2,2023,2023-03
2023-03-30,2023,R,668678,669257,FF,4-Seam Fastball,,called_strike,R,R,LAD,AZ,93.40,,,2,1,2023,2023-03
2023-03-30,2023,R,668678,669257,SL,Slider,,ball,R,R,LAD,AZ,89.30,,,1,1,2023,2023-03
2023-03-30,2023,R,668678,669257,FF,4-Seam Fastball,,ball,R,R,LAD,AZ,93.60,,,0,1,2023,2023-03
2023-03-30,2023,R,668678,669257,FF,4-Seam Fastball,,foul,R,R,LAD,AZ,94.00,88.20,74,0,0,2023,2023-03
2023-03-30,2023,R,668678,669257,KC,Knuckle Curve,double,hit_into_play,R,R,LAD,AZ,83.80,101.10,13,0,0,2023,2023-03
2023-03-30,2023,R,668678,678246,FF,4-Seam Fastball,walk,ball,R,R,LAD,AZ,92.50,,,3,0,2023,2023-03
2023-03-30,2023,R,668678,678246,FF,4-Seam Fastball,,ball,R,R,LAD,AZ,91.50,,,2,0,2023,2023-03
2023-03-30,2023,R,668678,678246,FF,4-Seam Fastball,,ball,R,R,LAD,AZ,92.20,,,1,0,2023,2023-03
2023-03-30,2023,R,668678,678246,KC,Knuckle Curve,,ball,R,R,LAD,AZ,82.70,,,0,0,2023,2023-03
2023-03-30,2023,R,668678,678246,FF,4-Seam Fastball,field_out,hit_into_play,R,R,LAD,AZ,93.80,85.40,41,0,2,2023,2023-03
2023-03-30,2023,R,668678,678246,FF,4-Seam Fastball,,foul,R,R,LAD,AZ,94.30,76.90,52,0,1,2023,2023-03
2023-03-30,2023,R,668678,678246,KC,Knuckle Curve,,foul,R,R,LAD,AZ,83.70,80.00,19,0,0,2023,2023-03
2023-03-30,2023,R,668678,681546,SL,Slider,strikeout,swinging_strike,L,R,LAD,AZ,88.00,,,1,2,2023,2023-03
2023-03-30,2023,R,668678,681546,CH,Changeup,,swinging_strike,L,R,LAD,AZ,84.50,,,1,1,2023,2023-03
2023-03-30,2023,R,668678,681546,CH,Changeup,,foul,L,R,LAD,AZ,86.90,71.00,-39,1,0,2023,2023-03
2023-03-30,2023,R,668678,681546,FF,4-Seam Fastball,,ball,L,R,LAD,AZ,91.70,,,0,0,2023,2023-03
2023-03-30,2023,R,668678,681546,CH,Changeup,walk,ball,L,R,LAD,AZ,86.20,,,3,2,2023,2023-03
2023-03-30,2023,R,668678,681546,CH,Changeup,,ball,L,R,LAD,AZ,86.90,,,2,2,2023,2023-03
2023-03-30,2023,R,668678,681546,CH,Changeup,,ball,L,R,LAD,AZ,87.50,,,1,2,2023,2023-03
2023-03-30,2023,R,668678,681546,KC,Knuckle Curve,,ball,L,R,LAD,AZ,82.90,,,0,2,2023,2023-03
2023-03-30,2023,R,668678,681546,FF,4-Seam Fastball,,called_strike,L,R,LAD,AZ,92.90,,,0,1,2023,2023-03
2023-03-30,2023,R,668678,681546,KC,Knuckle Curve,,swinging_strike,L,R,LAD,AZ,82.90,,,0,0,2023,2023-03
2023-03-30,2023,R,668868,474832,FF,4-Seam Fastball,strikeout,swinging_strike,L,L,STL,TOR,95.10,,,2,2,2023,2023-03
2023-03-30,2023,R,668868,474832,FF,4-Seam Fastball,,ball,L,L,STL,TOR,95.10,,,1,2,2023,2023-03
2023-03-30,2023,R,668868,474832,CU,Curveball,,called_strike,L,L,STL,TOR,75.20,,,1,1,2023,2023-03
2023-03-30,2023,R,668868,474832,CU,Curveball,,called_strike,L,L,STL,TOR,73.00,,,1,0,2023,2023-03
2023-03-30,2023,R,668868,474832,FF,4-Seam Fastball,,ball,L,L,STL,TOR,94.00,,,0,0,2023,2023-03
2023-03-30,2023,R,668868,593160,CU,Curveball,field_out,hit_into_play,R,L,STL,TOR,76.30,81.30,-18,0,1,2023,2023-03
2023-03-30,2023,R,668868,593160,FF,4-Seam Fastball,,foul,R,L,STL,TOR,96.70,78.70,52,0,0,2023,2023-03
2023-03-30,2023,R,668868,595281,FF,4-Seam Fastball,single,hit_into_play,L,L,STL,TOR,92.80,106.20,-8,0,0,2023,2023-03
2023-03-30,2023,R,668868,656305,CU,Curveball,strikeout,swinging_strike,R,L,STL,TOR,76.30,,,2,2,2023,2023-03
2023-03-30,2023,R,668868,656305,FF,4-Seam Fastball,,ball,R,L,STL,TOR,95.40,,,1,2,2023,2023-03
2023-03-30,2023,R,668868,656305,FF,4-Seam Fastball,,foul,R,L,STL,TOR,95.70,81.40,49,1,2,2023,2023-03
2023-03-30,2023,R,668868,656305,CU,Curveball,,foul,R,L,STL,TOR,76.30,98.10,-3,1,2,2023,2023-03
2023-03-30,2023,R,668868,656305,CU,Curveball,,ball,R,L,STL,TOR,76.10,,,0,2,2023,2023-03
2023-03-30,2023,R,668868,656305,FF,4-Seam Fastball,,called_strike,R,L,STL,TOR,95.20,,,0,1,2023,2023-03
2023-03-30,2023,R,668868,656305,CU,Curveball,,called_strike,R,L,STL,TOR,74.70,,,0,0,2023,2023-03
2023-03-30,2023,R,668868,662139,FF,4-Seam Fastball,sac_fly,hit_into_play,L,L,STL,TOR,94.30,106.60,15,2,1,2023,2023-03
2023-03-30,2023,R,668868,662139,FF,4-Seam Fastball,,foul_tip,L,L,STL,TOR,90.10,,,2,0,2023,2023-03
2023-03-30,2023,R,668868,662139,FF,4-Seam Fastball,,ball,L,L,STL,TOR,93.70,,,1,0,2023,2023-03
2023-03-30,2023,R,668868,662139,FF,4-Seam Fastball,,ball,L,L,STL,TOR,93.10,,,0,0,2023,2023-03
2023-03-30,2023,R,668868,672386,CU,Curveball,strikeout,swinging_strike_blocked,R,L,STL,TOR,76.10,,,1,2,2023,2023-03
2023-03-30,2023,R,668868,672386,FF,4-Seam Fastball,,foul,R,L,STL,TOR,93.90,91.90,18,1,1,2023,2023-03
2023-03-30,2023,R,668868,672386,CU,Curveball,,called_strike,R,L,STL,TOR,74.20,,,1,0,2023,2023-03
2023-03-30,2023,R,668868,672386,CU,Curveball,,ball,R,L,STL,TOR,73.50,,,0,0,2023,2023-03
2023-03-30,2023,R,668881,457705,,,walk,ball,R,R,CIN,PIT,,,,3,2,2023,2023-03
2023-03-30,2023,R,668881,457705,FF,4-Seam Fastball,,foul,R,R,CIN,PIT,97.20,104.20,5,3,2,2023,2023-03
2023-03-30,2023,R,668881,457705,SL,Slider,,ball,R,R,CIN,PIT,89.00,,,2,2,2023,2023-03
2023-03-30,2023,R,668881,457705,FF,4-Seam Fastball,,foul,R,R,CIN,PIT,101.10,,,2,2,2023,2023-03
2023-03-30,2023,R,668881,457705,FF,4-Seam Fastball,,ball,R,R,CIN,PIT,,,,1,2,2023,2023-03
2023-03-30,2023,R,668881,457705,FF,4-Seam Fastball,,called_strike,R,R,CIN,PIT,98.20,,,1,1,2023,2023-03
2023-03-30,2023,R,668881,457705,SL,Slider,,ball,R,R,CIN,PIT,90.10,,,0,1,2023,2023-03
2023-03-30,2023,R,668881,457705,SL,Slider,,called_strike,R,R,CIN,PIT,90.00,,,0,0,2023,2023-03
2023-03-30,2023,R,668881,457705,FF,4-Seam Fastball,walk,ball,R,R,CIN,PIT,101.10,,,3,2,2023,2023-03
2023-03-30,2023,R,668881,457705,FF,4-Seam Fastball,,foul,R,R,CIN,PIT,101.00,88.30,64,3,2,2023,2023-03
2023-03-30,2023,R,668881,457705,SL,Slider,,ball,R,R,CIN,PIT,91.70,,,2,2,2023,2023-03
2023-03-30,2023,R,668881,457705,FF,4-Seam Fastball,,ball,R,R,CIN,PIT,100.80,,,1,2,2023,2023-03
2023-03-30,2023,R,668881,457705,FF,4-Seam Fastball,,foul,R,R,CIN,PIT,100.40,76.20,46,1,1,2023,2023-03
2023-03-30,2023,R,668881,457705,SL,Slider,,ball,R,R,CIN,PIT,88.70,,,0,1,2023,2023-03
2023-03-30,2023,R,668881,457705,SL,Slider,,foul,R,R,CIN,PIT,89.50,39.90,-32,0,0,2023,2023-03
2023-03-30,2023,R,668881,467793,SL,Slider,strikeout,swinging_strike,L,R,CIN,PIT,90.40,,,1,2,2023,2023-03
2023-03-30,2023,R,668881,467793,FF,4-Seam Fastball,,foul,L,R,CIN,PIT,96.70,83.50,22,1,2,2023,2023-03
2023-03-30,2023,R,668881,467793,FF,4-Seam Fastball,,ball,L,R,CIN,PIT,102.10,,,0,2,2023,2023-03
2023-03-30,2023,R,668881,467793,FF,4-Seam Fastball,,foul_tip,L,R,CIN,PIT,100.20,,,0,1,2023,2023-03
2023-03-30,2023,R,668881,467793,FF,4-Seam Fastball,,foul,L,R,CIN,PIT,101.20,72.20,47,0,0,2023,2023-03
2023-03-30,2023,R,668881,467793,FF,4-Seam Fastball,strikeout,swinging_strike,L,R,CIN,PIT,101.40,,,1,2,2023,2023-03
2023-03-30,2023,R,668881,467793,FF,4-Seam Fastball,,ball,L,R,CIN,PIT,100.30,,,0,2,2023,2023-03
2023-03-30,2023,R,668881,467793,SL,Slider,,foul,L,R,CIN,PIT,89.20,74.40,73,0,1,2023,2023-03
2023-03-30,2023,R,668881,467793,SL,Slider,,called_strike,L,R,CIN,PIT,90.20,,,0,0,2023,2023-03
2023-03-30,2023,R,668881,595978,FF,4-Seam Fastball,walk,ball,R,R,CIN,PIT,101.00,,,3,2,2023,2023-03
2023-03-30,2023,R,668881,595978,FF,4-Seam Fastball,,ball,R,R,CIN,PIT,100.50,,,2,2,2023,2023-03
2023-03-30,2023,R,668881,595978,FF,4-Seam Fastball,,foul,R,R,CIN,PIT,101.40,78.10,62,2,2,2023,2023-03
2023-03-30,2023,R,668881,595978,SL,Slider,,ball,R,R,CIN,PIT,91.00,,,1,2,2023,2023-03
2023-03-30,2023,R,668881,595978,FF,4-Seam Fastball,,ball,R,R,CIN,PIT,100.10,,,0,2,2023,2023-03
2023-03-30,2023,R,668881,595978,FF,4-Seam Fastball,,foul,R,R,CIN,PIT,100.40,79.00,61,0,1,2023,2023-03
2023-03-30,2023,R,668881,595978,FF,4-Seam Fastball,,called_strike,R,R,CIN,PIT,100.40,,,0,0,2023,2023-03
2023-03-30,2023,R,668881,595978,FF,4-Seam Fastball,strikeout,foul_tip,R,R,CIN,PIT,101.00,,,1,2,2023,2023-03
2023-03-30,2023,R,668881,595978,FF,4-Seam Fastball,,ball,R,R,CIN,PIT,101.20,,,0,2,2023,2023-03
2023-03-30,2023,R,668881,595978,FF,4-Seam Fastball,,foul,R,R,CIN,PIT,100.50,78.90,49,0,1,2023,2023-03
2023-03-30,2023,R,668881,595978,FF,4-Seam Fastball,,called_strike,R,R,CIN,PIT,100.50,,,0,0,2023,2023-03
2023-03-30,2023,R,668881,663647,FF,4-Seam Fastball,strikeout,called_strike,R,R,CIN,PIT,100.60,,,2,2,2023,2023-03
2023-03-30,2023,R,668881,663647,FF,4-Seam Fastball,,foul,R,R,CIN,PIT,100.10,71.70,55,2,1,2023,2023-03
2023-03-30,2023,R,668881,663647,FF,4-Seam Fastball,,foul,R,R,CIN,PIT,99.90,78.70,59,2,0,2023,2023-03
2023-03-30,2023,R,668881,663647,SL,Slider,,blocked_ball,R,R,CIN,PIT,90.20,,,1,0,2023,2023-03
2023-03-30,2023,R,668881,663647,SL,Slider,,blocked_ball,R,R,CIN,PIT,90.20,,,0,0,2023,2023-03
2023-03-30,2023,R,668881,663647,SL,Slider,strikeout,called_strike,R,R,CIN,PIT,91.60,,,3,2,2023,2023-03
2023-03-30,2023,R,668881,663647,FF,4-Seam Fastball,,foul,R,R,CIN,PIT,100.70,76.70,45,3,2,2023,2023-03
2023-03-30,2023,R,668881,663647,FF,4-Seam Fastball,,foul,R,R,CIN,PIT,101.00,,,3,2,2023,2023-03
2023-03-30,2023,R,668881,663647,FF,4-Seam Fastball,,foul,R,R,CIN,PIT,100.50,76.70,47,3,2,2023,2023-03
2023-03-30,2023,R,668881,663647,FF,4-Seam Fastball,,foul,R,R,CIN,PIT,100.00,71.10,45,3,1,2023,2023-03
2023-03-30,2023,R,668881,663647,SL,Slider,,ball,R,R,CIN,PIT,90.80,,,2,1,2023,2023-03
2023-03-30,2023,R,668881,663647,SL,Slider,,foul,R,R,CIN,PIT,88.70,81.40,-52,2,0,2023,2023-03
2023-03-30,2023,R,668881,663647,SL,Slider,,ball,R,R,CIN,PIT,90.80,,,1,0,2023,2023-03
2023-03-30,2023,R,668881,663647,FF,4-Seam Fastball,,ball,R,R,CIN,PIT,99.50,,,0,0,2023,2023-03
2023-03-30,2023,R,668881,665833,FF,4-Seam Fastball,home_run,hit_into_play,L,R,CIN,PIT,101.30,111.10,25,3,2,2023,2023-03
2023-03-30,2023,R,668881,665833,SL,Slider,,ball,L,R,CIN,PIT,90.30,,,2,2,2023,2023-03
2023-03-30,2023,R,668881,665833,FF,4-Seam Fastball,,ball,L,R,CIN,PIT,101.90,,,1,2,2023,2023-03
2023-03-30,2023,R,668881,665833,,,,automatic_ball,L,R,CIN,PIT,,,,0,2,2023,2023-03
2023-03-30,2023,R,668881,665833,FF,4-Seam Fastball,,foul,L,R,CIN,PIT,99.30,82.00,45,0,2,2023,2023-03
2023-03-30,2023,R,668881,665833,FF,4-Seam Fastball,,called_strike,L,R,CIN,PIT,99.20,,,0,1,2023,2023-03
2023-03-30,2023,R,668881,665833,FF,4-Seam Fastball,,foul,L,R,CIN,PIT,98.10,80.50,22,0,0,2023,2023-03
2023-03-30,2023,R,668881,665833,FF,4-Seam Fastball,field_out,hit_into_play,L,R,CIN,PIT,100.50,96.20,29,0,0,2023,2023-03
2023-03-30,2023,R,668881,668804,FF,4-Seam Fastball,field_out,hit_into_play,L,R,CIN,PIT,100.90,87.40,-9,1,0,2023,2023-03
2023-03-30,2023,R,668881,668804,FF,4-Seam Fastball,,ball,L,R,CIN,PIT,99.90,,,0,0,2023,2023-03
2023-03-30,2023,R,668881,668804,SL,Slider,single,hit_into_play,L,R,CIN,PIT,89.60,108.60,7,1,0,2023,2023-03
2023-03-30,2023,R,668881,668804,FF,4-Seam Fastball,,ball,L,R,CIN,PIT,100.10,,,0,0,2023,2023-03
2023-03-30,2023,R,668881,669261,FF,4-Seam Fastball,strikeout,foul_tip,L,R,CIN,PIT,99.80,,,2,2,2023,2023-03
2023-03-30,2023,R,668881,669261,FF,4-Seam Fastball,,ball,L,R,CIN,PIT,98.40,,,1,2,2023,2023-03
2023-03-30,2023,R,668881,669261,SL,Slider,,called_strike,L,R,CIN,PIT,87.80,,,1,1,2023,2023-03
2023-03-30,2023,R,668881,669261,FF,4-Seam Fastball,,called_strike,L,R,CIN,PIT,98.50,,,1,0,2023,2023-03
2023-03-30,2023,R,668881,669261,SL,Slider,,ball,L,R,CIN,PIT,89.10,,,0,0,2023,2023-03
2023-03-30,2023,R,668881,669261,FF,4-Seam Fastball,strikeout,swinging_strike,L,R,CIN,PIT,101.10,,,2,2,2023,2023-03
2023-03-30,2023,R,668881,669261,FF,4-Seam Fastball,,ball,L,R,CIN,PIT,101.40,,,1,2,2023,2023-03
2023-03-30,2023,R,668881,669261,FF,4-Seam Fastball,,ball,L,R,CIN,PIT,100.90,,,0,2,2023,2023-03
2023-03-30,2023,R,668881,669261,FF,4-Seam Fastball,,called_strike,L,R,CIN,PIT,102.00,,,0,1,2023,2023-03
2023-03-30,2023,R,668881,669261,FF,4-Seam Fastball,,swinging_strike,L,R,CIN,PIT,100.20,,,0,0,2023,2023-03
2023-03-30,2023,R,668881,675986,FF,4-Seam Fastball,single,hit_into_play,L,R,CIN,PIT,101.60,83.80,19,2,2,2023,2023-03
2023-03-30,2023,R,668881,675986,FF,4-Seam Fastball,,foul,L,R,CIN,PIT,101.60,82.20,16,2,2,2023,2023-03
2023-03-30,2023,R,668881,675986,SL,Slider,,foul,L,R,CIN,PIT,90.90,,,2,1,2023,2023-03
2023-03-30,2023,R,668881,675986,FF,4-Seam Fastball,,ball,L,R,CIN,PIT,101.40,,,1,1,2023,2023-03
2023-03-30,2023,R,668881,675986,SL,Slider,,ball,L,R,CIN,PIT,90.10,,,0,1,2023,2023-03
2023-03-30,2023,R,668881,675986,SL,Slider,,called_strike,L,R,CIN,PIT,91.30,,,0,0,2023,2023-03
2023-03-30,2023,R,668881,675986,SL,Slider,strikeout,called_strike,L,R,CIN,PIT,90.70,,,1,2,2023,2023-03
2023-03-30,2023,R,668881,675986,FF,4-Seam Fastball,,ball,L,R,CIN,PIT,101.30,,,0,2,2023,2023-03
2023-03-30,2023,R,668881,675986,FF,4-Seam Fastball,,foul,L,R,CIN,PIT,100.80,79.50,61,0,2,2023,2023-03
2023-03-30,2023,R,668881,675986,FF,4-Seam Fastball,,swinging_strike,L,R,CIN,PIT,100.80,,,0,1,2023,2023-03
2023-03-30,2023,R,668881,675986,FF,4-Seam Fastball,,called_strike,L,R,CIN,PIT,101.80,,,0,0,2023,2023-03
2023-03-30,2023,R,668881,678225,FF,4-Seam Fastball,double,hit_into_play,L,R,CIN,PIT,99.20,88.10,12,0,0,2023,2023-03
2023-03-30,2023,R,668881,678225,FF,4-Seam Fastball,single,hit_into_play,L,R,CIN,PIT,100.80,66.20,-46,0,0,2023,2023-03
2023-03-30,2023,R,669203,543228,FC,Cutter,fielders_choice,hit_into_play,R,R,CHC,MIL,94.40,77.80,-37,0,0,2023,2023-03
2023-03-30,2023,R,669203,543228,SL,Slider,grounded_into_double_play,hit_into_play,R,R,CHC,MIL,86.50,109.60,-20,2,2,2023,2023-03
2023-03-30,2023,R,669203,543228,SI,Sinker,,foul,R,R,CHC,MIL,95.70,83.40,61,2,1,2023,2023-03
2023-03-30,2023,R,669203,543228,FC,Cutter,,ball,R,R,CHC,MIL,95.20,,,1,1,2023,2023-03
2023-03-30,2023,R,669203,543228,SL,Slider,,called_strike,R,R,CHC,MIL,87.00,,,1,0,2023,2023-03
2023-03-30,2023,R,669203,543228,SI,Sinker,,ball,R,R,CHC,MIL,96.30,,,0,0,2023,2023-03
2023-03-30,2023,R,669203,543333,FC,Cutter,force_out,hit_into_play,L,R,CHC,MIL,93.80,87.50,-10,0,1,2023,2023-03
2023-03-30,2023,R,669203,543333,FC,Cutter,,called_strike,L,R,CHC,MIL,94.50,,,0,0,2023,2023-03
2023-03-30,2023,R,669203,543333,FC,Cutter,field_out,hit_into_play,L,R,CHC,MIL,93.20,107.80,-19,2,2,2023,2023-03
2023-03-30,2023,R,669203,543333,CH,Changeup,,foul,L,R,CHC,MIL,89.00,76.50,44,2,2,2023,2023-03
2023-03-30,2023,R,669203,543333,CU,Curveball,,foul,L,R,CHC,MIL,81.40,85.70,-27,2,2,2023,2023-03
2023-03-30,2023,R,669203,543333,FC,Cutter,,foul,L,R,CHC,MIL,95.10,70.80,40,2,1,2023,2023-03
2023-03-30,2023,R,669203,543333,CH,Changeup,,ball,L,R,CHC,MIL,89.40,,,1,1,2023,2023-03
2023-03-30,2023,R,669203,543333,CH,Changeup,,ball,L,R,CHC,MIL,88.50,,,0,1,2023,2023-03
2023-03-30,2023,R,669203,543333,FC,Cutter,,called_strike,L,R,CHC,MIL,94.10,,,0,0,2023,2023-03
2023-03-30,2023,R,669203,621020,SI,Sinker,single,hit_into_play,R,R,CHC,MIL,91.80,79.00,6,0,1,2023,2023-03
2023-03-30,2023,R,669203,621020,CU,Curveball,,called_strike,R,R,CHC,MIL,79.40,,,0,0,2023,2023-03
2023-03-30,2023,R,669203,621020,SL,Slider,single,hit_into_play,R,R,CHC,MIL,86.40,97.40,4,0,1,2023,2023-03
2023-03-30,2023,R,669203,621020,SI,Sinker,,called_strike,R,R,CHC,MIL,95.80,,,0,0,2023,2023-03
2023-03-30,2023,R,669203,621020,FC,Cutter,field_out,hit_into_play,R,R,CHC,MIL,95.10,109.00,19,1,1,2023,2023-03
2023-03-30,2023,R,669203,621020,SL,Slider,,called_strike,R,R,CHC,MIL,88.60,,,1,0,2023,2023-03
2023-03-30,2023,R,669203,621020,SL,Slider,,ball,R,R,CHC,MIL,87.90,,,0,0,2023,2023-03
2023-03-30,2023,R,669203,621550,SL,Slider,field_out,hit_into_play,R,R,CHC,MIL,85.70,92.00,-23,0,0,2023,2023-03
2023-03-30,2023,R,669203,621550,FC,Cutter,walk,ball,R,R,CHC,MIL,93.80,,,3,1,2023,2023-03
2023-03-30,2023,R,669203,621550,SI,Sinker,,ball,R,R,CHC,MIL,95.50,,,2,1,2023,2023-03
2023-03-30,2023,R,669203,621550,FC,Cutter,,foul,R,R,CHC,MIL,93.80,81.40,64,2,0,2023,2023-03
2023-03-30,2023,R,669203,621550,SL,Slider,,ball,R,R,CHC,MIL,86.70,,,1,0,2023,2023-03
2023-03-30,2023,R,669203,621550,FC,Cutter,,ball,R,R,CHC,MIL,93.00,,,0,0,2023,2023-03
2023-03-30,2023,R,669203,641355,FC,Cutter,field_out,hit_into_play,L,R,CHC,MIL,94.50,87.70,31,3,2,2023,2023-03
2023-03-30,2023,R,669203,641355,CH,Changeup,,foul,L,R,CHC,MIL,87.90,73.10,-19,3,2,2023,2023-03
2023-03-30,2023,R,669203,641355,FC,Cutter,,ball,L,R,CHC,MIL,93.70,,,2,2,2023,2023-03
2023-03-30,2023,R,669203,641355,CU,Curveball,,foul,L,R,CHC,MIL,81.00,,,2,2,2023,2023-03
2023-03-30,2023,R,669203,641355,FC,Cutter,,ball,L,R,CHC,MIL,94.50,,,1,2,2023,2023-03
2023-03-30,2023,R,669203,641355,CH,Changeup,,foul,L,R,CHC,MIL,88.00,79.20,-39,1,1,2023,2023-03
2023-03-30,2023,R,669203,641355,CH,Changeup,,ball,L,R,CHC,MIL,87.40,,,0,1,2023,2023-03
2023-03-30,2023,R,669203,641355,FC,Cutter,,foul,L,R,CHC,MIL,92.30,76.30,8,0,0,2023,2023-03
2023-03-30,2023,R,669203,641355,CU,Curveball,strikeout,swinging_strike_blocked,L,R,CHC,MIL,82.70,,,0,2,2023,2023-03
2023-03-30,2023,R,669203,641355,CH,Changeup,,foul,L,R,CHC,MIL,88.30,86.30,20,0,1,2023,2023-03
2023-03-30,2023,R,669203,641355,FC,Cutter,,called_strike,L,R,CHC,MIL,93.60,,,0,0,2023,2023-03
2023-03-30,2023,R,669203,641355,CH,Changeup,field_out,hit_into_play,L,R,CHC,MIL,88.60,71.80,-2,0,1,2023,2023-03
2023-03-30,2023,R,669203,641355,FC,Cutter,,swinging_strike,L,R,CHC,MIL,94.30,,,0,0,2023,2023-03
2023-03-30,2023,R,669203,641820,CU,Curveball,strikeout,swinging_strike_blocked,R,R,CHC,MIL,80.90,,,1,2,2023,2023-03
2023-03-30,2023,R,669203,641820,SL,Slider,,blocked_ball,R,R,CHC,MIL,87.50,,,0,2,2023,2023-03
2023-03-30,2023,R,669203,641820,FC,Cutter,,called_strike,R,R,CHC,MIL,94.50,,,0,1,2023,2023-03
2023-03-30,2023,R,669203,641820,FC,Cutter,,foul,R,R,CHC,MIL,94.50,77.90,56,0,0,2023,2023-03
2023-03-30,2023,R,669203,641820,CH,Changeup,single,hit_into_play,R,R,CHC,MIL,88.60,104.10,9,1,2,2023,2023-03
2023-03-30,2023,R,669203,641820,SL,Slider,,ball,R,R,CHC,MIL,88.00,,,0,2,2023,2023-03
2023-03-30,2023,R,669203,641820,FC,Cutter,,called_strike,R,R,CHC,MIL,94.80,,,0,1,2023,2023-03
2023-03-30,2023,R,669203,641820,SL,Slider,,foul_tip,R,R,CHC,MIL,86.30,,,0,0,2023,2023-03
2023-03-30,2023,R,669203,641820,SI,Sinker,hit_by_pitch,hit_by_pitch,R,R,CHC,MIL,96.60,,,2,2,2023,2023-03
2023-03-30,2023,R,669203,641820,SL,Slider,,foul,R,R,CHC,MIL,88.50,74.10,-39,2,2,2023,2023-03
2023-03-30,2023,R,669203,641820,SL,Slider,,ball,R,R,CHC,MIL,87.50,,,1,2,2023,2023-03
2023-03-30,2023,R,669203,641820,SL,Slider,,swinging_strike,R,R,CHC,MIL,86.70,,,1,1,2023,2023-03
2023-03-30,2023,R,669203,641820,FC,Cutter,,swinging_strike,R,R,CHC,MIL,93.90,,,1,0,2023,2023-03
2023-03-30,2023,R,669203,641820,FC,Cutter,,ball,R,R,CHC,MIL,93.00,,,0,0,2023,2023-03
2023-03-30,2023,R,669203,663538,FC,Cutter,field_out,hit_into_play,R,R,CHC,MIL,94.20,84.90,42,1,1,2023,2023-03
2023-03-30,2023,R,669203,663538,CU,Curveball,,foul,R,R,CHC,MIL,79.10,76.50,20,1,0,2023,2023-03
2023-03-30,2023,R,669203,663538,CU,Curveball,,ball,R,R,CHC,MIL,80.10,,,0,0,2023,2023-03
2023-03-30,2023,R,669203,663538,FC,Cutter,single,hit_into_play,R,R,CHC,MIL,93.40,67.00,7,0,0,2023,2023-03
2023-03-30,2023,R,669203,663538,FC,Cutter,field_out,hit_into_play,R,R,CHC,MIL,96.30,91.10,32,1,2,2023,2023-03
2023-03-30,2023,R,669203,663538,SL,Slider,,foul,R,R,CHC,MIL,89.40,57.80,28,1,1,2023,2023-03
2023-03-30,2023,R,669203,663538,FC,Cutter,,ball,R,R,CHC,MIL,95.20,,,0,1,2023,2023-03
2023-03-30,2023,R,669203,663538,FC,Cutter,,called_strike,R,R,CHC,MIL,94.10,,,0,0,2023,2023-03
2023-03-30,2023,R,669203,664023,CH,Changeup,strikeout,swinging_strike,L,R,CHC,MIL,88.50,,,2,2,2023,2023-03
2023-03-30,2023,R,669203,664023,FC,Cutter,,foul,L,R,CHC,MIL,94.70,94.90,-49,2,2,2023,2023-03
2023-03-30,2023,R,669203,664023,FC,Cutter,,swinging_strike,L,R,CHC,MIL,92.00,,,2,1,2023,2023-03
2023-03-30,2023,R,669203,664023,FC,Cutter,,ball,L,R,CHC,MIL,91.70,,,1,1,2023,2023-03
2023-03-30,2023,R,669203,664023,CH,Changeup,,ball,L,R,CHC,MIL,88.10,,,0,1,2023,2023-03
2023-03-30,2023,R,669203,664023,FC,Cutter,,called_strike,L,R,CHC,MIL,92.20,,,0,0,2023,2023-03
2023-03-30,2023,R,669203,664023,FC,Cutter,walk,ball,L,R,CHC,MIL,95.30,,,3,2,2023,2023-03
2023-03-30,2023,R,669203,664023,FC,Cutter,,ball,L,R,CHC,MIL,94.90,,,2,2,2023,2023-03
2023-03-30,2023,R,669203,664023,CU,Curveball,,blocked_ball,L,R,CHC,MIL,81.80,,,1,2,2023,2023-03
2023-03-30,2023,R,669203,664023,FC,Cutter,,foul,L,R,CHC,MIL,93.40,78.90,-37,1,2,2023,2023-03
2023-03-30,2023,R,669203,664023,FC,Cutter,,ball,L,R,CHC,MIL,95.90,,,0,2,2023,2023-03
2023-03-30,2023,R,669203,664023,CH,Changeup,,foul_tip,L,R,CHC,MIL,87.10,,,0,1,2023,2023-03
2023-03-30,2023,R,669203,664023,FC,Cutter,,called_strike,L,R,CHC,MIL,93.90,,,0,0,2023,2023-03
2023-03-30,2023,R,669203,664023,FC,Cutter,walk,ball,L,R,CHC,MIL,95.20,,,3,0,2023,2023-03
2023-03-30,2023,R,669203,664023,FC,Cutter,,ball,L,R,CHC,MIL,95.50,,,2,0,2023,2023-03
2023-03-30,2023,R,669203,664023,FC,Cutter,,ball,L,R,CHC,MIL,95.40,,,1,0,2023,2023-03
2023-03-30,2023,R,669203,664023,FC,Cutter,,ball,L,R,CHC,MIL,94.40,,,0,0,2023,2023-03
2023-03-30,2023,R,669203,670156,FC,Cutter,field_out,hit_into_play,L,R,CHC,MIL,94.40,100.60,-19,2,1,2023,2023-03
2023-03-30,2023,R,669203,670156,FC,Cutter,,called_strike,L,R,CHC,MIL,91.00,,,2,0,2023,2023-03
2023-03-30,2023,R,669203,670156,CU,Curveball,,ball,L,R,CHC,MIL,79.20,,,1,0,2023,2023-03
2023-03-30,2023,R,669203,670156,FC,Cutter,,ball,L,R,CHC,MIL,91.80,,,0,0,2023,2023-03
2023-03-30,2023,R,669203,670156,FC,Cutter,force_out,hit_into_play,L,R,CHC,MIL,94.40,93.70,-45,1,1,2023,2023-03
2023-03-30,2023,R,669203,670156,FC,Cutter,,ball,L,R,CHC,MIL,93.20,,,0,1,2023,2023-03
2023-03-30,2023,R,669203,670156,CU,Curveball,,called_strike,L,R,CHC,MIL,80.50,,,0,0,2023,2023-03
2023-03-30,2023,R,669211,594807,FF,4-Seam Fastball,strikeout,called_strike,R,L,BOS,BAL,93.10,,,2,2,2023,2023-03
2023-03-30,2023,R,669211,594807,FF,4-Seam Fastball,,foul,R,L,BOS,BAL,92.60,77.60,50,2,1,2023,2023-03
2023-03-30,2023,R,669211,594807,CH,Changeup,,ball,R,L,BOS,BAL,83.70,,,1,1,2023,2023-03
2023-03-30,2023,R,669211,594807,FF,4-Seam Fastball,,called_strike,R,L,BOS,BAL,91.90,,,1,0,2023,2023-03
2023-03-30,2023,R,669211,594807,FF,4-Seam Fastball,,ball,R,L,BOS,BAL,91.30,,,0,0,2023,2023-03
2023-03-30,2023,R,669211,624414,FF,4-Seam Fastball,strikeout,swinging_strike,R,L,BOS,BAL,90.80,,,3,2,2023,2023-03
2023-03-30,2023,R,669211,624414,CH,Changeup,,blocked_ball,R,L,BOS,BAL,86.50,,,2,2,2023,2023-03
2023-03-30,2023,R,669211,624414,FF,4-Seam Fastball,,foul,R,L,BOS,BAL,92.30,72.80,28,2,1,2023,2023-03
2023-03-30,2023,R,669211,624414,FF,4-Seam Fastball,,swinging_strike,R,L,BOS,BAL,90.40,,,2,0,2023,2023-03
2023-03-30,2023,R,669211,624414,CH,Changeup,,ball,R,L,BOS,BAL,83.70,,,1,0,2023,2023-03
2023-03-30,2023,R,669211,624414,FF,4-Seam Fastball,,ball,R,L,BOS,BAL,91.40,,,0,0,2023,2023-03
2023-03-30,2023,R,669211,671213,FF,4-Seam Fastball,field_out,hit_into_play,L,L,BOS,BAL,93.80,68.10,-45,2,1,2023,2023-03
2023-03-30,2023,R,669211,671213,FF,4-Seam Fastball,,ball,L,L,BOS,BAL,91.50,,,1,1,2023,2023-03
2023-03-30,2023,R,669211,671213,SL,Slider,,ball,L,L,BOS,BAL,83.80,,,0,1,2023,2023-03
2023-03-30,2023,R,669211,671213,FF,4-Seam Fastball,,called_strike,L,L,BOS,BAL,92.60,,,0,0,2023,2023-03
2023-03-30,2023,R,669211,807799,FF,4-Seam Fastball,single,hit_into_play,L,L,BOS,BAL,90.70,97.90,-3,0,1,2023,2023-03
2023-03-30,2023,R,669211,807799,FF,4-Seam Fastball,,called_strike,L,L,BOS,BAL,92.10,,,0,0,2023,2023-03
2023-03-30,2023,R,669276,645302,SL,Slider,walk,ball,R,L,WSH,ATL,82.00,,,3,2,2023,2023-03
2023-03-30,2023,R,669276,645302,FF,4-Seam Fastball,,foul,R,L,WSH,ATL,91.60,71.70,25,3,2,2023,2023-03
2023-03-30,2023,R,669276,645302,SL,Slider,,foul,R,L,WSH,ATL,81.80,59.80,-23,3,1,2023,2023-03
2023-03-30,2023,R,669276,645302,FF,4-Seam Fastball,,ball,R,L,WSH,ATL,89.70,,,2,1,2023,2023-03
2023-03-30,2023,R,669276,645302,FF,4-Seam Fastball,,ball,R,L,WSH,ATL,89.10,,,1,1,2023,2023-03
2023-03-30,2023,R,669276,645302,SL,Slider,,ball,R,L,WSH,ATL,81.40,,,0,1,2023,2023-03
2023-03-30,2023,R,669276,645302,SL,Slider,,foul,R,L,WSH,ATL,80.00,77.00,-27,0,0,2023,2023-03
2023-03-30,2023,R,669276,671277,SL,Slider,field_out,hit_into_play,L,L,WSH,ATL,82.40,87.00,25,1,2,2023,2023-03
2023-03-30,2023,R,669276,671277,FF,4-Seam Fastball,,called_strike,L,L,WSH,ATL,91.30,,,1,1,2023,2023-03
2023-03-30,2023,R,669276,671277,SL,Slider,,foul,L,L,WSH,ATL,81.20,61.90,-17,1,0,2023,2023-03
2023-03-30,2023,R,669276,671277,SL,Slider,,ball,L,L,WSH,ATL,81.60,,,0,0,2023,2023-03
2023-03-30,2023,R,669276,682928,SL,Slider,field_out,hit_into_play,L,L,WSH,ATL,81.20,68.90,65,0,2,2023,2023-03
2023-03-30,2023,R,669276,682928,SL,Slider,,swinging_strike,L,L,WSH,ATL,82.20,,,0,1,2023,2023-03
2023-03-30,2023,R,669276,682928,SL,Slider,,swinging_strike,L,L,WSH,ATL,82.20,,,0,0,2023,2023-03
2023-03-30,2023,R,669395,456781,FF,4-Seam Fastball,field_out,hit_into_play,R,R,KC,MIN,93.70,99.40,16,2,0,2023,2023-03
2023-03-30,2023,R,669395,456781,FF,4-Seam Fastball,,ball,R,R,KC,MIN,95.00,,,1,0,2023,2023-03
2023-03-30,2023,R,669395,456781,FF,4-Seam Fastball,,ball,R,R,KC,MIN,95.70,,,0,0,2023,2023-03
2023-03-30,2023,R,669395,571657,FC,Cutter,single,hit_into_play,R,R,KC,MIN,86.70,101.50,2,0,1,2023,2023-03
2023-03-30,2023,R,669395,571657,FC,Cutter,,foul,R,R,KC,MIN,89.60,75.30,41,0,0,2023,2023-03
2023-03-30,2023,R,669395,621043,FF,4-Seam Fastball,field_out,hit_into_play,R,R,KC,MIN,94.80,105.90,19,1,1,2023,2023-03
2023-03-30,2023,R,669395,621043,ST,Sweeper,,ball,R,R,KC,MIN,81.80,,,0,1,2023,2023-03
2023-03-30,2023,R,669395,621043,FF,4-Seam Fastball,,called_strike,R,R,KC,MIN,95.60,,,0,0,2023,2023-03
2023-03-30,2023,R,669395,621439,FF,4-Seam Fastball,field_out,hit_into_play,R,R,KC,MIN,94.10,99.10,67,2,0,2023,2023-03
2023-03-30,2023,R,669395,621439,FC,Cutter,,ball,R,R,KC,MIN,86.80,,,1,0,2023,2023-03
2023-03-30,2023,R,669395,621439,FF,4-Seam Fastball,,ball,R,R,KC,MIN,94.90,,,0,0,2023,2023-03
2023-03-30,2023,R,669395,663616,FC,Cutter,walk,ball,L,R,KC,MIN,88.50,,,3,2,2023,2023-03
2023-03-30,2023,R,669395,663616,ST,Sweeper,,ball,L,R,KC,MIN,82.70,,,2,2,2023,2023-03
2023-03-30,2023,R,669395,663616,FC,Cutter,,called_strike,L,R,KC,MIN,87.90,,,2,1,2023,2023-03
2023-03-30,2023,R,669395,663616,FC,Cutter,,called_strike,L,R,KC,MIN,89.40,,,2,0,2023,2023-03
2023-03-30,2023,R,669395,663616,FC,Cutter,,ball,L,R,KC,MIN,88.00,,,1,0,2023,2023-03
2023-03-30,2023,R,669395,663616,FF,4-Seam Fastball,,ball,L,R,KC,MIN,94.70,,,0,0,2023,2023-03
2023-03-30,2023,R,669395,669304,FF,4-Seam Fastball,walk,ball,R,R,KC,MIN,93.10,,,3,1,2023,2023-03
2023-03-30,2023,R,669395,669304,FC,Cutter,,ball,R,R,KC,MIN,87.10,,,2,1,2023,2023-03
2023-03-30,2023,R,669395,669304,FF,4-Seam Fastball,,ball,R,R,KC,MIN,94.50,,,1,1,2023,2023-03
2023-03-30,2023,R,669395,669304,FC,Cutter,,swinging_strike,R,R,KC,MIN,87.40,,,1,0,2023,2023-03
2023-03-30,2023,R,669395,669304,FF,4-Seam Fastball,,ball,R,R,KC,MIN,93.90,,,0,0,2023,2023-03
2023-03-30,2023,R,669438,668227,CU,Curveball,field_out,hit_into_play,R,R,TB,DET,80.50,95.50,28,1,1,2023,2023-03
2023-03-30,2023,R,669438,668227,FF,4-Seam Fastball,,ball,R,R,TB,DET,93.10,,,0,1,2023,2023-03
2023-03-30,2023,R,669438,668227,SL,Slider,,called_strike,R,R,TB,DET,86.50,,,0,0,2023,2023-03
2023-03-30,2023,R,669438,670042,SL,Slider,field_out,hit_into_play,L,R,TB,DET,86.20,99.90,-10,1,1,2023,2023-03
2023-03-30,2023,R,669438,670042,SL,Slider,,called_strike,L,R,TB,DET,86.80,,,1,0,2023,2023-03
2023-03-30,2023,R,669438,670042,CH,Changeup,,ball,L,R,TB,DET,84.00,,,0,0,2023,2023-03
2023-03-30,2023,R,669438,670623,FF,4-Seam Fastball,field_out,hit_into_play,R,R,TB,DET,93.00,92.60,-13,3,2,2023,2023-03
2023-03-30,2023,R,669438,670623,SL,Slider,,foul,R,R,TB,DET,85.40,106.10,10,3,2,2023,2023-03
2023-03-30,2023,R,669438,670623,FF,4-Seam Fastball,,ball,R,R,TB,DET,93.50,,,2,2,2023,2023-03
2023-03-30,2023,R,669438,670623,SL,Slider,,called_strike,R,R,TB,DET,86.60,,,2,1,2023,2023-03
2023-03-30,2023,R,669438,670623,CH,Changeup,,ball,R,R,TB,DET,84.70,,,1,1,2023,2023-03
2023-03-30,2023,R,669438,670623,SL,Slider,,ball,R,R,TB,DET,85.70,,,0,1,2023,2023-03
2023-03-30,2023,R,669438,670623,SL,Slider,,called_strike,R,R,TB,DET,86.50,,,0,0,2023,2023-03
2023-03-30,2023,R,669438,677551,FF,4-Seam Fastball,home_run,hit_into_play,L,R,TB,DET,92.90,104.80,30,3,2,2023,2023-03
2023-03-30,2023,R,669438,677551,CH,Changeup,,foul,L,R,TB,DET,84.40,63.50,47,3,2,2023,2023-03
2023-03-30,2023,R,669438,677551,SL,Slider,,foul,L,R,TB,DET,85.60,81.60,57,3,2,2023,2023-03
2023-03-30,2023,R,669438,677551,FF,4-Seam Fastball,,ball,L,R,TB,DET,92.80,,,2,2,2023,2023-03
2023-03-30,2023,R,669438,677551,SL,Slider,,foul,L,R,TB,DET,86.80,72.40,54,2,2,2023,2023-03
2023-03-30,2023,R,669438,677551,CH,Changeup,,ball,L,R,TB,DET,84.50,,,1,2,2023,2023-03
2023-03-30,2023,R,669438,677551,CH,Changeup,,ball,L,R,TB,DET,85.70,,,0,2,2023,2023-03
2023-03-30,2023,R,669438,677551,CU,Curveball,,foul,L,R,TB,DET,80.00,69.10,39,0,1,2023,2023-03
2023-03-30,2023,R,669438,677551,FF,4-Seam Fastball,,called_strike,L,R,TB,DET,92.70,,,0,0,2023,2023-03
2023-03-30,2023,R,669456,543939,FC,Cutter,field_out,hit_into_play,L,R,SEA,CLE,86.10,102.20,9,3,2,2023,2023-03
2023-03-30,2023,R,669456,543939,FF,4-Seam Fastball,,foul,L,R,SEA,CLE,91.10,89.30,-2,3,2,2023,2023-03
2023-03-30,2023,R,669456,543939,SL,Slider,,ball,L,R,SEA,CLE,83.40,,,2,2,2023,2023-03
2023-03-30,2023,R,669456,543939,KC,Knuckle Curve,,ball,L,R,SEA,CLE,80.80,,,1,2,2023,2023-03
2023-03-30,2023,R,669456,543939,FF,4-Seam Fastball,,foul,L,R,SEA,CLE,90.90,74.90,11,1,2,2023,2023-03
2023-03-30,2023,R,669456,543939,FF,4-Seam Fastball,,swinging_strike,L,R,SEA,CLE,90.60,,,1,1,2023,2023-03
2023-03-30,2023,R,669456,543939,FC,Cutter,,ball,L,R,SEA,CLE,85.90,,,0,1,2023,2023-03
2023-03-30,2023,R,669456,543939,FF,4-Seam Fastball,,called_strike,L,R,SEA,CLE,90.30,,,0,0,2023,2023-03
2023-03-30,2023,R,669456,543939,CH,Changeup,field_out,hit_into_play,L,R,SEA,CLE,86.30,98.40,-9,1,1,2023,2023-03
2023-03-30,2023,R,669456,543939,FF,4-Seam Fastball,,ball,L,R,SEA,CLE,90.90,,,0,1,2023,2023-03
2023-03-30,2023,R,669456,543939,FC,Cutter,,foul,L,R,SEA,CLE,86.20,71.80,-48,0,0,2023,2023-03
2023-03-30,2023,R,669456,543939,KC,Knuckle Curve,field_out,hit_into_play,L,R,SEA,CLE,79.70,97.10,37,2,2,2023,2023-03
2023-03-30,2023,R,669456,543939,FF,4-Seam Fastball,,foul,L,R,SEA,CLE,91.90,83.50,49,2,1,2023,2023-03
2023-03-30,2023,R,669456,543939,FC,Cutter,,called_strike,L,R,SEA,CLE,86.80,,,2,0,2023,2023-03
2023-03-30,2023,R,669456,543939,FC,Cutter,,ball,L,R,SEA,CLE,87.10,,,1,0,2023,2023-03
2023-03-30,2023,R,669456,543939,FF,4-Seam Fastball,,ball,L,R,SEA,CLE,91.50,,,0,0,2023,2023-03
2023-03-30,2023,R,669456,553993,FC,Cutter,grounded_into_double_play,hit_into_play,R,R,SEA,CLE,84.50,73.10,-12,0,1,2023,2023-03
2023-03-30,2023,R,669456,553993,FC,Cutter,,foul,R,R,SEA,CLE,85.80,69.20,-21,0,0,2023,2023-03
2023-03-30,2023,R,669456,553993,SL,Slider,double,hit_into_play,R,R,SEA,CLE,83.80,98.00,24,0,1,2023,2023-03
2023-03-30,2023,R,669456,553993,FC,Cutter,,called_strike,R,R,SEA,CLE,85.70,,,0,0,2023,2023-03
2023-03-30,2023,R,669456,600303,KC,Knuckle Curve,field_out,hit_into_play,L,R,SEA,CLE,81.50,94.60,-5,1,2,2023,2023-03
2023-03-30,2023,R,669456,600303,SL,Slider,,called_strike,L,R,SEA,CLE,84.80,,,1,1,2023,2023-03
2023-03-30,2023,R,669456,600303,SL,Slider,,ball,L,R,SEA,CLE,83.90,,,0,1,2023,2023-03
2023-03-30,2023,R,669456,600303,FC,Cutter,,called_strike,L,R,SEA,CLE,84.40,,,0,0,2023,2023-03
2023-03-30,2023,R,669456,600303,FF,4-Seam Fastball,field_out,hit_into_play,L,R,SEA,CLE,91.40,89.90,26,0,1,2023,2023-03
2023-03-30,2023,R,669456,600303,FC,Cutter,,called_strike,L,R,SEA,CLE,85.20,,,0,0,2023,2023-03
2023-03-30,2023,R,669456,606192,SL,Slider,field_out,hit_into_play,R,R,SEA,CLE,83.80,71.80,1,1,2,2023,2023-03
2023-03-30,2023,R,669456,606192,SL,Slider,,blocked_ball,R,R,SEA,CLE,83.80,,,0,2,2023,2023-03
2023-03-30,2023,R,669456,606192,SL,Slider,,swinging_strike_blocked,R,R,SEA,CLE,83.60,,,0,1,2023,2023-03
2023-03-30,2023,R,669456,606192,FC,Cutter,,foul,R,R,SEA,CLE,85.60,79.30,64,0,0,2023,2023-03
2023-03-30,2023,R,669456,606192,FC,Cutter,field_out,hit_into_play,R,R,SEA,CLE,85.90,89.90,-12,1,1,2023,2023-03
2023-03-30,2023,R,669456,606192,FF,4-Seam Fastball,,called_strike,R,R,SEA,CLE,90.40,,,1,0,2023,2023-03
2023-03-30,2023,R,669456,606192,FC,Cutter,,ball,R,R,SEA,CLE,85.20,,,0,0,2023,2023-03
2023-03-30,2023,R,669456,606192,SL,Slider,strikeout,swinging_strike,R,R,SEA,CLE,84.50,,,3,2,2023,2023-03
2023-03-30,2023,R,669456,606192,FC,Cutter,,ball,R,R,SEA,CLE,86.50,,,2,2,2023,2023-03
2023-03-30,2023,R,669456,606192,SL,Slider,,foul,R,R,SEA,CLE,84.60,64.50,47,2,2,2023,2023-03
2023-03-30,2023,R,669456,606192,FC,Cutter,,swinging_strike,R,R,SEA,CLE,85.90,,,2,1,2023,2023-03
2023-03-30,2023,R,669456,606192,FF,4-Seam Fastball,,ball,R,R,SEA,CLE,91.00,,,1,1,2023,2023-03
2023-03-30,2023,R,669456,606192,SL,Slider,,ball,R,R,SEA,CLE,85.00,,,0,1,2023,2023-03
2023-03-30,2023,R,669456,606192,FC,Cutter,,swinging_strike,R,R,SEA,CLE,85.70,,,0,0,2023,2023-03
2023-03-30,2023,R,669456,641487,KC,Knuckle Curve,field_out,hit_into_play,L,R,SEA,CLE,82.00,99.80,-6,3,2,2023,2023-03
2023-03-30,2023,R,669456,641487,SL,Slider,,swinging_strike,L,R,SEA,CLE,84.40,,,3,1,2023,2023-03
2023-03-30,2023,R,669456,641487,SL,Slider,,ball,L,R,SEA,CLE,84.60,,,2,1,2023,2023-03
2023-03-30,2023,R,669456,641487,FF,4-Seam Fastball,,ball,L,R,SEA,CLE,91.10,,,1,1,2023,2023-03
2023-03-30,2023,R,669456,641487,FC,Cutter,,ball,L,R,SEA,CLE,85.40,,,0,1,2023,2023-03
2023-03-30,2023,R,669456,641487,FF,4-Seam Fastball,,called_strike,L,R,SEA,CLE,91.10,,,0,0,2023,2023-03
2023-03-30,2023,R,669456,641487,FC,Cutter,single,hit_into_play,L,R,SEA,CLE,84.70,73.80,20,0,0,2023,2023-03
2023-03-30,2023,R,669456,663728,FC,Cutter,field_out,hit_into_play,L,R,SEA,CLE,85.90,93.40,55,1,1,2023,2023-03
2023-03-30,2023,R,669456,663728,FF,4-Seam Fastball,,called_strike,L,R,SEA,CLE,90.70,,,1,0,2023,2023-03
2023-03-30,2023,R,669456,663728,SL,Slider,,ball,L,R,SEA,CLE,84.40,,,0,0,2023,2023-03
2023-03-30,2023,R,669456,663728,FF,4-Seam Fastball,single,hit_into_play,L,R,SEA,CLE,90.70,109.90,-5,1,1,2023,2023-03
2023-03-30,2023,R,669456,663728,CH,Changeup,,ball,L,R,SEA,CLE,86.80,,,0,1,2023,2023-03
2023-03-30,2023,R,669456,663728,FC,Cutter,,swinging_strike,L,R,SEA,CLE,84.90,,,0,0,2023,2023-03
2023-03-30,2023,R,669456,663728,FC,Cutter,field_out,hit_into_play,L,R,SEA,CLE,85.60,92.90,58,0,1,2023,2023-03
2023-03-30,2023,R,669456,663728,FF,4-Seam Fastball,,called_strike,L,R,SEA,CLE,90.00,,,0,0,2023,2023-03
2023-03-30,2023,R,669456,664034,SL,Slider,double,hit_into_play,R,R,SEA,CLE,84.00,106.60,22,1,1,2023,2023-03
2023-03-30,2023,R,669456,664034,FF,4-Seam Fastball,,ball,R,R,SEA,CLE,90.70,,,0,1,2023,2023-03
2023-03-30,2023,R,669456,664034,SL,Slider,,swinging_strike,R,R,SEA,CLE,83.30,,,0,0,2023,2023-03
2023-03-30,2023,R,669456,664034,SL,Slider,field_out,hit_into_play,R,R,SEA,CLE,84.30,67.60,-9,3,2,2023,2023-03
2023-03-30,2023,R,669456,664034,SL,Slider,,ball,R,R,SEA,CLE,85.10,,,2,2,2023,2023-03
2023-03-30,2023,R,669456,664034,FC,Cutter,,foul,R,R,SEA,CLE,85.80,68.30,-14,2,1,2023,2023-03
2023-03-30,2023,R,669456,664034,FC,Cutter,,blocked_ball,R,R,SEA,CLE,85.50,,,1,1,2023,2023-03
2023-03-30,2023,R,669456,664034,FF,4-Seam Fastball,,ball,R,R,SEA,CLE,90.80,,,0,1,2023,2023-03
2023-03-30,2023,R,669456,664034,FF,4-Seam Fastball,,called_strike,R,R,SEA,CLE,90.60,,,0,0,2023,2023-03
2023-03-30,2023,R,669456,664034,FC,Cutter,single,hit_into_play,R,R,SEA,CLE,85.30,90.90,12,0,1,2023,2023-03
2023-03-30,2023,R,669456,664034,FF,4-Seam Fastball,,called_strike,R,R,SEA,CLE,91.20,,,0,0,2023,2023-03
2023-03-30,2023,R,669456,672284,KC,Knuckle Curve,single,hit_into_play,L,R,SEA,CLE,80.40,95.20,-5,1,2,2023,2023-03
2023-03-30,2023,R,669456,672284,CH,Changeup,,foul,L,R,SEA,CLE,85.50,65.80,-59,1,1,2023,2023-03
2023-03-30,2023,R,669456,672284,FC,Cutter,,ball,L,R,SEA,CLE,85.30,,,0,1,2023,2023-03
2023-03-30,2023,R,669456,672284,FF,4-Seam Fastball,,called_strike,L,R,SEA,CLE,90.50,,,0,0,2023,2023-03
2023-03-30,2023,R,669456,672284,SL,Slider,strikeout,called_strike,L,R,SEA,CLE,84.30,,,3,2,2023,2023-03
2023-03-30,2023,R,669456,672284,KC,Knuckle Curve,,ball,L,R,SEA,CLE,80.40,,,2,2,2023,2023-03
2023-03-30,2023,R,669456,672284,FC,Cutter,,foul,L,R,SEA,CLE,85.50,88.90,-24,2,1,2023,2023-03
2023-03-30,2023,R,669456,672284,FC,Cutter,,ball,L,R,SEA,CLE,84.60,,,1,1,2023,2023-03
2023-03-30,2023,R,669456,672284,SL,Slider,,ball,L,R,SEA,CLE,84.40,,,0,1,2023,2023-03
2023-03-30,2023,R,669456,672284,FC,Cutter,,called_strike,L,R,SEA,CLE,85.30,,,0,0,2023,2023-03
2023-03-30,2023,R,669456,677594,FC,Cutter,field_out,hit_into_play,R,R,SEA,CLE,85.80,99.50,19,1,0,2023,2023-03
2023-03-30,2023,R,669456,677594,FF,4-Seam Fastball,,ball,R,R,SEA,CLE,91.80,,,0,0,2023,2023-03
2023-03-30,2023,R,669456,677594,SL,Slider,field_out,hit_into_play,R,R,SEA,CLE,83.70,98.10,26,1,1,2023,2023-03
2023-03-30,2023,R,669456,677594,FC,Cutter,,foul,R,R,SEA,CLE,85.70,,,1,0,2023,2023-03
2023-03-30,2023,R,669456,677594,FF,4-Seam Fastball,,ball,R,R,SEA,CLE,89.70,,,0,0,2023,2023-03
2023-03-30,2023,R,669456,677594,FC,Cutter,strikeout,swinging_strike,R,R,SEA,CLE,85.40,,,3,2,2023,2023-03
2023-03-30,2023,R,669456,677594,SL,Slider,,ball,R,R,SEA,CLE,84.50,,,2,2,2023,2023-03
2023-03-30,2023,R,669456,677594,SL,Slider,,ball,R,R,SEA,CLE,84.80,,,1,2,2023,2023-03
2023-03-30,2023,R,669456,677594,FC,Cutter,,swinging_strike,R,R,SEA,CLE,84.20,,,1,1,2023,2023-03
2023-03-30,2023,R,669456,677594,FF,4-Seam Fastball,,foul,R,R,SEA,CLE,90.80,84.90,59,1,0,2023,2023-03
2023-03-30,2023,R,669456,677594,FF,4-Seam Fastball,,ball,R,R,SEA,CLE,90.80,,,0,0,2023,2023-03
2023-03-30,2023,R,669459,444482,FF,4-Seam Fastball,single,hit_into_play,L,L,LAD,AZ,90.20,83.80,19,0,1,2023,2023-03
2023-03-30,2023,R,669459,444482,SL,Slider,,swinging_strike,L,L,LAD,AZ,85.30,,,0,0,2023,2023-03
2023-03-30,2023,R,669459,502110,SL,Slider,strikeout,swinging_strike,R,L,LAD,AZ,86.60,,,1,2,2023,2023-03
2023-03-30,2023,R,669459,502110,SL,Slider,,ball,R,L,LAD,AZ,86.30,,,0,2,2023,2023-03
2023-03-30,2023,R,669459,502110,SL,Slider,,foul,R,L,LAD,AZ,85.00,,,0,1,2023,2023-03
2023-03-30,2023,R,669459,502110,SL,Slider,,called_strike,R,L,LAD,AZ,86.80,,,0,0,2023,2023-03
2023-03-30,2023,R,669459,518692,SL,Slider,single,hit_into_play,L,L,LAD,AZ,85.30,86.70,17,2,2,2023,2023-03
2023-03-30,2023,R,669459,518692,FF,4-Seam Fastball,,foul,L,L,LAD,AZ,91.80,84.80,48,2,1,2023,2023-03
2023-03-30,2023,R,669459,518692,SL,Slider,,ball,L,L,LAD,AZ,85.20,,,1,1,2023,2023-03
2023-03-30,2023,R,669459,518692,SL,Slider,,swinging_strike,L,L,LAD,AZ,84.90,,,1,0,2023,2023-03
2023-03-30,2023,R,669459,518692,FF,4-Seam Fastball,,ball,L,L,LAD,AZ,91.50,,,0,0,2023,2023-03
2023-03-30,2023,R,669459,571970,SL,Slider,strikeout,swinging_strike,L,L,LAD,AZ,85.20,,,1,2,2023,2023-03
2023-03-30,2023,R,669459,571970,SL,Slider,,swinging_strike,L,L,LAD,AZ,84.30,,,1,1,2023,2023-03
2023-03-30,2023,R,669459,571970,SL,Slider,,ball,L,L,LAD,AZ,84.60,,,0,1,2023,2023-03
2023-03-30,2023,R,669459,571970,FF,4-Seam Fastball,,foul,L,L,LAD,AZ,91.70,82.60,-48,0,0,2023,2023-03
2023-03-30,2023,R,669459,669257,FC,Cutter,field_out,hit_into_play,R,L,LAD,AZ,88.30,89.70,-18,2,2,2023,2023-03
2023-03-30,2023,R,669459,669257,SL,Slider,,foul,R,L,LAD,AZ,85.20,72.40,67,2,1,2023,2023-03
2023-03-30,2023,R,669459,669257,SL,Slider,,called_strike,R,L,LAD,AZ,83.20,,,2,0,2023,2023-03
2023-03-30,2023,R,669459,669257,FF,4-Seam Fastball,,ball,R,L,LAD,AZ,91.80,,,1,0,2023,2023-03
2023-03-30,2023,R,669459,669257,SL,Slider,,blocked_ball,R,L,LAD,AZ,85.40,,,0,0,2023,2023-03
2023-03-30,2023,R,669467,474832,FF,4-Seam Fastball,double,hit_into_play,L,R,STL,TOR,96.60,97.90,2,1,2,2023,2023-03
2023-03-30,2023,R,669467,474832,CU,Curveball,,ball,L,R,STL,TOR,75.40,,,0,2,2023,2023-03
2023-03-30,2023,R,669467,474832,FF,4-Seam Fastball,,foul,L,R,STL,TOR,96.40,,,0,2,2023,2023-03
2023-03-30,2023,R,669467,474832,FF,4-Seam Fastball,,foul,L,R,STL,TOR,97.00,89.60,20,0,1,2023,2023-03
2023-03-30,2023,R,669467,474832,FF,4-Seam Fastball,,called_strike,L,R,STL,TOR,97.30,,,0,0,2023,2023-03
2023-03-30,2023,R,669467,593160,FF,4-Seam Fastball,walk,ball,R,R,STL,TOR,96.10,,,3,2,2023,2023-03
2023-03-30,2023,R,669467,593160,FF,4-Seam Fastball,,ball,R,R,STL,TOR,96.90,,,2,2,2023,2023-03
2023-03-30,2023,R,669467,593160,CU,Curveball,,ball,R,R,STL,TOR,75.70,,,1,2,2023,2023-03
2023-03-30,2023,R,669467,593160,SL,Slider,,ball,R,R,STL,TOR,86.40,,,0,2,2023,2023-03
2023-03-30,2023,R,669467,593160,CU,Curveball,,foul,R,R,STL,TOR,76.00,47.70,14,0,2,2023,2023-03
2023-03-30,2023,R,669467,593160,SL,Slider,,swinging_strike,R,R,STL,TOR,87.80,,,0,1,2023,2023-03
2023-03-30,2023,R,669467,593160,SL,Slider,,swinging_strike,R,R,STL,TOR,85.90,,,0,0,2023,2023-03
2023-03-30,2023,R,669467,595281,FF,4-Seam Fastball,field_out,hit_into_play,L,R,STL,TOR,94.70,41.30,-41,1,0,2023,2023-03
2023-03-30,2023,R,669467,595281,CU,Curveball,,blocked_ball,L,R,STL,TOR,76.60,,,0,0,2023,2023-03
2023-03-30,2023,R,669467,656305,FF,4-Seam Fastball,single,hit_into_play,R,R,STL,TOR,95.10,,,1,1,2023,2023-03
2023-03-30,2023,R,669467,656305,FF,4-Seam Fastball,,ball,R,R,STL,TOR,96.40,,,0,1,2023,2023-03
2023-03-30,2023,R,669467,656305,SL,Slider,,called_strike,R,R,STL,TOR,86.30,,,0,0,2023,2023-03
2023-03-30,2023,R,669467,662139,FF,4-Seam Fastball,field_out,hit_into_play,L,R,STL,TOR,95.90,82.10,-46,0,0,2023,2023-03
2023-03-30,2023,R,669467,672386,SL,Slider,field_out,hit_into_play,R,R,STL,TOR,87.00,99.60,-17,2,2,2023,2023-03
2023-03-30,2023,R,669467,672386,FF,4-Seam Fastball,,ball,R,R,STL,TOR,96.80,,,1,2,2023,2023-03
2023-03-30,2023,R,669467,672386,CU,Curveball,,foul,R,R,STL,TOR,74.90,65.00,-2,1,2,2023,2023-03
2023-03-30,2023,R,669467,672386,SL,Slider,,called_strike,R,R,STL,TOR,85.30,,,1,1,2023,2023-03
2023-03-30,2023,R,669467,672386,SL,Slider,,ball,R,R,STL,TOR,86.20,,,0,1,2023,2023-03
2023-03-30,2023,R,669467,672386,FF,4-Seam Fastball,,called_strike,R,R,STL,TOR,95.10,,,0,0,2023,2023-03
2023-03-30,2023,R,670059,571976,SI,Sinker,single,hit_into_play,R,R,CIN,PIT,98.60,105.00,5,1,1,2023,2023-03
2023-03-30,2023,R,670059,571976,SI,Sinker,,swinging_strike,R,R,CIN,PIT,97.50,,,1,0,2023,2023-03
2023-03-30,2023,R,670059,571976,ST,Sweeper,,ball,R,R,CIN,PIT,84.30,,,0,0,2023,2023-03
2023-03-30,2023,R,670059,666181,SI,Sinker,strikeout_double_play,swinging_strike,L,R,CIN,PIT,98.60,,,2,2,2023,2023-03
2023-03-30,2023,R,670059,666181,FC,Cutter,,ball,L,R,CIN,PIT,93.00,,,1,2,2023,2023-03
2023-03-30,2023,R,670059,666181,ST,Sweeper,,blocked_ball,L,R,CIN,PIT,85.70,,,0,2,2023,2023-03
2023-03-30,2023,R,670059,666181,FC,Cutter,,called_strike,L,R,CIN,PIT,93.10,,,0,1,2023,2023-03
2023-03-30,2023,R,670059,666181,FC,Cutter,,foul,L,R,CIN,PIT,93.50,,,0,0,2023,2023-03
2023-03-30,2023,R,670059,668715,SI,Sinker,force_out,hit_into_play,R,R,CIN,PIT,98.00,83.10,-40,0,0,2023,2023-03
2023-03-30,2023,R,670174,602104,SL,Slider,fielders_choice,hit_into_play,R,R,BOS,BAL,83.60,102.10,-8,1,2,2023,2023-03
2023-03-30,2023,R,670174,602104,FC,Cutter,,called_strike,R,R,BOS,BAL,86.90,,,1,1,2023,2023-03
2023-03-30,2023,R,670174,602104,SI,Sinker,,foul,R,R,BOS,BAL,94.10,,,1,0,2023,2023-03
2023-03-30,2023,R,670174,602104,SL,Slider,,ball,R,R,BOS,BAL,81.80,,,0,0,2023,2023-03
2023-03-30,2023,R,670174,624428,FC,Cutter,field_out,hit_into_play,L,R,BOS,BAL,87.50,97.10,-12,2,1,2023,2023-03
2023-03-30,2023,R,670174,624428,CH,Changeup,,ball,L,R,BOS,BAL,92.50,,,1,1,2023,2023-03
2023-03-30,2023,R,670174,624428,SI,Sinker,,ball,L,R,BOS,BAL,94.90,,,0,1,2023,2023-03
2023-03-30,2023,R,670174,624428,FC,Cutter,,called_strike,L,R,BOS,BAL,87.60,,,0,0,2023,2023-03
2023-03-30,2023,R,670174,663624,SI,Sinker,double,hit_into_play,R,R,BOS,BAL,94.90,68.80,-2,0,0,2023,2023-03
2023-03-30,2023,R,670174,669720,SI,Sinker,strikeout,called_strike,R,R,BOS,BAL,94.60,,,0,2,2023,2023-03
2023-03-30,2023,R,670174,669720,FC,Cutter,,swinging_strike,R,R,BOS,BAL,87.90,,,0,1,2023,2023-03
2023-03-30,2023,R,670174,669720,SL,Slider,,called_strike,R,R,BOS,BAL,83.60,,,0,0,2023,2023-03
2023-03-30,2023,R,670174,683002,FF,4-Seam Fastball,field_out,hit_into_play,L,R,BOS,BAL,94.00,101.70,32,0,2,2023,2023-03
2023-03-30,2023,R,670174,683002,FC,Cutter,,swinging_strike,L,R,BOS,BAL,85.60,,,0,1,2023,2023-03
2023-03-30,2023,R,670174,683002,FC,Cutter,,called_strike,L,R,BOS,BAL,85.60,,,0,0,2023,2023-03
2023-03-30,2023,R,670280,641584,FF,4-Seam Fastball,strikeout,called_strike,L,R,CIN,PIT,96.50,,,1,2,2023,2023-03
2023-03-30,2023,R,670280,641584,FF,4-Seam Fastball,,swinging_strike,L,R,CIN,PIT,96.50,,,1,1,2023,2023-03
2023-03-30,2023,R,670280,641584,FF,4-Seam Fastball,,swinging_strike,L,R,CIN,PIT,97.20,,,1,0,2023,2023-03
2023-03-30,2023,R,670280,641584,FF,4-Seam Fastball,,ball,L,R,CIN,PIT,96.30,,,0,0,2023,2023-03
2023-03-30,2023,R,670280,663697,FS,Split-Finger,double,hit_into_play,R,R,CIN,PIT,91.20,104.00,17,1,2,2023,2023-03
2023-03-30,2023,R,670280,663697,FF,4-Seam Fastball,,ball,R,R,CIN,PIT,96.10,,,0,2,2023,2023-03
2023-03-30,2023,R,670280,663697,FS,Split-Finger,,foul_tip,R,R,CIN,PIT,91.10,,,0,1,2023,2023-03
2023-03-30,2023,R,670280,663697,FF,4-Seam Fastball,,called_strike,R,R,CIN,PIT,96.30,,,0,0,2023,2023-03
2023-03-30,2023,R,670280,670770,FS,Split-Finger,strikeout,swinging_strike,L,R,CIN,PIT,92.30,,,0,2,2023,2023-03
2023-03-30,2023,R,670280,670770,FF,4-Seam Fastball,,foul,L,R,CIN,PIT,96.70,70.40,49,0,2,2023,2023-03
2023-03-30,2023,R,670280,670770,FF,4-Seam Fastball,,foul,L,R,CIN,PIT,96.50,65.50,65,0,2,2023,2023-03
2023-03-30,2023,R,670280,670770,FF,4-Seam Fastball,,foul,L,R,CIN,PIT,95.90,78.50,15,0,1,2023,2023-03
2023-03-30,2023,R,670280,670770,CU,Curveball,,called_strike,L,R,CIN,PIT,75.70,,,0,0,2023,2023-03
2023-03-30,2023,R,670280,676480,FS,Split-Finger,field_out,hit_into_play,R,R,CIN,PIT,91.60,74.70,-22,2,2,2023,2023-03
2023-03-30,2023,R,670280,676480,FF,4-Seam Fastball,,ball,R,R,CIN,PIT,95.70,,,1,2,2023,2023-03
2023-03-30,2023,R,670280,676480,FF,4-Seam Fastball,,foul,R,R,CIN,PIT,95.50,74.90,59,1,1,2023,2023-03
2023-03-30,2023,R,670280,676480,FF,4-Seam Fastball,,swinging_strike,R,R,CIN,PIT,95.60,,,1,0,2023,2023-03
2023-03-30,2023,R,670280,676480,CU,Curveball,,ball,R,R,CIN,PIT,76.40,,,0,0,2023,2023-03
2023-03-30,2023,R,670810,657136,CU,Curveball,strikeout,swinging_strike,R,R,BOS,BAL,84.30,,,2,2,2023,2023-03
2023-03-30,2023,R,670810,657136,ST,Sweeper,,foul,R,R,BOS,BAL,83.00,59.50,-39,2,2,2023,2023-03
2023-03-30,2023,R,670810,657136,ST,Sweeper,,ball,R,R,BOS,BAL,85.00,,,1,2,2023,2023-03
2023-03-30,2023,R,670810,657136,ST,Sweeper,,called_strike,R,R,BOS,BAL,82.80,,,1,1,2023,2023-03
2023-03-30,2023,R,670810,657136,FF,4-Seam Fastball,,blocked_ball,R,R,BOS,BAL,96.90,,,0,1,2023,2023-03
2023-03-30,2023,R,670810,657136,ST,Sweeper,,swinging_strike,R,R,BOS,BAL,83.60,,,0,0,2023,2023-03
2023-03-30,2023,R,671345,622534,SI,Sinker,grounded_into_double_play,hit_into_play,R,R,TB,DET,96.70,72.80,-4,0,1,2023,2023-03
2023-03-30,2023,R,671345,622534,SI,Sinker,,called_strike,R,R,TB,DET,97.40,,,0,0,2023,2023-03
2023-03-30,2023,R,671345,668227,SL,Slider,single,hit_into_play,R,R,TB,DET,88.20,93.00,7,1,2,2023,2023-03
2023-03-30,2023,R,671345,668227,SI,Sinker,,called_strike,R,R,TB,DET,97.60,,,1,1,2023,2023-03
2023-03-30,2023,R,671345,668227,SI,Sinker,,ball,R,R,TB,DET,97.50,,,0,1,2023,2023-03
2023-03-30,2023,R,671345,668227,SL,Slider,,called_strike,R,R,TB,DET,87.40,,,0,0,2023,2023-03
2023-03-30,2023,R,671345,670042,CH,Changeup,single,hit_into_play,L,R,TB,DET,92.10,83.20,3,1,1,2023,2023-03
2023-03-30,2023,R,671345,670042,SI,Sinker,,ball,L,R,TB,DET,96.60,,,0,1,2023,2023-03
2023-03-30,2023,R,671345,670042,SI,Sinker,,swinging_strike,L,R,TB,DET,96.50,,,0,0,2023,2023-03
2023-03-30,2023,R,672335,571771,FF,4-Seam Fastball,field_out,hit_into_play,R,L,BOS,BAL,96.80,70.40,51,2,1,2023,2023-03
2023-03-30,2023,R,672335,571771,FF,4-Seam Fastball,,called_strike,R,L,BOS,BAL,96.50,,,2,0,2023,2023-03
2023-03-30,2023,R,672335,571771,SI,Sinker,,ball,R,L,BOS,BAL,95.60,,,1,0,2023,2023-03
2023-03-30,2023,R,672335,571771,FF,4-Seam Fastball,,ball,R,L,BOS,BAL,96.60,,,0,0,2023,2023-03
2023-03-30,2023,R,672335,657077,SI,Sinker,field_out,hit_into_play,L,L,BOS,BAL,95.60,88.70,-44,1,1,2023,2023-03
2023-03-30,2023,R,672335,657077,SV,Slurve,,ball,L,L,BOS,BAL,83.90,,,0,1,2023,2023-03
2023-03-30,2023,R,672335,657077,FF,4-Seam Fastball,,called_strike,L,L,BOS,BAL,96.60,,,0,0,2023,2023-03
2023-03-30,2023,R,672335,657136,SI,Sinker,field_out,hit_into_play,R,L,BOS,BAL,96.10,72.60,-24,0,2,2023,2023-03
2023-03-30,2023,R,672335,657136,FF,4-Seam Fastball,,called_strike,R,L,BOS,BAL,95.80,,,0,1,2023,2023-03
2023-03-30,2023,R,672335,657136,FF,4-Seam Fastball,,foul,R,L,BOS,BAL,95.20,69.20,21,0,0,2023,2023-03
2023-03-30,2023,R,672391,602104,ST,Sweeper,single,hit_into_play,R,R,BOS,BAL,82.80,84.60,12,0,1,2023,2023-03
2023-03-30,2023,R,672391,602104,FF,4-Seam Fastball,,called_strike,R,R,BOS,BAL,95.00,,,0,0,2023,2023-03
2023-03-30,2023,R,672391,622761,FF,4-Seam Fastball,sac_bunt,hit_into_play,R,R,BOS,BAL,94.20,24.60,35,0,0,2023,2023-03
2023-03-30,2023,R,672391,623993,FF,4-Seam Fastball,field_out,hit_into_play,L,R,BOS,BAL,96.10,61.80,81,1,1,2023,2023-03
2023-03-30,2023,R,672391,623993,ST,Sweeper,,foul,L,R,BOS,BAL,83.90,88.40,66,1,0,2023,2023-03
2023-03-30,2023,R,672391,623993,ST,Sweeper,,ball,L,R,BOS,BAL,84.50,,,0,0,2023,2023-03
2023-03-30,2023,R,672391,624428,FF,4-Seam Fastball,double,hit_into_play,L,R,BOS,BAL,93.50,98.00,18,3,2,2023,2023-03
2023-03-30,2023,R,672391,624428,FF,4-Seam Fastball,,foul,L,R,BOS,BAL,94.00,85.30,40,3,1,2023,2023-03
2023-03-30,2023,R,672391,624428,FF,4-Seam Fastball,,called_strike,L,R,BOS,BAL,93.60,,,3,0,2023,2023-03
2023-03-30,2023,R,672391,624428,FF,4-Seam Fastball,,ball,L,R,BOS,BAL,93.90,,,2,0,2023,2023-03
2023-03-30,2023,R,672391,624428,FF,4-Seam Fastball,,ball,L,R,BOS,BAL,93.80,,,1,0,2023,2023-03
2023-03-30,2023,R,672391,624428,FF,4-Seam Fastball,,ball,L,R,BOS,BAL,93.80,,,0,0,2023,2023-03
2023-03-30,2023,R,672391,656775,ST,Sweeper,single,hit_into_play,L,R,BOS,BAL,84.10,100.30,-3,0,0,2023,2023-03
2023-03-30,2023,R,672391,663624,FF,4-Seam Fastball,field_out,hit_into_play,R,R,BOS,BAL,94.60,71.80,3,0,0,2023,2023-03
2023-03-30,2023,R,672391,668939,FF,4-Seam Fastball,single,hit_into_play,L,R,BOS,BAL,93.90,74.90,17,3,0,2023,2023-03
2023-03-30,2023,R,672391,668939,FF,4-Seam Fastball,,ball,L,R,BOS,BAL,94.30,,,2,0,2023,2023-03
2023-03-30,2023,R,672391,668939,ST,Sweeper,,blocked_ball,L,R,BOS,BAL,84.10,,,1,0,2023,2023-03
2023-03-30,2023,R,672391,668939,FF,4-Seam Fastball,,ball,L,R,BOS,BAL,94.70,,,0,0,2023,2023-03
2023-03-30,2023,R,672391,669720,ST,Sweeper,force_out,hit_into_play,R,R,BOS,BAL,83.40,63.60,-32,0,2,2023,2023-03
2023-03-30,2023,R,672391,669720,FF,4-Seam Fastball,,foul,R,R,BOS,BAL,95.90,75.30,56,0,1,2023,2023-03
2023-03-30,2023,R,672391,669720,FF,4-Seam Fastball,,called_strike,R,R,BOS,BAL,94.50,,,0,0,2023,2023-03
2023-03-30,2023,R,672391,683002,FF,4-Seam Fastball,strikeout,swinging_strike,L,R,BOS,BAL,95.50,,,0,2,2023,2023-03
2023-03-30,2023,R,672391,683002,FF,4-Seam Fastball,,called_strike,L,R,BOS,BAL,94.80,,,0,1,2023,2023-03
2023-03-30,2023,R,672391,683002,FF,4-Seam Fastball,,called_strike,L,R,BOS,BAL,95.40,,,0,0,2023,2023-03
2023-03-30,2023,R,672578,621043,FF,4-Seam Fastball,field_out,hit_into_play,R,R,KC,MIN,100.00,93.80,-3,3,2,2023,2023-03
2023-03-30,2023,R,672578,621043,SL,Slider,,ball,R,R,KC,MIN,92.00,,,2,2,2023,2023-03
2023-03-30,2023,R,672578,621043,FF,4-Seam Fastball,,called_strike,R,R,KC,MIN,100.60,,,2,1,2023,2023-03
2023-03-30,2023,R,672578,621043,FF,4-Seam Fastball,,swinging_strike,R,R,KC,MIN,98.80,,,2,0,2023,2023-03
2023-03-30,2023,R,672578,621043,FF,4-Seam Fastball,,ball,R,R,KC,MIN,98.00,,,1,0,2023,2023-03
2023-03-30,2023,R,672578,621043,FF,4-Seam Fastball,,ball,R,R,KC,MIN,99.30,,,0,0,2023,2023-03
2023-03-30,2023,R,672578,621439,SL,Slider,strikeout,swinging_strike,R,R,KC,MIN,91.80,,,1,2,2023,2023-03
2023-03-30,2023,R,672578,621439,SL,Slider,,foul,R,R,KC,MIN,88.70,67.50,29,1,1,2023,2023-03
2023-03-30,2023,R,672578,621439,SL,Slider,,ball,R,R,KC,MIN,90.30,,,0,1,2023,2023-03
2023-03-30,2023,R,672578,621439,FF,4-Seam Fastball,,foul,R,R,KC,MIN,99.00,,,0,0,2023,2023-03
2023-03-30,2023,R,672578,663616,FF,4-Seam Fastball,single,hit_into_play,L,R,KC,MIN,99.70,99.20,14,0,0,2023,2023-03
2023-03-30,2023,R,672578,669304,FF,4-Seam Fastball,field_out,hit_into_play,R,R,KC,MIN,101.30,87.50,59,1,2,2023,2023-03
2023-03-30,2023,R,672578,669304,FF,4-Seam Fastball,,ball,R,R,KC,MIN,100.00,,,0,2,2023,2023-03
2023-03-30,2023,R,672578,669304,SL,Slider,,foul,R,R,KC,MIN,88.40,85.30,-32,0,1,2023,2023-03
2023-03-30,2023,R,672578,669304,FF,4-Seam Fastball,,called_strike,R,R,KC,MIN,99.90,,,0,0,2023,2023-03
2023-03-30,2023,R,672841,500743,FF,4-Seam Fastball,single,hit_into_play,R,R,LAD,AZ,97.70,103.90,5,1,0,2023,2023-03
2023-03-30,2023,R,672841,500743,FF,4-Seam Fastball,,ball,R,R,LAD,AZ,98.70,,,0,0,2023,2023-03
2023-03-30,2023,R,672841,518692,FC,Cutter,walk,ball,L,R,LAD,AZ,90.20,,,3,2,2023,2023-03
2023-03-30,2023,R,672841,518692,FC,Cutter,,called_strike,L,R,LAD,AZ,91.10,,,3,1,2023,2023-03
2023-03-30,2023,R,672841,518692,FF,4-Seam Fastball,,ball,L,R,LAD,AZ,97.80,,,2,1,2023,2023-03
2023-03-30,2023,R,672841,518692,FF,4-Seam Fastball,,swinging_strike,L,R,LAD,AZ,98.50,,,2,0,2023,2023-03
2023-03-30,2023,R,672841,518692,FC,Cutter,,ball,L,R,LAD,AZ,90.00,,,1,0,2023,2023-03
2023-03-30,2023,R,672841,518692,FF,4-Seam Fastball,,ball,L,R,LAD,AZ,99.00,,,0,0,2023,2023-03
2023-03-30,2023,R,672841,605141,FF,4-Seam Fastball,strikeout,called_strike,R,R,LAD,AZ,99.50,,,1,2,2023,2023-03
2023-03-30,2023,R,672841,605141,FC,Cutter,,ball,R,R,LAD,AZ,93.20,,,0,2,2023,2023-03
2023-03-30,2023,R,672841,605141,FC,Cutter,,called_strike,R,R,LAD,AZ,90.10,,,0,1,2023,2023-03
2023-03-30,2023,R,672841,605141,FC,Cutter,,called_strike,R,R,LAD,AZ,90.40,,,0,0,2023,2023-03
2023-03-30,2023,R,672841,678246,FC,Cutter,strikeout,swinging_strike,R,R,LAD,AZ,92.30,,,0,2,2023,2023-03
2023-03-30,2023,R,672841,678246,FF,4-Seam Fastball,,called_strike,R,R,LAD,AZ,99.10,,,0,1,2023,2023-03
2023-03-30,2023,R,672841,678246,FF,4-Seam Fastball,,called_strike,R,R,LAD,AZ,99.80,,,0,0,2023,2023-03
2023-03-30,2023,R,672841,681546,FF,4-Seam Fastball,single,hit_into_play,L,R,LAD,AZ,98.50,97.50,15,1,1,2023,2023-03
2023-03-30,2023,R,672841,681546,CH,Changeup,,ball,L,R,LAD,AZ,94.40,,,0,1,2023,2023-03
2023-03-30,2023,R,672841,681546,FF,4-Seam Fastball,,foul,L,R,LAD,AZ,99.20,77.50,17,0,0,2023,2023-03
2023-03-30,2023,R,675916,543939,FF,4-Seam Fastball,hit_by_pitch,hit_by_pitch,L,R,SEA,CLE,94.30,,,3,2,2023,2023-03
2023-03-30,2023,R,675916,543939,CU,Curveball,,ball,L,R,SEA,CLE,81.90,,,2,2,2023,2023-03
2023-03-30,2023,R,675916,543939,CU,Curveball,,foul,L,R,SEA,CLE,82.10,75.30,75,2,2,2023,2023-03
2023-03-30,2023,R,675916,543939,FF,4-Seam Fastball,,foul,L,R,SEA,CLE,95.70,79.10,54,2,2,2023,2023-03
2023-03-30,2023,R,675916,543939,FF,4-Seam Fastball,,foul,L,R,SEA,CLE,94.70,79.80,25,2,1,2023,2023-03
2023-03-30,2023,R,675916,543939,FF,4-Seam Fastball,,ball,L,R,SEA,CLE,94.80,,,1,1,2023,2023-03
2023-03-30,2023,R,675916,543939,FF,4-Seam Fastball,,foul,L,R,SEA,CLE,95.30,68.20,53,1,0,2023,2023-03
2023-03-30,2023,R,675916,543939,FF,4-Seam Fastball,,ball,L,R,SEA,CLE,95.40,,,0,0,2023,2023-03
2023-03-30,2023,R,675916,641487,FF,4-Seam Fastball,walk,ball,L,R,SEA,CLE,95.50,,,3,2,2023,2023-03
2023-03-30,2023,R,675916,641487,FF,4-Seam Fastball,,foul,L,R,SEA,CLE,95.30,75.70,18,3,2,2023,2023-03
2023-03-30,2023,R,675916,641487,CU,Curveball,,ball,L,R,SEA,CLE,82.40,,,2,2,2023,2023-03
2023-03-30,2023,R,675916,641487,FF,4-Seam Fastball,,foul,L,R,SEA,CLE,95.70,70.90,50,2,2,2023,2023-03
2023-03-30,2023,R,675916,641487,FF,4-Seam Fastball,,ball,L,R,SEA,CLE,95.80,,,1,2,2023,2023-03
2023-03-30,2023,R,675916,641487,,,,automatic_ball,L,R,SEA,CLE,,,,0,2,2023,2023-03
2023-03-30,2023,R,675916,641487,FF,4-Seam Fastball,,foul,L,R,SEA,CLE,94.80,87.90,15,0,1,2023,2023-03
2023-03-30,2023,R,675916,641487,FF,4-Seam Fastball,,called_strike,L,R,SEA,CLE,95.10,,,0,0,2023,2023-03
2023-03-30,2023,R,675916,664034,FF,4-Seam Fastball,home_run,hit_into_play,R,R,SEA,CLE,94.60,96.60,33,1,1,2023,2023-03
2023-03-30,2023,R,675916,664034,FF,4-Seam Fastball,,foul,R,R,SEA,CLE,94.00,77.30,18,1,0,2023,2023-03
2023-03-30,2023,R,675916,664034,FF,4-Seam Fastball,,ball,R,R,SEA,CLE,94.80,,,0,0,2023,2023-03
2023-03-30,2023,R,675916,677594,FF,4-Seam Fastball,field_out,hit_into_play,R,R,SEA,CLE,95.30,88.00,26,3,2,2023,2023-03
2023-03-30,2023,R,675916,677594,FF,4-Seam Fastball,,foul,R,R,SEA,CLE,94.50,69.60,30,3,1,2023,2023-03
2023-03-30,2023,R,675916,677594,FF,4-Seam Fastball,,ball,R,R,SEA,CLE,95.20,,,2,1,2023,2023-03
2023-03-30,2023,R,675916,677594,FF,4-Seam Fastball,,ball,R,R,SEA,CLE,95.30,,,1,1,2023,2023-03
2023-03-30,2023,R,675916,677594,FF,4-Seam Fastball,,ball,R,R,SEA,CLE,95.60,,,0,1,2023,2023-03
2023-03-30,2023,R,675916,677594,FF,4-Seam Fastball,,called_strike,R,R,SEA,CLE,95.90,,,0,0,2023,2023-03
2023-03-30,2023,R,676760,527038,FF,4-Seam Fastball,field_out,hit_into_play,R,R,NYY,SF,93.50,90.30,5,3,2,2023,2023-03
2023-03-30,2023,R,676760,527038,CH,Changeup,,ball,R,R,NYY,SF,82.40,,,2,2,2023,2023-03
2023-03-30,2023,R,676760,527038,CH,Changeup,,foul,R,R,NYY,SF,81.90,73.80,-7,2,2,2023,2023-03
2023-03-30,2023,R,676760,527038,FF,4-Seam Fastball,,foul,R,R,NYY,SF,92.60,101.40,9,2,1,2023,2023-03
2023-03-30,2023,R,676760,527038,FF,4-Seam Fastball,,called_strike,R,R,NYY,SF,92.60,,,2,0,2023,2023-03
2023-03-30,2023,R,676760,527038,FF,4-Seam Fastball,,ball,R,R,NYY,SF,91.80,,,1,0,2023,2023-03
2023-03-30,2023,R,676760,527038,FF,4-Seam Fastball,,ball,R,R,NYY,SF,93.10,,,0,0,2023,2023-03
2023-03-30,2023,R,676760,592626,FF,4-Seam Fastball,walk,ball,L,R,NYY,SF,94.20,,,3,2,2023,2023-03
2023-03-30,2023,R,676760,592626,FF,4-Seam Fastball,,foul,L,R,NYY,SF,94.40,76.50,54,3,2,2023,2023-03
2023-03-30,2023,R,676760,592626,FF,4-Seam Fastball,,foul,L,R,NYY,SF,94.60,81.00,71,3,2,2023,2023-03
2023-03-30,2023,R,676760,592626,FF,4-Seam Fastball,,ball,L,R,NYY,SF,93.70,,,2,2,2023,2023-03
2023-03-30,2023,R,676760,592626,FF,4-Seam Fastball,,foul,L,R,NYY,SF,93.50,75.60,67,2,2,2023,2023-03
2023-03-30,2023,R,676760,592626,FF,4-Seam Fastball,,swinging_strike,L,R,NYY,SF,94.40,,,2,1,2023,2023-03
2023-03-30,2023,R,676760,592626,ST,Sweeper,,ball,L,R,NYY,SF,78.80,,,1,1,2023,2023-03
2023-03-30,2023,R,676760,592626,CH,Changeup,,ball,L,R,NYY,SF,81.80,,,0,1,2023,2023-03
2023-03-30,2023,R,676760,592626,CH,Changeup,,swinging_strike,L,R,NYY,SF,83.80,,,0,0,2023,2023-03
2023-03-30,2023,R,676760,605204,ST,Sweeper,strikeout,called_strike,R,R,NYY,SF,80.60,,,1,2,2023,2023-03
2023-03-30,2023,R,676760,605204,FF,4-Seam Fastball,,foul,R,R,NYY,SF,93.70,63.20,44,1,2,2023,2023-03
2023-03-30,2023,R,676760,605204,CH,Changeup,,blocked_ball,R,R,NYY,SF,82.00,,,0,2,2023,2023-03
2023-03-30,2023,R,676760,605204,FF,4-Seam Fastball,,foul,R,R,NYY,SF,93.40,,,0,1,2023,2023-03
2023-03-30,2023,R,676760,605204,,,,automatic_strike,R,R,NYY,SF,,,,0,0,2023,2023-03
2023-03-30,2023,R,676760,607461,FF,4-Seam Fastball,strikeout,swinging_strike,L,R,NYY,SF,93.60,,,0,2,2023,2023-03
2023-03-30,2023,R,676760,607461,FF,4-Seam Fastball,,foul,L,R,NYY,SF,93.10,78.30,63,0,2,2023,2023-03
2023-03-30,2023,R,676760,607461,CH,Changeup,,foul,L,R,NYY,SF,81.70,62.80,9,0,2,2023,2023-03
2023-03-30,2023,R,676760,607461,CH,Changeup,,foul,L,R,NYY,SF,81.80,97.10,-6,0,2,2023,2023-03
2023-03-30,2023,R,676760,607461,FF,4-Seam Fastball,,foul,L,R,NYY,SF,93.60,69.80,30,0,1,2023,2023-03
2023-03-30,2023,R,676760,607461,FF,4-Seam Fastball,,foul,L,R,NYY,SF,92.90,71.60,34,0,0,2023,2023-03
2023-03-30,2023,R,676760,624424,CH,Changeup,field_out,hit_into_play,L,R,NYY,SF,83.20,,,2,2,2023,2023-03
2023-03-30,2023,R,676760,624424,FF,4-Seam Fastball,,foul,L,R,NYY,SF,92.30,77.10,54,2,2,2023,2023-03
2023-03-30,2023,R,676760,624424,FF,4-Seam Fastball,,ball,L,R,NYY,SF,92.90,,,1,2,2023,2023-03
2023-03-30,2023,R,676760,624424,CH,Changeup,,foul,L,R,NYY,SF,81.70,40.30,19,1,2,2023,2023-03
2023-03-30,2023,R,676760,624424,CH,Changeup,,ball,L,R,NYY,SF,82.40,,,0,2,2023,2023-03
2023-03-30,2023,R,676760,624424,FF,4-Seam Fastball,,foul,L,R,NYY,SF,93.20,75.10,25,0,1,2023,2023-03
2023-03-30,2023,R,676760,624424,FF,4-Seam Fastball,,foul,L,R,NYY,SF,93.50,79.90,57,0,0,2023,2023-03
2023-03-30,2023,R,676760,642731,CH,Changeup,strikeout,called_strike,R,R,NYY,SF,83.30,,,1,2,2023,2023-03
2023-03-30,2023,R,676760,642731,ST,Sweeper,,called_strike,R,R,NYY,SF,80.60,,,1,1,2023,2023-03
2023-03-30,2023,R,676760,642731,FF,4-Seam Fastball,,foul,R,R,NYY,SF,92.10,72.80,76,1,0,2023,2023-03
2023-03-30,2023,R,676760,642731,FF,4-Seam Fastball,,ball,R,R,NYY,SF,93.60,,,0,0,2023,2023-03
2023-03-30,2023,R,676760,664774,FF,4-Seam Fastball,field_out,hit_into_play,L,R,NYY,SF,93.60,80.30,86,1,0,2023,2023-03
2023-03-30,2023,R,676760,664774,FF,4-Seam Fastball,,ball,L,R,NYY,SF,92.80,,,0,0,2023,2023-03
2023-03-30,2023,R,677053,592192,FF,4-Seam Fastball,field_out,hit_into_play,R,L,MIA,NYM,94.30,86.30,45,0,1,2023,2023-03
2023-03-30,2023,R,677053,592192,ST,Sweeper,,called_strike,R,L,MIA,NYM,81.00,,,0,0,2023,2023-03
2023-03-30,2023,R,677161,623993,FF,4-Seam Fastball,strikeout,called_strike,L,R,BOS,BAL,94.80,,,1,2,2023,2023-03
2023-03-30,2023,R,677161,623993,SL,Slider,,foul,L,R,BOS,BAL,88.10,60.60,55,1,2,2023,2023-03
2023-03-30,2023,R,677161,623993,CH,Changeup,,foul,L,R,BOS,BAL,81.40,63.50,65,1,2,2023,2023-03
2023-03-30,2023,R,677161,623993,FF,4-Seam Fastball,,swinging_strike,L,R,BOS,BAL,93.80,,,1,1,2023,2023-03
2023-03-30,2023,R,677161,623993,FF,4-Seam Fastball,,called_strike,L,R,BOS,BAL,92.40,,,1,0,2023,2023-03
2023-03-30,2023,R,677161,623993,FF,4-Seam Fastball,,ball,L,R,BOS,BAL,93.40,,,0,0,2023,2023-03
2023-03-30,2023,R,677161,663624,FF,4-Seam Fastball,walk,ball,R,R,BOS,BAL,93.90,,,3,2,2023,2023-03
2023-03-30,2023,R,677161,663624,FF,4-Seam Fastball,,ball,R,R,BOS,BAL,93.50,,,2,2,2023,2023-03
2023-03-30,2023,R,677161,663624,FF,4-Seam Fastball,,called_strike,R,R,BOS,BAL,94.10,,,2,1,2023,2023-03
2023-03-30,2023,R,677161,663624,SL,Slider,,ball,R,R,BOS,BAL,88.00,,,1,1,2023,2023-03
2023-03-30,2023,R,677161,663624,FF,4-Seam Fastball,,ball,R,R,BOS,BAL,93.10,,,0,1,2023,2023-03
2023-03-30,2023,R,677161,663624,FF,4-Seam Fastball,,called_strike,R,R,BOS,BAL,93.70,,,0,0,2023,2023-03
2023-03-30,2023,R,677161,668939,CH,Changeup,walk,ball,L,R,BOS,BAL,80.70,,,3,1,2023,2023-03
2023-03-30,2023,R,677161,668939,CH,Changeup,,ball,L,R,BOS,BAL,81.60,,,2,1,2023,2023-03
2023-03-30,2023,R,677161,668939,CH,Changeup,,blocked_ball,L,R,BOS,BAL,81.30,,,1,1,2023,2023-03
2023-03-30,2023,R,677161,668939,SL,Slider,,called_strike,L,R,BOS,BAL,84.60,,,1,0,2023,2023-03
2023-03-30,2023,R,677161,668939,CH,Changeup,,ball,L,R,BOS,BAL,81.20,,,0,0,2023,2023-03
2023-03-30,2023,R,677161,683002,FF,4-Seam Fastball,strikeout,foul_tip,L,R,BOS,BAL,93.30,,,1,2,2023,2023-03
2023-03-30,2023,R,677161,683002,FF,4-Seam Fastball,,foul,L,R,BOS,BAL,95.00,78.70,52,1,2,2023,2023-03
2023-03-30,2023,R,677161,683002,FF,4-Seam Fastball,,foul_tip,L,R,BOS,BAL,94.50,,,1,1,2023,2023-03
2023-03-30,2023,R,677161,683002,FF,4-Seam Fastball,,called_strike,L,R,BOS,BAL,92.90,,,1,0,2023,2023-03
2023-03-30,2023,R,677161,683002,SL,Slider,,ball,L,R,BOS,BAL,86.10,,,0,0,2023,2023-03
2023-03-30,2023,R,681402,621020,SL,Slider,single,hit_into_play,R,R,CHC,MIL,87.90,106.90,3,0,1,2023,2023-03
2023-03-30,2023,R,681402,621020,SL,Slider,,called_strike,R,R,CHC,MIL,87.70,,,0,0,2023,2023-03
2023-03-30,2023,R,681402,641355,SL,Slider,walk,blocked_ball,L,R,CHC,MIL,89.30,,,3,2,2023,2023-03
2023-03-30,2023,R,681402,641355,FF,4-Seam Fastball,,ball,L,R,CHC,MIL,96.70,,,2,2,2023,2023-03
2023-03-30,2023,R,681402,641355,CH,Changeup,,ball,L,R,CHC,MIL,89.30,,,1,2,2023,2023-03
2023-03-30,2023,R,681402,641355,FF,4-Seam Fastball,,foul_tip,L,R,CHC,MIL,96.10,,,1,1,2023,2023-03
2023-03-30,2023,R,681402,641355,FF,4-Seam Fastball,,called_strike,L,R,CHC,MIL,95.60,,,1,0,2023,2023-03
2023-03-30,2023,R,681402,641355,SL,Slider,,ball,L,R,CHC,MIL,89.50,,,0,0,2023,2023-03
2023-03-30,2023,R,681402,641820,FF,4-Seam Fastball,field_out,hit_into_play,R,R,CHC,MIL,96.00,46.50,21,1,1,2023,2023-03
2023-03-30,2023,R,681402,641820,SL,Slider,,ball,R,R,CHC,MIL,87.70,,,0,1,2023,2023-03
2023-03-30,2023,R,681402,641820,SL,Slider,,foul,R,R,CHC,MIL,87.50,77.60,59,0,0,2023,2023-03
2023-03-30,2023,R,681402,663538,FF,4-Seam Fastball,field_out,hit_into_play,R,R,CHC,MIL,96.60,102.20,-15,0,1,2023,2023-03
2023-03-30,2023,R,681402,663538,FF,4-Seam Fastball,,called_strike,R,R,CHC,MIL,96.00,,,0,0,2023,2023-03
2023-03-30,2023,R,681402,664023,FF,4-Seam Fastball,single,hit_into_play,L,R,CHC,MIL,95.60,95.60,8,1,1,2023,2023-03
2023-03-30,2023,R,681402,664023,FF,4-Seam Fastball,,swinging_strike,L,R,CHC,MIL,95.50,,,1,0,2023,2023-03
2023-03-30,2023,R,681402,664023,FF,4-Seam Fastball,,ball,L,R,CHC,MIL,95.50,,,0,0,2023,2023-03
2023-03-30,2023,R,681402,670156,FF,4-Seam Fastball,strikeout,swinging_strike,L,R,CHC,MIL,96.00,,,0,2,2023,2023-03
2023-03-30,2023,R,681402,670156,FF,4-Seam Fastball,,foul,L,R,CHC,MIL,96.20,77.20,43,0,1,2023,2023-03
2023-03-30,2023,R,681402,670156,SL,Slider,,called_strike,L,R,CHC,MIL,87.80,,,0,0,2023,2023-03
2023-03-31,2023,R,458681,455117,SI,Sinker,grounded_into_double_play,hit_into_play,R,R,HOU,CWS,91.80,83.00,-18,1,0,2023,2023-03
2023-03-31,2023,R,458681,455117,SI,Sinker,,ball,R,R,HOU,CWS,91.10,,,0,0,2023,2023-03
2023-03-31,2023,R,458681,455117,FC,Cutter,field_out,hit_into_play,R,R,HOU,CWS,89.20,82.20,74,0,1,2023,2023-03
2023-03-31,2023,R,458681,455117,FC,Cutter,,swinging_strike,R,R,HOU,CWS,90.00,,,0,0,2023,2023-03
2023-03-31,2023,R,458681,547989,FC,Cutter,single,hit_into_play,R,R,HOU,CWS,88.60,105.20,12,2,2,2023,2023-03
2023-03-31,2023,R,458681,547989,FC,Cutter,,ball,R,R,HOU,CWS,89.90,,,1,2,2023,2023-03
2023-03-31,2023,R,458681,547989,FF,4-Seam Fastball,,swinging_strike,R,R,HOU,CWS,92.50,,,1,1,2023,2023-03
2023-03-31,2023,R,458681,547989,CU,Curveball,,ball,R,R,HOU,CWS,81.30,,,0,1,2023,2023-03
2023-03-31,2023,R,458681,547989,SI,Sinker,,called_strike,R,R,HOU,CWS,92.10,,,0,0,2023,2023-03
2023-03-31,2023,R,458681,547989,SI,Sinker,field_out,hit_into_play,R,R,HOU,CWS,91.80,76.10,51,0,0,2023,2023-03
2023-03-31,2023,R,458681,547989,SI,Sinker,walk,ball,R,R,HOU,CWS,91.10,,,3,0,2023,2023-03
2023-03-31,2023,R,458681,547989,FC,Cutter,,ball,R,R,HOU,CWS,88.60,,,2,0,2023,2023-03
2023-03-31,2023,R,458681,547989,FC,Cutter,,ball,R,R,HOU,CWS,87.40,,,1,0,2023,2023-03
2023-03-31,2023,R,458681,547989,CU,Curveball,,ball,R,R,HOU,CWS,80.60,,,0,0,2023,2023-03
2023-03-31,2023,R,458681,608324,FC,Cutter,field_out,hit_into_play,R,R,HOU,CWS,87.80,72.40,28,0,1,2023,2023-03
2023-03-31,2023,R,458681,608324,SI,Sinker,,foul,R,R,HOU,CWS,90.70,58.60,-17,0,0,2023,2023-03
2023-03-31,2023,R,458681,608324,FC,Cutter,field_out,hit_into_play,R,R,HOU,CWS,88.20,77.90,61,1,0,2023,2023-03
2023-03-31,2023,R,458681,608324,FC,Cutter,,blocked_ball,R,R,HOU,CWS,88.90,,,0,0,2023,2023-03
2023-03-31,2023,R,458681,608324,SI,Sinker,field_out,hit_into_play,R,R,HOU,CWS,92.60,98.80,24,2,0,2023,2023-03
2023-03-31,2023,R,458681,608324,FC,Cutter,,ball,R,R,HOU,CWS,87.40,,,1,0,2023,2023-03
2023-03-31,2023,R,458681,608324,CU,Curveball,,ball,R,R,HOU,CWS,81.40,,,0,0,2023,2023-03
2023-03-31,2023,R,458681,663656,FF,4-Seam Fastball,home_run,hit_into_play,L,R,HOU,CWS,95.10,109.80,25,1,2,2023,2023-03
2023-03-31,2023,R,458681,663656,FF,4-Seam Fastball,,called_strike,L,R,HOU,CWS,94.40,,,1,1,2023,2023-03
2023-03-31,2023,R,458681,663656,FF,4-Seam Fastball,,foul,L,R,HOU,CWS,94.20,72.50,48,1,0,2023,2023-03
2023-03-31,2023,R,458681,663656,FF,4-Seam Fastball,,ball,L,R,HOU,CWS,92.80,,,0,0,2023,2023-03
2023-03-31,2023,R,458681,663656,CH,Changeup,field_out,hit_into_play,L,R,HOU,CWS,85.20,84.30,23,2,2,2023,2023-03
2023-03-31,2023,R,458681,663656,FF,4-Seam Fastball,,foul,L,R,HOU,CWS,92.90,79.50,-41,2,2,2023,2023-03
2023-03-31,2023,R,458681,663656,FF,4-Seam Fastball,,foul,L,R,HOU,CWS,93.00,70.00,48,2,2,2023,2023-03
2023-03-31,2023,R,458681,663656,FF,4-Seam Fastball,,foul,L,R,HOU,CWS,91.20,90.00,48,2,1,2023,2023-03
2023-03-31,2023,R,458681,663656,CU,Curveball,,ball,L,R,HOU,CWS,81.00,,,1,1,2023,2023-03
2023-03-31,2023,R,458681,663656,FF,4-Seam Fastball,,swinging_strike,L,R,HOU,CWS,90.80,,,1,0,2023,2023-03
2023-03-31,2023,R,458681,663656,FC,Cutter,,ball,L,R,HOU,CWS,87.90,,,0,0,2023,2023-03
2023-03-31,2023,R,458681,663656,CU,Curveball,strikeout,swinging_strike,L,R,HOU,CWS,82.40,,,2,2,2023,2023-03
2023-03-31,2023,R,458681,663656,CU,Curveball,,blocked_ball,L,R,HOU,CWS,82.80,,,1,2,2023,2023-03
2023-03-31,2023,R,458681,663656,FF,4-Seam Fastball,,ball,L,R,HOU,CWS,94.10,,,0,2,2023,2023-03
2023-03-31,2023,R,458681,663656,CH,Changeup,,foul,L,R,HOU,CWS,85.00,58.50,-60,0,1,2023,2023-03
2023-03-31,2023,R,458681,663656,CH,Changeup,,swinging_strike,L,R,HOU,CWS,86.80,,,0,0,2023,2023-03
2023-03-31,2023,R,458681,665161,FF,4-Seam Fastball,strikeout,swinging_strike,R,R,HOU,CWS,93.80,,,0,2,2023,2023-03
2023-03-31,2023,R,458681,665161,FF,4-Seam Fastball,,called_strike,R,R,HOU,CWS,92.50,,,0,1,2023,2023-03
2023-03-31,2023,R,458681,665161,FF,4-Seam Fastball,,swinging_strike,R,R,HOU,CWS,92.70,,,0,0,2023,2023-03
2023-03-31,2023,R,458681,665161,SI,Sinker,hit_by_pitch,hit_by_pitch,R,R,HOU,CWS,91.00,,,2,2,2023,2023-03
2023-03-31,2023,R,458681,665161,FF,4-Seam Fastball,,foul,R,R,HOU,CWS,93.40,78.80,45,2,2,2023,2023-03
2023-03-31,2023,R,458681,665161,FF,4-Seam Fastball,,swinging_strike,R,R,HOU,CWS,92.10,,,2,1,2023,2023-03
2023-03-31,2023,R,458681,665161,FC,Cutter,,ball,R,R,HOU,CWS,87.70,,,1,1,2023,2023-03
2023-03-31,2023,R,458681,665161,FC,Cutter,,ball,R,R,HOU,CWS,87.40,,,0,1,2023,2023-03
2023-03-31,2023,R,458681,665161,FC,Cutter,,called_strike,R,R,HOU,CWS,87.50,,,0,0,2023,2023-03
2023-03-31,2023,R,458681,665161,SI,Sinker,field_out,hit_into_play,R,R,HOU,CWS,91.00,95.00,-18,1,0,2023,2023-03
2023-03-31,2023,R,458681,665161,FF,4-Seam Fastball,,ball,R,R,HOU,CWS,92.30,,,0,0,2023,2023-03
2023-03-31,2023,R,458681,667452,FF,4-Seam Fastball,strikeout,swinging_strike,R,R,HOU,CWS,93.20,,,2,2,2023,2023-03
2023-03-31,2023,R,458681,667452,FF,4-Seam Fastball,,called_strike,R,R,HOU,CWS,91.90,,,2,1,2023,2023-03
2023-03-31,2023,R,458681,667452,FF,4-Seam Fastball,,ball,R,R,HOU,CWS,93.30,,,1,1,2023,2023-03
2023-03-31,2023,R,458681,667452,FC,Cutter,,ball,R,R,HOU,CWS,88.10,,,0,1,2023,2023-03
2023-03-31,2023,R,458681,667452,FF,4-Seam Fastball,,called_strike,R,R,HOU,CWS,93.40,,,0,0,2023,2023-03
2023-03-31,2023,R,458681,667452,CU,Curveball,single,hit_into_play,R,R,HOU,CWS,83.50,104.20,10,0,2,2023,2023-03
2023-03-31,2023,R,458681,667452,SI,Sinker,,foul,R,R,HOU,CWS,93.20,77.10,-19,0,1,2023,2023-03
2023-03-31,2023,R,458681,667452,SI,Sinker,,called_strike,R,R,HOU,CWS,93.70,,,0,0,2023,2023-03
2023-03-31,2023,R,458681,670541,CU,Curveball,strikeout,swinging_strike_blocked,L,R,HOU,CWS,83.00,,,1,2,2023,2023-03
2023-03-31,2023,R,458681,670541,CU,Curveball,,ball,L,R,HOU,CWS,80.80,,,0,2,2023,2023-03
2023-03-31,2023,R,458681,670541,FF,4-Seam Fastball,,called_strike,L,R,HOU,CWS,93.40,,,0,1,2023,2023-03
2023-03-31,2023,R,458681,670541,FF,4-Seam Fastball,,foul,L,R,HOU,CWS,92.50,76.60,-23,0,0,2023,2023-03
2023-03-31,2023,R,458681,670541,CH,Changeup,walk,ball,L,R,HOU,CWS,85.70,,,3,2,2023,2023-03
2023-03-31,2023,R,458681,670541,FC,Cutter,,ball,L,R,HOU,CWS,86.40,,,2,2,2023,2023-03
2023-03-31,2023,R,458681,670541,FC,Cutter,,foul,L,R,HOU,CWS,90.20,112.70,13,2,2,2023,2023-03
2023-03-31,2023,R,458681,670541,CH,Changeup,,foul,L,R,HOU,CWS,85.40,,,2,2,2023,2023-03
2023-03-31,2023,R,458681,670541,CU,Curveball,,foul,L,R,HOU,CWS,80.70,,,2,1,2023,2023-03
2023-03-31,2023,R,458681,670541,CH,Changeup,,ball,L,R,HOU,CWS,86.30,,,1,1,2023,2023-03
2023-03-31,2023,R,458681,670541,FC,Cutter,,swinging_strike,L,R,HOU,CWS,90.50,,,1,0,2023,2023-03
2023-03-31,2023,R,458681,670541,FF,4-Seam Fastball,,ball,L,R,HOU,CWS,94.20,,,0,0,2023,2023-03
2023-03-31,2023,R,458681,670541,FC,Cutter,field_out,hit_into_play,L,R,HOU,CWS,90.00,83.20,30,2,1,2023,2023-03
2023-03-31,2023,R,458681,670541,CH,Changeup,,called_strike,L,R,HOU,CWS,87.60,,,2,0,2023,2023-03
2023-03-31,2023,R,458681,670541,CU,Curveball,,ball,L,R,HOU,CWS,80.60,,,1,0,2023,2023-03
2023-03-31,2023,R,458681,670541,CH,Changeup,,ball,L,R,HOU,CWS,86.40,,,0,0,2023,2023-03
2023-03-31,2023,R,458681,676694,FC,Cutter,walk,ball,R,R,HOU,CWS,87.30,,,3,2,2023,2023-03
2023-03-31,2023,R,458681,676694,CU,Curveball,,ball,R,R,HOU,CWS,82.00,,,2,2,2023,2023-03
2023-03-31,2023,R,458681,676694,FF,4-Seam Fastball,,foul,R,R,HOU,CWS,93.10,81.00,56,2,2,2023,2023-03
2023-03-31,2023,R,458681,676694,SI,Sinker,,foul,R,R,HOU,CWS,90.80,70.70,61,2,1,2023,2023-03
2023-03-31,2023,R,458681,676694,FC,Cutter,,ball,R,R,HOU,CWS,88.90,,,1,1,2023,2023-03
2023-03-31,2023,R,458681,676694,FC,Cutter,,ball,R,R,HOU,CWS,88.20,,,0,1,2023,2023-03
2023-03-31,2023,R,458681,676694,FC,Cutter,,called_strike,R,R,HOU,CWS,86.90,,,0,0,2023,2023-03
2023-03-31,2023,R,458681,676694,FC,Cutter,strikeout,swinging_strike,R,R,HOU,CWS,89.70,,,2,2,2023,2023-03
2023-03-31,2023,R,458681,676694,FF,4-Seam Fastball,,ball,R,R,HOU,CWS,93.90,,,1,2,2023,2023-03
2023-03-31,2023,R,458681,676694,FC,Cutter,,swinging_strike,R,R,HOU,CWS,89.80,,,1,1,2023,2023-03
2023-03-31,2023,R,458681,676694,SI,Sinker,,swinging_strike,R,R,HOU,CWS,93.50,,,1,0,2023,2023-03
2023-03-31,2023,R,458681,676694,SI,Sinker,,blocked_ball,R,R,HOU,CWS,94.40,,,0,0,2023,2023-03
2023-03-31,2023,R,458681,682073,FF,4-Seam Fastball,strikeout,swinging_strike,R,R,HOU,CWS,92.20,,,3,2,2023,2023-03
2023-03-31,2023,R,458681,682073,FF,4-Seam Fastball,,foul,R,R,HOU,CWS,92.60,74.80,19,3,2,2023,2023-03
2023-03-31,2023,R,458681,682073,FF,4-Seam Fastball,,ball,R,R,HOU,CWS,92.70,,,2,2,2023,2023-03
2023-03-31,2023,R,458681,682073,FC,Cutter,,swinging_strike,R,R,HOU,CWS,87.10,,,2,1,2023,2023-03
2023-03-31,2023,R,458681,682073,FC,Cutter,,ball,R,R,HOU,CWS,89.20,,,1,1,2023,2023-03
2023-03-31,2023,R,458681,682073,FC,Cutter,,ball,R,R,HOU,CWS,88.20,,,0,1,2023,2023-03
2023-03-31,2023,R,458681,682073,FF,4-Seam Fastball,,called_strike,R,R,HOU,CWS,93.00,,,0,0,2023,2023-03
2023-03-31,2023,R,458681,682073,SI,Sinker,walk,ball,R,R,HOU,CWS,93.20,,,3,1,2023,2023-03
2023-03-31,2023,R,458681,682073,FC,Cutter,,ball,R,R,HOU,CWS,88.60,,,2,1,2023,2023-03
2023-03-31,2023,R,458681,682073,FC,Cutter,,ball,R,R,HOU,CWS,89.80,,,1,1,2023,2023-03
2023-03-31,2023,R,458681,682073,SI,Sinker,,called_strike,R,R,HOU,CWS,93.70,,,1,0,2023,2023-03
2023-03-31,2023,R,458681,682073,SI,Sinker,,ball,R,R,HOU,CWS,93.40,,,0,0,2023,2023-03
2023-03-31,2023,R,472610,453568,FS,Split-Finger,strikeout,swinging_strike,L,R,SD,COL,85.80,,,2,2,2023,2023-03
2023-03-31,2023,R,472610,453568,ST,Sweeper,,blocked_ball,L,R,SD,COL,83.20,,,1,2,2023,2023-03
2023-03-31,2023,R,472610,453568,ST,Sweeper,,swinging_strike,L,R,SD,COL,79.30,,,1,1,2023,2023-03
2023-03-31,2023,R,472610,453568,FF,4-Seam Fastball,,ball,L,R,SD,COL,95.20,,,0,1,2023,2023-03
2023-03-31,2023,R,472610,453568,FF,4-Seam Fastball,,swinging_strike,L,R,SD,COL,93.30,,,0,0,2023,2023-03
2023-03-31,2023,R,472610,592178,SI,Sinker,walk,ball,R,R,SD,COL,93.80,,,3,1,2023,2023-03
2023-03-31,2023,R,472610,592178,SI,Sinker,,ball,R,R,SD,COL,94.50,,,2,1,2023,2023-03
2023-03-31,2023,R,472610,592178,SI,Sinker,,ball,R,R,SD,COL,92.40,,,1,1,2023,2023-03
2023-03-31,2023,R,472610,592178,SI,Sinker,,ball,R,R,SD,COL,97.00,,,0,1,2023,2023-03
2023-03-31,2023,R,472610,592178,SI,Sinker,,called_strike,R,R,SD,COL,95.70,,,0,0,2023,2023-03
2023-03-31,2023,R,472610,602074,SI,Sinker,single,hit_into_play,R,R,SD,COL,96.80,98.70,-12,2,2,2023,2023-03
2023-03-31,2023,R,472610,602074,SI,Sinker,,foul,R,R,SD,COL,97.20,78.50,-36,2,2,2023,2023-03
2023-03-31,2023,R,472610,602074,ST,Sweeper,,ball,R,R,SD,COL,79.80,,,1,2,2023,2023-03
2023-03-31,2023,R,472610,602074,SI,Sinker,,swinging_strike,R,R,SD,COL,95.90,,,1,1,2023,2023-03
2023-03-31,2023,R,472610,602074,SI,Sinker,,foul,R,R,SD,COL,96.60,79.40,-25,1,0,2023,2023-03
2023-03-31,2023,R,472610,602074,SI,Sinker,,ball,R,R,SD,COL,95.80,,,0,0,2023,2023-03
2023-03-31,2023,R,472610,605612,ST,Sweeper,field_out,hit_into_play,L,R,SD,COL,80.00,84.80,50,1,2,2023,2023-03
2023-03-31,2023,R,472610,605612,FS,Split-Finger,,ball,L,R,SD,COL,87.90,,,0,2,2023,2023-03
2023-03-31,2023,R,472610,605612,FS,Split-Finger,,foul_tip,L,R,SD,COL,87.10,,,0,1,2023,2023-03
2023-03-31,2023,R,472610,605612,FF,4-Seam Fastball,,swinging_strike,L,R,SD,COL,94.40,,,0,0,2023,2023-03
2023-03-31,2023,R,472610,678662,ST,Sweeper,strikeout,called_strike,R,R,SD,COL,79.00,,,2,2,2023,2023-03
2023-03-31,2023,R,472610,678662,SI,Sinker,,foul,R,R,SD,COL,97.60,71.50,47,2,2,2023,2023-03
2023-03-31,2023,R,472610,678662,ST,Sweeper,,ball,R,R,SD,COL,81.70,,,1,2,2023,2023-03
2023-03-31,2023,R,472610,678662,ST,Sweeper,,swinging_strike,R,R,SD,COL,80.30,,,1,1,2023,2023-03
2023-03-31,2023,R,472610,678662,SI,Sinker,,foul,R,R,SD,COL,95.40,88.20,60,1,0,2023,2023-03
2023-03-31,2023,R,472610,678662,SI,Sinker,,ball,R,R,SD,COL,96.90,,,0,0,2023,2023-03
2023-03-31,2023,R,488984,493329,SI,Sinker,field_out,hit_into_play,R,R,MIA,NYM,92.20,95.50,-16,0,0,2023,2023-03
2023-03-31,2023,R,488984,516416,SI,Sinker,field_out,hit_into_play,R,R,MIA,NYM,92.10,103.60,-19,2,0,2023,2023-03
2023-03-31,2023,R,488984,516416,FC,Cutter,,ball,R,R,MIA,NYM,91.50,,,1,0,2023,2023-03
2023-03-31,2023,R,488984,516416,CU,Curveball,,ball,R,R,MIA,NYM,86.30,,,0,0,2023,2023-03
2023-03-31,2023,R,488984,541645,FC,Cutter,field_out,hit_into_play,R,R,MIA,NYM,90.90,103.10,37,0,1,2023,2023-03
2023-03-31,2023,R,488984,541645,SI,Sinker,,foul,R,R,MIA,NYM,92.10,71.30,51,0,0,2023,2023-03
2023-03-31,2023,R,488984,542932,SI,Sinker,field_out,hit_into_play,R,R,MIA,NYM,91.40,81.30,35,2,1,2023,2023-03
2023-03-31,2023,R,488984,542932,CU,Curveball,,ball,R,R,MIA,NYM,86.60,,,1,1,2023,2023-03
2023-03-31,2023,R,488984,542932,SI,Sinker,,called_strike,R,R,MIA,NYM,91.50,,,1,0,2023,2023-03
2023-03-31,2023,R,488984,542932,SI,Sinker,,ball,R,R,MIA,NYM,90.90,,,0,0,2023,2023-03
2023-03-31,2023,R,488984,624585,SI,Sinker,single,hit_into_play,R,R,MIA,NYM,93.00,94.50,6,1,0,2023,2023-03
2023-03-31,2023,R,488984,624585,FC,Cutter,,ball,R,R,MIA,NYM,90.80,,,0,0,2023,2023-03
2023-03-31,2023,R,488984,650333,CH,Changeup,field_out,hit_into_play,L,R,MIA,NYM,86.10,57.40,-72,1,2,2023,2023-03
2023-03-31,2023,R,488984,650333,CH,Changeup,,foul,L,R,MIA,NYM,87.30,73.40,-18,1,2,2023,2023-03
2023-03-31,2023,R,488984,650333,CH,Changeup,,ball,L,R,MIA,NYM,87.20,,,0,2,2023,2023-03
2023-03-31,2023,R,488984,650333,SI,Sinker,,called_strike,L,R,MIA,NYM,92.20,,,0,1,2023,2023-03
2023-03-31,2023,R,488984,650333,FC,Cutter,,called_strike,L,R,MIA,NYM,90.80,,,0,0,2023,2023-03
2023-03-31,2023,R,488984,663743,CU,Curveball,field_out,hit_into_play,R,R,MIA,NYM,87.30,99.10,-12,0,2,2023,2023-03
2023-03-31,2023,R,488984,663743,CU,Curveball,,swinging_strike,R,R,MIA,NYM,87.30,,,0,1,2023,2023-03
2023-03-31,2023,R,488984,663743,,,,automatic_strike,R,R,MIA,NYM,,,,0,0,2023,2023-03
2023-03-31,2023,R,518617,547989,ST,Sweeper,field_out,hit_into_play,R,L,HOU,CWS,83.40,106.30,5,0,2,2023,2023-03
2023-03-31,2023,R,518617,547989,FC,Cutter,,swinging_strike,R,L,HOU,CWS,89.50,,,0,1,2023,2023-03
2023-03-31,2023,R,518617,547989,CH,Changeup,,called_strike,R,L,HOU,CWS,85.40,,,0,0,2023,2023-03
2023-03-31,2023,R,518617,663656,SI,Sinker,walk,ball,L,L,HOU,CWS,95.90,,,3,2,2023,2023-03
2023-03-31,2023,R,518617,663656,ST,Sweeper,,foul,L,L,HOU,CWS,84.30,82.10,45,3,2,2023,2023-03
2023-03-31,2023,R,518617,663656,FC,Cutter,,ball,L,L,HOU,CWS,90.00,,,2,2,2023,2023-03
2023-03-31,2023,R,518617,663656,ST,Sweeper,,foul,L,L,HOU,CWS,83.30,77.00,32,2,1,2023,2023-03
2023-03-31,2023,R,518617,663656,FF,4-Seam Fastball,,ball,L,L,HOU,CWS,96.00,,,1,1,2023,2023-03
2023-03-31,2023,R,518617,663656,FC,Cutter,,ball,L,L,HOU,CWS,89.10,,,0,1,2023,2023-03
2023-03-31,2023,R,518617,663656,FC,Cutter,,called_strike,L,L,HOU,CWS,87.80,,,0,0,2023,2023-03
2023-03-31,2023,R,518617,670541,FF,4-Seam Fastball,double,hit_into_play,L,L,HOU,CWS,95.60,98.10,29,1,0,2023,2023-03
2023-03-31,2023,R,518617,670541,ST,Sweeper,,blocked_ball,L,L,HOU,CWS,84.90,,,0,0,2023,2023-03
2023-03-31,2023,R,518876,444482,CU,Curveball,walk,ball,L,R,LAD,AZ,81.70,,,3,1,2023,2023-03
2023-03-31,2023,R,518876,444482,FF,4-Seam Fastball,,ball,L,R,LAD,AZ,90.70,,,2,1,2023,2023-03
2023-03-31,2023,R,518876,444482,CH,Changeup,,ball,L,R,LAD,AZ,87.30,,,1,1,2023,2023-03
2023-03-31,2023,R,518876,444482,FF,4-Seam Fastball,,foul,L,R,LAD,AZ,91.20,70.00,28,1,0,2023,2023-03
2023-03-31,2023,R,518876,444482,CH,Changeup,,ball,L,R,LAD,AZ,87.10,,,0,0,2023,2023-03
2023-03-31,2023,R,518876,444482,CU,Curveball,single,hit_into_play,L,R,LAD,AZ,82.80,109.30,10,0,2,2023,2023-03
2023-03-31,2023,R,518876,444482,CH,Changeup,,foul,L,R,LAD,AZ,87.60,49.80,-65,0,1,2023,2023-03
2023-03-31,2023,R,518876,444482,CU,Curveball,,called_strike,L,R,LAD,AZ,82.30,,,0,0,2023,2023-03
2023-03-31,2023,R,518876,500743,FC,Cutter,strikeout,swinging_strike,R,R,LAD,AZ,91.00,,,1,2,2023,2023-03
2023-03-31,2023,R,518876,500743,CU,Curveball,,foul,R,R,LAD,AZ,83.10,67.80,8,1,1,2023,2023-03
2023-03-31,2023,R,518876,500743,FC,Cutter,,ball,R,R,LAD,AZ,91.20,,,0,1,2023,2023-03
2023-03-31,2023,R,518876,500743,SI,Sinker,,foul,R,R,LAD,AZ,91.90,75.60,-20,0,0,2023,2023-03
2023-03-31,2023,R,518876,502110,FC,Cutter,field_out,hit_into_play,R,R,LAD,AZ,88.30,84.10,58,1,0,2023,2023-03
2023-03-31,2023,R,518876,502110,FF,4-Seam Fastball,,ball,R,R,LAD,AZ,89.80,,,0,0,2023,2023-03
2023-03-31,2023,R,518876,502110,FF,4-Seam Fastball,strikeout,swinging_strike,R,R,LAD,AZ,92.40,,,1,2,2023,2023-03
2023-03-31,2023,R,518876,502110,CU,Curveball,,blocked_ball,R,R,LAD,AZ,83.20,,,0,2,2023,2023-03
2023-03-31,2023,R,518876,502110,CH,Changeup,,swinging_strike,R,R,LAD,AZ,89.50,,,0,1,2023,2023-03
2023-03-31,2023,R,518876,502110,FC,Cutter,,swinging_strike,R,R,LAD,AZ,91.20,,,0,0,2023,2023-03
2023-03-31,2023,R,518876,518692,FF,4-Seam Fastball,field_out,hit_into_play,L,R,LAD,AZ,91.50,102.20,43,0,1,2023,2023-03
2023-03-31,2023,R,518876,518692,CH,Changeup,,foul,L,R,LAD,AZ,88.40,70.40,-24,0,0,2023,2023-03
2023-03-31,2023,R,518876,518692,CU,Curveball,strikeout,called_strike,L,R,LAD,AZ,83.20,,,3,2,2023,2023-03
2023-03-31,2023,R,518876,518692,FF,4-Seam Fastball,,foul,L,R,LAD,AZ,93.40,71.60,30,3,1,2023,2023-03
2023-03-31,2023,R,518876,518692,CH,Changeup,,ball,L,R,LAD,AZ,89.50,,,2,1,2023,2023-03
2023-03-31,2023,R,518876,518692,FF,4-Seam Fastball,,foul,L,R,LAD,AZ,92.20,79.70,12,2,0,2023,2023-03
2023-03-31,2023,R,518876,518692,CH,Changeup,,ball,L,R,LAD,AZ,88.20,,,1,0,2023,2023-03
2023-03-31,2023,R,518876,518692,FF,4-Seam Fastball,,ball,L,R,LAD,AZ,91.20,,,0,0,2023,2023-03
2023-03-31,2023,R,518876,571970,CU,Curveball,field_out,hit_into_play,L,R,LAD,AZ,82.40,109.70,16,2,1,2023,2023-03
2023-03-31,2023,R,518876,571970,CU,Curveball,,swinging_strike,L,R,LAD,AZ,81.70,,,2,0,2023,2023-03
2023-03-31,2023,R,518876,571970,CH,Changeup,,ball,L,R,LAD,AZ,87.20,,,1,0,2023,2023-03
2023-03-31,2023,R,518876,571970,CU,Curveball,,ball,L,R,LAD,AZ,80.50,,,0,0,2023,2023-03
2023-03-31,2023,R,518876,571970,FC,Cutter,single,hit_into_play,L,R,LAD,AZ,91.60,105.20,3,0,2,2023,2023-03
2023-03-31,2023,R,518876,571970,CU,Curveball,,foul,L,R,LAD,AZ,83.00,64.00,-22,0,2,2023,2023-03
2023-03-31,2023,R,518876,571970,CU,Curveball,,swinging_strike,L,R,LAD,AZ,82.10,,,0,1,2023,2023-03
2023-03-31,2023,R,518876,571970,CU,Curveball,,called_strike,L,R,LAD,AZ,82.70,,,0,0,2023,2023-03
2023-03-31,2023,R,518876,605141,CH,Changeup,walk,ball,R,R,LAD,AZ,89.60,,,3,2,2023,2023-03
2023-03-31,2023,R,518876,605141,CU,Curveball,,ball,R,R,LAD,AZ,82.80,,,2,2,2023,2023-03
2023-03-31,2023,R,518876,605141,CH,Changeup,,ball,R,R,LAD,AZ,88.90,,,1,2,2023,2023-03
2023-03-31,2023,R,518876,605141,FC,Cutter,,foul,R,R,LAD,AZ,90.40,75.00,15,1,1,2023,2023-03
2023-03-31,2023,R,518876,605141,SI,Sinker,,foul_tip,R,R,LAD,AZ,90.70,,,1,0,2023,2023-03
2023-03-31,2023,R,518876,605141,SI,Sinker,,ball,R,R,LAD,AZ,90.40,,,0,0,2023,2023-03
2023-03-31,2023,R,518876,605141,FF,4-Seam Fastball,field_out,hit_into_play,R,R,LAD,AZ,91.40,85.80,-1,2,0,2023,2023-03
2023-03-31,2023,R,518876,605141,FF,4-Seam Fastball,,ball,R,R,LAD,AZ,91.60,,,1,0,2023,2023-03
2023-03-31,2023,R,518876,605141,FF,4-Seam Fastball,,ball,R,R,LAD,AZ,91.50,,,0,0,2023,2023-03
2023-03-31,2023,R,518876,669257,SI,Sinker,field_out,hit_into_play,R,R,LAD,AZ,91.80,110.80,12,0,0,2023,2023-03
2023-03-31,2023,R,518876,669257,SL,Slider,walk,ball,R,R,LAD,AZ,86.80,,,3,2,2023,2023-03
2023-03-31,2023,R,518876,669257,SI,Sinker,,foul,R,R,LAD,AZ,94.10,89.40,44,3,2,2023,2023-03
2023-03-31,2023,R,518876,669257,CH,Changeup,,foul,R,R,LAD,AZ,89.30,83.60,-17,3,2,2023,2023-03
2023-03-31,2023,R,518876,669257,FC,Cutter,,foul,R,R,LAD,AZ,92.80,91.50,26,3,2,2023,2023-03
2023-03-31,2023,R,518876,669257,SI,Sinker,,foul,R,R,LAD,AZ,94.00,,,3,2,2023,2023-03
2023-03-31,2023,R,518876,669257,CH,Changeup,,ball,R,R,LAD,AZ,89.90,,,2,2,2023,2023-03
2023-03-31,2023,R,518876,669257,FF,4-Seam Fastball,,foul,R,R,LAD,AZ,93.60,75.60,48,2,2,2023,2023-03
2023-03-31,2023,R,518876,669257,FC,Cutter,,ball,R,R,LAD,AZ,91.80,,,1,2,2023,2023-03
2023-03-31,2023,R,518876,669257,SI,Sinker,,called_strike,R,R,LAD,AZ,93.40,,,1,1,2023,2023-03
2023-03-31,2023,R,518876,669257,FC,Cutter,,swinging_strike,R,R,LAD,AZ,91.30,,,1,0,2023,2023-03
2023-03-31,2023,R,518876,669257,SI,Sinker,,ball,R,R,LAD,AZ,92.70,,,0,0,2023,2023-03
2023-03-31,2023,R,518876,678246,SI,Sinker,walk,ball,R,R,LAD,AZ,91.60,,,3,0,2023,2023-03
2023-03-31,2023,R,518876,678246,FC,Cutter,,ball,R,R,LAD,AZ,90.10,,,2,0,2023,2023-03
2023-03-31,2023,R,518876,678246,CH,Changeup,,ball,R,R,LAD,AZ,87.40,,,1,0,2023,2023-03
2023-03-31,2023,R,518876,678246,FC,Cutter,,ball,R,R,LAD,AZ,89.80,,,0,0,2023,2023-03
2023-03-31,2023,R,518876,678246,SI,Sinker,double,hit_into_play,R,R,LAD,AZ,91.80,105.20,24,2,2,2023,2023-03
2023-03-31,2023,R,518876,678246,FC,Cutter,,ball,R,R,LAD,AZ,91.50,,,1,2,2023,2023-03
2023-03-31,2023,R,518876,678246,FF,4-Seam Fastball,,foul,R,R,LAD,AZ,91.80,91.30,56,1,1,2023,2023-03
2023-03-31,2023,R,518876,678246,SI,Sinker,,foul,R,R,LAD,AZ,92.00,91.50,52,1,0,2023,2023-03
2023-03-31,2023,R,518876,678246,FC,Cutter,,ball,R,R,LAD,AZ,90.40,,,0,0,2023,2023-03
2023-03-31,2023,R,518876,681546,CH,Changeup,force_out,hit_into_play,L,R,LAD,AZ,88.20,51.90,-86,2,2,2023,2023-03
2023-03-31,2023,R,518876,681546,FC,Cutter,,swinging_strike,L,R,LAD,AZ,90.30,,,2,1,2023,2023-03
2023-03-31,2023,R,518876,681546,FC,Cutter,,foul,L,R,LAD,AZ,90.00,89.10,68,2,0,2023,2023-03
2023-03-31,2023,R,518876,681546,CU,Curveball,,ball,L,R,LAD,AZ,81.50,,,1,0,2023,2023-03
2023-03-31,2023,R,518876,681546,SI,Sinker,,ball,L,R,LAD,AZ,91.00,,,0,0,2023,2023-03
2023-03-31,2023,R,518876,681546,CH,Changeup,strikeout,swinging_strike,L,R,LAD,AZ,88.10,,,2,2,2023,2023-03
2023-03-31,2023,R,518876,681546,CH,Changeup,,ball,L,R,LAD,AZ,88.20,,,1,2,2023,2023-03
2023-03-31,2023,R,518876,681546,SL,Slider,,blocked_ball,L,R,LAD,AZ,86.50,,,0,2,2023,2023-03
2023-03-31,2023,R,518876,681546,FC,Cutter,,swinging_strike,L,R,LAD,AZ,90.00,,,0,1,2023,2023-03
2023-03-31,2023,R,518876,681546,CH,Changeup,,swinging_strike,L,R,LAD,AZ,87.60,,,0,0,2023,2023-03
2023-03-31,2023,R,543272,593428,FF,4-Seam Fastball,sac_fly,hit_into_play,R,L,SD,COL,93.90,83.00,47,1,2,2023,2023-03
2023-03-31,2023,R,543272,593428,ST,Sweeper,,ball,R,L,SD,COL,81.50,,,0,2,2023,2023-03
2023-03-31,2023,R,543272,593428,FF,4-Seam Fastball,,foul,R,L,SD,COL,94.10,88.00,42,0,1,2023,2023-03
2023-03-31,2023,R,543272,593428,ST,Sweeper,,foul,R,L,SD,COL,81.10,82.40,1,0,0,2023,2023-03
2023-03-31,2023,R,543272,640492,FF,4-Seam Fastball,sac_bunt,hit_into_play,R,L,SD,COL,92.40,29.10,1,0,1,2023,2023-03
2023-03-31,2023,R,543272,640492,FF,4-Seam Fastball,,foul_bunt,R,L,SD,COL,91.60,,,0,0,2023,2023-03
2023-03-31,2023,R,543272,663757,FF,4-Seam Fastball,walk,ball,L,L,SD,COL,92.80,,,3,2,2023,2023-03
2023-03-31,2023,R,543272,663757,FF,4-Seam Fastball,,ball,L,L,SD,COL,94.40,,,2,2,2023,2023-03
2023-03-31,2023,R,543272,663757,FF,4-Seam Fastball,,foul,L,L,SD,COL,93.10,77.70,31,2,2,2023,2023-03
2023-03-31,2023,R,543272,663757,FF,4-Seam Fastball,,foul,L,L,SD,COL,93.00,75.00,25,2,1,2023,2023-03
2023-03-31,2023,R,543272,663757,FF,4-Seam Fastball,,called_strike,L,L,SD,COL,92.90,,,2,0,2023,2023-03
2023-03-31,2023,R,543272,663757,FF,4-Seam Fastball,,ball,L,L,SD,COL,93.10,,,1,0,2023,2023-03
2023-03-31,2023,R,543272,663757,FF,4-Seam Fastball,,ball,L,L,SD,COL,91.60,,,0,0,2023,2023-03
2023-03-31,2023,R,543272,665742,FF,4-Seam Fastball,strikeout,called_strike,L,L,SD,COL,94.30,,,2,2,2023,2023-03
2023-03-31,2023,R,543272,665742,ST,Sweeper,,ball,L,L,SD,COL,82.60,,,1,2,2023,2023-03
2023-03-31,2023,R,543272,665742,FF,4-Seam Fastball,,ball,L,L,SD,COL,94.80,,,0,2,2023,2023-03
2023-03-31,2023,R,543272,665742,ST,Sweeper,,foul,L,L,SD,COL,81.90,84.80,62,0,1,2023,2023-03
2023-03-31,2023,R,543272,665742,FF,4-Seam Fastball,,called_strike,L,L,SD,COL,94.10,,,0,0,2023,2023-03
2023-03-31,2023,R,543272,673490,ST,Sweeper,single,hit_into_play,R,L,SD,COL,81.80,65.70,25,1,1,2023,2023-03
2023-03-31,2023,R,543272,673490,SI,Sinker,,called_strike,R,L,SD,COL,92.50,,,1,0,2023,2023-03
2023-03-31,2023,R,543272,673490,SI,Sinker,,ball,R,L,SD,COL,91.90,,,0,0,2023,2023-03
2023-03-31,2023,R,543518,500743,SL,Slider,field_out,hit_into_play,R,R,LAD,AZ,87.00,98.70,9,1,0,2023,2023-03
2023-03-31,2023,R,543518,500743,FS,Split-Finger,,ball,R,R,LAD,AZ,87.70,,,0,0,2023,2023-03
2023-03-31,2023,R,543518,605141,FF,4-Seam Fastball,walk,ball,R,R,LAD,AZ,94.70,,,3,1,2023,2023-03
2023-03-31,2023,R,543518,605141,FS,Split-Finger,,ball,R,R,LAD,AZ,86.20,,,2,1,2023,2023-03
2023-03-31,2023,R,543518,605141,SL,Slider,,ball,R,R,LAD,AZ,87.80,,,1,1,2023,2023-03
2023-03-31,2023,R,543518,605141,FF,4-Seam Fastball,,called_strike,R,R,LAD,AZ,93.70,,,1,0,2023,2023-03
2023-03-31,2023,R,543518,605141,FF,4-Seam Fastball,,ball,R,R,LAD,AZ,94.60,,,0,0,2023,2023-03
2023-03-31,2023,R,543518,681546,FF,4-Seam Fastball,walk,ball,L,R,LAD,AZ,94.60,,,3,2,2023,2023-03
2023-03-31,2023,R,543518,681546,FS,Split-Finger,,blocked_ball,L,R,LAD,AZ,87.90,,,2,2,2023,2023-03
2023-03-31,2023,R,543518,681546,FS,Split-Finger,,swinging_strike,L,R,LAD,AZ,86.50,,,2,1,2023,2023-03
2023-03-31,2023,R,543518,681546,FS,Split-Finger,,ball,L,R,LAD,AZ,87.80,,,1,1,2023,2023-03
2023-03-31,2023,R,543518,681546,FS,Split-Finger,,ball,L,R,LAD,AZ,87.70,,,0,1,2023,2023-03
2023-03-31,2023,R,543518,681546,FS,Split-Finger,,foul,L,R,LAD,AZ,86.70,,,0,0,2023,2023-03
2023-03-31,2023,R,571670,516782,SI,Sinker,field_out,hit_into_play,R,R,MIA,NYM,92.70,98.20,14,1,0,2023,2023-03
2023-03-31,2023,R,571670,516782,SI,Sinker,,ball,R,R,MIA,NYM,93.40,,,0,0,2023,2023-03
2023-03-31,2023,R,571670,596129,SI,Sinker,double,hit_into_play,L,R,MIA,NYM,93.60,78.50,41,2,2,2023,2023-03
2023-03-31,2023,R,571670,596129,CH,Changeup,,ball,L,R,MIA,NYM,86.10,,,1,2,2023,2023-03
2023-03-31,2023,R,571670,596129,FF,4-Seam Fastball,,foul,L,R,MIA,NYM,93.30,71.60,61,1,1,2023,2023-03
2023-03-31,2023,R,571670,596129,SI,Sinker,,ball,L,R,MIA,NYM,93.70,,,0,1,2023,2023-03
2023-03-31,2023,R,571670,596129,SI,Sinker,,called_strike,L,R,MIA,NYM,93.50,,,0,0,2023,2023-03
2023-03-31,2023,R,571670,607043,SL,Slider,field_out,hit_into_play,L,R,MIA,NYM,83.90,89.70,39,0,0,2023,2023-03
2023-03-31,2023,R,571670,641645,CH,Changeup,field_out,hit_into_play,L,R,MIA,NYM,85.90,73.40,5,1,1,2023,2023-03
2023-03-31,2023,R,571670,641645,FF,4-Seam Fastball,,ball,L,R,MIA,NYM,92.60,,,0,1,2023,2023-03
2023-03-31,2023,R,571670,641645,FF,4-Seam Fastball,,called_strike,L,R,MIA,NYM,93.20,,,0,0,2023,2023-03
2023-03-31,2023,R,572955,443558,SL,Slider,field_out,hit_into_play,R,R,SD,COL,86.50,66.10,63,0,2,2023,2023-03
2023-03-31,2023,R,572955,443558,CU,Curveball,,foul,R,R,SD,COL,84.40,67.70,56,0,1,2023,2023-03
2023-03-31,2023,R,572955,443558,FF,4-Seam Fastball,,called_strike,R,R,SD,COL,95.70,,,0,0,2023,2023-03
2023-03-31,2023,R,572955,572761,CU,Curveball,strikeout,swinging_strike_blocked,L,R,SD,COL,84.70,,,0,2,2023,2023-03
2023-03-31,2023,R,572955,572761,CU,Curveball,,called_strike,L,R,SD,COL,84.30,,,0,1,2023,2023-03
2023-03-31,2023,R,572955,572761,CU,Curveball,,called_strike,L,R,SD,COL,83.00,,,0,0,2023,2023-03
2023-03-31,2023,R,572955,592518,CU,Curveball,single,hit_into_play,R,R,SD,COL,83.60,89.50,-4,3,2,2023,2023-03
2023-03-31,2023,R,572955,592518,FF,4-Seam Fastball,,foul,R,R,SD,COL,94.50,75.00,15,3,2,2023,2023-03
2023-03-31,2023,R,572955,592518,CU,Curveball,,foul,R,R,SD,COL,83.90,64.50,66,3,2,2023,2023-03
2023-03-31,2023,R,572955,592518,CU,Curveball,,swinging_strike,R,R,SD,COL,83.30,,,3,1,2023,2023-03
2023-03-31,2023,R,572955,592518,FF,4-Seam Fastball,,called_strike,R,R,SD,COL,94.00,,,3,0,2023,2023-03
2023-03-31,2023,R,572955,592518,FF,4-Seam Fastball,,ball,R,R,SD,COL,94.30,,,2,0,2023,2023-03
2023-03-31,2023,R,572955,592518,CU,Curveball,,ball,R,R,SD,COL,82.80,,,1,0,2023,2023-03
2023-03-31,2023,R,572955,592518,CU,Curveball,,ball,R,R,SD,COL,81.30,,,0,0,2023,2023-03
2023-03-31,2023,R,572955,630105,CU,Curveball,strikeout,swinging_strike,L,R,SD,COL,84.30,,,2,2,2023,2023-03
2023-03-31,2023,R,572955,630105,CU,Curveball,,ball,L,R,SD,COL,83.20,,,1,2,2023,2023-03
2023-03-31,2023,R,572955,630105,FF,4-Seam Fastball,,ball,L,R,SD,COL,94.70,,,0,2,2023,2023-03
2023-03-31,2023,R,572955,630105,CU,Curveball,,foul,L,R,SD,COL,83.90,,,0,1,2023,2023-03
2023-03-31,2023,R,572955,630105,CU,Curveball,,called_strike,L,R,SD,COL,83.40,,,0,0,2023,2023-03
2023-03-31,2023,R,592662,572287,FF,4-Seam Fastball,field_out,hit_into_play,R,L,SEA,CLE,92.30,65.60,66,2,2,2023,2023-03
2023-03-31,2023,R,592662,572287,FF,4-Seam Fastball,,foul,R,L,SEA,CLE,92.10,79.40,64,2,2,2023,2023-03
2023-03-31,2023,R,592662,572287,FF,4-Seam Fastball,,foul,R,L,SEA,CLE,91.80,60.90,60,2,1,2023,2023-03
2023-03-31,2023,R,592662,572287,FF,4-Seam Fastball,,ball,R,L,SEA,CLE,93.00,,,1,1,2023,2023-03
2023-03-31,2023,R,592662,572287,FF,4-Seam Fastball,,foul,R,L,SEA,CLE,91.70,77.70,78,1,0,2023,2023-03
2023-03-31,2023,R,592662,572287,FF,4-Seam Fastball,,ball,R,L,SEA,CLE,92.10,,,0,0,2023,2023-03
2023-03-31,2023,R,592662,572287,FF,4-Seam Fastball,walk,ball,R,L,SEA,CLE,92.20,,,3,0,2023,2023-03
2023-03-31,2023,R,592662,572287,FF,4-Seam Fastball,,ball,R,L,SEA,CLE,93.40,,,2,0,2023,2023-03
2023-03-31,2023,R,592662,572287,FF,4-Seam Fastball,,ball,R,L,SEA,CLE,93.80,,,1,0,2023,2023-03
2023-03-31,2023,R,592662,572287,FF,4-Seam Fastball,,ball,R,L,SEA,CLE,94.10,,,0,0,2023,2023-03
2023-03-31,2023,R,592662,605137,FF,4-Seam Fastball,walk,ball,R,L,SEA,CLE,94.00,,,3,2,2023,2023-03
2023-03-31,2023,R,592662,605137,FF,4-Seam Fastball,,swinging_strike,R,L,SEA,CLE,93.70,,,3,1,2023,2023-03
2023-03-31,2023,R,592662,605137,SL,Slider,,ball,R,L,SEA,CLE,81.90,,,2,1,2023,2023-03
2023-03-31,2023,R,592662,605137,SL,Slider,,swinging_strike,R,L,SEA,CLE,85.10,,,2,0,2023,2023-03
2023-03-31,2023,R,592662,605137,FF,4-Seam Fastball,,ball,R,L,SEA,CLE,93.20,,,1,0,2023,2023-03
2023-03-31,2023,R,592662,605137,SL,Slider,,ball,R,L,SEA,CLE,83.60,,,0,0,2023,2023-03
2023-03-31,2023,R,592662,605137,FF,4-Seam Fastball,walk,ball,R,L,SEA,CLE,93.60,,,3,0,2023,2023-03
2023-03-31,2023,R,592662,605137,FF,4-Seam Fastball,,ball,R,L,SEA,CLE,94.10,,,2,0,2023,2023-03
2023-03-31,2023,R,592662,605137,SL,Slider,,ball,R,L,SEA,CLE,85.30,,,1,0,2023,2023-03
2023-03-31,2023,R,592662,605137,SL,Slider,,ball,R,L,SEA,CLE,86.50,,,0,0,2023,2023-03
2023-03-31,2023,R,592662,608070,SL,Slider,field_out,hit_into_play,R,L,SEA,CLE,83.90,91.10,-15,1,1,2023,2023-03
2023-03-31,2023,R,592662,608070,FF,4-Seam Fastball,,ball,R,L,SEA,CLE,91.50,,,0,1,2023,2023-03
2023-03-31,2023,R,592662,608070,SL,Slider,,foul,R,L,SEA,CLE,83.00,100.60,8,0,0,2023,2023-03
2023-03-31,2023,R,592662,608070,FF,4-Seam Fastball,walk,ball,R,L,SEA,CLE,94.10,,,3,0,2023,2023-03
2023-03-31,2023,R,592662,608070,FF,4-Seam Fastball,,ball,R,L,SEA,CLE,93.60,,,2,0,2023,2023-03
2023-03-31,2023,R,592662,608070,SL,Slider,,ball,R,L,SEA,CLE,85.40,,,1,0,2023,2023-03
2023-03-31,2023,R,592662,608070,FF,4-Seam Fastball,,ball,R,L,SEA,CLE,94.10,,,0,0,2023,2023-03
2023-03-31,2023,R,592662,642708,SL,Slider,field_out,hit_into_play,R,L,SEA,CLE,85.10,96.30,-23,2,2,2023,2023-03
2023-03-31,2023,R,592662,642708,FF,4-Seam Fastball,,ball,R,L,SEA,CLE,93.60,,,1,2,2023,2023-03
2023-03-31,2023,R,592662,642708,FF,4-Seam Fastball,,foul,R,L,SEA,CLE,92.80,,,1,1,2023,2023-03
2023-03-31,2023,R,592662,642708,FF,4-Seam Fastball,,swinging_strike,R,L,SEA,CLE,92.90,,,1,0,2023,2023-03
2023-03-31,2023,R,592662,642708,SL,Slider,,ball,R,L,SEA,CLE,84.60,,,0,0,2023,2023-03
2023-03-31,2023,R,592662,642708,SL,Slider,field_out,hit_into_play,R,L,SEA,CLE,85.00,98.10,34,1,2,2023,2023-03
2023-03-31,2023,R,592662,642708,SL,Slider,,ball,R,L,SEA,CLE,85.90,,,0,2,2023,2023-03
2023-03-31,2023,R,592662,642708,SL,Slider,,foul,R,L,SEA,CLE,86.30,83.50,-23,0,2,2023,2023-03
2023-03-31,2023,R,592662,642708,SL,Slider,,swinging_strike,R,L,SEA,CLE,86.20,,,0,1,2023,2023-03
2023-03-31,2023,R,592662,642708,FF,4-Seam Fastball,,called_strike,R,L,SEA,CLE,94.60,,,0,0,2023,2023-03
2023-03-31,2023,R,592662,647304,FF,4-Seam Fastball,strikeout,swinging_strike,L,L,SEA,CLE,93.10,,,0,2,2023,2023-03
2023-03-31,2023,R,592662,647304,FF,4-Seam Fastball,,foul,L,L,SEA,CLE,93.30,75.80,31,0,2,2023,2023-03
2023-03-31,2023,R,592662,647304,SL,Slider,,foul,L,L,SEA,CLE,85.10,101.10,-4,0,1,2023,2023-03
2023-03-31,2023,R,592662,647304,FF,4-Seam Fastball,,called_strike,L,L,SEA,CLE,93.20,,,0,0,2023,2023-03
2023-03-31,2023,R,592662,647304,SL,Slider,strikeout,swinging_strike,L,L,SEA,CLE,85.60,,,1,2,2023,2023-03
2023-03-31,2023,R,592662,647304,SL,Slider,,foul,L,L,SEA,CLE,85.40,43.70,-55,1,1,2023,2023-03
2023-03-31,2023,R,592662,647304,SL,Slider,,blocked_ball,L,L,SEA,CLE,86.30,,,0,1,2023,2023-03
2023-03-31,2023,R,592662,647304,SL,Slider,,foul,L,L,SEA,CLE,84.60,65.90,-49,0,0,2023,2023-03
2023-03-31,2023,R,592662,660757,SL,Slider,field_out,hit_into_play,R,L,SEA,CLE,87.00,77.40,-18,3,2,2023,2023-03
2023-03-31,2023,R,592662,660757,FF,4-Seam Fastball,,ball,R,L,SEA,CLE,91.00,,,2,2,2023,2023-03
2023-03-31,2023,R,592662,660757,FF,4-Seam Fastball,,foul,R,L,SEA,CLE,92.60,73.20,59,2,2,2023,2023-03
2023-03-31,2023,R,592662,660757,FF,4-Seam Fastball,,foul,R,L,SEA,CLE,93.00,60.70,66,2,1,2023,2023-03
2023-03-31,2023,R,592662,660757,FF,4-Seam Fastball,,ball,R,L,SEA,CLE,92.70,,,1,1,2023,2023-03
2023-03-31,2023,R,592662,660757,SL,Slider,,ball,R,L,SEA,CLE,83.40,,,0,1,2023,2023-03
2023-03-31,2023,R,592662,660757,FF,4-Seam Fastball,,swinging_strike,R,L,SEA,CLE,92.50,,,0,0,2023,2023-03
2023-03-31,2023,R,592662,660757,SL,Slider,single,hit_into_play,R,L,SEA,CLE,84.00,111.50,2,0,2,2023,2023-03
2023-03-31,2023,R,592662,660757,FF,4-Seam Fastball,,foul,R,L,SEA,CLE,91.80,73.30,29,0,2,2023,2023-03
2023-03-31,2023,R,592662,660757,FF,4-Seam Fastball,,swinging_strike,R,L,SEA,CLE,92.10,,,0,1,2023,2023-03
2023-03-31,2023,R,592662,660757,FF,4-Seam Fastball,,called_strike,R,L,SEA,CLE,89.90,,,0,0,2023,2023-03
2023-03-31,2023,R,592662,664702,FF,4-Seam Fastball,single,hit_into_play,R,L,SEA,CLE,92.20,99.40,6,2,1,2023,2023-03
2023-03-31,2023,R,592662,664702,SL,Slider,,ball,R,L,SEA,CLE,81.50,,,1,1,2023,2023-03
2023-03-31,2023,R,592662,664702,FF,4-Seam Fastball,,foul,R,L,SEA,CLE,91.50,74.40,17,1,0,2023,2023-03
2023-03-31,2023,R,592662,664702,FF,4-Seam Fastball,,ball,R,L,SEA,CLE,91.70,,,0,0,2023,2023-03
2023-03-31,2023,R,592662,664702,SL,Slider,field_out,hit_into_play,R,L,SEA,CLE,86.40,82.50,55,0,1,2023,2023-03
2023-03-31,2023,R,592662,664702,FF,4-Seam Fastball,,foul,R,L,SEA,CLE,92.80,74.60,18,0,0,2023,2023-03
2023-03-31,2023,R,592662,665926,SL,Slider,walk,ball,L,L,SEA,CLE,86.00,,,3,2,2023,2023-03
2023-03-31,2023,R,592662,665926,FF,4-Seam Fastball,,ball,L,L,SEA,CLE,92.70,,,2,2,2023,2023-03
2023-03-31,2023,R,592662,665926,FF,4-Seam Fastball,,ball,L,L,SEA,CLE,91.50,,,1,2,2023,2023-03
2023-03-31,2023,R,592662,665926,SL,Slider,,foul,L,L,SEA,CLE,84.00,64.90,63,1,2,2023,2023-03
2023-03-31,2023,R,592662,665926,SL,Slider,,foul,L,L,SEA,CLE,83.30,102.90,32,1,1,2023,2023-03
2023-03-31,2023,R,592662,665926,FF,4-Seam Fastball,,called_strike,L,L,SEA,CLE,91.60,,,1,0,2023,2023-03
2023-03-31,2023,R,592662,665926,SL,Slider,,ball,L,L,SEA,CLE,82.20,,,0,0,2023,2023-03
2023-03-31,2023,R,592662,665926,FF,4-Seam Fastball,single,hit_into_play,L,L,SEA,CLE,93.70,39.50,-37,0,0,2023,2023-03
2023-03-31,2023,R,592662,680757,SL,Slider,double,hit_into_play,L,L,SEA,CLE,82.80,57.90,19,3,2,2023,2023-03
2023-03-31,2023,R,592662,680757,SL,Slider,,foul,L,L,SEA,CLE,83.10,,,3,2,2023,2023-03
2023-03-31,2023,R,592662,680757,FF,4-Seam Fastball,,ball,L,L,SEA,CLE,92.40,,,2,2,2023,2023-03
2023-03-31,2023,R,592662,680757,FF,4-Seam Fastball,,foul,L,L,SEA,CLE,92.30,73.20,49,2,2,2023,2023-03
2023-03-31,2023,R,592662,680757,FF,4-Seam Fastball,,called_strike,L,L,SEA,CLE,92.00,,,2,1,2023,2023-03
2023-03-31,2023,R,592662,680757,SL,Slider,,blocked_ball,L,L,SEA,CLE,84.10,,,1,1,2023,2023-03
2023-03-31,2023,R,592662,680757,SL,Slider,,blocked_ball,L,L,SEA,CLE,84.60,,,0,1,2023,2023-03
2023-03-31,2023,R,592662,680757,FF,4-Seam Fastball,,called_strike,L,L,SEA,CLE,92.90,,,0,0,2023,2023-03
2023-03-31,2023,R,592662,680757,SL,Slider,sac_fly,hit_into_play,L,L,SEA,CLE,85.00,95.60,18,2,1,2023,2023-03
2023-03-31,2023,R,592662,680757,SL,Slider,,ball,L,L,SEA,CLE,84.80,,,1,1,2023,2023-03
2023-03-31,2023,R,592662,680757,SL,Slider,,blocked_ball,L,L,SEA,CLE,85.50,,,0,1,2023,2023-03
2023-03-31,2023,R,592662,680757,FF,4-Seam Fastball,,called_strike,L,L,SEA,CLE,92.90,,,0,0,2023,2023-03
2023-03-31,2023,R,592662,680757,SL,Slider,strikeout,swinging_strike,L,L,SEA,CLE,87.20,,,3,2,2023,2023-03
2023-03-31,2023,R,592662,680757,SL,Slider,,foul,L,L,SEA,CLE,86.80,67.00,-34,3,2,2023,2023-03
2023-03-31,2023,R,592662,680757,FF,4-Seam Fastball,,ball,L,L,SEA,CLE,95.60,,,2,2,2023,2023-03
2023-03-31,2023,R,592662,680757,SL,Slider,,foul,L,L,SEA,CLE,86.00,66.20,31,2,2,2023,2023-03
2023-03-31,2023,R,592662,680757,SL,Slider,,ball,L,L,SEA,CLE,87.30,,,1,2,2023,2023-03
2023-03-31,2023,R,592662,680757,FF,4-Seam Fastball,,ball,L,L,SEA,CLE,95.60,,,0,2,2023,2023-03
2023-03-31,2023,R,592662,680757,SL,Slider,,foul,L,L,SEA,CLE,87.10,50.90,-70,0,2,2023,2023-03
2023-03-31,2023,R,592662,680757,FF,4-Seam Fastball,,foul,L,L,SEA,CLE,94.00,78.50,8,0,1,2023,2023-03
2023-03-31,2023,R,592662,680757,SI,Sinker,,missed_bunt,L,L,SEA,CLE,94.60,,,0,0,2023,2023-03
2023-03-31,2023,R,595928,541645,SL,Slider,field_out,hit_into_play,R,R,MIA,NYM,87.90,98.20,45,0,0,2023,2023-03
2023-03-31,2023,R,595928,624585,SL,Slider,field_out,hit_into_play,R,R,MIA,NYM,86.60,95.80,37,1,0,2023,2023-03
2023-03-31,2023,R,595928,624585,SL,Slider,,ball,R,R,MIA,NYM,88.70,,,0,0,2023,2023-03
2023-03-31,2023,R,595928,643265,FF,4-Seam Fastball,field_out,hit_into_play,R,R,MIA,NYM,94.80,87.40,39,3,1,2023,2023-03
2023-03-31,2023,R,595928,643265,FF,4-Seam Fastball,,ball,R,R,MIA,NYM,95.30,,,2,1,2023,2023-03
2023-03-31,2023,R,595928,643265,SL,Slider,,ball,R,R,MIA,NYM,88.90,,,1,1,2023,2023-03
2023-03-31,2023,R,595928,643265,FF,4-Seam Fastball,,called_strike,R,R,MIA,NYM,96.00,,,1,0,2023,2023-03
2023-03-31,2023,R,595928,643265,SL,Slider,,ball,R,R,MIA,NYM,88.50,,,0,0,2023,2023-03
2023-03-31,2023,R,595928,665862,FF,4-Seam Fastball,home_run,hit_into_play,L,R,MIA,NYM,95.30,111.60,26,2,1,2023,2023-03
2023-03-31,2023,R,595928,665862,SL,Slider,,ball,L,R,MIA,NYM,88.90,,,1,1,2023,2023-03
2023-03-31,2023,R,595928,665862,FF,4-Seam Fastball,,ball,L,R,MIA,NYM,96.40,,,0,1,2023,2023-03
2023-03-31,2023,R,595928,665862,FF,4-Seam Fastball,,foul,L,R,MIA,NYM,95.80,89.90,72,0,0,2023,2023-03
2023-03-31,2023,R,605177,518692,SI,Sinker,force_out,hit_into_play,L,L,LAD,AZ,91.50,80.50,0,1,1,2023,2023-03
2023-03-31,2023,R,605177,518692,SL,Slider,,ball,L,L,LAD,AZ,83.10,,,0,1,2023,2023-03
2023-03-31,2023,R,605177,518692,FF,4-Seam Fastball,,called_strike,L,L,LAD,AZ,91.90,,,0,0,2023,2023-03
2023-03-31,2023,R,605177,571970,SL,Slider,field_out,hit_into_play,L,L,LAD,AZ,83.90,80.40,45,0,2,2023,2023-03
2023-03-31,2023,R,605177,571970,SL,Slider,,called_strike,L,L,LAD,AZ,83.80,,,0,1,2023,2023-03
2023-03-31,2023,R,605177,571970,SL,Slider,,swinging_strike,L,L,LAD,AZ,82.80,,,0,0,2023,2023-03
2023-03-31,2023,R,605177,669257,SI,Sinker,field_out,hit_into_play,R,L,LAD,AZ,91.50,63.60,-59,2,1,2023,2023-03
2023-03-31,2023,R,605177,669257,SL,Slider,,swinging_strike,R,L,LAD,AZ,81.50,,,2,0,2023,2023-03
2023-03-31,2023,R,605177,669257,SI,Sinker,,ball,R,L,LAD,AZ,91.50,,,1,0,2023,2023-03
2023-03-31,2023,R,605177,669257,SL,Slider,,ball,R,L,LAD,AZ,78.10,,,0,0,2023,2023-03
2023-03-31,2023,R,606160,462101,SI,Sinker,field_out,hit_into_play,R,R,HOU,CWS,95.30,87.60,-14,1,2,2023,2023-03
2023-03-31,2023,R,606160,462101,SI,Sinker,,foul,R,R,HOU,CWS,95.30,75.70,-40,1,2,2023,2023-03
2023-03-31,2023,R,606160,462101,CH,Changeup,,foul,R,R,HOU,CWS,90.90,46.20,-28,1,2,2023,2023-03
2023-03-31,2023,R,606160,462101,FF,4-Seam Fastball,,foul,R,R,HOU,CWS,96.20,,,1,2,2023,2023-03
2023-03-31,2023,R,606160,462101,SI,Sinker,,foul,R,R,HOU,CWS,95.00,,,1,1,2023,2023-03
2023-03-31,2023,R,606160,462101,SI,Sinker,,swinging_strike,R,R,HOU,CWS,94.70,,,1,0,2023,2023-03
2023-03-31,2023,R,606160,462101,SI,Sinker,,ball,R,R,HOU,CWS,94.90,,,0,0,2023,2023-03
2023-03-31,2023,R,606160,641313,CH,Changeup,single,hit_into_play,R,R,HOU,CWS,90.90,100.10,10,0,1,2023,2023-03
2023-03-31,2023,R,606160,641313,SI,Sinker,,called_strike,R,R,HOU,CWS,95.00,,,0,0,2023,2023-03
2023-03-31,2023,R,606160,643217,FF,4-Seam Fastball,field_out,hit_into_play,L,R,HOU,CWS,95.50,80.50,32,3,1,2023,2023-03
2023-03-31,2023,R,606160,643217,FF,4-Seam Fastball,,ball,L,R,HOU,CWS,94.60,,,2,1,2023,2023-03
2023-03-31,2023,R,606160,643217,FF,4-Seam Fastball,,ball,L,R,HOU,CWS,95.30,,,1,1,2023,2023-03
2023-03-31,2023,R,606160,643217,CH,Changeup,,called_strike,L,R,HOU,CWS,91.40,,,1,0,2023,2023-03
2023-03-31,2023,R,606160,643217,FF,4-Seam Fastball,,ball,L,R,HOU,CWS,96.10,,,0,0,2023,2023-03
2023-03-31,2023,R,606160,673357,SI,Sinker,strikeout,swinging_strike,R,R,HOU,CWS,95.30,,,3,2,2023,2023-03
2023-03-31,2023,R,606160,673357,FF,4-Seam Fastball,,ball,R,R,HOU,CWS,96.70,,,2,2,2023,2023-03
2023-03-31,2023,R,606160,673357,FF,4-Seam Fastball,,ball,R,R,HOU,CWS,97.00,,,1,2,2023,2023-03
2023-03-31,2023,R,606160,673357,FF,4-Seam Fastball,,called_strike,R,R,HOU,CWS,96.20,,,1,1,2023,2023-03
2023-03-31,2023,R,606160,673357,FF,4-Seam Fastball,,foul,R,R,HOU,CWS,95.90,60.90,61,1,0,2023,2023-03
2023-03-31,2023,R,606160,673357,FF,4-Seam Fastball,,ball,R,R,HOU,CWS,97.00,,,0,0,2023,2023-03
2023-03-31,2023,R,607259,453568,FF,4-Seam Fastball,home_run,hit_into_play,L,R,SD,COL,92.60,103.10,33,2,1,2023,2023-03
2023-03-31,2023,R,607259,453568,CU,Curveball,,called_strike,L,R,SD,COL,80.40,,,2,0,2023,2023-03
2023-03-31,2023,R,607259,453568,FC,Cutter,,ball,L,R,SD,COL,88.60,,,1,0,2023,2023-03
2023-03-31,2023,R,607259,453568,FF,4-Seam Fastball,,ball,L,R,SD,COL,92.60,,,0,0,2023,2023-03
2023-03-31,2023,R,607259,453568,FF,4-Seam Fastball,field_out,hit_into_play,L,R,SD,COL,92.80,85.50,54,1,2,2023,2023-03
2023-03-31,2023,R,607259,453568,FF,4-Seam Fastball,,foul,L,R,SD,COL,92.10,,,1,1,2023,2023-03
2023-03-31,2023,R,607259,453568,FF,4-Seam Fastball,,ball,L,R,SD,COL,91.80,,,0,1,2023,2023-03
2023-03-31,2023,R,607259,453568,CH,Changeup,,called_strike,L,R,SD,COL,80.10,,,0,0,2023,2023-03
2023-03-31,2023,R,607259,453568,FF,4-Seam Fastball,single,hit_into_play,L,R,SD,COL,93.80,69.50,48,0,1,2023,2023-03
2023-03-31,2023,R,607259,453568,FC,Cutter,,swinging_strike,L,R,SD,COL,89.40,,,0,0,2023,2023-03
2023-03-31,2023,R,607259,543068,FF,4-Seam Fastball,strikeout,swinging_strike,R,R,SD,COL,91.40,,,0,2,2023,2023-03
2023-03-31,2023,R,607259,543068,SI,Sinker,,called_strike,R,R,SD,COL,91.00,,,0,1,2023,2023-03
2023-03-31,2023,R,607259,543068,FC,Cutter,,called_strike,R,R,SD,COL,88.90,,,0,0,2023,2023-03
2023-03-31,2023,R,607259,543068,FF,4-Seam Fastball,walk,ball,R,R,SD,COL,92.60,,,3,2,2023,2023-03
2023-03-31,2023,R,607259,543068,CH,Changeup,,called_strike,R,R,SD,COL,80.50,,,3,1,2023,2023-03
2023-03-31,2023,R,607259,543068,SI,Sinker,,ball,R,R,SD,COL,91.20,,,2,1,2023,2023-03
2023-03-31,2023,R,607259,543068,CH,Changeup,,swinging_strike,R,R,SD,COL,80.90,,,2,0,2023,2023-03
2023-03-31,2023,R,607259,543068,FC,Cutter,,ball,R,R,SD,COL,89.60,,,1,0,2023,2023-03
2023-03-31,2023,R,607259,543068,FF,4-Seam Fastball,,ball,R,R,SD,COL,92.00,,,0,0,2023,2023-03
2023-03-31,2023,R,607259,543068,FC,Cutter,walk,ball,R,R,SD,COL,90.00,,,3,2,2023,2023-03
2023-03-31,2023,R,607259,543068,FC,Cutter,,called_strike,R,R,SD,COL,89.50,,,3,1,2023,2023-03
2023-03-31,2023,R,607259,543068,SI,Sinker,,ball,R,R,SD,COL,92.50,,,2,1,2023,2023-03
2023-03-31,2023,R,607259,543068,FF,4-Seam Fastball,,foul,R,R,SD,COL,93.60,77.00,57,2,0,2023,2023-03
2023-03-31,2023,R,607259,543068,CU,Curveball,,blocked_ball,R,R,SD,COL,80.50,,,1,0,2023,2023-03
2023-03-31,2023,R,607259,543068,SI,Sinker,,ball,R,R,SD,COL,92.40,,,0,0,2023,2023-03
2023-03-31,2023,R,607259,553869,CH,Changeup,field_out,hit_into_play,R,R,SD,COL,78.40,80.90,-20,1,1,2023,2023-03
2023-03-31,2023,R,607259,553869,CH,Changeup,,ball,R,R,SD,COL,79.00,,,0,1,2023,2023-03
2023-03-31,2023,R,607259,553869,CH,Changeup,,swinging_strike,R,R,SD,COL,79.20,,,0,0,2023,2023-03
2023-03-31,2023,R,607259,553869,SI,Sinker,field_out,hit_into_play,R,R,SD,COL,91.70,70.70,-22,0,0,2023,2023-03
2023-03-31,2023,R,607259,553869,CH,Changeup,strikeout,swinging_strike_blocked,R,R,SD,COL,80.60,,,1,2,2023,2023-03
2023-03-31,2023,R,607259,553869,FF,4-Seam Fastball,,ball,R,R,SD,COL,92.00,,,0,2,2023,2023-03
2023-03-31,2023,R,607259,553869,SI,Sinker,,foul_tip,R,R,SD,COL,92.00,,,0,1,2023,2023-03
2023-03-31,2023,R,607259,553869,CH,Changeup,,called_strike,R,R,SD,COL,80.70,,,0,0,2023,2023-03
2023-03-31,2023,R,607259,592178,CH,Changeup,strikeout,swinging_strike_blocked,R,R,SD,COL,80.40,,,3,2,2023,2023-03
2023-03-31,2023,R,607259,592178,CH,Changeup,,foul,R,R,SD,COL,80.20,54.40,15,3,2,2023,2023-03
2023-03-31,2023,R,607259,592178,CU,Curveball,,foul,R,R,SD,COL,81.60,67.90,40,3,2,2023,2023-03
2023-03-31,2023,R,607259,592178,CH,Changeup,,ball,R,R,SD,COL,79.00,,,2,2,2023,2023-03
2023-03-31,2023,R,607259,592178,CH,Changeup,,foul_tip,R,R,SD,COL,80.00,,,2,1,2023,2023-03
2023-03-31,2023,R,607259,592178,SI,Sinker,,ball,R,R,SD,COL,90.80,,,1,1,2023,2023-03
2023-03-31,2023,R,607259,592178,CU,Curveball,,blocked_ball,R,R,SD,COL,80.90,,,0,1,2023,2023-03
2023-03-31,2023,R,607259,592178,CU,Curveball,,foul,R,R,SD,COL,80.30,39.10,37,0,0,2023,2023-03
2023-03-31,2023,R,607259,592178,CU,Curveball,field_out,hit_into_play,R,R,SD,COL,80.40,84.60,-35,0,1,2023,2023-03
2023-03-31,2023,R,607259,592178,CH,Changeup,,called_strike,R,R,SD,COL,79.00,,,0,0,2023,2023-03
2023-03-31,2023,R,607259,592178,CU,Curveball,field_out,hit_into_play,R,R,SD,COL,79.50,76.00,1,1,0,2023,2023-03
2023-03-31,2023,R,607259,592178,CU,Curveball,,ball,R,R,SD,COL,80.90,,,0,0,2023,2023-03
2023-03-31,2023,R,607259,592178,SI,Sinker,single,hit_into_play,R,R,SD,COL,92.50,86.40,17,1,1,2023,2023-03
2023-03-31,2023,R,607259,592178,FC,Cutter,,called_strike,R,R,SD,COL,89.30,,,1,0,2023,2023-03
2023-03-31,2023,R,607259,592178,FC,Cutter,,ball,R,R,SD,COL,90.60,,,0,0,2023,2023-03
2023-03-31,2023,R,607259,602074,SI,Sinker,single,hit_into_play,R,R,SD,COL,91.20,88.20,16,0,1,2023,2023-03
2023-03-31,2023,R,607259,602074,CU,Curveball,,called_strike,R,R,SD,COL,80.70,,,0,0,2023,2023-03
2023-03-31,2023,R,607259,602074,CU,Curveball,field_out,hit_into_play,R,R,SD,COL,78.60,83.90,-42,1,0,2023,2023-03
2023-03-31,2023,R,607259,602074,SI,Sinker,,ball,R,R,SD,COL,90.50,,,0,0,2023,2023-03
2023-03-31,2023,R,607259,602074,CH,Changeup,field_out,hit_into_play,R,R,SD,COL,80.30,74.40,27,2,2,2023,2023-03
2023-03-31,2023,R,607259,602074,CH,Changeup,,foul,R,R,SD,COL,80.20,68.30,55,2,2,2023,2023-03
2023-03-31,2023,R,607259,602074,SI,Sinker,,foul,R,R,SD,COL,91.80,76.70,44,2,1,2023,2023-03
2023-03-31,2023,R,607259,602074,SI,Sinker,,foul,R,R,SD,COL,91.90,94.60,13,2,0,2023,2023-03
2023-03-31,2023,R,607259,602074,FF,4-Seam Fastball,,ball,R,R,SD,COL,92.10,,,1,0,2023,2023-03
2023-03-31,2023,R,607259,602074,SI,Sinker,,ball,R,R,SD,COL,91.80,,,0,0,2023,2023-03
2023-03-31,2023,R,607259,602074,SI,Sinker,field_out,hit_into_play,R,R,SD,COL,92.70,97.80,-2,0,1,2023,2023-03
2023-03-31,2023,R,607259,602074,FC,Cutter,,called_strike,R,R,SD,COL,90.00,,,0,0,2023,2023-03
2023-03-31,2023,R,607259,605612,CH,Changeup,field_out,hit_into_play,L,R,SD,COL,80.30,67.40,-52,0,2,2023,2023-03
2023-03-31,2023,R,607259,605612,CH,Changeup,,called_strike,L,R,SD,COL,79.90,,,0,1,2023,2023-03
2023-03-31,2023,R,607259,605612,CU,Curveball,,called_strike,L,R,SD,COL,80.50,,,0,0,2023,2023-03
2023-03-31,2023,R,607259,605612,FC,Cutter,field_out,hit_into_play,L,R,SD,COL,89.60,85.80,39,0,1,2023,2023-03
2023-03-31,2023,R,607259,605612,CU,Curveball,,called_strike,L,R,SD,COL,80.50,,,0,0,2023,2023-03
2023-03-31,2023,R,607259,605612,CU,Curveball,field_out,hit_into_play,L,R,SD,COL,80.20,94.90,2,0,1,2023,2023-03
2023-03-31,2023,R,607259,605612,FF,4-Seam Fastball,,called_strike,L,R,SD,COL,91.40,,,0,0,2023,2023-03
2023-03-31,2023,R,607259,641857,CU,Curveball,field_out,hit_into_play,L,R,SD,COL,80.20,111.20,20,2,2,2023,2023-03
2023-03-31,2023,R,607259,641857,FF,4-Seam Fastball,,ball,L,R,SD,COL,92.40,,,1,2,2023,2023-03
2023-03-31,2023,R,607259,641857,CH,Changeup,,foul,L,R,SD,COL,81.30,,,1,2,2023,2023-03
2023-03-31,2023,R,607259,641857,CH,Changeup,,foul,L,R,SD,COL,81.90,,,1,2,2023,2023-03
2023-03-31,2023,R,607259,641857,FC,Cutter,,foul,L,R,SD,COL,87.60,,,1,1,2023,2023-03
2023-03-31,2023,R,607259,641857,FF,4-Seam Fastball,,ball,L,R,SD,COL,91.20,,,0,1,2023,2023-03
2023-03-31,2023,R,607259,641857,CU,Curveball,,foul,L,R,SD,COL,79.80,68.60,39,0,0,2023,2023-03
2023-03-31,2023,R,607259,641857,FC,Cutter,field_out,hit_into_play,L,R,SD,COL,87.20,57.70,-38,1,0,2023,2023-03
2023-03-31,2023,R,607259,641857,FF,4-Seam Fastball,,ball,L,R,SD,COL,91.70,,,0,0,2023,2023-03
2023-03-31,2023,R,607259,641857,CU,Curveball,force_out,hit_into_play,L,R,SD,COL,81.70,87.70,-10,1,1,2023,2023-03
2023-03-31,2023,R,607259,641857,FF,4-Seam Fastball,,ball,L,R,SD,COL,93.30,,,0,1,2023,2023-03
2023-03-31,2023,R,607259,641857,FF,4-Seam Fastball,,foul,L,R,SD,COL,93.80,93.00,44,0,0,2023,2023-03
2023-03-31,2023,R,607259,660707,CH,Changeup,strikeout,swinging_strike_blocked,R,R,SD,COL,79.60,,,0,2,2023,2023-03
2023-03-31,2023,R,607259,660707,CH,Changeup,,swinging_strike,R,R,SD,COL,79.90,,,0,1,2023,2023-03
2023-03-31,2023,R,607259,660707,CH,Changeup,,swinging_strike,R,R,SD,COL,79.50,,,0,0,2023,2023-03
2023-03-31,2023,R,607259,660707,SI,Sinker,strikeout,called_strike,R,R,SD,COL,92.00,,,2,2,2023,2023-03
2023-03-31,2023,R,607259,660707,CH,Changeup,,ball,R,R,SD,COL,80.20,,,1,2,2023,2023-03
2023-03-31,2023,R,607259,660707,CH,Changeup,,swinging_strike,R,R,SD,COL,79.80,,,1,1,2023,2023-03
2023-03-31,2023,R,607259,660707,CH,Changeup,,swinging_strike,R,R,SD,COL,80.10,,,1,0,2023,2023-03
2023-03-31,2023,R,607259,660707,FC,Cutter,,ball,R,R,SD,COL,88.50,,,0,0,2023,2023-03
2023-03-31,2023,R,607259,660707,CH,Changeup,single,hit_into_play,R,R,SD,COL,80.50,88.60,5,1,1,2023,2023-03
2023-03-31,2023,R,607259,660707,CH,Changeup,,blocked_ball,R,R,SD,COL,81.10,,,0,1,2023,2023-03
2023-03-31,2023,R,607259,660707,CU,Curveball,,foul,R,R,SD,COL,82.30,101.70,-25,0,0,2023,2023-03
2023-03-31,2023,R,607259,678662,SI,Sinker,field_out,hit_into_play,R,R,SD,COL,90.80,95.30,-2,2,1,2023,2023-03
2023-03-31,2023,R,607259,678662,CH,Changeup,,ball,R,R,SD,COL,78.80,,,1,1,2023,2023-03
2023-03-31,2023,R,607259,678662,FC,Cutter,,ball,R,R,SD,COL,88.50,,,0,1,2023,2023-03
2023-03-31,2023,R,607259,678662,CH,Changeup,,swinging_strike,R,R,SD,COL,78.50,,,0,0,2023,2023-03
2023-03-31,2023,R,607259,678662,SI,Sinker,single,hit_into_play,R,R,SD,COL,90.70,83.10,16,0,0,2023,2023-03
2023-03-31,2023,R,607259,678662,CH,Changeup,field_out,hit_into_play,R,R,SD,COL,81.40,85.40,44,2,2,2023,2023-03
2023-03-31,2023,R,607259,678662,CH,Changeup,,foul,R,R,SD,COL,80.80,47.30,-27,2,2,2023,2023-03
2023-03-31,2023,R,607259,678662,FF,4-Seam Fastball,,ball,R,R,SD,COL,92.20,,,1,2,2023,2023-03
2023-03-31,2023,R,607259,678662,SI,Sinker,,swinging_strike,R,R,SD,COL,91.70,,,1,1,2023,2023-03
2023-03-31,2023,R,607259,678662,FC,Cutter,,ball,R,R,SD,COL,88.90,,,0,1,2023,2023-03
2023-03-31,2023,R,607259,678662,SI,Sinker,,called_strike,R,R,SD,COL,91.90,,,0,0,2023,2023-03
2023-03-31,2023,R,607536,443558,SI,Sinker,field_out,hit_into_play,R,L,SD,COL,89.90,92.80,45,1,0,2023,2023-03
2023-03-31,2023,R,607536,443558,SI,Sinker,,ball,R,L,SD,COL,87.10,,,0,0,2023,2023-03
2023-03-31,2023,R,607536,443558,KC,Knuckle Curve,field_out,hit_into_play,R,L,SD,COL,79.10,90.30,23,0,1,2023,2023-03
2023-03-31,2023,R,607536,443558,FC,Cutter,,called_strike,R,L,SD,COL,86.10,,,0,0,2023,2023-03
2023-03-31,2023,R,607536,543592,SI,Sinker,field_out,hit_into_play,R,L,SD,COL,87.10,70.30,-61,0,0,2023,2023-03
2023-03-31,2023,R,607536,543592,FC,Cutter,field_out,hit_into_play,R,L,SD,COL,87.10,75.60,78,2,2,2023,2023-03
2023-03-31,2023,R,607536,543592,KC,Knuckle Curve,,ball,R,L,SD,COL,79.80,,,1,2,2023,2023-03
2023-03-31,2023,R,607536,543592,FC,Cutter,,foul,R,L,SD,COL,87.40,79.20,75,1,2,2023,2023-03
2023-03-31,2023,R,607536,543592,FF,4-Seam Fastball,,ball,R,L,SD,COL,89.50,,,0,2,2023,2023-03
2023-03-31,2023,R,607536,543592,FC,Cutter,,called_strike,R,L,SD,COL,87.10,,,0,1,2023,2023-03
2023-03-31,2023,R,607536,543592,SI,Sinker,,called_strike,R,L,SD,COL,88.40,,,0,0,2023,2023-03
2023-03-31,2023,R,607536,592518,SI,Sinker,grounded_into_double_play,hit_into_play,R,L,SD,COL,89.80,81.60,-18,1,2,2023,2023-03
2023-03-31,2023,R,607536,592518,SI,Sinker,,foul,R,L,SD,COL,89.00,62.60,63,1,1,2023,2023-03
2023-03-31,2023,R,607536,592518,FC,Cutter,,ball,R,L,SD,COL,85.10,,,0,1,2023,2023-03
2023-03-31,2023,R,607536,592518,SI,Sinker,,called_strike,R,L,SD,COL,90.10,,,0,0,2023,2023-03
2023-03-31,2023,R,607536,592518,KC,Knuckle Curve,field_out,hit_into_play,R,L,SD,COL,78.70,103.10,41,0,1,2023,2023-03
2023-03-31,2023,R,607536,592518,FC,Cutter,,called_strike,R,L,SD,COL,84.00,,,0,0,2023,2023-03
2023-03-31,2023,R,607536,592518,SI,Sinker,field_out,hit_into_play,R,L,SD,COL,89.10,89.70,67,3,2,2023,2023-03
2023-03-31,2023,R,607536,592518,FC,Cutter,,foul,R,L,SD,COL,87.10,70.20,-25,3,2,2023,2023-03
2023-03-31,2023,R,607536,592518,FC,Cutter,,ball,R,L,SD,COL,88.40,,,2,2,2023,2023-03
2023-03-31,2023,R,607536,592518,FC,Cutter,,foul,R,L,SD,COL,84.80,66.70,24,2,1,2023,2023-03
2023-03-31,2023,R,607536,592518,CH,Changeup,,ball,R,L,SD,COL,85.10,,,1,1,2023,2023-03
2023-03-31,2023,R,607536,592518,FF,4-Seam Fastball,,foul,R,L,SD,COL,88.90,80.70,76,1,0,2023,2023-03
2023-03-31,2023,R,607536,592518,SI,Sinker,,ball,R,L,SD,COL,87.70,,,0,0,2023,2023-03
2023-03-31,2023,R,607536,593428,FC,Cutter,single,hit_into_play,R,L,SD,COL,85.00,87.50,16,1,1,2023,2023-03
2023-03-31,2023,R,607536,593428,CH,Changeup,,called_strike,R,L,SD,COL,82.90,,,1,0,2023,2023-03
2023-03-31,2023,R,607536,593428,KC,Knuckle Curve,,ball,R,L,SD,COL,78.40,,,0,0,2023,2023-03
2023-03-31,2023,R,607536,593428,FC,Cutter,strikeout,swinging_strike,R,L,SD,COL,87.10,,,2,2,2023,2023-03
2023-03-31,2023,R,607536,593428,SI,Sinker,,foul,R,L,SD,COL,91.20,77.10,50,2,2,2023,2023-03
2023-03-31,2023,R,607536,593428,KC,Knuckle Curve,,ball,R,L,SD,COL,81.30,,,1,2,2023,2023-03
2023-03-31,2023,R,607536,593428,FC,Cutter,,called_strike,R,L,SD,COL,86.40,,,1,1,2023,2023-03
2023-03-31,2023,R,607536,593428,CH,Changeup,,ball,R,L,SD,COL,85.40,,,0,1,2023,2023-03
2023-03-31,2023,R,607536,593428,FC,Cutter,,called_strike,R,L,SD,COL,85.10,,,0,0,2023,2023-03
2023-03-31,2023,R,607536,593428,SI,Sinker,field_out,hit_into_play,R,L,SD,COL,87.40,99.80,41,1,0,2023,2023-03
2023-03-31,2023,R,607536,593428,SI,Sinker,,ball,R,L,SD,COL,87.00,,,0,0,2023,2023-03
2023-03-31,2023,R,607536,630105,FC,Cutter,field_out,hit_into_play,L,L,SD,COL,86.80,90.80,-5,1,1,2023,2023-03
2023-03-31,2023,R,607536,630105,KC,Knuckle Curve,,ball,L,L,SD,COL,80.30,,,0,1,2023,2023-03
2023-03-31,2023,R,607536,630105,FF,4-Seam Fastball,,called_strike,L,L,SD,COL,89.80,,,0,0,2023,2023-03
2023-03-31,2023,R,607536,630105,SI,Sinker,field_out,hit_into_play,L,L,SD,COL,89.70,97.50,-15,3,1,2023,2023-03
2023-03-31,2023,R,607536,630105,FF,4-Seam Fastball,,called_strike,L,L,SD,COL,88.50,,,3,0,2023,2023-03
2023-03-31,2023,R,607536,630105,SI,Sinker,,ball,L,L,SD,COL,89.90,,,2,0,2023,2023-03
2023-03-31,2023,R,607536,630105,FC,Cutter,,ball,L,L,SD,COL,84.40,,,1,0,2023,2023-03
2023-03-31,2023,R,607536,630105,FF,4-Seam Fastball,,ball,L,L,SD,COL,88.50,,,0,0,2023,2023-03
2023-03-31,2023,R,607536,640492,FC,Cutter,field_out,hit_into_play,R,L,SD,COL,86.60,64.40,1,1,2,2023,2023-03
2023-03-31,2023,R,607536,640492,FC,Cutter,,foul,R,L,SD,COL,85.90,82.30,57,1,2,2023,2023-03
2023-03-31,2023,R,607536,640492,SI,Sinker,,ball,R,L,SD,COL,90.50,,,0,2,2023,2023-03
2023-03-31,2023,R,607536,640492,KC,Knuckle Curve,,foul,R,L,SD,COL,82.00,82.60,-17,0,1,2023,2023-03
2023-03-31,2023,R,607536,640492,FC,Cutter,,called_strike,R,L,SD,COL,86.60,,,0,0,2023,2023-03
2023-03-31,2023,R,607536,640492,SI,Sinker,field_out,hit_into_play,R,L,SD,COL,88.30,100.20,41,0,0,2023,2023-03
2023-03-31,2023,R,607536,663757,SI,Sinker,field_out,hit_into_play,L,L,SD,COL,90.10,97.10,46,2,2,2023,2023-03
2023-03-31,2023,R,607536,663757,FC,Cutter,,foul,L,L,SD,COL,87.80,48.40,-48,2,2,2023,2023-03
2023-03-31,2023,R,607536,663757,KC,Knuckle Curve,,foul,L,L,SD,COL,81.50,55.80,70,2,2,2023,2023-03
2023-03-31,2023,R,607536,663757,SI,Sinker,,foul,L,L,SD,COL,90.30,,,2,2,2023,2023-03
2023-03-31,2023,R,607536,663757,FC,Cutter,,ball,L,L,SD,COL,87.40,,,1,2,2023,2023-03
2023-03-31,2023,R,607536,663757,FC,Cutter,,ball,L,L,SD,COL,86.90,,,0,2,2023,2023-03
2023-03-31,2023,R,607536,663757,KC,Knuckle Curve,,swinging_strike,L,L,SD,COL,81.80,,,0,1,2023,2023-03
2023-03-31,2023,R,607536,663757,FC,Cutter,,called_strike,L,L,SD,COL,86.70,,,0,0,2023,2023-03
2023-03-31,2023,R,607536,663757,SI,Sinker,field_out,hit_into_play,L,L,SD,COL,90.20,92.10,33,0,1,2023,2023-03
2023-03-31,2023,R,607536,663757,SI,Sinker,,foul,L,L,SD,COL,89.90,72.60,55,0,0,2023,2023-03
2023-03-31,2023,R,607536,665742,FC,Cutter,field_out,hit_into_play,L,L,SD,COL,85.50,90.50,71,1,0,2023,2023-03
2023-03-31,2023,R,607536,665742,SI,Sinker,,ball,L,L,SD,COL,88.90,,,0,0,2023,2023-03
2023-03-31,2023,R,607536,665742,SI,Sinker,field_out,hit_into_play,L,L,SD,COL,90.20,104.80,-10,0,0,2023,2023-03
2023-03-31,2023,R,607536,665742,KC,Knuckle Curve,walk,ball,L,L,SD,COL,81.10,,,3,2,2023,2023-03
2023-03-31,2023,R,607536,665742,SI,Sinker,,ball,L,L,SD,COL,88.80,,,2,2,2023,2023-03
2023-03-31,2023,R,607536,665742,FC,Cutter,,ball,L,L,SD,COL,87.30,,,1,2,2023,2023-03
2023-03-31,2023,R,607536,665742,SI,Sinker,,ball,L,L,SD,COL,89.20,,,0,2,2023,2023-03
2023-03-31,2023,R,607536,665742,SI,Sinker,,called_strike,L,L,SD,COL,88.30,,,0,1,2023,2023-03
2023-03-31,2023,R,607536,665742,FF,4-Seam Fastball,,called_strike,L,L,SD,COL,88.50,,,0,0,2023,2023-03
2023-03-31,2023,R,607536,673490,FC,Cutter,double,hit_into_play,R,L,SD,COL,85.70,89.60,17,2,1,2023,2023-03
2023-03-31,2023,R,607536,673490,FC,Cutter,,ball,R,L,SD,COL,86.70,,,1,1,2023,2023-03
2023-03-31,2023,R,607536,673490,SI,Sinker,,called_strike,R,L,SD,COL,89.40,,,1,0,2023,2023-03
2023-03-31,2023,R,607536,673490,SI,Sinker,,ball,R,L,SD,COL,89.40,,,0,0,2023,2023-03
2023-03-31,2023,R,607536,673490,FC,Cutter,double,hit_into_play,R,L,SD,COL,85.90,94.80,53,1,0,2023,2023-03
2023-03-31,2023,R,607536,673490,SI,Sinker,,ball,R,L,SD,COL,89.90,,,0,0,2023,2023-03
2023-03-31,2023,R,608638,500871,SL,Slider,field_out,hit_into_play,L,R,MIA,NYM,87.80,70.70,10,0,2,2023,2023-03
2023-03-31,2023,R,608638,500871,SI,Sinker,,called_strike,L,R,MIA,NYM,96.40,,,0,1,2023,2023-03
2023-03-31,2023,R,608638,500871,SI,Sinker,,foul,L,R,MIA,NYM,96.30,82.80,54,0,0,2023,2023-03
2023-03-31,2023,R,608638,592192,SL,Slider,strikeout,called_strike,R,R,MIA,NYM,86.10,,,1,2,2023,2023-03
2023-03-31,2023,R,608638,592192,SL,Slider,,ball,R,R,MIA,NYM,87.00,,,0,2,2023,2023-03
2023-03-31,2023,R,608638,592192,SI,Sinker,,foul,R,R,MIA,NYM,96.00,76.30,43,0,1,2023,2023-03
2023-03-31,2023,R,608638,592192,SI,Sinker,,foul,R,R,MIA,NYM,95.80,94.00,-30,0,0,2023,2023-03
2023-03-31,2023,R,608638,624413,SL,Slider,field_out,hit_into_play,R,R,MIA,NYM,86.10,102.20,21,0,2,2023,2023-03
2023-03-31,2023,R,608638,624413,SI,Sinker,,foul,R,R,MIA,NYM,97.00,66.50,37,0,1,2023,2023-03
2023-03-31,2023,R,608638,624413,SI,Sinker,,called_strike,R,R,MIA,NYM,97.10,,,0,0,2023,2023-03
2023-03-31,2023,R,608638,643446,SI,Sinker,field_out,hit_into_play,L,R,MIA,NYM,96.10,92.50,-27,2,1,2023,2023-03
2023-03-31,2023,R,608638,643446,SL,Slider,,ball,L,R,MIA,NYM,86.00,,,1,1,2023,2023-03
2023-03-31,2023,R,608638,643446,SI,Sinker,,foul,L,R,MIA,NYM,96.90,94.50,-8,1,0,2023,2023-03
2023-03-31,2023,R,608638,643446,SI,Sinker,,ball,L,R,MIA,NYM,96.40,,,0,0,2023,2023-03
2023-03-31,2023,R,608665,455117,CU,Curveball,walk,ball,R,R,HOU,CWS,81.90,,,3,2,2023,2023-03
2023-03-31,2023,R,608665,455117,SI,Sinker,,foul,R,R,HOU,CWS,94.40,85.70,64,3,1,2023,2023-03
2023-03-31,2023,R,608665,455117,SI,Sinker,,called_strike,R,R,HOU,CWS,95.40,,,3,0,2023,2023-03
2023-03-31,2023,R,608665,455117,SL,Slider,,ball,R,R,HOU,CWS,85.00,,,2,0,2023,2023-03
2023-03-31,2023,R,608665,455117,SI,Sinker,,ball,R,R,HOU,CWS,95.00,,,1,0,2023,2023-03
2023-03-31,2023,R,608665,455117,SI,Sinker,,ball,R,R,HOU,CWS,95.30,,,0,0,2023,2023-03
2023-03-31,2023,R,608665,608324,FF,4-Seam Fastball,walk,ball,R,R,HOU,CWS,97.10,,,3,1,2023,2023-03
2023-03-31,2023,R,608665,608324,FF,4-Seam Fastball,,ball,R,R,HOU,CWS,96.40,,,2,1,2023,2023-03
2023-03-31,2023,R,608665,608324,FF,4-Seam Fastball,,ball,R,R,HOU,CWS,96.40,,,1,1,2023,2023-03
2023-03-31,2023,R,608665,608324,CU,Curveball,,foul,R,R,HOU,CWS,83.80,102.80,7,1,0,2023,2023-03
2023-03-31,2023,R,608665,608324,FF,4-Seam Fastball,,ball,R,R,HOU,CWS,96.70,,,0,0,2023,2023-03
2023-03-31,2023,R,608665,665161,CU,Curveball,single,hit_into_play,R,R,HOU,CWS,81.10,74.20,29,0,1,2023,2023-03
2023-03-31,2023,R,608665,665161,SI,Sinker,,called_strike,R,R,HOU,CWS,96.20,,,0,0,2023,2023-03
2023-03-31,2023,R,608665,676694,SI,Sinker,grounded_into_double_play,hit_into_play,R,R,HOU,CWS,95.20,85.10,-1,0,0,2023,2023-03
2023-03-31,2023,R,608665,682073,SI,Sinker,single,hit_into_play,R,R,HOU,CWS,93.90,77.80,25,0,0,2023,2023-03
2023-03-31,2023,R,608718,443558,CH,Changeup,strikeout,swinging_strike,R,L,SD,COL,76.30,,,1,2,2023,2023-03
2023-03-31,2023,R,608718,443558,FF,4-Seam Fastball,,foul,R,L,SD,COL,86.40,,,1,2,2023,2023-03
2023-03-31,2023,R,608718,443558,FF,4-Seam Fastball,,called_strike,R,L,SD,COL,85.90,,,1,1,2023,2023-03
2023-03-31,2023,R,608718,443558,CH,Changeup,,ball,R,L,SD,COL,76.30,,,0,1,2023,2023-03
2023-03-31,2023,R,608718,443558,FF,4-Seam Fastball,,called_strike,R,L,SD,COL,84.80,,,0,0,2023,2023-03
2023-03-31,2023,R,608718,543592,CH,Changeup,field_out,hit_into_play,R,L,SD,COL,76.10,71.70,56,2,1,2023,2023-03
2023-03-31,2023,R,608718,543592,SI,Sinker,,ball,R,L,SD,COL,86.80,,,1,1,2023,2023-03
2023-03-31,2023,R,608718,543592,FF,4-Seam Fastball,,ball,R,L,SD,COL,86.00,,,0,1,2023,2023-03
2023-03-31,2023,R,608718,543592,CH,Changeup,,called_strike,R,L,SD,COL,76.30,,,0,0,2023,2023-03
2023-03-31,2023,R,608718,630105,SI,Sinker,field_out,hit_into_play,L,L,SD,COL,85.70,43.30,33,2,1,2023,2023-03
2023-03-31,2023,R,608718,630105,SI,Sinker,,ball,L,L,SD,COL,85.30,,,1,1,2023,2023-03
2023-03-31,2023,R,608718,630105,FF,4-Seam Fastball,,foul,L,L,SD,COL,84.50,70.50,24,1,0,2023,2023-03
2023-03-31,2023,R,608718,630105,SI,Sinker,,ball,L,L,SD,COL,87.50,,,0,0,2023,2023-03
2023-03-31,2023,R,614179,455117,CU,Curveball,field_out,hit_into_play,R,R,HOU,CWS,86.20,92.50,45,0,0,2023,2023-03
2023-03-31,2023,R,614179,667452,CU,Curveball,strikeout,swinging_strike,R,R,HOU,CWS,85.40,,,2,2,2023,2023-03
2023-03-31,2023,R,614179,667452,FF,4-Seam Fastball,,foul,R,R,HOU,CWS,97.40,71.40,52,2,2,2023,2023-03
2023-03-31,2023,R,614179,667452,FF,4-Seam Fastball,,swinging_strike,R,R,HOU,CWS,96.70,,,2,1,2023,2023-03
2023-03-31,2023,R,614179,667452,FF,4-Seam Fastball,,called_strike,R,R,HOU,CWS,96.20,,,2,0,2023,2023-03
2023-03-31,2023,R,614179,667452,CU,Curveball,,ball,R,R,HOU,CWS,83.10,,,1,0,2023,2023-03
2023-03-31,2023,R,614179,667452,FF,4-Seam Fastball,,ball,R,R,HOU,CWS,96.30,,,0,0,2023,2023-03
2023-03-31,2023,R,614179,676694,FF,4-Seam Fastball,strikeout,swinging_strike,R,R,HOU,CWS,97.00,,,2,2,2023,2023-03
2023-03-31,2023,R,614179,676694,CH,Changeup,,blocked_ball,R,R,HOU,CWS,90.70,,,1,2,2023,2023-03
2023-03-31,2023,R,614179,676694,FF,4-Seam Fastball,,ball,R,R,HOU,CWS,95.70,,,0,2,2023,2023-03
2023-03-31,2023,R,614179,676694,CH,Changeup,,swinging_strike,R,R,HOU,CWS,89.50,,,0,1,2023,2023-03
2023-03-31,2023,R,614179,676694,CH,Changeup,,swinging_strike,R,R,HOU,CWS,89.10,,,0,0,2023,2023-03
2023-03-31,2023,R,614179,682073,FF,4-Seam Fastball,single,hit_into_play,R,R,HOU,CWS,96.40,101.80,-2,3,2,2023,2023-03
2023-03-31,2023,R,614179,682073,FF,4-Seam Fastball,,swinging_strike,R,R,HOU,CWS,97.00,,,3,1,2023,2023-03
2023-03-31,2023,R,614179,682073,CU,Curveball,,ball,R,R,HOU,CWS,86.00,,,2,1,2023,2023-03
2023-03-31,2023,R,614179,682073,FF,4-Seam Fastball,,ball,R,R,HOU,CWS,96.70,,,1,1,2023,2023-03
2023-03-31,2023,R,614179,682073,FF,4-Seam Fastball,,ball,R,R,HOU,CWS,95.70,,,0,1,2023,2023-03
2023-03-31,2023,R,614179,682073,FF,4-Seam Fastball,,called_strike,R,R,HOU,CWS,96.20,,,0,0,2023,2023-03
2023-03-31,2023,R,623167,572287,FF,4-Seam Fastball,field_out,hit_into_play,R,R,SEA,CLE,91.10,105.00,18,3,2,2023,2023-03
2023-03-31,2023,R,623167,572287,FF,4-Seam Fastball,,ball,R,R,SEA,CLE,91.60,,,2,2,2023,2023-03
2023-03-31,2023,R,623167,572287,FF,4-Seam Fastball,,ball,R,R,SEA,CLE,92.00,,,1,2,2023,2023-03
2023-03-31,2023,R,623167,572287,FC,Cutter,,foul,R,R,SEA,CLE,84.90,75.00,2,1,1,2023,2023-03
2023-03-31,2023,R,623167,572287,FF,4-Seam Fastball,,ball,R,R,SEA,CLE,91.20,,,0,1,2023,2023-03
2023-03-31,2023,R,623167,572287,ST,Sweeper,,called_strike,R,R,SEA,CLE,78.50,,,0,0,2023,2023-03
2023-03-31,2023,R,623167,572287,FF,4-Seam Fastball,walk,ball,R,R,SEA,CLE,92.10,,,3,2,2023,2023-03
2023-03-31,2023,R,623167,572287,FC,Cutter,,ball,R,R,SEA,CLE,85.40,,,2,2,2023,2023-03
2023-03-31,2023,R,623167,572287,FF,4-Seam Fastball,,swinging_strike,R,R,SEA,CLE,91.50,,,2,1,2023,2023-03
2023-03-31,2023,R,623167,572287,FF,4-Seam Fastball,,ball,R,R,SEA,CLE,91.70,,,1,1,2023,2023-03
2023-03-31,2023,R,623167,572287,FC,Cutter,,swinging_strike,R,R,SEA,CLE,86.30,,,1,0,2023,2023-03
2023-03-31,2023,R,623167,572287,FF,4-Seam Fastball,,ball,R,R,SEA,CLE,91.30,,,0,0,2023,2023-03
2023-03-31,2023,R,623167,605137,FF,4-Seam Fastball,field_out,hit_into_play,L,R,SEA,CLE,90.90,97.60,0,0,1,2023,2023-03
2023-03-31,2023,R,623167,605137,CU,Curveball,,foul,L,R,SEA,CLE,75.50,,,0,0,2023,2023-03
2023-03-31,2023,R,623167,605137,CH,Changeup,strikeout,swinging_strike,L,R,SEA,CLE,80.80,,,1,2,2023,2023-03
2023-03-31,2023,R,623167,605137,FC,Cutter,,swinging_strike,L,R,SEA,CLE,88.80,,,1,1,2023,2023-03
2023-03-31,2023,R,623167,605137,CH,Changeup,,swinging_strike,L,R,SEA,CLE,80.20,,,1,0,2023,2023-03
2023-03-31,2023,R,623167,605137,FC,Cutter,,ball,L,R,SEA,CLE,87.90,,,0,0,2023,2023-03
2023-03-31,2023,R,623167,608070,CH,Changeup,field_out,hit_into_play,L,R,SEA,CLE,82.90,62.40,-49,1,1,2023,2023-03
2023-03-31,2023,R,623167,608070,CH,Changeup,,blocked_ball,L,R,SEA,CLE,81.30,,,0,1,2023,2023-03
2023-03-31,2023,R,623167,608070,CH,Changeup,,called_strike,L,R,SEA,CLE,80.20,,,0,0,2023,2023-03
2023-03-31,2023,R,623167,608070,FC,Cutter,double,hit_into_play,L,R,SEA,CLE,86.80,96.80,24,1,1,2023,2023-03
2023-03-31,2023,R,623167,608070,CH,Changeup,,swinging_strike,L,R,SEA,CLE,80.60,,,1,0,2023,2023-03
2023-03-31,2023,R,623167,608070,CH,Changeup,,ball,L,R,SEA,CLE,79.80,,,0,0,2023,2023-03
2023-03-31,2023,R,623167,642708,FF,4-Seam Fastball,force_out,hit_into_play,R,R,SEA,CLE,90.00,84.30,-30,2,2,2023,2023-03
2023-03-31,2023,R,623167,642708,ST,Sweeper,,foul,R,R,SEA,CLE,77.90,67.90,73,2,2,2023,2023-03
2023-03-31,2023,R,623167,642708,CH,Changeup,,blocked_ball,R,R,SEA,CLE,80.10,,,1,2,2023,2023-03
2023-03-31,2023,R,623167,642708,FC,Cutter,,swinging_strike,R,R,SEA,CLE,86.00,,,1,1,2023,2023-03
2023-03-31,2023,R,623167,642708,CH,Changeup,,ball,R,R,SEA,CLE,81.80,,,0,1,2023,2023-03
2023-03-31,2023,R,623167,642708,FC,Cutter,,called_strike,R,R,SEA,CLE,87.00,,,0,0,2023,2023-03
2023-03-31,2023,R,623167,642708,FC,Cutter,double_play,hit_into_play,R,R,SEA,CLE,86.50,88.90,46,0,2,2023,2023-03
2023-03-31,2023,R,623167,642708,FF,4-Seam Fastball,,swinging_strike,R,R,SEA,CLE,91.60,,,0,1,2023,2023-03
2023-03-31,2023,R,623167,642708,FC,Cutter,,swinging_strike,R,R,SEA,CLE,87.30,,,0,0,2023,2023-03
2023-03-31,2023,R,623167,647304,FF,4-Seam Fastball,single,hit_into_play,L,R,SEA,CLE,91.00,91.80,15,0,0,2023,2023-03
2023-03-31,2023,R,623167,647304,FC,Cutter,field_out,hit_into_play,L,R,SEA,CLE,87.30,76.50,53,1,0,2023,2023-03
2023-03-31,2023,R,623167,647304,FC,Cutter,,ball,L,R,SEA,CLE,88.00,,,0,0,2023,2023-03
2023-03-31,2023,R,623167,660757,ST,Sweeper,field_out,hit_into_play,R,R,SEA,CLE,79.50,80.50,20,1,2,2023,2023-03
2023-03-31,2023,R,623167,660757,ST,Sweeper,,swinging_strike,R,R,SEA,CLE,78.70,,,1,1,2023,2023-03
2023-03-31,2023,R,623167,660757,FC,Cutter,,blocked_ball,R,R,SEA,CLE,86.80,,,0,1,2023,2023-03
2023-03-31,2023,R,623167,660757,ST,Sweeper,,swinging_strike_blocked,R,R,SEA,CLE,78.60,,,0,0,2023,2023-03
2023-03-31,2023,R,623167,660757,SI,Sinker,single,hit_into_play,R,R,SEA,CLE,91.30,105.60,9,1,2,2023,2023-03
2023-03-31,2023,R,623167,660757,FC,Cutter,,ball,R,R,SEA,CLE,88.20,,,0,2,2023,2023-03
2023-03-31,2023,R,623167,660757,FC,Cutter,,swinging_strike,R,R,SEA,CLE,86.60,,,0,1,2023,2023-03
2023-03-31,2023,R,623167,660757,ST,Sweeper,,called_strike,R,R,SEA,CLE,78.20,,,0,0,2023,2023-03
2023-03-31,2023,R,623167,664702,FF,4-Seam Fastball,field_out,hit_into_play,R,R,SEA,CLE,90.80,100.60,9,0,1,2023,2023-03
2023-03-31,2023,R,623167,664702,ST,Sweeper,,called_strike,R,R,SEA,CLE,78.30,,,0,0,2023,2023-03
2023-03-31,2023,R,623167,664702,FF,4-Seam Fastball,walk,ball,R,R,SEA,CLE,90.30,,,3,0,2023,2023-03
2023-03-31,2023,R,623167,664702,FC,Cutter,,blocked_ball,R,R,SEA,CLE,85.90,,,2,0,2023,2023-03
2023-03-31,2023,R,623167,664702,FF,4-Seam Fastball,,ball,R,R,SEA,CLE,90.30,,,1,0,2023,2023-03
2023-03-31,2023,R,623167,664702,FC,Cutter,,ball,R,R,SEA,CLE,87.10,,,0,0,2023,2023-03
2023-03-31,2023,R,623167,665926,FF,4-Seam Fastball,single,hit_into_play,L,R,SEA,CLE,91.60,95.70,10,1,2,2023,2023-03
2023-03-31,2023,R,623167,665926,FF,4-Seam Fastball,,swinging_strike,L,R,SEA,CLE,91.40,,,1,1,2023,2023-03
2023-03-31,2023,R,623167,665926,FF,4-Seam Fastball,,ball,L,R,SEA,CLE,89.80,,,0,1,2023,2023-03
2023-03-31,2023,R,623167,665926,FF,4-Seam Fastball,,swinging_strike,L,R,SEA,CLE,90.60,,,0,0,2023,2023-03
2023-03-31,2023,R,623167,665926,CH,Changeup,field_out,hit_into_play,L,R,SEA,CLE,80.80,85.40,-14,1,1,2023,2023-03
2023-03-31,2023,R,623167,665926,FF,4-Seam Fastball,,swinging_strike,L,R,SEA,CLE,91.00,,,1,0,2023,2023-03
2023-03-31,2023,R,623167,665926,FF,4-Seam Fastball,,ball,L,R,SEA,CLE,91.10,,,0,0,2023,2023-03
2023-03-31,2023,R,623167,680757,FF,4-Seam Fastball,walk,ball,L,R,SEA,CLE,89.30,,,3,0,2023,2023-03
2023-03-31,2023,R,623167,680757,FC,Cutter,,ball,L,R,SEA,CLE,86.40,,,2,0,2023,2023-03
2023-03-31,2023,R,623167,680757,CH,Changeup,,ball,L,R,SEA,CLE,80.40,,,1,0,2023,2023-03
2023-03-31,2023,R,623167,680757,FF,4-Seam Fastball,,ball,L,R,SEA,CLE,91.60,,,0,0,2023,2023-03
2023-03-31,2023,R,623167,680757,CH,Changeup,field_out,hit_into_play,L,R,SEA,CLE,79.90,61.20,-65,2,2,2023,2023-03
2023-03-31,2023,R,623167,680757,FF,4-Seam Fastball,,foul,L,R,SEA,CLE,92.10,77.20,23,2,1,2023,2023-03
2023-03-31,2023,R,623167,680757,FF,4-Seam Fastball,,called_strike,L,R,SEA,CLE,90.80,,,2,0,2023,2023-03
2023-03-31,2023,R,623167,680757,CH,Changeup,,ball,L,R,SEA,CLE,81.80,,,1,0,2023,2023-03
2023-03-31,2023,R,623167,680757,FC,Cutter,,ball,L,R,SEA,CLE,86.60,,,0,0,2023,2023-03
2023-03-31,2023,R,623465,572233,ST,Sweeper,field_out,hit_into_play,R,R,LAD,AZ,83.80,85.30,52,0,0,2023,2023-03
2023-03-31,2023,R,640462,592192,FF,4-Seam Fastball,strikeout,swinging_strike,R,L,MIA,NYM,96.30,,,0,2,2023,2023-03
2023-03-31,2023,R,640462,592192,ST,Sweeper,,swinging_strike,R,L,MIA,NYM,84.00,,,0,1,2023,2023-03
2023-03-31,2023,R,640462,592192,ST,Sweeper,,called_strike,R,L,MIA,NYM,83.70,,,0,0,2023,2023-03
2023-03-31,2023,R,640462,596019,FF,4-Seam Fastball,strikeout,swinging_strike,R,L,MIA,NYM,96.20,,,0,2,2023,2023-03
2023-03-31,2023,R,640462,596019,FF,4-Seam Fastball,,swinging_strike,R,L,MIA,NYM,95.70,,,0,1,2023,2023-03
2023-03-31,2023,R,640462,596019,ST,Sweeper,,called_strike,R,L,MIA,NYM,84.80,,,0,0,2023,2023-03
2023-03-31,2023,R,640462,624413,FF,4-Seam Fastball,home_run,hit_into_play,R,L,MIA,NYM,95.10,104.10,33,0,0,2023,2023-03
2023-03-31,2023,R,640462,643446,ST,Sweeper,field_out,hit_into_play,L,L,MIA,NYM,84.50,82.40,-18,0,2,2023,2023-03
2023-03-31,2023,R,640462,643446,ST,Sweeper,,foul,L,L,MIA,NYM,84.10,45.80,9,0,1,2023,2023-03
2023-03-31,2023,R,640462,643446,ST,Sweeper,,foul,L,L,MIA,NYM,83.70,94.80,24,0,0,2023,2023-03
2023-03-31,2023,R,641627,572287,FF,4-Seam Fastball,single,hit_into_play,R,R,SEA,CLE,93.00,104.80,16,1,2,2023,2023-03
2023-03-31,2023,R,641627,572287,FF,4-Seam Fastball,,ball,R,R,SEA,CLE,93.00,,,0,2,2023,2023-03
2023-03-31,2023,R,641627,572287,FF,4-Seam Fastball,,swinging_strike,R,R,SEA,CLE,93.00,,,0,1,2023,2023-03
2023-03-31,2023,R,641627,572287,FF,4-Seam Fastball,,swinging_strike,R,R,SEA,CLE,93.00,,,0,0,2023,2023-03
2023-03-31,2023,R,641627,605137,CH,Changeup,field_out,hit_into_play,L,R,SEA,CLE,85.60,67.90,-39,0,2,2023,2023-03
2023-03-31,2023,R,641627,605137,SI,Sinker,,called_strike,L,R,SEA,CLE,93.80,,,0,1,2023,2023-03
2023-03-31,2023,R,641627,605137,FF,4-Seam Fastball,,foul,L,R,SEA,CLE,93.30,84.60,54,0,0,2023,2023-03
2023-03-31,2023,R,641627,608070,FC,Cutter,field_out,hit_into_play,L,R,SEA,CLE,89.20,82.80,73,1,0,2023,2023-03
2023-03-31,2023,R,641627,608070,CU,Curveball,,ball,L,R,SEA,CLE,80.40,,,0,0,2023,2023-03
2023-03-31,2023,R,641627,642708,SI,Sinker,single,hit_into_play,R,R,SEA,CLE,94.20,61.90,-83,3,2,2023,2023-03
2023-03-31,2023,R,641627,642708,SI,Sinker,,foul,R,R,SEA,CLE,93.20,63.20,36,3,1,2023,2023-03
2023-03-31,2023,R,641627,642708,FF,4-Seam Fastball,,called_strike,R,R,SEA,CLE,93.20,,,3,0,2023,2023-03
2023-03-31,2023,R,641627,642708,FC,Cutter,,ball,R,R,SEA,CLE,88.80,,,2,0,2023,2023-03
2023-03-31,2023,R,641627,642708,SI,Sinker,,ball,R,R,SEA,CLE,93.20,,,1,0,2023,2023-03
2023-03-31,2023,R,641627,642708,SI,Sinker,,ball,R,R,SEA,CLE,92.20,,,0,0,2023,2023-03
2023-03-31,2023,R,641627,647304,CH,Changeup,single,hit_into_play,L,R,SEA,CLE,87.20,108.30,5,2,2,2023,2023-03
2023-03-31,2023,R,641627,647304,FC,Cutter,,swinging_strike,L,R,SEA,CLE,87.90,,,2,1,2023,2023-03
2023-03-31,2023,R,641627,647304,CH,Changeup,,ball,L,R,SEA,CLE,84.60,,,1,1,2023,2023-03
2023-03-31,2023,R,641627,647304,FC,Cutter,,ball,L,R,SEA,CLE,87.40,,,0,1,2023,2023-03
2023-03-31,2023,R,641627,647304,FC,Cutter,,called_strike,L,R,SEA,CLE,87.60,,,0,0,2023,2023-03
2023-03-31,2023,R,641627,660757,FC,Cutter,field_out,hit_into_play,R,R,SEA,CLE,88.20,95.50,61,0,1,2023,2023-03
2023-03-31,2023,R,641627,660757,SI,Sinker,,called_strike,R,R,SEA,CLE,93.20,,,0,0,2023,2023-03
2023-03-31,2023,R,641627,664702,SI,Sinker,force_out,hit_into_play,R,R,SEA,CLE,93.40,74.70,-36,1,1,2023,2023-03
2023-03-31,2023,R,641627,664702,FC,Cutter,,ball,R,R,SEA,CLE,87.70,,,0,1,2023,2023-03
2023-03-31,2023,R,641627,664702,SI,Sinker,,called_strike,R,R,SEA,CLE,93.80,,,0,0,2023,2023-03
2023-03-31,2023,R,641627,665926,SI,Sinker,fielders_choice,hit_into_play,L,R,SEA,CLE,93.60,90.40,0,0,1,2023,2023-03
2023-03-31,2023,R,641627,665926,FF,4-Seam Fastball,,called_strike,L,R,SEA,CLE,93.00,,,0,0,2023,2023-03
2023-03-31,2023,R,641627,680757,SI,Sinker,single,hit_into_play,L,R,SEA,CLE,92.30,93.20,10,3,2,2023,2023-03
2023-03-31,2023,R,641627,680757,SI,Sinker,,foul,L,R,SEA,CLE,92.30,93.60,-15,3,2,2023,2023-03
2023-03-31,2023,R,641627,680757,FC,Cutter,,foul,L,R,SEA,CLE,89.40,82.30,23,3,2,2023,2023-03
2023-03-31,2023,R,641627,680757,FF,4-Seam Fastball,,ball,L,R,SEA,CLE,93.00,,,2,2,2023,2023-03
2023-03-31,2023,R,641627,680757,FF,4-Seam Fastball,,ball,L,R,SEA,CLE,92.60,,,1,2,2023,2023-03
2023-03-31,2023,R,641627,680757,FC,Cutter,,ball,L,R,SEA,CLE,88.10,,,0,2,2023,2023-03
2023-03-31,2023,R,641627,680757,FF,4-Seam Fastball,,foul,L,R,SEA,CLE,93.30,,,0,1,2023,2023-03
2023-03-31,2023,R,641627,680757,SI,Sinker,,called_strike,L,R,SEA,CLE,93.70,,,0,0,2023,2023-03
2023-03-31,2023,R,650556,518735,SL,Slider,strikeout,called_strike,L,R,HOU,CWS,88.40,,,0,2,2023,2023-03
2023-03-31,2023,R,650556,518735,SL,Slider,,foul,L,R,HOU,CWS,88.90,,,0,1,2023,2023-03
2023-03-31,2023,R,650556,518735,SL,Slider,,called_strike,L,R,HOU,CWS,89.90,,,0,0,2023,2023-03
2023-03-31,2023,R,650556,657757,SL,Slider,strikeout,swinging_strike,L,R,HOU,CWS,89.60,,,0,2,2023,2023-03
2023-03-31,2023,R,650556,657757,SL,Slider,,swinging_strike,L,R,HOU,CWS,89.10,,,0,1,2023,2023-03
2023-03-31,2023,R,650556,657757,SL,Slider,,swinging_strike,L,R,HOU,CWS,89.50,,,0,0,2023,2023-03
2023-03-31,2023,R,650556,660162,SL,Slider,single,hit_into_play,L,R,HOU,CWS,86.50,103.70,3,1,1,2023,2023-03
2023-03-31,2023,R,650556,660162,SL,Slider,,called_strike,L,R,HOU,CWS,87.70,,,1,0,2023,2023-03
2023-03-31,2023,R,650556,660162,FF,4-Seam Fastball,,ball,L,R,HOU,CWS,96.50,,,0,0,2023,2023-03
2023-03-31,2023,R,650556,693049,SL,Slider,strikeout,called_strike,L,R,HOU,CWS,88.30,,,0,2,2023,2023-03
2023-03-31,2023,R,650556,693049,SL,Slider,,swinging_strike_blocked,L,R,HOU,CWS,89.30,,,0,1,2023,2023-03
2023-03-31,2023,R,650556,693049,SL,Slider,,swinging_strike,L,R,HOU,CWS,90.60,,,0,0,2023,2023-03
2023-03-31,2023,R,656849,493329,CH,Changeup,field_out,hit_into_play,R,L,MIA,NYM,86.20,72.50,40,0,2,2023,2023-03
2023-03-31,2023,R,656849,493329,FF,4-Seam Fastball,,foul,R,L,MIA,NYM,92.70,71.60,40,0,1,2023,2023-03
2023-03-31,2023,R,656849,493329,FF,4-Seam Fastball,,called_strike,R,L,MIA,NYM,92.50,,,0,0,2023,2023-03
2023-03-31,2023,R,656849,493329,SL,Slider,single,hit_into_play,R,L,MIA,NYM,86.40,97.10,6,1,2,2023,2023-03
2023-03-31,2023,R,656849,493329,CH,Changeup,,called_strike,R,L,MIA,NYM,87.60,,,1,1,2023,2023-03
2023-03-31,2023,R,656849,493329,FF,4-Seam Fastball,,foul,R,L,MIA,NYM,95.00,97.80,-10,1,0,2023,2023-03
2023-03-31,2023,R,656849,493329,SI,Sinker,,ball,R,L,MIA,NYM,94.10,,,0,0,2023,2023-03
2023-03-31,2023,R,656849,516416,FF,4-Seam Fastball,strikeout,swinging_strike,R,L,MIA,NYM,94.20,,,3,2,2023,2023-03
2023-03-31,2023,R,656849,516416,SL,Slider,,foul,R,L,MIA,NYM,86.50,72.80,-79,3,2,2023,2023-03
2023-03-31,2023,R,656849,516416,FF,4-Seam Fastball,,foul,R,L,MIA,NYM,92.90,80.90,6,3,2,2023,2023-03
2023-03-31,2023,R,656849,516416,FF,4-Seam Fastball,,ball,R,L,MIA,NYM,93.60,,,2,2,2023,2023-03
2023-03-31,2023,R,656849,516416,SL,Slider,,foul,R,L,MIA,NYM,86.50,70.60,-26,2,2,2023,2023-03
2023-03-31,2023,R,656849,516416,CH,Changeup,,called_strike,R,L,MIA,NYM,84.20,,,2,1,2023,2023-03
2023-03-31,2023,R,656849,516416,SL,Slider,,called_strike,R,L,MIA,NYM,83.30,,,2,0,2023,2023-03
2023-03-31,2023,R,656849,516416,SL,Slider,,ball,R,L,MIA,NYM,85.30,,,1,0,2023,2023-03
2023-03-31,2023,R,656849,516416,FF,4-Seam Fastball,,ball,R,L,MIA,NYM,91.70,,,0,0,2023,2023-03
2023-03-31,2023,R,656849,516416,CH,Changeup,strikeout,swinging_strike,R,L,MIA,NYM,87.20,,,0,2,2023,2023-03
2023-03-31,2023,R,656849,516416,SI,Sinker,,foul,R,L,MIA,NYM,92.80,53.60,-59,0,2,2023,2023-03
2023-03-31,2023,R,656849,516416,SL,Slider,,called_strike,R,L,MIA,NYM,85.20,,,0,1,2023,2023-03
2023-03-31,2023,R,656849,516416,SI,Sinker,,called_strike,R,L,MIA,NYM,91.50,,,0,0,2023,2023-03
2023-03-31,2023,R,656849,516416,SI,Sinker,grounded_into_double_play,hit_into_play,R,L,MIA,NYM,93.70,84.60,4,3,1,2023,2023-03
2023-03-31,2023,R,656849,516416,CH,Changeup,,ball,R,L,MIA,NYM,87.50,,,2,1,2023,2023-03
2023-03-31,2023,R,656849,516416,CH,Changeup,,called_strike,R,L,MIA,NYM,86.80,,,2,0,2023,2023-03
2023-03-31,2023,R,656849,516416,SL,Slider,,blocked_ball,R,L,MIA,NYM,86.20,,,1,0,2023,2023-03
2023-03-31,2023,R,656849,516416,SI,Sinker,,blocked_ball,R,L,MIA,NYM,94.70,,,0,0,2023,2023-03
2023-03-31,2023,R,656849,541645,SL,Slider,strikeout,swinging_strike,R,L,MIA,NYM,85.20,,,2,2,2023,2023-03
2023-03-31,2023,R,656849,541645,CH,Changeup,,foul,R,L,MIA,NYM,84.90,73.40,-40,2,1,2023,2023-03
2023-03-31,2023,R,656849,541645,FF,4-Seam Fastball,,ball,R,L,MIA,NYM,92.90,,,1,1,2023,2023-03
2023-03-31,2023,R,656849,541645,CU,Curveball,,ball,R,L,MIA,NYM,80.80,,,0,1,2023,2023-03
2023-03-31,2023,R,656849,541645,CU,Curveball,,swinging_strike,R,L,MIA,NYM,77.80,,,0,0,2023,2023-03
2023-03-31,2023,R,656849,541645,FF,4-Seam Fastball,field_out,hit_into_play,R,L,MIA,NYM,93.70,56.70,9,2,0,2023,2023-03
2023-03-31,2023,R,656849,541645,SL,Slider,,ball,R,L,MIA,NYM,84.00,,,1,0,2023,2023-03
2023-03-31,2023,R,656849,541645,SI,Sinker,,ball,R,L,MIA,NYM,93.40,,,0,0,2023,2023-03
2023-03-31,2023,R,656849,542932,SL,Slider,single,hit_into_play,R,L,MIA,NYM,81.70,69.90,20,1,0,2023,2023-03
2023-03-31,2023,R,656849,542932,SL,Slider,,ball,R,L,MIA,NYM,80.30,,,0,0,2023,2023-03
2023-03-31,2023,R,656849,542932,SL,Slider,strikeout,swinging_strike,R,L,MIA,NYM,86.90,,,1,2,2023,2023-03
2023-03-31,2023,R,656849,542932,CH,Changeup,,called_strike,R,L,MIA,NYM,85.30,,,1,1,2023,2023-03
2023-03-31,2023,R,656849,542932,SL,Slider,,ball,R,L,MIA,NYM,85.90,,,0,1,2023,2023-03
2023-03-31,2023,R,656849,542932,SL,Slider,,swinging_strike,R,L,MIA,NYM,84.90,,,0,0,2023,2023-03
2023-03-31,2023,R,656849,624585,SL,Slider,field_out,hit_into_play,R,L,MIA,NYM,85.30,106.50,11,0,1,2023,2023-03
2023-03-31,2023,R,656849,624585,CH,Changeup,,called_strike,R,L,MIA,NYM,84.80,,,0,0,2023,2023-03
2023-03-31,2023,R,656849,624585,SI,Sinker,home_run,hit_into_play,R,L,MIA,NYM,92.30,104.50,26,0,0,2023,2023-03
2023-03-31,2023,R,656849,643265,FF,4-Seam Fastball,single,hit_into_play,R,L,MIA,NYM,94.10,79.30,-3,1,1,2023,2023-03
2023-03-31,2023,R,656849,643265,FF,4-Seam Fastball,,ball,R,L,MIA,NYM,93.80,,,0,1,2023,2023-03
2023-03-31,2023,R,656849,643265,SL,Slider,,foul_tip,R,L,MIA,NYM,86.40,,,0,0,2023,2023-03
2023-03-31,2023,R,656849,643265,CU,Curveball,single,hit_into_play,R,L,MIA,NYM,81.10,95.70,6,3,2,2023,2023-03
2023-03-31,2023,R,656849,643265,FF,4-Seam Fastball,,ball,R,L,MIA,NYM,96.00,,,2,2,2023,2023-03
2023-03-31,2023,R,656849,643265,SL,Slider,,swinging_strike,R,L,MIA,NYM,86.00,,,2,1,2023,2023-03
2023-03-31,2023,R,656849,643265,SL,Slider,,called_strike,R,L,MIA,NYM,84.70,,,2,0,2023,2023-03
2023-03-31,2023,R,656849,643265,CH,Changeup,,ball,R,L,MIA,NYM,86.20,,,1,0,2023,2023-03
2023-03-31,2023,R,656849,643265,SI,Sinker,,ball,R,L,MIA,NYM,93.10,,,0,0,2023,2023-03
2023-03-31,2023,R,656849,643265,SL,Slider,triple,hit_into_play,R,L,MIA,NYM,86.10,86.90,27,1,0,2023,2023-03
2023-03-31,2023,R,656849,643265,SI,Sinker,,ball,R,L,MIA,NYM,95.00,,,0,0,2023,2023-03
2023-03-31,2023,R,656849,650333,CH,Changeup,single,hit_into_play,L,L,MIA,NYM,88.50,37.20,-35,0,0,2023,2023-03
2023-03-31,2023,R,656849,650333,SI,Sinker,field_out,hit_into_play,L,L,MIA,NYM,92.00,89.90,-4,3,1,2023,2023-03
2023-03-31,2023,R,656849,650333,SL,Slider,,ball,L,L,MIA,NYM,84.40,,,2,1,2023,2023-03
2023-03-31,2023,R,656849,650333,SI,Sinker,,called_strike,L,L,MIA,NYM,92.30,,,2,0,2023,2023-03
2023-03-31,2023,R,656849,650333,SI,Sinker,,ball,L,L,MIA,NYM,92.30,,,1,0,2023,2023-03
2023-03-31,2023,R,656849,650333,SL,Slider,,ball,L,L,MIA,NYM,86.60,,,0,0,2023,2023-03
2023-03-31,2023,R,656849,650333,FF,4-Seam Fastball,walk,ball,L,L,MIA,NYM,96.10,,,3,2,2023,2023-03
2023-03-31,2023,R,656849,650333,SI,Sinker,,foul,L,L,MIA,NYM,92.70,83.00,39,3,2,2023,2023-03
2023-03-31,2023,R,656849,650333,SL,Slider,,ball,L,L,MIA,NYM,86.80,,,2,2,2023,2023-03
2023-03-31,2023,R,656849,650333,SI,Sinker,,ball,L,L,MIA,NYM,94.80,,,1,2,2023,2023-03
2023-03-31,2023,R,656849,650333,SI,Sinker,,foul,L,L,MIA,NYM,92.70,68.00,25,1,2,2023,2023-03
2023-03-31,2023,R,656849,650333,SL,Slider,,foul,L,L,MIA,NYM,85.10,56.40,-33,1,2,2023,2023-03
2023-03-31,2023,R,656849,650333,SL,Slider,,ball,L,L,MIA,NYM,86.90,,,0,2,2023,2023-03
2023-03-31,2023,R,656849,650333,SI,Sinker,,foul,L,L,MIA,NYM,93.20,74.30,28,0,1,2023,2023-03
2023-03-31,2023,R,656849,650333,SI,Sinker,,called_strike,L,L,MIA,NYM,93.30,,,0,0,2023,2023-03
2023-03-31,2023,R,656849,663743,SI,Sinker,field_out,hit_into_play,R,L,MIA,NYM,91.70,83.10,-38,3,0,2023,2023-03
2023-03-31,2023,R,656849,663743,CH,Changeup,,ball,R,L,MIA,NYM,85.00,,,2,0,2023,2023-03
2023-03-31,2023,R,656849,663743,FF,4-Seam Fastball,,ball,R,L,MIA,NYM,92.80,,,1,0,2023,2023-03
2023-03-31,2023,R,656849,663743,CH,Changeup,,ball,R,L,MIA,NYM,84.80,,,0,0,2023,2023-03
2023-03-31,2023,R,656849,663743,SI,Sinker,single,hit_into_play,R,L,MIA,NYM,92.00,81.40,-21,0,0,2023,2023-03
2023-03-31,2023,R,656849,665862,SL,Slider,field_out,hit_into_play,L,L,MIA,NYM,86.50,76.10,-43,1,0,2023,2023-03
2023-03-31,2023,R,656849,665862,SI,Sinker,,ball,L,L,MIA,NYM,91.40,,,0,0,2023,2023-03
2023-03-31,2023,R,656849,665862,SL,Slider,strikeout,swinging_strike,L,L,MIA,NYM,88.00,,,2,2,2023,2023-03
2023-03-31,2023,R,656849,665862,SI,Sinker,,swinging_strike,L,L,MIA,NYM,93.10,,,2,1,2023,2023-03
2023-03-31,2023,R,656849,665862,SI,Sinker,,ball,L,L,MIA,NYM,92.40,,,1,1,2023,2023-03
2023-03-31,2023,R,656849,665862,SL,Slider,,blocked_ball,L,L,MIA,NYM,87.10,,,0,1,2023,2023-03
2023-03-31,2023,R,656849,665862,SI,Sinker,,called_strike,L,L,MIA,NYM,91.80,,,0,0,2023,2023-03
2023-03-31,2023,R,656849,665862,SI,Sinker,field_out,hit_into_play,L,L,MIA,NYM,93.40,101.40,-12,2,1,2023,2023-03
2023-03-31,2023,R,656849,665862,SL,Slider,,blocked_ball,L,L,MIA,NYM,87.30,,,1,1,2023,2023-03
2023-03-31,2023,R,656849,665862,SI,Sinker,,ball,L,L,MIA,NYM,94.90,,,0,1,2023,2023-03
2023-03-31,2023,R,656849,665862,CU,Curveball,,swinging_strike,L,L,MIA,NYM,80.30,,,0,0,2023,2023-03
2023-03-31,2023,R,657571,605113,FF,4-Seam Fastball,field_out,hit_into_play,R,L,LAD,AZ,94.90,92.90,3,1,2,2023,2023-03
2023-03-31,2023,R,657571,605113,FC,Cutter,,called_strike,R,L,LAD,AZ,83.70,,,1,1,2023,2023-03
2023-03-31,2023,R,657571,605113,FC,Cutter,,swinging_strike,R,L,LAD,AZ,84.00,,,1,0,2023,2023-03
2023-03-31,2023,R,657571,605113,FF,4-Seam Fastball,,ball,R,L,LAD,AZ,94.90,,,0,0,2023,2023-03
2023-03-31,2023,R,657571,664983,FC,Cutter,force_out,hit_into_play,L,L,LAD,AZ,83.40,101.00,2,0,1,2023,2023-03
2023-03-31,2023,R,657571,664983,FF,4-Seam Fastball,,foul,L,L,LAD,AZ,95.80,75.30,36,0,0,2023,2023-03
2023-03-31,2023,R,657571,672515,FF,4-Seam Fastball,strikeout,swinging_strike,R,L,LAD,AZ,95.50,,,0,2,2023,2023-03
2023-03-31,2023,R,657571,672515,FC,Cutter,,foul,R,L,LAD,AZ,83.40,,,0,2,2023,2023-03
2023-03-31,2023,R,657571,672515,FF,4-Seam Fastball,,foul,R,L,LAD,AZ,95.40,90.60,19,0,2,2023,2023-03
2023-03-31,2023,R,657571,672515,FF,4-Seam Fastball,,foul,R,L,LAD,AZ,94.80,,,0,1,2023,2023-03
2023-03-31,2023,R,657571,672515,FF,4-Seam Fastball,,called_strike,R,L,LAD,AZ,95.00,,,0,0,2023,2023-03
2023-03-31,2023,R,657571,682998,FC,Cutter,single,hit_into_play,L,L,LAD,AZ,87.90,92.10,-7,2,1,2023,2023-03
2023-03-31,2023,R,657571,682998,FF,4-Seam Fastball,,called_strike,L,L,LAD,AZ,95.10,,,2,0,2023,2023-03
2023-03-31,2023,R,657571,682998,FF,4-Seam Fastball,,ball,L,L,LAD,AZ,95.30,,,1,0,2023,2023-03
2023-03-31,2023,R,657571,682998,FF,4-Seam Fastball,,ball,L,L,LAD,AZ,95.20,,,0,0,2023,2023-03
2023-03-31,2023,R,657612,453568,FC,Cutter,hit_by_pitch,hit_by_pitch,L,L,SD,COL,86.60,,,0,1,2023,2023-03
2023-03-31,2023,R,657612,453568,FF,4-Seam Fastball,,called_strike,L,L,SD,COL,90.60,,,0,0,2023,2023-03
2023-03-31,2023,R,657612,543068,SI,Sinker,single,hit_into_play,R,L,SD,COL,87.60,79.00,21,1,1,2023,2023-03
2023-03-31,2023,R,657612,543068,FC,Cutter,,ball,R,L,SD,COL,86.90,,,0,1,2023,2023-03
2023-03-31,2023,R,657612,543068,FF,4-Seam Fastball,,foul,R,L,SD,COL,91.60,90.70,65,0,0,2023,2023-03
2023-03-31,2023,R,657612,553869,FF,4-Seam Fastball,strikeout,swinging_strike,R,L,SD,COL,92.40,,,2,2,2023,2023-03
2023-03-31,2023,R,657612,553869,SL,Slider,,ball,R,L,SD,COL,85.90,,,1,2,2023,2023-03
2023-03-31,2023,R,657612,553869,FF,4-Seam Fastball,,ball,R,L,SD,COL,91.30,,,0,2,2023,2023-03
2023-03-31,2023,R,657612,553869,FF,4-Seam Fastball,,foul,R,L,SD,COL,90.80,,,0,1,2023,2023-03
2023-03-31,2023,R,657612,553869,FF,4-Seam Fastball,,called_strike,R,L,SD,COL,91.60,,,0,0,2023,2023-03
2023-03-31,2023,R,657612,641857,FF,4-Seam Fastball,grounded_into_double_play,hit_into_play,L,L,SD,COL,91.30,23.40,-74,0,2,2023,2023-03
2023-03-31,2023,R,657612,641857,FF,4-Seam Fastball,,swinging_strike,L,L,SD,COL,91.60,,,0,1,2023,2023-03
2023-03-31,2023,R,657612,641857,SI,Sinker,,called_strike,L,L,SD,COL,88.50,,,0,0,2023,2023-03
2023-03-31,2023,R,657612,660707,SI,Sinker,single,hit_into_play,R,L,SD,COL,90.20,72.80,-44,0,0,2023,2023-03
2023-03-31,2023,R,660853,543939,CH,Changeup,field_out,hit_into_play,L,R,SEA,CLE,87.50,74.80,61,2,2,2023,2023-03
2023-03-31,2023,R,660853,543939,FF,4-Seam Fastball,,foul,L,R,SEA,CLE,95.20,74.50,13,2,2,2023,2023-03
2023-03-31,2023,R,660853,543939,CH,Changeup,,foul,L,R,SEA,CLE,85.60,65.80,71,2,2,2023,2023-03
2023-03-31,2023,R,660853,543939,FF,4-Seam Fastball,,ball,L,R,SEA,CLE,94.60,,,1,2,2023,2023-03
2023-03-31,2023,R,660853,543939,SL,Slider,,ball,L,R,SEA,CLE,83.90,,,0,2,2023,2023-03
2023-03-31,2023,R,660853,543939,FF,4-Seam Fastball,,foul,L,R,SEA,CLE,94.50,81.10,10,0,1,2023,2023-03
2023-03-31,2023,R,660853,543939,FF,4-Seam Fastball,,foul,L,R,SEA,CLE,94.00,81.00,9,0,0,2023,2023-03
2023-03-31,2023,R,660853,606192,SL,Slider,strikeout,swinging_strike,R,R,SEA,CLE,83.70,,,1,2,2023,2023-03
2023-03-31,2023,R,660853,606192,FF,4-Seam Fastball,,foul,R,R,SEA,CLE,93.70,78.40,36,1,1,2023,2023-03
2023-03-31,2023,R,660853,606192,FF,4-Seam Fastball,,foul,R,R,SEA,CLE,94.40,76.10,58,1,0,2023,2023-03
2023-03-31,2023,R,660853,606192,FF,4-Seam Fastball,,ball,R,R,SEA,CLE,94.40,,,0,0,2023,2023-03
2023-03-31,2023,R,660853,663728,CH,Changeup,field_out,hit_into_play,L,R,SEA,CLE,87.40,68.60,4,0,1,2023,2023-03
2023-03-31,2023,R,660853,663728,FF,4-Seam Fastball,,foul,L,R,SEA,CLE,94.40,77.10,44,0,0,2023,2023-03
2023-03-31,2023,R,660853,664034,FF,4-Seam Fastball,walk,ball,R,R,SEA,CLE,94.50,,,3,2,2023,2023-03
2023-03-31,2023,R,660853,664034,SL,Slider,,ball,R,R,SEA,CLE,84.60,,,2,2,2023,2023-03
2023-03-31,2023,R,660853,664034,FF,4-Seam Fastball,,ball,R,R,SEA,CLE,95.10,,,1,2,2023,2023-03
2023-03-31,2023,R,660853,664034,FF,4-Seam Fastball,,foul,R,R,SEA,CLE,96.00,59.10,56,1,1,2023,2023-03
2023-03-31,2023,R,660853,664034,FF,4-Seam Fastball,,swinging_strike,R,R,SEA,CLE,94.40,,,1,0,2023,2023-03
2023-03-31,2023,R,660853,664034,FF,4-Seam Fastball,,ball,R,R,SEA,CLE,94.90,,,0,0,2023,2023-03
2023-03-31,2023,R,661403,543939,FC,Cutter,field_out,hit_into_play,L,R,SEA,CLE,98.70,72.80,65,1,1,2023,2023-03
2023-03-31,2023,R,661403,543939,FC,Cutter,,foul,L,R,SEA,CLE,98.80,,,1,0,2023,2023-03
2023-03-31,2023,R,661403,543939,FC,Cutter,,ball,L,R,SEA,CLE,98.90,,,0,0,2023,2023-03
2023-03-31,2023,R,661403,641487,FC,Cutter,strikeout,called_strike,L,R,SEA,CLE,98.40,,,0,2,2023,2023-03
2023-03-31,2023,R,661403,641487,FC,Cutter,,called_strike,L,R,SEA,CLE,98.00,,,0,1,2023,2023-03
2023-03-31,2023,R,661403,641487,FC,Cutter,,called_strike,L,R,SEA,CLE,97.90,,,0,0,2023,2023-03
2023-03-31,2023,R,661403,677594,FC,Cutter,strikeout,swinging_strike,R,R,SEA,CLE,98.60,,,1,2,2023,2023-03
2023-03-31,2023,R,661403,677594,FC,Cutter,,swinging_strike,R,R,SEA,CLE,99.10,,,1,1,2023,2023-03
2023-03-31,2023,R,661403,677594,FC,Cutter,,swinging_strike,R,R,SEA,CLE,99.10,,,1,0,2023,2023-03
2023-03-31,2023,R,661403,677594,FC,Cutter,,ball,R,R,SEA,CLE,99.40,,,0,0,2023,2023-03
2023-03-31,2023,R,661527,641313,SI,Sinker,field_out,hit_into_play,R,R,HOU,CWS,90.30,67.10,-38,2,2,2023,2023-03
2023-03-31,2023,R,661527,641313,FF,4-Seam Fastball,,foul,R,R,HOU,CWS,90.40,98.30,31,2,1,2023,2023-03
2023-03-31,2023,R,661527,641313,SI,Sinker,,ball,R,R,HOU,CWS,90.70,,,1,1,2023,2023-03
2023-03-31,2023,R,661527,641313,ST,Sweeper,,ball,R,R,HOU,CWS,78.80,,,0,1,2023,2023-03
2023-03-31,2023,R,661527,641313,SI,Sinker,,called_strike,R,R,HOU,CWS,91.20,,,0,0,2023,2023-03
2023-03-31,2023,R,661527,643217,CH,Changeup,field_out,hit_into_play,L,R,HOU,CWS,87.20,92.20,27,1,2,2023,2023-03
2023-03-31,2023,R,661527,643217,CH,Changeup,,swinging_strike,L,R,HOU,CWS,87.00,,,1,1,2023,2023-03
2023-03-31,2023,R,661527,643217,CH,Changeup,,ball,L,R,HOU,CWS,85.10,,,0,1,2023,2023-03
2023-03-31,2023,R,661527,643217,FF,4-Seam Fastball,,foul,L,R,HOU,CWS,92.50,74.40,51,0,0,2023,2023-03
2023-03-31,2023,R,661527,650391,ST,Sweeper,field_out,hit_into_play,R,R,HOU,CWS,80.00,51.40,-75,0,0,2023,2023-03
2023-03-31,2023,R,661527,673357,FF,4-Seam Fastball,single,hit_into_play,R,R,HOU,CWS,91.00,97.20,12,1,1,2023,2023-03
2023-03-31,2023,R,661527,673357,FF,4-Seam Fastball,,foul,R,R,HOU,CWS,90.70,73.70,27,1,0,2023,2023-03
2023-03-31,2023,R,661527,673357,FF,4-Seam Fastball,,ball,R,R,HOU,CWS,91.30,,,0,0,2023,2023-03
2023-03-31,2023,R,663986,553993,SL,Slider,field_out,hit_into_play,R,R,SEA,CLE,85.50,82.20,33,0,2,2023,2023-03
2023-03-31,2023,R,663986,553993,SL,Slider,,foul,R,R,SEA,CLE,85.70,100.80,34,0,1,2023,2023-03
2023-03-31,2023,R,663986,553993,FF,4-Seam Fastball,,swinging_strike,R,R,SEA,CLE,93.70,,,0,0,2023,2023-03
2023-03-31,2023,R,663986,669450,FF,4-Seam Fastball,strikeout,swinging_strike,L,R,SEA,CLE,94.30,,,0,2,2023,2023-03
2023-03-31,2023,R,663986,669450,FF,4-Seam Fastball,,foul,L,R,SEA,CLE,94.80,,,0,1,2023,2023-03
2023-03-31,2023,R,663986,669450,FF,4-Seam Fastball,,foul,L,R,SEA,CLE,95.00,76.50,10,0,0,2023,2023-03
2023-03-31,2023,R,663986,672284,FS,Split-Finger,strikeout,swinging_strike,L,R,SEA,CLE,86.20,,,2,2,2023,2023-03
2023-03-31,2023,R,663986,672284,FS,Split-Finger,,ball,L,R,SEA,CLE,86.20,,,1,2,2023,2023-03
2023-03-31,2023,R,663986,672284,FF,4-Seam Fastball,,swinging_strike,L,R,SEA,CLE,93.90,,,1,1,2023,2023-03
2023-03-31,2023,R,663986,672284,FF,4-Seam Fastball,,foul,L,R,SEA,CLE,93.90,76.00,26,1,0,2023,2023-03
2023-03-31,2023,R,663986,672284,FF,4-Seam Fastball,,ball,L,R,SEA,CLE,94.80,,,0,0,2023,2023-03
2023-03-31,2023,R,664208,462101,CU,Curveball,field_out,hit_into_play,R,R,HOU,CWS,73.50,84.50,29,0,1,2023,2023-03
2023-03-31,2023,R,664208,462101,SI,Sinker,,called_strike,R,R,HOU,CWS,89.30,,,0,0,2023,2023-03
2023-03-31,2023,R,664208,518735,FC,Cutter,field_out,hit_into_play,L,R,HOU,CWS,90.10,73.80,-8,0,1,2023,2023-03
2023-03-31,2023,R,664208,518735,ST,Sweeper,,foul,L,R,HOU,CWS,81.70,90.20,1,0,0,2023,2023-03
2023-03-31,2023,R,664208,657757,CU,Curveball,strikeout,swinging_strike,L,R,HOU,CWS,74.30,,,3,2,2023,2023-03
2023-03-31,2023,R,664208,657757,CU,Curveball,,ball,L,R,HOU,CWS,72.70,,,2,2,2023,2023-03
2023-03-31,2023,R,664208,657757,CU,Curveball,,foul,L,R,HOU,CWS,72.20,71.90,-8,2,2,2023,2023-03
2023-03-31,2023,R,664208,657757,FC,Cutter,,foul,L,R,HOU,CWS,88.20,77.00,53,2,1,2023,2023-03
2023-03-31,2023,R,664208,657757,ST,Sweeper,,called_strike,L,R,HOU,CWS,80.60,,,2,0,2023,2023-03
2023-03-31,2023,R,664208,657757,CU,Curveball,,ball,L,R,HOU,CWS,71.60,,,1,0,2023,2023-03
2023-03-31,2023,R,664208,657757,ST,Sweeper,,ball,L,R,HOU,CWS,78.80,,,0,0,2023,2023-03
2023-03-31,2023,R,664208,693049,FC,Cutter,hit_by_pitch,hit_by_pitch,L,R,HOU,CWS,90.50,,,0,1,2023,2023-03
2023-03-31,2023,R,664208,693049,CU,Curveball,,called_strike,L,R,HOU,CWS,74.30,,,0,0,2023,2023-03
2023-03-31,2023,R,664299,462101,FF,4-Seam Fastball,single,hit_into_play,R,R,HOU,CWS,93.90,73.80,-54,1,2,2023,2023-03
2023-03-31,2023,R,664299,462101,ST,Sweeper,,called_strike,R,R,HOU,CWS,79.60,,,1,1,2023,2023-03
2023-03-31,2023,R,664299,462101,ST,Sweeper,,ball,R,R,HOU,CWS,80.60,,,0,1,2023,2023-03
2023-03-31,2023,R,664299,462101,KC,Knuckle Curve,,swinging_strike,R,R,HOU,CWS,77.60,,,0,0,2023,2023-03
2023-03-31,2023,R,664299,462101,FF,4-Seam Fastball,field_out,hit_into_play,R,R,HOU,CWS,92.90,83.20,26,3,2,2023,2023-03
2023-03-31,2023,R,664299,462101,FF,4-Seam Fastball,,ball,R,R,HOU,CWS,91.90,,,2,2,2023,2023-03
2023-03-31,2023,R,664299,462101,SL,Slider,,swinging_strike,R,R,HOU,CWS,81.30,,,2,1,2023,2023-03
2023-03-31,2023,R,664299,462101,FF,4-Seam Fastball,,ball,R,R,HOU,CWS,93.40,,,1,1,2023,2023-03
2023-03-31,2023,R,664299,462101,FF,4-Seam Fastball,,called_strike,R,R,HOU,CWS,91.70,,,1,0,2023,2023-03
2023-03-31,2023,R,664299,462101,FF,4-Seam Fastball,,ball,R,R,HOU,CWS,92.30,,,0,0,2023,2023-03
2023-03-31,2023,R,664299,518735,KC,Knuckle Curve,strikeout,called_strike,L,R,HOU,CWS,77.90,,,0,2,2023,2023-03
2023-03-31,2023,R,664299,518735,ST,Sweeper,,foul,L,R,HOU,CWS,78.10,70.90,82,0,1,2023,2023-03
2023-03-31,2023,R,664299,518735,ST,Sweeper,,called_strike,L,R,HOU,CWS,78.90,,,0,0,2023,2023-03
2023-03-31,2023,R,664299,518735,FF,4-Seam Fastball,single,hit_into_play,L,R,HOU,CWS,93.00,87.00,13,0,1,2023,2023-03
2023-03-31,2023,R,664299,518735,FF,4-Seam Fastball,,called_strike,L,R,HOU,CWS,93.60,,,0,0,2023,2023-03
2023-03-31,2023,R,664299,641313,ST,Sweeper,strikeout,swinging_strike,R,R,HOU,CWS,79.60,,,3,2,2023,2023-03
2023-03-31,2023,R,664299,641313,ST,Sweeper,,blocked_ball,R,R,HOU,CWS,81.50,,,2,2,2023,2023-03
2023-03-31,2023,R,664299,641313,FF,4-Seam Fastball,,swinging_strike,R,R,HOU,CWS,93.50,,,2,1,2023,2023-03
2023-03-31,2023,R,664299,641313,FF,4-Seam Fastball,,foul,R,R,HOU,CWS,93.70,76.50,36,2,0,2023,2023-03
2023-03-31,2023,R,664299,641313,ST,Sweeper,,ball,R,R,HOU,CWS,79.50,,,1,0,2023,2023-03
2023-03-31,2023,R,664299,641313,ST,Sweeper,,ball,R,R,HOU,CWS,82.00,,,0,0,2023,2023-03
2023-03-31,2023,R,664299,641313,FF,4-Seam Fastball,single,hit_into_play,R,R,HOU,CWS,93.60,83.00,10,1,0,2023,2023-03
2023-03-31,2023,R,664299,641313,ST,Sweeper,,ball,R,R,HOU,CWS,78.90,,,0,0,2023,2023-03
2023-03-31,2023,R,664299,641313,FF,4-Seam Fastball,walk,ball,R,R,HOU,CWS,93.60,,,3,2,2023,2023-03
2023-03-31,2023,R,664299,641313,FF,4-Seam Fastball,,ball,R,R,HOU,CWS,94.30,,,2,2,2023,2023-03
2023-03-31,2023,R,664299,641313,FF,4-Seam Fastball,,swinging_strike,R,R,HOU,CWS,93.20,,,2,1,2023,2023-03
2023-03-31,2023,R,664299,641313,FF,4-Seam Fastball,,ball,R,R,HOU,CWS,94.10,,,1,1,2023,2023-03
2023-03-31,2023,R,664299,641313,FF,4-Seam Fastball,,swinging_strike,R,R,HOU,CWS,93.80,,,1,0,2023,2023-03
2023-03-31,2023,R,664299,641313,FF,4-Seam Fastball,,ball,R,R,HOU,CWS,94.00,,,0,0,2023,2023-03
2023-03-31,2023,R,664299,643217,FF,4-Seam Fastball,double,hit_into_play,L,R,HOU,CWS,92.90,69.40,36,1,2,2023,2023-03
2023-03-31,2023,R,664299,643217,CH,Changeup,,foul,L,R,HOU,CWS,82.80,67.70,46,1,1,2023,2023-03
2023-03-31,2023,R,664299,643217,CH,Changeup,,ball,L,R,HOU,CWS,82.80,,,0,1,2023,2023-03
2023-03-31,2023,R,664299,643217,ST,Sweeper,,swinging_strike,L,R,HOU,CWS,79.00,,,0,0,2023,2023-03
2023-03-31,2023,R,664299,643217,FF,4-Seam Fastball,field_out,hit_into_play,L,R,HOU,CWS,93.30,86.80,-44,0,1,2023,2023-03
2023-03-31,2023,R,664299,643217,FF,4-Seam Fastball,,called_strike,L,R,HOU,CWS,93.50,,,0,0,2023,2023-03
2023-03-31,2023,R,664299,643217,KC,Knuckle Curve,field_out,hit_into_play,L,R,HOU,CWS,76.50,68.70,0,1,2,2023,2023-03
2023-03-31,2023,R,664299,643217,FF,4-Seam Fastball,,foul,L,R,HOU,CWS,94.20,78.00,41,1,2,2023,2023-03
2023-03-31,2023,R,664299,643217,FF,4-Seam Fastball,,foul,L,R,HOU,CWS,93.70,78.10,16,1,2,2023,2023-03
2023-03-31,2023,R,664299,643217,ST,Sweeper,,foul,L,R,HOU,CWS,80.60,59.50,-53,1,2,2023,2023-03
2023-03-31,2023,R,664299,643217,FF,4-Seam Fastball,,foul,L,R,HOU,CWS,93.20,73.20,62,1,1,2023,2023-03
2023-03-31,2023,R,664299,643217,ST,Sweeper,,ball,L,R,HOU,CWS,80.10,,,0,1,2023,2023-03
2023-03-31,2023,R,664299,643217,FF,4-Seam Fastball,,called_strike,L,R,HOU,CWS,93.30,,,0,0,2023,2023-03
2023-03-31,2023,R,664299,650391,FF,4-Seam Fastball,double,hit_into_play,R,R,HOU,CWS,93.60,108.90,15,0,0,2023,2023-03
2023-03-31,2023,R,664299,650391,KC,Knuckle Curve,strikeout,swinging_strike,R,R,HOU,CWS,77.50,,,0,2,2023,2023-03
2023-03-31,2023,R,664299,650391,FF,4-Seam Fastball,,foul,R,R,HOU,CWS,93.20,78.90,15,0,1,2023,2023-03
2023-03-31,2023,R,664299,650391,ST,Sweeper,,swinging_strike,R,R,HOU,CWS,79.30,,,0,0,2023,2023-03
2023-03-31,2023,R,664299,650391,ST,Sweeper,double,hit_into_play,R,R,HOU,CWS,81.60,106.00,13,1,2,2023,2023-03
2023-03-31,2023,R,664299,650391,FF,4-Seam Fastball,,foul,R,R,HOU,CWS,94.40,85.70,85,1,2,2023,2023-03
2023-03-31,2023,R,664299,650391,ST,Sweeper,,swinging_strike,R,R,HOU,CWS,81.20,,,1,1,2023,2023-03
2023-03-31,2023,R,664299,650391,ST,Sweeper,,ball,R,R,HOU,CWS,81.10,,,0,1,2023,2023-03
2023-03-31,2023,R,664299,650391,FF,4-Seam Fastball,,foul,R,R,HOU,CWS,94.30,,,0,0,2023,2023-03
2023-03-31,2023,R,664299,657757,FF,4-Seam Fastball,field_out,hit_into_play,L,R,HOU,CWS,92.80,83.90,55,1,2,2023,2023-03
2023-03-31,2023,R,664299,657757,FF,4-Seam Fastball,,foul,L,R,HOU,CWS,92.80,67.60,75,1,2,2023,2023-03
2023-03-31,2023,R,664299,657757,FF,4-Seam Fastball,,swinging_strike,L,R,HOU,CWS,92.60,,,1,1,2023,2023-03
2023-03-31,2023,R,664299,657757,CH,Changeup,,blocked_ball,L,R,HOU,CWS,85.00,,,0,1,2023,2023-03
2023-03-31,2023,R,664299,657757,ST,Sweeper,,foul,L,R,HOU,CWS,80.10,80.50,-13,0,0,2023,2023-03
2023-03-31,2023,R,664299,657757,FF,4-Seam Fastball,field_out,hit_into_play,L,R,HOU,CWS,92.30,94.90,-24,1,1,2023,2023-03
2023-03-31,2023,R,664299,657757,FF,4-Seam Fastball,,called_strike,L,R,HOU,CWS,91.80,,,1,0,2023,2023-03
2023-03-31,2023,R,664299,657757,KC,Knuckle Curve,,ball,L,R,HOU,CWS,73.30,,,0,0,2023,2023-03
2023-03-31,2023,R,664299,660162,ST,Sweeper,double,hit_into_play,L,R,HOU,CWS,78.80,98.50,29,0,0,2023,2023-03
2023-03-31,2023,R,664299,660162,ST,Sweeper,single,hit_into_play,L,R,HOU,CWS,80.10,96.00,0,0,0,2023,2023-03
2023-03-31,2023,R,664299,660162,FF,4-Seam Fastball,field_out,hit_into_play,L,R,HOU,CWS,92.90,,-68,0,1,2023,2023-03
2023-03-31,2023,R,664299,660162,ST,Sweeper,,called_strike,L,R,HOU,CWS,80.20,,,0,0,2023,2023-03
2023-03-31,2023,R,664299,673357,FF,4-Seam Fastball,strikeout,swinging_strike,R,R,HOU,CWS,94.60,,,0,2,2023,2023-03
2023-03-31,2023,R,664299,673357,FF,4-Seam Fastball,,foul,R,R,HOU,CWS,94.20,76.90,70,0,2,2023,2023-03
2023-03-31,2023,R,664299,673357,FF,4-Seam Fastball,,swinging_strike,R,R,HOU,CWS,94.10,,,0,1,2023,2023-03
2023-03-31,2023,R,664299,673357,FF,4-Seam Fastball,,swinging_strike,R,R,HOU,CWS,93.80,,,0,0,2023,2023-03
2023-03-31,2023,R,664299,673357,FF,4-Seam Fastball,strikeout,called_strike,R,R,HOU,CWS,94.70,,,0,2,2023,2023-03
2023-03-31,2023,R,664299,673357,FF,4-Seam Fastball,,foul,R,R,HOU,CWS,93.40,,,0,2,2023,2023-03
2023-03-31,2023,R,664299,673357,FF,4-Seam Fastball,,swinging_strike,R,R,HOU,CWS,93.80,,,0,1,2023,2023-03
2023-03-31,2023,R,664299,673357,FF,4-Seam Fastball,,swinging_strike,R,R,HOU,CWS,93.40,,,0,0,2023,2023-03
2023-03-31,2023,R,664299,673357,ST,Sweeper,strikeout,swinging_strike,R,R,HOU,CWS,80.90,,,0,2,2023,2023-03
2023-03-31,2023,R,664299,673357,ST,Sweeper,,swinging_strike,R,R,HOU,CWS,80.30,,,0,1,2023,2023-03
2023-03-31,2023,R,664299,673357,FF,4-Seam Fastball,,foul,R,R,HOU,CWS,93.60,,,0,0,2023,2023-03
2023-03-31,2023,R,664299,693049,ST,Sweeper,field_out,hit_into_play,L,R,HOU,CWS,80.60,81.00,68,1,2,2023,2023-03
2023-03-31,2023,R,664299,693049,FF,4-Seam Fastball,,foul,L,R,HOU,CWS,92.60,82.10,35,1,2,2023,2023-03
2023-03-31,2023,R,664299,693049,FF,4-Seam Fastball,,foul,L,R,HOU,CWS,92.10,76.20,32,1,1,2023,2023-03
2023-03-31,2023,R,664299,693049,ST,Sweeper,,called_strike,L,R,HOU,CWS,77.30,,,1,0,2023,2023-03
2023-03-31,2023,R,664299,693049,FF,4-Seam Fastball,,ball,L,R,HOU,CWS,91.80,,,0,0,2023,2023-03
2023-03-31,2023,R,664299,693049,FF,4-Seam Fastball,grounded_into_double_play,hit_into_play,L,R,HOU,CWS,92.90,84.00,-13,0,2,2023,2023-03
2023-03-31,2023,R,664299,693049,FF,4-Seam Fastball,,foul,L,R,HOU,CWS,93.80,60.30,36,0,1,2023,2023-03
2023-03-31,2023,R,664299,693049,FF,4-Seam Fastball,,swinging_strike,L,R,HOU,CWS,93.40,,,0,0,2023,2023-03
2023-03-31,2023,R,666200,500871,FF,4-Seam Fastball,strikeout,swinging_strike,R,L,MIA,NYM,96.30,,,2,2,2023,2023-03
2023-03-31,2023,R,666200,500871,SL,Slider,,ball,R,L,MIA,NYM,85.30,,,1,2,2023,2023-03
2023-03-31,2023,R,666200,500871,FF,4-Seam Fastball,,ball,R,L,MIA,NYM,96.90,,,0,2,2023,2023-03
2023-03-31,2023,R,666200,500871,SL,Slider,,swinging_strike,R,L,MIA,NYM,85.20,,,0,1,2023,2023-03
2023-03-31,2023,R,666200,500871,SL,Slider,,called_strike,R,L,MIA,NYM,85.00,,,0,0,2023,2023-03
2023-03-31,2023,R,666200,500871,FF,4-Seam Fastball,field_out,hit_into_play,R,L,MIA,NYM,96.60,94.00,68,1,0,2023,2023-03
2023-03-31,2023,R,666200,500871,SL,Slider,,ball,R,L,MIA,NYM,84.00,,,0,0,2023,2023-03
2023-03-31,2023,R,666200,502054,CH,Changeup,field_out,hit_into_play,R,L,MIA,NYM,87.50,101.80,34,0,0,2023,2023-03
2023-03-31,2023,R,666200,502054,SI,Sinker,field_out,hit_into_play,R,L,MIA,NYM,96.30,52.20,-69,1,1,2023,2023-03
2023-03-31,2023,R,666200,502054,CH,Changeup,,ball,R,L,MIA,NYM,88.30,,,0,1,2023,2023-03
2023-03-31,2023,R,666200,502054,SI,Sinker,,called_strike,R,L,MIA,NYM,96.10,,,0,0,2023,2023-03
2023-03-31,2023,R,666200,516782,CH,Changeup,single,hit_into_play,R,L,MIA,NYM,87.30,71.40,30,1,0,2023,2023-03
2023-03-31,2023,R,666200,516782,SL,Slider,,ball,R,L,MIA,NYM,84.70,,,0,0,2023,2023-03
2023-03-31,2023,R,666200,516782,SI,Sinker,single,hit_into_play,R,L,MIA,NYM,97.00,81.00,13,1,0,2023,2023-03
2023-03-31,2023,R,666200,516782,CH,Changeup,,ball,R,L,MIA,NYM,89.80,,,0,0,2023,2023-03
2023-03-31,2023,R,666200,516782,FF,4-Seam Fastball,field_out,hit_into_play,R,L,MIA,NYM,98.80,90.40,62,3,2,2023,2023-03
2023-03-31,2023,R,666200,516782,CH,Changeup,,ball,R,L,MIA,NYM,88.50,,,2,2,2023,2023-03
2023-03-31,2023,R,666200,516782,FF,4-Seam Fastball,,ball,R,L,MIA,NYM,98.40,,,1,2,2023,2023-03
2023-03-31,2023,R,666200,516782,CH,Changeup,,ball,R,L,MIA,NYM,88.50,,,0,2,2023,2023-03
2023-03-31,2023,R,666200,516782,CH,Changeup,,swinging_strike,R,L,MIA,NYM,88.90,,,0,1,2023,2023-03
2023-03-31,2023,R,666200,516782,SI,Sinker,,called_strike,R,L,MIA,NYM,96.50,,,0,0,2023,2023-03
2023-03-31,2023,R,666200,592192,CH,Changeup,walk,blocked_ball,R,L,MIA,NYM,90.50,,,3,2,2023,2023-03
2023-03-31,2023,R,666200,592192,SI,Sinker,,foul,R,L,MIA,NYM,98.00,80.00,9,3,2,2023,2023-03
2023-03-31,2023,R,666200,592192,FF,4-Seam Fastball,,ball,R,L,MIA,NYM,97.00,,,2,2,2023,2023-03
2023-03-31,2023,R,666200,592192,SL,Slider,,ball,R,L,MIA,NYM,86.50,,,1,2,2023,2023-03
2023-03-31,2023,R,666200,592192,CH,Changeup,,called_strike,R,L,MIA,NYM,89.30,,,1,1,2023,2023-03
2023-03-31,2023,R,666200,592192,SI,Sinker,,called_strike,R,L,MIA,NYM,95.70,,,1,0,2023,2023-03
2023-03-31,2023,R,666200,592192,SI,Sinker,,ball,R,L,MIA,NYM,95.30,,,0,0,2023,2023-03
2023-03-31,2023,R,666200,592192,SI,Sinker,field_out,hit_into_play,R,L,MIA,NYM,97.40,61.50,76,1,0,2023,2023-03
2023-03-31,2023,R,666200,592192,SL,Slider,,ball,R,L,MIA,NYM,83.30,,,0,0,2023,2023-03
2023-03-31,2023,R,666200,596019,FF,4-Seam Fastball,walk,ball,R,L,MIA,NYM,97.80,,,3,1,2023,2023-03
2023-03-31,2023,R,666200,596019,SL,Slider,,blocked_ball,R,L,MIA,NYM,87.30,,,2,1,2023,2023-03
2023-03-31,2023,R,666200,596019,FF,4-Seam Fastball,,ball,R,L,MIA,NYM,98.10,,,1,1,2023,2023-03
2023-03-31,2023,R,666200,596019,FF,4-Seam Fastball,,ball,R,L,MIA,NYM,97.40,,,0,1,2023,2023-03
2023-03-31,2023,R,666200,596019,SL,Slider,,foul,R,L,MIA,NYM,84.70,70.40,75,0,0,2023,2023-03
2023-03-31,2023,R,666200,596019,SL,Slider,walk,blocked_ball,R,L,MIA,NYM,88.00,,,3,2,2023,2023-03
2023-03-31,2023,R,666200,596019,FF,4-Seam Fastball,,foul,R,L,MIA,NYM,98.80,79.30,16,3,2,2023,2023-03
2023-03-31,2023,R,666200,596019,FF,4-Seam Fastball,,ball,R,L,MIA,NYM,98.30,,,2,2,2023,2023-03
2023-03-31,2023,R,666200,596019,SI,Sinker,,swinging_strike,R,L,MIA,NYM,97.50,,,2,1,2023,2023-03
2023-03-31,2023,R,666200,596019,CH,Changeup,,ball,R,L,MIA,NYM,89.30,,,1,1,2023,2023-03
2023-03-31,2023,R,666200,596019,FF,4-Seam Fastball,,called_strike,R,L,MIA,NYM,96.50,,,1,0,2023,2023-03
2023-03-31,2023,R,666200,596019,SL,Slider,,blocked_ball,R,L,MIA,NYM,85.50,,,0,0,2023,2023-03
2023-03-31,2023,R,666200,596019,FF,4-Seam Fastball,strikeout,swinging_strike,R,L,MIA,NYM,98.40,,,3,2,2023,2023-03
2023-03-31,2023,R,666200,596019,CH,Changeup,,ball,R,L,MIA,NYM,90.10,,,2,2,2023,2023-03
2023-03-31,2023,R,666200,596019,SL,Slider,,ball,R,L,MIA,NYM,86.00,,,1,2,2023,2023-03
2023-03-31,2023,R,666200,596019,FF,4-Seam Fastball,,swinging_strike,R,L,MIA,NYM,97.40,,,1,1,2023,2023-03
2023-03-31,2023,R,666200,596019,FF,4-Seam Fastball,,ball,R,L,MIA,NYM,98.40,,,0,1,2023,2023-03
2023-03-31,2023,R,666200,596019,SL,Slider,,called_strike,R,L,MIA,NYM,87.10,,,0,0,2023,2023-03
2023-03-31,2023,R,666200,607043,FF,4-Seam Fastball,walk,ball,L,L,MIA,NYM,97.80,,,3,2,2023,2023-03
2023-03-31,2023,R,666200,607043,SI,Sinker,,foul,L,L,MIA,NYM,97.30,73.10,38,3,2,2023,2023-03
2023-03-31,2023,R,666200,607043,SL,Slider,,ball,L,L,MIA,NYM,85.20,,,2,2,2023,2023-03
2023-03-31,2023,R,666200,607043,SL,Slider,,ball,L,L,MIA,NYM,86.70,,,1,2,2023,2023-03
2023-03-31,2023,R,666200,607043,SL,Slider,,swinging_strike,L,L,MIA,NYM,85.40,,,1,1,2023,2023-03
2023-03-31,2023,R,666200,607043,SI,Sinker,,ball,L,L,MIA,NYM,95.00,,,0,1,2023,2023-03
2023-03-31,2023,R,666200,607043,SL,Slider,,called_strike,L,L,MIA,NYM,84.50,,,0,0,2023,2023-03
2023-03-31,2023,R,666200,607043,SL,Slider,field_out,hit_into_play,L,L,MIA,NYM,86.60,92.10,2,2,2,2023,2023-03
2023-03-31,2023,R,666200,607043,SI,Sinker,,foul,L,L,MIA,NYM,98.00,72.50,53,2,2,2023,2023-03
2023-03-31,2023,R,666200,607043,SL,Slider,,ball,L,L,MIA,NYM,86.30,,,1,2,2023,2023-03
2023-03-31,2023,R,666200,607043,SI,Sinker,,ball,L,L,MIA,NYM,98.20,,,0,2,2023,2023-03
2023-03-31,2023,R,666200,607043,SL,Slider,,swinging_strike,L,L,MIA,NYM,85.70,,,0,1,2023,2023-03
2023-03-31,2023,R,666200,607043,SI,Sinker,,foul,L,L,MIA,NYM,95.60,74.20,74,0,0,2023,2023-03
2023-03-31,2023,R,666200,607043,SI,Sinker,field_out,hit_into_play,L,L,MIA,NYM,99.30,94.90,-21,3,2,2023,2023-03
2023-03-31,2023,R,666200,607043,SI,Sinker,,ball,L,L,MIA,NYM,98.60,,,2,2,2023,2023-03
2023-03-31,2023,R,666200,607043,SL,Slider,,ball,L,L,MIA,NYM,88.70,,,1,2,2023,2023-03
2023-03-31,2023,R,666200,607043,SI,Sinker,,swinging_strike,L,L,MIA,NYM,98.10,,,1,1,2023,2023-03
2023-03-31,2023,R,666200,607043,FF,4-Seam Fastball,,called_strike,L,L,MIA,NYM,98.30,,,1,0,2023,2023-03
2023-03-31,2023,R,666200,607043,FF,4-Seam Fastball,,ball,L,L,MIA,NYM,97.80,,,0,0,2023,2023-03
2023-03-31,2023,R,666200,621512,FF,4-Seam Fastball,strikeout,called_strike,R,L,MIA,NYM,97.10,,,3,2,2023,2023-03
2023-03-31,2023,R,666200,621512,FF,4-Seam Fastball,,ball,R,L,MIA,NYM,96.90,,,2,2,2023,2023-03
2023-03-31,2023,R,666200,621512,FF,4-Seam Fastball,,foul,R,L,MIA,NYM,96.50,72.60,56,2,2,2023,2023-03
2023-03-31,2023,R,666200,621512,CH,Changeup,,ball,R,L,MIA,NYM,89.60,,,1,2,2023,2023-03
2023-03-31,2023,R,666200,621512,SL,Slider,,foul,R,L,MIA,NYM,86.10,,,1,2,2023,2023-03
2023-03-31,2023,R,666200,621512,FF,4-Seam Fastball,,foul,R,L,MIA,NYM,97.40,74.60,34,1,2,2023,2023-03
2023-03-31,2023,R,666200,621512,SL,Slider,,foul,R,L,MIA,NYM,86.20,,,1,1,2023,2023-03
2023-03-31,2023,R,666200,621512,CH,Changeup,,ball,R,L,MIA,NYM,88.20,,,0,1,2023,2023-03
2023-03-31,2023,R,666200,621512,FF,4-Seam Fastball,,swinging_strike,R,L,MIA,NYM,96.20,,,0,0,2023,2023-03
2023-03-31,2023,R,666200,621512,SL,Slider,strikeout,swinging_strike_blocked,R,L,MIA,NYM,87.70,,,1,2,2023,2023-03
2023-03-31,2023,R,666200,621512,CH,Changeup,,swinging_strike,R,L,MIA,NYM,89.00,,,1,1,2023,2023-03
2023-03-31,2023,R,666200,621512,CH,Changeup,,swinging_strike,R,L,MIA,NYM,89.40,,,1,0,2023,2023-03
2023-03-31,2023,R,666200,621512,CH,Changeup,,ball,R,L,MIA,NYM,87.90,,,0,0,2023,2023-03
2023-03-31,2023,R,666200,624413,CH,Changeup,field_out,hit_into_play,R,L,MIA,NYM,88.30,71.80,-53,1,0,2023,2023-03
2023-03-31,2023,R,666200,624413,FF,4-Seam Fastball,,ball,R,L,MIA,NYM,96.80,,,0,0,2023,2023-03
2023-03-31,2023,R,666200,624413,FF,4-Seam Fastball,field_out,hit_into_play,R,L,MIA,NYM,96.90,99.70,31,0,1,2023,2023-03
2023-03-31,2023,R,666200,624413,SL,Slider,,foul,R,L,MIA,NYM,84.50,81.30,5,0,0,2023,2023-03
2023-03-31,2023,R,666200,643446,SI,Sinker,grounded_into_double_play,hit_into_play,L,L,MIA,NYM,96.40,86.20,-14,1,2,2023,2023-03
2023-03-31,2023,R,666200,643446,SL,Slider,,called_strike,L,L,MIA,NYM,85.30,,,1,1,2023,2023-03
2023-03-31,2023,R,666200,643446,SL,Slider,,swinging_strike,L,L,MIA,NYM,85.30,,,1,0,2023,2023-03
2023-03-31,2023,R,666200,643446,SI,Sinker,,ball,L,L,MIA,NYM,95.70,,,0,0,2023,2023-03
2023-03-31,2023,R,666200,643446,SI,Sinker,strikeout,swinging_strike,L,L,MIA,NYM,98.10,,,0,2,2023,2023-03
2023-03-31,2023,R,666200,643446,SI,Sinker,,called_strike,L,L,MIA,NYM,96.70,,,0,1,2023,2023-03
2023-03-31,2023,R,666200,643446,FF,4-Seam Fastball,,called_strike,L,L,MIA,NYM,98.50,,,0,0,2023,2023-03
2023-03-31,2023,R,669160,572233,SI,Sinker,field_out,hit_into_play,R,R,LAD,AZ,96.10,70.00,-5,1,0,2023,2023-03
2023-03-31,2023,R,669160,572233,SI,Sinker,,ball,R,R,LAD,AZ,94.50,,,0,0,2023,2023-03
2023-03-31,2023,R,669160,572233,SI,Sinker,single,hit_into_play,R,R,LAD,AZ,97.00,102.40,-6,0,1,2023,2023-03
2023-03-31,2023,R,669160,572233,ST,Sweeper,,called_strike,R,R,LAD,AZ,84.50,,,0,0,2023,2023-03
2023-03-31,2023,R,669160,572233,ST,Sweeper,strikeout,swinging_strike,R,R,LAD,AZ,85.20,,,1,2,2023,2023-03
2023-03-31,2023,R,669160,572233,SI,Sinker,,foul,R,R,LAD,AZ,96.60,82.50,-27,1,1,2023,2023-03
2023-03-31,2023,R,669160,572233,ST,Sweeper,,ball,R,R,LAD,AZ,84.80,,,0,1,2023,2023-03
2023-03-31,2023,R,669160,572233,SI,Sinker,,called_strike,R,R,LAD,AZ,95.30,,,0,0,2023,2023-03
2023-03-31,2023,R,669160,606466,FF,4-Seam Fastball,field_out,hit_into_play,L,R,LAD,AZ,98.00,98.00,17,3,2,2023,2023-03
2023-03-31,2023,R,669160,606466,FF,4-Seam Fastball,,foul,L,R,LAD,AZ,98.30,75.80,27,3,2,2023,2023-03
2023-03-31,2023,R,669160,606466,FC,Cutter,,ball,L,R,LAD,AZ,95.50,,,2,2,2023,2023-03
2023-03-31,2023,R,669160,606466,FF,4-Seam Fastball,,foul,L,R,LAD,AZ,96.90,82.80,56,2,1,2023,2023-03
2023-03-31,2023,R,669160,606466,FF,4-Seam Fastball,,foul,L,R,LAD,AZ,96.90,76.30,58,2,0,2023,2023-03
2023-03-31,2023,R,669160,606466,FC,Cutter,,ball,L,R,LAD,AZ,92.50,,,1,0,2023,2023-03
2023-03-31,2023,R,669160,606466,FF,4-Seam Fastball,,ball,L,R,LAD,AZ,97.00,,,0,0,2023,2023-03
2023-03-31,2023,R,669160,606466,FC,Cutter,field_out,hit_into_play,L,R,LAD,AZ,93.70,85.20,-8,0,1,2023,2023-03
2023-03-31,2023,R,669160,606466,FC,Cutter,,foul,L,R,LAD,AZ,92.50,,,0,0,2023,2023-03
2023-03-31,2023,R,669160,606466,ST,Sweeper,field_out,hit_into_play,L,R,LAD,AZ,87.00,95.00,27,1,2,2023,2023-03
2023-03-31,2023,R,669160,606466,FF,4-Seam Fastball,,ball,L,R,LAD,AZ,100.20,,,0,2,2023,2023-03
2023-03-31,2023,R,669160,606466,FF,4-Seam Fastball,,swinging_strike,L,R,LAD,AZ,98.90,,,0,1,2023,2023-03
2023-03-31,2023,R,669160,606466,FF,4-Seam Fastball,,called_strike,L,R,LAD,AZ,99.10,,,0,0,2023,2023-03
2023-03-31,2023,R,669160,664983,FC,Cutter,strikeout,swinging_strike,L,R,LAD,AZ,93.40,,,1,2,2023,2023-03
2023-03-31,2023,R,669160,664983,FF,4-Seam Fastball,,foul,L,R,LAD,AZ,95.00,86.70,73,1,1,2023,2023-03
2023-03-31,2023,R,669160,664983,CH,Changeup,,ball,L,R,LAD,AZ,88.10,,,0,1,2023,2023-03
2023-03-31,2023,R,669160,664983,SI,Sinker,,foul,L,R,LAD,AZ,94.40,76.20,14,0,0,2023,2023-03
2023-03-31,2023,R,669160,664983,FF,4-Seam Fastball,field_out,hit_into_play,L,R,LAD,AZ,95.10,62.50,36,1,0,2023,2023-03
2023-03-31,2023,R,669160,664983,FF,4-Seam Fastball,,ball,L,R,LAD,AZ,94.80,,,0,0,2023,2023-03
2023-03-31,2023,R,669160,664983,FC,Cutter,field_out,hit_into_play,L,R,LAD,AZ,92.60,94.40,31,0,0,2023,2023-03
2023-03-31,2023,R,669160,666971,ST,Sweeper,strikeout,swinging_strike,R,R,LAD,AZ,84.50,,,1,2,2023,2023-03
2023-03-31,2023,R,669160,666971,SI,Sinker,,ball,R,R,LAD,AZ,98.50,,,0,2,2023,2023-03
2023-03-31,2023,R,669160,666971,FC,Cutter,,foul,R,R,LAD,AZ,95.20,73.90,14,0,1,2023,2023-03
2023-03-31,2023,R,669160,666971,ST,Sweeper,,called_strike,R,R,LAD,AZ,85.20,,,0,0,2023,2023-03
2023-03-31,2023,R,669160,666971,SI,Sinker,field_out,hit_into_play,R,R,LAD,AZ,98.80,81.40,1,1,2,2023,2023-03
2023-03-31,2023,R,669160,666971,ST,Sweeper,,ball,R,R,LAD,AZ,83.50,,,0,2,2023,2023-03
2023-03-31,2023,R,669160,666971,ST,Sweeper,,called_strike,R,R,LAD,AZ,83.90,,,0,1,2023,2023-03
2023-03-31,2023,R,669160,666971,SI,Sinker,,called_strike,R,R,LAD,AZ,96.70,,,0,0,2023,2023-03
2023-03-31,2023,R,669160,666971,FF,4-Seam Fastball,field_out,hit_into_play,R,R,LAD,AZ,99.60,99.40,28,2,2,2023,2023-03
2023-03-31,2023,R,669160,666971,SI,Sinker,,swinging_strike,R,R,LAD,AZ,99.40,,,2,1,2023,2023-03
2023-03-31,2023,R,669160,666971,SI,Sinker,,swinging_strike,R,R,LAD,AZ,98.60,,,2,0,2023,2023-03
2023-03-31,2023,R,669160,666971,SI,Sinker,,ball,R,R,LAD,AZ,98.40,,,1,0,2023,2023-03
2023-03-31,2023,R,669160,666971,SI,Sinker,,ball,R,R,LAD,AZ,100.00,,,0,0,2023,2023-03
2023-03-31,2023,R,669160,668942,FC,Cutter,field_out,hit_into_play,L,R,LAD,AZ,93.00,67.20,59,0,0,2023,2023-03
2023-03-31,2023,R,669160,668942,FF,4-Seam Fastball,field_out,hit_into_play,L,R,LAD,AZ,96.60,97.70,20,0,0,2023,2023-03
2023-03-31,2023,R,669160,668942,CH,Changeup,field_out,hit_into_play,L,R,LAD,AZ,92.50,80.60,-6,2,2,2023,2023-03
2023-03-31,2023,R,669160,668942,ST,Sweeper,,ball,L,R,LAD,AZ,86.40,,,1,2,2023,2023-03
2023-03-31,2023,R,669160,668942,FF,4-Seam Fastball,,foul,L,R,LAD,AZ,99.10,78.70,59,1,2,2023,2023-03
2023-03-31,2023,R,669160,668942,CH,Changeup,,ball,L,R,LAD,AZ,90.80,,,0,2,2023,2023-03
2023-03-31,2023,R,669160,668942,FF,4-Seam Fastball,,foul,L,R,LAD,AZ,98.50,,,0,2,2023,2023-03
2023-03-31,2023,R,669160,668942,FF,4-Seam Fastball,,foul,L,R,LAD,AZ,98.70,85.20,73,0,1,2023,2023-03
2023-03-31,2023,R,669160,668942,FF,4-Seam Fastball,,called_strike,L,R,LAD,AZ,98.50,,,0,0,2023,2023-03
2023-03-31,2023,R,669160,672515,SI,Sinker,single,hit_into_play,R,R,LAD,AZ,98.00,71.60,21,0,0,2023,2023-03
2023-03-31,2023,R,669160,672515,ST,Sweeper,field_out,hit_into_play,R,R,LAD,AZ,83.30,91.40,21,1,0,2023,2023-03
2023-03-31,2023,R,669160,672515,ST,Sweeper,,ball,R,R,LAD,AZ,83.70,,,0,0,2023,2023-03
2023-03-31,2023,R,669160,672515,SI,Sinker,field_out,hit_into_play,R,R,LAD,AZ,95.30,102.50,-2,0,1,2023,2023-03
2023-03-31,2023,R,669160,672515,SI,Sinker,,called_strike,R,R,LAD,AZ,96.40,,,0,0,2023,2023-03
2023-03-31,2023,R,669160,672695,FC,Cutter,strikeout,swinging_strike,L,R,LAD,AZ,92.80,,,0,2,2023,2023-03
2023-03-31,2023,R,669160,672695,FF,4-Seam Fastball,,foul,L,R,LAD,AZ,98.20,79.40,57,0,2,2023,2023-03
2023-03-31,2023,R,669160,672695,FF,4-Seam Fastball,,foul,L,R,LAD,AZ,98.10,84.00,53,0,1,2023,2023-03
2023-03-31,2023,R,669160,672695,FF,4-Seam Fastball,,foul,L,R,LAD,AZ,97.30,78.20,56,0,0,2023,2023-03
2023-03-31,2023,R,669160,672695,FF,4-Seam Fastball,walk,ball,L,R,LAD,AZ,97.70,,,3,1,2023,2023-03
2023-03-31,2023,R,669160,672695,FF,4-Seam Fastball,,called_strike,L,R,LAD,AZ,98.10,,,3,0,2023,2023-03
2023-03-31,2023,R,669160,672695,FF,4-Seam Fastball,,ball,L,R,LAD,AZ,97.60,,,2,0,2023,2023-03
2023-03-31,2023,R,669160,672695,FF,4-Seam Fastball,,ball,L,R,LAD,AZ,96.40,,,1,0,2023,2023-03
2023-03-31,2023,R,669160,672695,FF,4-Seam Fastball,,ball,L,R,LAD,AZ,98.30,,,0,0,2023,2023-03
2023-03-31,2023,R,669160,677950,CH,Changeup,field_out,hit_into_play,L,R,LAD,AZ,90.90,101.00,-20,2,2,2023,2023-03
2023-03-31,2023,R,669160,677950,FF,4-Seam Fastball,,foul,L,R,LAD,AZ,97.50,85.90,66,2,2,2023,2023-03
2023-03-31,2023,R,669160,677950,SI,Sinker,,foul,L,R,LAD,AZ,97.10,78.10,62,2,1,2023,2023-03
2023-03-31,2023,R,669160,677950,SI,Sinker,,swinging_strike,L,R,LAD,AZ,96.10,,,2,0,2023,2023-03
2023-03-31,2023,R,669160,677950,FF,4-Seam Fastball,,ball,L,R,LAD,AZ,97.00,,,1,0,2023,2023-03
2023-03-31,2023,R,669160,677950,FF,4-Seam Fastball,,ball,L,R,LAD,AZ,95.70,,,0,0,2023,2023-03
2023-03-31,2023,R,669160,677950,CH,Changeup,field_out,hit_into_play,L,R,LAD,AZ,89.30,104.60,-4,1,2,2023,2023-03
2023-03-31,2023,R,669160,677950,CH,Changeup,,called_strike,L,R,LAD,AZ,89.40,,,1,1,2023,2023-03
2023-03-31,2023,R,669160,677950,FF,4-Seam Fastball,,ball,L,R,LAD,AZ,96.90,,,0,1,2023,2023-03
2023-03-31,2023,R,669160,677950,FF,4-Seam Fastball,,called_strike,L,R,LAD,AZ,96.00,,,0,0,2023,2023-03
2023-03-31,2023,R,669160,682998,FF,4-Seam Fastball,field_out,hit_into_play,L,R,LAD,AZ,97.90,103.90,4,3,0,2023,2023-03
2023-03-31,2023,R,669160,682998,FC,Cutter,,ball,L,R,LAD,AZ,92.90,,,2,0,2023,2023-03
2023-03-31,2023,R,669160,682998,FF,4-Seam Fastball,,ball,L,R,LAD,AZ,97.30,,,1,0,2023,2023-03
2023-03-31,2023,R,669160,682998,CH,Changeup,,ball,L,R,LAD,AZ,89.60,,,0,0,2023,2023-03
2023-03-31,2023,R,669160,682998,FC,Cutter,field_out,hit_into_play,L,R,LAD,AZ,92.90,75.60,-9,0,0,2023,2023-03
2023-03-31,2023,R,669160,682998,FF,4-Seam Fastball,double,hit_into_play,L,R,LAD,AZ,98.90,92.10,-18,3,1,2023,2023-03
2023-03-31,2023,R,669160,682998,FF,4-Seam Fastball,,called_strike,L,R,LAD,AZ,97.70,,,3,0,2023,2023-03
2023-03-31,2023,R,669160,682998,FF,4-Seam Fastball,,ball,L,R,LAD,AZ,97.90,,,2,0,2023,2023-03
2023-03-31,2023,R,669160,682998,FF,4-Seam Fastball,,ball,L,R,LAD,AZ,97.90,,,1,0,2023,2023-03
2023-03-31,2023,R,669160,682998,ST,Sweeper,,ball,L,R,LAD,AZ,84.40,,,0,0,2023,2023-03
2023-03-31,2023,R,669212,553993,CH,Changeup,single,hit_into_play,R,R,SEA,CLE,79.20,94.30,5,1,2,2023,2023-03
2023-03-31,2023,R,669212,553993,FF,4-Seam Fastball,,foul,R,R,SEA,CLE,92.00,70.20,37,1,1,2023,2023-03
2023-03-31,2023,R,669212,553993,SL,Slider,,ball,R,R,SEA,CLE,85.00,,,0,1,2023,2023-03
2023-03-31,2023,R,669212,553993,FF,4-Seam Fastball,,called_strike,R,R,SEA,CLE,91.60,,,0,0,2023,2023-03
2023-03-31,2023,R,669212,641487,CH,Changeup,walk,ball,L,R,SEA,CLE,75.30,,,3,2,2023,2023-03
2023-03-31,2023,R,669212,641487,FF,4-Seam Fastball,,foul,L,R,SEA,CLE,91.30,67.90,44,3,1,2023,2023-03
2023-03-31,2023,R,669212,641487,FF,4-Seam Fastball,,ball,L,R,SEA,CLE,92.20,,,2,1,2023,2023-03
2023-03-31,2023,R,669212,641487,FF,4-Seam Fastball,,called_strike,L,R,SEA,CLE,92.40,,,2,0,2023,2023-03
2023-03-31,2023,R,669212,641487,FF,4-Seam Fastball,,ball,L,R,SEA,CLE,92.60,,,1,0,2023,2023-03
2023-03-31,2023,R,669212,641487,FF,4-Seam Fastball,,ball,L,R,SEA,CLE,93.00,,,0,0,2023,2023-03
2023-03-31,2023,R,669212,669450,CH,Changeup,strikeout,swinging_strike,L,R,SEA,CLE,77.00,,,0,2,2023,2023-03
2023-03-31,2023,R,669212,669450,CH,Changeup,,called_strike,L,R,SEA,CLE,77.00,,,0,1,2023,2023-03
2023-03-31,2023,R,669212,669450,FF,4-Seam Fastball,,foul,L,R,SEA,CLE,93.60,69.40,37,0,0,2023,2023-03
2023-03-31,2023,R,669212,672284,FF,4-Seam Fastball,strikeout,called_strike,L,R,SEA,CLE,92.80,,,3,2,2023,2023-03
2023-03-31,2023,R,669212,672284,CH,Changeup,,blocked_ball,L,R,SEA,CLE,76.00,,,2,2,2023,2023-03
2023-03-31,2023,R,669212,672284,CH,Changeup,,swinging_strike,L,R,SEA,CLE,76.90,,,2,1,2023,2023-03
2023-03-31,2023,R,669212,672284,CH,Changeup,,blocked_ball,L,R,SEA,CLE,78.30,,,1,1,2023,2023-03
2023-03-31,2023,R,669212,672284,FF,4-Seam Fastball,,swinging_strike,L,R,SEA,CLE,92.00,,,1,0,2023,2023-03
2023-03-31,2023,R,669212,672284,FF,4-Seam Fastball,,ball,L,R,SEA,CLE,91.40,,,0,0,2023,2023-03
2023-03-31,2023,R,669212,677594,CH,Changeup,strikeout,swinging_strike,R,R,SEA,CLE,77.90,,,0,2,2023,2023-03
2023-03-31,2023,R,669212,677594,SL,Slider,,foul,R,R,SEA,CLE,84.90,72.60,17,0,1,2023,2023-03
2023-03-31,2023,R,669212,677594,SL,Slider,,foul,R,R,SEA,CLE,84.30,34.70,-50,0,0,2023,2023-03
2023-03-31,2023,R,669424,667452,FF,4-Seam Fastball,field_out,hit_into_play,R,R,HOU,CWS,95.50,87.50,75,1,2,2023,2023-03
2023-03-31,2023,R,669424,667452,SL,Slider,,called_strike,R,R,HOU,CWS,85.10,,,1,1,2023,2023-03
2023-03-31,2023,R,669424,667452,SL,Slider,,ball,R,R,HOU,CWS,84.50,,,0,1,2023,2023-03
2023-03-31,2023,R,669424,667452,FF,4-Seam Fastball,,foul,R,R,HOU,CWS,94.00,101.70,45,0,0,2023,2023-03
2023-03-31,2023,R,680704,543939,FF,4-Seam Fastball,strikeout,swinging_strike,L,R,SEA,CLE,92.40,,,0,2,2023,2023-03
2023-03-31,2023,R,680704,543939,SL,Slider,,foul,L,R,SEA,CLE,78.40,76.20,-4,0,1,2023,2023-03
2023-03-31,2023,R,680704,543939,SI,Sinker,,called_strike,L,R,SEA,CLE,90.40,,,0,0,2023,2023-03
2023-03-31,2023,R,680704,606192,SL,Slider,field_out,hit_into_play,R,R,SEA,CLE,77.20,89.80,-11,1,2,2023,2023-03
2023-03-31,2023,R,680704,606192,SI,Sinker,,called_strike,R,R,SEA,CLE,91.40,,,1,1,2023,2023-03
2023-03-31,2023,R,680704,606192,SL,Slider,,called_strike,R,R,SEA,CLE,77.70,,,1,0,2023,2023-03
2023-03-31,2023,R,680704,606192,SI,Sinker,,ball,R,R,SEA,CLE,91.60,,,0,0,2023,2023-03
2023-03-31,2023,R,680704,663728,FF,4-Seam Fastball,field_out,hit_into_play,L,R,SEA,CLE,90.40,103.30,-11,3,1,2023,2023-03
2023-03-31,2023,R,680704,663728,FF,4-Seam Fastball,,ball,L,R,SEA,CLE,91.70,,,2,1,2023,2023-03
2023-03-31,2023,R,680704,663728,SL,Slider,,ball,L,R,SEA,CLE,78.40,,,1,1,2023,2023-03
2023-03-31,2023,R,680704,663728,SL,Slider,,ball,L,R,SEA,CLE,76.80,,,0,1,2023,2023-03
2023-03-31,2023,R,680704,663728,FS,Split-Finger,,foul,L,R,SEA,CLE,85.30,83.50,62,0,0,2023,2023-03
2023-03-31,2023,R,680704,664034,SL,Slider,field_out,hit_into_play,R,R,SEA,CLE,77.20,79.10,-8,0,2,2023,2023-03
2023-03-31,2023,R,680704,664034,SL,Slider,,foul,R,R,SEA,CLE,76.70,68.80,-9,0,1,2023,2023-03
2023-03-31,2023,R,680704,664034,SI,Sinker,,called_strike,R,R,SEA,CLE,91.50,,,0,0,2023,2023-03
2023-03-31,2023,R,680704,677594,SL,Slider,double,hit_into_play,R,R,SEA,CLE,78.30,108.30,17,2,0,2023,2023-03
2023-03-31,2023,R,680704,677594,FF,4-Seam Fastball,,ball,R,R,SEA,CLE,91.90,,,1,0,2023,2023-03
2023-03-31,2023,R,680704,677594,SL,Slider,,ball,R,R,SEA,CLE,78.00,,,0,0,2023,2023-03
2023-03-31,2023,R,681911,446334,FF,4-Seam Fastball,double,hit_into_play,R,L,LAD,AZ,94.00,105.50,14,3,2,2023,2023-03
2023-03-31,2023,R,681911,446334,FF,4-Seam Fastball,,ball,R,L,LAD,AZ,93.20,,,2,2,2023,2023-03
2023-03-31,2023,R,681911,446334,CH,Changeup,,ball,R,L,LAD,AZ,85.90,,,1,2,2023,2023-03
2023-03-31,2023,R,681911,446334,FF,4-Seam Fastball,,foul,R,L,LAD,AZ,93.50,105.40,13,1,1,2023,2023-03
2023-03-31,2023,R,681911,446334,FF,4-Seam Fastball,,foul,R,L,LAD,AZ,95.30,72.10,53,1,0,2023,2023-03
2023-03-31,2023,R,681911,446334,CH,Changeup,,ball,R,L,LAD,AZ,85.20,,,0,0,2023,2023-03
2023-03-31,2023,R,681911,605113,CH,Changeup,field_out,hit_into_play,R,L,LAD,AZ,84.90,82.50,-32,2,2,2023,2023-03
2023-03-31,2023,R,681911,605113,FF,4-Seam Fastball,,foul,R,L,LAD,AZ,94.30,59.10,48,2,2,2023,2023-03
2023-03-31,2023,R,681911,605113,FF,4-Seam Fastball,,foul,R,L,LAD,AZ,93.20,,,2,2,2023,2023-03
2023-03-31,2023,R,681911,605113,CH,Changeup,,ball,R,L,LAD,AZ,85.60,,,1,2,2023,2023-03
2023-03-31,2023,R,681911,605113,FF,4-Seam Fastball,,called_strike,R,L,LAD,AZ,94.00,,,1,1,2023,2023-03
2023-03-31,2023,R,681911,605113,CH,Changeup,,called_strike,R,L,LAD,AZ,84.30,,,1,0,2023,2023-03
2023-03-31,2023,R,681911,605113,FF,4-Seam Fastball,,ball,R,L,LAD,AZ,92.50,,,0,0,2023,2023-03
2023-03-31,2023,R,681911,606466,FF,4-Seam Fastball,field_out,hit_into_play,R,L,LAD,AZ,94.10,89.90,37,0,0,2023,2023-03
2023-03-31,2023,R,681911,641786,SL,Slider,home_run,hit_into_play,R,L,LAD,AZ,85.90,99.00,28,2,1,2023,2023-03
2023-03-31,2023,R,681911,641786,FF,4-Seam Fastball,,ball,R,L,LAD,AZ,93.30,,,1,1,2023,2023-03
2023-03-31,2023,R,681911,641786,SL,Slider,,foul,R,L,LAD,AZ,85.50,76.10,-29,1,0,2023,2023-03
2023-03-31,2023,R,681911,641786,SL,Slider,,ball,R,L,LAD,AZ,86.60,,,0,0,2023,2023-03
2023-03-31,2023,R,681911,666971,FF,4-Seam Fastball,single,hit_into_play,R,L,LAD,AZ,93.80,96.20,6,1,2,2023,2023-03
2023-03-31,2023,R,681911,666971,CH,Changeup,,swinging_strike,R,L,LAD,AZ,84.80,,,1,1,2023,2023-03
2023-03-31,2023,R,681911,666971,CH,Changeup,,ball,R,L,LAD,AZ,85.50,,,0,1,2023,2023-03
2023-03-31,2023,R,681911,666971,FF,4-Seam Fastball,,called_strike,R,L,LAD,AZ,94.00,,,0,0,2023,2023-03
2023-03-31,2023,R,682171,608070,ST,Sweeper,field_out,hit_into_play,L,R,SEA,CLE,78.00,49.00,84,0,2,2023,2023-03
2023-03-31,2023,R,682171,608070,FF,4-Seam Fastball,,foul,L,R,SEA,CLE,87.80,67.90,24,0,2,2023,2023-03
2023-03-31,2023,R,682171,608070,FF,4-Seam Fastball,,foul,L,R,SEA,CLE,86.30,70.90,22,0,1,2023,2023-03
2023-03-31,2023,R,682171,608070,ST,Sweeper,,foul,L,R,SEA,CLE,78.80,99.70,10,0,0,2023,2023-03
2023-03-31,2023,R,682171,642708,SI,Sinker,single,hit_into_play,R,R,SEA,CLE,87.20,106.70,-5,2,1,2023,2023-03
2023-03-31,2023,R,682171,642708,ST,Sweeper,,ball,R,R,SEA,CLE,79.50,,,1,1,2023,2023-03
2023-03-31,2023,R,682171,642708,FF,4-Seam Fastball,,called_strike,R,R,SEA,CLE,87.80,,,1,0,2023,2023-03
2023-03-31,2023,R,682171,642708,,,,automatic_ball,R,R,SEA,CLE,,,,0,0,2023,2023-03
2023-03-31,2023,R,683769,543939,CH,Changeup,walk,ball,L,R,SEA,CLE,82.20,,,3,2,2023,2023-03
2023-03-31,2023,R,683769,543939,SL,Slider,,foul,L,R,SEA,CLE,87.60,101.90,12,3,2,2023,2023-03
2023-03-31,2023,R,683769,543939,FF,4-Seam Fastball,,called_strike,L,R,SEA,CLE,93.50,,,3,1,2023,2023-03
2023-03-31,2023,R,683769,543939,SL,Slider,,ball,L,R,SEA,CLE,86.00,,,2,1,2023,2023-03
2023-03-31,2023,R,683769,543939,CH,Changeup,,ball,L,R,SEA,CLE,82.90,,,1,1,2023,2023-03
2023-03-31,2023,R,683769,543939,FF,4-Seam Fastball,,called_strike,L,R,SEA,CLE,93.10,,,1,0,2023,2023-03
2023-03-31,2023,R,683769,543939,FF,4-Seam Fastball,,ball,L,R,SEA,CLE,93.60,,,0,0,2023,2023-03
2023-03-31,2023,R,683769,543939,SL,Slider,single,hit_into_play,L,R,SEA,CLE,85.30,89.20,13,0,1,2023,2023-03
2023-03-31,2023,R,683769,543939,FF,4-Seam Fastball,,foul,L,R,SEA,CLE,93.40,84.00,-26,0,0,2023,2023-03
2023-03-31,2023,R,683769,553993,SL,Slider,field_out,hit_into_play,R,R,SEA,CLE,85.30,93.40,24,0,0,2023,2023-03
2023-03-31,2023,R,683769,553993,SL,Slider,field_out,hit_into_play,R,R,SEA,CLE,86.60,82.00,40,1,1,2023,2023-03
2023-03-31,2023,R,683769,553993,SL,Slider,,ball,R,R,SEA,CLE,87.00,,,0,1,2023,2023-03
2023-03-31,2023,R,683769,553993,FF,4-Seam Fastball,,called_strike,R,R,SEA,CLE,93.10,,,0,0,2023,2023-03
2023-03-31,2023,R,683769,606192,SL,Slider,strikeout,swinging_strike,R,R,SEA,CLE,86.30,,,2,2,2023,2023-03
2023-03-31,2023,R,683769,606192,SL,Slider,,foul,R,R,SEA,CLE,85.10,,,2,2,2023,2023-03
2023-03-31,2023,R,683769,606192,CH,Changeup,,foul,R,R,SEA,CLE,79.00,61.00,23,2,2,2023,2023-03
2023-03-31,2023,R,683769,606192,FF,4-Seam Fastball,,foul,R,R,SEA,CLE,94.70,77.10,21,2,2,2023,2023-03
2023-03-31,2023,R,683769,606192,SL,Slider,,foul,R,R,SEA,CLE,86.90,79.00,18,2,2,2023,2023-03
2023-03-31,2023,R,683769,606192,CU,Curveball,,ball,R,R,SEA,CLE,78.90,,,1,2,2023,2023-03
2023-03-31,2023,R,683769,606192,FF,4-Seam Fastball,,foul,R,R,SEA,CLE,93.50,79.50,14,1,2,2023,2023-03
2023-03-31,2023,R,683769,606192,FF,4-Seam Fastball,,foul,R,R,SEA,CLE,93.20,97.90,14,1,2,2023,2023-03
2023-03-31,2023,R,683769,606192,CH,Changeup,,foul,R,R,SEA,CLE,81.20,67.00,39,1,2,2023,2023-03
2023-03-31,2023,R,683769,606192,SL,Slider,,ball,R,R,SEA,CLE,85.00,,,0,2,2023,2023-03
2023-03-31,2023,R,683769,606192,SL,Slider,,foul,R,R,SEA,CLE,84.90,34.20,-68,0,1,2023,2023-03
2023-03-31,2023,R,683769,606192,SL,Slider,,foul,R,R,SEA,CLE,84.90,56.10,-57,0,0,2023,2023-03
2023-03-31,2023,R,683769,606192,SL,Slider,strikeout,swinging_strike,R,R,SEA,CLE,86.60,,,2,2,2023,2023-03
2023-03-31,2023,R,683769,606192,CH,Changeup,,ball,R,R,SEA,CLE,79.90,,,1,2,2023,2023-03
2023-03-31,2023,R,683769,606192,SL,Slider,,ball,R,R,SEA,CLE,86.60,,,0,2,2023,2023-03
2023-03-31,2023,R,683769,606192,FF,4-Seam Fastball,,foul,R,R,SEA,CLE,95.50,82.40,34,0,1,2023,2023-03
2023-03-31,2023,R,683769,606192,SL,Slider,,called_strike,R,R,SEA,CLE,86.90,,,0,0,2023,2023-03
2023-03-31,2023,R,683769,641487,SL,Slider,field_out,hit_into_play,L,R,SEA,CLE,84.30,81.20,46,2,1,2023,2023-03
2023-03-31,2023,R,683769,641487,CH,Changeup,,ball,L,R,SEA,CLE,79.70,,,1,1,2023,2023-03
2023-03-31,2023,R,683769,641487,FF,4-Seam Fastball,,ball,L,R,SEA,CLE,92.10,,,0,1,2023,2023-03
2023-03-31,2023,R,683769,641487,FF,4-Seam Fastball,,foul,L,R,SEA,CLE,90.40,68.90,45,0,0,2023,2023-03
2023-03-31,2023,R,683769,641487,CH,Changeup,strikeout,called_strike,L,R,SEA,CLE,84.10,,,0,2,2023,2023-03
2023-03-31,2023,R,683769,641487,FF,4-Seam Fastball,,foul,L,R,SEA,CLE,93.90,63.30,22,0,1,2023,2023-03
2023-03-31,2023,R,683769,641487,FF,4-Seam Fastball,,foul,L,R,SEA,CLE,94.00,67.70,22,0,0,2023,2023-03
2023-03-31,2023,R,683769,663728,FF,4-Seam Fastball,double,hit_into_play,L,R,SEA,CLE,93.70,111.70,13,1,0,2023,2023-03
2023-03-31,2023,R,683769,663728,CH,Changeup,,ball,L,R,SEA,CLE,83.00,,,0,0,2023,2023-03
2023-03-31,2023,R,683769,663728,FF,4-Seam Fastball,field_out,hit_into_play,L,R,SEA,CLE,95.20,59.00,63,2,2,2023,2023-03
2023-03-31,2023,R,683769,663728,CH,Changeup,,swinging_strike,L,R,SEA,CLE,83.80,,,2,1,2023,2023-03
2023-03-31,2023,R,683769,663728,FF,4-Seam Fastball,,called_strike,L,R,SEA,CLE,94.90,,,2,0,2023,2023-03
2023-03-31,2023,R,683769,663728,SL,Slider,,ball,L,R,SEA,CLE,85.60,,,1,0,2023,2023-03
2023-03-31,2023,R,683769,663728,FF,4-Seam Fastball,,ball,L,R,SEA,CLE,94.80,,,0,0,2023,2023-03
2023-03-31,2023,R,683769,664034,SL,Slider,single,hit_into_play,R,R,SEA,CLE,85.40,101.30,2,1,1,2023,2023-03
2023-03-31,2023,R,683769,664034,FF,4-Seam Fastball,,ball,R,R,SEA,CLE,93.60,,,0,1,2023,2023-03
2023-03-31,2023,R,683769,664034,SL,Slider,,called_strike,R,R,SEA,CLE,85.50,,,0,0,2023,2023-03
2023-03-31,2023,R,683769,664034,SL,Slider,field_out,hit_into_play,R,R,SEA,CLE,87.10,80.30,32,1,0,2023,2023-03
2023-03-31,2023,R,683769,664034,,,,automatic_ball,R,R,SEA,CLE,,,,0,0,2023,2023-03
2023-03-31,2023,R,683769,669450,FF,4-Seam Fastball,hit_by_pitch,hit_by_pitch,L,R,SEA,CLE,92.40,,,0,2,2023,2023-03
2023-03-31,2023,R,683769,669450,CH,Changeup,,foul,L,R,SEA,CLE,80.30,73.30,65,0,1,2023,2023-03
2023-03-31,2023,R,683769,669450,FF,4-Seam Fastball,,foul_tip,L,R,SEA,CLE,91.80,,,0,0,2023,2023-03
2023-03-31,2023,R,683769,669450,CH,Changeup,field_out,hit_into_play,L,R,SEA,CLE,82.90,83.00,0,1,1,2023,2023-03
2023-03-31,2023,R,683769,669450,SL,Slider,,foul,L,R,SEA,CLE,85.50,72.90,12,1,0,2023,2023-03
2023-03-31,2023,R,683769,669450,CU,Curveball,,blocked_ball,L,R,SEA,CLE,79.60,,,0,0,2023,2023-03
2023-03-31,2023,R,683769,672284,FF,4-Seam Fastball,strikeout,swinging_strike,L,R,SEA,CLE,91.40,,,1,2,2023,2023-03
2023-03-31,2023,R,683769,672284,CU,Curveball,,ball,L,R,SEA,CLE,77.60,,,0,2,2023,2023-03
2023-03-31,2023,R,683769,672284,CH,Changeup,,foul,L,R,SEA,CLE,81.80,89.60,41,0,2,2023,2023-03
2023-03-31,2023,R,683769,672284,CH,Changeup,,called_strike,L,R,SEA,CLE,80.50,,,0,1,2023,2023-03
2023-03-31,2023,R,683769,672284,SL,Slider,,called_strike,L,R,SEA,CLE,84.40,,,0,0,2023,2023-03
2023-03-31,2023,R,683769,672284,FF,4-Seam Fastball,double,hit_into_play,L,R,SEA,CLE,94.40,102.90,17,2,2,2023,2023-03
2023-03-31,2023,R,683769,672284,CH,Changeup,,ball,L,R,SEA,CLE,84.80,,,1,2,2023,2023-03
2023-03-31,2023,R,683769,672284,CH,Changeup,,foul,L,R,SEA,CLE,83.40,58.50,-39,1,1,2023,2023-03
2023-03-31,2023,R,683769,672284,CH,Changeup,,called_strike,L,R,SEA,CLE,81.90,,,1,0,2023,2023-03
2023-03-31,2023,R,683769,672284,SL,Slider,,ball,L,R,SEA,CLE,85.80,,,0,0,2023,2023-03
2023-03-31,2023,R,683769,677594,SL,Slider,field_out,hit_into_play,R,R,SEA,CLE,86.20,75.20,-33,0,1,2023,2023-03
2023-03-31,2023,R,683769,677594,SL,Slider,,foul,R,R,SEA,CLE,85.90,69.60,66,0,0,2023,2023-03
2023-03-31,2023,R,683769,677594,FF,4-Seam Fastball,double,hit_into_play,R,R,SEA,CLE,94.50,101.70,21,1,2,2023,2023-03
2023-03-31,2023,R,683769,677594,SL,Slider,,foul,R,R,SEA,CLE,87.70,71.00,26,1,1,2023,2023-03
2023-03-31,2023,R,683769,677594,FF,4-Seam Fastball,,ball,R,R,SEA,CLE,94.90,,,0,1,2023,2023-03
2023-03-31,2023,R,683769,677594,FF,4-Seam Fastball,,called_strike,R,R,SEA,CLE,94.10,,,0,0,2023,2023-03
2023-03-31,2023,R,686753,444482,FF,4-Seam Fastball,field_out,hit_into_play,L,R,LAD,AZ,97.30,86.70,3,0,0,2023,2023-03
2023-03-31,2023,R,686753,444482,SI,Sinker,field_out,hit_into_play,L,R,LAD,AZ,94.00,95.90,30,1,0,2023,2023-03
2023-03-31,2023,R,686753,444482,SI,Sinker,,ball,L,R,LAD,AZ,95.00,,,0,0,2023,2023-03
2023-03-31,2023,R,686753,500743,SL,Slider,strikeout,swinging_strike_blocked,R,R,LAD,AZ,84.40,,,2,2,2023,2023-03
2023-03-31,2023,R,686753,500743,SL,Slider,,ball,R,R,LAD,AZ,86.30,,,1,2,2023,2023-03
2023-03-31,2023,R,686753,500743,SI,Sinker,,swinging_strike,R,R,LAD,AZ,94.00,,,1,1,2023,2023-03
2023-03-31,2023,R,686753,500743,FF,4-Seam Fastball,,foul,R,R,LAD,AZ,95.80,75.30,55,1,0,2023,2023-03
2023-03-31,2023,R,686753,500743,SL,Slider,,ball,R,R,LAD,AZ,83.70,,,0,0,2023,2023-03
2023-03-31,2023,R,686753,500743,SL,Slider,field_out,hit_into_play,R,R,LAD,AZ,84.80,95.20,30,2,2,2023,2023-03
2023-03-31,2023,R,686753,500743,SL,Slider,,ball,R,R,LAD,AZ,85.60,,,1,2,2023,2023-03
2023-03-31,2023,R,686753,500743,SL,Slider,,swinging_strike,R,R,LAD,AZ,83.90,,,1,1,2023,2023-03
2023-03-31,2023,R,686753,500743,SL,Slider,,foul,R,R,LAD,AZ,83.20,61.40,31,1,0,2023,2023-03
2023-03-31,2023,R,686753,500743,SL,Slider,,ball,R,R,LAD,AZ,84.50,,,0,0,2023,2023-03
2023-03-31,2023,R,686753,502110,FF,4-Seam Fastball,strikeout,swinging_strike,R,R,LAD,AZ,97.20,,,2,2,2023,2023-03
2023-03-31,2023,R,686753,502110,SL,Slider,,swinging_strike,R,R,LAD,AZ,82.60,,,2,1,2023,2023-03
2023-03-31,2023,R,686753,502110,FF,4-Seam Fastball,,swinging_strike,R,R,LAD,AZ,95.20,,,2,0,2023,2023-03
2023-03-31,2023,R,686753,502110,FF,4-Seam Fastball,,ball,R,R,LAD,AZ,96.60,,,1,0,2023,2023-03
2023-03-31,2023,R,686753,502110,SL,Slider,,ball,R,R,LAD,AZ,84.30,,,0,0,2023,2023-03
2023-03-31,2023,R,686753,502110,SL,Slider,strikeout,swinging_strike,R,R,LAD,AZ,84.40,,,1,2,2023,2023-03
2023-03-31,2023,R,686753,502110,FF,4-Seam Fastball,,swinging_strike,R,R,LAD,AZ,97.30,,,1,1,2023,2023-03
2023-03-31,2023,R,686753,502110,SL,Slider,,ball,R,R,LAD,AZ,85.40,,,0,1,2023,2023-03
2023-03-31,2023,R,686753,502110,FF,4-Seam Fastball,,foul,R,R,LAD,AZ,97.00,,,0,0,2023,2023-03
2023-03-31,2023,R,686753,518692,SI,Sinker,field_out,hit_into_play,L,R,LAD,AZ,94.00,92.20,-2,1,1,2023,2023-03
2023-03-31,2023,R,686753,518692,FF,4-Seam Fastball,,ball,L,R,LAD,AZ,97.20,,,0,1,2023,2023-03
2023-03-31,2023,R,686753,518692,SI,Sinker,,called_strike,L,R,LAD,AZ,96.20,,,0,0,2023,2023-03
2023-03-31,2023,R,686753,518692,SI,Sinker,field_out,hit_into_play,L,R,LAD,AZ,96.50,106.70,-19,1,1,2023,2023-03
2023-03-31,2023,R,686753,518692,SI,Sinker,,called_strike,L,R,LAD,AZ,96.00,,,1,0,2023,2023-03
2023-03-31,2023,R,686753,518692,FF,4-Seam Fastball,,ball,L,R,LAD,AZ,98.70,,,0,0,2023,2023-03
2023-03-31,2023,R,686753,571970,SI,Sinker,field_out,hit_into_play,L,R,LAD,AZ,93.80,102.60,23,0,1,2023,2023-03
2023-03-31,2023,R,686753,571970,SL,Slider,,called_strike,L,R,LAD,AZ,82.60,,,0,0,2023,2023-03
2023-03-31,2023,R,686753,571970,SL,Slider,field_out,hit_into_play,L,R,LAD,AZ,83.50,102.30,44,0,1,2023,2023-03
2023-03-31,2023,R,686753,571970,SI,Sinker,,called_strike,L,R,LAD,AZ,95.50,,,0,0,2023,2023-03
2023-03-31,2023,R,686753,605141,SL,Slider,home_run,hit_into_play,R,R,LAD,AZ,85.60,101.60,30,0,2,2023,2023-03
2023-03-31,2023,R,686753,605141,SL,Slider,,swinging_strike,R,R,LAD,AZ,84.90,,,0,1,2023,2023-03
2023-03-31,2023,R,686753,605141,FF,4-Seam Fastball,,called_strike,R,R,LAD,AZ,98.00,,,0,0,2023,2023-03
2023-03-31,2023,R,686753,605141,SL,Slider,strikeout,swinging_strike_blocked,R,R,LAD,AZ,85.90,,,1,2,2023,2023-03
2023-03-31,2023,R,686753,605141,SL,Slider,,called_strike,R,R,LAD,AZ,85.20,,,1,1,2023,2023-03
2023-03-31,2023,R,686753,605141,SL,Slider,,swinging_strike,R,R,LAD,AZ,84.80,,,1,0,2023,2023-03
2023-03-31,2023,R,686753,605141,SI,Sinker,,ball,R,R,LAD,AZ,95.30,,,0,0,2023,2023-03
2023-03-31,2023,R,686753,669257,SI,Sinker,single,hit_into_play,R,R,LAD,AZ,93.30,99.80,11,2,1,2023,2023-03
2023-03-31,2023,R,686753,669257,SL,Slider,,called_strike,R,R,LAD,AZ,83.20,,,2,0,2023,2023-03
2023-03-31,2023,R,686753,669257,SI,Sinker,,ball,R,R,LAD,AZ,92.40,,,1,0,2023,2023-03
2023-03-31,2023,R,686753,669257,FF,4-Seam Fastball,,ball,R,R,LAD,AZ,96.40,,,0,0,2023,2023-03
2023-03-31,2023,R,686753,669257,SL,Slider,walk,ball,R,R,LAD,AZ,85.30,,,3,2,2023,2023-03
2023-03-31,2023,R,686753,669257,FF,4-Seam Fastball,,foul_tip,R,R,LAD,AZ,97.80,,,3,1,2023,2023-03
2023-03-31,2023,R,686753,669257,FF,4-Seam Fastball,,foul,R,R,LAD,AZ,96.10,80.50,59,3,0,2023,2023-03
2023-03-31,2023,R,686753,669257,SI,Sinker,,ball,R,R,LAD,AZ,95.50,,,2,0,2023,2023-03
2023-03-31,2023,R,686753,669257,SL,Slider,,ball,R,R,LAD,AZ,83.70,,,1,0,2023,2023-03
2023-03-31,2023,R,686753,669257,SL,Slider,,ball,R,R,LAD,AZ,85.90,,,0,0,2023,2023-03
2023-03-31,2023,R,686753,678246,CU,Curveball,walk,ball,R,R,LAD,AZ,81.80,,,3,2,2023,2023-03
2023-03-31,2023,R,686753,678246,SL,Slider,,ball,R,R,LAD,AZ,86.20,,,2,2,2023,2023-03
2023-03-31,2023,R,686753,678246,SL,Slider,,called_strike,R,R,LAD,AZ,83.80,,,2,1,2023,2023-03
2023-03-31,2023,R,686753,678246,SL,Slider,,called_strike,R,R,LAD,AZ,83.20,,,2,0,2023,2023-03
2023-03-31,2023,R,686753,678246,SI,Sinker,,ball,R,R,LAD,AZ,93.80,,,1,0,2023,2023-03
2023-03-31,2023,R,686753,678246,FF,4-Seam Fastball,,ball,R,R,LAD,AZ,96.70,,,0,0,2023,2023-03
2023-03-31,2023,R,686753,678246,FF,4-Seam Fastball,walk,ball,R,R,LAD,AZ,97.80,,,3,1,2023,2023-03
2023-03-31,2023,R,686753,678246,CU,Curveball,,ball,R,R,LAD,AZ,81.50,,,2,1,2023,2023-03
2023-03-31,2023,R,686753,678246,SI,Sinker,,ball,R,R,LAD,AZ,94.70,,,1,1,2023,2023-03
2023-03-31,2023,R,686753,678246,SL,Slider,,ball,R,R,LAD,AZ,84.30,,,0,1,2023,2023-03
2023-03-31,2023,R,686753,678246,SL,Slider,,called_strike,R,R,LAD,AZ,85.00,,,0,0,2023,2023-03
2023-03-31,2023,R,686753,681546,SL,Slider,strikeout,swinging_strike_blocked,L,R,LAD,AZ,83.80,,,3,2,2023,2023-03
2023-03-31,2023,R,686753,681546,SL,Slider,,called_strike,L,R,LAD,AZ,82.70,,,3,1,2023,2023-03
2023-03-31,2023,R,686753,681546,SI,Sinker,,ball,L,R,LAD,AZ,95.40,,,2,1,2023,2023-03
2023-03-31,2023,R,686753,681546,SL,Slider,,blocked_ball,L,R,LAD,AZ,83.20,,,1,1,2023,2023-03
2023-03-31,2023,R,686753,681546,SI,Sinker,,foul,L,R,LAD,AZ,94.10,78.20,19,1,0,2023,2023-03
2023-03-31,2023,R,686753,681546,SL,Slider,,ball,L,R,LAD,AZ,82.40,,,0,0,2023,2023-03
