game_date,game_year,game_type,pitcher,batter,pitch_type,pitch_name,events,description,stand,p_throws,home_team,away_team,release_speed,launch_speed,launch_angle,hc_x,hc_y,bb_type,balls,strikes,season,month
2024-07-29,2024,R,694973,676694,SL,Slider,,ball,R,R,HOU,PIT,86.00,,,,,,1,0,2024,2024-07
2024-07-29,2024,R,694973,676694,FF,4-Seam Fastball,,ball,R,R,HOU,PIT,98.10,,,,,,0,0,2024,2024-07
2024-07-29,2024,R,700249,543807,FF,4-Seam Fastball,walk,ball,R,L,BAL,TOR,90.70,,,,,,3,2,2024,2024-07
2024-07-29,2024,R,700249,543807,FC,Cutter,,foul,R,L,BAL,TOR,87.10,72.80,9,,,,3,1,2024,2024-07
2024-07-29,2024,R,700249,543807,SI,Sinker,,called_strike,R,L,BAL,TOR,89.90,,,,,,3,0,2024,2024-07
2024-07-29,2024,R,700249,543807,CU,Curveball,,ball,R,L,BAL,TOR,74.00,,,,,,2,0,2024,2024-07
2024-07-29,2024,R,700249,543807,FF,4-Seam Fastball,,ball,R,L,BAL,TOR,90.40,,,,,,1,0,2024,2024-07
2024-07-29,2024,R,700249,543807,CU,Curveball,,ball,R,L,BAL,TOR,74.00,,,,,,0,0,2024,2024-07
2024-07-29,2024,R,700249,543807,FC,Cutter,walk,ball,R,L,BAL,TOR,89.00,,,,,,3,2,2024,2024-07
2024-07-29,2024,R,700249,543807,FC,Cutter,,foul,R,L,BAL,TOR,89.60,51.00,53,,,,3,2,2024,2024-07
2024-07-29,2024,R,700249,543807,FF,4-Seam Fastball,,foul,R,L,BAL,TOR,92.60,72.10,68,,,,3,2,2024,2024-07
2024-07-29,2024,R,700249,543807,FF,4-Seam Fastball,,foul,R,L,BAL,TOR,92.60,71.50,51,,,,3,1,2024,2024-07
2024-07-29,2024,R,700249,543807,CU,Curveball,,blocked_ball,R,L,BAL,TOR,77.50,,,,,,2,1,2024,2024-07
2024-07-29,2024,R,700249,543807,FC,Cutter,,blocked_ball,R,L,BAL,TOR,89.30,,,,,,1,1,2024,2024-07
2024-07-29,2024,R,700249,543807,FC,Cutter,,ball,R,L,BAL,TOR,89.00,,,,,,0,1,2024,2024-07
2024-07-29,2024,R,700249,543807,FF,4-Seam Fastball,,called_strike,R,L,BAL,TOR,92.40,,,,,,0,0,2024,2024-07
2024-07-29,2024,R,700249,543807,FF,4-Seam Fastball,field_out,hit_into_play,R,L,BAL,TOR,93.50,103.10,54,125.70,94.06,fly_ball,0,0,2024,2024-07
2024-07-29,2024,R,700249,595281,SI,Sinker,single,hit_into_play,L,L,BAL,TOR,90.90,102.10,0,84.51,112.20,ground_ball,1,1,2024,2024-07
2024-07-29,2024,R,700249,595281,FC,Cutter,,swinging_strike,L,L,BAL,TOR,86.90,,,,,,1,0,2024,2024-07
2024-07-29,2024,R,700249,595281,SI,Sinker,,ball,L,L,BAL,TOR,89.80,,,,,,0,0,2024,2024-07
2024-07-29,2024,R,700249,595281,SI,Sinker,force_out,hit_into_play,L,L,BAL,TOR,91.80,94.50,-22,123.86,143.07,ground_ball,2,2,2024,2024-07
2024-07-29,2024,R,700249,595281,FF,4-Seam Fastball,,foul,L,L,BAL,TOR,91.70,73.60,25,,,,2,2,2024,2024-07
2024-07-29,2024,R,700249,595281,FF,4-Seam Fastball,,ball,L,L,BAL,TOR,92.20,,,,,,1,2,2024,2024-07
2024-07-29,2024,R,700249,595281,FC,Cutter,,swinging_strike,L,L,BAL,TOR,87.20,,,,,,1,1,2024,2024-07
2024-07-29,2024,R,700249,595281,SI,Sinker,,ball,L,L,BAL,TOR,90.60,,,,,,0,1,2024,2024-07
2024-07-29,2024,R,700249,595281,FF,4-Seam Fastball,,swinging_strike,L,L,BAL,TOR,91.30,,,,,,0,0,2024,2024-07
2024-07-29,2024,R,700249,595281,SL,Slider,double,hit_into_play,L,L,BAL,TOR,85.00,87.70,20,199.30,113.23,line_drive,0,1,2024,2024-07
2024-07-29,2024,R,700249,595281,SL,Slider,,called_strike,L,L,BAL,TOR,82.70,,,,,,0,0,2024,2024-07
2024-07-29,2024,R,700249,661531,FF,4-Seam Fastball,field_out,hit_into_play,R,L,BAL,TOR,90.40,90.10,85,124.46,220.56,popup,0,0,2024,2024-07
2024-07-29,2024,R,700249,661531,FF,4-Seam Fastball,walk,ball,R,L,BAL,TOR,92.40,,,,,,3,2,2024,2024-07
2024-07-29,2024,R,700249,661531,CU,Curveball,,ball,R,L,BAL,TOR,79.00,,,,,,2,2,2024,2024-07
2024-07-29,2024,R,700249,661531,CU,Curveball,,called_strike,R,L,BAL,TOR,74.70,,,,,,2,1,2024,2024-07
2024-07-29,2024,R,700249,661531,CU,Curveball,,ball,R,L,BAL,TOR,75.70,,,,,,1,1,2024,2024-07
2024-07-29,2024,R,700249,661531,SI,Sinker,,foul,R,L,BAL,TOR,91.80,79.90,7,,,,1,0,2024,2024-07
2024-07-29,2024,R,700249,661531,CH,Changeup,,ball,R,L,BAL,TOR,87.00,,,,,,0,0,2024,2024-07
2024-07-29,2024,R,700249,661531,FF,4-Seam Fastball,field_out,hit_into_play,R,L,BAL,TOR,92.20,94.00,62,77.85,148.52,popup,1,0,2024,2024-07
2024-07-29,2024,R,700249,661531,SL,Slider,,ball,R,L,BAL,TOR,82.70,,,,,,0,0,2024,2024-07
2024-07-29,2024,R,700249,665489,CU,Curveball,double,hit_into_play,R,L,BAL,TOR,75.80,105.20,12,68.54,144.87,line_drive,1,2,2024,2024-07
2024-07-29,2024,R,700249,665489,FF,4-Seam Fastball,,ball,R,L,BAL,TOR,91.90,,,,,,0,2,2024,2024-07
2024-07-29,2024,R,700249,665489,FF,4-Seam Fastball,,called_strike,R,L,BAL,TOR,91.70,,,,,,0,1,2024,2024-07
2024-07-29,2024,R,700249,665489,FC,Cutter,,swinging_strike,R,L,BAL,TOR,87.80,,,,,,0,0,2024,2024-07
2024-07-29,2024,R,700249,665489,,,intent_walk,automatic_ball,R,L,BAL,TOR,,,,,,,3,0,2024,2024-07
2024-07-29,2024,R,700249,665489,,,,automatic_ball,R,L,BAL,TOR,,,,,,,2,0,2024,2024-07
2024-07-29,2024,R,700249,665489,,,,automatic_ball,R,L,BAL,TOR,,,,,,,1,0,2024,2024-07
2024-07-29,2024,R,700249,665489,SI,Sinker,,ball,R,L,BAL,TOR,91.40,,,,,,0,0,2024,2024-07
2024-07-29,2024,R,700249,665489,FC,Cutter,double,hit_into_play,R,L,BAL,TOR,90.50,115.10,12,94.65,77.19,line_drive,1,1,2024,2024-07
2024-07-29,2024,R,700249,665489,FF,4-Seam Fastball,,ball,R,L,BAL,TOR,94.10,,,,,,0,1,2024,2024-07
2024-07-29,2024,R,700249,665489,FF,4-Seam Fastball,,foul,R,L,BAL,TOR,93.70,78.50,12,,,,0,0,2024,2024-07
2024-07-29,2024,R,700249,672642,CH,Changeup,field_error,hit_into_play,R,L,BAL,TOR,85.90,72.60,0,114.78,152.15,ground_ball,0,1,2024,2024-07
2024-07-29,2024,R,700249,672642,SI,Sinker,,foul,R,L,BAL,TOR,90.80,72.40,25,,,,0,0,2024,2024-07
2024-07-29,2024,R,700249,672642,CU,Curveball,single,hit_into_play,R,L,BAL,TOR,77.10,98.40,1,86.93,117.04,ground_ball,0,1,2024,2024-07
2024-07-29,2024,R,700249,672642,SI,Sinker,,called_strike,R,L,BAL,TOR,90.90,,,,,,0,0,2024,2024-07
2024-07-29,2024,R,700249,676391,SI,Sinker,field_out,hit_into_play,R,L,BAL,TOR,91.10,93.60,40,105.86,69.08,fly_ball,0,0,2024,2024-07
2024-07-29,2024,R,700249,676391,CH,Changeup,field_out,hit_into_play,R,L,BAL,TOR,86.80,101.10,20,124.25,45.35,line_drive,2,2,2024,2024-07
2024-07-29,2024,R,700249,676391,FF,4-Seam Fastball,,ball,R,L,BAL,TOR,91.90,,,,,,1,2,2024,2024-07
2024-07-29,2024,R,700249,676391,CH,Changeup,,foul,R,L,BAL,TOR,86.10,75.60,66,,,,1,1,2024,2024-07
2024-07-29,2024,R,700249,676391,CH,Changeup,,called_strike,R,L,BAL,TOR,85.30,,,,,,1,0,2024,2024-07
2024-07-29,2024,R,700249,676391,SI,Sinker,,ball,R,L,BAL,TOR,91.30,,,,,,0,0,2024,2024-07
2024-07-29,2024,R,700249,676391,CU,Curveball,double,hit_into_play,R,L,BAL,TOR,77.70,83.90,19,67.39,131.68,line_drive,0,2,2024,2024-07
2024-07-29,2024,R,700249,676391,FF,4-Seam Fastball,,foul,R,L,BAL,TOR,92.30,78.50,81,,,,0,1,2024,2024-07
2024-07-29,2024,R,700249,676391,FF,4-Seam Fastball,,foul,R,L,BAL,TOR,93.30,95.40,15,,,,0,0,2024,2024-07
2024-07-29,2024,R,700249,676914,CH,Changeup,sac_fly,hit_into_play,R,L,BAL,TOR,86.30,83.20,32,114.09,75.36,fly_ball,1,0,2024,2024-07
2024-07-29,2024,R,700249,676914,FF,4-Seam Fastball,,ball,R,L,BAL,TOR,91.90,,,,,,0,0,2024,2024-07
2024-07-29,2024,R,700249,676914,CH,Changeup,strikeout,swinging_strike,R,L,BAL,TOR,87.60,,,,,,2,2,2024,2024-07
2024-07-29,2024,R,700249,676914,FF,4-Seam Fastball,,called_strike,R,L,BAL,TOR,90.90,,,,,,2,1,2024,2024-07
2024-07-29,2024,R,700249,676914,CH,Changeup,,called_strike,R,L,BAL,TOR,86.20,,,,,,2,0,2024,2024-07
2024-07-29,2024,R,700249,676914,FF,4-Seam Fastball,,ball,R,L,BAL,TOR,92.20,,,,,,1,0,2024,2024-07
2024-07-29,2024,R,700249,676914,FC,Cutter,,ball,R,L,BAL,TOR,88.90,,,,,,0,0,2024,2024-07
2024-07-29,2024,R,700249,676914,CU,Curveball,walk,blocked_ball,R,L,BAL,TOR,76.30,,,,,,3,2,2024,2024-07
2024-07-29,2024,R,700249,676914,FF,4-Seam Fastball,,foul,R,L,BAL,TOR,93.40,81.90,70,,,,3,2,2024,2024-07
2024-07-29,2024,R,700249,676914,FF,4-Seam Fastball,,ball,R,L,BAL,TOR,93.10,,,,,,2,2,2024,2024-07
2024-07-29,2024,R,700249,676914,CU,Curveball,,blocked_ball,R,L,BAL,TOR,78.30,,,,,,1,2,2024,2024-07
2024-07-29,2024,R,700249,676914,CU,Curveball,,called_strike,R,L,BAL,TOR,74.80,,,,,,1,1,2024,2024-07
2024-07-29,2024,R,700249,676914,FF,4-Seam Fastball,,called_strike,R,L,BAL,TOR,92.60,,,,,,1,0,2024,2024-07
2024-07-29,2024,R,700249,676914,CU,Curveball,,ball,R,L,BAL,TOR,75.40,,,,,,0,0,2024,2024-07
2024-07-29,2024,R,700249,677870,CU,Curveball,single,hit_into_play,R,L,BAL,TOR,74.60,90.80,3,100.85,150.34,ground_ball,0,1,2024,2024-07
2024-07-29,2024,R,700249,677870,FF,4-Seam Fastball,,called_strike,R,L,BAL,TOR,91.70,,,,,,0,0,2024,2024-07
2024-07-29,2024,R,700249,677870,FF,4-Seam Fastball,field_out,hit_into_play,R,L,BAL,TOR,92.40,97.60,23,158.35,59.47,line_drive,2,1,2024,2024-07
2024-07-29,2024,R,700249,677870,FF,4-Seam Fastball,,foul,R,L,BAL,TOR,92.20,77.70,36,,,,2,0,2024,2024-07
2024-07-29,2024,R,700249,677870,FF,4-Seam Fastball,,ball,R,L,BAL,TOR,92.90,,,,,,1,0,2024,2024-07
2024-07-29,2024,R,700249,677870,SL,Slider,,ball,R,L,BAL,TOR,83.20,,,,,,0,0,2024,2024-07
2024-07-29,2024,R,700249,677870,FF,4-Seam Fastball,field_out,hit_into_play,R,L,BAL,TOR,93.00,94.80,38,164.14,69.64,fly_ball,1,1,2024,2024-07
2024-07-29,2024,R,700249,677870,FC,Cutter,,ball,R,L,BAL,TOR,87.60,,,,,,0,1,2024,2024-07
2024-07-29,2024,R,700249,677870,FF,4-Seam Fastball,,swinging_strike,R,L,BAL,TOR,93.00,,,,,,0,0,2024,2024-07
2024-07-29,2024,R,700249,687462,CH,Changeup,field_out,hit_into_play,L,L,BAL,TOR,88.30,63.10,49,106.69,127.07,popup,0,0,2024,2024-07
2024-07-29,2024,R,700249,687462,SI,Sinker,field_out,hit_into_play,L,L,BAL,TOR,92.60,71.30,-37,153.52,160.02,ground_ball,3,2,2024,2024-07
2024-07-29,2024,R,700249,687462,FC,Cutter,,foul,L,L,BAL,TOR,89.10,72.80,41,,,,3,2,2024,2024-07
2024-07-29,2024,R,700249,687462,SI,Sinker,,ball,L,L,BAL,TOR,91.90,,,,,,2,2,2024,2024-07
2024-07-29,2024,R,700249,687462,SL,Slider,,blocked_ball,L,L,BAL,TOR,84.60,,,,,,1,2,2024,2024-07
2024-07-29,2024,R,700249,687462,FF,4-Seam Fastball,,foul,L,L,BAL,TOR,92.50,74.40,39,,,,1,2,2024,2024-07
2024-07-29,2024,R,700249,687462,FF,4-Seam Fastball,,foul,L,L,BAL,TOR,93.20,76.00,33,,,,1,2,2024,2024-07
2024-07-29,2024,R,700249,687462,SI,Sinker,,foul,L,L,BAL,TOR,91.70,69.80,45,,,,1,1,2024,2024-07
2024-07-29,2024,R,700249,687462,SL,Slider,,blocked_ball,L,L,BAL,TOR,84.10,,,,,,0,1,2024,2024-07
2024-07-29,2024,R,700249,687462,FF,4-Seam Fastball,,foul,L,L,BAL,TOR,92.80,78.10,19,,,,0,0,2024,2024-07
2024-07-29,2024,R,700249,687462,FF,4-Seam Fastball,field_out,hit_into_play,L,L,BAL,TOR,94.10,74.40,-1,121.98,168.14,ground_ball,2,2,2024,2024-07
2024-07-29,2024,R,700249,687462,SL,Slider,,foul,L,L,BAL,TOR,82.40,70.00,15,,,,2,1,2024,2024-07
2024-07-29,2024,R,700249,687462,FC,Cutter,,called_strike,L,L,BAL,TOR,90.90,,,,,,2,0,2024,2024-07
2024-07-29,2024,R,700249,687462,FF,4-Seam Fastball,,ball,L,L,BAL,TOR,92.70,,,,,,1,0,2024,2024-07
2024-07-29,2024,R,700249,687462,FF,4-Seam Fastball,,ball,L,L,BAL,TOR,93.70,,,,,,0,0,2024,2024-07
2024-07-30,2024,R,453286,502671,CH,Changeup,field_out,hit_into_play,R,R,STL,TEX,83.40,76.20,8,108.35,146.41,ground_ball,1,1,2024,2024-07
2024-07-30,2024,R,453286,502671,SL,Slider,,ball,R,R,STL,TEX,84.20,,,,,,0,1,2024,2024-07
2024-07-30,2024,R,453286,502671,FF,4-Seam Fastball,,called_strike,R,R,STL,TEX,94.10,,,,,,0,0,2024,2024-07
2024-07-30,2024,R,453286,502671,FF,4-Seam Fastball,strikeout,swinging_strike,R,R,STL,TEX,93.30,,,,,,1,2,2024,2024-07
2024-07-30,2024,R,453286,502671,SL,Slider,,ball,R,R,STL,TEX,84.40,,,,,,0,2,2024,2024-07
2024-07-30,2024,R,453286,502671,SL,Slider,,swinging_strike,R,R,STL,TEX,84.30,,,,,,0,1,2024,2024-07
2024-07-30,2024,R,453286,502671,SL,Slider,,swinging_strike,R,R,STL,TEX,84.10,,,,,,0,0,2024,2024-07
2024-07-30,2024,R,453286,543063,CH,Changeup,strikeout,foul_tip,L,R,STL,TEX,83.20,,,,,,0,2,2024,2024-07
2024-07-30,2024,R,453286,543063,FF,4-Seam Fastball,,foul,L,R,STL,TEX,90.10,100.50,7,,,,0,1,2024,2024-07
2024-07-30,2024,R,453286,543063,CH,Changeup,,called_strike,L,R,STL,TEX,81.00,,,,,,0,0,2024,2024-07
2024-07-30,2024,R,453286,543063,FF,4-Seam Fastball,double,hit_into_play,L,R,STL,TEX,92.50,93.70,15,199.10,117.71,line_drive,0,0,2024,2024-07
2024-07-30,2024,R,453286,572761,FF,4-Seam Fastball,field_out,hit_into_play,L,R,STL,TEX,90.60,100.50,46,156.45,77.04,fly_ball,2,0,2024,2024-07
2024-07-30,2024,R,453286,572761,FF,4-Seam Fastball,,ball,L,R,STL,TEX,90.20,,,,,,1,0,2024,2024-07
2024-07-30,2024,R,453286,572761,CU,Curveball,,ball,L,R,STL,TEX,74.70,,,,,,0,0,2024,2024-07
2024-07-30,2024,R,453286,572761,FF,4-Seam Fastball,double,hit_into_play,L,R,STL,TEX,92.40,87.70,60,65.98,142.76,fly_ball,0,0,2024,2024-07
2024-07-30,2024,R,453286,575929,FF,4-Seam Fastball,strikeout,swinging_strike,R,R,STL,TEX,92.40,,,,,,0,2,2024,2024-07
2024-07-30,2024,R,453286,575929,CH,Changeup,,swinging_strike,R,R,STL,TEX,81.30,,,,,,0,1,2024,2024-07
2024-07-30,2024,R,453286,575929,FF,4-Seam Fastball,,swinging_strike,R,R,STL,TEX,92.60,,,,,,0,0,2024,2024-07
2024-07-30,2024,R,453286,575929,SL,Slider,field_out,hit_into_play,R,R,STL,TEX,85.50,71.00,-15,149.23,169.21,ground_ball,2,2,2024,2024-07
2024-07-30,2024,R,453286,575929,CH,Changeup,,ball,R,R,STL,TEX,82.70,,,,,,1,2,2024,2024-07
2024-07-30,2024,R,453286,575929,FF,4-Seam Fastball,,swinging_strike,R,R,STL,TEX,91.70,,,,,,1,1,2024,2024-07
2024-07-30,2024,R,453286,575929,SL,Slider,,swinging_strike,R,R,STL,TEX,84.30,,,,,,1,0,2024,2024-07
2024-07-30,2024,R,453286,575929,FF,4-Seam Fastball,,ball,R,R,STL,TEX,92.80,,,,,,0,0,2024,2024-07
2024-07-30,2024,R,453286,663457,FF,4-Seam Fastball,double,hit_into_play,L,R,STL,TEX,93.20,91.40,21,202.93,114.30,line_drive,3,2,2024,2024-07
2024-07-30,2024,R,453286,663457,FF,4-Seam Fastball,,ball,L,R,STL,TEX,93.30,,,,,,2,2,2024,2024-07
2024-07-30,2024,R,453286,663457,FF,4-Seam Fastball,,foul,L,R,STL,TEX,92.10,76.50,46,,,,2,1,2024,2024-07
2024-07-30,2024,R,453286,663457,CH,Changeup,,ball,L,R,STL,TEX,82.20,,,,,,1,1,2024,2024-07
2024-07-30,2024,R,453286,663457,CH,Changeup,,blocked_ball,L,R,STL,TEX,83.30,,,,,,0,1,2024,2024-07
2024-07-30,2024,R,453286,663457,CH,Changeup,,swinging_strike,L,R,STL,TEX,82.90,,,,,,0,0,2024,2024-07
2024-07-30,2024,R,453286,663457,CU,Curveball,field_out,hit_into_play,L,R,STL,TEX,75.30,89.40,-18,155.32,172.77,ground_ball,2,2,2024,2024-07
2024-07-30,2024,R,453286,663457,CH,Changeup,,ball,L,R,STL,TEX,83.50,,,,,,1,2,2024,2024-07
2024-07-30,2024,R,453286,663457,FF,4-Seam Fastball,,called_strike,L,R,STL,TEX,92.50,,,,,,1,1,2024,2024-07
2024-07-30,2024,R,453286,663457,FF,4-Seam Fastball,,ball,L,R,STL,TEX,92.50,,,,,,0,1,2024,2024-07
2024-07-30,2024,R,453286,663457,CU,Curveball,,called_strike,L,R,STL,TEX,74.00,,,,,,0,0,2024,2024-07
2024-07-30,2024,R,453286,669357,CH,Changeup,field_out,hit_into_play,L,R,STL,TEX,83.50,83.30,32,67.51,89.97,fly_ball,1,2,2024,2024-07
2024-07-30,2024,R,453286,669357,SL,Slider,,foul,L,R,STL,TEX,84.30,82.80,-16,,,,1,2,2024,2024-07
2024-07-30,2024,R,453286,669357,CH,Changeup,,ball,L,R,STL,TEX,82.20,,,,,,0,2,2024,2024-07
2024-07-30,2024,R,453286,669357,SL,Slider,,called_strike,L,R,STL,TEX,84.10,,,,,,0,1,2024,2024-07
2024-07-30,2024,R,453286,669357,FF,4-Seam Fastball,,foul,L,R,STL,TEX,90.00,71.90,40,,,,0,0,2024,2024-07
2024-07-30,2024,R,453286,669357,FF,4-Seam Fastball,strikeout,swinging_strike,L,R,STL,TEX,92.80,,,,,,3,2,2024,2024-07
2024-07-30,2024,R,453286,669357,FF,4-Seam Fastball,,swinging_strike,L,R,STL,TEX,92.60,,,,,,3,1,2024,2024-07
2024-07-30,2024,R,453286,669357,CH,Changeup,,ball,L,R,STL,TEX,82.80,,,,,,2,1,2024,2024-07
2024-07-30,2024,R,453286,669357,SL,Slider,,ball,L,R,STL,TEX,85.70,,,,,,1,1,2024,2024-07
2024-07-30,2024,R,453286,669357,FF,4-Seam Fastball,,foul,L,R,STL,TEX,92.10,69.30,-11,,,,1,0,2024,2024-07
2024-07-30,2024,R,453286,669357,FF,4-Seam Fastball,,ball,L,R,STL,TEX,92.50,,,,,,0,0,2024,2024-07
2024-07-30,2024,R,453286,672279,FF,4-Seam Fastball,strikeout,swinging_strike,L,R,STL,TEX,93.10,,,,,,0,2,2024,2024-07
2024-07-30,2024,R,453286,672279,SL,Slider,,foul,L,R,STL,TEX,84.30,66.40,26,,,,0,2,2024,2024-07
2024-07-30,2024,R,453286,672279,FF,4-Seam Fastball,,swinging_strike,L,R,STL,TEX,92.90,,,,,,0,1,2024,2024-07
2024-07-30,2024,R,453286,672279,CU,Curveball,,called_strike,L,R,STL,TEX,73.80,,,,,,0,0,2024,2024-07
2024-07-30,2024,R,453286,676475,CU,Curveball,walk,ball,L,R,STL,TEX,74.90,,,,,,3,2,2024,2024-07
2024-07-30,2024,R,453286,676475,CU,Curveball,,ball,L,R,STL,TEX,74.30,,,,,,2,2,2024,2024-07
2024-07-30,2024,R,453286,676475,SL,Slider,,foul,L,R,STL,TEX,85.70,109.70,5,,,,2,2,2024,2024-07
2024-07-30,2024,R,453286,676475,CH,Changeup,,foul,L,R,STL,TEX,83.50,93.80,-17,,,,2,2,2024,2024-07
2024-07-30,2024,R,453286,676475,FF,4-Seam Fastball,,ball,L,R,STL,TEX,92.70,,,,,,1,2,2024,2024-07
2024-07-30,2024,R,453286,676475,SL,Slider,,foul,L,R,STL,TEX,85.90,93.60,9,,,,1,2,2024,2024-07
2024-07-30,2024,R,453286,676475,FF,4-Seam Fastball,,swinging_strike,L,R,STL,TEX,92.10,,,,,,1,1,2024,2024-07
2024-07-30,2024,R,453286,676475,CH,Changeup,,foul,L,R,STL,TEX,82.80,72.20,-22,,,,1,0,2024,2024-07
2024-07-30,2024,R,453286,676475,CU,Curveball,,ball,L,R,STL,TEX,73.90,,,,,,0,0,2024,2024-07
2024-07-30,2024,R,453286,676475,CH,Changeup,field_out,hit_into_play,L,R,STL,TEX,81.70,102.10,3,164.81,152.28,ground_ball,3,2,2024,2024-07
2024-07-30,2024,R,453286,676475,FF,4-Seam Fastball,,ball,L,R,STL,TEX,93.10,,,,,,2,2,2024,2024-07
2024-07-30,2024,R,453286,676475,SL,Slider,,ball,L,R,STL,TEX,86.00,,,,,,1,2,2024,2024-07
2024-07-30,2024,R,453286,676475,FF,4-Seam Fastball,,swinging_strike,L,R,STL,TEX,93.10,,,,,,1,1,2024,2024-07
2024-07-30,2024,R,453286,676475,CH,Changeup,,ball,L,R,STL,TEX,83.80,,,,,,0,1,2024,2024-07
2024-07-30,2024,R,453286,676475,FF,4-Seam Fastball,,foul,L,R,STL,TEX,93.60,77.30,9,,,,0,0,2024,2024-07
2024-07-30,2024,R,453286,691026,FF,4-Seam Fastball,field_out,hit_into_play,R,R,STL,TEX,92.80,99.80,20,149.44,49.47,line_drive,1,1,2024,2024-07
2024-07-30,2024,R,453286,691026,SL,Slider,,swinging_strike,R,R,STL,TEX,83.90,,,,,,1,0,2024,2024-07
2024-07-30,2024,R,453286,691026,SL,Slider,,ball,R,R,STL,TEX,83.20,,,,,,0,0,2024,2024-07
2024-07-30,2024,R,453286,691026,FF,4-Seam Fastball,home_run,hit_into_play,R,R,STL,TEX,92.50,103.70,25,65.80,41.41,fly_ball,0,0,2024,2024-07
2024-07-30,2024,R,458677,664023,FF,4-Seam Fastball,walk,ball,R,L,CIN,CHC,96.20,,,,,,3,2,2024,2024-07
2024-07-30,2024,R,458677,664023,FF,4-Seam Fastball,,foul,R,L,CIN,CHC,96.90,79.80,48,,,,3,2,2024,2024-07
2024-07-30,2024,R,458677,664023,FC,Cutter,,foul,R,L,CIN,CHC,92.80,24.70,-15,,,,3,2,2024,2024-07
2024-07-30,2024,R,458677,664023,SL,Slider,,ball,R,L,CIN,CHC,86.10,,,,,,2,2,2024,2024-07
2024-07-30,2024,R,458677,664023,FF,4-Seam Fastball,,foul,R,L,CIN,CHC,96.00,59.30,41,,,,2,2,2024,2024-07
2024-07-30,2024,R,458677,664023,SL,Slider,,foul,R,L,CIN,CHC,85.70,75.00,5,,,,2,2,2024,2024-07
2024-07-30,2024,R,458677,664023,FC,Cutter,,foul,R,L,CIN,CHC,91.60,,,,,,2,1,2024,2024-07
2024-07-30,2024,R,458677,664023,FF,4-Seam Fastball,,called_strike,R,L,CIN,CHC,94.90,,,,,,2,0,2024,2024-07
2024-07-30,2024,R,458677,664023,FF,4-Seam Fastball,,ball,R,L,CIN,CHC,94.60,,,,,,1,0,2024,2024-07
2024-07-30,2024,R,458677,664023,SL,Slider,,ball,R,L,CIN,CHC,87.80,,,,,,0,0,2024,2024-07
2024-07-30,2024,R,458677,665804,FC,Cutter,field_out,hit_into_play,R,L,CIN,CHC,91.20,64.10,-25,116.35,145.06,ground_ball,1,0,2024,2024-07
2024-07-30,2024,R,458677,665804,FF,4-Seam Fastball,,ball,R,L,CIN,CHC,93.30,,,,,,0,0,2024,2024-07
2024-07-30,2024,R,458677,683737,SL,Slider,strikeout,swinging_strike_blocked,L,L,CIN,CHC,89.80,,,,,,1,2,2024,2024-07
2024-07-30,2024,R,458677,683737,FF,4-Seam Fastball,,swinging_strike,L,L,CIN,CHC,96.30,,,,,,1,1,2024,2024-07
2024-07-30,2024,R,458677,683737,FF,4-Seam Fastball,,swinging_strike,L,L,CIN,CHC,96.00,,,,,,1,0,2024,2024-07
2024-07-30,2024,R,458677,683737,FC,Cutter,,ball,L,L,CIN,CHC,93.30,,,,,,0,0,2024,2024-07
2024-07-30,2024,R,458677,691718,SL,Slider,field_out,hit_into_play,L,L,CIN,CHC,89.90,96.10,36,167.50,58.46,fly_ball,0,0,2024,2024-07
2024-07-30,2024,R,458681,543760,FF,4-Seam Fastball,field_out,hit_into_play,R,R,STL,TEX,91.40,92.90,56,139.66,114.32,fly_ball,3,2,2024,2024-07
2024-07-30,2024,R,458681,543760,CH,Changeup,,ball,R,R,STL,TEX,84.50,,,,,,2,2,2024,2024-07
2024-07-30,2024,R,458681,543760,CH,Changeup,,ball,R,R,STL,TEX,83.90,,,,,,1,2,2024,2024-07
2024-07-30,2024,R,458681,543760,FF,4-Seam Fastball,,foul,R,R,STL,TEX,91.20,76.10,57,,,,1,1,2024,2024-07
2024-07-30,2024,R,458681,543760,FF,4-Seam Fastball,,ball,R,R,STL,TEX,90.10,,,,,,0,1,2024,2024-07
2024-07-30,2024,R,458681,543760,FF,4-Seam Fastball,,called_strike,R,R,STL,TEX,90.40,,,,,,0,0,2024,2024-07
2024-07-30,2024,R,458681,543760,FF,4-Seam Fastball,field_out,hit_into_play,R,R,STL,TEX,90.60,83.00,53,176.49,125.55,fly_ball,2,2,2024,2024-07
2024-07-30,2024,R,458681,543760,CH,Changeup,,ball,R,R,STL,TEX,82.20,,,,,,1,2,2024,2024-07
2024-07-30,2024,R,458681,543760,FF,4-Seam Fastball,,foul,R,R,STL,TEX,88.60,73.90,42,,,,1,1,2024,2024-07
2024-07-30,2024,R,458681,543760,SI,Sinker,,called_strike,R,R,STL,TEX,87.80,,,,,,1,0,2024,2024-07
2024-07-30,2024,R,458681,543760,SI,Sinker,,ball,R,R,STL,TEX,87.30,,,,,,0,0,2024,2024-07
2024-07-30,2024,R,458681,608369,CH,Changeup,field_out,hit_into_play,L,R,STL,TEX,84.40,80.10,24,166.43,99.34,line_drive,2,1,2024,2024-07
2024-07-30,2024,R,458681,608369,CH,Changeup,,ball,L,R,STL,TEX,84.20,,,,,,1,1,2024,2024-07
2024-07-30,2024,R,458681,608369,FF,4-Seam Fastball,,foul,L,R,STL,TEX,90.30,65.80,39,,,,1,0,2024,2024-07
2024-07-30,2024,R,458681,608369,FF,4-Seam Fastball,,ball,L,R,STL,TEX,90.60,,,,,,0,0,2024,2024-07
2024-07-30,2024,R,458681,608369,CH,Changeup,field_out,hit_into_play,L,R,STL,TEX,82.70,107.40,17,130.46,48.26,line_drive,2,2,2024,2024-07
2024-07-30,2024,R,458681,608369,CH,Changeup,,ball,L,R,STL,TEX,82.70,,,,,,1,2,2024,2024-07
2024-07-30,2024,R,458681,608369,CH,Changeup,,ball,L,R,STL,TEX,81.80,,,,,,0,2,2024,2024-07
2024-07-30,2024,R,458681,608369,FF,4-Seam Fastball,,called_strike,L,R,STL,TEX,90.40,,,,,,0,1,2024,2024-07
2024-07-30,2024,R,458681,608369,CH,Changeup,,foul,L,R,STL,TEX,83.00,67.60,29,,,,0,0,2024,2024-07
2024-07-30,2024,R,458681,641680,FF,4-Seam Fastball,field_out,hit_into_play,L,R,STL,TEX,90.40,62.70,77,134.84,187.51,popup,0,0,2024,2024-07
2024-07-30,2024,R,458681,641680,FF,4-Seam Fastball,field_out,hit_into_play,L,R,STL,TEX,91.50,51.00,23,153.93,158.14,line_drive,2,1,2024,2024-07
2024-07-30,2024,R,458681,641680,CH,Changeup,,ball,L,R,STL,TEX,85.00,,,,,,1,1,2024,2024-07
2024-07-30,2024,R,458681,641680,CH,Changeup,,ball,L,R,STL,TEX,84.00,,,,,,0,1,2024,2024-07
2024-07-30,2024,R,458681,641680,SI,Sinker,,foul,L,R,STL,TEX,90.30,70.60,49,,,,0,0,2024,2024-07
2024-07-30,2024,R,458681,663993,SI,Sinker,single,hit_into_play,L,R,STL,TEX,88.20,102.20,12,98.99,71.54,line_drive,1,0,2024,2024-07
2024-07-30,2024,R,458681,663993,SI,Sinker,,ball,L,R,STL,TEX,89.80,,,,,,0,0,2024,2024-07
2024-07-30,2024,R,458681,663993,CH,Changeup,walk,ball,L,R,STL,TEX,82.70,,,,,,3,1,2024,2024-07
2024-07-30,2024,R,458681,663993,CH,Changeup,,ball,L,R,STL,TEX,82.80,,,,,,2,1,2024,2024-07
2024-07-30,2024,R,458681,663993,CH,Changeup,,ball,L,R,STL,TEX,82.80,,,,,,1,1,2024,2024-07
2024-07-30,2024,R,458681,663993,FF,4-Seam Fastball,,ball,L,R,STL,TEX,88.20,,,,,,0,1,2024,2024-07
2024-07-30,2024,R,458681,663993,FF,4-Seam Fastball,,foul,L,R,STL,TEX,88.00,72.30,-34,,,,0,0,2024,2024-07
2024-07-30,2024,R,458681,665750,FF,4-Seam Fastball,field_out,hit_into_play,L,R,STL,TEX,91.20,81.00,-5,158.88,172.77,ground_ball,3,2,2024,2024-07
2024-07-30,2024,R,458681,665750,FF,4-Seam Fastball,,foul,L,R,STL,TEX,90.50,71.90,47,,,,3,1,2024,2024-07
2024-07-30,2024,R,458681,665750,FF,4-Seam Fastball,,ball,L,R,STL,TEX,90.10,,,,,,2,1,2024,2024-07
2024-07-30,2024,R,458681,665750,FF,4-Seam Fastball,,ball,L,R,STL,TEX,91.00,,,,,,1,1,2024,2024-07
2024-07-30,2024,R,458681,665750,FF,4-Seam Fastball,,called_strike,L,R,STL,TEX,90.70,,,,,,1,0,2024,2024-07
2024-07-30,2024,R,458681,665750,FF,4-Seam Fastball,,ball,L,R,STL,TEX,90.50,,,,,,0,0,2024,2024-07
2024-07-30,2024,R,458681,665750,FF,4-Seam Fastball,strikeout,swinging_strike,L,R,STL,TEX,92.20,,,,,,2,2,2024,2024-07
2024-07-30,2024,R,458681,665750,CH,Changeup,,blocked_ball,L,R,STL,TEX,83.90,,,,,,1,2,2024,2024-07
2024-07-30,2024,R,458681,665750,CH,Changeup,,foul,L,R,STL,TEX,83.80,69.80,-39,,,,1,1,2024,2024-07
2024-07-30,2024,R,458681,665750,FF,4-Seam Fastball,,ball,L,R,STL,TEX,91.40,,,,,,0,1,2024,2024-07
2024-07-30,2024,R,458681,665750,FF,4-Seam Fastball,,foul,L,R,STL,TEX,91.50,61.50,51,,,,0,0,2024,2024-07
2024-07-30,2024,R,458681,666969,SI,Sinker,field_out,hit_into_play,R,R,STL,TEX,90.40,93.70,50,155.59,107.11,fly_ball,2,1,2024,2024-07
2024-07-30,2024,R,458681,666969,FC,Cutter,,ball,R,R,STL,TEX,86.80,,,,,,1,1,2024,2024-07
2024-07-30,2024,R,458681,666969,SI,Sinker,,foul,R,R,STL,TEX,90.90,64.90,46,,,,1,0,2024,2024-07
2024-07-30,2024,R,458681,666969,SI,Sinker,,ball,R,R,STL,TEX,91.30,,,,,,0,0,2024,2024-07
2024-07-30,2024,R,458681,666969,SI,Sinker,field_out,hit_into_play,R,R,STL,TEX,88.70,95.10,72,160.11,177.66,popup,1,0,2024,2024-07
2024-07-30,2024,R,458681,666969,SI,Sinker,,ball,R,R,STL,TEX,89.60,,,,,,0,0,2024,2024-07
2024-07-30,2024,R,458681,669701,SI,Sinker,field_out,hit_into_play,L,R,STL,TEX,91.50,86.30,26,106.46,75.54,line_drive,3,2,2024,2024-07
2024-07-30,2024,R,458681,669701,CH,Changeup,,ball,L,R,STL,TEX,84.10,,,,,,2,2,2024,2024-07
2024-07-30,2024,R,458681,669701,FC,Cutter,,foul,L,R,STL,TEX,85.40,59.70,46,,,,2,2,2024,2024-07
2024-07-30,2024,R,458681,669701,FF,4-Seam Fastball,,foul,L,R,STL,TEX,91.30,69.50,52,,,,2,2,2024,2024-07
2024-07-30,2024,R,458681,669701,FF,4-Seam Fastball,,ball,L,R,STL,TEX,91.60,,,,,,1,2,2024,2024-07
2024-07-30,2024,R,458681,669701,FC,Cutter,,foul,L,R,STL,TEX,87.10,72.10,10,,,,1,2,2024,2024-07
2024-07-30,2024,R,458681,669701,FF,4-Seam Fastball,,called_strike,L,R,STL,TEX,91.00,,,,,,1,1,2024,2024-07
2024-07-30,2024,R,458681,669701,FF,4-Seam Fastball,,ball,L,R,STL,TEX,90.50,,,,,,0,1,2024,2024-07
2024-07-30,2024,R,458681,669701,FF,4-Seam Fastball,,called_strike,L,R,STL,TEX,90.10,,,,,,0,0,2024,2024-07
2024-07-30,2024,R,458681,669701,FC,Cutter,strikeout,foul_tip,L,R,STL,TEX,87.50,,,,,,3,2,2024,2024-07
2024-07-30,2024,R,458681,669701,SI,Sinker,,foul,L,R,STL,TEX,90.50,89.30,25,,,,3,2,2024,2024-07
2024-07-30,2024,R,458681,669701,CH,Changeup,,ball,L,R,STL,TEX,84.50,,,,,,2,2,2024,2024-07
2024-07-30,2024,R,458681,669701,FF,4-Seam Fastball,,ball,L,R,STL,TEX,90.40,,,,,,1,2,2024,2024-07
2024-07-30,2024,R,458681,669701,FF,4-Seam Fastball,,foul,L,R,STL,TEX,89.90,71.90,50,,,,1,1,2024,2024-07
2024-07-30,2024,R,458681,669701,FF,4-Seam Fastball,,ball,L,R,STL,TEX,89.70,,,,,,0,1,2024,2024-07
2024-07-30,2024,R,458681,669701,SI,Sinker,,foul,L,R,STL,TEX,88.30,80.00,69,,,,0,0,2024,2024-07
2024-07-30,2024,R,458681,669701,CH,Changeup,field_out,hit_into_play,L,R,STL,TEX,83.20,65.60,-13,118.69,161.26,ground_ball,2,2,2024,2024-07
2024-07-30,2024,R,458681,669701,CH,Changeup,,ball,L,R,STL,TEX,82.30,,,,,,1,2,2024,2024-07
2024-07-30,2024,R,458681,669701,SI,Sinker,,foul,L,R,STL,TEX,86.90,66.70,43,,,,1,1,2024,2024-07
2024-07-30,2024,R,458681,669701,FF,4-Seam Fastball,,foul,L,R,STL,TEX,86.60,86.90,29,,,,1,0,2024,2024-07
2024-07-30,2024,R,458681,669701,FF,4-Seam Fastball,,ball,L,R,STL,TEX,87.10,,,,,,0,0,2024,2024-07
2024-07-30,2024,R,458681,673962,FF,4-Seam Fastball,field_out,hit_into_play,R,R,STL,TEX,92.30,92.20,36,188.01,86.38,fly_ball,2,2,2024,2024-07
2024-07-30,2024,R,458681,673962,FF,4-Seam Fastball,,ball,R,R,STL,TEX,92.50,,,,,,1,2,2024,2024-07
2024-07-30,2024,R,458681,673962,FF,4-Seam Fastball,,foul,R,R,STL,TEX,91.90,80.10,-35,,,,1,2,2024,2024-07
2024-07-30,2024,R,458681,673962,FC,Cutter,,ball,R,R,STL,TEX,87.70,,,,,,0,2,2024,2024-07
2024-07-30,2024,R,458681,673962,FF,4-Seam Fastball,,foul,R,R,STL,TEX,91.90,77.40,28,,,,0,1,2024,2024-07
2024-07-30,2024,R,458681,673962,FF,4-Seam Fastball,,foul,R,R,STL,TEX,91.90,,,,,,0,0,2024,2024-07
2024-07-30,2024,R,458681,673962,SI,Sinker,single,hit_into_play,R,R,STL,TEX,90.90,98.50,7,114.08,100.18,line_drive,2,1,2024,2024-07
2024-07-30,2024,R,458681,673962,SI,Sinker,,ball,R,R,STL,TEX,90.50,,,,,,1,1,2024,2024-07
2024-07-30,2024,R,458681,673962,SI,Sinker,,called_strike,R,R,STL,TEX,90.30,,,,,,1,0,2024,2024-07
2024-07-30,2024,R,458681,673962,SI,Sinker,,ball,R,R,STL,TEX,89.40,,,,,,0,0,2024,2024-07
2024-07-30,2024,R,458681,694671,FF,4-Seam Fastball,strikeout,swinging_strike,R,R,STL,TEX,90.90,,,,,,2,2,2024,2024-07
2024-07-30,2024,R,458681,694671,SI,Sinker,,called_strike,R,R,STL,TEX,90.50,,,,,,2,1,2024,2024-07
2024-07-30,2024,R,458681,694671,FC,Cutter,,ball,R,R,STL,TEX,85.50,,,,,,1,1,2024,2024-07
2024-07-30,2024,R,458681,694671,FC,Cutter,,ball,R,R,STL,TEX,86.10,,,,,,0,1,2024,2024-07
2024-07-30,2024,R,458681,694671,SI,Sinker,,called_strike,R,R,STL,TEX,88.50,,,,,,0,0,2024,2024-07
2024-07-30,2024,R,458681,694671,FF,4-Seam Fastball,home_run,hit_into_play,R,R,STL,TEX,88.30,106.60,38,23.47,87.29,fly_ball,0,1,2024,2024-07
2024-07-30,2024,R,458681,694671,SI,Sinker,,called_strike,R,R,STL,TEX,88.60,,,,,,0,0,2024,2024-07
2024-07-30,2024,R,518397,573262,SL,Slider,strikeout,swinging_strike,L,L,SF,ATH,83.60,,,,,,0,2,2024,2024-07
2024-07-30,2024,R,518397,573262,SL,Slider,,foul,L,L,SF,ATH,83.80,55.10,-55,,,,0,1,2024,2024-07
2024-07-30,2024,R,518397,573262,SL,Slider,,swinging_strike,L,L,SF,ATH,83.60,,,,,,0,0,2024,2024-07
2024-07-30,2024,R,518397,656537,SI,Sinker,field_out,hit_into_play,R,L,SF,ATH,92.30,62.50,-32,112.12,163.73,ground_ball,1,0,2024,2024-07
2024-07-30,2024,R,518397,656537,SI,Sinker,,blocked_ball,R,L,SF,ATH,92.80,,,,,,0,0,2024,2024-07
2024-07-30,2024,R,518397,681584,SI,Sinker,walk,ball,R,L,SF,ATH,91.90,,,,,,3,2,2024,2024-07
2024-07-30,2024,R,518397,681584,SI,Sinker,,ball,R,L,SF,ATH,92.20,,,,,,2,2,2024,2024-07
2024-07-30,2024,R,518397,681584,CH,Changeup,,foul,R,L,SF,ATH,84.60,66.40,-30,,,,2,2,2024,2024-07
2024-07-30,2024,R,518397,681584,SL,Slider,,ball,R,L,SF,ATH,84.60,,,,,,1,2,2024,2024-07
2024-07-30,2024,R,518397,681584,SI,Sinker,,foul,R,L,SF,ATH,90.90,,,,,,1,2,2024,2024-07
2024-07-30,2024,R,518397,681584,SL,Slider,,blocked_ball,R,L,SF,ATH,85.30,,,,,,0,2,2024,2024-07
2024-07-30,2024,R,518397,681584,CH,Changeup,,foul,R,L,SF,ATH,84.80,,,,,,0,1,2024,2024-07
2024-07-30,2024,R,518397,681584,SI,Sinker,,called_strike,R,L,SF,ATH,92.60,,,,,,0,0,2024,2024-07
2024-07-30,2024,R,518397,682617,SI,Sinker,double,hit_into_play,R,L,SF,ATH,92.80,104.10,17,164.13,65.40,line_drive,1,0,2024,2024-07
2024-07-30,2024,R,518397,682617,SI,Sinker,,ball,R,L,SF,ATH,92.30,,,,,,0,0,2024,2024-07
2024-07-30,2024,R,518585,641355,FF,4-Seam Fastball,single,hit_into_play,L,R,CIN,CHC,95.10,87.80,7,175.83,127.68,ground_ball,2,1,2024,2024-07
2024-07-30,2024,R,518585,641355,FS,Split-Finger,,blocked_ball,L,R,CIN,CHC,82.50,,,,,,1,1,2024,2024-07
2024-07-30,2024,R,518585,641355,FF,4-Seam Fastball,,ball,L,R,CIN,CHC,95.20,,,,,,0,1,2024,2024-07
2024-07-30,2024,R,518585,641355,FF,4-Seam Fastball,,called_strike,L,R,CIN,CHC,94.50,,,,,,0,0,2024,2024-07
2024-07-30,2024,R,518585,670623,FC,Cutter,field_out,hit_into_play,R,R,CIN,CHC,87.40,70.20,19,102.10,139.79,line_drive,3,2,2024,2024-07
2024-07-30,2024,R,518585,670623,FS,Split-Finger,,ball,R,R,CIN,CHC,82.50,,,,,,2,2,2024,2024-07
2024-07-30,2024,R,518585,670623,FS,Split-Finger,,ball,R,R,CIN,CHC,80.60,,,,,,1,2,2024,2024-07
2024-07-30,2024,R,518585,670623,FC,Cutter,,foul,R,R,CIN,CHC,89.80,79.20,17,,,,1,1,2024,2024-07
2024-07-30,2024,R,518585,670623,FF,4-Seam Fastball,,called_strike,R,R,CIN,CHC,94.10,,,,,,1,0,2024,2024-07
2024-07-30,2024,R,518585,670623,FF,4-Seam Fastball,,ball,R,R,CIN,CHC,95.20,,,,,,0,0,2024,2024-07
2024-07-30,2024,R,518585,673548,FF,4-Seam Fastball,walk,ball,R,R,CIN,CHC,95.60,,,,,,3,0,2024,2024-07
2024-07-30,2024,R,518585,673548,FF,4-Seam Fastball,,ball,R,R,CIN,CHC,94.00,,,,,,2,0,2024,2024-07
2024-07-30,2024,R,518585,673548,FC,Cutter,,blocked_ball,R,R,CIN,CHC,89.60,,,,,,1,0,2024,2024-07
2024-07-30,2024,R,518585,673548,FF,4-Seam Fastball,,ball,R,R,CIN,CHC,94.20,,,,,,0,0,2024,2024-07
2024-07-30,2024,R,519326,553869,SI,Sinker,field_out,hit_into_play,R,R,LAA,COL,92.50,87.10,-35,113.72,164.75,ground_ball,0,0,2024,2024-07
2024-07-30,2024,R,519326,595909,CH,Changeup,field_out,hit_into_play,L,R,LAA,COL,89.30,77.80,-32,148.85,152.03,ground_ball,1,2,2024,2024-07
2024-07-30,2024,R,519326,595909,SL,Slider,,foul,L,R,LAA,COL,86.30,72.20,8,,,,1,1,2024,2024-07
2024-07-30,2024,R,519326,595909,FF,4-Seam Fastball,,called_strike,L,R,LAA,COL,93.40,,,,,,1,0,2024,2024-07
2024-07-30,2024,R,519326,595909,SL,Slider,,ball,L,R,LAA,COL,86.70,,,,,,0,0,2024,2024-07
2024-07-30,2024,R,519326,686668,SL,Slider,strikeout,swinging_strike,R,R,LAA,COL,86.50,,,,,,1,2,2024,2024-07
2024-07-30,2024,R,519326,686668,FF,4-Seam Fastball,,ball,R,R,LAA,COL,95.80,,,,,,0,2,2024,2024-07
2024-07-30,2024,R,519326,686668,FF,4-Seam Fastball,,called_strike,R,R,LAA,COL,95.30,,,,,,0,1,2024,2024-07
2024-07-30,2024,R,519326,686668,SI,Sinker,,swinging_strike,R,R,LAA,COL,92.40,,,,,,0,0,2024,2024-07
2024-07-30,2024,R,543859,547180,,,intent_walk,automatic_ball,L,R,PHI,NYY,,,,,,,3,0,2024,2024-07
2024-07-30,2024,R,543859,547180,,,,automatic_ball,L,R,PHI,NYY,,,,,,,2,0,2024,2024-07
2024-07-30,2024,R,543859,547180,,,,automatic_ball,L,R,PHI,NYY,,,,,,,1,0,2024,2024-07
2024-07-30,2024,R,543859,547180,,,,automatic_ball,L,R,PHI,NYY,,,,,,,0,0,2024,2024-07
2024-07-30,2024,R,543859,592663,FF,4-Seam Fastball,strikeout,foul_tip,R,R,PHI,NYY,93.50,,,,,,2,2,2024,2024-07
2024-07-30,2024,R,543859,592663,SI,Sinker,,foul,R,R,PHI,NYY,92.30,76.00,56,,,,2,1,2024,2024-07
2024-07-30,2024,R,543859,592663,ST,Sweeper,,ball,R,R,PHI,NYY,78.30,,,,,,1,1,2024,2024-07
2024-07-30,2024,R,543859,592663,ST,Sweeper,,ball,R,R,PHI,NYY,80.10,,,,,,0,1,2024,2024-07
2024-07-30,2024,R,543859,592663,SI,Sinker,,foul,R,R,PHI,NYY,92.40,68.20,-24,,,,0,0,2024,2024-07
2024-07-30,2024,R,543859,607208,SI,Sinker,field_out,hit_into_play,R,R,PHI,NYY,92.20,70.60,-24,140.25,155.77,ground_ball,1,1,2024,2024-07
2024-07-30,2024,R,543859,607208,ST,Sweeper,,ball,R,R,PHI,NYY,81.00,,,,,,0,1,2024,2024-07
2024-07-30,2024,R,543859,607208,SI,Sinker,,foul,R,R,PHI,NYY,93.30,66.70,-35,,,,0,0,2024,2024-07
2024-07-30,2024,R,543859,642215,FF,4-Seam Fastball,strikeout,swinging_strike,R,R,PHI,NYY,94.30,,,,,,0,2,2024,2024-07
2024-07-30,2024,R,543859,642215,FF,4-Seam Fastball,,foul,R,R,PHI,NYY,95.20,82.50,13,,,,0,1,2024,2024-07
2024-07-30,2024,R,543859,642215,SI,Sinker,,called_strike,R,R,PHI,NYY,93.80,,,,,,0,0,2024,2024-07
2024-07-30,2024,R,543859,656941,SL,Slider,strikeout,swinging_strike,L,R,PHI,NYY,85.30,,,,,,3,2,2024,2024-07
2024-07-30,2024,R,543859,656941,SI,Sinker,,called_strike,L,R,PHI,NYY,92.70,,,,,,3,1,2024,2024-07
2024-07-30,2024,R,543859,656941,ST,Sweeper,,ball,L,R,PHI,NYY,80.70,,,,,,2,1,2024,2024-07
2024-07-30,2024,R,543859,656941,FF,4-Seam Fastball,,swinging_strike,L,R,PHI,NYY,95.40,,,,,,2,0,2024,2024-07
2024-07-30,2024,R,543859,656941,SI,Sinker,,ball,L,R,PHI,NYY,94.20,,,,,,1,0,2024,2024-07
2024-07-30,2024,R,543859,656941,SI,Sinker,,ball,L,R,PHI,NYY,93.40,,,,,,0,0,2024,2024-07
2024-07-30,2024,R,543859,664761,SI,Sinker,field_out,hit_into_play,R,R,PHI,NYY,93.70,105.70,15,124.25,81.83,line_drive,0,0,2024,2024-07
2024-07-30,2024,R,543859,669016,SI,Sinker,field_out,hit_into_play,L,R,PHI,NYY,91.90,92.60,32,107.22,60.54,fly_ball,0,0,2024,2024-07
2024-07-30,2024,R,543859,669720,SL,Slider,single,hit_into_play,R,R,PHI,NYY,84.60,69.50,25,68.58,116.90,line_drive,1,2,2024,2024-07
2024-07-30,2024,R,543859,669720,SL,Slider,,ball,R,R,PHI,NYY,87.40,,,,,,0,2,2024,2024-07
2024-07-30,2024,R,543859,669720,SI,Sinker,,called_strike,R,R,PHI,NYY,93.70,,,,,,0,1,2024,2024-07
2024-07-30,2024,R,543859,669720,SI,Sinker,,swinging_strike,R,R,PHI,NYY,93.20,,,,,,0,0,2024,2024-07
2024-07-30,2024,R,554340,608701,FF,4-Seam Fastball,field_out,hit_into_play,R,R,BOS,SEA,97.80,96.20,41,160.57,70.02,fly_ball,0,0,2024,2024-07
2024-07-30,2024,R,554340,666152,FF,4-Seam Fastball,strikeout,swinging_strike,L,R,BOS,SEA,97.00,,,,,,2,2,2024,2024-07
2024-07-30,2024,R,554340,666152,FF,4-Seam Fastball,,called_strike,L,R,BOS,SEA,97.00,,,,,,2,1,2024,2024-07
2024-07-30,2024,R,554340,666152,FF,4-Seam Fastball,,foul,L,R,BOS,SEA,94.30,77.60,44,,,,2,0,2024,2024-07
2024-07-30,2024,R,554340,666152,CU,Curveball,,ball,L,R,BOS,SEA,82.20,,,,,,1,0,2024,2024-07
2024-07-30,2024,R,554340,666152,CU,Curveball,,ball,L,R,BOS,SEA,82.70,,,,,,0,0,2024,2024-07
2024-07-30,2024,R,554340,678882,SI,Sinker,single,hit_into_play,R,R,BOS,SEA,95.60,95.60,14,171.31,93.04,line_drive,0,0,2024,2024-07
2024-07-30,2024,R,554340,680776,CH,Changeup,field_out,hit_into_play,L,R,BOS,SEA,89.50,74.70,4,121.60,153.61,ground_ball,1,2,2024,2024-07
2024-07-30,2024,R,554340,680776,CH,Changeup,,blocked_ball,L,R,BOS,SEA,88.80,,,,,,0,2,2024,2024-07
2024-07-30,2024,R,554340,680776,FF,4-Seam Fastball,,foul,L,R,BOS,SEA,95.80,83.80,11,,,,0,1,2024,2024-07
2024-07-30,2024,R,554340,680776,CU,Curveball,,foul_tip,L,R,BOS,SEA,84.60,,,,,,0,0,2024,2024-07
2024-07-30,2024,R,571578,545341,SI,Sinker,double,hit_into_play,R,L,AZ,WSH,90.50,110.70,18,90.51,41.27,line_drive,2,0,2024,2024-07
2024-07-30,2024,R,571578,545341,SI,Sinker,,ball,R,L,AZ,WSH,91.30,,,,,,1,0,2024,2024-07
2024-07-30,2024,R,571578,545341,SI,Sinker,,ball,R,L,AZ,WSH,92.10,,,,,,0,0,2024,2024-07
2024-07-30,2024,R,571578,545341,FC,Cutter,field_out,hit_into_play,R,L,AZ,WSH,86.80,89.90,23,63.05,82.77,line_drive,2,2,2024,2024-07
2024-07-30,2024,R,571578,545341,SL,Slider,,ball,R,L,AZ,WSH,83.30,,,,,,1,2,2024,2024-07
2024-07-30,2024,R,571578,545341,SI,Sinker,,foul,R,L,AZ,WSH,92.50,71.00,51,,,,1,2,2024,2024-07
2024-07-30,2024,R,571578,545341,SL,Slider,,foul,R,L,AZ,WSH,82.10,91.80,39,,,,1,2,2024,2024-07
2024-07-30,2024,R,571578,545341,SL,Slider,,ball,R,L,AZ,WSH,82.80,,,,,,0,2,2024,2024-07
2024-07-30,2024,R,571578,545341,SL,Slider,,foul,R,L,AZ,WSH,82.10,91.90,-27,,,,0,1,2024,2024-07
2024-07-30,2024,R,571578,545341,SL,Slider,,foul,R,L,AZ,WSH,79.20,97.50,-21,,,,0,0,2024,2024-07
2024-07-30,2024,R,571578,553993,SL,Slider,field_out,hit_into_play,R,L,AZ,WSH,72.50,58.30,-23,104.42,169.32,ground_ball,1,0,2024,2024-07
2024-07-30,2024,R,571578,553993,FC,Cutter,,ball,R,L,AZ,WSH,86.10,,,,,,0,0,2024,2024-07
2024-07-30,2024,R,571578,553993,SI,Sinker,single,hit_into_play,R,L,AZ,WSH,91.90,76.30,60,185.98,145.41,popup,1,2,2024,2024-07
2024-07-30,2024,R,571578,553993,FC,Cutter,,foul,R,L,AZ,WSH,86.40,92.70,-24,,,,1,1,2024,2024-07
2024-07-30,2024,R,571578,553993,FC,Cutter,,called_strike,R,L,AZ,WSH,85.30,,,,,,1,0,2024,2024-07
2024-07-30,2024,R,571578,553993,SI,Sinker,,blocked_ball,R,L,AZ,WSH,92.30,,,,,,0,0,2024,2024-07
2024-07-30,2024,R,571578,553993,FF,4-Seam Fastball,home_run,hit_into_play,R,L,AZ,WSH,91.00,99.60,31,32.77,71.11,fly_ball,1,0,2024,2024-07
2024-07-30,2024,R,571578,553993,CU,Curveball,,blocked_ball,R,L,AZ,WSH,70.80,,,,,,0,0,2024,2024-07
2024-07-30,2024,R,571578,606466,SL,Slider,single,hit_into_play,R,L,AZ,WSH,80.90,106.30,4,75.97,101.39,ground_ball,0,0,2024,2024-07
2024-07-30,2024,R,571578,606466,SI,Sinker,single,hit_into_play,R,L,AZ,WSH,91.40,103.90,-25,121.09,138.91,ground_ball,0,1,2024,2024-07
2024-07-30,2024,R,571578,606466,SI,Sinker,,called_strike,R,L,AZ,WSH,92.20,,,,,,0,0,2024,2024-07
2024-07-30,2024,R,571578,606466,SI,Sinker,field_out,hit_into_play,R,L,AZ,WSH,91.00,80.40,-13,110.95,158.17,ground_ball,0,0,2024,2024-07
2024-07-30,2024,R,571578,621028,SL,Slider,field_out,hit_into_play,R,L,AZ,WSH,81.90,91.70,32,109.59,57.38,fly_ball,0,1,2024,2024-07
2024-07-30,2024,R,571578,621028,SL,Slider,,called_strike,R,L,AZ,WSH,80.70,,,,,,0,0,2024,2024-07
2024-07-30,2024,R,571578,621028,SI,Sinker,single,hit_into_play,R,L,AZ,WSH,91.00,82.50,10,123.77,103.62,ground_ball,0,0,2024,2024-07
2024-07-30,2024,R,571578,664983,SL,Slider,double,hit_into_play,L,L,AZ,WSH,80.80,97.80,5,160.13,85.68,ground_ball,2,1,2024,2024-07
2024-07-30,2024,R,571578,664983,SL,Slider,,called_strike,L,L,AZ,WSH,79.60,,,,,,2,0,2024,2024-07
2024-07-30,2024,R,571578,664983,SL,Slider,,ball,L,L,AZ,WSH,83.20,,,,,,1,0,2024,2024-07
2024-07-30,2024,R,571578,664983,SL,Slider,,ball,L,L,AZ,WSH,82.10,,,,,,0,0,2024,2024-07
2024-07-30,2024,R,571578,664983,SL,Slider,strikeout,swinging_strike,L,L,AZ,WSH,80.40,,,,,,1,2,2024,2024-07
2024-07-30,2024,R,571578,664983,SL,Slider,,swinging_strike,L,L,AZ,WSH,80.00,,,,,,1,1,2024,2024-07
2024-07-30,2024,R,571578,664983,SL,Slider,,swinging_strike,L,L,AZ,WSH,79.00,,,,,,1,0,2024,2024-07
2024-07-30,2024,R,571578,664983,SL,Slider,,ball,L,L,AZ,WSH,79.10,,,,,,0,0,2024,2024-07
2024-07-30,2024,R,571578,666971,FC,Cutter,strikeout,swinging_strike,R,L,AZ,WSH,86.50,,,,,,0,2,2024,2024-07
2024-07-30,2024,R,571578,666971,FC,Cutter,,foul,R,L,AZ,WSH,86.90,76.90,42,,,,0,1,2024,2024-07
2024-07-30,2024,R,571578,666971,SI,Sinker,,called_strike,R,L,AZ,WSH,91.20,,,,,,0,0,2024,2024-07
2024-07-30,2024,R,571578,666971,FF,4-Seam Fastball,double,hit_into_play,R,L,AZ,WSH,92.60,81.90,17,192.96,127.24,line_drive,0,0,2024,2024-07
2024-07-30,2024,R,571578,666971,SL,Slider,strikeout,swinging_strike,R,L,AZ,WSH,82.30,,,,,,0,2,2024,2024-07
2024-07-30,2024,R,571578,666971,SL,Slider,,foul,R,L,AZ,WSH,80.60,63.90,46,,,,0,1,2024,2024-07
2024-07-30,2024,R,571578,666971,SL,Slider,,called_strike,R,L,AZ,WSH,73.20,,,,,,0,0,2024,2024-07
2024-07-30,2024,R,571578,672515,FF,4-Seam Fastball,sac_fly,hit_into_play,R,L,AZ,WSH,90.80,91.80,29,192.27,86.42,fly_ball,1,0,2024,2024-07
2024-07-30,2024,R,571578,672515,SI,Sinker,,ball,R,L,AZ,WSH,91.30,,,,,,0,0,2024,2024-07
2024-07-30,2024,R,571578,672515,SL,Slider,double,hit_into_play,R,L,AZ,WSH,82.80,98.70,19,80.03,57.29,line_drive,2,2,2024,2024-07
2024-07-30,2024,R,571578,672515,SL,Slider,,blocked_ball,R,L,AZ,WSH,84.10,,,,,,1,2,2024,2024-07
2024-07-30,2024,R,571578,672515,SL,Slider,,foul,R,L,AZ,WSH,82.90,73.20,-34,,,,1,2,2024,2024-07
2024-07-30,2024,R,571578,672515,SL,Slider,,foul,R,L,AZ,WSH,79.40,85.10,-14,,,,1,1,2024,2024-07
2024-07-30,2024,R,571578,672515,SL,Slider,,called_strike,R,L,AZ,WSH,75.90,,,,,,1,0,2024,2024-07
2024-07-30,2024,R,571578,672515,FC,Cutter,,ball,R,L,AZ,WSH,87.30,,,,,,0,0,2024,2024-07
2024-07-30,2024,R,571578,672515,SI,Sinker,single,hit_into_play,R,L,AZ,WSH,91.40,105.00,4,162.19,110.27,ground_ball,1,1,2024,2024-07
2024-07-30,2024,R,571578,672515,FC,Cutter,,ball,R,L,AZ,WSH,86.20,,,,,,0,1,2024,2024-07
2024-07-30,2024,R,571578,672515,SI,Sinker,,called_strike,R,L,AZ,WSH,89.40,,,,,,0,0,2024,2024-07
2024-07-30,2024,R,571578,672695,SI,Sinker,single,hit_into_play,R,L,AZ,WSH,92.30,105.90,-9,182.43,112.04,ground_ball,0,0,2024,2024-07
2024-07-30,2024,R,571578,672695,FC,Cutter,single,hit_into_play,R,L,AZ,WSH,85.20,100.20,9,159.68,114.23,line_drive,2,2,2024,2024-07
2024-07-30,2024,R,571578,672695,SL,Slider,,blocked_ball,R,L,AZ,WSH,82.30,,,,,,1,2,2024,2024-07
2024-07-30,2024,R,571578,672695,SL,Slider,,swinging_strike,R,L,AZ,WSH,81.30,,,,,,1,1,2024,2024-07
2024-07-30,2024,R,571578,672695,SL,Slider,,foul,R,L,AZ,WSH,79.70,80.70,-17,,,,1,0,2024,2024-07
2024-07-30,2024,R,571578,672695,CU,Curveball,,ball,R,L,AZ,WSH,67.90,,,,,,0,0,2024,2024-07
2024-07-30,2024,R,571578,682998,SI,Sinker,single,hit_into_play,L,L,AZ,WSH,91.30,83.10,3,146.44,91.25,ground_ball,3,2,2024,2024-07
2024-07-30,2024,R,571578,682998,SI,Sinker,,foul,L,L,AZ,WSH,91.20,,,,,,3,2,2024,2024-07
2024-07-30,2024,R,571578,682998,SI,Sinker,,called_strike,L,L,AZ,WSH,90.10,,,,,,3,1,2024,2024-07
2024-07-30,2024,R,571578,682998,SL,Slider,,ball,L,L,AZ,WSH,80.70,,,,,,2,1,2024,2024-07
2024-07-30,2024,R,571578,682998,SL,Slider,,ball,L,L,AZ,WSH,82.50,,,,,,1,1,2024,2024-07
2024-07-30,2024,R,571578,682998,SI,Sinker,,called_strike,L,L,AZ,WSH,90.50,,,,,,1,0,2024,2024-07
2024-07-30,2024,R,571578,682998,SL,Slider,,ball,L,L,AZ,WSH,79.20,,,,,,0,0,2024,2024-07
2024-07-30,2024,R,571578,682998,SL,Slider,field_out,hit_into_play,L,L,AZ,WSH,80.70,84.90,-18,156.07,154.12,ground_ball,2,0,2024,2024-07
2024-07-30,2024,R,571578,682998,SI,Sinker,,ball,L,L,AZ,WSH,91.50,,,,,,1,0,2024,2024-07
2024-07-30,2024,R,571578,682998,FF,4-Seam Fastball,,ball,L,L,AZ,WSH,91.30,,,,,,0,0,2024,2024-07
2024-07-30,2024,R,571656,621020,CH,Changeup,strikeout,swinging_strike,R,R,CIN,CHC,86.30,,,,,,1,2,2024,2024-07
2024-07-30,2024,R,571656,621020,SI,Sinker,,foul,R,R,CIN,CHC,92.30,57.00,-34,,,,1,1,2024,2024-07
2024-07-30,2024,R,571656,621020,SL,Slider,,ball,R,R,CIN,CHC,82.10,,,,,,0,1,2024,2024-07
2024-07-30,2024,R,571656,621020,CH,Changeup,,foul,R,R,CIN,CHC,86.00,81.40,30,,,,0,0,2024,2024-07
2024-07-30,2024,R,571656,663538,CH,Changeup,strikeout,swinging_strike_blocked,R,R,CIN,CHC,86.00,,,,,,0,2,2024,2024-07
2024-07-30,2024,R,571656,663538,SL,Slider,,foul,R,R,CIN,CHC,80.20,87.30,11,,,,0,1,2024,2024-07
2024-07-30,2024,R,571656,663538,SI,Sinker,,foul,R,R,CIN,CHC,91.60,79.00,57,,,,0,0,2024,2024-07
2024-07-30,2024,R,571656,691718,CH,Changeup,field_out,hit_into_play,L,R,CIN,CHC,87.10,92.90,-2,127.32,147.69,ground_ball,0,2,2024,2024-07
2024-07-30,2024,R,571656,691718,FF,4-Seam Fastball,,foul,L,R,CIN,CHC,92.00,89.20,78,,,,0,2,2024,2024-07
2024-07-30,2024,R,571656,691718,CH,Changeup,,foul,L,R,CIN,CHC,87.20,,,,,,0,1,2024,2024-07
2024-07-30,2024,R,571656,691718,CH,Changeup,,swinging_strike,L,R,CIN,CHC,87.10,,,,,,0,0,2024,2024-07
2024-07-30,2024,R,571946,608070,FF,4-Seam Fastball,field_out,hit_into_play,L,R,DET,CLE,93.30,88.40,0,110.15,159.04,ground_ball,0,2,2024,2024-07
2024-07-30,2024,R,571946,608070,FF,4-Seam Fastball,,foul,L,R,DET,CLE,92.50,80.50,62,,,,0,1,2024,2024-07
2024-07-30,2024,R,571946,608070,FF,4-Seam Fastball,,foul,L,R,DET,CLE,92.90,81.50,70,,,,0,0,2024,2024-07
2024-07-30,2024,R,571946,647304,FS,Split-Finger,strikeout,swinging_strike,L,R,DET,CLE,86.40,,,,,,2,2,2024,2024-07
2024-07-30,2024,R,571946,647304,FF,4-Seam Fastball,,ball,L,R,DET,CLE,92.20,,,,,,1,2,2024,2024-07
2024-07-30,2024,R,571946,647304,SL,Slider,,foul,L,R,DET,CLE,87.00,86.70,-29,,,,1,2,2024,2024-07
2024-07-30,2024,R,571946,647304,FS,Split-Finger,,ball,L,R,DET,CLE,85.80,,,,,,0,2,2024,2024-07
2024-07-30,2024,R,571946,647304,FS,Split-Finger,,swinging_strike,L,R,DET,CLE,85.40,,,,,,0,1,2024,2024-07
2024-07-30,2024,R,571946,647304,FF,4-Seam Fastball,,foul,L,R,DET,CLE,93.60,81.70,47,,,,0,0,2024,2024-07
2024-07-30,2024,R,571946,657041,SL,Slider,field_out,hit_into_play,R,R,DET,CLE,87.00,106.60,-8,118.27,150.39,ground_ball,0,1,2024,2024-07
2024-07-30,2024,R,571946,657041,FF,4-Seam Fastball,,called_strike,R,R,DET,CLE,92.40,,,,,,0,0,2024,2024-07
2024-07-30,2024,R,571946,680757,FS,Split-Finger,double_play,hit_into_play,L,R,DET,CLE,84.70,70.60,9,137.86,163.06,line_drive,1,1,2024,2024-07
2024-07-30,2024,R,571946,680757,FS,Split-Finger,,ball,L,R,DET,CLE,85.00,,,,,,0,1,2024,2024-07
2024-07-30,2024,R,571946,680757,FF,4-Seam Fastball,,foul,L,R,DET,CLE,91.50,82.50,46,,,,0,0,2024,2024-07
2024-07-30,2024,R,572020,457759,KC,Knuckle Curve,strikeout,swinging_strike_blocked,R,L,BOS,SEA,82.00,,,,,,1,2,2024,2024-07
2024-07-30,2024,R,572020,457759,KC,Knuckle Curve,,foul,R,L,BOS,SEA,81.70,72.40,36,,,,1,2,2024,2024-07
2024-07-30,2024,R,572020,457759,FF,4-Seam Fastball,,ball,R,L,BOS,SEA,93.80,,,,,,0,2,2024,2024-07
2024-07-30,2024,R,572020,457759,KC,Knuckle Curve,,foul,R,L,BOS,SEA,81.20,80.60,-25,,,,0,1,2024,2024-07
2024-07-30,2024,R,572020,457759,FF,4-Seam Fastball,,called_strike,R,L,BOS,SEA,92.20,,,,,,0,0,2024,2024-07
2024-07-30,2024,R,572020,457759,CH,Changeup,single,hit_into_play,R,L,BOS,SEA,84.50,86.70,15,171.75,96.95,line_drive,2,2,2024,2024-07
2024-07-30,2024,R,572020,457759,FF,4-Seam Fastball,,foul,R,L,BOS,SEA,92.90,73.50,55,,,,2,2,2024,2024-07
2024-07-30,2024,R,572020,457759,FF,4-Seam Fastball,,foul,R,L,BOS,SEA,92.80,75.70,27,,,,2,1,2024,2024-07
2024-07-30,2024,R,572020,457759,FF,4-Seam Fastball,,foul,R,L,BOS,SEA,92.80,76.50,12,,,,2,0,2024,2024-07
2024-07-30,2024,R,572020,457759,FF,4-Seam Fastball,,ball,R,L,BOS,SEA,92.50,,,,,,1,0,2024,2024-07
2024-07-30,2024,R,572020,457759,FF,4-Seam Fastball,,ball,R,L,BOS,SEA,93.00,,,,,,0,0,2024,2024-07
2024-07-30,2024,R,572020,571745,FF,4-Seam Fastball,single,hit_into_play,R,L,BOS,SEA,92.70,109.10,11,72.69,92.52,line_drive,1,0,2024,2024-07
2024-07-30,2024,R,572020,571745,FF,4-Seam Fastball,,ball,R,L,BOS,SEA,92.60,,,,,,0,0,2024,2024-07
2024-07-30,2024,R,572020,571745,KC,Knuckle Curve,field_out,hit_into_play,R,L,BOS,SEA,81.30,93.20,29,196.66,89.96,fly_ball,1,2,2024,2024-07
2024-07-30,2024,R,572020,571745,FF,4-Seam Fastball,,foul,R,L,BOS,SEA,94.40,83.80,30,,,,1,2,2024,2024-07
2024-07-30,2024,R,572020,571745,KC,Knuckle Curve,,swinging_strike,R,L,BOS,SEA,81.20,,,,,,1,1,2024,2024-07
2024-07-30,2024,R,572020,571745,KC,Knuckle Curve,,blocked_ball,R,L,BOS,SEA,82.40,,,,,,0,1,2024,2024-07
2024-07-30,2024,R,572020,571745,FF,4-Seam Fastball,,foul_tip,R,L,BOS,SEA,92.80,,,,,,0,0,2024,2024-07
2024-07-30,2024,R,572020,593871,FF,4-Seam Fastball,home_run,hit_into_play,R,L,BOS,SEA,93.90,100.70,28,85.93,35.21,fly_ball,1,1,2024,2024-07
2024-07-30,2024,R,572020,593871,CH,Changeup,,ball,R,L,BOS,SEA,81.80,,,,,,0,1,2024,2024-07
2024-07-30,2024,R,572020,593871,SI,Sinker,,foul,R,L,BOS,SEA,92.30,80.30,60,,,,0,0,2024,2024-07
2024-07-30,2024,R,572020,593871,KC,Knuckle Curve,strikeout,swinging_strike,R,L,BOS,SEA,81.40,,,,,,0,2,2024,2024-07
2024-07-30,2024,R,572020,593871,KC,Knuckle Curve,,called_strike,R,L,BOS,SEA,80.80,,,,,,0,1,2024,2024-07
2024-07-30,2024,R,572020,593871,FF,4-Seam Fastball,,foul,R,L,BOS,SEA,92.60,98.70,65,,,,0,0,2024,2024-07
2024-07-30,2024,R,572020,641598,FF,4-Seam Fastball,field_out,hit_into_play,R,L,BOS,SEA,93.40,74.90,81,151.00,193.15,popup,0,0,2024,2024-07
2024-07-30,2024,R,572020,641598,FF,4-Seam Fastball,field_out,hit_into_play,R,L,BOS,SEA,92.40,90.70,66,135.79,130.80,popup,3,1,2024,2024-07
2024-07-30,2024,R,572020,641598,FF,4-Seam Fastball,,ball,R,L,BOS,SEA,90.90,,,,,,2,1,2024,2024-07
2024-07-30,2024,R,572020,641598,FF,4-Seam Fastball,,ball,R,L,BOS,SEA,91.70,,,,,,1,1,2024,2024-07
2024-07-30,2024,R,572020,641598,KC,Knuckle Curve,,called_strike,R,L,BOS,SEA,79.20,,,,,,1,0,2024,2024-07
2024-07-30,2024,R,572020,641598,KC,Knuckle Curve,,ball,R,L,BOS,SEA,79.60,,,,,,0,0,2024,2024-07
2024-07-30,2024,R,572020,645302,FF,4-Seam Fastball,fielders_choice,hit_into_play,R,L,BOS,SEA,93.20,98.30,-8,105.38,173.38,ground_ball,2,0,2024,2024-07
2024-07-30,2024,R,572020,645302,FF,4-Seam Fastball,,ball,R,L,BOS,SEA,92.60,,,,,,1,0,2024,2024-07
2024-07-30,2024,R,572020,645302,KC,Knuckle Curve,,ball,R,L,BOS,SEA,81.90,,,,,,0,0,2024,2024-07
2024-07-30,2024,R,572020,645302,FF,4-Seam Fastball,field_out,hit_into_play,R,L,BOS,SEA,94.20,50.70,10,117.54,161.72,ground_ball,2,1,2024,2024-07
2024-07-30,2024,R,572020,645302,KC,Knuckle Curve,,ball,R,L,BOS,SEA,83.50,,,,,,1,1,2024,2024-07
2024-07-30,2024,R,572020,645302,FF,4-Seam Fastball,,ball,R,L,BOS,SEA,94.40,,,,,,0,1,2024,2024-07
2024-07-30,2024,R,572020,645302,KC,Knuckle Curve,,called_strike,R,L,BOS,SEA,81.50,,,,,,0,0,2024,2024-07
2024-07-30,2024,R,572020,645302,FF,4-Seam Fastball,single,hit_into_play,R,L,BOS,SEA,91.60,97.10,12,70.77,126.50,line_drive,0,0,2024,2024-07
2024-07-30,2024,R,572020,660844,KC,Knuckle Curve,single,hit_into_play,R,L,BOS,SEA,80.20,36.40,-57,135.85,189.05,ground_ball,1,1,2024,2024-07
2024-07-30,2024,R,572020,660844,KC,Knuckle Curve,,called_strike,R,L,BOS,SEA,78.80,,,,,,1,0,2024,2024-07
2024-07-30,2024,R,572020,660844,FF,4-Seam Fastball,,ball,R,L,BOS,SEA,92.10,,,,,,0,0,2024,2024-07
2024-07-30,2024,R,572020,660844,FF,4-Seam Fastball,strikeout,called_strike,R,L,BOS,SEA,93.80,,,,,,3,2,2024,2024-07
2024-07-30,2024,R,572020,660844,FF,4-Seam Fastball,,foul,R,L,BOS,SEA,93.10,72.20,28,,,,3,2,2024,2024-07
2024-07-30,2024,R,572020,660844,FF,4-Seam Fastball,,foul,R,L,BOS,SEA,93.70,71.00,40,,,,3,2,2024,2024-07
2024-07-30,2024,R,572020,660844,FF,4-Seam Fastball,,swinging_strike,R,L,BOS,SEA,93.40,,,,,,3,1,2024,2024-07
2024-07-30,2024,R,572020,660844,FF,4-Seam Fastball,,ball,R,L,BOS,SEA,93.10,,,,,,2,1,2024,2024-07
2024-07-30,2024,R,572020,660844,FF,4-Seam Fastball,,swinging_strike,R,L,BOS,SEA,92.80,,,,,,2,0,2024,2024-07
2024-07-30,2024,R,572020,660844,FF,4-Seam Fastball,,ball,R,L,BOS,SEA,92.90,,,,,,1,0,2024,2024-07
2024-07-30,2024,R,572020,660844,FF,4-Seam Fastball,,ball,R,L,BOS,SEA,92.90,,,,,,0,0,2024,2024-07
2024-07-30,2024,R,572020,663728,FF,4-Seam Fastball,strikeout,swinging_strike,R,L,BOS,SEA,94.30,,,,,,2,2,2024,2024-07
2024-07-30,2024,R,572020,663728,KC,Knuckle Curve,,blocked_ball,R,L,BOS,SEA,83.70,,,,,,1,2,2024,2024-07
2024-07-30,2024,R,572020,663728,KC,Knuckle Curve,,swinging_strike,R,L,BOS,SEA,80.80,,,,,,1,1,2024,2024-07
2024-07-30,2024,R,572020,663728,FF,4-Seam Fastball,,ball,R,L,BOS,SEA,94.20,,,,,,0,1,2024,2024-07
2024-07-30,2024,R,572020,663728,KC,Knuckle Curve,,swinging_strike_blocked,R,L,BOS,SEA,81.80,,,,,,0,0,2024,2024-07
2024-07-30,2024,R,572020,663728,KC,Knuckle Curve,field_out,hit_into_play,R,L,BOS,SEA,80.30,93.80,25,108.31,59.99,fly_ball,0,1,2024,2024-07
2024-07-30,2024,R,572020,663728,KC,Knuckle Curve,,called_strike,R,L,BOS,SEA,79.30,,,,,,0,0,2024,2024-07
2024-07-30,2024,R,572020,663728,FF,4-Seam Fastball,field_out,hit_into_play,R,L,BOS,SEA,92.80,99.50,53,65.09,99.83,fly_ball,0,0,2024,2024-07
2024-07-30,2024,R,572020,664238,FF,4-Seam Fastball,walk,ball,R,L,BOS,SEA,94.30,,,,,,3,2,2024,2024-07
2024-07-30,2024,R,572020,664238,FF,4-Seam Fastball,,foul,R,L,BOS,SEA,93.20,84.80,62,,,,3,1,2024,2024-07
2024-07-30,2024,R,572020,664238,FF,4-Seam Fastball,,ball,R,L,BOS,SEA,93.20,,,,,,2,1,2024,2024-07
2024-07-30,2024,R,572020,664238,KC,Knuckle Curve,,ball,R,L,BOS,SEA,82.50,,,,,,1,1,2024,2024-07
2024-07-30,2024,R,572020,664238,KC,Knuckle Curve,,ball,R,L,BOS,SEA,82.50,,,,,,0,1,2024,2024-07
2024-07-30,2024,R,572020,664238,KC,Knuckle Curve,,called_strike,R,L,BOS,SEA,81.50,,,,,,0,0,2024,2024-07
2024-07-30,2024,R,572020,664238,FF,4-Seam Fastball,double,hit_into_play,R,L,BOS,SEA,91.70,96.30,28,88.17,53.86,fly_ball,1,0,2024,2024-07
2024-07-30,2024,R,572020,664238,KC,Knuckle Curve,,ball,R,L,BOS,SEA,79.70,,,,,,0,0,2024,2024-07
2024-07-30,2024,R,572020,668227,KC,Knuckle Curve,fielders_choice,hit_into_play,R,L,BOS,SEA,81.90,107.90,-2,110.45,146.51,ground_ball,0,0,2024,2024-07
2024-07-30,2024,R,572020,668227,FF,4-Seam Fastball,field_out,hit_into_play,R,L,BOS,SEA,94.20,93.10,57,187.21,125.60,fly_ball,0,2,2024,2024-07
2024-07-30,2024,R,572020,668227,KC,Knuckle Curve,,foul,R,L,BOS,SEA,82.50,94.20,-11,,,,0,1,2024,2024-07
2024-07-30,2024,R,572020,668227,KC,Knuckle Curve,,called_strike,R,L,BOS,SEA,82.40,,,,,,0,0,2024,2024-07
2024-07-30,2024,R,572020,668227,KC,Knuckle Curve,strikeout,swinging_strike_blocked,R,L,BOS,SEA,81.50,,,,,,0,2,2024,2024-07
2024-07-30,2024,R,572020,668227,FF,4-Seam Fastball,,called_strike,R,L,BOS,SEA,92.30,,,,,,0,1,2024,2024-07
2024-07-30,2024,R,572020,668227,FF,4-Seam Fastball,,called_strike,R,L,BOS,SEA,91.90,,,,,,0,0,2024,2024-07
2024-07-30,2024,R,573124,664913,SI,Sinker,strikeout,called_strike,L,L,SF,ATH,92.60,,,,,,1,2,2024,2024-07
2024-07-30,2024,R,573124,664913,SI,Sinker,,ball,L,L,SF,ATH,93.60,,,,,,0,2,2024,2024-07
2024-07-30,2024,R,573124,664913,ST,Sweeper,,called_strike,L,L,SF,ATH,78.60,,,,,,0,1,2024,2024-07
2024-07-30,2024,R,573124,664913,ST,Sweeper,,swinging_strike,L,L,SF,ATH,78.50,,,,,,0,0,2024,2024-07
2024-07-30,2024,R,573124,668709,SI,Sinker,home_run,hit_into_play,L,L,SF,ATH,92.60,97.30,32,229.01,86.80,fly_ball,1,2,2024,2024-07
2024-07-30,2024,R,573124,668709,ST,Sweeper,,ball,L,L,SF,ATH,79.20,,,,,,0,2,2024,2024-07
2024-07-30,2024,R,573124,668709,ST,Sweeper,,called_strike,L,L,SF,ATH,77.50,,,,,,0,1,2024,2024-07
2024-07-30,2024,R,573124,668709,SI,Sinker,,called_strike,L,L,SF,ATH,92.70,,,,,,0,0,2024,2024-07
2024-07-30,2024,R,573124,680869,SI,Sinker,single,hit_into_play,R,L,SF,ATH,92.40,63.60,-44,101.13,171.12,ground_ball,1,0,2024,2024-07
2024-07-30,2024,R,573124,680869,ST,Sweeper,,ball,R,L,SF,ATH,79.30,,,,,,0,0,2024,2024-07
2024-07-30,2024,R,573124,695391,ST,Sweeper,field_out,hit_into_play,R,L,SF,ATH,79.90,72.20,39,173.43,123.26,fly_ball,3,2,2024,2024-07
2024-07-30,2024,R,573124,695391,SI,Sinker,,called_strike,R,L,SF,ATH,92.50,,,,,,3,1,2024,2024-07
2024-07-30,2024,R,573124,695391,SI,Sinker,,ball,R,L,SF,ATH,92.80,,,,,,2,1,2024,2024-07
2024-07-30,2024,R,573124,695391,SI,Sinker,,ball,R,L,SF,ATH,93.00,,,,,,1,1,2024,2024-07
2024-07-30,2024,R,573124,695391,ST,Sweeper,,called_strike,R,L,SF,ATH,79.00,,,,,,1,0,2024,2024-07
2024-07-30,2024,R,573124,695391,SI,Sinker,,ball,R,L,SF,ATH,92.90,,,,,,0,0,2024,2024-07
2024-07-30,2024,R,573204,502110,CU,Curveball,strikeout,swinging_strike,R,L,NYM,MIN,76.10,,,,,,1,2,2024,2024-07
2024-07-30,2024,R,573204,502110,FF,4-Seam Fastball,,swinging_strike,R,L,NYM,MIN,94.20,,,,,,1,1,2024,2024-07
2024-07-30,2024,R,573204,502110,FF,4-Seam Fastball,,ball,R,L,NYM,MIN,93.70,,,,,,0,1,2024,2024-07
2024-07-30,2024,R,573204,502110,CU,Curveball,,called_strike,R,L,NYM,MIN,76.00,,,,,,0,0,2024,2024-07
2024-07-30,2024,R,573204,596019,ST,Sweeper,field_out,hit_into_play,R,L,NYM,MIN,83.20,87.10,2,112.20,156.62,ground_ball,0,1,2024,2024-07
2024-07-30,2024,R,573204,596019,ST,Sweeper,,called_strike,R,L,NYM,MIN,82.50,,,,,,0,0,2024,2024-07
2024-07-30,2024,R,573204,607043,FF,4-Seam Fastball,single,hit_into_play,L,L,NYM,MIN,94.70,99.40,-19,136.97,140.49,ground_ball,1,2,2024,2024-07
2024-07-30,2024,R,573204,607043,ST,Sweeper,,foul,L,L,NYM,MIN,82.70,75.60,81,,,,1,1,2024,2024-07
2024-07-30,2024,R,573204,607043,ST,Sweeper,,foul,L,L,NYM,MIN,82.80,66.40,9,,,,1,0,2024,2024-07
2024-07-30,2024,R,573204,607043,ST,Sweeper,,ball,L,L,NYM,MIN,83.00,,,,,,0,0,2024,2024-07
2024-07-30,2024,R,573204,664056,FF,4-Seam Fastball,field_out,hit_into_play,R,L,NYM,MIN,93.40,85.70,49,199.45,119.33,fly_ball,3,2,2024,2024-07
2024-07-30,2024,R,573204,664056,FF,4-Seam Fastball,,ball,R,L,NYM,MIN,94.20,,,,,,2,2,2024,2024-07
2024-07-30,2024,R,573204,664056,ST,Sweeper,,foul,R,L,NYM,MIN,79.30,93.20,17,,,,2,1,2024,2024-07
2024-07-30,2024,R,573204,664056,ST,Sweeper,,ball,R,L,NYM,MIN,81.10,,,,,,1,1,2024,2024-07
2024-07-30,2024,R,573204,664056,CU,Curveball,,called_strike,R,L,NYM,MIN,73.40,,,,,,1,0,2024,2024-07
2024-07-30,2024,R,573204,664056,CU,Curveball,,ball,R,L,NYM,MIN,73.70,,,,,,0,0,2024,2024-07
2024-07-30,2024,R,592454,607208,CH,Changeup,field_out,hit_into_play,R,R,PHI,NYY,88.60,100.20,-1,102.41,156.79,ground_ball,0,1,2024,2024-07
2024-07-30,2024,R,592454,607208,CH,Changeup,,called_strike,R,R,PHI,NYY,89.00,,,,,,0,0,2024,2024-07
2024-07-30,2024,R,592454,656941,FF,4-Seam Fastball,hit_by_pitch,hit_by_pitch,L,R,PHI,NYY,95.20,,,,,,1,0,2024,2024-07
2024-07-30,2024,R,592454,656941,CH,Changeup,,ball,L,R,PHI,NYY,88.20,,,,,,0,0,2024,2024-07
2024-07-30,2024,R,592454,669720,CH,Changeup,field_out,hit_into_play,R,R,PHI,NYY,88.60,88.00,29,96.32,63.01,fly_ball,2,2,2024,2024-07
2024-07-30,2024,R,592454,669720,CH,Changeup,,swinging_strike,R,R,PHI,NYY,88.50,,,,,,2,1,2024,2024-07
2024-07-30,2024,R,592454,669720,CH,Changeup,,ball,R,R,PHI,NYY,89.40,,,,,,1,1,2024,2024-07
2024-07-30,2024,R,592454,669720,CH,Changeup,,ball,R,R,PHI,NYY,88.60,,,,,,0,1,2024,2024-07
2024-07-30,2024,R,592454,669720,CH,Changeup,,called_strike,R,R,PHI,NYY,89.00,,,,,,0,0,2024,2024-07
2024-07-30,2024,R,592454,681082,CH,Changeup,strikeout,called_strike,L,R,PHI,NYY,86.60,,,,,,0,2,2024,2024-07
2024-07-30,2024,R,592454,681082,CH,Changeup,,swinging_strike,L,R,PHI,NYY,87.90,,,,,,0,1,2024,2024-07
2024-07-30,2024,R,592454,681082,CH,Changeup,,called_strike,L,R,PHI,NYY,88.30,,,,,,0,0,2024,2024-07
2024-07-30,2024,R,592662,609280,FF,4-Seam Fastball,field_out,hit_into_play,R,L,SF,ATH,93.90,90.40,40,178.50,102.02,fly_ball,1,1,2024,2024-07
2024-07-30,2024,R,592662,609280,FF,4-Seam Fastball,,foul,R,L,SF,ATH,94.30,79.00,17,,,,1,0,2024,2024-07
2024-07-30,2024,R,592662,609280,SL,Slider,,ball,R,L,SF,ATH,88.00,,,,,,0,0,2024,2024-07
2024-07-30,2024,R,592662,609280,FF,4-Seam Fastball,field_out,hit_into_play,R,L,SF,ATH,93.40,101.40,-7,110.13,151.04,ground_ball,1,1,2024,2024-07
2024-07-30,2024,R,592662,609280,FF,4-Seam Fastball,,ball,R,L,SF,ATH,94.80,,,,,,0,1,2024,2024-07
2024-07-30,2024,R,592662,609280,SL,Slider,,called_strike,R,L,SF,ATH,88.50,,,,,,0,0,2024,2024-07
2024-07-30,2024,R,592662,609280,KC,Knuckle Curve,single,hit_into_play,R,L,SF,ATH,85.40,77.50,19,90.11,92.28,line_drive,2,2,2024,2024-07
2024-07-30,2024,R,592662,609280,SL,Slider,,foul,R,L,SF,ATH,89.80,70.80,71,,,,2,2,2024,2024-07
2024-07-30,2024,R,592662,609280,FF,4-Seam Fastball,,foul,R,L,SF,ATH,95.80,89.30,51,,,,2,2,2024,2024-07
2024-07-30,2024,R,592662,609280,FF,4-Seam Fastball,,ball,R,L,SF,ATH,94.90,,,,,,1,2,2024,2024-07
2024-07-30,2024,R,592662,609280,KC,Knuckle Curve,,swinging_strike,R,L,SF,ATH,83.40,,,,,,1,1,2024,2024-07
2024-07-30,2024,R,592662,609280,KC,Knuckle Curve,,ball,R,L,SF,ATH,82.40,,,,,,0,1,2024,2024-07
2024-07-30,2024,R,592662,609280,FF,4-Seam Fastball,,foul,R,L,SF,ATH,94.60,77.10,13,,,,0,0,2024,2024-07
2024-07-30,2024,R,592662,663527,FF,4-Seam Fastball,walk,ball,R,L,SF,ATH,93.80,,,,,,3,1,2024,2024-07
2024-07-30,2024,R,592662,663527,FF,4-Seam Fastball,,called_strike,R,L,SF,ATH,92.80,,,,,,3,0,2024,2024-07
2024-07-30,2024,R,592662,663527,FF,4-Seam Fastball,,ball,R,L,SF,ATH,94.60,,,,,,2,0,2024,2024-07
2024-07-30,2024,R,592662,663527,KC,Knuckle Curve,,blocked_ball,R,L,SF,ATH,83.80,,,,,,1,0,2024,2024-07
2024-07-30,2024,R,592662,663527,KC,Knuckle Curve,,blocked_ball,R,L,SF,ATH,84.20,,,,,,0,0,2024,2024-07
2024-07-30,2024,R,592662,663527,KC,Knuckle Curve,strikeout,swinging_strike_blocked,R,L,SF,ATH,84.30,,,,,,2,2,2024,2024-07
2024-07-30,2024,R,592662,663527,FF,4-Seam Fastball,,ball,R,L,SF,ATH,94.60,,,,,,1,2,2024,2024-07
2024-07-30,2024,R,592662,663527,SL,Slider,,foul,R,L,SF,ATH,87.70,87.50,-3,,,,1,2,2024,2024-07
2024-07-30,2024,R,592662,663527,FF,4-Seam Fastball,,foul,R,L,SF,ATH,94.10,58.40,17,,,,1,2,2024,2024-07
2024-07-30,2024,R,592662,663527,FF,4-Seam Fastball,,foul,R,L,SF,ATH,94.40,76.80,20,,,,1,1,2024,2024-07
2024-07-30,2024,R,592662,663527,FF,4-Seam Fastball,,swinging_strike,R,L,SF,ATH,94.50,,,,,,1,0,2024,2024-07
2024-07-30,2024,R,592662,663527,FF,4-Seam Fastball,,ball,R,L,SF,ATH,93.70,,,,,,0,0,2024,2024-07
2024-07-30,2024,R,592662,663662,FF,4-Seam Fastball,strikeout,called_strike,R,L,SF,ATH,94.60,,,,,,1,2,2024,2024-07
2024-07-30,2024,R,592662,663662,SL,Slider,,blocked_ball,R,L,SF,ATH,88.90,,,,,,0,2,2024,2024-07
2024-07-30,2024,R,592662,663662,FF,4-Seam Fastball,,foul,R,L,SF,ATH,93.30,71.40,50,,,,0,2,2024,2024-07
2024-07-30,2024,R,592662,663662,FF,4-Seam Fastball,,foul,R,L,SF,ATH,93.60,85.80,21,,,,0,2,2024,2024-07
2024-07-30,2024,R,592662,663662,FF,4-Seam Fastball,,called_strike,R,L,SF,ATH,92.70,,,,,,0,1,2024,2024-07
2024-07-30,2024,R,592662,663662,FF,4-Seam Fastball,,called_strike,R,L,SF,ATH,93.50,,,,,,0,0,2024,2024-07
2024-07-30,2024,R,592662,663662,KC,Knuckle Curve,home_run,hit_into_play,R,L,SF,ATH,83.70,105.00,22,17.25,94.14,fly_ball,3,2,2024,2024-07
2024-07-30,2024,R,592662,663662,KC,Knuckle Curve,,ball,R,L,SF,ATH,85.10,,,,,,2,2,2024,2024-07
2024-07-30,2024,R,592662,663662,FF,4-Seam Fastball,,foul,R,L,SF,ATH,93.20,,,,,,2,1,2024,2024-07
2024-07-30,2024,R,592662,663662,FF,4-Seam Fastball,,ball,R,L,SF,ATH,94.60,,,,,,1,1,2024,2024-07
2024-07-30,2024,R,592662,663662,SL,Slider,,foul,R,L,SF,ATH,87.70,110.20,13,,,,1,0,2024,2024-07
2024-07-30,2024,R,592662,663662,SL,Slider,,ball,R,L,SF,ATH,87.70,,,,,,0,0,2024,2024-07
2024-07-30,2024,R,592662,667670,FF,4-Seam Fastball,home_run,hit_into_play,R,L,SF,ATH,95.00,105.00,33,55.66,53.61,fly_ball,0,2,2024,2024-07
2024-07-30,2024,R,592662,667670,FF,4-Seam Fastball,,foul,R,L,SF,ATH,94.30,62.70,34,,,,0,1,2024,2024-07
2024-07-30,2024,R,592662,667670,FF,4-Seam Fastball,,swinging_strike,R,L,SF,ATH,95.00,,,,,,0,0,2024,2024-07
2024-07-30,2024,R,592662,667670,FF,4-Seam Fastball,field_out,hit_into_play,R,L,SF,ATH,94.40,102.00,-15,97.42,161.33,ground_ball,2,1,2024,2024-07
2024-07-30,2024,R,592662,667670,FF,4-Seam Fastball,,swinging_strike,R,L,SF,ATH,95.00,,,,,,2,0,2024,2024-07
2024-07-30,2024,R,592662,667670,KC,Knuckle Curve,,ball,R,L,SF,ATH,82.90,,,,,,1,0,2024,2024-07
2024-07-30,2024,R,592662,667670,KC,Knuckle Curve,,ball,R,L,SF,ATH,83.00,,,,,,0,0,2024,2024-07
2024-07-30,2024,R,592662,667670,FF,4-Seam Fastball,walk,ball,R,L,SF,ATH,95.40,,,,,,3,2,2024,2024-07
2024-07-30,2024,R,592662,667670,FF,4-Seam Fastball,,foul,R,L,SF,ATH,95.10,70.40,17,,,,3,2,2024,2024-07
2024-07-30,2024,R,592662,667670,KC,Knuckle Curve,,ball,R,L,SF,ATH,85.40,,,,,,2,2,2024,2024-07
2024-07-30,2024,R,592662,667670,FF,4-Seam Fastball,,foul,R,L,SF,ATH,95.50,77.80,46,,,,2,2,2024,2024-07
2024-07-30,2024,R,592662,667670,FF,4-Seam Fastball,,ball,R,L,SF,ATH,96.30,,,,,,1,2,2024,2024-07
2024-07-30,2024,R,592662,667670,FF,4-Seam Fastball,,foul,R,L,SF,ATH,93.90,74.80,37,,,,1,1,2024,2024-07
2024-07-30,2024,R,592662,667670,FF,4-Seam Fastball,,ball,R,L,SF,ATH,95.30,,,,,,0,1,2024,2024-07
2024-07-30,2024,R,592662,667670,SL,Slider,,foul,R,L,SF,ATH,89.70,,,,,,0,0,2024,2024-07
2024-07-30,2024,R,592662,669127,FF,4-Seam Fastball,single,hit_into_play,R,L,SF,ATH,93.80,84.40,12,123.15,102.17,line_drive,0,1,2024,2024-07
2024-07-30,2024,R,592662,669127,KC,Knuckle Curve,,called_strike,R,L,SF,ATH,81.20,,,,,,0,0,2024,2024-07
2024-07-30,2024,R,592662,669127,FF,4-Seam Fastball,strikeout,swinging_strike,R,L,SF,ATH,95.10,,,,,,0,2,2024,2024-07
2024-07-30,2024,R,592662,669127,FF,4-Seam Fastball,,called_strike,R,L,SF,ATH,94.50,,,,,,0,1,2024,2024-07
2024-07-30,2024,R,592662,669127,FF,4-Seam Fastball,,foul,R,L,SF,ATH,93.20,,,,,,0,0,2024,2024-07
2024-07-30,2024,R,592662,671732,SL,Slider,single,hit_into_play,L,L,SF,ATH,89.60,63.50,-64,137.81,190.10,ground_ball,3,2,2024,2024-07
2024-07-30,2024,R,592662,671732,SL,Slider,,called_strike,L,L,SF,ATH,88.10,,,,,,3,1,2024,2024-07
2024-07-30,2024,R,592662,671732,FF,4-Seam Fastball,,called_strike,L,L,SF,ATH,93.60,,,,,,3,0,2024,2024-07
2024-07-30,2024,R,592662,671732,FF,4-Seam Fastball,,ball,L,L,SF,ATH,93.40,,,,,,2,0,2024,2024-07
2024-07-30,2024,R,592662,671732,SL,Slider,,ball,L,L,SF,ATH,86.60,,,,,,1,0,2024,2024-07
2024-07-30,2024,R,592662,671732,SL,Slider,,ball,L,L,SF,ATH,86.40,,,,,,0,0,2024,2024-07
2024-07-30,2024,R,592662,671732,FF,4-Seam Fastball,home_run,hit_into_play,L,L,SF,ATH,94.50,106.50,25,155.54,39.20,fly_ball,2,2,2024,2024-07
2024-07-30,2024,R,592662,671732,FF,4-Seam Fastball,,ball,L,L,SF,ATH,93.70,,,,,,1,2,2024,2024-07
2024-07-30,2024,R,592662,671732,SL,Slider,,swinging_strike,L,L,SF,ATH,89.10,,,,,,1,1,2024,2024-07
2024-07-30,2024,R,592662,671732,SL,Slider,,ball,L,L,SF,ATH,88.80,,,,,,0,1,2024,2024-07
2024-07-30,2024,R,592662,671732,FF,4-Seam Fastball,,called_strike,L,L,SF,ATH,93.20,,,,,,0,0,2024,2024-07
2024-07-30,2024,R,592662,671732,FF,4-Seam Fastball,field_out,hit_into_play,L,L,SF,ATH,95.10,89.70,63,76.84,118.97,fly_ball,0,0,2024,2024-07
2024-07-30,2024,R,592662,680474,FF,4-Seam Fastball,field_out,hit_into_play,R,L,SF,ATH,94.70,98.10,24,133.97,58.28,fly_ball,1,0,2024,2024-07
2024-07-30,2024,R,592662,680474,FF,4-Seam Fastball,,ball,R,L,SF,ATH,95.10,,,,,,0,0,2024,2024-07
2024-07-30,2024,R,592662,680474,SL,Slider,field_out,hit_into_play,R,L,SF,ATH,89.20,72.10,-6,117.97,165.46,ground_ball,1,2,2024,2024-07
2024-07-30,2024,R,592662,680474,FF,4-Seam Fastball,,foul,R,L,SF,ATH,93.20,81.20,82,,,,1,2,2024,2024-07
2024-07-30,2024,R,592662,680474,FF,4-Seam Fastball,,foul,R,L,SF,ATH,94.60,76.80,70,,,,1,2,2024,2024-07
2024-07-30,2024,R,592662,680474,FF,4-Seam Fastball,,swinging_strike,R,L,SF,ATH,93.30,,,,,,1,1,2024,2024-07
2024-07-30,2024,R,592662,680474,FF,4-Seam Fastball,,foul,R,L,SF,ATH,93.40,72.30,22,,,,1,0,2024,2024-07
2024-07-30,2024,R,592662,680474,FF,4-Seam Fastball,,ball,R,L,SF,ATH,93.40,,,,,,0,0,2024,2024-07
2024-07-30,2024,R,592662,680869,FF,4-Seam Fastball,walk,ball,R,L,SF,ATH,93.20,,,,,,3,0,2024,2024-07
2024-07-30,2024,R,592662,680869,SL,Slider,,blocked_ball,R,L,SF,ATH,89.50,,,,,,2,0,2024,2024-07
2024-07-30,2024,R,592662,680869,FF,4-Seam Fastball,,ball,R,L,SF,ATH,92.50,,,,,,1,0,2024,2024-07
2024-07-30,2024,R,592662,680869,FF,4-Seam Fastball,,ball,R,L,SF,ATH,94.50,,,,,,0,0,2024,2024-07
2024-07-30,2024,R,592662,680869,KC,Knuckle Curve,single,hit_into_play,R,L,SF,ATH,85.00,89.50,-12,114.97,81.45,ground_ball,0,2,2024,2024-07
2024-07-30,2024,R,592662,680869,SL,Slider,,swinging_strike,R,L,SF,ATH,89.10,,,,,,0,1,2024,2024-07
2024-07-30,2024,R,592662,680869,SL,Slider,,swinging_strike,R,L,SF,ATH,87.40,,,,,,0,0,2024,2024-07
2024-07-30,2024,R,592662,695391,FF,4-Seam Fastball,field_out,hit_into_play,R,L,SF,ATH,94.30,65.90,71,156.11,164.35,popup,0,2,2024,2024-07
2024-07-30,2024,R,592662,695391,SL,Slider,,foul,R,L,SF,ATH,89.80,91.30,-38,,,,0,2,2024,2024-07
2024-07-30,2024,R,592662,695391,FF,4-Seam Fastball,,foul,R,L,SF,ATH,95.20,77.60,17,,,,0,1,2024,2024-07
2024-07-30,2024,R,592662,695391,FF,4-Seam Fastball,,foul_tip,R,L,SF,ATH,94.60,,,,,,0,0,2024,2024-07
2024-07-30,2024,R,592662,695391,FF,4-Seam Fastball,strikeout,called_strike,R,L,SF,ATH,93.80,,,,,,2,2,2024,2024-07
2024-07-30,2024,R,592662,695391,FF,4-Seam Fastball,,foul,R,L,SF,ATH,93.40,,,,,,2,2,2024,2024-07
2024-07-30,2024,R,592662,695391,FF,4-Seam Fastball,,foul,R,L,SF,ATH,94.80,71.50,26,,,,2,1,2024,2024-07
2024-07-30,2024,R,592662,695391,FF,4-Seam Fastball,,ball,R,L,SF,ATH,95.10,,,,,,1,1,2024,2024-07
2024-07-30,2024,R,592662,695391,SL,Slider,,ball,R,L,SF,ATH,89.10,,,,,,0,1,2024,2024-07
2024-07-30,2024,R,592662,695391,FF,4-Seam Fastball,,called_strike,R,L,SF,ATH,93.80,,,,,,0,0,2024,2024-07
2024-07-30,2024,R,592773,543877,SL,Slider,field_out,hit_into_play,R,R,NYM,MIN,86.60,83.70,43,191.70,118.13,fly_ball,1,1,2024,2024-07
2024-07-30,2024,R,592773,543877,SL,Slider,,ball,R,R,NYM,MIN,87.00,,,,,,0,1,2024,2024-07
2024-07-30,2024,R,592773,543877,FF,4-Seam Fastball,,called_strike,R,R,NYM,MIN,96.10,,,,,,0,0,2024,2024-07
2024-07-30,2024,R,592773,596146,FS,Split-Finger,field_error,hit_into_play,L,R,NYM,MIN,88.60,96.20,3,153.29,168.70,ground_ball,2,2,2024,2024-07
2024-07-30,2024,R,592773,596146,FF,4-Seam Fastball,,ball,L,R,NYM,MIN,97.90,,,,,,1,2,2024,2024-07
2024-07-30,2024,R,592773,596146,FF,4-Seam Fastball,,foul,L,R,NYM,MIN,98.00,,,,,,1,1,2024,2024-07
2024-07-30,2024,R,592773,596146,FF,4-Seam Fastball,,called_strike,L,R,NYM,MIN,95.40,,,,,,1,0,2024,2024-07
2024-07-30,2024,R,592773,596146,SL,Slider,,ball,L,R,NYM,MIN,86.90,,,,,,0,0,2024,2024-07
2024-07-30,2024,R,592773,663616,FS,Split-Finger,field_out,hit_into_play,L,R,NYM,MIN,89.70,91.00,47,125.84,80.31,fly_ball,1,2,2024,2024-07
2024-07-30,2024,R,592773,663616,FF,4-Seam Fastball,,swinging_strike,L,R,NYM,MIN,97.50,,,,,,1,1,2024,2024-07
2024-07-30,2024,R,592773,663616,FS,Split-Finger,,blocked_ball,L,R,NYM,MIN,90.10,,,,,,0,1,2024,2024-07
2024-07-30,2024,R,592773,663616,SL,Slider,,swinging_strike,L,R,NYM,MIN,86.70,,,,,,0,0,2024,2024-07
2024-07-30,2024,R,592773,686797,FS,Split-Finger,walk,ball,L,R,NYM,MIN,89.80,,,,,,3,2,2024,2024-07
2024-07-30,2024,R,592773,686797,FF,4-Seam Fastball,,foul,L,R,NYM,MIN,96.10,81.10,53,,,,3,2,2024,2024-07
2024-07-30,2024,R,592773,686797,SL,Slider,,foul,L,R,NYM,MIN,86.30,89.30,-6,,,,3,2,2024,2024-07
2024-07-30,2024,R,592773,686797,FS,Split-Finger,,ball,L,R,NYM,MIN,89.80,,,,,,2,2,2024,2024-07
2024-07-30,2024,R,592773,686797,FF,4-Seam Fastball,,foul,L,R,NYM,MIN,96.40,,,,,,2,1,2024,2024-07
2024-07-30,2024,R,592773,686797,FS,Split-Finger,,ball,L,R,NYM,MIN,87.10,,,,,,1,1,2024,2024-07
2024-07-30,2024,R,592773,686797,FF,4-Seam Fastball,,called_strike,L,R,NYM,MIN,96.50,,,,,,1,0,2024,2024-07
2024-07-30,2024,R,592773,686797,FF,4-Seam Fastball,,ball,L,R,NYM,MIN,97.50,,,,,,0,0,2024,2024-07
2024-07-30,2024,R,595014,444482,ST,Sweeper,strikeout,swinging_strike,L,R,SD,LAD,83.60,,,,,,0,2,2024,2024-07
2024-07-30,2024,R,595014,444482,FF,4-Seam Fastball,,foul,L,R,SD,LAD,93.20,82.60,-17,,,,0,1,2024,2024-07
2024-07-30,2024,R,595014,444482,SI,Sinker,,called_strike,L,R,SD,LAD,94.60,,,,,,0,0,2024,2024-07
2024-07-30,2024,R,595014,592518,SI,Sinker,home_run,hit_into_play,R,R,SD,LAD,94.50,108.30,29,62.08,43.80,fly_ball,0,0,2024,2024-07
2024-07-30,2024,R,595014,593428,ST,Sweeper,strikeout,called_strike,R,R,SD,LAD,83.90,,,,,,2,2,2024,2024-07
2024-07-30,2024,R,595014,593428,SI,Sinker,,foul,R,R,SD,LAD,94.40,70.30,-41,,,,2,1,2024,2024-07
2024-07-30,2024,R,595014,593428,SI,Sinker,,called_strike,R,R,SD,LAD,94.30,,,,,,2,0,2024,2024-07
2024-07-30,2024,R,595014,593428,SI,Sinker,,ball,R,R,SD,LAD,93.50,,,,,,1,0,2024,2024-07
2024-07-30,2024,R,595014,593428,ST,Sweeper,,ball,R,R,SD,LAD,83.80,,,,,,0,0,2024,2024-07
2024-07-30,2024,R,595014,673490,SI,Sinker,field_out,hit_into_play,R,R,SD,LAD,93.90,53.30,-1,109.19,166.72,ground_ball,2,2,2024,2024-07
2024-07-30,2024,R,595014,673490,ST,Sweeper,,called_strike,R,R,SD,LAD,82.60,,,,,,2,1,2024,2024-07
2024-07-30,2024,R,595014,673490,SI,Sinker,,ball,R,R,SD,LAD,94.70,,,,,,1,1,2024,2024-07
2024-07-30,2024,R,595014,673490,ST,Sweeper,,called_strike,R,R,SD,LAD,82.80,,,,,,1,0,2024,2024-07
2024-07-30,2024,R,595014,673490,ST,Sweeper,,ball,R,R,SD,LAD,83.70,,,,,,0,0,2024,2024-07
2024-07-30,2024,R,595014,701538,FC,Cutter,home_run,hit_into_play,L,R,SD,LAD,90.30,102.50,34,209.76,63.01,fly_ball,2,1,2024,2024-07
2024-07-30,2024,R,595014,701538,ST,Sweeper,,ball,L,R,SD,LAD,83.30,,,,,,1,1,2024,2024-07
2024-07-30,2024,R,595014,701538,FF,4-Seam Fastball,,foul,L,R,SD,LAD,93.90,74.20,35,,,,1,0,2024,2024-07
2024-07-30,2024,R,595014,701538,FF,4-Seam Fastball,,ball,L,R,SD,LAD,94.50,,,,,,0,0,2024,2024-07
2024-07-30,2024,R,596133,547180,CH,Changeup,field_out,hit_into_play,L,R,PHI,NYY,88.30,84.10,-35,158.34,164.93,ground_ball,2,1,2024,2024-07
2024-07-30,2024,R,596133,547180,CH,Changeup,,ball,L,R,PHI,NYY,88.90,,,,,,1,1,2024,2024-07
2024-07-30,2024,R,596133,547180,FC,Cutter,,swinging_strike,L,R,PHI,NYY,91.80,,,,,,1,0,2024,2024-07
2024-07-30,2024,R,596133,547180,FF,4-Seam Fastball,,ball,L,R,PHI,NYY,96.80,,,,,,0,0,2024,2024-07
2024-07-30,2024,R,596133,664761,FF,4-Seam Fastball,field_out,hit_into_play,R,R,PHI,NYY,96.70,107.50,2,108.44,144.57,ground_ball,0,0,2024,2024-07
2024-07-30,2024,R,596133,669016,FF,4-Seam Fastball,field_out,hit_into_play,L,R,PHI,NYY,96.00,102.80,19,107.02,60.94,line_drive,1,0,2024,2024-07
2024-07-30,2024,R,596133,669016,FF,4-Seam Fastball,,ball,L,R,PHI,NYY,96.10,,,,,,0,0,2024,2024-07
2024-07-30,2024,R,605121,521692,SL,Slider,field_out,hit_into_play,R,R,CWS,KC,87.40,103.10,-1,104.68,145.59,ground_ball,0,0,2024,2024-07
2024-07-30,2024,R,605121,677951,SL,Slider,single,hit_into_play,R,R,CWS,KC,86.90,71.80,41,124.59,108.93,fly_ball,3,1,2024,2024-07
2024-07-30,2024,R,605121,677951,SI,Sinker,,ball,R,R,CWS,KC,95.50,,,,,,2,1,2024,2024-07
2024-07-30,2024,R,605121,677951,FF,4-Seam Fastball,,ball,R,R,CWS,KC,96.50,,,,,,1,1,2024,2024-07
2024-07-30,2024,R,605121,677951,SL,Slider,,foul,R,R,CWS,KC,86.10,,,,,,1,0,2024,2024-07
2024-07-30,2024,R,605121,677951,SI,Sinker,,ball,R,R,CWS,KC,93.50,,,,,,0,0,2024,2024-07
2024-07-30,2024,R,605121,686469,FF,4-Seam Fastball,single,hit_into_play,L,R,CWS,KC,96.50,95.20,7,52.50,118.49,line_drive,1,2,2024,2024-07
2024-07-30,2024,R,605121,686469,SL,Slider,,foul,L,R,CWS,KC,86.90,105.90,-23,,,,1,1,2024,2024-07
2024-07-30,2024,R,605121,686469,FF,4-Seam Fastball,,ball,L,R,CWS,KC,96.30,,,,,,0,1,2024,2024-07
2024-07-30,2024,R,605121,686469,FC,Cutter,,called_strike,L,R,CWS,KC,91.30,,,,,,0,0,2024,2024-07
2024-07-30,2024,R,605135,602104,SI,Sinker,single,hit_into_play,R,R,BAL,TOR,92.90,97.10,12,128.88,91.61,line_drive,3,2,2024,2024-07
2024-07-30,2024,R,605135,602104,SI,Sinker,,called_strike,R,R,BAL,TOR,93.20,,,,,,3,1,2024,2024-07
2024-07-30,2024,R,605135,602104,SI,Sinker,,called_strike,R,R,BAL,TOR,91.30,,,,,,3,0,2024,2024-07
2024-07-30,2024,R,605135,602104,SI,Sinker,,ball,R,R,BAL,TOR,92.50,,,,,,2,0,2024,2024-07
2024-07-30,2024,R,605135,602104,SI,Sinker,,ball,R,R,BAL,TOR,91.80,,,,,,1,0,2024,2024-07
2024-07-30,2024,R,605135,602104,SI,Sinker,,ball,R,R,BAL,TOR,90.70,,,,,,0,0,2024,2024-07
2024-07-30,2024,R,605135,602104,FC,Cutter,home_run,hit_into_play,R,R,BAL,TOR,91.00,103.20,27,203.08,65.29,fly_ball,2,2,2024,2024-07
2024-07-30,2024,R,605135,602104,FF,4-Seam Fastball,,ball,R,R,BAL,TOR,94.00,,,,,,1,2,2024,2024-07
2024-07-30,2024,R,605135,602104,ST,Sweeper,,ball,R,R,BAL,TOR,76.70,,,,,,0,2,2024,2024-07
2024-07-30,2024,R,605135,602104,SI,Sinker,,called_strike,R,R,BAL,TOR,94.20,,,,,,0,1,2024,2024-07
2024-07-30,2024,R,605135,602104,SI,Sinker,,foul,R,R,BAL,TOR,93.00,92.50,-26,,,,0,0,2024,2024-07
2024-07-30,2024,R,605135,623993,FC,Cutter,grounded_into_double_play,hit_into_play,L,R,BAL,TOR,91.40,91.80,-13,129.86,184.60,ground_ball,0,0,2024,2024-07
2024-07-30,2024,R,605135,623993,SI,Sinker,double,hit_into_play,L,R,BAL,TOR,93.30,96.90,5,56.77,127.75,ground_ball,2,0,2024,2024-07
2024-07-30,2024,R,605135,623993,CU,Curveball,,ball,L,R,BAL,TOR,73.60,,,,,,1,0,2024,2024-07
2024-07-30,2024,R,605135,623993,FF,4-Seam Fastball,,ball,L,R,BAL,TOR,93.10,,,,,,0,0,2024,2024-07
2024-07-30,2024,R,605135,656775,CU,Curveball,single,hit_into_play,L,R,BAL,TOR,70.30,69.70,-2,149.15,154.14,ground_ball,0,0,2024,2024-07
2024-07-30,2024,R,605135,656775,FS,Split-Finger,field_out,hit_into_play,L,R,BAL,TOR,85.20,92.40,25,87.36,63.96,fly_ball,1,2,2024,2024-07
2024-07-30,2024,R,605135,656775,FC,Cutter,,foul,L,R,BAL,TOR,93.20,55.70,67,,,,1,2,2024,2024-07
2024-07-30,2024,R,605135,656775,CU,Curveball,,ball,L,R,BAL,TOR,72.20,,,,,,0,2,2024,2024-07
2024-07-30,2024,R,605135,656775,SI,Sinker,,foul,L,R,BAL,TOR,93.90,,,,,,0,2,2024,2024-07
2024-07-30,2024,R,605135,656775,FC,Cutter,,foul,L,R,BAL,TOR,90.00,63.00,16,,,,0,1,2024,2024-07
2024-07-30,2024,R,605135,656775,FC,Cutter,,foul,L,R,BAL,TOR,94.20,78.50,12,,,,0,0,2024,2024-07
2024-07-30,2024,R,605135,656811,FF,4-Seam Fastball,single,hit_into_play,L,R,BAL,TOR,93.90,63.80,41,72.09,143.77,fly_ball,1,0,2024,2024-07
2024-07-30,2024,R,605135,656811,FC,Cutter,,ball,L,R,BAL,TOR,93.50,,,,,,0,0,2024,2024-07
2024-07-30,2024,R,605135,656811,FC,Cutter,field_out,hit_into_play,L,R,BAL,TOR,93.20,79.50,37,79.61,119.12,fly_ball,3,2,2024,2024-07
2024-07-30,2024,R,605135,656811,SL,Slider,,foul,L,R,BAL,TOR,82.90,84.40,13,,,,3,2,2024,2024-07
2024-07-30,2024,R,605135,656811,FC,Cutter,,foul,L,R,BAL,TOR,90.70,94.40,18,,,,3,2,2024,2024-07
2024-07-30,2024,R,605135,656811,CU,Curveball,,foul,L,R,BAL,TOR,73.30,73.70,-23,,,,3,2,2024,2024-07
2024-07-30,2024,R,605135,656811,SL,Slider,,ball,L,R,BAL,TOR,81.00,,,,,,2,2,2024,2024-07
2024-07-30,2024,R,605135,656811,FC,Cutter,,foul,L,R,BAL,TOR,91.40,74.90,38,,,,2,2,2024,2024-07
2024-07-30,2024,R,605135,656811,CU,Curveball,,foul,L,R,BAL,TOR,72.30,81.40,-7,,,,2,1,2024,2024-07
2024-07-30,2024,R,605135,656811,FC,Cutter,,ball,L,R,BAL,TOR,91.60,,,,,,1,1,2024,2024-07
2024-07-30,2024,R,605135,656811,SL,Slider,,ball,L,R,BAL,TOR,83.20,,,,,,0,1,2024,2024-07
2024-07-30,2024,R,605135,656811,FC,Cutter,,called_strike,L,R,BAL,TOR,92.30,,,,,,0,0,2024,2024-07
2024-07-30,2024,R,605135,663624,ST,Sweeper,field_out,hit_into_play,R,R,BAL,TOR,75.70,90.00,48,55.64,101.60,fly_ball,0,2,2024,2024-07
2024-07-30,2024,R,605135,663624,SI,Sinker,,swinging_strike,R,R,BAL,TOR,93.20,,,,,,0,1,2024,2024-07
2024-07-30,2024,R,605135,663624,SI,Sinker,,called_strike,R,R,BAL,TOR,93.40,,,,,,0,0,2024,2024-07
2024-07-30,2024,R,605135,663624,SL,Slider,field_out,hit_into_play,R,R,BAL,TOR,82.40,89.10,23,110.95,70.39,line_drive,1,1,2024,2024-07
2024-07-30,2024,R,605135,663624,SL,Slider,,ball,R,R,BAL,TOR,81.70,,,,,,0,1,2024,2024-07
2024-07-30,2024,R,605135,663624,SI,Sinker,,called_strike,R,R,BAL,TOR,93.20,,,,,,0,0,2024,2024-07
2024-07-30,2024,R,605135,668939,SI,Sinker,field_out,hit_into_play,L,R,BAL,TOR,93.10,96.80,44,110.35,70.42,fly_ball,2,0,2024,2024-07
2024-07-30,2024,R,605135,668939,CH,Changeup,,ball,L,R,BAL,TOR,84.40,,,,,,1,0,2024,2024-07
2024-07-30,2024,R,605135,668939,CU,Curveball,,ball,L,R,BAL,TOR,72.90,,,,,,0,0,2024,2024-07
2024-07-30,2024,R,605135,668939,FS,Split-Finger,single,hit_into_play,L,R,BAL,TOR,84.80,102.80,6,140.52,108.97,ground_ball,0,1,2024,2024-07
2024-07-30,2024,R,605135,668939,FF,4-Seam Fastball,,foul,L,R,BAL,TOR,93.00,77.10,47,,,,0,0,2024,2024-07
2024-07-30,2024,R,605135,668939,FC,Cutter,strikeout_double_play,swinging_strike,L,R,BAL,TOR,89.60,,,,,,3,2,2024,2024-07
2024-07-30,2024,R,605135,668939,SI,Sinker,,foul,L,R,BAL,TOR,93.40,73.90,56,,,,3,1,2024,2024-07
2024-07-30,2024,R,605135,668939,FF,4-Seam Fastball,,called_strike,L,R,BAL,TOR,92.40,,,,,,3,0,2024,2024-07
2024-07-30,2024,R,605135,668939,SI,Sinker,,ball,L,R,BAL,TOR,92.80,,,,,,2,0,2024,2024-07
2024-07-30,2024,R,605135,668939,FF,4-Seam Fastball,,ball,L,R,BAL,TOR,93.40,,,,,,1,0,2024,2024-07
2024-07-30,2024,R,605135,668939,SI,Sinker,,ball,L,R,BAL,TOR,94.10,,,,,,0,0,2024,2024-07
2024-07-30,2024,R,605135,676059,SI,Sinker,strikeout,called_strike,R,R,BAL,TOR,93.20,,,,,,2,2,2024,2024-07
2024-07-30,2024,R,605135,676059,SI,Sinker,,called_strike,R,R,BAL,TOR,92.10,,,,,,2,1,2024,2024-07
2024-07-30,2024,R,605135,676059,SL,Slider,,ball,R,R,BAL,TOR,80.70,,,,,,1,1,2024,2024-07
2024-07-30,2024,R,605135,676059,SI,Sinker,,ball,R,R,BAL,TOR,93.10,,,,,,0,1,2024,2024-07
2024-07-30,2024,R,605135,676059,CU,Curveball,,called_strike,R,R,BAL,TOR,69.40,,,,,,0,0,2024,2024-07
2024-07-30,2024,R,605135,676059,SI,Sinker,field_out,hit_into_play,R,R,BAL,TOR,93.70,84.50,-32,95.85,168.86,ground_ball,3,2,2024,2024-07
2024-07-30,2024,R,605135,676059,SI,Sinker,,ball,R,R,BAL,TOR,93.10,,,,,,2,2,2024,2024-07
2024-07-30,2024,R,605135,676059,ST,Sweeper,,ball,R,R,BAL,TOR,73.60,,,,,,1,2,2024,2024-07
2024-07-30,2024,R,605135,676059,ST,Sweeper,,ball,R,R,BAL,TOR,77.30,,,,,,0,2,2024,2024-07
2024-07-30,2024,R,605135,676059,SI,Sinker,,foul,R,R,BAL,TOR,93.30,80.50,44,,,,0,1,2024,2024-07
2024-07-30,2024,R,605135,676059,SI,Sinker,,called_strike,R,R,BAL,TOR,92.60,,,,,,0,0,2024,2024-07
2024-07-30,2024,R,605135,681297,SI,Sinker,strikeout,foul_tip,L,R,BAL,TOR,93.00,,,,,,3,2,2024,2024-07
2024-07-30,2024,R,605135,681297,FC,Cutter,,ball,L,R,BAL,TOR,90.20,,,,,,2,2,2024,2024-07
2024-07-30,2024,R,605135,681297,CU,Curveball,,foul,L,R,BAL,TOR,72.60,55.50,-23,,,,2,1,2024,2024-07
2024-07-30,2024,R,605135,681297,FC,Cutter,,ball,L,R,BAL,TOR,90.50,,,,,,1,1,2024,2024-07
2024-07-30,2024,R,605135,681297,CH,Changeup,,swinging_strike,L,R,BAL,TOR,85.40,,,,,,1,0,2024,2024-07
2024-07-30,2024,R,605135,681297,SI,Sinker,,ball,L,R,BAL,TOR,94.10,,,,,,0,0,2024,2024-07
2024-07-30,2024,R,605135,681297,FC,Cutter,single,hit_into_play,L,R,BAL,TOR,91.50,109.80,5,179.10,120.13,ground_ball,1,0,2024,2024-07
2024-07-30,2024,R,605135,681297,FF,4-Seam Fastball,,ball,L,R,BAL,TOR,94.20,,,,,,0,0,2024,2024-07
2024-07-30,2024,R,605135,681297,SI,Sinker,single,hit_into_play,L,R,BAL,TOR,93.80,109.90,11,174.05,89.05,line_drive,1,2,2024,2024-07
2024-07-30,2024,R,605135,681297,FS,Split-Finger,,foul,L,R,BAL,TOR,84.10,72.10,42,,,,1,2,2024,2024-07
2024-07-30,2024,R,605135,681297,FC,Cutter,,ball,L,R,BAL,TOR,91.70,,,,,,0,2,2024,2024-07
2024-07-30,2024,R,605135,681297,FC,Cutter,,foul,L,R,BAL,TOR,91.40,93.40,10,,,,0,2,2024,2024-07
2024-07-30,2024,R,605135,681297,SI,Sinker,,foul,L,R,BAL,TOR,93.60,75.40,39,,,,0,1,2024,2024-07
2024-07-30,2024,R,605135,681297,SI,Sinker,,called_strike,L,R,BAL,TOR,93.10,,,,,,0,0,2024,2024-07
2024-07-30,2024,R,605135,683002,CU,Curveball,single,hit_into_play,L,R,BAL,TOR,72.50,75.10,29,191.89,109.25,line_drive,2,2,2024,2024-07
2024-07-30,2024,R,605135,683002,FF,4-Seam Fastball,,ball,L,R,BAL,TOR,92.80,,,,,,1,2,2024,2024-07
2024-07-30,2024,R,605135,683002,SL,Slider,,foul,L,R,BAL,TOR,83.50,62.00,28,,,,1,2,2024,2024-07
2024-07-30,2024,R,605135,683002,SI,Sinker,,foul,L,R,BAL,TOR,93.90,92.70,22,,,,1,2,2024,2024-07
2024-07-30,2024,R,605135,683002,FC,Cutter,,ball,L,R,BAL,TOR,90.20,,,,,,0,2,2024,2024-07
2024-07-30,2024,R,605135,683002,CU,Curveball,,swinging_strike,L,R,BAL,TOR,72.20,,,,,,0,1,2024,2024-07
2024-07-30,2024,R,605135,683002,SI,Sinker,,called_strike,L,R,BAL,TOR,93.80,,,,,,0,0,2024,2024-07
2024-07-30,2024,R,605135,683002,SI,Sinker,walk,ball,L,R,BAL,TOR,94.30,,,,,,3,2,2024,2024-07
2024-07-30,2024,R,605135,683002,SI,Sinker,,ball,L,R,BAL,TOR,94.50,,,,,,2,2,2024,2024-07
2024-07-30,2024,R,605135,683002,FC,Cutter,,foul,L,R,BAL,TOR,91.40,89.10,37,,,,2,2,2024,2024-07
2024-07-30,2024,R,605135,683002,FS,Split-Finger,,ball,L,R,BAL,TOR,82.40,,,,,,1,2,2024,2024-07
2024-07-30,2024,R,605135,683002,CH,Changeup,,ball,L,R,BAL,TOR,85.20,,,,,,0,2,2024,2024-07
2024-07-30,2024,R,605135,683002,FF,4-Seam Fastball,,foul,L,R,BAL,TOR,94.20,80.60,33,,,,0,1,2024,2024-07
2024-07-30,2024,R,605135,683002,CU,Curveball,,called_strike,L,R,BAL,TOR,72.80,,,,,,0,0,2024,2024-07
2024-07-30,2024,R,605280,547180,ST,Sweeper,field_out,hit_into_play,L,R,PHI,NYY,85.20,95.10,-3,153.41,149.15,ground_ball,2,2,2024,2024-07
2024-07-30,2024,R,605280,547180,SL,Slider,,foul,L,R,PHI,NYY,88.30,71.00,56,,,,2,1,2024,2024-07
2024-07-30,2024,R,605280,547180,SI,Sinker,,ball,L,R,PHI,NYY,98.20,,,,,,1,1,2024,2024-07
2024-07-30,2024,R,605280,547180,SL,Slider,,ball,L,R,PHI,NYY,87.80,,,,,,0,1,2024,2024-07
2024-07-30,2024,R,605280,547180,SL,Slider,,swinging_strike,L,R,PHI,NYY,87.70,,,,,,0,0,2024,2024-07
2024-07-30,2024,R,605280,592206,ST,Sweeper,force_out,hit_into_play,R,R,PHI,NYY,84.20,65.40,4,98.57,169.51,ground_ball,0,1,2024,2024-07
2024-07-30,2024,R,605280,592206,SL,Slider,,swinging_strike,R,R,PHI,NYY,87.40,,,,,,0,0,2024,2024-07
2024-07-30,2024,R,605280,592663,ST,Sweeper,single,hit_into_play,R,R,PHI,NYY,84.70,57.10,-60,118.10,185.89,ground_ball,0,2,2024,2024-07
2024-07-30,2024,R,605280,592663,ST,Sweeper,,foul,R,R,PHI,NYY,84.20,,,,,,0,2,2024,2024-07
2024-07-30,2024,R,605280,592663,ST,Sweeper,,called_strike,R,R,PHI,NYY,83.40,,,,,,0,1,2024,2024-07
2024-07-30,2024,R,605280,592663,SI,Sinker,,called_strike,R,R,PHI,NYY,95.90,,,,,,0,0,2024,2024-07
2024-07-30,2024,R,605280,607208,ST,Sweeper,single,hit_into_play,R,R,PHI,NYY,84.20,64.00,-64,102.23,180.02,ground_ball,1,2,2024,2024-07
2024-07-30,2024,R,605280,607208,ST,Sweeper,,swinging_strike_blocked,R,R,PHI,NYY,84.70,,,,,,1,1,2024,2024-07
2024-07-30,2024,R,605280,607208,SI,Sinker,,ball,R,R,PHI,NYY,97.10,,,,,,0,1,2024,2024-07
2024-07-30,2024,R,605280,607208,SL,Slider,,foul,R,R,PHI,NYY,87.50,,,,,,0,0,2024,2024-07
2024-07-30,2024,R,605280,656941,,,intent_walk,automatic_ball,L,R,PHI,NYY,,,,,,,3,0,2024,2024-07
2024-07-30,2024,R,605280,656941,,,,automatic_ball,L,R,PHI,NYY,,,,,,,2,0,2024,2024-07
2024-07-30,2024,R,605280,656941,ST,Sweeper,,ball,L,R,PHI,NYY,83.70,,,,,,1,0,2024,2024-07
2024-07-30,2024,R,605280,656941,ST,Sweeper,,ball,L,R,PHI,NYY,86.10,,,,,,0,0,2024,2024-07
2024-07-30,2024,R,605280,669720,ST,Sweeper,force_out,hit_into_play,R,R,PHI,NYY,84.70,67.10,-25,115.57,148.13,ground_ball,0,1,2024,2024-07
2024-07-30,2024,R,605280,669720,SL,Slider,,foul,R,R,PHI,NYY,87.20,66.90,68,,,,0,0,2024,2024-07
2024-07-30,2024,R,605280,681082,SL,Slider,single,hit_into_play,L,R,PHI,NYY,88.60,87.90,3,174.25,127.77,ground_ball,2,2,2024,2024-07
2024-07-30,2024,R,605280,681082,ST,Sweeper,,ball,L,R,PHI,NYY,83.60,,,,,,1,2,2024,2024-07
2024-07-30,2024,R,605280,681082,ST,Sweeper,,ball,L,R,PHI,NYY,83.90,,,,,,0,2,2024,2024-07
2024-07-30,2024,R,605280,681082,SI,Sinker,,called_strike,L,R,PHI,NYY,96.40,,,,,,0,1,2024,2024-07
2024-07-30,2024,R,605280,681082,SI,Sinker,,swinging_strike,L,R,PHI,NYY,97.20,,,,,,0,0,2024,2024-07
2024-07-30,2024,R,605347,663697,SI,Sinker,strikeout,foul_tip,R,R,CIN,CHC,96.10,,,,,,1,2,2024,2024-07
2024-07-30,2024,R,605347,663697,SI,Sinker,,swinging_strike,R,R,CIN,CHC,96.20,,,,,,1,1,2024,2024-07
2024-07-30,2024,R,605347,663697,SI,Sinker,,ball,R,R,CIN,CHC,93.60,,,,,,0,1,2024,2024-07
2024-07-30,2024,R,605347,663697,SI,Sinker,,foul,R,R,CIN,CHC,94.90,84.70,-46,,,,0,0,2024,2024-07
2024-07-30,2024,R,605347,668715,SI,Sinker,field_out,hit_into_play,R,R,CIN,CHC,96.40,102.90,12,175.84,100.24,line_drive,0,0,2024,2024-07
2024-07-30,2024,R,605347,669289,KC,Knuckle Curve,single,hit_into_play,R,R,CIN,CHC,82.50,87.80,-24,108.00,152.00,ground_ball,0,0,2024,2024-07
2024-07-30,2024,R,605347,682622,KC,Knuckle Curve,field_out,hit_into_play,R,R,CIN,CHC,84.10,77.90,-41,109.13,174.98,ground_ball,0,2,2024,2024-07
2024-07-30,2024,R,605347,682622,SI,Sinker,,swinging_strike,R,R,CIN,CHC,95.40,,,,,,0,1,2024,2024-07
2024-07-30,2024,R,605347,682622,SI,Sinker,,called_strike,R,R,CIN,CHC,95.90,,,,,,0,0,2024,2024-07
2024-07-30,2024,R,605347,682829,FF,4-Seam Fastball,single,hit_into_play,L,R,CIN,CHC,95.80,109.50,5,130.35,95.53,ground_ball,2,2,2024,2024-07
2024-07-30,2024,R,605347,682829,FF,4-Seam Fastball,,called_strike,L,R,CIN,CHC,96.30,,,,,,2,1,2024,2024-07
2024-07-30,2024,R,605347,682829,CH,Changeup,,ball,L,R,CIN,CHC,86.90,,,,,,1,1,2024,2024-07
2024-07-30,2024,R,605347,682829,FF,4-Seam Fastball,,ball,L,R,CIN,CHC,95.40,,,,,,0,1,2024,2024-07
2024-07-30,2024,R,605347,682829,FF,4-Seam Fastball,,called_strike,L,R,CIN,CHC,95.80,,,,,,0,0,2024,2024-07
2024-07-30,2024,R,605400,592450,KC,Knuckle Curve,walk,ball,R,R,PHI,NYY,81.10,,,,,,3,1,2024,2024-07
2024-07-30,2024,R,605400,592450,KC,Knuckle Curve,,ball,R,R,PHI,NYY,80.30,,,,,,2,1,2024,2024-07
2024-07-30,2024,R,605400,592450,FF,4-Seam Fastball,,ball,R,R,PHI,NYY,93.20,,,,,,1,1,2024,2024-07
2024-07-30,2024,R,605400,592450,SI,Sinker,,ball,R,R,PHI,NYY,92.00,,,,,,0,1,2024,2024-07
2024-07-30,2024,R,605400,592450,FF,4-Seam Fastball,,called_strike,R,R,PHI,NYY,92.70,,,,,,0,0,2024,2024-07
2024-07-30,2024,R,605400,592450,SI,Sinker,single,hit_into_play,R,R,PHI,NYY,94.00,105.20,15,163.39,63.08,line_drive,2,1,2024,2024-07
2024-07-30,2024,R,605400,592450,SI,Sinker,,swinging_strike,R,R,PHI,NYY,93.50,,,,,,2,0,2024,2024-07
2024-07-30,2024,R,605400,592450,FF,4-Seam Fastball,,ball,R,R,PHI,NYY,94.10,,,,,,1,0,2024,2024-07
2024-07-30,2024,R,605400,592450,FF,4-Seam Fastball,,ball,R,R,PHI,NYY,94.10,,,,,,0,0,2024,2024-07
2024-07-30,2024,R,605400,592450,CH,Changeup,single,hit_into_play,R,R,PHI,NYY,86.60,98.30,12,70.74,101.18,line_drive,0,0,2024,2024-07
2024-07-30,2024,R,605400,650402,KC,Knuckle Curve,field_out,hit_into_play,R,R,PHI,NYY,79.50,88.90,26,107.50,65.29,line_drive,2,2,2024,2024-07
2024-07-30,2024,R,605400,650402,FF,4-Seam Fastball,,ball,R,R,PHI,NYY,91.50,,,,,,1,2,2024,2024-07
2024-07-30,2024,R,605400,650402,KC,Knuckle Curve,,ball,R,R,PHI,NYY,78.80,,,,,,0,2,2024,2024-07
2024-07-30,2024,R,605400,650402,KC,Knuckle Curve,,swinging_strike,R,R,PHI,NYY,79.30,,,,,,0,1,2024,2024-07
2024-07-30,2024,R,605400,650402,KC,Knuckle Curve,,called_strike,R,R,PHI,NYY,79.60,,,,,,0,0,2024,2024-07
2024-07-30,2024,R,605400,650402,FF,4-Seam Fastball,field_out,hit_into_play,R,R,PHI,NYY,93.00,99.40,27,139.36,38.12,fly_ball,2,1,2024,2024-07
2024-07-30,2024,R,605400,650402,CH,Changeup,,foul,R,R,PHI,NYY,85.50,102.60,42,,,,2,0,2024,2024-07
2024-07-30,2024,R,605400,650402,FF,4-Seam Fastball,,ball,R,R,PHI,NYY,92.40,,,,,,1,0,2024,2024-07
2024-07-30,2024,R,605400,650402,CH,Changeup,,ball,R,R,PHI,NYY,84.50,,,,,,0,0,2024,2024-07
2024-07-30,2024,R,605400,650402,SI,Sinker,strikeout,called_strike,R,R,PHI,NYY,92.50,,,,,,0,2,2024,2024-07
2024-07-30,2024,R,605400,650402,FF,4-Seam Fastball,,called_strike,R,R,PHI,NYY,93.70,,,,,,0,1,2024,2024-07
2024-07-30,2024,R,605400,650402,FC,Cutter,,foul,R,R,PHI,NYY,88.50,74.60,17,,,,0,0,2024,2024-07
2024-07-30,2024,R,605400,657077,FC,Cutter,field_out,hit_into_play,L,R,PHI,NYY,87.00,83.50,40,191.79,103.08,fly_ball,0,1,2024,2024-07
2024-07-30,2024,R,605400,657077,KC,Knuckle Curve,,called_strike,L,R,PHI,NYY,79.40,,,,,,0,0,2024,2024-07
2024-07-30,2024,R,605400,657077,CH,Changeup,strikeout,swinging_strike,L,R,PHI,NYY,86.90,,,,,,2,2,2024,2024-07
2024-07-30,2024,R,605400,657077,FF,4-Seam Fastball,,called_strike,L,R,PHI,NYY,94.10,,,,,,2,1,2024,2024-07
2024-07-30,2024,R,605400,657077,FC,Cutter,,ball,L,R,PHI,NYY,88.50,,,,,,1,1,2024,2024-07
2024-07-30,2024,R,605400,657077,KC,Knuckle Curve,,called_strike,L,R,PHI,NYY,81.00,,,,,,1,0,2024,2024-07
2024-07-30,2024,R,605400,657077,FF,4-Seam Fastball,,ball,L,R,PHI,NYY,93.80,,,,,,0,0,2024,2024-07
2024-07-30,2024,R,605400,657077,SI,Sinker,double,hit_into_play,L,R,PHI,NYY,93.40,96.80,30,68.05,60.94,fly_ball,2,0,2024,2024-07
2024-07-30,2024,R,605400,657077,FF,4-Seam Fastball,,ball,L,R,PHI,NYY,92.80,,,,,,1,0,2024,2024-07
2024-07-30,2024,R,605400,657077,FF,4-Seam Fastball,,ball,L,R,PHI,NYY,93.90,,,,,,0,0,2024,2024-07
2024-07-30,2024,R,605400,663757,KC,Knuckle Curve,walk,ball,L,R,PHI,NYY,79.90,,,,,,3,2,2024,2024-07
2024-07-30,2024,R,605400,663757,KC,Knuckle Curve,,called_strike,L,R,PHI,NYY,81.10,,,,,,3,1,2024,2024-07
2024-07-30,2024,R,605400,663757,FF,4-Seam Fastball,,ball,L,R,PHI,NYY,93.70,,,,,,2,1,2024,2024-07
2024-07-30,2024,R,605400,663757,FF,4-Seam Fastball,,ball,L,R,PHI,NYY,93.40,,,,,,1,1,2024,2024-07
2024-07-30,2024,R,605400,663757,CH,Changeup,,ball,L,R,PHI,NYY,85.40,,,,,,0,1,2024,2024-07
2024-07-30,2024,R,605400,663757,KC,Knuckle Curve,,called_strike,L,R,PHI,NYY,79.10,,,,,,0,0,2024,2024-07
2024-07-30,2024,R,605400,663757,FC,Cutter,field_out,hit_into_play,L,R,PHI,NYY,88.90,99.00,57,198.54,139.82,fly_ball,0,0,2024,2024-07
2024-07-30,2024,R,605400,663757,SI,Sinker,field_out,hit_into_play,L,R,PHI,NYY,93.60,90.30,-6,157.79,152.71,ground_ball,1,2,2024,2024-07
2024-07-30,2024,R,605400,663757,SI,Sinker,,ball,L,R,PHI,NYY,92.90,,,,,,0,2,2024,2024-07
2024-07-30,2024,R,605400,663757,FC,Cutter,,foul_bunt,L,R,PHI,NYY,87.80,,,,,,0,1,2024,2024-07
2024-07-30,2024,R,605400,663757,FF,4-Seam Fastball,,foul,L,R,PHI,NYY,93.00,72.60,14,,,,0,0,2024,2024-07
2024-07-30,2024,R,605400,665742,FF,4-Seam Fastball,field_out,hit_into_play,L,R,PHI,NYY,92.30,79.20,42,129.36,96.31,fly_ball,1,0,2024,2024-07
2024-07-30,2024,R,605400,665742,CH,Changeup,,ball,L,R,PHI,NYY,84.80,,,,,,0,0,2024,2024-07
2024-07-30,2024,R,605400,665742,CH,Changeup,field_out,hit_into_play,L,R,PHI,NYY,86.70,96.00,-1,155.05,150.68,ground_ball,2,2,2024,2024-07
2024-07-30,2024,R,605400,665742,CH,Changeup,,foul,L,R,PHI,NYY,86.60,80.60,-45,,,,2,1,2024,2024-07
2024-07-30,2024,R,605400,665742,SI,Sinker,,called_strike,L,R,PHI,NYY,93.30,,,,,,2,0,2024,2024-07
2024-07-30,2024,R,605400,665742,KC,Knuckle Curve,,ball,L,R,PHI,NYY,79.20,,,,,,1,0,2024,2024-07
2024-07-30,2024,R,605400,665742,SI,Sinker,,ball,L,R,PHI,NYY,92.40,,,,,,0,0,2024,2024-07
2024-07-30,2024,R,605400,665742,KC,Knuckle Curve,walk,ball,L,R,PHI,NYY,81.20,,,,,,3,1,2024,2024-07
2024-07-30,2024,R,605400,665742,SI,Sinker,,ball,L,R,PHI,NYY,94.20,,,,,,2,1,2024,2024-07
2024-07-30,2024,R,605400,665742,CH,Changeup,,blocked_ball,L,R,PHI,NYY,88.70,,,,,,1,1,2024,2024-07
2024-07-30,2024,R,605400,665742,FC,Cutter,,ball,L,R,PHI,NYY,91.30,,,,,,0,1,2024,2024-07
2024-07-30,2024,R,605400,665742,SI,Sinker,,called_strike,L,R,PHI,NYY,93.90,,,,,,0,0,2024,2024-07
2024-07-30,2024,R,605400,665862,FC,Cutter,home_run,hit_into_play,L,R,PHI,NYY,87.40,104.90,38,196.29,44.95,fly_ball,1,1,2024,2024-07
2024-07-30,2024,R,605400,665862,FF,4-Seam Fastball,,ball,L,R,PHI,NYY,91.80,,,,,,0,1,2024,2024-07
2024-07-30,2024,R,605400,665862,CH,Changeup,,foul,L,R,PHI,NYY,85.40,31.90,-65,,,,0,0,2024,2024-07
2024-07-30,2024,R,605400,665862,CH,Changeup,field_out,hit_into_play,L,R,PHI,NYY,86.50,98.90,-3,157.79,153.73,ground_ball,0,1,2024,2024-07
2024-07-30,2024,R,605400,665862,KC,Knuckle Curve,,foul,L,R,PHI,NYY,79.90,103.40,17,,,,0,0,2024,2024-07
2024-07-30,2024,R,605400,665862,FF,4-Seam Fastball,force_out,hit_into_play,L,R,PHI,NYY,95.40,85.90,-14,156.15,167.47,ground_ball,3,1,2024,2024-07
2024-07-30,2024,R,605400,665862,FF,4-Seam Fastball,,ball,L,R,PHI,NYY,95.00,,,,,,2,1,2024,2024-07
2024-07-30,2024,R,605400,665862,KC,Knuckle Curve,,called_strike,L,R,PHI,NYY,81.40,,,,,,2,0,2024,2024-07
2024-07-30,2024,R,605400,665862,FF,4-Seam Fastball,,ball,L,R,PHI,NYY,94.70,,,,,,1,0,2024,2024-07
2024-07-30,2024,R,605400,665862,KC,Knuckle Curve,,ball,L,R,PHI,NYY,79.60,,,,,,0,0,2024,2024-07
2024-07-30,2024,R,605400,669224,FF,4-Seam Fastball,field_out,hit_into_play,L,R,PHI,NYY,94.10,100.20,16,92.54,113.01,line_drive,1,1,2024,2024-07
2024-07-30,2024,R,605400,669224,CH,Changeup,,foul,L,R,PHI,NYY,85.90,78.20,46,,,,1,0,2024,2024-07
2024-07-30,2024,R,605400,669224,FF,4-Seam Fastball,,ball,L,R,PHI,NYY,93.40,,,,,,0,0,2024,2024-07
2024-07-30,2024,R,605400,669224,CH,Changeup,force_out,hit_into_play,L,R,PHI,NYY,87.00,46.80,-62,122.86,180.75,ground_ball,1,0,2024,2024-07
2024-07-30,2024,R,605400,669224,CH,Changeup,,ball,L,R,PHI,NYY,85.90,,,,,,0,0,2024,2024-07
2024-07-30,2024,R,605400,669224,KC,Knuckle Curve,strikeout,swinging_strike,L,R,PHI,NYY,80.70,,,,,,0,2,2024,2024-07
2024-07-30,2024,R,605400,669224,CH,Changeup,,foul,L,R,PHI,NYY,87.50,75.60,48,,,,0,1,2024,2024-07
2024-07-30,2024,R,605400,669224,KC,Knuckle Curve,,called_strike,L,R,PHI,NYY,80.40,,,,,,0,0,2024,2024-07
2024-07-30,2024,R,605400,683011,SI,Sinker,single,hit_into_play,R,R,PHI,NYY,92.00,94.30,1,89.25,116.07,ground_ball,1,1,2024,2024-07
2024-07-30,2024,R,605400,683011,KC,Knuckle Curve,,ball,R,R,PHI,NYY,79.90,,,,,,0,1,2024,2024-07
2024-07-30,2024,R,605400,683011,SI,Sinker,,called_strike,R,R,PHI,NYY,91.10,,,,,,0,0,2024,2024-07
2024-07-30,2024,R,605400,683011,SI,Sinker,double,hit_into_play,R,R,PHI,NYY,92.80,103.90,12,191.26,126.40,line_drive,2,2,2024,2024-07
2024-07-30,2024,R,605400,683011,SI,Sinker,,foul,R,R,PHI,NYY,90.80,61.70,-16,,,,2,2,2024,2024-07
2024-07-30,2024,R,605400,683011,KC,Knuckle Curve,,ball,R,R,PHI,NYY,78.90,,,,,,1,2,2024,2024-07
2024-07-30,2024,R,605400,683011,FF,4-Seam Fastball,,ball,R,R,PHI,NYY,92.60,,,,,,0,2,2024,2024-07
2024-07-30,2024,R,605400,683011,KC,Knuckle Curve,,swinging_strike,R,R,PHI,NYY,79.90,,,,,,0,1,2024,2024-07
2024-07-30,2024,R,605400,683011,SI,Sinker,,called_strike,R,R,PHI,NYY,92.60,,,,,,0,0,2024,2024-07
2024-07-30,2024,R,605400,683011,KC,Knuckle Curve,field_out,hit_into_play,R,R,PHI,NYY,77.30,58.30,-5,145.47,157.28,ground_ball,0,2,2024,2024-07
2024-07-30,2024,R,605400,683011,SI,Sinker,,called_strike,R,R,PHI,NYY,91.00,,,,,,0,1,2024,2024-07
2024-07-30,2024,R,605400,683011,SI,Sinker,,called_strike,R,R,PHI,NYY,92.00,,,,,,0,0,2024,2024-07
2024-07-30,2024,R,605400,700250,KC,Knuckle Curve,strikeout,swinging_strike_blocked,L,R,PHI,NYY,79.00,,,,,,2,2,2024,2024-07
2024-07-30,2024,R,605400,700250,FF,4-Seam Fastball,,ball,L,R,PHI,NYY,93.80,,,,,,1,2,2024,2024-07
2024-07-30,2024,R,605400,700250,FF,4-Seam Fastball,,ball,L,R,PHI,NYY,92.90,,,,,,0,2,2024,2024-07
2024-07-30,2024,R,605400,700250,CH,Changeup,,called_strike,L,R,PHI,NYY,87.10,,,,,,0,1,2024,2024-07
2024-07-30,2024,R,605400,700250,SI,Sinker,,called_strike,L,R,PHI,NYY,92.70,,,,,,0,0,2024,2024-07
2024-07-30,2024,R,605400,700250,CH,Changeup,field_out,hit_into_play,L,R,PHI,NYY,87.10,80.20,34,115.47,83.29,fly_ball,1,0,2024,2024-07
2024-07-30,2024,R,605400,700250,KC,Knuckle Curve,,ball,L,R,PHI,NYY,79.20,,,,,,0,0,2024,2024-07
2024-07-30,2024,R,605400,700250,KC,Knuckle Curve,single,hit_into_play,L,R,PHI,NYY,80.20,105.90,12,162.53,80.32,line_drive,1,1,2024,2024-07
2024-07-30,2024,R,605400,700250,CH,Changeup,,ball,L,R,PHI,NYY,86.80,,,,,,0,1,2024,2024-07
2024-07-30,2024,R,605400,700250,FF,4-Seam Fastball,,called_strike,L,R,PHI,NYY,93.50,,,,,,0,0,2024,2024-07
2024-07-30,2024,R,605452,542303,SL,Slider,field_out,hit_into_play,R,R,MIL,ATL,85.10,93.30,80,101.52,201.25,popup,1,1,2024,2024-07
2024-07-30,2024,R,605452,542303,SL,Slider,,foul,R,R,MIL,ATL,85.00,96.20,10,,,,1,0,2024,2024-07
2024-07-30,2024,R,605452,542303,SI,Sinker,,ball,R,R,MIL,ATL,93.80,,,,,,0,0,2024,2024-07
2024-07-30,2024,R,605452,542303,SI,Sinker,single,hit_into_play,R,R,MIL,ATL,95.60,100.80,6,195.94,106.14,ground_ball,2,2,2024,2024-07
2024-07-30,2024,R,605452,542303,SL,Slider,,foul,R,R,MIL,ATL,86.60,89.40,-36,,,,2,2,2024,2024-07
2024-07-30,2024,R,605452,542303,SI,Sinker,,foul,R,R,MIL,ATL,95.10,78.50,42,,,,2,1,2024,2024-07
2024-07-30,2024,R,605452,542303,CH,Changeup,,ball,R,R,MIL,ATL,90.30,,,,,,1,1,2024,2024-07
2024-07-30,2024,R,605452,542303,SI,Sinker,,foul,R,R,MIL,ATL,94.90,94.50,86,,,,1,0,2024,2024-07
2024-07-30,2024,R,605452,542303,SI,Sinker,,ball,R,R,MIL,ATL,94.00,,,,,,0,0,2024,2024-07
2024-07-30,2024,R,605452,542303,SI,Sinker,strikeout,called_strike,R,R,MIL,ATL,95.20,,,,,,0,2,2024,2024-07
2024-07-30,2024,R,605452,542303,SI,Sinker,,called_strike,R,R,MIL,ATL,95.00,,,,,,0,1,2024,2024-07
2024-07-30,2024,R,605452,542303,SL,Slider,,called_strike,R,R,MIL,ATL,86.10,,,,,,0,0,2024,2024-07
2024-07-30,2024,R,605452,592696,SI,Sinker,field_out,hit_into_play,L,R,MIL,ATL,92.40,86.40,77,112.68,184.47,popup,2,0,2024,2024-07
2024-07-30,2024,R,605452,592696,SI,Sinker,,ball,L,R,MIL,ATL,92.60,,,,,,1,0,2024,2024-07
2024-07-30,2024,R,605452,592696,CH,Changeup,,ball,L,R,MIL,ATL,89.10,,,,,,0,0,2024,2024-07
2024-07-30,2024,R,605452,592696,FF,4-Seam Fastball,single,hit_into_play,L,R,MIL,ATL,95.30,104.00,14,156.35,86.68,line_drive,1,2,2024,2024-07
2024-07-30,2024,R,605452,592696,FF,4-Seam Fastball,,swinging_strike,L,R,MIL,ATL,94.40,,,,,,1,1,2024,2024-07
2024-07-30,2024,R,605452,592696,SL,Slider,,foul,L,R,MIL,ATL,87.20,92.50,5,,,,1,0,2024,2024-07
2024-07-30,2024,R,605452,592696,SI,Sinker,,ball,L,R,MIL,ATL,94.90,,,,,,0,0,2024,2024-07
2024-07-30,2024,R,605452,592696,SI,Sinker,field_out,hit_into_play,L,R,MIL,ATL,95.00,91.50,40,74.58,89.15,fly_ball,1,0,2024,2024-07
2024-07-30,2024,R,605452,592696,SL,Slider,,ball,L,R,MIL,ATL,87.70,,,,,,0,0,2024,2024-07
2024-07-30,2024,R,605452,606115,SI,Sinker,force_out,hit_into_play,R,R,MIL,ATL,94.90,103.70,-6,97.96,164.63,ground_ball,2,2,2024,2024-07
2024-07-30,2024,R,605452,606115,SL,Slider,,ball,R,R,MIL,ATL,86.40,,,,,,1,2,2024,2024-07
2024-07-30,2024,R,605452,606115,SI,Sinker,,ball,R,R,MIL,ATL,94.80,,,,,,0,2,2024,2024-07
2024-07-30,2024,R,605452,606115,SI,Sinker,,foul_tip,R,R,MIL,ATL,93.90,,,,,,0,1,2024,2024-07
2024-07-30,2024,R,605452,606115,SL,Slider,,called_strike,R,R,MIL,ATL,85.40,,,,,,0,0,2024,2024-07
2024-07-30,2024,R,605452,606115,SI,Sinker,field_out,hit_into_play,R,R,MIL,ATL,95.20,84.40,7,134.51,143.78,ground_ball,0,1,2024,2024-07
2024-07-30,2024,R,605452,606115,SI,Sinker,,called_strike,R,R,MIL,ATL,95.20,,,,,,0,0,2024,2024-07
2024-07-30,2024,R,605452,621566,SI,Sinker,walk,ball,L,R,MIL,ATL,93.40,,,,,,3,0,2024,2024-07
2024-07-30,2024,R,605452,621566,SI,Sinker,,ball,L,R,MIL,ATL,93.70,,,,,,2,0,2024,2024-07
2024-07-30,2024,R,605452,621566,SI,Sinker,,ball,L,R,MIL,ATL,93.60,,,,,,1,0,2024,2024-07
2024-07-30,2024,R,605452,621566,SI,Sinker,,ball,L,R,MIL,ATL,93.80,,,,,,0,0,2024,2024-07
2024-07-30,2024,R,605452,621566,SL,Slider,walk,blocked_ball,L,R,MIL,ATL,86.70,,,,,,3,2,2024,2024-07
2024-07-30,2024,R,605452,621566,CH,Changeup,,ball,L,R,MIL,ATL,90.90,,,,,,2,2,2024,2024-07
2024-07-30,2024,R,605452,621566,SI,Sinker,,foul,L,R,MIL,ATL,94.40,73.20,45,,,,2,2,2024,2024-07
2024-07-30,2024,R,605452,621566,SL,Slider,,foul,L,R,MIL,ATL,87.10,81.10,-22,,,,2,1,2024,2024-07
2024-07-30,2024,R,605452,621566,FF,4-Seam Fastball,,foul,L,R,MIL,ATL,95.50,76.60,27,,,,2,0,2024,2024-07
2024-07-30,2024,R,605452,621566,SL,Slider,,ball,L,R,MIL,ATL,85.90,,,,,,1,0,2024,2024-07
2024-07-30,2024,R,605452,621566,SI,Sinker,,ball,L,R,MIL,ATL,95.80,,,,,,0,0,2024,2024-07
2024-07-30,2024,R,605452,621566,SI,Sinker,field_out,hit_into_play,L,R,MIL,ATL,94.90,77.70,24,174.18,105.42,line_drive,0,2,2024,2024-07
2024-07-30,2024,R,605452,621566,SL,Slider,,foul,L,R,MIL,ATL,86.20,88.50,21,,,,0,2,2024,2024-07
2024-07-30,2024,R,605452,621566,CH,Changeup,,foul,L,R,MIL,ATL,90.70,,,,,,0,2,2024,2024-07
2024-07-30,2024,R,605452,621566,FF,4-Seam Fastball,,foul,L,R,MIL,ATL,96.50,84.10,20,,,,0,2,2024,2024-07
2024-07-30,2024,R,605452,621566,SI,Sinker,,foul,L,R,MIL,ATL,95.80,74.30,35,,,,0,1,2024,2024-07
2024-07-30,2024,R,605452,621566,SL,Slider,,called_strike,L,R,MIL,ATL,84.80,,,,,,0,0,2024,2024-07
2024-07-30,2024,R,605452,657656,SI,Sinker,single,hit_into_play,R,R,MIL,ATL,94.10,82.40,-45,128.42,158.53,ground_ball,1,1,2024,2024-07
2024-07-30,2024,R,605452,657656,SI,Sinker,,called_strike,R,R,MIL,ATL,93.10,,,,,,1,0,2024,2024-07
2024-07-30,2024,R,605452,657656,CU,Curveball,,ball,R,R,MIL,ATL,82.20,,,,,,0,0,2024,2024-07
2024-07-30,2024,R,605452,657656,SI,Sinker,strikeout,called_strike,R,R,MIL,ATL,95.40,,,,,,1,2,2024,2024-07
2024-07-30,2024,R,605452,657656,SL,Slider,,swinging_strike,R,R,MIL,ATL,87.10,,,,,,1,1,2024,2024-07
2024-07-30,2024,R,605452,657656,SL,Slider,,ball,R,R,MIL,ATL,86.20,,,,,,0,1,2024,2024-07
2024-07-30,2024,R,605452,657656,SL,Slider,,swinging_strike,R,R,MIL,ATL,86.50,,,,,,0,0,2024,2024-07
2024-07-30,2024,R,605452,663586,SL,Slider,field_out,hit_into_play,R,R,MIL,ATL,86.40,98.30,40,128.33,60.24,fly_ball,0,0,2024,2024-07
2024-07-30,2024,R,605452,663586,SI,Sinker,single,hit_into_play,R,R,MIL,ATL,95.80,99.10,4,193.40,109.19,ground_ball,1,1,2024,2024-07
2024-07-30,2024,R,605452,663586,SI,Sinker,,ball,R,R,MIL,ATL,95.80,,,,,,0,1,2024,2024-07
2024-07-30,2024,R,605452,663586,SI,Sinker,,called_strike,R,R,MIL,ATL,95.60,,,,,,0,0,2024,2024-07
2024-07-30,2024,R,605452,663586,SL,Slider,single,hit_into_play,R,R,MIL,ATL,88.00,77.80,20,138.89,91.21,line_drive,0,1,2024,2024-07
2024-07-30,2024,R,605452,663586,SI,Sinker,,foul,R,R,MIL,ATL,95.80,81.20,9,,,,0,0,2024,2024-07
2024-07-30,2024,R,605452,669221,SL,Slider,strikeout,swinging_strike,R,R,MIL,ATL,85.70,,,,,,1,2,2024,2024-07
2024-07-30,2024,R,605452,669221,SI,Sinker,,foul,R,R,MIL,ATL,92.50,51.00,5,,,,1,1,2024,2024-07
2024-07-30,2024,R,605452,669221,SI,Sinker,,ball,R,R,MIL,ATL,93.70,,,,,,0,1,2024,2024-07
2024-07-30,2024,R,605452,669221,SL,Slider,,swinging_strike,R,R,MIL,ATL,85.30,,,,,,0,0,2024,2024-07
2024-07-30,2024,R,605452,669221,SI,Sinker,strikeout,called_strike,R,R,MIL,ATL,95.10,,,,,,0,2,2024,2024-07
2024-07-30,2024,R,605452,669221,SI,Sinker,,foul,R,R,MIL,ATL,94.50,69.20,51,,,,0,1,2024,2024-07
2024-07-30,2024,R,605452,669221,SL,Slider,,swinging_strike,R,R,MIL,ATL,87.30,,,,,,0,0,2024,2024-07
2024-07-30,2024,R,605452,669221,SI,Sinker,field_out,hit_into_play,R,R,MIL,ATL,93.80,79.20,-32,102.02,170.23,ground_ball,0,1,2024,2024-07
2024-07-30,2024,R,605452,669221,SI,Sinker,,called_strike,R,R,MIL,ATL,95.30,,,,,,0,0,2024,2024-07
2024-07-30,2024,R,605452,672284,SI,Sinker,home_run,hit_into_play,L,R,MIL,ATL,93.90,100.90,31,33.28,81.46,fly_ball,1,1,2024,2024-07
2024-07-30,2024,R,605452,672284,CH,Changeup,,ball,L,R,MIL,ATL,90.70,,,,,,0,1,2024,2024-07
2024-07-30,2024,R,605452,672284,SL,Slider,,called_strike,L,R,MIL,ATL,85.00,,,,,,0,0,2024,2024-07
2024-07-30,2024,R,605452,672284,CH,Changeup,double,hit_into_play,L,R,MIL,ATL,90.50,101.10,2,177.66,113.26,ground_ball,2,2,2024,2024-07
2024-07-30,2024,R,605452,672284,SL,Slider,,foul,L,R,MIL,ATL,86.70,81.00,-36,,,,2,2,2024,2024-07
2024-07-30,2024,R,605452,672284,FF,4-Seam Fastball,,foul,L,R,MIL,ATL,95.10,73.10,41,,,,2,2,2024,2024-07
2024-07-30,2024,R,605452,672284,SI,Sinker,,ball,L,R,MIL,ATL,94.60,,,,,,1,2,2024,2024-07
2024-07-30,2024,R,605452,672284,SI,Sinker,,foul,L,R,MIL,ATL,94.40,86.20,48,,,,1,1,2024,2024-07
2024-07-30,2024,R,605452,672284,CH,Changeup,,called_strike,L,R,MIL,ATL,88.90,,,,,,1,0,2024,2024-07
2024-07-30,2024,R,605452,672284,SI,Sinker,,ball,L,R,MIL,ATL,94.30,,,,,,0,0,2024,2024-07
2024-07-30,2024,R,605452,672284,SI,Sinker,field_out,hit_into_play,L,R,MIL,ATL,95.80,94.40,26,66.35,73.69,fly_ball,0,1,2024,2024-07
2024-07-30,2024,R,605452,672284,SI,Sinker,,foul,L,R,MIL,ATL,96.20,80.30,66,,,,0,0,2024,2024-07
2024-07-30,2024,R,605452,805373,SL,Slider,grounded_into_double_play,hit_into_play,R,R,MIL,ATL,84.60,66.80,1,118.78,148.86,ground_ball,1,2,2024,2024-07
2024-07-30,2024,R,605452,805373,SI,Sinker,,foul_bunt,R,R,MIL,ATL,93.20,,,,,,1,1,2024,2024-07
2024-07-30,2024,R,605452,805373,SL,Slider,,ball,R,R,MIL,ATL,85.80,,,,,,0,1,2024,2024-07
2024-07-30,2024,R,605452,805373,SI,Sinker,,called_strike,R,R,MIL,ATL,92.40,,,,,,0,0,2024,2024-07
2024-07-30,2024,R,605452,805373,SL,Slider,single,hit_into_play,R,R,MIL,ATL,87.20,92.30,7,157.89,117.27,ground_ball,1,2,2024,2024-07
2024-07-30,2024,R,605452,805373,SL,Slider,,ball,R,R,MIL,ATL,87.80,,,,,,0,2,2024,2024-07
2024-07-30,2024,R,605452,805373,SI,Sinker,,foul,R,R,MIL,ATL,95.30,95.00,-5,,,,0,1,2024,2024-07
2024-07-30,2024,R,605452,805373,SI,Sinker,,called_strike,R,R,MIL,ATL,95.00,,,,,,0,0,2024,2024-07
2024-07-30,2024,R,605488,624503,SL,Slider,single,hit_into_play,L,L,TB,MIA,81.10,94.00,10,126.75,86.82,line_drive,0,1,2024,2024-07
2024-07-30,2024,R,605488,624503,FF,4-Seam Fastball,,foul,L,L,TB,MIA,88.00,77.40,-25,,,,0,0,2024,2024-07
2024-07-30,2024,R,605488,624503,FF,4-Seam Fastball,field_out,hit_into_play,L,L,TB,MIA,90.90,77.30,-32,149.35,152.15,ground_ball,3,2,2024,2024-07
2024-07-30,2024,R,605488,624503,ST,Sweeper,,ball,L,L,TB,MIA,78.30,,,,,,2,2,2024,2024-07
2024-07-30,2024,R,605488,624503,SL,Slider,,ball,L,L,TB,MIA,84.90,,,,,,1,2,2024,2024-07
2024-07-30,2024,R,605488,624503,SL,Slider,,foul,L,L,TB,MIA,83.10,70.00,55,,,,1,2,2024,2024-07
2024-07-30,2024,R,605488,624503,FF,4-Seam Fastball,,foul,L,L,TB,MIA,89.50,73.30,68,,,,1,1,2024,2024-07
2024-07-30,2024,R,605488,624503,SL,Slider,,ball,L,L,TB,MIA,85.40,,,,,,0,1,2024,2024-07
2024-07-30,2024,R,605488,624503,FF,4-Seam Fastball,,called_strike,L,L,TB,MIA,90.30,,,,,,0,0,2024,2024-07
2024-07-30,2024,R,605488,656896,FF,4-Seam Fastball,field_out,hit_into_play,R,L,TB,MIA,88.90,92.10,-14,93.98,152.44,ground_ball,1,2,2024,2024-07
2024-07-30,2024,R,605488,656896,CH,Changeup,,ball,R,L,TB,MIA,81.00,,,,,,0,2,2024,2024-07
2024-07-30,2024,R,605488,656896,FF,4-Seam Fastball,,foul,R,L,TB,MIA,88.70,75.60,56,,,,0,1,2024,2024-07
2024-07-30,2024,R,605488,656896,SL,Slider,,called_strike,R,L,TB,MIA,82.30,,,,,,0,0,2024,2024-07
2024-07-30,2024,R,605488,656896,CH,Changeup,home_run,hit_into_play,R,L,TB,MIA,80.60,100.60,27,38.57,78.90,fly_ball,3,2,2024,2024-07
2024-07-30,2024,R,605488,656896,FF,4-Seam Fastball,,ball,R,L,TB,MIA,90.60,,,,,,2,2,2024,2024-07
2024-07-30,2024,R,605488,656896,CH,Changeup,,ball,R,L,TB,MIA,79.80,,,,,,1,2,2024,2024-07
2024-07-30,2024,R,605488,656896,CH,Changeup,,swinging_strike,R,L,TB,MIA,81.20,,,,,,1,1,2024,2024-07
2024-07-30,2024,R,605488,656896,CH,Changeup,,swinging_strike,R,L,TB,MIA,78.40,,,,,,1,0,2024,2024-07
2024-07-30,2024,R,605488,656896,FF,4-Seam Fastball,,ball,R,L,TB,MIA,91.70,,,,,,0,0,2024,2024-07
2024-07-30,2024,R,605488,660644,CH,Changeup,field_out,hit_into_play,R,L,TB,MIA,79.30,76.40,81,116.06,205.43,popup,1,0,2024,2024-07
2024-07-30,2024,R,605488,660644,SL,Slider,,ball,R,L,TB,MIA,80.30,,,,,,0,0,2024,2024-07
2024-07-30,2024,R,605488,660644,CH,Changeup,field_out,hit_into_play,R,L,TB,MIA,78.90,83.80,0,103.34,153.36,ground_ball,2,2,2024,2024-07
2024-07-30,2024,R,605488,660644,FF,4-Seam Fastball,,foul,R,L,TB,MIA,91.30,75.10,17,,,,2,2,2024,2024-07
2024-07-30,2024,R,605488,660644,CH,Changeup,,called_strike,R,L,TB,MIA,79.10,,,,,,2,1,2024,2024-07
2024-07-30,2024,R,605488,660644,CH,Changeup,,ball,R,L,TB,MIA,79.60,,,,,,1,1,2024,2024-07
2024-07-30,2024,R,605488,660644,FC,Cutter,,ball,R,L,TB,MIA,84.90,,,,,,0,1,2024,2024-07
2024-07-30,2024,R,605488,660644,FF,4-Seam Fastball,,foul,R,L,TB,MIA,89.50,70.30,49,,,,0,0,2024,2024-07
2024-07-30,2024,R,605488,660821,FF,4-Seam Fastball,field_out,hit_into_play,L,L,TB,MIA,90.20,96.40,28,59.76,91.61,fly_ball,3,2,2024,2024-07
2024-07-30,2024,R,605488,660821,ST,Sweeper,,ball,L,L,TB,MIA,78.90,,,,,,2,2,2024,2024-07
2024-07-30,2024,R,605488,660821,ST,Sweeper,,ball,L,L,TB,MIA,79.10,,,,,,1,2,2024,2024-07
2024-07-30,2024,R,605488,660821,SL,Slider,,foul,L,L,TB,MIA,81.80,67.50,-4,,,,1,2,2024,2024-07
2024-07-30,2024,R,605488,660821,SL,Slider,,swinging_strike,L,L,TB,MIA,83.30,,,,,,1,1,2024,2024-07
2024-07-30,2024,R,605488,660821,FF,4-Seam Fastball,,foul,L,L,TB,MIA,89.40,72.90,37,,,,1,0,2024,2024-07
2024-07-30,2024,R,605488,660821,FF,4-Seam Fastball,,ball,L,L,TB,MIA,90.00,,,,,,0,0,2024,2024-07
2024-07-30,2024,R,605488,660821,FF,4-Seam Fastball,strikeout,foul_tip,L,L,TB,MIA,91.20,,,,,,0,2,2024,2024-07
2024-07-30,2024,R,605488,660821,FF,4-Seam Fastball,,foul_tip,L,L,TB,MIA,91.00,,,,,,0,1,2024,2024-07
2024-07-30,2024,R,605488,660821,FF,4-Seam Fastball,,swinging_strike,L,L,TB,MIA,91.30,,,,,,0,0,2024,2024-07
2024-07-30,2024,R,605488,663743,CH,Changeup,single,hit_into_play,R,L,TB,MIA,78.30,20.90,-55,120.45,198.13,ground_ball,0,0,2024,2024-07
2024-07-30,2024,R,605488,663743,FF,4-Seam Fastball,double,hit_into_play,R,L,TB,MIA,90.50,88.70,13,215.48,114.93,line_drive,1,2,2024,2024-07
2024-07-30,2024,R,605488,663743,FC,Cutter,,foul,R,L,TB,MIA,85.80,72.80,51,,,,1,1,2024,2024-07
2024-07-30,2024,R,605488,663743,CH,Changeup,,ball,R,L,TB,MIA,80.10,,,,,,0,1,2024,2024-07
2024-07-30,2024,R,605488,663743,CH,Changeup,,called_strike,R,L,TB,MIA,79.60,,,,,,0,0,2024,2024-07
2024-07-30,2024,R,605488,669364,CH,Changeup,strikeout,called_strike,R,L,TB,MIA,77.60,,,,,,3,2,2024,2024-07
2024-07-30,2024,R,605488,669364,FF,4-Seam Fastball,,ball,R,L,TB,MIA,90.90,,,,,,2,2,2024,2024-07
2024-07-30,2024,R,605488,669364,CH,Changeup,,ball,R,L,TB,MIA,80.30,,,,,,1,2,2024,2024-07
2024-07-30,2024,R,605488,669364,CH,Changeup,,foul,R,L,TB,MIA,80.30,,,,,,1,2,2024,2024-07
2024-07-30,2024,R,605488,669364,CH,Changeup,,swinging_strike,R,L,TB,MIA,79.20,,,,,,1,1,2024,2024-07
2024-07-30,2024,R,605488,669364,FC,Cutter,,ball,R,L,TB,MIA,84.20,,,,,,0,1,2024,2024-07
2024-07-30,2024,R,605488,669364,CH,Changeup,,called_strike,R,L,TB,MIA,78.70,,,,,,0,0,2024,2024-07
2024-07-30,2024,R,605488,669364,FF,4-Seam Fastball,single,hit_into_play,R,L,TB,MIA,90.80,87.40,15,137.18,81.73,line_drive,0,1,2024,2024-07
2024-07-30,2024,R,605488,669364,FF,4-Seam Fastball,,foul,R,L,TB,MIA,90.90,72.20,41,,,,0,0,2024,2024-07
2024-07-30,2024,R,605488,669394,FF,4-Seam Fastball,field_out,hit_into_play,R,L,TB,MIA,89.10,102.10,55,83.07,104.70,fly_ball,3,1,2024,2024-07
2024-07-30,2024,R,605488,669394,FF,4-Seam Fastball,,called_strike,R,L,TB,MIA,87.40,,,,,,3,0,2024,2024-07
2024-07-30,2024,R,605488,669394,CH,Changeup,,ball,R,L,TB,MIA,78.60,,,,,,2,0,2024,2024-07
2024-07-30,2024,R,605488,669394,CH,Changeup,,ball,R,L,TB,MIA,78.40,,,,,,1,0,2024,2024-07
2024-07-30,2024,R,605488,669394,FF,4-Seam Fastball,,ball,R,L,TB,MIA,86.70,,,,,,0,0,2024,2024-07
2024-07-30,2024,R,605488,669394,FF,4-Seam Fastball,field_out,hit_into_play,R,L,TB,MIA,90.20,100.20,45,148.96,67.66,fly_ball,2,1,2024,2024-07
2024-07-30,2024,R,605488,669394,CH,Changeup,,ball,R,L,TB,MIA,79.40,,,,,,1,1,2024,2024-07
2024-07-30,2024,R,605488,669394,CH,Changeup,,ball,R,L,TB,MIA,79.30,,,,,,0,1,2024,2024-07
2024-07-30,2024,R,605488,669394,FF,4-Seam Fastball,,called_strike,R,L,TB,MIA,90.20,,,,,,0,0,2024,2024-07
2024-07-30,2024,R,605488,672640,FF,4-Seam Fastball,field_out,hit_into_play,R,L,TB,MIA,87.40,100.50,31,145.88,40.58,fly_ball,2,2,2024,2024-07
2024-07-30,2024,R,605488,672640,CH,Changeup,,ball,R,L,TB,MIA,78.10,,,,,,1,2,2024,2024-07
2024-07-30,2024,R,605488,672640,CH,Changeup,,foul_tip,R,L,TB,MIA,79.30,,,,,,1,1,2024,2024-07
2024-07-30,2024,R,605488,672640,CH,Changeup,,swinging_strike,R,L,TB,MIA,77.50,,,,,,1,0,2024,2024-07
2024-07-30,2024,R,605488,672640,SL,Slider,,ball,R,L,TB,MIA,81.60,,,,,,0,0,2024,2024-07
2024-07-30,2024,R,605488,672640,CH,Changeup,strikeout,swinging_strike,R,L,TB,MIA,79.90,,,,,,2,2,2024,2024-07
2024-07-30,2024,R,605488,672640,FF,4-Seam Fastball,,ball,R,L,TB,MIA,90.10,,,,,,1,2,2024,2024-07
2024-07-30,2024,R,605488,672640,CH,Changeup,,ball,R,L,TB,MIA,81.10,,,,,,0,2,2024,2024-07
2024-07-30,2024,R,605488,672640,CH,Changeup,,foul,R,L,TB,MIA,79.30,,,,,,0,1,2024,2024-07
2024-07-30,2024,R,605488,672640,SL,Slider,,called_strike,R,L,TB,MIA,83.90,,,,,,0,0,2024,2024-07
2024-07-30,2024,R,605488,681146,CH,Changeup,single,hit_into_play,R,L,TB,MIA,79.40,96.60,-1,115.99,141.91,ground_ball,0,1,2024,2024-07
2024-07-30,2024,R,605488,681146,FF,4-Seam Fastball,,called_strike,R,L,TB,MIA,87.90,,,,,,0,0,2024,2024-07
2024-07-30,2024,R,605488,681146,FF,4-Seam Fastball,walk,ball,R,L,TB,MIA,90.20,,,,,,3,0,2024,2024-07
2024-07-30,2024,R,605488,681146,CH,Changeup,,ball,R,L,TB,MIA,79.50,,,,,,2,0,2024,2024-07
2024-07-30,2024,R,605488,681146,SL,Slider,,ball,R,L,TB,MIA,81.60,,,,,,1,0,2024,2024-07
2024-07-30,2024,R,605488,681146,FF,4-Seam Fastball,,ball,R,L,TB,MIA,87.30,,,,,,0,0,2024,2024-07
2024-07-30,2024,R,607192,444482,FF,4-Seam Fastball,field_out,hit_into_play,L,R,SD,LAD,95.10,69.10,71,151.33,174.21,popup,2,0,2024,2024-07
2024-07-30,2024,R,607192,444482,SL,Slider,,ball,L,R,SD,LAD,87.40,,,,,,1,0,2024,2024-07
2024-07-30,2024,R,607192,444482,CU,Curveball,,ball,L,R,SD,LAD,80.30,,,,,,0,0,2024,2024-07
2024-07-30,2024,R,607192,444482,SL,Slider,field_out,hit_into_play,L,R,SD,LAD,89.60,94.60,-21,143.81,135.01,ground_ball,3,2,2024,2024-07
2024-07-30,2024,R,607192,444482,FF,4-Seam Fastball,,ball,L,R,SD,LAD,97.10,,,,,,2,2,2024,2024-07
2024-07-30,2024,R,607192,444482,SL,Slider,,foul,L,R,SD,LAD,89.50,93.50,13,,,,2,2,2024,2024-07
2024-07-30,2024,R,607192,444482,CU,Curveball,,ball,L,R,SD,LAD,84.80,,,,,,1,2,2024,2024-07
2024-07-30,2024,R,607192,444482,SI,Sinker,,ball,L,R,SD,LAD,98.00,,,,,,0,2,2024,2024-07
2024-07-30,2024,R,607192,444482,SL,Slider,,called_strike,L,R,SD,LAD,91.40,,,,,,0,1,2024,2024-07
2024-07-30,2024,R,607192,444482,SL,Slider,,swinging_strike,L,R,SD,LAD,89.20,,,,,,0,0,2024,2024-07
2024-07-30,2024,R,607192,444482,CU,Curveball,strikeout,swinging_strike_blocked,L,R,SD,LAD,85.60,,,,,,0,2,2024,2024-07
2024-07-30,2024,R,607192,444482,FF,4-Seam Fastball,,foul,L,R,SD,LAD,97.70,67.90,40,,,,0,2,2024,2024-07
2024-07-30,2024,R,607192,444482,CU,Curveball,,swinging_strike,L,R,SD,LAD,83.50,,,,,,0,1,2024,2024-07
2024-07-30,2024,R,607192,444482,FF,4-Seam Fastball,,foul,L,R,SD,LAD,96.80,76.20,33,,,,0,0,2024,2024-07
2024-07-30,2024,R,607192,543309,CU,Curveball,strikeout,swinging_strike_blocked,R,R,SD,LAD,83.60,,,,,,1,2,2024,2024-07
2024-07-30,2024,R,607192,543309,CU,Curveball,,called_strike,R,R,SD,LAD,81.40,,,,,,1,1,2024,2024-07
2024-07-30,2024,R,607192,543309,CU,Curveball,,ball,R,R,SD,LAD,82.00,,,,,,0,1,2024,2024-07
2024-07-30,2024,R,607192,543309,SL,Slider,,swinging_strike,R,R,SD,LAD,88.60,,,,,,0,0,2024,2024-07
2024-07-30,2024,R,607192,543309,SI,Sinker,single,hit_into_play,R,R,SD,LAD,96.30,77.50,18,183.28,117.55,line_drive,1,0,2024,2024-07
2024-07-30,2024,R,607192,543309,SL,Slider,,ball,R,R,SD,LAD,91.30,,,,,,0,0,2024,2024-07
2024-07-30,2024,R,607192,543309,CU,Curveball,strikeout,swinging_strike,R,R,SD,LAD,82.10,,,,,,2,2,2024,2024-07
2024-07-30,2024,R,607192,543309,SI,Sinker,,foul,R,R,SD,LAD,96.40,80.50,-23,,,,2,2,2024,2024-07
2024-07-30,2024,R,607192,543309,SL,Slider,,ball,R,R,SD,LAD,90.90,,,,,,1,2,2024,2024-07
2024-07-30,2024,R,607192,543309,CU,Curveball,,ball,R,R,SD,LAD,85.50,,,,,,0,2,2024,2024-07
2024-07-30,2024,R,607192,543309,CU,Curveball,,called_strike,R,R,SD,LAD,82.20,,,,,,0,1,2024,2024-07
2024-07-30,2024,R,607192,543309,SI,Sinker,,swinging_strike,R,R,SD,LAD,95.90,,,,,,0,0,2024,2024-07
2024-07-30,2024,R,607192,592518,SL,Slider,field_out,hit_into_play,R,R,SD,LAD,90.00,100.40,47,118.62,84.29,fly_ball,0,0,2024,2024-07
2024-07-30,2024,R,607192,592518,SI,Sinker,field_out,hit_into_play,R,R,SD,LAD,96.70,82.00,36,126.55,82.25,fly_ball,2,0,2024,2024-07
2024-07-30,2024,R,607192,592518,SL,Slider,,blocked_ball,R,R,SD,LAD,91.10,,,,,,1,0,2024,2024-07
2024-07-30,2024,R,607192,592518,CU,Curveball,,blocked_ball,R,R,SD,LAD,83.60,,,,,,0,0,2024,2024-07
2024-07-30,2024,R,607192,592518,SI,Sinker,home_run,hit_into_play,R,R,SD,LAD,96.00,108.30,21,155.60,35.69,line_drive,1,0,2024,2024-07
2024-07-30,2024,R,607192,592518,FF,4-Seam Fastball,,ball,R,R,SD,LAD,95.30,,,,,,0,0,2024,2024-07
2024-07-30,2024,R,607192,593428,SI,Sinker,single,hit_into_play,R,R,SD,LAD,95.90,63.40,-54,122.05,155.16,ground_ball,0,1,2024,2024-07
2024-07-30,2024,R,607192,593428,SI,Sinker,,called_strike,R,R,SD,LAD,96.10,,,,,,0,0,2024,2024-07
2024-07-30,2024,R,607192,593428,SL,Slider,strikeout,swinging_strike,R,R,SD,LAD,90.60,,,,,,2,2,2024,2024-07
2024-07-30,2024,R,607192,593428,CU,Curveball,,ball,R,R,SD,LAD,83.60,,,,,,1,2,2024,2024-07
2024-07-30,2024,R,607192,593428,SL,Slider,,ball,R,R,SD,LAD,89.00,,,,,,0,2,2024,2024-07
2024-07-30,2024,R,607192,593428,SI,Sinker,,foul,R,R,SD,LAD,96.50,64.90,48,,,,0,1,2024,2024-07
2024-07-30,2024,R,607192,593428,SL,Slider,,foul,R,R,SD,LAD,88.30,,,,,,0,0,2024,2024-07
2024-07-30,2024,R,607192,593428,CU,Curveball,field_out,hit_into_play,R,R,SD,LAD,81.80,84.90,40,180.19,105.13,fly_ball,1,1,2024,2024-07
2024-07-30,2024,R,607192,593428,CU,Curveball,,ball,R,R,SD,LAD,82.90,,,,,,0,1,2024,2024-07
2024-07-30,2024,R,607192,593428,SI,Sinker,,called_strike,R,R,SD,LAD,96.30,,,,,,0,0,2024,2024-07
2024-07-30,2024,R,607192,595777,FF,4-Seam Fastball,walk,ball,L,R,SD,LAD,94.80,,,,,,3,1,2024,2024-07
2024-07-30,2024,R,607192,595777,SL,Slider,,ball,L,R,SD,LAD,89.90,,,,,,2,1,2024,2024-07
2024-07-30,2024,R,607192,595777,CU,Curveball,,ball,L,R,SD,LAD,82.80,,,,,,1,1,2024,2024-07
2024-07-30,2024,R,607192,595777,CU,Curveball,,ball,L,R,SD,LAD,82.90,,,,,,0,1,2024,2024-07
2024-07-30,2024,R,607192,595777,FF,4-Seam Fastball,,called_strike,L,R,SD,LAD,94.50,,,,,,0,0,2024,2024-07
2024-07-30,2024,R,607192,595777,FF,4-Seam Fastball,single,hit_into_play,L,R,SD,LAD,96.10,105.60,3,183.30,118.34,ground_ball,0,1,2024,2024-07
2024-07-30,2024,R,607192,595777,SL,Slider,,called_strike,L,R,SD,LAD,89.80,,,,,,0,0,2024,2024-07
2024-07-30,2024,R,607192,595777,FF,4-Seam Fastball,field_out,hit_into_play,L,R,SD,LAD,97.30,76.10,51,109.28,115.95,popup,3,1,2024,2024-07
2024-07-30,2024,R,607192,595777,SL,Slider,,ball,L,R,SD,LAD,91.00,,,,,,2,1,2024,2024-07
2024-07-30,2024,R,607192,595777,SI,Sinker,,ball,L,R,SD,LAD,96.50,,,,,,1,1,2024,2024-07
2024-07-30,2024,R,607192,595777,CU,Curveball,,ball,L,R,SD,LAD,84.10,,,,,,0,1,2024,2024-07
2024-07-30,2024,R,607192,595777,FF,4-Seam Fastball,,called_strike,L,R,SD,LAD,95.90,,,,,,0,0,2024,2024-07
2024-07-30,2024,R,607192,630105,FF,4-Seam Fastball,strikeout,swinging_strike,L,R,SD,LAD,96.80,,,,,,2,2,2024,2024-07
2024-07-30,2024,R,607192,630105,SL,Slider,,called_strike,L,R,SD,LAD,88.70,,,,,,2,1,2024,2024-07
2024-07-30,2024,R,607192,630105,SI,Sinker,,ball,L,R,SD,LAD,95.40,,,,,,1,1,2024,2024-07
2024-07-30,2024,R,607192,630105,FF,4-Seam Fastball,,ball,L,R,SD,LAD,95.60,,,,,,0,1,2024,2024-07
2024-07-30,2024,R,607192,630105,SL,Slider,,foul,L,R,SD,LAD,88.90,77.20,-29,,,,0,0,2024,2024-07
2024-07-30,2024,R,607192,630105,SI,Sinker,double,hit_into_play,L,R,SD,LAD,96.10,105.00,9,197.17,133.94,line_drive,1,0,2024,2024-07
2024-07-30,2024,R,607192,630105,FF,4-Seam Fastball,,ball,L,R,SD,LAD,96.40,,,,,,0,0,2024,2024-07
2024-07-30,2024,R,607192,630105,FF,4-Seam Fastball,field_out,hit_into_play,L,R,SD,LAD,97.30,81.00,38,98.09,93.47,fly_ball,1,1,2024,2024-07
2024-07-30,2024,R,607192,630105,FF,4-Seam Fastball,,called_strike,L,R,SD,LAD,96.60,,,,,,1,0,2024,2024-07
2024-07-30,2024,R,607192,630105,FF,4-Seam Fastball,,ball,L,R,SD,LAD,97.30,,,,,,0,0,2024,2024-07
2024-07-30,2024,R,607192,650333,SI,Sinker,grounded_into_double_play,hit_into_play,L,R,SD,LAD,96.40,73.50,-23,148.41,175.74,ground_ball,0,1,2024,2024-07
2024-07-30,2024,R,607192,650333,CU,Curveball,,called_strike,L,R,SD,LAD,81.70,,,,,,0,0,2024,2024-07
2024-07-30,2024,R,607192,650333,FF,4-Seam Fastball,double,hit_into_play,L,R,SD,LAD,97.10,98.60,2,212.91,113.51,ground_ball,3,1,2024,2024-07
2024-07-30,2024,R,607192,650333,SI,Sinker,,ball,L,R,SD,LAD,97.80,,,,,,2,1,2024,2024-07
2024-07-30,2024,R,607192,650333,FF,4-Seam Fastball,,ball,L,R,SD,LAD,97.00,,,,,,1,1,2024,2024-07
2024-07-30,2024,R,607192,650333,SL,Slider,,called_strike,L,R,SD,LAD,91.30,,,,,,1,0,2024,2024-07
2024-07-30,2024,R,607192,650333,FF,4-Seam Fastball,,ball,L,R,SD,LAD,95.40,,,,,,0,0,2024,2024-07
2024-07-30,2024,R,607192,650333,SI,Sinker,field_out,hit_into_play,L,R,SD,LAD,95.20,99.30,2,151.26,154.00,ground_ball,1,1,2024,2024-07
2024-07-30,2024,R,607192,650333,FF,4-Seam Fastball,,called_strike,L,R,SD,LAD,93.90,,,,,,1,0,2024,2024-07
2024-07-30,2024,R,607192,650333,FF,4-Seam Fastball,,ball,L,R,SD,LAD,93.60,,,,,,0,0,2024,2024-07
2024-07-30,2024,R,607192,673490,SL,Slider,strikeout,foul_tip,R,R,SD,LAD,89.80,,,,,,2,2,2024,2024-07
2024-07-30,2024,R,607192,673490,FF,4-Seam Fastball,,ball,R,R,SD,LAD,95.40,,,,,,1,2,2024,2024-07
2024-07-30,2024,R,607192,673490,SL,Slider,,ball,R,R,SD,LAD,88.50,,,,,,0,2,2024,2024-07
2024-07-30,2024,R,607192,673490,SI,Sinker,,foul,R,R,SD,LAD,95.30,86.10,22,,,,0,2,2024,2024-07
2024-07-30,2024,R,607192,673490,CU,Curveball,,foul,R,R,SD,LAD,82.40,60.60,55,,,,0,2,2024,2024-07
2024-07-30,2024,R,607192,673490,SL,Slider,,foul,R,R,SD,LAD,90.20,54.50,-19,,,,0,1,2024,2024-07
2024-07-30,2024,R,607192,673490,FF,4-Seam Fastball,,called_strike,R,R,SD,LAD,95.40,,,,,,0,0,2024,2024-07
2024-07-30,2024,R,607192,673490,FF,4-Seam Fastball,strikeout,foul_tip,R,R,SD,LAD,95.90,,,,,,3,2,2024,2024-07
2024-07-30,2024,R,607192,673490,SL,Slider,,ball,R,R,SD,LAD,89.50,,,,,,2,2,2024,2024-07
2024-07-30,2024,R,607192,673490,SL,Slider,,foul,R,R,SD,LAD,88.30,78.80,-38,,,,2,1,2024,2024-07
2024-07-30,2024,R,607192,673490,FF,4-Seam Fastball,,ball,R,R,SD,LAD,94.80,,,,,,1,1,2024,2024-07
2024-07-30,2024,R,607192,673490,CU,Curveball,,ball,R,R,SD,LAD,83.70,,,,,,0,1,2024,2024-07
2024-07-30,2024,R,607192,673490,SL,Slider,,called_strike,R,R,SD,LAD,88.30,,,,,,0,0,2024,2024-07
2024-07-30,2024,R,607192,673490,FF,4-Seam Fastball,field_out,hit_into_play,R,R,SD,LAD,96.10,98.60,-26,98.07,166.09,ground_ball,2,1,2024,2024-07
2024-07-30,2024,R,607192,673490,SL,Slider,,ball,R,R,SD,LAD,90.40,,,,,,1,1,2024,2024-07
2024-07-30,2024,R,607192,673490,SL,Slider,,swinging_strike,R,R,SD,LAD,89.20,,,,,,1,0,2024,2024-07
2024-07-30,2024,R,607192,673490,FF,4-Seam Fastball,,ball,R,R,SD,LAD,95.20,,,,,,0,0,2024,2024-07
2024-07-30,2024,R,607192,701538,SL,Slider,field_out,hit_into_play,L,R,SD,LAD,90.20,51.10,49,131.89,149.58,popup,1,0,2024,2024-07
2024-07-30,2024,R,607192,701538,CU,Curveball,,ball,L,R,SD,LAD,80.90,,,,,,0,0,2024,2024-07
2024-07-30,2024,R,607192,701538,SI,Sinker,field_out,hit_into_play,L,R,SD,LAD,97.80,89.90,73,82.46,174.16,popup,1,2,2024,2024-07
2024-07-30,2024,R,607192,701538,CU,Curveball,,called_strike,L,R,SD,LAD,82.60,,,,,,1,1,2024,2024-07
2024-07-30,2024,R,607192,701538,SL,Slider,,swinging_strike,L,R,SD,LAD,91.40,,,,,,1,0,2024,2024-07
2024-07-30,2024,R,607192,701538,FF,4-Seam Fastball,,ball,L,R,SD,LAD,95.90,,,,,,0,0,2024,2024-07
2024-07-30,2024,R,607192,701538,FF,4-Seam Fastball,strikeout,swinging_strike,L,R,SD,LAD,98.10,,,,,,2,2,2024,2024-07
2024-07-30,2024,R,607192,701538,SL,Slider,,foul,L,R,SD,LAD,90.20,76.60,4,,,,2,1,2024,2024-07
2024-07-30,2024,R,607192,701538,FF,4-Seam Fastball,,ball,L,R,SD,LAD,97.00,,,,,,1,1,2024,2024-07
2024-07-30,2024,R,607192,701538,FF,4-Seam Fastball,,foul,L,R,SD,LAD,97.40,78.40,59,,,,1,0,2024,2024-07
2024-07-30,2024,R,607192,701538,CU,Curveball,,ball,L,R,SD,LAD,82.80,,,,,,0,0,2024,2024-07
2024-07-30,2024,R,607259,621020,FC,Cutter,field_out,hit_into_play,R,R,CIN,CHC,89.80,69.00,-33,110.34,175.58,ground_ball,0,0,2024,2024-07
2024-07-30,2024,R,607259,621020,SL,Slider,double,hit_into_play,R,R,CIN,CHC,85.40,100.60,26,94.69,40.43,fly_ball,0,1,2024,2024-07
2024-07-30,2024,R,607259,621020,SI,Sinker,,called_strike,R,R,CIN,CHC,93.20,,,,,,0,0,2024,2024-07
2024-07-30,2024,R,607259,641355,FC,Cutter,field_out,hit_into_play,L,R,CIN,CHC,89.60,91.20,50,139.29,98.07,fly_ball,0,0,2024,2024-07
2024-07-30,2024,R,607259,663538,FC,Cutter,single,hit_into_play,R,R,CIN,CHC,89.90,76.70,-51,111.55,183.47,ground_ball,1,2,2024,2024-07
2024-07-30,2024,R,607259,663538,FF,4-Seam Fastball,,ball,R,R,CIN,CHC,92.80,,,,,,0,2,2024,2024-07
2024-07-30,2024,R,607259,663538,SI,Sinker,,foul,R,R,CIN,CHC,90.80,55.50,-4,,,,0,1,2024,2024-07
2024-07-30,2024,R,607259,663538,FC,Cutter,,foul,R,R,CIN,CHC,90.00,64.60,-32,,,,0,0,2024,2024-07
2024-07-30,2024,R,607259,663538,SL,Slider,field_out,hit_into_play,R,R,CIN,CHC,86.90,63.00,38,160.51,131.24,fly_ball,0,0,2024,2024-07
2024-07-30,2024,R,607259,664023,FC,Cutter,field_out,hit_into_play,L,R,CIN,CHC,89.40,90.30,27,142.73,61.03,fly_ball,0,1,2024,2024-07
2024-07-30,2024,R,607259,664023,CH,Changeup,,called_strike,L,R,CIN,CHC,80.00,,,,,,0,0,2024,2024-07
2024-07-30,2024,R,607259,664023,FC,Cutter,field_out,hit_into_play,L,R,CIN,CHC,90.10,92.50,61,94.59,119.34,fly_ball,1,2,2024,2024-07
2024-07-30,2024,R,607259,664023,CH,Changeup,,ball,L,R,CIN,CHC,82.20,,,,,,0,2,2024,2024-07
2024-07-30,2024,R,607259,664023,FF,4-Seam Fastball,,foul,L,R,CIN,CHC,93.10,75.40,34,,,,0,2,2024,2024-07
2024-07-30,2024,R,607259,664023,CH,Changeup,,swinging_strike,L,R,CIN,CHC,80.80,,,,,,0,1,2024,2024-07
2024-07-30,2024,R,607259,664023,CU,Curveball,,foul,L,R,CIN,CHC,80.10,60.90,-35,,,,0,0,2024,2024-07
2024-07-30,2024,R,607259,665804,FC,Cutter,double,hit_into_play,R,R,CIN,CHC,89.40,100.20,23,94.00,53.00,fly_ball,1,1,2024,2024-07
2024-07-30,2024,R,607259,665804,SL,Slider,,ball,R,R,CIN,CHC,84.30,,,,,,0,1,2024,2024-07
2024-07-30,2024,R,607259,665804,FC,Cutter,,called_strike,R,R,CIN,CHC,88.60,,,,,,0,0,2024,2024-07
2024-07-30,2024,R,607259,665804,FC,Cutter,field_out,hit_into_play,R,R,CIN,CHC,88.30,57.70,-44,151.80,173.88,ground_ball,1,1,2024,2024-07
2024-07-30,2024,R,607259,665804,FC,Cutter,,ball,R,R,CIN,CHC,89.70,,,,,,0,1,2024,2024-07
2024-07-30,2024,R,607259,665804,FF,4-Seam Fastball,,called_strike,R,R,CIN,CHC,92.40,,,,,,0,0,2024,2024-07
2024-07-30,2024,R,607259,670623,FC,Cutter,field_out,hit_into_play,R,R,CIN,CHC,89.40,75.80,34,48.44,120.19,fly_ball,2,0,2024,2024-07
2024-07-30,2024,R,607259,670623,FC,Cutter,,ball,R,R,CIN,CHC,88.90,,,,,,1,0,2024,2024-07
2024-07-30,2024,R,607259,670623,SI,Sinker,,blocked_ball,R,R,CIN,CHC,92.00,,,,,,0,0,2024,2024-07
2024-07-30,2024,R,607259,670623,CH,Changeup,field_out,hit_into_play,R,R,CIN,CHC,81.40,93.10,20,158.55,81.36,line_drive,1,2,2024,2024-07
2024-07-30,2024,R,607259,670623,CH,Changeup,,swinging_strike,R,R,CIN,CHC,81.80,,,,,,1,1,2024,2024-07
2024-07-30,2024,R,607259,670623,SL,Slider,,ball,R,R,CIN,CHC,86.00,,,,,,0,1,2024,2024-07
2024-07-30,2024,R,607259,670623,FF,4-Seam Fastball,,called_strike,R,R,CIN,CHC,92.30,,,,,,0,0,2024,2024-07
2024-07-30,2024,R,607259,673548,FC,Cutter,single,hit_into_play,R,R,CIN,CHC,89.60,80.20,25,115.99,80.76,line_drive,2,0,2024,2024-07
2024-07-30,2024,R,607259,673548,FC,Cutter,,ball,R,R,CIN,CHC,89.40,,,,,,1,0,2024,2024-07
2024-07-30,2024,R,607259,673548,SI,Sinker,,ball,R,R,CIN,CHC,91.50,,,,,,0,0,2024,2024-07
2024-07-30,2024,R,607259,683737,CU,Curveball,strikeout,swinging_strike,L,R,CIN,CHC,80.60,,,,,,2,2,2024,2024-07
2024-07-30,2024,R,607259,683737,FC,Cutter,,ball,L,R,CIN,CHC,90.20,,,,,,1,2,2024,2024-07
2024-07-30,2024,R,607259,683737,FF,4-Seam Fastball,,foul,L,R,CIN,CHC,92.80,87.10,79,,,,1,2,2024,2024-07
2024-07-30,2024,R,607259,683737,CH,Changeup,,swinging_strike_blocked,L,R,CIN,CHC,80.60,,,,,,1,1,2024,2024-07
2024-07-30,2024,R,607259,683737,FF,4-Seam Fastball,,ball,L,R,CIN,CHC,92.10,,,,,,0,1,2024,2024-07
2024-07-30,2024,R,607259,683737,FC,Cutter,,called_strike,L,R,CIN,CHC,89.50,,,,,,0,0,2024,2024-07
2024-07-30,2024,R,607259,683737,FC,Cutter,strikeout,called_strike,L,R,CIN,CHC,91.30,,,,,,3,2,2024,2024-07
2024-07-30,2024,R,607259,683737,CH,Changeup,,ball,L,R,CIN,CHC,81.90,,,,,,2,2,2024,2024-07
2024-07-30,2024,R,607259,683737,FC,Cutter,,ball,L,R,CIN,CHC,90.00,,,,,,1,2,2024,2024-07
2024-07-30,2024,R,607259,683737,FF,4-Seam Fastball,,foul,L,R,CIN,CHC,93.10,,,,,,1,2,2024,2024-07
2024-07-30,2024,R,607259,683737,FF,4-Seam Fastball,,ball,L,R,CIN,CHC,93.50,,,,,,0,2,2024,2024-07
2024-07-30,2024,R,607259,683737,FF,4-Seam Fastball,,swinging_strike,L,R,CIN,CHC,92.70,,,,,,0,1,2024,2024-07
2024-07-30,2024,R,607259,683737,FC,Cutter,,called_strike,L,R,CIN,CHC,90.30,,,,,,0,0,2024,2024-07
2024-07-30,2024,R,607259,691718,CU,Curveball,field_out,hit_into_play,L,R,CIN,CHC,81.20,101.00,6,114.46,124.44,ground_ball,0,0,2024,2024-07
2024-07-30,2024,R,607259,691718,FF,4-Seam Fastball,strikeout,called_strike,L,R,CIN,CHC,93.50,,,,,,1,2,2024,2024-07
2024-07-30,2024,R,607259,691718,CH,Changeup,,foul,L,R,CIN,CHC,81.60,73.40,75,,,,1,2,2024,2024-07
2024-07-30,2024,R,607259,691718,FF,4-Seam Fastball,,foul,L,R,CIN,CHC,93.30,96.70,44,,,,1,2,2024,2024-07
2024-07-30,2024,R,607259,691718,CH,Changeup,,foul,L,R,CIN,CHC,81.60,87.10,31,,,,1,2,2024,2024-07
2024-07-30,2024,R,607259,691718,CH,Changeup,,swinging_strike,L,R,CIN,CHC,81.00,,,,,,1,1,2024,2024-07
2024-07-30,2024,R,607259,691718,FF,4-Seam Fastball,,ball,L,R,CIN,CHC,92.10,,,,,,0,1,2024,2024-07
2024-07-30,2024,R,607259,691718,FF,4-Seam Fastball,,swinging_strike,L,R,CIN,CHC,92.90,,,,,,0,0,2024,2024-07
2024-07-30,2024,R,607455,595777,FF,4-Seam Fastball,field_out,hit_into_play,R,L,SD,LAD,96.20,98.70,-22,125.27,152.80,ground_ball,2,2,2024,2024-07
2024-07-30,2024,R,607455,595777,SI,Sinker,,foul,R,L,SD,LAD,96.30,78.50,24,,,,2,1,2024,2024-07
2024-07-30,2024,R,607455,595777,SL,Slider,,ball,R,L,SD,LAD,85.70,,,,,,1,1,2024,2024-07
2024-07-30,2024,R,607455,595777,SL,Slider,,ball,R,L,SD,LAD,86.00,,,,,,0,1,2024,2024-07
2024-07-30,2024,R,607455,595777,SI,Sinker,,called_strike,R,L,SD,LAD,95.40,,,,,,0,0,2024,2024-07
2024-07-30,2024,R,607455,630105,FF,4-Seam Fastball,strikeout,swinging_strike,L,L,SD,LAD,96.90,,,,,,2,2,2024,2024-07
2024-07-30,2024,R,607455,630105,SL,Slider,,foul,L,L,SD,LAD,84.50,69.20,22,,,,2,2,2024,2024-07
2024-07-30,2024,R,607455,630105,FF,4-Seam Fastball,,foul,L,L,SD,LAD,96.70,75.50,29,,,,2,2,2024,2024-07
2024-07-30,2024,R,607455,630105,FF,4-Seam Fastball,,foul,L,L,SD,LAD,95.60,,,,,,2,2,2024,2024-07
2024-07-30,2024,R,607455,630105,SI,Sinker,,foul,L,L,SD,LAD,95.10,81.20,22,,,,2,2,2024,2024-07
2024-07-30,2024,R,607455,630105,SL,Slider,,ball,L,L,SD,LAD,84.70,,,,,,1,2,2024,2024-07
2024-07-30,2024,R,607455,630105,FF,4-Seam Fastball,,ball,L,L,SD,LAD,96.70,,,,,,0,2,2024,2024-07
2024-07-30,2024,R,607455,630105,SL,Slider,,swinging_strike,L,L,SD,LAD,85.80,,,,,,0,1,2024,2024-07
2024-07-30,2024,R,607455,630105,SI,Sinker,,called_strike,L,L,SD,LAD,96.50,,,,,,0,0,2024,2024-07
2024-07-30,2024,R,607455,650333,SL,Slider,field_out,hit_into_play,L,L,SD,LAD,85.70,74.60,-7,156.70,164.88,ground_ball,0,1,2024,2024-07
2024-07-30,2024,R,607455,650333,SI,Sinker,,called_strike,L,L,SD,LAD,96.50,,,,,,0,0,2024,2024-07
2024-07-30,2024,R,608032,592450,FF,4-Seam Fastball,field_out,hit_into_play,R,R,PHI,NYY,95.00,99.00,46,156.26,81.04,fly_ball,2,1,2024,2024-07
2024-07-30,2024,R,608032,592450,FF,4-Seam Fastball,,called_strike,R,R,PHI,NYY,95.30,,,,,,2,0,2024,2024-07
2024-07-30,2024,R,608032,592450,FF,4-Seam Fastball,,ball,R,R,PHI,NYY,96.00,,,,,,1,0,2024,2024-07
2024-07-30,2024,R,608032,592450,FF,4-Seam Fastball,,ball,R,R,PHI,NYY,95.30,,,,,,0,0,2024,2024-07
2024-07-30,2024,R,608032,665862,FF,4-Seam Fastball,field_out,hit_into_play,L,R,PHI,NYY,96.40,104.70,22,129.75,42.26,line_drive,3,2,2024,2024-07
2024-07-30,2024,R,608032,665862,CH,Changeup,,ball,L,R,PHI,NYY,90.10,,,,,,2,2,2024,2024-07
2024-07-30,2024,R,608032,665862,FF,4-Seam Fastball,,ball,L,R,PHI,NYY,97.70,,,,,,1,2,2024,2024-07
2024-07-30,2024,R,608032,665862,FF,4-Seam Fastball,,foul,L,R,PHI,NYY,96.70,86.10,56,,,,1,2,2024,2024-07
2024-07-30,2024,R,608032,665862,CH,Changeup,,foul,L,R,PHI,NYY,89.60,70.70,-33,,,,1,1,2024,2024-07
2024-07-30,2024,R,608032,665862,FF,4-Seam Fastball,,foul,L,R,PHI,NYY,97.10,82.50,65,,,,1,0,2024,2024-07
2024-07-30,2024,R,608032,665862,SL,Slider,,ball,L,R,PHI,NYY,89.10,,,,,,0,0,2024,2024-07
2024-07-30,2024,R,608032,669224,FF,4-Seam Fastball,field_out,hit_into_play,L,R,PHI,NYY,95.10,92.40,31,106.80,58.43,fly_ball,2,1,2024,2024-07
2024-07-30,2024,R,608032,669224,FF,4-Seam Fastball,,ball,L,R,PHI,NYY,96.20,,,,,,1,1,2024,2024-07
2024-07-30,2024,R,608032,669224,CH,Changeup,,foul_tip,L,R,PHI,NYY,88.70,,,,,,1,0,2024,2024-07
2024-07-30,2024,R,608032,669224,FF,4-Seam Fastball,,ball,L,R,PHI,NYY,96.10,,,,,,0,0,2024,2024-07
2024-07-30,2024,R,608379,657757,SI,Sinker,field_out,hit_into_play,L,R,CWS,KC,94.40,77.40,-3,143.43,141.24,ground_ball,1,2,2024,2024-07
2024-07-30,2024,R,608379,657757,CH,Changeup,,ball,L,R,CWS,KC,80.10,,,,,,0,2,2024,2024-07
2024-07-30,2024,R,608379,657757,FF,4-Seam Fastball,,foul,L,R,CWS,KC,93.50,86.20,37,,,,0,1,2024,2024-07
2024-07-30,2024,R,608379,657757,FC,Cutter,,called_strike,L,R,CWS,KC,88.90,,,,,,0,0,2024,2024-07
2024-07-30,2024,R,608379,657757,CH,Changeup,field_out,hit_into_play,L,R,CWS,KC,81.50,63.30,-68,120.80,195.48,ground_ball,0,1,2024,2024-07
2024-07-30,2024,R,608379,657757,CU,Curveball,,foul,L,R,CWS,KC,75.30,,,,,,0,0,2024,2024-07
2024-07-30,2024,R,608379,657757,FF,4-Seam Fastball,field_out,hit_into_play,L,R,CWS,KC,94.00,93.90,4,149.46,149.83,ground_ball,2,0,2024,2024-07
2024-07-30,2024,R,608379,657757,CH,Changeup,,ball,L,R,CWS,KC,81.20,,,,,,1,0,2024,2024-07
2024-07-30,2024,R,608379,657757,FF,4-Seam Fastball,,ball,L,R,CWS,KC,93.10,,,,,,0,0,2024,2024-07
2024-07-30,2024,R,608379,666150,SI,Sinker,single,hit_into_play,L,R,CWS,KC,93.20,93.40,6,134.13,98.69,ground_ball,0,1,2024,2024-07
2024-07-30,2024,R,608379,666150,CU,Curveball,,foul,L,R,CWS,KC,74.50,54.70,-58,,,,0,0,2024,2024-07
2024-07-30,2024,R,608379,666150,FC,Cutter,strikeout,called_strike,L,R,CWS,KC,90.70,,,,,,1,2,2024,2024-07
2024-07-30,2024,R,608379,666150,FF,4-Seam Fastball,,foul,L,R,CWS,KC,93.40,84.50,-47,,,,1,2,2024,2024-07
2024-07-30,2024,R,608379,666150,CH,Changeup,,foul,L,R,CWS,KC,81.20,,,,,,1,1,2024,2024-07
2024-07-30,2024,R,608379,666150,CH,Changeup,,ball,L,R,CWS,KC,79.90,,,,,,0,1,2024,2024-07
2024-07-30,2024,R,608379,666150,CU,Curveball,,called_strike,L,R,CWS,KC,73.50,,,,,,0,0,2024,2024-07
2024-07-30,2024,R,608379,666150,SL,Slider,field_out,hit_into_play,L,R,CWS,KC,84.30,45.70,84,117.48,205.14,popup,1,0,2024,2024-07
2024-07-30,2024,R,608379,666150,FF,4-Seam Fastball,,ball,L,R,CWS,KC,92.80,,,,,,0,0,2024,2024-07
2024-07-30,2024,R,608379,669222,FC,Cutter,single,hit_into_play,R,R,CWS,KC,89.60,91.70,9,124.67,96.63,line_drive,1,0,2024,2024-07
2024-07-30,2024,R,608379,669222,CU,Curveball,,ball,R,R,CWS,KC,74.90,,,,,,0,0,2024,2024-07
2024-07-30,2024,R,608379,669222,SL,Slider,single,hit_into_play,R,R,CWS,KC,84.10,95.00,10,95.79,84.18,line_drive,1,1,2024,2024-07
2024-07-30,2024,R,608379,669222,SL,Slider,,ball,R,R,CWS,KC,82.90,,,,,,0,1,2024,2024-07
2024-07-30,2024,R,608379,669222,FC,Cutter,,called_strike,R,R,CWS,KC,89.20,,,,,,0,0,2024,2024-07
2024-07-30,2024,R,608379,669222,FF,4-Seam Fastball,field_out,hit_into_play,R,R,CWS,KC,92.40,105.40,18,155.01,52.45,line_drive,0,0,2024,2024-07
2024-07-30,2024,R,608379,670032,CH,Changeup,field_out,hit_into_play,L,R,CWS,KC,81.20,81.40,-33,142.20,153.46,ground_ball,1,1,2024,2024-07
2024-07-30,2024,R,608379,670032,FC,Cutter,,foul,L,R,CWS,KC,88.80,54.70,-42,,,,1,0,2024,2024-07
2024-07-30,2024,R,608379,670032,SL,Slider,,ball,L,R,CWS,KC,83.80,,,,,,0,0,2024,2024-07
2024-07-30,2024,R,608379,670032,FF,4-Seam Fastball,walk,ball,L,R,CWS,KC,93.70,,,,,,3,1,2024,2024-07
2024-07-30,2024,R,608379,670032,CH,Changeup,,ball,L,R,CWS,KC,81.20,,,,,,2,1,2024,2024-07
2024-07-30,2024,R,608379,670032,FF,4-Seam Fastball,,called_strike,L,R,CWS,KC,95.10,,,,,,2,0,2024,2024-07
2024-07-30,2024,R,608379,670032,CH,Changeup,,ball,L,R,CWS,KC,81.30,,,,,,1,0,2024,2024-07
2024-07-30,2024,R,608379,670032,CU,Curveball,,ball,L,R,CWS,KC,76.10,,,,,,0,0,2024,2024-07
2024-07-30,2024,R,608379,670032,CU,Curveball,triple,hit_into_play,L,R,CWS,KC,74.90,82.60,21,219.65,106.87,line_drive,0,1,2024,2024-07
2024-07-30,2024,R,608379,670032,FF,4-Seam Fastball,,called_strike,L,R,CWS,KC,93.20,,,,,,0,0,2024,2024-07
2024-07-30,2024,R,608379,673357,CH,Changeup,field_out,hit_into_play,R,R,CWS,KC,82.50,91.30,33,38.97,92.47,fly_ball,2,0,2024,2024-07
2024-07-30,2024,R,608379,673357,SI,Sinker,,ball,R,R,CWS,KC,93.60,,,,,,1,0,2024,2024-07
2024-07-30,2024,R,608379,673357,SI,Sinker,,ball,R,R,CWS,KC,93.70,,,,,,0,0,2024,2024-07
2024-07-30,2024,R,608379,673357,CH,Changeup,field_out,hit_into_play,R,R,CWS,KC,80.70,94.80,23,65.56,74.44,line_drive,1,0,2024,2024-07
2024-07-30,2024,R,608379,673357,FC,Cutter,,ball,R,R,CWS,KC,89.50,,,,,,0,0,2024,2024-07
2024-07-30,2024,R,608379,673357,CH,Changeup,walk,ball,R,R,CWS,KC,82.90,,,,,,3,2,2024,2024-07
2024-07-30,2024,R,608379,673357,SI,Sinker,,ball,R,R,CWS,KC,95.30,,,,,,2,2,2024,2024-07
2024-07-30,2024,R,608379,673357,CH,Changeup,,foul,R,R,CWS,KC,82.10,97.80,-27,,,,2,1,2024,2024-07
2024-07-30,2024,R,608379,673357,CH,Changeup,,ball,R,R,CWS,KC,82.30,,,,,,1,1,2024,2024-07
2024-07-30,2024,R,608379,673357,SL,Slider,,ball,R,R,CWS,KC,85.60,,,,,,0,1,2024,2024-07
2024-07-30,2024,R,608379,673357,SL,Slider,,swinging_strike,R,R,CWS,KC,84.50,,,,,,0,0,2024,2024-07
2024-07-30,2024,R,608379,678246,FC,Cutter,field_out,hit_into_play,R,R,CWS,KC,87.20,61.90,-50,105.07,176.19,ground_ball,0,0,2024,2024-07
2024-07-30,2024,R,608379,678246,FC,Cutter,field_out,hit_into_play,R,R,CWS,KC,89.30,73.50,-39,105.89,166.77,ground_ball,2,1,2024,2024-07
2024-07-30,2024,R,608379,678246,FC,Cutter,,foul,R,R,CWS,KC,89.60,78.50,5,,,,2,0,2024,2024-07
2024-07-30,2024,R,608379,678246,SL,Slider,,ball,R,R,CWS,KC,84.10,,,,,,1,0,2024,2024-07
2024-07-30,2024,R,608379,678246,FF,4-Seam Fastball,,ball,R,R,CWS,KC,93.70,,,,,,0,0,2024,2024-07
2024-07-30,2024,R,608379,678246,CH,Changeup,strikeout,called_strike,R,R,CWS,KC,82.00,,,,,,1,2,2024,2024-07
2024-07-30,2024,R,608379,678246,SL,Slider,,ball,R,R,CWS,KC,84.10,,,,,,0,2,2024,2024-07
2024-07-30,2024,R,608379,678246,FF,4-Seam Fastball,,foul,R,R,CWS,KC,95.30,75.60,63,,,,0,1,2024,2024-07
2024-07-30,2024,R,608379,678246,FF,4-Seam Fastball,,swinging_strike,R,R,CWS,KC,95.20,,,,,,0,0,2024,2024-07
2024-07-30,2024,R,608379,681460,SL,Slider,field_out,hit_into_play,L,R,CWS,KC,83.50,67.70,55,115.84,137.08,popup,0,0,2024,2024-07
2024-07-30,2024,R,608379,681460,SI,Sinker,strikeout,swinging_strike,L,R,CWS,KC,93.20,,,,,,1,2,2024,2024-07
2024-07-30,2024,R,608379,681460,FF,4-Seam Fastball,,ball,L,R,CWS,KC,95.10,,,,,,0,2,2024,2024-07
2024-07-30,2024,R,608379,681460,CH,Changeup,,swinging_strike,L,R,CWS,KC,82.40,,,,,,0,1,2024,2024-07
2024-07-30,2024,R,608379,681460,FC,Cutter,,foul,L,R,CWS,KC,87.30,91.20,-19,,,,0,0,2024,2024-07
2024-07-30,2024,R,608379,681460,CH,Changeup,field_out,hit_into_play,L,R,CWS,KC,81.50,51.70,-13,113.89,167.26,ground_ball,0,2,2024,2024-07
2024-07-30,2024,R,608379,681460,FF,4-Seam Fastball,,called_strike,L,R,CWS,KC,94.30,,,,,,0,1,2024,2024-07
2024-07-30,2024,R,608379,681460,SL,Slider,,foul,L,R,CWS,KC,83.90,90.20,-17,,,,0,0,2024,2024-07
2024-07-30,2024,R,608379,683734,FC,Cutter,field_out,hit_into_play,R,R,CWS,KC,90.00,101.30,29,156.29,43.46,fly_ball,1,0,2024,2024-07
2024-07-30,2024,R,608379,683734,SL,Slider,,ball,R,R,CWS,KC,85.10,,,,,,0,0,2024,2024-07
2024-07-30,2024,R,608379,683734,CH,Changeup,home_run,hit_into_play,R,R,CWS,KC,80.70,106.70,26,14.13,83.75,fly_ball,2,2,2024,2024-07
2024-07-30,2024,R,608379,683734,SI,Sinker,,foul,R,R,CWS,KC,95.20,80.30,39,,,,2,2,2024,2024-07
2024-07-30,2024,R,608379,683734,FF,4-Seam Fastball,,ball,R,R,CWS,KC,96.20,,,,,,1,2,2024,2024-07
2024-07-30,2024,R,608379,683734,SI,Sinker,,foul,R,R,CWS,KC,93.80,,,,,,1,1,2024,2024-07
2024-07-30,2024,R,608379,683734,CH,Changeup,,foul,R,R,CWS,KC,81.10,61.30,65,,,,1,0,2024,2024-07
2024-07-30,2024,R,608379,683734,CU,Curveball,,ball,R,R,CWS,KC,75.20,,,,,,0,0,2024,2024-07
2024-07-30,2024,R,608379,683734,CH,Changeup,strikeout,swinging_strike,R,R,CWS,KC,84.70,,,,,,3,2,2024,2024-07
2024-07-30,2024,R,608379,683734,CH,Changeup,,swinging_strike,R,R,CWS,KC,82.20,,,,,,3,1,2024,2024-07
2024-07-30,2024,R,608379,683734,SI,Sinker,,ball,R,R,CWS,KC,95.40,,,,,,2,1,2024,2024-07
2024-07-30,2024,R,608379,683734,SL,Slider,,ball,R,R,CWS,KC,85.80,,,,,,1,1,2024,2024-07
2024-07-30,2024,R,608379,683734,SL,Slider,,ball,R,R,CWS,KC,81.20,,,,,,0,1,2024,2024-07
2024-07-30,2024,R,608379,683734,SI,Sinker,,called_strike,R,R,CWS,KC,94.00,,,,,,0,0,2024,2024-07
2024-07-30,2024,R,608379,686676,CH,Changeup,force_out,hit_into_play,R,R,CWS,KC,82.00,80.20,-14,105.89,162.54,ground_ball,0,1,2024,2024-07
2024-07-30,2024,R,608379,686676,CH,Changeup,,foul,R,R,CWS,KC,82.80,71.10,-21,,,,0,0,2024,2024-07
2024-07-30,2024,R,608379,686676,CH,Changeup,strikeout,swinging_strike_blocked,R,R,CWS,KC,81.90,,,,,,1,2,2024,2024-07
2024-07-30,2024,R,608379,686676,SI,Sinker,,foul,R,R,CWS,KC,93.20,72.40,34,,,,1,2,2024,2024-07
2024-07-30,2024,R,608379,686676,SI,Sinker,,foul,R,R,CWS,KC,94.30,65.60,43,,,,1,1,2024,2024-07
2024-07-30,2024,R,608379,686676,SI,Sinker,,foul,R,R,CWS,KC,94.00,90.40,8,,,,1,0,2024,2024-07
2024-07-30,2024,R,608379,686676,FC,Cutter,,ball,R,R,CWS,KC,89.30,,,,,,0,0,2024,2024-07
2024-07-30,2024,R,608379,686676,CH,Changeup,field_out,hit_into_play,R,R,CWS,KC,82.60,100.40,-1,98.02,163.75,ground_ball,2,2,2024,2024-07
2024-07-30,2024,R,608379,686676,CH,Changeup,,ball,R,R,CWS,KC,81.90,,,,,,1,2,2024,2024-07
2024-07-30,2024,R,608379,686676,SI,Sinker,,foul,R,R,CWS,KC,95.90,92.40,-6,,,,1,2,2024,2024-07
2024-07-30,2024,R,608379,686676,FF,4-Seam Fastball,,ball,R,R,CWS,KC,94.10,,,,,,0,2,2024,2024-07
2024-07-30,2024,R,608379,686676,CH,Changeup,,called_strike,R,R,CWS,KC,80.10,,,,,,0,1,2024,2024-07
2024-07-30,2024,R,608379,686676,SL,Slider,,called_strike,R,R,CWS,KC,85.10,,,,,,0,0,2024,2024-07
2024-07-30,2024,R,613534,666149,SL,Slider,strikeout,swinging_strike,R,R,SF,ATH,87.20,,,,,,0,2,2024,2024-07
2024-07-30,2024,R,613534,666149,SL,Slider,,swinging_strike,R,R,SF,ATH,87.30,,,,,,0,1,2024,2024-07
2024-07-30,2024,R,613534,666149,SL,Slider,,foul,R,R,SF,ATH,87.50,,,,,,0,0,2024,2024-07
2024-07-30,2024,R,614179,657077,FF,4-Seam Fastball,walk,ball,L,R,PHI,NYY,95.80,,,,,,3,0,2024,2024-07
2024-07-30,2024,R,614179,657077,SI,Sinker,,ball,L,R,PHI,NYY,95.30,,,,,,2,0,2024,2024-07
2024-07-30,2024,R,614179,657077,FF,4-Seam Fastball,,ball,L,R,PHI,NYY,96.50,,,,,,1,0,2024,2024-07
2024-07-30,2024,R,614179,657077,CU,Curveball,,ball,L,R,PHI,NYY,86.50,,,,,,0,0,2024,2024-07
2024-07-30,2024,R,614179,663757,FF,4-Seam Fastball,strikeout,swinging_strike,L,R,PHI,NYY,96.70,,,,,,1,2,2024,2024-07
2024-07-30,2024,R,614179,663757,CH,Changeup,,swinging_strike,L,R,PHI,NYY,88.90,,,,,,1,1,2024,2024-07
2024-07-30,2024,R,614179,663757,CH,Changeup,,ball,L,R,PHI,NYY,89.40,,,,,,0,1,2024,2024-07
2024-07-30,2024,R,614179,663757,FF,4-Seam Fastball,,called_strike,L,R,PHI,NYY,96.70,,,,,,0,0,2024,2024-07
2024-07-30,2024,R,614179,665742,FF,4-Seam Fastball,field_out,hit_into_play,L,R,PHI,NYY,96.50,107.10,39,126.98,46.24,fly_ball,1,2,2024,2024-07
2024-07-30,2024,R,614179,665742,FF,4-Seam Fastball,,swinging_strike,L,R,PHI,NYY,97.10,,,,,,1,1,2024,2024-07
2024-07-30,2024,R,614179,665742,SI,Sinker,,foul,L,R,PHI,NYY,96.50,85.50,61,,,,1,0,2024,2024-07
2024-07-30,2024,R,614179,665742,CH,Changeup,,ball,L,R,PHI,NYY,89.60,,,,,,0,0,2024,2024-07
2024-07-30,2024,R,614179,683011,FF,4-Seam Fastball,strikeout,swinging_strike,R,R,PHI,NYY,95.70,,,,,,3,2,2024,2024-07
2024-07-30,2024,R,614179,683011,CU,Curveball,,ball,R,R,PHI,NYY,87.50,,,,,,2,2,2024,2024-07
2024-07-30,2024,R,614179,683011,FF,4-Seam Fastball,,foul,R,R,PHI,NYY,96.40,78.20,42,,,,2,2,2024,2024-07
2024-07-30,2024,R,614179,683011,FF,4-Seam Fastball,,foul,R,R,PHI,NYY,96.50,78.30,40,,,,2,1,2024,2024-07
2024-07-30,2024,R,614179,683011,CU,Curveball,,ball,R,R,PHI,NYY,87.20,,,,,,1,1,2024,2024-07
2024-07-30,2024,R,614179,683011,SI,Sinker,,foul,R,R,PHI,NYY,96.50,94.10,34,,,,1,0,2024,2024-07
2024-07-30,2024,R,614179,683011,SI,Sinker,,ball,R,R,PHI,NYY,95.30,,,,,,0,0,2024,2024-07
2024-07-30,2024,R,615698,621493,FS,Split-Finger,single,hit_into_play,R,R,LAA,COL,87.90,88.50,12,72.66,104.93,line_drive,1,0,2024,2024-07
2024-07-30,2024,R,615698,621493,FS,Split-Finger,,ball,R,R,LAA,COL,86.70,,,,,,0,0,2024,2024-07
2024-07-30,2024,R,615698,621493,FC,Cutter,strikeout,swinging_strike_blocked,R,R,LAA,COL,87.60,,,,,,2,2,2024,2024-07
2024-07-30,2024,R,615698,621493,CU,Curveball,,ball,R,R,LAA,COL,81.10,,,,,,1,2,2024,2024-07
2024-07-30,2024,R,615698,621493,CU,Curveball,,ball,R,R,LAA,COL,81.10,,,,,,0,2,2024,2024-07
2024-07-30,2024,R,615698,621493,FF,4-Seam Fastball,,called_strike,R,R,LAA,COL,94.40,,,,,,0,1,2024,2024-07
2024-07-30,2024,R,615698,621493,FF,4-Seam Fastball,,foul,R,R,LAA,COL,95.20,77.40,61,,,,0,0,2024,2024-07
2024-07-30,2024,R,615698,621493,FS,Split-Finger,single,hit_into_play,R,R,LAA,COL,87.50,86.30,12,127.89,102.16,line_drive,1,1,2024,2024-07
2024-07-30,2024,R,615698,621493,FS,Split-Finger,,ball,R,R,LAA,COL,88.00,,,,,,0,1,2024,2024-07
2024-07-30,2024,R,615698,621493,CU,Curveball,,swinging_strike,R,R,LAA,COL,81.20,,,,,,0,0,2024,2024-07
2024-07-30,2024,R,615698,641432,FS,Split-Finger,field_out,hit_into_play,L,R,LAA,COL,86.80,96.20,34,145.22,56.94,fly_ball,3,2,2024,2024-07
2024-07-30,2024,R,615698,641432,FS,Split-Finger,,called_strike,L,R,LAA,COL,86.30,,,,,,3,1,2024,2024-07
2024-07-30,2024,R,615698,641432,FS,Split-Finger,,blocked_ball,L,R,LAA,COL,88.50,,,,,,2,1,2024,2024-07
2024-07-30,2024,R,615698,641432,FF,4-Seam Fastball,,ball,L,R,LAA,COL,93.50,,,,,,1,1,2024,2024-07
2024-07-30,2024,R,615698,641432,FS,Split-Finger,,ball,L,R,LAA,COL,85.10,,,,,,0,1,2024,2024-07
2024-07-30,2024,R,615698,641432,FC,Cutter,,foul,L,R,LAA,COL,90.40,93.40,62,,,,0,0,2024,2024-07
2024-07-30,2024,R,615698,641432,FF,4-Seam Fastball,double,hit_into_play,L,R,LAA,COL,95.20,96.60,27,71.37,52.04,fly_ball,3,2,2024,2024-07
2024-07-30,2024,R,615698,641432,FF,4-Seam Fastball,,ball,L,R,LAA,COL,95.30,,,,,,2,2,2024,2024-07
2024-07-30,2024,R,615698,641432,FS,Split-Finger,,ball,L,R,LAA,COL,87.30,,,,,,1,2,2024,2024-07
2024-07-30,2024,R,615698,641432,FF,4-Seam Fastball,,ball,L,R,LAA,COL,95.00,,,,,,0,2,2024,2024-07
2024-07-30,2024,R,615698,641432,SI,Sinker,,called_strike,L,R,LAA,COL,94.70,,,,,,0,1,2024,2024-07
2024-07-30,2024,R,615698,641432,FF,4-Seam Fastball,,foul,L,R,LAA,COL,94.90,91.20,26,,,,0,0,2024,2024-07
2024-07-30,2024,R,615698,641432,SI,Sinker,walk,ball,L,R,LAA,COL,94.10,,,,,,3,0,2024,2024-07
2024-07-30,2024,R,615698,641432,FS,Split-Finger,,ball,L,R,LAA,COL,86.80,,,,,,2,0,2024,2024-07
2024-07-30,2024,R,615698,641432,FS,Split-Finger,,ball,L,R,LAA,COL,86.50,,,,,,1,0,2024,2024-07
2024-07-30,2024,R,615698,641432,SI,Sinker,,ball,L,R,LAA,COL,93.40,,,,,,0,0,2024,2024-07
2024-07-30,2024,R,615698,641645,FF,4-Seam Fastball,strikeout,foul_tip,L,R,LAA,COL,94.60,,,,,,2,2,2024,2024-07
2024-07-30,2024,R,615698,641645,FC,Cutter,,ball,L,R,LAA,COL,89.10,,,,,,1,2,2024,2024-07
2024-07-30,2024,R,615698,641645,FS,Split-Finger,,foul,L,R,LAA,COL,85.60,68.30,23,,,,1,2,2024,2024-07
2024-07-30,2024,R,615698,641645,FF,4-Seam Fastball,,foul,L,R,LAA,COL,93.60,74.10,23,,,,1,2,2024,2024-07
2024-07-30,2024,R,615698,641645,FF,4-Seam Fastball,,foul_tip,L,R,LAA,COL,93.30,,,,,,1,1,2024,2024-07
2024-07-30,2024,R,615698,641645,FC,Cutter,,foul,L,R,LAA,COL,87.40,76.00,57,,,,1,0,2024,2024-07
2024-07-30,2024,R,615698,641645,SI,Sinker,,ball,L,R,LAA,COL,93.20,,,,,,0,0,2024,2024-07
2024-07-30,2024,R,615698,641645,CU,Curveball,field_out,hit_into_play,L,R,LAA,COL,80.60,92.40,-6,111.30,147.19,ground_ball,1,2,2024,2024-07
2024-07-30,2024,R,615698,641645,FC,Cutter,,called_strike,L,R,LAA,COL,88.70,,,,,,1,1,2024,2024-07
2024-07-30,2024,R,615698,641645,FF,4-Seam Fastball,,ball,L,R,LAA,COL,94.20,,,,,,0,1,2024,2024-07
2024-07-30,2024,R,615698,641645,FF,4-Seam Fastball,,called_strike,L,R,LAA,COL,93.90,,,,,,0,0,2024,2024-07
2024-07-30,2024,R,615698,642136,CU,Curveball,single,hit_into_play,L,R,LAA,COL,80.10,77.50,18,161.04,106.27,line_drive,0,2,2024,2024-07
2024-07-30,2024,R,615698,642136,CU,Curveball,,swinging_strike,L,R,LAA,COL,80.20,,,,,,0,1,2024,2024-07
2024-07-30,2024,R,615698,642136,FF,4-Seam Fastball,,foul,L,R,LAA,COL,94.30,89.40,57,,,,0,0,2024,2024-07
2024-07-30,2024,R,615698,642136,FS,Split-Finger,double,hit_into_play,L,R,LAA,COL,87.70,87.80,3,201.59,138.74,ground_ball,1,1,2024,2024-07
2024-07-30,2024,R,615698,642136,FS,Split-Finger,,swinging_strike,L,R,LAA,COL,88.10,,,,,,1,0,2024,2024-07
2024-07-30,2024,R,615698,642136,FF,4-Seam Fastball,,ball,L,R,LAA,COL,94.60,,,,,,0,0,2024,2024-07
2024-07-30,2024,R,615698,642136,SI,Sinker,field_out,hit_into_play,L,R,LAA,COL,94.60,95.00,42,59.30,83.09,fly_ball,3,1,2024,2024-07
2024-07-30,2024,R,615698,642136,SI,Sinker,,foul,L,R,LAA,COL,94.40,74.70,46,,,,3,0,2024,2024-07
2024-07-30,2024,R,615698,642136,FS,Split-Finger,,ball,L,R,LAA,COL,86.50,,,,,,2,0,2024,2024-07
2024-07-30,2024,R,615698,642136,FS,Split-Finger,,ball,L,R,LAA,COL,87.80,,,,,,1,0,2024,2024-07
2024-07-30,2024,R,615698,642136,FS,Split-Finger,,ball,L,R,LAA,COL,87.90,,,,,,0,0,2024,2024-07
2024-07-30,2024,R,615698,650859,FF,4-Seam Fastball,single,hit_into_play,L,R,LAA,COL,94.20,83.50,10,53.27,125.11,line_drive,0,2,2024,2024-07
2024-07-30,2024,R,615698,650859,FC,Cutter,,foul,L,R,LAA,COL,89.60,36.20,-32,,,,0,2,2024,2024-07
2024-07-30,2024,R,615698,650859,FF,4-Seam Fastball,,swinging_strike,L,R,LAA,COL,93.40,,,,,,0,1,2024,2024-07
2024-07-30,2024,R,615698,650859,FC,Cutter,,swinging_strike,L,R,LAA,COL,87.40,,,,,,0,0,2024,2024-07
2024-07-30,2024,R,615698,650859,CU,Curveball,field_out,hit_into_play,L,R,LAA,COL,81.40,88.80,55,98.78,111.56,fly_ball,1,0,2024,2024-07
2024-07-30,2024,R,615698,650859,FF,4-Seam Fastball,,ball,L,R,LAA,COL,93.30,,,,,,0,0,2024,2024-07
2024-07-30,2024,R,615698,650859,FS,Split-Finger,single,hit_into_play,L,R,LAA,COL,86.80,102.30,11,186.62,107.03,line_drive,0,0,2024,2024-07
2024-07-30,2024,R,615698,666160,FF,4-Seam Fastball,field_out,hit_into_play,L,R,LAA,COL,94.20,84.30,35,179.38,83.94,fly_ball,0,1,2024,2024-07
2024-07-30,2024,R,615698,666160,FF,4-Seam Fastball,,called_strike,L,R,LAA,COL,93.90,,,,,,0,0,2024,2024-07
2024-07-30,2024,R,615698,666160,FS,Split-Finger,field_out,hit_into_play,L,R,LAA,COL,86.40,94.70,8,165.68,132.63,ground_ball,1,1,2024,2024-07
2024-07-30,2024,R,615698,666160,FF,4-Seam Fastball,,swinging_strike,L,R,LAA,COL,95.00,,,,,,1,0,2024,2024-07
2024-07-30,2024,R,615698,666160,FS,Split-Finger,,blocked_ball,L,R,LAA,COL,87.60,,,,,,0,0,2024,2024-07
2024-07-30,2024,R,615698,666176,FC,Cutter,field_out,hit_into_play,R,R,LAA,COL,87.60,87.20,70,102.82,162.33,popup,3,1,2024,2024-07
2024-07-30,2024,R,615698,666176,SI,Sinker,,ball,R,R,LAA,COL,94.00,,,,,,2,1,2024,2024-07
2024-07-30,2024,R,615698,666176,CU,Curveball,,foul,R,R,LAA,COL,81.30,84.10,-19,,,,2,0,2024,2024-07
2024-07-30,2024,R,615698,666176,CU,Curveball,,ball,R,R,LAA,COL,80.20,,,,,,1,0,2024,2024-07
2024-07-30,2024,R,615698,666176,FC,Cutter,,blocked_ball,R,R,LAA,COL,89.70,,,,,,0,0,2024,2024-07
2024-07-30,2024,R,615698,666176,SI,Sinker,hit_by_pitch,hit_by_pitch,R,R,LAA,COL,93.50,,,,,,0,1,2024,2024-07
2024-07-30,2024,R,615698,666176,CU,Curveball,,swinging_strike_blocked,R,R,LAA,COL,80.80,,,,,,0,0,2024,2024-07
2024-07-30,2024,R,615698,687263,SI,Sinker,hit_by_pitch,hit_by_pitch,R,R,LAA,COL,94.50,,,,,,1,0,2024,2024-07
2024-07-30,2024,R,615698,687263,FC,Cutter,,blocked_ball,R,R,LAA,COL,84.40,,,,,,0,0,2024,2024-07
2024-07-30,2024,R,615698,687263,FF,4-Seam Fastball,walk,ball,R,R,LAA,COL,95.70,,,,,,3,0,2024,2024-07
2024-07-30,2024,R,615698,687263,CU,Curveball,,ball,R,R,LAA,COL,78.60,,,,,,2,0,2024,2024-07
2024-07-30,2024,R,615698,687263,FC,Cutter,,ball,R,R,LAA,COL,86.50,,,,,,1,0,2024,2024-07
2024-07-30,2024,R,615698,687263,CU,Curveball,,ball,R,R,LAA,COL,81.20,,,,,,0,0,2024,2024-07
2024-07-30,2024,R,615698,687263,FC,Cutter,strikeout,swinging_strike,R,R,LAA,COL,89.90,,,,,,3,2,2024,2024-07
2024-07-30,2024,R,615698,687263,SI,Sinker,,ball,R,R,LAA,COL,93.60,,,,,,2,2,2024,2024-07
2024-07-30,2024,R,615698,687263,FS,Split-Finger,,ball,R,R,LAA,COL,87.40,,,,,,1,2,2024,2024-07
2024-07-30,2024,R,615698,687263,SI,Sinker,,called_strike,R,R,LAA,COL,94.30,,,,,,1,1,2024,2024-07
2024-07-30,2024,R,615698,687263,SI,Sinker,,ball,R,R,LAA,COL,94.40,,,,,,0,1,2024,2024-07
2024-07-30,2024,R,615698,687263,FC,Cutter,,called_strike,R,R,LAA,COL,88.00,,,,,,0,0,2024,2024-07
2024-07-30,2024,R,615698,694384,SI,Sinker,single,hit_into_play,L,R,LAA,COL,93.70,99.40,17,171.91,99.30,line_drive,2,2,2024,2024-07
2024-07-30,2024,R,615698,694384,FC,Cutter,,called_strike,L,R,LAA,COL,88.20,,,,,,2,1,2024,2024-07
2024-07-30,2024,R,615698,694384,CU,Curveball,,ball,L,R,LAA,COL,78.60,,,,,,1,1,2024,2024-07
2024-07-30,2024,R,615698,694384,FF,4-Seam Fastball,,called_strike,L,R,LAA,COL,93.80,,,,,,1,0,2024,2024-07
2024-07-30,2024,R,615698,694384,FS,Split-Finger,,ball,L,R,LAA,COL,86.10,,,,,,0,0,2024,2024-07
2024-07-30,2024,R,615698,694384,FF,4-Seam Fastball,strikeout,called_strike,L,R,LAA,COL,94.90,,,,,,2,2,2024,2024-07
2024-07-30,2024,R,615698,694384,FF,4-Seam Fastball,,foul,L,R,LAA,COL,95.20,80.10,49,,,,2,2,2024,2024-07
2024-07-30,2024,R,615698,694384,FF,4-Seam Fastball,,foul,L,R,LAA,COL,94.10,75.90,49,,,,2,1,2024,2024-07
2024-07-30,2024,R,615698,694384,FF,4-Seam Fastball,,called_strike,L,R,LAA,COL,94.40,,,,,,2,0,2024,2024-07
2024-07-30,2024,R,615698,694384,FC,Cutter,,ball,L,R,LAA,COL,88.60,,,,,,1,0,2024,2024-07
2024-07-30,2024,R,615698,694384,CU,Curveball,,ball,L,R,LAA,COL,81.40,,,,,,0,0,2024,2024-07
2024-07-30,2024,R,615698,694384,SI,Sinker,double,hit_into_play,L,R,LAA,COL,92.40,100.00,20,200.09,119.30,line_drive,0,1,2024,2024-07
2024-07-30,2024,R,615698,694384,FF,4-Seam Fastball,,called_strike,L,R,LAA,COL,93.40,,,,,,0,0,2024,2024-07
2024-07-30,2024,R,621016,623993,FF,4-Seam Fastball,walk,ball,L,R,BAL,TOR,92.30,,,,,,3,0,2024,2024-07
2024-07-30,2024,R,621016,623993,FF,4-Seam Fastball,,ball,L,R,BAL,TOR,91.80,,,,,,2,0,2024,2024-07
2024-07-30,2024,R,621016,623993,SI,Sinker,,ball,L,R,BAL,TOR,92.60,,,,,,1,0,2024,2024-07
2024-07-30,2024,R,621016,623993,FF,4-Seam Fastball,,ball,L,R,BAL,TOR,92.50,,,,,,0,0,2024,2024-07
2024-07-30,2024,R,621016,656811,FF,4-Seam Fastball,walk,ball,L,R,BAL,TOR,91.60,,,,,,3,2,2024,2024-07
2024-07-30,2024,R,621016,656811,FF,4-Seam Fastball,,foul,L,R,BAL,TOR,92.20,76.80,15,,,,3,1,2024,2024-07
2024-07-30,2024,R,621016,656811,FF,4-Seam Fastball,,ball,L,R,BAL,TOR,92.70,,,,,,2,1,2024,2024-07
2024-07-30,2024,R,621016,656811,FF,4-Seam Fastball,,ball,L,R,BAL,TOR,92.50,,,,,,1,1,2024,2024-07
2024-07-30,2024,R,621016,656811,FF,4-Seam Fastball,,called_strike,L,R,BAL,TOR,92.50,,,,,,1,0,2024,2024-07
2024-07-30,2024,R,621016,656811,FF,4-Seam Fastball,,ball,L,R,BAL,TOR,92.40,,,,,,0,0,2024,2024-07
2024-07-30,2024,R,621016,663624,FF,4-Seam Fastball,strikeout,swinging_strike,R,R,BAL,TOR,91.30,,,,,,2,2,2024,2024-07
2024-07-30,2024,R,621016,663624,FF,4-Seam Fastball,,ball,R,R,BAL,TOR,92.90,,,,,,1,2,2024,2024-07
2024-07-30,2024,R,621016,663624,SI,Sinker,,foul,R,R,BAL,TOR,92.70,41.30,-52,,,,1,1,2024,2024-07
2024-07-30,2024,R,621016,663624,ST,Sweeper,,ball,R,R,BAL,TOR,82.00,,,,,,0,1,2024,2024-07
2024-07-30,2024,R,621016,663624,SI,Sinker,,called_strike,R,R,BAL,TOR,91.80,,,,,,0,0,2024,2024-07
2024-07-30,2024,R,621016,668939,SI,Sinker,walk,ball,L,R,BAL,TOR,92.80,,,,,,3,0,2024,2024-07
2024-07-30,2024,R,621016,668939,FF,4-Seam Fastball,,ball,L,R,BAL,TOR,92.40,,,,,,2,0,2024,2024-07
2024-07-30,2024,R,621016,668939,ST,Sweeper,,ball,L,R,BAL,TOR,81.80,,,,,,1,0,2024,2024-07
2024-07-30,2024,R,621016,668939,SI,Sinker,,ball,L,R,BAL,TOR,93.20,,,,,,0,0,2024,2024-07
2024-07-30,2024,R,621016,681297,SI,Sinker,field_out,hit_into_play,L,R,BAL,TOR,92.30,82.20,-37,129.55,150.46,ground_ball,3,2,2024,2024-07
2024-07-30,2024,R,621016,681297,FF,4-Seam Fastball,,foul,L,R,BAL,TOR,91.90,81.40,68,,,,3,2,2024,2024-07
2024-07-30,2024,R,621016,681297,FF,4-Seam Fastball,,swinging_strike,L,R,BAL,TOR,91.90,,,,,,3,1,2024,2024-07
2024-07-30,2024,R,621016,681297,SI,Sinker,,called_strike,L,R,BAL,TOR,93.60,,,,,,3,0,2024,2024-07
2024-07-30,2024,R,621016,681297,SI,Sinker,,ball,L,R,BAL,TOR,93.60,,,,,,2,0,2024,2024-07
2024-07-30,2024,R,621016,681297,SI,Sinker,,ball,L,R,BAL,TOR,91.90,,,,,,1,0,2024,2024-07
2024-07-30,2024,R,621016,681297,SI,Sinker,,ball,L,R,BAL,TOR,93.50,,,,,,0,0,2024,2024-07
2024-07-30,2024,R,621016,683002,FF,4-Seam Fastball,field_out,hit_into_play,L,R,BAL,TOR,92.10,98.00,24,57.22,76.17,fly_ball,1,1,2024,2024-07
2024-07-30,2024,R,621016,683002,SI,Sinker,,ball,L,R,BAL,TOR,92.00,,,,,,0,1,2024,2024-07
2024-07-30,2024,R,621016,683002,FF,4-Seam Fastball,,called_strike,L,R,BAL,TOR,91.80,,,,,,0,0,2024,2024-07
2024-07-30,2024,R,621053,624424,FF,4-Seam Fastball,walk,ball,L,R,SF,ATH,95.20,,,,,,3,0,2024,2024-07
2024-07-30,2024,R,621053,624424,FF,4-Seam Fastball,,ball,L,R,SF,ATH,95.10,,,,,,2,0,2024,2024-07
2024-07-30,2024,R,621053,624424,FF,4-Seam Fastball,,ball,L,R,SF,ATH,96.00,,,,,,1,0,2024,2024-07
2024-07-30,2024,R,621053,624424,SI,Sinker,,ball,L,R,SF,ATH,95.90,,,,,,0,0,2024,2024-07
2024-07-30,2024,R,621053,656305,SI,Sinker,force_out,hit_into_play,R,R,SF,ATH,93.40,109.80,2,102.26,164.35,ground_ball,2,2,2024,2024-07
2024-07-30,2024,R,621053,656305,FF,4-Seam Fastball,,ball,R,R,SF,ATH,96.50,,,,,,1,2,2024,2024-07
2024-07-30,2024,R,621053,656305,ST,Sweeper,,ball,R,R,SF,ATH,86.10,,,,,,0,2,2024,2024-07
2024-07-30,2024,R,621053,656305,FF,4-Seam Fastball,,foul,R,R,SF,ATH,96.40,78.70,72,,,,0,2,2024,2024-07
2024-07-30,2024,R,621053,656305,SI,Sinker,,foul,R,R,SF,ATH,94.50,,,,,,0,1,2024,2024-07
2024-07-30,2024,R,621053,656305,ST,Sweeper,,called_strike,R,R,SF,ATH,85.30,,,,,,0,0,2024,2024-07
2024-07-30,2024,R,621053,664774,FF,4-Seam Fastball,strikeout,swinging_strike,L,R,SF,ATH,96.40,,,,,,1,2,2024,2024-07
2024-07-30,2024,R,621053,664774,SI,Sinker,,foul,L,R,SF,ATH,95.40,64.40,-36,,,,1,2,2024,2024-07
2024-07-30,2024,R,621053,664774,ST,Sweeper,,foul,L,R,SF,ATH,85.80,83.80,25,,,,1,2,2024,2024-07
2024-07-30,2024,R,621053,664774,FF,4-Seam Fastball,,ball,L,R,SF,ATH,95.90,,,,,,0,2,2024,2024-07
2024-07-30,2024,R,621053,664774,FF,4-Seam Fastball,,foul,L,R,SF,ATH,96.30,81.00,32,,,,0,1,2024,2024-07
2024-07-30,2024,R,621053,664774,FF,4-Seam Fastball,,called_strike,L,R,SF,ATH,95.50,,,,,,0,0,2024,2024-07
2024-07-30,2024,R,621053,672275,ST,Sweeper,single,hit_into_play,L,R,SF,ATH,83.70,100.10,14,194.28,109.59,line_drive,2,1,2024,2024-07
2024-07-30,2024,R,621053,672275,FF,4-Seam Fastball,,foul,L,R,SF,ATH,95.50,81.10,56,,,,2,0,2024,2024-07
2024-07-30,2024,R,621053,672275,FC,Cutter,,ball,L,R,SF,ATH,90.70,,,,,,1,0,2024,2024-07
2024-07-30,2024,R,621053,672275,FF,4-Seam Fastball,,ball,L,R,SF,ATH,94.10,,,,,,0,0,2024,2024-07
2024-07-30,2024,R,621053,689172,FC,Cutter,field_out,hit_into_play,L,R,SF,ATH,90.90,95.10,33,156.06,61.09,fly_ball,1,0,2024,2024-07
2024-07-30,2024,R,621053,689172,FF,4-Seam Fastball,,ball,L,R,SF,ATH,95.30,,,,,,0,0,2024,2024-07
2024-07-30,2024,R,621114,602104,SL,Slider,strikeout,swinging_strike,R,R,BAL,TOR,85.90,,,,,,2,2,2024,2024-07
2024-07-30,2024,R,621114,602104,FF,4-Seam Fastball,,foul,R,R,BAL,TOR,94.90,86.60,50,,,,2,2,2024,2024-07
2024-07-30,2024,R,621114,602104,SL,Slider,,ball,R,R,BAL,TOR,86.10,,,,,,1,2,2024,2024-07
2024-07-30,2024,R,621114,602104,FF,4-Seam Fastball,,ball,R,R,BAL,TOR,94.90,,,,,,0,2,2024,2024-07
2024-07-30,2024,R,621114,602104,SL,Slider,,swinging_strike,R,R,BAL,TOR,86.80,,,,,,0,1,2024,2024-07
2024-07-30,2024,R,621114,602104,SL,Slider,,swinging_strike,R,R,BAL,TOR,86.80,,,,,,0,0,2024,2024-07
2024-07-30,2024,R,621114,656775,SL,Slider,field_out,hit_into_play,L,R,BAL,TOR,86.50,91.70,57,135.27,112.76,fly_ball,2,2,2024,2024-07
2024-07-30,2024,R,621114,656775,SL,Slider,,ball,L,R,BAL,TOR,85.50,,,,,,1,2,2024,2024-07
2024-07-30,2024,R,621114,656775,SL,Slider,,foul,L,R,BAL,TOR,84.90,,,,,,1,1,2024,2024-07
2024-07-30,2024,R,621114,656775,FF,4-Seam Fastball,,called_strike,L,R,BAL,TOR,95.10,,,,,,1,0,2024,2024-07
2024-07-30,2024,R,621114,656775,FF,4-Seam Fastball,,ball,L,R,BAL,TOR,94.10,,,,,,0,0,2024,2024-07
2024-07-30,2024,R,621114,676059,FF,4-Seam Fastball,field_out,hit_into_play,R,R,BAL,TOR,93.50,77.20,54,100.52,121.07,fly_ball,0,0,2024,2024-07
2024-07-30,2024,R,621237,657077,SI,Sinker,field_out,hit_into_play,L,L,PHI,NYY,98.50,86.50,-16,134.76,148.13,ground_ball,1,1,2024,2024-07
2024-07-30,2024,R,621237,657077,SI,Sinker,,called_strike,L,L,PHI,NYY,98.40,,,,,,1,0,2024,2024-07
2024-07-30,2024,R,621237,657077,SI,Sinker,,ball,L,L,PHI,NYY,97.80,,,,,,0,0,2024,2024-07
2024-07-30,2024,R,621242,467793,SL,Slider,field_out,hit_into_play,L,R,NYM,MIN,89.60,101.00,22,127.93,45.68,line_drive,0,1,2024,2024-07
2024-07-30,2024,R,621242,467793,SL,Slider,,foul,L,R,NYM,MIN,89.60,91.60,-25,,,,0,0,2024,2024-07
2024-07-30,2024,R,621242,621439,SL,Slider,strikeout,swinging_strike,R,R,NYM,MIN,91.60,,,,,,3,2,2024,2024-07
2024-07-30,2024,R,621242,621439,SL,Slider,,ball,R,R,NYM,MIN,90.10,,,,,,2,2,2024,2024-07
2024-07-30,2024,R,621242,621439,SL,Slider,,foul,R,R,NYM,MIN,89.60,68.90,25,,,,2,2,2024,2024-07
2024-07-30,2024,R,621242,621439,FF,4-Seam Fastball,,foul,R,R,NYM,MIN,98.20,82.60,11,,,,2,2,2024,2024-07
2024-07-30,2024,R,621242,621439,FF,4-Seam Fastball,,swinging_strike,R,R,NYM,MIN,96.90,,,,,,2,1,2024,2024-07
2024-07-30,2024,R,621242,621439,FF,4-Seam Fastball,,ball,R,R,NYM,MIN,97.50,,,,,,1,1,2024,2024-07
2024-07-30,2024,R,621242,621439,FF,4-Seam Fastball,,swinging_strike,R,R,NYM,MIN,96.50,,,,,,1,0,2024,2024-07
2024-07-30,2024,R,621242,621439,FF,4-Seam Fastball,,ball,R,R,NYM,MIN,96.60,,,,,,0,0,2024,2024-07
2024-07-30,2024,R,621242,668904,SL,Slider,strikeout,called_strike,R,R,NYM,MIN,88.90,,,,,,3,2,2024,2024-07
2024-07-30,2024,R,621242,668904,SL,Slider,,foul,R,R,NYM,MIN,90.00,75.10,27,,,,3,2,2024,2024-07
2024-07-30,2024,R,621242,668904,SL,Slider,,ball,R,R,NYM,MIN,89.90,,,,,,2,2,2024,2024-07
2024-07-30,2024,R,621242,668904,SL,Slider,,called_strike,R,R,NYM,MIN,88.40,,,,,,2,1,2024,2024-07
2024-07-30,2024,R,621242,668904,SL,Slider,,foul,R,R,NYM,MIN,87.80,58.10,-55,,,,2,0,2024,2024-07
2024-07-30,2024,R,621242,668904,FF,4-Seam Fastball,,ball,R,R,NYM,MIN,96.70,,,,,,1,0,2024,2024-07
2024-07-30,2024,R,621242,668904,FF,4-Seam Fastball,,ball,R,R,NYM,MIN,95.60,,,,,,0,0,2024,2024-07
2024-07-30,2024,R,621242,669304,SL,Slider,field_out,hit_into_play,R,R,NYM,MIN,90.70,98.30,-3,148.73,154.46,ground_ball,0,2,2024,2024-07
2024-07-30,2024,R,621242,669304,SL,Slider,,foul,R,R,NYM,MIN,87.90,84.50,52,,,,0,1,2024,2024-07
2024-07-30,2024,R,621242,669304,SL,Slider,,called_strike,R,R,NYM,MIN,88.70,,,,,,0,0,2024,2024-07
2024-07-30,2024,R,621345,596142,CH,Changeup,single,hit_into_play,R,L,MIL,ATL,86.70,81.00,8,87.46,135.73,ground_ball,1,1,2024,2024-07
2024-07-30,2024,R,621345,596142,FF,4-Seam Fastball,,called_strike,R,L,MIL,ATL,94.20,,,,,,1,0,2024,2024-07
2024-07-30,2024,R,621345,596142,FC,Cutter,,ball,R,L,MIL,ATL,91.30,,,,,,0,0,2024,2024-07
2024-07-30,2024,R,621345,655316,FC,Cutter,force_out,hit_into_play,R,L,MIL,ATL,89.20,90.60,-10,109.64,152.42,ground_ball,0,0,2024,2024-07
2024-07-30,2024,R,621345,687401,FF,4-Seam Fastball,field_out,hit_into_play,R,L,MIL,ATL,94.90,67.90,17,148.73,144.79,line_drive,1,2,2024,2024-07
2024-07-30,2024,R,621345,687401,FC,Cutter,,ball,R,L,MIL,ATL,90.70,,,,,,0,2,2024,2024-07
2024-07-30,2024,R,621345,687401,FF,4-Seam Fastball,,foul,R,L,MIL,ATL,94.30,76.20,35,,,,0,1,2024,2024-07
2024-07-30,2024,R,621345,687401,FF,4-Seam Fastball,,swinging_strike,R,L,MIL,ATL,94.00,,,,,,0,0,2024,2024-07
2024-07-30,2024,R,621381,592450,SL,Slider,walk,ball,R,L,PHI,NYY,79.10,,,,,,3,1,2024,2024-07
2024-07-30,2024,R,621381,592450,FF,4-Seam Fastball,,foul,R,L,PHI,NYY,92.00,112.40,11,,,,3,0,2024,2024-07
2024-07-30,2024,R,621381,592450,SL,Slider,,ball,R,L,PHI,NYY,81.90,,,,,,2,0,2024,2024-07
2024-07-30,2024,R,621381,592450,FF,4-Seam Fastball,,ball,R,L,PHI,NYY,92.40,,,,,,1,0,2024,2024-07
2024-07-30,2024,R,621381,592450,FF,4-Seam Fastball,,ball,R,L,PHI,NYY,92.60,,,,,,0,0,2024,2024-07
2024-07-30,2024,R,621381,650402,FF,4-Seam Fastball,strikeout,swinging_strike,R,L,PHI,NYY,93.70,,,,,,0,2,2024,2024-07
2024-07-30,2024,R,621381,650402,FC,Cutter,,foul,R,L,PHI,NYY,87.10,71.30,-27,,,,0,1,2024,2024-07
2024-07-30,2024,R,621381,650402,SI,Sinker,,called_strike,R,L,PHI,NYY,93.10,,,,,,0,0,2024,2024-07
2024-07-30,2024,R,621381,665742,FF,4-Seam Fastball,walk,ball,L,L,PHI,NYY,93.60,,,,,,3,2,2024,2024-07
2024-07-30,2024,R,621381,665742,FF,4-Seam Fastball,,foul,L,L,PHI,NYY,93.90,,,,,,3,2,2024,2024-07
2024-07-30,2024,R,621381,665742,SL,Slider,,ball,L,L,PHI,NYY,82.00,,,,,,2,2,2024,2024-07
2024-07-30,2024,R,621381,665742,FF,4-Seam Fastball,,foul,L,L,PHI,NYY,94.50,78.70,16,,,,2,2,2024,2024-07
2024-07-30,2024,R,621381,665742,FF,4-Seam Fastball,,foul,L,L,PHI,NYY,93.20,,,,,,2,1,2024,2024-07
2024-07-30,2024,R,621381,665742,SL,Slider,,ball,L,L,PHI,NYY,81.70,,,,,,1,1,2024,2024-07
2024-07-30,2024,R,621381,665742,FF,4-Seam Fastball,,ball,L,L,PHI,NYY,94.70,,,,,,0,1,2024,2024-07
2024-07-30,2024,R,621381,665742,FF,4-Seam Fastball,,foul,L,L,PHI,NYY,94.50,,,,,,0,0,2024,2024-07
2024-07-30,2024,R,621381,665862,SL,Slider,home_run,hit_into_play,L,L,PHI,NYY,82.00,98.00,31,233.88,98.30,fly_ball,1,2,2024,2024-07
2024-07-30,2024,R,621381,665862,SL,Slider,,foul,L,L,PHI,NYY,82.80,,,,,,1,2,2024,2024-07
2024-07-30,2024,R,621381,665862,FF,4-Seam Fastball,,called_strike,L,L,PHI,NYY,92.60,,,,,,1,1,2024,2024-07
2024-07-30,2024,R,621381,665862,SL,Slider,,ball,L,L,PHI,NYY,80.50,,,,,,0,1,2024,2024-07
2024-07-30,2024,R,621381,665862,SL,Slider,,called_strike,L,L,PHI,NYY,81.10,,,,,,0,0,2024,2024-07
2024-07-30,2024,R,621381,669224,SL,Slider,strikeout,swinging_strike,L,L,PHI,NYY,81.90,,,,,,2,2,2024,2024-07
2024-07-30,2024,R,621381,669224,SI,Sinker,,foul,L,L,PHI,NYY,93.30,,,,,,2,1,2024,2024-07
2024-07-30,2024,R,621381,669224,FF,4-Seam Fastball,,foul,L,L,PHI,NYY,93.00,,,,,,2,0,2024,2024-07
2024-07-30,2024,R,621381,669224,FF,4-Seam Fastball,,ball,L,L,PHI,NYY,93.60,,,,,,1,0,2024,2024-07
2024-07-30,2024,R,621381,669224,SL,Slider,,ball,L,L,PHI,NYY,82.40,,,,,,0,0,2024,2024-07
2024-07-30,2024,R,621381,700250,SI,Sinker,field_out,hit_into_play,L,L,PHI,NYY,93.80,87.90,-17,149.57,153.73,ground_ball,0,0,2024,2024-07
2024-07-30,2024,R,622491,641933,FF,4-Seam Fastball,field_out,hit_into_play,R,R,BOS,SEA,96.30,103.40,37,157.72,51.41,fly_ball,0,0,2024,2024-07
2024-07-30,2024,R,622491,641933,FF,4-Seam Fastball,field_out,hit_into_play,R,R,BOS,SEA,96.40,97.90,63,106.90,131.81,popup,2,2,2024,2024-07
2024-07-30,2024,R,622491,641933,SI,Sinker,,ball,R,R,BOS,SEA,97.10,,,,,,1,2,2024,2024-07
2024-07-30,2024,R,622491,641933,SL,Slider,,ball,R,R,BOS,SEA,87.60,,,,,,0,2,2024,2024-07
2024-07-30,2024,R,622491,641933,SL,Slider,,foul,R,R,BOS,SEA,87.10,71.10,25,,,,0,2,2024,2024-07
2024-07-30,2024,R,622491,641933,CH,Changeup,,foul,R,R,BOS,SEA,89.80,,,,,,0,1,2024,2024-07
2024-07-30,2024,R,622491,641933,SI,Sinker,,called_strike,R,R,BOS,SEA,96.80,,,,,,0,0,2024,2024-07
2024-07-30,2024,R,622491,641933,FF,4-Seam Fastball,field_out,hit_into_play,R,R,BOS,SEA,97.00,99.00,41,169.49,68.55,fly_ball,0,2,2024,2024-07
2024-07-30,2024,R,622491,641933,FF,4-Seam Fastball,,foul,R,R,BOS,SEA,96.50,77.90,60,,,,0,1,2024,2024-07
2024-07-30,2024,R,622491,641933,FF,4-Seam Fastball,,swinging_strike,R,R,BOS,SEA,97.00,,,,,,0,0,2024,2024-07
2024-07-30,2024,R,622491,642086,SI,Sinker,field_out,hit_into_play,L,R,BOS,SEA,94.90,103.00,21,104.77,48.66,line_drive,1,2,2024,2024-07
2024-07-30,2024,R,622491,642086,SL,Slider,,foul,L,R,BOS,SEA,85.00,70.20,44,,,,1,1,2024,2024-07
2024-07-30,2024,R,622491,642086,CH,Changeup,,ball,L,R,BOS,SEA,87.50,,,,,,0,1,2024,2024-07
2024-07-30,2024,R,622491,642086,FF,4-Seam Fastball,,called_strike,L,R,BOS,SEA,96.00,,,,,,0,0,2024,2024-07
2024-07-30,2024,R,622491,642086,FF,4-Seam Fastball,field_out,hit_into_play,L,R,BOS,SEA,95.80,107.30,21,182.88,64.86,line_drive,0,1,2024,2024-07
2024-07-30,2024,R,622491,642086,SI,Sinker,,called_strike,L,R,BOS,SEA,96.80,,,,,,0,0,2024,2024-07
2024-07-30,2024,R,622491,642086,FF,4-Seam Fastball,double,hit_into_play,L,R,BOS,SEA,96.20,96.30,29,24.56,105.80,fly_ball,0,1,2024,2024-07
2024-07-30,2024,R,622491,642086,FF,4-Seam Fastball,,called_strike,L,R,BOS,SEA,96.20,,,,,,0,0,2024,2024-07
2024-07-30,2024,R,622491,646240,FF,4-Seam Fastball,field_out,hit_into_play,L,R,BOS,SEA,96.30,82.00,35,63.70,100.76,fly_ball,3,1,2024,2024-07
2024-07-30,2024,R,622491,646240,FF,4-Seam Fastball,,ball,L,R,BOS,SEA,96.50,,,,,,2,1,2024,2024-07
2024-07-30,2024,R,622491,646240,SI,Sinker,,ball,L,R,BOS,SEA,96.30,,,,,,1,1,2024,2024-07
2024-07-30,2024,R,622491,646240,FF,4-Seam Fastball,,ball,L,R,BOS,SEA,96.70,,,,,,0,1,2024,2024-07
2024-07-30,2024,R,622491,646240,FF,4-Seam Fastball,,foul,L,R,BOS,SEA,96.70,83.20,44,,,,0,0,2024,2024-07
2024-07-30,2024,R,622491,646240,FF,4-Seam Fastball,home_run,hit_into_play,L,R,BOS,SEA,95.60,96.00,39,31.85,95.57,fly_ball,0,2,2024,2024-07
2024-07-30,2024,R,622491,646240,FF,4-Seam Fastball,,swinging_strike,L,R,BOS,SEA,96.10,,,,,,0,1,2024,2024-07
2024-07-30,2024,R,622491,646240,SI,Sinker,,called_strike,L,R,BOS,SEA,96.10,,,,,,0,0,2024,2024-07
2024-07-30,2024,R,622491,646240,CH,Changeup,double,hit_into_play,L,R,BOS,SEA,88.20,108.60,1,220.46,99.87,ground_ball,2,0,2024,2024-07
2024-07-30,2024,R,622491,646240,FF,4-Seam Fastball,,ball,L,R,BOS,SEA,96.70,,,,,,1,0,2024,2024-07
2024-07-30,2024,R,622491,646240,FF,4-Seam Fastball,,ball,L,R,BOS,SEA,97.60,,,,,,0,0,2024,2024-07
2024-07-30,2024,R,622491,657136,SL,Slider,strikeout,foul_tip,R,R,BOS,SEA,88.00,,,,,,2,2,2024,2024-07
2024-07-30,2024,R,622491,657136,SI,Sinker,,ball,R,R,BOS,SEA,96.30,,,,,,1,2,2024,2024-07
2024-07-30,2024,R,622491,657136,FF,4-Seam Fastball,,foul,R,R,BOS,SEA,95.50,75.60,67,,,,1,2,2024,2024-07
2024-07-30,2024,R,622491,657136,FF,4-Seam Fastball,,ball,R,R,BOS,SEA,95.50,,,,,,0,2,2024,2024-07
2024-07-30,2024,R,622491,657136,FF,4-Seam Fastball,,foul,R,R,BOS,SEA,96.00,86.10,42,,,,0,1,2024,2024-07
2024-07-30,2024,R,622491,657136,FF,4-Seam Fastball,,called_strike,R,R,BOS,SEA,95.30,,,,,,0,0,2024,2024-07
2024-07-30,2024,R,622491,657136,SL,Slider,field_out,hit_into_play,R,R,BOS,SEA,85.00,89.00,62,122.61,119.14,popup,0,0,2024,2024-07
2024-07-30,2024,R,622491,657136,SI,Sinker,field_out,hit_into_play,R,R,BOS,SEA,95.60,98.60,-25,116.53,143.47,ground_ball,1,1,2024,2024-07
2024-07-30,2024,R,622491,657136,FF,4-Seam Fastball,,ball,R,R,BOS,SEA,96.60,,,,,,0,1,2024,2024-07
2024-07-30,2024,R,622491,657136,FF,4-Seam Fastball,,foul,R,R,BOS,SEA,96.30,79.20,36,,,,0,0,2024,2024-07
2024-07-30,2024,R,622491,666152,CH,Changeup,field_out,hit_into_play,L,R,BOS,SEA,88.60,69.00,-7,151.00,163.24,ground_ball,0,1,2024,2024-07
2024-07-30,2024,R,622491,666152,FF,4-Seam Fastball,,foul,L,R,BOS,SEA,96.50,75.50,77,,,,0,0,2024,2024-07
2024-07-30,2024,R,622491,666152,SI,Sinker,strikeout,swinging_strike,L,R,BOS,SEA,95.80,,,,,,2,2,2024,2024-07
2024-07-30,2024,R,622491,666152,CH,Changeup,,foul,L,R,BOS,SEA,87.20,48.10,-12,,,,2,2,2024,2024-07
2024-07-30,2024,R,622491,666152,FF,4-Seam Fastball,,ball,L,R,BOS,SEA,95.30,,,,,,1,2,2024,2024-07
2024-07-30,2024,R,622491,666152,CH,Changeup,,foul,L,R,BOS,SEA,87.80,63.50,49,,,,1,2,2024,2024-07
2024-07-30,2024,R,622491,666152,FF,4-Seam Fastball,,ball,L,R,BOS,SEA,95.80,,,,,,0,2,2024,2024-07
2024-07-30,2024,R,622491,666152,CH,Changeup,,swinging_strike,L,R,BOS,SEA,87.30,,,,,,0,1,2024,2024-07
2024-07-30,2024,R,622491,666152,SL,Slider,,called_strike,L,R,BOS,SEA,84.00,,,,,,0,0,2024,2024-07
2024-07-30,2024,R,622491,666152,SI,Sinker,strikeout,called_strike,L,R,BOS,SEA,97.30,,,,,,0,2,2024,2024-07
2024-07-30,2024,R,622491,666152,SL,Slider,,foul,L,R,BOS,SEA,84.70,65.60,-45,,,,0,2,2024,2024-07
2024-07-30,2024,R,622491,666152,FF,4-Seam Fastball,,foul,L,R,BOS,SEA,96.60,,,,,,0,1,2024,2024-07
2024-07-30,2024,R,622491,666152,SL,Slider,,called_strike,L,R,BOS,SEA,85.30,,,,,,0,0,2024,2024-07
2024-07-30,2024,R,622491,677800,FF,4-Seam Fastball,double,hit_into_play,L,R,BOS,SEA,96.90,105.70,16,169.57,73.67,line_drive,2,2,2024,2024-07
2024-07-30,2024,R,622491,677800,FF,4-Seam Fastball,,ball,L,R,BOS,SEA,96.50,,,,,,1,2,2024,2024-07
2024-07-30,2024,R,622491,677800,FF,4-Seam Fastball,,foul,L,R,BOS,SEA,96.50,82.50,60,,,,1,2,2024,2024-07
2024-07-30,2024,R,622491,677800,FF,4-Seam Fastball,,ball,L,R,BOS,SEA,94.40,,,,,,0,2,2024,2024-07
2024-07-30,2024,R,622491,677800,FF,4-Seam Fastball,,foul,L,R,BOS,SEA,96.00,71.20,44,,,,0,1,2024,2024-07
2024-07-30,2024,R,622491,677800,FF,4-Seam Fastball,,called_strike,L,R,BOS,SEA,93.70,,,,,,0,0,2024,2024-07
2024-07-30,2024,R,622491,677800,FF,4-Seam Fastball,walk,ball,L,R,BOS,SEA,97.20,,,,,,3,2,2024,2024-07
2024-07-30,2024,R,622491,677800,CH,Changeup,,ball,L,R,BOS,SEA,88.80,,,,,,2,2,2024,2024-07
2024-07-30,2024,R,622491,677800,FF,4-Seam Fastball,,foul,L,R,BOS,SEA,97.10,,,,,,2,2,2024,2024-07
2024-07-30,2024,R,622491,677800,FF,4-Seam Fastball,,ball,L,R,BOS,SEA,97.10,,,,,,1,2,2024,2024-07
2024-07-30,2024,R,622491,677800,FF,4-Seam Fastball,,foul,L,R,BOS,SEA,97.10,78.90,28,,,,1,1,2024,2024-07
2024-07-30,2024,R,622491,677800,CH,Changeup,,called_strike,L,R,BOS,SEA,88.80,,,,,,1,0,2024,2024-07
2024-07-30,2024,R,622491,677800,CH,Changeup,,ball,L,R,BOS,SEA,88.80,,,,,,0,0,2024,2024-07
2024-07-30,2024,R,622491,677800,FF,4-Seam Fastball,field_out,hit_into_play,L,R,BOS,SEA,97.40,94.70,57,94.37,108.44,fly_ball,1,1,2024,2024-07
2024-07-30,2024,R,622491,677800,CH,Changeup,,foul_tip,L,R,BOS,SEA,88.30,,,,,,1,0,2024,2024-07
2024-07-30,2024,R,622491,677800,FF,4-Seam Fastball,,ball,L,R,BOS,SEA,97.00,,,,,,0,0,2024,2024-07
2024-07-30,2024,R,622491,678882,SI,Sinker,hit_by_pitch,hit_by_pitch,R,R,BOS,SEA,94.80,,,,,,0,0,2024,2024-07
2024-07-30,2024,R,622491,678882,FF,4-Seam Fastball,field_out,hit_into_play,R,R,BOS,SEA,97.50,90.90,56,192.98,137.48,fly_ball,2,2,2024,2024-07
2024-07-30,2024,R,622491,678882,FF,4-Seam Fastball,,ball,R,R,BOS,SEA,96.60,,,,,,1,2,2024,2024-07
2024-07-30,2024,R,622491,678882,FF,4-Seam Fastball,,foul,R,R,BOS,SEA,96.50,83.60,63,,,,1,2,2024,2024-07
2024-07-30,2024,R,622491,678882,FF,4-Seam Fastball,,ball,R,R,BOS,SEA,97.00,,,,,,0,2,2024,2024-07
2024-07-30,2024,R,622491,678882,SL,Slider,,foul,R,R,BOS,SEA,86.00,60.40,-75,,,,0,1,2024,2024-07
2024-07-30,2024,R,622491,678882,SL,Slider,,foul,R,R,BOS,SEA,85.20,78.80,72,,,,0,0,2024,2024-07
2024-07-30,2024,R,622491,680776,SI,Sinker,field_out,hit_into_play,L,R,BOS,SEA,95.00,108.30,9,149.54,132.04,line_drive,1,1,2024,2024-07
2024-07-30,2024,R,622491,680776,CH,Changeup,,foul_tip,L,R,BOS,SEA,86.90,,,,,,1,0,2024,2024-07
2024-07-30,2024,R,622491,680776,FF,4-Seam Fastball,,ball,L,R,BOS,SEA,94.90,,,,,,0,0,2024,2024-07
2024-07-30,2024,R,622491,680776,SL,Slider,field_out,hit_into_play,L,R,BOS,SEA,85.00,75.50,-4,147.74,153.70,ground_ball,1,2,2024,2024-07
2024-07-30,2024,R,622491,680776,FF,4-Seam Fastball,,foul,L,R,BOS,SEA,97.50,75.80,50,,,,1,1,2024,2024-07
2024-07-30,2024,R,622491,680776,SI,Sinker,,ball,L,R,BOS,SEA,96.80,,,,,,0,1,2024,2024-07
2024-07-30,2024,R,622491,680776,SI,Sinker,,foul,L,R,BOS,SEA,95.80,81.80,47,,,,0,0,2024,2024-07
2024-07-30,2024,R,622491,680776,SL,Slider,strikeout,swinging_strike,L,R,BOS,SEA,85.50,,,,,,2,2,2024,2024-07
2024-07-30,2024,R,622491,680776,SI,Sinker,,ball,L,R,BOS,SEA,96.90,,,,,,1,2,2024,2024-07
2024-07-30,2024,R,622491,680776,CH,Changeup,,ball,L,R,BOS,SEA,89.40,,,,,,0,2,2024,2024-07
2024-07-30,2024,R,622491,680776,FF,4-Seam Fastball,,foul,L,R,BOS,SEA,95.80,73.00,27,,,,0,1,2024,2024-07
2024-07-30,2024,R,622491,680776,FF,4-Seam Fastball,,called_strike,L,R,BOS,SEA,95.20,,,,,,0,0,2024,2024-07
2024-07-30,2024,R,622491,807799,SI,Sinker,field_out,hit_into_play,L,R,BOS,SEA,96.90,77.40,30,157.82,92.41,line_drive,3,2,2024,2024-07
2024-07-30,2024,R,622491,807799,SI,Sinker,,ball,L,R,BOS,SEA,96.30,,,,,,2,2,2024,2024-07
2024-07-30,2024,R,622491,807799,FF,4-Seam Fastball,,foul,L,R,BOS,SEA,96.20,79.00,21,,,,2,1,2024,2024-07
2024-07-30,2024,R,622491,807799,CH,Changeup,,ball,L,R,BOS,SEA,87.70,,,,,,1,1,2024,2024-07
2024-07-30,2024,R,622491,807799,CH,Changeup,,ball,L,R,BOS,SEA,87.00,,,,,,0,1,2024,2024-07
2024-07-30,2024,R,622491,807799,CH,Changeup,,foul,L,R,BOS,SEA,87.80,,,,,,0,0,2024,2024-07
2024-07-30,2024,R,622491,807799,SL,Slider,single,hit_into_play,L,R,BOS,SEA,85.10,103.20,1,198.15,106.97,ground_ball,2,1,2024,2024-07
2024-07-30,2024,R,622491,807799,SI,Sinker,,ball,L,R,BOS,SEA,97.20,,,,,,1,1,2024,2024-07
2024-07-30,2024,R,622491,807799,CH,Changeup,,swinging_strike,L,R,BOS,SEA,88.70,,,,,,1,0,2024,2024-07
2024-07-30,2024,R,622491,807799,SI,Sinker,,ball,L,R,BOS,SEA,95.50,,,,,,0,0,2024,2024-07
2024-07-30,2024,R,622491,807799,SI,Sinker,single,hit_into_play,L,R,BOS,SEA,96.60,50.00,5,93.54,165.98,ground_ball,1,1,2024,2024-07
2024-07-30,2024,R,622491,807799,CH,Changeup,,ball,L,R,BOS,SEA,88.90,,,,,,0,1,2024,2024-07
2024-07-30,2024,R,622491,807799,FF,4-Seam Fastball,,called_strike,L,R,BOS,SEA,97.50,,,,,,0,0,2024,2024-07
2024-07-30,2024,R,622554,672642,FF,4-Seam Fastball,strikeout,called_strike,L,R,BAL,TOR,98.30,,,,,,1,2,2024,2024-07
2024-07-30,2024,R,622554,672642,FF,4-Seam Fastball,,foul,L,R,BAL,TOR,98.20,77.00,36,,,,1,1,2024,2024-07
2024-07-30,2024,R,622554,672642,CH,Changeup,,ball,L,R,BAL,TOR,92.80,,,,,,0,1,2024,2024-07
2024-07-30,2024,R,622554,672642,FF,4-Seam Fastball,,foul,L,R,BAL,TOR,97.10,70.10,15,,,,0,0,2024,2024-07
2024-07-30,2024,R,622554,677870,ST,Sweeper,strikeout,swinging_strike,R,R,BAL,TOR,88.30,,,,,,1,2,2024,2024-07
2024-07-30,2024,R,622554,677870,ST,Sweeper,,called_strike,R,R,BAL,TOR,86.60,,,,,,1,1,2024,2024-07
2024-07-30,2024,R,622554,677870,SL,Slider,,called_strike,R,R,BAL,TOR,90.40,,,,,,1,0,2024,2024-07
2024-07-30,2024,R,622554,677870,SL,Slider,,ball,R,R,BAL,TOR,91.50,,,,,,0,0,2024,2024-07
2024-07-30,2024,R,622554,680718,FF,4-Seam Fastball,field_out,hit_into_play,L,R,BAL,TOR,97.60,74.20,54,149.57,124.70,fly_ball,1,1,2024,2024-07
2024-07-30,2024,R,622554,680718,SL,Slider,,ball,L,R,BAL,TOR,89.80,,,,,,0,1,2024,2024-07
2024-07-30,2024,R,622554,680718,FF,4-Seam Fastball,,called_strike,L,R,BAL,TOR,98.10,,,,,,0,0,2024,2024-07
2024-07-30,2024,R,628452,656555,FF,4-Seam Fastball,field_out,hit_into_play,R,R,MIL,ATL,94.60,86.90,57,162.48,123.36,fly_ball,0,0,2024,2024-07
2024-07-30,2024,R,628452,663368,FF,4-Seam Fastball,field_out,hit_into_play,L,R,MIL,ATL,95.80,83.90,11,166.27,156.35,line_drive,1,1,2024,2024-07
2024-07-30,2024,R,628452,663368,CH,Changeup,,called_strike,L,R,MIL,ATL,88.00,,,,,,1,0,2024,2024-07
2024-07-30,2024,R,628452,663368,SI,Sinker,,ball,L,R,MIL,ATL,96.00,,,,,,0,0,2024,2024-07
2024-07-30,2024,R,628452,686217,SI,Sinker,field_out,hit_into_play,L,R,MIL,ATL,95.10,83.70,39,75.23,89.47,fly_ball,1,2,2024,2024-07
2024-07-30,2024,R,628452,686217,CH,Changeup,,foul,L,R,MIL,ATL,89.00,60.40,44,,,,1,2,2024,2024-07
2024-07-30,2024,R,628452,686217,CH,Changeup,,swinging_strike,L,R,MIL,ATL,88.20,,,,,,1,1,2024,2024-07
2024-07-30,2024,R,628452,686217,CH,Changeup,,ball,L,R,MIL,ATL,87.90,,,,,,0,1,2024,2024-07
2024-07-30,2024,R,628452,686217,SI,Sinker,,called_strike,L,R,MIL,ATL,94.40,,,,,,0,0,2024,2024-07
2024-07-30,2024,R,640451,643217,FF,4-Seam Fastball,strikeout,swinging_strike,L,R,CWS,KC,97.50,,,,,,1,2,2024,2024-07
2024-07-30,2024,R,640451,643217,FF,4-Seam Fastball,,ball,L,R,CWS,KC,98.00,,,,,,0,2,2024,2024-07
2024-07-30,2024,R,640451,643217,FF,4-Seam Fastball,,swinging_strike,L,R,CWS,KC,96.90,,,,,,0,1,2024,2024-07
2024-07-30,2024,R,640451,643217,FF,4-Seam Fastball,,swinging_strike,L,R,CWS,KC,97.20,,,,,,0,0,2024,2024-07
2024-07-30,2024,R,640451,670032,FF,4-Seam Fastball,single,hit_into_play,L,R,CWS,KC,96.30,77.30,15,63.90,128.03,line_drive,3,2,2024,2024-07
2024-07-30,2024,R,640451,670032,FF,4-Seam Fastball,,foul,L,R,CWS,KC,97.10,74.20,47,,,,3,2,2024,2024-07
2024-07-30,2024,R,640451,670032,FF,4-Seam Fastball,,called_strike,L,R,CWS,KC,96.70,,,,,,3,1,2024,2024-07
2024-07-30,2024,R,640451,670032,FF,4-Seam Fastball,,ball,L,R,CWS,KC,96.60,,,,,,2,1,2024,2024-07
2024-07-30,2024,R,640451,670032,FF,4-Seam Fastball,,ball,L,R,CWS,KC,97.20,,,,,,1,1,2024,2024-07
2024-07-30,2024,R,640451,670032,FS,Split-Finger,,called_strike,L,R,CWS,KC,88.90,,,,,,1,0,2024,2024-07
2024-07-30,2024,R,640451,670032,FF,4-Seam Fastball,,ball,L,R,CWS,KC,96.70,,,,,,0,0,2024,2024-07
2024-07-30,2024,R,640451,673357,SL,Slider,single,hit_into_play,R,R,CWS,KC,89.30,77.10,20,157.47,97.56,line_drive,0,0,2024,2024-07
2024-07-30,2024,R,640451,678246,FF,4-Seam Fastball,strikeout,swinging_strike,R,R,CWS,KC,98.30,,,,,,0,2,2024,2024-07
2024-07-30,2024,R,640451,678246,FF,4-Seam Fastball,,foul,R,R,CWS,KC,97.70,,,,,,0,2,2024,2024-07
2024-07-30,2024,R,640451,678246,SL,Slider,,foul,R,R,CWS,KC,87.40,67.60,40,,,,0,1,2024,2024-07
2024-07-30,2024,R,640451,678246,FF,4-Seam Fastball,,called_strike,R,R,CWS,KC,97.50,,,,,,0,0,2024,2024-07
2024-07-30,2024,R,640451,683734,FF,4-Seam Fastball,field_out,hit_into_play,R,R,CWS,KC,97.90,67.80,2,132.86,156.20,ground_ball,1,2,2024,2024-07
2024-07-30,2024,R,640451,683734,FF,4-Seam Fastball,,foul,R,R,CWS,KC,97.80,78.90,59,,,,1,2,2024,2024-07
2024-07-30,2024,R,640451,683734,FF,4-Seam Fastball,,foul,R,R,CWS,KC,98.40,86.80,17,,,,1,2,2024,2024-07
2024-07-30,2024,R,640451,683734,FF,4-Seam Fastball,,foul,R,R,CWS,KC,97.90,84.70,55,,,,1,2,2024,2024-07
2024-07-30,2024,R,640451,683734,FS,Split-Finger,,foul,R,R,CWS,KC,88.80,73.40,9,,,,1,1,2024,2024-07
2024-07-30,2024,R,640451,683734,FS,Split-Finger,,ball,R,R,CWS,KC,87.90,,,,,,0,1,2024,2024-07
2024-07-30,2024,R,640451,683734,FF,4-Seam Fastball,,called_strike,R,R,CWS,KC,97.40,,,,,,0,0,2024,2024-07
2024-07-30,2024,R,640455,467793,FF,4-Seam Fastball,field_out,hit_into_play,R,L,NYM,MIN,92.50,85.70,-26,112.18,147.85,ground_ball,0,2,2024,2024-07
2024-07-30,2024,R,640455,467793,CH,Changeup,,swinging_strike,R,L,NYM,MIN,84.20,,,,,,0,1,2024,2024-07
2024-07-30,2024,R,640455,467793,FF,4-Seam Fastball,,called_strike,R,L,NYM,MIN,89.60,,,,,,0,0,2024,2024-07
2024-07-30,2024,R,640455,467793,ST,Sweeper,single,hit_into_play,R,L,NYM,MIN,75.90,61.80,-45,115.77,192.61,ground_ball,0,0,2024,2024-07
2024-07-30,2024,R,640455,467793,ST,Sweeper,strikeout,swinging_strike,R,L,NYM,MIN,81.60,,,,,,1,2,2024,2024-07
2024-07-30,2024,R,640455,467793,FF,4-Seam Fastball,,ball,R,L,NYM,MIN,92.90,,,,,,0,2,2024,2024-07
2024-07-30,2024,R,640455,467793,FF,4-Seam Fastball,,swinging_strike,R,L,NYM,MIN,91.20,,,,,,0,1,2024,2024-07
2024-07-30,2024,R,640455,467793,FF,4-Seam Fastball,,called_strike,R,L,NYM,MIN,89.90,,,,,,0,0,2024,2024-07
2024-07-30,2024,R,640455,543877,ST,Sweeper,strikeout,swinging_strike,R,L,NYM,MIN,80.30,,,,,,2,2,2024,2024-07
2024-07-30,2024,R,640455,543877,FF,4-Seam Fastball,,ball,R,L,NYM,MIN,93.30,,,,,,1,2,2024,2024-07
2024-07-30,2024,R,640455,543877,FF,4-Seam Fastball,,ball,R,L,NYM,MIN,92.90,,,,,,0,2,2024,2024-07
2024-07-30,2024,R,640455,543877,ST,Sweeper,,foul,R,L,NYM,MIN,79.50,94.80,-4,,,,0,2,2024,2024-07
2024-07-30,2024,R,640455,543877,ST,Sweeper,,called_strike,R,L,NYM,MIN,75.70,,,,,,0,1,2024,2024-07
2024-07-30,2024,R,640455,543877,ST,Sweeper,,called_strike,R,L,NYM,MIN,76.10,,,,,,0,0,2024,2024-07
2024-07-30,2024,R,640455,543877,FF,4-Seam Fastball,field_out,hit_into_play,R,L,NYM,MIN,90.40,82.00,70,147.20,153.95,popup,1,0,2024,2024-07
2024-07-30,2024,R,640455,543877,FF,4-Seam Fastball,,ball,R,L,NYM,MIN,88.60,,,,,,0,0,2024,2024-07
2024-07-30,2024,R,640455,621439,FF,4-Seam Fastball,strikeout,swinging_strike,R,L,NYM,MIN,93.40,,,,,,2,2,2024,2024-07
2024-07-30,2024,R,640455,621439,ST,Sweeper,,foul,R,L,NYM,MIN,78.10,,,,,,2,2,2024,2024-07
2024-07-30,2024,R,640455,621439,ST,Sweeper,,foul,R,L,NYM,MIN,78.30,89.70,-6,,,,2,2,2024,2024-07
2024-07-30,2024,R,640455,621439,ST,Sweeper,,ball,R,L,NYM,MIN,79.40,,,,,,1,2,2024,2024-07
2024-07-30,2024,R,640455,621439,FF,4-Seam Fastball,,foul,R,L,NYM,MIN,92.50,70.90,60,,,,1,2,2024,2024-07
2024-07-30,2024,R,640455,621439,FF,4-Seam Fastball,,foul,R,L,NYM,MIN,93.00,79.20,10,,,,1,2,2024,2024-07
2024-07-30,2024,R,640455,621439,ST,Sweeper,,foul,R,L,NYM,MIN,78.60,67.80,24,,,,1,2,2024,2024-07
2024-07-30,2024,R,640455,621439,,,,automatic_ball,R,L,NYM,MIN,,,,,,,0,2,2024,2024-07
2024-07-30,2024,R,640455,621439,SL,Slider,,foul,R,L,NYM,MIN,84.90,85.90,-17,,,,0,1,2024,2024-07
2024-07-30,2024,R,640455,621439,FF,4-Seam Fastball,,called_strike,R,L,NYM,MIN,90.30,,,,,,0,0,2024,2024-07
2024-07-30,2024,R,640455,621439,FF,4-Seam Fastball,strikeout,swinging_strike,R,L,NYM,MIN,93.50,,,,,,2,2,2024,2024-07
2024-07-30,2024,R,640455,621439,SI,Sinker,,ball,R,L,NYM,MIN,93.00,,,,,,1,2,2024,2024-07
2024-07-30,2024,R,640455,621439,FF,4-Seam Fastball,,ball,R,L,NYM,MIN,93.90,,,,,,0,2,2024,2024-07
2024-07-30,2024,R,640455,621439,ST,Sweeper,,swinging_strike,R,L,NYM,MIN,78.10,,,,,,0,1,2024,2024-07
2024-07-30,2024,R,640455,621439,ST,Sweeper,,swinging_strike,R,L,NYM,MIN,78.20,,,,,,0,0,2024,2024-07
2024-07-30,2024,R,640455,621439,FF,4-Seam Fastball,strikeout,swinging_strike,R,L,NYM,MIN,94.30,,,,,,1,2,2024,2024-07
2024-07-30,2024,R,640455,621439,FF,4-Seam Fastball,,foul,R,L,NYM,MIN,95.60,67.70,17,,,,1,2,2024,2024-07
2024-07-30,2024,R,640455,621439,FC,Cutter,,foul,R,L,NYM,MIN,88.00,68.20,-22,,,,1,1,2024,2024-07
2024-07-30,2024,R,640455,621439,FF,4-Seam Fastball,,ball,R,L,NYM,MIN,93.50,,,,,,0,1,2024,2024-07
2024-07-30,2024,R,640455,621439,FF,4-Seam Fastball,,swinging_strike,R,L,NYM,MIN,92.90,,,,,,0,0,2024,2024-07
2024-07-30,2024,R,640455,622534,FF,4-Seam Fastball,field_out,hit_into_play,R,L,NYM,MIN,89.40,84.00,36,138.71,75.81,fly_ball,1,1,2024,2024-07
2024-07-30,2024,R,640455,622534,FF,4-Seam Fastball,,called_strike,R,L,NYM,MIN,88.60,,,,,,1,0,2024,2024-07
2024-07-30,2024,R,640455,622534,ST,Sweeper,,ball,R,L,NYM,MIN,72.10,,,,,,0,0,2024,2024-07
2024-07-30,2024,R,640455,622534,FF,4-Seam Fastball,field_out,hit_into_play,R,L,NYM,MIN,92.40,85.40,64,162.03,146.14,popup,1,1,2024,2024-07
2024-07-30,2024,R,640455,622534,FF,4-Seam Fastball,,ball,R,L,NYM,MIN,92.50,,,,,,0,1,2024,2024-07
2024-07-30,2024,R,640455,622534,ST,Sweeper,,foul,R,L,NYM,MIN,77.60,66.00,51,,,,0,0,2024,2024-07
2024-07-30,2024,R,640455,622534,FF,4-Seam Fastball,field_out,hit_into_play,R,L,NYM,MIN,94.40,59.60,37,133.07,130.84,popup,0,2,2024,2024-07
2024-07-30,2024,R,640455,622534,FF,4-Seam Fastball,,foul,R,L,NYM,MIN,93.40,82.30,40,,,,0,1,2024,2024-07
2024-07-30,2024,R,640455,622534,FF,4-Seam Fastball,,called_strike,R,L,NYM,MIN,91.30,,,,,,0,0,2024,2024-07
2024-07-30,2024,R,640455,650489,FF,4-Seam Fastball,strikeout,swinging_strike,R,L,NYM,MIN,92.00,,,,,,2,2,2024,2024-07
2024-07-30,2024,R,640455,650489,SL,Slider,,swinging_strike,R,L,NYM,MIN,83.10,,,,,,2,1,2024,2024-07
2024-07-30,2024,R,640455,650489,FF,4-Seam Fastball,,ball,R,L,NYM,MIN,91.80,,,,,,1,1,2024,2024-07
2024-07-30,2024,R,640455,650489,FF,4-Seam Fastball,,foul,R,L,NYM,MIN,90.10,72.10,29,,,,1,0,2024,2024-07
2024-07-30,2024,R,640455,650489,FF,4-Seam Fastball,,ball,R,L,NYM,MIN,89.00,,,,,,0,0,2024,2024-07
2024-07-30,2024,R,640455,650489,FF,4-Seam Fastball,field_out,hit_into_play,R,L,NYM,MIN,92.80,97.00,6,146.69,148.86,ground_ball,0,1,2024,2024-07
2024-07-30,2024,R,640455,650489,FF,4-Seam Fastball,,foul,R,L,NYM,MIN,91.20,74.30,70,,,,0,0,2024,2024-07
2024-07-30,2024,R,640455,650489,FF,4-Seam Fastball,field_out,hit_into_play,R,L,NYM,MIN,93.30,70.60,10,132.91,135.13,ground_ball,2,2,2024,2024-07
2024-07-30,2024,R,640455,650489,FF,4-Seam Fastball,,foul,R,L,NYM,MIN,92.90,83.30,41,,,,2,2,2024,2024-07
2024-07-30,2024,R,640455,650489,FF,4-Seam Fastball,,ball,R,L,NYM,MIN,94.30,,,,,,1,2,2024,2024-07
2024-07-30,2024,R,640455,650489,FF,4-Seam Fastball,,swinging_strike,R,L,NYM,MIN,92.60,,,,,,1,1,2024,2024-07
2024-07-30,2024,R,640455,650489,FF,4-Seam Fastball,,called_strike,R,L,NYM,MIN,91.20,,,,,,1,0,2024,2024-07
2024-07-30,2024,R,640455,650489,ST,Sweeper,,ball,R,L,NYM,MIN,79.30,,,,,,0,0,2024,2024-07
2024-07-30,2024,R,640455,668885,FF,4-Seam Fastball,field_out,hit_into_play,R,L,NYM,MIN,91.00,74.00,-21,108.62,170.73,ground_ball,0,1,2024,2024-07
2024-07-30,2024,R,640455,668885,FF,4-Seam Fastball,,called_strike,R,L,NYM,MIN,90.10,,,,,,0,0,2024,2024-07
2024-07-30,2024,R,640455,668885,FF,4-Seam Fastball,field_out,hit_into_play,R,L,NYM,MIN,91.60,85.10,8,102.02,148.86,ground_ball,0,0,2024,2024-07
2024-07-30,2024,R,640455,668904,ST,Sweeper,strikeout,called_strike,R,L,NYM,MIN,78.90,,,,,,1,2,2024,2024-07
2024-07-30,2024,R,640455,668904,FF,4-Seam Fastball,,called_strike,R,L,NYM,MIN,91.40,,,,,,1,1,2024,2024-07
2024-07-30,2024,R,640455,668904,FF,4-Seam Fastball,,swinging_strike,R,L,NYM,MIN,91.20,,,,,,1,0,2024,2024-07
2024-07-30,2024,R,640455,668904,CH,Changeup,,ball,R,L,NYM,MIN,86.00,,,,,,0,0,2024,2024-07
2024-07-30,2024,R,640455,668904,FF,4-Seam Fastball,strikeout,swinging_strike,R,L,NYM,MIN,93.30,,,,,,2,2,2024,2024-07
2024-07-30,2024,R,640455,668904,FF,4-Seam Fastball,,foul,R,L,NYM,MIN,93.00,64.50,-55,,,,2,2,2024,2024-07
2024-07-30,2024,R,640455,668904,ST,Sweeper,,foul,R,L,NYM,MIN,78.10,68.40,10,,,,2,1,2024,2024-07
2024-07-30,2024,R,640455,668904,CH,Changeup,,ball,R,L,NYM,MIN,85.90,,,,,,1,1,2024,2024-07
2024-07-30,2024,R,640455,668904,CH,Changeup,,ball,R,L,NYM,MIN,85.40,,,,,,0,1,2024,2024-07
2024-07-30,2024,R,640455,668904,CH,Changeup,,called_strike,R,L,NYM,MIN,83.90,,,,,,0,0,2024,2024-07
2024-07-30,2024,R,640455,668904,FF,4-Seam Fastball,walk,ball,R,L,NYM,MIN,93.60,,,,,,3,2,2024,2024-07
2024-07-30,2024,R,640455,668904,CH,Changeup,,ball,R,L,NYM,MIN,88.60,,,,,,2,2,2024,2024-07
2024-07-30,2024,R,640455,668904,FF,4-Seam Fastball,,ball,R,L,NYM,MIN,94.30,,,,,,1,2,2024,2024-07
2024-07-30,2024,R,640455,668904,FF,4-Seam Fastball,,ball,R,L,NYM,MIN,95.30,,,,,,0,2,2024,2024-07
2024-07-30,2024,R,640455,668904,FF,4-Seam Fastball,,swinging_strike,R,L,NYM,MIN,93.10,,,,,,0,1,2024,2024-07
2024-07-30,2024,R,640455,668904,FF,4-Seam Fastball,,called_strike,R,L,NYM,MIN,93.50,,,,,,0,0,2024,2024-07
2024-07-30,2024,R,640455,669304,FF,4-Seam Fastball,strikeout,swinging_strike,R,L,NYM,MIN,91.20,,,,,,1,2,2024,2024-07
2024-07-30,2024,R,640455,669304,ST,Sweeper,,foul,R,L,NYM,MIN,75.20,96.50,0,,,,1,1,2024,2024-07
2024-07-30,2024,R,640455,669304,FF,4-Seam Fastball,,called_strike,R,L,NYM,MIN,88.90,,,,,,1,0,2024,2024-07
2024-07-30,2024,R,640455,669304,ST,Sweeper,,ball,R,L,NYM,MIN,71.10,,,,,,0,0,2024,2024-07
2024-07-30,2024,R,640455,669304,ST,Sweeper,strikeout,swinging_strike,R,L,NYM,MIN,75.50,,,,,,3,2,2024,2024-07
2024-07-30,2024,R,640455,669304,FF,4-Seam Fastball,,ball,R,L,NYM,MIN,92.60,,,,,,2,2,2024,2024-07
2024-07-30,2024,R,640455,669304,FF,4-Seam Fastball,,ball,R,L,NYM,MIN,93.90,,,,,,1,2,2024,2024-07
2024-07-30,2024,R,640455,669304,FF,4-Seam Fastball,,foul,R,L,NYM,MIN,94.00,79.90,55,,,,1,2,2024,2024-07
2024-07-30,2024,R,640455,669304,FF,4-Seam Fastball,,swinging_strike,R,L,NYM,MIN,92.80,,,,,,1,1,2024,2024-07
2024-07-30,2024,R,640455,669304,ST,Sweeper,,swinging_strike,R,L,NYM,MIN,76.40,,,,,,1,0,2024,2024-07
2024-07-30,2024,R,640455,669304,CH,Changeup,,ball,R,L,NYM,MIN,86.00,,,,,,0,0,2024,2024-07
2024-07-30,2024,R,640455,669304,ST,Sweeper,strikeout,swinging_strike,R,L,NYM,MIN,80.10,,,,,,0,2,2024,2024-07
2024-07-30,2024,R,640455,669304,FF,4-Seam Fastball,,foul,R,L,NYM,MIN,94.30,78.30,21,,,,0,2,2024,2024-07
2024-07-30,2024,R,640455,669304,FF,4-Seam Fastball,,swinging_strike,R,L,NYM,MIN,93.20,,,,,,0,1,2024,2024-07
2024-07-30,2024,R,640455,669304,ST,Sweeper,,swinging_strike_blocked,R,L,NYM,MIN,78.30,,,,,,0,0,2024,2024-07
2024-07-30,2024,R,640455,686797,CH,Changeup,field_out,hit_into_play,R,L,NYM,MIN,85.70,68.50,41,153.80,118.39,popup,0,1,2024,2024-07
2024-07-30,2024,R,640455,686797,ST,Sweeper,,called_strike,R,L,NYM,MIN,74.80,,,,,,0,0,2024,2024-07
2024-07-30,2024,R,640455,686797,FF,4-Seam Fastball,single,hit_into_play,R,L,NYM,MIN,91.90,92.80,4,126.90,89.86,ground_ball,1,1,2024,2024-07
2024-07-30,2024,R,640455,686797,FF,4-Seam Fastball,,ball,R,L,NYM,MIN,91.80,,,,,,0,1,2024,2024-07
2024-07-30,2024,R,640455,686797,SI,Sinker,,called_strike,R,L,NYM,MIN,91.20,,,,,,0,0,2024,2024-07
2024-07-30,2024,R,641302,624503,SI,Sinker,field_out,hit_into_play,L,L,TB,MIA,90.10,91.70,-5,141.66,150.19,ground_ball,0,0,2024,2024-07
2024-07-30,2024,R,641302,656896,FC,Cutter,field_out,hit_into_play,R,L,TB,MIA,84.90,84.00,43,130.79,87.29,fly_ball,2,0,2024,2024-07
2024-07-30,2024,R,641302,656896,CH,Changeup,,ball,R,L,TB,MIA,81.60,,,,,,1,0,2024,2024-07
2024-07-30,2024,R,641302,656896,FC,Cutter,,ball,R,L,TB,MIA,84.40,,,,,,0,0,2024,2024-07
2024-07-30,2024,R,641302,660644,FF,4-Seam Fastball,strikeout,swinging_strike,R,L,TB,MIA,89.30,,,,,,1,2,2024,2024-07
2024-07-30,2024,R,641302,660644,FF,4-Seam Fastball,,swinging_strike,R,L,TB,MIA,89.30,,,,,,1,1,2024,2024-07
2024-07-30,2024,R,641302,660644,CH,Changeup,,foul,R,L,TB,MIA,81.30,69.10,34,,,,1,0,2024,2024-07
2024-07-30,2024,R,641302,660644,FC,Cutter,,ball,R,L,TB,MIA,86.10,,,,,,0,0,2024,2024-07
2024-07-30,2024,R,641302,660821,ST,Sweeper,field_out,hit_into_play,L,L,TB,MIA,78.40,98.80,18,127.77,66.15,line_drive,0,1,2024,2024-07
2024-07-30,2024,R,641302,660821,SI,Sinker,,foul,L,L,TB,MIA,89.60,65.40,37,,,,0,0,2024,2024-07
2024-07-30,2024,R,641302,669364,ST,Sweeper,strikeout,called_strike,R,L,TB,MIA,78.10,,,,,,2,2,2024,2024-07
2024-07-30,2024,R,641302,669364,FC,Cutter,,foul,R,L,TB,MIA,85.70,78.70,31,,,,2,2,2024,2024-07
2024-07-30,2024,R,641302,669364,FF,4-Seam Fastball,,called_strike,R,L,TB,MIA,89.70,,,,,,2,1,2024,2024-07
2024-07-30,2024,R,641302,669364,FC,Cutter,,called_strike,R,L,TB,MIA,85.40,,,,,,2,0,2024,2024-07
2024-07-30,2024,R,641302,669364,CH,Changeup,,ball,R,L,TB,MIA,81.20,,,,,,1,0,2024,2024-07
2024-07-30,2024,R,641302,669364,FC,Cutter,,ball,R,L,TB,MIA,85.40,,,,,,0,0,2024,2024-07
2024-07-30,2024,R,641302,669394,ST,Sweeper,home_run,hit_into_play,R,L,TB,MIA,77.60,107.20,26,24.95,67.04,fly_ball,0,0,2024,2024-07
2024-07-30,2024,R,641302,672640,CH,Changeup,field_out,hit_into_play,R,L,TB,MIA,82.40,71.30,-54,119.08,173.95,ground_ball,2,1,2024,2024-07
2024-07-30,2024,R,641302,672640,FC,Cutter,,called_strike,R,L,TB,MIA,85.10,,,,,,2,0,2024,2024-07
2024-07-30,2024,R,641302,672640,FF,4-Seam Fastball,,ball,R,L,TB,MIA,88.70,,,,,,1,0,2024,2024-07
2024-07-30,2024,R,641302,672640,FC,Cutter,,ball,R,L,TB,MIA,85.20,,,,,,0,0,2024,2024-07
2024-07-30,2024,R,641302,681146,FF,4-Seam Fastball,strikeout,called_strike,R,L,TB,MIA,89.70,,,,,,3,2,2024,2024-07
2024-07-30,2024,R,641302,681146,FC,Cutter,,ball,R,L,TB,MIA,84.90,,,,,,2,2,2024,2024-07
2024-07-30,2024,R,641302,681146,ST,Sweeper,,ball,R,L,TB,MIA,78.40,,,,,,1,2,2024,2024-07
2024-07-30,2024,R,641302,681146,CH,Changeup,,ball,R,L,TB,MIA,82.30,,,,,,0,2,2024,2024-07
2024-07-30,2024,R,641302,681146,FC,Cutter,,foul,R,L,TB,MIA,85.20,62.00,58,,,,0,1,2024,2024-07
2024-07-30,2024,R,641302,681146,FF,4-Seam Fastball,,called_strike,R,L,TB,MIA,89.40,,,,,,0,0,2024,2024-07
2024-07-30,2024,R,641729,641343,FF,4-Seam Fastball,strikeout,swinging_strike,L,R,MIL,ATL,93.50,,,,,,3,2,2024,2024-07
2024-07-30,2024,R,641729,641343,FF,4-Seam Fastball,,called_strike,L,R,MIL,ATL,94.30,,,,,,3,1,2024,2024-07
2024-07-30,2024,R,641729,641343,SL,Slider,,ball,L,R,MIL,ATL,83.20,,,,,,2,1,2024,2024-07
2024-07-30,2024,R,641729,641343,CH,Changeup,,ball,L,R,MIL,ATL,89.00,,,,,,1,1,2024,2024-07
2024-07-30,2024,R,641729,641343,FF,4-Seam Fastball,,ball,L,R,MIL,ATL,95.10,,,,,,0,1,2024,2024-07
2024-07-30,2024,R,641729,641343,SL,Slider,,called_strike,L,R,MIL,ATL,83.90,,,,,,0,0,2024,2024-07
2024-07-30,2024,R,641729,642715,SL,Slider,walk,blocked_ball,R,R,MIL,ATL,84.00,,,,,,3,2,2024,2024-07
2024-07-30,2024,R,641729,642715,SL,Slider,,ball,R,R,MIL,ATL,85.80,,,,,,2,2,2024,2024-07
2024-07-30,2024,R,641729,642715,FF,4-Seam Fastball,,ball,R,R,MIL,ATL,95.10,,,,,,1,2,2024,2024-07
2024-07-30,2024,R,641729,642715,FF,4-Seam Fastball,,swinging_strike,R,R,MIL,ATL,94.90,,,,,,1,1,2024,2024-07
2024-07-30,2024,R,641729,642715,FF,4-Seam Fastball,,called_strike,R,R,MIL,ATL,95.30,,,,,,1,0,2024,2024-07
2024-07-30,2024,R,641729,642715,FF,4-Seam Fastball,,ball,R,R,MIL,ATL,95.00,,,,,,0,0,2024,2024-07
2024-07-30,2024,R,641729,661388,FF,4-Seam Fastball,field_out,hit_into_play,R,R,MIL,ATL,95.60,93.80,76,110.97,182.32,popup,0,0,2024,2024-07
2024-07-30,2024,R,641729,694192,FF,4-Seam Fastball,strikeout,swinging_strike,R,R,MIL,ATL,94.90,,,,,,0,2,2024,2024-07
2024-07-30,2024,R,641729,694192,FF,4-Seam Fastball,,foul,R,R,MIL,ATL,94.90,79.90,57,,,,0,1,2024,2024-07
2024-07-30,2024,R,641729,694192,SL,Slider,,foul,R,R,MIL,ATL,85.30,77.80,66,,,,0,0,2024,2024-07
2024-07-30,2024,R,642048,608701,CH,Changeup,strikeout,swinging_strike,R,L,BOS,SEA,85.10,,,,,,2,2,2024,2024-07
2024-07-30,2024,R,642048,608701,SI,Sinker,,foul,R,L,BOS,SEA,91.70,75.10,2,,,,2,1,2024,2024-07
2024-07-30,2024,R,642048,608701,CH,Changeup,,blocked_ball,R,L,BOS,SEA,85.40,,,,,,1,1,2024,2024-07
2024-07-30,2024,R,642048,608701,SI,Sinker,,called_strike,R,L,BOS,SEA,91.40,,,,,,1,0,2024,2024-07
2024-07-30,2024,R,642048,608701,SI,Sinker,,blocked_ball,R,L,BOS,SEA,91.00,,,,,,0,0,2024,2024-07
2024-07-30,2024,R,642048,646240,SI,Sinker,single,hit_into_play,L,L,BOS,SEA,92.10,84.80,-4,143.90,112.04,ground_ball,0,1,2024,2024-07
2024-07-30,2024,R,642048,646240,SI,Sinker,,swinging_strike,L,L,BOS,SEA,92.50,,,,,,0,0,2024,2024-07
2024-07-30,2024,R,642048,678882,CU,Curveball,hit_by_pitch,hit_by_pitch,R,L,BOS,SEA,76.30,,,,,,1,2,2024,2024-07
2024-07-30,2024,R,642048,678882,CH,Changeup,,ball,R,L,BOS,SEA,85.50,,,,,,0,2,2024,2024-07
2024-07-30,2024,R,642048,678882,CH,Changeup,,swinging_strike,R,L,BOS,SEA,85.30,,,,,,0,1,2024,2024-07
2024-07-30,2024,R,642048,678882,SI,Sinker,,foul,R,L,BOS,SEA,90.10,73.10,18,,,,0,0,2024,2024-07
2024-07-30,2024,R,642048,680776,SL,Slider,single,hit_into_play,L,L,BOS,SEA,81.20,60.90,-37,98.87,174.32,ground_ball,1,2,2024,2024-07
2024-07-30,2024,R,642048,680776,SL,Slider,,ball,L,L,BOS,SEA,81.70,,,,,,0,2,2024,2024-07
2024-07-30,2024,R,642048,680776,SI,Sinker,,called_strike,L,L,BOS,SEA,91.30,,,,,,0,1,2024,2024-07
2024-07-30,2024,R,642048,680776,SL,Slider,,called_strike,L,L,BOS,SEA,82.10,,,,,,0,0,2024,2024-07
2024-07-30,2024,R,642048,807799,ST,Sweeper,force_out,hit_into_play,L,L,BOS,SEA,80.50,72.90,-7,149.48,162.73,ground_ball,0,1,2024,2024-07
2024-07-30,2024,R,642048,807799,ST,Sweeper,,called_strike,L,L,BOS,SEA,80.20,,,,,,0,0,2024,2024-07
2024-07-30,2024,R,642520,502054,FF,4-Seam Fastball,field_out,hit_into_play,R,R,STL,TEX,94.00,52.20,-59,127.10,183.37,ground_ball,3,2,2024,2024-07
2024-07-30,2024,R,642520,502054,FF,4-Seam Fastball,,foul,R,R,STL,TEX,93.80,79.90,43,,,,3,1,2024,2024-07
2024-07-30,2024,R,642520,502054,FF,4-Seam Fastball,,ball,R,R,STL,TEX,93.10,,,,,,2,1,2024,2024-07
2024-07-30,2024,R,642520,502054,CU,Curveball,,ball,R,R,STL,TEX,84.00,,,,,,1,1,2024,2024-07
2024-07-30,2024,R,642520,502054,FF,4-Seam Fastball,,ball,R,R,STL,TEX,94.20,,,,,,0,1,2024,2024-07
2024-07-30,2024,R,642520,502054,FF,4-Seam Fastball,,called_strike,R,R,STL,TEX,93.50,,,,,,0,0,2024,2024-07
2024-07-30,2024,R,642520,502671,CU,Curveball,grounded_into_double_play,hit_into_play,R,R,STL,TEX,82.90,72.20,9,134.57,142.25,ground_ball,0,2,2024,2024-07
2024-07-30,2024,R,642520,502671,FF,4-Seam Fastball,,called_strike,R,R,STL,TEX,92.60,,,,,,0,1,2024,2024-07
2024-07-30,2024,R,642520,502671,CU,Curveball,,called_strike,R,R,STL,TEX,84.30,,,,,,0,0,2024,2024-07
2024-07-30,2024,R,642520,543063,CU,Curveball,field_out,hit_into_play,L,R,STL,TEX,83.40,81.80,29,88.18,90.20,line_drive,1,2,2024,2024-07
2024-07-30,2024,R,642520,543063,FF,4-Seam Fastball,,foul,L,R,STL,TEX,92.90,78.10,12,,,,1,1,2024,2024-07
2024-07-30,2024,R,642520,543063,CU,Curveball,,foul,L,R,STL,TEX,82.50,95.90,-9,,,,1,0,2024,2024-07
2024-07-30,2024,R,642520,543063,FF,4-Seam Fastball,,ball,L,R,STL,TEX,94.30,,,,,,0,0,2024,2024-07
2024-07-30,2024,R,642520,575929,FF,4-Seam Fastball,hit_by_pitch,hit_by_pitch,R,R,STL,TEX,93.50,,,,,,1,1,2024,2024-07
2024-07-30,2024,R,642520,575929,CU,Curveball,,ball,R,R,STL,TEX,84.70,,,,,,0,1,2024,2024-07
2024-07-30,2024,R,642520,575929,CU,Curveball,,swinging_strike,R,R,STL,TEX,85.20,,,,,,0,0,2024,2024-07
2024-07-30,2024,R,642520,663457,FF,4-Seam Fastball,field_out,hit_into_play,L,R,STL,TEX,93.20,91.20,50,71.59,100.02,fly_ball,0,1,2024,2024-07
2024-07-30,2024,R,642520,663457,FF,4-Seam Fastball,,called_strike,L,R,STL,TEX,93.90,,,,,,0,0,2024,2024-07
2024-07-30,2024,R,642520,669357,FF,4-Seam Fastball,walk,ball,L,R,STL,TEX,93.30,,,,,,3,2,2024,2024-07
2024-07-30,2024,R,642520,669357,CH,Changeup,,ball,L,R,STL,TEX,86.00,,,,,,2,2,2024,2024-07
2024-07-30,2024,R,642520,669357,CU,Curveball,,ball,L,R,STL,TEX,84.20,,,,,,1,2,2024,2024-07
2024-07-30,2024,R,642520,669357,FF,4-Seam Fastball,,foul,L,R,STL,TEX,92.90,73.00,30,,,,1,2,2024,2024-07
2024-07-30,2024,R,642520,669357,FF,4-Seam Fastball,,ball,L,R,STL,TEX,93.10,,,,,,0,2,2024,2024-07
2024-07-30,2024,R,642520,669357,FF,4-Seam Fastball,,called_strike,L,R,STL,TEX,91.90,,,,,,0,1,2024,2024-07
2024-07-30,2024,R,642520,669357,FF,4-Seam Fastball,,foul,L,R,STL,TEX,93.80,77.90,14,,,,0,0,2024,2024-07
2024-07-30,2024,R,642520,672279,SL,Slider,hit_by_pitch,hit_by_pitch,L,R,STL,TEX,88.50,,,,,,0,1,2024,2024-07
2024-07-30,2024,R,642520,672279,FF,4-Seam Fastball,,foul,L,R,STL,TEX,92.00,,,,,,0,0,2024,2024-07
2024-07-30,2024,R,642520,691026,CU,Curveball,field_out,hit_into_play,R,R,STL,TEX,82.40,82.60,31,73.97,88.59,fly_ball,0,1,2024,2024-07
2024-07-30,2024,R,642520,691026,CU,Curveball,,called_strike,R,R,STL,TEX,82.30,,,,,,0,0,2024,2024-07
2024-07-30,2024,R,642701,572138,CH,Changeup,strikeout,swinging_strike,L,R,HOU,PIT,88.60,,,,,,1,2,2024,2024-07
2024-07-30,2024,R,642701,572138,FF,4-Seam Fastball,,foul,L,R,HOU,PIT,95.80,70.80,67,,,,1,2,2024,2024-07
2024-07-30,2024,R,642701,572138,SL,Slider,,called_strike,L,R,HOU,PIT,87.50,,,,,,1,1,2024,2024-07
2024-07-30,2024,R,642701,572138,FF,4-Seam Fastball,,foul,L,R,HOU,PIT,94.60,77.30,22,,,,1,0,2024,2024-07
2024-07-30,2024,R,642701,572138,FF,4-Seam Fastball,,ball,L,R,HOU,PIT,95.30,,,,,,0,0,2024,2024-07
2024-07-30,2024,R,642701,643289,SL,Slider,field_out,hit_into_play,R,R,HOU,PIT,87.80,96.70,16,74.71,91.88,line_drive,1,1,2024,2024-07
2024-07-30,2024,R,642701,643289,FF,4-Seam Fastball,,foul,R,R,HOU,PIT,96.70,70.80,37,,,,1,0,2024,2024-07
2024-07-30,2024,R,642701,643289,SL,Slider,,ball,R,R,HOU,PIT,88.80,,,,,,0,0,2024,2024-07
2024-07-30,2024,R,642701,665161,FF,4-Seam Fastball,force_out,hit_into_play,R,R,HOU,PIT,94.70,97.70,-9,101.32,166.79,ground_ball,0,1,2024,2024-07
2024-07-30,2024,R,642701,665161,SL,Slider,,foul,R,R,HOU,PIT,87.10,69.00,20,,,,0,0,2024,2024-07
2024-07-30,2024,R,642701,673237,SL,Slider,single,hit_into_play,R,R,HOU,PIT,88.40,72.00,11,118.99,134.52,ground_ball,1,2,2024,2024-07
2024-07-30,2024,R,642701,673237,SL,Slider,,swinging_strike,R,R,HOU,PIT,87.80,,,,,,1,1,2024,2024-07
2024-07-30,2024,R,642701,673237,FF,4-Seam Fastball,,called_strike,R,R,HOU,PIT,95.00,,,,,,1,0,2024,2024-07
2024-07-30,2024,R,642701,673237,FF,4-Seam Fastball,,ball,R,R,HOU,PIT,95.30,,,,,,0,0,2024,2024-07
2024-07-30,2024,R,642701,676694,SL,Slider,field_out,hit_into_play,R,R,HOU,PIT,89.20,71.50,41,70.44,121.38,fly_ball,0,1,2024,2024-07
2024-07-30,2024,R,642701,676694,SL,Slider,,called_strike,R,R,HOU,PIT,87.30,,,,,,0,0,2024,2024-07
2024-07-30,2024,R,642701,676801,SL,Slider,strikeout,swinging_strike,R,R,HOU,PIT,86.70,,,,,,3,2,2024,2024-07
2024-07-30,2024,R,642701,676801,FF,4-Seam Fastball,,swinging_strike,R,R,HOU,PIT,95.80,,,,,,3,1,2024,2024-07
2024-07-30,2024,R,642701,676801,SI,Sinker,,ball,R,R,HOU,PIT,94.90,,,,,,2,1,2024,2024-07
2024-07-30,2024,R,642701,676801,SL,Slider,,swinging_strike,R,R,HOU,PIT,86.20,,,,,,2,0,2024,2024-07
2024-07-30,2024,R,642701,676801,FF,4-Seam Fastball,,ball,R,R,HOU,PIT,96.90,,,,,,1,0,2024,2024-07
2024-07-30,2024,R,642701,676801,FF,4-Seam Fastball,,ball,R,R,HOU,PIT,97.00,,,,,,0,0,2024,2024-07
2024-07-30,2024,R,643377,620443,ST,Sweeper,strikeout,swinging_strike,R,R,NYM,MIN,86.80,,,,,,1,2,2024,2024-07
2024-07-30,2024,R,643377,620443,ST,Sweeper,,swinging_strike,R,R,NYM,MIN,87.50,,,,,,1,1,2024,2024-07
2024-07-30,2024,R,643377,620443,SI,Sinker,,ball,R,R,NYM,MIN,97.20,,,,,,0,1,2024,2024-07
2024-07-30,2024,R,643377,620443,SI,Sinker,,called_strike,R,R,NYM,MIN,96.80,,,,,,0,0,2024,2024-07
2024-07-30,2024,R,643377,643446,CH,Changeup,field_out,hit_into_play,L,R,NYM,MIN,92.00,93.70,17,119.84,79.64,line_drive,1,0,2024,2024-07
2024-07-30,2024,R,643377,643446,CH,Changeup,,ball,L,R,NYM,MIN,93.20,,,,,,0,0,2024,2024-07
2024-07-30,2024,R,643377,668901,SI,Sinker,field_out,hit_into_play,R,R,NYM,MIN,96.80,83.80,-46,107.79,166.43,ground_ball,2,2,2024,2024-07
2024-07-30,2024,R,643377,668901,CU,Curveball,,ball,R,R,NYM,MIN,85.60,,,,,,1,2,2024,2024-07
2024-07-30,2024,R,643377,668901,ST,Sweeper,,swinging_strike,R,R,NYM,MIN,87.60,,,,,,1,1,2024,2024-07
2024-07-30,2024,R,643377,668901,SI,Sinker,,ball,R,R,NYM,MIN,97.00,,,,,,0,1,2024,2024-07
2024-07-30,2024,R,643377,668901,SI,Sinker,,called_strike,R,R,NYM,MIN,96.60,,,,,,0,0,2024,2024-07
2024-07-30,2024,R,643410,592663,,,intent_walk,automatic_ball,R,R,PHI,NYY,,,,,,,3,0,2024,2024-07
2024-07-30,2024,R,643410,592663,,,,automatic_ball,R,R,PHI,NYY,,,,,,,2,0,2024,2024-07
2024-07-30,2024,R,643410,592663,,,,automatic_ball,R,R,PHI,NYY,,,,,,,1,0,2024,2024-07
2024-07-30,2024,R,643410,592663,,,,automatic_ball,R,R,PHI,NYY,,,,,,,0,0,2024,2024-07
2024-07-30,2024,R,643410,664761,SI,Sinker,field_out,hit_into_play,R,R,PHI,NYY,91.80,101.50,-15,110.08,144.57,ground_ball,1,1,2024,2024-07
2024-07-30,2024,R,643410,664761,ST,Sweeper,,foul,R,R,PHI,NYY,77.40,78.80,81,,,,1,0,2024,2024-07
2024-07-30,2024,R,643410,664761,ST,Sweeper,,ball,R,R,PHI,NYY,79.10,,,,,,0,0,2024,2024-07
2024-07-30,2024,R,643410,669016,FC,Cutter,field_out,hit_into_play,L,R,PHI,NYY,90.10,47.20,38,149.57,161.37,popup,3,1,2024,2024-07
2024-07-30,2024,R,643410,669016,FS,Split-Finger,,ball,L,R,PHI,NYY,82.70,,,,,,2,1,2024,2024-07
2024-07-30,2024,R,643410,669016,FS,Split-Finger,,ball,L,R,PHI,NYY,83.10,,,,,,1,1,2024,2024-07
2024-07-30,2024,R,643410,669016,FS,Split-Finger,,ball,L,R,PHI,NYY,84.60,,,,,,0,1,2024,2024-07
2024-07-30,2024,R,643410,669016,CU,Curveball,,called_strike,L,R,PHI,NYY,72.80,,,,,,0,0,2024,2024-07
2024-07-30,2024,R,643410,679032,SI,Sinker,single,hit_into_play,R,R,PHI,NYY,92.40,86.60,-21,123.25,165.95,ground_ball,2,1,2024,2024-07
2024-07-30,2024,R,643410,679032,SI,Sinker,,ball,R,R,PHI,NYY,92.50,,,,,,1,1,2024,2024-07
2024-07-30,2024,R,643410,679032,ST,Sweeper,,blocked_ball,R,R,PHI,NYY,79.90,,,,,,0,1,2024,2024-07
2024-07-30,2024,R,643410,679032,ST,Sweeper,,swinging_strike,R,R,PHI,NYY,81.20,,,,,,0,0,2024,2024-07
2024-07-30,2024,R,643410,681082,FC,Cutter,field_out,hit_into_play,L,R,PHI,NYY,89.20,91.00,30,80.96,74.85,fly_ball,0,0,2024,2024-07
2024-07-30,2024,R,647315,602104,SI,Sinker,single,hit_into_play,R,R,BAL,TOR,95.30,94.30,-27,109.56,157.70,ground_ball,2,1,2024,2024-07
2024-07-30,2024,R,647315,602104,SL,Slider,,ball,R,R,BAL,TOR,90.10,,,,,,1,1,2024,2024-07
2024-07-30,2024,R,647315,602104,SI,Sinker,,called_strike,R,R,BAL,TOR,95.10,,,,,,1,0,2024,2024-07
2024-07-30,2024,R,647315,602104,FC,Cutter,,ball,R,R,BAL,TOR,93.90,,,,,,0,0,2024,2024-07
2024-07-30,2024,R,647315,656775,SI,Sinker,walk,blocked_ball,L,R,BAL,TOR,96.20,,,,,,3,2,2024,2024-07
2024-07-30,2024,R,647315,656775,FC,Cutter,,ball,L,R,BAL,TOR,94.60,,,,,,2,2,2024,2024-07
2024-07-30,2024,R,647315,656775,FC,Cutter,,ball,L,R,BAL,TOR,94.30,,,,,,1,2,2024,2024-07
2024-07-30,2024,R,647315,656775,FC,Cutter,,swinging_strike,L,R,BAL,TOR,93.60,,,,,,1,1,2024,2024-07
2024-07-30,2024,R,647315,656775,FC,Cutter,,ball,L,R,BAL,TOR,94.80,,,,,,0,1,2024,2024-07
2024-07-30,2024,R,647315,656775,SI,Sinker,,foul,L,R,BAL,TOR,95.60,88.10,53,,,,0,0,2024,2024-07
2024-07-30,2024,R,647315,668939,SI,Sinker,field_out,hit_into_play,L,R,BAL,TOR,95.90,100.80,9,146.84,140.80,line_drive,0,1,2024,2024-07
2024-07-30,2024,R,647315,668939,SI,Sinker,,called_strike,L,R,BAL,TOR,96.00,,,,,,0,0,2024,2024-07
2024-07-30,2024,R,647315,676059,SI,Sinker,field_out,hit_into_play,R,R,BAL,TOR,95.60,81.00,-9,115.14,151.61,ground_ball,1,0,2024,2024-07
2024-07-30,2024,R,647315,676059,SI,Sinker,,ball,R,R,BAL,TOR,95.30,,,,,,0,0,2024,2024-07
2024-07-30,2024,R,647315,681297,FC,Cutter,field_out,hit_into_play,L,R,BAL,TOR,92.80,83.50,56,98.32,116.23,fly_ball,2,2,2024,2024-07
2024-07-30,2024,R,647315,681297,SI,Sinker,,called_strike,L,R,BAL,TOR,95.20,,,,,,2,1,2024,2024-07
2024-07-30,2024,R,647315,681297,FC,Cutter,,ball,L,R,BAL,TOR,92.90,,,,,,1,1,2024,2024-07
2024-07-30,2024,R,647315,681297,SI,Sinker,,foul,L,R,BAL,TOR,96.20,78.60,56,,,,1,0,2024,2024-07
2024-07-30,2024,R,647315,681297,SI,Sinker,,ball,L,R,BAL,TOR,96.30,,,,,,0,0,2024,2024-07
2024-07-30,2024,R,650671,453568,FF,4-Seam Fastball,field_out,hit_into_play,L,L,LAA,COL,92.30,77.60,71,124.02,167.17,popup,0,0,2024,2024-07
2024-07-30,2024,R,650671,641857,FF,4-Seam Fastball,field_out,hit_into_play,L,L,LAA,COL,92.70,89.30,25,207.68,99.06,line_drive,2,1,2024,2024-07
2024-07-30,2024,R,650671,641857,FF,4-Seam Fastball,,called_strike,L,L,LAA,COL,93.10,,,,,,2,0,2024,2024-07
2024-07-30,2024,R,650671,641857,FF,4-Seam Fastball,,ball,L,L,LAA,COL,93.10,,,,,,1,0,2024,2024-07
2024-07-30,2024,R,650671,641857,FF,4-Seam Fastball,,ball,L,L,LAA,COL,93.40,,,,,,0,0,2024,2024-07
2024-07-30,2024,R,650671,678662,FF,4-Seam Fastball,home_run,hit_into_play,R,L,LAA,COL,91.30,105.60,27,67.01,38.34,fly_ball,1,1,2024,2024-07
2024-07-30,2024,R,650671,678662,FF,4-Seam Fastball,,swinging_strike,R,L,LAA,COL,92.20,,,,,,1,0,2024,2024-07
2024-07-30,2024,R,650671,678662,CH,Changeup,,ball,R,L,LAA,COL,83.80,,,,,,0,0,2024,2024-07
2024-07-30,2024,R,650671,686668,FF,4-Seam Fastball,field_out,hit_into_play,R,L,LAA,COL,91.20,99.10,52,129.25,86.95,fly_ball,2,1,2024,2024-07
2024-07-30,2024,R,650671,686668,FF,4-Seam Fastball,,foul,R,L,LAA,COL,91.90,,,,,,2,0,2024,2024-07
2024-07-30,2024,R,650671,686668,FF,4-Seam Fastball,,ball,R,L,LAA,COL,91.40,,,,,,1,0,2024,2024-07
2024-07-30,2024,R,650671,686668,CH,Changeup,,ball,R,L,LAA,COL,81.80,,,,,,0,0,2024,2024-07
2024-07-30,2024,R,655889,624503,FF,4-Seam Fastball,strikeout,swinging_strike,L,R,TB,MIA,97.20,,,,,,2,2,2024,2024-07
2024-07-30,2024,R,655889,624503,SL,Slider,,foul,L,R,TB,MIA,91.20,80.30,69,,,,2,2,2024,2024-07
2024-07-30,2024,R,655889,624503,SI,Sinker,,ball,L,R,TB,MIA,98.40,,,,,,1,2,2024,2024-07
2024-07-30,2024,R,655889,624503,SL,Slider,,foul,L,R,TB,MIA,89.80,,,,,,1,2,2024,2024-07
2024-07-30,2024,R,655889,624503,FF,4-Seam Fastball,,foul,L,R,TB,MIA,98.00,78.80,52,,,,1,2,2024,2024-07
2024-07-30,2024,R,655889,624503,SL,Slider,,foul,L,R,TB,MIA,91.20,,,,,,1,2,2024,2024-07
2024-07-30,2024,R,655889,624503,SL,Slider,,ball,L,R,TB,MIA,91.00,,,,,,0,2,2024,2024-07
2024-07-30,2024,R,655889,624503,SL,Slider,,swinging_strike,L,R,TB,MIA,92.90,,,,,,0,1,2024,2024-07
2024-07-30,2024,R,655889,624503,FF,4-Seam Fastball,,foul,L,R,TB,MIA,97.10,86.20,71,,,,0,0,2024,2024-07
2024-07-30,2024,R,655889,660644,SI,Sinker,force_out,hit_into_play,L,R,TB,MIA,97.30,84.10,-20,136.92,150.63,ground_ball,2,1,2024,2024-07
2024-07-30,2024,R,655889,660644,FF,4-Seam Fastball,,ball,L,R,TB,MIA,96.70,,,,,,1,1,2024,2024-07
2024-07-30,2024,R,655889,660644,SL,Slider,,ball,L,R,TB,MIA,90.80,,,,,,0,1,2024,2024-07
2024-07-30,2024,R,655889,660644,FF,4-Seam Fastball,,called_strike,L,R,TB,MIA,96.50,,,,,,0,0,2024,2024-07
2024-07-30,2024,R,655889,672640,SL,Slider,force_out,hit_into_play,R,R,TB,MIA,89.80,32.80,41,125.28,178.46,ground_ball,0,2,2024,2024-07
2024-07-30,2024,R,655889,672640,SI,Sinker,,foul,R,R,TB,MIA,97.50,,,,,,0,1,2024,2024-07
2024-07-30,2024,R,655889,672640,SI,Sinker,,called_strike,R,R,TB,MIA,97.30,,,,,,0,0,2024,2024-07
2024-07-30,2024,R,655889,681146,SI,Sinker,hit_by_pitch,hit_by_pitch,R,R,TB,MIA,96.80,,,,,,2,1,2024,2024-07
2024-07-30,2024,R,655889,681146,SL,Slider,,ball,R,R,TB,MIA,89.80,,,,,,1,1,2024,2024-07
2024-07-30,2024,R,655889,681146,SI,Sinker,,ball,R,R,TB,MIA,95.10,,,,,,0,1,2024,2024-07
2024-07-30,2024,R,655889,681146,SI,Sinker,,called_strike,R,R,TB,MIA,97.20,,,,,,0,0,2024,2024-07
2024-07-30,2024,R,656234,641645,CU,Curveball,double,hit_into_play,L,R,LAA,COL,80.50,70.20,42,54.63,140.62,fly_ball,1,1,2024,2024-07
2024-07-30,2024,R,656234,641645,SI,Sinker,,ball,L,R,LAA,COL,96.20,,,,,,0,1,2024,2024-07
2024-07-30,2024,R,656234,641645,CU,Curveball,,called_strike,L,R,LAA,COL,82.10,,,,,,0,0,2024,2024-07
2024-07-30,2024,R,656234,642136,SI,Sinker,field_out,hit_into_play,L,R,LAA,COL,95.00,97.20,-21,145.81,134.73,ground_ball,0,0,2024,2024-07
2024-07-30,2024,R,656234,666160,SI,Sinker,field_out,hit_into_play,L,R,LAA,COL,96.70,104.50,20,58.79,70.72,line_drive,0,0,2024,2024-07
2024-07-30,2024,R,656234,666176,ST,Sweeper,home_run,hit_into_play,R,R,LAA,COL,84.70,109.10,27,85.08,25.58,fly_ball,2,2,2024,2024-07
2024-07-30,2024,R,656234,666176,FC,Cutter,,foul,R,R,LAA,COL,91.60,68.00,51,,,,2,1,2024,2024-07
2024-07-30,2024,R,656234,666176,SI,Sinker,,ball,R,R,LAA,COL,95.70,,,,,,1,1,2024,2024-07
2024-07-30,2024,R,656234,666176,ST,Sweeper,,ball,R,R,LAA,COL,84.90,,,,,,0,1,2024,2024-07
2024-07-30,2024,R,656234,666176,ST,Sweeper,,called_strike,R,R,LAA,COL,84.10,,,,,,0,0,2024,2024-07
2024-07-30,2024,R,656234,694384,CU,Curveball,strikeout,called_strike,L,R,LAA,COL,81.60,,,,,,3,2,2024,2024-07
2024-07-30,2024,R,656234,694384,ST,Sweeper,,ball,L,R,LAA,COL,83.10,,,,,,2,2,2024,2024-07
2024-07-30,2024,R,656234,694384,CU,Curveball,,foul,L,R,LAA,COL,82.70,27.60,8,,,,2,2,2024,2024-07
2024-07-30,2024,R,656234,694384,SI,Sinker,,foul,L,R,LAA,COL,96.90,66.00,39,,,,2,2,2024,2024-07
2024-07-30,2024,R,656234,694384,FC,Cutter,,foul,L,R,LAA,COL,90.20,81.90,-21,,,,2,1,2024,2024-07
2024-07-30,2024,R,656234,694384,CU,Curveball,,ball,L,R,LAA,COL,82.40,,,,,,1,1,2024,2024-07
2024-07-30,2024,R,656234,694384,ST,Sweeper,,ball,L,R,LAA,COL,83.40,,,,,,0,1,2024,2024-07
2024-07-30,2024,R,656234,694384,FC,Cutter,,called_strike,L,R,LAA,COL,90.90,,,,,,0,0,2024,2024-07
2024-07-30,2024,R,656288,453568,CH,Changeup,strikeout,swinging_strike,L,R,LAA,COL,87.90,,,,,,3,2,2024,2024-07
2024-07-30,2024,R,656288,453568,FF,4-Seam Fastball,,ball,L,R,LAA,COL,91.50,,,,,,2,2,2024,2024-07
2024-07-30,2024,R,656288,453568,CH,Changeup,,foul,L,R,LAA,COL,88.00,59.90,-35,,,,2,1,2024,2024-07
2024-07-30,2024,R,656288,453568,FF,4-Seam Fastball,,ball,L,R,LAA,COL,92.10,,,,,,1,1,2024,2024-07
2024-07-30,2024,R,656288,453568,FF,4-Seam Fastball,,ball,L,R,LAA,COL,92.40,,,,,,0,1,2024,2024-07
2024-07-30,2024,R,656288,453568,CH,Changeup,,swinging_strike,L,R,LAA,COL,87.70,,,,,,0,0,2024,2024-07
2024-07-30,2024,R,656288,453568,SL,Slider,single,hit_into_play,L,R,LAA,COL,88.00,98.60,11,181.56,119.93,line_drive,1,2,2024,2024-07
2024-07-30,2024,R,656288,453568,CH,Changeup,,ball,L,R,LAA,COL,88.50,,,,,,0,2,2024,2024-07
2024-07-30,2024,R,656288,453568,FF,4-Seam Fastball,,foul,L,R,LAA,COL,93.80,80.20,52,,,,0,1,2024,2024-07
2024-07-30,2024,R,656288,453568,FF,4-Seam Fastball,,called_strike,L,R,LAA,COL,93.80,,,,,,0,0,2024,2024-07
2024-07-30,2024,R,656288,453568,KC,Knuckle Curve,single,hit_into_play,L,R,LAA,COL,80.90,103.60,9,119.40,67.56,line_drive,0,1,2024,2024-07
2024-07-30,2024,R,656288,453568,FF,4-Seam Fastball,,called_strike,L,R,LAA,COL,93.00,,,,,,0,0,2024,2024-07
2024-07-30,2024,R,656288,553869,CH,Changeup,field_out,hit_into_play,R,R,LAA,COL,89.50,82.80,-16,103.42,168.38,ground_ball,1,2,2024,2024-07
2024-07-30,2024,R,656288,553869,SL,Slider,,foul,R,R,LAA,COL,86.90,34.10,-38,,,,1,2,2024,2024-07
2024-07-30,2024,R,656288,553869,FF,4-Seam Fastball,,called_strike,R,R,LAA,COL,92.90,,,,,,1,1,2024,2024-07
2024-07-30,2024,R,656288,553869,SL,Slider,,foul,R,R,LAA,COL,87.40,76.30,-27,,,,1,0,2024,2024-07
2024-07-30,2024,R,656288,553869,CH,Changeup,,ball,R,R,LAA,COL,88.50,,,,,,0,0,2024,2024-07
2024-07-30,2024,R,656288,553869,SI,Sinker,field_out,hit_into_play,R,R,LAA,COL,92.20,108.30,16,128.26,73.90,line_drive,1,1,2024,2024-07
2024-07-30,2024,R,656288,553869,SI,Sinker,,ball,R,R,LAA,COL,93.10,,,,,,0,1,2024,2024-07
2024-07-30,2024,R,656288,553869,SL,Slider,,called_strike,R,R,LAA,COL,85.90,,,,,,0,0,2024,2024-07
2024-07-30,2024,R,656288,553869,CH,Changeup,single,hit_into_play,R,R,LAA,COL,88.90,108.60,-1,117.32,186.23,ground_ball,2,2,2024,2024-07
2024-07-30,2024,R,656288,553869,CH,Changeup,,ball,R,R,LAA,COL,87.90,,,,,,1,2,2024,2024-07
2024-07-30,2024,R,656288,553869,FF,4-Seam Fastball,,ball,R,R,LAA,COL,93.20,,,,,,0,2,2024,2024-07
2024-07-30,2024,R,656288,553869,CH,Changeup,,foul,R,R,LAA,COL,88.50,77.30,-21,,,,0,1,2024,2024-07
2024-07-30,2024,R,656288,553869,FF,4-Seam Fastball,,called_strike,R,R,LAA,COL,92.70,,,,,,0,0,2024,2024-07
2024-07-30,2024,R,656288,592178,FF,4-Seam Fastball,field_out,hit_into_play,R,R,LAA,COL,92.50,87.50,54,187.02,132.27,fly_ball,0,2,2024,2024-07
2024-07-30,2024,R,656288,592178,CH,Changeup,,swinging_strike,R,R,LAA,COL,88.50,,,,,,0,1,2024,2024-07
2024-07-30,2024,R,656288,592178,KC,Knuckle Curve,,called_strike,R,R,LAA,COL,80.40,,,,,,0,0,2024,2024-07
2024-07-30,2024,R,656288,592178,FF,4-Seam Fastball,strikeout,swinging_strike,R,R,LAA,COL,93.00,,,,,,2,2,2024,2024-07
2024-07-30,2024,R,656288,592178,CH,Changeup,,foul,R,R,LAA,COL,87.70,81.90,-39,,,,2,2,2024,2024-07
2024-07-30,2024,R,656288,592178,SL,Slider,,ball,R,R,LAA,COL,86.50,,,,,,1,2,2024,2024-07
2024-07-30,2024,R,656288,592178,FF,4-Seam Fastball,,foul,R,R,LAA,COL,91.90,69.00,54,,,,1,1,2024,2024-07
2024-07-30,2024,R,656288,592178,FF,4-Seam Fastball,,ball,R,R,LAA,COL,92.90,,,,,,0,1,2024,2024-07
2024-07-30,2024,R,656288,592178,KC,Knuckle Curve,,called_strike,R,R,LAA,COL,79.10,,,,,,0,0,2024,2024-07
2024-07-30,2024,R,656288,592178,FF,4-Seam Fastball,sac_fly,hit_into_play,R,R,LAA,COL,94.10,91.90,26,164.99,68.56,fly_ball,1,0,2024,2024-07
2024-07-30,2024,R,656288,592178,FF,4-Seam Fastball,,ball,R,R,LAA,COL,93.50,,,,,,0,0,2024,2024-07
2024-07-30,2024,R,656288,595909,CH,Changeup,field_out,hit_into_play,L,R,LAA,COL,89.00,93.90,8,124.91,139.39,line_drive,1,2,2024,2024-07
2024-07-30,2024,R,656288,595909,SL,Slider,,foul,L,R,LAA,COL,86.60,90.00,-27,,,,1,1,2024,2024-07
2024-07-30,2024,R,656288,595909,CH,Changeup,,foul,L,R,LAA,COL,88.20,109.10,-34,,,,1,0,2024,2024-07
2024-07-30,2024,R,656288,595909,FF,4-Seam Fastball,,ball,L,R,LAA,COL,92.30,,,,,,0,0,2024,2024-07
2024-07-30,2024,R,656288,595909,FF,4-Seam Fastball,field_out,hit_into_play,L,R,LAA,COL,91.60,103.80,38,101.71,44.39,fly_ball,1,1,2024,2024-07
2024-07-30,2024,R,656288,595909,CH,Changeup,,swinging_strike,L,R,LAA,COL,88.40,,,,,,1,0,2024,2024-07
2024-07-30,2024,R,656288,595909,KC,Knuckle Curve,,ball,L,R,LAA,COL,78.90,,,,,,0,0,2024,2024-07
2024-07-30,2024,R,656288,595909,SL,Slider,strikeout,swinging_strike,L,R,LAA,COL,88.00,,,,,,1,2,2024,2024-07
2024-07-30,2024,R,656288,595909,SL,Slider,,ball,L,R,LAA,COL,87.20,,,,,,0,2,2024,2024-07
2024-07-30,2024,R,656288,595909,FF,4-Seam Fastball,,foul,L,R,LAA,COL,94.80,81.30,64,,,,0,1,2024,2024-07
2024-07-30,2024,R,656288,595909,CH,Changeup,,swinging_strike,L,R,LAA,COL,88.70,,,,,,0,0,2024,2024-07
2024-07-30,2024,R,656288,641857,CH,Changeup,field_out,hit_into_play,L,R,LAA,COL,88.10,94.60,-24,141.83,139.57,ground_ball,2,2,2024,2024-07
2024-07-30,2024,R,656288,641857,FF,4-Seam Fastball,,foul,L,R,LAA,COL,91.80,84.20,34,,,,2,1,2024,2024-07
2024-07-30,2024,R,656288,641857,FF,4-Seam Fastball,,ball,L,R,LAA,COL,91.50,,,,,,1,1,2024,2024-07
2024-07-30,2024,R,656288,641857,CH,Changeup,,ball,L,R,LAA,COL,86.80,,,,,,0,1,2024,2024-07
2024-07-30,2024,R,656288,641857,FF,4-Seam Fastball,,called_strike,L,R,LAA,COL,91.70,,,,,,0,0,2024,2024-07
2024-07-30,2024,R,656288,641857,SL,Slider,home_run,hit_into_play,L,R,LAA,COL,86.10,100.30,32,23.67,94.61,fly_ball,0,0,2024,2024-07
2024-07-30,2024,R,656288,641857,CH,Changeup,walk,ball,L,R,LAA,COL,88.30,,,,,,3,2,2024,2024-07
2024-07-30,2024,R,656288,641857,CH,Changeup,,ball,L,R,LAA,COL,88.90,,,,,,2,2,2024,2024-07
2024-07-30,2024,R,656288,641857,FF,4-Seam Fastball,,ball,L,R,LAA,COL,93.80,,,,,,1,2,2024,2024-07
2024-07-30,2024,R,656288,641857,CH,Changeup,,swinging_strike_blocked,L,R,LAA,COL,88.50,,,,,,1,1,2024,2024-07
2024-07-30,2024,R,656288,641857,SL,Slider,,ball,L,R,LAA,COL,87.50,,,,,,0,1,2024,2024-07
2024-07-30,2024,R,656288,641857,SL,Slider,,swinging_strike,L,R,LAA,COL,87.00,,,,,,0,0,2024,2024-07
2024-07-30,2024,R,656288,656541,SL,Slider,field_out,hit_into_play,L,R,LAA,COL,86.20,89.60,39,53.22,105.28,fly_ball,2,2,2024,2024-07
2024-07-30,2024,R,656288,656541,FF,4-Seam Fastball,,ball,L,R,LAA,COL,91.30,,,,,,1,2,2024,2024-07
2024-07-30,2024,R,656288,656541,CH,Changeup,,swinging_strike,L,R,LAA,COL,87.10,,,,,,1,1,2024,2024-07
2024-07-30,2024,R,656288,656541,CH,Changeup,,called_strike,L,R,LAA,COL,86.90,,,,,,1,0,2024,2024-07
2024-07-30,2024,R,656288,656541,FF,4-Seam Fastball,,ball,L,R,LAA,COL,90.00,,,,,,0,0,2024,2024-07
2024-07-30,2024,R,656288,656541,FF,4-Seam Fastball,walk,ball,L,R,LAA,COL,92.70,,,,,,3,2,2024,2024-07
2024-07-30,2024,R,656288,656541,SL,Slider,,foul,L,R,LAA,COL,87.40,72.30,16,,,,3,2,2024,2024-07
2024-07-30,2024,R,656288,656541,SL,Slider,,foul,L,R,LAA,COL,87.60,89.90,-33,,,,3,2,2024,2024-07
2024-07-30,2024,R,656288,656541,CH,Changeup,,swinging_strike,L,R,LAA,COL,88.60,,,,,,3,1,2024,2024-07
2024-07-30,2024,R,656288,656541,FF,4-Seam Fastball,,ball,L,R,LAA,COL,92.90,,,,,,2,1,2024,2024-07
2024-07-30,2024,R,656288,656541,CH,Changeup,,ball,L,R,LAA,COL,87.80,,,,,,1,1,2024,2024-07
2024-07-30,2024,R,656288,656541,SL,Slider,,swinging_strike_blocked,L,R,LAA,COL,87.70,,,,,,1,0,2024,2024-07
2024-07-30,2024,R,656288,656541,CH,Changeup,,ball,L,R,LAA,COL,88.10,,,,,,0,0,2024,2024-07
2024-07-30,2024,R,656288,663898,CH,Changeup,field_out,hit_into_play,R,R,LAA,COL,88.70,97.40,-19,94.34,165.36,ground_ball,3,1,2024,2024-07
2024-07-30,2024,R,656288,663898,CH,Changeup,,ball,R,R,LAA,COL,88.50,,,,,,2,1,2024,2024-07
2024-07-30,2024,R,656288,663898,SL,Slider,,ball,R,R,LAA,COL,87.60,,,,,,1,1,2024,2024-07
2024-07-30,2024,R,656288,663898,SL,Slider,,ball,R,R,LAA,COL,87.60,,,,,,0,1,2024,2024-07
2024-07-30,2024,R,656288,663898,CH,Changeup,,foul,R,R,LAA,COL,88.20,,,,,,0,0,2024,2024-07
2024-07-30,2024,R,656288,663898,CH,Changeup,strikeout,called_strike,R,R,LAA,COL,88.40,,,,,,0,2,2024,2024-07
2024-07-30,2024,R,656288,663898,FF,4-Seam Fastball,,foul,R,R,LAA,COL,93.30,76.60,26,,,,0,1,2024,2024-07
2024-07-30,2024,R,656288,663898,SL,Slider,,foul,R,R,LAA,COL,86.60,92.70,25,,,,0,0,2024,2024-07
2024-07-30,2024,R,656288,663898,FF,4-Seam Fastball,double,hit_into_play,R,R,LAA,COL,93.20,85.40,21,48.55,126.40,line_drive,0,0,2024,2024-07
2024-07-30,2024,R,656288,669911,CH,Changeup,field_out,hit_into_play,L,R,LAA,COL,86.90,77.10,29,162.93,97.46,line_drive,0,0,2024,2024-07
2024-07-30,2024,R,656288,669911,FF,4-Seam Fastball,field_out,hit_into_play,L,R,LAA,COL,91.90,94.20,41,173.13,79.78,fly_ball,1,1,2024,2024-07
2024-07-30,2024,R,656288,669911,FF,4-Seam Fastball,,foul,L,R,LAA,COL,92.20,77.60,53,,,,1,0,2024,2024-07
2024-07-30,2024,R,656288,669911,FF,4-Seam Fastball,,ball,L,R,LAA,COL,90.80,,,,,,0,0,2024,2024-07
2024-07-30,2024,R,656288,669911,SL,Slider,strikeout,swinging_strike,L,R,LAA,COL,88.50,,,,,,3,2,2024,2024-07
2024-07-30,2024,R,656288,669911,FF,4-Seam Fastball,,ball,L,R,LAA,COL,93.50,,,,,,2,2,2024,2024-07
2024-07-30,2024,R,656288,669911,CH,Changeup,,foul,L,R,LAA,COL,89.10,67.80,40,,,,2,2,2024,2024-07
2024-07-30,2024,R,656288,669911,SL,Slider,,blocked_ball,L,R,LAA,COL,88.20,,,,,,1,2,2024,2024-07
2024-07-30,2024,R,656288,669911,FF,4-Seam Fastball,,swinging_strike,L,R,LAA,COL,93.40,,,,,,1,1,2024,2024-07
2024-07-30,2024,R,656288,669911,CH,Changeup,,ball,L,R,LAA,COL,89.90,,,,,,0,1,2024,2024-07
2024-07-30,2024,R,656288,669911,KC,Knuckle Curve,,called_strike,L,R,LAA,COL,80.40,,,,,,0,0,2024,2024-07
2024-07-30,2024,R,656288,678662,SL,Slider,strikeout,swinging_strike,R,R,LAA,COL,86.00,,,,,,0,2,2024,2024-07
2024-07-30,2024,R,656288,678662,FF,4-Seam Fastball,,foul,R,R,LAA,COL,92.60,85.60,-31,,,,0,1,2024,2024-07
2024-07-30,2024,R,656288,678662,KC,Knuckle Curve,,swinging_strike,R,R,LAA,COL,79.90,,,,,,0,0,2024,2024-07
2024-07-30,2024,R,656288,678662,SL,Slider,sac_fly,hit_into_play,R,R,LAA,COL,87.60,95.80,42,151.81,72.63,fly_ball,0,0,2024,2024-07
2024-07-30,2024,R,656288,678662,FF,4-Seam Fastball,single,hit_into_play,R,R,LAA,COL,93.10,106.30,1,76.56,125.39,ground_ball,0,0,2024,2024-07
2024-07-30,2024,R,656412,595978,SI,Sinker,sac_bunt,hit_into_play,R,R,DET,CLE,93.10,15.90,-13,125.81,200.06,ground_ball,2,0,2024,2024-07
2024-07-30,2024,R,656412,595978,SL,Slider,,ball,R,R,DET,CLE,82.70,,,,,,1,0,2024,2024-07
2024-07-30,2024,R,656412,595978,SL,Slider,,ball,R,R,DET,CLE,83.50,,,,,,0,0,2024,2024-07
2024-07-30,2024,R,656412,608070,CH,Changeup,field_out,hit_into_play,L,R,DET,CLE,89.70,91.00,18,119.42,76.19,line_drive,0,2,2024,2024-07
2024-07-30,2024,R,656412,608070,FF,4-Seam Fastball,,called_strike,L,R,DET,CLE,94.20,,,,,,0,1,2024,2024-07
2024-07-30,2024,R,656412,608070,FF,4-Seam Fastball,,called_strike,L,R,DET,CLE,94.20,,,,,,0,0,2024,2024-07
2024-07-30,2024,R,656412,647304,FF,4-Seam Fastball,home_run,hit_into_play,L,R,DET,CLE,94.20,99.00,40,230.76,92.50,fly_ball,3,2,2024,2024-07
2024-07-30,2024,R,656412,647304,SL,Slider,,called_strike,L,R,DET,CLE,83.40,,,,,,3,1,2024,2024-07
2024-07-30,2024,R,656412,647304,FF,4-Seam Fastball,,called_strike,L,R,DET,CLE,94.40,,,,,,3,0,2024,2024-07
2024-07-30,2024,R,656412,647304,CH,Changeup,,ball,L,R,DET,CLE,88.90,,,,,,2,0,2024,2024-07
2024-07-30,2024,R,656412,647304,FF,4-Seam Fastball,,ball,L,R,DET,CLE,94.80,,,,,,1,0,2024,2024-07
2024-07-30,2024,R,656412,647304,CH,Changeup,,ball,L,R,DET,CLE,89.50,,,,,,0,0,2024,2024-07
2024-07-30,2024,R,656412,657041,SI,Sinker,strikeout,swinging_strike,R,R,DET,CLE,93.70,,,,,,2,2,2024,2024-07
2024-07-30,2024,R,656412,657041,FF,4-Seam Fastball,,foul,R,R,DET,CLE,93.70,,,,,,2,2,2024,2024-07
2024-07-30,2024,R,656412,657041,FF,4-Seam Fastball,,ball,R,R,DET,CLE,94.10,,,,,,1,2,2024,2024-07
2024-07-30,2024,R,656412,657041,SL,Slider,,foul,R,R,DET,CLE,82.90,70.90,61,,,,1,2,2024,2024-07
2024-07-30,2024,R,656412,657041,SL,Slider,,ball,R,R,DET,CLE,83.20,,,,,,0,2,2024,2024-07
2024-07-30,2024,R,656412,657041,SL,Slider,,called_strike,R,R,DET,CLE,82.80,,,,,,0,1,2024,2024-07
2024-07-30,2024,R,656412,657041,SI,Sinker,,foul,R,R,DET,CLE,93.90,104.10,-32,,,,0,0,2024,2024-07
2024-07-30,2024,R,656412,665926,FF,4-Seam Fastball,field_out,hit_into_play,L,R,DET,CLE,95.50,96.00,10,128.35,128.66,line_drive,1,2,2024,2024-07
2024-07-30,2024,R,656412,665926,FF,4-Seam Fastball,,called_strike,L,R,DET,CLE,93.30,,,,,,1,1,2024,2024-07
2024-07-30,2024,R,656412,665926,FF,4-Seam Fastball,,called_strike,L,R,DET,CLE,93.50,,,,,,1,0,2024,2024-07
2024-07-30,2024,R,656412,665926,CH,Changeup,,ball,L,R,DET,CLE,90.30,,,,,,0,0,2024,2024-07
2024-07-30,2024,R,656412,671289,SL,Slider,hit_by_pitch,hit_by_pitch,R,R,DET,CLE,81.30,,,,,,0,0,2024,2024-07
2024-07-30,2024,R,656412,682177,FF,4-Seam Fastball,double,hit_into_play,L,R,DET,CLE,92.90,93.00,15,191.00,132.09,line_drive,1,0,2024,2024-07
2024-07-30,2024,R,656412,682177,CH,Changeup,,ball,L,R,DET,CLE,88.30,,,,,,0,0,2024,2024-07
2024-07-30,2024,R,656412,682657,SL,Slider,field_out,hit_into_play,L,R,DET,CLE,83.10,71.30,76,96.44,194.64,popup,1,1,2024,2024-07
2024-07-30,2024,R,656412,682657,SL,Slider,,ball,L,R,DET,CLE,83.30,,,,,,0,1,2024,2024-07
2024-07-30,2024,R,656412,682657,FF,4-Seam Fastball,,called_strike,L,R,DET,CLE,93.80,,,,,,0,0,2024,2024-07
2024-07-30,2024,R,656546,518934,SL,Slider,field_out,hit_into_play,R,R,PHI,NYY,86.40,79.40,72,73.89,162.89,popup,0,1,2024,2024-07
2024-07-30,2024,R,656546,518934,SI,Sinker,,foul,R,R,PHI,NYY,98.10,,,,,,0,0,2024,2024-07
2024-07-30,2024,R,656546,592450,SL,Slider,single,hit_into_play,R,R,PHI,NYY,87.50,68.60,24,157.85,105.81,line_drive,1,2,2024,2024-07
2024-07-30,2024,R,656546,592450,FS,Split-Finger,,foul,R,R,PHI,NYY,89.20,103.80,0,,,,1,2,2024,2024-07
2024-07-30,2024,R,656546,592450,FF,4-Seam Fastball,,foul,R,R,PHI,NYY,98.50,92.60,64,,,,1,1,2024,2024-07
2024-07-30,2024,R,656546,592450,SL,Slider,,ball,R,R,PHI,NYY,86.60,,,,,,0,1,2024,2024-07
2024-07-30,2024,R,656546,592450,SL,Slider,,called_strike,R,R,PHI,NYY,86.80,,,,,,0,0,2024,2024-07
2024-07-30,2024,R,656546,650402,SL,Slider,field_out,hit_into_play,R,R,PHI,NYY,87.00,70.90,41,192.36,139.68,fly_ball,0,0,2024,2024-07
2024-07-30,2024,R,656546,657077,FF,4-Seam Fastball,sac_fly,hit_into_play,L,R,PHI,NYY,97.70,90.70,22,117.15,71.43,line_drive,0,0,2024,2024-07
2024-07-30,2024,R,656546,663757,FS,Split-Finger,field_out,hit_into_play,L,R,PHI,NYY,91.50,97.60,-1,144.63,148.13,ground_ball,1,1,2024,2024-07
2024-07-30,2024,R,656546,663757,FF,4-Seam Fastball,,ball,L,R,PHI,NYY,97.00,,,,,,0,1,2024,2024-07
2024-07-30,2024,R,656546,663757,SL,Slider,,called_strike,L,R,PHI,NYY,86.20,,,,,,0,0,2024,2024-07
2024-07-30,2024,R,656546,665742,FF,4-Seam Fastball,single,hit_into_play,L,R,PHI,NYY,97.20,96.30,3,126.00,204.50,ground_ball,0,0,2024,2024-07
2024-07-30,2024,R,656546,669224,FS,Split-Finger,strikeout,swinging_strike,L,R,PHI,NYY,91.20,,,,,,0,2,2024,2024-07
2024-07-30,2024,R,656546,669224,FS,Split-Finger,,swinging_strike,L,R,PHI,NYY,91.60,,,,,,0,1,2024,2024-07
2024-07-30,2024,R,656546,669224,SL,Slider,,called_strike,L,R,PHI,NYY,86.40,,,,,,0,0,2024,2024-07
2024-07-30,2024,R,656546,683011,FF,4-Seam Fastball,field_out,hit_into_play,R,R,PHI,NYY,98.40,97.30,27,201.24,80.65,fly_ball,0,2,2024,2024-07
2024-07-30,2024,R,656546,683011,SL,Slider,,swinging_strike,R,R,PHI,NYY,88.40,,,,,,0,1,2024,2024-07
2024-07-30,2024,R,656546,683011,SL,Slider,,called_strike,R,R,PHI,NYY,87.50,,,,,,0,0,2024,2024-07
2024-07-30,2024,R,657006,600869,SL,Slider,field_out,hit_into_play,R,L,CIN,CHC,82.60,92.30,7,94.93,158.27,line_drive,2,2,2024,2024-07
2024-07-30,2024,R,657006,600869,SL,Slider,,ball,R,L,CIN,CHC,83.50,,,,,,1,2,2024,2024-07
2024-07-30,2024,R,657006,600869,FF,4-Seam Fastball,,foul,R,L,CIN,CHC,92.30,67.10,39,,,,1,1,2024,2024-07
2024-07-30,2024,R,657006,600869,SL,Slider,,foul,R,L,CIN,CHC,82.70,91.80,-9,,,,1,0,2024,2024-07
2024-07-30,2024,R,657006,600869,FF,4-Seam Fastball,,ball,R,L,CIN,CHC,90.50,,,,,,0,0,2024,2024-07
2024-07-30,2024,R,657006,600869,SL,Slider,force_out,hit_into_play,R,L,CIN,CHC,80.90,96.90,-1,114.59,154.36,ground_ball,0,1,2024,2024-07
2024-07-30,2024,R,657006,600869,SL,Slider,,called_strike,R,L,CIN,CHC,80.90,,,,,,0,0,2024,2024-07
2024-07-30,2024,R,657006,600869,FF,4-Seam Fastball,walk,ball,R,L,CIN,CHC,91.60,,,,,,3,2,2024,2024-07
2024-07-30,2024,R,657006,600869,FF,4-Seam Fastball,,foul,R,L,CIN,CHC,93.80,74.60,44,,,,3,2,2024,2024-07
2024-07-30,2024,R,657006,600869,SL,Slider,,ball,R,L,CIN,CHC,82.50,,,,,,2,2,2024,2024-07
2024-07-30,2024,R,657006,600869,FF,4-Seam Fastball,,ball,R,L,CIN,CHC,93.30,,,,,,1,2,2024,2024-07
2024-07-30,2024,R,657006,600869,SL,Slider,,foul,R,L,CIN,CHC,83.80,82.30,9,,,,1,2,2024,2024-07
2024-07-30,2024,R,657006,600869,SL,Slider,,foul,R,L,CIN,CHC,82.10,31.50,-43,,,,1,1,2024,2024-07
2024-07-30,2024,R,657006,600869,SL,Slider,,ball,R,L,CIN,CHC,82.90,,,,,,0,1,2024,2024-07
2024-07-30,2024,R,657006,600869,FF,4-Seam Fastball,,foul,R,L,CIN,CHC,91.50,90.00,-4,,,,0,0,2024,2024-07
2024-07-30,2024,R,657006,656413,SL,Slider,field_out,hit_into_play,R,L,CIN,CHC,84.30,96.50,21,67.89,117.37,line_drive,1,2,2024,2024-07
2024-07-30,2024,R,657006,656413,SL,Slider,,foul,R,L,CIN,CHC,82.40,91.70,11,,,,1,1,2024,2024-07
2024-07-30,2024,R,657006,656413,FF,4-Seam Fastball,,foul,R,L,CIN,CHC,91.90,98.70,-5,,,,1,0,2024,2024-07
2024-07-30,2024,R,657006,656413,FF,4-Seam Fastball,,ball,R,L,CIN,CHC,90.00,,,,,,0,0,2024,2024-07
2024-07-30,2024,R,657006,656413,FF,4-Seam Fastball,strikeout,swinging_strike,R,L,CIN,CHC,92.00,,,,,,3,2,2024,2024-07
2024-07-30,2024,R,657006,656413,SL,Slider,,ball,R,L,CIN,CHC,82.70,,,,,,2,2,2024,2024-07
2024-07-30,2024,R,657006,656413,CU,Curveball,,ball,R,L,CIN,CHC,78.80,,,,,,1,2,2024,2024-07
2024-07-30,2024,R,657006,656413,FF,4-Seam Fastball,,foul,R,L,CIN,CHC,92.60,68.40,21,,,,1,2,2024,2024-07
2024-07-30,2024,R,657006,656413,SL,Slider,,foul,R,L,CIN,CHC,83.70,77.90,-22,,,,1,2,2024,2024-07
2024-07-30,2024,R,657006,656413,SL,Slider,,foul,R,L,CIN,CHC,82.90,62.50,73,,,,1,2,2024,2024-07
2024-07-30,2024,R,657006,656413,SL,Slider,,foul,R,L,CIN,CHC,81.70,79.20,13,,,,1,1,2024,2024-07
2024-07-30,2024,R,657006,656413,CH,Changeup,,ball,R,L,CIN,CHC,86.20,,,,,,0,1,2024,2024-07
2024-07-30,2024,R,657006,656413,SL,Slider,,called_strike,R,L,CIN,CHC,81.60,,,,,,0,0,2024,2024-07
2024-07-30,2024,R,657006,656413,FF,4-Seam Fastball,strikeout,swinging_strike,R,L,CIN,CHC,91.70,,,,,,0,2,2024,2024-07
2024-07-30,2024,R,657006,656413,SL,Slider,,foul,R,L,CIN,CHC,82.30,92.90,34,,,,0,1,2024,2024-07
2024-07-30,2024,R,657006,656413,SL,Slider,,called_strike,R,L,CIN,CHC,82.10,,,,,,0,0,2024,2024-07
2024-07-30,2024,R,657006,663697,FF,4-Seam Fastball,sac_bunt,hit_into_play,R,L,CIN,CHC,90.70,40.20,17,140.75,169.84,ground_ball,0,0,2024,2024-07
2024-07-30,2024,R,657006,663697,FF,4-Seam Fastball,double,hit_into_play,R,L,CIN,CHC,92.20,95.20,24,78.04,64.94,line_drive,1,0,2024,2024-07
2024-07-30,2024,R,657006,663697,SL,Slider,,ball,R,L,CIN,CHC,83.00,,,,,,0,0,2024,2024-07
2024-07-30,2024,R,657006,663697,FF,4-Seam Fastball,walk,ball,R,L,CIN,CHC,92.20,,,,,,3,2,2024,2024-07
2024-07-30,2024,R,657006,663697,SL,Slider,,ball,R,L,CIN,CHC,82.40,,,,,,2,2,2024,2024-07
2024-07-30,2024,R,657006,663697,SL,Slider,,foul,R,L,CIN,CHC,82.60,63.40,-17,,,,2,2,2024,2024-07
2024-07-30,2024,R,657006,663697,FF,4-Seam Fastball,,foul,R,L,CIN,CHC,91.10,92.80,-21,,,,2,1,2024,2024-07
2024-07-30,2024,R,657006,663697,CH,Changeup,,ball,R,L,CIN,CHC,85.00,,,,,,1,1,2024,2024-07
2024-07-30,2024,R,657006,663697,FF,4-Seam Fastball,,ball,R,L,CIN,CHC,91.20,,,,,,0,1,2024,2024-07
2024-07-30,2024,R,657006,663697,FF,4-Seam Fastball,,foul,R,L,CIN,CHC,90.70,,,,,,0,0,2024,2024-07
2024-07-30,2024,R,657006,663886,FF,4-Seam Fastball,field_out,hit_into_play,R,L,CIN,CHC,90.90,89.00,-27,113.98,156.18,ground_ball,1,1,2024,2024-07
2024-07-30,2024,R,657006,663886,SL,Slider,,foul,R,L,CIN,CHC,82.60,69.50,18,,,,1,0,2024,2024-07
2024-07-30,2024,R,657006,663886,CH,Changeup,,ball,R,L,CIN,CHC,84.90,,,,,,0,0,2024,2024-07
2024-07-30,2024,R,657006,663886,SL,Slider,single,hit_into_play,R,L,CIN,CHC,80.80,96.80,14,89.33,82.98,line_drive,0,0,2024,2024-07
2024-07-30,2024,R,657006,663886,FF,4-Seam Fastball,single,hit_into_play,R,L,CIN,CHC,91.60,105.10,14,142.88,68.43,line_drive,0,0,2024,2024-07
2024-07-30,2024,R,657006,668715,FF,4-Seam Fastball,strikeout,called_strike,R,L,CIN,CHC,92.90,,,,,,2,2,2024,2024-07
2024-07-30,2024,R,657006,668715,CH,Changeup,,blocked_ball,R,L,CIN,CHC,87.70,,,,,,1,2,2024,2024-07
2024-07-30,2024,R,657006,668715,SL,Slider,,foul,R,L,CIN,CHC,84.20,101.70,6,,,,1,2,2024,2024-07
2024-07-30,2024,R,657006,668715,SL,Slider,,swinging_strike,R,L,CIN,CHC,83.80,,,,,,1,1,2024,2024-07
2024-07-30,2024,R,657006,668715,FF,4-Seam Fastball,,foul,R,L,CIN,CHC,92.10,68.90,60,,,,1,0,2024,2024-07
2024-07-30,2024,R,657006,668715,SL,Slider,,ball,R,L,CIN,CHC,82.30,,,,,,0,0,2024,2024-07
2024-07-30,2024,R,657006,668715,SL,Slider,strikeout,swinging_strike,R,L,CIN,CHC,82.00,,,,,,0,2,2024,2024-07
2024-07-30,2024,R,657006,668715,CH,Changeup,,foul,R,L,CIN,CHC,86.10,68.90,22,,,,0,1,2024,2024-07
2024-07-30,2024,R,657006,668715,FF,4-Seam Fastball,,foul,R,L,CIN,CHC,91.30,69.50,58,,,,0,0,2024,2024-07
2024-07-30,2024,R,657006,668715,FF,4-Seam Fastball,field_out,hit_into_play,R,L,CIN,CHC,91.90,84.60,62,184.93,145.87,fly_ball,1,0,2024,2024-07
2024-07-30,2024,R,657006,668715,FF,4-Seam Fastball,,ball,R,L,CIN,CHC,92.10,,,,,,0,0,2024,2024-07
2024-07-30,2024,R,657006,669289,FF,4-Seam Fastball,double,hit_into_play,R,L,CIN,CHC,91.40,84.40,-6,62.00,137.00,ground_ball,0,0,2024,2024-07
2024-07-30,2024,R,657006,669289,FF,4-Seam Fastball,home_run,hit_into_play,R,L,CIN,CHC,92.70,93.30,37,224.21,101.07,fly_ball,1,1,2024,2024-07
2024-07-30,2024,R,657006,669289,SL,Slider,,ball,R,L,CIN,CHC,81.20,,,,,,0,1,2024,2024-07
2024-07-30,2024,R,657006,669289,SL,Slider,,swinging_strike,R,L,CIN,CHC,82.00,,,,,,0,0,2024,2024-07
2024-07-30,2024,R,657006,670770,FF,4-Seam Fastball,walk,ball,L,L,CIN,CHC,90.60,,,,,,3,0,2024,2024-07
2024-07-30,2024,R,657006,670770,,,,automatic_ball,L,L,CIN,CHC,,,,,,,2,0,2024,2024-07
2024-07-30,2024,R,657006,670770,FF,4-Seam Fastball,,ball,L,L,CIN,CHC,91.40,,,,,,1,0,2024,2024-07
2024-07-30,2024,R,657006,670770,FF,4-Seam Fastball,,ball,L,L,CIN,CHC,91.70,,,,,,0,0,2024,2024-07
2024-07-30,2024,R,657006,670770,SL,Slider,strikeout,swinging_strike,L,L,CIN,CHC,83.50,,,,,,3,2,2024,2024-07
2024-07-30,2024,R,657006,670770,FF,4-Seam Fastball,,foul,L,L,CIN,CHC,92.70,68.50,54,,,,3,2,2024,2024-07
2024-07-30,2024,R,657006,670770,SL,Slider,,foul,L,L,CIN,CHC,82.50,105.20,14,,,,3,2,2024,2024-07
2024-07-30,2024,R,657006,670770,SL,Slider,,ball,L,L,CIN,CHC,83.30,,,,,,2,2,2024,2024-07
2024-07-30,2024,R,657006,670770,SL,Slider,,called_strike,L,L,CIN,CHC,81.80,,,,,,2,1,2024,2024-07
2024-07-30,2024,R,657006,670770,SL,Slider,,ball,L,L,CIN,CHC,80.60,,,,,,1,1,2024,2024-07
2024-07-30,2024,R,657006,670770,SI,Sinker,,foul,L,L,CIN,CHC,91.30,103.40,15,,,,1,0,2024,2024-07
2024-07-30,2024,R,657006,670770,FF,4-Seam Fastball,,ball,L,L,CIN,CHC,89.00,,,,,,0,0,2024,2024-07
2024-07-30,2024,R,657006,670770,FF,4-Seam Fastball,single,hit_into_play,L,L,CIN,CHC,91.60,69.40,20,120.31,103.54,line_drive,0,1,2024,2024-07
2024-07-30,2024,R,657006,670770,FF,4-Seam Fastball,,called_strike,L,L,CIN,CHC,91.50,,,,,,0,0,2024,2024-07
2024-07-30,2024,R,657006,682622,SL,Slider,field_out,hit_into_play,R,L,CIN,CHC,82.90,83.30,-42,113.37,174.98,ground_ball,0,2,2024,2024-07
2024-07-30,2024,R,657006,682622,FF,4-Seam Fastball,,called_strike,R,L,CIN,CHC,92.20,,,,,,0,1,2024,2024-07
2024-07-30,2024,R,657006,682622,FF,4-Seam Fastball,,called_strike,R,L,CIN,CHC,91.40,,,,,,0,0,2024,2024-07
2024-07-30,2024,R,657006,682622,FF,4-Seam Fastball,walk,ball,R,L,CIN,CHC,92.10,,,,,,3,0,2024,2024-07
2024-07-30,2024,R,657006,682622,FF,4-Seam Fastball,,ball,R,L,CIN,CHC,92.10,,,,,,2,0,2024,2024-07
2024-07-30,2024,R,657006,682622,FF,4-Seam Fastball,,ball,R,L,CIN,CHC,91.00,,,,,,1,0,2024,2024-07
2024-07-30,2024,R,657006,682622,FF,4-Seam Fastball,,ball,R,L,CIN,CHC,89.40,,,,,,0,0,2024,2024-07
2024-07-30,2024,R,657006,682829,FF,4-Seam Fastball,strikeout,swinging_strike,R,L,CIN,CHC,92.20,,,,,,1,2,2024,2024-07
2024-07-30,2024,R,657006,682829,SL,Slider,,foul,R,L,CIN,CHC,83.40,79.70,66,,,,1,1,2024,2024-07
2024-07-30,2024,R,657006,682829,FF,4-Seam Fastball,,called_strike,R,L,CIN,CHC,91.80,,,,,,1,0,2024,2024-07
2024-07-30,2024,R,657006,682829,FF,4-Seam Fastball,,ball,R,L,CIN,CHC,91.30,,,,,,0,0,2024,2024-07
2024-07-30,2024,R,657006,682829,SL,Slider,strikeout,swinging_strike_blocked,R,L,CIN,CHC,83.40,,,,,,1,2,2024,2024-07
2024-07-30,2024,R,657006,682829,FF,4-Seam Fastball,,ball,R,L,CIN,CHC,92.70,,,,,,0,2,2024,2024-07
2024-07-30,2024,R,657006,682829,SL,Slider,,called_strike,R,L,CIN,CHC,82.20,,,,,,0,1,2024,2024-07
2024-07-30,2024,R,657006,682829,FF,4-Seam Fastball,,called_strike,R,L,CIN,CHC,91.40,,,,,,0,0,2024,2024-07
2024-07-30,2024,R,657006,682829,FF,4-Seam Fastball,field_out,hit_into_play,R,L,CIN,CHC,91.30,94.80,76,164.92,179.22,popup,2,1,2024,2024-07
2024-07-30,2024,R,657006,682829,FF,4-Seam Fastball,,ball,R,L,CIN,CHC,91.30,,,,,,1,1,2024,2024-07
2024-07-30,2024,R,657006,682829,FF,4-Seam Fastball,,called_strike,R,L,CIN,CHC,91.50,,,,,,1,0,2024,2024-07
2024-07-30,2024,R,657006,682829,FF,4-Seam Fastball,,ball,R,L,CIN,CHC,90.40,,,,,,0,0,2024,2024-07
2024-07-30,2024,R,660896,502110,SL,Slider,double,hit_into_play,R,R,NYM,MIN,90.10,105.80,17,71.26,54.94,line_drive,3,2,2024,2024-07
2024-07-30,2024,R,660896,502110,FF,4-Seam Fastball,,foul,R,R,NYM,MIN,99.10,81.60,17,,,,3,2,2024,2024-07
2024-07-30,2024,R,660896,502110,SI,Sinker,,ball,R,R,NYM,MIN,99.70,,,,,,2,2,2024,2024-07
2024-07-30,2024,R,660896,502110,SL,Slider,,foul,R,R,NYM,MIN,91.60,75.90,26,,,,2,2,2024,2024-07
2024-07-30,2024,R,660896,502110,SI,Sinker,,foul,R,R,NYM,MIN,97.40,80.50,12,,,,2,1,2024,2024-07
2024-07-30,2024,R,660896,502110,FF,4-Seam Fastball,,ball,R,R,NYM,MIN,100.10,,,,,,1,1,2024,2024-07
2024-07-30,2024,R,660896,502110,SL,Slider,,swinging_strike,R,R,NYM,MIN,89.50,,,,,,1,0,2024,2024-07
2024-07-30,2024,R,660896,502110,FF,4-Seam Fastball,,ball,R,R,NYM,MIN,99.80,,,,,,0,0,2024,2024-07
2024-07-30,2024,R,660896,607043,SL,Slider,strikeout,called_strike,L,R,NYM,MIN,89.40,,,,,,3,2,2024,2024-07
2024-07-30,2024,R,660896,607043,CH,Changeup,,ball,L,R,NYM,MIN,90.50,,,,,,2,2,2024,2024-07
2024-07-30,2024,R,660896,607043,SL,Slider,,foul,L,R,NYM,MIN,91.40,67.90,-45,,,,2,2,2024,2024-07
2024-07-30,2024,R,660896,607043,SL,Slider,,ball,L,R,NYM,MIN,91.90,,,,,,1,2,2024,2024-07
2024-07-30,2024,R,660896,607043,CH,Changeup,,ball,L,R,NYM,MIN,92.60,,,,,,0,2,2024,2024-07
2024-07-30,2024,R,660896,607043,SL,Slider,,foul,L,R,NYM,MIN,91.90,75.70,76,,,,0,1,2024,2024-07
2024-07-30,2024,R,660896,607043,FF,4-Seam Fastball,,swinging_strike,L,R,NYM,MIN,98.00,,,,,,0,0,2024,2024-07
2024-07-30,2024,R,660896,608385,SL,Slider,field_out,hit_into_play,L,R,NYM,MIN,92.90,89.20,-7,128.42,182.94,ground_ball,2,2,2024,2024-07
2024-07-30,2024,R,660896,608385,CH,Changeup,,foul,L,R,NYM,MIN,91.50,46.90,-52,,,,2,2,2024,2024-07
2024-07-30,2024,R,660896,608385,FF,4-Seam Fastball,,ball,L,R,NYM,MIN,98.90,,,,,,1,2,2024,2024-07
2024-07-30,2024,R,660896,608385,FF,4-Seam Fastball,,foul,L,R,NYM,MIN,98.90,72.50,53,,,,1,1,2024,2024-07
2024-07-30,2024,R,660896,608385,FF,4-Seam Fastball,,ball,L,R,NYM,MIN,99.40,,,,,,0,1,2024,2024-07
2024-07-30,2024,R,660896,608385,FF,4-Seam Fastball,,called_strike,L,R,NYM,MIN,98.20,,,,,,0,0,2024,2024-07
2024-07-30,2024,R,660896,624413,SI,Sinker,strikeout,swinging_strike,R,R,NYM,MIN,97.40,,,,,,3,2,2024,2024-07
2024-07-30,2024,R,660896,624413,FF,4-Seam Fastball,,foul,R,R,NYM,MIN,99.70,84.30,21,,,,3,2,2024,2024-07
2024-07-30,2024,R,660896,624413,SL,Slider,,foul,R,R,NYM,MIN,90.30,88.50,34,,,,3,2,2024,2024-07
2024-07-30,2024,R,660896,624413,FF,4-Seam Fastball,,foul,R,R,NYM,MIN,98.80,74.30,35,,,,3,2,2024,2024-07
2024-07-30,2024,R,660896,624413,SL,Slider,,swinging_strike,R,R,NYM,MIN,91.20,,,,,,3,1,2024,2024-07
2024-07-30,2024,R,660896,624413,SI,Sinker,,ball,R,R,NYM,MIN,97.30,,,,,,2,1,2024,2024-07
2024-07-30,2024,R,660896,624413,SI,Sinker,,ball,R,R,NYM,MIN,98.20,,,,,,1,1,2024,2024-07
2024-07-30,2024,R,660896,624413,SL,Slider,,ball,R,R,NYM,MIN,92.00,,,,,,0,1,2024,2024-07
2024-07-30,2024,R,660896,624413,FF,4-Seam Fastball,,called_strike,R,R,NYM,MIN,98.30,,,,,,0,0,2024,2024-07
2024-07-30,2024,R,661403,669234,SL,Slider,strikeout,swinging_strike,R,R,DET,CLE,91.70,,,,,,1,2,2024,2024-07
2024-07-30,2024,R,661403,669234,SI,Sinker,,foul_tip,R,R,DET,CLE,98.90,,,,,,1,1,2024,2024-07
2024-07-30,2024,R,661403,669234,FC,Cutter,,called_strike,R,R,DET,CLE,98.80,,,,,,1,0,2024,2024-07
2024-07-30,2024,R,661403,669234,FC,Cutter,,ball,R,R,DET,CLE,98.40,,,,,,0,0,2024,2024-07
2024-07-30,2024,R,661403,672761,FC,Cutter,field_out,hit_into_play,L,R,DET,CLE,98.40,87.70,-38,143.14,154.46,ground_ball,1,2,2024,2024-07
2024-07-30,2024,R,661403,672761,FC,Cutter,,foul,L,R,DET,CLE,98.30,86.90,1,,,,1,2,2024,2024-07
2024-07-30,2024,R,661403,672761,FC,Cutter,,swinging_strike,L,R,DET,CLE,99.00,,,,,,1,1,2024,2024-07
2024-07-30,2024,R,661403,672761,FC,Cutter,,ball,L,R,DET,CLE,99.70,,,,,,0,1,2024,2024-07
2024-07-30,2024,R,661403,672761,FC,Cutter,,foul,L,R,DET,CLE,100.10,106.10,-21,,,,0,0,2024,2024-07
2024-07-30,2024,R,661403,690993,SL,Slider,field_out,hit_into_play,L,R,DET,CLE,89.30,80.70,-5,144.96,148.51,ground_ball,1,1,2024,2024-07
2024-07-30,2024,R,661403,690993,FC,Cutter,,ball,L,R,DET,CLE,99.30,,,,,,0,1,2024,2024-07
2024-07-30,2024,R,661403,690993,SL,Slider,,called_strike,L,R,DET,CLE,88.40,,,,,,0,0,2024,2024-07
2024-07-30,2024,R,661527,457705,ST,Sweeper,walk,ball,R,R,HOU,PIT,79.00,,,,,,3,2,2024,2024-07
2024-07-30,2024,R,661527,457705,ST,Sweeper,,ball,R,R,HOU,PIT,80.20,,,,,,2,2,2024,2024-07
2024-07-30,2024,R,661527,457705,FF,4-Seam Fastball,,ball,R,R,HOU,PIT,91.10,,,,,,1,2,2024,2024-07
2024-07-30,2024,R,661527,457705,ST,Sweeper,,called_strike,R,R,HOU,PIT,81.20,,,,,,1,1,2024,2024-07
2024-07-30,2024,R,661527,457705,FF,4-Seam Fastball,,foul,R,R,HOU,PIT,90.80,,,,,,1,0,2024,2024-07
2024-07-30,2024,R,661527,457705,FF,4-Seam Fastball,,ball,R,R,HOU,PIT,91.20,,,,,,0,0,2024,2024-07
2024-07-30,2024,R,661527,572191,ST,Sweeper,field_error,hit_into_play,R,R,HOU,PIT,79.30,95.60,4,99.29,150.57,ground_ball,2,1,2024,2024-07
2024-07-30,2024,R,661527,572191,ST,Sweeper,,ball,R,R,HOU,PIT,79.20,,,,,,1,1,2024,2024-07
2024-07-30,2024,R,661527,572191,FF,4-Seam Fastball,,ball,R,R,HOU,PIT,91.60,,,,,,0,1,2024,2024-07
2024-07-30,2024,R,661527,572191,ST,Sweeper,,swinging_strike,R,R,HOU,PIT,79.10,,,,,,0,0,2024,2024-07
2024-07-30,2024,R,661527,656582,SI,Sinker,single,hit_into_play,R,R,HOU,PIT,89.70,102.30,6,120.08,94.29,line_drive,0,1,2024,2024-07
2024-07-30,2024,R,661527,656582,FF,4-Seam Fastball,,foul,R,R,HOU,PIT,90.70,72.70,56,,,,0,0,2024,2024-07
2024-07-30,2024,R,661527,663647,ST,Sweeper,field_out,hit_into_play,R,R,HOU,PIT,78.80,82.70,23,93.47,86.28,line_drive,2,1,2024,2024-07
2024-07-30,2024,R,661527,663647,SI,Sinker,,ball,R,R,HOU,PIT,89.40,,,,,,1,1,2024,2024-07
2024-07-30,2024,R,661527,663647,FF,4-Seam Fastball,,foul,R,R,HOU,PIT,90.20,83.80,80,,,,1,0,2024,2024-07
2024-07-30,2024,R,661527,663647,FF,4-Seam Fastball,,ball,R,R,HOU,PIT,90.20,,,,,,0,0,2024,2024-07
2024-07-30,2024,R,661527,663698,SI,Sinker,single,hit_into_play,R,R,HOU,PIT,90.70,101.50,11,171.95,87.31,line_drive,2,1,2024,2024-07
2024-07-30,2024,R,661527,663698,SI,Sinker,,called_strike,R,R,HOU,PIT,89.70,,,,,,2,0,2024,2024-07
2024-07-30,2024,R,661527,663698,ST,Sweeper,,ball,R,R,HOU,PIT,79.10,,,,,,1,0,2024,2024-07
2024-07-30,2024,R,661527,663698,ST,Sweeper,,ball,R,R,HOU,PIT,79.00,,,,,,0,0,2024,2024-07
2024-07-30,2024,R,661527,669707,CH,Changeup,strikeout,swinging_strike,R,R,HOU,PIT,84.20,,,,,,2,2,2024,2024-07
2024-07-30,2024,R,661527,669707,ST,Sweeper,,foul,R,R,HOU,PIT,79.10,74.60,74,,,,2,2,2024,2024-07
2024-07-30,2024,R,661527,669707,SI,Sinker,,foul,R,R,HOU,PIT,88.70,66.90,44,,,,2,2,2024,2024-07
2024-07-30,2024,R,661527,669707,SI,Sinker,,foul,R,R,HOU,PIT,91.10,82.20,42,,,,2,2,2024,2024-07
2024-07-30,2024,R,661527,669707,ST,Sweeper,,called_strike,R,R,HOU,PIT,79.50,,,,,,2,1,2024,2024-07
2024-07-30,2024,R,661527,669707,SI,Sinker,,foul,R,R,HOU,PIT,90.60,86.70,-33,,,,2,0,2024,2024-07
2024-07-30,2024,R,661527,669707,ST,Sweeper,,ball,R,R,HOU,PIT,80.00,,,,,,1,0,2024,2024-07
2024-07-30,2024,R,661527,669707,ST,Sweeper,,ball,R,R,HOU,PIT,79.50,,,,,,0,0,2024,2024-07
2024-07-30,2024,R,662253,641933,FF,4-Seam Fastball,field_out,hit_into_play,R,R,BOS,SEA,98.90,88.70,-24,99.80,165.27,ground_ball,3,2,2024,2024-07
2024-07-30,2024,R,662253,641933,FF,4-Seam Fastball,,foul,R,R,BOS,SEA,98.70,85.10,21,,,,3,2,2024,2024-07
2024-07-30,2024,R,662253,641933,SI,Sinker,,ball,R,R,BOS,SEA,97.90,,,,,,2,2,2024,2024-07
2024-07-30,2024,R,662253,641933,SL,Slider,,ball,R,R,BOS,SEA,88.80,,,,,,1,2,2024,2024-07
2024-07-30,2024,R,662253,641933,SL,Slider,,ball,R,R,BOS,SEA,88.20,,,,,,0,2,2024,2024-07
2024-07-30,2024,R,662253,641933,FF,4-Seam Fastball,,swinging_strike,R,R,BOS,SEA,98.50,,,,,,0,1,2024,2024-07
2024-07-30,2024,R,662253,641933,SL,Slider,,swinging_strike,R,R,BOS,SEA,89.30,,,,,,0,0,2024,2024-07
2024-07-30,2024,R,662253,646240,SI,Sinker,strikeout,called_strike,L,R,BOS,SEA,97.40,,,,,,2,2,2024,2024-07
2024-07-30,2024,R,662253,646240,SL,Slider,,ball,L,R,BOS,SEA,88.30,,,,,,1,2,2024,2024-07
2024-07-30,2024,R,662253,646240,FF,4-Seam Fastball,,foul,L,R,BOS,SEA,98.30,85.20,46,,,,1,2,2024,2024-07
2024-07-30,2024,R,662253,646240,FF,4-Seam Fastball,,ball,L,R,BOS,SEA,98.30,,,,,,0,2,2024,2024-07
2024-07-30,2024,R,662253,646240,FF,4-Seam Fastball,,called_strike,L,R,BOS,SEA,99.00,,,,,,0,1,2024,2024-07
2024-07-30,2024,R,662253,646240,FF,4-Seam Fastball,,foul,L,R,BOS,SEA,98.50,91.60,52,,,,0,0,2024,2024-07
2024-07-30,2024,R,662253,807799,SL,Slider,strikeout,swinging_strike_blocked,L,R,BOS,SEA,86.60,,,,,,1,2,2024,2024-07
2024-07-30,2024,R,662253,807799,SL,Slider,,ball,L,R,BOS,SEA,85.60,,,,,,0,2,2024,2024-07
2024-07-30,2024,R,662253,807799,SL,Slider,,foul,L,R,BOS,SEA,86.70,61.60,-18,,,,0,2,2024,2024-07
2024-07-30,2024,R,662253,807799,SI,Sinker,,foul,L,R,BOS,SEA,97.40,76.80,42,,,,0,1,2024,2024-07
2024-07-30,2024,R,662253,807799,FF,4-Seam Fastball,,called_strike,L,R,BOS,SEA,98.70,,,,,,0,0,2024,2024-07
2024-07-30,2024,R,663158,606192,FF,4-Seam Fastball,strikeout,swinging_strike,R,R,SD,LAD,98.40,,,,,,2,2,2024,2024-07
2024-07-30,2024,R,663158,606192,FF,4-Seam Fastball,,foul,R,R,SD,LAD,98.70,81.10,46,,,,2,2,2024,2024-07
2024-07-30,2024,R,663158,606192,SI,Sinker,,foul,R,R,SD,LAD,97.80,74.80,41,,,,2,1,2024,2024-07
2024-07-30,2024,R,663158,606192,SI,Sinker,,ball,R,R,SD,LAD,98.40,,,,,,1,1,2024,2024-07
2024-07-30,2024,R,663158,606192,FF,4-Seam Fastball,,ball,R,R,SD,LAD,99.30,,,,,,0,1,2024,2024-07
2024-07-30,2024,R,663158,606192,FF,4-Seam Fastball,,called_strike,R,R,SD,LAD,98.40,,,,,,0,0,2024,2024-07
2024-07-30,2024,R,663158,681546,FF,4-Seam Fastball,strikeout,swinging_strike,L,R,SD,LAD,98.70,,,,,,0,2,2024,2024-07
2024-07-30,2024,R,663158,681546,FF,4-Seam Fastball,,swinging_strike,L,R,SD,LAD,98.30,,,,,,0,1,2024,2024-07
2024-07-30,2024,R,663158,681546,FF,4-Seam Fastball,,swinging_strike,L,R,SD,LAD,97.80,,,,,,0,0,2024,2024-07
2024-07-30,2024,R,663158,681624,FF,4-Seam Fastball,field_out,hit_into_play,R,R,SD,LAD,99.20,94.00,44,190.96,100.81,fly_ball,0,0,2024,2024-07
2024-07-30,2024,R,663362,518792,FF,4-Seam Fastball,strikeout,swinging_strike,L,R,SD,LAD,90.10,,,,,,0,2,2024,2024-07
2024-07-30,2024,R,663362,518792,ST,Sweeper,,foul,L,R,SD,LAD,79.40,76.40,79,,,,0,1,2024,2024-07
2024-07-30,2024,R,663362,518792,KN,Knuckleball,,foul,L,R,SD,LAD,78.50,58.50,-39,,,,0,0,2024,2024-07
2024-07-30,2024,R,663362,518792,KN,Knuckleball,double,hit_into_play,L,R,SD,LAD,76.10,81.30,-2,210.50,120.76,ground_ball,0,1,2024,2024-07
2024-07-30,2024,R,663362,518792,ST,Sweeper,,called_strike,L,R,SD,LAD,79.40,,,,,,0,0,2024,2024-07
2024-07-30,2024,R,663362,571771,FF,4-Seam Fastball,field_out,hit_into_play,R,R,SD,LAD,90.00,89.40,73,87.09,197.37,popup,2,2,2024,2024-07
2024-07-30,2024,R,663362,571771,ST,Sweeper,,ball,R,R,SD,LAD,78.60,,,,,,1,2,2024,2024-07
2024-07-30,2024,R,663362,571771,KN,Knuckleball,,foul,R,R,SD,LAD,72.70,61.70,-25,,,,1,2,2024,2024-07
2024-07-30,2024,R,663362,571771,ST,Sweeper,,ball,R,R,SD,LAD,76.60,,,,,,0,2,2024,2024-07
2024-07-30,2024,R,663362,571771,SI,Sinker,,foul,R,R,SD,LAD,88.20,74.60,-25,,,,0,1,2024,2024-07
2024-07-30,2024,R,663362,571771,KN,Knuckleball,,called_strike,R,R,SD,LAD,71.50,,,,,,0,0,2024,2024-07
2024-07-30,2024,R,663362,571771,FF,4-Seam Fastball,strikeout,swinging_strike,R,R,SD,LAD,89.90,,,,,,0,2,2024,2024-07
2024-07-30,2024,R,663362,571771,ST,Sweeper,,swinging_strike,R,R,SD,LAD,78.00,,,,,,0,1,2024,2024-07
2024-07-30,2024,R,663362,571771,FC,Cutter,,called_strike,R,R,SD,LAD,86.80,,,,,,0,0,2024,2024-07
2024-07-30,2024,R,663362,605113,KN,Knuckleball,strikeout,swinging_strike,R,R,SD,LAD,76.90,,,,,,1,2,2024,2024-07
2024-07-30,2024,R,663362,605113,SI,Sinker,,called_strike,R,R,SD,LAD,89.20,,,,,,1,1,2024,2024-07
2024-07-30,2024,R,663362,605113,KN,Knuckleball,,called_strike,R,R,SD,LAD,72.30,,,,,,1,0,2024,2024-07
2024-07-30,2024,R,663362,605113,ST,Sweeper,,ball,R,R,SD,LAD,78.70,,,,,,0,0,2024,2024-07
2024-07-30,2024,R,663362,605113,FC,Cutter,field_out,hit_into_play,R,R,SD,LAD,87.00,79.50,77,154.89,190.27,popup,3,2,2024,2024-07
2024-07-30,2024,R,663362,605113,SI,Sinker,,ball,R,R,SD,LAD,88.70,,,,,,2,2,2024,2024-07
2024-07-30,2024,R,663362,605113,FC,Cutter,,called_strike,R,R,SD,LAD,86.50,,,,,,2,1,2024,2024-07
2024-07-30,2024,R,663362,605113,KN,Knuckleball,,ball,R,R,SD,LAD,72.70,,,,,,1,1,2024,2024-07
2024-07-30,2024,R,663362,605113,ST,Sweeper,,ball,R,R,SD,LAD,77.30,,,,,,0,1,2024,2024-07
2024-07-30,2024,R,663362,605113,KN,Knuckleball,,called_strike,R,R,SD,LAD,73.80,,,,,,0,0,2024,2024-07
2024-07-30,2024,R,663362,606192,KN,Knuckleball,field_out,hit_into_play,R,R,SD,LAD,79.00,63.90,-22,103.00,166.06,ground_ball,1,2,2024,2024-07
2024-07-30,2024,R,663362,606192,SI,Sinker,,foul,R,R,SD,LAD,89.40,66.80,34,,,,1,2,2024,2024-07
2024-07-30,2024,R,663362,606192,FF,4-Seam Fastball,,foul,R,R,SD,LAD,89.30,77.10,42,,,,1,2,2024,2024-07
2024-07-30,2024,R,663362,606192,SI,Sinker,,foul,R,R,SD,LAD,89.20,90.70,42,,,,1,1,2024,2024-07
2024-07-30,2024,R,663362,606192,KN,Knuckleball,,foul,R,R,SD,LAD,73.70,85.60,-19,,,,1,0,2024,2024-07
2024-07-30,2024,R,663362,606192,ST,Sweeper,,ball,R,R,SD,LAD,80.20,,,,,,0,0,2024,2024-07
2024-07-30,2024,R,663362,606192,KN,Knuckleball,strikeout,swinging_strike,R,R,SD,LAD,76.20,,,,,,3,2,2024,2024-07
2024-07-30,2024,R,663362,606192,SI,Sinker,,foul,R,R,SD,LAD,91.10,81.60,48,,,,3,2,2024,2024-07
2024-07-30,2024,R,663362,606192,FC,Cutter,,swinging_strike,R,R,SD,LAD,88.00,,,,,,3,1,2024,2024-07
2024-07-30,2024,R,663362,606192,KN,Knuckleball,,ball,R,R,SD,LAD,77.50,,,,,,2,1,2024,2024-07
2024-07-30,2024,R,663362,606192,FC,Cutter,,ball,R,R,SD,LAD,87.30,,,,,,1,1,2024,2024-07
2024-07-30,2024,R,663362,606192,SI,Sinker,,called_strike,R,R,SD,LAD,90.30,,,,,,1,0,2024,2024-07
2024-07-30,2024,R,663362,606192,KN,Knuckleball,,blocked_ball,R,R,SD,LAD,77.20,,,,,,0,0,2024,2024-07
2024-07-30,2024,R,663362,624415,FF,4-Seam Fastball,strikeout,called_strike,L,R,SD,LAD,89.30,,,,,,1,2,2024,2024-07
2024-07-30,2024,R,663362,624415,KN,Knuckleball,,ball,L,R,SD,LAD,80.60,,,,,,0,2,2024,2024-07
2024-07-30,2024,R,663362,624415,FC,Cutter,,foul,L,R,SD,LAD,85.30,90.10,-2,,,,0,1,2024,2024-07
2024-07-30,2024,R,663362,624415,KN,Knuckleball,,called_strike,L,R,SD,LAD,72.30,,,,,,0,0,2024,2024-07
2024-07-30,2024,R,663362,624415,KN,Knuckleball,home_run,hit_into_play,L,R,SD,LAD,79.30,92.20,38,226.21,106.25,fly_ball,2,2,2024,2024-07
2024-07-30,2024,R,663362,624415,FF,4-Seam Fastball,,ball,L,R,SD,LAD,91.00,,,,,,1,2,2024,2024-07
2024-07-30,2024,R,663362,624415,KN,Knuckleball,,foul,L,R,SD,LAD,83.30,53.40,33,,,,1,2,2024,2024-07
2024-07-30,2024,R,663362,624415,FF,4-Seam Fastball,,foul,L,R,SD,LAD,91.40,78.20,56,,,,1,2,2024,2024-07
2024-07-30,2024,R,663362,624415,FC,Cutter,,foul,L,R,SD,LAD,87.70,77.30,64,,,,1,1,2024,2024-07
2024-07-30,2024,R,663362,624415,KN,Knuckleball,,ball,L,R,SD,LAD,78.70,,,,,,0,1,2024,2024-07
2024-07-30,2024,R,663362,624415,ST,Sweeper,,called_strike,L,R,SD,LAD,80.50,,,,,,0,0,2024,2024-07
2024-07-30,2024,R,663362,660271,FC,Cutter,field_out,hit_into_play,L,R,SD,LAD,86.60,99.80,41,145.30,66.50,fly_ball,2,0,2024,2024-07
2024-07-30,2024,R,663362,660271,ST,Sweeper,,ball,L,R,SD,LAD,80.90,,,,,,1,0,2024,2024-07
2024-07-30,2024,R,663362,660271,KN,Knuckleball,,ball,L,R,SD,LAD,75.70,,,,,,0,0,2024,2024-07
2024-07-30,2024,R,663362,660271,SI,Sinker,walk,ball,L,R,SD,LAD,91.20,,,,,,3,1,2024,2024-07
2024-07-30,2024,R,663362,660271,FC,Cutter,,ball,L,R,SD,LAD,87.50,,,,,,2,1,2024,2024-07
2024-07-30,2024,R,663362,660271,FC,Cutter,,ball,L,R,SD,LAD,87.40,,,,,,1,1,2024,2024-07
2024-07-30,2024,R,663362,660271,KN,Knuckleball,,foul,L,R,SD,LAD,76.80,,,,,,1,0,2024,2024-07
2024-07-30,2024,R,663362,660271,FF,4-Seam Fastball,,ball,L,R,SD,LAD,91.30,,,,,,0,0,2024,2024-07
2024-07-30,2024,R,663362,666158,FF,4-Seam Fastball,single,hit_into_play,L,R,SD,LAD,89.00,105.50,3,99.28,82.08,ground_ball,3,1,2024,2024-07
2024-07-30,2024,R,663362,666158,SI,Sinker,,called_strike,L,R,SD,LAD,88.50,,,,,,3,0,2024,2024-07
2024-07-30,2024,R,663362,666158,ST,Sweeper,,ball,L,R,SD,LAD,80.60,,,,,,2,0,2024,2024-07
2024-07-30,2024,R,663362,666158,ST,Sweeper,,ball,L,R,SD,LAD,78.60,,,,,,1,0,2024,2024-07
2024-07-30,2024,R,663362,666158,KN,Knuckleball,,ball,L,R,SD,LAD,73.90,,,,,,0,0,2024,2024-07
2024-07-30,2024,R,663362,666158,KN,Knuckleball,sac_fly,hit_into_play,L,R,SD,LAD,74.40,99.20,20,97.28,61.23,line_drive,2,1,2024,2024-07
2024-07-30,2024,R,663362,666158,FC,Cutter,,ball,L,R,SD,LAD,88.10,,,,,,1,1,2024,2024-07
2024-07-30,2024,R,663362,666158,KN,Knuckleball,,blocked_ball,L,R,SD,LAD,80.20,,,,,,0,1,2024,2024-07
2024-07-30,2024,R,663362,666158,ST,Sweeper,,called_strike,L,R,SD,LAD,81.50,,,,,,0,0,2024,2024-07
2024-07-30,2024,R,663362,669257,ST,Sweeper,field_out,hit_into_play,R,R,SD,LAD,79.30,74.70,48,129.68,111.03,fly_ball,2,1,2024,2024-07
2024-07-30,2024,R,663362,669257,SI,Sinker,,ball,R,R,SD,LAD,90.30,,,,,,1,1,2024,2024-07
2024-07-30,2024,R,663362,669257,KN,Knuckleball,,ball,R,R,SD,LAD,73.40,,,,,,0,1,2024,2024-07
2024-07-30,2024,R,663362,669257,KN,Knuckleball,,foul,R,R,SD,LAD,74.00,59.80,49,,,,0,0,2024,2024-07
2024-07-30,2024,R,663362,669257,KN,Knuckleball,single,hit_into_play,R,R,SD,LAD,78.20,83.40,20,138.98,106.42,line_drive,1,2,2024,2024-07
2024-07-30,2024,R,663362,669257,KN,Knuckleball,,ball,R,R,SD,LAD,77.70,,,,,,0,2,2024,2024-07
2024-07-30,2024,R,663362,669257,FF,4-Seam Fastball,,called_strike,R,R,SD,LAD,92.00,,,,,,0,1,2024,2024-07
2024-07-30,2024,R,663362,669257,SI,Sinker,,called_strike,R,R,SD,LAD,90.60,,,,,,0,0,2024,2024-07
2024-07-30,2024,R,663362,681624,ST,Sweeper,strikeout,swinging_strike,R,R,SD,LAD,78.10,,,,,,2,2,2024,2024-07
2024-07-30,2024,R,663362,681624,KN,Knuckleball,,ball,R,R,SD,LAD,78.40,,,,,,1,2,2024,2024-07
2024-07-30,2024,R,663362,681624,FF,4-Seam Fastball,,swinging_strike,R,R,SD,LAD,89.30,,,,,,1,1,2024,2024-07
2024-07-30,2024,R,663362,681624,ST,Sweeper,,ball,R,R,SD,LAD,78.10,,,,,,0,1,2024,2024-07
2024-07-30,2024,R,663362,681624,KN,Knuckleball,,swinging_strike,R,R,SD,LAD,72.90,,,,,,0,0,2024,2024-07
2024-07-30,2024,R,663362,681624,FC,Cutter,single,hit_into_play,R,R,SD,LAD,87.70,101.70,-2,127.69,81.47,ground_ball,1,1,2024,2024-07
2024-07-30,2024,R,663362,681624,FF,4-Seam Fastball,,ball,R,R,SD,LAD,89.80,,,,,,0,1,2024,2024-07
2024-07-30,2024,R,663362,681624,SI,Sinker,,called_strike,R,R,SD,LAD,89.60,,,,,,0,0,2024,2024-07
2024-07-30,2024,R,663432,553993,FF,4-Seam Fastball,field_out,hit_into_play,R,R,AZ,WSH,93.80,76.40,79,155.06,199.23,popup,1,1,2024,2024-07
2024-07-30,2024,R,663432,553993,SL,Slider,,ball,R,R,AZ,WSH,88.10,,,,,,0,1,2024,2024-07
2024-07-30,2024,R,663432,553993,SL,Slider,,called_strike,R,R,AZ,WSH,89.60,,,,,,0,0,2024,2024-07
2024-07-30,2024,R,663432,621028,FF,4-Seam Fastball,single,hit_into_play,R,R,AZ,WSH,95.10,69.50,22,144.01,101.80,line_drive,0,0,2024,2024-07
2024-07-30,2024,R,663432,645444,FF,4-Seam Fastball,walk,ball,L,R,AZ,WSH,93.70,,,,,,3,2,2024,2024-07
2024-07-30,2024,R,663432,645444,FF,4-Seam Fastball,,foul,L,R,AZ,WSH,94.20,78.80,53,,,,3,2,2024,2024-07
2024-07-30,2024,R,663432,645444,FF,4-Seam Fastball,,foul,L,R,AZ,WSH,93.80,78.70,76,,,,3,1,2024,2024-07
2024-07-30,2024,R,663432,645444,FF,4-Seam Fastball,,ball,L,R,AZ,WSH,94.60,,,,,,2,1,2024,2024-07
2024-07-30,2024,R,663432,645444,SL,Slider,,blocked_ball,L,R,AZ,WSH,89.00,,,,,,1,1,2024,2024-07
2024-07-30,2024,R,663432,645444,FF,4-Seam Fastball,,foul,L,R,AZ,WSH,93.00,75.10,32,,,,1,0,2024,2024-07
2024-07-30,2024,R,663432,645444,FF,4-Seam Fastball,,ball,L,R,AZ,WSH,94.20,,,,,,0,0,2024,2024-07
2024-07-30,2024,R,663432,656976,FF,4-Seam Fastball,single,hit_into_play,L,R,AZ,WSH,95.20,103.50,-2,154.04,76.04,ground_ball,1,1,2024,2024-07
2024-07-30,2024,R,663432,656976,FF,4-Seam Fastball,,called_strike,L,R,AZ,WSH,94.00,,,,,,1,0,2024,2024-07
2024-07-30,2024,R,663432,656976,FF,4-Seam Fastball,,ball,L,R,AZ,WSH,95.80,,,,,,0,0,2024,2024-07
2024-07-30,2024,R,663432,664983,SL,Slider,field_out,hit_into_play,L,R,AZ,WSH,87.20,99.20,27,155.10,38.04,fly_ball,0,1,2024,2024-07
2024-07-30,2024,R,663432,664983,FF,4-Seam Fastball,,foul,L,R,AZ,WSH,93.10,73.60,54,,,,0,0,2024,2024-07
2024-07-30,2024,R,663432,672695,FF,4-Seam Fastball,field_out,hit_into_play,L,R,AZ,WSH,94.10,91.60,43,69.25,89.74,fly_ball,2,2,2024,2024-07
2024-07-30,2024,R,663432,672695,FF,4-Seam Fastball,,called_strike,L,R,AZ,WSH,93.50,,,,,,2,1,2024,2024-07
2024-07-30,2024,R,663432,672695,FF,4-Seam Fastball,,ball,L,R,AZ,WSH,93.90,,,,,,1,1,2024,2024-07
2024-07-30,2024,R,663432,672695,FF,4-Seam Fastball,,called_strike,L,R,AZ,WSH,93.50,,,,,,1,0,2024,2024-07
2024-07-30,2024,R,663432,672695,FF,4-Seam Fastball,,ball,L,R,AZ,WSH,94.40,,,,,,0,0,2024,2024-07
2024-07-30,2024,R,663432,677950,FF,4-Seam Fastball,double,hit_into_play,L,R,AZ,WSH,93.80,109.10,19,210.32,85.17,line_drive,0,1,2024,2024-07
2024-07-30,2024,R,663432,677950,FF,4-Seam Fastball,,called_strike,L,R,AZ,WSH,93.80,,,,,,0,0,2024,2024-07
2024-07-30,2024,R,663432,682998,FF,4-Seam Fastball,walk,ball,L,R,AZ,WSH,93.50,,,,,,3,2,2024,2024-07
2024-07-30,2024,R,663432,682998,FF,4-Seam Fastball,,foul,L,R,AZ,WSH,93.50,71.40,75,,,,3,2,2024,2024-07
2024-07-30,2024,R,663432,682998,FF,4-Seam Fastball,,ball,L,R,AZ,WSH,94.50,,,,,,2,2,2024,2024-07
2024-07-30,2024,R,663432,682998,FF,4-Seam Fastball,,ball,L,R,AZ,WSH,95.10,,,,,,1,2,2024,2024-07
2024-07-30,2024,R,663432,682998,FF,4-Seam Fastball,,called_strike,L,R,AZ,WSH,94.10,,,,,,1,1,2024,2024-07
2024-07-30,2024,R,663432,682998,FF,4-Seam Fastball,,ball,L,R,AZ,WSH,93.60,,,,,,0,1,2024,2024-07
2024-07-30,2024,R,663432,682998,FF,4-Seam Fastball,,foul,L,R,AZ,WSH,93.50,84.00,2,,,,0,0,2024,2024-07
2024-07-30,2024,R,663559,514888,SI,Sinker,grounded_into_double_play,hit_into_play,R,L,HOU,PIT,93.40,99.50,-9,107.91,158.17,ground_ball,0,2,2024,2024-07
2024-07-30,2024,R,663559,514888,CU,Curveball,,foul,R,L,HOU,PIT,80.40,65.10,-33,,,,0,1,2024,2024-07
2024-07-30,2024,R,663559,514888,SI,Sinker,,foul,R,L,HOU,PIT,92.10,69.50,29,,,,0,0,2024,2024-07
2024-07-30,2024,R,663559,514888,SL,Slider,single,hit_into_play,R,L,HOU,PIT,86.40,102.60,17,53.72,89.27,line_drive,3,2,2024,2024-07
2024-07-30,2024,R,663559,514888,SL,Slider,,swinging_strike,R,L,HOU,PIT,85.30,,,,,,3,1,2024,2024-07
2024-07-30,2024,R,663559,514888,FF,4-Seam Fastball,,ball,R,L,HOU,PIT,92.20,,,,,,2,1,2024,2024-07
2024-07-30,2024,R,663559,514888,FF,4-Seam Fastball,,ball,R,L,HOU,PIT,92.40,,,,,,1,1,2024,2024-07
2024-07-30,2024,R,663559,514888,CU,Curveball,,called_strike,R,L,HOU,PIT,77.80,,,,,,1,0,2024,2024-07
2024-07-30,2024,R,663559,514888,CU,Curveball,,ball,R,L,HOU,PIT,78.20,,,,,,0,0,2024,2024-07
2024-07-30,2024,R,663559,514888,FF,4-Seam Fastball,field_out,hit_into_play,R,L,HOU,PIT,91.10,90.40,2,99.87,167.16,ground_ball,0,0,2024,2024-07
2024-07-30,2024,R,663559,572138,SI,Sinker,field_out,hit_into_play,L,L,HOU,PIT,91.80,83.40,37,78.34,96.92,fly_ball,0,0,2024,2024-07
2024-07-30,2024,R,663559,572138,SI,Sinker,field_out,hit_into_play,L,L,HOU,PIT,93.00,85.30,64,78.51,172.87,popup,1,1,2024,2024-07
2024-07-30,2024,R,663559,572138,CU,Curveball,,called_strike,L,L,HOU,PIT,78.60,,,,,,1,0,2024,2024-07
2024-07-30,2024,R,663559,572138,SI,Sinker,,ball,L,L,HOU,PIT,93.30,,,,,,0,0,2024,2024-07
2024-07-30,2024,R,663559,608324,SL,Slider,field_out,hit_into_play,R,L,HOU,PIT,85.50,83.90,53,192.38,140.35,fly_ball,3,2,2024,2024-07
2024-07-30,2024,R,663559,608324,FF,4-Seam Fastball,,foul,R,L,HOU,PIT,92.20,77.50,23,,,,3,2,2024,2024-07
2024-07-30,2024,R,663559,608324,SL,Slider,,called_strike,R,L,HOU,PIT,85.80,,,,,,3,1,2024,2024-07
2024-07-30,2024,R,663559,608324,FF,4-Seam Fastball,,called_strike,R,L,HOU,PIT,90.80,,,,,,3,0,2024,2024-07
2024-07-30,2024,R,663559,608324,FF,4-Seam Fastball,,ball,R,L,HOU,PIT,90.70,,,,,,2,0,2024,2024-07
2024-07-30,2024,R,663559,608324,FF,4-Seam Fastball,,ball,R,L,HOU,PIT,90.80,,,,,,1,0,2024,2024-07
2024-07-30,2024,R,663559,608324,CU,Curveball,,ball,R,L,HOU,PIT,78.40,,,,,,0,0,2024,2024-07
2024-07-30,2024,R,663559,608324,FF,4-Seam Fastball,field_out,hit_into_play,R,L,HOU,PIT,91.80,101.80,17,129.62,63.18,line_drive,0,0,2024,2024-07
2024-07-30,2024,R,663559,608324,SI,Sinker,field_out,hit_into_play,R,L,HOU,PIT,91.00,99.30,-6,110.95,154.62,ground_ball,1,2,2024,2024-07
2024-07-30,2024,R,663559,608324,CU,Curveball,,foul,R,L,HOU,PIT,78.50,81.30,33,,,,1,1,2024,2024-07
2024-07-30,2024,R,663559,608324,FF,4-Seam Fastball,,ball,R,L,HOU,PIT,91.70,,,,,,0,1,2024,2024-07
2024-07-30,2024,R,663559,608324,FF,4-Seam Fastball,,called_strike,R,L,HOU,PIT,91.70,,,,,,0,0,2024,2024-07
2024-07-30,2024,R,663559,643289,FF,4-Seam Fastball,field_out,hit_into_play,R,L,HOU,PIT,91.60,87.70,38,200.04,106.73,fly_ball,0,1,2024,2024-07
2024-07-30,2024,R,663559,643289,SL,Slider,,swinging_strike,R,L,HOU,PIT,84.80,,,,,,0,0,2024,2024-07
2024-07-30,2024,R,663559,643289,FF,4-Seam Fastball,strikeout,foul_tip,R,L,HOU,PIT,94.20,,,,,,2,2,2024,2024-07
2024-07-30,2024,R,663559,643289,FF,4-Seam Fastball,,swinging_strike,R,L,HOU,PIT,93.50,,,,,,2,1,2024,2024-07
2024-07-30,2024,R,663559,643289,FF,4-Seam Fastball,,swinging_strike,R,L,HOU,PIT,93.70,,,,,,2,0,2024,2024-07
2024-07-30,2024,R,663559,643289,FF,4-Seam Fastball,,ball,R,L,HOU,PIT,93.20,,,,,,1,0,2024,2024-07
2024-07-30,2024,R,663559,643289,FF,4-Seam Fastball,,ball,R,L,HOU,PIT,92.50,,,,,,0,0,2024,2024-07
2024-07-30,2024,R,663559,665161,CU,Curveball,strikeout,swinging_strike_blocked,R,L,HOU,PIT,79.30,,,,,,2,2,2024,2024-07
2024-07-30,2024,R,663559,665161,CU,Curveball,,ball,R,L,HOU,PIT,78.80,,,,,,1,2,2024,2024-07
2024-07-30,2024,R,663559,665161,FF,4-Seam Fastball,,ball,R,L,HOU,PIT,92.90,,,,,,0,2,2024,2024-07
2024-07-30,2024,R,663559,665161,FF,4-Seam Fastball,,foul,R,L,HOU,PIT,92.10,78.70,35,,,,0,1,2024,2024-07
2024-07-30,2024,R,663559,665161,FF,4-Seam Fastball,,swinging_strike,R,L,HOU,PIT,90.90,,,,,,0,0,2024,2024-07
2024-07-30,2024,R,663559,665161,CU,Curveball,field_out,hit_into_play,R,L,HOU,PIT,80.50,87.50,73,144.41,167.30,popup,0,0,2024,2024-07
2024-07-30,2024,R,663559,670541,FF,4-Seam Fastball,single,hit_into_play,L,L,HOU,PIT,93.30,92.40,11,142.65,72.01,line_drive,3,2,2024,2024-07
2024-07-30,2024,R,663559,670541,SL,Slider,,ball,L,L,HOU,PIT,87.20,,,,,,2,2,2024,2024-07
2024-07-30,2024,R,663559,670541,CU,Curveball,,swinging_strike,L,L,HOU,PIT,79.70,,,,,,2,1,2024,2024-07
2024-07-30,2024,R,663559,670541,SI,Sinker,,ball,L,L,HOU,PIT,92.90,,,,,,1,1,2024,2024-07
2024-07-30,2024,R,663559,670541,FF,4-Seam Fastball,,foul,L,L,HOU,PIT,92.40,74.10,67,,,,1,0,2024,2024-07
2024-07-30,2024,R,663559,670541,SI,Sinker,,ball,L,L,HOU,PIT,91.70,,,,,,0,0,2024,2024-07
2024-07-30,2024,R,663559,670541,SI,Sinker,field_out,hit_into_play,L,L,HOU,PIT,92.80,83.30,21,183.38,106.69,line_drive,0,1,2024,2024-07
2024-07-30,2024,R,663559,670541,SI,Sinker,,called_strike,L,L,HOU,PIT,92.50,,,,,,0,0,2024,2024-07
2024-07-30,2024,R,663559,670541,FF,4-Seam Fastball,field_out,hit_into_play,L,L,HOU,PIT,93.00,108.70,13,116.46,73.42,line_drive,1,2,2024,2024-07
2024-07-30,2024,R,663559,670541,CU,Curveball,,ball,L,L,HOU,PIT,79.90,,,,,,0,2,2024,2024-07
2024-07-30,2024,R,663559,670541,FF,4-Seam Fastball,,foul,L,L,HOU,PIT,93.10,74.00,31,,,,0,1,2024,2024-07
2024-07-30,2024,R,663559,670541,CU,Curveball,,called_strike,L,L,HOU,PIT,78.80,,,,,,0,0,2024,2024-07
2024-07-30,2024,R,663559,673237,CU,Curveball,home_run,hit_into_play,R,L,HOU,PIT,79.30,104.20,24,24.64,98.70,fly_ball,0,0,2024,2024-07
2024-07-30,2024,R,663559,673237,FF,4-Seam Fastball,single,hit_into_play,R,L,HOU,PIT,92.40,84.10,13,179.63,113.89,line_drive,0,1,2024,2024-07
2024-07-30,2024,R,663559,673237,FF,4-Seam Fastball,,called_strike,R,L,HOU,PIT,91.50,,,,,,0,0,2024,2024-07
2024-07-30,2024,R,663559,676694,SL,Slider,strikeout,swinging_strike,R,L,HOU,PIT,87.30,,,,,,2,2,2024,2024-07
2024-07-30,2024,R,663559,676694,FF,4-Seam Fastball,,foul,R,L,HOU,PIT,92.90,86.80,55,,,,2,1,2024,2024-07
2024-07-30,2024,R,663559,676694,CU,Curveball,,ball,R,L,HOU,PIT,80.10,,,,,,1,1,2024,2024-07
2024-07-30,2024,R,663559,676694,FF,4-Seam Fastball,,ball,R,L,HOU,PIT,92.90,,,,,,0,1,2024,2024-07
2024-07-30,2024,R,663559,676694,FF,4-Seam Fastball,,foul,R,L,HOU,PIT,92.40,70.90,30,,,,0,0,2024,2024-07
2024-07-30,2024,R,663559,676694,SL,Slider,single,hit_into_play,R,L,HOU,PIT,86.10,97.20,4,102.84,164.76,ground_ball,1,2,2024,2024-07
2024-07-30,2024,R,663559,676694,SI,Sinker,,blocked_ball,R,L,HOU,PIT,93.80,,,,,,0,2,2024,2024-07
2024-07-30,2024,R,663559,676694,SL,Slider,,called_strike,R,L,HOU,PIT,86.10,,,,,,0,1,2024,2024-07
2024-07-30,2024,R,663559,676694,CU,Curveball,,called_strike,R,L,HOU,PIT,79.70,,,,,,0,0,2024,2024-07
2024-07-30,2024,R,663559,676801,CU,Curveball,single,hit_into_play,R,L,HOU,PIT,81.20,101.30,4,119.57,90.24,ground_ball,0,1,2024,2024-07
2024-07-30,2024,R,663559,676801,FF,4-Seam Fastball,,called_strike,R,L,HOU,PIT,91.60,,,,,,0,0,2024,2024-07
2024-07-30,2024,R,663559,676801,FF,4-Seam Fastball,field_out,hit_into_play,R,L,HOU,PIT,91.70,83.10,37,126.79,82.73,fly_ball,0,0,2024,2024-07
2024-07-30,2024,R,663567,621493,SV,Slurve,strikeout,swinging_strike,R,R,LAA,COL,81.20,,,,,,0,2,2024,2024-07
2024-07-30,2024,R,663567,621493,FC,Cutter,,foul,R,R,LAA,COL,89.90,61.80,47,,,,0,1,2024,2024-07
2024-07-30,2024,R,663567,621493,SV,Slurve,,called_strike,R,R,LAA,COL,81.20,,,,,,0,0,2024,2024-07
2024-07-30,2024,R,663567,641432,CH,Changeup,field_out,hit_into_play,L,R,LAA,COL,86.40,79.40,-24,164.60,166.57,ground_ball,1,0,2024,2024-07
2024-07-30,2024,R,663567,641432,CH,Changeup,,ball,L,R,LAA,COL,87.20,,,,,,0,0,2024,2024-07
2024-07-30,2024,R,663567,641645,CH,Changeup,field_out,hit_into_play,L,R,LAA,COL,85.60,70.00,-5,153.70,163.54,ground_ball,1,1,2024,2024-07
2024-07-30,2024,R,663567,641645,FF,4-Seam Fastball,,ball,L,R,LAA,COL,93.90,,,,,,0,1,2024,2024-07
2024-07-30,2024,R,663567,641645,FF,4-Seam Fastball,,called_strike,L,R,LAA,COL,92.80,,,,,,0,0,2024,2024-07
2024-07-30,2024,R,663567,650859,FF,4-Seam Fastball,strikeout,swinging_strike,L,R,LAA,COL,95.60,,,,,,1,2,2024,2024-07
2024-07-30,2024,R,663567,650859,CH,Changeup,,ball,L,R,LAA,COL,85.50,,,,,,0,2,2024,2024-07
2024-07-30,2024,R,663567,650859,CH,Changeup,,foul,L,R,LAA,COL,86.90,88.10,-31,,,,0,1,2024,2024-07
2024-07-30,2024,R,663567,650859,SV,Slurve,,called_strike,L,R,LAA,COL,79.90,,,,,,0,0,2024,2024-07
2024-07-30,2024,R,663567,666160,FF,4-Seam Fastball,single,hit_into_play,L,R,LAA,COL,92.90,109.50,11,139.23,60.76,line_drive,0,0,2024,2024-07
2024-07-30,2024,R,663567,666176,SV,Slurve,strikeout,swinging_strike,R,R,LAA,COL,81.00,,,,,,2,2,2024,2024-07
2024-07-30,2024,R,663567,666176,FF,4-Seam Fastball,,ball,R,R,LAA,COL,94.40,,,,,,1,2,2024,2024-07
2024-07-30,2024,R,663567,666176,SL,Slider,,foul,R,R,LAA,COL,86.40,62.50,44,,,,1,1,2024,2024-07
2024-07-30,2024,R,663567,666176,SV,Slurve,,blocked_ball,R,R,LAA,COL,79.40,,,,,,0,1,2024,2024-07
2024-07-30,2024,R,663567,666176,SV,Slurve,,called_strike,R,R,LAA,COL,79.30,,,,,,0,0,2024,2024-07
2024-07-30,2024,R,663567,687263,FF,4-Seam Fastball,field_out,hit_into_play,R,R,LAA,COL,95.00,79.70,25,74.38,104.96,line_drive,1,0,2024,2024-07
2024-07-30,2024,R,663567,687263,SV,Slurve,,ball,R,R,LAA,COL,80.20,,,,,,0,0,2024,2024-07
2024-07-30,2024,R,663567,694384,CH,Changeup,field_out,hit_into_play,L,R,LAA,COL,87.30,93.70,22,129.44,59.35,line_drive,1,2,2024,2024-07
2024-07-30,2024,R,663567,694384,SV,Slurve,,called_strike,L,R,LAA,COL,80.60,,,,,,1,1,2024,2024-07
2024-07-30,2024,R,663567,694384,FF,4-Seam Fastball,,ball,L,R,LAA,COL,93.70,,,,,,0,1,2024,2024-07
2024-07-30,2024,R,663567,694384,CH,Changeup,,called_strike,L,R,LAA,COL,86.00,,,,,,0,0,2024,2024-07
2024-07-30,2024,R,663568,518792,SI,Sinker,field_out,hit_into_play,L,R,SD,LAD,95.70,97.90,-4,160.93,164.28,ground_ball,1,0,2024,2024-07
2024-07-30,2024,R,663568,518792,SL,Slider,,ball,L,R,SD,LAD,88.80,,,,,,0,0,2024,2024-07
2024-07-30,2024,R,663568,571771,FC,Cutter,field_out,hit_into_play,R,R,SD,LAD,91.80,91.80,42,151.11,80.65,fly_ball,1,0,2024,2024-07
2024-07-30,2024,R,663568,571771,FC,Cutter,,ball,R,R,SD,LAD,95.40,,,,,,0,0,2024,2024-07
2024-07-30,2024,R,663568,606192,FC,Cutter,field_out,hit_into_play,R,R,SD,LAD,92.90,63.80,-11,127.51,172.95,ground_ball,2,2,2024,2024-07
2024-07-30,2024,R,663568,606192,SI,Sinker,,ball,R,R,SD,LAD,95.70,,,,,,1,2,2024,2024-07
2024-07-30,2024,R,663568,606192,SL,Slider,,foul,R,R,SD,LAD,87.00,73.90,56,,,,1,2,2024,2024-07
2024-07-30,2024,R,663568,606192,SL,Slider,,ball,R,R,SD,LAD,87.00,,,,,,0,2,2024,2024-07
2024-07-30,2024,R,663568,606192,SI,Sinker,,swinging_strike,R,R,SD,LAD,95.00,,,,,,0,1,2024,2024-07
2024-07-30,2024,R,663568,606192,SI,Sinker,,swinging_strike,R,R,SD,LAD,95.60,,,,,,0,0,2024,2024-07
2024-07-30,2024,R,663568,624415,SI,Sinker,walk,ball,L,R,SD,LAD,94.60,,,,,,3,1,2024,2024-07
2024-07-30,2024,R,663568,624415,FC,Cutter,,ball,L,R,SD,LAD,94.80,,,,,,2,1,2024,2024-07
2024-07-30,2024,R,663568,624415,SI,Sinker,,called_strike,L,R,SD,LAD,95.00,,,,,,2,0,2024,2024-07
2024-07-30,2024,R,663568,624415,SI,Sinker,,ball,L,R,SD,LAD,94.20,,,,,,1,0,2024,2024-07
2024-07-30,2024,R,663568,624415,SL,Slider,,ball,L,R,SD,LAD,86.40,,,,,,0,0,2024,2024-07
2024-07-30,2024,R,663568,681624,SI,Sinker,walk,ball,R,R,SD,LAD,94.70,,,,,,3,2,2024,2024-07
2024-07-30,2024,R,663568,681624,FC,Cutter,,foul,R,R,SD,LAD,96.10,67.70,40,,,,3,2,2024,2024-07
2024-07-30,2024,R,663568,681624,FC,Cutter,,ball,R,R,SD,LAD,94.70,,,,,,2,2,2024,2024-07
2024-07-30,2024,R,663568,681624,FC,Cutter,,swinging_strike,R,R,SD,LAD,96.10,,,,,,2,1,2024,2024-07
2024-07-30,2024,R,663568,681624,SI,Sinker,,ball,R,R,SD,LAD,94.60,,,,,,1,1,2024,2024-07
2024-07-30,2024,R,663568,681624,FC,Cutter,,ball,R,R,SD,LAD,95.10,,,,,,0,1,2024,2024-07
2024-07-30,2024,R,663568,681624,SL,Slider,,called_strike,R,R,SD,LAD,86.70,,,,,,0,0,2024,2024-07
2024-07-30,2024,R,663574,641355,FF,4-Seam Fastball,field_out,hit_into_play,L,R,CIN,CHC,98.40,94.80,-31,109.13,165.88,ground_ball,2,2,2024,2024-07
2024-07-30,2024,R,663574,641355,SL,Slider,,foul,L,R,CIN,CHC,89.40,,,,,,2,2,2024,2024-07
2024-07-30,2024,R,663574,641355,FF,4-Seam Fastball,,ball,L,R,CIN,CHC,99.20,,,,,,1,2,2024,2024-07
2024-07-30,2024,R,663574,641355,SL,Slider,,ball,L,R,CIN,CHC,88.90,,,,,,0,2,2024,2024-07
2024-07-30,2024,R,663574,641355,FF,4-Seam Fastball,,foul,L,R,CIN,CHC,98.00,86.00,32,,,,0,2,2024,2024-07
2024-07-30,2024,R,663574,641355,FF,4-Seam Fastball,,foul,L,R,CIN,CHC,98.10,85.00,32,,,,0,1,2024,2024-07
2024-07-30,2024,R,663574,641355,FF,4-Seam Fastball,,called_strike,L,R,CIN,CHC,98.20,,,,,,0,0,2024,2024-07
2024-07-30,2024,R,663574,664023,SV,Slurve,field_out,hit_into_play,L,R,CIN,CHC,88.10,81.40,40,93.70,95.69,fly_ball,1,2,2024,2024-07
2024-07-30,2024,R,663574,664023,FF,4-Seam Fastball,,foul,L,R,CIN,CHC,99.20,74.20,38,,,,1,2,2024,2024-07
2024-07-30,2024,R,663574,664023,FF,4-Seam Fastball,,swinging_strike,L,R,CIN,CHC,97.90,,,,,,1,1,2024,2024-07
2024-07-30,2024,R,663574,664023,SL,Slider,,called_strike,L,R,CIN,CHC,87.40,,,,,,1,0,2024,2024-07
2024-07-30,2024,R,663574,664023,FF,4-Seam Fastball,,ball,L,R,CIN,CHC,97.40,,,,,,0,0,2024,2024-07
2024-07-30,2024,R,663574,673548,FF,4-Seam Fastball,force_out,hit_into_play,R,R,CIN,CHC,98.80,77.80,-40,132.78,153.14,ground_ball,0,2,2024,2024-07
2024-07-30,2024,R,663574,673548,FF,4-Seam Fastball,,foul,R,R,CIN,CHC,99.20,73.90,70,,,,0,2,2024,2024-07
2024-07-30,2024,R,663574,673548,SV,Slurve,,foul,R,R,CIN,CHC,88.50,75.60,42,,,,0,1,2024,2024-07
2024-07-30,2024,R,663574,673548,FF,4-Seam Fastball,,called_strike,R,R,CIN,CHC,97.90,,,,,,0,0,2024,2024-07
2024-07-30,2024,R,663574,683737,FF,4-Seam Fastball,walk,ball,L,R,CIN,CHC,98.40,,,,,,3,2,2024,2024-07
2024-07-30,2024,R,663574,683737,FF,4-Seam Fastball,,foul,L,R,CIN,CHC,98.40,77.10,34,,,,3,2,2024,2024-07
2024-07-30,2024,R,663574,683737,FF,4-Seam Fastball,,ball,L,R,CIN,CHC,98.50,,,,,,2,2,2024,2024-07
2024-07-30,2024,R,663574,683737,FF,4-Seam Fastball,,ball,L,R,CIN,CHC,99.30,,,,,,1,2,2024,2024-07
2024-07-30,2024,R,663574,683737,FF,4-Seam Fastball,,swinging_strike,L,R,CIN,CHC,98.40,,,,,,1,1,2024,2024-07
2024-07-30,2024,R,663574,683737,SL,Slider,,ball,L,R,CIN,CHC,88.40,,,,,,0,1,2024,2024-07
2024-07-30,2024,R,663574,683737,SL,Slider,,called_strike,L,R,CIN,CHC,88.20,,,,,,0,0,2024,2024-07
2024-07-30,2024,R,663893,623993,FC,Cutter,home_run,hit_into_play,R,L,BAL,TOR,93.90,97.40,30,197.48,74.50,fly_ball,3,2,2024,2024-07
2024-07-30,2024,R,663893,623993,FC,Cutter,,foul,R,L,BAL,TOR,94.60,80.70,-15,,,,3,2,2024,2024-07
2024-07-30,2024,R,663893,623993,SI,Sinker,,ball,R,L,BAL,TOR,94.80,,,,,,2,2,2024,2024-07
2024-07-30,2024,R,663893,623993,KC,Knuckle Curve,,foul,R,L,BAL,TOR,88.60,76.10,-50,,,,2,2,2024,2024-07
2024-07-30,2024,R,663893,623993,KC,Knuckle Curve,,ball,R,L,BAL,TOR,87.80,,,,,,1,2,2024,2024-07
2024-07-30,2024,R,663893,623993,KC,Knuckle Curve,,swinging_strike,R,L,BAL,TOR,86.70,,,,,,1,1,2024,2024-07
2024-07-30,2024,R,663893,623993,SI,Sinker,,called_strike,R,L,BAL,TOR,95.30,,,,,,1,0,2024,2024-07
2024-07-30,2024,R,663893,623993,FC,Cutter,,ball,R,L,BAL,TOR,95.00,,,,,,0,0,2024,2024-07
2024-07-30,2024,R,663893,656811,KC,Knuckle Curve,strikeout,swinging_strike,L,L,BAL,TOR,86.50,,,,,,1,2,2024,2024-07
2024-07-30,2024,R,663893,656811,FC,Cutter,,called_strike,L,L,BAL,TOR,94.30,,,,,,1,1,2024,2024-07
2024-07-30,2024,R,663893,656811,FC,Cutter,,called_strike,L,L,BAL,TOR,94.30,,,,,,1,0,2024,2024-07
2024-07-30,2024,R,663893,656811,SI,Sinker,,ball,L,L,BAL,TOR,95.80,,,,,,0,0,2024,2024-07
2024-07-30,2024,R,663893,663624,FC,Cutter,field_out,hit_into_play,R,L,BAL,TOR,94.20,97.50,-5,155.75,154.14,ground_ball,0,1,2024,2024-07
2024-07-30,2024,R,663893,663624,KC,Knuckle Curve,,called_strike,R,L,BAL,TOR,87.60,,,,,,0,0,2024,2024-07
2024-07-30,2024,R,663893,683002,SI,Sinker,field_out,hit_into_play,L,L,BAL,TOR,94.00,93.30,-27,123.26,149.57,ground_ball,2,1,2024,2024-07
2024-07-30,2024,R,663893,683002,FC,Cutter,,called_strike,L,L,BAL,TOR,92.60,,,,,,2,0,2024,2024-07
2024-07-30,2024,R,663893,683002,SI,Sinker,,ball,L,L,BAL,TOR,95.00,,,,,,1,0,2024,2024-07
2024-07-30,2024,R,663893,683002,SI,Sinker,,ball,L,L,BAL,TOR,93.90,,,,,,0,0,2024,2024-07
2024-07-30,2024,R,663947,595978,FC,Cutter,field_out,hit_into_play,R,L,DET,CLE,84.90,76.70,-29,101.52,158.53,ground_ball,2,2,2024,2024-07
2024-07-30,2024,R,663947,595978,FC,Cutter,,called_strike,R,L,DET,CLE,84.40,,,,,,2,1,2024,2024-07
2024-07-30,2024,R,663947,595978,FC,Cutter,,foul,R,L,DET,CLE,85.30,81.70,10,,,,2,0,2024,2024-07
2024-07-30,2024,R,663947,595978,CH,Changeup,,ball,R,L,DET,CLE,83.10,,,,,,1,0,2024,2024-07
2024-07-30,2024,R,663947,595978,FC,Cutter,,ball,R,L,DET,CLE,85.50,,,,,,0,0,2024,2024-07
2024-07-30,2024,R,663947,608070,FC,Cutter,field_out,hit_into_play,R,L,DET,CLE,86.10,96.90,26,102.77,47.81,fly_ball,2,0,2024,2024-07
2024-07-30,2024,R,663947,608070,FF,4-Seam Fastball,,ball,R,L,DET,CLE,91.60,,,,,,1,0,2024,2024-07
2024-07-30,2024,R,663947,608070,FF,4-Seam Fastball,,ball,R,L,DET,CLE,91.50,,,,,,0,0,2024,2024-07
2024-07-30,2024,R,663947,647304,SI,Sinker,field_out,hit_into_play,L,L,DET,CLE,90.80,68.90,70,108.11,169.21,popup,2,1,2024,2024-07
2024-07-30,2024,R,663947,647304,SI,Sinker,,ball,L,L,DET,CLE,90.90,,,,,,1,1,2024,2024-07
2024-07-30,2024,R,663947,647304,SI,Sinker,,called_strike,L,L,DET,CLE,91.40,,,,,,1,0,2024,2024-07
2024-07-30,2024,R,663947,647304,SI,Sinker,,ball,L,L,DET,CLE,91.30,,,,,,0,0,2024,2024-07
2024-07-30,2024,R,663947,657041,CH,Changeup,strikeout,swinging_strike,R,L,DET,CLE,84.00,,,,,,1,2,2024,2024-07
2024-07-30,2024,R,663947,657041,FC,Cutter,,ball,R,L,DET,CLE,84.00,,,,,,0,2,2024,2024-07
2024-07-30,2024,R,663947,657041,FC,Cutter,,called_strike,R,L,DET,CLE,85.90,,,,,,0,1,2024,2024-07
2024-07-30,2024,R,663947,657041,FC,Cutter,,called_strike,R,L,DET,CLE,85.40,,,,,,0,0,2024,2024-07
2024-07-30,2024,R,663947,665926,ST,Sweeper,single,hit_into_play,L,L,DET,CLE,77.40,75.00,15,168.90,122.66,line_drive,1,1,2024,2024-07
2024-07-30,2024,R,663947,665926,SI,Sinker,,foul,L,L,DET,CLE,90.80,76.60,20,,,,1,0,2024,2024-07
2024-07-30,2024,R,663947,665926,SI,Sinker,,ball,L,L,DET,CLE,90.30,,,,,,0,0,2024,2024-07
2024-07-30,2024,R,663947,671289,FC,Cutter,single,hit_into_play,R,L,DET,CLE,84.90,65.90,24,129.64,111.21,line_drive,0,1,2024,2024-07
2024-07-30,2024,R,663947,671289,FC,Cutter,,foul,R,L,DET,CLE,86.90,86.40,-9,,,,0,0,2024,2024-07
2024-07-30,2024,R,663947,680757,SI,Sinker,field_out,hit_into_play,L,L,DET,CLE,89.40,30.70,-55,126.57,183.91,ground_ball,1,0,2024,2024-07
2024-07-30,2024,R,663947,680757,SI,Sinker,,ball,L,L,DET,CLE,91.10,,,,,,0,0,2024,2024-07
2024-07-30,2024,R,663947,680757,SI,Sinker,field_out,hit_into_play,L,L,DET,CLE,90.80,88.50,23,51.90,110.13,line_drive,1,2,2024,2024-07
2024-07-30,2024,R,663947,680757,SI,Sinker,,foul,L,L,DET,CLE,90.90,81.00,74,,,,1,1,2024,2024-07
2024-07-30,2024,R,663947,680757,ST,Sweeper,,ball,L,L,DET,CLE,77.50,,,,,,0,1,2024,2024-07
2024-07-30,2024,R,663947,680757,SI,Sinker,,called_strike,L,L,DET,CLE,90.20,,,,,,0,0,2024,2024-07
2024-07-30,2024,R,663947,682177,FF,4-Seam Fastball,field_out,hit_into_play,L,L,DET,CLE,91.90,90.70,57,116.74,91.39,fly_ball,2,2,2024,2024-07
2024-07-30,2024,R,663947,682177,SI,Sinker,,swinging_strike,L,L,DET,CLE,92.00,,,,,,2,1,2024,2024-07
2024-07-30,2024,R,663947,682177,SI,Sinker,,ball,L,L,DET,CLE,91.70,,,,,,1,1,2024,2024-07
2024-07-30,2024,R,663947,682177,SI,Sinker,,swinging_strike,L,L,DET,CLE,91.60,,,,,,1,0,2024,2024-07
2024-07-30,2024,R,663947,682177,SI,Sinker,,ball,L,L,DET,CLE,91.90,,,,,,0,0,2024,2024-07
2024-07-30,2024,R,663947,682657,CH,Changeup,field_out,hit_into_play,R,L,DET,CLE,83.70,79.70,3,101.08,174.75,ground_ball,0,1,2024,2024-07
2024-07-30,2024,R,663947,682657,CH,Changeup,,foul,R,L,DET,CLE,83.80,79.70,15,,,,0,0,2024,2024-07
2024-07-30,2024,R,664076,682073,ST,Sweeper,strikeout,called_strike,R,L,TB,MIA,80.60,,,,,,1,2,2024,2024-07
2024-07-30,2024,R,664076,682073,FC,Cutter,,blocked_ball,R,L,TB,MIA,88.90,,,,,,0,2,2024,2024-07
2024-07-30,2024,R,664076,682073,FF,4-Seam Fastball,,called_strike,R,L,TB,MIA,96.70,,,,,,0,1,2024,2024-07
2024-07-30,2024,R,664076,682073,FC,Cutter,,foul,R,L,TB,MIA,90.10,,,,,,0,0,2024,2024-07
2024-07-30,2024,R,664079,542303,FC,Cutter,strikeout,swinging_strike,R,L,MIL,ATL,91.50,,,,,,2,2,2024,2024-07
2024-07-30,2024,R,664079,542303,SI,Sinker,,foul,R,L,MIL,ATL,95.70,86.70,43,,,,2,2,2024,2024-07
2024-07-30,2024,R,664079,542303,FC,Cutter,,foul,R,L,MIL,ATL,90.30,74.90,23,,,,2,1,2024,2024-07
2024-07-30,2024,R,664079,542303,SI,Sinker,,ball,R,L,MIL,ATL,95.00,,,,,,1,1,2024,2024-07
2024-07-30,2024,R,664079,542303,ST,Sweeper,,blocked_ball,R,L,MIL,ATL,83.90,,,,,,0,1,2024,2024-07
2024-07-30,2024,R,664079,542303,ST,Sweeper,,called_strike,R,L,MIL,ATL,83.80,,,,,,0,0,2024,2024-07
2024-07-30,2024,R,664079,594807,ST,Sweeper,strikeout,swinging_strike,R,L,MIL,ATL,84.00,,,,,,0,2,2024,2024-07
2024-07-30,2024,R,664079,594807,SI,Sinker,,foul,R,L,MIL,ATL,93.90,80.40,55,,,,0,2,2024,2024-07
2024-07-30,2024,R,664079,594807,FC,Cutter,,foul,R,L,MIL,ATL,90.60,75.30,61,,,,0,1,2024,2024-07
2024-07-30,2024,R,664079,594807,SI,Sinker,,swinging_strike,R,L,MIL,ATL,94.20,,,,,,0,0,2024,2024-07
2024-07-30,2024,R,664079,606115,SI,Sinker,grounded_into_double_play,hit_into_play,R,L,MIL,ATL,94.40,81.70,-29,100.50,166.67,ground_ball,1,2,2024,2024-07
2024-07-30,2024,R,664079,606115,SI,Sinker,,ball,R,L,MIL,ATL,94.70,,,,,,0,2,2024,2024-07
2024-07-30,2024,R,664079,606115,SI,Sinker,,called_strike,R,L,MIL,ATL,94.50,,,,,,0,1,2024,2024-07
2024-07-30,2024,R,664079,606115,ST,Sweeper,,called_strike,R,L,MIL,ATL,83.40,,,,,,0,0,2024,2024-07
2024-07-30,2024,R,664079,621566,ST,Sweeper,field_out,hit_into_play,L,L,MIL,ATL,83.60,82.40,48,134.07,102.90,fly_ball,1,1,2024,2024-07
2024-07-30,2024,R,664079,621566,ST,Sweeper,,ball,L,L,MIL,ATL,83.20,,,,,,0,1,2024,2024-07
2024-07-30,2024,R,664079,621566,SI,Sinker,,foul,L,L,MIL,ATL,94.50,92.20,36,,,,0,0,2024,2024-07
2024-07-30,2024,R,664079,663586,SI,Sinker,single,hit_into_play,R,L,MIL,ATL,94.40,110.80,8,180.71,110.21,line_drive,1,2,2024,2024-07
2024-07-30,2024,R,664079,663586,SI,Sinker,,ball,R,L,MIL,ATL,95.30,,,,,,0,2,2024,2024-07
2024-07-30,2024,R,664079,663586,FC,Cutter,,foul,R,L,MIL,ATL,88.70,,,,,,0,2,2024,2024-07
2024-07-30,2024,R,664079,663586,SI,Sinker,,foul,R,L,MIL,ATL,94.60,,,,,,0,2,2024,2024-07
2024-07-30,2024,R,664079,663586,FC,Cutter,,called_strike,R,L,MIL,ATL,90.50,,,,,,0,1,2024,2024-07
2024-07-30,2024,R,664079,663586,SI,Sinker,,called_strike,R,L,MIL,ATL,94.70,,,,,,0,0,2024,2024-07
2024-07-30,2024,R,664079,669221,FC,Cutter,single,hit_into_play,R,L,MIL,ATL,91.70,92.50,-12,116.74,86.81,ground_ball,0,2,2024,2024-07
2024-07-30,2024,R,664079,669221,SI,Sinker,,called_strike,R,L,MIL,ATL,94.30,,,,,,0,1,2024,2024-07
2024-07-30,2024,R,664079,669221,FC,Cutter,,called_strike,R,L,MIL,ATL,89.50,,,,,,0,0,2024,2024-07
2024-07-30,2024,R,664079,672284,SI,Sinker,walk,ball,L,L,MIL,ATL,93.80,,,,,,3,0,2024,2024-07
2024-07-30,2024,R,664079,672284,SI,Sinker,,ball,L,L,MIL,ATL,94.60,,,,,,2,0,2024,2024-07
2024-07-30,2024,R,664079,672284,FC,Cutter,,ball,L,L,MIL,ATL,91.30,,,,,,1,0,2024,2024-07
2024-07-30,2024,R,664079,672284,ST,Sweeper,,ball,L,L,MIL,ATL,83.80,,,,,,0,0,2024,2024-07
2024-07-30,2024,R,664079,805373,FC,Cutter,field_out,hit_into_play,R,L,MIL,ATL,89.50,84.70,28,141.44,73.71,line_drive,2,2,2024,2024-07
2024-07-30,2024,R,664079,805373,SI,Sinker,,foul,R,L,MIL,ATL,94.50,95.10,5,,,,2,2,2024,2024-07
2024-07-30,2024,R,664079,805373,ST,Sweeper,,foul,R,L,MIL,ATL,84.00,91.80,20,,,,2,2,2024,2024-07
2024-07-30,2024,R,664079,805373,SI,Sinker,,foul,R,L,MIL,ATL,93.80,93.10,25,,,,2,2,2024,2024-07
2024-07-30,2024,R,664079,805373,FC,Cutter,,ball,R,L,MIL,ATL,89.60,,,,,,1,2,2024,2024-07
2024-07-30,2024,R,664079,805373,SI,Sinker,,ball,R,L,MIL,ATL,95.00,,,,,,0,2,2024,2024-07
2024-07-30,2024,R,664079,805373,FC,Cutter,,called_strike,R,L,MIL,ATL,89.90,,,,,,0,1,2024,2024-07
2024-07-30,2024,R,664079,805373,SI,Sinker,,foul_tip,R,L,MIL,ATL,94.40,,,,,,0,0,2024,2024-07
2024-07-30,2024,R,664747,643565,FF,4-Seam Fastball,walk,ball,L,R,CIN,CHC,93.40,,,,,,3,0,2024,2024-07
2024-07-30,2024,R,664747,643565,FF,4-Seam Fastball,,ball,L,R,CIN,CHC,92.30,,,,,,2,0,2024,2024-07
2024-07-30,2024,R,664747,643565,FF,4-Seam Fastball,,ball,L,R,CIN,CHC,93.60,,,,,,1,0,2024,2024-07
2024-07-30,2024,R,664747,643565,FF,4-Seam Fastball,,ball,L,R,CIN,CHC,93.10,,,,,,0,0,2024,2024-07
2024-07-30,2024,R,664747,664023,SL,Slider,field_out,hit_into_play,L,R,CIN,CHC,89.00,96.50,42,49.09,90.37,fly_ball,2,2,2024,2024-07
2024-07-30,2024,R,664747,664023,FF,4-Seam Fastball,,ball,L,R,CIN,CHC,95.50,,,,,,1,2,2024,2024-07
2024-07-30,2024,R,664747,664023,FF,4-Seam Fastball,,foul,L,R,CIN,CHC,94.20,94.40,-5,,,,1,2,2024,2024-07
2024-07-30,2024,R,664747,664023,SL,Slider,,foul,L,R,CIN,CHC,88.80,,,,,,1,2,2024,2024-07
2024-07-30,2024,R,664747,664023,FF,4-Seam Fastball,,ball,L,R,CIN,CHC,96.20,,,,,,0,2,2024,2024-07
2024-07-30,2024,R,664747,664023,SL,Slider,,swinging_strike,L,R,CIN,CHC,87.50,,,,,,0,1,2024,2024-07
2024-07-30,2024,R,664747,664023,SL,Slider,,called_strike,L,R,CIN,CHC,87.70,,,,,,0,0,2024,2024-07
2024-07-30,2024,R,664747,673548,SL,Slider,field_out,hit_into_play,R,R,CIN,CHC,88.40,73.30,27,93.19,104.62,fly_ball,1,1,2024,2024-07
2024-07-30,2024,R,664747,673548,FF,4-Seam Fastball,,ball,R,R,CIN,CHC,95.50,,,,,,0,1,2024,2024-07
2024-07-30,2024,R,664747,673548,FF,4-Seam Fastball,,called_strike,R,R,CIN,CHC,94.90,,,,,,0,0,2024,2024-07
2024-07-30,2024,R,664747,683737,FF,4-Seam Fastball,field_out,hit_into_play,L,R,CIN,CHC,94.00,84.10,-16,144.91,153.75,ground_ball,0,1,2024,2024-07
2024-07-30,2024,R,664747,683737,FF,4-Seam Fastball,,called_strike,L,R,CIN,CHC,94.00,,,,,,0,0,2024,2024-07
2024-07-30,2024,R,664776,592206,ST,Sweeper,strikeout,swinging_strike,R,R,PHI,NYY,82.10,,,,,,1,2,2024,2024-07
2024-07-30,2024,R,664776,592206,ST,Sweeper,,swinging_strike,R,R,PHI,NYY,83.30,,,,,,1,1,2024,2024-07
2024-07-30,2024,R,664776,592206,ST,Sweeper,,ball,R,R,PHI,NYY,82.40,,,,,,0,1,2024,2024-07
2024-07-30,2024,R,664776,592206,SI,Sinker,,called_strike,R,R,PHI,NYY,95.60,,,,,,0,0,2024,2024-07
2024-07-30,2024,R,664776,592663,ST,Sweeper,field_out,hit_into_play,R,R,PHI,NYY,83.10,69.30,-17,97.39,157.06,ground_ball,1,2,2024,2024-07
2024-07-30,2024,R,664776,592663,ST,Sweeper,,ball,R,R,PHI,NYY,81.90,,,,,,0,2,2024,2024-07
2024-07-30,2024,R,664776,592663,ST,Sweeper,,swinging_strike,R,R,PHI,NYY,83.10,,,,,,0,1,2024,2024-07
2024-07-30,2024,R,664776,592663,ST,Sweeper,,swinging_strike,R,R,PHI,NYY,83.00,,,,,,0,0,2024,2024-07
2024-07-30,2024,R,664875,621493,ST,Sweeper,strikeout,swinging_strike,R,R,LAA,COL,80.40,,,,,,1,2,2024,2024-07
2024-07-30,2024,R,664875,621493,ST,Sweeper,,ball,R,R,LAA,COL,81.40,,,,,,0,2,2024,2024-07
2024-07-30,2024,R,664875,621493,ST,Sweeper,,called_strike,R,R,LAA,COL,80.10,,,,,,0,1,2024,2024-07
2024-07-30,2024,R,664875,621493,SI,Sinker,,called_strike,R,R,LAA,COL,93.00,,,,,,0,0,2024,2024-07
2024-07-30,2024,R,664875,641432,SI,Sinker,walk,ball,L,R,LAA,COL,93.80,,,,,,3,1,2024,2024-07
2024-07-30,2024,R,664875,641432,SI,Sinker,,ball,L,R,LAA,COL,94.20,,,,,,2,1,2024,2024-07
2024-07-30,2024,R,664875,641432,SI,Sinker,,ball,L,R,LAA,COL,94.90,,,,,,1,1,2024,2024-07
2024-07-30,2024,R,664875,641432,ST,Sweeper,,called_strike,L,R,LAA,COL,80.80,,,,,,1,0,2024,2024-07
2024-07-30,2024,R,664875,641432,SI,Sinker,,ball,L,R,LAA,COL,95.30,,,,,,0,0,2024,2024-07
2024-07-30,2024,R,664875,642136,SI,Sinker,single,hit_into_play,L,R,LAA,COL,93.60,108.40,18,162.21,55.67,line_drive,1,0,2024,2024-07
2024-07-30,2024,R,664875,642136,SI,Sinker,,ball,L,R,LAA,COL,95.70,,,,,,0,0,2024,2024-07
2024-07-30,2024,R,664875,650859,SI,Sinker,single,hit_into_play,L,R,LAA,COL,92.40,73.90,27,126.41,87.51,fly_ball,3,1,2024,2024-07
2024-07-30,2024,R,664875,650859,SI,Sinker,,ball,L,R,LAA,COL,92.80,,,,,,2,1,2024,2024-07
2024-07-30,2024,R,664875,650859,SI,Sinker,,foul,L,R,LAA,COL,91.90,83.00,34,,,,2,0,2024,2024-07
2024-07-30,2024,R,664875,650859,SI,Sinker,,ball,L,R,LAA,COL,92.70,,,,,,1,0,2024,2024-07
2024-07-30,2024,R,664875,650859,ST,Sweeper,,ball,L,R,LAA,COL,80.20,,,,,,0,0,2024,2024-07
2024-07-30,2024,R,664875,666160,SI,Sinker,field_out,hit_into_play,L,R,LAA,COL,94.20,90.90,41,49.06,100.65,fly_ball,0,0,2024,2024-07
2024-07-30,2024,R,664875,666176,SI,Sinker,hit_by_pitch,hit_by_pitch,R,R,LAA,COL,95.90,,,,,,2,0,2024,2024-07
2024-07-30,2024,R,664875,666176,ST,Sweeper,,ball,R,R,LAA,COL,82.00,,,,,,1,0,2024,2024-07
2024-07-30,2024,R,664875,666176,SI,Sinker,,ball,R,R,LAA,COL,96.00,,,,,,0,0,2024,2024-07
2024-07-30,2024,R,664875,687263,SI,Sinker,sac_bunt,hit_into_play,R,R,LAA,COL,94.90,39.80,-47,132.54,185.00,ground_ball,0,0,2024,2024-07
2024-07-30,2024,R,665795,642350,CU,Curveball,strikeout,swinging_strike,R,R,TB,MIA,86.80,,,,,,2,2,2024,2024-07
2024-07-30,2024,R,665795,642350,CH,Changeup,,foul,R,R,TB,MIA,95.10,83.50,-31,,,,2,2,2024,2024-07
2024-07-30,2024,R,665795,642350,FF,4-Seam Fastball,,ball,R,R,TB,MIA,96.90,,,,,,1,2,2024,2024-07
2024-07-30,2024,R,665795,642350,CH,Changeup,,blocked_ball,R,R,TB,MIA,95.50,,,,,,0,2,2024,2024-07
2024-07-30,2024,R,665795,642350,CU,Curveball,,foul,R,R,TB,MIA,86.00,69.80,25,,,,0,1,2024,2024-07
2024-07-30,2024,R,665795,642350,CU,Curveball,,called_strike,R,R,TB,MIA,85.50,,,,,,0,0,2024,2024-07
2024-07-30,2024,R,665795,642350,CH,Changeup,hit_by_pitch,hit_by_pitch,R,R,TB,MIA,95.00,,,,,,1,2,2024,2024-07
2024-07-30,2024,R,665795,642350,CU,Curveball,,ball,R,R,TB,MIA,85.90,,,,,,0,2,2024,2024-07
2024-07-30,2024,R,665795,642350,FF,4-Seam Fastball,,swinging_strike,R,R,TB,MIA,97.20,,,,,,0,1,2024,2024-07
2024-07-30,2024,R,665795,642350,CH,Changeup,,swinging_strike,R,R,TB,MIA,92.60,,,,,,0,0,2024,2024-07
2024-07-30,2024,R,665795,650490,CH,Changeup,strikeout,swinging_strike,R,R,TB,MIA,95.80,,,,,,1,2,2024,2024-07
2024-07-30,2024,R,665795,650490,CH,Changeup,,swinging_strike,R,R,TB,MIA,93.80,,,,,,1,1,2024,2024-07
2024-07-30,2024,R,665795,650490,SI,Sinker,,foul,R,R,TB,MIA,96.50,71.70,53,,,,1,0,2024,2024-07
2024-07-30,2024,R,665795,650490,FF,4-Seam Fastball,,ball,R,R,TB,MIA,96.20,,,,,,0,0,2024,2024-07
2024-07-30,2024,R,665795,650490,SI,Sinker,strikeout,called_strike,R,R,TB,MIA,98.70,,,,,,3,2,2024,2024-07
2024-07-30,2024,R,665795,650490,CU,Curveball,,ball,R,R,TB,MIA,87.30,,,,,,2,2,2024,2024-07
2024-07-30,2024,R,665795,650490,CH,Changeup,,foul,R,R,TB,MIA,95.90,69.80,36,,,,2,2,2024,2024-07
2024-07-30,2024,R,665795,650490,SI,Sinker,,foul,R,R,TB,MIA,98.00,92.00,25,,,,2,1,2024,2024-07
2024-07-30,2024,R,665795,650490,CH,Changeup,,ball,R,R,TB,MIA,95.70,,,,,,1,1,2024,2024-07
2024-07-30,2024,R,665795,650490,SI,Sinker,,called_strike,R,R,TB,MIA,96.70,,,,,,1,0,2024,2024-07
2024-07-30,2024,R,665795,650490,CU,Curveball,,ball,R,R,TB,MIA,87.00,,,,,,0,0,2024,2024-07
2024-07-30,2024,R,665795,650490,CH,Changeup,strikeout,swinging_strike,R,R,TB,MIA,93.30,,,,,,2,2,2024,2024-07
2024-07-30,2024,R,665795,650490,CU,Curveball,,foul,R,R,TB,MIA,84.50,71.20,59,,,,2,2,2024,2024-07
2024-07-30,2024,R,665795,650490,FF,4-Seam Fastball,,called_strike,R,R,TB,MIA,93.90,,,,,,2,1,2024,2024-07
2024-07-30,2024,R,665795,650490,CH,Changeup,,ball,R,R,TB,MIA,89.00,,,,,,1,1,2024,2024-07
2024-07-30,2024,R,665795,650490,CH,Changeup,,foul,R,R,TB,MIA,87.00,65.50,-52,,,,1,0,2024,2024-07
2024-07-30,2024,R,665795,650490,FF,4-Seam Fastball,,ball,R,R,TB,MIA,91.50,,,,,,0,0,2024,2024-07
2024-07-30,2024,R,665795,664040,CH,Changeup,,ball,L,R,TB,MIA,95.90,,,,,,1,0,2024,2024-07
2024-07-30,2024,R,665795,664040,SI,Sinker,,ball,L,R,TB,MIA,97.10,,,,,,0,0,2024,2024-07
2024-07-30,2024,R,665795,664040,CH,Changeup,strikeout,swinging_strike,L,R,TB,MIA,95.10,,,,,,1,2,2024,2024-07
2024-07-30,2024,R,665795,664040,CU,Curveball,,swinging_strike,L,R,TB,MIA,85.80,,,,,,1,1,2024,2024-07
2024-07-30,2024,R,665795,664040,FF,4-Seam Fastball,,ball,L,R,TB,MIA,96.70,,,,,,0,1,2024,2024-07
2024-07-30,2024,R,665795,664040,CU,Curveball,,called_strike,L,R,TB,MIA,83.20,,,,,,0,0,2024,2024-07
2024-07-30,2024,R,665795,664040,CH,Changeup,field_out,hit_into_play,L,R,TB,MIA,94.00,86.00,39,107.31,75.10,fly_ball,0,1,2024,2024-07
2024-07-30,2024,R,665795,664040,SI,Sinker,,swinging_strike,L,R,TB,MIA,96.30,,,,,,0,0,2024,2024-07
2024-07-30,2024,R,665795,666139,CH,Changeup,field_out,hit_into_play,L,R,TB,MIA,94.00,102.70,45,87.57,66.40,fly_ball,0,0,2024,2024-07
2024-07-30,2024,R,665795,666139,CH,Changeup,field_out,hit_into_play,L,R,TB,MIA,94.30,97.10,-4,150.62,149.03,ground_ball,3,2,2024,2024-07
2024-07-30,2024,R,665795,666139,CH,Changeup,,ball,L,R,TB,MIA,93.70,,,,,,2,2,2024,2024-07
2024-07-30,2024,R,665795,666139,FF,4-Seam Fastball,,foul,L,R,TB,MIA,97.30,74.40,44,,,,2,1,2024,2024-07
2024-07-30,2024,R,665795,666139,CH,Changeup,,ball,L,R,TB,MIA,93.60,,,,,,1,1,2024,2024-07
2024-07-30,2024,R,665795,666139,CH,Changeup,,foul,L,R,TB,MIA,90.80,59.20,-44,,,,1,0,2024,2024-07
2024-07-30,2024,R,665795,666139,CU,Curveball,,ball,L,R,TB,MIA,83.00,,,,,,0,0,2024,2024-07
2024-07-30,2024,R,665795,666163,CH,Changeup,field_out,hit_into_play,L,R,TB,MIA,95.60,84.80,1,110.61,149.73,ground_ball,2,2,2024,2024-07
2024-07-30,2024,R,665795,666163,FF,4-Seam Fastball,,ball,L,R,TB,MIA,96.60,,,,,,1,2,2024,2024-07
2024-07-30,2024,R,665795,666163,CH,Changeup,,swinging_strike,L,R,TB,MIA,94.50,,,,,,1,1,2024,2024-07
2024-07-30,2024,R,665795,666163,CH,Changeup,,ball,L,R,TB,MIA,94.40,,,,,,0,1,2024,2024-07
2024-07-30,2024,R,665795,666163,FF,4-Seam Fastball,,called_strike,L,R,TB,MIA,95.80,,,,,,0,0,2024,2024-07
2024-07-30,2024,R,665795,666163,CH,Changeup,field_out,hit_into_play,L,R,TB,MIA,95.20,63.20,-38,111.21,163.65,ground_ball,2,2,2024,2024-07
2024-07-30,2024,R,665795,666163,CH,Changeup,,blocked_ball,L,R,TB,MIA,94.30,,,,,,1,2,2024,2024-07
2024-07-30,2024,R,665795,666163,FF,4-Seam Fastball,,called_strike,L,R,TB,MIA,97.50,,,,,,1,1,2024,2024-07
2024-07-30,2024,R,665795,666163,CH,Changeup,,ball,L,R,TB,MIA,93.50,,,,,,0,1,2024,2024-07
2024-07-30,2024,R,665795,666163,FF,4-Seam Fastball,,called_strike,L,R,TB,MIA,96.50,,,,,,0,0,2024,2024-07
2024-07-30,2024,R,665795,666624,CU,Curveball,home_run,hit_into_play,R,R,TB,MIA,85.20,104.90,25,84.15,34.17,fly_ball,0,1,2024,2024-07
2024-07-30,2024,R,665795,666624,SI,Sinker,,foul,R,R,TB,MIA,97.10,93.20,-6,,,,0,0,2024,2024-07
2024-07-30,2024,R,665795,666624,SI,Sinker,field_out,hit_into_play,R,R,TB,MIA,96.30,87.90,66,104.55,167.29,popup,2,0,2024,2024-07
2024-07-30,2024,R,665795,666624,CU,Curveball,,ball,R,R,TB,MIA,83.90,,,,,,1,0,2024,2024-07
2024-07-30,2024,R,665795,666624,CU,Curveball,,ball,R,R,TB,MIA,84.80,,,,,,0,0,2024,2024-07
2024-07-30,2024,R,665795,670764,FF,4-Seam Fastball,single,hit_into_play,L,R,TB,MIA,96.20,83.70,-7,147.54,167.89,ground_ball,0,0,2024,2024-07
2024-07-30,2024,R,665795,670764,CH,Changeup,strikeout,swinging_strike,L,R,TB,MIA,96.30,,,,,,1,2,2024,2024-07
2024-07-30,2024,R,665795,670764,CH,Changeup,,ball,L,R,TB,MIA,94.10,,,,,,0,2,2024,2024-07
2024-07-30,2024,R,665795,670764,FF,4-Seam Fastball,,foul,L,R,TB,MIA,98.20,80.80,14,,,,0,1,2024,2024-07
2024-07-30,2024,R,665795,670764,CU,Curveball,,called_strike,L,R,TB,MIA,85.60,,,,,,0,0,2024,2024-07
2024-07-30,2024,R,665795,676609,SI,Sinker,double,hit_into_play,R,R,TB,MIA,98.20,102.30,13,37.45,104.40,line_drive,3,1,2024,2024-07
2024-07-30,2024,R,665795,676609,SI,Sinker,,ball,R,R,TB,MIA,97.50,,,,,,2,1,2024,2024-07
2024-07-30,2024,R,665795,676609,SI,Sinker,,foul,R,R,TB,MIA,97.40,,,,,,2,0,2024,2024-07
2024-07-30,2024,R,665795,676609,FF,4-Seam Fastball,,ball,R,R,TB,MIA,96.70,,,,,,1,0,2024,2024-07
2024-07-30,2024,R,665795,676609,CH,Changeup,,ball,R,R,TB,MIA,93.80,,,,,,0,0,2024,2024-07
2024-07-30,2024,R,665795,676609,CU,Curveball,strikeout,swinging_strike,R,R,TB,MIA,86.10,,,,,,2,2,2024,2024-07
2024-07-30,2024,R,665795,676609,FF,4-Seam Fastball,,ball,R,R,TB,MIA,98.00,,,,,,1,2,2024,2024-07
2024-07-30,2024,R,665795,676609,CH,Changeup,,foul,R,R,TB,MIA,93.00,69.60,-39,,,,1,1,2024,2024-07
2024-07-30,2024,R,665795,676609,SI,Sinker,,called_strike,R,R,TB,MIA,97.70,,,,,,1,0,2024,2024-07
2024-07-30,2024,R,665795,676609,CU,Curveball,,ball,R,R,TB,MIA,84.70,,,,,,0,0,2024,2024-07
2024-07-30,2024,R,665795,680700,CH,Changeup,walk,ball,L,R,TB,MIA,95.10,,,,,,3,2,2024,2024-07
2024-07-30,2024,R,665795,680700,CU,Curveball,,blocked_ball,L,R,TB,MIA,86.50,,,,,,2,2,2024,2024-07
2024-07-30,2024,R,665795,680700,FF,4-Seam Fastball,,ball,L,R,TB,MIA,98.00,,,,,,1,2,2024,2024-07
2024-07-30,2024,R,665795,680700,FF,4-Seam Fastball,,swinging_strike,L,R,TB,MIA,97.30,,,,,,1,1,2024,2024-07
2024-07-30,2024,R,665795,680700,CU,Curveball,,called_strike,L,R,TB,MIA,85.40,,,,,,1,0,2024,2024-07
2024-07-30,2024,R,665795,680700,CH,Changeup,,ball,L,R,TB,MIA,94.80,,,,,,0,0,2024,2024-07
2024-07-30,2024,R,665795,680700,CH,Changeup,field_out,hit_into_play,L,R,TB,MIA,94.10,75.00,-17,154.80,158.21,ground_ball,0,0,2024,2024-07
2024-07-30,2024,R,666214,665926,FC,Cutter,field_out,hit_into_play,L,L,DET,CLE,85.70,97.10,18,163.51,87.30,line_drive,1,0,2024,2024-07
2024-07-30,2024,R,666214,665926,FC,Cutter,,ball,L,L,DET,CLE,86.30,,,,,,0,0,2024,2024-07
2024-07-30,2024,R,666214,677587,FF,4-Seam Fastball,home_run,hit_into_play,R,L,DET,CLE,92.80,103.80,25,75.90,45.46,fly_ball,2,1,2024,2024-07
2024-07-30,2024,R,666214,677587,CH,Changeup,,ball,R,L,DET,CLE,86.80,,,,,,1,1,2024,2024-07
2024-07-30,2024,R,666214,677587,CH,Changeup,,swinging_strike,R,L,DET,CLE,84.70,,,,,,1,0,2024,2024-07
2024-07-30,2024,R,666214,677587,FF,4-Seam Fastball,,ball,R,L,DET,CLE,94.80,,,,,,0,0,2024,2024-07
2024-07-30,2024,R,666214,682177,FC,Cutter,field_out,hit_into_play,L,L,DET,CLE,85.00,76.10,82,107.61,203.29,popup,1,0,2024,2024-07
2024-07-30,2024,R,666214,682177,FC,Cutter,,ball,L,L,DET,CLE,87.30,,,,,,0,0,2024,2024-07
2024-07-30,2024,R,666214,682657,CH,Changeup,strikeout,swinging_strike,R,L,DET,CLE,85.00,,,,,,3,2,2024,2024-07
2024-07-30,2024,R,666214,682657,FC,Cutter,,called_strike,R,L,DET,CLE,85.20,,,,,,3,1,2024,2024-07
2024-07-30,2024,R,666214,682657,FF,4-Seam Fastball,,ball,R,L,DET,CLE,93.40,,,,,,2,1,2024,2024-07
2024-07-30,2024,R,666214,682657,FF,4-Seam Fastball,,ball,R,L,DET,CLE,93.70,,,,,,1,1,2024,2024-07
2024-07-30,2024,R,666214,682657,CH,Changeup,,foul,R,L,DET,CLE,84.80,68.70,56,,,,1,0,2024,2024-07
2024-07-30,2024,R,666214,682657,FC,Cutter,,ball,R,L,DET,CLE,86.70,,,,,,0,0,2024,2024-07
2024-07-30,2024,R,666974,661531,CH,Changeup,strikeout,swinging_strike,R,R,BAL,TOR,92.30,,,,,,2,2,2024,2024-07
2024-07-30,2024,R,666974,661531,CH,Changeup,,ball,R,R,BAL,TOR,92.50,,,,,,1,2,2024,2024-07
2024-07-30,2024,R,666974,661531,SI,Sinker,,foul,R,R,BAL,TOR,95.90,79.30,-25,,,,1,1,2024,2024-07
2024-07-30,2024,R,666974,661531,SI,Sinker,,ball,R,R,BAL,TOR,96.40,,,,,,0,1,2024,2024-07
2024-07-30,2024,R,666974,661531,SI,Sinker,,called_strike,R,R,BAL,TOR,95.60,,,,,,0,0,2024,2024-07
2024-07-30,2024,R,666974,676391,SI,Sinker,field_out,hit_into_play,R,R,BAL,TOR,96.70,99.70,-10,128.84,182.57,ground_ball,3,2,2024,2024-07
2024-07-30,2024,R,666974,676391,SI,Sinker,,called_strike,R,R,BAL,TOR,96.50,,,,,,3,1,2024,2024-07
2024-07-30,2024,R,666974,676391,SI,Sinker,,called_strike,R,R,BAL,TOR,96.40,,,,,,3,0,2024,2024-07
2024-07-30,2024,R,666974,676391,SI,Sinker,,ball,R,R,BAL,TOR,96.30,,,,,,2,0,2024,2024-07
2024-07-30,2024,R,666974,676391,SL,Slider,,ball,R,R,BAL,TOR,87.10,,,,,,1,0,2024,2024-07
2024-07-30,2024,R,666974,676391,SL,Slider,,ball,R,R,BAL,TOR,86.90,,,,,,0,0,2024,2024-07
2024-07-30,2024,R,668909,570482,CU,Curveball,field_out,hit_into_play,R,R,DET,CLE,76.90,92.30,-7,86.89,153.92,ground_ball,1,1,2024,2024-07
2024-07-30,2024,R,668909,570482,FF,4-Seam Fastball,,ball,R,R,DET,CLE,96.10,,,,,,0,1,2024,2024-07
2024-07-30,2024,R,668909,570482,FF,4-Seam Fastball,,foul,R,R,DET,CLE,95.40,84.30,55,,,,0,0,2024,2024-07
2024-07-30,2024,R,668909,570482,FF,4-Seam Fastball,field_error,hit_into_play,R,R,DET,CLE,98.50,94.60,2,153.29,159.04,ground_ball,2,2,2024,2024-07
2024-07-30,2024,R,668909,570482,FF,4-Seam Fastball,,swinging_strike,R,R,DET,CLE,97.40,,,,,,2,1,2024,2024-07
2024-07-30,2024,R,668909,570482,FF,4-Seam Fastball,,ball,R,R,DET,CLE,97.30,,,,,,1,1,2024,2024-07
2024-07-30,2024,R,668909,570482,FF,4-Seam Fastball,,foul,R,R,DET,CLE,97.90,76.40,38,,,,1,0,2024,2024-07
2024-07-30,2024,R,668909,570482,FF,4-Seam Fastball,,ball,R,R,DET,CLE,97.30,,,,,,0,0,2024,2024-07
2024-07-30,2024,R,668909,628451,CU,Curveball,strikeout,swinging_strike_blocked,R,R,DET,CLE,78.40,,,,,,1,2,2024,2024-07
2024-07-30,2024,R,668909,628451,FF,4-Seam Fastball,,foul,R,R,DET,CLE,95.60,79.20,60,,,,1,1,2024,2024-07
2024-07-30,2024,R,668909,628451,FF,4-Seam Fastball,,ball,R,R,DET,CLE,96.00,,,,,,0,1,2024,2024-07
2024-07-30,2024,R,668909,628451,FF,4-Seam Fastball,,foul_tip,R,R,DET,CLE,95.90,,,,,,0,0,2024,2024-07
2024-07-30,2024,R,668909,628451,SL,Slider,field_out,hit_into_play,R,R,DET,CLE,90.00,90.00,50,173.47,100.84,fly_ball,1,1,2024,2024-07
2024-07-30,2024,R,668909,628451,FF,4-Seam Fastball,,foul,R,R,DET,CLE,98.00,81.00,21,,,,1,0,2024,2024-07
2024-07-30,2024,R,668909,628451,SL,Slider,,ball,R,R,DET,CLE,89.60,,,,,,0,0,2024,2024-07
2024-07-30,2024,R,668909,656716,FF,4-Seam Fastball,walk,ball,L,R,DET,CLE,96.90,,,,,,3,2,2024,2024-07
2024-07-30,2024,R,668909,656716,SL,Slider,,foul,L,R,DET,CLE,89.60,86.60,55,,,,3,2,2024,2024-07
2024-07-30,2024,R,668909,656716,FF,4-Seam Fastball,,foul,L,R,DET,CLE,97.00,77.10,56,,,,3,2,2024,2024-07
2024-07-30,2024,R,668909,656716,SL,Slider,,ball,L,R,DET,CLE,89.20,,,,,,2,2,2024,2024-07
2024-07-30,2024,R,668909,656716,FF,4-Seam Fastball,,ball,L,R,DET,CLE,97.30,,,,,,1,2,2024,2024-07
2024-07-30,2024,R,668909,656716,FF,4-Seam Fastball,,called_strike,L,R,DET,CLE,96.30,,,,,,1,1,2024,2024-07
2024-07-30,2024,R,668909,656716,FF,4-Seam Fastball,,ball,L,R,DET,CLE,95.70,,,,,,0,1,2024,2024-07
2024-07-30,2024,R,668909,656716,FF,4-Seam Fastball,,called_strike,L,R,DET,CLE,96.40,,,,,,0,0,2024,2024-07
2024-07-30,2024,R,668909,656716,CU,Curveball,field_out,hit_into_play,L,R,DET,CLE,79.40,91.40,26,47.80,101.33,fly_ball,1,2,2024,2024-07
2024-07-30,2024,R,668909,656716,FF,4-Seam Fastball,,ball,L,R,DET,CLE,97.90,,,,,,0,2,2024,2024-07
2024-07-30,2024,R,668909,656716,FF,4-Seam Fastball,,foul,L,R,DET,CLE,98.30,78.60,32,,,,0,2,2024,2024-07
2024-07-30,2024,R,668909,656716,FF,4-Seam Fastball,,swinging_strike,L,R,DET,CLE,98.00,,,,,,0,1,2024,2024-07
2024-07-30,2024,R,668909,656716,CU,Curveball,,foul,L,R,DET,CLE,79.70,93.40,-24,,,,0,0,2024,2024-07
2024-07-30,2024,R,668909,663837,FF,4-Seam Fastball,strikeout,foul_tip,R,R,DET,CLE,97.10,,,,,,1,2,2024,2024-07
2024-07-30,2024,R,668909,663837,FF,4-Seam Fastball,,swinging_strike,R,R,DET,CLE,96.30,,,,,,1,1,2024,2024-07
2024-07-30,2024,R,668909,663837,SL,Slider,,foul_tip,R,R,DET,CLE,89.90,,,,,,1,0,2024,2024-07
2024-07-30,2024,R,668909,663837,FF,4-Seam Fastball,,ball,R,R,DET,CLE,96.70,,,,,,0,0,2024,2024-07
2024-07-30,2024,R,668909,663837,CU,Curveball,field_out,hit_into_play,R,R,DET,CLE,79.30,100.80,4,107.61,150.90,ground_ball,1,2,2024,2024-07
2024-07-30,2024,R,668909,663837,FF,4-Seam Fastball,,foul,R,R,DET,CLE,96.90,78.10,54,,,,1,1,2024,2024-07
2024-07-30,2024,R,668909,663837,SL,Slider,,foul,R,R,DET,CLE,89.70,77.60,2,,,,1,0,2024,2024-07
2024-07-30,2024,R,668909,663837,FF,4-Seam Fastball,,ball,R,R,DET,CLE,97.20,,,,,,0,0,2024,2024-07
2024-07-30,2024,R,668909,663837,FF,4-Seam Fastball,strikeout,swinging_strike,R,R,DET,CLE,97.70,,,,,,2,2,2024,2024-07
2024-07-30,2024,R,668909,663837,FF,4-Seam Fastball,,foul,R,R,DET,CLE,98.30,89.50,42,,,,2,2,2024,2024-07
2024-07-30,2024,R,668909,663837,FF,4-Seam Fastball,,called_strike,R,R,DET,CLE,97.80,,,,,,2,1,2024,2024-07
2024-07-30,2024,R,668909,663837,FF,4-Seam Fastball,,called_strike,R,R,DET,CLE,96.60,,,,,,2,0,2024,2024-07
2024-07-30,2024,R,668909,663837,FF,4-Seam Fastball,,ball,R,R,DET,CLE,96.10,,,,,,1,0,2024,2024-07
2024-07-30,2024,R,668909,663837,FF,4-Seam Fastball,,ball,R,R,DET,CLE,96.00,,,,,,0,0,2024,2024-07
2024-07-30,2024,R,668909,668670,FF,4-Seam Fastball,strikeout,swinging_strike,R,R,DET,CLE,95.50,,,,,,3,2,2024,2024-07
2024-07-30,2024,R,668909,668670,FF,4-Seam Fastball,,ball,R,R,DET,CLE,96.50,,,,,,2,2,2024,2024-07
2024-07-30,2024,R,668909,668670,SL,Slider,,ball,R,R,DET,CLE,89.70,,,,,,1,2,2024,2024-07
2024-07-30,2024,R,668909,668670,CU,Curveball,,blocked_ball,R,R,DET,CLE,79.20,,,,,,0,2,2024,2024-07
2024-07-30,2024,R,668909,668670,CU,Curveball,,foul,R,R,DET,CLE,78.90,92.20,5,,,,0,2,2024,2024-07
2024-07-30,2024,R,668909,668670,FF,4-Seam Fastball,,foul,R,R,DET,CLE,96.10,,,,,,0,1,2024,2024-07
2024-07-30,2024,R,668909,668670,FF,4-Seam Fastball,,called_strike,R,R,DET,CLE,95.80,,,,,,0,0,2024,2024-07
2024-07-30,2024,R,668909,668670,CU,Curveball,strikeout,swinging_strike,R,R,DET,CLE,80.00,,,,,,1,2,2024,2024-07
2024-07-30,2024,R,668909,668670,FF,4-Seam Fastball,,swinging_strike,R,R,DET,CLE,95.80,,,,,,1,1,2024,2024-07
2024-07-30,2024,R,668909,668670,SL,Slider,,ball,R,R,DET,CLE,89.80,,,,,,0,1,2024,2024-07
2024-07-30,2024,R,668909,668670,FF,4-Seam Fastball,,foul,R,R,DET,CLE,96.50,67.00,41,,,,0,0,2024,2024-07
2024-07-30,2024,R,668909,669234,CU,Curveball,force_out,hit_into_play,R,R,DET,CLE,79.50,89.10,3,110.15,152.93,ground_ball,2,2,2024,2024-07
2024-07-30,2024,R,668909,669234,FF,4-Seam Fastball,,ball,R,R,DET,CLE,97.00,,,,,,1,2,2024,2024-07
2024-07-30,2024,R,668909,669234,SL,Slider,,called_strike,R,R,DET,CLE,90.40,,,,,,1,1,2024,2024-07
2024-07-30,2024,R,668909,669234,FF,4-Seam Fastball,,called_strike,R,R,DET,CLE,96.20,,,,,,1,0,2024,2024-07
2024-07-30,2024,R,668909,669234,FF,4-Seam Fastball,,ball,R,R,DET,CLE,95.50,,,,,,0,0,2024,2024-07
2024-07-30,2024,R,668909,669234,FF,4-Seam Fastball,field_out,hit_into_play,R,R,DET,CLE,98.10,102.10,23,139.99,43.84,fly_ball,2,0,2024,2024-07
2024-07-30,2024,R,668909,669234,FF,4-Seam Fastball,,ball,R,R,DET,CLE,98.30,,,,,,1,0,2024,2024-07
2024-07-30,2024,R,668909,669234,FF,4-Seam Fastball,,ball,R,R,DET,CLE,98.50,,,,,,0,0,2024,2024-07
2024-07-30,2024,R,668909,672761,FF,4-Seam Fastball,field_out,hit_into_play,L,R,DET,CLE,97.60,87.20,2,150.76,151.91,ground_ball,2,2,2024,2024-07
2024-07-30,2024,R,668909,672761,FF,4-Seam Fastball,,foul,L,R,DET,CLE,96.30,70.40,70,,,,2,2,2024,2024-07
2024-07-30,2024,R,668909,672761,CU,Curveball,,ball,L,R,DET,CLE,78.30,,,,,,1,2,2024,2024-07
2024-07-30,2024,R,668909,672761,FF,4-Seam Fastball,,foul,L,R,DET,CLE,95.20,,,,,,1,2,2024,2024-07
2024-07-30,2024,R,668909,672761,CU,Curveball,,called_strike,L,R,DET,CLE,77.50,,,,,,1,1,2024,2024-07
2024-07-30,2024,R,668909,672761,FF,4-Seam Fastball,,called_strike,L,R,DET,CLE,95.50,,,,,,1,0,2024,2024-07
2024-07-30,2024,R,668909,672761,CU,Curveball,,ball,L,R,DET,CLE,76.00,,,,,,0,0,2024,2024-07
2024-07-30,2024,R,668909,672761,FF,4-Seam Fastball,strikeout,called_strike,L,R,DET,CLE,96.30,,,,,,2,2,2024,2024-07
2024-07-30,2024,R,668909,672761,CU,Curveball,,ball,L,R,DET,CLE,82.00,,,,,,1,2,2024,2024-07
2024-07-30,2024,R,668909,672761,FF,4-Seam Fastball,,foul_tip,L,R,DET,CLE,97.90,,,,,,1,1,2024,2024-07
2024-07-30,2024,R,668909,672761,FF,4-Seam Fastball,,foul,L,R,DET,CLE,97.20,83.20,7,,,,1,0,2024,2024-07
2024-07-30,2024,R,668909,672761,CH,Changeup,,ball,L,R,DET,CLE,88.40,,,,,,0,0,2024,2024-07
2024-07-30,2024,R,668909,676632,FF,4-Seam Fastball,strikeout,swinging_strike,L,R,DET,CLE,96.20,,,,,,1,2,2024,2024-07
2024-07-30,2024,R,668909,676632,FF,4-Seam Fastball,,foul,L,R,DET,CLE,97.10,73.90,31,,,,1,2,2024,2024-07
2024-07-30,2024,R,668909,676632,FF,4-Seam Fastball,,swinging_strike,L,R,DET,CLE,97.20,,,,,,1,1,2024,2024-07
2024-07-30,2024,R,668909,676632,CU,Curveball,,ball,L,R,DET,CLE,78.10,,,,,,0,1,2024,2024-07
2024-07-30,2024,R,668909,676632,SL,Slider,,called_strike,L,R,DET,CLE,88.30,,,,,,0,0,2024,2024-07
2024-07-30,2024,R,668909,676632,CH,Changeup,single,hit_into_play,L,R,DET,CLE,90.10,98.80,12,85.53,86.64,line_drive,0,1,2024,2024-07
2024-07-30,2024,R,668909,676632,CU,Curveball,,called_strike,L,R,DET,CLE,79.70,,,,,,0,0,2024,2024-07
2024-07-30,2024,R,668909,690993,FF,4-Seam Fastball,single,hit_into_play,L,R,DET,CLE,97.10,101.80,12,136.86,74.29,line_drive,2,1,2024,2024-07
2024-07-30,2024,R,668909,690993,FF,4-Seam Fastball,,foul,L,R,DET,CLE,97.70,77.30,57,,,,2,0,2024,2024-07
2024-07-30,2024,R,668909,690993,CU,Curveball,,ball,L,R,DET,CLE,77.30,,,,,,1,0,2024,2024-07
2024-07-30,2024,R,668909,690993,CU,Curveball,,ball,L,R,DET,CLE,78.00,,,,,,0,0,2024,2024-07
2024-07-30,2024,R,668909,690993,SL,Slider,strikeout,swinging_strike,L,R,DET,CLE,90.40,,,,,,2,2,2024,2024-07
2024-07-30,2024,R,668909,690993,FF,4-Seam Fastball,,foul,L,R,DET,CLE,97.90,83.30,37,,,,2,2,2024,2024-07
2024-07-30,2024,R,668909,690993,FF,4-Seam Fastball,,ball,L,R,DET,CLE,98.60,,,,,,1,2,2024,2024-07
2024-07-30,2024,R,668909,690993,FF,4-Seam Fastball,,ball,L,R,DET,CLE,98.00,,,,,,0,2,2024,2024-07
2024-07-30,2024,R,668909,690993,CU,Curveball,,foul,L,R,DET,CLE,79.50,95.70,14,,,,0,1,2024,2024-07
2024-07-30,2024,R,668909,690993,FF,4-Seam Fastball,,foul_tip,L,R,DET,CLE,98.00,,,,,,0,0,2024,2024-07
2024-07-30,2024,R,669060,542303,FF,4-Seam Fastball,strikeout,swinging_strike,R,R,MIL,ATL,94.30,,,,,,2,2,2024,2024-07
2024-07-30,2024,R,669060,542303,SI,Sinker,,ball,R,R,MIL,ATL,94.10,,,,,,1,2,2024,2024-07
2024-07-30,2024,R,669060,542303,FC,Cutter,,swinging_strike,R,R,MIL,ATL,89.30,,,,,,1,1,2024,2024-07
2024-07-30,2024,R,669060,542303,SI,Sinker,,foul,R,R,MIL,ATL,94.40,,,,,,1,0,2024,2024-07
2024-07-30,2024,R,669060,542303,FC,Cutter,,ball,R,R,MIL,ATL,89.70,,,,,,0,0,2024,2024-07
2024-07-30,2024,R,669060,592696,FF,4-Seam Fastball,field_out,hit_into_play,L,R,MIL,ATL,93.40,90.60,68,80.71,156.99,popup,0,2,2024,2024-07
2024-07-30,2024,R,669060,592696,SI,Sinker,,foul,L,R,MIL,ATL,93.60,80.70,29,,,,0,1,2024,2024-07
2024-07-30,2024,R,669060,592696,FC,Cutter,,swinging_strike,L,R,MIL,ATL,88.10,,,,,,0,0,2024,2024-07
2024-07-30,2024,R,669060,606115,FC,Cutter,single,hit_into_play,R,R,MIL,ATL,89.70,101.80,3,85.19,136.87,ground_ball,0,0,2024,2024-07
2024-07-30,2024,R,669060,606115,CU,Curveball,double,hit_into_play,R,R,MIL,ATL,80.30,98.70,21,27.76,105.86,line_drive,2,2,2024,2024-07
2024-07-30,2024,R,669060,606115,SI,Sinker,,ball,R,R,MIL,ATL,92.50,,,,,,1,2,2024,2024-07
2024-07-30,2024,R,669060,606115,FF,4-Seam Fastball,,foul,R,R,MIL,ATL,92.90,79.20,16,,,,1,2,2024,2024-07
2024-07-30,2024,R,669060,606115,FC,Cutter,,called_strike,R,R,MIL,ATL,89.00,,,,,,1,1,2024,2024-07
2024-07-30,2024,R,669060,606115,SI,Sinker,,ball,R,R,MIL,ATL,93.50,,,,,,0,1,2024,2024-07
2024-07-30,2024,R,669060,606115,CU,Curveball,,called_strike,R,R,MIL,ATL,81.40,,,,,,0,0,2024,2024-07
2024-07-30,2024,R,669060,621566,FF,4-Seam Fastball,strikeout,swinging_strike,L,R,MIL,ATL,95.00,,,,,,3,2,2024,2024-07
2024-07-30,2024,R,669060,621566,FC,Cutter,,foul,L,R,MIL,ATL,89.60,71.80,47,,,,3,2,2024,2024-07
2024-07-30,2024,R,669060,621566,SI,Sinker,,ball,L,R,MIL,ATL,93.30,,,,,,2,2,2024,2024-07
2024-07-30,2024,R,669060,621566,FF,4-Seam Fastball,,ball,L,R,MIL,ATL,93.80,,,,,,1,2,2024,2024-07
2024-07-30,2024,R,669060,621566,FC,Cutter,,called_strike,L,R,MIL,ATL,90.00,,,,,,1,1,2024,2024-07
2024-07-30,2024,R,669060,621566,SI,Sinker,,foul,L,R,MIL,ATL,92.80,74.40,26,,,,1,0,2024,2024-07
2024-07-30,2024,R,669060,621566,FC,Cutter,,ball,L,R,MIL,ATL,87.80,,,,,,0,0,2024,2024-07
2024-07-30,2024,R,669060,657656,FC,Cutter,field_out,hit_into_play,R,R,MIL,ATL,90.10,71.80,-12,137.58,159.24,ground_ball,0,0,2024,2024-07
2024-07-30,2024,R,669060,657656,FC,Cutter,strikeout,swinging_strike,R,R,MIL,ATL,88.40,,,,,,2,2,2024,2024-07
2024-07-30,2024,R,669060,657656,SI,Sinker,,foul,R,R,MIL,ATL,93.00,80.70,10,,,,2,2,2024,2024-07
2024-07-30,2024,R,669060,657656,FC,Cutter,,swinging_strike,R,R,MIL,ATL,89.00,,,,,,2,1,2024,2024-07
2024-07-30,2024,R,669060,657656,SI,Sinker,,ball,R,R,MIL,ATL,92.90,,,,,,1,1,2024,2024-07
2024-07-30,2024,R,669060,657656,FC,Cutter,,ball,R,R,MIL,ATL,88.60,,,,,,0,1,2024,2024-07
2024-07-30,2024,R,669060,657656,SI,Sinker,,foul,R,R,MIL,ATL,93.70,63.30,57,,,,0,0,2024,2024-07
2024-07-30,2024,R,669060,663586,SI,Sinker,single,hit_into_play,R,R,MIL,ATL,93.10,109.00,11,51.82,107.19,line_drive,0,0,2024,2024-07
2024-07-30,2024,R,669060,669221,SI,Sinker,single,hit_into_play,R,R,MIL,ATL,93.90,81.30,20,69.50,109.28,line_drive,0,0,2024,2024-07
2024-07-30,2024,R,669060,672284,FC,Cutter,walk,ball,L,R,MIL,ATL,89.20,,,,,,3,2,2024,2024-07
2024-07-30,2024,R,669060,672284,FC,Cutter,,swinging_strike,L,R,MIL,ATL,88.80,,,,,,3,1,2024,2024-07
2024-07-30,2024,R,669060,672284,SI,Sinker,,ball,L,R,MIL,ATL,93.30,,,,,,2,1,2024,2024-07
2024-07-30,2024,R,669060,672284,SI,Sinker,,ball,L,R,MIL,ATL,93.30,,,,,,1,1,2024,2024-07
2024-07-30,2024,R,669060,672284,SI,Sinker,,ball,L,R,MIL,ATL,93.20,,,,,,0,1,2024,2024-07
2024-07-30,2024,R,669060,672284,FC,Cutter,,foul,L,R,MIL,ATL,88.00,73.50,53,,,,0,0,2024,2024-07
2024-07-30,2024,R,669060,805373,CU,Curveball,field_out,hit_into_play,R,R,MIL,ATL,82.20,80.70,54,116.54,114.53,fly_ball,2,2,2024,2024-07
2024-07-30,2024,R,669060,805373,FC,Cutter,,foul,R,R,MIL,ATL,88.80,73.60,39,,,,2,1,2024,2024-07
2024-07-30,2024,R,669060,805373,FC,Cutter,,ball,R,R,MIL,ATL,88.80,,,,,,1,1,2024,2024-07
2024-07-30,2024,R,669060,805373,SI,Sinker,,foul,R,R,MIL,ATL,93.50,81.90,36,,,,1,0,2024,2024-07
2024-07-30,2024,R,669060,805373,FC,Cutter,,ball,R,R,MIL,ATL,88.60,,,,,,0,0,2024,2024-07
2024-07-30,2024,R,669093,605113,FF,4-Seam Fastball,field_out,hit_into_play,R,R,SD,LAD,95.30,91.80,68,168.37,161.39,popup,0,0,2024,2024-07
2024-07-30,2024,R,669093,660271,FS,Split-Finger,strikeout,called_strike,L,R,SD,LAD,83.30,,,,,,3,2,2024,2024-07
2024-07-30,2024,R,669093,660271,SL,Slider,,called_strike,L,R,SD,LAD,90.70,,,,,,3,1,2024,2024-07
2024-07-30,2024,R,669093,660271,FF,4-Seam Fastball,,ball,L,R,SD,LAD,96.70,,,,,,2,1,2024,2024-07
2024-07-30,2024,R,669093,660271,FS,Split-Finger,,ball,L,R,SD,LAD,83.10,,,,,,1,1,2024,2024-07
2024-07-30,2024,R,669093,660271,FF,4-Seam Fastball,,ball,L,R,SD,LAD,96.20,,,,,,0,1,2024,2024-07
2024-07-30,2024,R,669093,660271,SL,Slider,,called_strike,L,R,SD,LAD,89.50,,,,,,0,0,2024,2024-07
2024-07-30,2024,R,669093,666158,FS,Split-Finger,strikeout,swinging_strike,L,R,SD,LAD,82.60,,,,,,0,2,2024,2024-07
2024-07-30,2024,R,669093,666158,FF,4-Seam Fastball,,swinging_strike,L,R,SD,LAD,97.40,,,,,,0,1,2024,2024-07
2024-07-30,2024,R,669093,666158,FF,4-Seam Fastball,,called_strike,L,R,SD,LAD,97.20,,,,,,0,0,2024,2024-07
2024-07-30,2024,R,669093,669257,FS,Split-Finger,single,hit_into_play,R,R,SD,LAD,82.60,70.30,30,79.55,116.65,fly_ball,1,2,2024,2024-07
2024-07-30,2024,R,669093,669257,FF,4-Seam Fastball,,ball,R,R,SD,LAD,96.50,,,,,,0,2,2024,2024-07
2024-07-30,2024,R,669093,669257,FF,4-Seam Fastball,,called_strike,R,R,SD,LAD,97.80,,,,,,0,1,2024,2024-07
2024-07-30,2024,R,669093,669257,FF,4-Seam Fastball,,swinging_strike,R,R,SD,LAD,97.00,,,,,,0,0,2024,2024-07
2024-07-30,2024,R,669194,623912,FF,4-Seam Fastball,field_out,hit_into_play,R,R,AZ,WSH,94.60,92.70,-4,120.56,158.10,ground_ball,0,1,2024,2024-07
2024-07-30,2024,R,669194,623912,FF,4-Seam Fastball,,called_strike,R,R,AZ,WSH,93.60,,,,,,0,0,2024,2024-07
2024-07-30,2024,R,669194,623912,FF,4-Seam Fastball,field_out,hit_into_play,R,R,AZ,WSH,96.60,101.10,-4,158.61,153.61,ground_ball,1,1,2024,2024-07
2024-07-30,2024,R,669194,623912,SL,Slider,,ball,R,R,AZ,WSH,82.50,,,,,,0,1,2024,2024-07
2024-07-30,2024,R,669194,623912,FF,4-Seam Fastball,,called_strike,R,R,AZ,WSH,94.70,,,,,,0,0,2024,2024-07
2024-07-30,2024,R,669194,623912,FF,4-Seam Fastball,strikeout,swinging_strike,R,R,AZ,WSH,97.90,,,,,,1,2,2024,2024-07
2024-07-30,2024,R,669194,623912,FF,4-Seam Fastball,,foul,R,R,AZ,WSH,97.70,82.40,23,,,,1,2,2024,2024-07
2024-07-30,2024,R,669194,623912,SL,Slider,,ball,R,R,AZ,WSH,82.60,,,,,,0,2,2024,2024-07
2024-07-30,2024,R,669194,623912,FF,4-Seam Fastball,,foul,R,R,AZ,WSH,97.40,74.00,51,,,,0,2,2024,2024-07
2024-07-30,2024,R,669194,623912,FF,4-Seam Fastball,,foul,R,R,AZ,WSH,96.30,,,,,,0,2,2024,2024-07
2024-07-30,2024,R,669194,623912,FF,4-Seam Fastball,,foul,R,R,AZ,WSH,96.50,92.50,-18,,,,0,1,2024,2024-07
2024-07-30,2024,R,669194,623912,FF,4-Seam Fastball,,called_strike,R,R,AZ,WSH,96.20,,,,,,0,0,2024,2024-07
2024-07-30,2024,R,669194,660688,FF,4-Seam Fastball,field_out,hit_into_play,L,R,AZ,WSH,94.50,88.20,34,94.07,77.00,fly_ball,2,1,2024,2024-07
2024-07-30,2024,R,669194,660688,FF,4-Seam Fastball,,foul,L,R,AZ,WSH,93.50,92.10,-4,,,,2,0,2024,2024-07
2024-07-30,2024,R,669194,660688,FF,4-Seam Fastball,,ball,L,R,AZ,WSH,94.40,,,,,,1,0,2024,2024-07
2024-07-30,2024,R,669194,660688,FF,4-Seam Fastball,,ball,L,R,AZ,WSH,93.90,,,,,,0,0,2024,2024-07
2024-07-30,2024,R,669194,660688,CH,Changeup,field_out,hit_into_play,L,R,AZ,WSH,83.60,88.40,32,92.15,73.25,fly_ball,0,1,2024,2024-07
2024-07-30,2024,R,669194,660688,FF,4-Seam Fastball,,foul,L,R,AZ,WSH,94.60,66.80,24,,,,0,0,2024,2024-07
2024-07-30,2024,R,669194,660688,FF,4-Seam Fastball,field_out,hit_into_play,L,R,AZ,WSH,93.80,90.90,57,159.36,114.41,fly_ball,2,0,2024,2024-07
2024-07-30,2024,R,669194,660688,CH,Changeup,,ball,L,R,AZ,WSH,82.10,,,,,,1,0,2024,2024-07
2024-07-30,2024,R,669194,660688,FF,4-Seam Fastball,,ball,L,R,AZ,WSH,94.30,,,,,,0,0,2024,2024-07
2024-07-30,2024,R,669194,660766,SL,Slider,field_out,hit_into_play,R,R,AZ,WSH,84.00,79.00,40,49.61,122.13,fly_ball,0,1,2024,2024-07
2024-07-30,2024,R,669194,660766,FF,4-Seam Fastball,,foul,R,R,AZ,WSH,94.80,75.20,46,,,,0,0,2024,2024-07
2024-07-30,2024,R,669194,660766,FF,4-Seam Fastball,strikeout,called_strike,R,R,AZ,WSH,94.20,,,,,,2,2,2024,2024-07
2024-07-30,2024,R,669194,660766,FF,4-Seam Fastball,,foul,R,R,AZ,WSH,96.00,77.50,63,,,,2,2,2024,2024-07
2024-07-30,2024,R,669194,660766,SL,Slider,,called_strike,R,R,AZ,WSH,80.70,,,,,,2,1,2024,2024-07
2024-07-30,2024,R,669194,660766,FF,4-Seam Fastball,,called_strike,R,R,AZ,WSH,92.80,,,,,,2,0,2024,2024-07
2024-07-30,2024,R,669194,660766,FF,4-Seam Fastball,,ball,R,R,AZ,WSH,95.10,,,,,,1,0,2024,2024-07
2024-07-30,2024,R,669194,660766,FF,4-Seam Fastball,,ball,R,R,AZ,WSH,95.00,,,,,,0,0,2024,2024-07
2024-07-30,2024,R,669194,660766,FF,4-Seam Fastball,grounded_into_double_play,hit_into_play,R,R,AZ,WSH,95.40,101.60,-20,116.53,150.57,ground_ball,0,1,2024,2024-07
2024-07-30,2024,R,669194,660766,FF,4-Seam Fastball,,foul,R,R,AZ,WSH,94.40,74.70,42,,,,0,0,2024,2024-07
2024-07-30,2024,R,669194,669743,FF,4-Seam Fastball,strikeout,called_strike,R,R,AZ,WSH,96.80,,,,,,3,2,2024,2024-07
2024-07-30,2024,R,669194,669743,FF,4-Seam Fastball,,foul,R,R,AZ,WSH,95.80,69.30,60,,,,3,2,2024,2024-07
2024-07-30,2024,R,669194,669743,FC,Cutter,,ball,R,R,AZ,WSH,92.20,,,,,,2,2,2024,2024-07
2024-07-30,2024,R,669194,669743,FC,Cutter,,foul,R,R,AZ,WSH,91.30,,,,,,2,2,2024,2024-07
2024-07-30,2024,R,669194,669743,FF,4-Seam Fastball,,foul,R,R,AZ,WSH,96.00,81.30,38,,,,2,2,2024,2024-07
2024-07-30,2024,R,669194,669743,SL,Slider,,ball,R,R,AZ,WSH,82.80,,,,,,1,2,2024,2024-07
2024-07-30,2024,R,669194,669743,FF,4-Seam Fastball,,ball,R,R,AZ,WSH,96.20,,,,,,0,2,2024,2024-07
2024-07-30,2024,R,669194,669743,FF,4-Seam Fastball,,foul,R,R,AZ,WSH,95.60,76.40,37,,,,0,1,2024,2024-07
2024-07-30,2024,R,669194,669743,FF,4-Seam Fastball,,called_strike,R,R,AZ,WSH,94.70,,,,,,0,0,2024,2024-07
2024-07-30,2024,R,669194,669743,SL,Slider,single,hit_into_play,R,R,AZ,WSH,80.00,104.30,10,74.43,127.74,line_drive,0,1,2024,2024-07
2024-07-30,2024,R,669194,669743,FF,4-Seam Fastball,,called_strike,R,R,AZ,WSH,93.50,,,,,,0,0,2024,2024-07
2024-07-30,2024,R,669194,669743,SL,Slider,walk,ball,R,R,AZ,WSH,82.20,,,,,,3,2,2024,2024-07
2024-07-30,2024,R,669194,669743,FF,4-Seam Fastball,,foul,R,R,AZ,WSH,94.90,66.70,29,,,,3,2,2024,2024-07
2024-07-30,2024,R,669194,669743,SL,Slider,,ball,R,R,AZ,WSH,82.50,,,,,,2,2,2024,2024-07
2024-07-30,2024,R,669194,669743,SL,Slider,,ball,R,R,AZ,WSH,83.70,,,,,,1,2,2024,2024-07
2024-07-30,2024,R,669194,669743,FF,4-Seam Fastball,,foul,R,R,AZ,WSH,97.20,87.20,15,,,,1,2,2024,2024-07
2024-07-30,2024,R,669194,669743,FF,4-Seam Fastball,,foul,R,R,AZ,WSH,96.70,79.40,37,,,,1,2,2024,2024-07
2024-07-30,2024,R,669194,669743,FF,4-Seam Fastball,,ball,R,R,AZ,WSH,94.70,,,,,,0,2,2024,2024-07
2024-07-30,2024,R,669194,669743,FF,4-Seam Fastball,,foul,R,R,AZ,WSH,96.10,76.10,23,,,,0,2,2024,2024-07
2024-07-30,2024,R,669194,669743,SL,Slider,,called_strike,R,R,AZ,WSH,82.20,,,,,,0,1,2024,2024-07
2024-07-30,2024,R,669194,669743,FF,4-Seam Fastball,,called_strike,R,R,AZ,WSH,94.00,,,,,,0,0,2024,2024-07
2024-07-30,2024,R,669194,671277,FF,4-Seam Fastball,strikeout,called_strike,L,R,AZ,WSH,95.60,,,,,,2,2,2024,2024-07
2024-07-30,2024,R,669194,671277,CH,Changeup,,foul,L,R,AZ,WSH,82.60,66.80,55,,,,2,2,2024,2024-07
2024-07-30,2024,R,669194,671277,FF,4-Seam Fastball,,ball,L,R,AZ,WSH,95.90,,,,,,1,2,2024,2024-07
2024-07-30,2024,R,669194,671277,FF,4-Seam Fastball,,foul,L,R,AZ,WSH,94.30,77.60,38,,,,1,2,2024,2024-07
2024-07-30,2024,R,669194,671277,FC,Cutter,,foul,L,R,AZ,WSH,90.60,77.90,-66,,,,1,1,2024,2024-07
2024-07-30,2024,R,669194,671277,CH,Changeup,,called_strike,L,R,AZ,WSH,80.10,,,,,,1,0,2024,2024-07
2024-07-30,2024,R,669194,671277,FF,4-Seam Fastball,,ball,L,R,AZ,WSH,93.80,,,,,,0,0,2024,2024-07
2024-07-30,2024,R,669194,671277,FF,4-Seam Fastball,strikeout,swinging_strike,L,R,AZ,WSH,95.10,,,,,,0,2,2024,2024-07
2024-07-30,2024,R,669194,671277,CH,Changeup,,foul,L,R,AZ,WSH,81.80,60.10,-33,,,,0,1,2024,2024-07
2024-07-30,2024,R,669194,671277,FF,4-Seam Fastball,,foul_tip,L,R,AZ,WSH,95.40,,,,,,0,0,2024,2024-07
2024-07-30,2024,R,669194,682928,FF,4-Seam Fastball,strikeout,swinging_strike,L,R,AZ,WSH,94.80,,,,,,1,2,2024,2024-07
2024-07-30,2024,R,669194,682928,CH,Changeup,,foul,L,R,AZ,WSH,81.00,,,,,,1,2,2024,2024-07
2024-07-30,2024,R,669194,682928,FF,4-Seam Fastball,,ball,L,R,AZ,WSH,93.30,,,,,,0,2,2024,2024-07
2024-07-30,2024,R,669194,682928,CH,Changeup,,foul,L,R,AZ,WSH,80.10,69.70,-10,,,,0,1,2024,2024-07
2024-07-30,2024,R,669194,682928,CU,Curveball,,called_strike,L,R,AZ,WSH,76.40,,,,,,0,0,2024,2024-07
2024-07-30,2024,R,669194,682928,CH,Changeup,field_out,hit_into_play,L,R,AZ,WSH,79.60,99.00,2,122.83,177.47,ground_ball,2,2,2024,2024-07
2024-07-30,2024,R,669194,682928,CH,Changeup,,foul,L,R,AZ,WSH,81.10,80.90,31,,,,2,1,2024,2024-07
2024-07-30,2024,R,669194,682928,CU,Curveball,,ball,L,R,AZ,WSH,76.90,,,,,,1,1,2024,2024-07
2024-07-30,2024,R,669194,682928,CH,Changeup,,ball,L,R,AZ,WSH,81.00,,,,,,0,1,2024,2024-07
2024-07-30,2024,R,669194,682928,FF,4-Seam Fastball,,called_strike,L,R,AZ,WSH,92.90,,,,,,0,0,2024,2024-07
2024-07-30,2024,R,669194,682928,FF,4-Seam Fastball,single,hit_into_play,L,R,AZ,WSH,95.10,107.00,7,181.29,106.76,ground_ball,2,1,2024,2024-07
2024-07-30,2024,R,669194,682928,FF,4-Seam Fastball,,foul,L,R,AZ,WSH,94.40,80.30,30,,,,2,0,2024,2024-07
2024-07-30,2024,R,669194,682928,CU,Curveball,,ball,L,R,AZ,WSH,78.80,,,,,,1,0,2024,2024-07
2024-07-30,2024,R,669194,682928,FF,4-Seam Fastball,,ball,L,R,AZ,WSH,95.60,,,,,,0,0,2024,2024-07
2024-07-30,2024,R,669194,695578,FC,Cutter,field_out,hit_into_play,L,R,AZ,WSH,90.80,80.30,3,154.55,155.13,ground_ball,0,1,2024,2024-07
2024-07-30,2024,R,669194,695578,FF,4-Seam Fastball,,called_strike,L,R,AZ,WSH,94.70,,,,,,0,0,2024,2024-07
2024-07-30,2024,R,669194,695578,FF,4-Seam Fastball,strikeout,called_strike,L,R,AZ,WSH,95.10,,,,,,1,2,2024,2024-07
2024-07-30,2024,R,669194,695578,CH,Changeup,,called_strike,L,R,AZ,WSH,81.50,,,,,,1,1,2024,2024-07
2024-07-30,2024,R,669194,695578,FC,Cutter,,swinging_strike,L,R,AZ,WSH,88.60,,,,,,1,0,2024,2024-07
2024-07-30,2024,R,669194,695578,FF,4-Seam Fastball,,ball,L,R,AZ,WSH,93.00,,,,,,0,0,2024,2024-07
2024-07-30,2024,R,669194,695578,FF,4-Seam Fastball,walk,ball,L,R,AZ,WSH,97.40,,,,,,3,2,2024,2024-07
2024-07-30,2024,R,669194,695578,FF,4-Seam Fastball,,foul,L,R,AZ,WSH,96.20,85.70,47,,,,3,2,2024,2024-07
2024-07-30,2024,R,669194,695578,FF,4-Seam Fastball,,ball,L,R,AZ,WSH,95.30,,,,,,2,2,2024,2024-07
2024-07-30,2024,R,669194,695578,FC,Cutter,,foul,L,R,AZ,WSH,91.60,73.80,53,,,,2,2,2024,2024-07
2024-07-30,2024,R,669194,695578,FF,4-Seam Fastball,,foul,L,R,AZ,WSH,96.60,82.70,9,,,,2,2,2024,2024-07
2024-07-30,2024,R,669194,695578,FC,Cutter,,swinging_strike,L,R,AZ,WSH,90.50,,,,,,2,1,2024,2024-07
2024-07-30,2024,R,669194,695578,FF,4-Seam Fastball,,called_strike,L,R,AZ,WSH,96.00,,,,,,2,0,2024,2024-07
2024-07-30,2024,R,669194,695578,CU,Curveball,,ball,L,R,AZ,WSH,78.10,,,,,,1,0,2024,2024-07
2024-07-30,2024,R,669194,695578,FF,4-Seam Fastball,,ball,L,R,AZ,WSH,96.50,,,,,,0,0,2024,2024-07
2024-07-30,2024,R,669194,696285,SL,Slider,force_out,hit_into_play,R,R,AZ,WSH,83.40,96.20,-12,100.47,137.75,ground_ball,1,2,2024,2024-07
2024-07-30,2024,R,669194,696285,FF,4-Seam Fastball,,foul,R,R,AZ,WSH,95.40,76.70,43,,,,1,2,2024,2024-07
2024-07-30,2024,R,669194,696285,FF,4-Seam Fastball,,foul,R,R,AZ,WSH,95.30,91.30,17,,,,1,1,2024,2024-07
2024-07-30,2024,R,669194,696285,FF,4-Seam Fastball,,ball,R,R,AZ,WSH,96.20,,,,,,0,1,2024,2024-07
2024-07-30,2024,R,669194,696285,SL,Slider,,called_strike,R,R,AZ,WSH,83.90,,,,,,0,0,2024,2024-07
2024-07-30,2024,R,669194,696285,SL,Slider,strikeout,swinging_strike,R,R,AZ,WSH,83.40,,,,,,1,2,2024,2024-07
2024-07-30,2024,R,669194,696285,FF,4-Seam Fastball,,ball,R,R,AZ,WSH,96.40,,,,,,0,2,2024,2024-07
2024-07-30,2024,R,669194,696285,FF,4-Seam Fastball,,called_strike,R,R,AZ,WSH,94.80,,,,,,0,1,2024,2024-07
2024-07-30,2024,R,669194,696285,FF,4-Seam Fastball,,swinging_strike,R,R,AZ,WSH,93.80,,,,,,0,0,2024,2024-07
2024-07-30,2024,R,669194,702358,FF,4-Seam Fastball,strikeout,swinging_strike,R,R,AZ,WSH,96.40,,,,,,0,2,2024,2024-07
2024-07-30,2024,R,669194,702358,FF,4-Seam Fastball,,foul,R,R,AZ,WSH,95.50,73.10,33,,,,0,2,2024,2024-07
2024-07-30,2024,R,669194,702358,FF,4-Seam Fastball,,called_strike,R,R,AZ,WSH,95.20,,,,,,0,1,2024,2024-07
2024-07-30,2024,R,669194,702358,FF,4-Seam Fastball,,foul,R,R,AZ,WSH,93.70,70.80,26,,,,0,0,2024,2024-07
2024-07-30,2024,R,669194,702358,SL,Slider,field_out,hit_into_play,R,R,AZ,WSH,80.70,82.40,46,204.11,127.67,fly_ball,0,1,2024,2024-07
2024-07-30,2024,R,669194,702358,FF,4-Seam Fastball,,called_strike,R,R,AZ,WSH,91.80,,,,,,0,0,2024,2024-07
2024-07-30,2024,R,669203,543807,FC,Cutter,walk,ball,R,R,BAL,TOR,96.20,,,,,,3,0,2024,2024-07
2024-07-30,2024,R,669203,543807,FC,Cutter,,ball,R,R,BAL,TOR,96.30,,,,,,2,0,2024,2024-07
2024-07-30,2024,R,669203,543807,SI,Sinker,,ball,R,R,BAL,TOR,96.10,,,,,,1,0,2024,2024-07
2024-07-30,2024,R,669203,543807,CU,Curveball,,ball,R,R,BAL,TOR,77.80,,,,,,0,0,2024,2024-07
2024-07-30,2024,R,669203,543807,SL,Slider,strikeout,swinging_strike_blocked,R,R,BAL,TOR,88.80,,,,,,1,2,2024,2024-07
2024-07-30,2024,R,669203,543807,SI,Sinker,,swinging_strike,R,R,BAL,TOR,97.90,,,,,,1,1,2024,2024-07
2024-07-30,2024,R,669203,543807,SI,Sinker,,ball,R,R,BAL,TOR,97.70,,,,,,0,1,2024,2024-07
2024-07-30,2024,R,669203,543807,FC,Cutter,,called_strike,R,R,BAL,TOR,97.50,,,,,,0,0,2024,2024-07
2024-07-30,2024,R,669203,543807,SL,Slider,strikeout,swinging_strike,R,R,BAL,TOR,90.30,,,,,,0,2,2024,2024-07
2024-07-30,2024,R,669203,543807,SI,Sinker,,foul,R,R,BAL,TOR,99.20,85.70,-37,,,,0,1,2024,2024-07
2024-07-30,2024,R,669203,543807,CU,Curveball,,called_strike,R,R,BAL,TOR,81.30,,,,,,0,0,2024,2024-07
2024-07-30,2024,R,669203,543807,FC,Cutter,field_out,hit_into_play,R,R,BAL,TOR,95.00,78.90,70,143.56,157.19,popup,0,0,2024,2024-07
2024-07-30,2024,R,669203,662139,FC,Cutter,field_out,hit_into_play,L,R,BAL,TOR,96.30,94.50,47,84.05,82.90,fly_ball,0,0,2024,2024-07
2024-07-30,2024,R,669203,662139,FC,Cutter,field_out,hit_into_play,L,R,BAL,TOR,96.50,88.10,-9,155.75,166.33,ground_ball,1,1,2024,2024-07
2024-07-30,2024,R,669203,662139,CU,Curveball,,called_strike,L,R,BAL,TOR,80.70,,,,,,1,0,2024,2024-07
2024-07-30,2024,R,669203,662139,CU,Curveball,,ball,L,R,BAL,TOR,78.40,,,,,,0,0,2024,2024-07
2024-07-30,2024,R,669203,662139,FC,Cutter,strikeout,swinging_strike,L,R,BAL,TOR,97.50,,,,,,0,2,2024,2024-07
2024-07-30,2024,R,669203,662139,FC,Cutter,,swinging_strike,L,R,BAL,TOR,95.90,,,,,,0,1,2024,2024-07
2024-07-30,2024,R,669203,662139,FC,Cutter,,called_strike,L,R,BAL,TOR,96.10,,,,,,0,0,2024,2024-07
2024-07-30,2024,R,669203,665489,SI,Sinker,walk,ball,R,R,BAL,TOR,97.20,,,,,,3,1,2024,2024-07
2024-07-30,2024,R,669203,665489,SI,Sinker,,ball,R,R,BAL,TOR,96.90,,,,,,2,1,2024,2024-07
2024-07-30,2024,R,669203,665489,SL,Slider,,called_strike,R,R,BAL,TOR,88.00,,,,,,2,0,2024,2024-07
2024-07-30,2024,R,669203,665489,CU,Curveball,,ball,R,R,BAL,TOR,79.70,,,,,,1,0,2024,2024-07
2024-07-30,2024,R,669203,665489,FC,Cutter,,ball,R,R,BAL,TOR,95.90,,,,,,0,0,2024,2024-07
2024-07-30,2024,R,669203,665489,SI,Sinker,walk,ball,R,R,BAL,TOR,99.80,,,,,,3,2,2024,2024-07
2024-07-30,2024,R,669203,665489,SI,Sinker,,ball,R,R,BAL,TOR,99.50,,,,,,2,2,2024,2024-07
2024-07-30,2024,R,669203,665489,FC,Cutter,,ball,R,R,BAL,TOR,97.70,,,,,,1,2,2024,2024-07
2024-07-30,2024,R,669203,665489,CH,Changeup,,foul,R,R,BAL,TOR,88.80,70.00,53,,,,1,2,2024,2024-07
2024-07-30,2024,R,669203,665489,SI,Sinker,,foul,R,R,BAL,TOR,97.60,88.50,-35,,,,1,1,2024,2024-07
2024-07-30,2024,R,669203,665489,SI,Sinker,,foul,R,R,BAL,TOR,97.20,62.80,-25,,,,1,0,2024,2024-07
2024-07-30,2024,R,669203,665489,CU,Curveball,,ball,R,R,BAL,TOR,77.80,,,,,,0,0,2024,2024-07
2024-07-30,2024,R,669203,665489,FC,Cutter,single,hit_into_play,R,R,BAL,TOR,97.90,85.30,19,162.70,84.67,line_drive,2,2,2024,2024-07
2024-07-30,2024,R,669203,665489,SI,Sinker,,foul,R,R,BAL,TOR,99.20,,-79,,,,2,2,2024,2024-07
2024-07-30,2024,R,669203,665489,SL,Slider,,ball,R,R,BAL,TOR,90.60,,,,,,1,2,2024,2024-07
2024-07-30,2024,R,669203,665489,SL,Slider,,foul,R,R,BAL,TOR,91.90,63.00,65,,,,1,1,2024,2024-07
2024-07-30,2024,R,669203,665489,SI,Sinker,,ball,R,R,BAL,TOR,97.90,,,,,,0,1,2024,2024-07
2024-07-30,2024,R,669203,665489,SI,Sinker,,called_strike,R,R,BAL,TOR,97.90,,,,,,0,0,2024,2024-07
2024-07-30,2024,R,669203,672386,SI,Sinker,hit_by_pitch,hit_by_pitch,R,R,BAL,TOR,98.00,,,,,,0,1,2024,2024-07
2024-07-30,2024,R,669203,672386,FC,Cutter,,foul,R,R,BAL,TOR,97.80,77.20,33,,,,0,0,2024,2024-07
2024-07-30,2024,R,669203,672386,CU,Curveball,sac_fly,hit_into_play,R,R,BAL,TOR,80.90,97.70,35,152.32,51.33,fly_ball,0,0,2024,2024-07
2024-07-30,2024,R,669203,672386,CU,Curveball,field_out,hit_into_play,R,R,BAL,TOR,84.40,92.60,-8,109.56,157.70,ground_ball,1,2,2024,2024-07
2024-07-30,2024,R,669203,672386,CU,Curveball,,called_strike,R,R,BAL,TOR,80.80,,,,,,1,1,2024,2024-07
2024-07-30,2024,R,669203,672386,SL,Slider,,ball,R,R,BAL,TOR,90.30,,,,,,0,1,2024,2024-07
2024-07-30,2024,R,669203,672386,FC,Cutter,,called_strike,R,R,BAL,TOR,95.90,,,,,,0,0,2024,2024-07
2024-07-30,2024,R,669203,672642,SL,Slider,single,hit_into_play,L,R,BAL,TOR,84.80,61.10,-52,131.40,160.47,ground_ball,2,2,2024,2024-07
2024-07-30,2024,R,669203,672642,FC,Cutter,,foul,L,R,BAL,TOR,96.00,82.20,75,,,,2,1,2024,2024-07
2024-07-30,2024,R,669203,672642,CH,Changeup,,ball,L,R,BAL,TOR,89.60,,,,,,1,1,2024,2024-07
2024-07-30,2024,R,669203,672642,FC,Cutter,,foul,L,R,BAL,TOR,95.60,72.80,-20,,,,1,0,2024,2024-07
2024-07-30,2024,R,669203,672642,CU,Curveball,,ball,L,R,BAL,TOR,80.30,,,,,,0,0,2024,2024-07
2024-07-30,2024,R,669203,672642,CU,Curveball,strikeout,swinging_strike_blocked,L,R,BAL,TOR,83.10,,,,,,1,2,2024,2024-07
2024-07-30,2024,R,669203,672642,CH,Changeup,,swinging_strike,L,R,BAL,TOR,90.60,,,,,,1,1,2024,2024-07
2024-07-30,2024,R,669203,672642,CH,Changeup,,ball,L,R,BAL,TOR,90.40,,,,,,0,1,2024,2024-07
2024-07-30,2024,R,669203,672642,FC,Cutter,,called_strike,L,R,BAL,TOR,97.00,,,,,,0,0,2024,2024-07
2024-07-30,2024,R,669203,672642,FC,Cutter,field_out,hit_into_play,L,R,BAL,TOR,97.90,81.40,61,94.72,129.36,popup,1,1,2024,2024-07
2024-07-30,2024,R,669203,672642,FC,Cutter,,called_strike,L,R,BAL,TOR,97.10,,,,,,1,0,2024,2024-07
2024-07-30,2024,R,669203,672642,FC,Cutter,,ball,L,R,BAL,TOR,97.40,,,,,,0,0,2024,2024-07
2024-07-30,2024,R,669203,676391,FC,Cutter,force_out,hit_into_play,R,R,BAL,TOR,96.80,82.90,-37,111.08,149.07,ground_ball,0,1,2024,2024-07
2024-07-30,2024,R,669203,676391,CU,Curveball,,foul,R,R,BAL,TOR,78.90,66.70,-44,,,,0,0,2024,2024-07
2024-07-30,2024,R,669203,676391,SI,Sinker,hit_by_pitch,hit_by_pitch,R,R,BAL,TOR,97.70,,,,,,0,0,2024,2024-07
2024-07-30,2024,R,669203,676391,CU,Curveball,field_out,hit_into_play,R,R,BAL,TOR,83.50,86.60,-3,111.08,151.61,ground_ball,2,2,2024,2024-07
2024-07-30,2024,R,669203,676391,FC,Cutter,,foul,R,R,BAL,TOR,97.20,83.70,46,,,,2,1,2024,2024-07
2024-07-30,2024,R,669203,676391,SI,Sinker,,ball,R,R,BAL,TOR,99.20,,,,,,1,1,2024,2024-07
2024-07-30,2024,R,669203,676391,CU,Curveball,,ball,R,R,BAL,TOR,81.20,,,,,,0,1,2024,2024-07
2024-07-30,2024,R,669203,676391,CU,Curveball,,called_strike,R,R,BAL,TOR,80.80,,,,,,0,0,2024,2024-07
2024-07-30,2024,R,669203,677870,CU,Curveball,grounded_into_double_play,hit_into_play,R,R,BAL,TOR,79.30,88.70,-24,107.02,166.83,ground_ball,1,2,2024,2024-07
2024-07-30,2024,R,669203,677870,SL,Slider,,foul,R,R,BAL,TOR,90.80,63.90,63,,,,1,2,2024,2024-07
2024-07-30,2024,R,669203,677870,CU,Curveball,,foul,R,R,BAL,TOR,82.20,70.70,-42,,,,1,2,2024,2024-07
2024-07-30,2024,R,669203,677870,SL,Slider,,foul,R,R,BAL,TOR,88.30,57.00,56,,,,1,2,2024,2024-07
2024-07-30,2024,R,669203,677870,SL,Slider,,blocked_ball,R,R,BAL,TOR,89.70,,,,,,0,2,2024,2024-07
2024-07-30,2024,R,669203,677870,CU,Curveball,,foul,R,R,BAL,TOR,79.00,84.00,-10,,,,0,1,2024,2024-07
2024-07-30,2024,R,669203,677870,FC,Cutter,,foul,R,R,BAL,TOR,95.50,74.50,28,,,,0,0,2024,2024-07
2024-07-30,2024,R,669203,677870,SL,Slider,field_out,hit_into_play,R,R,BAL,TOR,88.70,75.70,-5,120.21,147.54,ground_ball,1,0,2024,2024-07
2024-07-30,2024,R,669203,677870,CU,Curveball,,ball,R,R,BAL,TOR,78.40,,,,,,0,0,2024,2024-07
2024-07-30,2024,R,669203,677870,SI,Sinker,strikeout,swinging_strike,R,R,BAL,TOR,98.40,,,,,,2,2,2024,2024-07
2024-07-30,2024,R,669203,677870,SL,Slider,,ball,R,R,BAL,TOR,89.50,,,,,,1,2,2024,2024-07
2024-07-30,2024,R,669203,677870,SL,Slider,,ball,R,R,BAL,TOR,86.60,,,,,,0,2,2024,2024-07
2024-07-30,2024,R,669203,677870,SL,Slider,,swinging_strike,R,R,BAL,TOR,88.20,,,,,,0,1,2024,2024-07
2024-07-30,2024,R,669203,677870,FC,Cutter,,foul,R,R,BAL,TOR,95.20,81.30,57,,,,0,0,2024,2024-07
2024-07-30,2024,R,669203,680718,CH,Changeup,single,hit_into_play,L,R,BAL,TOR,88.60,100.90,4,185.19,121.66,ground_ball,2,1,2024,2024-07
2024-07-30,2024,R,669203,680718,FC,Cutter,,foul,L,R,BAL,TOR,95.20,68.30,55,,,,2,0,2024,2024-07
2024-07-30,2024,R,669203,680718,CH,Changeup,,ball,L,R,BAL,TOR,88.30,,,,,,1,0,2024,2024-07
2024-07-30,2024,R,669203,680718,CU,Curveball,,ball,L,R,BAL,TOR,80.30,,,,,,0,0,2024,2024-07
2024-07-30,2024,R,669203,680718,SL,Slider,strikeout,swinging_strike_blocked,L,R,BAL,TOR,85.60,,,,,,1,2,2024,2024-07
2024-07-30,2024,R,669203,680718,CH,Changeup,,swinging_strike,L,R,BAL,TOR,90.30,,,,,,1,1,2024,2024-07
2024-07-30,2024,R,669203,680718,CH,Changeup,,ball,L,R,BAL,TOR,89.90,,,,,,0,1,2024,2024-07
2024-07-30,2024,R,669203,680718,FC,Cutter,,called_strike,L,R,BAL,TOR,97.00,,,,,,0,0,2024,2024-07
2024-07-30,2024,R,669203,680718,FC,Cutter,field_out,hit_into_play,L,R,BAL,TOR,97.30,87.30,0,155.24,157.19,ground_ball,0,0,2024,2024-07
2024-07-30,2024,R,669203,687462,FC,Cutter,field_out,hit_into_play,L,R,BAL,TOR,97.40,56.70,38,100.93,145.51,popup,3,2,2024,2024-07
2024-07-30,2024,R,669203,687462,CH,Changeup,,blocked_ball,L,R,BAL,TOR,89.90,,,,,,2,2,2024,2024-07
2024-07-30,2024,R,669203,687462,FC,Cutter,,ball,L,R,BAL,TOR,97.80,,,,,,1,2,2024,2024-07
2024-07-30,2024,R,669203,687462,SL,Slider,,blocked_ball,L,R,BAL,TOR,89.00,,,,,,0,2,2024,2024-07
2024-07-30,2024,R,669203,687462,CH,Changeup,,swinging_strike,L,R,BAL,TOR,89.80,,,,,,0,1,2024,2024-07
2024-07-30,2024,R,669203,687462,FC,Cutter,,foul,L,R,BAL,TOR,97.20,72.10,12,,,,0,0,2024,2024-07
2024-07-30,2024,R,669203,687462,CH,Changeup,single,hit_into_play,L,R,BAL,TOR,90.80,97.50,-5,166.41,115.06,ground_ball,0,1,2024,2024-07
2024-07-30,2024,R,669203,687462,FC,Cutter,,foul,L,R,BAL,TOR,97.40,59.10,-1,,,,0,0,2024,2024-07
2024-07-30,2024,R,669203,687462,SL,Slider,strikeout,swinging_strike_blocked,L,R,BAL,TOR,85.70,,,,,,1,2,2024,2024-07
2024-07-30,2024,R,669203,687462,FC,Cutter,,foul,L,R,BAL,TOR,98.20,,,,,,1,1,2024,2024-07
2024-07-30,2024,R,669203,687462,FC,Cutter,,foul,L,R,BAL,TOR,97.30,83.50,-6,,,,1,0,2024,2024-07
2024-07-30,2024,R,669203,687462,CU,Curveball,,ball,L,R,BAL,TOR,81.30,,,,,,0,0,2024,2024-07
2024-07-30,2024,R,669674,669222,FS,Split-Finger,field_out,hit_into_play,R,L,CWS,KC,88.90,96.40,30,126.37,43.69,fly_ball,2,2,2024,2024-07
2024-07-30,2024,R,669674,669222,FF,4-Seam Fastball,,ball,R,L,CWS,KC,95.30,,,,,,1,2,2024,2024-07
2024-07-30,2024,R,669674,669222,FF,4-Seam Fastball,,foul,R,L,CWS,KC,96.50,81.30,6,,,,1,2,2024,2024-07
2024-07-30,2024,R,669674,669222,CU,Curveball,,foul,R,L,CWS,KC,79.90,58.50,-28,,,,1,1,2024,2024-07
2024-07-30,2024,R,669674,669222,FS,Split-Finger,,called_strike,R,L,CWS,KC,87.70,,,,,,1,0,2024,2024-07
2024-07-30,2024,R,669674,669222,CU,Curveball,,ball,R,L,CWS,KC,79.10,,,,,,0,0,2024,2024-07
2024-07-30,2024,R,669674,672820,CU,Curveball,strikeout,called_strike,R,L,CWS,KC,80.00,,,,,,2,2,2024,2024-07
2024-07-30,2024,R,669674,672820,FF,4-Seam Fastball,,foul,R,L,CWS,KC,95.40,81.50,15,,,,2,1,2024,2024-07
2024-07-30,2024,R,669674,672820,FF,4-Seam Fastball,,foul,R,L,CWS,KC,95.30,66.00,36,,,,2,0,2024,2024-07
2024-07-30,2024,R,669674,672820,FF,4-Seam Fastball,,ball,R,L,CWS,KC,95.50,,,,,,1,0,2024,2024-07
2024-07-30,2024,R,669674,672820,CU,Curveball,,ball,R,L,CWS,KC,80.00,,,,,,0,0,2024,2024-07
2024-07-30,2024,R,669674,681460,FF,4-Seam Fastball,strikeout,swinging_strike,R,L,CWS,KC,95.60,,,,,,0,2,2024,2024-07
2024-07-30,2024,R,669674,681460,FF,4-Seam Fastball,,called_strike,R,L,CWS,KC,94.40,,,,,,0,1,2024,2024-07
2024-07-30,2024,R,669674,681460,CU,Curveball,,called_strike,R,L,CWS,KC,78.20,,,,,,0,0,2024,2024-07
2024-07-30,2024,R,670810,571771,ST,Sweeper,field_out,hit_into_play,R,R,SD,LAD,84.20,75.10,32,140.75,101.14,fly_ball,1,1,2024,2024-07
2024-07-30,2024,R,670810,571771,FF,4-Seam Fastball,,foul,R,R,SD,LAD,93.80,70.50,36,,,,1,0,2024,2024-07
2024-07-30,2024,R,670810,571771,FF,4-Seam Fastball,,ball,R,R,SD,LAD,95.70,,,,,,0,0,2024,2024-07
2024-07-30,2024,R,670810,624415,FF,4-Seam Fastball,field_out,hit_into_play,L,R,SD,LAD,94.50,84.50,63,63.41,156.09,popup,0,2,2024,2024-07
2024-07-30,2024,R,670810,624415,FF,4-Seam Fastball,,called_strike,L,R,SD,LAD,94.30,,,,,,0,1,2024,2024-07
2024-07-30,2024,R,670810,624415,CU,Curveball,,called_strike,L,R,SD,LAD,81.60,,,,,,0,0,2024,2024-07
2024-07-30,2024,R,670810,681624,CH,Changeup,field_out,hit_into_play,R,R,SD,LAD,88.00,70.00,73,140.99,176.97,popup,0,1,2024,2024-07
2024-07-30,2024,R,670810,681624,FF,4-Seam Fastball,,called_strike,R,R,SD,LAD,94.00,,,,,,0,0,2024,2024-07
2024-07-30,2024,R,670970,605113,SI,Sinker,single,hit_into_play,R,L,SD,LAD,98.20,70.40,14,165.63,124.22,line_drive,0,0,2024,2024-07
2024-07-30,2024,R,670970,605131,SL,Slider,field_out,hit_into_play,R,L,SD,LAD,87.20,77.40,-13,145.82,150.38,ground_ball,0,0,2024,2024-07
2024-07-30,2024,R,670970,606192,KN,Knuckleball,walk,ball,R,L,SD,LAD,87.60,,,,,,3,1,2024,2024-07
2024-07-30,2024,R,670970,606192,SI,Sinker,,called_strike,R,L,SD,LAD,98.50,,,,,,3,0,2024,2024-07
2024-07-30,2024,R,670970,606192,KN,Knuckleball,,ball,R,L,SD,LAD,88.00,,,,,,2,0,2024,2024-07
2024-07-30,2024,R,670970,606192,SI,Sinker,,ball,R,L,SD,LAD,98.90,,,,,,1,0,2024,2024-07
2024-07-30,2024,R,670970,606192,KN,Knuckleball,,ball,R,L,SD,LAD,85.90,,,,,,0,0,2024,2024-07
2024-07-30,2024,R,670970,660271,SL,Slider,field_out,hit_into_play,L,L,SD,LAD,86.40,106.00,18,185.11,80.10,line_drive,2,2,2024,2024-07
2024-07-30,2024,R,670970,660271,FF,4-Seam Fastball,,ball,L,L,SD,LAD,98.50,,,,,,1,2,2024,2024-07
2024-07-30,2024,R,670970,660271,SI,Sinker,,called_strike,L,L,SD,LAD,98.20,,,,,,1,1,2024,2024-07
2024-07-30,2024,R,670970,660271,SL,Slider,,foul,L,L,SD,LAD,87.20,78.60,50,,,,1,0,2024,2024-07
2024-07-30,2024,R,670970,660271,FF,4-Seam Fastball,,ball,L,L,SD,LAD,97.90,,,,,,0,0,2024,2024-07
2024-07-30,2024,R,670970,666158,FF,4-Seam Fastball,strikeout,called_strike,L,L,SD,LAD,98.30,,,,,,0,2,2024,2024-07
2024-07-30,2024,R,670970,666158,SI,Sinker,,called_strike,L,L,SD,LAD,97.90,,,,,,0,1,2024,2024-07
2024-07-30,2024,R,670970,666158,SL,Slider,,swinging_strike,L,L,SD,LAD,86.10,,,,,,0,0,2024,2024-07
2024-07-30,2024,R,670970,669257,,,intent_walk,automatic_ball,R,L,SD,LAD,,,,,,,3,0,2024,2024-07
2024-07-30,2024,R,670970,669257,FF,4-Seam Fastball,,ball,R,L,SD,LAD,98.00,,,,,,2,0,2024,2024-07
2024-07-30,2024,R,670970,669257,SI,Sinker,,ball,R,L,SD,LAD,97.70,,,,,,1,0,2024,2024-07
2024-07-30,2024,R,670970,669257,SL,Slider,,ball,R,L,SD,LAD,86.50,,,,,,0,0,2024,2024-07
2024-07-30,2024,R,670990,457759,SI,Sinker,field_out,hit_into_play,R,R,BOS,SEA,95.80,72.40,60,101.53,133.85,popup,1,1,2024,2024-07
2024-07-30,2024,R,670990,457759,ST,Sweeper,,called_strike,R,R,BOS,SEA,82.30,,,,,,1,0,2024,2024-07
2024-07-30,2024,R,670990,457759,ST,Sweeper,,ball,R,R,BOS,SEA,82.90,,,,,,0,0,2024,2024-07
2024-07-30,2024,R,670990,571745,SI,Sinker,hit_by_pitch,hit_by_pitch,R,R,BOS,SEA,93.60,,,,,,0,0,2024,2024-07
2024-07-30,2024,R,670990,593871,SI,Sinker,double,hit_into_play,L,R,BOS,SEA,95.40,92.30,26,84.69,50.29,fly_ball,1,0,2024,2024-07
2024-07-30,2024,R,670990,593871,CU,Curveball,,ball,L,R,BOS,SEA,85.20,,,,,,0,0,2024,2024-07
2024-07-30,2024,R,670990,641598,ST,Sweeper,strikeout,swinging_strike_blocked,R,R,BOS,SEA,82.40,,,,,,2,2,2024,2024-07
2024-07-30,2024,R,670990,641598,ST,Sweeper,,swinging_strike,R,R,BOS,SEA,81.10,,,,,,2,1,2024,2024-07
2024-07-30,2024,R,670990,641598,SI,Sinker,,ball,R,R,BOS,SEA,95.20,,,,,,1,1,2024,2024-07
2024-07-30,2024,R,670990,641598,SI,Sinker,,called_strike,R,R,BOS,SEA,92.70,,,,,,1,0,2024,2024-07
2024-07-30,2024,R,670990,641598,ST,Sweeper,,ball,R,R,BOS,SEA,78.50,,,,,,0,0,2024,2024-07
2024-07-30,2024,R,670990,645302,ST,Sweeper,single,hit_into_play,R,R,BOS,SEA,79.50,74.70,26,100.71,91.30,fly_ball,1,1,2024,2024-07
2024-07-30,2024,R,670990,645302,SI,Sinker,,foul,R,R,BOS,SEA,93.60,51.50,-54,,,,1,0,2024,2024-07
2024-07-30,2024,R,670990,645302,SI,Sinker,,ball,R,R,BOS,SEA,93.40,,,,,,0,0,2024,2024-07
2024-07-30,2024,R,670990,663728,CU,Curveball,force_out,hit_into_play,L,R,BOS,SEA,82.90,94.20,5,156.07,161.21,ground_ball,2,2,2024,2024-07
2024-07-30,2024,R,670990,663728,CU,Curveball,,blocked_ball,L,R,BOS,SEA,84.10,,,,,,1,2,2024,2024-07
2024-07-30,2024,R,670990,663728,SI,Sinker,,foul,L,R,BOS,SEA,95.80,78.90,44,,,,1,1,2024,2024-07
2024-07-30,2024,R,670990,663728,CU,Curveball,,ball,L,R,BOS,SEA,83.70,,,,,,0,1,2024,2024-07
2024-07-30,2024,R,670990,663728,CU,Curveball,,swinging_strike,L,R,BOS,SEA,83.40,,,,,,0,0,2024,2024-07
2024-07-30,2024,R,670990,664238,SI,Sinker,hit_by_pitch,hit_by_pitch,R,R,BOS,SEA,94.60,,,,,,1,1,2024,2024-07
2024-07-30,2024,R,670990,664238,SI,Sinker,,called_strike,R,R,BOS,SEA,94.80,,,,,,1,0,2024,2024-07
2024-07-30,2024,R,670990,664238,ST,Sweeper,,ball,R,R,BOS,SEA,83.80,,,,,,0,0,2024,2024-07
2024-07-30,2024,R,670990,668227,SI,Sinker,single,hit_into_play,R,R,BOS,SEA,95.10,92.40,9,170.67,104.33,line_drive,1,0,2024,2024-07
2024-07-30,2024,R,670990,668227,SI,Sinker,,ball,R,R,BOS,SEA,94.50,,,,,,0,0,2024,2024-07
2024-07-30,2024,R,670990,668942,CU,Curveball,force_out,hit_into_play,L,R,BOS,SEA,81.60,94.10,-14,105.88,155.64,ground_ball,2,2,2024,2024-07
2024-07-30,2024,R,670990,668942,CU,Curveball,,blocked_ball,L,R,BOS,SEA,83.10,,,,,,1,2,2024,2024-07
2024-07-30,2024,R,670990,668942,CU,Curveball,,called_strike,L,R,BOS,SEA,81.40,,,,,,1,1,2024,2024-07
2024-07-30,2024,R,670990,668942,FF,4-Seam Fastball,,foul_tip,L,R,BOS,SEA,94.90,,,,,,1,0,2024,2024-07
2024-07-30,2024,R,670990,668942,FF,4-Seam Fastball,,ball,L,R,BOS,SEA,93.70,,,,,,0,0,2024,2024-07
2024-07-30,2024,R,671345,595978,SI,Sinker,field_out,hit_into_play,R,R,DET,CLE,95.30,96.50,46,184.88,89.66,fly_ball,0,0,2024,2024-07
2024-07-30,2024,R,671345,608070,FF,4-Seam Fastball,home_run,hit_into_play,L,R,DET,CLE,97.60,101.50,24,218.27,79.69,fly_ball,1,2,2024,2024-07
2024-07-30,2024,R,671345,608070,FF,4-Seam Fastball,,foul,L,R,DET,CLE,96.90,72.60,41,,,,1,1,2024,2024-07
2024-07-30,2024,R,671345,608070,FF,4-Seam Fastball,,ball,L,R,DET,CLE,97.40,,,,,,0,1,2024,2024-07
2024-07-30,2024,R,671345,608070,SL,Slider,,called_strike,L,R,DET,CLE,89.10,,,,,,0,0,2024,2024-07
2024-07-30,2024,R,671345,647304,CH,Changeup,field_out,hit_into_play,L,R,DET,CLE,92.90,105.00,-4,166.04,158.55,ground_ball,0,0,2024,2024-07
2024-07-30,2024,R,671345,657041,SI,Sinker,single,hit_into_play,R,R,DET,CLE,96.90,108.00,13,138.28,81.54,line_drive,3,1,2024,2024-07
2024-07-30,2024,R,671345,657041,SI,Sinker,,ball,R,R,DET,CLE,97.00,,,,,,2,1,2024,2024-07
2024-07-30,2024,R,671345,657041,SI,Sinker,,ball,R,R,DET,CLE,97.00,,,,,,1,1,2024,2024-07
2024-07-30,2024,R,671345,657041,SI,Sinker,,ball,R,R,DET,CLE,97.00,,,,,,0,1,2024,2024-07
2024-07-30,2024,R,671345,657041,SL,Slider,,called_strike,R,R,DET,CLE,86.10,,,,,,0,0,2024,2024-07
2024-07-30,2024,R,671345,680757,FF,4-Seam Fastball,field_out,hit_into_play,L,R,DET,CLE,95.10,74.50,31,87.32,103.40,fly_ball,2,2,2024,2024-07
2024-07-30,2024,R,671345,680757,SL,Slider,,swinging_strike,L,R,DET,CLE,87.20,,,,,,2,1,2024,2024-07
2024-07-30,2024,R,671345,680757,SL,Slider,,ball,L,R,DET,CLE,86.00,,,,,,1,1,2024,2024-07
2024-07-30,2024,R,671345,680757,FF,4-Seam Fastball,,called_strike,L,R,DET,CLE,96.30,,,,,,1,0,2024,2024-07
2024-07-30,2024,R,671345,680757,CH,Changeup,,ball,L,R,DET,CLE,92.10,,,,,,0,0,2024,2024-07
2024-07-30,2024,R,671922,656716,FF,4-Seam Fastball,field_out,hit_into_play,L,R,DET,CLE,98.00,89.30,10,95.68,136.30,line_drive,1,2,2024,2024-07
2024-07-30,2024,R,671922,656716,FF,4-Seam Fastball,,ball,L,R,DET,CLE,97.40,,,,,,0,2,2024,2024-07
2024-07-30,2024,R,671922,656716,FF,4-Seam Fastball,,swinging_strike,L,R,DET,CLE,97.70,,,,,,0,1,2024,2024-07
2024-07-30,2024,R,671922,656716,FF,4-Seam Fastball,,swinging_strike,L,R,DET,CLE,96.70,,,,,,0,0,2024,2024-07
2024-07-30,2024,R,671922,663837,FS,Split-Finger,grounded_into_double_play,hit_into_play,R,R,DET,CLE,89.00,84.20,-20,100.50,161.07,ground_ball,1,2,2024,2024-07
2024-07-30,2024,R,671922,663837,FF,4-Seam Fastball,,foul,R,R,DET,CLE,97.30,76.40,33,,,,1,1,2024,2024-07
2024-07-30,2024,R,671922,663837,FS,Split-Finger,,ball,R,R,DET,CLE,90.30,,,,,,0,1,2024,2024-07
2024-07-30,2024,R,671922,663837,FF,4-Seam Fastball,,called_strike,R,R,DET,CLE,96.40,,,,,,0,0,2024,2024-07
2024-07-30,2024,R,671922,668670,FF,4-Seam Fastball,walk,ball,R,R,DET,CLE,97.60,,,,,,3,1,2024,2024-07
2024-07-30,2024,R,671922,668670,FF,4-Seam Fastball,,ball,R,R,DET,CLE,97.90,,,,,,2,1,2024,2024-07
2024-07-30,2024,R,671922,668670,FS,Split-Finger,,ball,R,R,DET,CLE,90.10,,,,,,1,1,2024,2024-07
2024-07-30,2024,R,671922,668670,ST,Sweeper,,called_strike,R,R,DET,CLE,84.90,,,,,,1,0,2024,2024-07
2024-07-30,2024,R,671922,668670,FF,4-Seam Fastball,,ball,R,R,DET,CLE,97.60,,,,,,0,0,2024,2024-07
2024-07-30,2024,R,672335,662139,SV,Slurve,double,hit_into_play,L,L,BAL,TOR,82.00,97.50,24,214.16,104.03,fly_ball,0,0,2024,2024-07
2024-07-30,2024,R,672335,665489,FF,4-Seam Fastball,field_out,hit_into_play,R,L,BAL,TOR,97.20,65.80,-23,142.55,158.20,ground_ball,2,2,2024,2024-07
2024-07-30,2024,R,672335,665489,FF,4-Seam Fastball,,ball,R,L,BAL,TOR,96.90,,,,,,1,2,2024,2024-07
2024-07-30,2024,R,672335,665489,FF,4-Seam Fastball,,ball,R,L,BAL,TOR,96.80,,,,,,0,2,2024,2024-07
2024-07-30,2024,R,672335,665489,SI,Sinker,,called_strike,R,L,BAL,TOR,97.00,,,,,,0,1,2024,2024-07
2024-07-30,2024,R,672335,665489,SI,Sinker,,called_strike,R,L,BAL,TOR,96.00,,,,,,0,0,2024,2024-07
2024-07-30,2024,R,672335,687462,SI,Sinker,field_out,hit_into_play,L,L,BAL,TOR,95.40,82.60,-38,157.78,168.86,ground_ball,1,1,2024,2024-07
2024-07-30,2024,R,672335,687462,SI,Sinker,,ball,L,L,BAL,TOR,95.50,,,,,,0,1,2024,2024-07
2024-07-30,2024,R,672335,687462,SI,Sinker,,foul,L,L,BAL,TOR,95.10,83.50,-40,,,,0,0,2024,2024-07
2024-07-30,2024,R,672851,545341,FF,4-Seam Fastball,field_out,hit_into_play,R,R,AZ,WSH,94.40,93.10,31,216.47,100.78,fly_ball,1,1,2024,2024-07
2024-07-30,2024,R,672851,545341,FF,4-Seam Fastball,,called_strike,R,R,AZ,WSH,94.50,,,,,,1,0,2024,2024-07
2024-07-30,2024,R,672851,545341,FF,4-Seam Fastball,,ball,R,R,AZ,WSH,94.90,,,,,,0,0,2024,2024-07
2024-07-30,2024,R,672851,553993,SI,Sinker,home_run,hit_into_play,R,R,AZ,WSH,95.20,100.30,27,53.21,58.64,fly_ball,1,1,2024,2024-07
2024-07-30,2024,R,672851,553993,SL,Slider,,called_strike,R,R,AZ,WSH,87.40,,,,,,1,0,2024,2024-07
2024-07-30,2024,R,672851,553993,FF,4-Seam Fastball,,ball,R,R,AZ,WSH,93.40,,,,,,0,0,2024,2024-07
2024-07-30,2024,R,672851,645444,FF,4-Seam Fastball,field_out,hit_into_play,L,R,AZ,WSH,93.80,80.40,-45,152.25,165.00,ground_ball,1,0,2024,2024-07
2024-07-30,2024,R,672851,645444,FF,4-Seam Fastball,,ball,L,R,AZ,WSH,93.70,,,,,,0,0,2024,2024-07
2024-07-30,2024,R,672851,656976,FF,4-Seam Fastball,field_out,hit_into_play,L,R,AZ,WSH,95.60,86.40,70,118.05,159.18,popup,2,1,2024,2024-07
2024-07-30,2024,R,672851,656976,FF,4-Seam Fastball,,called_strike,L,R,AZ,WSH,95.40,,,,,,2,0,2024,2024-07
2024-07-30,2024,R,672851,656976,CH,Changeup,,blocked_ball,L,R,AZ,WSH,88.60,,,,,,1,0,2024,2024-07
2024-07-30,2024,R,672851,656976,CH,Changeup,,ball,L,R,AZ,WSH,88.30,,,,,,0,0,2024,2024-07
2024-07-30,2024,R,672851,677950,FF,4-Seam Fastball,field_out,hit_into_play,L,R,AZ,WSH,93.90,93.90,49,49.10,103.29,fly_ball,2,1,2024,2024-07
2024-07-30,2024,R,672851,677950,FF,4-Seam Fastball,,foul,L,R,AZ,WSH,93.60,84.50,79,,,,2,0,2024,2024-07
2024-07-30,2024,R,672851,677950,CH,Changeup,,ball,L,R,AZ,WSH,88.10,,,,,,1,0,2024,2024-07
2024-07-30,2024,R,672851,677950,CH,Changeup,,ball,L,R,AZ,WSH,88.10,,,,,,0,0,2024,2024-07
2024-07-30,2024,R,673513,660271,SL,Slider,strikeout,swinging_strike,L,L,SD,LAD,87.00,,,,,,1,2,2024,2024-07
2024-07-30,2024,R,673513,660271,FF,4-Seam Fastball,,called_strike,L,L,SD,LAD,92.30,,,,,,1,1,2024,2024-07
2024-07-30,2024,R,673513,660271,SL,Slider,,swinging_strike,L,L,SD,LAD,86.90,,,,,,1,0,2024,2024-07
2024-07-30,2024,R,673513,660271,SL,Slider,,ball,L,L,SD,LAD,86.20,,,,,,0,0,2024,2024-07
2024-07-30,2024,R,673513,666158,FF,4-Seam Fastball,strikeout,swinging_strike,L,L,SD,LAD,93.20,,,,,,1,2,2024,2024-07
2024-07-30,2024,R,673513,666158,FF,4-Seam Fastball,,swinging_strike,L,L,SD,LAD,92.20,,,,,,1,1,2024,2024-07
2024-07-30,2024,R,673513,666158,SL,Slider,,called_strike,L,L,SD,LAD,85.80,,,,,,1,0,2024,2024-07
2024-07-30,2024,R,673513,666158,SL,Slider,,ball,L,L,SD,LAD,87.10,,,,,,0,0,2024,2024-07
2024-07-30,2024,R,673513,669257,FF,4-Seam Fastball,field_out,hit_into_play,R,L,SD,LAD,92.20,89.10,53,180.36,113.26,fly_ball,1,0,2024,2024-07
2024-07-30,2024,R,673513,669257,ST,Sweeper,,ball,R,L,SD,LAD,80.80,,,,,,0,0,2024,2024-07
2024-07-30,2024,R,674003,502054,CH,Changeup,home_run,hit_into_play,R,L,STL,TEX,82.40,106.20,22,175.96,42.87,fly_ball,2,2,2024,2024-07
2024-07-30,2024,R,674003,502054,FF,4-Seam Fastball,,ball,R,L,STL,TEX,92.40,,,,,,1,2,2024,2024-07
2024-07-30,2024,R,674003,502054,CH,Changeup,,swinging_strike,R,L,STL,TEX,83.00,,,,,,1,1,2024,2024-07
2024-07-30,2024,R,674003,502054,CH,Changeup,,ball,R,L,STL,TEX,82.30,,,,,,0,1,2024,2024-07
2024-07-30,2024,R,674003,502054,CU,Curveball,,called_strike,R,L,STL,TEX,73.80,,,,,,0,0,2024,2024-07
2024-07-30,2024,R,674003,502671,FF,4-Seam Fastball,walk,ball,R,L,STL,TEX,90.90,,,,,,3,2,2024,2024-07
2024-07-30,2024,R,674003,502671,FF,4-Seam Fastball,,foul,R,L,STL,TEX,91.00,99.40,58,,,,3,2,2024,2024-07
2024-07-30,2024,R,674003,502671,CH,Changeup,,foul,R,L,STL,TEX,82.40,72.30,51,,,,3,2,2024,2024-07
2024-07-30,2024,R,674003,502671,FF,4-Seam Fastball,,called_strike,R,L,STL,TEX,90.10,,,,,,3,1,2024,2024-07
2024-07-30,2024,R,674003,502671,CH,Changeup,,ball,R,L,STL,TEX,81.50,,,,,,2,1,2024,2024-07
2024-07-30,2024,R,674003,502671,FF,4-Seam Fastball,,ball,R,L,STL,TEX,91.60,,,,,,1,1,2024,2024-07
2024-07-30,2024,R,674003,502671,CH,Changeup,,called_strike,R,L,STL,TEX,81.60,,,,,,1,0,2024,2024-07
2024-07-30,2024,R,674003,502671,CU,Curveball,,ball,R,L,STL,TEX,75.10,,,,,,0,0,2024,2024-07
2024-07-30,2024,R,674003,543063,FF,4-Seam Fastball,single,hit_into_play,L,L,STL,TEX,90.40,68.70,77,130.96,183.45,popup,2,0,2024,2024-07
2024-07-30,2024,R,674003,543063,FF,4-Seam Fastball,,ball,L,L,STL,TEX,90.90,,,,,,1,0,2024,2024-07
2024-07-30,2024,R,674003,543063,FF,4-Seam Fastball,,ball,L,L,STL,TEX,90.80,,,,,,0,0,2024,2024-07
2024-07-30,2024,R,674003,575929,CH,Changeup,single,hit_into_play,R,L,STL,TEX,80.50,108.90,12,89.33,95.96,line_drive,3,1,2024,2024-07
2024-07-30,2024,R,674003,575929,FF,4-Seam Fastball,,called_strike,R,L,STL,TEX,91.50,,,,,,3,0,2024,2024-07
2024-07-30,2024,R,674003,575929,CH,Changeup,,ball,R,L,STL,TEX,81.70,,,,,,2,0,2024,2024-07
2024-07-30,2024,R,674003,575929,CH,Changeup,,ball,R,L,STL,TEX,81.10,,,,,,1,0,2024,2024-07
2024-07-30,2024,R,674003,575929,CU,Curveball,,ball,R,L,STL,TEX,76.10,,,,,,0,0,2024,2024-07
2024-07-30,2024,R,674003,663457,FF,4-Seam Fastball,strikeout,called_strike,L,L,STL,TEX,92.30,,,,,,0,2,2024,2024-07
2024-07-30,2024,R,674003,663457,FF,4-Seam Fastball,,swinging_strike,L,L,STL,TEX,89.50,,,,,,0,1,2024,2024-07
2024-07-30,2024,R,674003,663457,FF,4-Seam Fastball,,called_strike,L,L,STL,TEX,90.00,,,,,,0,0,2024,2024-07
2024-07-30,2024,R,674003,669357,FF,4-Seam Fastball,field_out,hit_into_play,L,L,STL,TEX,91.90,101.90,38,103.27,45.98,fly_ball,0,2,2024,2024-07
2024-07-30,2024,R,674003,669357,FF,4-Seam Fastball,,swinging_strike,L,L,STL,TEX,89.20,,,,,,0,1,2024,2024-07
2024-07-30,2024,R,674003,669357,FF,4-Seam Fastball,,called_strike,L,L,STL,TEX,90.30,,,,,,0,0,2024,2024-07
2024-07-30,2024,R,674003,672279,SL,Slider,strikeout,swinging_strike,L,L,STL,TEX,85.40,,,,,,0,2,2024,2024-07
2024-07-30,2024,R,674003,672279,FF,4-Seam Fastball,,foul,L,L,STL,TEX,91.90,89.70,32,,,,0,2,2024,2024-07
2024-07-30,2024,R,674003,672279,FF,4-Seam Fastball,,foul_tip,L,L,STL,TEX,90.10,,,,,,0,1,2024,2024-07
2024-07-30,2024,R,674003,672279,SL,Slider,,called_strike,L,L,STL,TEX,84.80,,,,,,0,0,2024,2024-07
2024-07-30,2024,R,674003,672279,FF,4-Seam Fastball,single,hit_into_play,L,L,STL,TEX,90.90,41.10,-39,139.05,183.94,ground_ball,1,0,2024,2024-07
2024-07-30,2024,R,674003,672279,FF,4-Seam Fastball,,ball,L,L,STL,TEX,90.10,,,,,,0,0,2024,2024-07
2024-07-30,2024,R,674003,676475,SL,Slider,field_out,hit_into_play,L,L,STL,TEX,83.00,84.80,2,160.91,171.24,ground_ball,1,0,2024,2024-07
2024-07-30,2024,R,674003,676475,SL,Slider,,ball,L,L,STL,TEX,84.60,,,,,,0,0,2024,2024-07
2024-07-30,2024,R,674003,676475,FF,4-Seam Fastball,single,hit_into_play,L,L,STL,TEX,91.60,94.00,-18,176.65,109.70,ground_ball,0,2,2024,2024-07
2024-07-30,2024,R,674003,676475,FF,4-Seam Fastball,,foul,L,L,STL,TEX,91.40,85.60,-45,,,,0,1,2024,2024-07
2024-07-30,2024,R,674003,676475,FC,Cutter,,foul,L,L,STL,TEX,85.10,64.00,-52,,,,0,0,2024,2024-07
2024-07-30,2024,R,674003,691026,FF,4-Seam Fastball,field_out,hit_into_play,R,L,STL,TEX,90.10,96.10,39,128.34,60.82,fly_ball,2,2,2024,2024-07
2024-07-30,2024,R,674003,691026,CH,Changeup,,swinging_strike,R,L,STL,TEX,82.20,,,,,,2,1,2024,2024-07
2024-07-30,2024,R,674003,691026,FF,4-Seam Fastball,,swinging_strike,R,L,STL,TEX,90.50,,,,,,2,0,2024,2024-07
2024-07-30,2024,R,674003,691026,CH,Changeup,,ball,R,L,STL,TEX,82.80,,,,,,1,0,2024,2024-07
2024-07-30,2024,R,674003,691026,CU,Curveball,,ball,R,L,STL,TEX,74.90,,,,,,0,0,2024,2024-07
2024-07-30,2024,R,674003,691026,FF,4-Seam Fastball,field_out,hit_into_play,R,L,STL,TEX,92.30,103.40,-11,142.63,151.91,ground_ball,0,2,2024,2024-07
2024-07-30,2024,R,674003,691026,FF,4-Seam Fastball,,called_strike,R,L,STL,TEX,90.20,,,,,,0,1,2024,2024-07
2024-07-30,2024,R,674003,691026,CH,Changeup,,called_strike,R,L,STL,TEX,80.20,,,,,,0,0,2024,2024-07
2024-07-30,2024,R,674285,545341,SL,Slider,field_out,hit_into_play,R,R,AZ,WSH,87.00,74.90,73,100.17,179.67,popup,1,0,2024,2024-07
2024-07-30,2024,R,674285,545341,SI,Sinker,,ball,R,R,AZ,WSH,95.80,,,,,,0,0,2024,2024-07
2024-07-30,2024,R,674285,545341,SI,Sinker,field_out,hit_into_play,R,R,AZ,WSH,94.70,98.30,19,125.49,64.26,line_drive,2,1,2024,2024-07
2024-07-30,2024,R,674285,545341,SI,Sinker,,foul,R,R,AZ,WSH,93.30,48.50,-37,,,,2,0,2024,2024-07
2024-07-30,2024,R,674285,545341,SL,Slider,,ball,R,R,AZ,WSH,87.60,,,,,,1,0,2024,2024-07
2024-07-30,2024,R,674285,545341,SI,Sinker,,ball,R,R,AZ,WSH,94.60,,,,,,0,0,2024,2024-07
2024-07-30,2024,R,674285,553993,SL,Slider,home_run,hit_into_play,R,R,AZ,WSH,87.50,111.20,32,,,fly_ball,1,1,2024,2024-07
2024-07-30,2024,R,674285,553993,SL,Slider,,ball,R,R,AZ,WSH,88.50,,,,,,0,1,2024,2024-07
2024-07-30,2024,R,674285,553993,SL,Slider,,called_strike,R,R,AZ,WSH,86.00,,,,,,0,0,2024,2024-07
2024-07-30,2024,R,674285,621028,SI,Sinker,field_out,hit_into_play,R,R,AZ,WSH,93.80,94.90,-29,97.26,171.35,ground_ball,3,2,2024,2024-07
2024-07-30,2024,R,674285,621028,SI,Sinker,,foul,R,R,AZ,WSH,93.80,77.70,-63,,,,3,2,2024,2024-07
2024-07-30,2024,R,674285,621028,SI,Sinker,,foul,R,R,AZ,WSH,93.50,60.60,58,,,,3,1,2024,2024-07
2024-07-30,2024,R,674285,621028,SI,Sinker,,ball,R,R,AZ,WSH,95.40,,,,,,2,1,2024,2024-07
2024-07-30,2024,R,674285,621028,SL,Slider,,blocked_ball,R,R,AZ,WSH,88.40,,,,,,1,1,2024,2024-07
2024-07-30,2024,R,674285,621028,SI,Sinker,,called_strike,R,R,AZ,WSH,94.40,,,,,,1,0,2024,2024-07
2024-07-30,2024,R,674285,621028,SI,Sinker,,ball,R,R,AZ,WSH,95.60,,,,,,0,0,2024,2024-07
2024-07-30,2024,R,674285,621028,SI,Sinker,field_out,hit_into_play,R,R,AZ,WSH,94.50,50.40,-25,110.71,164.82,ground_ball,0,0,2024,2024-07
2024-07-30,2024,R,674285,656976,SI,Sinker,single,hit_into_play,L,R,AZ,WSH,94.30,108.70,11,114.11,75.67,line_drive,2,1,2024,2024-07
2024-07-30,2024,R,674285,656976,SL,Slider,,ball,L,R,AZ,WSH,88.80,,,,,,1,1,2024,2024-07
2024-07-30,2024,R,674285,656976,SI,Sinker,,called_strike,L,R,AZ,WSH,94.60,,,,,,1,0,2024,2024-07
2024-07-30,2024,R,674285,656976,SL,Slider,,ball,L,R,AZ,WSH,87.20,,,,,,0,0,2024,2024-07
2024-07-30,2024,R,674285,664983,SI,Sinker,single,hit_into_play,L,R,AZ,WSH,95.00,89.20,8,146.95,79.59,ground_ball,0,0,2024,2024-07
2024-07-30,2024,R,674285,664983,SL,Slider,single,hit_into_play,L,R,AZ,WSH,89.40,87.60,18,115.86,93.68,line_drive,1,1,2024,2024-07
2024-07-30,2024,R,674285,664983,SL,Slider,,swinging_strike,L,R,AZ,WSH,87.30,,,,,,1,0,2024,2024-07
2024-07-30,2024,R,674285,664983,SI,Sinker,,ball,L,R,AZ,WSH,94.30,,,,,,0,0,2024,2024-07
2024-07-30,2024,R,674285,672515,SI,Sinker,force_out,hit_into_play,R,R,AZ,WSH,94.40,97.30,-26,148.97,169.32,ground_ball,3,2,2024,2024-07
2024-07-30,2024,R,674285,672515,SI,Sinker,,foul,R,R,AZ,WSH,94.50,78.50,44,,,,3,2,2024,2024-07
2024-07-30,2024,R,674285,672515,SL,Slider,,ball,R,R,AZ,WSH,88.90,,,,,,2,2,2024,2024-07
2024-07-30,2024,R,674285,672515,SI,Sinker,,foul,R,R,AZ,WSH,94.80,77.90,37,,,,2,1,2024,2024-07
2024-07-30,2024,R,674285,672515,SI,Sinker,,called_strike,R,R,AZ,WSH,93.80,,,,,,2,0,2024,2024-07
2024-07-30,2024,R,674285,672515,SI,Sinker,,ball,R,R,AZ,WSH,94.30,,,,,,1,0,2024,2024-07
2024-07-30,2024,R,674285,672515,SL,Slider,,ball,R,R,AZ,WSH,87.10,,,,,,0,0,2024,2024-07
2024-07-30,2024,R,674285,672695,SI,Sinker,double,hit_into_play,L,R,AZ,WSH,93.80,104.20,5,86.11,65.40,ground_ball,3,1,2024,2024-07
2024-07-30,2024,R,674285,672695,SI,Sinker,,called_strike,L,R,AZ,WSH,95.30,,,,,,3,0,2024,2024-07
2024-07-30,2024,R,674285,672695,SI,Sinker,,ball,L,R,AZ,WSH,94.60,,,,,,2,0,2024,2024-07
2024-07-30,2024,R,674285,672695,SI,Sinker,,ball,L,R,AZ,WSH,95.10,,,,,,1,0,2024,2024-07
2024-07-30,2024,R,674285,672695,SL,Slider,,ball,L,R,AZ,WSH,87.70,,,,,,0,0,2024,2024-07
2024-07-30,2024,R,674285,672695,SI,Sinker,field_out,hit_into_play,L,R,AZ,WSH,95.10,78.10,-13,134.27,186.05,ground_ball,0,0,2024,2024-07
2024-07-30,2024,R,674285,677950,SL,Slider,field_out,hit_into_play,L,R,AZ,WSH,87.20,103.90,-3,153.54,152.59,ground_ball,0,1,2024,2024-07
2024-07-30,2024,R,674285,677950,SI,Sinker,,called_strike,L,R,AZ,WSH,94.90,,,,,,0,0,2024,2024-07
2024-07-30,2024,R,674285,682998,SL,Slider,walk,blocked_ball,L,R,AZ,WSH,89.60,,,,,,3,2,2024,2024-07
2024-07-30,2024,R,674285,682998,FF,4-Seam Fastball,,ball,L,R,AZ,WSH,96.40,,,,,,2,2,2024,2024-07
2024-07-30,2024,R,674285,682998,SL,Slider,,foul,L,R,AZ,WSH,87.50,71.40,34,,,,2,2,2024,2024-07
2024-07-30,2024,R,674285,682998,SL,Slider,,foul,L,R,AZ,WSH,88.10,83.90,46,,,,2,1,2024,2024-07
2024-07-30,2024,R,674285,682998,FF,4-Seam Fastball,,ball,L,R,AZ,WSH,95.00,,,,,,1,1,2024,2024-07
2024-07-30,2024,R,674285,682998,SL,Slider,,ball,L,R,AZ,WSH,89.00,,,,,,0,1,2024,2024-07
2024-07-30,2024,R,674285,682998,FF,4-Seam Fastball,,called_strike,L,R,AZ,WSH,95.10,,,,,,0,0,2024,2024-07
2024-07-30,2024,R,674285,682998,FF,4-Seam Fastball,field_out,hit_into_play,L,R,AZ,WSH,95.90,104.70,7,115.01,151.07,line_drive,1,1,2024,2024-07
2024-07-30,2024,R,674285,682998,SI,Sinker,,called_strike,L,R,AZ,WSH,94.10,,,,,,1,0,2024,2024-07
2024-07-30,2024,R,674285,682998,SI,Sinker,,ball,L,R,AZ,WSH,95.40,,,,,,0,0,2024,2024-07
2024-07-30,2024,R,676092,641933,FF,4-Seam Fastball,single,hit_into_play,R,R,BOS,SEA,94.50,101.20,-1,93.72,111.02,ground_ball,2,2,2024,2024-07
2024-07-30,2024,R,676092,641933,FF,4-Seam Fastball,,ball,R,R,BOS,SEA,94.90,,,,,,1,2,2024,2024-07
2024-07-30,2024,R,676092,641933,FF,4-Seam Fastball,,swinging_strike,R,R,BOS,SEA,94.10,,,,,,1,1,2024,2024-07
2024-07-30,2024,R,676092,641933,FF,4-Seam Fastball,,ball,R,R,BOS,SEA,94.30,,,,,,0,1,2024,2024-07
2024-07-30,2024,R,676092,641933,FF,4-Seam Fastball,,foul_tip,R,R,BOS,SEA,93.70,,,,,,0,0,2024,2024-07
2024-07-30,2024,R,676092,642086,FF,4-Seam Fastball,double,hit_into_play,L,R,BOS,SEA,95.00,93.70,31,64.21,112.86,fly_ball,1,0,2024,2024-07
2024-07-30,2024,R,676092,642086,FC,Cutter,,ball,L,R,BOS,SEA,90.30,,,,,,0,0,2024,2024-07
2024-07-30,2024,R,676092,657136,ST,Sweeper,field_out,hit_into_play,R,R,BOS,SEA,83.10,87.30,39,130.57,72.64,fly_ball,0,0,2024,2024-07
2024-07-30,2024,R,676254,609280,SI,Sinker,field_out,hit_into_play,R,R,SF,ATH,94.60,58.80,1,137.26,162.22,ground_ball,1,2,2024,2024-07
2024-07-30,2024,R,676254,609280,SL,Slider,,ball,R,R,SF,ATH,86.10,,,,,,0,2,2024,2024-07
2024-07-30,2024,R,676254,609280,SI,Sinker,,foul,R,R,SF,ATH,96.40,,,,,,0,1,2024,2024-07
2024-07-30,2024,R,676254,609280,SL,Slider,,called_strike,R,R,SF,ATH,84.90,,,,,,0,0,2024,2024-07
2024-07-30,2024,R,676254,671732,SI,Sinker,strikeout,called_strike,L,R,SF,ATH,96.70,,,,,,1,2,2024,2024-07
2024-07-30,2024,R,676254,671732,SI,Sinker,,foul,L,R,SF,ATH,95.90,99.00,13,,,,1,2,2024,2024-07
2024-07-30,2024,R,676254,671732,SL,Slider,,foul,L,R,SF,ATH,85.30,57.20,57,,,,1,2,2024,2024-07
2024-07-30,2024,R,676254,671732,SI,Sinker,,foul,L,R,SF,ATH,95.60,65.40,45,,,,1,2,2024,2024-07
2024-07-30,2024,R,676254,671732,SI,Sinker,,foul,L,R,SF,ATH,96.30,75.40,28,,,,1,1,2024,2024-07
2024-07-30,2024,R,676254,671732,SI,Sinker,,ball,L,R,SF,ATH,96.40,,,,,,0,1,2024,2024-07
2024-07-30,2024,R,676254,671732,SL,Slider,,called_strike,L,R,SF,ATH,85.40,,,,,,0,0,2024,2024-07
2024-07-30,2024,R,676254,680474,SI,Sinker,field_out,hit_into_play,R,R,SF,ATH,96.40,91.80,-13,115.92,142.78,ground_ball,3,1,2024,2024-07
2024-07-30,2024,R,676254,680474,SI,Sinker,,ball,R,R,SF,ATH,95.70,,,,,,2,1,2024,2024-07
2024-07-30,2024,R,676254,680474,SI,Sinker,,called_strike,R,R,SF,ATH,95.20,,,,,,2,0,2024,2024-07
2024-07-30,2024,R,676254,680474,SI,Sinker,,ball,R,R,SF,ATH,95.60,,,,,,1,0,2024,2024-07
2024-07-30,2024,R,676254,680474,SI,Sinker,,ball,R,R,SF,ATH,95.10,,,,,,0,0,2024,2024-07
2024-07-30,2024,R,676664,573262,FF,4-Seam Fastball,grounded_into_double_play,hit_into_play,L,L,SF,ATH,92.60,94.40,-4,154.30,167.38,ground_ball,2,2,2024,2024-07
2024-07-30,2024,R,676664,573262,FF,4-Seam Fastball,,swinging_strike,L,L,SF,ATH,91.70,,,,,,2,1,2024,2024-07
2024-07-30,2024,R,676664,573262,SI,Sinker,,called_strike,L,L,SF,ATH,90.40,,,,,,2,0,2024,2024-07
2024-07-30,2024,R,676664,573262,SI,Sinker,,ball,L,L,SF,ATH,90.50,,,,,,1,0,2024,2024-07
2024-07-30,2024,R,676664,573262,FF,4-Seam Fastball,,ball,L,L,SF,ATH,91.70,,,,,,0,0,2024,2024-07
2024-07-30,2024,R,676664,573262,FF,4-Seam Fastball,strikeout,called_strike,L,L,SF,ATH,92.30,,,,,,3,2,2024,2024-07
2024-07-30,2024,R,676664,573262,FF,4-Seam Fastball,,foul,L,L,SF,ATH,93.00,78.40,17,,,,3,2,2024,2024-07
2024-07-30,2024,R,676664,573262,ST,Sweeper,,ball,L,L,SF,ATH,79.90,,,,,,2,2,2024,2024-07
2024-07-30,2024,R,676664,573262,SL,Slider,,ball,L,L,SF,ATH,80.20,,,,,,1,2,2024,2024-07
2024-07-30,2024,R,676664,573262,FF,4-Seam Fastball,,ball,L,L,SF,ATH,92.50,,,,,,0,2,2024,2024-07
2024-07-30,2024,R,676664,573262,ST,Sweeper,,swinging_strike,L,L,SF,ATH,79.00,,,,,,0,1,2024,2024-07
2024-07-30,2024,R,676664,573262,SL,Slider,,called_strike,L,L,SF,ATH,79.70,,,,,,0,0,2024,2024-07
2024-07-30,2024,R,676664,656305,FF,4-Seam Fastball,field_out,hit_into_play,R,L,SF,ATH,92.40,82.90,79,117.60,193.92,popup,3,1,2024,2024-07
2024-07-30,2024,R,676664,656305,CH,Changeup,,ball,R,L,SF,ATH,83.60,,,,,,2,1,2024,2024-07
2024-07-30,2024,R,676664,656305,CH,Changeup,,ball,R,L,SF,ATH,84.60,,,,,,1,1,2024,2024-07
2024-07-30,2024,R,676664,656305,ST,Sweeper,,foul,R,L,SF,ATH,80.50,,,,,,1,0,2024,2024-07
2024-07-30,2024,R,676664,656305,SI,Sinker,,ball,R,L,SF,ATH,91.30,,,,,,0,0,2024,2024-07
2024-07-30,2024,R,676664,656305,SL,Slider,field_out,hit_into_play,R,L,SF,ATH,80.10,96.30,23,41.57,87.77,line_drive,0,0,2024,2024-07
2024-07-30,2024,R,676664,656305,FF,4-Seam Fastball,field_out,hit_into_play,R,L,SF,ATH,92.80,113.50,-2,130.09,137.12,ground_ball,2,1,2024,2024-07
2024-07-30,2024,R,676664,656305,CH,Changeup,,ball,R,L,SF,ATH,83.40,,,,,,1,1,2024,2024-07
2024-07-30,2024,R,676664,656305,FF,4-Seam Fastball,,ball,R,L,SF,ATH,91.20,,,,,,0,1,2024,2024-07
2024-07-30,2024,R,676664,656305,FF,4-Seam Fastball,,called_strike,R,L,SF,ATH,92.40,,,,,,0,0,2024,2024-07
2024-07-30,2024,R,676664,656305,SI,Sinker,truncated_pa,ball,R,L,SF,ATH,91.10,,,,,,0,0,2024,2024-07
2024-07-30,2024,R,676664,656537,FF,4-Seam Fastball,strikeout,swinging_strike,R,L,SF,ATH,91.70,,,,,,1,2,2024,2024-07
2024-07-30,2024,R,676664,656537,FF,4-Seam Fastball,,foul,R,L,SF,ATH,92.60,80.70,50,,,,1,2,2024,2024-07
2024-07-30,2024,R,676664,656537,CH,Changeup,,foul,R,L,SF,ATH,85.10,62.40,-42,,,,1,1,2024,2024-07
2024-07-30,2024,R,676664,656537,FF,4-Seam Fastball,,ball,R,L,SF,ATH,89.70,,,,,,0,1,2024,2024-07
2024-07-30,2024,R,676664,656537,CH,Changeup,,called_strike,R,L,SF,ATH,83.90,,,,,,0,0,2024,2024-07
2024-07-30,2024,R,676664,656537,FF,4-Seam Fastball,walk,ball,R,L,SF,ATH,91.80,,,,,,3,2,2024,2024-07
2024-07-30,2024,R,676664,656537,FF,4-Seam Fastball,,ball,R,L,SF,ATH,91.70,,,,,,2,2,2024,2024-07
2024-07-30,2024,R,676664,656537,CH,Changeup,,swinging_strike,R,L,SF,ATH,84.60,,,,,,2,1,2024,2024-07
2024-07-30,2024,R,676664,656537,FF,4-Seam Fastball,,ball,R,L,SF,ATH,92.40,,,,,,1,1,2024,2024-07
2024-07-30,2024,R,676664,656537,FF,4-Seam Fastball,,foul,R,L,SF,ATH,93.10,78.10,67,,,,1,0,2024,2024-07
2024-07-30,2024,R,676664,656537,FF,4-Seam Fastball,,ball,R,L,SF,ATH,93.30,,,,,,0,0,2024,2024-07
2024-07-30,2024,R,676664,666149,FF,4-Seam Fastball,strikeout,swinging_strike,R,L,SF,ATH,91.60,,,,,,0,2,2024,2024-07
2024-07-30,2024,R,676664,666149,CH,Changeup,,called_strike,R,L,SF,ATH,83.50,,,,,,0,1,2024,2024-07
2024-07-30,2024,R,676664,666149,CH,Changeup,,called_strike,R,L,SF,ATH,83.50,,,,,,0,0,2024,2024-07
2024-07-30,2024,R,676664,666149,SI,Sinker,field_out,hit_into_play,R,L,SF,ATH,90.60,100.20,4,102.26,147.41,ground_ball,0,0,2024,2024-07
2024-07-30,2024,R,676664,666149,CH,Changeup,field_out,hit_into_play,R,L,SF,ATH,83.60,76.10,-6,117.24,144.45,ground_ball,1,2,2024,2024-07
2024-07-30,2024,R,676664,666149,CH,Changeup,,foul,R,L,SF,ATH,84.60,,,,,,1,1,2024,2024-07
2024-07-30,2024,R,676664,666149,FF,4-Seam Fastball,,ball,R,L,SF,ATH,91.80,,,,,,0,1,2024,2024-07
2024-07-30,2024,R,676664,666149,FF,4-Seam Fastball,,called_strike,R,L,SF,ATH,92.30,,,,,,0,0,2024,2024-07
2024-07-30,2024,R,676664,669477,CH,Changeup,strikeout,swinging_strike,R,L,SF,ATH,85.90,,,,,,1,2,2024,2024-07
2024-07-30,2024,R,676664,669477,SL,Slider,,called_strike,R,L,SF,ATH,80.10,,,,,,1,1,2024,2024-07
2024-07-30,2024,R,676664,669477,ST,Sweeper,,called_strike,R,L,SF,ATH,79.00,,,,,,1,0,2024,2024-07
2024-07-30,2024,R,676664,669477,CH,Changeup,,ball,R,L,SF,ATH,84.90,,,,,,0,0,2024,2024-07
2024-07-30,2024,R,676664,669477,FF,4-Seam Fastball,strikeout,swinging_strike,R,L,SF,ATH,91.70,,,,,,2,2,2024,2024-07
2024-07-30,2024,R,676664,669477,FF,4-Seam Fastball,,ball,R,L,SF,ATH,91.20,,,,,,1,2,2024,2024-07
2024-07-30,2024,R,676664,669477,FF,4-Seam Fastball,,swinging_strike,R,L,SF,ATH,91.00,,,,,,1,1,2024,2024-07
2024-07-30,2024,R,676664,669477,ST,Sweeper,,ball,R,L,SF,ATH,77.90,,,,,,0,1,2024,2024-07
2024-07-30,2024,R,676664,669477,ST,Sweeper,,called_strike,R,L,SF,ATH,78.70,,,,,,0,0,2024,2024-07
2024-07-30,2024,R,676664,669477,FF,4-Seam Fastball,field_out,hit_into_play,R,L,SF,ATH,92.00,64.40,60,155.70,151.45,popup,0,1,2024,2024-07
2024-07-30,2024,R,676664,669477,SL,Slider,,called_strike,R,L,SF,ATH,82.40,,,,,,0,0,2024,2024-07
2024-07-30,2024,R,676664,671218,CH,Changeup,strikeout,called_strike,R,L,SF,ATH,82.90,,,,,,3,2,2024,2024-07
2024-07-30,2024,R,676664,671218,FF,4-Seam Fastball,,foul,R,L,SF,ATH,91.70,82.10,58,,,,3,2,2024,2024-07
2024-07-30,2024,R,676664,671218,FF,4-Seam Fastball,,foul,R,L,SF,ATH,93.10,73.20,67,,,,3,2,2024,2024-07
2024-07-30,2024,R,676664,671218,FF,4-Seam Fastball,,foul,R,L,SF,ATH,92.70,83.20,-15,,,,3,2,2024,2024-07
2024-07-30,2024,R,676664,671218,CH,Changeup,,foul,R,L,SF,ATH,83.50,97.50,29,,,,3,2,2024,2024-07
2024-07-30,2024,R,676664,671218,FF,4-Seam Fastball,,ball,R,L,SF,ATH,91.60,,,,,,2,2,2024,2024-07
2024-07-30,2024,R,676664,671218,CH,Changeup,,swinging_strike,R,L,SF,ATH,83.60,,,,,,2,1,2024,2024-07
2024-07-30,2024,R,676664,671218,CH,Changeup,,called_strike,R,L,SF,ATH,82.90,,,,,,2,0,2024,2024-07
2024-07-30,2024,R,676664,671218,SL,Slider,,ball,R,L,SF,ATH,78.40,,,,,,1,0,2024,2024-07
2024-07-30,2024,R,676664,671218,FF,4-Seam Fastball,,ball,R,L,SF,ATH,91.20,,,,,,0,0,2024,2024-07
2024-07-30,2024,R,676664,671218,CH,Changeup,field_out,hit_into_play,R,L,SF,ATH,83.50,59.10,-26,144.01,158.91,ground_ball,1,0,2024,2024-07
2024-07-30,2024,R,676664,671218,CH,Changeup,,ball,R,L,SF,ATH,84.60,,,,,,0,0,2024,2024-07
2024-07-30,2024,R,676664,671218,CU,Curveball,single,hit_into_play,R,L,SF,ATH,79.50,102.80,9,117.84,101.57,line_drive,2,2,2024,2024-07
2024-07-30,2024,R,676664,671218,FF,4-Seam Fastball,,ball,R,L,SF,ATH,92.70,,,,,,1,2,2024,2024-07
2024-07-30,2024,R,676664,671218,FF,4-Seam Fastball,,called_strike,R,L,SF,ATH,92.90,,,,,,1,1,2024,2024-07
2024-07-30,2024,R,676664,671218,SL,Slider,,foul,R,L,SF,ATH,80.00,67.40,37,,,,1,0,2024,2024-07
2024-07-30,2024,R,676664,671218,SL,Slider,,ball,R,L,SF,ATH,79.60,,,,,,0,0,2024,2024-07
2024-07-30,2024,R,676664,672275,FF,4-Seam Fastball,field_out,hit_into_play,R,L,SF,ATH,91.60,101.10,51,78.32,94.28,fly_ball,1,2,2024,2024-07
2024-07-30,2024,R,676664,672275,FF,4-Seam Fastball,,ball,R,L,SF,ATH,92.30,,,,,,0,2,2024,2024-07
2024-07-30,2024,R,676664,672275,CH,Changeup,,called_strike,R,L,SF,ATH,83.90,,,,,,0,1,2024,2024-07
2024-07-30,2024,R,676664,672275,SL,Slider,,called_strike,R,L,SF,ATH,80.60,,,,,,0,0,2024,2024-07
2024-07-30,2024,R,676664,672275,FF,4-Seam Fastball,single,hit_into_play,R,L,SF,ATH,91.30,71.60,18,56.04,124.63,line_drive,3,2,2024,2024-07
2024-07-30,2024,R,676664,672275,FF,4-Seam Fastball,,foul,R,L,SF,ATH,91.60,73.20,47,,,,3,1,2024,2024-07
2024-07-30,2024,R,676664,672275,FF,4-Seam Fastball,,ball,R,L,SF,ATH,90.80,,,,,,2,1,2024,2024-07
2024-07-30,2024,R,676664,672275,FF,4-Seam Fastball,,foul,R,L,SF,ATH,90.80,72.50,41,,,,2,0,2024,2024-07
2024-07-30,2024,R,676664,672275,CH,Changeup,,ball,R,L,SF,ATH,83.40,,,,,,1,0,2024,2024-07
2024-07-30,2024,R,676664,672275,ST,Sweeper,,ball,R,L,SF,ATH,78.00,,,,,,0,0,2024,2024-07
2024-07-30,2024,R,676664,672275,FF,4-Seam Fastball,strikeout,swinging_strike,R,L,SF,ATH,92.80,,,,,,2,2,2024,2024-07
2024-07-30,2024,R,676664,672275,CH,Changeup,,called_strike,R,L,SF,ATH,84.20,,,,,,2,1,2024,2024-07
2024-07-30,2024,R,676664,672275,CH,Changeup,,ball,R,L,SF,ATH,84.20,,,,,,1,1,2024,2024-07
2024-07-30,2024,R,676664,672275,SL,Slider,,swinging_strike,R,L,SF,ATH,79.80,,,,,,1,0,2024,2024-07
2024-07-30,2024,R,676664,672275,ST,Sweeper,,ball,R,L,SF,ATH,81.50,,,,,,0,0,2024,2024-07
2024-07-30,2024,R,676664,681584,FF,4-Seam Fastball,double,hit_into_play,R,L,SF,ATH,91.40,98.20,44,215.32,111.64,fly_ball,0,0,2024,2024-07
2024-07-30,2024,R,676664,681584,FF,4-Seam Fastball,field_out,hit_into_play,R,L,SF,ATH,93.70,104.50,14,178.95,93.65,line_drive,0,0,2024,2024-07
2024-07-30,2024,R,676664,682617,FF,4-Seam Fastball,strikeout,swinging_strike,R,L,SF,ATH,92.00,,,,,,0,2,2024,2024-07
2024-07-30,2024,R,676664,682617,CH,Changeup,,foul,R,L,SF,ATH,83.20,81.90,65,,,,0,1,2024,2024-07
2024-07-30,2024,R,676664,682617,SI,Sinker,,called_strike,R,L,SF,ATH,90.30,,,,,,0,0,2024,2024-07
2024-07-30,2024,R,676664,682617,FF,4-Seam Fastball,strikeout,swinging_strike,R,L,SF,ATH,92.40,,,,,,2,2,2024,2024-07
2024-07-30,2024,R,676664,682617,FF,4-Seam Fastball,,ball,R,L,SF,ATH,92.10,,,,,,1,2,2024,2024-07
2024-07-30,2024,R,676664,682617,CH,Changeup,,swinging_strike,R,L,SF,ATH,85.50,,,,,,1,1,2024,2024-07
2024-07-30,2024,R,676664,682617,CH,Changeup,,called_strike,R,L,SF,ATH,83.70,,,,,,1,0,2024,2024-07
2024-07-30,2024,R,676664,682617,FF,4-Seam Fastball,,ball,R,L,SF,ATH,92.00,,,,,,0,0,2024,2024-07
2024-07-30,2024,R,676684,665926,SL,Slider,field_out,hit_into_play,L,R,DET,CLE,85.90,100.70,7,119.49,122.81,ground_ball,0,1,2024,2024-07
2024-07-30,2024,R,676684,665926,FF,4-Seam Fastball,,called_strike,L,R,DET,CLE,94.70,,,,,,0,0,2024,2024-07
2024-07-30,2024,R,676684,671289,SI,Sinker,double,hit_into_play,R,R,DET,CLE,95.10,85.80,-23,191.37,123.94,ground_ball,1,2,2024,2024-07
2024-07-30,2024,R,676684,671289,FF,4-Seam Fastball,,foul,R,R,DET,CLE,95.50,78.00,52,,,,1,2,2024,2024-07
2024-07-30,2024,R,676684,671289,FF,4-Seam Fastball,,foul,R,R,DET,CLE,95.10,66.90,44,,,,1,2,2024,2024-07
2024-07-30,2024,R,676684,671289,FF,4-Seam Fastball,,called_strike,R,R,DET,CLE,94.90,,,,,,1,1,2024,2024-07
2024-07-30,2024,R,676684,671289,SL,Slider,,foul,R,R,DET,CLE,85.40,70.20,60,,,,1,0,2024,2024-07
2024-07-30,2024,R,676684,671289,SI,Sinker,,ball,R,R,DET,CLE,94.20,,,,,,0,0,2024,2024-07
2024-07-30,2024,R,676684,682177,FF,4-Seam Fastball,field_out,hit_into_play,L,R,DET,CLE,96.20,87.00,-7,148.73,150.90,ground_ball,1,2,2024,2024-07
2024-07-30,2024,R,676684,682177,CH,Changeup,,swinging_strike,L,R,DET,CLE,87.70,,,,,,1,1,2024,2024-07
2024-07-30,2024,R,676684,682177,CH,Changeup,,ball,L,R,DET,CLE,88.50,,,,,,0,1,2024,2024-07
2024-07-30,2024,R,676684,682177,SL,Slider,,foul_tip,L,R,DET,CLE,86.00,,,,,,0,0,2024,2024-07
2024-07-30,2024,R,676684,682657,FF,4-Seam Fastball,strikeout,swinging_strike,L,R,DET,CLE,95.40,,,,,,1,2,2024,2024-07
2024-07-30,2024,R,676684,682657,CH,Changeup,,foul,L,R,DET,CLE,87.40,,,,,,1,2,2024,2024-07
2024-07-30,2024,R,676684,682657,FF,4-Seam Fastball,,foul,L,R,DET,CLE,95.30,75.30,51,,,,1,2,2024,2024-07
2024-07-30,2024,R,676684,682657,FF,4-Seam Fastball,,foul,L,R,DET,CLE,96.00,74.10,74,,,,1,2,2024,2024-07
2024-07-30,2024,R,676684,682657,FF,4-Seam Fastball,,foul,L,R,DET,CLE,95.60,51.50,-39,,,,1,2,2024,2024-07
2024-07-30,2024,R,676684,682657,SL,Slider,,ball,L,R,DET,CLE,83.80,,,,,,0,2,2024,2024-07
2024-07-30,2024,R,676684,682657,FF,4-Seam Fastball,,called_strike,L,R,DET,CLE,95.10,,,,,,0,1,2024,2024-07
2024-07-30,2024,R,676684,682657,FF,4-Seam Fastball,,called_strike,L,R,DET,CLE,95.00,,,,,,0,0,2024,2024-07
2024-07-30,2024,R,676702,514888,SL,Slider,strikeout,called_strike,R,R,HOU,PIT,83.00,,,,,,2,2,2024,2024-07
2024-07-30,2024,R,676702,514888,SL,Slider,,swinging_strike,R,R,HOU,PIT,85.10,,,,,,2,1,2024,2024-07
2024-07-30,2024,R,676702,514888,FC,Cutter,,called_strike,R,R,HOU,PIT,92.10,,,,,,2,0,2024,2024-07
2024-07-30,2024,R,676702,514888,SL,Slider,,ball,R,R,HOU,PIT,83.20,,,,,,1,0,2024,2024-07
2024-07-30,2024,R,676702,514888,FC,Cutter,,ball,R,R,HOU,PIT,91.10,,,,,,0,0,2024,2024-07
2024-07-30,2024,R,676702,572138,SL,Slider,strikeout,called_strike,L,R,HOU,PIT,83.80,,,,,,2,2,2024,2024-07
2024-07-30,2024,R,676702,572138,FF,4-Seam Fastball,,ball,L,R,HOU,PIT,97.30,,,,,,1,2,2024,2024-07
2024-07-30,2024,R,676702,572138,FF,4-Seam Fastball,,ball,L,R,HOU,PIT,96.00,,,,,,0,2,2024,2024-07
2024-07-30,2024,R,676702,572138,SL,Slider,,called_strike,L,R,HOU,PIT,83.30,,,,,,0,1,2024,2024-07
2024-07-30,2024,R,676702,572138,FF,4-Seam Fastball,,called_strike,L,R,HOU,PIT,95.00,,,,,,0,0,2024,2024-07
2024-07-30,2024,R,676702,605170,FF,4-Seam Fastball,single,hit_into_play,L,R,HOU,PIT,96.30,95.00,9,137.43,104.53,line_drive,0,1,2024,2024-07
2024-07-30,2024,R,676702,605170,SL,Slider,,called_strike,L,R,HOU,PIT,82.80,,,,,,0,0,2024,2024-07
2024-07-30,2024,R,676702,676694,FF,4-Seam Fastball,field_out,hit_into_play,R,R,HOU,PIT,96.10,93.10,28,124.41,56.57,fly_ball,2,0,2024,2024-07
2024-07-30,2024,R,676702,676694,FC,Cutter,,ball,R,R,HOU,PIT,92.70,,,,,,1,0,2024,2024-07
2024-07-30,2024,R,676702,676694,FC,Cutter,,ball,R,R,HOU,PIT,92.60,,,,,,0,0,2024,2024-07
2024-07-30,2024,R,676702,676801,SL,Slider,single,hit_into_play,R,R,HOU,PIT,83.80,63.50,15,105.53,143.27,ground_ball,2,0,2024,2024-07
2024-07-30,2024,R,676702,676801,FC,Cutter,,ball,R,R,HOU,PIT,91.50,,,,,,1,0,2024,2024-07
2024-07-30,2024,R,676702,676801,FF,4-Seam Fastball,,ball,R,R,HOU,PIT,95.50,,,,,,0,0,2024,2024-07
2024-07-30,2024,R,677161,457759,FF,4-Seam Fastball,field_out,hit_into_play,R,R,BOS,SEA,98.00,98.50,-1,151.00,160.71,ground_ball,0,2,2024,2024-07
2024-07-30,2024,R,677161,457759,FF,4-Seam Fastball,,called_strike,R,R,BOS,SEA,97.50,,,,,,0,1,2024,2024-07
2024-07-30,2024,R,677161,457759,ST,Sweeper,,foul,R,R,BOS,SEA,82.20,75.30,37,,,,0,0,2024,2024-07
2024-07-30,2024,R,677161,593871,CH,Changeup,walk,blocked_ball,L,R,BOS,SEA,84.70,,,,,,3,2,2024,2024-07
2024-07-30,2024,R,677161,593871,FF,4-Seam Fastball,,ball,L,R,BOS,SEA,96.80,,,,,,2,2,2024,2024-07
2024-07-30,2024,R,677161,593871,ST,Sweeper,,blocked_ball,L,R,BOS,SEA,85.80,,,,,,1,2,2024,2024-07
2024-07-30,2024,R,677161,593871,ST,Sweeper,,swinging_strike,L,R,BOS,SEA,82.60,,,,,,1,1,2024,2024-07
2024-07-30,2024,R,677161,593871,ST,Sweeper,,called_strike,L,R,BOS,SEA,83.00,,,,,,1,0,2024,2024-07
2024-07-30,2024,R,677161,593871,ST,Sweeper,,blocked_ball,L,R,BOS,SEA,82.00,,,,,,0,0,2024,2024-07
2024-07-30,2024,R,677161,641598,ST,Sweeper,walk,ball,R,R,BOS,SEA,83.10,,,,,,3,2,2024,2024-07
2024-07-30,2024,R,677161,641598,FC,Cutter,,foul,R,R,BOS,SEA,92.10,,,,,,3,1,2024,2024-07
2024-07-30,2024,R,677161,641598,ST,Sweeper,,ball,R,R,BOS,SEA,84.30,,,,,,2,1,2024,2024-07
2024-07-30,2024,R,677161,641598,CH,Changeup,,ball,R,R,BOS,SEA,82.80,,,,,,1,1,2024,2024-07
2024-07-30,2024,R,677161,641598,ST,Sweeper,,called_strike,R,R,BOS,SEA,82.90,,,,,,1,0,2024,2024-07
2024-07-30,2024,R,677161,641598,CH,Changeup,,blocked_ball,R,R,BOS,SEA,82.60,,,,,,0,0,2024,2024-07
2024-07-30,2024,R,677161,664238,ST,Sweeper,double,hit_into_play,R,R,BOS,SEA,84.20,93.80,34,98.45,89.88,fly_ball,0,0,2024,2024-07
2024-07-30,2024,R,679885,623912,SI,Sinker,strikeout,swinging_strike,R,R,AZ,WSH,100.00,,,,,,1,2,2024,2024-07
2024-07-30,2024,R,679885,623912,SI,Sinker,,called_strike,R,R,AZ,WSH,97.70,,,,,,1,1,2024,2024-07
2024-07-30,2024,R,679885,623912,SI,Sinker,,ball,R,R,AZ,WSH,99.80,,,,,,0,1,2024,2024-07
2024-07-30,2024,R,679885,623912,SI,Sinker,,called_strike,R,R,AZ,WSH,99.50,,,,,,0,0,2024,2024-07
2024-07-30,2024,R,679885,656180,SI,Sinker,field_out,hit_into_play,R,R,AZ,WSH,99.90,87.50,-4,128.19,143.98,ground_ball,2,2,2024,2024-07
2024-07-30,2024,R,679885,656180,SI,Sinker,,ball,R,R,AZ,WSH,100.00,,,,,,1,2,2024,2024-07
2024-07-30,2024,R,679885,656180,SL,Slider,,foul,R,R,AZ,WSH,88.90,,,,,,1,2,2024,2024-07
2024-07-30,2024,R,679885,656180,FS,Split-Finger,,swinging_strike,R,R,AZ,WSH,87.00,,,,,,1,1,2024,2024-07
2024-07-30,2024,R,679885,656180,SI,Sinker,,ball,R,R,AZ,WSH,99.60,,,,,,0,1,2024,2024-07
2024-07-30,2024,R,679885,656180,SI,Sinker,,foul,R,R,AZ,WSH,99.90,108.90,-30,,,,0,0,2024,2024-07
2024-07-30,2024,R,679885,663905,SI,Sinker,field_out,hit_into_play,L,R,AZ,WSH,97.00,82.10,-1,118.56,149.05,ground_ball,1,0,2024,2024-07
2024-07-30,2024,R,679885,663905,SI,Sinker,,ball,L,R,AZ,WSH,98.50,,,,,,0,0,2024,2024-07
2024-07-30,2024,R,680689,621020,SI,Sinker,walk,ball,R,R,CIN,CHC,95.00,,,,,,3,2,2024,2024-07
2024-07-30,2024,R,680689,621020,FF,4-Seam Fastball,,foul,R,R,CIN,CHC,96.60,,,,,,3,2,2024,2024-07
2024-07-30,2024,R,680689,621020,SL,Slider,,ball,R,R,CIN,CHC,86.20,,,,,,2,2,2024,2024-07
2024-07-30,2024,R,680689,621020,CH,Changeup,,foul,R,R,CIN,CHC,86.50,72.50,-18,,,,2,2,2024,2024-07
2024-07-30,2024,R,680689,621020,FF,4-Seam Fastball,,foul,R,R,CIN,CHC,97.40,76.60,46,,,,2,2,2024,2024-07
2024-07-30,2024,R,680689,621020,CH,Changeup,,foul,R,R,CIN,CHC,85.70,70.00,-34,,,,2,1,2024,2024-07
2024-07-30,2024,R,680689,621020,SI,Sinker,,foul,R,R,CIN,CHC,94.90,80.10,30,,,,2,0,2024,2024-07
2024-07-30,2024,R,680689,621020,CH,Changeup,,ball,R,R,CIN,CHC,84.80,,,,,,1,0,2024,2024-07
2024-07-30,2024,R,680689,621020,SL,Slider,,ball,R,R,CIN,CHC,83.10,,,,,,0,0,2024,2024-07
2024-07-30,2024,R,680689,641355,FF,4-Seam Fastball,home_run,hit_into_play,L,R,CIN,CHC,95.90,96.20,35,194.64,70.24,fly_ball,1,2,2024,2024-07
2024-07-30,2024,R,680689,641355,CH,Changeup,,foul,L,R,CIN,CHC,85.50,65.50,50,,,,1,2,2024,2024-07
2024-07-30,2024,R,680689,641355,FF,4-Seam Fastball,,foul,L,R,CIN,CHC,95.60,73.40,39,,,,1,1,2024,2024-07
2024-07-30,2024,R,680689,641355,FF,4-Seam Fastball,,ball,L,R,CIN,CHC,96.30,,,,,,0,1,2024,2024-07
2024-07-30,2024,R,680689,641355,CH,Changeup,,called_strike,L,R,CIN,CHC,84.40,,,,,,0,0,2024,2024-07
2024-07-30,2024,R,680689,663538,CH,Changeup,strikeout,swinging_strike,R,R,CIN,CHC,85.80,,,,,,2,2,2024,2024-07
2024-07-30,2024,R,680689,663538,SL,Slider,,ball,R,R,CIN,CHC,84.40,,,,,,1,2,2024,2024-07
2024-07-30,2024,R,680689,663538,SI,Sinker,,called_strike,R,R,CIN,CHC,94.60,,,,,,1,1,2024,2024-07
2024-07-30,2024,R,680689,663538,SL,Slider,,ball,R,R,CIN,CHC,84.00,,,,,,0,1,2024,2024-07
2024-07-30,2024,R,680689,663538,FF,4-Seam Fastball,,called_strike,R,R,CIN,CHC,98.00,,,,,,0,0,2024,2024-07
2024-07-30,2024,R,680689,670623,SI,Sinker,field_out,hit_into_play,R,R,CIN,CHC,95.10,75.60,37,144.31,98.03,fly_ball,1,1,2024,2024-07
2024-07-30,2024,R,680689,670623,SL,Slider,,swinging_strike,R,R,CIN,CHC,84.30,,,,,,1,0,2024,2024-07
2024-07-30,2024,R,680689,670623,SL,Slider,,ball,R,R,CIN,CHC,84.30,,,,,,0,0,2024,2024-07
2024-07-30,2024,R,680689,673548,CH,Changeup,single,hit_into_play,R,R,CIN,CHC,85.90,63.40,26,89.07,120.10,fly_ball,1,2,2024,2024-07
2024-07-30,2024,R,680689,673548,CH,Changeup,,ball,R,R,CIN,CHC,85.80,,,,,,0,2,2024,2024-07
2024-07-30,2024,R,680689,673548,SI,Sinker,,called_strike,R,R,CIN,CHC,93.80,,,,,,0,1,2024,2024-07
2024-07-30,2024,R,680689,673548,FF,4-Seam Fastball,,called_strike,R,R,CIN,CHC,96.10,,,,,,0,0,2024,2024-07
2024-07-30,2024,R,680704,570482,SL,Slider,grounded_into_double_play,hit_into_play,R,R,DET,CLE,81.50,70.30,10,129.53,145.04,ground_ball,2,2,2024,2024-07
2024-07-30,2024,R,680704,570482,FS,Split-Finger,,foul,R,R,DET,CLE,85.20,,,,,,2,2,2024,2024-07
2024-07-30,2024,R,680704,570482,FS,Split-Finger,,ball,R,R,DET,CLE,79.90,,,,,,1,2,2024,2024-07
2024-07-30,2024,R,680704,570482,FF,4-Seam Fastball,,ball,R,R,DET,CLE,92.60,,,,,,0,2,2024,2024-07
2024-07-30,2024,R,680704,570482,FS,Split-Finger,,swinging_strike,R,R,DET,CLE,81.10,,,,,,0,1,2024,2024-07
2024-07-30,2024,R,680704,570482,FF,4-Seam Fastball,,swinging_strike,R,R,DET,CLE,92.80,,,,,,0,0,2024,2024-07
2024-07-30,2024,R,680704,628451,FS,Split-Finger,strikeout,swinging_strike,R,R,DET,CLE,84.00,,,,,,2,2,2024,2024-07
2024-07-30,2024,R,680704,628451,FS,Split-Finger,,ball,R,R,DET,CLE,81.50,,,,,,1,2,2024,2024-07
2024-07-30,2024,R,680704,628451,FF,4-Seam Fastball,,ball,R,R,DET,CLE,92.80,,,,,,0,2,2024,2024-07
2024-07-30,2024,R,680704,628451,SL,Slider,,foul,R,R,DET,CLE,78.70,99.70,-2,,,,0,1,2024,2024-07
2024-07-30,2024,R,680704,628451,SL,Slider,,foul_bunt,R,R,DET,CLE,80.00,,,,,,0,0,2024,2024-07
2024-07-30,2024,R,680704,676632,SL,Slider,single,hit_into_play,L,R,DET,CLE,80.00,90.50,13,176.25,139.64,line_drive,2,2,2024,2024-07
2024-07-30,2024,R,680704,676632,FS,Split-Finger,,ball,L,R,DET,CLE,81.10,,,,,,1,2,2024,2024-07
2024-07-30,2024,R,680704,676632,FF,4-Seam Fastball,,called_strike,L,R,DET,CLE,93.30,,,,,,1,1,2024,2024-07
2024-07-30,2024,R,680704,676632,FS,Split-Finger,,swinging_strike,L,R,DET,CLE,82.80,,,,,,1,0,2024,2024-07
2024-07-30,2024,R,680704,676632,FS,Split-Finger,,ball,L,R,DET,CLE,84.00,,,,,,0,0,2024,2024-07
2024-07-30,2024,R,681517,543760,FF,4-Seam Fastball,field_out,hit_into_play,R,R,STL,TEX,94.40,100.00,16,77.86,88.64,line_drive,3,2,2024,2024-07
2024-07-30,2024,R,681517,543760,SL,Slider,,called_strike,R,R,STL,TEX,89.30,,,,,,3,1,2024,2024-07
2024-07-30,2024,R,681517,543760,FF,4-Seam Fastball,,called_strike,R,R,STL,TEX,93.90,,,,,,3,0,2024,2024-07
2024-07-30,2024,R,681517,543760,FF,4-Seam Fastball,,ball,R,R,STL,TEX,94.10,,,,,,2,0,2024,2024-07
2024-07-30,2024,R,681517,543760,FF,4-Seam Fastball,,ball,R,R,STL,TEX,93.50,,,,,,1,0,2024,2024-07
2024-07-30,2024,R,681517,543760,FF,4-Seam Fastball,,ball,R,R,STL,TEX,93.30,,,,,,0,0,2024,2024-07
2024-07-30,2024,R,681517,663993,CH,Changeup,field_out,hit_into_play,L,R,STL,TEX,90.20,99.70,-9,153.29,148.86,ground_ball,1,1,2024,2024-07
2024-07-30,2024,R,681517,663993,FF,4-Seam Fastball,,ball,L,R,STL,TEX,95.20,,,,,,0,1,2024,2024-07
2024-07-30,2024,R,681517,663993,FF,4-Seam Fastball,,foul,L,R,STL,TEX,94.90,93.30,46,,,,0,0,2024,2024-07
2024-07-30,2024,R,681517,666969,SL,Slider,single,hit_into_play,R,R,STL,TEX,89.30,99.00,18,44.58,94.78,line_drive,0,1,2024,2024-07
2024-07-30,2024,R,681517,666969,SL,Slider,,swinging_strike,R,R,STL,TEX,89.40,,,,,,0,0,2024,2024-07
2024-07-30,2024,R,681517,694671,SL,Slider,field_out,hit_into_play,R,R,STL,TEX,90.10,99.10,-22,102.02,171.24,ground_ball,1,1,2024,2024-07
2024-07-30,2024,R,681517,694671,SL,Slider,,foul,R,R,STL,TEX,89.70,66.40,82,,,,1,0,2024,2024-07
2024-07-30,2024,R,681517,694671,SL,Slider,,ball,R,R,STL,TEX,90.70,,,,,,0,0,2024,2024-07
2024-07-30,2024,R,681676,543760,FF,4-Seam Fastball,field_out,hit_into_play,R,R,STL,TEX,97.50,104.50,-14,114.21,153.95,ground_ball,0,0,2024,2024-07
2024-07-30,2024,R,681676,608369,SL,Slider,field_out,hit_into_play,L,R,STL,TEX,86.80,90.60,56,66.81,122.97,fly_ball,1,2,2024,2024-07
2024-07-30,2024,R,681676,608369,FF,4-Seam Fastball,,foul,L,R,STL,TEX,95.60,102.10,-10,,,,1,2,2024,2024-07
2024-07-30,2024,R,681676,608369,SL,Slider,,ball,L,R,STL,TEX,86.50,,,,,,0,2,2024,2024-07
2024-07-30,2024,R,681676,608369,SL,Slider,,swinging_strike,L,R,STL,TEX,87.90,,,,,,0,1,2024,2024-07
2024-07-30,2024,R,681676,608369,SL,Slider,,swinging_strike,L,R,STL,TEX,86.80,,,,,,0,0,2024,2024-07
2024-07-30,2024,R,681676,694671,SL,Slider,strikeout,called_strike,R,R,STL,TEX,88.90,,,,,,2,2,2024,2024-07
2024-07-30,2024,R,681676,694671,FF,4-Seam Fastball,,ball,R,R,STL,TEX,97.00,,,,,,1,2,2024,2024-07
2024-07-30,2024,R,681676,694671,FF,4-Seam Fastball,,foul,R,R,STL,TEX,96.40,69.70,41,,,,1,1,2024,2024-07
2024-07-30,2024,R,681676,694671,SL,Slider,,swinging_strike,R,R,STL,TEX,88.40,,,,,,1,0,2024,2024-07
2024-07-30,2024,R,681676,694671,FF,4-Seam Fastball,,ball,R,R,STL,TEX,97.50,,,,,,0,0,2024,2024-07
2024-07-30,2024,R,681799,600869,ST,Sweeper,strikeout,swinging_strike,L,R,CIN,CHC,82.30,,,,,,0,2,2024,2024-07
2024-07-30,2024,R,681799,600869,FC,Cutter,,foul,L,R,CIN,CHC,90.50,,,,,,0,1,2024,2024-07
2024-07-30,2024,R,681799,600869,ST,Sweeper,,foul_tip,L,R,CIN,CHC,81.10,,,,,,0,0,2024,2024-07
2024-07-30,2024,R,681799,641584,ST,Sweeper,field_out,hit_into_play,L,R,CIN,CHC,80.80,87.80,32,167.62,70.49,fly_ball,2,1,2024,2024-07
2024-07-30,2024,R,681799,641584,ST,Sweeper,,ball,L,R,CIN,CHC,80.70,,,,,,1,1,2024,2024-07
2024-07-30,2024,R,681799,641584,ST,Sweeper,,swinging_strike,L,R,CIN,CHC,80.40,,,,,,1,0,2024,2024-07
2024-07-30,2024,R,681799,641584,ST,Sweeper,,ball,L,R,CIN,CHC,80.90,,,,,,0,0,2024,2024-07
2024-07-30,2024,R,681799,663697,ST,Sweeper,field_out,hit_into_play,R,R,CIN,CHC,81.30,103.80,18,66.07,121.61,line_drive,0,1,2024,2024-07
2024-07-30,2024,R,681799,663697,FC,Cutter,,foul,R,R,CIN,CHC,89.10,75.10,22,,,,0,0,2024,2024-07
2024-07-30,2024,R,681799,663886,ST,Sweeper,strikeout,swinging_strike,R,R,CIN,CHC,82.20,,,,,,0,2,2024,2024-07
2024-07-30,2024,R,681799,663886,ST,Sweeper,,swinging_strike,R,R,CIN,CHC,81.10,,,,,,0,1,2024,2024-07
2024-07-30,2024,R,681799,663886,FC,Cutter,,called_strike,R,R,CIN,CHC,89.40,,,,,,0,0,2024,2024-07
2024-07-30,2024,R,681799,663886,ST,Sweeper,single,hit_into_play,R,R,CIN,CHC,82.00,82.60,17,80.46,100.70,line_drive,2,2,2024,2024-07
2024-07-30,2024,R,681799,663886,ST,Sweeper,,ball,R,R,CIN,CHC,83.10,,,,,,1,2,2024,2024-07
2024-07-30,2024,R,681799,663886,ST,Sweeper,,foul,R,R,CIN,CHC,83.30,68.90,-48,,,,1,1,2024,2024-07
2024-07-30,2024,R,681799,663886,ST,Sweeper,,called_strike,R,R,CIN,CHC,81.20,,,,,,1,0,2024,2024-07
2024-07-30,2024,R,681799,663886,FC,Cutter,,ball,R,R,CIN,CHC,91.60,,,,,,0,0,2024,2024-07
2024-07-30,2024,R,681799,668715,ST,Sweeper,double,hit_into_play,R,R,CIN,CHC,80.60,82.60,0,46.67,119.79,ground_ball,0,1,2024,2024-07
2024-07-30,2024,R,681799,668715,ST,Sweeper,,called_strike,R,R,CIN,CHC,81.20,,,,,,0,0,2024,2024-07
2024-07-30,2024,R,681799,669289,ST,Sweeper,double,hit_into_play,R,R,CIN,CHC,81.10,97.80,28,84.96,44.61,fly_ball,3,2,2024,2024-07
2024-07-30,2024,R,681799,669289,ST,Sweeper,,foul,R,R,CIN,CHC,81.80,68.80,57,,,,3,2,2024,2024-07
2024-07-30,2024,R,681799,669289,ST,Sweeper,,swinging_strike,R,R,CIN,CHC,80.20,,,,,,3,1,2024,2024-07
2024-07-30,2024,R,681799,669289,ST,Sweeper,,ball,R,R,CIN,CHC,82.70,,,,,,2,1,2024,2024-07
2024-07-30,2024,R,681799,669289,FC,Cutter,,ball,R,R,CIN,CHC,89.60,,,,,,1,1,2024,2024-07
2024-07-30,2024,R,681799,669289,ST,Sweeper,,swinging_strike,R,R,CIN,CHC,80.70,,,,,,1,0,2024,2024-07
2024-07-30,2024,R,681799,669289,ST,Sweeper,,ball,R,R,CIN,CHC,80.60,,,,,,0,0,2024,2024-07
2024-07-30,2024,R,681799,670770,FC,Cutter,single,hit_into_play,L,R,CIN,CHC,89.90,104.90,-1,167.95,134.95,ground_ball,1,1,2024,2024-07
2024-07-30,2024,R,681799,670770,ST,Sweeper,,ball,L,R,CIN,CHC,83.10,,,,,,0,1,2024,2024-07
2024-07-30,2024,R,681799,670770,FC,Cutter,,called_strike,L,R,CIN,CHC,90.30,,,,,,0,0,2024,2024-07
2024-07-30,2024,R,681799,682622,ST,Sweeper,field_out,hit_into_play,R,R,CIN,CHC,82.10,89.30,38,142.48,80.37,fly_ball,1,0,2024,2024-07
2024-07-30,2024,R,681799,682622,ST,Sweeper,,ball,R,R,CIN,CHC,81.40,,,,,,0,0,2024,2024-07
2024-07-30,2024,R,681799,682829,FC,Cutter,field_out,hit_into_play,L,R,CIN,CHC,88.90,90.80,42,62.43,108.88,fly_ball,1,1,2024,2024-07
2024-07-30,2024,R,681799,682829,ST,Sweeper,,ball,L,R,CIN,CHC,81.70,,,,,,0,1,2024,2024-07
2024-07-30,2024,R,681799,682829,ST,Sweeper,,called_strike,L,R,CIN,CHC,80.50,,,,,,0,0,2024,2024-07
2024-07-30,2024,R,681867,457759,SI,Sinker,field_out,hit_into_play,R,R,BOS,SEA,89.40,90.80,-15,116.53,149.55,ground_ball,3,2,2024,2024-07
2024-07-30,2024,R,681867,457759,ST,Sweeper,,ball,R,R,BOS,SEA,75.00,,,,,,2,2,2024,2024-07
2024-07-30,2024,R,681867,457759,SI,Sinker,,ball,R,R,BOS,SEA,88.90,,,,,,1,2,2024,2024-07
2024-07-30,2024,R,681867,457759,CH,Changeup,,foul,R,R,BOS,SEA,83.90,90.80,-23,,,,1,2,2024,2024-07
2024-07-30,2024,R,681867,457759,ST,Sweeper,,ball,R,R,BOS,SEA,77.70,,,,,,0,2,2024,2024-07
2024-07-30,2024,R,681867,457759,SI,Sinker,,called_strike,R,R,BOS,SEA,88.20,,,,,,0,1,2024,2024-07
2024-07-30,2024,R,681867,457759,ST,Sweeper,,called_strike,R,R,BOS,SEA,75.40,,,,,,0,0,2024,2024-07
2024-07-30,2024,R,681867,571745,ST,Sweeper,field_out,hit_into_play,R,R,BOS,SEA,77.20,78.30,45,163.20,105.76,fly_ball,1,2,2024,2024-07
2024-07-30,2024,R,681867,571745,ST,Sweeper,,ball,R,R,BOS,SEA,76.30,,,,,,0,2,2024,2024-07
2024-07-30,2024,R,681867,571745,SI,Sinker,,foul,R,R,BOS,SEA,90.30,,,,,,0,2,2024,2024-07
2024-07-30,2024,R,681867,571745,CH,Changeup,,foul,R,R,BOS,SEA,83.70,60.90,-57,,,,0,1,2024,2024-07
2024-07-30,2024,R,681867,571745,SI,Sinker,,called_strike,R,R,BOS,SEA,89.50,,,,,,0,0,2024,2024-07
2024-07-30,2024,R,681867,593871,CH,Changeup,field_out,hit_into_play,L,R,BOS,SEA,83.60,78.80,31,103.77,91.50,fly_ball,0,0,2024,2024-07
2024-07-30,2024,R,681867,641598,SI,Sinker,field_out,hit_into_play,R,R,BOS,SEA,87.70,88.50,35,179.27,87.04,fly_ball,0,1,2024,2024-07
2024-07-30,2024,R,681867,641598,ST,Sweeper,,called_strike,R,R,BOS,SEA,77.90,,,,,,0,0,2024,2024-07
2024-07-30,2024,R,681867,645302,CH,Changeup,field_out,hit_into_play,R,R,BOS,SEA,83.20,81.80,-11,109.43,164.25,ground_ball,2,2,2024,2024-07
2024-07-30,2024,R,681867,645302,SI,Sinker,,foul,R,R,BOS,SEA,90.70,67.40,-34,,,,2,2,2024,2024-07
2024-07-30,2024,R,681867,645302,ST,Sweeper,,ball,R,R,BOS,SEA,76.90,,,,,,1,2,2024,2024-07
2024-07-30,2024,R,681867,645302,ST,Sweeper,,ball,R,R,BOS,SEA,77.40,,,,,,0,2,2024,2024-07
2024-07-30,2024,R,681867,645302,SI,Sinker,,called_strike,R,R,BOS,SEA,88.70,,,,,,0,1,2024,2024-07
2024-07-30,2024,R,681867,645302,ST,Sweeper,,swinging_strike,R,R,BOS,SEA,77.70,,,,,,0,0,2024,2024-07
2024-07-30,2024,R,681867,663728,FC,Cutter,field_out,hit_into_play,L,R,BOS,SEA,87.30,85.80,-6,161.23,159.82,ground_ball,2,0,2024,2024-07
2024-07-30,2024,R,681867,663728,FC,Cutter,,ball,L,R,BOS,SEA,87.00,,,,,,1,0,2024,2024-07
2024-07-30,2024,R,681867,663728,ST,Sweeper,,ball,L,R,BOS,SEA,75.70,,,,,,0,0,2024,2024-07
2024-07-30,2024,R,681867,664238,CH,Changeup,field_out,hit_into_play,R,R,BOS,SEA,83.40,82.80,44,70.09,101.54,fly_ball,2,2,2024,2024-07
2024-07-30,2024,R,681867,664238,CH,Changeup,,ball,R,R,BOS,SEA,84.50,,,,,,1,2,2024,2024-07
2024-07-30,2024,R,681867,664238,ST,Sweeper,,foul,R,R,BOS,SEA,77.10,81.40,49,,,,1,1,2024,2024-07
2024-07-30,2024,R,681867,664238,ST,Sweeper,,ball,R,R,BOS,SEA,78.00,,,,,,0,1,2024,2024-07
2024-07-30,2024,R,681867,664238,SI,Sinker,,called_strike,R,R,BOS,SEA,88.70,,,,,,0,0,2024,2024-07
2024-07-30,2024,R,681867,668227,ST,Sweeper,field_out,hit_into_play,R,R,BOS,SEA,76.10,89.30,50,51.02,122.77,fly_ball,1,0,2024,2024-07
2024-07-30,2024,R,681867,668227,ST,Sweeper,,ball,R,R,BOS,SEA,76.90,,,,,,0,0,2024,2024-07
2024-07-30,2024,R,681867,668942,FC,Cutter,field_out,hit_into_play,L,R,BOS,SEA,86.80,81.80,31,170.41,88.80,fly_ball,0,0,2024,2024-07
2024-07-30,2024,R,681869,642133,CH,Changeup,strikeout,swinging_strike,L,R,HOU,PIT,90.60,,,,,,0,2,2024,2024-07
2024-07-30,2024,R,681869,642133,CH,Changeup,,foul,L,R,HOU,PIT,89.90,,,,,,0,2,2024,2024-07
2024-07-30,2024,R,681869,642133,FF,4-Seam Fastball,,swinging_strike,L,R,HOU,PIT,95.70,,,,,,0,1,2024,2024-07
2024-07-30,2024,R,681869,642133,FF,4-Seam Fastball,,called_strike,L,R,HOU,PIT,95.60,,,,,,0,0,2024,2024-07
2024-07-30,2024,R,681869,663647,FF,4-Seam Fastball,field_out,hit_into_play,R,R,HOU,PIT,95.50,91.80,30,201.37,93.04,fly_ball,3,2,2024,2024-07
2024-07-30,2024,R,681869,663647,FF,4-Seam Fastball,,foul,R,R,HOU,PIT,94.70,91.00,-43,,,,3,2,2024,2024-07
2024-07-30,2024,R,681869,663647,FF,4-Seam Fastball,,ball,R,R,HOU,PIT,96.30,,,,,,2,2,2024,2024-07
2024-07-30,2024,R,681869,663647,FF,4-Seam Fastball,,called_strike,R,R,HOU,PIT,95.50,,,,,,2,1,2024,2024-07
2024-07-30,2024,R,681869,663647,FF,4-Seam Fastball,,foul,R,R,HOU,PIT,94.70,85.40,68,,,,2,0,2024,2024-07
2024-07-30,2024,R,681869,663647,FF,4-Seam Fastball,,ball,R,R,HOU,PIT,94.80,,,,,,1,0,2024,2024-07
2024-07-30,2024,R,681869,663647,FF,4-Seam Fastball,,ball,R,R,HOU,PIT,96.10,,,,,,0,0,2024,2024-07
2024-07-30,2024,R,681869,663698,FC,Cutter,walk,ball,R,R,HOU,PIT,89.80,,,,,,3,2,2024,2024-07
2024-07-30,2024,R,681869,663698,ST,Sweeper,,ball,R,R,HOU,PIT,82.70,,,,,,2,2,2024,2024-07
2024-07-30,2024,R,681869,663698,CU,Curveball,,ball,R,R,HOU,PIT,83.00,,,,,,1,2,2024,2024-07
2024-07-30,2024,R,681869,663698,FC,Cutter,,swinging_strike,R,R,HOU,PIT,89.50,,,,,,1,1,2024,2024-07
2024-07-30,2024,R,681869,663698,FC,Cutter,,ball,R,R,HOU,PIT,91.20,,,,,,0,1,2024,2024-07
2024-07-30,2024,R,681869,663698,FF,4-Seam Fastball,,called_strike,R,R,HOU,PIT,96.50,,,,,,0,0,2024,2024-07
2024-07-30,2024,R,681869,665833,FF,4-Seam Fastball,field_out,hit_into_play,L,R,HOU,PIT,94.70,93.00,60,59.01,132.58,fly_ball,0,0,2024,2024-07
2024-07-30,2024,R,681869,668804,FF,4-Seam Fastball,strikeout,called_strike,L,R,HOU,PIT,96.90,,,,,,0,2,2024,2024-07
2024-07-30,2024,R,681869,668804,CH,Changeup,,foul,L,R,HOU,PIT,87.90,70.80,25,,,,0,2,2024,2024-07
2024-07-30,2024,R,681869,668804,CU,Curveball,,foul,L,R,HOU,PIT,81.90,78.10,-3,,,,0,1,2024,2024-07
2024-07-30,2024,R,681869,668804,CU,Curveball,,called_strike,L,R,HOU,PIT,81.30,,,,,,0,0,2024,2024-07
2024-07-30,2024,R,681911,456781,SL,Slider,single,hit_into_play,R,L,SD,LAD,83.90,78.70,2,47.30,118.34,ground_ball,1,2,2024,2024-07
2024-07-30,2024,R,681911,456781,FF,4-Seam Fastball,,foul,R,L,SD,LAD,92.20,78.40,13,,,,1,1,2024,2024-07
2024-07-30,2024,R,681911,456781,FF,4-Seam Fastball,,called_strike,R,L,SD,LAD,92.70,,,,,,1,0,2024,2024-07
2024-07-30,2024,R,681911,456781,,,,automatic_ball,R,L,SD,LAD,,,,,,,0,0,2024,2024-07
2024-07-30,2024,R,681911,543309,CH,Changeup,walk,blocked_ball,R,L,SD,LAD,84.10,,,,,,3,1,2024,2024-07
2024-07-30,2024,R,681911,543309,FF,4-Seam Fastball,,called_strike,R,L,SD,LAD,91.40,,,,,,3,0,2024,2024-07
2024-07-30,2024,R,681911,543309,SL,Slider,,blocked_ball,R,L,SD,LAD,81.80,,,,,,2,0,2024,2024-07
2024-07-30,2024,R,681911,543309,SL,Slider,,ball,R,L,SD,LAD,83.00,,,,,,1,0,2024,2024-07
2024-07-30,2024,R,681911,543309,SL,Slider,,blocked_ball,R,L,SD,LAD,83.30,,,,,,0,0,2024,2024-07
2024-07-30,2024,R,681911,595777,,,intent_walk,automatic_ball,R,L,SD,LAD,,,,,,,3,0,2024,2024-07
2024-07-30,2024,R,681911,595777,,,,automatic_ball,R,L,SD,LAD,,,,,,,2,0,2024,2024-07
2024-07-30,2024,R,681911,595777,,,,automatic_ball,R,L,SD,LAD,,,,,,,1,0,2024,2024-07
2024-07-30,2024,R,681911,595777,,,,automatic_ball,R,L,SD,LAD,,,,,,,0,0,2024,2024-07
2024-07-30,2024,R,681911,650333,SL,Slider,sac_bunt,hit_into_play,L,L,SD,LAD,84.00,43.90,-82,128.39,198.42,ground_ball,0,1,2024,2024-07
2024-07-30,2024,R,681911,650333,FF,4-Seam Fastball,,foul_bunt,L,L,SD,LAD,92.20,,,,,,0,0,2024,2024-07
2024-07-30,2024,R,682120,669234,CU,Curveball,single,hit_into_play,R,L,DET,CLE,79.80,70.30,25,159.43,120.50,fly_ball,1,2,2024,2024-07
2024-07-30,2024,R,682120,669234,CU,Curveball,,foul,R,L,DET,CLE,81.30,52.00,-23,,,,1,2,2024,2024-07
2024-07-30,2024,R,682120,669234,CU,Curveball,,swinging_strike,R,L,DET,CLE,78.90,,,,,,1,1,2024,2024-07
2024-07-30,2024,R,682120,669234,SL,Slider,,called_strike,R,L,DET,CLE,87.20,,,,,,1,0,2024,2024-07
2024-07-30,2024,R,682120,669234,SI,Sinker,,ball,R,L,DET,CLE,93.80,,,,,,0,0,2024,2024-07
2024-07-30,2024,R,682120,672761,FF,4-Seam Fastball,grounded_into_double_play,hit_into_play,R,L,DET,CLE,94.50,105.30,-25,140.60,150.90,ground_ball,0,2,2024,2024-07
2024-07-30,2024,R,682120,672761,CU,Curveball,,foul,R,L,DET,CLE,79.10,81.00,51,,,,0,2,2024,2024-07
2024-07-30,2024,R,682120,672761,FF,4-Seam Fastball,,called_strike,R,L,DET,CLE,94.30,,,,,,0,1,2024,2024-07
2024-07-30,2024,R,682120,672761,SL,Slider,,called_strike,R,L,DET,CLE,86.70,,,,,,0,0,2024,2024-07
2024-07-30,2024,R,682120,690993,SI,Sinker,field_out,hit_into_play,L,L,DET,CLE,91.60,104.90,0,154.82,141.95,ground_ball,3,1,2024,2024-07
2024-07-30,2024,R,682120,690993,SL,Slider,,ball,L,L,DET,CLE,86.50,,,,,,2,1,2024,2024-07
2024-07-30,2024,R,682120,690993,SL,Slider,,ball,L,L,DET,CLE,85.20,,,,,,1,1,2024,2024-07
2024-07-30,2024,R,682120,690993,SL,Slider,,ball,L,L,DET,CLE,87.00,,,,,,0,1,2024,2024-07
2024-07-30,2024,R,682120,690993,SL,Slider,,swinging_strike,L,L,DET,CLE,86.30,,,,,,0,0,2024,2024-07
2024-07-30,2024,R,685116,642350,CH,Changeup,catcher_interf,ball,R,L,TB,MIA,74.20,,,,,,1,2,2024,2024-07
2024-07-30,2024,R,685116,642350,ST,Sweeper,,foul,R,L,TB,MIA,78.70,87.80,63,,,,1,1,2024,2024-07
2024-07-30,2024,R,685116,642350,CU,Curveball,,foul,R,L,TB,MIA,74.50,87.50,-1,,,,1,0,2024,2024-07
2024-07-30,2024,R,685116,642350,SI,Sinker,,ball,R,L,TB,MIA,91.10,,,,,,0,0,2024,2024-07
2024-07-30,2024,R,685116,650490,SI,Sinker,single,hit_into_play,R,L,TB,MIA,89.10,98.50,2,172.36,101.30,ground_ball,3,2,2024,2024-07
2024-07-30,2024,R,685116,650490,FF,4-Seam Fastball,,ball,R,L,TB,MIA,88.90,,,,,,2,2,2024,2024-07
2024-07-30,2024,R,685116,650490,SI,Sinker,,foul,R,L,TB,MIA,89.40,72.00,65,,,,2,1,2024,2024-07
2024-07-30,2024,R,685116,650490,CH,Changeup,,ball,R,L,TB,MIA,83.40,,,,,,1,1,2024,2024-07
2024-07-30,2024,R,685116,650490,FF,4-Seam Fastball,,ball,R,L,TB,MIA,88.70,,,,,,0,1,2024,2024-07
2024-07-30,2024,R,685116,650490,SI,Sinker,,called_strike,R,L,TB,MIA,89.40,,,,,,0,0,2024,2024-07
2024-07-30,2024,R,685116,664040,SI,Sinker,double,hit_into_play,L,L,TB,MIA,89.80,103.10,17,167.08,40.46,line_drive,1,0,2024,2024-07
2024-07-30,2024,R,685116,664040,ST,Sweeper,,ball,L,L,TB,MIA,78.50,,,,,,0,0,2024,2024-07
2024-07-30,2024,R,685116,666139,ST,Sweeper,field_out,hit_into_play,L,L,TB,MIA,78.10,83.20,57,82.56,131.99,popup,0,1,2024,2024-07
2024-07-30,2024,R,685116,666139,CU,Curveball,,called_strike,L,L,TB,MIA,72.20,,,,,,0,0,2024,2024-07
2024-07-30,2024,R,685116,666139,ST,Sweeper,single,hit_into_play,L,L,TB,MIA,80.80,90.70,15,152.26,87.57,line_drive,1,2,2024,2024-07
2024-07-30,2024,R,685116,666139,SI,Sinker,,foul,L,L,TB,MIA,90.20,72.50,-26,,,,1,1,2024,2024-07
2024-07-30,2024,R,685116,666139,ST,Sweeper,,ball,L,L,TB,MIA,80.90,,,,,,0,1,2024,2024-07
2024-07-30,2024,R,685116,666139,SI,Sinker,,called_strike,L,L,TB,MIA,91.00,,,,,,0,0,2024,2024-07
2024-07-30,2024,R,685116,666163,SI,Sinker,single,hit_into_play,L,L,TB,MIA,90.90,94.40,16,124.53,103.72,line_drive,3,2,2024,2024-07
2024-07-30,2024,R,685116,666163,SI,Sinker,,ball,L,L,TB,MIA,90.40,,,,,,2,2,2024,2024-07
2024-07-30,2024,R,685116,666163,SI,Sinker,,called_strike,L,L,TB,MIA,91.30,,,,,,2,1,2024,2024-07
2024-07-30,2024,R,685116,666163,SI,Sinker,,called_strike,L,L,TB,MIA,90.70,,,,,,2,0,2024,2024-07
2024-07-30,2024,R,685116,666163,SI,Sinker,,ball,L,L,TB,MIA,90.20,,,,,,1,0,2024,2024-07
2024-07-30,2024,R,685116,666163,SI,Sinker,,ball,L,L,TB,MIA,90.20,,,,,,0,0,2024,2024-07
2024-07-30,2024,R,685116,666624,CH,Changeup,field_out,hit_into_play,R,L,TB,MIA,82.50,68.30,9,135.94,141.46,ground_ball,0,2,2024,2024-07
2024-07-30,2024,R,685116,666624,CH,Changeup,,swinging_strike,R,L,TB,MIA,82.50,,,,,,0,1,2024,2024-07
2024-07-30,2024,R,685116,666624,CU,Curveball,,called_strike,R,L,TB,MIA,73.40,,,,,,0,0,2024,2024-07
2024-07-30,2024,R,685116,666624,SI,Sinker,field_out,hit_into_play,R,L,TB,MIA,90.40,69.50,-20,106.98,150.94,ground_ball,0,0,2024,2024-07
2024-07-30,2024,R,685116,670764,FF,4-Seam Fastball,strikeout,swinging_strike,R,L,TB,MIA,90.00,,,,,,1,2,2024,2024-07
2024-07-30,2024,R,685116,670764,CH,Changeup,,ball,R,L,TB,MIA,83.90,,,,,,0,2,2024,2024-07
2024-07-30,2024,R,685116,670764,CH,Changeup,,foul,R,L,TB,MIA,83.30,87.80,-30,,,,0,2,2024,2024-07
2024-07-30,2024,R,685116,670764,ST,Sweeper,,foul,R,L,TB,MIA,78.60,58.00,-20,,,,0,1,2024,2024-07
2024-07-30,2024,R,685116,670764,CU,Curveball,,called_strike,R,L,TB,MIA,73.60,,,,,,0,0,2024,2024-07
2024-07-30,2024,R,685116,676609,CH,Changeup,walk,ball,R,L,TB,MIA,82.00,,,,,,3,2,2024,2024-07
2024-07-30,2024,R,685116,676609,SI,Sinker,,foul,R,L,TB,MIA,89.70,78.60,20,,,,3,2,2024,2024-07
2024-07-30,2024,R,685116,676609,CH,Changeup,,foul,R,L,TB,MIA,82.20,33.10,-26,,,,3,2,2024,2024-07
2024-07-30,2024,R,685116,676609,SI,Sinker,,foul,R,L,TB,MIA,89.80,67.00,71,,,,3,2,2024,2024-07
2024-07-30,2024,R,685116,676609,FF,4-Seam Fastball,,foul,R,L,TB,MIA,89.90,65.60,-30,,,,3,2,2024,2024-07
2024-07-30,2024,R,685116,676609,CH,Changeup,,ball,R,L,TB,MIA,84.30,,,,,,2,2,2024,2024-07
2024-07-30,2024,R,685116,676609,CH,Changeup,,called_strike,R,L,TB,MIA,84.90,,,,,,2,1,2024,2024-07
2024-07-30,2024,R,685116,676609,CU,Curveball,,called_strike,R,L,TB,MIA,74.40,,,,,,2,0,2024,2024-07
2024-07-30,2024,R,685116,676609,FF,4-Seam Fastball,,ball,R,L,TB,MIA,90.20,,,,,,1,0,2024,2024-07
2024-07-30,2024,R,685116,676609,FF,4-Seam Fastball,,ball,R,L,TB,MIA,89.80,,,,,,0,0,2024,2024-07
2024-07-30,2024,R,685116,676609,SI,Sinker,double,hit_into_play,R,L,TB,MIA,91.30,92.70,2,59.76,126.73,ground_ball,2,0,2024,2024-07
2024-07-30,2024,R,685116,676609,SI,Sinker,,ball,R,L,TB,MIA,89.80,,,,,,1,0,2024,2024-07
2024-07-30,2024,R,685116,676609,CU,Curveball,,ball,R,L,TB,MIA,74.70,,,,,,0,0,2024,2024-07
2024-07-30,2024,R,685116,680700,CU,Curveball,field_out,hit_into_play,L,L,TB,MIA,72.80,65.70,-15,153.59,164.87,ground_ball,0,0,2024,2024-07
2024-07-30,2024,R,685116,680700,SI,Sinker,strikeout,called_strike,L,L,TB,MIA,90.60,,,,,,2,2,2024,2024-07
2024-07-30,2024,R,685116,680700,ST,Sweeper,,ball,L,L,TB,MIA,78.90,,,,,,1,2,2024,2024-07
2024-07-30,2024,R,685116,680700,SI,Sinker,,foul,L,L,TB,MIA,91.30,62.00,53,,,,1,1,2024,2024-07
2024-07-30,2024,R,685116,680700,ST,Sweeper,,ball,L,L,TB,MIA,79.50,,,,,,0,1,2024,2024-07
2024-07-30,2024,R,685116,680700,ST,Sweeper,,foul,L,L,TB,MIA,78.70,63.90,-28,,,,0,0,2024,2024-07
2024-07-30,2024,R,685801,656896,SL,Slider,field_out,hit_into_play,R,R,TB,MIA,90.30,88.90,21,140.33,71.06,line_drive,1,1,2024,2024-07
2024-07-30,2024,R,685801,656896,FF,4-Seam Fastball,,ball,R,R,TB,MIA,99.10,,,,,,0,1,2024,2024-07
2024-07-30,2024,R,685801,656896,FF,4-Seam Fastball,,swinging_strike,R,R,TB,MIA,97.40,,,,,,0,0,2024,2024-07
2024-07-30,2024,R,685801,663743,ST,Sweeper,field_out,hit_into_play,R,R,TB,MIA,85.80,78.40,-5,97.29,164.87,ground_ball,1,2,2024,2024-07
2024-07-30,2024,R,685801,663743,ST,Sweeper,,ball,R,R,TB,MIA,85.60,,,,,,0,2,2024,2024-07
2024-07-30,2024,R,685801,663743,FF,4-Seam Fastball,,called_strike,R,R,TB,MIA,97.30,,,,,,0,1,2024,2024-07
2024-07-30,2024,R,685801,663743,FF,4-Seam Fastball,,called_strike,R,R,TB,MIA,97.20,,,,,,0,0,2024,2024-07
2024-07-30,2024,R,685801,669364,CU,Curveball,single,hit_into_play,L,R,TB,MIA,82.40,79.00,17,95.17,91.53,line_drive,1,2,2024,2024-07
2024-07-30,2024,R,685801,669364,FF,4-Seam Fastball,,ball,L,R,TB,MIA,100.00,,,,,,0,2,2024,2024-07
2024-07-30,2024,R,685801,669364,SL,Slider,,swinging_strike,L,R,TB,MIA,92.40,,,,,,0,1,2024,2024-07
2024-07-30,2024,R,685801,669364,FF,4-Seam Fastball,,foul,L,R,TB,MIA,98.00,74.20,44,,,,0,0,2024,2024-07
2024-07-30,2024,R,685801,669394,SL,Slider,field_out,hit_into_play,R,R,TB,MIA,90.80,98.00,35,208.36,83.87,fly_ball,2,1,2024,2024-07
2024-07-30,2024,R,685801,669394,FF,4-Seam Fastball,,foul,R,R,TB,MIA,98.20,80.00,20,,,,2,0,2024,2024-07
2024-07-30,2024,R,685801,669394,SL,Slider,,ball,R,R,TB,MIA,92.60,,,,,,1,0,2024,2024-07
2024-07-30,2024,R,685801,669394,FF,4-Seam Fastball,,ball,R,R,TB,MIA,98.70,,,,,,0,0,2024,2024-07
2024-07-30,2024,R,686539,642350,SL,Slider,strikeout,called_strike,R,R,TB,MIA,88.70,,,,,,1,2,2024,2024-07
2024-07-30,2024,R,686539,642350,SL,Slider,,ball,R,R,TB,MIA,90.10,,,,,,0,2,2024,2024-07
2024-07-30,2024,R,686539,642350,SL,Slider,,swinging_strike,R,R,TB,MIA,87.70,,,,,,0,1,2024,2024-07
2024-07-30,2024,R,686539,642350,SL,Slider,,foul,R,R,TB,MIA,86.80,83.90,60,,,,0,0,2024,2024-07
2024-07-30,2024,R,686539,650490,SL,Slider,single,hit_into_play,R,R,TB,MIA,87.40,105.10,-10,79.73,110.38,ground_ball,0,1,2024,2024-07
2024-07-30,2024,R,686539,650490,SL,Slider,,called_strike,R,R,TB,MIA,88.20,,,,,,0,0,2024,2024-07
2024-07-30,2024,R,686539,664040,SI,Sinker,field_out,hit_into_play,L,R,TB,MIA,91.40,104.00,-9,148.14,151.55,ground_ball,1,0,2024,2024-07
2024-07-30,2024,R,686539,664040,SI,Sinker,,ball,L,R,TB,MIA,91.20,,,,,,0,0,2024,2024-07
2024-07-30,2024,R,686539,664040,SI,Sinker,walk,ball,L,R,TB,MIA,92.90,,,,,,3,0,2024,2024-07
2024-07-30,2024,R,686539,664040,SI,Sinker,,ball,L,R,TB,MIA,90.60,,,,,,2,0,2024,2024-07
2024-07-30,2024,R,686539,666139,SL,Slider,double,hit_into_play,L,R,TB,MIA,86.40,103.00,25,163.01,41.29,fly_ball,1,1,2024,2024-07
2024-07-30,2024,R,686539,666139,SI,Sinker,,ball,L,R,TB,MIA,93.70,,,,,,0,1,2024,2024-07
2024-07-30,2024,R,686539,666139,SI,Sinker,,called_strike,L,R,TB,MIA,92.10,,,,,,0,0,2024,2024-07
2024-07-30,2024,R,686539,666163,SL,Slider,single,hit_into_play,L,R,TB,MIA,86.20,76.60,16,75.42,115.45,line_drive,1,0,2024,2024-07
2024-07-30,2024,R,686539,666163,SL,Slider,,ball,L,R,TB,MIA,86.80,,,,,,0,0,2024,2024-07
2024-07-30,2024,R,686539,666624,SI,Sinker,hit_by_pitch,hit_by_pitch,R,R,TB,MIA,92.60,,,,,,3,2,2024,2024-07
2024-07-30,2024,R,686539,666624,SL,Slider,,ball,R,R,TB,MIA,87.20,,,,,,2,2,2024,2024-07
2024-07-30,2024,R,686539,666624,SI,Sinker,,foul,R,R,TB,MIA,93.90,,,,,,2,2,2024,2024-07
2024-07-30,2024,R,686539,666624,SL,Slider,,foul,R,R,TB,MIA,86.50,72.10,56,,,,2,2,2024,2024-07
2024-07-30,2024,R,686539,666624,FF,4-Seam Fastball,,ball,R,R,TB,MIA,93.70,,,,,,1,2,2024,2024-07
2024-07-30,2024,R,686539,666624,SL,Slider,,ball,R,R,TB,MIA,87.30,,,,,,0,2,2024,2024-07
2024-07-30,2024,R,686539,666624,SL,Slider,,swinging_strike,R,R,TB,MIA,84.90,,,,,,0,1,2024,2024-07
2024-07-30,2024,R,686539,666624,SI,Sinker,,called_strike,R,R,TB,MIA,90.70,,,,,,0,0,2024,2024-07
2024-07-30,2024,R,686539,670764,SI,Sinker,walk,ball,L,R,TB,MIA,91.80,,,,,,3,1,2024,2024-07
2024-07-30,2024,R,686539,670764,FF,4-Seam Fastball,,ball,L,R,TB,MIA,91.80,,,,,,2,1,2024,2024-07
2024-07-30,2024,R,686539,670764,SI,Sinker,,ball,L,R,TB,MIA,91.50,,,,,,1,1,2024,2024-07
2024-07-30,2024,R,686539,670764,FF,4-Seam Fastball,,ball,L,R,TB,MIA,90.30,,,,,,0,1,2024,2024-07
2024-07-30,2024,R,686539,670764,SI,Sinker,,called_strike,L,R,TB,MIA,91.80,,,,,,0,0,2024,2024-07
2024-07-30,2024,R,686539,676609,FF,4-Seam Fastball,strikeout,foul_tip,R,R,TB,MIA,94.70,,,,,,1,2,2024,2024-07
2024-07-30,2024,R,686539,676609,SL,Slider,,ball,R,R,TB,MIA,88.20,,,,,,0,2,2024,2024-07
2024-07-30,2024,R,686539,676609,SI,Sinker,,foul,R,R,TB,MIA,94.20,71.50,50,,,,0,1,2024,2024-07
2024-07-30,2024,R,686539,676609,SI,Sinker,,foul,R,R,TB,MIA,93.00,56.90,49,,,,0,0,2024,2024-07
2024-07-30,2024,R,686539,680700,SL,Slider,walk,ball,L,R,TB,MIA,85.90,,,,,,3,1,2024,2024-07
2024-07-30,2024,R,686539,680700,SL,Slider,,ball,L,R,TB,MIA,86.90,,,,,,2,1,2024,2024-07
2024-07-30,2024,R,686539,680700,FF,4-Seam Fastball,,ball,L,R,TB,MIA,92.80,,,,,,1,1,2024,2024-07
2024-07-30,2024,R,686539,680700,SL,Slider,,called_strike,L,R,TB,MIA,87.40,,,,,,1,0,2024,2024-07
2024-07-30,2024,R,686539,680700,SI,Sinker,,ball,L,R,TB,MIA,92.90,,,,,,0,0,2024,2024-07
2024-07-30,2024,R,686563,521692,SI,Sinker,field_out,hit_into_play,R,R,CWS,KC,95.60,104.60,-15,124.23,132.84,ground_ball,0,0,2024,2024-07
2024-07-30,2024,R,686563,521692,ST,Sweeper,strikeout,swinging_strike_blocked,R,R,CWS,KC,81.50,,,,,,1,2,2024,2024-07
2024-07-30,2024,R,686563,521692,ST,Sweeper,,swinging_strike,R,R,CWS,KC,80.50,,,,,,1,1,2024,2024-07
2024-07-30,2024,R,686563,521692,ST,Sweeper,,called_strike,R,R,CWS,KC,81.30,,,,,,1,0,2024,2024-07
2024-07-30,2024,R,686563,521692,FC,Cutter,,ball,R,R,CWS,KC,90.80,,,,,,0,0,2024,2024-07
2024-07-30,2024,R,686563,521692,ST,Sweeper,field_out,hit_into_play,R,R,CWS,KC,80.70,81.60,81,137.36,207.92,popup,1,1,2024,2024-07
2024-07-30,2024,R,686563,521692,ST,Sweeper,,ball,R,R,CWS,KC,81.00,,,,,,0,1,2024,2024-07
2024-07-30,2024,R,686563,521692,FC,Cutter,,called_strike,R,R,CWS,KC,91.40,,,,,,0,0,2024,2024-07
2024-07-30,2024,R,686563,592669,SI,Sinker,field_out,hit_into_play,R,R,CWS,KC,93.70,76.40,47,170.74,122.14,fly_ball,1,0,2024,2024-07
2024-07-30,2024,R,686563,592669,SI,Sinker,,ball,R,R,CWS,KC,94.40,,,,,,0,0,2024,2024-07
2024-07-30,2024,R,686563,592669,ST,Sweeper,walk,ball,R,R,CWS,KC,82.40,,,,,,3,2,2024,2024-07
2024-07-30,2024,R,686563,592669,FC,Cutter,,swinging_strike,R,R,CWS,KC,90.00,,,,,,3,1,2024,2024-07
2024-07-30,2024,R,686563,592669,ST,Sweeper,,ball,R,R,CWS,KC,83.50,,,,,,2,1,2024,2024-07
2024-07-30,2024,R,686563,592669,SI,Sinker,,ball,R,R,CWS,KC,93.90,,,,,,1,1,2024,2024-07
2024-07-30,2024,R,686563,592669,FC,Cutter,,called_strike,R,R,CWS,KC,90.80,,,,,,1,0,2024,2024-07
2024-07-30,2024,R,686563,592669,SI,Sinker,,ball,R,R,CWS,KC,94.10,,,,,,0,0,2024,2024-07
2024-07-30,2024,R,686563,592669,SI,Sinker,walk,ball,R,R,CWS,KC,93.60,,,,,,3,0,2024,2024-07
2024-07-30,2024,R,686563,592669,SI,Sinker,,ball,R,R,CWS,KC,93.60,,,,,,2,0,2024,2024-07
2024-07-30,2024,R,686563,592669,ST,Sweeper,,ball,R,R,CWS,KC,83.00,,,,,,1,0,2024,2024-07
2024-07-30,2024,R,686563,592669,SI,Sinker,,ball,R,R,CWS,KC,93.90,,,,,,0,0,2024,2024-07
2024-07-30,2024,R,686563,624428,CH,Changeup,field_out,hit_into_play,L,R,CWS,KC,87.20,72.30,-10,154.30,163.75,ground_ball,1,2,2024,2024-07
2024-07-30,2024,R,686563,624428,FF,4-Seam Fastball,,foul,L,R,CWS,KC,96.50,,,,,,1,2,2024,2024-07
2024-07-30,2024,R,686563,624428,FF,4-Seam Fastball,,foul,L,R,CWS,KC,95.50,83.60,-3,,,,1,2,2024,2024-07
2024-07-30,2024,R,686563,624428,FC,Cutter,,foul,L,R,CWS,KC,91.70,68.70,34,,,,1,1,2024,2024-07
2024-07-30,2024,R,686563,624428,SI,Sinker,,foul_tip,L,R,CWS,KC,94.80,,,,,,1,0,2024,2024-07
2024-07-30,2024,R,686563,624428,CH,Changeup,,ball,L,R,CWS,KC,86.50,,,,,,0,0,2024,2024-07
2024-07-30,2024,R,686563,624428,CH,Changeup,field_out,hit_into_play,L,R,CWS,KC,86.20,78.80,26,172.28,101.89,line_drive,1,0,2024,2024-07
2024-07-30,2024,R,686563,624428,FC,Cutter,,ball,L,R,CWS,KC,90.50,,,,,,0,0,2024,2024-07
2024-07-30,2024,R,686563,624428,SI,Sinker,field_out,hit_into_play,L,R,CWS,KC,94.20,94.20,18,145.22,85.08,line_drive,3,2,2024,2024-07
2024-07-30,2024,R,686563,624428,FC,Cutter,,foul,L,R,CWS,KC,92.30,67.50,34,,,,3,2,2024,2024-07
2024-07-30,2024,R,686563,624428,SI,Sinker,,ball,L,R,CWS,KC,94.90,,,,,,2,2,2024,2024-07
2024-07-30,2024,R,686563,624428,CH,Changeup,,ball,L,R,CWS,KC,86.20,,,,,,1,2,2024,2024-07
2024-07-30,2024,R,686563,624428,SI,Sinker,,called_strike,L,R,CWS,KC,93.80,,,,,,1,1,2024,2024-07
2024-07-30,2024,R,686563,624428,FC,Cutter,,ball,L,R,CWS,KC,89.90,,,,,,0,1,2024,2024-07
2024-07-30,2024,R,686563,624428,FC,Cutter,,called_strike,L,R,CWS,KC,91.60,,,,,,0,0,2024,2024-07
2024-07-30,2024,R,686563,664728,FF,4-Seam Fastball,strikeout,swinging_strike,L,R,CWS,KC,95.00,,,,,,1,2,2024,2024-07
2024-07-30,2024,R,686563,664728,CH,Changeup,,foul,L,R,CWS,KC,86.10,69.30,-55,,,,1,2,2024,2024-07
2024-07-30,2024,R,686563,664728,FF,4-Seam Fastball,,foul,L,R,CWS,KC,93.70,69.30,29,,,,1,2,2024,2024-07
2024-07-30,2024,R,686563,664728,CH,Changeup,,foul,L,R,CWS,KC,84.90,61.60,23,,,,1,1,2024,2024-07
2024-07-30,2024,R,686563,664728,CH,Changeup,,ball,L,R,CWS,KC,85.40,,,,,,0,1,2024,2024-07
2024-07-30,2024,R,686563,664728,FF,4-Seam Fastball,,called_strike,L,R,CWS,KC,93.30,,,,,,0,0,2024,2024-07
2024-07-30,2024,R,686563,664728,FC,Cutter,field_out,hit_into_play,L,R,CWS,KC,90.90,63.30,74,90.64,187.73,popup,1,1,2024,2024-07
2024-07-30,2024,R,686563,664728,FC,Cutter,,called_strike,L,R,CWS,KC,89.20,,,,,,1,0,2024,2024-07
2024-07-30,2024,R,686563,664728,SI,Sinker,,ball,L,R,CWS,KC,94.30,,,,,,0,0,2024,2024-07
2024-07-30,2024,R,686563,669004,FC,Cutter,field_out,hit_into_play,L,R,CWS,KC,89.60,79.80,53,157.23,124.60,popup,2,1,2024,2024-07
2024-07-30,2024,R,686563,669004,CH,Changeup,,ball,L,R,CWS,KC,86.00,,,,,,1,1,2024,2024-07
2024-07-30,2024,R,686563,669004,FF,4-Seam Fastball,,ball,L,R,CWS,KC,93.00,,,,,,0,1,2024,2024-07
2024-07-30,2024,R,686563,669004,FF,4-Seam Fastball,,called_strike,L,R,CWS,KC,94.10,,,,,,0,0,2024,2024-07
2024-07-30,2024,R,686563,669004,CH,Changeup,field_out,hit_into_play,L,R,CWS,KC,86.30,75.00,2,148.85,150.43,ground_ball,1,1,2024,2024-07
2024-07-30,2024,R,686563,669004,CH,Changeup,,ball,L,R,CWS,KC,87.20,,,,,,0,1,2024,2024-07
2024-07-30,2024,R,686563,669004,FF,4-Seam Fastball,,called_strike,L,R,CWS,KC,94.30,,,,,,0,0,2024,2024-07
2024-07-30,2024,R,686563,669004,CH,Changeup,field_out,hit_into_play,L,R,CWS,KC,85.90,60.50,35,136.05,122.41,popup,1,2,2024,2024-07
2024-07-30,2024,R,686563,669004,CH,Changeup,,swinging_strike,L,R,CWS,KC,86.70,,,,,,1,1,2024,2024-07
2024-07-30,2024,R,686563,669004,FC,Cutter,,foul,L,R,CWS,KC,90.70,78.00,65,,,,1,0,2024,2024-07
2024-07-30,2024,R,686563,669004,CH,Changeup,,ball,L,R,CWS,KC,86.90,,,,,,0,0,2024,2024-07
2024-07-30,2024,R,686563,672580,ST,Sweeper,field_out,hit_into_play,R,R,CWS,KC,80.50,101.20,21,135.03,49.57,line_drive,1,2,2024,2024-07
2024-07-30,2024,R,686563,672580,FF,4-Seam Fastball,,ball,R,R,CWS,KC,93.60,,,,,,0,2,2024,2024-07
2024-07-30,2024,R,686563,672580,ST,Sweeper,,foul,R,R,CWS,KC,81.50,55.10,-24,,,,0,1,2024,2024-07
2024-07-30,2024,R,686563,672580,FC,Cutter,,called_strike,R,R,CWS,KC,89.90,,,,,,0,0,2024,2024-07
2024-07-30,2024,R,686563,672580,ST,Sweeper,field_out,hit_into_play,R,R,CWS,KC,82.30,87.90,24,114.05,72.90,line_drive,0,0,2024,2024-07
2024-07-30,2024,R,686563,677951,FF,4-Seam Fastball,field_out,hit_into_play,R,R,CWS,KC,93.40,78.70,-35,111.94,157.09,ground_ball,0,2,2024,2024-07
2024-07-30,2024,R,686563,677951,ST,Sweeper,,foul,R,R,CWS,KC,80.80,93.10,32,,,,0,1,2024,2024-07
2024-07-30,2024,R,686563,677951,SI,Sinker,,foul,R,R,CWS,KC,93.50,62.60,48,,,,0,0,2024,2024-07
2024-07-30,2024,R,686563,677951,FF,4-Seam Fastball,walk,ball,R,R,CWS,KC,95.70,,,,,,3,2,2024,2024-07
2024-07-30,2024,R,686563,677951,CH,Changeup,,ball,R,R,CWS,KC,87.90,,,,,,2,2,2024,2024-07
2024-07-30,2024,R,686563,677951,FC,Cutter,,foul,R,R,CWS,KC,92.00,78.30,6,,,,2,1,2024,2024-07
2024-07-30,2024,R,686563,677951,FC,Cutter,,foul,R,R,CWS,KC,90.60,72.90,79,,,,2,0,2024,2024-07
2024-07-30,2024,R,686563,677951,ST,Sweeper,,ball,R,R,CWS,KC,83.60,,,,,,1,0,2024,2024-07
2024-07-30,2024,R,686563,677951,CH,Changeup,,ball,R,R,CWS,KC,87.70,,,,,,0,0,2024,2024-07
2024-07-30,2024,R,686563,677951,ST,Sweeper,field_out,hit_into_play,R,R,CWS,KC,81.50,80.90,54,112.08,127.64,popup,0,1,2024,2024-07
2024-07-30,2024,R,686563,677951,SI,Sinker,,called_strike,R,R,CWS,KC,93.30,,,,,,0,0,2024,2024-07
2024-07-30,2024,R,686563,686469,FF,4-Seam Fastball,field_out,hit_into_play,L,R,CWS,KC,95.30,72.60,61,88.95,135.91,popup,2,2,2024,2024-07
2024-07-30,2024,R,686563,686469,FC,Cutter,,ball,L,R,CWS,KC,91.40,,,,,,1,2,2024,2024-07
2024-07-30,2024,R,686563,686469,CH,Changeup,,foul,L,R,CWS,KC,85.20,47.00,-18,,,,1,2,2024,2024-07
2024-07-30,2024,R,686563,686469,CH,Changeup,,ball,L,R,CWS,KC,85.20,,,,,,0,2,2024,2024-07
2024-07-30,2024,R,686563,686469,FF,4-Seam Fastball,,foul,L,R,CWS,KC,94.80,82.30,75,,,,0,2,2024,2024-07
2024-07-30,2024,R,686563,686469,SI,Sinker,,foul,L,R,CWS,KC,94.30,83.90,23,,,,0,2,2024,2024-07
2024-07-30,2024,R,686563,686469,CH,Changeup,,foul,L,R,CWS,KC,85.00,,,,,,0,1,2024,2024-07
2024-07-30,2024,R,686563,686469,FF,4-Seam Fastball,,called_strike,L,R,CWS,KC,94.90,,,,,,0,0,2024,2024-07
2024-07-30,2024,R,686563,686469,CH,Changeup,field_out,hit_into_play,L,R,CWS,KC,87.00,97.00,-8,153.09,152.25,ground_ball,1,0,2024,2024-07
2024-07-30,2024,R,686563,686469,FC,Cutter,,ball,L,R,CWS,KC,91.90,,,,,,0,0,2024,2024-07
2024-07-30,2024,R,686563,686469,SI,Sinker,field_out,hit_into_play,L,R,CWS,KC,93.90,93.30,36,85.22,72.64,fly_ball,1,0,2024,2024-07
2024-07-30,2024,R,686563,686469,CH,Changeup,,ball,L,R,CWS,KC,86.40,,,,,,0,0,2024,2024-07
2024-07-30,2024,R,686563,686681,FC,Cutter,field_out,hit_into_play,L,R,CWS,KC,91.60,69.50,6,150.06,154.67,ground_ball,0,1,2024,2024-07
2024-07-30,2024,R,686563,686681,CH,Changeup,,called_strike,L,R,CWS,KC,86.40,,,,,,0,0,2024,2024-07
2024-07-30,2024,R,686563,686681,SI,Sinker,home_run,hit_into_play,L,R,CWS,KC,93.20,102.50,27,161.20,39.56,fly_ball,3,2,2024,2024-07
2024-07-30,2024,R,686563,686681,FC,Cutter,,ball,L,R,CWS,KC,92.70,,,,,,2,2,2024,2024-07
2024-07-30,2024,R,686563,686681,CH,Changeup,,ball,L,R,CWS,KC,87.10,,,,,,1,2,2024,2024-07
2024-07-30,2024,R,686563,686681,FF,4-Seam Fastball,,ball,L,R,CWS,KC,95.90,,,,,,0,2,2024,2024-07
2024-07-30,2024,R,686563,686681,SI,Sinker,,foul,L,R,CWS,KC,94.10,70.50,72,,,,0,1,2024,2024-07
2024-07-30,2024,R,686563,686681,FC,Cutter,,called_strike,L,R,CWS,KC,90.40,,,,,,0,0,2024,2024-07
2024-07-30,2024,R,686563,686681,CH,Changeup,field_out,hit_into_play,L,R,CWS,KC,85.20,81.60,8,151.88,143.17,ground_ball,1,1,2024,2024-07
2024-07-30,2024,R,686563,686681,FC,Cutter,,foul,L,R,CWS,KC,89.70,96.80,-10,,,,1,0,2024,2024-07
2024-07-30,2024,R,686563,686681,FC,Cutter,,ball,L,R,CWS,KC,88.90,,,,,,0,0,2024,2024-07
2024-07-30,2024,R,686613,457705,SI,Sinker,single,hit_into_play,R,R,HOU,PIT,92.90,79.50,17,116.92,92.49,line_drive,0,0,2024,2024-07
2024-07-30,2024,R,686613,457705,FF,4-Seam Fastball,strikeout,swinging_strike,R,R,HOU,PIT,96.10,,,,,,2,2,2024,2024-07
2024-07-30,2024,R,686613,457705,SI,Sinker,,called_strike,R,R,HOU,PIT,95.10,,,,,,2,1,2024,2024-07
2024-07-30,2024,R,686613,457705,SI,Sinker,,ball,R,R,HOU,PIT,95.10,,,,,,1,1,2024,2024-07
2024-07-30,2024,R,686613,457705,FC,Cutter,,ball,R,R,HOU,PIT,91.30,,,,,,0,1,2024,2024-07
2024-07-30,2024,R,686613,457705,FC,Cutter,,foul,R,R,HOU,PIT,91.30,,,,,,0,0,2024,2024-07
2024-07-30,2024,R,686613,457705,SI,Sinker,field_out,hit_into_play,R,R,HOU,PIT,96.60,65.20,-23,103.86,168.31,ground_ball,1,2,2024,2024-07
2024-07-30,2024,R,686613,457705,FF,4-Seam Fastball,,ball,R,R,HOU,PIT,96.80,,,,,,0,2,2024,2024-07
2024-07-30,2024,R,686613,457705,SI,Sinker,,called_strike,R,R,HOU,PIT,96.30,,,,,,0,1,2024,2024-07
2024-07-30,2024,R,686613,457705,SI,Sinker,,called_strike,R,R,HOU,PIT,96.60,,,,,,0,0,2024,2024-07
2024-07-30,2024,R,686613,572191,SI,Sinker,home_run,hit_into_play,R,R,HOU,PIT,95.00,104.30,32,46.16,56.09,fly_ball,2,1,2024,2024-07
2024-07-30,2024,R,686613,572191,SI,Sinker,,foul,R,R,HOU,PIT,93.20,79.40,51,,,,2,0,2024,2024-07
2024-07-30,2024,R,686613,572191,FC,Cutter,,ball,R,R,HOU,PIT,88.70,,,,,,1,0,2024,2024-07
2024-07-30,2024,R,686613,572191,FF,4-Seam Fastball,,ball,R,R,HOU,PIT,96.50,,,,,,0,0,2024,2024-07
2024-07-30,2024,R,686613,572191,SI,Sinker,field_out,hit_into_play,R,R,HOU,PIT,94.70,79.50,13,122.99,133.58,line_drive,0,0,2024,2024-07
2024-07-30,2024,R,686613,572191,SI,Sinker,field_out,hit_into_play,R,R,HOU,PIT,96.60,66.70,-38,107.40,165.78,ground_ball,3,2,2024,2024-07
2024-07-30,2024,R,686613,572191,SI,Sinker,,called_strike,R,R,HOU,PIT,95.80,,,,,,3,1,2024,2024-07
2024-07-30,2024,R,686613,572191,FC,Cutter,,ball,R,R,HOU,PIT,91.60,,,,,,2,1,2024,2024-07
2024-07-30,2024,R,686613,572191,FC,Cutter,,ball,R,R,HOU,PIT,90.60,,,,,,1,1,2024,2024-07
2024-07-30,2024,R,686613,572191,FF,4-Seam Fastball,,ball,R,R,HOU,PIT,96.20,,,,,,0,1,2024,2024-07
2024-07-30,2024,R,686613,572191,SI,Sinker,,foul,R,R,HOU,PIT,96.30,70.10,26,,,,0,0,2024,2024-07
2024-07-30,2024,R,686613,642133,FF,4-Seam Fastball,field_out,hit_into_play,L,R,HOU,PIT,96.80,101.90,25,92.47,46.57,fly_ball,0,2,2024,2024-07
2024-07-30,2024,R,686613,642133,FC,Cutter,,called_strike,L,R,HOU,PIT,91.10,,,,,,0,1,2024,2024-07
2024-07-30,2024,R,686613,642133,CH,Changeup,,called_strike,L,R,HOU,PIT,86.30,,,,,,0,0,2024,2024-07
2024-07-30,2024,R,686613,642133,FF,4-Seam Fastball,strikeout,called_strike,L,R,HOU,PIT,95.70,,,,,,1,2,2024,2024-07
2024-07-30,2024,R,686613,642133,FF,4-Seam Fastball,,foul,L,R,HOU,PIT,95.90,73.80,54,,,,1,1,2024,2024-07
2024-07-30,2024,R,686613,642133,KC,Knuckle Curve,,ball,L,R,HOU,PIT,83.10,,,,,,0,1,2024,2024-07
2024-07-30,2024,R,686613,642133,KC,Knuckle Curve,,called_strike,L,R,HOU,PIT,80.00,,,,,,0,0,2024,2024-07
2024-07-30,2024,R,686613,642133,KC,Knuckle Curve,single,hit_into_play,L,R,HOU,PIT,84.50,81.00,16,161.14,111.53,line_drive,0,2,2024,2024-07
2024-07-30,2024,R,686613,642133,FF,4-Seam Fastball,,swinging_strike,L,R,HOU,PIT,96.70,,,,,,0,1,2024,2024-07
2024-07-30,2024,R,686613,642133,FF,4-Seam Fastball,,swinging_strike,L,R,HOU,PIT,95.60,,,,,,0,0,2024,2024-07
2024-07-30,2024,R,686613,656582,SI,Sinker,strikeout,swinging_strike,R,R,HOU,PIT,96.90,,,,,,2,2,2024,2024-07
2024-07-30,2024,R,686613,656582,FC,Cutter,,called_strike,R,R,HOU,PIT,89.60,,,,,,2,1,2024,2024-07
2024-07-30,2024,R,686613,656582,FC,Cutter,,ball,R,R,HOU,PIT,91.10,,,,,,1,1,2024,2024-07
2024-07-30,2024,R,686613,656582,KC,Knuckle Curve,,called_strike,R,R,HOU,PIT,81.90,,,,,,1,0,2024,2024-07
2024-07-30,2024,R,686613,656582,FF,4-Seam Fastball,,ball,R,R,HOU,PIT,96.10,,,,,,0,0,2024,2024-07
2024-07-30,2024,R,686613,656582,SI,Sinker,single,hit_into_play,R,R,HOU,PIT,94.60,41.20,-44,120.52,179.07,ground_ball,0,1,2024,2024-07
2024-07-30,2024,R,686613,656582,FF,4-Seam Fastball,,called_strike,R,R,HOU,PIT,96.70,,,,,,0,0,2024,2024-07
2024-07-30,2024,R,686613,656582,SI,Sinker,single,hit_into_play,R,R,HOU,PIT,93.50,77.40,-14,164.18,125.22,ground_ball,0,0,2024,2024-07
2024-07-30,2024,R,686613,663647,FC,Cutter,field_out,hit_into_play,R,R,HOU,PIT,88.70,78.40,39,181.81,111.03,fly_ball,2,2,2024,2024-07
2024-07-30,2024,R,686613,663647,FC,Cutter,,swinging_strike,R,R,HOU,PIT,90.60,,,,,,2,1,2024,2024-07
2024-07-30,2024,R,686613,663647,KC,Knuckle Curve,,ball,R,R,HOU,PIT,81.50,,,,,,1,1,2024,2024-07
2024-07-30,2024,R,686613,663647,FC,Cutter,,ball,R,R,HOU,PIT,90.60,,,,,,0,1,2024,2024-07
2024-07-30,2024,R,686613,663647,FF,4-Seam Fastball,,called_strike,R,R,HOU,PIT,94.00,,,,,,0,0,2024,2024-07
2024-07-30,2024,R,686613,663647,SI,Sinker,field_out,hit_into_play,R,R,HOU,PIT,94.20,97.40,29,190.78,75.19,fly_ball,0,1,2024,2024-07
2024-07-30,2024,R,686613,663647,KC,Knuckle Curve,,called_strike,R,R,HOU,PIT,81.00,,,,,,0,0,2024,2024-07
2024-07-30,2024,R,686613,663647,SI,Sinker,single,hit_into_play,R,R,HOU,PIT,94.90,90.80,-21,95.24,152.09,ground_ball,2,0,2024,2024-07
2024-07-30,2024,R,686613,663647,FF,4-Seam Fastball,,ball,R,R,HOU,PIT,95.20,,,,,,1,0,2024,2024-07
2024-07-30,2024,R,686613,663647,SI,Sinker,,ball,R,R,HOU,PIT,95.10,,,,,,0,0,2024,2024-07
2024-07-30,2024,R,686613,663698,FF,4-Seam Fastball,strikeout,called_strike,R,R,HOU,PIT,97.10,,,,,,0,2,2024,2024-07
2024-07-30,2024,R,686613,663698,FC,Cutter,,swinging_strike,R,R,HOU,PIT,91.30,,,,,,0,1,2024,2024-07
2024-07-30,2024,R,686613,663698,CH,Changeup,,foul,R,R,HOU,PIT,87.40,,,,,,0,0,2024,2024-07
2024-07-30,2024,R,686613,663698,SI,Sinker,single,hit_into_play,R,R,HOU,PIT,94.50,81.50,16,125.64,90.83,line_drive,1,0,2024,2024-07
2024-07-30,2024,R,686613,663698,FC,Cutter,,ball,R,R,HOU,PIT,90.60,,,,,,0,0,2024,2024-07
2024-07-30,2024,R,686613,663698,SI,Sinker,strikeout,called_strike,R,R,HOU,PIT,97.10,,,,,,0,2,2024,2024-07
2024-07-30,2024,R,686613,663698,SI,Sinker,,foul,R,R,HOU,PIT,96.90,55.70,62,,,,0,1,2024,2024-07
2024-07-30,2024,R,686613,663698,SI,Sinker,,called_strike,R,R,HOU,PIT,96.00,,,,,,0,0,2024,2024-07
2024-07-30,2024,R,686613,665833,KC,Knuckle Curve,strikeout,swinging_strike,L,R,HOU,PIT,82.00,,,,,,2,2,2024,2024-07
2024-07-30,2024,R,686613,665833,KC,Knuckle Curve,,foul,L,R,HOU,PIT,81.80,68.60,-44,,,,2,2,2024,2024-07
2024-07-30,2024,R,686613,665833,FC,Cutter,,foul,L,R,HOU,PIT,92.50,110.10,-13,,,,2,2,2024,2024-07
2024-07-30,2024,R,686613,665833,CH,Changeup,,blocked_ball,L,R,HOU,PIT,87.60,,,,,,1,2,2024,2024-07
2024-07-30,2024,R,686613,665833,FF,4-Seam Fastball,,foul,L,R,HOU,PIT,95.70,77.30,66,,,,1,2,2024,2024-07
2024-07-30,2024,R,686613,665833,KC,Knuckle Curve,,blocked_ball,L,R,HOU,PIT,83.30,,,,,,0,2,2024,2024-07
2024-07-30,2024,R,686613,665833,FC,Cutter,,foul,L,R,HOU,PIT,92.90,63.70,70,,,,0,1,2024,2024-07
2024-07-30,2024,R,686613,665833,FF,4-Seam Fastball,,foul,L,R,HOU,PIT,95.10,89.70,48,,,,0,0,2024,2024-07
2024-07-30,2024,R,686613,665833,CH,Changeup,strikeout_double_play,called_strike,L,R,HOU,PIT,88.70,,,,,,1,2,2024,2024-07
2024-07-30,2024,R,686613,665833,FF,4-Seam Fastball,,foul,L,R,HOU,PIT,94.90,84.10,78,,,,1,1,2024,2024-07
2024-07-30,2024,R,686613,665833,FF,4-Seam Fastball,,ball,L,R,HOU,PIT,94.70,,,,,,0,1,2024,2024-07
2024-07-30,2024,R,686613,665833,FF,4-Seam Fastball,,foul,L,R,HOU,PIT,95.30,73.70,33,,,,0,0,2024,2024-07
2024-07-30,2024,R,686613,665833,KC,Knuckle Curve,strikeout,swinging_strike,L,R,HOU,PIT,84.70,,,,,,1,2,2024,2024-07
2024-07-30,2024,R,686613,665833,FF,4-Seam Fastball,,swinging_strike,L,R,HOU,PIT,95.90,,,,,,1,1,2024,2024-07
2024-07-30,2024,R,686613,665833,KC,Knuckle Curve,,called_strike,L,R,HOU,PIT,82.10,,,,,,1,0,2024,2024-07
2024-07-30,2024,R,686613,665833,FF,4-Seam Fastball,,ball,L,R,HOU,PIT,95.30,,,,,,0,0,2024,2024-07
2024-07-30,2024,R,686613,668804,FF,4-Seam Fastball,field_error,hit_into_play,L,R,HOU,PIT,96.10,79.50,-10,144.41,175.91,ground_ball,3,2,2024,2024-07
2024-07-30,2024,R,686613,668804,FF,4-Seam Fastball,,foul,L,R,HOU,PIT,96.70,90.30,58,,,,3,2,2024,2024-07
2024-07-30,2024,R,686613,668804,FC,Cutter,,foul,L,R,HOU,PIT,91.60,77.50,8,,,,3,1,2024,2024-07
2024-07-30,2024,R,686613,668804,CH,Changeup,,ball,L,R,HOU,PIT,87.00,,,,,,2,1,2024,2024-07
2024-07-30,2024,R,686613,668804,SI,Sinker,,ball,L,R,HOU,PIT,93.90,,,,,,1,1,2024,2024-07
2024-07-30,2024,R,686613,668804,KC,Knuckle Curve,,ball,L,R,HOU,PIT,80.70,,,,,,0,1,2024,2024-07
2024-07-30,2024,R,686613,668804,FC,Cutter,,foul,L,R,HOU,PIT,89.50,,,,,,0,0,2024,2024-07
2024-07-30,2024,R,686613,668804,CH,Changeup,single,hit_into_play,L,R,HOU,PIT,86.90,82.60,7,171.39,117.32,ground_ball,1,0,2024,2024-07
2024-07-30,2024,R,686613,668804,CH,Changeup,,ball,L,R,HOU,PIT,87.50,,,,,,0,0,2024,2024-07
2024-07-30,2024,R,686613,668804,FF,4-Seam Fastball,walk,ball,L,R,HOU,PIT,95.70,,,,,,3,1,2024,2024-07
2024-07-30,2024,R,686613,668804,CH,Changeup,,ball,L,R,HOU,PIT,88.80,,,,,,2,1,2024,2024-07
2024-07-30,2024,R,686613,668804,KC,Knuckle Curve,,ball,L,R,HOU,PIT,85.20,,,,,,1,1,2024,2024-07
2024-07-30,2024,R,686613,668804,FF,4-Seam Fastball,,ball,L,R,HOU,PIT,96.90,,,,,,0,1,2024,2024-07
2024-07-30,2024,R,686613,668804,FF,4-Seam Fastball,,swinging_strike,L,R,HOU,PIT,96.80,,,,,,0,0,2024,2024-07
2024-07-30,2024,R,686613,669707,SI,Sinker,walk,ball,R,R,HOU,PIT,95.50,,,,,,3,2,2024,2024-07
2024-07-30,2024,R,686613,669707,SI,Sinker,,ball,R,R,HOU,PIT,97.00,,,,,,2,2,2024,2024-07
2024-07-30,2024,R,686613,669707,SI,Sinker,,ball,R,R,HOU,PIT,96.80,,,,,,1,2,2024,2024-07
2024-07-30,2024,R,686613,669707,SI,Sinker,,foul,R,R,HOU,PIT,95.60,76.80,-19,,,,1,2,2024,2024-07
2024-07-30,2024,R,686613,669707,FF,4-Seam Fastball,,ball,R,R,HOU,PIT,96.60,,,,,,0,2,2024,2024-07
2024-07-30,2024,R,686613,669707,KC,Knuckle Curve,,foul,R,R,HOU,PIT,85.00,85.20,-33,,,,0,2,2024,2024-07
2024-07-30,2024,R,686613,669707,FF,4-Seam Fastball,,called_strike,R,R,HOU,PIT,97.70,,,,,,0,1,2024,2024-07
2024-07-30,2024,R,686613,669707,SI,Sinker,,called_strike,R,R,HOU,PIT,94.40,,,,,,0,0,2024,2024-07
2024-07-30,2024,R,686613,669707,FC,Cutter,double,hit_into_play,R,R,HOU,PIT,90.90,97.50,15,47.87,118.35,line_drive,3,2,2024,2024-07
2024-07-30,2024,R,686613,669707,FF,4-Seam Fastball,,ball,R,R,HOU,PIT,95.40,,,,,,2,2,2024,2024-07
2024-07-30,2024,R,686613,669707,SI,Sinker,,foul,R,R,HOU,PIT,94.90,,,,,,2,1,2024,2024-07
2024-07-30,2024,R,686613,669707,FC,Cutter,,ball,R,R,HOU,PIT,91.80,,,,,,1,1,2024,2024-07
2024-07-30,2024,R,686613,669707,FC,Cutter,,ball,R,R,HOU,PIT,90.60,,,,,,0,1,2024,2024-07
2024-07-30,2024,R,686613,669707,FF,4-Seam Fastball,,foul,R,R,HOU,PIT,96.60,68.50,75,,,,0,0,2024,2024-07
2024-07-30,2024,R,686613,669707,FC,Cutter,grounded_into_double_play,hit_into_play,R,R,HOU,PIT,90.50,104.10,0,113.49,154.12,ground_ball,0,0,2024,2024-07
2024-07-30,2024,R,686642,641658,FF,4-Seam Fastball,field_out,hit_into_play,R,L,CWS,KC,95.80,91.30,34,211.79,103.84,fly_ball,3,2,2024,2024-07
2024-07-30,2024,R,686642,641658,,,,automatic_ball,R,L,CWS,KC,,,,,,,2,2,2024,2024-07
2024-07-30,2024,R,686642,641658,FF,4-Seam Fastball,,foul,R,L,CWS,KC,95.40,65.60,46,,,,2,2,2024,2024-07
2024-07-30,2024,R,686642,641658,SL,Slider,,ball,R,L,CWS,KC,84.80,,,,,,1,2,2024,2024-07
2024-07-30,2024,R,686642,641658,FC,Cutter,,foul,R,L,CWS,KC,91.50,60.80,-47,,,,1,1,2024,2024-07
2024-07-30,2024,R,686642,641658,FF,4-Seam Fastball,,ball,R,L,CWS,KC,94.60,,,,,,0,1,2024,2024-07
2024-07-30,2024,R,686642,641658,FF,4-Seam Fastball,,called_strike,R,L,CWS,KC,94.80,,,,,,0,0,2024,2024-07
2024-07-30,2024,R,686642,666023,FF,4-Seam Fastball,walk,ball,R,L,CWS,KC,93.90,,,,,,3,0,2024,2024-07
2024-07-30,2024,R,686642,666023,FF,4-Seam Fastball,,ball,R,L,CWS,KC,93.60,,,,,,2,0,2024,2024-07
2024-07-30,2024,R,686642,666023,SL,Slider,,ball,R,L,CWS,KC,82.50,,,,,,1,0,2024,2024-07
2024-07-30,2024,R,686642,666023,FF,4-Seam Fastball,,ball,R,L,CWS,KC,94.40,,,,,,0,0,2024,2024-07
2024-07-30,2024,R,686642,672580,FF,4-Seam Fastball,walk,ball,R,L,CWS,KC,95.60,,,,,,3,1,2024,2024-07
2024-07-30,2024,R,686642,672580,FF,4-Seam Fastball,,called_strike,R,L,CWS,KC,94.50,,,,,,3,0,2024,2024-07
2024-07-30,2024,R,686642,672580,FF,4-Seam Fastball,,ball,R,L,CWS,KC,95.70,,,,,,2,0,2024,2024-07
2024-07-30,2024,R,686642,672580,FF,4-Seam Fastball,,ball,R,L,CWS,KC,93.80,,,,,,1,0,2024,2024-07
2024-07-30,2024,R,686642,672580,SL,Slider,,ball,R,L,CWS,KC,85.50,,,,,,0,0,2024,2024-07
2024-07-30,2024,R,686826,660766,FF,4-Seam Fastball,strikeout,swinging_strike,R,R,AZ,WSH,94.90,,,,,,3,2,2024,2024-07
2024-07-30,2024,R,686826,660766,FF,4-Seam Fastball,,foul,R,R,AZ,WSH,95.80,68.60,24,,,,3,2,2024,2024-07
2024-07-30,2024,R,686826,660766,SI,Sinker,,foul,R,R,AZ,WSH,93.80,90.10,-34,,,,3,1,2024,2024-07
2024-07-30,2024,R,686826,660766,FF,4-Seam Fastball,,ball,R,R,AZ,WSH,94.60,,,,,,2,1,2024,2024-07
2024-07-30,2024,R,686826,660766,SI,Sinker,,ball,R,R,AZ,WSH,95.30,,,,,,1,1,2024,2024-07
2024-07-30,2024,R,686826,660766,SI,Sinker,,blocked_ball,R,R,AZ,WSH,93.20,,,,,,0,1,2024,2024-07
2024-07-30,2024,R,686826,660766,FF,4-Seam Fastball,,called_strike,R,R,AZ,WSH,95.40,,,,,,0,0,2024,2024-07
2024-07-30,2024,R,686826,671277,CH,Changeup,single,hit_into_play,L,R,AZ,WSH,84.80,73.80,21,147.52,88.26,line_drive,1,2,2024,2024-07
2024-07-30,2024,R,686826,671277,FC,Cutter,,foul,L,R,AZ,WSH,90.80,71.30,-28,,,,1,1,2024,2024-07
2024-07-30,2024,R,686826,671277,FF,4-Seam Fastball,,called_strike,L,R,AZ,WSH,94.80,,,,,,1,0,2024,2024-07
2024-07-30,2024,R,686826,671277,FF,4-Seam Fastball,,ball,L,R,AZ,WSH,95.80,,,,,,0,0,2024,2024-07
2024-07-30,2024,R,686826,683083,SL,Slider,single,hit_into_play,L,R,AZ,WSH,87.40,96.90,-5,162.50,126.57,ground_ball,3,2,2024,2024-07
2024-07-30,2024,R,686826,683083,FC,Cutter,,blocked_ball,L,R,AZ,WSH,89.40,,,,,,2,2,2024,2024-07
2024-07-30,2024,R,686826,683083,FF,4-Seam Fastball,,called_strike,L,R,AZ,WSH,95.50,,,,,,2,1,2024,2024-07
2024-07-30,2024,R,686826,683083,FC,Cutter,,ball,L,R,AZ,WSH,88.50,,,,,,1,1,2024,2024-07
2024-07-30,2024,R,686826,683083,FF,4-Seam Fastball,,foul,L,R,AZ,WSH,95.70,,,,,,1,0,2024,2024-07
2024-07-30,2024,R,686826,683083,FC,Cutter,,ball,L,R,AZ,WSH,90.10,,,,,,0,0,2024,2024-07
2024-07-30,2024,R,686826,696285,SI,Sinker,field_out,hit_into_play,R,R,AZ,WSH,94.50,90.10,20,187.10,94.74,line_drive,0,2,2024,2024-07
2024-07-30,2024,R,686826,696285,SI,Sinker,,called_strike,R,R,AZ,WSH,95.50,,,,,,0,1,2024,2024-07
2024-07-30,2024,R,686826,696285,SI,Sinker,,called_strike,R,R,AZ,WSH,94.60,,,,,,0,0,2024,2024-07
2024-07-30,2024,R,686826,702358,FF,4-Seam Fastball,strikeout,called_strike,R,R,AZ,WSH,96.00,,,,,,1,2,2024,2024-07
2024-07-30,2024,R,686826,702358,FF,4-Seam Fastball,,ball,R,R,AZ,WSH,96.10,,,,,,0,2,2024,2024-07
2024-07-30,2024,R,686826,702358,FF,4-Seam Fastball,,called_strike,R,R,AZ,WSH,96.40,,,,,,0,1,2024,2024-07
2024-07-30,2024,R,686826,702358,FF,4-Seam Fastball,,foul,R,R,AZ,WSH,95.80,86.10,43,,,,0,0,2024,2024-07
2024-07-30,2024,R,687330,656896,ST,Sweeper,field_out,hit_into_play,R,R,TB,MIA,77.40,58.00,52,102.52,142.24,popup,2,2,2024,2024-07
2024-07-30,2024,R,687330,656896,ST,Sweeper,,foul,R,R,TB,MIA,76.50,57.40,11,,,,2,2,2024,2024-07
2024-07-30,2024,R,687330,656896,ST,Sweeper,,ball,R,R,TB,MIA,77.30,,,,,,1,2,2024,2024-07
2024-07-30,2024,R,687330,656896,ST,Sweeper,,called_strike,R,R,TB,MIA,76.30,,,,,,1,1,2024,2024-07
2024-07-30,2024,R,687330,656896,SI,Sinker,,called_strike,R,R,TB,MIA,90.10,,,,,,1,0,2024,2024-07
2024-07-30,2024,R,687330,656896,SI,Sinker,,ball,R,R,TB,MIA,90.50,,,,,,0,0,2024,2024-07
2024-07-30,2024,R,687330,663743,SI,Sinker,double,hit_into_play,R,R,TB,MIA,90.20,96.30,18,170.39,62.98,line_drive,0,1,2024,2024-07
2024-07-30,2024,R,687330,663743,SI,Sinker,,called_strike,R,R,TB,MIA,91.10,,,,,,0,0,2024,2024-07
2024-07-30,2024,R,687330,669364,SI,Sinker,strikeout,called_strike,L,R,TB,MIA,91.80,,,,,,3,2,2024,2024-07
2024-07-30,2024,R,687330,669364,SI,Sinker,,foul,L,R,TB,MIA,90.10,72.30,-9,,,,3,2,2024,2024-07
2024-07-30,2024,R,687330,669364,FF,4-Seam Fastball,,ball,L,R,TB,MIA,92.60,,,,,,2,2,2024,2024-07
2024-07-30,2024,R,687330,669364,SI,Sinker,,foul,L,R,TB,MIA,91.30,73.20,13,,,,2,2,2024,2024-07
2024-07-30,2024,R,687330,669364,ST,Sweeper,,ball,L,R,TB,MIA,75.90,,,,,,1,2,2024,2024-07
2024-07-30,2024,R,687330,669364,FF,4-Seam Fastball,,ball,L,R,TB,MIA,92.70,,,,,,0,2,2024,2024-07
2024-07-30,2024,R,687330,669364,FC,Cutter,,foul,L,R,TB,MIA,87.80,73.60,51,,,,0,1,2024,2024-07
2024-07-30,2024,R,687330,669364,SI,Sinker,,called_strike,L,R,TB,MIA,91.90,,,,,,0,0,2024,2024-07
2024-07-30,2024,R,687330,669394,SI,Sinker,single,hit_into_play,R,R,TB,MIA,90.20,110.40,7,168.72,109.78,line_drive,2,0,2024,2024-07
2024-07-30,2024,R,687330,669394,ST,Sweeper,,ball,R,R,TB,MIA,77.20,,,,,,1,0,2024,2024-07
2024-07-30,2024,R,687330,669394,SI,Sinker,,ball,R,R,TB,MIA,91.60,,,,,,0,0,2024,2024-07
2024-07-30,2024,R,687911,457705,FF,4-Seam Fastball,strikeout,swinging_strike,R,L,HOU,PIT,92.70,,,,,,3,2,2024,2024-07
2024-07-30,2024,R,687911,457705,FF,4-Seam Fastball,,foul,R,L,HOU,PIT,92.30,104.70,8,,,,3,2,2024,2024-07
2024-07-30,2024,R,687911,457705,ST,Sweeper,,ball,R,L,HOU,PIT,82.90,,,,,,2,2,2024,2024-07
2024-07-30,2024,R,687911,457705,FF,4-Seam Fastball,,ball,R,L,HOU,PIT,92.70,,,,,,1,2,2024,2024-07
2024-07-30,2024,R,687911,457705,FF,4-Seam Fastball,,foul,R,L,HOU,PIT,91.70,84.30,67,,,,1,2,2024,2024-07
2024-07-30,2024,R,687911,457705,ST,Sweeper,,foul,R,L,HOU,PIT,82.10,70.70,72,,,,1,1,2024,2024-07
2024-07-30,2024,R,687911,457705,FF,4-Seam Fastball,,ball,R,L,HOU,PIT,91.10,,,,,,0,1,2024,2024-07
2024-07-30,2024,R,687911,457705,FF,4-Seam Fastball,,called_strike,R,L,HOU,PIT,89.70,,,,,,0,0,2024,2024-07
2024-07-30,2024,R,687911,642133,ST,Sweeper,strikeout,swinging_strike,L,L,HOU,PIT,82.90,,,,,,1,2,2024,2024-07
2024-07-30,2024,R,687911,642133,ST,Sweeper,,swinging_strike,L,L,HOU,PIT,82.10,,,,,,1,1,2024,2024-07
2024-07-30,2024,R,687911,642133,ST,Sweeper,,called_strike,L,L,HOU,PIT,81.60,,,,,,1,0,2024,2024-07
2024-07-30,2024,R,687911,642133,ST,Sweeper,,ball,L,L,HOU,PIT,83.10,,,,,,0,0,2024,2024-07
2024-07-30,2024,R,687911,665833,FF,4-Seam Fastball,strikeout,swinging_strike,L,L,HOU,PIT,92.40,,,,,,3,2,2024,2024-07
2024-07-30,2024,R,687911,665833,ST,Sweeper,,called_strike,L,L,HOU,PIT,81.30,,,,,,3,1,2024,2024-07
2024-07-30,2024,R,687911,665833,FF,4-Seam Fastball,,ball,L,L,HOU,PIT,91.10,,,,,,2,1,2024,2024-07
2024-07-30,2024,R,687911,665833,ST,Sweeper,,ball,L,L,HOU,PIT,82.30,,,,,,1,1,2024,2024-07
2024-07-30,2024,R,687911,665833,ST,Sweeper,,swinging_strike,L,L,HOU,PIT,81.10,,,,,,1,0,2024,2024-07
2024-07-30,2024,R,687911,665833,ST,Sweeper,,ball,L,L,HOU,PIT,80.80,,,,,,0,0,2024,2024-07
2024-07-30,2024,R,687911,668804,CU,Curveball,field_out,hit_into_play,R,L,HOU,PIT,75.50,88.90,24,73.79,88.07,line_drive,0,0,2024,2024-07
2024-07-30,2024,R,688297,608369,SI,Sinker,field_out,hit_into_play,L,R,STL,TEX,95.40,86.00,-38,124.36,146.32,ground_ball,0,0,2024,2024-07
2024-07-30,2024,R,688297,608671,FF,4-Seam Fastball,field_out,hit_into_play,L,R,STL,TEX,94.50,101.10,14,118.81,72.10,line_drive,1,2,2024,2024-07
2024-07-30,2024,R,688297,608671,SI,Sinker,,swinging_strike,L,R,STL,TEX,94.70,,,,,,1,1,2024,2024-07
2024-07-30,2024,R,688297,608671,FF,4-Seam Fastball,,ball,L,R,STL,TEX,94.80,,,,,,0,1,2024,2024-07
2024-07-30,2024,R,688297,608671,FF,4-Seam Fastball,,called_strike,L,R,STL,TEX,94.20,,,,,,0,0,2024,2024-07
2024-07-30,2024,R,688297,641680,SI,Sinker,strikeout,swinging_strike,L,R,STL,TEX,96.10,,,,,,0,2,2024,2024-07
2024-07-30,2024,R,688297,641680,FF,4-Seam Fastball,,called_strike,L,R,STL,TEX,94.00,,,,,,0,1,2024,2024-07
2024-07-30,2024,R,688297,641680,FF,4-Seam Fastball,,called_strike,L,R,STL,TEX,93.50,,,,,,0,0,2024,2024-07
2024-07-30,2024,R,688297,663993,FF,4-Seam Fastball,strikeout,called_strike,L,R,STL,TEX,94.20,,,,,,1,2,2024,2024-07
2024-07-30,2024,R,688297,663993,FF,4-Seam Fastball,,swinging_strike,L,R,STL,TEX,94.90,,,,,,1,1,2024,2024-07
2024-07-30,2024,R,688297,663993,FF,4-Seam Fastball,,ball,L,R,STL,TEX,93.40,,,,,,0,1,2024,2024-07
2024-07-30,2024,R,688297,663993,FF,4-Seam Fastball,,called_strike,L,R,STL,TEX,93.80,,,,,,0,0,2024,2024-07
2024-07-30,2024,R,688297,666969,SI,Sinker,field_error,hit_into_play,R,R,STL,TEX,95.50,97.90,-18,151.26,171.24,ground_ball,0,2,2024,2024-07
2024-07-30,2024,R,688297,666969,SI,Sinker,,foul,R,R,STL,TEX,96.00,90.00,31,,,,0,2,2024,2024-07
2024-07-30,2024,R,688297,666969,FF,4-Seam Fastball,,foul,R,R,STL,TEX,93.20,78.90,24,,,,0,2,2024,2024-07
2024-07-30,2024,R,688297,666969,ST,Sweeper,,foul,R,R,STL,TEX,83.60,82.80,-37,,,,0,2,2024,2024-07
2024-07-30,2024,R,688297,666969,FF,4-Seam Fastball,,called_strike,R,R,STL,TEX,94.10,,,,,,0,1,2024,2024-07
2024-07-30,2024,R,688297,666969,SI,Sinker,,called_strike,R,R,STL,TEX,94.20,,,,,,0,0,2024,2024-07
2024-07-30,2024,R,688297,669701,FF,4-Seam Fastball,field_out,hit_into_play,L,R,STL,TEX,93.60,89.10,-6,114.21,145.81,ground_ball,1,0,2024,2024-07
2024-07-30,2024,R,688297,669701,FF,4-Seam Fastball,,ball,L,R,STL,TEX,94.50,,,,,,0,0,2024,2024-07
2024-07-30,2024,R,688297,673962,ST,Sweeper,field_out,hit_into_play,R,R,STL,TEX,84.80,95.70,25,123.64,52.64,fly_ball,2,2,2024,2024-07
2024-07-30,2024,R,688297,673962,FF,4-Seam Fastball,,ball,R,R,STL,TEX,94.70,,,,,,1,2,2024,2024-07
2024-07-30,2024,R,688297,673962,FF,4-Seam Fastball,,swinging_strike,R,R,STL,TEX,94.20,,,,,,1,1,2024,2024-07
2024-07-30,2024,R,688297,673962,SI,Sinker,,swinging_strike,R,R,STL,TEX,94.70,,,,,,1,0,2024,2024-07
2024-07-30,2024,R,688297,673962,FF,4-Seam Fastball,,ball,R,R,STL,TEX,95.50,,,,,,0,0,2024,2024-07
2024-07-30,2024,R,689147,519317,ST,Sweeper,strikeout,swinging_strike,R,R,PHI,NYY,86.90,,,,,,1,2,2024,2024-07
2024-07-30,2024,R,689147,519317,ST,Sweeper,,called_strike,R,R,PHI,NYY,86.90,,,,,,1,1,2024,2024-07
2024-07-30,2024,R,689147,519317,ST,Sweeper,,called_strike,R,R,PHI,NYY,87.80,,,,,,1,0,2024,2024-07
2024-07-30,2024,R,689147,519317,FF,4-Seam Fastball,,ball,R,R,PHI,NYY,98.30,,,,,,0,0,2024,2024-07
2024-07-30,2024,R,689147,650402,ST,Sweeper,sac_fly_double_play,hit_into_play,R,R,PHI,NYY,86.70,84.70,40,159.44,100.80,fly_ball,1,2,2024,2024-07
2024-07-30,2024,R,689147,650402,ST,Sweeper,,foul,R,R,PHI,NYY,87.00,58.30,-3,,,,1,2,2024,2024-07
2024-07-30,2024,R,689147,650402,ST,Sweeper,,swinging_strike,R,R,PHI,NYY,87.90,,,,,,1,1,2024,2024-07
2024-07-30,2024,R,689147,650402,FF,4-Seam Fastball,,foul,R,R,PHI,NYY,95.70,104.20,1,,,,1,0,2024,2024-07
2024-07-30,2024,R,689147,650402,ST,Sweeper,,ball,R,R,PHI,NYY,86.80,,,,,,0,0,2024,2024-07
2024-07-30,2024,R,689147,665862,ST,Sweeper,single,hit_into_play,L,R,PHI,NYY,88.60,70.00,34,63.93,128.10,fly_ball,1,1,2024,2024-07
2024-07-30,2024,R,689147,665862,ST,Sweeper,,ball,L,R,PHI,NYY,88.50,,,,,,0,1,2024,2024-07
2024-07-30,2024,R,689147,665862,ST,Sweeper,,called_strike,L,R,PHI,NYY,87.90,,,,,,0,0,2024,2024-07
2024-07-30,2024,R,690829,592178,SI,Sinker,field_out,hit_into_play,R,R,LAA,COL,95.90,88.70,-12,113.11,150.82,ground_ball,1,1,2024,2024-07
2024-07-30,2024,R,690829,592178,SI,Sinker,,swinging_strike,R,R,LAA,COL,99.50,,,,,,1,0,2024,2024-07
2024-07-30,2024,R,690829,592178,SI,Sinker,,ball,R,R,LAA,COL,97.80,,,,,,0,0,2024,2024-07
2024-07-30,2024,R,690829,663898,SI,Sinker,field_out,hit_into_play,R,R,LAA,COL,100.30,88.80,4,135.14,138.69,ground_ball,0,1,2024,2024-07
2024-07-30,2024,R,690829,663898,SL,Slider,,called_strike,R,R,LAA,COL,86.30,,,,,,0,0,2024,2024-07
2024-07-30,2024,R,690829,669911,SI,Sinker,field_out,hit_into_play,L,R,LAA,COL,99.40,76.40,-47,144.21,164.02,ground_ball,0,0,2024,2024-07
2024-07-30,2024,R,693312,514888,FF,4-Seam Fastball,field_out,hit_into_play,R,R,HOU,PIT,96.40,94.50,21,149.61,65.03,line_drive,1,0,2024,2024-07
2024-07-30,2024,R,693312,514888,FF,4-Seam Fastball,,ball,R,R,HOU,PIT,96.00,,,,,,0,0,2024,2024-07
2024-07-30,2024,R,693312,608324,FF,4-Seam Fastball,field_out,hit_into_play,R,R,HOU,PIT,96.90,89.70,32,212.05,111.02,fly_ball,0,0,2024,2024-07
2024-07-30,2024,R,693312,665161,SL,Slider,field_out,hit_into_play,R,R,HOU,PIT,90.80,97.70,11,175.30,111.02,line_drive,3,2,2024,2024-07
2024-07-30,2024,R,693312,665161,SL,Slider,,ball,R,R,HOU,PIT,93.00,,,,,,2,2,2024,2024-07
2024-07-30,2024,R,693312,665161,FF,4-Seam Fastball,,ball,R,R,HOU,PIT,97.20,,,,,,1,2,2024,2024-07
2024-07-30,2024,R,693312,665161,SL,Slider,,swinging_strike,R,R,HOU,PIT,89.20,,,,,,1,1,2024,2024-07
2024-07-30,2024,R,693312,665161,SL,Slider,,blocked_ball,R,R,HOU,PIT,93.20,,,,,,0,1,2024,2024-07
2024-07-30,2024,R,693312,665161,SL,Slider,,swinging_strike,R,R,HOU,PIT,91.20,,,,,,0,0,2024,2024-07
2024-07-30,2024,R,693312,670541,FF,4-Seam Fastball,walk,ball,L,R,HOU,PIT,98.10,,,,,,3,0,2024,2024-07
2024-07-30,2024,R,693312,670541,FF,4-Seam Fastball,,ball,L,R,HOU,PIT,98.10,,,,,,2,0,2024,2024-07
2024-07-30,2024,R,693312,670541,CU,Curveball,,ball,L,R,HOU,PIT,85.80,,,,,,1,0,2024,2024-07
2024-07-30,2024,R,693312,670541,CU,Curveball,,ball,L,R,HOU,PIT,87.20,,,,,,0,0,2024,2024-07
2024-07-30,2024,R,693312,673237,SL,Slider,single,hit_into_play,R,R,HOU,PIT,92.60,99.40,11,141.61,82.65,line_drive,0,1,2024,2024-07
2024-07-30,2024,R,693312,673237,CU,Curveball,,swinging_strike,R,R,HOU,PIT,85.10,,,,,,0,0,2024,2024-07
2024-07-30,2024,R,693821,641343,SL,Slider,strikeout,swinging_strike,L,R,MIL,ATL,85.50,,,,,,2,2,2024,2024-07
2024-07-30,2024,R,693821,641343,SI,Sinker,,called_strike,L,R,MIL,ATL,91.20,,,,,,2,1,2024,2024-07
2024-07-30,2024,R,693821,641343,CH,Changeup,,ball,L,R,MIL,ATL,86.40,,,,,,1,1,2024,2024-07
2024-07-30,2024,R,693821,641343,CH,Changeup,,foul,L,R,MIL,ATL,85.70,,,,,,1,0,2024,2024-07
2024-07-30,2024,R,693821,641343,SI,Sinker,,ball,L,R,MIL,ATL,90.80,,,,,,0,0,2024,2024-07
2024-07-30,2024,R,693821,641343,CH,Changeup,strikeout,swinging_strike,L,R,MIL,ATL,86.50,,,,,,1,2,2024,2024-07
2024-07-30,2024,R,693821,641343,SL,Slider,,swinging_strike,L,R,MIL,ATL,85.40,,,,,,1,1,2024,2024-07
2024-07-30,2024,R,693821,641343,CH,Changeup,,ball,L,R,MIL,ATL,86.40,,,,,,0,1,2024,2024-07
2024-07-30,2024,R,693821,641343,CH,Changeup,,called_strike,L,R,MIL,ATL,85.40,,,,,,0,0,2024,2024-07
2024-07-30,2024,R,693821,641343,SL,Slider,strikeout,swinging_strike,L,R,MIL,ATL,84.70,,,,,,1,2,2024,2024-07
2024-07-30,2024,R,693821,641343,SL,Slider,,swinging_strike,L,R,MIL,ATL,84.70,,,,,,1,1,2024,2024-07
2024-07-30,2024,R,693821,641343,SI,Sinker,,foul,L,R,MIL,ATL,92.00,,,,,,1,0,2024,2024-07
2024-07-30,2024,R,693821,641343,SI,Sinker,,ball,L,R,MIL,ATL,90.20,,,,,,0,0,2024,2024-07
2024-07-30,2024,R,693821,642715,SL,Slider,field_out,hit_into_play,R,R,MIL,ATL,83.90,85.80,12,104.37,147.45,ground_ball,0,0,2024,2024-07
2024-07-30,2024,R,693821,642715,SL,Slider,double,hit_into_play,R,R,MIL,ATL,83.20,107.70,15,41.82,115.93,line_drive,0,0,2024,2024-07
2024-07-30,2024,R,693821,642715,SI,Sinker,strikeout,swinging_strike,R,R,MIL,ATL,91.90,,,,,,1,2,2024,2024-07
2024-07-30,2024,R,693821,642715,SL,Slider,,swinging_strike,R,R,MIL,ATL,84.40,,,,,,1,1,2024,2024-07
2024-07-30,2024,R,693821,642715,SL,Slider,,foul,R,R,MIL,ATL,83.90,71.00,43,,,,1,0,2024,2024-07
2024-07-30,2024,R,693821,642715,SI,Sinker,,ball,R,R,MIL,ATL,90.90,,,,,,0,0,2024,2024-07
2024-07-30,2024,R,693821,656555,FF,4-Seam Fastball,strikeout,swinging_strike,R,R,MIL,ATL,94.10,,,,,,1,2,2024,2024-07
2024-07-30,2024,R,693821,656555,SL,Slider,,ball,R,R,MIL,ATL,86.10,,,,,,0,2,2024,2024-07
2024-07-30,2024,R,693821,656555,CH,Changeup,,foul,R,R,MIL,ATL,87.60,71.90,39,,,,0,1,2024,2024-07
2024-07-30,2024,R,693821,656555,SI,Sinker,,called_strike,R,R,MIL,ATL,91.70,,,,,,0,0,2024,2024-07
2024-07-30,2024,R,693821,656555,SI,Sinker,single,hit_into_play,R,R,MIL,ATL,92.10,90.00,14,149.65,87.44,line_drive,3,2,2024,2024-07
2024-07-30,2024,R,693821,656555,SI,Sinker,,ball,R,R,MIL,ATL,92.70,,,,,,2,2,2024,2024-07
2024-07-30,2024,R,693821,656555,SI,Sinker,,ball,R,R,MIL,ATL,92.30,,,,,,1,2,2024,2024-07
2024-07-30,2024,R,693821,656555,FF,4-Seam Fastball,,foul,R,R,MIL,ATL,93.60,,,,,,1,2,2024,2024-07
2024-07-30,2024,R,693821,656555,SL,Slider,,ball,R,R,MIL,ATL,85.10,,,,,,0,2,2024,2024-07
2024-07-30,2024,R,693821,656555,SI,Sinker,,called_strike,R,R,MIL,ATL,92.00,,,,,,0,1,2024,2024-07
2024-07-30,2024,R,693821,656555,FF,4-Seam Fastball,,called_strike,R,R,MIL,ATL,93.40,,,,,,0,0,2024,2024-07
2024-07-30,2024,R,693821,656555,SI,Sinker,field_out,hit_into_play,R,R,MIL,ATL,91.20,70.80,63,171.06,152.42,popup,3,2,2024,2024-07
2024-07-30,2024,R,693821,656555,SL,Slider,,foul,R,R,MIL,ATL,83.10,71.30,7,,,,3,2,2024,2024-07
2024-07-30,2024,R,693821,656555,FF,4-Seam Fastball,,ball,R,R,MIL,ATL,93.50,,,,,,2,2,2024,2024-07
2024-07-30,2024,R,693821,656555,SI,Sinker,,foul,R,R,MIL,ATL,91.30,74.80,35,,,,2,1,2024,2024-07
2024-07-30,2024,R,693821,656555,SI,Sinker,,ball,R,R,MIL,ATL,91.60,,,,,,1,1,2024,2024-07
2024-07-30,2024,R,693821,656555,SI,Sinker,,called_strike,R,R,MIL,ATL,91.40,,,,,,1,0,2024,2024-07
2024-07-30,2024,R,693821,656555,SI,Sinker,,ball,R,R,MIL,ATL,89.50,,,,,,0,0,2024,2024-07
2024-07-30,2024,R,693821,661388,FC,Cutter,field_out,hit_into_play,R,R,MIL,ATL,86.80,88.90,-17,114.71,146.83,ground_ball,0,1,2024,2024-07
2024-07-30,2024,R,693821,661388,CH,Changeup,,swinging_strike,R,R,MIL,ATL,82.60,,,,,,0,0,2024,2024-07
2024-07-30,2024,R,693821,661388,SL,Slider,field_out,hit_into_play,R,R,MIL,ATL,84.70,104.80,12,77.44,92.61,line_drive,3,2,2024,2024-07
2024-07-30,2024,R,693821,661388,SI,Sinker,,ball,R,R,MIL,ATL,91.80,,,,,,2,2,2024,2024-07
2024-07-30,2024,R,693821,661388,SI,Sinker,,called_strike,R,R,MIL,ATL,91.70,,,,,,2,1,2024,2024-07
2024-07-30,2024,R,693821,661388,SL,Slider,,called_strike,R,R,MIL,ATL,83.40,,,,,,2,0,2024,2024-07
2024-07-30,2024,R,693821,661388,SI,Sinker,,ball,R,R,MIL,ATL,91.70,,,,,,1,0,2024,2024-07
2024-07-30,2024,R,693821,661388,SI,Sinker,,ball,R,R,MIL,ATL,91.20,,,,,,0,0,2024,2024-07
2024-07-30,2024,R,693821,661388,SI,Sinker,field_out,hit_into_play,R,R,MIL,ATL,91.10,90.10,39,217.59,110.03,fly_ball,0,0,2024,2024-07
2024-07-30,2024,R,693821,668930,SI,Sinker,force_out,hit_into_play,L,R,MIL,ATL,91.70,102.60,-17,116.74,151.91,ground_ball,2,1,2024,2024-07
2024-07-30,2024,R,693821,668930,SL,Slider,,ball,L,R,MIL,ATL,86.10,,,,,,1,1,2024,2024-07
2024-07-30,2024,R,693821,668930,FF,4-Seam Fastball,,ball,L,R,MIL,ATL,93.90,,,,,,0,1,2024,2024-07
2024-07-30,2024,R,693821,668930,SI,Sinker,,called_strike,L,R,MIL,ATL,91.00,,,,,,0,0,2024,2024-07
2024-07-30,2024,R,693821,668930,CH,Changeup,field_out,hit_into_play,L,R,MIL,ATL,86.40,71.60,13,144.26,148.42,ground_ball,0,0,2024,2024-07
2024-07-30,2024,R,693821,668930,SI,Sinker,strikeout,called_strike,L,R,MIL,ATL,91.30,,,,,,1,2,2024,2024-07
2024-07-30,2024,R,693821,668930,SL,Slider,,foul,L,R,MIL,ATL,84.40,64.50,51,,,,1,1,2024,2024-07
2024-07-30,2024,R,693821,668930,CH,Changeup,,ball,L,R,MIL,ATL,85.20,,,,,,0,1,2024,2024-07
2024-07-30,2024,R,693821,668930,SI,Sinker,,foul,L,R,MIL,ATL,90.40,74.00,27,,,,0,0,2024,2024-07
2024-07-30,2024,R,693821,669003,CH,Changeup,field_out,hit_into_play,L,R,MIL,ATL,85.10,76.20,48,149.79,106.96,fly_ball,2,0,2024,2024-07
2024-07-30,2024,R,693821,669003,CH,Changeup,,ball,L,R,MIL,ATL,85.70,,,,,,1,0,2024,2024-07
2024-07-30,2024,R,693821,669003,SI,Sinker,,ball,L,R,MIL,ATL,90.50,,,,,,0,0,2024,2024-07
2024-07-30,2024,R,693821,669003,SL,Slider,double,hit_into_play,L,R,MIL,ATL,85.40,104.40,20,192.06,71.78,line_drive,1,1,2024,2024-07
2024-07-30,2024,R,693821,669003,SL,Slider,,foul_tip,L,R,MIL,ATL,83.80,,,,,,1,0,2024,2024-07
2024-07-30,2024,R,693821,669003,SL,Slider,,ball,L,R,MIL,ATL,83.00,,,,,,0,0,2024,2024-07
2024-07-30,2024,R,693821,686217,SI,Sinker,single,hit_into_play,L,R,MIL,ATL,91.10,83.00,1,141.11,144.79,ground_ball,0,0,2024,2024-07
2024-07-30,2024,R,693821,686217,SL,Slider,field_out,hit_into_play,L,R,MIL,ATL,85.10,79.20,25,128.00,89.15,line_drive,1,2,2024,2024-07
2024-07-30,2024,R,693821,686217,SI,Sinker,,called_strike,L,R,MIL,ATL,91.60,,,,,,1,1,2024,2024-07
2024-07-30,2024,R,693821,686217,SL,Slider,,ball,L,R,MIL,ATL,83.50,,,,,,0,1,2024,2024-07
2024-07-30,2024,R,693821,686217,SL,Slider,,called_strike,L,R,MIL,ATL,82.80,,,,,,0,0,2024,2024-07
2024-07-30,2024,R,693821,686217,SI,Sinker,field_out,hit_into_play,L,R,MIL,ATL,92.00,101.40,7,155.66,130.45,ground_ball,1,1,2024,2024-07
2024-07-30,2024,R,693821,686217,SI,Sinker,,ball,L,R,MIL,ATL,91.20,,,,,,0,1,2024,2024-07
2024-07-30,2024,R,693821,686217,SI,Sinker,,called_strike,L,R,MIL,ATL,92.50,,,,,,0,0,2024,2024-07
2024-07-30,2024,R,693821,687401,SI,Sinker,single,hit_into_play,R,R,MIL,ATL,93.10,63.10,-57,116.63,169.69,ground_ball,1,1,2024,2024-07
2024-07-30,2024,R,693821,687401,SI,Sinker,,ball,R,R,MIL,ATL,93.10,,,,,,0,1,2024,2024-07
2024-07-30,2024,R,693821,687401,SL,Slider,,foul,R,R,MIL,ATL,86.80,56.60,-17,,,,0,0,2024,2024-07
2024-07-30,2024,R,693821,687401,SI,Sinker,strikeout,swinging_strike,R,R,MIL,ATL,92.80,,,,,,1,2,2024,2024-07
2024-07-30,2024,R,693821,687401,SL,Slider,,called_strike,R,R,MIL,ATL,85.50,,,,,,1,1,2024,2024-07
2024-07-30,2024,R,693821,687401,SL,Slider,,called_strike,R,R,MIL,ATL,85.20,,,,,,1,0,2024,2024-07
2024-07-30,2024,R,693821,687401,SI,Sinker,,ball,R,R,MIL,ATL,89.50,,,,,,0,0,2024,2024-07
2024-07-30,2024,R,693821,694192,FF,4-Seam Fastball,walk,ball,R,R,MIL,ATL,93.30,,,,,,3,2,2024,2024-07
2024-07-30,2024,R,693821,694192,SL,Slider,,foul,R,R,MIL,ATL,83.90,74.00,72,,,,3,2,2024,2024-07
2024-07-30,2024,R,693821,694192,SI,Sinker,,foul,R,R,MIL,ATL,92.30,81.20,-42,,,,3,2,2024,2024-07
2024-07-30,2024,R,693821,694192,FF,4-Seam Fastball,,swinging_strike,R,R,MIL,ATL,92.60,,,,,,3,1,2024,2024-07
2024-07-30,2024,R,693821,694192,SI,Sinker,,called_strike,R,R,MIL,ATL,90.00,,,,,,3,0,2024,2024-07
2024-07-30,2024,R,693821,694192,SL,Slider,,ball,R,R,MIL,ATL,83.00,,,,,,2,0,2024,2024-07
2024-07-30,2024,R,693821,694192,SL,Slider,,ball,R,R,MIL,ATL,84.20,,,,,,1,0,2024,2024-07
2024-07-30,2024,R,693821,694192,SI,Sinker,,ball,R,R,MIL,ATL,90.70,,,,,,0,0,2024,2024-07
2024-07-30,2024,R,693821,694192,SI,Sinker,field_out,hit_into_play,R,R,MIL,ATL,91.50,106.70,-7,108.62,151.91,ground_ball,2,0,2024,2024-07
2024-07-30,2024,R,693821,694192,SL,Slider,,ball,R,R,MIL,ATL,86.50,,,,,,1,0,2024,2024-07
2024-07-30,2024,R,693821,694192,SI,Sinker,,ball,R,R,MIL,ATL,91.90,,,,,,0,0,2024,2024-07
2024-07-30,2024,R,693821,694192,SL,Slider,field_out,hit_into_play,R,R,MIL,ATL,85.30,81.30,-19,128.42,179.38,ground_ball,1,2,2024,2024-07
2024-07-30,2024,R,693821,694192,SL,Slider,,ball,R,R,MIL,ATL,85.80,,,,,,0,2,2024,2024-07
2024-07-30,2024,R,693821,694192,SI,Sinker,,foul,R,R,MIL,ATL,92.40,,,,,,0,1,2024,2024-07
2024-07-30,2024,R,693821,694192,SL,Slider,,swinging_strike,R,R,MIL,ATL,84.00,,,,,,0,0,2024,2024-07
2024-07-30,2024,R,694363,592669,CH,Changeup,double,hit_into_play,R,L,CWS,KC,84.70,112.00,9,35.69,107.47,line_drive,1,2,2024,2024-07
2024-07-30,2024,R,694363,592669,CH,Changeup,,ball,R,L,CWS,KC,85.30,,,,,,0,2,2024,2024-07
2024-07-30,2024,R,694363,592669,FF,4-Seam Fastball,,foul,R,L,CWS,KC,92.90,77.50,17,,,,0,2,2024,2024-07
2024-07-30,2024,R,694363,592669,CH,Changeup,,called_strike,R,L,CWS,KC,83.80,,,,,,0,1,2024,2024-07
2024-07-30,2024,R,694363,592669,SL,Slider,,called_strike,R,L,CWS,KC,86.10,,,,,,0,0,2024,2024-07
2024-07-30,2024,R,694363,624428,FF,4-Seam Fastball,field_out,hit_into_play,L,L,CWS,KC,92.70,60.90,11,144.22,147.01,ground_ball,2,2,2024,2024-07
2024-07-30,2024,R,694363,624428,SL,Slider,,ball,L,L,CWS,KC,86.70,,,,,,1,2,2024,2024-07
2024-07-30,2024,R,694363,624428,SL,Slider,,foul,L,L,CWS,KC,86.90,68.20,45,,,,1,1,2024,2024-07
2024-07-30,2024,R,694363,624428,SL,Slider,,called_strike,L,L,CWS,KC,85.90,,,,,,1,0,2024,2024-07
2024-07-30,2024,R,694363,624428,SI,Sinker,,ball,L,L,CWS,KC,92.20,,,,,,0,0,2024,2024-07
2024-07-30,2024,R,694363,669004,SL,Slider,field_out,hit_into_play,L,L,CWS,KC,86.10,98.30,27,121.66,45.76,fly_ball,0,0,2024,2024-07
2024-07-30,2024,R,694363,672580,FF,4-Seam Fastball,field_out,hit_into_play,R,L,CWS,KC,93.90,98.10,-19,147.04,163.75,ground_ball,2,2,2024,2024-07
2024-07-30,2024,R,694363,672580,CH,Changeup,,ball,R,L,CWS,KC,84.20,,,,,,1,2,2024,2024-07
2024-07-30,2024,R,694363,672580,CH,Changeup,,foul_bunt,R,L,CWS,KC,82.50,,,,,,1,1,2024,2024-07
2024-07-30,2024,R,694363,672580,CH,Changeup,,ball,R,L,CWS,KC,83.20,,,,,,0,1,2024,2024-07
2024-07-30,2024,R,694363,672580,SL,Slider,,called_strike,R,L,CWS,KC,85.30,,,,,,0,0,2024,2024-07
2024-07-30,2024,R,701542,547180,ST,Sweeper,strikeout,swinging_strike,L,R,PHI,NYY,82.60,,,,,,3,2,2024,2024-07
2024-07-30,2024,R,701542,547180,FF,4-Seam Fastball,,foul,L,R,PHI,NYY,94.60,77.60,18,,,,3,2,2024,2024-07
2024-07-30,2024,R,701542,547180,FF,4-Seam Fastball,,foul,L,R,PHI,NYY,93.90,76.40,14,,,,3,2,2024,2024-07
2024-07-30,2024,R,701542,547180,FF,4-Seam Fastball,,ball,L,R,PHI,NYY,93.60,,,,,,2,2,2024,2024-07
2024-07-30,2024,R,701542,547180,CH,Changeup,,foul,L,R,PHI,NYY,86.60,73.50,-49,,,,2,2,2024,2024-07
2024-07-30,2024,R,701542,547180,CH,Changeup,,foul,L,R,PHI,NYY,86.90,70.90,50,,,,2,1,2024,2024-07
2024-07-30,2024,R,701542,547180,ST,Sweeper,,ball,L,R,PHI,NYY,81.10,,,,,,1,1,2024,2024-07
2024-07-30,2024,R,701542,547180,CH,Changeup,,ball,L,R,PHI,NYY,85.20,,,,,,0,1,2024,2024-07
2024-07-30,2024,R,701542,547180,CH,Changeup,,called_strike,L,R,PHI,NYY,85.20,,,,,,0,0,2024,2024-07
2024-07-30,2024,R,701542,547180,ST,Sweeper,field_out,hit_into_play,L,R,PHI,NYY,79.40,82.60,46,113.78,96.37,fly_ball,0,0,2024,2024-07
2024-07-30,2024,R,701542,547180,FF,4-Seam Fastball,strikeout,swinging_strike,L,R,PHI,NYY,94.10,,,,,,2,2,2024,2024-07
2024-07-30,2024,R,701542,547180,CH,Changeup,,foul,L,R,PHI,NYY,87.40,81.80,49,,,,2,1,2024,2024-07
2024-07-30,2024,R,701542,547180,FF,4-Seam Fastball,,foul,L,R,PHI,NYY,94.20,,,,,,2,0,2024,2024-07
2024-07-30,2024,R,701542,547180,ST,Sweeper,,ball,L,R,PHI,NYY,83.30,,,,,,1,0,2024,2024-07
2024-07-30,2024,R,701542,547180,FF,4-Seam Fastball,,ball,L,R,PHI,NYY,93.30,,,,,,0,0,2024,2024-07
2024-07-30,2024,R,701542,592206,FF,4-Seam Fastball,field_out,hit_into_play,R,R,PHI,NYY,92.10,93.30,20,119.50,77.02,line_drive,0,0,2024,2024-07
2024-07-30,2024,R,701542,592206,ST,Sweeper,field_out,hit_into_play,R,R,PHI,NYY,82.90,73.60,18,131.03,134.26,line_drive,1,0,2024,2024-07
2024-07-30,2024,R,701542,592206,FF,4-Seam Fastball,,ball,R,R,PHI,NYY,92.00,,,,,,0,0,2024,2024-07
2024-07-30,2024,R,701542,592663,SI,Sinker,single,hit_into_play,R,R,PHI,NYY,92.60,107.10,4,125.42,140.59,ground_ball,2,1,2024,2024-07
2024-07-30,2024,R,701542,592663,SI,Sinker,,foul,R,R,PHI,NYY,92.60,89.50,-26,,,,2,0,2024,2024-07
2024-07-30,2024,R,701542,592663,SI,Sinker,,ball,R,R,PHI,NYY,92.00,,,,,,1,0,2024,2024-07
2024-07-30,2024,R,701542,592663,FF,4-Seam Fastball,,ball,R,R,PHI,NYY,92.30,,,,,,0,0,2024,2024-07
2024-07-30,2024,R,701542,592663,ST,Sweeper,single,hit_into_play,R,R,PHI,NYY,82.80,89.00,13,128.82,79.35,line_drive,1,1,2024,2024-07
2024-07-30,2024,R,701542,592663,SI,Sinker,,called_strike,R,R,PHI,NYY,91.90,,,,,,1,0,2024,2024-07
2024-07-30,2024,R,701542,592663,ST,Sweeper,,ball,R,R,PHI,NYY,82.20,,,,,,0,0,2024,2024-07
2024-07-30,2024,R,701542,607208,ST,Sweeper,strikeout,called_strike,R,R,PHI,NYY,82.00,,,,,,2,2,2024,2024-07
2024-07-30,2024,R,701542,607208,FF,4-Seam Fastball,,foul,R,R,PHI,NYY,93.20,81.40,58,,,,2,2,2024,2024-07
2024-07-30,2024,R,701542,607208,ST,Sweeper,,ball,R,R,PHI,NYY,80.00,,,,,,1,2,2024,2024-07
2024-07-30,2024,R,701542,607208,FF,4-Seam Fastball,,foul,R,R,PHI,NYY,93.20,77.10,25,,,,1,1,2024,2024-07
2024-07-30,2024,R,701542,607208,ST,Sweeper,,swinging_strike,R,R,PHI,NYY,82.20,,,,,,1,0,2024,2024-07
2024-07-30,2024,R,701542,607208,ST,Sweeper,,ball,R,R,PHI,NYY,82.30,,,,,,0,0,2024,2024-07
2024-07-30,2024,R,701542,607208,SI,Sinker,field_out,hit_into_play,R,R,PHI,NYY,93.20,97.10,-22,108.99,148.13,ground_ball,0,1,2024,2024-07
2024-07-30,2024,R,701542,607208,FF,4-Seam Fastball,,called_strike,R,R,PHI,NYY,93.60,,,,,,0,0,2024,2024-07
2024-07-30,2024,R,701542,607208,SI,Sinker,field_out,hit_into_play,R,R,PHI,NYY,93.80,80.70,-48,113.37,173.58,ground_ball,1,1,2024,2024-07
2024-07-30,2024,R,701542,607208,ST,Sweeper,,swinging_strike,R,R,PHI,NYY,83.40,,,,,,1,0,2024,2024-07
2024-07-30,2024,R,701542,607208,ST,Sweeper,,ball,R,R,PHI,NYY,84.10,,,,,,0,0,2024,2024-07
2024-07-30,2024,R,701542,656941,CH,Changeup,strikeout,swinging_strike,L,R,PHI,NYY,82.80,,,,,,2,2,2024,2024-07
2024-07-30,2024,R,701542,656941,ST,Sweeper,,foul,L,R,PHI,NYY,81.30,63.00,-20,,,,2,1,2024,2024-07
2024-07-30,2024,R,701542,656941,CH,Changeup,,ball,L,R,PHI,NYY,86.10,,,,,,1,1,2024,2024-07
2024-07-30,2024,R,701542,656941,FF,4-Seam Fastball,,called_strike,L,R,PHI,NYY,91.90,,,,,,1,0,2024,2024-07
2024-07-30,2024,R,701542,656941,CH,Changeup,,ball,L,R,PHI,NYY,85.40,,,,,,0,0,2024,2024-07
2024-07-30,2024,R,701542,656941,FF,4-Seam Fastball,strikeout,called_strike,L,R,PHI,NYY,93.60,,,,,,1,2,2024,2024-07
2024-07-30,2024,R,701542,656941,CH,Changeup,,foul,L,R,PHI,NYY,86.80,67.10,51,,,,1,1,2024,2024-07
2024-07-30,2024,R,701542,656941,FF,4-Seam Fastball,,ball,L,R,PHI,NYY,93.50,,,,,,0,1,2024,2024-07
2024-07-30,2024,R,701542,656941,FF,4-Seam Fastball,,called_strike,L,R,PHI,NYY,92.50,,,,,,0,0,2024,2024-07
2024-07-30,2024,R,701542,656941,FF,4-Seam Fastball,walk,ball,L,R,PHI,NYY,94.20,,,,,,3,2,2024,2024-07
2024-07-30,2024,R,701542,656941,ST,Sweeper,,ball,L,R,PHI,NYY,82.10,,,,,,2,2,2024,2024-07
2024-07-30,2024,R,701542,656941,ST,Sweeper,,ball,L,R,PHI,NYY,84.50,,,,,,1,2,2024,2024-07
2024-07-30,2024,R,701542,656941,ST,Sweeper,,called_strike,L,R,PHI,NYY,84.20,,,,,,1,1,2024,2024-07
2024-07-30,2024,R,701542,656941,CH,Changeup,,ball,L,R,PHI,NYY,86.50,,,,,,0,1,2024,2024-07
2024-07-30,2024,R,701542,656941,FF,4-Seam Fastball,,called_strike,L,R,PHI,NYY,94.20,,,,,,0,0,2024,2024-07
2024-07-30,2024,R,701542,664761,FC,Cutter,strikeout,swinging_strike,R,R,PHI,NYY,90.30,,,,,,2,2,2024,2024-07
2024-07-30,2024,R,701542,664761,FF,4-Seam Fastball,,foul,R,R,PHI,NYY,94.30,79.50,16,,,,2,2,2024,2024-07
2024-07-30,2024,R,701542,664761,FF,4-Seam Fastball,,foul,R,R,PHI,NYY,94.60,78.70,45,,,,2,2,2024,2024-07
2024-07-30,2024,R,701542,664761,FF,4-Seam Fastball,,ball,R,R,PHI,NYY,94.50,,,,,,1,2,2024,2024-07
2024-07-30,2024,R,701542,664761,ST,Sweeper,,foul,R,R,PHI,NYY,82.50,63.60,24,,,,1,2,2024,2024-07
2024-07-30,2024,R,701542,664761,SI,Sinker,,foul,R,R,PHI,NYY,93.40,62.60,-45,,,,1,1,2024,2024-07
2024-07-30,2024,R,701542,664761,FF,4-Seam Fastball,,called_strike,R,R,PHI,NYY,93.80,,,,,,1,0,2024,2024-07
2024-07-30,2024,R,701542,664761,ST,Sweeper,,ball,R,R,PHI,NYY,81.60,,,,,,0,0,2024,2024-07
2024-07-30,2024,R,701542,664761,FF,4-Seam Fastball,field_out,hit_into_play,R,R,PHI,NYY,94.10,91.30,42,199.97,100.57,fly_ball,3,2,2024,2024-07
2024-07-30,2024,R,701542,664761,SI,Sinker,,foul,R,R,PHI,NYY,93.30,77.40,48,,,,3,2,2024,2024-07
2024-07-30,2024,R,701542,664761,SI,Sinker,,foul,R,R,PHI,NYY,93.30,79.50,66,,,,3,1,2024,2024-07
2024-07-30,2024,R,701542,664761,FF,4-Seam Fastball,,ball,R,R,PHI,NYY,93.50,,,,,,2,1,2024,2024-07
2024-07-30,2024,R,701542,664761,FF,4-Seam Fastball,,called_strike,R,R,PHI,NYY,92.80,,,,,,2,0,2024,2024-07
2024-07-30,2024,R,701542,664761,FF,4-Seam Fastball,,ball,R,R,PHI,NYY,92.50,,,,,,1,0,2024,2024-07
2024-07-30,2024,R,701542,664761,ST,Sweeper,,ball,R,R,PHI,NYY,79.20,,,,,,0,0,2024,2024-07
2024-07-30,2024,R,701542,664761,SI,Sinker,double,hit_into_play,R,R,PHI,NYY,94.10,102.30,18,171.16,64.94,line_drive,0,1,2024,2024-07
2024-07-30,2024,R,701542,664761,SI,Sinker,,called_strike,R,R,PHI,NYY,94.00,,,,,,0,0,2024,2024-07
2024-07-30,2024,R,701542,669016,FF,4-Seam Fastball,field_out,hit_into_play,L,R,PHI,NYY,93.50,84.00,26,96.93,83.51,line_drive,3,2,2024,2024-07
2024-07-30,2024,R,701542,669016,ST,Sweeper,,ball,L,R,PHI,NYY,80.80,,,,,,2,2,2024,2024-07
2024-07-30,2024,R,701542,669016,CH,Changeup,,foul,L,R,PHI,NYY,85.10,55.20,-38,,,,2,2,2024,2024-07
2024-07-30,2024,R,701542,669016,CH,Changeup,,swinging_strike,L,R,PHI,NYY,84.50,,,,,,2,1,2024,2024-07
2024-07-30,2024,R,701542,669016,CH,Changeup,,ball,L,R,PHI,NYY,83.70,,,,,,1,1,2024,2024-07
2024-07-30,2024,R,701542,669016,CH,Changeup,,ball,L,R,PHI,NYY,84.70,,,,,,0,1,2024,2024-07
2024-07-30,2024,R,701542,669016,ST,Sweeper,,called_strike,L,R,PHI,NYY,81.00,,,,,,0,0,2024,2024-07
2024-07-30,2024,R,701542,669016,SI,Sinker,field_out,hit_into_play,L,R,PHI,NYY,93.90,92.50,36,52.15,92.72,fly_ball,3,1,2024,2024-07
2024-07-30,2024,R,701542,669016,FF,4-Seam Fastball,,ball,L,R,PHI,NYY,94.40,,,,,,2,1,2024,2024-07
2024-07-30,2024,R,701542,669016,ST,Sweeper,,ball,L,R,PHI,NYY,83.10,,,,,,1,1,2024,2024-07
2024-07-30,2024,R,701542,669016,FF,4-Seam Fastball,,ball,L,R,PHI,NYY,95.00,,,,,,0,1,2024,2024-07
2024-07-30,2024,R,701542,669016,CH,Changeup,,called_strike,L,R,PHI,NYY,86.90,,,,,,0,0,2024,2024-07
2024-07-30,2024,R,701542,669016,CH,Changeup,field_out,hit_into_play,L,R,PHI,NYY,87.90,86.10,0,140.25,149.15,ground_ball,0,1,2024,2024-07
2024-07-30,2024,R,701542,669016,FF,4-Seam Fastball,,called_strike,L,R,PHI,NYY,94.50,,,,,,0,0,2024,2024-07
2024-07-30,2024,R,701542,669720,SI,Sinker,hit_by_pitch,hit_by_pitch,R,R,PHI,NYY,93.30,,,,,,2,1,2024,2024-07
2024-07-30,2024,R,701542,669720,FF,4-Seam Fastball,,foul,R,R,PHI,NYY,93.80,85.70,81,,,,2,0,2024,2024-07
2024-07-30,2024,R,701542,669720,SI,Sinker,,ball,R,R,PHI,NYY,92.40,,,,,,1,0,2024,2024-07
2024-07-30,2024,R,701542,669720,FF,4-Seam Fastball,,ball,R,R,PHI,NYY,92.00,,,,,,0,0,2024,2024-07
2024-07-30,2024,R,701542,669720,ST,Sweeper,home_run,hit_into_play,R,R,PHI,NYY,82.60,99.50,44,29.48,93.97,fly_ball,0,1,2024,2024-07
2024-07-30,2024,R,701542,669720,SI,Sinker,,called_strike,R,R,PHI,NYY,93.10,,,,,,0,0,2024,2024-07
2024-07-30,2024,R,701542,681082,FF,4-Seam Fastball,field_out,hit_into_play,L,R,PHI,NYY,93.40,84.00,65,64.02,152.71,popup,0,2,2024,2024-07
2024-07-30,2024,R,701542,681082,FF,4-Seam Fastball,,foul,L,R,PHI,NYY,92.70,63.30,63,,,,0,1,2024,2024-07
2024-07-30,2024,R,701542,681082,FF,4-Seam Fastball,,called_strike,L,R,PHI,NYY,93.60,,,,,,0,0,2024,2024-07
2024-07-30,2024,R,701542,681082,FF,4-Seam Fastball,walk,ball,L,R,PHI,NYY,93.90,,,,,,3,2,2024,2024-07
2024-07-30,2024,R,701542,681082,FF,4-Seam Fastball,,ball,L,R,PHI,NYY,93.60,,,,,,2,2,2024,2024-07
2024-07-30,2024,R,701542,681082,FF,4-Seam Fastball,,foul,L,R,PHI,NYY,92.70,69.50,58,,,,2,1,2024,2024-07
2024-07-30,2024,R,701542,681082,CH,Changeup,,blocked_ball,L,R,PHI,NYY,86.40,,,,,,1,1,2024,2024-07
2024-07-30,2024,R,701542,681082,CH,Changeup,,ball,L,R,PHI,NYY,86.40,,,,,,0,1,2024,2024-07
2024-07-30,2024,R,701542,681082,FF,4-Seam Fastball,,called_strike,L,R,PHI,NYY,93.10,,,,,,0,0,2024,2024-07
2024-07-30,2024,R,701581,502110,SL,Slider,single,hit_into_play,R,R,NYM,MIN,87.90,91.40,16,132.48,95.96,line_drive,2,0,2024,2024-07
2024-07-30,2024,R,701581,502110,SL,Slider,,ball,R,R,NYM,MIN,87.30,,,,,,1,0,2024,2024-07
2024-07-30,2024,R,701581,502110,FF,4-Seam Fastball,,ball,R,R,NYM,MIN,95.90,,,,,,0,0,2024,2024-07
2024-07-30,2024,R,701581,502110,SL,Slider,field_out,hit_into_play,R,R,NYM,MIN,87.30,64.60,35,130.98,116.55,popup,0,2,2024,2024-07
2024-07-30,2024,R,701581,502110,SL,Slider,,called_strike,R,R,NYM,MIN,86.30,,,,,,0,1,2024,2024-07
2024-07-30,2024,R,701581,502110,SL,Slider,,swinging_strike,R,R,NYM,MIN,86.50,,,,,,0,0,2024,2024-07
2024-07-30,2024,R,701581,596019,CH,Changeup,field_out,hit_into_play,L,R,NYM,MIN,88.10,93.10,20,110.08,72.21,line_drive,0,0,2024,2024-07
2024-07-30,2024,R,701581,596019,CH,Changeup,strikeout,swinging_strike,L,R,NYM,MIN,88.90,,,,,,1,2,2024,2024-07
2024-07-30,2024,R,701581,596019,CH,Changeup,,ball,L,R,NYM,MIN,88.10,,,,,,0,2,2024,2024-07
2024-07-30,2024,R,701581,596019,FF,4-Seam Fastball,,called_strike,L,R,NYM,MIN,94.50,,,,,,0,1,2024,2024-07
2024-07-30,2024,R,701581,596019,CH,Changeup,,called_strike,L,R,NYM,MIN,88.00,,,,,,0,0,2024,2024-07
2024-07-30,2024,R,701581,596019,FF,4-Seam Fastball,field_out,hit_into_play,L,R,NYM,MIN,95.00,102.50,-3,148.73,149.88,ground_ball,1,1,2024,2024-07
2024-07-30,2024,R,701581,596019,FF,4-Seam Fastball,,ball,L,R,NYM,MIN,93.90,,,,,,0,1,2024,2024-07
2024-07-30,2024,R,701581,596019,FF,4-Seam Fastball,,called_strike,L,R,NYM,MIN,94.20,,,,,,0,0,2024,2024-07
2024-07-30,2024,R,701581,607043,FF,4-Seam Fastball,walk,ball,L,R,NYM,MIN,94.70,,,,,,3,0,2024,2024-07
2024-07-30,2024,R,701581,607043,SL,Slider,,ball,L,R,NYM,MIN,86.30,,,,,,2,0,2024,2024-07
2024-07-30,2024,R,701581,607043,FF,4-Seam Fastball,,ball,L,R,NYM,MIN,94.80,,,,,,1,0,2024,2024-07
2024-07-30,2024,R,701581,607043,FF,4-Seam Fastball,,ball,L,R,NYM,MIN,95.20,,,,,,0,0,2024,2024-07
2024-07-30,2024,R,701581,607043,FF,4-Seam Fastball,field_out,hit_into_play,L,R,NYM,MIN,95.10,69.90,67,81.39,166.46,popup,0,1,2024,2024-07
2024-07-30,2024,R,701581,607043,SL,Slider,,called_strike,L,R,NYM,MIN,85.10,,,,,,0,0,2024,2024-07
2024-07-30,2024,R,701581,608385,FF,4-Seam Fastball,strikeout,called_strike,L,R,NYM,MIN,95.30,,,,,,2,2,2024,2024-07
2024-07-30,2024,R,701581,608385,CH,Changeup,,foul,L,R,NYM,MIN,88.70,72.50,-26,,,,2,2,2024,2024-07
2024-07-30,2024,R,701581,608385,CH,Changeup,,ball,L,R,NYM,MIN,88.10,,,,,,1,2,2024,2024-07
2024-07-30,2024,R,701581,608385,FF,4-Seam Fastball,,foul,L,R,NYM,MIN,95.00,77.20,27,,,,1,2,2024,2024-07
2024-07-30,2024,R,701581,608385,FF,4-Seam Fastball,,foul,L,R,NYM,MIN,94.50,83.20,23,,,,1,2,2024,2024-07
2024-07-30,2024,R,701581,608385,FF,4-Seam Fastball,,foul,L,R,NYM,MIN,94.50,70.50,48,,,,1,1,2024,2024-07
2024-07-30,2024,R,701581,608385,SL,Slider,,called_strike,L,R,NYM,MIN,85.70,,,,,,1,0,2024,2024-07
2024-07-30,2024,R,701581,608385,FF,4-Seam Fastball,,ball,L,R,NYM,MIN,94.40,,,,,,0,0,2024,2024-07
2024-07-30,2024,R,701581,608385,FF,4-Seam Fastball,single,hit_into_play,L,R,NYM,MIN,95.30,75.00,15,144.30,101.86,line_drive,0,1,2024,2024-07
2024-07-30,2024,R,701581,608385,SL,Slider,,called_strike,L,R,NYM,MIN,85.30,,,,,,0,0,2024,2024-07
2024-07-30,2024,R,701581,620443,SL,Slider,field_out,hit_into_play,R,R,NYM,MIN,86.80,98.00,25,127.89,40.66,fly_ball,0,2,2024,2024-07
2024-07-30,2024,R,701581,620443,SL,Slider,,swinging_strike,R,R,NYM,MIN,86.70,,,,,,0,1,2024,2024-07
2024-07-30,2024,R,701581,620443,SL,Slider,,foul,R,R,NYM,MIN,85.10,86.20,54,,,,0,0,2024,2024-07
2024-07-30,2024,R,701581,620443,CH,Changeup,field_out,hit_into_play,R,R,NYM,MIN,87.50,96.00,15,74.81,98.42,line_drive,0,1,2024,2024-07
2024-07-30,2024,R,701581,620443,SL,Slider,,called_strike,R,R,NYM,MIN,86.20,,,,,,0,0,2024,2024-07
2024-07-30,2024,R,701581,624413,FF,4-Seam Fastball,strikeout,swinging_strike,R,R,NYM,MIN,94.30,,,,,,2,2,2024,2024-07
2024-07-30,2024,R,701581,624413,SL,Slider,,ball,R,R,NYM,MIN,87.60,,,,,,1,2,2024,2024-07
2024-07-30,2024,R,701581,624413,FF,4-Seam Fastball,,ball,R,R,NYM,MIN,95.30,,,,,,0,2,2024,2024-07
2024-07-30,2024,R,701581,624413,SL,Slider,,foul,R,R,NYM,MIN,86.50,79.50,-11,,,,0,1,2024,2024-07
2024-07-30,2024,R,701581,624413,SL,Slider,,swinging_strike,R,R,NYM,MIN,86.70,,,,,,0,0,2024,2024-07
2024-07-30,2024,R,701581,624413,FF,4-Seam Fastball,strikeout,swinging_strike,R,R,NYM,MIN,95.70,,,,,,1,2,2024,2024-07
2024-07-30,2024,R,701581,624413,SL,Slider,,foul,R,R,NYM,MIN,86.50,92.30,49,,,,1,2,2024,2024-07
2024-07-30,2024,R,701581,624413,FF,4-Seam Fastball,,ball,R,R,NYM,MIN,95.80,,,,,,0,2,2024,2024-07
2024-07-30,2024,R,701581,624413,SL,Slider,,swinging_strike,R,R,NYM,MIN,86.70,,,,,,0,1,2024,2024-07
2024-07-30,2024,R,701581,624413,SL,Slider,,called_strike,R,R,NYM,MIN,86.20,,,,,,0,0,2024,2024-07
2024-07-30,2024,R,701581,643446,FF,4-Seam Fastball,hit_by_pitch,hit_by_pitch,L,R,NYM,MIN,94.10,,,,,,0,0,2024,2024-07
2024-07-30,2024,R,701581,643446,SL,Slider,field_out,hit_into_play,L,R,NYM,MIN,85.30,92.40,-1,153.29,170.73,ground_ball,1,0,2024,2024-07
2024-07-30,2024,R,701581,643446,SL,Slider,,ball,L,R,NYM,MIN,84.80,,,,,,0,0,2024,2024-07
2024-07-30,2024,R,701581,664056,SL,Slider,strikeout,called_strike,R,R,NYM,MIN,86.10,,,,,,3,2,2024,2024-07
2024-07-30,2024,R,701581,664056,SL,Slider,,ball,R,R,NYM,MIN,88.00,,,,,,2,2,2024,2024-07
2024-07-30,2024,R,701581,664056,FF,4-Seam Fastball,,foul,R,R,NYM,MIN,94.90,78.90,14,,,,2,2,2024,2024-07
2024-07-30,2024,R,701581,664056,FF,4-Seam Fastball,,foul,R,R,NYM,MIN,94.30,78.80,35,,,,2,1,2024,2024-07
2024-07-30,2024,R,701581,664056,CH,Changeup,,ball,R,R,NYM,MIN,86.90,,,,,,1,1,2024,2024-07
2024-07-30,2024,R,701581,664056,SL,Slider,,ball,R,R,NYM,MIN,85.90,,,,,,0,1,2024,2024-07
2024-07-30,2024,R,701581,664056,SL,Slider,,foul,R,R,NYM,MIN,87.40,72.60,44,,,,0,0,2024,2024-07
2024-07-30,2024,R,701581,664056,CH,Changeup,strikeout,swinging_strike,R,R,NYM,MIN,88.10,,,,,,3,2,2024,2024-07
2024-07-30,2024,R,701581,664056,SL,Slider,,ball,R,R,NYM,MIN,87.80,,,,,,2,2,2024,2024-07
2024-07-30,2024,R,701581,664056,CH,Changeup,,foul,R,R,NYM,MIN,88.40,88.00,-36,,,,2,1,2024,2024-07
2024-07-30,2024,R,701581,664056,SL,Slider,,ball,R,R,NYM,MIN,86.20,,,,,,1,1,2024,2024-07
2024-07-30,2024,R,701581,664056,SL,Slider,,ball,R,R,NYM,MIN,87.80,,,,,,0,1,2024,2024-07
2024-07-30,2024,R,701581,664056,FF,4-Seam Fastball,,called_strike,R,R,NYM,MIN,96.30,,,,,,0,0,2024,2024-07
2024-07-30,2024,R,701581,668901,CH,Changeup,home_run,hit_into_play,R,R,NYM,MIN,87.60,99.70,28,39.80,64.98,fly_ball,1,2,2024,2024-07
2024-07-30,2024,R,701581,668901,SL,Slider,,swinging_strike,R,R,NYM,MIN,86.90,,,,,,1,1,2024,2024-07
2024-07-30,2024,R,701581,668901,FF,4-Seam Fastball,,ball,R,R,NYM,MIN,94.80,,,,,,0,1,2024,2024-07
2024-07-30,2024,R,701581,668901,FF,4-Seam Fastball,,called_strike,R,R,NYM,MIN,94.20,,,,,,0,0,2024,2024-07
2024-07-30,2024,R,701581,668901,SL,Slider,grounded_into_double_play,hit_into_play,R,R,NYM,MIN,86.30,106.00,3,102.53,148.86,ground_ball,2,0,2024,2024-07
2024-07-30,2024,R,701581,668901,FF,4-Seam Fastball,,ball,R,R,NYM,MIN,94.90,,,,,,1,0,2024,2024-07
2024-07-30,2024,R,701581,668901,SL,Slider,,blocked_ball,R,R,NYM,MIN,86.00,,,,,,0,0,2024,2024-07
2024-07-30,2024,R,702352,609280,SI,Sinker,hit_by_pitch,hit_by_pitch,R,R,SF,ATH,95.30,,,,,,0,1,2024,2024-07
2024-07-30,2024,R,702352,609280,SI,Sinker,,called_strike,R,R,SF,ATH,95.10,,,,,,0,0,2024,2024-07
2024-07-30,2024,R,702352,664913,SI,Sinker,field_out,hit_into_play,L,R,SF,ATH,95.50,80.30,-58,147.04,164.35,ground_ball,3,2,2024,2024-07
2024-07-30,2024,R,702352,664913,ST,Sweeper,,foul,L,R,SF,ATH,80.90,51.90,-19,,,,3,2,2024,2024-07
2024-07-30,2024,R,702352,664913,CH,Changeup,,ball,L,R,SF,ATH,89.50,,,,,,2,2,2024,2024-07
2024-07-30,2024,R,702352,664913,CH,Changeup,,ball,L,R,SF,ATH,89.80,,,,,,1,2,2024,2024-07
2024-07-30,2024,R,702352,664913,SI,Sinker,,foul,L,R,SF,ATH,94.60,75.50,48,,,,1,1,2024,2024-07
2024-07-30,2024,R,702352,664913,FC,Cutter,,ball,L,R,SF,ATH,88.40,,,,,,0,1,2024,2024-07
2024-07-30,2024,R,702352,664913,ST,Sweeper,,swinging_strike,L,R,SF,ATH,81.40,,,,,,0,0,2024,2024-07
2024-07-30,2024,R,702352,667670,SI,Sinker,force_out,hit_into_play,R,R,SF,ATH,92.40,87.50,-2,130.48,147.25,ground_ball,0,1,2024,2024-07
2024-07-30,2024,R,702352,667670,ST,Sweeper,,called_strike,R,R,SF,ATH,81.50,,,,,,0,0,2024,2024-07
2024-07-30,2024,R,702352,668709,SI,Sinker,field_out,hit_into_play,L,R,SF,ATH,94.90,89.20,3,160.35,161.93,ground_ball,1,0,2024,2024-07
2024-07-30,2024,R,702352,668709,FF,4-Seam Fastball,,ball,L,R,SF,ATH,94.80,,,,,,0,0,2024,2024-07
2024-07-30,2024,R,702352,669127,ST,Sweeper,strikeout,swinging_strike,R,R,SF,ATH,81.80,,,,,,0,2,2024,2024-07
2024-07-30,2024,R,702352,669127,SI,Sinker,,called_strike,R,R,SF,ATH,95.10,,,,,,0,1,2024,2024-07
2024-07-30,2024,R,702352,669127,SI,Sinker,,called_strike,R,R,SF,ATH,94.50,,,,,,0,0,2024,2024-07
2024-07-30,2024,R,702352,669127,ST,Sweeper,double,hit_into_play,R,R,SF,ATH,81.60,93.80,27,37.24,90.06,fly_ball,0,1,2024,2024-07
2024-07-30,2024,R,702352,669127,SI,Sinker,,called_strike,R,R,SF,ATH,93.70,,,,,,0,0,2024,2024-07
2024-07-30,2024,R,702352,671732,SI,Sinker,field_out,hit_into_play,L,R,SF,ATH,94.40,109.50,-13,145.83,147.41,ground_ball,3,1,2024,2024-07
2024-07-30,2024,R,702352,671732,CH,Changeup,,ball,L,R,SF,ATH,88.30,,,,,,2,1,2024,2024-07
2024-07-30,2024,R,702352,671732,FC,Cutter,,ball,L,R,SF,ATH,89.60,,,,,,1,1,2024,2024-07
2024-07-30,2024,R,702352,671732,CH,Changeup,,ball,L,R,SF,ATH,89.20,,,,,,0,1,2024,2024-07
2024-07-30,2024,R,702352,671732,SI,Sinker,,called_strike,L,R,SF,ATH,94.90,,,,,,0,0,2024,2024-07
2024-07-30,2024,R,702352,680474,SI,Sinker,field_out,hit_into_play,R,R,SF,ATH,95.40,94.50,4,102.26,164.96,ground_ball,2,2,2024,2024-07
2024-07-30,2024,R,702352,680474,SI,Sinker,,foul_tip,R,R,SF,ATH,95.40,,,,,,2,1,2024,2024-07
2024-07-30,2024,R,702352,680474,ST,Sweeper,,ball,R,R,SF,ATH,81.30,,,,,,1,1,2024,2024-07
2024-07-30,2024,R,702352,680474,SI,Sinker,,foul,R,R,SF,ATH,95.60,,,,,,1,0,2024,2024-07
2024-07-30,2024,R,702352,680474,SI,Sinker,,ball,R,R,SF,ATH,95.60,,,,,,0,0,2024,2024-07
2024-07-30,2024,R,702352,680869,SI,Sinker,field_out,hit_into_play,R,R,SF,ATH,95.20,105.50,-31,94.78,171.21,ground_ball,0,2,2024,2024-07
2024-07-30,2024,R,702352,680869,ST,Sweeper,,foul,R,R,SF,ATH,81.10,91.00,31,,,,0,2,2024,2024-07
2024-07-30,2024,R,702352,680869,SI,Sinker,,called_strike,R,R,SF,ATH,93.80,,,,,,0,1,2024,2024-07
2024-07-30,2024,R,702352,680869,SI,Sinker,,called_strike,R,R,SF,ATH,92.90,,,,,,0,0,2024,2024-07
2024-07-30,2024,R,702352,695391,SI,Sinker,field_out,hit_into_play,R,R,SF,ATH,94.40,69.40,-33,110.13,162.54,ground_ball,2,2,2024,2024-07
2024-07-30,2024,R,702352,695391,CH,Changeup,,ball,R,R,SF,ATH,90.20,,,,,,1,2,2024,2024-07
2024-07-30,2024,R,702352,695391,SI,Sinker,,ball,R,R,SF,ATH,94.60,,,,,,0,2,2024,2024-07
2024-07-30,2024,R,702352,695391,SI,Sinker,,called_strike,R,R,SF,ATH,94.80,,,,,,0,1,2024,2024-07
2024-07-30,2024,R,702352,695391,SI,Sinker,,swinging_strike,R,R,SF,ATH,95.50,,,,,,0,0,2024,2024-07
2024-07-31,2024,R,445276,571745,FC,Cutter,field_out,hit_into_play,R,R,BOS,SEA,89.60,92.70,84,140.39,204.49,popup,0,0,2024,2024-07
2024-07-31,2024,R,445276,663728,SI,Sinker,field_out,hit_into_play,L,R,BOS,SEA,93.40,98.60,-8,163.08,166.39,ground_ball,2,0,2024,2024-07
2024-07-31,2024,R,445276,663728,SL,Slider,,ball,L,R,BOS,SEA,82.40,,,,,,1,0,2024,2024-07
2024-07-31,2024,R,445276,663728,FC,Cutter,,ball,L,R,BOS,SEA,92.80,,,,,,0,0,2024,2024-07
2024-07-31,2024,R,445276,668227,SI,Sinker,walk,ball,R,R,BOS,SEA,92.40,,,,,,3,2,2024,2024-07
2024-07-31,2024,R,445276,668227,FC,Cutter,,foul,R,R,BOS,SEA,93.10,77.20,24,,,,3,2,2024,2024-07
2024-07-31,2024,R,445276,668227,SL,Slider,,foul,R,R,BOS,SEA,82.70,46.70,47,,,,3,2,2024,2024-07
2024-07-31,2024,R,445276,668227,FC,Cutter,,ball,R,R,BOS,SEA,93.30,,,,,,2,2,2024,2024-07
2024-07-31,2024,R,445276,668227,FC,Cutter,,ball,R,R,BOS,SEA,92.00,,,,,,1,2,2024,2024-07
2024-07-31,2024,R,445276,668227,FC,Cutter,,swinging_strike,R,R,BOS,SEA,92.60,,,,,,1,1,2024,2024-07
2024-07-31,2024,R,445276,668227,SL,Slider,,called_strike,R,R,BOS,SEA,82.30,,,,,,1,0,2024,2024-07
2024-07-31,2024,R,445276,668227,SL,Slider,,ball,R,R,BOS,SEA,78.30,,,,,,0,0,2024,2024-07
2024-07-31,2024,R,445276,668942,FC,Cutter,strikeout,called_strike,L,R,BOS,SEA,93.20,,,,,,3,2,2024,2024-07
2024-07-31,2024,R,445276,668942,FC,Cutter,,ball,L,R,BOS,SEA,92.50,,,,,,2,2,2024,2024-07
2024-07-31,2024,R,445276,668942,FC,Cutter,,ball,L,R,BOS,SEA,92.50,,,,,,1,2,2024,2024-07
2024-07-31,2024,R,445276,668942,SL,Slider,,ball,L,R,BOS,SEA,82.70,,,,,,0,2,2024,2024-07
2024-07-31,2024,R,445276,668942,SI,Sinker,,called_strike,L,R,BOS,SEA,91.60,,,,,,0,1,2024,2024-07
2024-07-31,2024,R,445276,668942,FC,Cutter,,called_strike,L,R,BOS,SEA,89.90,,,,,,0,0,2024,2024-07
2024-07-31,2024,R,477132,456781,CU,Curveball,field_out,hit_into_play,R,L,SD,LAD,71.70,85.60,-8,99.34,170.93,ground_ball,2,2,2024,2024-07
2024-07-31,2024,R,477132,456781,FF,4-Seam Fastball,,ball,R,L,SD,LAD,88.50,,,,,,1,2,2024,2024-07
2024-07-31,2024,R,477132,456781,SL,Slider,,ball,R,L,SD,LAD,84.10,,,,,,0,2,2024,2024-07
2024-07-31,2024,R,477132,456781,FF,4-Seam Fastball,,foul,R,L,SD,LAD,88.00,67.40,63,,,,0,1,2024,2024-07
2024-07-31,2024,R,477132,456781,FF,4-Seam Fastball,,foul,R,L,SD,LAD,88.40,85.40,72,,,,0,0,2024,2024-07
2024-07-31,2024,R,477132,456781,CU,Curveball,field_out,hit_into_play,R,L,SD,LAD,71.80,75.10,7,88.52,159.52,ground_ball,2,2,2024,2024-07
2024-07-31,2024,R,477132,456781,FF,4-Seam Fastball,,foul,R,L,SD,LAD,89.30,87.20,20,,,,2,1,2024,2024-07
2024-07-31,2024,R,477132,456781,FS,Split-Finger,,ball,R,L,SD,LAD,83.00,,,,,,1,1,2024,2024-07
2024-07-31,2024,R,477132,456781,FF,4-Seam Fastball,,called_strike,R,L,SD,LAD,88.40,,,,,,1,0,2024,2024-07
2024-07-31,2024,R,477132,456781,SL,Slider,,ball,R,L,SD,LAD,85.30,,,,,,0,0,2024,2024-07
2024-07-31,2024,R,477132,592518,FF,4-Seam Fastball,field_out,hit_into_play,R,L,SD,LAD,87.50,79.70,55,176.03,129.11,fly_ball,0,1,2024,2024-07
2024-07-31,2024,R,477132,592518,FF,4-Seam Fastball,,foul,R,L,SD,LAD,88.20,72.20,58,,,,0,0,2024,2024-07
2024-07-31,2024,R,477132,592518,CU,Curveball,force_out,hit_into_play,R,L,SD,LAD,71.80,68.00,-16,112.64,153.40,ground_ball,0,1,2024,2024-07
2024-07-31,2024,R,477132,592518,SL,Slider,,called_strike,R,L,SD,LAD,85.10,,,,,,0,0,2024,2024-07
2024-07-31,2024,R,477132,593428,SL,Slider,sac_fly,hit_into_play,R,L,SD,LAD,86.00,87.60,26,105.14,72.79,fly_ball,2,2,2024,2024-07
2024-07-31,2024,R,477132,593428,FF,4-Seam Fastball,,ball,R,L,SD,LAD,90.40,,,,,,1,2,2024,2024-07
2024-07-31,2024,R,477132,593428,FS,Split-Finger,,swinging_strike,R,L,SD,LAD,83.40,,,,,,1,1,2024,2024-07
2024-07-31,2024,R,477132,593428,FF,4-Seam Fastball,,ball,R,L,SD,LAD,90.50,,,,,,0,1,2024,2024-07
2024-07-31,2024,R,477132,593428,CU,Curveball,,called_strike,R,L,SD,LAD,72.50,,,,,,0,0,2024,2024-07
2024-07-31,2024,R,477132,593428,FF,4-Seam Fastball,force_out,hit_into_play,R,L,SD,LAD,89.50,99.30,2,137.42,143.12,ground_ball,1,2,2024,2024-07
2024-07-31,2024,R,477132,593428,CU,Curveball,,blocked_ball,R,L,SD,LAD,72.60,,,,,,0,2,2024,2024-07
2024-07-31,2024,R,477132,593428,FF,4-Seam Fastball,,foul,R,L,SD,LAD,89.40,76.80,68,,,,0,1,2024,2024-07
2024-07-31,2024,R,477132,593428,FF,4-Seam Fastball,,called_strike,R,L,SD,LAD,90.20,,,,,,0,0,2024,2024-07
2024-07-31,2024,R,477132,593428,SL,Slider,field_error,hit_into_play,R,L,SD,LAD,87.40,99.70,-32,137.42,155.21,ground_ball,1,1,2024,2024-07
2024-07-31,2024,R,477132,593428,FS,Split-Finger,,ball,R,L,SD,LAD,81.90,,,,,,0,1,2024,2024-07
2024-07-31,2024,R,477132,593428,FF,4-Seam Fastball,,called_strike,R,L,SD,LAD,88.90,,,,,,0,0,2024,2024-07
2024-07-31,2024,R,477132,595777,FF,4-Seam Fastball,single,hit_into_play,R,L,SD,LAD,89.60,94.80,11,157.02,97.43,line_drive,1,2,2024,2024-07
2024-07-31,2024,R,477132,595777,FF,4-Seam Fastball,,foul,R,L,SD,LAD,90.00,72.80,36,,,,1,1,2024,2024-07
2024-07-31,2024,R,477132,595777,FS,Split-Finger,,ball,R,L,SD,LAD,82.30,,,,,,0,1,2024,2024-07
2024-07-31,2024,R,477132,595777,FF,4-Seam Fastball,,called_strike,R,L,SD,LAD,90.30,,,,,,0,0,2024,2024-07
2024-07-31,2024,R,477132,595777,SL,Slider,single,hit_into_play,R,L,SD,LAD,86.70,81.40,17,154.77,97.72,line_drive,3,2,2024,2024-07
2024-07-31,2024,R,477132,595777,SL,Slider,,foul,R,L,SD,LAD,86.90,70.30,83,,,,3,1,2024,2024-07
2024-07-31,2024,R,477132,595777,FF,4-Seam Fastball,,ball,R,L,SD,LAD,90.20,,,,,,2,1,2024,2024-07
2024-07-31,2024,R,477132,595777,CU,Curveball,,ball,R,L,SD,LAD,73.90,,,,,,1,1,2024,2024-07
2024-07-31,2024,R,477132,595777,SL,Slider,,called_strike,R,L,SD,LAD,86.10,,,,,,1,0,2024,2024-07
2024-07-31,2024,R,477132,595777,FF,4-Seam Fastball,,ball,R,L,SD,LAD,90.50,,,,,,0,0,2024,2024-07
2024-07-31,2024,R,477132,595777,SL,Slider,field_out,hit_into_play,R,L,SD,LAD,84.30,105.30,-13,104.78,164.88,ground_ball,0,0,2024,2024-07
2024-07-31,2024,R,477132,650333,FF,4-Seam Fastball,field_error,hit_into_play,L,L,SD,LAD,89.70,91.70,-11,152.53,152.19,ground_ball,0,0,2024,2024-07
2024-07-31,2024,R,477132,650333,SL,Slider,field_out,hit_into_play,L,L,SD,LAD,86.90,54.90,-56,151.93,177.58,ground_ball,2,1,2024,2024-07
2024-07-31,2024,R,477132,650333,SL,Slider,,ball,L,L,SD,LAD,86.50,,,,,,1,1,2024,2024-07
2024-07-31,2024,R,477132,650333,SI,Sinker,,ball,L,L,SD,LAD,91.10,,,,,,0,1,2024,2024-07
2024-07-31,2024,R,477132,650333,SL,Slider,,called_strike,L,L,SD,LAD,87.10,,,,,,0,0,2024,2024-07
2024-07-31,2024,R,477132,650333,SL,Slider,field_out,hit_into_play,L,L,SD,LAD,85.00,78.50,-33,154.95,166.09,ground_ball,0,2,2024,2024-07
2024-07-31,2024,R,477132,650333,FF,4-Seam Fastball,,foul,L,L,SD,LAD,88.10,69.30,28,,,,0,1,2024,2024-07
2024-07-31,2024,R,477132,650333,FF,4-Seam Fastball,,called_strike,L,L,SD,LAD,89.20,,,,,,0,0,2024,2024-07
2024-07-31,2024,R,477132,669134,SL,Slider,home_run,hit_into_play,R,L,SD,LAD,86.10,98.50,31,26.11,100.23,fly_ball,2,1,2024,2024-07
2024-07-31,2024,R,477132,669134,FS,Split-Finger,,ball,R,L,SD,LAD,82.80,,,,,,1,1,2024,2024-07
2024-07-31,2024,R,477132,669134,FF,4-Seam Fastball,,called_strike,R,L,SD,LAD,89.40,,,,,,1,0,2024,2024-07
2024-07-31,2024,R,477132,669134,SL,Slider,,ball,R,L,SD,LAD,84.90,,,,,,0,0,2024,2024-07
2024-07-31,2024,R,477132,669134,FF,4-Seam Fastball,single,hit_into_play,R,L,SD,LAD,92.40,104.20,6,122.31,81.47,line_drive,3,2,2024,2024-07
2024-07-31,2024,R,477132,669134,SL,Slider,,foul,R,L,SD,LAD,87.70,93.90,-12,,,,3,2,2024,2024-07
2024-07-31,2024,R,477132,669134,SL,Slider,,foul,R,L,SD,LAD,87.20,63.50,65,,,,3,2,2024,2024-07
2024-07-31,2024,R,477132,669134,FF,4-Seam Fastball,,ball,R,L,SD,LAD,90.80,,,,,,2,2,2024,2024-07
2024-07-31,2024,R,477132,669134,CU,Curveball,,blocked_ball,R,L,SD,LAD,74.10,,,,,,1,2,2024,2024-07
2024-07-31,2024,R,477132,669134,SL,Slider,,swinging_strike,R,L,SD,LAD,87.70,,,,,,1,1,2024,2024-07
2024-07-31,2024,R,477132,669134,FF,4-Seam Fastball,,ball,R,L,SD,LAD,90.40,,,,,,0,1,2024,2024-07
2024-07-31,2024,R,477132,669134,SL,Slider,,called_strike,R,L,SD,LAD,87.70,,,,,,0,0,2024,2024-07
2024-07-31,2024,R,477132,669369,SL,Slider,single,hit_into_play,R,L,SD,LAD,86.00,103.90,14,87.47,116.41,line_drive,3,2,2024,2024-07
2024-07-31,2024,R,477132,669369,SL,Slider,,foul,R,L,SD,LAD,85.20,66.40,41,,,,3,2,2024,2024-07
2024-07-31,2024,R,477132,669369,FF,4-Seam Fastball,,ball,R,L,SD,LAD,90.00,,,,,,2,2,2024,2024-07
2024-07-31,2024,R,477132,669369,SL,Slider,,ball,R,L,SD,LAD,85.50,,,,,,1,2,2024,2024-07
2024-07-31,2024,R,477132,669369,CU,Curveball,,ball,R,L,SD,LAD,72.40,,,,,,0,2,2024,2024-07
2024-07-31,2024,R,477132,669369,CU,Curveball,,called_strike,R,L,SD,LAD,71.20,,,,,,0,1,2024,2024-07
2024-07-31,2024,R,477132,669369,FF,4-Seam Fastball,,foul,R,L,SD,LAD,89.60,61.60,53,,,,0,0,2024,2024-07
2024-07-31,2024,R,477132,669369,SL,Slider,fielders_choice,hit_into_play,R,L,SD,LAD,85.50,31.30,-26,128.01,187.74,ground_ball,0,0,2024,2024-07
2024-07-31,2024,R,477132,673490,SL,Slider,field_out,hit_into_play,R,L,SD,LAD,85.10,79.80,67,141.97,156.17,popup,0,2,2024,2024-07
2024-07-31,2024,R,477132,673490,FS,Split-Finger,,foul,R,L,SD,LAD,82.60,52.60,-55,,,,0,1,2024,2024-07
2024-07-31,2024,R,477132,673490,SL,Slider,,called_strike,R,L,SD,LAD,84.30,,,,,,0,0,2024,2024-07
2024-07-31,2024,R,477132,673490,SL,Slider,walk,ball,R,L,SD,LAD,86.60,,,,,,3,1,2024,2024-07
2024-07-31,2024,R,477132,673490,SL,Slider,,ball,R,L,SD,LAD,87.10,,,,,,2,1,2024,2024-07
2024-07-31,2024,R,477132,673490,FF,4-Seam Fastball,,called_strike,R,L,SD,LAD,90.60,,,,,,2,0,2024,2024-07
2024-07-31,2024,R,477132,673490,SL,Slider,,ball,R,L,SD,LAD,85.30,,,,,,1,0,2024,2024-07
2024-07-31,2024,R,477132,673490,FF,4-Seam Fastball,,ball,R,L,SD,LAD,89.20,,,,,,0,0,2024,2024-07
2024-07-31,2024,R,477132,701538,SL,Slider,field_out,hit_into_play,L,L,SD,LAD,84.70,75.20,69,102.97,169.12,popup,2,2,2024,2024-07
2024-07-31,2024,R,477132,701538,SI,Sinker,,ball,L,L,SD,LAD,89.50,,,,,,1,2,2024,2024-07
2024-07-31,2024,R,477132,701538,SL,Slider,,foul,L,L,SD,LAD,85.40,67.10,5,,,,1,2,2024,2024-07
2024-07-31,2024,R,477132,701538,SL,Slider,,foul,L,L,SD,LAD,83.90,33.70,-27,,,,1,2,2024,2024-07
2024-07-31,2024,R,477132,701538,CU,Curveball,,foul,L,L,SD,LAD,72.50,44.60,-49,,,,1,2,2024,2024-07
2024-07-31,2024,R,477132,701538,SL,Slider,,foul,L,L,SD,LAD,83.60,69.10,44,,,,1,2,2024,2024-07
2024-07-31,2024,R,477132,701538,SI,Sinker,,foul,L,L,SD,LAD,89.50,74.40,46,,,,1,1,2024,2024-07
2024-07-31,2024,R,477132,701538,SI,Sinker,,foul,L,L,SD,LAD,89.00,77.00,52,,,,1,0,2024,2024-07
2024-07-31,2024,R,477132,701538,SL,Slider,,ball,L,L,SD,LAD,85.10,,,,,,0,0,2024,2024-07
2024-07-31,2024,R,477132,701538,FF,4-Seam Fastball,single,hit_into_play,L,L,SD,LAD,89.90,85.20,16,126.37,113.41,line_drive,0,0,2024,2024-07
2024-07-31,2024,R,493603,622534,SI,Sinker,field_out,hit_into_play,R,R,NYM,MIN,91.20,87.00,-28,111.67,168.70,ground_ball,2,2,2024,2024-07
2024-07-31,2024,R,493603,622534,SI,Sinker,,ball,R,R,NYM,MIN,92.70,,,,,,1,2,2024,2024-07
2024-07-31,2024,R,493603,622534,ST,Sweeper,,foul,R,R,NYM,MIN,79.10,,,,,,1,1,2024,2024-07
2024-07-31,2024,R,493603,622534,FC,Cutter,,called_strike,R,R,NYM,MIN,85.90,,,,,,1,0,2024,2024-07
2024-07-31,2024,R,493603,622534,FC,Cutter,,ball,R,R,NYM,MIN,88.20,,,,,,0,0,2024,2024-07
2024-07-31,2024,R,493603,668904,ST,Sweeper,field_out,hit_into_play,R,R,NYM,MIN,79.90,74.70,54,94.31,124.12,popup,3,2,2024,2024-07
2024-07-31,2024,R,493603,668904,SI,Sinker,,ball,R,R,NYM,MIN,92.60,,,,,,2,2,2024,2024-07
2024-07-31,2024,R,493603,668904,FF,4-Seam Fastball,,ball,R,R,NYM,MIN,92.80,,,,,,1,2,2024,2024-07
2024-07-31,2024,R,493603,668904,FC,Cutter,,swinging_strike,R,R,NYM,MIN,89.20,,,,,,1,1,2024,2024-07
2024-07-31,2024,R,493603,668904,SI,Sinker,,foul,R,R,NYM,MIN,91.20,70.90,-50,,,,1,0,2024,2024-07
2024-07-31,2024,R,493603,668904,ST,Sweeper,,ball,R,R,NYM,MIN,79.90,,,,,,0,0,2024,2024-07
2024-07-31,2024,R,493603,670242,ST,Sweeper,field_out,hit_into_play,L,R,NYM,MIN,81.30,84.40,69,118.78,150.39,popup,1,1,2024,2024-07
2024-07-31,2024,R,493603,670242,FF,4-Seam Fastball,,ball,L,R,NYM,MIN,93.40,,,,,,0,1,2024,2024-07
2024-07-31,2024,R,493603,670242,FF,4-Seam Fastball,,called_strike,L,R,NYM,MIN,93.90,,,,,,0,0,2024,2024-07
2024-07-31,2024,R,502179,543510,FF,4-Seam Fastball,walk,ball,R,R,BAL,TOR,86.10,,,,,,3,0,2024,2024-07
2024-07-31,2024,R,502179,543510,FF,4-Seam Fastball,,ball,R,R,BAL,TOR,87.10,,,,,,2,0,2024,2024-07
2024-07-31,2024,R,502179,543510,ST,Sweeper,,ball,R,R,BAL,TOR,74.50,,,,,,1,0,2024,2024-07
2024-07-31,2024,R,502179,543510,CU,Curveball,,ball,R,R,BAL,TOR,68.90,,,,,,0,0,2024,2024-07
2024-07-31,2024,R,502179,543510,ST,Sweeper,field_out,hit_into_play,R,R,BAL,TOR,75.50,93.20,59,117.02,108.51,fly_ball,2,1,2024,2024-07
2024-07-31,2024,R,502179,543510,FF,4-Seam Fastball,,ball,R,R,BAL,TOR,87.80,,,,,,1,1,2024,2024-07
2024-07-31,2024,R,502179,543510,CU,Curveball,,ball,R,R,BAL,TOR,71.00,,,,,,0,1,2024,2024-07
2024-07-31,2024,R,502179,543510,ST,Sweeper,,swinging_strike,R,R,BAL,TOR,75.00,,,,,,0,0,2024,2024-07
2024-07-31,2024,R,502179,623993,FF,4-Seam Fastball,field_out,hit_into_play,L,R,BAL,TOR,89.40,97.50,34,154.11,44.53,fly_ball,0,2,2024,2024-07
2024-07-31,2024,R,502179,623993,CU,Curveball,,foul,L,R,BAL,TOR,72.20,92.10,8,,,,0,2,2024,2024-07
2024-07-31,2024,R,502179,623993,FF,4-Seam Fastball,,foul,L,R,BAL,TOR,88.60,68.30,47,,,,0,1,2024,2024-07
2024-07-31,2024,R,502179,623993,CH,Changeup,,called_strike,L,R,BAL,TOR,85.10,,,,,,0,0,2024,2024-07
2024-07-31,2024,R,502179,623993,FF,4-Seam Fastball,field_out,hit_into_play,L,R,BAL,TOR,88.30,84.30,81,116.24,181.42,popup,3,1,2024,2024-07
2024-07-31,2024,R,502179,623993,FF,4-Seam Fastball,,foul,L,R,BAL,TOR,87.90,,,,,,3,0,2024,2024-07
2024-07-31,2024,R,502179,623993,CH,Changeup,,ball,L,R,BAL,TOR,83.00,,,,,,2,0,2024,2024-07
2024-07-31,2024,R,502179,623993,FF,4-Seam Fastball,,ball,L,R,BAL,TOR,87.90,,,,,,1,0,2024,2024-07
2024-07-31,2024,R,502179,623993,FF,4-Seam Fastball,,ball,L,R,BAL,TOR,87.90,,,,,,0,0,2024,2024-07
2024-07-31,2024,R,502179,623993,FF,4-Seam Fastball,single,hit_into_play,L,R,BAL,TOR,88.40,85.60,15,170.83,97.50,line_drive,2,2,2024,2024-07
2024-07-31,2024,R,502179,623993,CU,Curveball,,foul,L,R,BAL,TOR,70.40,41.80,-22,,,,2,2,2024,2024-07
2024-07-31,2024,R,502179,623993,CU,Curveball,,called_strike,L,R,BAL,TOR,70.50,,,,,,2,1,2024,2024-07
2024-07-31,2024,R,502179,623993,FF,4-Seam Fastball,,called_strike,L,R,BAL,TOR,88.20,,,,,,2,0,2024,2024-07
2024-07-31,2024,R,502179,623993,CH,Changeup,,ball,L,R,BAL,TOR,82.60,,,,,,1,0,2024,2024-07
2024-07-31,2024,R,502179,623993,FF,4-Seam Fastball,,ball,L,R,BAL,TOR,88.50,,,,,,0,0,2024,2024-07
2024-07-31,2024,R,502179,656775,FF,4-Seam Fastball,single,hit_into_play,L,R,BAL,TOR,88.60,104.00,15,153.66,64.34,line_drive,0,0,2024,2024-07
2024-07-31,2024,R,502179,656775,FF,4-Seam Fastball,walk,ball,L,R,BAL,TOR,87.70,,,,,,3,1,2024,2024-07
2024-07-31,2024,R,502179,656775,FF,4-Seam Fastball,,foul,L,R,BAL,TOR,87.90,77.20,70,,,,3,0,2024,2024-07
2024-07-31,2024,R,502179,656775,FF,4-Seam Fastball,,ball,L,R,BAL,TOR,88.20,,,,,,2,0,2024,2024-07
2024-07-31,2024,R,502179,656775,CH,Changeup,,ball,L,R,BAL,TOR,83.20,,,,,,1,0,2024,2024-07
2024-07-31,2024,R,502179,656775,FF,4-Seam Fastball,,ball,L,R,BAL,TOR,88.00,,,,,,0,0,2024,2024-07
2024-07-31,2024,R,502179,656811,CH,Changeup,sac_fly,hit_into_play,L,R,BAL,TOR,82.00,89.50,31,93.40,71.61,fly_ball,1,0,2024,2024-07
2024-07-31,2024,R,502179,656811,CU,Curveball,,ball,L,R,BAL,TOR,70.30,,,,,,0,0,2024,2024-07
2024-07-31,2024,R,502179,656811,FF,4-Seam Fastball,field_out,hit_into_play,L,R,BAL,TOR,88.40,85.70,66,97.96,148.86,popup,0,1,2024,2024-07
2024-07-31,2024,R,502179,656811,CU,Curveball,,called_strike,L,R,BAL,TOR,70.10,,,,,,0,0,2024,2024-07
2024-07-31,2024,R,502179,663624,CU,Curveball,strikeout,swinging_strike_blocked,R,R,BAL,TOR,70.40,,,,,,2,2,2024,2024-07
2024-07-31,2024,R,502179,663624,FF,4-Seam Fastball,,foul,R,R,BAL,TOR,89.20,79.50,45,,,,2,2,2024,2024-07
2024-07-31,2024,R,502179,663624,CU,Curveball,,ball,R,R,BAL,TOR,70.70,,,,,,1,2,2024,2024-07
2024-07-31,2024,R,502179,663624,ST,Sweeper,,foul,R,R,BAL,TOR,76.60,78.40,52,,,,1,2,2024,2024-07
2024-07-31,2024,R,502179,663624,FF,4-Seam Fastball,,foul,R,R,BAL,TOR,88.10,82.10,58,,,,1,1,2024,2024-07
2024-07-31,2024,R,502179,663624,CU,Curveball,,called_strike,R,R,BAL,TOR,69.40,,,,,,1,0,2024,2024-07
2024-07-31,2024,R,502179,663624,CU,Curveball,,ball,R,R,BAL,TOR,69.20,,,,,,0,0,2024,2024-07
2024-07-31,2024,R,502179,663624,FF,4-Seam Fastball,triple,hit_into_play,R,R,BAL,TOR,89.10,100.90,23,213.93,91.94,fly_ball,0,0,2024,2024-07
2024-07-31,2024,R,502179,676059,CU,Curveball,field_out,hit_into_play,R,R,BAL,TOR,68.90,83.00,12,104.05,150.90,line_drive,1,1,2024,2024-07
2024-07-31,2024,R,502179,676059,ST,Sweeper,,foul,R,R,BAL,TOR,77.60,62.50,-41,,,,1,0,2024,2024-07
2024-07-31,2024,R,502179,676059,ST,Sweeper,,ball,R,R,BAL,TOR,78.10,,,,,,0,0,2024,2024-07
2024-07-31,2024,R,502179,676059,CH,Changeup,field_out,hit_into_play,R,R,BAL,TOR,82.70,62.40,53,104.66,138.37,popup,1,1,2024,2024-07
2024-07-31,2024,R,502179,676059,CU,Curveball,,called_strike,R,R,BAL,TOR,70.00,,,,,,1,0,2024,2024-07
2024-07-31,2024,R,502179,676059,ST,Sweeper,,ball,R,R,BAL,TOR,78.40,,,,,,0,0,2024,2024-07
2024-07-31,2024,R,502179,681297,CU,Curveball,single,hit_into_play,L,R,BAL,TOR,71.70,97.30,-1,152.79,169.21,ground_ball,2,2,2024,2024-07
2024-07-31,2024,R,502179,681297,CH,Changeup,,foul,L,R,BAL,TOR,83.20,91.30,-30,,,,2,1,2024,2024-07
2024-07-31,2024,R,502179,681297,FF,4-Seam Fastball,,foul,L,R,BAL,TOR,86.80,71.60,17,,,,2,0,2024,2024-07
2024-07-31,2024,R,502179,681297,CH,Changeup,,ball,L,R,BAL,TOR,82.80,,,,,,1,0,2024,2024-07
2024-07-31,2024,R,502179,681297,CH,Changeup,,ball,L,R,BAL,TOR,81.30,,,,,,0,0,2024,2024-07
2024-07-31,2024,R,502179,681297,CU,Curveball,home_run,hit_into_play,L,R,BAL,TOR,70.90,103.00,34,197.19,42.10,fly_ball,3,2,2024,2024-07
2024-07-31,2024,R,502179,681297,CU,Curveball,,ball,L,R,BAL,TOR,72.30,,,,,,2,2,2024,2024-07
2024-07-31,2024,R,502179,681297,CU,Curveball,,called_strike,L,R,BAL,TOR,69.50,,,,,,2,1,2024,2024-07
2024-07-31,2024,R,502179,681297,FF,4-Seam Fastball,,ball,L,R,BAL,TOR,88.00,,,,,,1,1,2024,2024-07
2024-07-31,2024,R,502179,681297,CH,Changeup,,ball,L,R,BAL,TOR,82.30,,,,,,0,1,2024,2024-07
2024-07-31,2024,R,502179,681297,FF,4-Seam Fastball,,called_strike,L,R,BAL,TOR,88.90,,,,,,0,0,2024,2024-07
2024-07-31,2024,R,502179,681297,FF,4-Seam Fastball,field_out,hit_into_play,L,R,BAL,TOR,88.20,92.30,44,82.42,72.64,fly_ball,0,0,2024,2024-07
2024-07-31,2024,R,502179,683002,CH,Changeup,field_out,hit_into_play,L,R,BAL,TOR,83.10,106.80,15,139.29,48.37,line_drive,1,0,2024,2024-07
2024-07-31,2024,R,502179,683002,CH,Changeup,,ball,L,R,BAL,TOR,83.40,,,,,,0,0,2024,2024-07
2024-07-31,2024,R,502179,683002,FF,4-Seam Fastball,triple,hit_into_play,L,R,BAL,TOR,87.40,105.70,17,168.52,55.99,line_drive,0,0,2024,2024-07
2024-07-31,2024,R,502179,683002,FF,4-Seam Fastball,walk,ball,L,R,BAL,TOR,89.20,,,,,,3,2,2024,2024-07
2024-07-31,2024,R,502179,683002,CU,Curveball,,foul,L,R,BAL,TOR,70.30,84.70,18,,,,3,2,2024,2024-07
2024-07-31,2024,R,502179,683002,FF,4-Seam Fastball,,foul,L,R,BAL,TOR,88.20,89.30,54,,,,3,2,2024,2024-07
2024-07-31,2024,R,502179,683002,CH,Changeup,,ball,L,R,BAL,TOR,82.60,,,,,,2,2,2024,2024-07
2024-07-31,2024,R,502179,683002,CU,Curveball,,blocked_ball,L,R,BAL,TOR,70.40,,,,,,1,2,2024,2024-07
2024-07-31,2024,R,502179,683002,CU,Curveball,,foul,L,R,BAL,TOR,70.80,59.20,-40,,,,1,2,2024,2024-07
2024-07-31,2024,R,502179,683002,FF,4-Seam Fastball,,ball,L,R,BAL,TOR,88.30,,,,,,0,2,2024,2024-07
2024-07-31,2024,R,502179,683002,CH,Changeup,,foul,L,R,BAL,TOR,82.90,72.30,-22,,,,0,1,2024,2024-07
2024-07-31,2024,R,502179,683002,CU,Curveball,,foul,L,R,BAL,TOR,70.30,97.50,14,,,,0,0,2024,2024-07
2024-07-31,2024,R,502179,702616,CH,Changeup,field_out,hit_into_play,L,R,BAL,TOR,81.20,98.30,-17,146.19,149.88,ground_ball,0,1,2024,2024-07
2024-07-31,2024,R,502179,702616,CH,Changeup,,called_strike,L,R,BAL,TOR,81.90,,,,,,0,0,2024,2024-07
2024-07-31,2024,R,502179,702616,CU,Curveball,field_out,hit_into_play,L,R,BAL,TOR,69.70,68.20,-29,149.23,170.73,ground_ball,0,1,2024,2024-07
2024-07-31,2024,R,502179,702616,CU,Curveball,,called_strike,L,R,BAL,TOR,69.90,,,,,,0,0,2024,2024-07
2024-07-31,2024,R,518886,661531,FF,4-Seam Fastball,strikeout,swinging_strike,R,R,BAL,TOR,94.20,,,,,,2,2,2024,2024-07
2024-07-31,2024,R,518886,661531,FF,4-Seam Fastball,,foul,R,R,BAL,TOR,94.40,,,,,,2,1,2024,2024-07
2024-07-31,2024,R,518886,661531,FF,4-Seam Fastball,,called_strike,R,R,BAL,TOR,93.90,,,,,,2,0,2024,2024-07
2024-07-31,2024,R,518886,661531,FF,4-Seam Fastball,,ball,R,R,BAL,TOR,93.20,,,,,,1,0,2024,2024-07
2024-07-31,2024,R,518886,661531,FF,4-Seam Fastball,,ball,R,R,BAL,TOR,94.60,,,,,,0,0,2024,2024-07
2024-07-31,2024,R,518886,672642,FF,4-Seam Fastball,walk,ball,L,R,BAL,TOR,92.00,,,,,,3,1,2024,2024-07
2024-07-31,2024,R,518886,672642,FF,4-Seam Fastball,,ball,L,R,BAL,TOR,93.20,,,,,,2,1,2024,2024-07
2024-07-31,2024,R,518886,672642,FF,4-Seam Fastball,,called_strike,L,R,BAL,TOR,92.80,,,,,,2,0,2024,2024-07
2024-07-31,2024,R,518886,672642,FF,4-Seam Fastball,,ball,L,R,BAL,TOR,93.50,,,,,,1,0,2024,2024-07
2024-07-31,2024,R,518886,672642,FF,4-Seam Fastball,,ball,L,R,BAL,TOR,93.10,,,,,,0,0,2024,2024-07
2024-07-31,2024,R,518886,676914,FF,4-Seam Fastball,field_out,hit_into_play,R,R,BAL,TOR,92.90,91.00,49,81.88,98.97,fly_ball,3,2,2024,2024-07
2024-07-31,2024,R,518886,676914,KC,Knuckle Curve,,blocked_ball,R,R,BAL,TOR,85.30,,,,,,2,2,2024,2024-07
2024-07-31,2024,R,518886,676914,FF,4-Seam Fastball,,ball,R,R,BAL,TOR,94.00,,,,,,1,2,2024,2024-07
2024-07-31,2024,R,518886,676914,FF,4-Seam Fastball,,called_strike,R,R,BAL,TOR,93.10,,,,,,1,1,2024,2024-07
2024-07-31,2024,R,518886,676914,FF,4-Seam Fastball,,foul,R,R,BAL,TOR,94.00,76.90,44,,,,1,0,2024,2024-07
2024-07-31,2024,R,518886,676914,KC,Knuckle Curve,,ball,R,R,BAL,TOR,83.60,,,,,,0,0,2024,2024-07
2024-07-31,2024,R,518886,680718,ST,Sweeper,strikeout,called_strike,L,R,BAL,TOR,84.50,,,,,,3,2,2024,2024-07
2024-07-31,2024,R,518886,680718,KC,Knuckle Curve,,blocked_ball,L,R,BAL,TOR,85.10,,,,,,2,2,2024,2024-07
2024-07-31,2024,R,518886,680718,FF,4-Seam Fastball,,foul,L,R,BAL,TOR,93.60,102.40,5,,,,2,1,2024,2024-07
2024-07-31,2024,R,518886,680718,KC,Knuckle Curve,,ball,L,R,BAL,TOR,85.00,,,,,,1,1,2024,2024-07
2024-07-31,2024,R,518886,680718,KC,Knuckle Curve,,ball,L,R,BAL,TOR,84.80,,,,,,0,1,2024,2024-07
2024-07-31,2024,R,518886,680718,KC,Knuckle Curve,,called_strike,L,R,BAL,TOR,84.20,,,,,,0,0,2024,2024-07
2024-07-31,2024,R,519008,624424,ST,Sweeper,strikeout,swinging_strike_blocked,L,L,SF,ATH,77.90,,,,,,2,2,2024,2024-07
2024-07-31,2024,R,519008,624424,SI,Sinker,,ball,L,L,SF,ATH,88.40,,,,,,1,2,2024,2024-07
2024-07-31,2024,R,519008,624424,ST,Sweeper,,ball,L,L,SF,ATH,78.60,,,,,,0,2,2024,2024-07
2024-07-31,2024,R,519008,624424,ST,Sweeper,,called_strike,L,L,SF,ATH,76.60,,,,,,0,1,2024,2024-07
2024-07-31,2024,R,519008,624424,SI,Sinker,,called_strike,L,L,SF,ATH,87.70,,,,,,0,0,2024,2024-07
2024-07-31,2024,R,519043,553869,CH,Changeup,strikeout,swinging_strike,R,L,LAA,COL,82.40,,,,,,3,2,2024,2024-07
2024-07-31,2024,R,519043,553869,CH,Changeup,,ball,R,L,LAA,COL,81.60,,,,,,2,2,2024,2024-07
2024-07-31,2024,R,519043,553869,KC,Knuckle Curve,,called_strike,R,L,LAA,COL,80.10,,,,,,2,1,2024,2024-07
2024-07-31,2024,R,519043,553869,CH,Changeup,,ball,R,L,LAA,COL,81.30,,,,,,1,1,2024,2024-07
2024-07-31,2024,R,519043,553869,FF,4-Seam Fastball,,ball,R,L,LAA,COL,92.50,,,,,,0,1,2024,2024-07
2024-07-31,2024,R,519043,553869,CH,Changeup,,foul,R,L,LAA,COL,82.20,76.00,34,,,,0,0,2024,2024-07
2024-07-31,2024,R,519043,595909,KC,Knuckle Curve,strikeout,swinging_strike,L,L,LAA,COL,81.50,,,,,,2,2,2024,2024-07
2024-07-31,2024,R,519043,595909,KC,Knuckle Curve,,foul,L,L,LAA,COL,80.20,81.30,59,,,,2,2,2024,2024-07
2024-07-31,2024,R,519043,595909,FF,4-Seam Fastball,,foul,L,L,LAA,COL,92.30,90.10,31,,,,2,2,2024,2024-07
2024-07-31,2024,R,519043,595909,KC,Knuckle Curve,,foul,L,L,LAA,COL,80.70,77.20,-35,,,,2,2,2024,2024-07
2024-07-31,2024,R,519043,595909,FF,4-Seam Fastball,,ball,L,L,LAA,COL,92.20,,,,,,1,2,2024,2024-07
2024-07-31,2024,R,519043,595909,FF,4-Seam Fastball,,foul,L,L,LAA,COL,91.10,79.00,-26,,,,1,1,2024,2024-07
2024-07-31,2024,R,519043,595909,FF,4-Seam Fastball,,ball,L,L,LAA,COL,92.70,,,,,,0,1,2024,2024-07
2024-07-31,2024,R,519043,595909,KC,Knuckle Curve,,foul,L,L,LAA,COL,79.80,70.60,60,,,,0,0,2024,2024-07
2024-07-31,2024,R,519043,669911,FF,4-Seam Fastball,field_out,hit_into_play,R,L,LAA,COL,92.40,93.60,40,146.64,74.68,fly_ball,2,0,2024,2024-07
2024-07-31,2024,R,519043,669911,FF,4-Seam Fastball,,ball,R,L,LAA,COL,92.20,,,,,,1,0,2024,2024-07
2024-07-31,2024,R,519043,669911,CH,Changeup,,ball,R,L,LAA,COL,82.30,,,,,,0,0,2024,2024-07
2024-07-31,2024,R,519151,642133,CH,Changeup,grounded_into_double_play,hit_into_play,L,R,HOU,PIT,89.40,73.10,6,104.87,166.28,ground_ball,0,2,2024,2024-07
2024-07-31,2024,R,519151,642133,FF,4-Seam Fastball,,foul,L,R,HOU,PIT,93.40,74.00,65,,,,0,2,2024,2024-07
2024-07-31,2024,R,519151,642133,CU,Curveball,,foul,L,R,HOU,PIT,81.40,60.90,82,,,,0,2,2024,2024-07
2024-07-31,2024,R,519151,642133,SL,Slider,,foul,L,R,HOU,PIT,90.10,64.20,36,,,,0,1,2024,2024-07
2024-07-31,2024,R,519151,642133,CU,Curveball,,called_strike,L,R,HOU,PIT,81.20,,,,,,0,0,2024,2024-07
2024-07-31,2024,R,519151,650559,FF,4-Seam Fastball,single,hit_into_play,R,R,HOU,PIT,93.10,109.20,11,86.51,88.87,line_drive,1,1,2024,2024-07
2024-07-31,2024,R,519151,650559,CU,Curveball,,ball,R,R,HOU,PIT,82.10,,,,,,0,1,2024,2024-07
2024-07-31,2024,R,519151,650559,FF,4-Seam Fastball,,foul,R,R,HOU,PIT,93.50,74.80,75,,,,0,0,2024,2024-07
2024-07-31,2024,R,519151,663647,SL,Slider,field_out,hit_into_play,R,R,HOU,PIT,89.10,84.50,-40,109.94,170.34,ground_ball,3,2,2024,2024-07
2024-07-31,2024,R,519151,663647,FF,4-Seam Fastball,,ball,R,R,HOU,PIT,93.50,,,,,,2,2,2024,2024-07
2024-07-31,2024,R,519151,663647,SL,Slider,,called_strike,R,R,HOU,PIT,89.00,,,,,,2,1,2024,2024-07
2024-07-31,2024,R,519151,663647,CU,Curveball,,blocked_ball,R,R,HOU,PIT,83.70,,,,,,1,1,2024,2024-07
2024-07-31,2024,R,519151,663647,FF,4-Seam Fastball,,ball,R,R,HOU,PIT,94.10,,,,,,0,1,2024,2024-07
2024-07-31,2024,R,519151,663647,FF,4-Seam Fastball,,swinging_strike,R,R,HOU,PIT,94.50,,,,,,0,0,2024,2024-07
2024-07-31,2024,R,519151,663698,SL,Slider,single,hit_into_play,R,R,HOU,PIT,90.30,108.00,4,123.12,92.77,ground_ball,0,0,2024,2024-07
2024-07-31,2024,R,519151,668804,CH,Changeup,field_error,hit_into_play,L,R,HOU,PIT,89.30,92.80,-4,107.91,162.23,ground_ball,1,2,2024,2024-07
2024-07-31,2024,R,519151,668804,SL,Slider,,ball,L,R,HOU,PIT,89.80,,,,,,0,2,2024,2024-07
2024-07-31,2024,R,519151,668804,CU,Curveball,,foul,L,R,HOU,PIT,82.50,91.80,-8,,,,0,2,2024,2024-07
2024-07-31,2024,R,519151,668804,CU,Curveball,,foul,L,R,HOU,PIT,81.40,83.10,-19,,,,0,1,2024,2024-07
2024-07-31,2024,R,519151,668804,FF,4-Seam Fastball,,foul,L,R,HOU,PIT,92.20,74.90,47,,,,0,0,2024,2024-07
2024-07-31,2024,R,519242,596142,CH,Changeup,field_out,hit_into_play,R,L,MIL,ATL,89.40,87.10,41,173.24,90.34,fly_ball,0,2,2024,2024-07
2024-07-31,2024,R,519242,596142,SL,Slider,,foul_tip,R,L,MIL,ATL,80.30,,,,,,0,1,2024,2024-07
2024-07-31,2024,R,519242,596142,SI,Sinker,,called_strike,R,L,MIL,ATL,95.30,,,,,,0,0,2024,2024-07
2024-07-31,2024,R,519242,596142,SL,Slider,field_out,hit_into_play,R,L,MIL,ATL,80.40,94.90,20,131.26,62.89,line_drive,0,2,2024,2024-07
2024-07-31,2024,R,519242,596142,FF,4-Seam Fastball,,foul,R,L,MIL,ATL,93.60,83.90,55,,,,0,2,2024,2024-07
2024-07-31,2024,R,519242,596142,CH,Changeup,,foul,R,L,MIL,ATL,85.80,68.60,63,,,,0,2,2024,2024-07
2024-07-31,2024,R,519242,596142,SL,Slider,,foul,R,L,MIL,ATL,78.40,56.20,-28,,,,0,1,2024,2024-07
2024-07-31,2024,R,519242,596142,SL,Slider,,called_strike,R,L,MIL,ATL,74.80,,,,,,0,0,2024,2024-07
2024-07-31,2024,R,519242,596142,FF,4-Seam Fastball,single,hit_into_play,R,L,MIL,ATL,97.60,93.00,19,93.46,89.96,line_drive,2,2,2024,2024-07
2024-07-31,2024,R,519242,596142,FF,4-Seam Fastball,,ball,R,L,MIL,ATL,97.00,,,,,,1,2,2024,2024-07
2024-07-31,2024,R,519242,596142,SL,Slider,,foul,R,L,MIL,ATL,80.60,67.30,70,,,,1,2,2024,2024-07
2024-07-31,2024,R,519242,596142,FF,4-Seam Fastball,,ball,R,L,MIL,ATL,95.30,,,,,,0,2,2024,2024-07
2024-07-31,2024,R,519242,596142,FF,4-Seam Fastball,,swinging_strike,R,L,MIL,ATL,96.10,,,,,,0,1,2024,2024-07
2024-07-31,2024,R,519242,596142,FF,4-Seam Fastball,,swinging_strike,R,L,MIL,ATL,96.50,,,,,,0,0,2024,2024-07
2024-07-31,2024,R,519242,606992,CH,Changeup,strikeout,swinging_strike,R,L,MIL,ATL,90.40,,,,,,0,2,2024,2024-07
2024-07-31,2024,R,519242,606992,CH,Changeup,,foul,R,L,MIL,ATL,89.90,35.40,29,,,,0,1,2024,2024-07
2024-07-31,2024,R,519242,606992,SL,Slider,,called_strike,R,L,MIL,ATL,80.80,,,,,,0,0,2024,2024-07
2024-07-31,2024,R,519242,606992,FF,4-Seam Fastball,field_out,hit_into_play,R,L,MIL,ATL,92.70,91.10,35,123.72,56.65,fly_ball,1,1,2024,2024-07
2024-07-31,2024,R,519242,606992,SL,Slider,,called_strike,R,L,MIL,ATL,75.00,,,,,,1,0,2024,2024-07
2024-07-31,2024,R,519242,606992,SL,Slider,,ball,R,L,MIL,ATL,75.50,,,,,,0,0,2024,2024-07
2024-07-31,2024,R,519242,642715,CH,Changeup,field_out,hit_into_play,R,L,MIL,ATL,86.40,89.10,9,88.70,164.69,line_drive,0,0,2024,2024-07
2024-07-31,2024,R,519242,642715,FF,4-Seam Fastball,strikeout,swinging_strike,R,L,MIL,ATL,95.60,,,,,,2,2,2024,2024-07
2024-07-31,2024,R,519242,642715,SL,Slider,,foul,R,L,MIL,ATL,79.60,95.00,9,,,,2,2,2024,2024-07
2024-07-31,2024,R,519242,642715,FF,4-Seam Fastball,,ball,R,L,MIL,ATL,94.40,,,,,,1,2,2024,2024-07
2024-07-31,2024,R,519242,642715,SL,Slider,,called_strike,R,L,MIL,ATL,78.80,,,,,,1,1,2024,2024-07
2024-07-31,2024,R,519242,642715,SL,Slider,,swinging_strike,R,L,MIL,ATL,78.00,,,,,,1,0,2024,2024-07
2024-07-31,2024,R,519242,642715,SL,Slider,,ball,R,L,MIL,ATL,77.70,,,,,,0,0,2024,2024-07
2024-07-31,2024,R,519242,642715,FF,4-Seam Fastball,strikeout,swinging_strike,R,L,MIL,ATL,95.90,,,,,,0,2,2024,2024-07
2024-07-31,2024,R,519242,642715,SL,Slider,,foul,R,L,MIL,ATL,81.40,63.20,-22,,,,0,1,2024,2024-07
2024-07-31,2024,R,519242,642715,SL,Slider,,swinging_strike,R,L,MIL,ATL,80.90,,,,,,0,0,2024,2024-07
2024-07-31,2024,R,519242,655316,CH,Changeup,field_out,hit_into_play,R,L,MIL,ATL,89.60,90.40,22,175.33,87.40,line_drive,1,2,2024,2024-07
2024-07-31,2024,R,519242,655316,FF,4-Seam Fastball,,ball,R,L,MIL,ATL,97.70,,,,,,0,2,2024,2024-07
2024-07-31,2024,R,519242,655316,FF,4-Seam Fastball,,called_strike,R,L,MIL,ATL,97.50,,,,,,0,1,2024,2024-07
2024-07-31,2024,R,519242,655316,FF,4-Seam Fastball,,called_strike,R,L,MIL,ATL,98.00,,,,,,0,0,2024,2024-07
2024-07-31,2024,R,519242,655316,CH,Changeup,field_out,hit_into_play,R,L,MIL,ATL,85.30,74.00,56,64.55,145.64,fly_ball,2,2,2024,2024-07
2024-07-31,2024,R,519242,655316,FF,4-Seam Fastball,,ball,R,L,MIL,ATL,95.30,,,,,,1,2,2024,2024-07
2024-07-31,2024,R,519242,655316,CH,Changeup,,ball,R,L,MIL,ATL,86.40,,,,,,0,2,2024,2024-07
2024-07-31,2024,R,519242,655316,CH,Changeup,,swinging_strike,R,L,MIL,ATL,85.50,,,,,,0,1,2024,2024-07
2024-07-31,2024,R,519242,655316,FF,4-Seam Fastball,,called_strike,R,L,MIL,ATL,93.70,,,,,,0,0,2024,2024-07
2024-07-31,2024,R,519242,656555,SL,Slider,field_out,hit_into_play,R,L,MIL,ATL,80.70,82.10,49,123.92,98.07,fly_ball,2,2,2024,2024-07
2024-07-31,2024,R,519242,656555,CH,Changeup,,foul,R,L,MIL,ATL,89.40,81.30,-26,,,,2,1,2024,2024-07
2024-07-31,2024,R,519242,656555,CH,Changeup,,foul,R,L,MIL,ATL,88.00,74.20,-23,,,,2,0,2024,2024-07
2024-07-31,2024,R,519242,656555,FF,4-Seam Fastball,,ball,R,L,MIL,ATL,95.30,,,,,,1,0,2024,2024-07
2024-07-31,2024,R,519242,656555,SI,Sinker,,ball,R,L,MIL,ATL,94.50,,,,,,0,0,2024,2024-07
2024-07-31,2024,R,519242,656555,SL,Slider,strikeout,foul_tip,R,L,MIL,ATL,80.00,,,,,,1,2,2024,2024-07
2024-07-31,2024,R,519242,656555,FF,4-Seam Fastball,,foul,R,L,MIL,ATL,95.60,78.40,64,,,,1,2,2024,2024-07
2024-07-31,2024,R,519242,656555,CH,Changeup,,foul,R,L,MIL,ATL,88.70,,,,,,1,1,2024,2024-07
2024-07-31,2024,R,519242,656555,SL,Slider,,ball,R,L,MIL,ATL,79.80,,,,,,0,1,2024,2024-07
2024-07-31,2024,R,519242,656555,SL,Slider,,called_strike,R,L,MIL,ATL,78.30,,,,,,0,0,2024,2024-07
2024-07-31,2024,R,519242,656555,CH,Changeup,single,hit_into_play,R,L,MIL,ATL,86.80,73.80,5,83.00,115.00,ground_ball,0,1,2024,2024-07
2024-07-31,2024,R,519242,656555,SL,Slider,,called_strike,R,L,MIL,ATL,79.00,,,,,,0,0,2024,2024-07
2024-07-31,2024,R,519242,663368,CH,Changeup,double,hit_into_play,R,L,MIL,ATL,87.60,76.70,34,37.47,122.10,fly_ball,1,1,2024,2024-07
2024-07-31,2024,R,519242,663368,CH,Changeup,,ball,R,L,MIL,ATL,87.80,,,,,,0,1,2024,2024-07
2024-07-31,2024,R,519242,663368,SL,Slider,,called_strike,R,L,MIL,ATL,77.90,,,,,,0,0,2024,2024-07
2024-07-31,2024,R,519242,663368,FF,4-Seam Fastball,walk,ball,R,L,MIL,ATL,95.30,,,,,,3,1,2024,2024-07
2024-07-31,2024,R,519242,663368,FF,4-Seam Fastball,,called_strike,R,L,MIL,ATL,91.80,,,,,,3,0,2024,2024-07
2024-07-31,2024,R,519242,663368,CH,Changeup,,ball,R,L,MIL,ATL,86.50,,,,,,2,0,2024,2024-07
2024-07-31,2024,R,519242,663368,CH,Changeup,,ball,R,L,MIL,ATL,87.20,,,,,,1,0,2024,2024-07
2024-07-31,2024,R,519242,663368,SL,Slider,,ball,R,L,MIL,ATL,75.80,,,,,,0,0,2024,2024-07
2024-07-31,2024,R,519242,663368,FF,4-Seam Fastball,sac_fly,hit_into_play,R,L,MIL,ATL,96.10,94.10,31,181.83,70.75,fly_ball,0,2,2024,2024-07
2024-07-31,2024,R,519242,663368,FF,4-Seam Fastball,,foul,R,L,MIL,ATL,96.00,,,,,,0,1,2024,2024-07
2024-07-31,2024,R,519242,663368,FF,4-Seam Fastball,,foul,R,L,MIL,ATL,96.40,,,,,,0,0,2024,2024-07
2024-07-31,2024,R,519242,686217,FF,4-Seam Fastball,walk,ball,L,L,MIL,ATL,98.00,,,,,,3,1,2024,2024-07
2024-07-31,2024,R,519242,686217,FF,4-Seam Fastball,,called_strike,L,L,MIL,ATL,97.20,,,,,,3,0,2024,2024-07
2024-07-31,2024,R,519242,686217,SI,Sinker,,ball,L,L,MIL,ATL,97.20,,,,,,2,0,2024,2024-07
2024-07-31,2024,R,519242,686217,SL,Slider,,ball,L,L,MIL,ATL,80.20,,,,,,1,0,2024,2024-07
2024-07-31,2024,R,519242,686217,FF,4-Seam Fastball,,ball,L,L,MIL,ATL,95.50,,,,,,0,0,2024,2024-07
2024-07-31,2024,R,519242,686217,FF,4-Seam Fastball,single,hit_into_play,L,L,MIL,ATL,96.80,54.40,-40,68.97,138.53,ground_ball,0,1,2024,2024-07
2024-07-31,2024,R,519242,686217,FF,4-Seam Fastball,,called_strike,L,L,MIL,ATL,96.80,,,,,,0,0,2024,2024-07
2024-07-31,2024,R,519242,686217,SL,Slider,field_out,hit_into_play,L,L,MIL,ATL,81.70,88.80,42,168.41,97.68,fly_ball,0,1,2024,2024-07
2024-07-31,2024,R,519242,686217,FF,4-Seam Fastball,,foul,L,L,MIL,ATL,97.00,63.90,8,,,,0,0,2024,2024-07
2024-07-31,2024,R,519242,687401,SL,Slider,strikeout,called_strike,R,L,MIL,ATL,78.30,,,,,,3,2,2024,2024-07
2024-07-31,2024,R,519242,687401,FF,4-Seam Fastball,,foul,R,L,MIL,ATL,95.70,75.80,54,,,,3,2,2024,2024-07
2024-07-31,2024,R,519242,687401,FF,4-Seam Fastball,,foul,R,L,MIL,ATL,94.50,61.30,77,,,,3,2,2024,2024-07
2024-07-31,2024,R,519242,687401,FF,4-Seam Fastball,,foul,R,L,MIL,ATL,96.20,76.50,45,,,,3,2,2024,2024-07
2024-07-31,2024,R,519242,687401,FF,4-Seam Fastball,,ball,R,L,MIL,ATL,95.80,,,,,,2,2,2024,2024-07
2024-07-31,2024,R,519242,687401,FF,4-Seam Fastball,,foul,R,L,MIL,ATL,96.10,76.90,15,,,,2,2,2024,2024-07
2024-07-31,2024,R,519242,687401,CH,Changeup,,called_strike,R,L,MIL,ATL,87.60,,,,,,2,1,2024,2024-07
2024-07-31,2024,R,519242,687401,FF,4-Seam Fastball,,ball,R,L,MIL,ATL,94.30,,,,,,1,1,2024,2024-07
2024-07-31,2024,R,519242,687401,CH,Changeup,,ball,R,L,MIL,ATL,85.80,,,,,,0,1,2024,2024-07
2024-07-31,2024,R,519242,687401,SI,Sinker,,called_strike,R,L,MIL,ATL,93.30,,,,,,0,0,2024,2024-07
2024-07-31,2024,R,519242,687401,FF,4-Seam Fastball,strikeout,called_strike,R,L,MIL,ATL,93.50,,,,,,2,2,2024,2024-07
2024-07-31,2024,R,519242,687401,FF,4-Seam Fastball,,ball,R,L,MIL,ATL,94.40,,,,,,1,2,2024,2024-07
2024-07-31,2024,R,519242,687401,CH,Changeup,,called_strike,R,L,MIL,ATL,86.90,,,,,,1,1,2024,2024-07
2024-07-31,2024,R,519242,687401,CH,Changeup,,called_strike,R,L,MIL,ATL,85.60,,,,,,1,0,2024,2024-07
2024-07-31,2024,R,519242,687401,SL,Slider,,ball,R,L,MIL,ATL,78.50,,,,,,0,0,2024,2024-07
2024-07-31,2024,R,519242,687401,FF,4-Seam Fastball,walk,ball,R,L,MIL,ATL,96.30,,,,,,3,0,2024,2024-07
2024-07-31,2024,R,519242,687401,FF,4-Seam Fastball,,ball,R,L,MIL,ATL,97.40,,,,,,2,0,2024,2024-07
2024-07-31,2024,R,519242,687401,FF,4-Seam Fastball,,ball,R,L,MIL,ATL,96.70,,,,,,1,0,2024,2024-07
2024-07-31,2024,R,519242,687401,SL,Slider,,ball,R,L,MIL,ATL,79.40,,,,,,0,0,2024,2024-07
2024-07-31,2024,R,519242,694192,CH,Changeup,field_out,hit_into_play,R,L,MIL,ATL,86.20,72.80,-17,129.30,182.66,ground_ball,0,1,2024,2024-07
2024-07-31,2024,R,519242,694192,SI,Sinker,,called_strike,R,L,MIL,ATL,94.10,,,,,,0,0,2024,2024-07
2024-07-31,2024,R,519242,694192,FF,4-Seam Fastball,double,hit_into_play,R,L,MIL,ATL,95.20,102.10,22,163.62,50.06,line_drive,2,2,2024,2024-07
2024-07-31,2024,R,519242,694192,CH,Changeup,,ball,R,L,MIL,ATL,85.60,,,,,,1,2,2024,2024-07
2024-07-31,2024,R,519242,694192,CH,Changeup,,swinging_strike,R,L,MIL,ATL,86.30,,,,,,1,1,2024,2024-07
2024-07-31,2024,R,519242,694192,SL,Slider,,ball,R,L,MIL,ATL,79.90,,,,,,0,1,2024,2024-07
2024-07-31,2024,R,519242,694192,SL,Slider,,swinging_strike,R,L,MIL,ATL,77.50,,,,,,0,0,2024,2024-07
2024-07-31,2024,R,519242,694192,SL,Slider,single,hit_into_play,R,L,MIL,ATL,79.00,94.20,13,97.81,95.33,line_drive,1,1,2024,2024-07
2024-07-31,2024,R,519242,694192,FF,4-Seam Fastball,,foul,R,L,MIL,ATL,94.70,,,,,,1,0,2024,2024-07
2024-07-31,2024,R,519242,694192,FF,4-Seam Fastball,,ball,R,L,MIL,ATL,94.50,,,,,,0,0,2024,2024-07
2024-07-31,2024,R,523260,592518,CH,Changeup,single,hit_into_play,R,R,SD,LAD,88.20,71.00,0,185.77,102.02,ground_ball,0,2,2024,2024-07
2024-07-31,2024,R,523260,592518,SI,Sinker,,foul,R,R,SD,LAD,98.30,78.40,14,,,,0,1,2024,2024-07
2024-07-31,2024,R,523260,592518,SI,Sinker,,called_strike,R,R,SD,LAD,97.70,,,,,,0,0,2024,2024-07
2024-07-31,2024,R,523260,630105,FF,4-Seam Fastball,field_out,hit_into_play,L,R,SD,LAD,98.40,53.30,26,132.28,146.30,popup,1,2,2024,2024-07
2024-07-31,2024,R,523260,630105,FF,4-Seam Fastball,,foul,L,R,SD,LAD,98.80,73.30,50,,,,1,2,2024,2024-07
2024-07-31,2024,R,523260,630105,FF,4-Seam Fastball,,swinging_strike,L,R,SD,LAD,98.70,,,,,,1,1,2024,2024-07
2024-07-31,2024,R,523260,630105,FF,4-Seam Fastball,,called_strike,L,R,SD,LAD,97.30,,,,,,1,0,2024,2024-07
2024-07-31,2024,R,523260,630105,CH,Changeup,,ball,L,R,SD,LAD,86.60,,,,,,0,0,2024,2024-07
2024-07-31,2024,R,543294,600869,SI,Sinker,single,hit_into_play,L,R,CIN,CHC,86.60,106.60,11,146.63,72.99,line_drive,0,1,2024,2024-07
2024-07-31,2024,R,543294,600869,SI,Sinker,,called_strike,L,R,CIN,CHC,86.70,,,,,,0,0,2024,2024-07
2024-07-31,2024,R,543294,600869,SI,Sinker,strikeout,swinging_strike,L,R,CIN,CHC,88.40,,,,,,2,2,2024,2024-07
2024-07-31,2024,R,543294,600869,CH,Changeup,,foul,L,R,CIN,CHC,81.90,,,,,,2,1,2024,2024-07
2024-07-31,2024,R,543294,600869,CU,Curveball,,ball,L,R,CIN,CHC,75.90,,,,,,1,1,2024,2024-07
2024-07-31,2024,R,543294,600869,FF,4-Seam Fastball,,ball,L,R,CIN,CHC,89.20,,,,,,0,1,2024,2024-07
2024-07-31,2024,R,543294,600869,SI,Sinker,,called_strike,L,R,CIN,CHC,88.20,,,,,,0,0,2024,2024-07
2024-07-31,2024,R,543294,641584,CH,Changeup,home_run,hit_into_play,L,R,CIN,CHC,81.50,97.90,36,207.97,77.95,fly_ball,2,2,2024,2024-07
2024-07-31,2024,R,543294,641584,CH,Changeup,,blocked_ball,L,R,CIN,CHC,81.10,,,,,,1,2,2024,2024-07
2024-07-31,2024,R,543294,641584,CH,Changeup,,swinging_strike,L,R,CIN,CHC,82.20,,,,,,1,1,2024,2024-07
2024-07-31,2024,R,543294,641584,SI,Sinker,,ball,L,R,CIN,CHC,88.30,,,,,,0,1,2024,2024-07
2024-07-31,2024,R,543294,641584,CH,Changeup,,foul,L,R,CIN,CHC,80.70,63.60,-37,,,,0,0,2024,2024-07
2024-07-31,2024,R,543294,641584,SI,Sinker,field_out,hit_into_play,L,R,CIN,CHC,86.40,93.60,-24,111.37,125.14,ground_ball,0,0,2024,2024-07
2024-07-31,2024,R,543294,663697,SI,Sinker,grounded_into_double_play,hit_into_play,R,R,CIN,CHC,87.80,91.70,-4,142.48,150.11,ground_ball,1,0,2024,2024-07
2024-07-31,2024,R,543294,663697,SI,Sinker,,ball,R,R,CIN,CHC,87.80,,,,,,0,0,2024,2024-07
2024-07-31,2024,R,543294,663697,SI,Sinker,strikeout,swinging_strike,R,R,CIN,CHC,88.50,,,,,,1,2,2024,2024-07
2024-07-31,2024,R,543294,663697,SI,Sinker,,called_strike,R,R,CIN,CHC,86.80,,,,,,1,1,2024,2024-07
2024-07-31,2024,R,543294,663697,CH,Changeup,,ball,R,R,CIN,CHC,80.10,,,,,,0,1,2024,2024-07
2024-07-31,2024,R,543294,663697,CH,Changeup,,called_strike,R,R,CIN,CHC,80.10,,,,,,0,0,2024,2024-07
2024-07-31,2024,R,543294,663697,SI,Sinker,field_out,hit_into_play,R,R,CIN,CHC,89.70,66.50,39,163.47,130.44,popup,3,2,2024,2024-07
2024-07-31,2024,R,543294,663697,SI,Sinker,,ball,R,R,CIN,CHC,88.40,,,,,,2,2,2024,2024-07
2024-07-31,2024,R,543294,663697,CU,Curveball,,foul,R,R,CIN,CHC,76.00,88.30,-35,,,,2,2,2024,2024-07
2024-07-31,2024,R,543294,663697,CH,Changeup,,foul,R,R,CIN,CHC,81.40,77.60,-10,,,,2,2,2024,2024-07
2024-07-31,2024,R,543294,663697,FF,4-Seam Fastball,,ball,R,R,CIN,CHC,87.80,,,,,,1,2,2024,2024-07
2024-07-31,2024,R,543294,663697,SI,Sinker,,foul,R,R,CIN,CHC,88.60,88.20,-3,,,,1,1,2024,2024-07
2024-07-31,2024,R,543294,663697,CH,Changeup,,ball,R,R,CIN,CHC,81.10,,,,,,0,1,2024,2024-07
2024-07-31,2024,R,543294,663697,FF,4-Seam Fastball,,called_strike,R,R,CIN,CHC,87.40,,,,,,0,0,2024,2024-07
2024-07-31,2024,R,543294,663886,SI,Sinker,walk,ball,R,R,CIN,CHC,88.10,,,,,,3,2,2024,2024-07
2024-07-31,2024,R,543294,663886,FF,4-Seam Fastball,,ball,R,R,CIN,CHC,88.70,,,,,,2,2,2024,2024-07
2024-07-31,2024,R,543294,663886,CU,Curveball,,foul,R,R,CIN,CHC,74.50,64.30,-29,,,,2,1,2024,2024-07
2024-07-31,2024,R,543294,663886,SI,Sinker,,ball,R,R,CIN,CHC,87.80,,,,,,1,1,2024,2024-07
2024-07-31,2024,R,543294,663886,CH,Changeup,,ball,R,R,CIN,CHC,80.90,,,,,,0,1,2024,2024-07
2024-07-31,2024,R,543294,663886,CH,Changeup,,foul,R,R,CIN,CHC,80.40,72.80,58,,,,0,0,2024,2024-07
2024-07-31,2024,R,543294,663886,FF,4-Seam Fastball,strikeout,swinging_strike,R,R,CIN,CHC,89.90,,,,,,3,2,2024,2024-07
2024-07-31,2024,R,543294,663886,SI,Sinker,,ball,R,R,CIN,CHC,90.00,,,,,,2,2,2024,2024-07
2024-07-31,2024,R,543294,663886,CH,Changeup,,foul,R,R,CIN,CHC,81.40,88.30,-6,,,,2,1,2024,2024-07
2024-07-31,2024,R,543294,663886,SI,Sinker,,ball,R,R,CIN,CHC,88.60,,,,,,1,1,2024,2024-07
2024-07-31,2024,R,543294,663886,CU,Curveball,,ball,R,R,CIN,CHC,75.40,,,,,,0,1,2024,2024-07
2024-07-31,2024,R,543294,663886,SI,Sinker,,called_strike,R,R,CIN,CHC,87.80,,,,,,0,0,2024,2024-07
2024-07-31,2024,R,543294,666181,SI,Sinker,field_out,hit_into_play,L,R,CIN,CHC,86.80,89.40,39,51.43,100.13,fly_ball,0,1,2024,2024-07
2024-07-31,2024,R,543294,666181,SI,Sinker,,foul,L,R,CIN,CHC,87.10,72.10,27,,,,0,0,2024,2024-07
2024-07-31,2024,R,543294,666181,CH,Changeup,strikeout,swinging_strike,L,R,CIN,CHC,82.70,,,,,,3,2,2024,2024-07
2024-07-31,2024,R,543294,666181,FF,4-Seam Fastball,,ball,L,R,CIN,CHC,89.90,,,,,,2,2,2024,2024-07
2024-07-31,2024,R,543294,666181,SI,Sinker,,foul,L,R,CIN,CHC,88.20,,,,,,2,2,2024,2024-07
2024-07-31,2024,R,543294,666181,FF,4-Seam Fastball,,called_strike,L,R,CIN,CHC,88.60,,,,,,2,1,2024,2024-07
2024-07-31,2024,R,543294,666181,SI,Sinker,,foul,L,R,CIN,CHC,87.00,77.80,79,,,,2,0,2024,2024-07
2024-07-31,2024,R,543294,666181,SI,Sinker,,ball,L,R,CIN,CHC,86.90,,,,,,1,0,2024,2024-07
2024-07-31,2024,R,543294,666181,FF,4-Seam Fastball,,ball,L,R,CIN,CHC,88.20,,,,,,0,0,2024,2024-07
2024-07-31,2024,R,543294,668715,CH,Changeup,field_out,hit_into_play,R,R,CIN,CHC,79.50,74.50,39,98.07,102.27,fly_ball,0,1,2024,2024-07
2024-07-31,2024,R,543294,668715,SI,Sinker,,swinging_strike,R,R,CIN,CHC,88.30,,,,,,0,0,2024,2024-07
2024-07-31,2024,R,543294,668715,SI,Sinker,field_out,hit_into_play,R,R,CIN,CHC,88.60,58.60,-39,105.10,163.95,ground_ball,1,2,2024,2024-07
2024-07-31,2024,R,543294,668715,CH,Changeup,,ball,R,R,CIN,CHC,81.40,,,,,,0,2,2024,2024-07
2024-07-31,2024,R,543294,668715,CH,Changeup,,swinging_strike,R,R,CIN,CHC,81.30,,,,,,0,1,2024,2024-07
2024-07-31,2024,R,543294,668715,SI,Sinker,,called_strike,R,R,CIN,CHC,87.70,,,,,,0,0,2024,2024-07
2024-07-31,2024,R,543294,669289,SI,Sinker,single,hit_into_play,R,R,CIN,CHC,87.30,68.70,10,180.02,154.60,ground_ball,0,1,2024,2024-07
2024-07-31,2024,R,543294,669289,CH,Changeup,,foul_tip,R,R,CIN,CHC,79.80,,,,,,0,0,2024,2024-07
2024-07-31,2024,R,543294,669289,CH,Changeup,field_out,hit_into_play,R,R,CIN,CHC,80.90,52.90,-59,118.20,159.57,ground_ball,1,1,2024,2024-07
2024-07-31,2024,R,543294,669289,SI,Sinker,,ball,R,R,CIN,CHC,87.40,,,,,,0,1,2024,2024-07
2024-07-31,2024,R,543294,669289,FF,4-Seam Fastball,,called_strike,R,R,CIN,CHC,86.90,,,,,,0,0,2024,2024-07
2024-07-31,2024,R,543294,670770,SI,Sinker,walk,ball,L,R,CIN,CHC,88.40,,,,,,3,2,2024,2024-07
2024-07-31,2024,R,543294,670770,CH,Changeup,,ball,L,R,CIN,CHC,82.80,,,,,,2,2,2024,2024-07
2024-07-31,2024,R,543294,670770,CH,Changeup,,blocked_ball,L,R,CIN,CHC,82.50,,,,,,1,2,2024,2024-07
2024-07-31,2024,R,543294,670770,CU,Curveball,,foul,L,R,CIN,CHC,74.60,83.40,0,,,,1,1,2024,2024-07
2024-07-31,2024,R,543294,670770,CH,Changeup,,called_strike,L,R,CIN,CHC,81.60,,,,,,1,0,2024,2024-07
2024-07-31,2024,R,543294,670770,SI,Sinker,,ball,L,R,CIN,CHC,87.10,,,,,,0,0,2024,2024-07
2024-07-31,2024,R,543294,670770,SI,Sinker,field_out,hit_into_play,L,R,CIN,CHC,87.10,89.80,-15,154.61,165.88,ground_ball,2,1,2024,2024-07
2024-07-31,2024,R,543294,670770,CU,Curveball,,ball,L,R,CIN,CHC,74.90,,,,,,1,1,2024,2024-07
2024-07-31,2024,R,543294,670770,SI,Sinker,,ball,L,R,CIN,CHC,86.60,,,,,,0,1,2024,2024-07
2024-07-31,2024,R,543294,670770,FF,4-Seam Fastball,,called_strike,L,R,CIN,CHC,87.20,,,,,,0,0,2024,2024-07
2024-07-31,2024,R,543294,682829,FF,4-Seam Fastball,double,hit_into_play,L,R,CIN,CHC,88.60,107.40,18,69.98,64.12,line_drive,1,0,2024,2024-07
2024-07-31,2024,R,543294,682829,CH,Changeup,,ball,L,R,CIN,CHC,81.30,,,,,,0,0,2024,2024-07
2024-07-31,2024,R,543294,682829,FF,4-Seam Fastball,field_out,hit_into_play,L,R,CIN,CHC,88.00,75.00,7,115.01,136.57,ground_ball,1,0,2024,2024-07
2024-07-31,2024,R,543294,682829,FF,4-Seam Fastball,,ball,L,R,CIN,CHC,89.50,,,,,,0,0,2024,2024-07
2024-07-31,2024,R,548389,573262,CH,Changeup,single,hit_into_play,L,R,SF,ATH,83.70,104.10,16,149.67,84.42,line_drive,1,2,2024,2024-07
2024-07-31,2024,R,548389,573262,KC,Knuckle Curve,,foul,L,R,SF,ATH,78.60,99.70,30,,,,1,2,2024,2024-07
2024-07-31,2024,R,548389,573262,FC,Cutter,,foul,L,R,SF,ATH,86.90,,,,,,1,1,2024,2024-07
2024-07-31,2024,R,548389,573262,CH,Changeup,,ball,L,R,SF,ATH,82.80,,,,,,0,1,2024,2024-07
2024-07-31,2024,R,548389,573262,CH,Changeup,,called_strike,L,R,SF,ATH,83.30,,,,,,0,0,2024,2024-07
2024-07-31,2024,R,548389,573262,FF,4-Seam Fastball,field_out,hit_into_play,L,R,SF,ATH,92.20,90.50,65,125.65,148.54,popup,0,2,2024,2024-07
2024-07-31,2024,R,548389,573262,KC,Knuckle Curve,,swinging_strike,L,R,SF,ATH,77.40,,,,,,0,1,2024,2024-07
2024-07-31,2024,R,548389,573262,FF,4-Seam Fastball,,called_strike,L,R,SF,ATH,92.30,,,,,,0,0,2024,2024-07
2024-07-31,2024,R,548389,624424,CH,Changeup,field_out,hit_into_play,L,R,SF,ATH,83.40,74.70,-11,149.48,157.16,ground_ball,0,0,2024,2024-07
2024-07-31,2024,R,548389,624424,SI,Sinker,field_out,hit_into_play,L,R,SF,ATH,89.00,93.10,-10,151.51,160.20,ground_ball,3,1,2024,2024-07
2024-07-31,2024,R,548389,624424,FF,4-Seam Fastball,,called_strike,L,R,SF,ATH,90.00,,,,,,3,0,2024,2024-07
2024-07-31,2024,R,548389,624424,FC,Cutter,,ball,L,R,SF,ATH,85.80,,,,,,2,0,2024,2024-07
2024-07-31,2024,R,548389,624424,CH,Changeup,,ball,L,R,SF,ATH,81.80,,,,,,1,0,2024,2024-07
2024-07-31,2024,R,548389,624424,CH,Changeup,,ball,L,R,SF,ATH,81.60,,,,,,0,0,2024,2024-07
2024-07-31,2024,R,548389,656305,FC,Cutter,walk,ball,R,R,SF,ATH,87.60,,,,,,3,1,2024,2024-07
2024-07-31,2024,R,548389,656305,FC,Cutter,,ball,R,R,SF,ATH,88.80,,,,,,2,1,2024,2024-07
2024-07-31,2024,R,548389,656305,FF,4-Seam Fastball,,ball,R,R,SF,ATH,90.80,,,,,,1,1,2024,2024-07
2024-07-31,2024,R,548389,656305,CH,Changeup,,foul,R,R,SF,ATH,83.00,89.80,61,,,,1,0,2024,2024-07
2024-07-31,2024,R,548389,656305,FF,4-Seam Fastball,,ball,R,R,SF,ATH,91.60,,,,,,0,0,2024,2024-07
2024-07-31,2024,R,548389,656305,FC,Cutter,field_out,hit_into_play,R,R,SF,ATH,89.20,86.90,-4,98.91,145.34,ground_ball,3,2,2024,2024-07
2024-07-31,2024,R,548389,656305,FF,4-Seam Fastball,,foul,R,R,SF,ATH,92.60,76.60,68,,,,3,2,2024,2024-07
2024-07-31,2024,R,548389,656305,CH,Changeup,,foul,R,R,SF,ATH,82.00,72.50,-38,,,,3,2,2024,2024-07
2024-07-31,2024,R,548389,656305,FC,Cutter,,foul,R,R,SF,ATH,85.80,61.00,-18,,,,3,1,2024,2024-07
2024-07-31,2024,R,548389,656305,FF,4-Seam Fastball,,called_strike,R,R,SF,ATH,89.20,,,,,,3,0,2024,2024-07
2024-07-31,2024,R,548389,656305,FC,Cutter,,ball,R,R,SF,ATH,86.80,,,,,,2,0,2024,2024-07
2024-07-31,2024,R,548389,656305,KC,Knuckle Curve,,ball,R,R,SF,ATH,74.10,,,,,,1,0,2024,2024-07
2024-07-31,2024,R,548389,656305,FF,4-Seam Fastball,,ball,R,R,SF,ATH,90.30,,,,,,0,0,2024,2024-07
2024-07-31,2024,R,548389,656305,FF,4-Seam Fastball,double,hit_into_play,R,R,SF,ATH,90.50,109.70,17,70.91,56.91,line_drive,1,0,2024,2024-07
2024-07-31,2024,R,548389,656305,KC,Knuckle Curve,,ball,R,R,SF,ATH,73.90,,,,,,0,0,2024,2024-07
2024-07-31,2024,R,548389,664774,CH,Changeup,field_out,hit_into_play,L,R,SF,ATH,81.70,92.50,47,165.15,85.90,fly_ball,1,1,2024,2024-07
2024-07-31,2024,R,548389,664774,KC,Knuckle Curve,,called_strike,L,R,SF,ATH,77.40,,,,,,1,0,2024,2024-07
2024-07-31,2024,R,548389,664774,FC,Cutter,,ball,L,R,SF,ATH,87.80,,,,,,0,0,2024,2024-07
2024-07-31,2024,R,548389,664774,FF,4-Seam Fastball,double,hit_into_play,L,R,SF,ATH,92.30,102.80,19,97.29,65.36,line_drive,1,2,2024,2024-07
2024-07-31,2024,R,548389,664774,CH,Changeup,,swinging_strike,L,R,SF,ATH,83.60,,,,,,1,1,2024,2024-07
2024-07-31,2024,R,548389,664774,SI,Sinker,,ball,L,R,SF,ATH,90.80,,,,,,0,1,2024,2024-07
2024-07-31,2024,R,548389,664774,FC,Cutter,,called_strike,L,R,SF,ATH,86.70,,,,,,0,0,2024,2024-07
2024-07-31,2024,R,548389,664774,FF,4-Seam Fastball,field_out,hit_into_play,L,R,SF,ATH,91.40,89.00,-27,144.41,158.17,ground_ball,2,2,2024,2024-07
2024-07-31,2024,R,548389,664774,SI,Sinker,,foul,L,R,SF,ATH,89.00,74.90,59,,,,2,1,2024,2024-07
2024-07-31,2024,R,548389,664774,CH,Changeup,,ball,L,R,SF,ATH,82.10,,,,,,1,1,2024,2024-07
2024-07-31,2024,R,548389,664774,FC,Cutter,,foul,L,R,SF,ATH,85.40,110.10,23,,,,1,0,2024,2024-07
2024-07-31,2024,R,548389,664774,FF,4-Seam Fastball,,ball,L,R,SF,ATH,89.60,,,,,,0,0,2024,2024-07
2024-07-31,2024,R,548389,666149,FC,Cutter,field_out,hit_into_play,R,R,SF,ATH,87.30,94.80,22,158.95,67.67,line_drive,2,1,2024,2024-07
2024-07-31,2024,R,548389,666149,FC,Cutter,,ball,R,R,SF,ATH,86.30,,,,,,1,1,2024,2024-07
2024-07-31,2024,R,548389,666149,KC,Knuckle Curve,,called_strike,R,R,SF,ATH,75.30,,,,,,1,0,2024,2024-07
2024-07-31,2024,R,548389,666149,FF,4-Seam Fastball,,ball,R,R,SF,ATH,89.90,,,,,,0,0,2024,2024-07
2024-07-31,2024,R,548389,666149,FC,Cutter,field_out,hit_into_play,R,R,SF,ATH,87.20,83.20,68,167.73,180.98,popup,0,0,2024,2024-07
2024-07-31,2024,R,548389,671218,FC,Cutter,field_out,hit_into_play,R,R,SF,ATH,86.30,74.50,-24,123.63,185.55,ground_ball,1,0,2024,2024-07
2024-07-31,2024,R,548389,671218,KC,Knuckle Curve,,ball,R,R,SF,ATH,75.20,,,,,,0,0,2024,2024-07
2024-07-31,2024,R,548389,671218,KC,Knuckle Curve,field_out,hit_into_play,R,R,SF,ATH,78.90,95.60,-7,107.40,160.71,ground_ball,1,2,2024,2024-07
2024-07-31,2024,R,548389,671218,KC,Knuckle Curve,,ball,R,R,SF,ATH,79.00,,,,,,0,2,2024,2024-07
2024-07-31,2024,R,548389,671218,SI,Sinker,,swinging_strike,R,R,SF,ATH,88.70,,,,,,0,1,2024,2024-07
2024-07-31,2024,R,548389,671218,FF,4-Seam Fastball,,called_strike,R,R,SF,ATH,91.10,,,,,,0,0,2024,2024-07
2024-07-31,2024,R,548389,671218,FC,Cutter,field_out,hit_into_play,R,R,SF,ATH,87.30,101.50,29,125.97,42.35,fly_ball,2,1,2024,2024-07
2024-07-31,2024,R,548389,671218,KC,Knuckle Curve,,ball,R,R,SF,ATH,77.00,,,,,,1,1,2024,2024-07
2024-07-31,2024,R,548389,671218,FC,Cutter,,foul,R,R,SF,ATH,85.90,74.60,52,,,,1,0,2024,2024-07
2024-07-31,2024,R,548389,671218,FC,Cutter,,ball,R,R,SF,ATH,86.20,,,,,,0,0,2024,2024-07
2024-07-31,2024,R,548389,672275,KC,Knuckle Curve,field_out,hit_into_play,L,R,SF,ATH,76.00,82.30,41,71.13,114.89,fly_ball,2,1,2024,2024-07
2024-07-31,2024,R,548389,672275,FC,Cutter,,ball,L,R,SF,ATH,87.00,,,,,,1,1,2024,2024-07
2024-07-31,2024,R,548389,672275,CH,Changeup,,ball,L,R,SF,ATH,82.00,,,,,,0,1,2024,2024-07
2024-07-31,2024,R,548389,672275,CH,Changeup,,swinging_strike,L,R,SF,ATH,82.40,,,,,,0,0,2024,2024-07
2024-07-31,2024,R,548389,672275,SI,Sinker,field_out,hit_into_play,L,R,SF,ATH,89.70,102.00,17,135.07,63.86,line_drive,0,0,2024,2024-07
2024-07-31,2024,R,548389,672275,FC,Cutter,field_out,hit_into_play,L,R,SF,ATH,86.90,87.10,-23,142.38,160.71,ground_ball,3,2,2024,2024-07
2024-07-31,2024,R,548389,672275,SI,Sinker,,ball,L,R,SF,ATH,91.30,,,,,,2,2,2024,2024-07
2024-07-31,2024,R,548389,672275,KC,Knuckle Curve,,ball,L,R,SF,ATH,78.20,,,,,,1,2,2024,2024-07
2024-07-31,2024,R,548389,672275,CH,Changeup,,foul,L,R,SF,ATH,83.00,,,,,,1,1,2024,2024-07
2024-07-31,2024,R,548389,672275,FC,Cutter,,ball,L,R,SF,ATH,86.00,,,,,,0,1,2024,2024-07
2024-07-31,2024,R,548389,672275,KC,Knuckle Curve,,called_strike,L,R,SF,ATH,76.30,,,,,,0,0,2024,2024-07
2024-07-31,2024,R,548389,682617,SI,Sinker,single,hit_into_play,R,R,SF,ATH,89.10,92.60,14,174.83,112.54,line_drive,2,1,2024,2024-07
2024-07-31,2024,R,548389,682617,CH,Changeup,,ball,R,R,SF,ATH,81.90,,,,,,1,1,2024,2024-07
2024-07-31,2024,R,548389,682617,SI,Sinker,,ball,R,R,SF,ATH,88.60,,,,,,0,1,2024,2024-07
2024-07-31,2024,R,548389,682617,FC,Cutter,,called_strike,R,R,SF,ATH,85.50,,,,,,0,0,2024,2024-07
2024-07-31,2024,R,548389,682617,KC,Knuckle Curve,field_out,hit_into_play,R,R,SF,ATH,75.40,104.10,22,153.77,59.13,line_drive,1,1,2024,2024-07
2024-07-31,2024,R,548389,682617,FC,Cutter,,called_strike,R,R,SF,ATH,86.20,,,,,,1,0,2024,2024-07
2024-07-31,2024,R,548389,682617,FF,4-Seam Fastball,,ball,R,R,SF,ATH,90.40,,,,,,0,0,2024,2024-07
2024-07-31,2024,R,548389,689172,FF,4-Seam Fastball,sac_fly,hit_into_play,L,R,SF,ATH,90.50,91.70,32,126.80,60.60,fly_ball,0,1,2024,2024-07
2024-07-31,2024,R,548389,689172,CH,Changeup,,foul,L,R,SF,ATH,83.00,57.80,-50,,,,0,0,2024,2024-07
2024-07-31,2024,R,548389,689172,CH,Changeup,field_out,hit_into_play,L,R,SF,ATH,81.40,70.10,10,132.25,130.96,ground_ball,0,1,2024,2024-07
2024-07-31,2024,R,548389,689172,KC,Knuckle Curve,,called_strike,L,R,SF,ATH,75.60,,,,,,0,0,2024,2024-07
2024-07-31,2024,R,571760,502054,CH,Changeup,field_out,hit_into_play,R,L,STL,TEX,81.10,106.60,8,98.63,142.51,line_drive,1,0,2024,2024-07
2024-07-31,2024,R,571760,502054,CU,Curveball,,ball,R,L,STL,TEX,73.90,,,,,,0,0,2024,2024-07
2024-07-31,2024,R,571760,502054,FF,4-Seam Fastball,single,hit_into_play,R,L,STL,TEX,92.20,103.30,12,84.19,79.19,line_drive,3,2,2024,2024-07
2024-07-31,2024,R,571760,502054,SL,Slider,,ball,R,L,STL,TEX,83.80,,,,,,2,2,2024,2024-07
2024-07-31,2024,R,571760,502054,FF,4-Seam Fastball,,ball,R,L,STL,TEX,92.60,,,,,,1,2,2024,2024-07
2024-07-31,2024,R,571760,502054,CH,Changeup,,foul,R,L,STL,TEX,84.40,72.50,44,,,,1,1,2024,2024-07
2024-07-31,2024,R,571760,502054,FF,4-Seam Fastball,,ball,R,L,STL,TEX,92.40,,,,,,0,1,2024,2024-07
2024-07-31,2024,R,571760,502054,FF,4-Seam Fastball,,swinging_strike,R,L,STL,TEX,92.20,,,,,,0,0,2024,2024-07
2024-07-31,2024,R,571760,502671,FF,4-Seam Fastball,field_out,hit_into_play,R,L,STL,TEX,92.30,91.60,41,113.19,75.82,fly_ball,1,2,2024,2024-07
2024-07-31,2024,R,571760,502671,CH,Changeup,,foul,R,L,STL,TEX,83.60,68.20,23,,,,1,2,2024,2024-07
2024-07-31,2024,R,571760,502671,CH,Changeup,,foul,R,L,STL,TEX,84.30,84.10,-29,,,,1,2,2024,2024-07
2024-07-31,2024,R,571760,502671,SL,Slider,,ball,R,L,STL,TEX,84.10,,,,,,0,2,2024,2024-07
2024-07-31,2024,R,571760,502671,SL,Slider,,swinging_strike,R,L,STL,TEX,83.40,,,,,,0,1,2024,2024-07
2024-07-31,2024,R,571760,502671,CU,Curveball,,called_strike,R,L,STL,TEX,74.90,,,,,,0,0,2024,2024-07
2024-07-31,2024,R,571760,502671,SL,Slider,single,hit_into_play,R,L,STL,TEX,84.30,78.50,37,201.12,131.40,fly_ball,1,2,2024,2024-07
2024-07-31,2024,R,571760,502671,FF,4-Seam Fastball,,foul,R,L,STL,TEX,93.30,78.70,36,,,,1,2,2024,2024-07
2024-07-31,2024,R,571760,502671,CH,Changeup,,foul,R,L,STL,TEX,85.00,74.90,41,,,,1,2,2024,2024-07
2024-07-31,2024,R,571760,502671,SL,Slider,,ball,R,L,STL,TEX,84.60,,,,,,0,2,2024,2024-07
2024-07-31,2024,R,571760,502671,FF,4-Seam Fastball,,foul,R,L,STL,TEX,92.80,77.20,14,,,,0,1,2024,2024-07
2024-07-31,2024,R,571760,502671,FF,4-Seam Fastball,,called_strike,R,L,STL,TEX,93.60,,,,,,0,0,2024,2024-07
2024-07-31,2024,R,571760,571448,CH,Changeup,field_out,hit_into_play,R,L,STL,TEX,82.70,101.60,17,141.33,71.68,line_drive,3,2,2024,2024-07
2024-07-31,2024,R,571760,571448,FF,4-Seam Fastball,,foul,R,L,STL,TEX,91.50,85.80,2,,,,3,2,2024,2024-07
2024-07-31,2024,R,571760,571448,FF,4-Seam Fastball,,foul,R,L,STL,TEX,91.50,80.50,-21,,,,3,1,2024,2024-07
2024-07-31,2024,R,571760,571448,SL,Slider,,ball,R,L,STL,TEX,83.40,,,,,,2,1,2024,2024-07
2024-07-31,2024,R,571760,571448,FF,4-Seam Fastball,,ball,R,L,STL,TEX,92.20,,,,,,1,1,2024,2024-07
2024-07-31,2024,R,571760,571448,FF,4-Seam Fastball,,foul,R,L,STL,TEX,92.10,95.20,45,,,,1,0,2024,2024-07
2024-07-31,2024,R,571760,571448,CH,Changeup,,ball,R,L,STL,TEX,83.80,,,,,,0,0,2024,2024-07
2024-07-31,2024,R,571760,571448,SL,Slider,strikeout,swinging_strike,R,L,STL,TEX,84.70,,,,,,2,2,2024,2024-07
2024-07-31,2024,R,571760,571448,CH,Changeup,,foul,R,L,STL,TEX,83.40,60.70,-76,,,,2,2,2024,2024-07
2024-07-31,2024,R,571760,571448,CH,Changeup,,foul,R,L,STL,TEX,82.60,91.30,31,,,,2,1,2024,2024-07
2024-07-31,2024,R,571760,571448,FF,4-Seam Fastball,,ball,R,L,STL,TEX,91.10,,,,,,1,1,2024,2024-07
2024-07-31,2024,R,571760,571448,FF,4-Seam Fastball,,ball,R,L,STL,TEX,90.70,,,,,,0,1,2024,2024-07
2024-07-31,2024,R,571760,571448,SL,Slider,,called_strike,R,L,STL,TEX,82.10,,,,,,0,0,2024,2024-07
2024-07-31,2024,R,571760,575929,CH,Changeup,double,hit_into_play,R,L,STL,TEX,82.20,87.60,22,31.72,106.88,line_drive,0,0,2024,2024-07
2024-07-31,2024,R,571760,575929,FF,4-Seam Fastball,field_out,hit_into_play,R,L,STL,TEX,92.80,86.50,-14,110.65,146.83,ground_ball,3,2,2024,2024-07
2024-07-31,2024,R,571760,575929,FF,4-Seam Fastball,,foul,R,L,STL,TEX,93.20,80.80,37,,,,3,2,2024,2024-07
2024-07-31,2024,R,571760,575929,FF,4-Seam Fastball,,ball,R,L,STL,TEX,93.10,,,,,,2,2,2024,2024-07
2024-07-31,2024,R,571760,575929,SL,Slider,,ball,R,L,STL,TEX,84.60,,,,,,1,2,2024,2024-07
2024-07-31,2024,R,571760,575929,SL,Slider,,swinging_strike,R,L,STL,TEX,84.10,,,,,,1,1,2024,2024-07
2024-07-31,2024,R,571760,575929,CH,Changeup,,called_strike,R,L,STL,TEX,85.30,,,,,,1,0,2024,2024-07
2024-07-31,2024,R,571760,575929,FF,4-Seam Fastball,,ball,R,L,STL,TEX,93.20,,,,,,0,0,2024,2024-07
2024-07-31,2024,R,571760,575929,SL,Slider,field_out,hit_into_play,R,L,STL,TEX,83.50,95.70,-8,94.94,167.37,ground_ball,0,2,2024,2024-07
2024-07-31,2024,R,571760,575929,FF,4-Seam Fastball,,foul,R,L,STL,TEX,91.70,76.00,8,,,,0,1,2024,2024-07
2024-07-31,2024,R,571760,575929,FF,4-Seam Fastball,,foul,R,L,STL,TEX,92.50,77.00,22,,,,0,0,2024,2024-07
2024-07-31,2024,R,571760,672279,FF,4-Seam Fastball,single,hit_into_play,L,L,STL,TEX,89.80,99.90,1,179.18,99.02,ground_ball,0,0,2024,2024-07
2024-07-31,2024,R,571760,672279,SL,Slider,sac_bunt,hit_into_play,L,L,STL,TEX,83.80,30.30,-42,130.29,190.24,ground_ball,0,0,2024,2024-07
2024-07-31,2024,R,571760,676475,FF,4-Seam Fastball,single,hit_into_play,L,L,STL,TEX,90.70,56.30,33,99.53,135.78,line_drive,0,0,2024,2024-07
2024-07-31,2024,R,571760,676475,SL,Slider,field_out,hit_into_play,L,L,STL,TEX,82.40,99.10,22,99.34,53.38,line_drive,2,2,2024,2024-07
2024-07-31,2024,R,571760,676475,FF,4-Seam Fastball,,ball,L,L,STL,TEX,91.50,,,,,,1,2,2024,2024-07
2024-07-31,2024,R,571760,676475,SL,Slider,,foul,L,L,STL,TEX,84.80,82.00,66,,,,1,2,2024,2024-07
2024-07-31,2024,R,571760,676475,FF,4-Seam Fastball,,foul,L,L,STL,TEX,93.20,77.80,17,,,,1,2,2024,2024-07
2024-07-31,2024,R,571760,676475,FF,4-Seam Fastball,,foul,L,L,STL,TEX,90.50,93.40,50,,,,1,1,2024,2024-07
2024-07-31,2024,R,571760,676475,FF,4-Seam Fastball,,called_strike,L,L,STL,TEX,90.30,,,,,,1,0,2024,2024-07
2024-07-31,2024,R,571760,676475,FF,4-Seam Fastball,,ball,L,L,STL,TEX,90.40,,,,,,0,0,2024,2024-07
2024-07-31,2024,R,571760,676475,SL,Slider,field_out,hit_into_play,L,L,STL,TEX,83.30,83.20,25,178.12,103.03,line_drive,2,1,2024,2024-07
2024-07-31,2024,R,571760,676475,FF,4-Seam Fastball,,ball,L,L,STL,TEX,92.90,,,,,,1,1,2024,2024-07
2024-07-31,2024,R,571760,676475,FF,4-Seam Fastball,,swinging_strike,L,L,STL,TEX,93.00,,,,,,1,0,2024,2024-07
2024-07-31,2024,R,571760,676475,FF,4-Seam Fastball,,ball,L,L,STL,TEX,93.00,,,,,,0,0,2024,2024-07
2024-07-31,2024,R,571760,680977,SL,Slider,field_out,hit_into_play,L,L,STL,TEX,83.50,87.10,-23,144.16,154.46,ground_ball,0,2,2024,2024-07
2024-07-31,2024,R,571760,680977,FF,4-Seam Fastball,,called_strike,L,L,STL,TEX,92.50,,,,,,0,1,2024,2024-07
2024-07-31,2024,R,571760,680977,FF,4-Seam Fastball,,called_strike,L,L,STL,TEX,90.30,,,,,,0,0,2024,2024-07
2024-07-31,2024,R,571760,680977,FF,4-Seam Fastball,single,hit_into_play,L,L,STL,TEX,92.30,95.20,15,132.01,73.63,line_drive,0,1,2024,2024-07
2024-07-31,2024,R,571760,680977,SL,Slider,,called_strike,L,L,STL,TEX,83.10,,,,,,0,0,2024,2024-07
2024-07-31,2024,R,571760,686780,FF,4-Seam Fastball,strikeout,called_strike,R,L,STL,TEX,92.10,,,,,,1,2,2024,2024-07
2024-07-31,2024,R,571760,686780,SL,Slider,,foul_tip,R,L,STL,TEX,84.80,,,,,,1,1,2024,2024-07
2024-07-31,2024,R,571760,686780,FF,4-Seam Fastball,,called_strike,R,L,STL,TEX,91.50,,,,,,1,0,2024,2024-07
2024-07-31,2024,R,571760,686780,FF,4-Seam Fastball,,ball,R,L,STL,TEX,91.70,,,,,,0,0,2024,2024-07
2024-07-31,2024,R,571760,686780,FF,4-Seam Fastball,fielders_choice,hit_into_play,R,L,STL,TEX,93.40,68.10,5,148.73,168.19,ground_ball,2,2,2024,2024-07
2024-07-31,2024,R,571760,686780,SL,Slider,,blocked_ball,R,L,STL,TEX,83.90,,,,,,1,2,2024,2024-07
2024-07-31,2024,R,571760,686780,FF,4-Seam Fastball,,foul,R,L,STL,TEX,93.00,73.20,26,,,,1,2,2024,2024-07
2024-07-31,2024,R,571760,686780,SL,Slider,,foul,R,L,STL,TEX,84.70,91.70,-26,,,,1,1,2024,2024-07
2024-07-31,2024,R,571760,686780,CH,Changeup,,ball,R,L,STL,TEX,85.50,,,,,,0,1,2024,2024-07
2024-07-31,2024,R,571760,686780,SL,Slider,,foul,R,L,STL,TEX,84.00,92.30,-13,,,,0,0,2024,2024-07
2024-07-31,2024,R,571760,691026,FF,4-Seam Fastball,field_out,hit_into_play,R,L,STL,TEX,90.00,84.00,57,141.11,111.73,popup,0,1,2024,2024-07
2024-07-31,2024,R,571760,691026,FF,4-Seam Fastball,,called_strike,R,L,STL,TEX,90.20,,,,,,0,0,2024,2024-07
2024-07-31,2024,R,571760,691026,SL,Slider,walk,ball,R,L,STL,TEX,83.30,,,,,,3,1,2024,2024-07
2024-07-31,2024,R,571760,691026,FF,4-Seam Fastball,,called_strike,R,L,STL,TEX,91.90,,,,,,3,0,2024,2024-07
2024-07-31,2024,R,571760,691026,CH,Changeup,,ball,R,L,STL,TEX,82.30,,,,,,2,0,2024,2024-07
2024-07-31,2024,R,571760,691026,FF,4-Seam Fastball,,ball,R,L,STL,TEX,92.80,,,,,,1,0,2024,2024-07
2024-07-31,2024,R,571760,691026,SL,Slider,,ball,R,L,STL,TEX,84.20,,,,,,0,0,2024,2024-07
2024-07-31,2024,R,571760,691026,FF,4-Seam Fastball,field_out,hit_into_play,R,L,STL,TEX,91.20,54.20,74,142.71,182.82,popup,3,2,2024,2024-07
2024-07-31,2024,R,571760,691026,FF,4-Seam Fastball,,ball,R,L,STL,TEX,91.80,,,,,,2,2,2024,2024-07
2024-07-31,2024,R,571760,691026,SL,Slider,,ball,R,L,STL,TEX,83.00,,,,,,1,2,2024,2024-07
2024-07-31,2024,R,571760,691026,SL,Slider,,swinging_strike,R,L,STL,TEX,83.80,,,,,,1,1,2024,2024-07
2024-07-31,2024,R,571760,691026,FF,4-Seam Fastball,,ball,R,L,STL,TEX,91.00,,,,,,0,1,2024,2024-07
2024-07-31,2024,R,571760,691026,FF,4-Seam Fastball,,swinging_strike,R,L,STL,TEX,91.00,,,,,,0,0,2024,2024-07
2024-07-31,2024,R,571882,545341,SL,Slider,force_out,hit_into_play,R,R,AZ,WSH,88.50,89.70,-15,111.94,149.22,ground_ball,3,2,2024,2024-07
2024-07-31,2024,R,571882,545341,FC,Cutter,,blocked_ball,R,R,AZ,WSH,90.10,,,,,,2,2,2024,2024-07
2024-07-31,2024,R,571882,545341,SL,Slider,,foul,R,R,AZ,WSH,87.60,74.50,37,,,,2,2,2024,2024-07
2024-07-31,2024,R,571882,545341,SL,Slider,,blocked_ball,R,R,AZ,WSH,88.40,,,,,,1,2,2024,2024-07
2024-07-31,2024,R,571882,545341,FC,Cutter,,called_strike,R,R,AZ,WSH,93.00,,,,,,1,1,2024,2024-07
2024-07-31,2024,R,571882,545341,SL,Slider,,ball,R,R,AZ,WSH,88.10,,,,,,0,1,2024,2024-07
2024-07-31,2024,R,571882,545341,SL,Slider,,called_strike,R,R,AZ,WSH,87.30,,,,,,0,0,2024,2024-07
2024-07-31,2024,R,571882,553993,SL,Slider,single,hit_into_play,R,R,AZ,WSH,87.50,78.20,21,76.44,123.24,line_drive,0,2,2024,2024-07
2024-07-31,2024,R,571882,553993,FF,4-Seam Fastball,,foul,R,R,AZ,WSH,96.20,77.80,46,,,,0,1,2024,2024-07
2024-07-31,2024,R,571882,553993,SI,Sinker,,called_strike,R,R,AZ,WSH,94.90,,,,,,0,0,2024,2024-07
2024-07-31,2024,R,571882,645444,SL,Slider,field_out,hit_into_play,L,R,AZ,WSH,88.40,93.00,-6,156.72,164.96,ground_ball,0,1,2024,2024-07
2024-07-31,2024,R,571882,645444,FC,Cutter,,called_strike,L,R,AZ,WSH,90.10,,,,,,0,0,2024,2024-07
2024-07-31,2024,R,571882,656976,FC,Cutter,field_out,hit_into_play,L,R,AZ,WSH,92.20,98.50,-9,151.88,153.46,ground_ball,1,0,2024,2024-07
2024-07-31,2024,R,571882,656976,FC,Cutter,,ball,L,R,AZ,WSH,91.50,,,,,,0,0,2024,2024-07
2024-07-31,2024,R,571882,666971,FF,4-Seam Fastball,field_out,hit_into_play,R,R,AZ,WSH,95.40,87.20,64,130.70,140.75,popup,1,1,2024,2024-07
2024-07-31,2024,R,571882,666971,FF,4-Seam Fastball,,foul,R,R,AZ,WSH,95.10,77.00,67,,,,1,0,2024,2024-07
2024-07-31,2024,R,571882,666971,FC,Cutter,,ball,R,R,AZ,WSH,92.40,,,,,,0,0,2024,2024-07
2024-07-31,2024,R,571882,672695,FC,Cutter,field_out,hit_into_play,L,R,AZ,WSH,88.00,101.40,23,164.42,43.04,fly_ball,0,0,2024,2024-07
2024-07-31,2024,R,571882,682998,CH,Changeup,field_out,hit_into_play,L,R,AZ,WSH,85.90,81.70,46,59.42,119.15,fly_ball,2,2,2024,2024-07
2024-07-31,2024,R,571882,682998,FC,Cutter,,called_strike,L,R,AZ,WSH,91.10,,,,,,2,1,2024,2024-07
2024-07-31,2024,R,571882,682998,FF,4-Seam Fastball,,called_strike,L,R,AZ,WSH,94.40,,,,,,2,0,2024,2024-07
2024-07-31,2024,R,571882,682998,SL,Slider,,ball,L,R,AZ,WSH,87.90,,,,,,1,0,2024,2024-07
2024-07-31,2024,R,571882,682998,SL,Slider,,ball,L,R,AZ,WSH,86.40,,,,,,0,0,2024,2024-07
2024-07-31,2024,R,571948,621566,SI,Sinker,field_out,hit_into_play,L,L,MIL,ATL,89.20,81.90,45,54.29,126.94,fly_ball,3,1,2024,2024-07
2024-07-31,2024,R,571948,621566,SI,Sinker,,called_strike,L,L,MIL,ATL,88.50,,,,,,3,0,2024,2024-07
2024-07-31,2024,R,571948,621566,SI,Sinker,,ball,L,L,MIL,ATL,88.70,,,,,,2,0,2024,2024-07
2024-07-31,2024,R,571948,621566,SV,Slurve,,ball,L,L,MIL,ATL,81.30,,,,,,1,0,2024,2024-07
2024-07-31,2024,R,571948,621566,SV,Slurve,,ball,L,L,MIL,ATL,80.50,,,,,,0,0,2024,2024-07
2024-07-31,2024,R,572143,665782,FC,Cutter,field_out,hit_into_play,R,R,BAL,TOR,86.80,75.70,-13,115.35,155.70,ground_ball,0,1,2024,2024-07
2024-07-31,2024,R,572143,665782,FF,4-Seam Fastball,,swinging_strike,R,R,BAL,TOR,93.20,,,,,,0,0,2024,2024-07
2024-07-31,2024,R,572143,677870,FC,Cutter,grounded_into_double_play,hit_into_play,R,R,BAL,TOR,87.20,100.40,8,148.22,142.76,ground_ball,0,0,2024,2024-07
2024-07-31,2024,R,572143,694388,FF,4-Seam Fastball,single,hit_into_play,L,R,BAL,TOR,96.30,105.60,8,74.84,87.18,line_drive,1,2,2024,2024-07
2024-07-31,2024,R,572143,694388,ST,Sweeper,,foul,L,R,BAL,TOR,83.40,73.00,-9,,,,1,2,2024,2024-07
2024-07-31,2024,R,572143,694388,FF,4-Seam Fastball,,foul,L,R,BAL,TOR,97.10,,,,,,1,2,2024,2024-07
2024-07-31,2024,R,572143,694388,CU,Curveball,,called_strike,L,R,BAL,TOR,78.70,,,,,,1,1,2024,2024-07
2024-07-31,2024,R,572143,694388,FF,4-Seam Fastball,,called_strike,L,R,BAL,TOR,95.40,,,,,,1,0,2024,2024-07
2024-07-31,2024,R,572143,694388,FC,Cutter,,ball,L,R,BAL,TOR,86.90,,,,,,0,0,2024,2024-07
2024-07-31,2024,R,572955,596142,CU,Curveball,single,hit_into_play,R,R,MIL,ATL,86.20,95.20,15,97.66,82.33,line_drive,1,2,2024,2024-07
2024-07-31,2024,R,572955,596142,CU,Curveball,,ball,R,R,MIL,ATL,85.80,,,,,,0,2,2024,2024-07
2024-07-31,2024,R,572955,596142,CU,Curveball,,called_strike,R,R,MIL,ATL,86.10,,,,,,0,1,2024,2024-07
2024-07-31,2024,R,572955,596142,CU,Curveball,,called_strike,R,R,MIL,ATL,85.00,,,,,,0,0,2024,2024-07
2024-07-31,2024,R,572955,642715,CU,Curveball,strikeout,foul_tip,R,R,MIL,ATL,88.10,,,,,,3,2,2024,2024-07
2024-07-31,2024,R,572955,642715,CU,Curveball,,foul,R,R,MIL,ATL,86.80,71.40,51,,,,3,2,2024,2024-07
2024-07-31,2024,R,572955,642715,FF,4-Seam Fastball,,ball,R,R,MIL,ATL,97.00,,,,,,2,2,2024,2024-07
2024-07-31,2024,R,572955,642715,CU,Curveball,,foul,R,R,MIL,ATL,86.80,84.90,-22,,,,2,1,2024,2024-07
2024-07-31,2024,R,572955,642715,CU,Curveball,,foul,R,R,MIL,ATL,86.10,72.20,13,,,,2,0,2024,2024-07
2024-07-31,2024,R,572955,642715,CU,Curveball,,ball,R,R,MIL,ATL,86.40,,,,,,1,0,2024,2024-07
2024-07-31,2024,R,572955,642715,CU,Curveball,,ball,R,R,MIL,ATL,86.70,,,,,,0,0,2024,2024-07
2024-07-31,2024,R,572955,655316,CU,Curveball,strikeout,swinging_strike_blocked,R,R,MIL,ATL,88.00,,,,,,1,2,2024,2024-07
2024-07-31,2024,R,572955,655316,FF,4-Seam Fastball,,ball,R,R,MIL,ATL,96.20,,,,,,0,2,2024,2024-07
2024-07-31,2024,R,572955,655316,FF,4-Seam Fastball,,swinging_strike,R,R,MIL,ATL,97.10,,,,,,0,1,2024,2024-07
2024-07-31,2024,R,572955,655316,CU,Curveball,,foul,R,R,MIL,ATL,85.40,71.30,49,,,,0,0,2024,2024-07
2024-07-31,2024,R,572955,656555,CU,Curveball,field_out,hit_into_play,R,R,MIL,ATL,84.80,86.30,3,97.82,154.16,ground_ball,0,1,2024,2024-07
2024-07-31,2024,R,572955,656555,FC,Cutter,,called_strike,R,R,MIL,ATL,92.00,,,,,,0,0,2024,2024-07
2024-07-31,2024,R,572955,661388,CU,Curveball,walk,blocked_ball,R,R,MIL,ATL,86.50,,,,,,3,1,2024,2024-07
2024-07-31,2024,R,572955,661388,FF,4-Seam Fastball,,foul,R,R,MIL,ATL,95.80,,,,,,3,0,2024,2024-07
2024-07-31,2024,R,572955,661388,CU,Curveball,,ball,R,R,MIL,ATL,86.10,,,,,,2,0,2024,2024-07
2024-07-31,2024,R,572955,661388,CU,Curveball,,ball,R,R,MIL,ATL,85.70,,,,,,1,0,2024,2024-07
2024-07-31,2024,R,572955,661388,CU,Curveball,,ball,R,R,MIL,ATL,84.30,,,,,,0,0,2024,2024-07
2024-07-31,2024,R,572955,694192,CU,Curveball,field_out,hit_into_play,R,R,MIL,ATL,85.60,54.50,-36,129.30,186.22,ground_ball,2,2,2024,2024-07
2024-07-31,2024,R,572955,694192,FC,Cutter,,ball,R,R,MIL,ATL,92.20,,,,,,1,2,2024,2024-07
2024-07-31,2024,R,572955,694192,CU,Curveball,,called_strike,R,R,MIL,ATL,85.00,,,,,,1,1,2024,2024-07
2024-07-31,2024,R,572955,694192,CU,Curveball,,ball,R,R,MIL,ATL,84.30,,,,,,0,1,2024,2024-07
2024-07-31,2024,R,572955,694192,CU,Curveball,,called_strike,R,R,MIL,ATL,83.70,,,,,,0,0,2024,2024-07
2024-07-31,2024,R,592094,605113,FF,4-Seam Fastball,field_out,hit_into_play,R,R,SD,LAD,95.30,98.60,50,93.69,88.80,fly_ball,0,0,2024,2024-07
2024-07-31,2024,R,592094,660271,CH,Changeup,field_out,hit_into_play,L,R,SD,LAD,89.80,88.20,12,156.99,143.01,line_drive,0,1,2024,2024-07
2024-07-31,2024,R,592094,660271,SL,Slider,,called_strike,L,R,SD,LAD,83.30,,,,,,0,0,2024,2024-07
2024-07-31,2024,R,592094,669257,SL,Slider,field_out,hit_into_play,R,R,SD,LAD,84.00,98.30,40,168.69,73.99,fly_ball,1,1,2024,2024-07
2024-07-31,2024,R,592094,669257,FF,4-Seam Fastball,,called_strike,R,R,SD,LAD,95.10,,,,,,1,0,2024,2024-07
2024-07-31,2024,R,592094,669257,FF,4-Seam Fastball,,ball,R,R,SD,LAD,95.50,,,,,,0,0,2024,2024-07
2024-07-31,2024,R,592454,656941,CH,Changeup,strikeout,swinging_strike_blocked,L,R,PHI,NYY,88.00,,,,,,1,2,2024,2024-07
2024-07-31,2024,R,592454,656941,CH,Changeup,,foul,L,R,PHI,NYY,86.60,4.30,-48,,,,1,1,2024,2024-07
2024-07-31,2024,R,592454,656941,CH,Changeup,,called_strike,L,R,PHI,NYY,87.50,,,,,,1,0,2024,2024-07
2024-07-31,2024,R,592454,656941,CH,Changeup,,ball,L,R,PHI,NYY,85.60,,,,,,0,0,2024,2024-07
2024-07-31,2024,R,592454,669016,CH,Changeup,walk,ball,L,R,PHI,NYY,88.20,,,,,,3,2,2024,2024-07
2024-07-31,2024,R,592454,669016,CH,Changeup,,swinging_strike,L,R,PHI,NYY,87.20,,,,,,3,1,2024,2024-07
2024-07-31,2024,R,592454,669016,FF,4-Seam Fastball,,ball,L,R,PHI,NYY,93.40,,,,,,2,1,2024,2024-07
2024-07-31,2024,R,592454,669016,CH,Changeup,,swinging_strike,L,R,PHI,NYY,87.50,,,,,,2,0,2024,2024-07
2024-07-31,2024,R,592454,669016,FF,4-Seam Fastball,,ball,L,R,PHI,NYY,93.10,,,,,,1,0,2024,2024-07
2024-07-31,2024,R,592454,669016,CH,Changeup,,ball,L,R,PHI,NYY,86.80,,,,,,0,0,2024,2024-07
2024-07-31,2024,R,592454,669720,CH,Changeup,field_out,hit_into_play,R,R,PHI,NYY,86.00,98.60,44,28.40,104.08,fly_ball,0,0,2024,2024-07
2024-07-31,2024,R,592767,600869,KC,Knuckle Curve,strikeout,swinging_strike,R,L,CIN,CHC,81.00,,,,,,1,2,2024,2024-07
2024-07-31,2024,R,592767,600869,KC,Knuckle Curve,,ball,R,L,CIN,CHC,79.60,,,,,,0,2,2024,2024-07
2024-07-31,2024,R,592767,600869,KC,Knuckle Curve,,called_strike,R,L,CIN,CHC,79.90,,,,,,0,1,2024,2024-07
2024-07-31,2024,R,592767,600869,KC,Knuckle Curve,,called_strike,R,L,CIN,CHC,79.30,,,,,,0,0,2024,2024-07
2024-07-31,2024,R,592767,641584,KC,Knuckle Curve,field_out,hit_into_play,L,L,CIN,CHC,81.00,86.40,-29,158.85,167.09,ground_ball,0,1,2024,2024-07
2024-07-31,2024,R,592767,641584,KC,Knuckle Curve,,foul,L,L,CIN,CHC,80.00,68.10,-32,,,,0,0,2024,2024-07
2024-07-31,2024,R,592767,663886,SI,Sinker,field_out,hit_into_play,R,L,CIN,CHC,91.10,101.10,22,114.97,51.35,line_drive,1,1,2024,2024-07
2024-07-31,2024,R,592767,663886,FC,Cutter,,ball,R,L,CIN,CHC,89.50,,,,,,0,1,2024,2024-07
2024-07-31,2024,R,592767,663886,SI,Sinker,,called_strike,R,L,CIN,CHC,90.60,,,,,,0,0,2024,2024-07
2024-07-31,2024,R,592767,668715,SI,Sinker,field_out,hit_into_play,R,L,CIN,CHC,91.70,90.70,28,113.84,66.94,fly_ball,2,2,2024,2024-07
2024-07-31,2024,R,592767,668715,SI,Sinker,,foul,R,L,CIN,CHC,91.40,80.50,60,,,,2,1,2024,2024-07
2024-07-31,2024,R,592767,668715,FF,4-Seam Fastball,,ball,R,L,CIN,CHC,89.80,,,,,,1,1,2024,2024-07
2024-07-31,2024,R,592767,668715,SI,Sinker,,called_strike,R,L,CIN,CHC,91.80,,,,,,1,0,2024,2024-07
2024-07-31,2024,R,592767,668715,SI,Sinker,,ball,R,L,CIN,CHC,92.70,,,,,,0,0,2024,2024-07
2024-07-31,2024,R,592767,670770,SI,Sinker,field_out,hit_into_play,L,L,CIN,CHC,92.10,77.30,26,79.04,118.36,line_drive,3,2,2024,2024-07
2024-07-31,2024,R,592767,670770,SI,Sinker,,foul,L,L,CIN,CHC,92.00,76.20,78,,,,3,2,2024,2024-07
2024-07-31,2024,R,592767,670770,KC,Knuckle Curve,,ball,L,L,CIN,CHC,80.90,,,,,,2,2,2024,2024-07
2024-07-31,2024,R,592767,670770,SI,Sinker,,swinging_strike,L,L,CIN,CHC,92.00,,,,,,2,1,2024,2024-07
2024-07-31,2024,R,592767,670770,KC,Knuckle Curve,,ball,L,L,CIN,CHC,80.50,,,,,,1,1,2024,2024-07
2024-07-31,2024,R,592767,670770,FF,4-Seam Fastball,,ball,L,L,CIN,CHC,90.10,,,,,,0,1,2024,2024-07
2024-07-31,2024,R,592767,670770,SI,Sinker,,called_strike,L,L,CIN,CHC,92.20,,,,,,0,0,2024,2024-07
2024-07-31,2024,R,592767,682829,SI,Sinker,field_out,hit_into_play,R,L,CIN,CHC,91.80,63.70,57,171.07,164.09,popup,1,1,2024,2024-07
2024-07-31,2024,R,592767,682829,SI,Sinker,,called_strike,R,L,CIN,CHC,91.60,,,,,,1,0,2024,2024-07
2024-07-31,2024,R,592767,682829,SI,Sinker,,ball,R,L,CIN,CHC,91.70,,,,,,0,0,2024,2024-07
2024-07-31,2024,R,596001,542194,SI,Sinker,walk,ball,R,R,CIN,CHC,92.70,,,,,,3,2,2024,2024-07
2024-07-31,2024,R,596001,542194,ST,Sweeper,,ball,R,R,CIN,CHC,84.80,,,,,,2,2,2024,2024-07
2024-07-31,2024,R,596001,542194,FF,4-Seam Fastball,,ball,R,R,CIN,CHC,93.60,,,,,,1,2,2024,2024-07
2024-07-31,2024,R,596001,542194,ST,Sweeper,,blocked_ball,R,R,CIN,CHC,84.80,,,,,,0,2,2024,2024-07
2024-07-31,2024,R,596001,542194,ST,Sweeper,,foul_tip,R,R,CIN,CHC,84.70,,,,,,0,1,2024,2024-07
2024-07-31,2024,R,596001,542194,ST,Sweeper,,swinging_strike,R,R,CIN,CHC,83.30,,,,,,0,0,2024,2024-07
2024-07-31,2024,R,596001,621020,SI,Sinker,strikeout,swinging_strike,R,R,CIN,CHC,92.80,,,,,,3,2,2024,2024-07
2024-07-31,2024,R,596001,621020,SI,Sinker,,swinging_strike,R,R,CIN,CHC,92.70,,,,,,3,1,2024,2024-07
2024-07-31,2024,R,596001,621020,ST,Sweeper,,ball,R,R,CIN,CHC,83.30,,,,,,2,1,2024,2024-07
2024-07-31,2024,R,596001,621020,ST,Sweeper,,called_strike,R,R,CIN,CHC,82.60,,,,,,2,0,2024,2024-07
2024-07-31,2024,R,596001,621020,SI,Sinker,,ball,R,R,CIN,CHC,92.10,,,,,,1,0,2024,2024-07
2024-07-31,2024,R,596001,621020,SI,Sinker,,ball,R,R,CIN,CHC,92.80,,,,,,0,0,2024,2024-07
2024-07-31,2024,R,596001,621550,CH,Changeup,strikeout,called_strike,R,R,CIN,CHC,88.70,,,,,,3,2,2024,2024-07
2024-07-31,2024,R,596001,621550,SI,Sinker,,foul,R,R,CIN,CHC,91.20,72.30,42,,,,3,2,2024,2024-07
2024-07-31,2024,R,596001,621550,ST,Sweeper,,ball,R,R,CIN,CHC,82.60,,,,,,2,2,2024,2024-07
2024-07-31,2024,R,596001,621550,CH,Changeup,,foul,R,R,CIN,CHC,86.50,85.70,-17,,,,2,2,2024,2024-07
2024-07-31,2024,R,596001,621550,ST,Sweeper,,ball,R,R,CIN,CHC,83.40,,,,,,1,2,2024,2024-07
2024-07-31,2024,R,596001,621550,ST,Sweeper,,ball,R,R,CIN,CHC,82.90,,,,,,0,2,2024,2024-07
2024-07-31,2024,R,596001,621550,ST,Sweeper,,swinging_strike,R,R,CIN,CHC,81.80,,,,,,0,1,2024,2024-07
2024-07-31,2024,R,596001,621550,SI,Sinker,,called_strike,R,R,CIN,CHC,90.00,,,,,,0,0,2024,2024-07
2024-07-31,2024,R,596001,641355,CH,Changeup,field_out,hit_into_play,L,R,CIN,CHC,85.90,89.00,26,175.93,76.82,fly_ball,1,0,2024,2024-07
2024-07-31,2024,R,596001,641355,CH,Changeup,,ball,L,R,CIN,CHC,85.60,,,,,,0,0,2024,2024-07
2024-07-31,2024,R,596001,663538,ST,Sweeper,single,hit_into_play,R,R,CIN,CHC,83.20,81.90,17,154.94,90.81,line_drive,2,2,2024,2024-07
2024-07-31,2024,R,596001,663538,FF,4-Seam Fastball,,ball,R,R,CIN,CHC,94.10,,,,,,1,2,2024,2024-07
2024-07-31,2024,R,596001,663538,ST,Sweeper,,ball,R,R,CIN,CHC,84.30,,,,,,0,2,2024,2024-07
2024-07-31,2024,R,596001,663538,ST,Sweeper,,called_strike,R,R,CIN,CHC,83.00,,,,,,0,1,2024,2024-07
2024-07-31,2024,R,596001,663538,ST,Sweeper,,called_strike,R,R,CIN,CHC,83.30,,,,,,0,0,2024,2024-07
2024-07-31,2024,R,596001,670623,SI,Sinker,double,hit_into_play,R,R,CIN,CHC,90.70,101.00,21,26.02,104.72,line_drive,1,1,2024,2024-07
2024-07-31,2024,R,596001,670623,ST,Sweeper,,ball,R,R,CIN,CHC,81.30,,,,,,0,1,2024,2024-07
2024-07-31,2024,R,596001,670623,ST,Sweeper,,called_strike,R,R,CIN,CHC,80.30,,,,,,0,0,2024,2024-07
2024-07-31,2024,R,596001,673548,ST,Sweeper,double,hit_into_play,R,R,CIN,CHC,83.10,101.20,9,106.09,77.08,line_drive,1,2,2024,2024-07
2024-07-31,2024,R,596001,673548,ST,Sweeper,,called_strike,R,R,CIN,CHC,82.00,,,,,,1,1,2024,2024-07
2024-07-31,2024,R,596001,673548,ST,Sweeper,,foul,R,R,CIN,CHC,82.20,65.40,64,,,,1,0,2024,2024-07
2024-07-31,2024,R,596001,673548,SI,Sinker,,ball,R,R,CIN,CHC,91.20,,,,,,0,0,2024,2024-07
2024-07-31,2024,R,596001,691718,CH,Changeup,double,hit_into_play,L,R,CIN,CHC,87.50,102.90,20,74.22,55.68,line_drive,1,1,2024,2024-07
2024-07-31,2024,R,596001,691718,SI,Sinker,,ball,L,R,CIN,CHC,92.60,,,,,,0,1,2024,2024-07
2024-07-31,2024,R,596001,691718,SI,Sinker,,foul,L,R,CIN,CHC,92.10,77.50,18,,,,0,0,2024,2024-07
2024-07-31,2024,R,596133,592206,CH,Changeup,field_out,hit_into_play,R,R,PHI,NYY,90.80,84.30,-4,98.57,163.40,ground_ball,2,2,2024,2024-07
2024-07-31,2024,R,596133,592206,FF,4-Seam Fastball,,foul,R,R,PHI,NYY,96.90,74.40,58,,,,2,2,2024,2024-07
2024-07-31,2024,R,596133,592206,FF,4-Seam Fastball,,ball,R,R,PHI,NYY,97.10,,,,,,1,2,2024,2024-07
2024-07-31,2024,R,596133,592206,CH,Changeup,,swinging_strike,R,R,PHI,NYY,89.90,,,,,,1,1,2024,2024-07
2024-07-31,2024,R,596133,592206,CH,Changeup,,blocked_ball,R,R,PHI,NYY,89.30,,,,,,0,1,2024,2024-07
2024-07-31,2024,R,596133,592206,CH,Changeup,,foul,R,R,PHI,NYY,89.00,,,,,,0,0,2024,2024-07
2024-07-31,2024,R,596133,596117,CH,Changeup,field_out,hit_into_play,L,R,PHI,NYY,88.20,70.80,-13,151.90,169.00,ground_ball,1,2,2024,2024-07
2024-07-31,2024,R,596133,596117,CH,Changeup,,swinging_strike,L,R,PHI,NYY,88.10,,,,,,1,1,2024,2024-07
2024-07-31,2024,R,596133,596117,FC,Cutter,,ball,L,R,PHI,NYY,93.10,,,,,,0,1,2024,2024-07
2024-07-31,2024,R,596133,596117,FF,4-Seam Fastball,,called_strike,L,R,PHI,NYY,95.40,,,,,,0,0,2024,2024-07
2024-07-31,2024,R,596133,624641,FF,4-Seam Fastball,field_out,hit_into_play,R,R,PHI,NYY,93.90,94.40,50,174.00,94.22,fly_ball,0,0,2024,2024-07
2024-07-31,2024,R,596133,664761,CH,Changeup,triple,hit_into_play,R,R,PHI,NYY,88.40,103.20,25,159.50,40.74,fly_ball,3,2,2024,2024-07
2024-07-31,2024,R,596133,664761,FF,4-Seam Fastball,,ball,R,R,PHI,NYY,96.90,,,,,,2,2,2024,2024-07
2024-07-31,2024,R,596133,664761,CH,Changeup,,ball,R,R,PHI,NYY,89.50,,,,,,1,2,2024,2024-07
2024-07-31,2024,R,596133,664761,CH,Changeup,,foul,R,R,PHI,NYY,88.60,80.20,-42,,,,1,1,2024,2024-07
2024-07-31,2024,R,596133,664761,FF,4-Seam Fastball,,ball,R,R,PHI,NYY,95.10,,,,,,0,1,2024,2024-07
2024-07-31,2024,R,596133,664761,FF,4-Seam Fastball,,foul,R,R,PHI,NYY,96.30,78.10,69,,,,0,0,2024,2024-07
2024-07-31,2024,R,596133,681082,CH,Changeup,single,hit_into_play,L,R,PHI,NYY,87.40,93.30,16,114.13,71.96,line_drive,2,2,2024,2024-07
2024-07-31,2024,R,596133,681082,FF,4-Seam Fastball,,ball,L,R,PHI,NYY,95.30,,,,,,1,2,2024,2024-07
2024-07-31,2024,R,596133,681082,FF,4-Seam Fastball,,foul,L,R,PHI,NYY,93.30,67.30,75,,,,1,1,2024,2024-07
2024-07-31,2024,R,596133,681082,FC,Cutter,,swinging_strike,L,R,PHI,NYY,91.80,,,,,,1,0,2024,2024-07
2024-07-31,2024,R,596133,681082,FF,4-Seam Fastball,,ball,L,R,PHI,NYY,95.20,,,,,,0,0,2024,2024-07
2024-07-31,2024,R,600917,502054,SL,Slider,double,hit_into_play,R,R,STL,TEX,81.30,103.60,15,31.28,89.98,line_drive,3,2,2024,2024-07
2024-07-31,2024,R,600917,502054,FF,4-Seam Fastball,,foul,R,R,STL,TEX,96.90,81.80,32,,,,3,2,2024,2024-07
2024-07-31,2024,R,600917,502054,CH,Changeup,,blocked_ball,R,R,STL,TEX,88.00,,,,,,2,2,2024,2024-07
2024-07-31,2024,R,600917,502054,SL,Slider,,foul,R,R,STL,TEX,81.20,71.70,-43,,,,2,2,2024,2024-07
2024-07-31,2024,R,600917,502054,FC,Cutter,,ball,R,R,STL,TEX,87.70,,,,,,1,2,2024,2024-07
2024-07-31,2024,R,600917,502054,SI,Sinker,,called_strike,R,R,STL,TEX,95.80,,,,,,1,1,2024,2024-07
2024-07-31,2024,R,600917,502054,FF,4-Seam Fastball,,foul,R,R,STL,TEX,95.40,78.00,57,,,,1,0,2024,2024-07
2024-07-31,2024,R,600917,502054,SL,Slider,,ball,R,R,STL,TEX,80.00,,,,,,0,0,2024,2024-07
2024-07-31,2024,R,600917,502671,SL,Slider,strikeout,called_strike,R,R,STL,TEX,82.00,,,,,,2,2,2024,2024-07
2024-07-31,2024,R,600917,502671,FF,4-Seam Fastball,,foul,R,R,STL,TEX,96.60,70.80,50,,,,2,2,2024,2024-07
2024-07-31,2024,R,600917,502671,CH,Changeup,,foul,R,R,STL,TEX,88.00,94.40,-30,,,,2,2,2024,2024-07
2024-07-31,2024,R,600917,502671,SL,Slider,,blocked_ball,R,R,STL,TEX,81.10,,,,,,1,2,2024,2024-07
2024-07-31,2024,R,600917,502671,SI,Sinker,,foul,R,R,STL,TEX,95.60,75.00,12,,,,1,1,2024,2024-07
2024-07-31,2024,R,600917,502671,SI,Sinker,,blocked_ball,R,R,STL,TEX,94.20,,,,,,0,1,2024,2024-07
2024-07-31,2024,R,600917,502671,SL,Slider,,called_strike,R,R,STL,TEX,82.90,,,,,,0,0,2024,2024-07
2024-07-31,2024,R,600917,571448,FF,4-Seam Fastball,single,hit_into_play,R,R,STL,TEX,95.70,87.00,13,171.06,97.49,line_drive,2,2,2024,2024-07
2024-07-31,2024,R,600917,571448,CH,Changeup,,blocked_ball,R,R,STL,TEX,87.40,,,,,,1,2,2024,2024-07
2024-07-31,2024,R,600917,571448,SL,Slider,,foul,R,R,STL,TEX,79.80,63.50,24,,,,1,2,2024,2024-07
2024-07-31,2024,R,600917,571448,SL,Slider,,ball,R,R,STL,TEX,80.10,,,,,,0,2,2024,2024-07
2024-07-31,2024,R,600917,571448,FF,4-Seam Fastball,,called_strike,R,R,STL,TEX,94.80,,,,,,0,1,2024,2024-07
2024-07-31,2024,R,600917,571448,SL,Slider,,foul,R,R,STL,TEX,79.10,78.60,6,,,,0,0,2024,2024-07
2024-07-31,2024,R,600917,680977,FF,4-Seam Fastball,single,hit_into_play,L,R,STL,TEX,96.00,70.70,38,111.71,102.30,fly_ball,3,2,2024,2024-07
2024-07-31,2024,R,600917,680977,CH,Changeup,,ball,L,R,STL,TEX,89.60,,,,,,2,2,2024,2024-07
2024-07-31,2024,R,600917,680977,SL,Slider,,foul,L,R,STL,TEX,81.60,100.80,25,,,,2,2,2024,2024-07
2024-07-31,2024,R,600917,680977,CH,Changeup,,blocked_ball,L,R,STL,TEX,89.00,,,,,,1,2,2024,2024-07
2024-07-31,2024,R,600917,680977,CH,Changeup,,swinging_strike,L,R,STL,TEX,88.30,,,,,,1,1,2024,2024-07
2024-07-31,2024,R,600917,680977,FC,Cutter,,foul,L,R,STL,TEX,90.20,69.60,-22,,,,1,0,2024,2024-07
2024-07-31,2024,R,600917,680977,FF,4-Seam Fastball,,ball,L,R,STL,TEX,94.90,,,,,,0,0,2024,2024-07
2024-07-31,2024,R,605280,547180,SL,Slider,grounded_into_double_play,hit_into_play,L,R,PHI,NYY,87.90,99.60,-11,147.84,155.26,ground_ball,0,0,2024,2024-07
2024-07-31,2024,R,605280,656941,SI,Sinker,single,hit_into_play,L,R,PHI,NYY,97.60,109.30,0,132.86,119.83,ground_ball,0,1,2024,2024-07
2024-07-31,2024,R,605280,656941,SI,Sinker,,called_strike,L,R,PHI,NYY,96.00,,,,,,0,0,2024,2024-07
2024-07-31,2024,R,605280,669720,ST,Sweeper,field_out,hit_into_play,R,R,PHI,NYY,84.20,91.40,39,52.93,81.60,fly_ball,1,2,2024,2024-07
2024-07-31,2024,R,605280,669720,SI,Sinker,,called_strike,R,R,PHI,NYY,97.30,,,,,,1,1,2024,2024-07
2024-07-31,2024,R,605280,669720,SL,Slider,,swinging_strike,R,R,PHI,NYY,86.70,,,,,,1,0,2024,2024-07
2024-07-31,2024,R,605280,669720,SL,Slider,,ball,R,R,PHI,NYY,87.30,,,,,,0,0,2024,2024-07
2024-07-31,2024,R,606930,606466,FC,Cutter,field_out,hit_into_play,L,R,AZ,WSH,90.10,93.20,-26,152.48,155.88,ground_ball,3,2,2024,2024-07
2024-07-31,2024,R,606930,606466,FF,4-Seam Fastball,,ball,L,R,AZ,WSH,95.10,,,,,,2,2,2024,2024-07
2024-07-31,2024,R,606930,606466,FC,Cutter,,foul,L,R,AZ,WSH,89.80,111.60,10,,,,2,1,2024,2024-07
2024-07-31,2024,R,606930,606466,FF,4-Seam Fastball,,ball,L,R,AZ,WSH,93.50,,,,,,1,1,2024,2024-07
2024-07-31,2024,R,606930,606466,FF,4-Seam Fastball,,foul,L,R,AZ,WSH,96.00,75.40,36,,,,1,0,2024,2024-07
2024-07-31,2024,R,606930,606466,FC,Cutter,,ball,L,R,AZ,WSH,93.00,,,,,,0,0,2024,2024-07
2024-07-31,2024,R,606930,645444,FF,4-Seam Fastball,double,hit_into_play,L,R,AZ,WSH,94.90,99.60,15,169.00,53.00,line_drive,2,2,2024,2024-07
2024-07-31,2024,R,606930,645444,FF,4-Seam Fastball,,foul,L,R,AZ,WSH,95.00,,,,,,2,1,2024,2024-07
2024-07-31,2024,R,606930,645444,FF,4-Seam Fastball,,swinging_strike,L,R,AZ,WSH,95.40,,,,,,2,0,2024,2024-07
2024-07-31,2024,R,606930,645444,FC,Cutter,,ball,L,R,AZ,WSH,90.90,,,,,,1,0,2024,2024-07
2024-07-31,2024,R,606930,645444,FF,4-Seam Fastball,,ball,L,R,AZ,WSH,95.20,,,,,,0,0,2024,2024-07
2024-07-31,2024,R,606930,672695,FC,Cutter,single,hit_into_play,L,R,AZ,WSH,90.60,78.70,15,86.35,115.31,line_drive,2,1,2024,2024-07
2024-07-31,2024,R,606930,672695,FC,Cutter,,foul,L,R,AZ,WSH,88.00,83.80,-24,,,,2,0,2024,2024-07
2024-07-31,2024,R,606930,672695,FF,4-Seam Fastball,,ball,L,R,AZ,WSH,94.90,,,,,,1,0,2024,2024-07
2024-07-31,2024,R,606930,672695,FC,Cutter,,ball,L,R,AZ,WSH,90.90,,,,,,0,0,2024,2024-07
2024-07-31,2024,R,606930,682998,FC,Cutter,single,hit_into_play,L,R,AZ,WSH,92.00,83.20,-36,163.98,112.92,ground_ball,1,2,2024,2024-07
2024-07-31,2024,R,606930,682998,FC,Cutter,,foul,L,R,AZ,WSH,92.20,93.80,-32,,,,1,2,2024,2024-07
2024-07-31,2024,R,606930,682998,FF,4-Seam Fastball,,ball,L,R,AZ,WSH,94.60,,,,,,0,2,2024,2024-07
2024-07-31,2024,R,606930,682998,FC,Cutter,,called_strike,L,R,AZ,WSH,91.00,,,,,,0,1,2024,2024-07
2024-07-31,2024,R,606930,682998,FF,4-Seam Fastball,,called_strike,L,R,AZ,WSH,93.90,,,,,,0,0,2024,2024-07
2024-07-31,2024,R,607536,592273,KC,Knuckle Curve,strikeout,swinging_strike,R,L,LAA,COL,85.70,,,,,,3,2,2024,2024-07
2024-07-31,2024,R,607536,592273,SI,Sinker,,ball,R,L,LAA,COL,93.20,,,,,,2,2,2024,2024-07
2024-07-31,2024,R,607536,592273,KC,Knuckle Curve,,blocked_ball,R,L,LAA,COL,85.00,,,,,,1,2,2024,2024-07
2024-07-31,2024,R,607536,592273,SI,Sinker,,foul,R,L,LAA,COL,91.90,77.90,-40,,,,1,1,2024,2024-07
2024-07-31,2024,R,607536,592273,KC,Knuckle Curve,,ball,R,L,LAA,COL,84.70,,,,,,0,1,2024,2024-07
2024-07-31,2024,R,607536,592273,SI,Sinker,,swinging_strike,R,L,LAA,COL,91.00,,,,,,0,0,2024,2024-07
2024-07-31,2024,R,607536,592273,SI,Sinker,field_out,hit_into_play,R,L,LAA,COL,91.40,81.80,-40,116.46,163.60,ground_ball,0,0,2024,2024-07
2024-07-31,2024,R,607536,592273,CH,Changeup,single,hit_into_play,R,L,LAA,COL,87.10,102.80,-4,148.20,159.63,ground_ball,1,2,2024,2024-07
2024-07-31,2024,R,607536,592273,SI,Sinker,,ball,R,L,LAA,COL,92.70,,,,,,0,2,2024,2024-07
2024-07-31,2024,R,607536,592273,FF,4-Seam Fastball,,foul,R,L,LAA,COL,91.80,58.50,51,,,,0,2,2024,2024-07
2024-07-31,2024,R,607536,592273,KC,Knuckle Curve,,foul,R,L,LAA,COL,83.90,72.80,15,,,,0,2,2024,2024-07
2024-07-31,2024,R,607536,592273,SI,Sinker,,called_strike,R,L,LAA,COL,91.20,,,,,,0,1,2024,2024-07
2024-07-31,2024,R,607536,592273,FF,4-Seam Fastball,,foul,R,L,LAA,COL,90.10,98.60,33,,,,0,0,2024,2024-07
2024-07-31,2024,R,607536,607680,SI,Sinker,field_out,hit_into_play,R,L,LAA,COL,92.60,65.80,43,95.59,121.31,fly_ball,3,2,2024,2024-07
2024-07-31,2024,R,607536,607680,KC,Knuckle Curve,,ball,R,L,LAA,COL,84.10,,,,,,2,2,2024,2024-07
2024-07-31,2024,R,607536,607680,CH,Changeup,,foul,R,L,LAA,COL,86.90,57.80,56,,,,2,2,2024,2024-07
2024-07-31,2024,R,607536,607680,KC,Knuckle Curve,,ball,R,L,LAA,COL,85.00,,,,,,1,2,2024,2024-07
2024-07-31,2024,R,607536,607680,SI,Sinker,,foul,R,L,LAA,COL,91.80,75.70,38,,,,1,1,2024,2024-07
2024-07-31,2024,R,607536,607680,CH,Changeup,,foul,R,L,LAA,COL,85.80,71.40,-27,,,,1,0,2024,2024-07
2024-07-31,2024,R,607536,607680,KC,Knuckle Curve,,ball,R,L,LAA,COL,82.50,,,,,,0,0,2024,2024-07
2024-07-31,2024,R,607536,607680,SI,Sinker,field_out,hit_into_play,R,L,LAA,COL,90.40,75.00,-20,106.15,169.15,ground_ball,1,1,2024,2024-07
2024-07-31,2024,R,607536,607680,CH,Changeup,,ball,R,L,LAA,COL,84.60,,,,,,0,1,2024,2024-07
2024-07-31,2024,R,607536,607680,CH,Changeup,,foul,R,L,LAA,COL,83.30,94.60,5,,,,0,0,2024,2024-07
2024-07-31,2024,R,607536,607680,SI,Sinker,,called_strike,R,L,LAA,COL,92.50,,,,,,1,1,2024,2024-07
2024-07-31,2024,R,607536,607680,FF,4-Seam Fastball,,ball,R,L,LAA,COL,92.50,,,,,,0,1,2024,2024-07
2024-07-31,2024,R,607536,607680,SI,Sinker,,called_strike,R,L,LAA,COL,92.10,,,,,,0,0,2024,2024-07
2024-07-31,2024,R,607536,607680,SI,Sinker,field_out,hit_into_play,R,L,LAA,COL,91.60,103.60,15,143.37,65.62,line_drive,2,2,2024,2024-07
2024-07-31,2024,R,607536,607680,FC,Cutter,,foul,R,L,LAA,COL,86.80,104.30,5,,,,2,2,2024,2024-07
2024-07-31,2024,R,607536,607680,CH,Changeup,,ball,R,L,LAA,COL,85.60,,,,,,1,2,2024,2024-07
2024-07-31,2024,R,607536,607680,CH,Changeup,,swinging_strike,R,L,LAA,COL,85.50,,,,,,1,1,2024,2024-07
2024-07-31,2024,R,607536,607680,SI,Sinker,,foul,R,L,LAA,COL,89.20,42.80,-27,,,,1,0,2024,2024-07
2024-07-31,2024,R,607536,607680,SI,Sinker,,ball,R,L,LAA,COL,88.80,,,,,,0,0,2024,2024-07
2024-07-31,2024,R,607536,621493,KC,Knuckle Curve,strikeout,swinging_strike_blocked,R,L,LAA,COL,84.60,,,,,,0,2,2024,2024-07
2024-07-31,2024,R,607536,621493,SI,Sinker,,called_strike,R,L,LAA,COL,91.00,,,,,,0,1,2024,2024-07
2024-07-31,2024,R,607536,621493,KC,Knuckle Curve,,swinging_strike,R,L,LAA,COL,82.70,,,,,,0,0,2024,2024-07
2024-07-31,2024,R,607536,621493,SI,Sinker,strikeout,called_strike,R,L,LAA,COL,92.40,,,,,,1,2,2024,2024-07
2024-07-31,2024,R,607536,621493,KC,Knuckle Curve,,blocked_ball,R,L,LAA,COL,84.50,,,,,,0,2,2024,2024-07
2024-07-31,2024,R,607536,621493,FF,4-Seam Fastball,,foul,R,L,LAA,COL,92.30,69.50,25,,,,0,1,2024,2024-07
2024-07-31,2024,R,607536,621493,SI,Sinker,,foul,R,L,LAA,COL,90.90,78.70,54,,,,0,0,2024,2024-07
2024-07-31,2024,R,607536,621493,SI,Sinker,strikeout,called_strike,R,L,LAA,COL,91.50,,,,,,3,2,2024,2024-07
2024-07-31,2024,R,607536,621493,FC,Cutter,,foul,R,L,LAA,COL,87.30,,,,,,3,2,2024,2024-07
2024-07-31,2024,R,607536,621493,SI,Sinker,,ball,R,L,LAA,COL,91.20,,,,,,2,2,2024,2024-07
2024-07-31,2024,R,607536,621493,FC,Cutter,,called_strike,R,L,LAA,COL,87.60,,,,,,2,1,2024,2024-07
2024-07-31,2024,R,607536,621493,SI,Sinker,,called_strike,R,L,LAA,COL,90.60,,,,,,2,0,2024,2024-07
2024-07-31,2024,R,607536,621493,SI,Sinker,,ball,R,L,LAA,COL,90.20,,,,,,1,0,2024,2024-07
2024-07-31,2024,R,607536,621493,SI,Sinker,,ball,R,L,LAA,COL,90.00,,,,,,0,0,2024,2024-07
2024-07-31,2024,R,607536,650859,SI,Sinker,strikeout,called_strike,R,L,LAA,COL,92.50,,,,,,1,2,2024,2024-07
2024-07-31,2024,R,607536,650859,FF,4-Seam Fastball,,ball,R,L,LAA,COL,92.00,,,,,,0,2,2024,2024-07
2024-07-31,2024,R,607536,650859,KC,Knuckle Curve,,swinging_strike_blocked,R,L,LAA,COL,86.00,,,,,,0,1,2024,2024-07
2024-07-31,2024,R,607536,650859,SI,Sinker,,called_strike,R,L,LAA,COL,91.40,,,,,,0,0,2024,2024-07
2024-07-31,2024,R,607536,650859,CH,Changeup,field_out,hit_into_play,R,L,LAA,COL,85.60,76.00,80,138.68,187.40,popup,1,0,2024,2024-07
2024-07-31,2024,R,607536,650859,SI,Sinker,,ball,R,L,LAA,COL,90.00,,,,,,0,0,2024,2024-07
2024-07-31,2024,R,607536,650859,SI,Sinker,field_out,hit_into_play,R,L,LAA,COL,89.90,90.50,-18,106.94,149.32,ground_ball,1,0,2024,2024-07
2024-07-31,2024,R,607536,650859,FF,4-Seam Fastball,,ball,R,L,LAA,COL,90.10,,,,,,0,0,2024,2024-07
2024-07-31,2024,R,607536,666176,KC,Knuckle Curve,strikeout,called_strike,R,L,LAA,COL,83.20,,,,,,0,2,2024,2024-07
2024-07-31,2024,R,607536,666176,FF,4-Seam Fastball,,foul,R,L,LAA,COL,90.90,79.60,82,,,,0,1,2024,2024-07
2024-07-31,2024,R,607536,666176,KC,Knuckle Curve,,called_strike,R,L,LAA,COL,82.70,,,,,,0,0,2024,2024-07
2024-07-31,2024,R,607536,666176,FC,Cutter,field_out,hit_into_play,R,L,LAA,COL,87.80,95.00,20,62.19,82.54,line_drive,0,2,2024,2024-07
2024-07-31,2024,R,607536,666176,SI,Sinker,,called_strike,R,L,LAA,COL,91.50,,,,,,0,1,2024,2024-07
2024-07-31,2024,R,607536,666176,SI,Sinker,,foul,R,L,LAA,COL,90.70,79.50,68,,,,0,0,2024,2024-07
2024-07-31,2024,R,607536,681351,FC,Cutter,single,hit_into_play,R,L,LAA,COL,88.70,99.90,14,48.15,109.73,line_drive,1,1,2024,2024-07
2024-07-31,2024,R,607536,681351,KC,Knuckle Curve,,swinging_strike,R,L,LAA,COL,84.10,,,,,,1,0,2024,2024-07
2024-07-31,2024,R,607536,681351,KC,Knuckle Curve,,ball,R,L,LAA,COL,82.80,,,,,,0,0,2024,2024-07
2024-07-31,2024,R,607536,681351,SI,Sinker,home_run,hit_into_play,R,L,LAA,COL,90.80,105.30,25,196.60,65.22,fly_ball,1,0,2024,2024-07
2024-07-31,2024,R,607536,681351,CH,Changeup,,ball,R,L,LAA,COL,83.70,,,,,,0,0,2024,2024-07
2024-07-31,2024,R,607536,681351,FC,Cutter,field_out,hit_into_play,R,L,LAA,COL,87.10,96.30,62,186.06,138.55,fly_ball,2,2,2024,2024-07
2024-07-31,2024,R,607536,681351,KC,Knuckle Curve,,ball,R,L,LAA,COL,84.40,,,,,,1,2,2024,2024-07
2024-07-31,2024,R,607536,681351,KC,Knuckle Curve,,foul,R,L,LAA,COL,84.30,69.50,-13,,,,1,2,2024,2024-07
2024-07-31,2024,R,607536,681351,FF,4-Seam Fastball,,ball,R,L,LAA,COL,91.10,,,,,,0,2,2024,2024-07
2024-07-31,2024,R,607536,681351,KC,Knuckle Curve,,swinging_strike,R,L,LAA,COL,83.30,,,,,,0,1,2024,2024-07
2024-07-31,2024,R,607536,681351,FC,Cutter,,called_strike,R,L,LAA,COL,87.00,,,,,,0,0,2024,2024-07
2024-07-31,2024,R,607536,683021,KC,Knuckle Curve,single,hit_into_play,R,L,LAA,COL,85.10,82.30,10,109.79,102.44,ground_ball,1,2,2024,2024-07
2024-07-31,2024,R,607536,683021,SI,Sinker,,foul,R,L,LAA,COL,91.00,73.90,41,,,,1,1,2024,2024-07
2024-07-31,2024,R,607536,683021,FC,Cutter,,ball,R,L,LAA,COL,87.30,,,,,,0,1,2024,2024-07
2024-07-31,2024,R,607536,683021,CH,Changeup,,called_strike,R,L,LAA,COL,85.90,,,,,,0,0,2024,2024-07
2024-07-31,2024,R,607536,683021,CH,Changeup,grounded_into_double_play,hit_into_play,R,L,LAA,COL,86.50,101.50,4,112.49,147.73,ground_ball,1,0,2024,2024-07
2024-07-31,2024,R,607536,683021,SI,Sinker,,ball,R,L,LAA,COL,91.30,,,,,,0,0,2024,2024-07
2024-07-31,2024,R,607536,687263,SI,Sinker,single,hit_into_play,R,L,LAA,COL,91.60,94.20,5,82.35,112.82,ground_ball,0,0,2024,2024-07
2024-07-31,2024,R,607536,687263,CH,Changeup,field_out,hit_into_play,R,L,LAA,COL,85.10,106.60,19,123.63,54.23,line_drive,1,0,2024,2024-07
2024-07-31,2024,R,607536,687263,KC,Knuckle Curve,,ball,R,L,LAA,COL,83.50,,,,,,0,0,2024,2024-07
2024-07-31,2024,R,607536,687263,SI,Sinker,field_out,hit_into_play,R,L,LAA,COL,90.80,97.60,-17,95.83,163.60,ground_ball,3,1,2024,2024-07
2024-07-31,2024,R,607536,687263,SI,Sinker,,ball,R,L,LAA,COL,91.40,,,,,,2,1,2024,2024-07
2024-07-31,2024,R,607536,687263,CH,Changeup,,ball,R,L,LAA,COL,86.90,,,,,,1,1,2024,2024-07
2024-07-31,2024,R,607536,687263,CH,Changeup,,called_strike,R,L,LAA,COL,85.80,,,,,,1,0,2024,2024-07
2024-07-31,2024,R,607536,687263,SI,Sinker,,ball,R,L,LAA,COL,91.50,,,,,,0,0,2024,2024-07
2024-07-31,2024,R,607536,694384,SI,Sinker,field_out,hit_into_play,L,L,LAA,COL,92.30,86.80,54,53.66,138.14,fly_ball,0,1,2024,2024-07
2024-07-31,2024,R,607536,694384,FF,4-Seam Fastball,,called_strike,L,L,LAA,COL,91.50,,,,,,0,0,2024,2024-07
2024-07-31,2024,R,607536,694384,FF,4-Seam Fastball,single,hit_into_play,L,L,LAA,COL,91.10,94.90,7,161.69,96.16,ground_ball,2,0,2024,2024-07
2024-07-31,2024,R,607536,694384,FC,Cutter,,ball,L,L,LAA,COL,86.80,,,,,,1,0,2024,2024-07
2024-07-31,2024,R,607536,694384,FC,Cutter,,ball,L,L,LAA,COL,87.00,,,,,,0,0,2024,2024-07
2024-07-31,2024,R,607536,694384,FF,4-Seam Fastball,field_out,hit_into_play,L,L,LAA,COL,89.10,95.60,9,166.32,154.16,line_drive,0,0,2024,2024-07
2024-07-31,2024,R,608032,518934,FF,4-Seam Fastball,field_out,hit_into_play,R,R,PHI,NYY,96.40,98.40,-5,97.62,155.29,ground_ball,0,0,2024,2024-07
2024-07-31,2024,R,608032,650402,FF,4-Seam Fastball,field_out,hit_into_play,R,R,PHI,NYY,96.60,98.80,1,99.07,160.35,ground_ball,1,2,2024,2024-07
2024-07-31,2024,R,608032,650402,FF,4-Seam Fastball,,ball,R,R,PHI,NYY,96.00,,,,,,0,2,2024,2024-07
2024-07-31,2024,R,608032,650402,SL,Slider,,called_strike,R,R,PHI,NYY,89.40,,,,,,0,1,2024,2024-07
2024-07-31,2024,R,608032,650402,SL,Slider,,called_strike,R,R,PHI,NYY,89.20,,,,,,0,0,2024,2024-07
2024-07-31,2024,R,608032,665966,FF,4-Seam Fastball,strikeout,swinging_strike,R,R,PHI,NYY,96.70,,,,,,1,2,2024,2024-07
2024-07-31,2024,R,608032,665966,SL,Slider,,swinging_strike,R,R,PHI,NYY,88.10,,,,,,1,1,2024,2024-07
2024-07-31,2024,R,608032,665966,SL,Slider,,ball,R,R,PHI,NYY,89.80,,,,,,0,1,2024,2024-07
2024-07-31,2024,R,608032,665966,FF,4-Seam Fastball,,called_strike,R,R,PHI,NYY,96.00,,,,,,0,0,2024,2024-07
2024-07-31,2024,R,608371,457759,FC,Cutter,force_out,hit_into_play,R,R,BOS,SEA,90.70,69.20,-16,100.33,161.33,ground_ball,1,0,2024,2024-07
2024-07-31,2024,R,608371,457759,ST,Sweeper,,ball,R,R,BOS,SEA,84.60,,,,,,0,0,2024,2024-07
2024-07-31,2024,R,608371,663728,ST,Sweeper,walk,ball,L,R,BOS,SEA,83.90,,,,,,3,1,2024,2024-07
2024-07-31,2024,R,608371,663728,ST,Sweeper,,ball,L,R,BOS,SEA,84.40,,,,,,2,1,2024,2024-07
2024-07-31,2024,R,608371,663728,CU,Curveball,,ball,L,R,BOS,SEA,81.10,,,,,,1,1,2024,2024-07
2024-07-31,2024,R,608371,663728,FC,Cutter,,foul,L,R,BOS,SEA,90.90,70.00,47,,,,1,0,2024,2024-07
2024-07-31,2024,R,608371,663728,CU,Curveball,,ball,L,R,BOS,SEA,81.70,,,,,,0,0,2024,2024-07
2024-07-31,2024,R,608371,668227,FC,Cutter,field_out,hit_into_play,R,R,BOS,SEA,89.10,90.90,53,171.50,112.67,fly_ball,0,0,2024,2024-07
2024-07-31,2024,R,608723,666152,FC,Cutter,field_out,hit_into_play,L,R,BOS,SEA,89.50,98.90,23,211.08,93.89,fly_ball,1,0,2024,2024-07
2024-07-31,2024,R,608723,666152,ST,Sweeper,,ball,L,R,BOS,SEA,79.80,,,,,,0,0,2024,2024-07
2024-07-31,2024,R,608723,678882,CU,Curveball,strikeout,called_strike,R,R,BOS,SEA,74.50,,,,,,2,2,2024,2024-07
2024-07-31,2024,R,608723,678882,ST,Sweeper,,ball,R,R,BOS,SEA,81.00,,,,,,1,2,2024,2024-07
2024-07-31,2024,R,608723,678882,FF,4-Seam Fastball,,ball,R,R,BOS,SEA,94.00,,,,,,0,2,2024,2024-07
2024-07-31,2024,R,608723,678882,CU,Curveball,,swinging_strike,R,R,BOS,SEA,75.90,,,,,,0,1,2024,2024-07
2024-07-31,2024,R,608723,678882,ST,Sweeper,,swinging_strike,R,R,BOS,SEA,80.30,,,,,,0,0,2024,2024-07
2024-07-31,2024,R,614179,518934,SI,Sinker,double,hit_into_play,R,R,PHI,NYY,95.30,100.10,14,173.79,72.52,line_drive,2,2,2024,2024-07
2024-07-31,2024,R,614179,518934,CU,Curveball,,swinging_strike,R,R,PHI,NYY,85.20,,,,,,2,1,2024,2024-07
2024-07-31,2024,R,614179,518934,CU,Curveball,,ball,R,R,PHI,NYY,85.10,,,,,,1,1,2024,2024-07
2024-07-31,2024,R,614179,518934,FF,4-Seam Fastball,,foul,R,R,PHI,NYY,95.20,71.30,42,,,,1,0,2024,2024-07
2024-07-31,2024,R,614179,518934,SI,Sinker,,ball,R,R,PHI,NYY,95.00,,,,,,0,0,2024,2024-07
2024-07-31,2024,R,614179,665966,CU,Curveball,field_out,hit_into_play,R,R,PHI,NYY,86.10,102.40,-4,142.76,151.19,ground_ball,1,2,2024,2024-07
2024-07-31,2024,R,614179,665966,CU,Curveball,,foul,R,R,PHI,NYY,86.30,,,,,,1,1,2024,2024-07
2024-07-31,2024,R,614179,665966,FF,4-Seam Fastball,,called_strike,R,R,PHI,NYY,95.80,,,,,,1,0,2024,2024-07
2024-07-31,2024,R,614179,665966,CU,Curveball,,ball,R,R,PHI,NYY,86.00,,,,,,0,0,2024,2024-07
2024-07-31,2024,R,621114,602104,FF,4-Seam Fastball,single,hit_into_play,R,R,BAL,TOR,93.00,102.70,16,111.73,62.19,line_drive,0,0,2024,2024-07
2024-07-31,2024,R,621114,656775,FF,4-Seam Fastball,walk,ball,L,R,BAL,TOR,93.50,,,,,,3,0,2024,2024-07
2024-07-31,2024,R,621114,656775,SL,Slider,,ball,L,R,BAL,TOR,85.70,,,,,,2,0,2024,2024-07
2024-07-31,2024,R,621114,656775,FF,4-Seam Fastball,,ball,L,R,BAL,TOR,94.10,,,,,,1,0,2024,2024-07
2024-07-31,2024,R,621114,656775,FF,4-Seam Fastball,,ball,L,R,BAL,TOR,95.00,,,,,,0,0,2024,2024-07
2024-07-31,2024,R,621114,656811,SL,Slider,strikeout,swinging_strike_blocked,L,R,BAL,TOR,86.80,,,,,,3,2,2024,2024-07
2024-07-31,2024,R,621114,656811,SL,Slider,,foul,L,R,BAL,TOR,85.00,66.80,50,,,,3,2,2024,2024-07
2024-07-31,2024,R,621114,656811,FF,4-Seam Fastball,,ball,L,R,BAL,TOR,95.40,,,,,,2,2,2024,2024-07
2024-07-31,2024,R,621114,656811,SL,Slider,,foul,L,R,BAL,TOR,85.70,81.90,40,,,,2,2,2024,2024-07
2024-07-31,2024,R,621114,656811,SL,Slider,,ball,L,R,BAL,TOR,85.80,,,,,,1,2,2024,2024-07
2024-07-31,2024,R,621114,656811,FF,4-Seam Fastball,,ball,L,R,BAL,TOR,94.30,,,,,,0,2,2024,2024-07
2024-07-31,2024,R,621114,656811,SL,Slider,,foul,L,R,BAL,TOR,84.90,71.30,48,,,,0,1,2024,2024-07
2024-07-31,2024,R,621114,656811,SL,Slider,,swinging_strike,L,R,BAL,TOR,86.50,,,,,,0,0,2024,2024-07
2024-07-31,2024,R,621114,663624,SL,Slider,strikeout,swinging_strike,R,R,BAL,TOR,86.80,,,,,,0,2,2024,2024-07
2024-07-31,2024,R,621114,663624,FF,4-Seam Fastball,,foul,R,R,BAL,TOR,94.50,75.20,42,,,,0,1,2024,2024-07
2024-07-31,2024,R,621114,663624,SL,Slider,,foul,R,R,BAL,TOR,86.30,69.80,26,,,,0,0,2024,2024-07
2024-07-31,2024,R,621114,702616,FF,4-Seam Fastball,strikeout,foul_tip,L,R,BAL,TOR,95.80,,,,,,0,2,2024,2024-07
2024-07-31,2024,R,621114,702616,FF,4-Seam Fastball,,foul,L,R,BAL,TOR,94.30,99.20,24,,,,0,1,2024,2024-07
2024-07-31,2024,R,621114,702616,FF,4-Seam Fastball,,called_strike,L,R,BAL,TOR,94.60,,,,,,0,0,2024,2024-07
2024-07-31,2024,R,621383,657077,ST,Sweeper,field_out,hit_into_play,L,L,PHI,NYY,83.00,87.90,56,100.66,108.69,fly_ball,1,2,2024,2024-07
2024-07-31,2024,R,621383,657077,SL,Slider,,foul,L,L,PHI,NYY,87.30,68.10,23,,,,1,1,2024,2024-07
2024-07-31,2024,R,621383,657077,SL,Slider,,ball,L,L,PHI,NYY,86.60,,,,,,0,1,2024,2024-07
2024-07-31,2024,R,621383,657077,FF,4-Seam Fastball,,called_strike,L,L,PHI,NYY,91.80,,,,,,0,0,2024,2024-07
2024-07-31,2024,R,621383,665862,SL,Slider,field_out,hit_into_play,L,L,PHI,NYY,85.90,85.30,25,128.79,73.49,line_drive,0,0,2024,2024-07
2024-07-31,2024,R,621383,683011,CH,Changeup,field_out,hit_into_play,R,L,PHI,NYY,86.20,100.00,-16,112.79,150.68,ground_ball,0,1,2024,2024-07
2024-07-31,2024,R,621383,683011,FF,4-Seam Fastball,,called_strike,R,L,PHI,NYY,92.90,,,,,,0,0,2024,2024-07
2024-07-31,2024,R,622103,664774,SL,Slider,field_out,hit_into_play,L,R,SF,ATH,84.00,73.60,-10,107.40,166.79,ground_ball,1,2,2024,2024-07
2024-07-31,2024,R,622103,664774,FF,4-Seam Fastball,,ball,L,R,SF,ATH,96.50,,,,,,0,2,2024,2024-07
2024-07-31,2024,R,622103,664774,FF,4-Seam Fastball,,called_strike,L,R,SF,ATH,95.90,,,,,,0,1,2024,2024-07
2024-07-31,2024,R,622103,664774,FF,4-Seam Fastball,,swinging_strike,L,R,SF,ATH,95.30,,,,,,0,0,2024,2024-07
2024-07-31,2024,R,622103,671218,SL,Slider,field_out,hit_into_play,R,R,SF,ATH,84.20,85.90,6,106.90,165.27,ground_ball,0,0,2024,2024-07
2024-07-31,2024,R,622103,672275,FF,4-Seam Fastball,strikeout,swinging_strike,L,R,SF,ATH,96.00,,,,,,2,2,2024,2024-07
2024-07-31,2024,R,622103,672275,SL,Slider,,foul,L,R,SF,ATH,84.50,,,,,,2,2,2024,2024-07
2024-07-31,2024,R,622103,672275,SL,Slider,,foul,L,R,SF,ATH,83.80,46.10,-49,,,,2,2,2024,2024-07
2024-07-31,2024,R,622103,672275,FF,4-Seam Fastball,,foul,L,R,SF,ATH,95.90,93.30,12,,,,2,1,2024,2024-07
2024-07-31,2024,R,622103,672275,FF,4-Seam Fastball,,foul,L,R,SF,ATH,95.30,81.10,38,,,,2,0,2024,2024-07
2024-07-31,2024,R,622103,672275,SL,Slider,,blocked_ball,L,R,SF,ATH,83.40,,,,,,1,0,2024,2024-07
2024-07-31,2024,R,622103,672275,FF,4-Seam Fastball,,ball,L,R,SF,ATH,96.30,,,,,,0,0,2024,2024-07
2024-07-31,2024,R,622103,689172,FF,4-Seam Fastball,walk,ball,L,R,SF,ATH,95.40,,,,,,3,1,2024,2024-07
2024-07-31,2024,R,622103,689172,FF,4-Seam Fastball,,ball,L,R,SF,ATH,94.30,,,,,,2,1,2024,2024-07
2024-07-31,2024,R,622103,689172,SL,Slider,,ball,L,R,SF,ATH,83.00,,,,,,1,1,2024,2024-07
2024-07-31,2024,R,622103,689172,FF,4-Seam Fastball,,ball,L,R,SF,ATH,94.60,,,,,,0,1,2024,2024-07
2024-07-31,2024,R,622103,689172,FF,4-Seam Fastball,,called_strike,L,R,SF,ATH,94.70,,,,,,0,0,2024,2024-07
2024-07-31,2024,R,622663,467793,FF,4-Seam Fastball,field_out,hit_into_play,L,R,NYM,MIN,95.40,59.30,54,78.44,158.67,popup,1,2,2024,2024-07
2024-07-31,2024,R,622663,467793,FF,4-Seam Fastball,,foul,L,R,NYM,MIN,93.90,78.80,70,,,,1,1,2024,2024-07
2024-07-31,2024,R,622663,467793,FF,4-Seam Fastball,,ball,L,R,NYM,MIN,92.90,,,,,,0,1,2024,2024-07
2024-07-31,2024,R,622663,467793,FF,4-Seam Fastball,,foul,L,R,NYM,MIN,93.10,79.90,83,,,,0,0,2024,2024-07
2024-07-31,2024,R,622663,467793,FF,4-Seam Fastball,walk,ball,L,R,NYM,MIN,94.60,,,,,,3,1,2024,2024-07
2024-07-31,2024,R,622663,467793,ST,Sweeper,,ball,L,R,NYM,MIN,85.10,,,,,,2,1,2024,2024-07
2024-07-31,2024,R,622663,467793,SL,Slider,,swinging_strike,L,R,NYM,MIN,84.50,,,,,,2,0,2024,2024-07
2024-07-31,2024,R,622663,467793,FF,4-Seam Fastball,,ball,L,R,NYM,MIN,95.00,,,,,,1,0,2024,2024-07
2024-07-31,2024,R,622663,467793,FC,Cutter,,ball,L,R,NYM,MIN,91.10,,,,,,0,0,2024,2024-07
2024-07-31,2024,R,622663,596146,ST,Sweeper,single,hit_into_play,L,R,NYM,MIN,83.30,104.30,11,196.97,98.15,line_drive,2,2,2024,2024-07
2024-07-31,2024,R,622663,596146,FF,4-Seam Fastball,,foul,L,R,NYM,MIN,96.40,73.10,62,,,,2,2,2024,2024-07
2024-07-31,2024,R,622663,596146,FF,4-Seam Fastball,,ball,L,R,NYM,MIN,95.90,,,,,,1,2,2024,2024-07
2024-07-31,2024,R,622663,596146,FF,4-Seam Fastball,,called_strike,L,R,NYM,MIN,95.20,,,,,,1,1,2024,2024-07
2024-07-31,2024,R,622663,596146,SI,Sinker,,called_strike,L,R,NYM,MIN,94.00,,,,,,1,0,2024,2024-07
2024-07-31,2024,R,622663,596146,FF,4-Seam Fastball,,ball,L,R,NYM,MIN,94.40,,,,,,0,0,2024,2024-07
2024-07-31,2024,R,622663,596146,FF,4-Seam Fastball,field_out,hit_into_play,L,R,NYM,MIN,95.70,78.70,60,65.14,137.95,fly_ball,1,0,2024,2024-07
2024-07-31,2024,R,622663,596146,ST,Sweeper,,ball,L,R,NYM,MIN,83.80,,,,,,0,0,2024,2024-07
2024-07-31,2024,R,622663,621439,SI,Sinker,field_out,hit_into_play,R,R,NYM,MIN,92.50,91.70,54,45.89,115.36,fly_ball,0,0,2024,2024-07
2024-07-31,2024,R,622663,621439,SI,Sinker,home_run,hit_into_play,R,R,NYM,MIN,95.70,106.50,25,65.60,33.26,fly_ball,2,1,2024,2024-07
2024-07-31,2024,R,622663,621439,SI,Sinker,,ball,R,R,NYM,MIN,95.40,,,,,,1,1,2024,2024-07
2024-07-31,2024,R,622663,621439,SI,Sinker,,swinging_strike,R,R,NYM,MIN,95.00,,,,,,1,0,2024,2024-07
2024-07-31,2024,R,622663,621439,ST,Sweeper,,ball,R,R,NYM,MIN,84.10,,,,,,0,0,2024,2024-07
2024-07-31,2024,R,622663,663616,ST,Sweeper,single,hit_into_play,L,R,NYM,MIN,84.80,70.20,27,65.18,137.36,fly_ball,1,1,2024,2024-07
2024-07-31,2024,R,622663,663616,FF,4-Seam Fastball,,ball,L,R,NYM,MIN,94.80,,,,,,0,1,2024,2024-07
2024-07-31,2024,R,622663,663616,FC,Cutter,,called_strike,L,R,NYM,MIN,90.40,,,,,,0,0,2024,2024-07
2024-07-31,2024,R,622663,663616,FF,4-Seam Fastball,field_out,hit_into_play,L,R,NYM,MIN,95.00,100.20,-4,128.93,181.42,ground_ball,1,1,2024,2024-07
2024-07-31,2024,R,622663,663616,FF,4-Seam Fastball,,called_strike,L,R,NYM,MIN,94.50,,,,,,1,0,2024,2024-07
2024-07-31,2024,R,622663,663616,FF,4-Seam Fastball,,ball,L,R,NYM,MIN,95.50,,,,,,0,0,2024,2024-07
2024-07-31,2024,R,622663,668885,SL,Slider,single,hit_into_play,R,R,NYM,MIN,85.20,95.40,15,135.71,81.16,line_drive,0,1,2024,2024-07
2024-07-31,2024,R,622663,668885,SI,Sinker,,foul,R,R,NYM,MIN,93.60,70.60,-39,,,,0,0,2024,2024-07
2024-07-31,2024,R,622663,668904,SL,Slider,double,hit_into_play,R,R,NYM,MIN,85.60,94.80,-13,40.60,109.70,ground_ball,2,1,2024,2024-07
2024-07-31,2024,R,622663,668904,FF,4-Seam Fastball,,ball,R,R,NYM,MIN,94.50,,,,,,1,1,2024,2024-07
2024-07-31,2024,R,622663,668904,FF,4-Seam Fastball,,foul,R,R,NYM,MIN,94.10,77.20,62,,,,1,0,2024,2024-07
2024-07-31,2024,R,622663,668904,SL,Slider,,blocked_ball,R,R,NYM,MIN,83.60,,,,,,0,0,2024,2024-07
2024-07-31,2024,R,622663,668904,ST,Sweeper,strikeout,swinging_strike,R,R,NYM,MIN,83.00,,,,,,2,2,2024,2024-07
2024-07-31,2024,R,622663,668904,ST,Sweeper,,ball,R,R,NYM,MIN,84.20,,,,,,1,2,2024,2024-07
2024-07-31,2024,R,622663,668904,SI,Sinker,,foul,R,R,NYM,MIN,95.10,68.60,74,,,,1,1,2024,2024-07
2024-07-31,2024,R,622663,668904,SI,Sinker,,ball,R,R,NYM,MIN,95.00,,,,,,0,1,2024,2024-07
2024-07-31,2024,R,622663,668904,SI,Sinker,,called_strike,R,R,NYM,MIN,94.50,,,,,,0,0,2024,2024-07
2024-07-31,2024,R,622663,670242,CH,Changeup,home_run,hit_into_play,L,R,NYM,MIN,81.10,108.20,26,161.53,23.32,fly_ball,0,1,2024,2024-07
2024-07-31,2024,R,622663,670242,FF,4-Seam Fastball,,foul,L,R,NYM,MIN,93.00,86.30,-24,,,,0,0,2024,2024-07
2024-07-31,2024,R,622663,670242,FF,4-Seam Fastball,strikeout,swinging_strike,L,R,NYM,MIN,95.90,,,,,,3,2,2024,2024-07
2024-07-31,2024,R,622663,670242,ST,Sweeper,,ball,L,R,NYM,MIN,85.40,,,,,,2,2,2024,2024-07
2024-07-31,2024,R,622663,670242,FF,4-Seam Fastball,,ball,L,R,NYM,MIN,95.70,,,,,,1,2,2024,2024-07
2024-07-31,2024,R,622663,670242,FF,4-Seam Fastball,,foul,L,R,NYM,MIN,95.00,74.60,79,,,,1,1,2024,2024-07
2024-07-31,2024,R,622663,670242,SL,Slider,,ball,L,R,NYM,MIN,83.60,,,,,,0,1,2024,2024-07
2024-07-31,2024,R,622663,670242,ST,Sweeper,,called_strike,L,R,NYM,MIN,84.10,,,,,,0,0,2024,2024-07
2024-07-31,2024,R,622663,680777,FF,4-Seam Fastball,field_out,hit_into_play,R,R,NYM,MIN,94.20,93.90,-18,153.29,167.17,ground_ball,0,2,2024,2024-07
2024-07-31,2024,R,622663,680777,FF,4-Seam Fastball,,foul,R,R,NYM,MIN,94.80,77.10,61,,,,0,2,2024,2024-07
2024-07-31,2024,R,622663,680777,FF,4-Seam Fastball,,foul,R,R,NYM,MIN,95.30,79.00,57,,,,0,2,2024,2024-07
2024-07-31,2024,R,622663,680777,FF,4-Seam Fastball,,called_strike,R,R,NYM,MIN,94.10,,,,,,0,1,2024,2024-07
2024-07-31,2024,R,622663,680777,FF,4-Seam Fastball,,foul,R,R,NYM,MIN,93.40,73.20,51,,,,0,0,2024,2024-07
2024-07-31,2024,R,622663,680777,SI,Sinker,walk,ball,R,R,NYM,MIN,96.90,,,,,,3,2,2024,2024-07
2024-07-31,2024,R,622663,680777,ST,Sweeper,,ball,R,R,NYM,MIN,83.10,,,,,,2,2,2024,2024-07
2024-07-31,2024,R,622663,680777,ST,Sweeper,,ball,R,R,NYM,MIN,83.50,,,,,,1,2,2024,2024-07
2024-07-31,2024,R,622663,680777,SL,Slider,,swinging_strike,R,R,NYM,MIN,86.80,,,,,,1,1,2024,2024-07
2024-07-31,2024,R,622663,680777,SI,Sinker,,foul,R,R,NYM,MIN,93.90,65.70,51,,,,1,0,2024,2024-07
2024-07-31,2024,R,622663,680777,SL,Slider,,blocked_ball,R,R,NYM,MIN,84.10,,,,,,0,0,2024,2024-07
2024-07-31,2024,R,622663,686797,SI,Sinker,grounded_into_double_play,hit_into_play,L,R,NYM,MIN,94.60,64.40,-16,133.23,148.81,ground_ball,2,1,2024,2024-07
2024-07-31,2024,R,622663,686797,SI,Sinker,,called_strike,L,R,NYM,MIN,95.10,,,,,,2,0,2024,2024-07
2024-07-31,2024,R,622663,686797,SI,Sinker,,ball,L,R,NYM,MIN,94.40,,,,,,1,0,2024,2024-07
2024-07-31,2024,R,622663,686797,ST,Sweeper,,ball,L,R,NYM,MIN,84.90,,,,,,0,0,2024,2024-07
2024-07-31,2024,R,622786,666163,SL,Slider,field_out,hit_into_play,L,R,TB,MIA,88.90,96.20,21,113.85,55.72,line_drive,2,2,2024,2024-07
2024-07-31,2024,R,622786,666163,FF,4-Seam Fastball,,foul,L,R,TB,MIA,96.40,72.00,47,,,,2,2,2024,2024-07
2024-07-31,2024,R,622786,666163,SI,Sinker,,called_strike,L,R,TB,MIA,96.50,,,,,,2,1,2024,2024-07
2024-07-31,2024,R,622786,666163,FF,4-Seam Fastball,,ball,L,R,TB,MIA,94.40,,,,,,1,1,2024,2024-07
2024-07-31,2024,R,622786,666163,SL,Slider,,called_strike,L,R,TB,MIA,87.30,,,,,,1,0,2024,2024-07
2024-07-31,2024,R,622786,666163,SL,Slider,,ball,L,R,TB,MIA,85.80,,,,,,0,0,2024,2024-07
2024-07-31,2024,R,622786,666185,SI,Sinker,field_out,hit_into_play,L,R,TB,MIA,95.80,92.10,18,117.71,73.82,line_drive,3,2,2024,2024-07
2024-07-31,2024,R,622786,666185,SI,Sinker,,foul,L,R,TB,MIA,95.60,78.00,49,,,,3,2,2024,2024-07
2024-07-31,2024,R,622786,666185,SI,Sinker,,ball,L,R,TB,MIA,95.80,,,,,,2,2,2024,2024-07
2024-07-31,2024,R,622786,666185,SL,Slider,,foul,L,R,TB,MIA,86.90,79.80,71,,,,2,2,2024,2024-07
2024-07-31,2024,R,622786,666185,SL,Slider,,ball,L,R,TB,MIA,86.90,,,,,,1,2,2024,2024-07
2024-07-31,2024,R,622786,666185,SL,Slider,,foul,L,R,TB,MIA,86.80,41.20,43,,,,1,2,2024,2024-07
2024-07-31,2024,R,622786,666185,SI,Sinker,,foul,L,R,TB,MIA,95.60,84.50,65,,,,1,2,2024,2024-07
2024-07-31,2024,R,622786,666185,SL,Slider,,ball,L,R,TB,MIA,86.60,,,,,,0,2,2024,2024-07
2024-07-31,2024,R,622786,666185,SL,Slider,,called_strike,L,R,TB,MIA,85.30,,,,,,0,1,2024,2024-07
2024-07-31,2024,R,622786,666185,SI,Sinker,,called_strike,L,R,TB,MIA,94.40,,,,,,0,0,2024,2024-07
2024-07-31,2024,R,622786,670764,FF,4-Seam Fastball,strikeout,swinging_strike,L,R,TB,MIA,95.80,,,,,,2,2,2024,2024-07
2024-07-31,2024,R,622786,670764,SL,Slider,,ball,L,R,TB,MIA,86.60,,,,,,1,2,2024,2024-07
2024-07-31,2024,R,622786,670764,SI,Sinker,,foul,L,R,TB,MIA,96.20,71.10,33,,,,1,1,2024,2024-07
2024-07-31,2024,R,622786,670764,SL,Slider,,ball,L,R,TB,MIA,87.10,,,,,,0,1,2024,2024-07
2024-07-31,2024,R,622786,670764,SL,Slider,,called_strike,L,R,TB,MIA,87.30,,,,,,0,0,2024,2024-07
2024-07-31,2024,R,622786,676356,SI,Sinker,triple,hit_into_play,R,R,TB,MIA,95.70,91.90,4,204.38,112.20,line_drive,0,1,2024,2024-07
2024-07-31,2024,R,622786,676356,SI,Sinker,,called_strike,R,R,TB,MIA,96.00,,,,,,0,0,2024,2024-07
2024-07-31,2024,R,623149,545121,FF,4-Seam Fastball,field_out,hit_into_play,L,R,AZ,WSH,91.20,70.50,7,152.48,163.14,ground_ball,3,1,2024,2024-07
2024-07-31,2024,R,623149,545121,FF,4-Seam Fastball,,ball,L,R,AZ,WSH,90.70,,,,,,2,1,2024,2024-07
2024-07-31,2024,R,623149,545121,ST,Sweeper,,ball,L,R,AZ,WSH,82.40,,,,,,1,1,2024,2024-07
2024-07-31,2024,R,623149,545121,FF,4-Seam Fastball,,called_strike,L,R,AZ,WSH,89.90,,,,,,1,0,2024,2024-07
2024-07-31,2024,R,623149,545121,FF,4-Seam Fastball,,ball,L,R,AZ,WSH,91.30,,,,,,0,0,2024,2024-07
2024-07-31,2024,R,623149,660766,FF,4-Seam Fastball,walk,ball,R,R,AZ,WSH,92.10,,,,,,3,2,2024,2024-07
2024-07-31,2024,R,623149,660766,FF,4-Seam Fastball,,called_strike,R,R,AZ,WSH,92.50,,,,,,3,1,2024,2024-07
2024-07-31,2024,R,623149,660766,FF,4-Seam Fastball,,called_strike,R,R,AZ,WSH,91.20,,,,,,3,0,2024,2024-07
2024-07-31,2024,R,623149,660766,FF,4-Seam Fastball,,ball,R,R,AZ,WSH,91.30,,,,,,2,0,2024,2024-07
2024-07-31,2024,R,623149,660766,ST,Sweeper,,ball,R,R,AZ,WSH,83.20,,,,,,1,0,2024,2024-07
2024-07-31,2024,R,623149,660766,ST,Sweeper,,ball,R,R,AZ,WSH,84.30,,,,,,0,0,2024,2024-07
2024-07-31,2024,R,623149,682928,FF,4-Seam Fastball,double,hit_into_play,L,R,AZ,WSH,91.00,101.00,27,146.74,37.42,fly_ball,0,1,2024,2024-07
2024-07-31,2024,R,623149,682928,ST,Sweeper,,foul,L,R,AZ,WSH,82.00,69.40,-34,,,,0,0,2024,2024-07
2024-07-31,2024,R,623149,695578,FF,4-Seam Fastball,walk,ball,L,R,AZ,WSH,93.40,,,,,,3,2,2024,2024-07
2024-07-31,2024,R,623149,695578,ST,Sweeper,,called_strike,L,R,AZ,WSH,84.50,,,,,,3,1,2024,2024-07
2024-07-31,2024,R,623149,695578,ST,Sweeper,,ball,L,R,AZ,WSH,84.40,,,,,,2,1,2024,2024-07
2024-07-31,2024,R,623149,695578,FF,4-Seam Fastball,,ball,L,R,AZ,WSH,92.50,,,,,,1,1,2024,2024-07
2024-07-31,2024,R,623149,695578,ST,Sweeper,,ball,L,R,AZ,WSH,85.20,,,,,,0,1,2024,2024-07
2024-07-31,2024,R,623149,695578,ST,Sweeper,,swinging_strike,L,R,AZ,WSH,84.60,,,,,,0,0,2024,2024-07
2024-07-31,2024,R,623149,696285,FF,4-Seam Fastball,walk,ball,R,R,AZ,WSH,90.30,,,,,,3,1,2024,2024-07
2024-07-31,2024,R,623149,696285,FF,4-Seam Fastball,,ball,R,R,AZ,WSH,91.10,,,,,,2,1,2024,2024-07
2024-07-31,2024,R,623149,696285,FF,4-Seam Fastball,,called_strike,R,R,AZ,WSH,90.10,,,,,,2,0,2024,2024-07
2024-07-31,2024,R,623149,696285,ST,Sweeper,,ball,R,R,AZ,WSH,83.00,,,,,,1,0,2024,2024-07
2024-07-31,2024,R,623149,696285,ST,Sweeper,,ball,R,R,AZ,WSH,81.90,,,,,,0,0,2024,2024-07
2024-07-31,2024,R,623211,622534,FC,Cutter,field_out,hit_into_play,R,R,NYM,MIN,86.90,74.40,4,107.21,151.28,ground_ball,0,2,2024,2024-07
2024-07-31,2024,R,623211,622534,FF,4-Seam Fastball,,foul,R,R,NYM,MIN,99.00,73.60,45,,,,0,2,2024,2024-07
2024-07-31,2024,R,623211,622534,FC,Cutter,,foul,R,R,NYM,MIN,90.60,76.60,-42,,,,0,1,2024,2024-07
2024-07-31,2024,R,623211,622534,FC,Cutter,,called_strike,R,R,NYM,MIN,90.80,,,,,,0,0,2024,2024-07
2024-07-31,2024,R,623211,663616,CH,Changeup,strikeout,swinging_strike,L,R,NYM,MIN,90.10,,,,,,2,2,2024,2024-07
2024-07-31,2024,R,623211,663616,CH,Changeup,,ball,L,R,NYM,MIN,92.70,,,,,,1,2,2024,2024-07
2024-07-31,2024,R,623211,663616,FF,4-Seam Fastball,,ball,L,R,NYM,MIN,98.40,,,,,,0,2,2024,2024-07
2024-07-31,2024,R,623211,663616,CH,Changeup,,foul,L,R,NYM,MIN,92.00,73.20,-19,,,,0,2,2024,2024-07
2024-07-31,2024,R,623211,663616,CH,Changeup,,called_strike,L,R,NYM,MIN,90.20,,,,,,0,1,2024,2024-07
2024-07-31,2024,R,623211,663616,FF,4-Seam Fastball,,foul,L,R,NYM,MIN,96.60,,,,,,0,0,2024,2024-07
2024-07-31,2024,R,623211,668904,FC,Cutter,walk,ball,R,R,NYM,MIN,91.70,,,,,,3,2,2024,2024-07
2024-07-31,2024,R,623211,668904,FC,Cutter,,swinging_strike,R,R,NYM,MIN,90.70,,,,,,3,1,2024,2024-07
2024-07-31,2024,R,623211,668904,FC,Cutter,,ball,R,R,NYM,MIN,90.10,,,,,,2,1,2024,2024-07
2024-07-31,2024,R,623211,668904,SI,Sinker,,ball,R,R,NYM,MIN,95.40,,,,,,1,1,2024,2024-07
2024-07-31,2024,R,623211,668904,FF,4-Seam Fastball,,foul,R,R,NYM,MIN,96.50,68.10,48,,,,1,0,2024,2024-07
2024-07-31,2024,R,623211,668904,CH,Changeup,,ball,R,R,NYM,MIN,90.90,,,,,,0,0,2024,2024-07
2024-07-31,2024,R,623211,670242,FF,4-Seam Fastball,strikeout,called_strike,L,R,NYM,MIN,99.10,,,,,,0,2,2024,2024-07
2024-07-31,2024,R,623211,670242,FF,4-Seam Fastball,,foul,L,R,NYM,MIN,97.60,,,,,,0,1,2024,2024-07
2024-07-31,2024,R,623211,670242,FF,4-Seam Fastball,,foul,L,R,NYM,MIN,97.80,86.30,79,,,,0,0,2024,2024-07
2024-07-31,2024,R,623352,457705,SI,Sinker,field_out,hit_into_play,R,L,HOU,PIT,97.50,74.10,-18,141.37,154.12,ground_ball,0,1,2024,2024-07
2024-07-31,2024,R,623352,457705,SL,Slider,,swinging_strike,R,L,HOU,PIT,85.10,,,,,,0,0,2024,2024-07
2024-07-31,2024,R,623352,572191,SL,Slider,strikeout,swinging_strike,R,L,HOU,PIT,85.20,,,,,,2,2,2024,2024-07
2024-07-31,2024,R,623352,572191,SL,Slider,,swinging_strike,R,L,HOU,PIT,85.00,,,,,,2,1,2024,2024-07
2024-07-31,2024,R,623352,572191,SI,Sinker,,ball,R,L,HOU,PIT,96.60,,,,,,1,1,2024,2024-07
2024-07-31,2024,R,623352,572191,SL,Slider,,called_strike,R,L,HOU,PIT,84.30,,,,,,1,0,2024,2024-07
2024-07-31,2024,R,623352,572191,SI,Sinker,,ball,R,L,HOU,PIT,96.70,,,,,,0,0,2024,2024-07
2024-07-31,2024,R,623352,665833,SI,Sinker,field_out,hit_into_play,L,L,HOU,PIT,95.80,82.90,29,57.55,111.95,line_drive,1,1,2024,2024-07
2024-07-31,2024,R,623352,665833,SL,Slider,,ball,L,L,HOU,PIT,84.40,,,,,,0,1,2024,2024-07
2024-07-31,2024,R,623352,665833,SI,Sinker,,foul,L,L,HOU,PIT,95.00,90.00,14,,,,0,0,2024,2024-07
2024-07-31,2024,R,623352,669707,SI,Sinker,single,hit_into_play,R,L,HOU,PIT,97.50,100.00,-7,126.67,148.03,ground_ball,0,2,2024,2024-07
2024-07-31,2024,R,623352,669707,SL,Slider,,called_strike,R,L,HOU,PIT,85.40,,,,,,0,1,2024,2024-07
2024-07-31,2024,R,623352,669707,SI,Sinker,,called_strike,R,L,HOU,PIT,95.50,,,,,,0,0,2024,2024-07
2024-07-31,2024,R,628452,641343,CH,Changeup,strikeout,swinging_strike,L,R,MIL,ATL,90.20,,,,,,3,2,2024,2024-07
2024-07-31,2024,R,628452,641343,CH,Changeup,,ball,L,R,MIL,ATL,91.60,,,,,,2,2,2024,2024-07
2024-07-31,2024,R,628452,641343,FF,4-Seam Fastball,,called_strike,L,R,MIL,ATL,96.00,,,,,,2,1,2024,2024-07
2024-07-31,2024,R,628452,641343,FF,4-Seam Fastball,,foul,L,R,MIL,ATL,95.20,78.50,28,,,,2,0,2024,2024-07
2024-07-31,2024,R,628452,641343,CH,Changeup,,ball,L,R,MIL,ATL,90.50,,,,,,1,0,2024,2024-07
2024-07-31,2024,R,628452,641343,SL,Slider,,ball,L,R,MIL,ATL,83.00,,,,,,0,0,2024,2024-07
2024-07-31,2024,R,628452,668930,FF,4-Seam Fastball,field_out,hit_into_play,L,R,MIL,ATL,95.90,93.70,25,57.45,78.50,fly_ball,2,1,2024,2024-07
2024-07-31,2024,R,628452,668930,CH,Changeup,,ball,L,R,MIL,ATL,90.20,,,,,,1,1,2024,2024-07
2024-07-31,2024,R,628452,668930,CH,Changeup,,ball,L,R,MIL,ATL,89.20,,,,,,0,1,2024,2024-07
2024-07-31,2024,R,628452,668930,SL,Slider,,called_strike,L,R,MIL,ATL,81.70,,,,,,0,0,2024,2024-07
2024-07-31,2024,R,628452,694192,SL,Slider,strikeout,swinging_strike,R,R,MIL,ATL,85.60,,,,,,1,2,2024,2024-07
2024-07-31,2024,R,628452,694192,FF,4-Seam Fastball,,foul,R,R,MIL,ATL,98.60,61.90,37,,,,1,2,2024,2024-07
2024-07-31,2024,R,628452,694192,SL,Slider,,ball,R,R,MIL,ATL,85.90,,,,,,0,2,2024,2024-07
2024-07-31,2024,R,628452,694192,FF,4-Seam Fastball,,foul_tip,R,R,MIL,ATL,96.80,,,,,,0,1,2024,2024-07
2024-07-31,2024,R,628452,694192,SI,Sinker,,called_strike,R,R,MIL,ATL,96.40,,,,,,0,0,2024,2024-07
2024-07-31,2024,R,628708,519317,SL,Slider,field_out,hit_into_play,R,R,PHI,NYY,86.20,113.40,-6,108.22,149.66,ground_ball,3,2,2024,2024-07
2024-07-31,2024,R,628708,519317,SL,Slider,,ball,R,R,PHI,NYY,86.90,,,,,,2,2,2024,2024-07
2024-07-31,2024,R,628708,519317,SL,Slider,,ball,R,R,PHI,NYY,86.50,,,,,,1,2,2024,2024-07
2024-07-31,2024,R,628708,519317,SL,Slider,,blocked_ball,R,R,PHI,NYY,86.90,,,,,,0,2,2024,2024-07
2024-07-31,2024,R,628708,519317,SL,Slider,,swinging_strike,R,R,PHI,NYY,86.10,,,,,,0,1,2024,2024-07
2024-07-31,2024,R,628708,519317,SL,Slider,,called_strike,R,R,PHI,NYY,85.80,,,,,,0,0,2024,2024-07
2024-07-31,2024,R,628708,592450,FF,4-Seam Fastball,strikeout,swinging_strike,R,R,PHI,NYY,98.60,,,,,,2,2,2024,2024-07
2024-07-31,2024,R,628708,592450,FS,Split-Finger,,swinging_strike,R,R,PHI,NYY,89.60,,,,,,2,1,2024,2024-07
2024-07-31,2024,R,628708,592450,FF,4-Seam Fastball,,called_strike,R,R,PHI,NYY,97.70,,,,,,2,0,2024,2024-07
2024-07-31,2024,R,628708,592450,FF,4-Seam Fastball,,ball,R,R,PHI,NYY,97.40,,,,,,1,0,2024,2024-07
2024-07-31,2024,R,628708,592450,FF,4-Seam Fastball,,ball,R,R,PHI,NYY,97.90,,,,,,0,0,2024,2024-07
2024-07-31,2024,R,628708,650402,SL,Slider,field_out,hit_into_play,R,R,PHI,NYY,86.10,59.70,44,154.95,134.39,popup,0,1,2024,2024-07
2024-07-31,2024,R,628708,650402,,,,automatic_strike,R,R,PHI,NYY,,,,,,,0,0,2024,2024-07
2024-07-31,2024,R,628708,665742,SI,Sinker,walk,ball,L,R,PHI,NYY,97.40,,,,,,3,1,2024,2024-07
2024-07-31,2024,R,628708,665742,FS,Split-Finger,,ball,L,R,PHI,NYY,91.40,,,,,,2,1,2024,2024-07
2024-07-31,2024,R,628708,665742,SI,Sinker,,ball,L,R,PHI,NYY,97.40,,,,,,1,1,2024,2024-07
2024-07-31,2024,R,628708,665742,SI,Sinker,,called_strike,L,R,PHI,NYY,97.10,,,,,,1,0,2024,2024-07
2024-07-31,2024,R,628708,665742,FF,4-Seam Fastball,,ball,L,R,PHI,NYY,97.60,,,,,,0,0,2024,2024-07
2024-07-31,2024,R,640462,545121,FF,4-Seam Fastball,field_out,hit_into_play,R,L,AZ,WSH,95.60,89.80,52,202.75,119.46,fly_ball,2,0,2024,2024-07
2024-07-31,2024,R,640462,545121,FF,4-Seam Fastball,,ball,R,L,AZ,WSH,96.50,,,,,,1,0,2024,2024-07
2024-07-31,2024,R,640462,545121,FF,4-Seam Fastball,,ball,R,L,AZ,WSH,96.60,,,,,,0,0,2024,2024-07
2024-07-31,2024,R,640462,682928,SL,Slider,field_out,hit_into_play,L,L,AZ,WSH,84.40,93.20,61,178.14,137.09,fly_ball,2,2,2024,2024-07
2024-07-31,2024,R,640462,682928,FF,4-Seam Fastball,,foul,L,L,AZ,WSH,96.10,77.30,55,,,,2,2,2024,2024-07
2024-07-31,2024,R,640462,682928,FF,4-Seam Fastball,,swinging_strike,L,L,AZ,WSH,95.50,,,,,,2,1,2024,2024-07
2024-07-31,2024,R,640462,682928,SL,Slider,,ball,L,L,AZ,WSH,84.50,,,,,,1,1,2024,2024-07
2024-07-31,2024,R,640462,682928,FF,4-Seam Fastball,,swinging_strike,L,L,AZ,WSH,95.60,,,,,,1,0,2024,2024-07
2024-07-31,2024,R,640462,682928,FF,4-Seam Fastball,,ball,L,L,AZ,WSH,96.90,,,,,,0,0,2024,2024-07
2024-07-31,2024,R,640462,696285,FF,4-Seam Fastball,strikeout,swinging_strike,R,L,AZ,WSH,96.30,,,,,,1,2,2024,2024-07
2024-07-31,2024,R,640462,696285,FF,4-Seam Fastball,,foul,R,L,AZ,WSH,96.50,,,,,,1,1,2024,2024-07
2024-07-31,2024,R,640462,696285,SI,Sinker,,ball,R,L,AZ,WSH,95.40,,,,,,0,1,2024,2024-07
2024-07-31,2024,R,640462,696285,FF,4-Seam Fastball,,swinging_strike,R,L,AZ,WSH,96.00,,,,,,0,0,2024,2024-07
2024-07-31,2024,R,641154,502110,FF,4-Seam Fastball,walk,ball,R,R,NYM,MIN,95.80,,,,,,3,2,2024,2024-07
2024-07-31,2024,R,641154,502110,FF,4-Seam Fastball,,foul,R,R,NYM,MIN,93.80,76.40,32,,,,3,1,2024,2024-07
2024-07-31,2024,R,641154,502110,FF,4-Seam Fastball,,called_strike,R,R,NYM,MIN,95.40,,,,,,3,0,2024,2024-07
2024-07-31,2024,R,641154,502110,FF,4-Seam Fastball,,ball,R,R,NYM,MIN,94.80,,,,,,2,0,2024,2024-07
2024-07-31,2024,R,641154,502110,ST,Sweeper,,ball,R,R,NYM,MIN,83.90,,,,,,1,0,2024,2024-07
2024-07-31,2024,R,641154,502110,FF,4-Seam Fastball,,ball,R,R,NYM,MIN,96.10,,,,,,0,0,2024,2024-07
2024-07-31,2024,R,641154,502110,ST,Sweeper,strikeout,swinging_strike,R,R,NYM,MIN,84.60,,,,,,3,2,2024,2024-07
2024-07-31,2024,R,641154,502110,FF,4-Seam Fastball,,ball,R,R,NYM,MIN,95.90,,,,,,2,2,2024,2024-07
2024-07-31,2024,R,641154,502110,FF,4-Seam Fastball,,foul,R,R,NYM,MIN,96.50,99.20,21,,,,2,2,2024,2024-07
2024-07-31,2024,R,641154,502110,FF,4-Seam Fastball,,foul,R,R,NYM,MIN,96.90,81.10,24,,,,2,2,2024,2024-07
2024-07-31,2024,R,641154,502110,ST,Sweeper,,foul,R,R,NYM,MIN,86.10,93.00,42,,,,2,2,2024,2024-07
2024-07-31,2024,R,641154,502110,CU,Curveball,,ball,R,R,NYM,MIN,84.80,,,,,,1,2,2024,2024-07
2024-07-31,2024,R,641154,502110,FF,4-Seam Fastball,,ball,R,R,NYM,MIN,96.80,,,,,,0,2,2024,2024-07
2024-07-31,2024,R,641154,502110,CU,Curveball,,swinging_strike,R,R,NYM,MIN,84.50,,,,,,0,1,2024,2024-07
2024-07-31,2024,R,641154,502110,CU,Curveball,,swinging_strike,R,R,NYM,MIN,82.70,,,,,,0,0,2024,2024-07
2024-07-31,2024,R,641154,502110,ST,Sweeper,walk,ball,R,R,NYM,MIN,85.10,,,,,,3,2,2024,2024-07
2024-07-31,2024,R,641154,502110,ST,Sweeper,,swinging_strike,R,R,NYM,MIN,85.30,,,,,,3,1,2024,2024-07
2024-07-31,2024,R,641154,502110,FF,4-Seam Fastball,,ball,R,R,NYM,MIN,95.00,,,,,,2,1,2024,2024-07
2024-07-31,2024,R,641154,502110,FF,4-Seam Fastball,,called_strike,R,R,NYM,MIN,93.90,,,,,,2,0,2024,2024-07
2024-07-31,2024,R,641154,502110,ST,Sweeper,,ball,R,R,NYM,MIN,84.00,,,,,,1,0,2024,2024-07
2024-07-31,2024,R,641154,502110,ST,Sweeper,,ball,R,R,NYM,MIN,84.80,,,,,,0,0,2024,2024-07
2024-07-31,2024,R,641154,578428,FF,4-Seam Fastball,field_out,hit_into_play,R,R,NYM,MIN,95.30,80.90,39,69.63,99.39,fly_ball,2,1,2024,2024-07
2024-07-31,2024,R,641154,578428,FF,4-Seam Fastball,,ball,R,R,NYM,MIN,96.70,,,,,,1,1,2024,2024-07
2024-07-31,2024,R,641154,578428,FF,4-Seam Fastball,,ball,R,R,NYM,MIN,96.30,,,,,,0,1,2024,2024-07
2024-07-31,2024,R,641154,578428,ST,Sweeper,,called_strike,R,R,NYM,MIN,85.40,,,,,,0,0,2024,2024-07
2024-07-31,2024,R,641154,578428,ST,Sweeper,strikeout,swinging_strike,R,R,NYM,MIN,84.80,,,,,,0,2,2024,2024-07
2024-07-31,2024,R,641154,578428,FF,4-Seam Fastball,,called_strike,R,R,NYM,MIN,95.80,,,,,,0,1,2024,2024-07
2024-07-31,2024,R,641154,578428,ST,Sweeper,,called_strike,R,R,NYM,MIN,84.20,,,,,,0,0,2024,2024-07
2024-07-31,2024,R,641154,596019,CH,Changeup,grounded_into_double_play,hit_into_play,L,R,NYM,MIN,88.70,84.40,-1,150.76,152.93,ground_ball,1,1,2024,2024-07
2024-07-31,2024,R,641154,596019,CH,Changeup,,foul,L,R,NYM,MIN,89.20,74.40,-42,,,,1,0,2024,2024-07
2024-07-31,2024,R,641154,596019,ST,Sweeper,,ball,L,R,NYM,MIN,84.80,,,,,,0,0,2024,2024-07
2024-07-31,2024,R,641154,596019,CH,Changeup,field_out,hit_into_play,L,R,NYM,MIN,87.50,56.80,-25,109.18,171.69,ground_ball,1,1,2024,2024-07
2024-07-31,2024,R,641154,596019,CH,Changeup,,called_strike,L,R,NYM,MIN,85.90,,,,,,1,0,2024,2024-07
2024-07-31,2024,R,641154,596019,FF,4-Seam Fastball,,ball,L,R,NYM,MIN,94.20,,,,,,0,0,2024,2024-07
2024-07-31,2024,R,641154,596019,FF,4-Seam Fastball,field_out,hit_into_play,L,R,NYM,MIN,96.90,96.80,29,56.91,68.67,fly_ball,2,2,2024,2024-07
2024-07-31,2024,R,641154,596019,FF,4-Seam Fastball,,swinging_strike,L,R,NYM,MIN,95.80,,,,,,2,1,2024,2024-07
2024-07-31,2024,R,641154,596019,CH,Changeup,,ball,L,R,NYM,MIN,88.70,,,,,,1,1,2024,2024-07
2024-07-31,2024,R,641154,596019,FF,4-Seam Fastball,,ball,L,R,NYM,MIN,95.80,,,,,,0,1,2024,2024-07
2024-07-31,2024,R,641154,596019,FF,4-Seam Fastball,,foul,L,R,NYM,MIN,95.70,77.50,44,,,,0,0,2024,2024-07
2024-07-31,2024,R,641154,607043,ST,Sweeper,strikeout,swinging_strike,L,R,NYM,MIN,84.60,,,,,,1,2,2024,2024-07
2024-07-31,2024,R,641154,607043,FF,4-Seam Fastball,,ball,L,R,NYM,MIN,96.10,,,,,,0,2,2024,2024-07
2024-07-31,2024,R,641154,607043,CU,Curveball,,foul,L,R,NYM,MIN,84.10,,,,,,0,2,2024,2024-07
2024-07-31,2024,R,641154,607043,FF,4-Seam Fastball,,foul,L,R,NYM,MIN,96.30,88.60,36,,,,0,1,2024,2024-07
2024-07-31,2024,R,641154,607043,FF,4-Seam Fastball,,called_strike,L,R,NYM,MIN,94.90,,,,,,0,0,2024,2024-07
2024-07-31,2024,R,641154,607043,CH,Changeup,field_out,hit_into_play,L,R,NYM,MIN,88.70,72.30,-21,130.78,177.76,ground_ball,0,2,2024,2024-07
2024-07-31,2024,R,641154,607043,FF,4-Seam Fastball,,foul,L,R,NYM,MIN,95.60,74.10,52,,,,0,1,2024,2024-07
2024-07-31,2024,R,641154,607043,ST,Sweeper,,foul,L,R,NYM,MIN,84.60,69.40,-24,,,,0,0,2024,2024-07
2024-07-31,2024,R,641154,607043,CH,Changeup,strikeout,swinging_strike,L,R,NYM,MIN,88.60,,,,,,2,2,2024,2024-07
2024-07-31,2024,R,641154,607043,FF,4-Seam Fastball,,foul,L,R,NYM,MIN,95.30,60.40,54,,,,2,2,2024,2024-07
2024-07-31,2024,R,641154,607043,FF,4-Seam Fastball,,ball,L,R,NYM,MIN,95.20,,,,,,1,2,2024,2024-07
2024-07-31,2024,R,641154,607043,ST,Sweeper,,ball,L,R,NYM,MIN,85.50,,,,,,0,2,2024,2024-07
2024-07-31,2024,R,641154,607043,CH,Changeup,,foul,L,R,NYM,MIN,89.00,70.20,28,,,,0,2,2024,2024-07
2024-07-31,2024,R,641154,607043,ST,Sweeper,,foul,L,R,NYM,MIN,85.50,73.90,53,,,,0,2,2024,2024-07
2024-07-31,2024,R,641154,607043,ST,Sweeper,,foul,L,R,NYM,MIN,84.40,,,,,,0,1,2024,2024-07
2024-07-31,2024,R,641154,607043,FF,4-Seam Fastball,,foul,L,R,NYM,MIN,96.00,83.80,-24,,,,0,0,2024,2024-07
2024-07-31,2024,R,641154,621438,ST,Sweeper,walk,ball,R,R,NYM,MIN,84.60,,,,,,3,2,2024,2024-07
2024-07-31,2024,R,641154,621438,ST,Sweeper,,ball,R,R,NYM,MIN,85.40,,,,,,2,2,2024,2024-07
2024-07-31,2024,R,641154,621438,ST,Sweeper,,swinging_strike,R,R,NYM,MIN,84.60,,,,,,2,1,2024,2024-07
2024-07-31,2024,R,641154,621438,CU,Curveball,,ball,R,R,NYM,MIN,83.10,,,,,,1,1,2024,2024-07
2024-07-31,2024,R,641154,621438,ST,Sweeper,,swinging_strike,R,R,NYM,MIN,84.40,,,,,,1,0,2024,2024-07
2024-07-31,2024,R,641154,621438,FF,4-Seam Fastball,,ball,R,R,NYM,MIN,96.50,,,,,,0,0,2024,2024-07
2024-07-31,2024,R,641154,621438,ST,Sweeper,field_out,hit_into_play,R,R,NYM,MIN,84.40,96.10,24,135.57,56.18,fly_ball,1,0,2024,2024-07
2024-07-31,2024,R,641154,621438,CU,Curveball,,ball,R,R,NYM,MIN,83.60,,,,,,0,0,2024,2024-07
2024-07-31,2024,R,641154,624413,CH,Changeup,strikeout,swinging_strike,R,R,NYM,MIN,89.30,,,,,,3,2,2024,2024-07
2024-07-31,2024,R,641154,624413,FF,4-Seam Fastball,,foul,R,R,NYM,MIN,96.00,83.40,16,,,,3,2,2024,2024-07
2024-07-31,2024,R,641154,624413,SI,Sinker,,foul_tip,R,R,NYM,MIN,93.80,,,,,,3,1,2024,2024-07
2024-07-31,2024,R,641154,624413,ST,Sweeper,,ball,R,R,NYM,MIN,85.40,,,,,,2,1,2024,2024-07
2024-07-31,2024,R,641154,624413,FF,4-Seam Fastball,,swinging_strike,R,R,NYM,MIN,96.00,,,,,,2,0,2024,2024-07
2024-07-31,2024,R,641154,624413,ST,Sweeper,,ball,R,R,NYM,MIN,86.50,,,,,,1,0,2024,2024-07
2024-07-31,2024,R,641154,624413,FF,4-Seam Fastball,,ball,R,R,NYM,MIN,95.90,,,,,,0,0,2024,2024-07
2024-07-31,2024,R,641154,624413,CU,Curveball,field_out,hit_into_play,R,R,NYM,MIN,84.50,91.40,-11,97.44,165.05,ground_ball,1,1,2024,2024-07
2024-07-31,2024,R,641154,624413,ST,Sweeper,,ball,R,R,NYM,MIN,85.00,,,,,,0,1,2024,2024-07
2024-07-31,2024,R,641154,624413,ST,Sweeper,,called_strike,R,R,NYM,MIN,84.60,,,,,,0,0,2024,2024-07
2024-07-31,2024,R,641154,624413,SI,Sinker,force_out,hit_into_play,R,R,NYM,MIN,93.60,72.40,-19,131.97,146.32,ground_ball,0,0,2024,2024-07
2024-07-31,2024,R,641154,643446,CU,Curveball,field_out,hit_into_play,L,R,NYM,MIN,83.80,89.20,-14,148.73,150.90,ground_ball,2,2,2024,2024-07
2024-07-31,2024,R,641154,643446,CH,Changeup,,foul,L,R,NYM,MIN,91.50,,,,,,2,2,2024,2024-07
2024-07-31,2024,R,641154,643446,FF,4-Seam Fastball,,foul,L,R,NYM,MIN,96.70,,,,,,2,2,2024,2024-07
2024-07-31,2024,R,641154,643446,FF,4-Seam Fastball,,foul,L,R,NYM,MIN,95.40,74.00,62,,,,2,2,2024,2024-07
2024-07-31,2024,R,641154,643446,ST,Sweeper,,ball,L,R,NYM,MIN,86.20,,,,,,1,2,2024,2024-07
2024-07-31,2024,R,641154,643446,CH,Changeup,,foul,L,R,NYM,MIN,88.20,84.50,-21,,,,1,1,2024,2024-07
2024-07-31,2024,R,641154,643446,FF,4-Seam Fastball,,ball,L,R,NYM,MIN,95.30,,,,,,0,1,2024,2024-07
2024-07-31,2024,R,641154,643446,CH,Changeup,,swinging_strike,L,R,NYM,MIN,89.70,,,,,,0,0,2024,2024-07
2024-07-31,2024,R,641154,643446,ST,Sweeper,single,hit_into_play,L,R,NYM,MIN,85.90,80.70,21,136.39,98.18,line_drive,1,1,2024,2024-07
2024-07-31,2024,R,641154,643446,CH,Changeup,,ball,L,R,NYM,MIN,89.10,,,,,,0,1,2024,2024-07
2024-07-31,2024,R,641154,643446,ST,Sweeper,,swinging_strike,L,R,NYM,MIN,84.90,,,,,,0,0,2024,2024-07
2024-07-31,2024,R,641154,643446,ST,Sweeper,single,hit_into_play,L,R,NYM,MIN,85.30,50.90,29,84.16,160.27,line_drive,0,0,2024,2024-07
2024-07-31,2024,R,641154,668901,ST,Sweeper,strikeout,swinging_strike,R,R,NYM,MIN,85.80,,,,,,1,2,2024,2024-07
2024-07-31,2024,R,641154,668901,FF,4-Seam Fastball,,foul,R,R,NYM,MIN,97.10,82.10,40,,,,1,2,2024,2024-07
2024-07-31,2024,R,641154,668901,CU,Curveball,,foul,R,R,NYM,MIN,83.20,66.60,-45,,,,1,2,2024,2024-07
2024-07-31,2024,R,641154,668901,ST,Sweeper,,foul,R,R,NYM,MIN,84.80,79.60,48,,,,1,1,2024,2024-07
2024-07-31,2024,R,641154,668901,FF,4-Seam Fastball,,ball,R,R,NYM,MIN,96.70,,,,,,0,1,2024,2024-07
2024-07-31,2024,R,641154,668901,ST,Sweeper,,called_strike,R,R,NYM,MIN,83.10,,,,,,0,0,2024,2024-07
2024-07-31,2024,R,641154,668901,SI,Sinker,home_run,hit_into_play,R,R,NYM,MIN,93.50,100.70,34,228.59,92.41,fly_ball,0,1,2024,2024-07
2024-07-31,2024,R,641154,668901,SI,Sinker,,called_strike,R,R,NYM,MIN,94.40,,,,,,0,0,2024,2024-07
2024-07-31,2024,R,641154,682626,CH,Changeup,strikeout,swinging_strike,R,R,NYM,MIN,88.90,,,,,,1,2,2024,2024-07
2024-07-31,2024,R,641154,682626,ST,Sweeper,,ball,R,R,NYM,MIN,83.70,,,,,,0,2,2024,2024-07
2024-07-31,2024,R,641154,682626,ST,Sweeper,,foul,R,R,NYM,MIN,83.00,49.60,-43,,,,0,1,2024,2024-07
2024-07-31,2024,R,641154,682626,ST,Sweeper,,foul,R,R,NYM,MIN,83.90,69.10,60,,,,0,0,2024,2024-07
2024-07-31,2024,R,641154,682626,FF,4-Seam Fastball,field_out,hit_into_play,R,R,NYM,MIN,94.50,72.10,33,193.25,127.77,fly_ball,3,1,2024,2024-07
2024-07-31,2024,R,641154,682626,FF,4-Seam Fastball,,foul,R,R,NYM,MIN,94.80,79.20,46,,,,3,0,2024,2024-07
2024-07-31,2024,R,641154,682626,ST,Sweeper,,ball,R,R,NYM,MIN,84.30,,,,,,2,0,2024,2024-07
2024-07-31,2024,R,641154,682626,FF,4-Seam Fastball,,ball,R,R,NYM,MIN,95.50,,,,,,1,0,2024,2024-07
2024-07-31,2024,R,641154,682626,ST,Sweeper,,ball,R,R,NYM,MIN,83.60,,,,,,0,0,2024,2024-07
2024-07-31,2024,R,641482,547180,ST,Sweeper,field_out,hit_into_play,L,L,PHI,NYY,79.70,101.10,45,175.99,67.81,fly_ball,2,1,2024,2024-07
2024-07-31,2024,R,641482,547180,FF,4-Seam Fastball,,called_strike,L,L,PHI,NYY,91.80,,,,,,2,0,2024,2024-07
2024-07-31,2024,R,641482,547180,ST,Sweeper,,ball,L,L,PHI,NYY,80.30,,,,,,1,0,2024,2024-07
2024-07-31,2024,R,641482,547180,FF,4-Seam Fastball,,ball,L,L,PHI,NYY,92.60,,,,,,0,0,2024,2024-07
2024-07-31,2024,R,641482,547180,FF,4-Seam Fastball,strikeout,swinging_strike,L,L,PHI,NYY,93.70,,,,,,3,2,2024,2024-07
2024-07-31,2024,R,641482,547180,ST,Sweeper,,blocked_ball,L,L,PHI,NYY,83.20,,,,,,2,2,2024,2024-07
2024-07-31,2024,R,641482,547180,FF,4-Seam Fastball,,foul,L,L,PHI,NYY,94.30,,,,,,2,1,2024,2024-07
2024-07-31,2024,R,641482,547180,FF,4-Seam Fastball,,ball,L,L,PHI,NYY,94.30,,,,,,1,1,2024,2024-07
2024-07-31,2024,R,641482,547180,FC,Cutter,,ball,L,L,PHI,NYY,88.50,,,,,,0,1,2024,2024-07
2024-07-31,2024,R,641482,547180,ST,Sweeper,,swinging_strike,L,L,PHI,NYY,79.80,,,,,,0,0,2024,2024-07
2024-07-31,2024,R,641482,547180,FF,4-Seam Fastball,strikeout,swinging_strike,L,L,PHI,NYY,93.20,,,,,,3,2,2024,2024-07
2024-07-31,2024,R,641482,547180,ST,Sweeper,,ball,L,L,PHI,NYY,75.20,,,,,,2,2,2024,2024-07
2024-07-31,2024,R,641482,547180,FF,4-Seam Fastball,,foul,L,L,PHI,NYY,93.20,64.70,34,,,,2,1,2024,2024-07
2024-07-31,2024,R,641482,547180,ST,Sweeper,,ball,L,L,PHI,NYY,75.30,,,,,,1,1,2024,2024-07
2024-07-31,2024,R,641482,547180,FF,4-Seam Fastball,,ball,L,L,PHI,NYY,91.60,,,,,,0,1,2024,2024-07
2024-07-31,2024,R,641482,547180,ST,Sweeper,,called_strike,L,L,PHI,NYY,79.00,,,,,,0,0,2024,2024-07
2024-07-31,2024,R,641482,592206,CH,Changeup,single,hit_into_play,R,L,PHI,NYY,83.90,103.40,3,92.39,146.48,ground_ball,1,1,2024,2024-07
2024-07-31,2024,R,641482,592206,FF,4-Seam Fastball,,ball,R,L,PHI,NYY,92.80,,,,,,0,1,2024,2024-07
2024-07-31,2024,R,641482,592206,FF,4-Seam Fastball,,foul_tip,R,L,PHI,NYY,93.50,,,,,,0,0,2024,2024-07
2024-07-31,2024,R,641482,592206,FC,Cutter,field_out,hit_into_play,R,L,PHI,NYY,88.90,93.90,20,77.32,102.88,line_drive,2,1,2024,2024-07
2024-07-31,2024,R,641482,592206,FC,Cutter,,ball,R,L,PHI,NYY,88.20,,,,,,1,1,2024,2024-07
2024-07-31,2024,R,641482,592206,FF,4-Seam Fastball,,ball,R,L,PHI,NYY,92.80,,,,,,0,1,2024,2024-07
2024-07-31,2024,R,641482,592206,FF,4-Seam Fastball,,called_strike,R,L,PHI,NYY,93.10,,,,,,0,0,2024,2024-07
2024-07-31,2024,R,641482,596117,ST,Sweeper,field_out,hit_into_play,L,L,PHI,NYY,77.50,79.10,-5,156.47,152.71,ground_ball,2,2,2024,2024-07
2024-07-31,2024,R,641482,596117,ST,Sweeper,,foul,L,L,PHI,NYY,79.90,51.00,-43,,,,2,2,2024,2024-07
2024-07-31,2024,R,641482,596117,FF,4-Seam Fastball,,ball,L,L,PHI,NYY,93.60,,,,,,1,2,2024,2024-07
2024-07-31,2024,R,641482,596117,FF,4-Seam Fastball,,foul,L,L,PHI,NYY,92.30,83.60,62,,,,1,1,2024,2024-07
2024-07-31,2024,R,641482,596117,ST,Sweeper,,ball,L,L,PHI,NYY,79.00,,,,,,0,1,2024,2024-07
2024-07-31,2024,R,641482,596117,ST,Sweeper,,called_strike,L,L,PHI,NYY,80.60,,,,,,0,0,2024,2024-07
2024-07-31,2024,R,641482,596117,FC,Cutter,strikeout,foul_tip,L,L,PHI,NYY,86.90,,,,,,2,2,2024,2024-07
2024-07-31,2024,R,641482,596117,FF,4-Seam Fastball,,ball,L,L,PHI,NYY,94.70,,,,,,1,2,2024,2024-07
2024-07-31,2024,R,641482,596117,FF,4-Seam Fastball,,foul,L,L,PHI,NYY,93.50,79.30,43,,,,1,2,2024,2024-07
2024-07-31,2024,R,641482,596117,FF,4-Seam Fastball,,foul,L,L,PHI,NYY,89.70,76.20,11,,,,1,2,2024,2024-07
2024-07-31,2024,R,641482,596117,FF,4-Seam Fastball,,foul,L,L,PHI,NYY,93.90,76.80,11,,,,1,1,2024,2024-07
2024-07-31,2024,R,641482,596117,ST,Sweeper,,ball,L,L,PHI,NYY,80.60,,,,,,0,1,2024,2024-07
2024-07-31,2024,R,641482,596117,FF,4-Seam Fastball,,called_strike,L,L,PHI,NYY,93.50,,,,,,0,0,2024,2024-07
2024-07-31,2024,R,641482,624641,FF,4-Seam Fastball,field_out,hit_into_play,R,L,PHI,NYY,93.60,79.80,56,136.66,112.50,popup,1,2,2024,2024-07
2024-07-31,2024,R,641482,624641,ST,Sweeper,,swinging_strike,R,L,PHI,NYY,80.50,,,,,,1,1,2024,2024-07
2024-07-31,2024,R,641482,624641,FC,Cutter,,ball,R,L,PHI,NYY,89.80,,,,,,0,1,2024,2024-07
2024-07-31,2024,R,641482,624641,FF,4-Seam Fastball,,foul,R,L,PHI,NYY,94.70,52.10,7,,,,0,0,2024,2024-07
2024-07-31,2024,R,641482,624641,FF,4-Seam Fastball,field_out,hit_into_play,R,L,PHI,NYY,93.80,84.00,70,176.28,154.24,popup,2,2,2024,2024-07
2024-07-31,2024,R,641482,624641,SI,Sinker,,ball,R,L,PHI,NYY,91.60,,,,,,1,2,2024,2024-07
2024-07-31,2024,R,641482,624641,CH,Changeup,,foul,R,L,PHI,NYY,84.30,,,,,,1,2,2024,2024-07
2024-07-31,2024,R,641482,624641,FC,Cutter,,swinging_strike,R,L,PHI,NYY,88.80,,,,,,1,1,2024,2024-07
2024-07-31,2024,R,641482,624641,FC,Cutter,,foul,R,L,PHI,NYY,87.80,,,,,,1,0,2024,2024-07
2024-07-31,2024,R,641482,624641,ST,Sweeper,,ball,R,L,PHI,NYY,80.30,,,,,,0,0,2024,2024-07
2024-07-31,2024,R,641482,642215,FC,Cutter,home_run,hit_into_play,R,L,PHI,NYY,87.40,104.90,25,44.93,60.01,fly_ball,0,2,2024,2024-07
2024-07-31,2024,R,641482,642215,FC,Cutter,,swinging_strike,R,L,PHI,NYY,87.70,,,,,,0,1,2024,2024-07
2024-07-31,2024,R,641482,642215,ST,Sweeper,,called_strike,R,L,PHI,NYY,78.90,,,,,,0,0,2024,2024-07
2024-07-31,2024,R,641482,642215,ST,Sweeper,strikeout,swinging_strike,R,L,PHI,NYY,71.70,,,,,,1,2,2024,2024-07
2024-07-31,2024,R,641482,642215,FF,4-Seam Fastball,,foul,R,L,PHI,NYY,93.70,74.70,39,,,,1,2,2024,2024-07
2024-07-31,2024,R,641482,642215,FC,Cutter,,swinging_strike,R,L,PHI,NYY,89.10,,,,,,1,1,2024,2024-07
2024-07-31,2024,R,641482,642215,ST,Sweeper,,foul,R,L,PHI,NYY,78.80,102.80,13,,,,1,0,2024,2024-07
2024-07-31,2024,R,641482,642215,FF,4-Seam Fastball,,ball,R,L,PHI,NYY,92.20,,,,,,0,0,2024,2024-07
2024-07-31,2024,R,641482,656941,FF,4-Seam Fastball,walk,ball,L,L,PHI,NYY,94.00,,,,,,3,2,2024,2024-07
2024-07-31,2024,R,641482,656941,FF,4-Seam Fastball,,ball,L,L,PHI,NYY,94.80,,,,,,2,2,2024,2024-07
2024-07-31,2024,R,641482,656941,ST,Sweeper,,ball,L,L,PHI,NYY,75.80,,,,,,1,2,2024,2024-07
2024-07-31,2024,R,641482,656941,ST,Sweeper,,called_strike,L,L,PHI,NYY,82.00,,,,,,1,1,2024,2024-07
2024-07-31,2024,R,641482,656941,SI,Sinker,,ball,L,L,PHI,NYY,87.40,,,,,,0,1,2024,2024-07
2024-07-31,2024,R,641482,656941,FF,4-Seam Fastball,,called_strike,L,L,PHI,NYY,93.20,,,,,,0,0,2024,2024-07
2024-07-31,2024,R,641482,656941,FF,4-Seam Fastball,walk,ball,L,L,PHI,NYY,93.20,,,,,,3,2,2024,2024-07
2024-07-31,2024,R,641482,656941,FF,4-Seam Fastball,,foul,L,L,PHI,NYY,93.30,54.60,59,,,,3,2,2024,2024-07
2024-07-31,2024,R,641482,656941,ST,Sweeper,,ball,L,L,PHI,NYY,77.50,,,,,,2,2,2024,2024-07
2024-07-31,2024,R,641482,656941,FF,4-Seam Fastball,,ball,L,L,PHI,NYY,93.10,,,,,,1,2,2024,2024-07
2024-07-31,2024,R,641482,656941,FC,Cutter,,ball,L,L,PHI,NYY,88.70,,,,,,0,2,2024,2024-07
2024-07-31,2024,R,641482,656941,FF,4-Seam Fastball,,swinging_strike,L,L,PHI,NYY,92.40,,,,,,0,1,2024,2024-07
2024-07-31,2024,R,641482,656941,FF,4-Seam Fastball,,foul,L,L,PHI,NYY,93.10,28.60,29,,,,0,0,2024,2024-07
2024-07-31,2024,R,641482,656941,SI,Sinker,strikeout,swinging_strike,L,L,PHI,NYY,89.90,,,,,,0,2,2024,2024-07
2024-07-31,2024,R,641482,656941,FF,4-Seam Fastball,,foul,L,L,PHI,NYY,91.10,87.60,46,,,,0,1,2024,2024-07
2024-07-31,2024,R,641482,656941,FF,4-Seam Fastball,,called_strike,L,L,PHI,NYY,90.70,,,,,,0,0,2024,2024-07
2024-07-31,2024,R,641482,664761,ST,Sweeper,field_out,hit_into_play,R,L,PHI,NYY,82.10,103.40,-6,112.28,154.24,ground_ball,0,0,2024,2024-07
2024-07-31,2024,R,641482,664761,FF,4-Seam Fastball,field_out,hit_into_play,R,L,PHI,NYY,93.60,64.90,5,142.22,150.44,ground_ball,2,2,2024,2024-07
2024-07-31,2024,R,641482,664761,CH,Changeup,,ball,R,L,PHI,NYY,84.70,,,,,,1,2,2024,2024-07
2024-07-31,2024,R,641482,664761,FF,4-Seam Fastball,,foul,R,L,PHI,NYY,93.20,73.70,38,,,,1,1,2024,2024-07
2024-07-31,2024,R,641482,664761,ST,Sweeper,,called_strike,R,L,PHI,NYY,76.70,,,,,,1,0,2024,2024-07
2024-07-31,2024,R,641482,664761,FC,Cutter,,ball,R,L,PHI,NYY,86.40,,,,,,0,0,2024,2024-07
2024-07-31,2024,R,641482,669720,CH,Changeup,strikeout,swinging_strike,R,L,PHI,NYY,83.90,,,,,,1,2,2024,2024-07
2024-07-31,2024,R,641482,669720,FC,Cutter,,ball,R,L,PHI,NYY,88.00,,,,,,0,2,2024,2024-07
2024-07-31,2024,R,641482,669720,FF,4-Seam Fastball,,foul,R,L,PHI,NYY,93.30,71.70,-46,,,,0,2,2024,2024-07
2024-07-31,2024,R,641482,669720,FF,4-Seam Fastball,,foul,R,L,PHI,NYY,94.10,81.90,62,,,,0,1,2024,2024-07
2024-07-31,2024,R,641482,669720,ST,Sweeper,,called_strike,R,L,PHI,NYY,81.60,,,,,,0,0,2024,2024-07
2024-07-31,2024,R,641482,669720,FF,4-Seam Fastball,double,hit_into_play,R,L,PHI,NYY,92.60,108.50,19,53.31,100.59,line_drive,3,1,2024,2024-07
2024-07-31,2024,R,641482,669720,ST,Sweeper,,ball,R,L,PHI,NYY,79.20,,,,,,2,1,2024,2024-07
2024-07-31,2024,R,641482,669720,FC,Cutter,,swinging_strike,R,L,PHI,NYY,88.30,,,,,,2,0,2024,2024-07
2024-07-31,2024,R,641482,669720,ST,Sweeper,,ball,R,L,PHI,NYY,79.10,,,,,,1,0,2024,2024-07
2024-07-31,2024,R,641482,669720,FC,Cutter,,ball,R,L,PHI,NYY,88.80,,,,,,0,0,2024,2024-07
2024-07-31,2024,R,641482,669720,FF,4-Seam Fastball,field_out,hit_into_play,R,L,PHI,NYY,93.60,101.70,20,69.30,72.51,line_drive,3,2,2024,2024-07
2024-07-31,2024,R,641482,669720,FC,Cutter,,foul,R,L,PHI,NYY,86.60,,,,,,3,2,2024,2024-07
2024-07-31,2024,R,641482,669720,FC,Cutter,,foul,R,L,PHI,NYY,87.00,74.80,9,,,,3,1,2024,2024-07
2024-07-31,2024,R,641482,669720,FF,4-Seam Fastball,,called_strike,R,L,PHI,NYY,92.00,,,,,,3,0,2024,2024-07
2024-07-31,2024,R,641482,669720,FF,4-Seam Fastball,,ball,R,L,PHI,NYY,92.00,,,,,,2,0,2024,2024-07
2024-07-31,2024,R,641482,669720,FC,Cutter,,ball,R,L,PHI,NYY,88.20,,,,,,1,0,2024,2024-07
2024-07-31,2024,R,641482,669720,FF,4-Seam Fastball,,ball,R,L,PHI,NYY,91.70,,,,,,0,0,2024,2024-07
2024-07-31,2024,R,641482,679032,ST,Sweeper,field_out,hit_into_play,R,L,PHI,NYY,80.90,81.70,59,103.06,128.68,fly_ball,1,1,2024,2024-07
2024-07-31,2024,R,641482,679032,FC,Cutter,,swinging_strike,R,L,PHI,NYY,88.20,,,,,,1,0,2024,2024-07
2024-07-31,2024,R,641482,679032,FC,Cutter,,ball,R,L,PHI,NYY,84.30,,,,,,0,0,2024,2024-07
2024-07-31,2024,R,641482,679032,FF,4-Seam Fastball,field_out,hit_into_play,R,L,PHI,NYY,93.90,100.70,15,138.57,67.28,line_drive,1,1,2024,2024-07
2024-07-31,2024,R,641482,679032,FC,Cutter,,foul,R,L,PHI,NYY,88.60,,,,,,1,0,2024,2024-07
2024-07-31,2024,R,641482,679032,ST,Sweeper,,ball,R,L,PHI,NYY,79.20,,,,,,0,0,2024,2024-07
2024-07-31,2024,R,641540,502054,FC,Cutter,single,hit_into_play,R,R,STL,TEX,88.80,88.60,16,175.69,96.52,line_drive,0,0,2024,2024-07
2024-07-31,2024,R,641540,502671,SL,Slider,single,hit_into_play,R,R,STL,TEX,81.20,97.70,-5,125.88,85.79,ground_ball,0,2,2024,2024-07
2024-07-31,2024,R,641540,502671,FC,Cutter,,foul_tip,R,R,STL,TEX,89.20,,,,,,0,1,2024,2024-07
2024-07-31,2024,R,641540,502671,SI,Sinker,,called_strike,R,R,STL,TEX,89.40,,,,,,0,0,2024,2024-07
2024-07-31,2024,R,641540,571448,SI,Sinker,single,hit_into_play,R,R,STL,TEX,90.90,101.50,-3,116.69,114.90,ground_ball,0,1,2024,2024-07
2024-07-31,2024,R,641540,571448,FC,Cutter,,foul,R,R,STL,TEX,87.10,66.30,54,,,,0,0,2024,2024-07
2024-07-31,2024,R,641540,575929,SI,Sinker,field_out,hit_into_play,R,R,STL,TEX,88.60,105.60,13,183.27,100.56,line_drive,0,0,2024,2024-07
2024-07-31,2024,R,641540,672279,SL,Slider,field_out,hit_into_play,L,R,STL,TEX,82.30,80.50,54,188.79,149.15,popup,0,2,2024,2024-07
2024-07-31,2024,R,641540,672279,FC,Cutter,,foul,L,R,STL,TEX,89.20,78.90,5,,,,0,2,2024,2024-07
2024-07-31,2024,R,641540,672279,CH,Changeup,,foul,L,R,STL,TEX,84.90,68.80,67,,,,0,2,2024,2024-07
2024-07-31,2024,R,641540,672279,SL,Slider,,foul,L,R,STL,TEX,82.00,70.10,-21,,,,0,2,2024,2024-07
2024-07-31,2024,R,641540,672279,SI,Sinker,,swinging_strike,L,R,STL,TEX,90.40,,,,,,0,1,2024,2024-07
2024-07-31,2024,R,641540,672279,FC,Cutter,,called_strike,L,R,STL,TEX,88.70,,,,,,0,0,2024,2024-07
2024-07-31,2024,R,641540,676475,FC,Cutter,field_out,hit_into_play,L,R,STL,TEX,88.00,100.90,32,66.78,55.96,fly_ball,1,1,2024,2024-07
2024-07-31,2024,R,641540,676475,SI,Sinker,,foul,L,R,STL,TEX,89.50,90.20,57,,,,1,0,2024,2024-07
2024-07-31,2024,R,641540,676475,FC,Cutter,,ball,L,R,STL,TEX,88.20,,,,,,0,0,2024,2024-07
2024-07-31,2024,R,641540,686780,SL,Slider,field_out,hit_into_play,R,R,STL,TEX,82.70,98.00,33,114.79,46.01,fly_ball,0,1,2024,2024-07
2024-07-31,2024,R,641540,686780,SI,Sinker,,called_strike,R,R,STL,TEX,89.20,,,,,,0,0,2024,2024-07
2024-07-31,2024,R,641540,691026,SL,Slider,single,hit_into_play,R,R,STL,TEX,81.20,79.30,-49,103.00,168.00,ground_ball,1,2,2024,2024-07
2024-07-31,2024,R,641540,691026,SI,Sinker,,swinging_strike,R,R,STL,TEX,90.20,,,,,,1,1,2024,2024-07
2024-07-31,2024,R,641540,691026,FC,Cutter,,called_strike,R,R,STL,TEX,89.10,,,,,,1,0,2024,2024-07
2024-07-31,2024,R,641540,691026,SI,Sinker,,ball,R,R,STL,TEX,90.70,,,,,,0,0,2024,2024-07
2024-07-31,2024,R,641703,592518,FF,4-Seam Fastball,field_out,hit_into_play,R,R,SD,LAD,94.00,99.30,41,204.50,94.47,fly_ball,0,0,2024,2024-07
2024-07-31,2024,R,641703,592518,SC,Screwball,single,hit_into_play,R,R,SD,LAD,82.20,96.20,-26,116.58,128.69,ground_ball,1,1,2024,2024-07
2024-07-31,2024,R,641703,592518,SI,Sinker,,ball,R,R,SD,LAD,94.20,,,,,,0,1,2024,2024-07
2024-07-31,2024,R,641703,592518,SL,Slider,,foul,R,R,SD,LAD,84.90,65.20,34,,,,0,0,2024,2024-07
2024-07-31,2024,R,641703,593428,FF,4-Seam Fastball,field_out,hit_into_play,R,R,SD,LAD,94.10,92.40,31,212.31,104.45,fly_ball,0,2,2024,2024-07
2024-07-31,2024,R,641703,593428,SL,Slider,,swinging_strike,R,R,SD,LAD,86.80,,,,,,0,1,2024,2024-07
2024-07-31,2024,R,641703,593428,SC,Screwball,,called_strike,R,R,SD,LAD,81.50,,,,,,0,0,2024,2024-07
2024-07-31,2024,R,641703,593428,FF,4-Seam Fastball,double,hit_into_play,R,R,SD,LAD,93.90,99.30,-13,93.30,105.65,ground_ball,1,1,2024,2024-07
2024-07-31,2024,R,641703,593428,SL,Slider,,called_strike,R,R,SD,LAD,84.20,,,,,,1,0,2024,2024-07
2024-07-31,2024,R,641703,593428,SL,Slider,,ball,R,R,SD,LAD,85.90,,,,,,0,0,2024,2024-07
2024-07-31,2024,R,641703,595777,SC,Screwball,strikeout,called_strike,L,R,SD,LAD,79.60,,,,,,0,2,2024,2024-07
2024-07-31,2024,R,641703,595777,FF,4-Seam Fastball,,called_strike,L,R,SD,LAD,93.90,,,,,,0,1,2024,2024-07
2024-07-31,2024,R,641703,595777,SC,Screwball,,called_strike,L,R,SD,LAD,80.20,,,,,,0,0,2024,2024-07
2024-07-31,2024,R,641703,630105,FF,4-Seam Fastball,field_out,hit_into_play,L,R,SD,LAD,93.70,71.70,58,78.47,151.15,popup,1,2,2024,2024-07
2024-07-31,2024,R,641703,630105,FF,4-Seam Fastball,,foul,L,R,SD,LAD,94.70,80.30,9,,,,1,1,2024,2024-07
2024-07-31,2024,R,641703,630105,SC,Screwball,,ball,L,R,SD,LAD,82.10,,,,,,0,1,2024,2024-07
2024-07-31,2024,R,641703,630105,FF,4-Seam Fastball,,foul,L,R,SD,LAD,93.60,70.80,-29,,,,0,0,2024,2024-07
2024-07-31,2024,R,641703,642180,FF,4-Seam Fastball,strikeout,foul_tip,L,R,SD,LAD,94.20,,,,,,3,2,2024,2024-07
2024-07-31,2024,R,641703,642180,FF,4-Seam Fastball,,ball,L,R,SD,LAD,93.30,,,,,,2,2,2024,2024-07
2024-07-31,2024,R,641703,642180,FF,4-Seam Fastball,,called_strike,L,R,SD,LAD,93.00,,,,,,2,1,2024,2024-07
2024-07-31,2024,R,641703,642180,FF,4-Seam Fastball,,ball,L,R,SD,LAD,94.00,,,,,,1,1,2024,2024-07
2024-07-31,2024,R,641703,642180,SC,Screwball,,ball,L,R,SD,LAD,81.20,,,,,,0,1,2024,2024-07
2024-07-31,2024,R,641703,642180,SC,Screwball,,called_strike,L,R,SD,LAD,80.50,,,,,,0,0,2024,2024-07
2024-07-31,2024,R,641703,650333,FF,4-Seam Fastball,single,hit_into_play,L,R,SD,LAD,93.50,87.50,-13,165.00,148.00,ground_ball,0,0,2024,2024-07
2024-07-31,2024,R,641703,650333,FF,4-Seam Fastball,double_play,hit_into_play,L,R,SD,LAD,94.20,95.90,17,128.35,80.26,line_drive,2,2,2024,2024-07
2024-07-31,2024,R,641703,650333,FF,4-Seam Fastball,,foul,L,R,SD,LAD,93.80,73.70,46,,,,2,2,2024,2024-07
2024-07-31,2024,R,641703,650333,FF,4-Seam Fastball,,foul,L,R,SD,LAD,94.00,76.30,62,,,,2,1,2024,2024-07
2024-07-31,2024,R,641703,650333,FF,4-Seam Fastball,,ball,L,R,SD,LAD,93.50,,,,,,1,1,2024,2024-07
2024-07-31,2024,R,641703,650333,FF,4-Seam Fastball,,foul,L,R,SD,LAD,91.70,72.70,-46,,,,1,0,2024,2024-07
2024-07-31,2024,R,641703,650333,SC,Screwball,,ball,L,R,SD,LAD,81.80,,,,,,0,0,2024,2024-07
2024-07-31,2024,R,641703,669134,SL,Slider,grounded_into_double_play,hit_into_play,R,R,SD,LAD,85.40,70.80,7,138.81,140.82,ground_ball,0,1,2024,2024-07
2024-07-31,2024,R,641703,669134,SL,Slider,,called_strike,R,R,SD,LAD,85.80,,,,,,0,0,2024,2024-07
2024-07-31,2024,R,641703,669369,FF,4-Seam Fastball,single,hit_into_play,L,R,SD,LAD,93.70,83.60,10,99.97,102.83,line_drive,3,2,2024,2024-07
2024-07-31,2024,R,641703,669369,FF,4-Seam Fastball,,ball,L,R,SD,LAD,94.20,,,,,,2,2,2024,2024-07
2024-07-31,2024,R,641703,669369,FF,4-Seam Fastball,,foul,L,R,SD,LAD,94.10,75.80,19,,,,2,1,2024,2024-07
2024-07-31,2024,R,641703,669369,SC,Screwball,,ball,L,R,SD,LAD,80.30,,,,,,1,1,2024,2024-07
2024-07-31,2024,R,641703,669369,FF,4-Seam Fastball,,ball,L,R,SD,LAD,93.20,,,,,,0,1,2024,2024-07
2024-07-31,2024,R,641703,669369,FF,4-Seam Fastball,,foul,L,R,SD,LAD,93.20,86.80,56,,,,0,0,2024,2024-07
2024-07-31,2024,R,641703,669369,FF,4-Seam Fastball,walk,ball,L,R,SD,LAD,93.80,,,,,,3,2,2024,2024-07
2024-07-31,2024,R,641703,669369,FF,4-Seam Fastball,,foul,L,R,SD,LAD,92.60,82.80,49,,,,3,1,2024,2024-07
2024-07-31,2024,R,641703,669369,FF,4-Seam Fastball,,called_strike,L,R,SD,LAD,93.20,,,,,,3,0,2024,2024-07
2024-07-31,2024,R,641703,669369,FF,4-Seam Fastball,,ball,L,R,SD,LAD,92.80,,,,,,2,0,2024,2024-07
2024-07-31,2024,R,641703,669369,FF,4-Seam Fastball,,ball,L,R,SD,LAD,93.70,,,,,,1,0,2024,2024-07
2024-07-31,2024,R,641703,669369,FF,4-Seam Fastball,,ball,L,R,SD,LAD,90.20,,,,,,0,0,2024,2024-07
2024-07-31,2024,R,641703,673490,FF,4-Seam Fastball,walk,ball,R,R,SD,LAD,94.60,,,,,,3,2,2024,2024-07
2024-07-31,2024,R,641703,673490,FF,4-Seam Fastball,,foul,R,R,SD,LAD,94.60,,,,,,3,2,2024,2024-07
2024-07-31,2024,R,641703,673490,FF,4-Seam Fastball,,swinging_strike,R,R,SD,LAD,94.40,,,,,,3,1,2024,2024-07
2024-07-31,2024,R,641703,673490,FF,4-Seam Fastball,,called_strike,R,R,SD,LAD,94.40,,,,,,3,0,2024,2024-07
2024-07-31,2024,R,641703,673490,SC,Screwball,,ball,R,R,SD,LAD,80.80,,,,,,2,0,2024,2024-07
2024-07-31,2024,R,641703,673490,SC,Screwball,,ball,R,R,SD,LAD,79.00,,,,,,1,0,2024,2024-07
2024-07-31,2024,R,641703,673490,SL,Slider,,ball,R,R,SD,LAD,82.90,,,,,,0,0,2024,2024-07
2024-07-31,2024,R,641703,701538,SC,Screwball,double,hit_into_play,L,R,SD,LAD,79.00,103.50,24,214.02,82.67,fly_ball,1,2,2024,2024-07
2024-07-31,2024,R,641703,701538,SC,Screwball,,foul,L,R,SD,LAD,80.90,91.70,-25,,,,1,2,2024,2024-07
2024-07-31,2024,R,641703,701538,SC,Screwball,,foul,L,R,SD,LAD,81.10,62.20,27,,,,1,1,2024,2024-07
2024-07-31,2024,R,641703,701538,FF,4-Seam Fastball,,swinging_strike,L,R,SD,LAD,94.40,,,,,,1,0,2024,2024-07
2024-07-31,2024,R,641703,701538,SC,Screwball,,ball,L,R,SD,LAD,81.90,,,,,,0,0,2024,2024-07
2024-07-31,2024,R,641729,661388,SL,Slider,strikeout,called_strike,R,R,MIL,ATL,84.70,,,,,,3,2,2024,2024-07
2024-07-31,2024,R,641729,661388,FF,4-Seam Fastball,,foul,R,R,MIL,ATL,94.50,79.00,43,,,,3,2,2024,2024-07
2024-07-31,2024,R,641729,661388,FF,4-Seam Fastball,,foul,R,R,MIL,ATL,94.20,81.00,16,,,,3,2,2024,2024-07
2024-07-31,2024,R,641729,661388,FF,4-Seam Fastball,,ball,R,R,MIL,ATL,95.20,,,,,,2,2,2024,2024-07
2024-07-31,2024,R,641729,661388,SL,Slider,,ball,R,R,MIL,ATL,84.70,,,,,,1,2,2024,2024-07
2024-07-31,2024,R,641729,661388,FF,4-Seam Fastball,,swinging_strike,R,R,MIL,ATL,93.70,,,,,,1,1,2024,2024-07
2024-07-31,2024,R,641729,661388,FF,4-Seam Fastball,,called_strike,R,R,MIL,ATL,94.70,,,,,,1,0,2024,2024-07
2024-07-31,2024,R,641729,661388,FF,4-Seam Fastball,,ball,R,R,MIL,ATL,95.00,,,,,,0,0,2024,2024-07
2024-07-31,2024,R,641729,669003,FF,4-Seam Fastball,strikeout,foul_tip,L,R,MIL,ATL,95.00,,,,,,0,2,2024,2024-07
2024-07-31,2024,R,641729,669003,FF,4-Seam Fastball,,swinging_strike,L,R,MIL,ATL,94.30,,,,,,0,1,2024,2024-07
2024-07-31,2024,R,641729,669003,FF,4-Seam Fastball,,swinging_strike,L,R,MIL,ATL,94.50,,,,,,0,0,2024,2024-07
2024-07-31,2024,R,641729,686217,CH,Changeup,field_out,hit_into_play,L,R,MIL,ATL,89.00,35.70,-72,127.98,202.38,ground_ball,0,2,2024,2024-07
2024-07-31,2024,R,641729,686217,SL,Slider,,foul,L,R,MIL,ATL,86.00,90.70,14,,,,0,2,2024,2024-07
2024-07-31,2024,R,641729,686217,CH,Changeup,,foul,L,R,MIL,ATL,89.80,73.70,56,,,,0,1,2024,2024-07
2024-07-31,2024,R,641729,686217,SL,Slider,,called_strike,L,R,MIL,ATL,83.70,,,,,,0,0,2024,2024-07
2024-07-31,2024,R,641729,687401,SL,Slider,single,hit_into_play,R,R,MIL,ATL,84.00,74.00,18,90.07,106.06,line_drive,1,2,2024,2024-07
2024-07-31,2024,R,641729,687401,FF,4-Seam Fastball,,ball,R,R,MIL,ATL,94.60,,,,,,0,2,2024,2024-07
2024-07-31,2024,R,641729,687401,SL,Slider,,foul,R,R,MIL,ATL,83.60,63.90,40,,,,0,2,2024,2024-07
2024-07-31,2024,R,641729,687401,SL,Slider,,foul,R,R,MIL,ATL,84.00,74.10,57,,,,0,1,2024,2024-07
2024-07-31,2024,R,641729,687401,SL,Slider,,called_strike,R,R,MIL,ATL,83.30,,,,,,0,0,2024,2024-07
2024-07-31,2024,R,641755,650859,SL,Slider,,swinging_strike,L,R,LAA,COL,89.20,,,,,,0,0,2024,2024-07
2024-07-31,2024,R,641755,666160,SL,Slider,strikeout,swinging_strike_blocked,L,R,LAA,COL,90.50,,,,,,1,2,2024,2024-07
2024-07-31,2024,R,641755,666160,SL,Slider,,ball,L,R,LAA,COL,88.60,,,,,,0,2,2024,2024-07
2024-07-31,2024,R,641755,666160,FF,4-Seam Fastball,,foul,L,R,LAA,COL,96.50,74.60,63,,,,0,2,2024,2024-07
2024-07-31,2024,R,641755,666160,SL,Slider,,foul,L,R,LAA,COL,89.10,104.70,17,,,,0,1,2024,2024-07
2024-07-31,2024,R,641755,666176,SL,Slider,walk,ball,R,R,LAA,COL,90.30,,,,,,3,2,2024,2024-07
2024-07-31,2024,R,641755,666176,FF,4-Seam Fastball,,ball,R,R,LAA,COL,97.30,,,,,,2,2,2024,2024-07
2024-07-31,2024,R,641755,666176,SL,Slider,,foul,R,R,LAA,COL,90.90,72.40,57,,,,2,2,2024,2024-07
2024-07-31,2024,R,641755,666176,SL,Slider,,ball,R,R,LAA,COL,89.90,,,,,,1,2,2024,2024-07
2024-07-31,2024,R,641755,666176,SL,Slider,,ball,R,R,LAA,COL,89.50,,,,,,0,2,2024,2024-07
2024-07-31,2024,R,641755,666176,FF,4-Seam Fastball,,foul,R,R,LAA,COL,96.90,99.90,10,,,,0,1,2024,2024-07
2024-07-31,2024,R,641755,666176,FF,4-Seam Fastball,,foul,R,R,LAA,COL,96.20,90.50,61,,,,0,0,2024,2024-07
2024-07-31,2024,R,641755,683021,SL,Slider,sac_bunt,hit_into_play,R,R,LAA,COL,88.60,31.30,-42,137.88,185.82,ground_ball,0,1,2024,2024-07
2024-07-31,2024,R,641755,683021,SL,Slider,,foul_bunt,R,R,LAA,COL,88.90,,,,,,0,0,2024,2024-07
2024-07-31,2024,R,641755,694384,SL,Slider,strikeout,swinging_strike,L,R,LAA,COL,89.50,,,,,,3,2,2024,2024-07
2024-07-31,2024,R,641755,694384,SL,Slider,,called_strike,L,R,LAA,COL,88.00,,,,,,3,1,2024,2024-07
2024-07-31,2024,R,641755,694384,SL,Slider,,called_strike,L,R,LAA,COL,89.10,,,,,,3,0,2024,2024-07
2024-07-31,2024,R,641755,694384,CH,Changeup,,blocked_ball,L,R,LAA,COL,87.60,,,,,,2,0,2024,2024-07
2024-07-31,2024,R,641755,694384,SL,Slider,,ball,L,R,LAA,COL,88.90,,,,,,1,0,2024,2024-07
2024-07-31,2024,R,641755,694384,SL,Slider,,ball,L,R,LAA,COL,87.70,,,,,,0,0,2024,2024-07
2024-07-31,2024,R,641771,657557,SI,Sinker,single,hit_into_play,R,R,CWS,KC,93.30,77.90,20,106.98,88.15,line_drive,1,0,2024,2024-07
2024-07-31,2024,R,641771,657557,SL,Slider,,ball,R,R,CWS,KC,85.70,,,,,,0,0,2024,2024-07
2024-07-31,2024,R,641771,664728,FC,Cutter,field_out,hit_into_play,L,R,CWS,KC,89.30,81.40,57,78.05,134.41,fly_ball,1,0,2024,2024-07
2024-07-31,2024,R,641771,664728,FC,Cutter,,ball,L,R,CWS,KC,91.00,,,,,,0,0,2024,2024-07
2024-07-31,2024,R,641771,666023,SL,Slider,single,hit_into_play,R,R,CWS,KC,86.90,99.40,0,84.23,104.87,ground_ball,0,0,2024,2024-07
2024-07-31,2024,R,641771,669004,CH,Changeup,field_out,hit_into_play,L,R,CWS,KC,84.60,103.30,-13,109.08,153.35,ground_ball,1,1,2024,2024-07
2024-07-31,2024,R,641771,669004,FC,Cutter,,foul,L,R,CWS,KC,88.80,74.80,21,,,,1,0,2024,2024-07
2024-07-31,2024,R,641771,669004,FC,Cutter,,ball,L,R,CWS,KC,90.20,,,,,,0,0,2024,2024-07
2024-07-31,2024,R,641771,672580,FF,4-Seam Fastball,strikeout,swinging_strike,R,R,CWS,KC,96.80,,,,,,2,2,2024,2024-07
2024-07-31,2024,R,641771,672580,ST,Sweeper,,ball,R,R,CWS,KC,79.50,,,,,,1,2,2024,2024-07
2024-07-31,2024,R,641771,672580,SL,Slider,,ball,R,R,CWS,KC,86.40,,,,,,0,2,2024,2024-07
2024-07-31,2024,R,641771,672580,ST,Sweeper,,called_strike,R,R,CWS,KC,78.90,,,,,,0,1,2024,2024-07
2024-07-31,2024,R,641771,672580,SL,Slider,,called_strike,R,R,CWS,KC,87.60,,,,,,0,0,2024,2024-07
2024-07-31,2024,R,642048,641933,SI,Sinker,walk,ball,R,L,BOS,SEA,91.10,,,,,,3,1,2024,2024-07
2024-07-31,2024,R,642048,641933,CH,Changeup,,blocked_ball,R,L,BOS,SEA,84.70,,,,,,2,1,2024,2024-07
2024-07-31,2024,R,642048,641933,FF,4-Seam Fastball,,ball,R,L,BOS,SEA,91.30,,,,,,1,1,2024,2024-07
2024-07-31,2024,R,642048,641933,SL,Slider,,foul,R,L,BOS,SEA,81.00,64.30,45,,,,1,0,2024,2024-07
2024-07-31,2024,R,642048,641933,ST,Sweeper,,ball,R,L,BOS,SEA,82.30,,,,,,0,0,2024,2024-07
2024-07-31,2024,R,642048,646240,SL,Slider,double_play,hit_into_play,L,L,BOS,SEA,82.20,85.50,74,140.82,163.86,popup,0,0,2024,2024-07
2024-07-31,2024,R,642048,663853,SI,Sinker,field_out,hit_into_play,R,L,BOS,SEA,90.70,96.40,26,177.25,65.18,fly_ball,3,1,2024,2024-07
2024-07-31,2024,R,642048,663853,CH,Changeup,,ball,R,L,BOS,SEA,84.90,,,,,,2,1,2024,2024-07
2024-07-31,2024,R,642048,663853,SI,Sinker,,foul,R,L,BOS,SEA,91.60,73.00,36,,,,2,0,2024,2024-07
2024-07-31,2024,R,642048,663853,SI,Sinker,,ball,R,L,BOS,SEA,88.20,,,,,,1,0,2024,2024-07
2024-07-31,2024,R,642048,663853,CH,Changeup,,ball,R,L,BOS,SEA,83.30,,,,,,0,0,2024,2024-07
2024-07-31,2024,R,642048,680776,SI,Sinker,walk,ball,L,L,BOS,SEA,90.20,,,,,,3,1,2024,2024-07
2024-07-31,2024,R,642048,680776,FF,4-Seam Fastball,,called_strike,L,L,BOS,SEA,91.20,,,,,,3,0,2024,2024-07
2024-07-31,2024,R,642048,680776,SI,Sinker,,ball,L,L,BOS,SEA,88.60,,,,,,2,0,2024,2024-07
2024-07-31,2024,R,642048,680776,SI,Sinker,,ball,L,L,BOS,SEA,89.90,,,,,,1,0,2024,2024-07
2024-07-31,2024,R,642048,680776,SI,Sinker,,ball,L,L,BOS,SEA,90.60,,,,,,0,0,2024,2024-07
2024-07-31,2024,R,642547,518595,CH,Changeup,strikeout,swinging_strike,R,R,MIL,ATL,88.30,,,,,,1,2,2024,2024-07
2024-07-31,2024,R,642547,518595,FF,4-Seam Fastball,,foul,R,R,MIL,ATL,96.90,78.40,-61,,,,1,2,2024,2024-07
2024-07-31,2024,R,642547,518595,SL,Slider,,blocked_ball,R,R,MIL,ATL,82.90,,,,,,0,2,2024,2024-07
2024-07-31,2024,R,642547,518595,FF,4-Seam Fastball,,foul,R,R,MIL,ATL,97.40,80.60,61,,,,0,2,2024,2024-07
2024-07-31,2024,R,642547,518595,FF,4-Seam Fastball,,foul,R,R,MIL,ATL,96.30,79.70,42,,,,0,1,2024,2024-07
2024-07-31,2024,R,642547,518595,FF,4-Seam Fastball,,foul,R,R,MIL,ATL,96.40,73.90,33,,,,0,0,2024,2024-07
2024-07-31,2024,R,642547,518595,SL,Slider,home_run,hit_into_play,R,R,MIL,ATL,82.20,99.50,31,25.45,73.13,fly_ball,0,0,2024,2024-07
2024-07-31,2024,R,642547,518595,FF,4-Seam Fastball,field_out,hit_into_play,R,R,MIL,ATL,94.50,92.90,35,175.13,69.35,fly_ball,2,1,2024,2024-07
2024-07-31,2024,R,642547,518595,FF,4-Seam Fastball,,ball,R,R,MIL,ATL,92.50,,,,,,1,1,2024,2024-07
2024-07-31,2024,R,642547,518595,SL,Slider,,ball,R,R,MIL,ATL,82.00,,,,,,0,1,2024,2024-07
2024-07-31,2024,R,642547,518595,FF,4-Seam Fastball,,called_strike,R,R,MIL,ATL,93.10,,,,,,0,0,2024,2024-07
2024-07-31,2024,R,642547,542303,FF,4-Seam Fastball,grounded_into_double_play,hit_into_play,R,R,MIL,ATL,96.50,53.00,-36,123.80,179.01,ground_ball,3,2,2024,2024-07
2024-07-31,2024,R,642547,542303,CH,Changeup,,foul,R,R,MIL,ATL,88.10,71.40,-29,,,,3,1,2024,2024-07
2024-07-31,2024,R,642547,542303,FF,4-Seam Fastball,,foul,R,R,MIL,ATL,96.70,77.40,-46,,,,3,0,2024,2024-07
2024-07-31,2024,R,642547,542303,CH,Changeup,,ball,R,R,MIL,ATL,87.80,,,,,,2,0,2024,2024-07
2024-07-31,2024,R,642547,542303,SL,Slider,,ball,R,R,MIL,ATL,79.50,,,,,,1,0,2024,2024-07
2024-07-31,2024,R,642547,542303,CU,Curveball,,ball,R,R,MIL,ATL,77.10,,,,,,0,0,2024,2024-07
2024-07-31,2024,R,642547,542303,CH,Changeup,strikeout,foul_tip,R,R,MIL,ATL,88.10,,,,,,1,2,2024,2024-07
2024-07-31,2024,R,642547,542303,SL,Slider,,ball,R,R,MIL,ATL,80.70,,,,,,0,2,2024,2024-07
2024-07-31,2024,R,642547,542303,CH,Changeup,,called_strike,R,R,MIL,ATL,88.30,,,,,,0,1,2024,2024-07
2024-07-31,2024,R,642547,542303,FF,4-Seam Fastball,,called_strike,R,R,MIL,ATL,95.80,,,,,,0,0,2024,2024-07
2024-07-31,2024,R,642547,542303,SL,Slider,strikeout,swinging_strike,R,R,MIL,ATL,78.80,,,,,,1,2,2024,2024-07
2024-07-31,2024,R,642547,542303,SL,Slider,,foul,R,R,MIL,ATL,81.70,59.00,-25,,,,1,1,2024,2024-07
2024-07-31,2024,R,642547,542303,FF,4-Seam Fastball,,called_strike,R,R,MIL,ATL,95.50,,,,,,1,0,2024,2024-07
2024-07-31,2024,R,642547,542303,CU,Curveball,,ball,R,R,MIL,ATL,77.20,,,,,,0,0,2024,2024-07
2024-07-31,2024,R,642547,592696,FF,4-Seam Fastball,strikeout,swinging_strike,L,R,MIL,ATL,95.10,,,,,,2,2,2024,2024-07
2024-07-31,2024,R,642547,592696,CH,Changeup,,ball,L,R,MIL,ATL,87.50,,,,,,1,2,2024,2024-07
2024-07-31,2024,R,642547,592696,FF,4-Seam Fastball,,foul,L,R,MIL,ATL,94.20,77.40,39,,,,1,2,2024,2024-07
2024-07-31,2024,R,642547,592696,CH,Changeup,,swinging_strike,L,R,MIL,ATL,87.10,,,,,,1,1,2024,2024-07
2024-07-31,2024,R,642547,592696,CH,Changeup,,ball,L,R,MIL,ATL,87.00,,,,,,0,1,2024,2024-07
2024-07-31,2024,R,642547,592696,FF,4-Seam Fastball,,called_strike,L,R,MIL,ATL,93.30,,,,,,0,0,2024,2024-07
2024-07-31,2024,R,642547,592696,CH,Changeup,walk,ball,L,R,MIL,ATL,86.00,,,,,,3,2,2024,2024-07
2024-07-31,2024,R,642547,592696,FF,4-Seam Fastball,,foul,L,R,MIL,ATL,93.10,79.10,62,,,,3,1,2024,2024-07
2024-07-31,2024,R,642547,592696,CH,Changeup,,ball,L,R,MIL,ATL,86.80,,,,,,2,1,2024,2024-07
2024-07-31,2024,R,642547,592696,FF,4-Seam Fastball,,ball,L,R,MIL,ATL,93.00,,,,,,1,1,2024,2024-07
2024-07-31,2024,R,642547,592696,SL,Slider,,called_strike,L,R,MIL,ATL,79.50,,,,,,1,0,2024,2024-07
2024-07-31,2024,R,642547,592696,SL,Slider,,ball,L,R,MIL,ATL,79.50,,,,,,0,0,2024,2024-07
2024-07-31,2024,R,642547,593160,FF,4-Seam Fastball,field_out,hit_into_play,R,R,MIL,ATL,96.40,91.00,22,200.70,103.73,line_drive,1,2,2024,2024-07
2024-07-31,2024,R,642547,593160,FF,4-Seam Fastball,,foul,R,R,MIL,ATL,95.50,80.40,21,,,,1,1,2024,2024-07
2024-07-31,2024,R,642547,593160,SL,Slider,,ball,R,R,MIL,ATL,82.50,,,,,,0,1,2024,2024-07
2024-07-31,2024,R,642547,593160,FF,4-Seam Fastball,,called_strike,R,R,MIL,ATL,94.70,,,,,,0,0,2024,2024-07
2024-07-31,2024,R,642547,593160,FF,4-Seam Fastball,field_out,hit_into_play,R,R,MIL,ATL,94.50,88.10,45,204.80,117.46,fly_ball,2,2,2024,2024-07
2024-07-31,2024,R,642547,593160,FF,4-Seam Fastball,,foul,R,R,MIL,ATL,94.00,72.60,54,,,,2,1,2024,2024-07
2024-07-31,2024,R,642547,593160,SL,Slider,,ball,R,R,MIL,ATL,83.20,,,,,,1,1,2024,2024-07
2024-07-31,2024,R,642547,593160,SL,Slider,,ball,R,R,MIL,ATL,83.20,,,,,,0,1,2024,2024-07
2024-07-31,2024,R,642547,593160,FF,4-Seam Fastball,,called_strike,R,R,MIL,ATL,95.30,,,,,,0,0,2024,2024-07
2024-07-31,2024,R,642547,606115,SL,Slider,field_out,hit_into_play,R,R,MIL,ATL,81.40,99.00,0,93.25,157.73,ground_ball,2,2,2024,2024-07
2024-07-31,2024,R,642547,606115,FF,4-Seam Fastball,,ball,R,R,MIL,ATL,95.30,,,,,,1,2,2024,2024-07
2024-07-31,2024,R,642547,606115,FF,4-Seam Fastball,,foul,R,R,MIL,ATL,93.30,88.20,84,,,,1,1,2024,2024-07
2024-07-31,2024,R,642547,606115,CH,Changeup,,called_strike,R,R,MIL,ATL,88.00,,,,,,1,0,2024,2024-07
2024-07-31,2024,R,642547,606115,FF,4-Seam Fastball,,ball,R,R,MIL,ATL,93.90,,,,,,0,0,2024,2024-07
2024-07-31,2024,R,642547,606115,FF,4-Seam Fastball,single,hit_into_play,R,R,MIL,ATL,97.10,78.30,-48,119.65,169.43,ground_ball,3,2,2024,2024-07
2024-07-31,2024,R,642547,606115,FF,4-Seam Fastball,,foul,R,R,MIL,ATL,97.50,80.00,64,,,,3,2,2024,2024-07
2024-07-31,2024,R,642547,606115,SL,Slider,,called_strike,R,R,MIL,ATL,81.70,,,,,,3,1,2024,2024-07
2024-07-31,2024,R,642547,606115,SL,Slider,,blocked_ball,R,R,MIL,ATL,83.50,,,,,,2,1,2024,2024-07
2024-07-31,2024,R,642547,606115,SL,Slider,,ball,R,R,MIL,ATL,81.80,,,,,,1,1,2024,2024-07
2024-07-31,2024,R,642547,606115,SL,Slider,,called_strike,R,R,MIL,ATL,83.20,,,,,,1,0,2024,2024-07
2024-07-31,2024,R,642547,606115,FF,4-Seam Fastball,,ball,R,R,MIL,ATL,95.50,,,,,,0,0,2024,2024-07
2024-07-31,2024,R,642547,621566,FF,4-Seam Fastball,walk,ball,L,R,MIL,ATL,94.90,,,,,,3,2,2024,2024-07
2024-07-31,2024,R,642547,621566,SL,Slider,,ball,L,R,MIL,ATL,79.60,,,,,,2,2,2024,2024-07
2024-07-31,2024,R,642547,621566,FF,4-Seam Fastball,,foul,L,R,MIL,ATL,92.90,79.00,41,,,,2,1,2024,2024-07
2024-07-31,2024,R,642547,621566,CH,Changeup,,ball,L,R,MIL,ATL,87.20,,,,,,1,1,2024,2024-07
2024-07-31,2024,R,642547,621566,FF,4-Seam Fastball,,ball,L,R,MIL,ATL,93.90,,,,,,0,1,2024,2024-07
2024-07-31,2024,R,642547,621566,FF,4-Seam Fastball,,foul,L,R,MIL,ATL,93.90,74.00,39,,,,0,0,2024,2024-07
2024-07-31,2024,R,642547,621566,FF,4-Seam Fastball,home_run,hit_into_play,L,R,MIL,ATL,94.70,101.70,23,67.74,52.59,fly_ball,2,0,2024,2024-07
2024-07-31,2024,R,642547,621566,SL,Slider,,ball,L,R,MIL,ATL,80.90,,,,,,1,0,2024,2024-07
2024-07-31,2024,R,642547,621566,SL,Slider,,ball,L,R,MIL,ATL,82.10,,,,,,0,0,2024,2024-07
2024-07-31,2024,R,642547,621566,FF,4-Seam Fastball,strikeout,swinging_strike,L,R,MIL,ATL,93.90,,,,,,2,2,2024,2024-07
2024-07-31,2024,R,642547,621566,FF,4-Seam Fastball,,ball,L,R,MIL,ATL,93.50,,,,,,1,2,2024,2024-07
2024-07-31,2024,R,642547,621566,FF,4-Seam Fastball,,swinging_strike,L,R,MIL,ATL,92.60,,,,,,1,1,2024,2024-07
2024-07-31,2024,R,642547,621566,FF,4-Seam Fastball,,foul,L,R,MIL,ATL,92.40,,,,,,1,0,2024,2024-07
2024-07-31,2024,R,642547,621566,FF,4-Seam Fastball,,ball,L,R,MIL,ATL,91.80,,,,,,0,0,2024,2024-07
2024-07-31,2024,R,642547,624585,FF,4-Seam Fastball,field_out,hit_into_play,R,R,MIL,ATL,92.20,90.30,25,79.91,74.91,line_drive,0,0,2024,2024-07
2024-07-31,2024,R,642547,624585,SL,Slider,strikeout,swinging_strike,R,R,MIL,ATL,82.00,,,,,,1,2,2024,2024-07
2024-07-31,2024,R,642547,624585,SL,Slider,,foul,R,R,MIL,ATL,81.70,76.30,-14,,,,1,1,2024,2024-07
2024-07-31,2024,R,642547,624585,FF,4-Seam Fastball,,ball,R,R,MIL,ATL,92.80,,,,,,0,1,2024,2024-07
2024-07-31,2024,R,642547,624585,SL,Slider,,swinging_strike,R,R,MIL,ATL,83.10,,,,,,0,0,2024,2024-07
2024-07-31,2024,R,642547,624585,SL,Slider,field_out,hit_into_play,R,R,MIL,ATL,82.20,85.40,53,180.67,127.10,fly_ball,1,2,2024,2024-07
2024-07-31,2024,R,642547,624585,FF,4-Seam Fastball,,called_strike,R,R,MIL,ATL,91.70,,,,,,1,1,2024,2024-07
2024-07-31,2024,R,642547,624585,SL,Slider,,ball,R,R,MIL,ATL,81.60,,,,,,0,1,2024,2024-07
2024-07-31,2024,R,642547,624585,FF,4-Seam Fastball,,foul,R,R,MIL,ATL,93.80,75.90,29,,,,0,0,2024,2024-07
2024-07-31,2024,R,642547,663586,CH,Changeup,field_error,hit_into_play,R,R,MIL,ATL,87.90,107.40,-6,107.59,159.97,ground_ball,2,2,2024,2024-07
2024-07-31,2024,R,642547,663586,FF,4-Seam Fastball,,foul,R,R,MIL,ATL,95.30,,,,,,2,1,2024,2024-07
2024-07-31,2024,R,642547,663586,FF,4-Seam Fastball,,ball,R,R,MIL,ATL,92.80,,,,,,1,1,2024,2024-07
2024-07-31,2024,R,642547,663586,FF,4-Seam Fastball,,called_strike,R,R,MIL,ATL,95.80,,,,,,1,0,2024,2024-07
2024-07-31,2024,R,642547,663586,CU,Curveball,,ball,R,R,MIL,ATL,77.80,,,,,,0,0,2024,2024-07
2024-07-31,2024,R,642547,663586,SL,Slider,field_out,hit_into_play,R,R,MIL,ATL,83.50,95.00,29,204.55,88.11,fly_ball,3,1,2024,2024-07
2024-07-31,2024,R,642547,663586,SL,Slider,,ball,R,R,MIL,ATL,82.60,,,,,,2,1,2024,2024-07
2024-07-31,2024,R,642547,663586,FF,4-Seam Fastball,,ball,R,R,MIL,ATL,95.80,,,,,,1,1,2024,2024-07
2024-07-31,2024,R,642547,663586,FF,4-Seam Fastball,,ball,R,R,MIL,ATL,92.70,,,,,,0,1,2024,2024-07
2024-07-31,2024,R,642547,663586,CU,Curveball,,called_strike,R,R,MIL,ATL,77.80,,,,,,0,0,2024,2024-07
2024-07-31,2024,R,642547,663586,SL,Slider,field_out,hit_into_play,R,R,MIL,ATL,82.00,87.80,72,108.37,171.28,popup,2,0,2024,2024-07
2024-07-31,2024,R,642547,663586,FF,4-Seam Fastball,,ball,R,R,MIL,ATL,93.60,,,,,,1,0,2024,2024-07
2024-07-31,2024,R,642547,663586,FF,4-Seam Fastball,,ball,R,R,MIL,ATL,93.90,,,,,,0,0,2024,2024-07
2024-07-31,2024,R,642547,672284,CH,Changeup,field_out,hit_into_play,L,R,MIL,ATL,86.60,101.90,35,96.20,44.20,fly_ball,0,0,2024,2024-07
2024-07-31,2024,R,642547,672284,CH,Changeup,strikeout,called_strike,L,R,MIL,ATL,88.20,,,,,,3,2,2024,2024-07
2024-07-31,2024,R,642547,672284,FF,4-Seam Fastball,,ball,L,R,MIL,ATL,96.20,,,,,,2,2,2024,2024-07
2024-07-31,2024,R,642547,672284,FF,4-Seam Fastball,,foul,L,R,MIL,ATL,95.10,82.70,62,,,,2,1,2024,2024-07
2024-07-31,2024,R,642547,672284,FF,4-Seam Fastball,,swinging_strike,L,R,MIL,ATL,96.50,,,,,,2,0,2024,2024-07
2024-07-31,2024,R,642547,672284,CH,Changeup,,ball,L,R,MIL,ATL,89.00,,,,,,1,0,2024,2024-07
2024-07-31,2024,R,642547,672284,FF,4-Seam Fastball,,ball,L,R,MIL,ATL,94.40,,,,,,0,0,2024,2024-07
2024-07-31,2024,R,643410,547180,SI,Sinker,field_out,hit_into_play,L,R,PHI,NYY,91.80,102.40,-6,138.19,144.57,ground_ball,3,2,2024,2024-07
2024-07-31,2024,R,643410,547180,FS,Split-Finger,,ball,L,R,PHI,NYY,84.50,,,,,,2,2,2024,2024-07
2024-07-31,2024,R,643410,547180,FS,Split-Finger,,ball,L,R,PHI,NYY,85.30,,,,,,1,2,2024,2024-07
2024-07-31,2024,R,643410,547180,FS,Split-Finger,,foul,L,R,PHI,NYY,84.80,79.50,-13,,,,1,1,2024,2024-07
2024-07-31,2024,R,643410,547180,FS,Split-Finger,,ball,L,R,PHI,NYY,85.10,,,,,,0,1,2024,2024-07
2024-07-31,2024,R,643410,547180,SI,Sinker,,foul,L,R,PHI,NYY,91.30,84.30,59,,,,0,0,2024,2024-07
2024-07-31,2024,R,643410,592206,SI,Sinker,single,hit_into_play,R,R,PHI,NYY,92.50,95.20,8,166.13,108.43,ground_ball,1,1,2024,2024-07
2024-07-31,2024,R,643410,592206,ST,Sweeper,,blocked_ball,R,R,PHI,NYY,78.40,,,,,,0,1,2024,2024-07
2024-07-31,2024,R,643410,592206,ST,Sweeper,,swinging_strike,R,R,PHI,NYY,79.50,,,,,,0,0,2024,2024-07
2024-07-31,2024,R,643410,596117,FS,Split-Finger,hit_by_pitch,hit_by_pitch,L,R,PHI,NYY,84.70,,,,,,0,1,2024,2024-07
2024-07-31,2024,R,643410,596117,SI,Sinker,,foul,L,R,PHI,NYY,93.00,77.90,15,,,,0,0,2024,2024-07
2024-07-31,2024,R,643410,624641,FS,Split-Finger,strikeout,swinging_strike,R,R,PHI,NYY,84.80,,,,,,2,2,2024,2024-07
2024-07-31,2024,R,643410,624641,SI,Sinker,,called_strike,R,R,PHI,NYY,91.60,,,,,,2,1,2024,2024-07
2024-07-31,2024,R,643410,624641,ST,Sweeper,,blocked_ball,R,R,PHI,NYY,81.10,,,,,,1,1,2024,2024-07
2024-07-31,2024,R,643410,624641,SI,Sinker,,ball,R,R,PHI,NYY,92.00,,,,,,0,1,2024,2024-07
2024-07-31,2024,R,643410,624641,SI,Sinker,,called_strike,R,R,PHI,NYY,92.90,,,,,,0,0,2024,2024-07
2024-07-31,2024,R,643410,664761,SI,Sinker,double,hit_into_play,R,R,PHI,NYY,91.30,105.90,13,165.68,74.84,line_drive,2,2,2024,2024-07
2024-07-31,2024,R,643410,664761,FS,Split-Finger,,ball,R,R,PHI,NYY,84.10,,,,,,1,2,2024,2024-07
2024-07-31,2024,R,643410,664761,FS,Split-Finger,,ball,R,R,PHI,NYY,84.30,,,,,,0,2,2024,2024-07
2024-07-31,2024,R,643410,664761,ST,Sweeper,,called_strike,R,R,PHI,NYY,79.30,,,,,,0,1,2024,2024-07
2024-07-31,2024,R,643410,664761,SI,Sinker,,foul_tip,R,R,PHI,NYY,91.80,,,,,,0,0,2024,2024-07
2024-07-31,2024,R,643410,669016,FS,Split-Finger,strikeout,swinging_strike,L,R,PHI,NYY,84.00,,,,,,0,2,2024,2024-07
2024-07-31,2024,R,643410,669016,FS,Split-Finger,,foul,L,R,PHI,NYY,84.20,63.60,-32,,,,0,2,2024,2024-07
2024-07-31,2024,R,643410,669016,FS,Split-Finger,,swinging_strike,L,R,PHI,NYY,84.80,,,,,,0,1,2024,2024-07
2024-07-31,2024,R,643410,669016,CU,Curveball,,called_strike,L,R,PHI,NYY,74.50,,,,,,0,0,2024,2024-07
2024-07-31,2024,R,643410,681082,FS,Split-Finger,single,hit_into_play,L,R,PHI,NYY,83.70,98.20,10,178.40,129.62,line_drive,0,1,2024,2024-07
2024-07-31,2024,R,643410,681082,CU,Curveball,,called_strike,L,R,PHI,NYY,73.50,,,,,,0,0,2024,2024-07
2024-07-31,2024,R,646242,646240,ST,Sweeper,double,hit_into_play,L,L,BOS,SEA,77.50,97.30,32,115.26,64.92,fly_ball,2,0,2024,2024-07
2024-07-31,2024,R,646242,646240,ST,Sweeper,,ball,L,L,BOS,SEA,78.10,,,,,,1,0,2024,2024-07
2024-07-31,2024,R,646242,646240,ST,Sweeper,,ball,L,L,BOS,SEA,78.50,,,,,,0,0,2024,2024-07
2024-07-31,2024,R,647315,543510,SI,Sinker,field_out,hit_into_play,R,R,BAL,TOR,95.40,64.60,-10,128.60,181.78,ground_ball,3,1,2024,2024-07
2024-07-31,2024,R,647315,543510,FC,Cutter,,ball,R,R,BAL,TOR,93.10,,,,,,2,1,2024,2024-07
2024-07-31,2024,R,647315,543510,SI,Sinker,,ball,R,R,BAL,TOR,94.90,,,,,,1,1,2024,2024-07
2024-07-31,2024,R,647315,543510,SI,Sinker,,ball,R,R,BAL,TOR,94.70,,,,,,0,1,2024,2024-07
2024-07-31,2024,R,647315,543510,SL,Slider,,called_strike,R,R,BAL,TOR,87.40,,,,,,0,0,2024,2024-07
2024-07-31,2024,R,647315,623993,SI,Sinker,field_out,hit_into_play,L,R,BAL,TOR,96.10,105.10,2,114.21,145.81,ground_ball,2,2,2024,2024-07
2024-07-31,2024,R,647315,623993,SL,Slider,,blocked_ball,L,R,BAL,TOR,88.20,,,,,,1,2,2024,2024-07
2024-07-31,2024,R,647315,623993,SI,Sinker,,called_strike,L,R,BAL,TOR,96.20,,,,,,1,1,2024,2024-07
2024-07-31,2024,R,647315,623993,FC,Cutter,,foul,L,R,BAL,TOR,93.20,72.10,69,,,,1,0,2024,2024-07
2024-07-31,2024,R,647315,623993,SI,Sinker,,ball,L,R,BAL,TOR,95.20,,,,,,0,0,2024,2024-07
2024-07-31,2024,R,647315,656811,SI,Sinker,field_out,hit_into_play,L,R,BAL,TOR,96.80,97.40,-8,147.20,156.49,ground_ball,3,2,2024,2024-07
2024-07-31,2024,R,647315,656811,SL,Slider,,foul,L,R,BAL,TOR,89.20,54.60,-8,,,,3,2,2024,2024-07
2024-07-31,2024,R,647315,656811,FC,Cutter,,ball,L,R,BAL,TOR,92.50,,,,,,2,2,2024,2024-07
2024-07-31,2024,R,647315,656811,SI,Sinker,,foul,L,R,BAL,TOR,95.10,74.00,-35,,,,2,1,2024,2024-07
2024-07-31,2024,R,647315,656811,FC,Cutter,,ball,L,R,BAL,TOR,92.60,,,,,,1,1,2024,2024-07
2024-07-31,2024,R,647315,656811,FC,Cutter,,ball,L,R,BAL,TOR,92.70,,,,,,0,1,2024,2024-07
2024-07-31,2024,R,647315,656811,SI,Sinker,,foul,L,R,BAL,TOR,96.10,80.60,31,,,,0,0,2024,2024-07
2024-07-31,2024,R,647315,681297,SL,Slider,single,hit_into_play,L,R,BAL,TOR,87.80,96.90,14,176.78,95.97,line_drive,1,2,2024,2024-07
2024-07-31,2024,R,647315,681297,SL,Slider,,swinging_strike,L,R,BAL,TOR,88.90,,,,,,1,1,2024,2024-07
2024-07-31,2024,R,647315,681297,FC,Cutter,,ball,L,R,BAL,TOR,93.10,,,,,,0,1,2024,2024-07
2024-07-31,2024,R,647315,681297,SI,Sinker,,called_strike,L,R,BAL,TOR,96.10,,,,,,0,0,2024,2024-07
2024-07-31,2024,R,647315,683002,SL,Slider,single,hit_into_play,L,R,BAL,TOR,89.60,109.40,-16,91.87,117.84,ground_ball,0,0,2024,2024-07
2024-07-31,2024,R,650556,457705,SL,Slider,field_out,hit_into_play,R,R,HOU,PIT,85.90,94.40,36,103.36,61.18,fly_ball,2,1,2024,2024-07
2024-07-31,2024,R,650556,457705,SL,Slider,,ball,R,R,HOU,PIT,86.70,,,,,,1,1,2024,2024-07
2024-07-31,2024,R,650556,457705,SL,Slider,,called_strike,R,R,HOU,PIT,86.60,,,,,,1,0,2024,2024-07
2024-07-31,2024,R,650556,457705,FF,4-Seam Fastball,,ball,R,R,HOU,PIT,96.80,,,,,,0,0,2024,2024-07
2024-07-31,2024,R,650556,572191,SL,Slider,field_out,hit_into_play,R,R,HOU,PIT,88.60,69.00,46,142.05,120.63,fly_ball,1,2,2024,2024-07
2024-07-31,2024,R,650556,572191,SL,Slider,,ball,R,R,HOU,PIT,86.80,,,,,,0,2,2024,2024-07
2024-07-31,2024,R,650556,572191,SL,Slider,,swinging_strike,R,R,HOU,PIT,86.10,,,,,,0,1,2024,2024-07
2024-07-31,2024,R,650556,572191,SL,Slider,,called_strike,R,R,HOU,PIT,86.10,,,,,,0,0,2024,2024-07
2024-07-31,2024,R,650556,669707,FF,4-Seam Fastball,field_out,hit_into_play,R,R,HOU,PIT,95.60,93.40,43,120.12,78.84,fly_ball,0,0,2024,2024-07
2024-07-31,2024,R,650911,518934,CH,Changeup,field_out,hit_into_play,R,L,PHI,NYY,84.60,98.30,-22,114.31,158.31,ground_ball,1,2,2024,2024-07
2024-07-31,2024,R,650911,518934,SI,Sinker,,foul_tip,R,L,PHI,NYY,93.30,,,,,,1,1,2024,2024-07
2024-07-31,2024,R,650911,518934,SI,Sinker,,called_strike,R,L,PHI,NYY,94.20,,,,,,1,0,2024,2024-07
2024-07-31,2024,R,650911,518934,SI,Sinker,,ball,R,L,PHI,NYY,95.10,,,,,,0,0,2024,2024-07
2024-07-31,2024,R,650911,518934,SL,Slider,home_run,hit_into_play,R,L,PHI,NYY,83.40,103.70,23,89.41,41.42,fly_ball,1,1,2024,2024-07
2024-07-31,2024,R,650911,518934,SI,Sinker,,ball,R,L,PHI,NYY,95.20,,,,,,0,1,2024,2024-07
2024-07-31,2024,R,650911,518934,SL,Slider,,called_strike,R,L,PHI,NYY,83.80,,,,,,0,0,2024,2024-07
2024-07-31,2024,R,650911,519317,CH,Changeup,field_out,hit_into_play,R,L,PHI,NYY,85.10,110.10,-9,92.91,152.46,ground_ball,2,2,2024,2024-07
2024-07-31,2024,R,650911,519317,SI,Sinker,,called_strike,R,L,PHI,NYY,92.50,,,,,,2,1,2024,2024-07
2024-07-31,2024,R,650911,519317,SI,Sinker,,ball,R,L,PHI,NYY,93.10,,,,,,1,1,2024,2024-07
2024-07-31,2024,R,650911,519317,CH,Changeup,,called_strike,R,L,PHI,NYY,82.10,,,,,,1,0,2024,2024-07
2024-07-31,2024,R,650911,519317,SI,Sinker,,ball,R,L,PHI,NYY,93.00,,,,,,0,0,2024,2024-07
2024-07-31,2024,R,650911,519317,SL,Slider,single,hit_into_play,R,L,PHI,NYY,83.60,114.50,-10,172.95,122.15,ground_ball,0,0,2024,2024-07
2024-07-31,2024,R,650911,519317,SI,Sinker,single,hit_into_play,R,L,PHI,NYY,93.20,120.00,7,88.41,79.42,line_drive,2,1,2024,2024-07
2024-07-31,2024,R,650911,519317,SI,Sinker,,ball,R,L,PHI,NYY,92.70,,,,,,1,1,2024,2024-07
2024-07-31,2024,R,650911,519317,CH,Changeup,,foul,R,L,PHI,NYY,84.60,98.70,-19,,,,1,0,2024,2024-07
2024-07-31,2024,R,650911,519317,CH,Changeup,,ball,R,L,PHI,NYY,83.50,,,,,,0,0,2024,2024-07
2024-07-31,2024,R,650911,592450,CH,Changeup,strikeout,swinging_strike,R,L,PHI,NYY,85.30,,,,,,2,2,2024,2024-07
2024-07-31,2024,R,650911,592450,CH,Changeup,,swinging_strike,R,L,PHI,NYY,84.50,,,,,,2,1,2024,2024-07
2024-07-31,2024,R,650911,592450,SI,Sinker,,called_strike,R,L,PHI,NYY,94.30,,,,,,2,0,2024,2024-07
2024-07-31,2024,R,650911,592450,SI,Sinker,,ball,R,L,PHI,NYY,94.60,,,,,,1,0,2024,2024-07
2024-07-31,2024,R,650911,592450,SI,Sinker,,ball,R,L,PHI,NYY,95.20,,,,,,0,0,2024,2024-07
2024-07-31,2024,R,650911,592450,CH,Changeup,strikeout,swinging_strike,R,L,PHI,NYY,84.20,,,,,,2,2,2024,2024-07
2024-07-31,2024,R,650911,592450,CH,Changeup,,ball,R,L,PHI,NYY,84.30,,,,,,1,2,2024,2024-07
2024-07-31,2024,R,650911,592450,SI,Sinker,,foul,R,L,PHI,NYY,93.30,87.20,76,,,,1,2,2024,2024-07
2024-07-31,2024,R,650911,592450,CH,Changeup,,foul,R,L,PHI,NYY,84.30,66.70,26,,,,1,2,2024,2024-07
2024-07-31,2024,R,650911,592450,CH,Changeup,,ball,R,L,PHI,NYY,84.40,,,,,,0,2,2024,2024-07
2024-07-31,2024,R,650911,592450,SI,Sinker,,swinging_strike,R,L,PHI,NYY,92.70,,,,,,0,1,2024,2024-07
2024-07-31,2024,R,650911,592450,CH,Changeup,,swinging_strike,R,L,PHI,NYY,82.80,,,,,,0,0,2024,2024-07
2024-07-31,2024,R,650911,592450,CH,Changeup,strikeout,swinging_strike,R,L,PHI,NYY,84.10,,,,,,1,2,2024,2024-07
2024-07-31,2024,R,650911,592450,SI,Sinker,,foul,R,L,PHI,NYY,93.90,99.50,54,,,,1,1,2024,2024-07
2024-07-31,2024,R,650911,592450,CH,Changeup,,ball,R,L,PHI,NYY,84.70,,,,,,0,1,2024,2024-07
2024-07-31,2024,R,650911,592450,SI,Sinker,,called_strike,R,L,PHI,NYY,94.60,,,,,,0,0,2024,2024-07
2024-07-31,2024,R,650911,650402,SI,Sinker,field_out,hit_into_play,R,L,PHI,NYY,93.80,36.10,81,116.87,205.14,popup,0,1,2024,2024-07
2024-07-31,2024,R,650911,650402,SI,Sinker,,called_strike,R,L,PHI,NYY,94.20,,,,,,0,0,2024,2024-07
2024-07-31,2024,R,650911,650402,CH,Changeup,field_out,hit_into_play,R,L,PHI,NYY,82.70,76.80,14,85.66,156.06,line_drive,0,0,2024,2024-07
2024-07-31,2024,R,650911,650402,CH,Changeup,strikeout,swinging_strike,R,L,PHI,NYY,84.00,,,,,,1,2,2024,2024-07
2024-07-31,2024,R,650911,650402,SI,Sinker,,ball,R,L,PHI,NYY,93.80,,,,,,0,2,2024,2024-07
2024-07-31,2024,R,650911,650402,CH,Changeup,,swinging_strike,R,L,PHI,NYY,85.10,,,,,,0,1,2024,2024-07
2024-07-31,2024,R,650911,650402,SI,Sinker,,foul,R,L,PHI,NYY,94.00,73.30,28,,,,0,0,2024,2024-07
2024-07-31,2024,R,650911,657077,SI,Sinker,single,hit_into_play,L,L,PHI,NYY,93.70,99.30,12,86.88,97.24,line_drive,0,1,2024,2024-07
2024-07-31,2024,R,650911,657077,SI,Sinker,,swinging_strike,L,L,PHI,NYY,92.40,,,,,,0,0,2024,2024-07
2024-07-31,2024,R,650911,657077,SI,Sinker,field_out,hit_into_play,L,L,PHI,NYY,92.30,97.40,-4,118.88,145.08,ground_ball,1,0,2024,2024-07
2024-07-31,2024,R,650911,657077,SI,Sinker,,ball,L,L,PHI,NYY,93.00,,,,,,0,0,2024,2024-07
2024-07-31,2024,R,650911,657077,SI,Sinker,walk,ball,L,L,PHI,NYY,93.10,,,,,,3,2,2024,2024-07
2024-07-31,2024,R,650911,657077,SI,Sinker,,ball,L,L,PHI,NYY,94.60,,,,,,2,2,2024,2024-07
2024-07-31,2024,R,650911,657077,CH,Changeup,,foul,L,L,PHI,NYY,84.80,61.80,-46,,,,2,2,2024,2024-07
2024-07-31,2024,R,650911,657077,SI,Sinker,,called_strike,L,L,PHI,NYY,93.70,,,,,,2,1,2024,2024-07
2024-07-31,2024,R,650911,657077,SI,Sinker,,called_strike,L,L,PHI,NYY,93.60,,,,,,2,0,2024,2024-07
2024-07-31,2024,R,650911,657077,SI,Sinker,,ball,L,L,PHI,NYY,93.00,,,,,,1,0,2024,2024-07
2024-07-31,2024,R,650911,657077,SI,Sinker,,ball,L,L,PHI,NYY,94.30,,,,,,0,0,2024,2024-07
2024-07-31,2024,R,650911,665742,SI,Sinker,strikeout,called_strike,L,L,PHI,NYY,94.20,,,,,,0,2,2024,2024-07
2024-07-31,2024,R,650911,665742,CH,Changeup,,called_strike,L,L,PHI,NYY,84.90,,,,,,0,1,2024,2024-07
2024-07-31,2024,R,650911,665742,SL,Slider,,swinging_strike,L,L,PHI,NYY,86.10,,,,,,0,0,2024,2024-07
2024-07-31,2024,R,650911,665742,SI,Sinker,single,hit_into_play,L,L,PHI,NYY,91.80,33.20,-26,111.26,182.74,ground_ball,1,1,2024,2024-07
2024-07-31,2024,R,650911,665742,CH,Changeup,,swinging_strike,L,L,PHI,NYY,82.20,,,,,,1,0,2024,2024-07
2024-07-31,2024,R,650911,665742,CH,Changeup,,ball,L,L,PHI,NYY,82.60,,,,,,0,0,2024,2024-07
2024-07-31,2024,R,650911,665742,SI,Sinker,field_out,hit_into_play,L,L,PHI,NYY,94.00,103.80,22,132.56,39.21,fly_ball,1,2,2024,2024-07
2024-07-31,2024,R,650911,665742,SI,Sinker,,foul_tip,L,L,PHI,NYY,93.80,,,,,,1,1,2024,2024-07
2024-07-31,2024,R,650911,665742,SI,Sinker,,foul,L,L,PHI,NYY,94.20,79.50,-40,,,,1,0,2024,2024-07
2024-07-31,2024,R,650911,665742,SI,Sinker,,ball,L,L,PHI,NYY,93.40,,,,,,0,0,2024,2024-07
2024-07-31,2024,R,650911,665862,SI,Sinker,field_out,hit_into_play,L,L,PHI,NYY,94.70,75.50,-31,152.41,160.35,ground_ball,1,2,2024,2024-07
2024-07-31,2024,R,650911,665862,CH,Changeup,,foul,L,L,PHI,NYY,83.80,73.00,-25,,,,1,2,2024,2024-07
2024-07-31,2024,R,650911,665862,CH,Changeup,,ball,L,L,PHI,NYY,85.00,,,,,,0,2,2024,2024-07
2024-07-31,2024,R,650911,665862,SL,Slider,,called_strike,L,L,PHI,NYY,84.80,,,,,,0,1,2024,2024-07
2024-07-31,2024,R,650911,665862,CH,Changeup,,called_strike,L,L,PHI,NYY,82.90,,,,,,0,0,2024,2024-07
2024-07-31,2024,R,650911,665862,SL,Slider,double_play,hit_into_play,L,L,PHI,NYY,84.80,92.50,8,150.89,154.24,line_drive,1,2,2024,2024-07
2024-07-31,2024,R,650911,665862,SI,Sinker,,ball,L,L,PHI,NYY,94.60,,,,,,0,2,2024,2024-07
2024-07-31,2024,R,650911,665862,CH,Changeup,,foul,L,L,PHI,NYY,83.70,59.90,-35,,,,0,1,2024,2024-07
2024-07-31,2024,R,650911,665862,SL,Slider,,called_strike,L,L,PHI,NYY,83.30,,,,,,0,0,2024,2024-07
2024-07-31,2024,R,650911,665862,SI,Sinker,single,hit_into_play,L,L,PHI,NYY,93.20,84.60,19,101.96,86.95,line_drive,0,0,2024,2024-07
2024-07-31,2024,R,650911,665966,CH,Changeup,single,hit_into_play,R,L,PHI,NYY,84.00,105.40,12,172.78,80.05,line_drive,2,2,2024,2024-07
2024-07-31,2024,R,650911,665966,SI,Sinker,,foul,R,L,PHI,NYY,92.10,73.10,37,,,,2,1,2024,2024-07
2024-07-31,2024,R,650911,665966,CH,Changeup,,ball,R,L,PHI,NYY,84.20,,,,,,1,1,2024,2024-07
2024-07-31,2024,R,650911,665966,CH,Changeup,,ball,R,L,PHI,NYY,84.20,,,,,,0,1,2024,2024-07
2024-07-31,2024,R,650911,665966,SI,Sinker,,called_strike,R,L,PHI,NYY,93.50,,,,,,0,0,2024,2024-07
2024-07-31,2024,R,650911,665966,CH,Changeup,field_out,hit_into_play,R,L,PHI,NYY,84.50,97.90,-13,99.07,161.88,ground_ball,1,2,2024,2024-07
2024-07-31,2024,R,650911,665966,CH,Changeup,,ball,R,L,PHI,NYY,84.80,,,,,,0,2,2024,2024-07
2024-07-31,2024,R,650911,665966,SI,Sinker,,foul,R,L,PHI,NYY,94.70,74.10,25,,,,0,1,2024,2024-07
2024-07-31,2024,R,650911,665966,SI,Sinker,,swinging_strike,R,L,PHI,NYY,93.40,,,,,,0,0,2024,2024-07
2024-07-31,2024,R,650911,683011,CH,Changeup,single,hit_into_play,R,L,PHI,NYY,84.70,56.10,-56,116.02,184.51,ground_ball,0,2,2024,2024-07
2024-07-31,2024,R,650911,683011,CH,Changeup,,foul,R,L,PHI,NYY,85.70,62.20,-57,,,,0,2,2024,2024-07
2024-07-31,2024,R,650911,683011,CH,Changeup,,swinging_strike,R,L,PHI,NYY,85.20,,,,,,0,1,2024,2024-07
2024-07-31,2024,R,650911,683011,SI,Sinker,,swinging_strike,R,L,PHI,NYY,93.50,,,,,,0,0,2024,2024-07
2024-07-31,2024,R,650911,683011,CH,Changeup,strikeout,swinging_strike,R,L,PHI,NYY,84.60,,,,,,1,2,2024,2024-07
2024-07-31,2024,R,650911,683011,SL,Slider,,swinging_strike,R,L,PHI,NYY,84.10,,,,,,1,1,2024,2024-07
2024-07-31,2024,R,650911,683011,SI,Sinker,,ball,R,L,PHI,NYY,93.10,,,,,,0,1,2024,2024-07
2024-07-31,2024,R,650911,683011,CH,Changeup,,called_strike,R,L,PHI,NYY,83.50,,,,,,0,0,2024,2024-07
2024-07-31,2024,R,650911,683011,SL,Slider,strikeout,swinging_strike,R,L,PHI,NYY,85.20,,,,,,3,2,2024,2024-07
2024-07-31,2024,R,650911,683011,SI,Sinker,,foul,R,L,PHI,NYY,93.20,80.20,7,,,,3,1,2024,2024-07
2024-07-31,2024,R,650911,683011,SI,Sinker,,ball,R,L,PHI,NYY,93.70,,,,,,2,1,2024,2024-07
2024-07-31,2024,R,650911,683011,SI,Sinker,,foul,R,L,PHI,NYY,92.80,73.50,39,,,,2,0,2024,2024-07
2024-07-31,2024,R,650911,683011,SI,Sinker,,ball,R,L,PHI,NYY,92.60,,,,,,1,0,2024,2024-07
2024-07-31,2024,R,650911,683011,CH,Changeup,,ball,R,L,PHI,NYY,83.80,,,,,,0,0,2024,2024-07
2024-07-31,2024,R,656222,665161,FF,4-Seam Fastball,strikeout,swinging_strike,R,L,HOU,PIT,95.50,,,,,,1,2,2024,2024-07
2024-07-31,2024,R,656222,665161,CH,Changeup,,ball,R,L,HOU,PIT,90.80,,,,,,0,2,2024,2024-07
2024-07-31,2024,R,656222,665161,FF,4-Seam Fastball,,foul_tip,R,L,HOU,PIT,95.70,,,,,,0,1,2024,2024-07
2024-07-31,2024,R,656222,665161,FF,4-Seam Fastball,,called_strike,R,L,HOU,PIT,95.90,,,,,,0,0,2024,2024-07
2024-07-31,2024,R,656222,670541,FC,Cutter,field_out,hit_into_play,L,L,HOU,PIT,85.90,97.10,-1,148.47,163.24,ground_ball,1,2,2024,2024-07
2024-07-31,2024,R,656222,670541,FC,Cutter,,swinging_strike,L,L,HOU,PIT,85.30,,,,,,1,1,2024,2024-07
2024-07-31,2024,R,656222,670541,FF,4-Seam Fastball,,called_strike,L,L,HOU,PIT,95.50,,,,,,1,0,2024,2024-07
2024-07-31,2024,R,656222,670541,FF,4-Seam Fastball,,ball,L,L,HOU,PIT,95.20,,,,,,0,0,2024,2024-07
2024-07-31,2024,R,656222,673237,CH,Changeup,single,hit_into_play,R,L,HOU,PIT,88.70,78.80,13,107.39,94.04,line_drive,0,0,2024,2024-07
2024-07-31,2024,R,656302,518792,FF,4-Seam Fastball,field_out,hit_into_play,L,R,SD,LAD,96.50,92.20,-6,157.97,164.88,ground_ball,2,2,2024,2024-07
2024-07-31,2024,R,656302,518792,SL,Slider,,ball,L,R,SD,LAD,87.40,,,,,,1,2,2024,2024-07
2024-07-31,2024,R,656302,518792,SL,Slider,,swinging_strike,L,R,SD,LAD,86.40,,,,,,1,1,2024,2024-07
2024-07-31,2024,R,656302,518792,SL,Slider,,swinging_strike,L,R,SD,LAD,87.00,,,,,,1,0,2024,2024-07
2024-07-31,2024,R,656302,518792,KC,Knuckle Curve,,ball,L,R,SD,LAD,81.10,,,,,,0,0,2024,2024-07
2024-07-31,2024,R,656302,518792,FF,4-Seam Fastball,single,hit_into_play,L,R,SD,LAD,98.00,71.00,9,139.34,141.48,ground_ball,2,1,2024,2024-07
2024-07-31,2024,R,656302,518792,FF,4-Seam Fastball,,ball,L,R,SD,LAD,97.30,,,,,,1,1,2024,2024-07
2024-07-31,2024,R,656302,518792,FF,4-Seam Fastball,,called_strike,L,R,SD,LAD,96.80,,,,,,1,0,2024,2024-07
2024-07-31,2024,R,656302,518792,FF,4-Seam Fastball,,ball,L,R,SD,LAD,97.80,,,,,,0,0,2024,2024-07
2024-07-31,2024,R,656302,571771,SL,Slider,field_out,hit_into_play,R,R,SD,LAD,89.30,77.80,38,197.75,122.64,fly_ball,2,1,2024,2024-07
2024-07-31,2024,R,656302,571771,FF,4-Seam Fastball,,ball,R,R,SD,LAD,97.30,,,,,,1,1,2024,2024-07
2024-07-31,2024,R,656302,571771,FF,4-Seam Fastball,,ball,R,R,SD,LAD,97.40,,,,,,0,1,2024,2024-07
2024-07-31,2024,R,656302,571771,SL,Slider,,called_strike,R,R,SD,LAD,88.70,,,,,,0,0,2024,2024-07
2024-07-31,2024,R,656302,571771,KC,Knuckle Curve,strikeout,called_strike,R,R,SD,LAD,82.00,,,,,,2,2,2024,2024-07
2024-07-31,2024,R,656302,571771,SL,Slider,,ball,R,R,SD,LAD,88.00,,,,,,1,2,2024,2024-07
2024-07-31,2024,R,656302,571771,FF,4-Seam Fastball,,foul,R,R,SD,LAD,96.40,68.80,78,,,,1,2,2024,2024-07
2024-07-31,2024,R,656302,571771,FF,4-Seam Fastball,,called_strike,R,R,SD,LAD,96.70,,,,,,1,1,2024,2024-07
2024-07-31,2024,R,656302,571771,SL,Slider,,ball,R,R,SD,LAD,87.00,,,,,,0,1,2024,2024-07
2024-07-31,2024,R,656302,571771,FF,4-Seam Fastball,,called_strike,R,R,SD,LAD,96.80,,,,,,0,0,2024,2024-07
2024-07-31,2024,R,656302,605113,SL,Slider,field_out,hit_into_play,R,R,SD,LAD,89.10,85.20,-1,113.24,147.96,ground_ball,0,0,2024,2024-07
2024-07-31,2024,R,656302,605113,KC,Knuckle Curve,single,hit_into_play,R,R,SD,LAD,83.80,88.70,-6,171.27,89.33,ground_ball,1,2,2024,2024-07
2024-07-31,2024,R,656302,605113,FF,4-Seam Fastball,,foul,R,R,SD,LAD,97.10,79.80,73,,,,1,2,2024,2024-07
2024-07-31,2024,R,656302,605113,FF,4-Seam Fastball,,called_strike,R,R,SD,LAD,96.70,,,,,,1,1,2024,2024-07
2024-07-31,2024,R,656302,605113,SL,Slider,,ball,R,R,SD,LAD,88.20,,,,,,0,1,2024,2024-07
2024-07-31,2024,R,656302,605113,SL,Slider,,swinging_strike,R,R,SD,LAD,87.60,,,,,,0,0,2024,2024-07
2024-07-31,2024,R,656302,606192,FF,4-Seam Fastball,strikeout,swinging_strike,R,R,SD,LAD,98.20,,,,,,2,2,2024,2024-07
2024-07-31,2024,R,656302,606192,SL,Slider,,blocked_ball,R,R,SD,LAD,89.00,,,,,,1,2,2024,2024-07
2024-07-31,2024,R,656302,606192,SL,Slider,,foul,R,R,SD,LAD,87.80,,,,,,1,2,2024,2024-07
2024-07-31,2024,R,656302,606192,KC,Knuckle Curve,,ball,R,R,SD,LAD,83.20,,,,,,0,2,2024,2024-07
2024-07-31,2024,R,656302,606192,FF,4-Seam Fastball,,foul,R,R,SD,LAD,97.70,82.40,9,,,,0,2,2024,2024-07
2024-07-31,2024,R,656302,606192,SL,Slider,,foul,R,R,SD,LAD,87.90,68.10,35,,,,0,1,2024,2024-07
2024-07-31,2024,R,656302,606192,FF,4-Seam Fastball,,foul,R,R,SD,LAD,96.90,,,,,,0,0,2024,2024-07
2024-07-31,2024,R,656302,606192,SL,Slider,field_out,hit_into_play,R,R,SD,LAD,87.30,87.30,41,115.08,79.82,fly_ball,0,0,2024,2024-07
2024-07-31,2024,R,656302,606192,SL,Slider,field_out,hit_into_play,R,R,SD,LAD,88.40,73.00,3,101.76,165.49,ground_ball,0,1,2024,2024-07
2024-07-31,2024,R,656302,606192,FF,4-Seam Fastball,,called_strike,R,R,SD,LAD,97.30,,,,,,0,0,2024,2024-07
2024-07-31,2024,R,656302,624415,SL,Slider,walk,ball,L,R,SD,LAD,87.00,,,,,,3,2,2024,2024-07
2024-07-31,2024,R,656302,624415,SL,Slider,,ball,L,R,SD,LAD,87.70,,,,,,2,2,2024,2024-07
2024-07-31,2024,R,656302,624415,KC,Knuckle Curve,,ball,L,R,SD,LAD,83.10,,,,,,1,2,2024,2024-07
2024-07-31,2024,R,656302,624415,FF,4-Seam Fastball,,foul,L,R,SD,LAD,96.20,77.40,58,,,,1,1,2024,2024-07
2024-07-31,2024,R,656302,624415,SL,Slider,,called_strike,L,R,SD,LAD,85.20,,,,,,1,0,2024,2024-07
2024-07-31,2024,R,656302,624415,KC,Knuckle Curve,,ball,L,R,SD,LAD,80.80,,,,,,0,0,2024,2024-07
2024-07-31,2024,R,656302,624415,FF,4-Seam Fastball,field_out,hit_into_play,L,R,SD,LAD,97.60,76.70,48,72.53,122.90,fly_ball,2,2,2024,2024-07
2024-07-31,2024,R,656302,624415,SL,Slider,,blocked_ball,L,R,SD,LAD,88.90,,,,,,1,2,2024,2024-07
2024-07-31,2024,R,656302,624415,SL,Slider,,called_strike,L,R,SD,LAD,88.80,,,,,,1,1,2024,2024-07
2024-07-31,2024,R,656302,624415,FF,4-Seam Fastball,,ball,L,R,SD,LAD,96.50,,,,,,0,1,2024,2024-07
2024-07-31,2024,R,656302,624415,FF,4-Seam Fastball,,swinging_strike,L,R,SD,LAD,97.30,,,,,,0,0,2024,2024-07
2024-07-31,2024,R,656302,660271,FF,4-Seam Fastball,field_out,hit_into_play,L,R,SD,LAD,97.40,96.40,-3,153.14,154.00,ground_ball,3,1,2024,2024-07
2024-07-31,2024,R,656302,660271,FF,4-Seam Fastball,,ball,L,R,SD,LAD,97.90,,,,,,2,1,2024,2024-07
2024-07-31,2024,R,656302,660271,SL,Slider,,blocked_ball,L,R,SD,LAD,88.90,,,,,,1,1,2024,2024-07
2024-07-31,2024,R,656302,660271,CH,Changeup,,ball,L,R,SD,LAD,68.80,,,,,,0,1,2024,2024-07
2024-07-31,2024,R,656302,660271,FF,4-Seam Fastball,,swinging_strike,L,R,SD,LAD,97.30,,,,,,0,0,2024,2024-07
2024-07-31,2024,R,656302,660271,FF,4-Seam Fastball,walk,ball,L,R,SD,LAD,99.20,,,,,,3,2,2024,2024-07
2024-07-31,2024,R,656302,660271,FF,4-Seam Fastball,,called_strike,L,R,SD,LAD,98.30,,,,,,3,1,2024,2024-07
2024-07-31,2024,R,656302,660271,SL,Slider,,ball,L,R,SD,LAD,89.80,,,,,,2,1,2024,2024-07
2024-07-31,2024,R,656302,660271,FF,4-Seam Fastball,,ball,L,R,SD,LAD,97.60,,,,,,1,1,2024,2024-07
2024-07-31,2024,R,656302,660271,FF,4-Seam Fastball,,ball,L,R,SD,LAD,96.50,,,,,,0,1,2024,2024-07
2024-07-31,2024,R,656302,660271,SL,Slider,,swinging_strike,L,R,SD,LAD,89.00,,,,,,0,0,2024,2024-07
2024-07-31,2024,R,656302,660271,KC,Knuckle Curve,field_out,hit_into_play,L,R,SD,LAD,82.30,61.00,-30,149.77,159.54,ground_ball,3,2,2024,2024-07
2024-07-31,2024,R,656302,660271,FF,4-Seam Fastball,,foul,L,R,SD,LAD,98.80,74.00,54,,,,3,2,2024,2024-07
2024-07-31,2024,R,656302,660271,FF,4-Seam Fastball,,foul,L,R,SD,LAD,98.90,82.50,64,,,,3,1,2024,2024-07
2024-07-31,2024,R,656302,660271,FF,4-Seam Fastball,,ball,L,R,SD,LAD,98.20,,,,,,2,1,2024,2024-07
2024-07-31,2024,R,656302,660271,SL,Slider,,swinging_strike,L,R,SD,LAD,88.70,,,,,,2,0,2024,2024-07
2024-07-31,2024,R,656302,660271,SL,Slider,,ball,L,R,SD,LAD,88.60,,,,,,1,0,2024,2024-07
2024-07-31,2024,R,656302,660271,FF,4-Seam Fastball,,ball,L,R,SD,LAD,97.90,,,,,,0,0,2024,2024-07
2024-07-31,2024,R,656302,666158,SL,Slider,walk,ball,L,R,SD,LAD,88.70,,,,,,3,2,2024,2024-07
2024-07-31,2024,R,656302,666158,FF,4-Seam Fastball,,foul,L,R,SD,LAD,97.10,,,,,,3,2,2024,2024-07
2024-07-31,2024,R,656302,666158,FF,4-Seam Fastball,,ball,L,R,SD,LAD,98.50,,,,,,2,2,2024,2024-07
2024-07-31,2024,R,656302,666158,FF,4-Seam Fastball,,ball,L,R,SD,LAD,97.70,,,,,,1,2,2024,2024-07
2024-07-31,2024,R,656302,666158,FF,4-Seam Fastball,,foul,L,R,SD,LAD,97.40,80.00,63,,,,1,1,2024,2024-07
2024-07-31,2024,R,656302,666158,KC,Knuckle Curve,,called_strike,L,R,SD,LAD,83.30,,,,,,1,0,2024,2024-07
2024-07-31,2024,R,656302,666158,FF,4-Seam Fastball,,ball,L,R,SD,LAD,97.40,,,,,,0,0,2024,2024-07
2024-07-31,2024,R,656302,666158,SL,Slider,double,hit_into_play,L,R,SD,LAD,89.20,105.20,21,215.96,111.01,line_drive,1,1,2024,2024-07
2024-07-31,2024,R,656302,666158,SL,Slider,,blocked_ball,L,R,SD,LAD,89.10,,,,,,0,1,2024,2024-07
2024-07-31,2024,R,656302,666158,SL,Slider,,swinging_strike,L,R,SD,LAD,89.70,,,,,,0,0,2024,2024-07
2024-07-31,2024,R,656302,666158,KC,Knuckle Curve,field_out,hit_into_play,L,R,SD,LAD,81.60,33.10,-84,121.44,198.28,ground_ball,1,0,2024,2024-07
2024-07-31,2024,R,656302,666158,KC,Knuckle Curve,,ball,L,R,SD,LAD,82.00,,,,,,0,0,2024,2024-07
2024-07-31,2024,R,656302,669257,SL,Slider,strikeout,called_strike,R,R,SD,LAD,88.80,,,,,,0,2,2024,2024-07
2024-07-31,2024,R,656302,669257,FF,4-Seam Fastball,,foul,R,R,SD,LAD,96.90,85.00,41,,,,0,2,2024,2024-07
2024-07-31,2024,R,656302,669257,SL,Slider,,foul,R,R,SD,LAD,87.80,70.60,65,,,,0,1,2024,2024-07
2024-07-31,2024,R,656302,669257,KC,Knuckle Curve,,called_strike,R,R,SD,LAD,82.10,,,,,,0,0,2024,2024-07
2024-07-31,2024,R,656302,669257,SL,Slider,strikeout,swinging_strike,R,R,SD,LAD,89.00,,,,,,3,2,2024,2024-07
2024-07-31,2024,R,656302,669257,FF,4-Seam Fastball,,ball,R,R,SD,LAD,97.50,,,,,,2,2,2024,2024-07
2024-07-31,2024,R,656302,669257,FF,4-Seam Fastball,,foul_tip,R,R,SD,LAD,97.50,,,,,,2,1,2024,2024-07
2024-07-31,2024,R,656302,669257,FF,4-Seam Fastball,,ball,R,R,SD,LAD,97.00,,,,,,1,1,2024,2024-07
2024-07-31,2024,R,656302,669257,FF,4-Seam Fastball,,swinging_strike,R,R,SD,LAD,97.30,,,,,,1,0,2024,2024-07
2024-07-31,2024,R,656302,669257,FF,4-Seam Fastball,,ball,R,R,SD,LAD,97.40,,,,,,0,0,2024,2024-07
2024-07-31,2024,R,656302,669257,SL,Slider,strikeout,swinging_strike,R,R,SD,LAD,87.90,,,,,,3,2,2024,2024-07
2024-07-31,2024,R,656302,669257,SL,Slider,,ball,R,R,SD,LAD,88.90,,,,,,2,2,2024,2024-07
2024-07-31,2024,R,656302,669257,SL,Slider,,foul,R,R,SD,LAD,88.00,72.10,50,,,,2,2,2024,2024-07
2024-07-31,2024,R,656302,669257,SL,Slider,,ball,R,R,SD,LAD,89.10,,,,,,1,2,2024,2024-07
2024-07-31,2024,R,656302,669257,SL,Slider,,ball,R,R,SD,LAD,88.90,,,,,,0,2,2024,2024-07
2024-07-31,2024,R,656302,669257,FF,4-Seam Fastball,,foul,R,R,SD,LAD,97.40,84.50,68,,,,0,1,2024,2024-07
2024-07-31,2024,R,656302,669257,FF,4-Seam Fastball,,called_strike,R,R,SD,LAD,98.00,,,,,,0,0,2024,2024-07
2024-07-31,2024,R,656302,681624,SL,Slider,field_out,hit_into_play,R,R,SD,LAD,88.80,105.10,8,98.74,163.68,line_drive,2,1,2024,2024-07
2024-07-31,2024,R,656302,681624,SL,Slider,,ball,R,R,SD,LAD,90.10,,,,,,1,1,2024,2024-07
2024-07-31,2024,R,656302,681624,KC,Knuckle Curve,,foul,R,R,SD,LAD,82.20,77.40,-32,,,,1,0,2024,2024-07
2024-07-31,2024,R,656302,681624,FF,4-Seam Fastball,,ball,R,R,SD,LAD,96.70,,,,,,0,0,2024,2024-07
2024-07-31,2024,R,656302,681624,SL,Slider,strikeout,swinging_strike,R,R,SD,LAD,88.80,,,,,,1,2,2024,2024-07
2024-07-31,2024,R,656302,681624,SL,Slider,,blocked_ball,R,R,SD,LAD,88.70,,,,,,0,2,2024,2024-07
2024-07-31,2024,R,656302,681624,SL,Slider,,swinging_strike_blocked,R,R,SD,LAD,88.70,,,,,,0,1,2024,2024-07
2024-07-31,2024,R,656302,681624,SL,Slider,,swinging_strike,R,R,SD,LAD,88.00,,,,,,0,0,2024,2024-07
2024-07-31,2024,R,656464,623912,FF,4-Seam Fastball,field_out,hit_into_play,R,R,AZ,WSH,96.30,94.00,-49,149.46,164.35,ground_ball,0,2,2024,2024-07
2024-07-31,2024,R,656464,623912,SL,Slider,,foul,R,R,AZ,WSH,86.10,86.60,-36,,,,0,1,2024,2024-07
2024-07-31,2024,R,656464,623912,FF,4-Seam Fastball,,called_strike,R,R,AZ,WSH,95.60,,,,,,0,0,2024,2024-07
2024-07-31,2024,R,656464,656180,FF,4-Seam Fastball,single,hit_into_play,R,R,AZ,WSH,97.00,109.60,-5,158.00,103.00,ground_ball,2,2,2024,2024-07
2024-07-31,2024,R,656464,656180,SL,Slider,,blocked_ball,R,R,AZ,WSH,88.10,,,,,,1,2,2024,2024-07
2024-07-31,2024,R,656464,656180,FF,4-Seam Fastball,,called_strike,R,R,AZ,WSH,94.70,,,,,,1,1,2024,2024-07
2024-07-31,2024,R,656464,656180,FF,4-Seam Fastball,,foul_tip,R,R,AZ,WSH,96.20,,,,,,1,0,2024,2024-07
2024-07-31,2024,R,656464,656180,FF,4-Seam Fastball,,ball,R,R,AZ,WSH,96.70,,,,,,0,0,2024,2024-07
2024-07-31,2024,R,656464,660766,FF,4-Seam Fastball,double,hit_into_play,R,R,AZ,WSH,94.00,101.70,-9,30.85,92.34,ground_ball,2,0,2024,2024-07
2024-07-31,2024,R,656464,660766,FF,4-Seam Fastball,,ball,R,R,AZ,WSH,95.50,,,,,,1,0,2024,2024-07
2024-07-31,2024,R,656464,660766,FF,4-Seam Fastball,,ball,R,R,AZ,WSH,95.50,,,,,,0,0,2024,2024-07
2024-07-31,2024,R,656464,669743,FF,4-Seam Fastball,force_out,hit_into_play,R,R,AZ,WSH,94.10,67.00,-31,140.38,149.83,ground_ball,2,1,2024,2024-07
2024-07-31,2024,R,656464,669743,SL,Slider,,ball,R,R,AZ,WSH,87.30,,,,,,1,1,2024,2024-07
2024-07-31,2024,R,656464,669743,SL,Slider,,blocked_ball,R,R,AZ,WSH,87.50,,,,,,0,1,2024,2024-07
2024-07-31,2024,R,656464,669743,SL,Slider,,called_strike,R,R,AZ,WSH,87.00,,,,,,0,0,2024,2024-07
2024-07-31,2024,R,656464,671277,FF,4-Seam Fastball,single,hit_into_play,L,R,AZ,WSH,97.40,97.40,7,122.00,95.00,line_drive,3,2,2024,2024-07
2024-07-31,2024,R,656464,671277,SL,Slider,,blocked_ball,L,R,AZ,WSH,88.00,,,,,,2,2,2024,2024-07
2024-07-31,2024,R,656464,671277,SL,Slider,,blocked_ball,L,R,AZ,WSH,88.30,,,,,,1,2,2024,2024-07
2024-07-31,2024,R,656464,671277,SL,Slider,,foul,L,R,AZ,WSH,87.10,78.80,-36,,,,1,2,2024,2024-07
2024-07-31,2024,R,656464,671277,FF,4-Seam Fastball,,foul,L,R,AZ,WSH,97.10,83.70,64,,,,1,2,2024,2024-07
2024-07-31,2024,R,656464,671277,FF,4-Seam Fastball,,ball,L,R,AZ,WSH,95.70,,,,,,0,2,2024,2024-07
2024-07-31,2024,R,656464,671277,FF,4-Seam Fastball,,foul,L,R,AZ,WSH,96.50,75.20,39,,,,0,2,2024,2024-07
2024-07-31,2024,R,656464,671277,FF,4-Seam Fastball,,swinging_strike,L,R,AZ,WSH,95.60,,,,,,0,1,2024,2024-07
2024-07-31,2024,R,656464,671277,FF,4-Seam Fastball,,called_strike,L,R,AZ,WSH,96.40,,,,,,0,0,2024,2024-07
2024-07-31,2024,R,656464,695578,SL,Slider,strikeout,swinging_strike,L,R,AZ,WSH,86.70,,,,,,3,2,2024,2024-07
2024-07-31,2024,R,656464,695578,SL,Slider,,blocked_ball,L,R,AZ,WSH,87.60,,,,,,2,2,2024,2024-07
2024-07-31,2024,R,656464,695578,SL,Slider,,blocked_ball,L,R,AZ,WSH,87.70,,,,,,1,2,2024,2024-07
2024-07-31,2024,R,656464,695578,FF,4-Seam Fastball,,ball,L,R,AZ,WSH,96.90,,,,,,0,2,2024,2024-07
2024-07-31,2024,R,656464,695578,SL,Slider,,swinging_strike,L,R,AZ,WSH,87.00,,,,,,0,1,2024,2024-07
2024-07-31,2024,R,656464,695578,FF,4-Seam Fastball,,foul,L,R,AZ,WSH,96.20,78.00,16,,,,0,0,2024,2024-07
2024-07-31,2024,R,656629,669134,FF,4-Seam Fastball,strikeout,swinging_strike,R,R,SD,LAD,100.60,,,,,,1,2,2024,2024-07
2024-07-31,2024,R,656629,669134,FC,Cutter,,swinging_strike,R,R,SD,LAD,90.70,,,,,,1,1,2024,2024-07
2024-07-31,2024,R,656629,669134,FC,Cutter,,ball,R,R,SD,LAD,91.40,,,,,,0,1,2024,2024-07
2024-07-31,2024,R,656629,669134,FC,Cutter,,called_strike,R,R,SD,LAD,89.70,,,,,,0,0,2024,2024-07
2024-07-31,2024,R,656629,673490,FF,4-Seam Fastball,strikeout,swinging_strike,R,R,SD,LAD,99.20,,,,,,2,2,2024,2024-07
2024-07-31,2024,R,656629,673490,FC,Cutter,,foul,R,R,SD,LAD,89.10,,,,,,2,2,2024,2024-07
2024-07-31,2024,R,656629,673490,FF,4-Seam Fastball,,foul,R,R,SD,LAD,99.20,84.70,13,,,,2,1,2024,2024-07
2024-07-31,2024,R,656629,673490,FF,4-Seam Fastball,,called_strike,R,R,SD,LAD,99.40,,,,,,2,0,2024,2024-07
2024-07-31,2024,R,656629,673490,FF,4-Seam Fastball,,ball,R,R,SD,LAD,99.60,,,,,,1,0,2024,2024-07
2024-07-31,2024,R,656629,673490,FC,Cutter,,ball,R,R,SD,LAD,92.00,,,,,,0,0,2024,2024-07
2024-07-31,2024,R,656629,701538,FF,4-Seam Fastball,strikeout,swinging_strike,L,R,SD,LAD,99.70,,,,,,3,2,2024,2024-07
2024-07-31,2024,R,656629,701538,FF,4-Seam Fastball,,foul,L,R,SD,LAD,100.20,,,,,,3,2,2024,2024-07
2024-07-31,2024,R,656629,701538,FC,Cutter,,ball,L,R,SD,LAD,90.60,,,,,,2,2,2024,2024-07
2024-07-31,2024,R,656629,701538,FF,4-Seam Fastball,,ball,L,R,SD,LAD,99.30,,,,,,1,2,2024,2024-07
2024-07-31,2024,R,656629,701538,FF,4-Seam Fastball,,ball,L,R,SD,LAD,98.80,,,,,,0,2,2024,2024-07
2024-07-31,2024,R,656629,701538,FF,4-Seam Fastball,,swinging_strike,L,R,SD,LAD,98.60,,,,,,0,1,2024,2024-07
2024-07-31,2024,R,656629,701538,FF,4-Seam Fastball,,swinging_strike,L,R,SD,LAD,98.50,,,,,,0,0,2024,2024-07
2024-07-31,2024,R,656641,575929,FF,4-Seam Fastball,strikeout,swinging_strike,R,L,STL,TEX,96.80,,,,,,1,2,2024,2024-07
2024-07-31,2024,R,656641,575929,FF,4-Seam Fastball,,called_strike,R,L,STL,TEX,95.00,,,,,,1,1,2024,2024-07
2024-07-31,2024,R,656641,575929,CH,Changeup,,swinging_strike,R,L,STL,TEX,85.40,,,,,,1,0,2024,2024-07
2024-07-31,2024,R,656641,575929,SL,Slider,,ball,R,L,STL,TEX,85.70,,,,,,0,0,2024,2024-07
2024-07-31,2024,R,656641,663457,FF,4-Seam Fastball,field_out,hit_into_play,L,L,STL,TEX,95.60,100.50,19,133.04,59.71,line_drive,3,2,2024,2024-07
2024-07-31,2024,R,656641,663457,SL,Slider,,ball,L,L,STL,TEX,84.70,,,,,,2,2,2024,2024-07
2024-07-31,2024,R,656641,663457,SL,Slider,,called_strike,L,L,STL,TEX,86.40,,,,,,2,1,2024,2024-07
2024-07-31,2024,R,656641,663457,CH,Changeup,,ball,L,L,STL,TEX,85.40,,,,,,1,1,2024,2024-07
2024-07-31,2024,R,656641,663457,FF,4-Seam Fastball,,foul,L,L,STL,TEX,96.20,78.90,50,,,,1,0,2024,2024-07
2024-07-31,2024,R,656641,663457,FF,4-Seam Fastball,,ball,L,L,STL,TEX,97.50,,,,,,0,0,2024,2024-07
2024-07-31,2024,R,656641,669357,SL,Slider,strikeout,called_strike,L,L,STL,TEX,84.80,,,,,,2,2,2024,2024-07
2024-07-31,2024,R,656641,669357,SL,Slider,,ball,L,L,STL,TEX,84.90,,,,,,1,2,2024,2024-07
2024-07-31,2024,R,656641,669357,CH,Changeup,,foul,L,L,STL,TEX,87.20,90.20,36,,,,1,2,2024,2024-07
2024-07-31,2024,R,656641,669357,SL,Slider,,ball,L,L,STL,TEX,83.60,,,,,,0,2,2024,2024-07
2024-07-31,2024,R,656641,669357,FF,4-Seam Fastball,,foul,L,L,STL,TEX,96.50,90.90,70,,,,0,2,2024,2024-07
2024-07-31,2024,R,656641,669357,FF,4-Seam Fastball,,called_strike,L,L,STL,TEX,96.40,,,,,,0,1,2024,2024-07
2024-07-31,2024,R,656641,669357,FF,4-Seam Fastball,,foul,L,L,STL,TEX,96.50,75.80,32,,,,0,0,2024,2024-07
2024-07-31,2024,R,656641,672279,SL,Slider,single,hit_into_play,L,L,STL,TEX,85.10,46.80,-20,132.48,181.42,ground_ball,0,1,2024,2024-07
2024-07-31,2024,R,656641,672279,FF,4-Seam Fastball,,called_strike,L,L,STL,TEX,95.60,,,,,,0,0,2024,2024-07
2024-07-31,2024,R,656641,680977,SL,Slider,sac_fly,hit_into_play,L,L,STL,TEX,83.40,95.10,22,186.54,79.68,line_drive,3,2,2024,2024-07
2024-07-31,2024,R,656641,680977,FF,4-Seam Fastball,,ball,L,L,STL,TEX,94.90,,,,,,2,2,2024,2024-07
2024-07-31,2024,R,656641,680977,FF,4-Seam Fastball,,foul,L,L,STL,TEX,96.30,73.70,33,,,,2,1,2024,2024-07
2024-07-31,2024,R,656641,680977,SL,Slider,,blocked_ball,L,L,STL,TEX,84.90,,,,,,1,1,2024,2024-07
2024-07-31,2024,R,656641,680977,FF,4-Seam Fastball,,ball,L,L,STL,TEX,95.80,,,,,,0,1,2024,2024-07
2024-07-31,2024,R,656641,680977,SL,Slider,,swinging_strike,L,L,STL,TEX,83.40,,,,,,0,0,2024,2024-07
2024-07-31,2024,R,656641,686780,CH,Changeup,strikeout,swinging_strike,R,L,STL,TEX,85.40,,,,,,2,2,2024,2024-07
2024-07-31,2024,R,656641,686780,CH,Changeup,,swinging_strike,R,L,STL,TEX,85.90,,,,,,2,1,2024,2024-07
2024-07-31,2024,R,656641,686780,SL,Slider,,ball,R,L,STL,TEX,85.70,,,,,,1,1,2024,2024-07
2024-07-31,2024,R,656641,686780,FF,4-Seam Fastball,,ball,R,L,STL,TEX,96.80,,,,,,0,1,2024,2024-07
2024-07-31,2024,R,656641,686780,FF,4-Seam Fastball,,foul,R,L,STL,TEX,97.30,88.20,29,,,,0,0,2024,2024-07
2024-07-31,2024,R,656641,691026,FF,4-Seam Fastball,force_out,hit_into_play,R,L,STL,TEX,95.20,87.10,-32,90.96,168.73,ground_ball,3,1,2024,2024-07
2024-07-31,2024,R,656641,691026,FF,4-Seam Fastball,,called_strike,R,L,STL,TEX,96.40,,,,,,3,0,2024,2024-07
2024-07-31,2024,R,656641,691026,FF,4-Seam Fastball,,ball,R,L,STL,TEX,95.20,,,,,,2,0,2024,2024-07
2024-07-31,2024,R,656641,691026,CH,Changeup,,ball,R,L,STL,TEX,85.00,,,,,,1,0,2024,2024-07
2024-07-31,2024,R,656641,691026,FF,4-Seam Fastball,,ball,R,L,STL,TEX,94.20,,,,,,0,0,2024,2024-07
2024-07-31,2024,R,656731,467793,FS,Split-Finger,double,hit_into_play,L,R,NYM,MIN,85.10,88.70,23,38.68,96.47,line_drive,3,1,2024,2024-07
2024-07-31,2024,R,656731,467793,FS,Split-Finger,,ball,L,R,NYM,MIN,85.80,,,,,,2,1,2024,2024-07
2024-07-31,2024,R,656731,467793,FF,4-Seam Fastball,,called_strike,L,R,NYM,MIN,96.00,,,,,,2,0,2024,2024-07
2024-07-31,2024,R,656731,467793,FF,4-Seam Fastball,,ball,L,R,NYM,MIN,96.10,,,,,,1,0,2024,2024-07
2024-07-31,2024,R,656731,467793,FS,Split-Finger,,ball,L,R,NYM,MIN,83.80,,,,,,0,0,2024,2024-07
2024-07-31,2024,R,656731,596146,FF,4-Seam Fastball,strikeout_double_play,swinging_strike,L,R,NYM,MIN,95.40,,,,,,0,2,2024,2024-07
2024-07-31,2024,R,656731,596146,FS,Split-Finger,,foul,L,R,NYM,MIN,85.40,72.10,62,,,,0,2,2024,2024-07
2024-07-31,2024,R,656731,596146,SI,Sinker,,called_strike,L,R,NYM,MIN,94.40,,,,,,0,1,2024,2024-07
2024-07-31,2024,R,656731,596146,FF,4-Seam Fastball,,foul,L,R,NYM,MIN,96.10,87.50,44,,,,0,0,2024,2024-07
2024-07-31,2024,R,656731,621439,FF,4-Seam Fastball,strikeout,swinging_strike,R,R,NYM,MIN,94.50,,,,,,0,2,2024,2024-07
2024-07-31,2024,R,656731,621439,FS,Split-Finger,,swinging_strike_blocked,R,R,NYM,MIN,83.80,,,,,,0,1,2024,2024-07
2024-07-31,2024,R,656731,621439,SI,Sinker,,swinging_strike,R,R,NYM,MIN,92.70,,,,,,0,0,2024,2024-07
2024-07-31,2024,R,656731,663616,FF,4-Seam Fastball,walk,ball,L,R,NYM,MIN,95.80,,,,,,3,0,2024,2024-07
2024-07-31,2024,R,656731,663616,FC,Cutter,,ball,L,R,NYM,MIN,89.00,,,,,,2,0,2024,2024-07
2024-07-31,2024,R,656731,663616,FC,Cutter,,ball,L,R,NYM,MIN,91.30,,,,,,1,0,2024,2024-07
2024-07-31,2024,R,656731,663616,FC,Cutter,,ball,L,R,NYM,MIN,88.60,,,,,,0,0,2024,2024-07
2024-07-31,2024,R,656731,668885,SI,Sinker,field_out,hit_into_play,R,R,NYM,MIN,94.10,76.40,-44,109.64,174.30,ground_ball,0,2,2024,2024-07
2024-07-31,2024,R,656731,668885,FS,Split-Finger,,foul,R,R,NYM,MIN,84.20,28.20,-49,,,,0,2,2024,2024-07
2024-07-31,2024,R,656731,668885,SI,Sinker,,swinging_strike,R,R,NYM,MIN,93.00,,,,,,0,1,2024,2024-07
2024-07-31,2024,R,656731,668885,SI,Sinker,,called_strike,R,R,NYM,MIN,93.90,,,,,,0,0,2024,2024-07
2024-07-31,2024,R,656731,668904,FS,Split-Finger,field_out,hit_into_play,R,R,NYM,MIN,83.10,86.90,26,104.08,67.49,fly_ball,1,2,2024,2024-07
2024-07-31,2024,R,656731,668904,FF,4-Seam Fastball,,foul,R,R,NYM,MIN,94.20,74.50,22,,,,1,1,2024,2024-07
2024-07-31,2024,R,656731,668904,FF,4-Seam Fastball,,swinging_strike,R,R,NYM,MIN,94.20,,,,,,1,0,2024,2024-07
2024-07-31,2024,R,656731,668904,FF,4-Seam Fastball,,ball,R,R,NYM,MIN,93.60,,,,,,0,0,2024,2024-07
2024-07-31,2024,R,656731,670242,FF,4-Seam Fastball,double,hit_into_play,L,R,NYM,MIN,95.60,101.80,40,92.62,47.34,fly_ball,3,1,2024,2024-07
2024-07-31,2024,R,656731,670242,FF,4-Seam Fastball,,ball,L,R,NYM,MIN,95.60,,,,,,2,1,2024,2024-07
2024-07-31,2024,R,656731,670242,FF,4-Seam Fastball,,ball,L,R,NYM,MIN,96.50,,,,,,1,1,2024,2024-07
2024-07-31,2024,R,656731,670242,FF,4-Seam Fastball,,ball,L,R,NYM,MIN,96.00,,,,,,0,1,2024,2024-07
2024-07-31,2024,R,656731,670242,FF,4-Seam Fastball,,called_strike,L,R,NYM,MIN,96.00,,,,,,0,0,2024,2024-07
2024-07-31,2024,R,656731,680777,SL,Slider,field_out,hit_into_play,R,R,NYM,MIN,83.20,63.90,82,115.66,196.89,popup,0,2,2024,2024-07
2024-07-31,2024,R,656731,680777,FF,4-Seam Fastball,,foul,R,R,NYM,MIN,93.70,89.50,10,,,,0,1,2024,2024-07
2024-07-31,2024,R,656731,680777,FF,4-Seam Fastball,,foul,R,R,NYM,MIN,95.20,72.90,44,,,,0,0,2024,2024-07
2024-07-31,2024,R,656731,686797,FF,4-Seam Fastball,single,hit_into_play,L,R,NYM,MIN,94.00,96.00,17,142.75,64.36,line_drive,1,0,2024,2024-07
2024-07-31,2024,R,656731,686797,FF,4-Seam Fastball,,ball,L,R,NYM,MIN,95.30,,,,,,0,0,2024,2024-07
2024-07-31,2024,R,657024,543510,SL,Slider,force_out,hit_into_play,R,R,BAL,TOR,85.90,98.80,-30,99.99,166.16,ground_ball,3,2,2024,2024-07
2024-07-31,2024,R,657024,543510,SL,Slider,,foul,R,R,BAL,TOR,87.30,64.20,-27,,,,3,2,2024,2024-07
2024-07-31,2024,R,657024,543510,FF,4-Seam Fastball,,ball,R,R,BAL,TOR,95.30,,,,,,2,2,2024,2024-07
2024-07-31,2024,R,657024,543510,SL,Slider,,called_strike,R,R,BAL,TOR,86.50,,,,,,2,1,2024,2024-07
2024-07-31,2024,R,657024,543510,SL,Slider,,ball,R,R,BAL,TOR,87.70,,,,,,1,1,2024,2024-07
2024-07-31,2024,R,657024,543510,FF,4-Seam Fastball,,foul,R,R,BAL,TOR,95.20,61.60,46,,,,1,0,2024,2024-07
2024-07-31,2024,R,657024,543510,SL,Slider,,ball,R,R,BAL,TOR,84.90,,,,,,0,0,2024,2024-07
2024-07-31,2024,R,657024,602104,FS,Split-Finger,walk,ball,R,R,BAL,TOR,83.90,,,,,,3,2,2024,2024-07
2024-07-31,2024,R,657024,602104,FF,4-Seam Fastball,,ball,R,R,BAL,TOR,95.20,,,,,,2,2,2024,2024-07
2024-07-31,2024,R,657024,602104,FF,4-Seam Fastball,,ball,R,R,BAL,TOR,95.10,,,,,,1,2,2024,2024-07
2024-07-31,2024,R,657024,602104,SL,Slider,,swinging_strike,R,R,BAL,TOR,83.10,,,,,,1,1,2024,2024-07
2024-07-31,2024,R,657024,602104,FS,Split-Finger,,ball,R,R,BAL,TOR,84.70,,,,,,0,1,2024,2024-07
2024-07-31,2024,R,657024,602104,SL,Slider,,called_strike,R,R,BAL,TOR,85.50,,,,,,0,0,2024,2024-07
2024-07-31,2024,R,657024,656775,FS,Split-Finger,single,hit_into_play,L,R,BAL,TOR,86.90,30.20,-29,114.52,187.68,ground_ball,2,2,2024,2024-07
2024-07-31,2024,R,657024,656775,FF,4-Seam Fastball,,called_strike,L,R,BAL,TOR,94.90,,,,,,2,1,2024,2024-07
2024-07-31,2024,R,657024,656775,FF,4-Seam Fastball,,ball,L,R,BAL,TOR,96.00,,,,,,1,1,2024,2024-07
2024-07-31,2024,R,657024,656775,FF,4-Seam Fastball,,swinging_strike,L,R,BAL,TOR,95.00,,,,,,1,0,2024,2024-07
2024-07-31,2024,R,657024,656775,FS,Split-Finger,,ball,L,R,BAL,TOR,86.30,,,,,,0,0,2024,2024-07
2024-07-31,2024,R,657024,663624,SL,Slider,field_out,hit_into_play,R,R,BAL,TOR,84.70,104.90,-37,129.01,151.25,ground_ball,1,2,2024,2024-07
2024-07-31,2024,R,657024,663624,FS,Split-Finger,,ball,R,R,BAL,TOR,85.30,,,,,,0,2,2024,2024-07
2024-07-31,2024,R,657024,663624,FF,4-Seam Fastball,,called_strike,R,R,BAL,TOR,94.50,,,,,,0,1,2024,2024-07
2024-07-31,2024,R,657024,663624,SL,Slider,,foul,R,R,BAL,TOR,85.30,,,,,,0,0,2024,2024-07
2024-07-31,2024,R,657024,702616,FF,4-Seam Fastball,field_out,hit_into_play,L,R,BAL,TOR,95.60,99.20,26,49.39,84.51,fly_ball,1,2,2024,2024-07
2024-07-31,2024,R,657024,702616,FS,Split-Finger,,foul,L,R,BAL,TOR,83.80,70.90,20,,,,1,1,2024,2024-07
2024-07-31,2024,R,657024,702616,FF,4-Seam Fastball,,ball,L,R,BAL,TOR,96.20,,,,,,0,1,2024,2024-07
2024-07-31,2024,R,657024,702616,FF,4-Seam Fastball,,foul,L,R,BAL,TOR,94.20,81.10,60,,,,0,0,2024,2024-07
2024-07-31,2024,R,657044,623912,SI,Sinker,strikeout,foul_tip,R,R,AZ,WSH,92.00,,,,,,1,2,2024,2024-07
2024-07-31,2024,R,657044,623912,SI,Sinker,,blocked_ball,R,R,AZ,WSH,93.30,,,,,,0,2,2024,2024-07
2024-07-31,2024,R,657044,623912,SI,Sinker,,swinging_strike,R,R,AZ,WSH,91.90,,,,,,0,1,2024,2024-07
2024-07-31,2024,R,657044,623912,SI,Sinker,,foul,R,R,AZ,WSH,90.10,73.90,-39,,,,0,0,2024,2024-07
2024-07-31,2024,R,657044,656180,SI,Sinker,field_out,hit_into_play,R,R,AZ,WSH,90.60,104.20,-42,149.46,154.67,ground_ball,1,0,2024,2024-07
2024-07-31,2024,R,657044,656180,SI,Sinker,,ball,R,R,AZ,WSH,90.20,,,,,,0,0,2024,2024-07
2024-07-31,2024,R,657044,671277,,,intent_walk,automatic_ball,L,R,AZ,WSH,,,,,,,3,0,2024,2024-07
2024-07-31,2024,R,657044,671277,,,,automatic_ball,L,R,AZ,WSH,,,,,,,2,0,2024,2024-07
2024-07-31,2024,R,657044,671277,SI,Sinker,,ball,L,R,AZ,WSH,91.70,,,,,,1,0,2024,2024-07
2024-07-31,2024,R,657044,671277,SI,Sinker,,ball,L,R,AZ,WSH,91.70,,,,,,0,0,2024,2024-07
2024-07-31,2024,R,657053,521692,FS,Split-Finger,walk,ball,R,R,CWS,KC,85.70,,,,,,3,0,2024,2024-07
2024-07-31,2024,R,657053,521692,FS,Split-Finger,,ball,R,R,CWS,KC,86.50,,,,,,2,0,2024,2024-07
2024-07-31,2024,R,657053,521692,SI,Sinker,,ball,R,R,CWS,KC,89.60,,,,,,1,0,2024,2024-07
2024-07-31,2024,R,657053,521692,CU,Curveball,,blocked_ball,R,R,CWS,KC,74.80,,,,,,0,0,2024,2024-07
2024-07-31,2024,R,657053,592669,FS,Split-Finger,field_out,hit_into_play,R,R,CWS,KC,87.10,100.60,-10,96.17,168.47,ground_ball,3,2,2024,2024-07
2024-07-31,2024,R,657053,592669,SI,Sinker,,foul,R,R,CWS,KC,91.50,110.40,38,,,,3,1,2024,2024-07
2024-07-31,2024,R,657053,592669,FF,4-Seam Fastball,,called_strike,R,R,CWS,KC,90.90,,,,,,3,0,2024,2024-07
2024-07-31,2024,R,657053,592669,FS,Split-Finger,,blocked_ball,R,R,CWS,KC,86.30,,,,,,2,0,2024,2024-07
2024-07-31,2024,R,657053,592669,SI,Sinker,,ball,R,R,CWS,KC,91.90,,,,,,1,0,2024,2024-07
2024-07-31,2024,R,657053,592669,CU,Curveball,,ball,R,R,CWS,KC,77.00,,,,,,0,0,2024,2024-07
2024-07-31,2024,R,657053,657557,FS,Split-Finger,field_error,hit_into_play,R,R,CWS,KC,86.10,71.20,-8,105.45,165.48,ground_ball,1,1,2024,2024-07
2024-07-31,2024,R,657053,657557,SI,Sinker,,foul,R,R,CWS,KC,90.90,61.20,-46,,,,1,0,2024,2024-07
2024-07-31,2024,R,657053,657557,SI,Sinker,,ball,R,R,CWS,KC,90.60,,,,,,0,0,2024,2024-07
2024-07-31,2024,R,657053,664728,SI,Sinker,grounded_into_double_play,hit_into_play,L,R,CWS,KC,91.50,82.20,-21,150.90,158.20,ground_ball,3,1,2024,2024-07
2024-07-31,2024,R,657053,664728,FS,Split-Finger,,ball,L,R,CWS,KC,84.20,,,,,,2,1,2024,2024-07
2024-07-31,2024,R,657053,664728,CU,Curveball,,blocked_ball,L,R,CWS,KC,76.60,,,,,,1,1,2024,2024-07
2024-07-31,2024,R,657053,664728,CU,Curveball,,foul_bunt,L,R,CWS,KC,75.00,,,,,,1,0,2024,2024-07
2024-07-31,2024,R,657053,664728,FF,4-Seam Fastball,,ball,L,R,CWS,KC,91.70,,,,,,0,0,2024,2024-07
2024-07-31,2024,R,657053,666023,FS,Split-Finger,single,hit_into_play,R,R,CWS,KC,86.00,99.00,-13,119.38,96.99,ground_ball,2,2,2024,2024-07
2024-07-31,2024,R,657053,666023,CU,Curveball,,foul,R,R,CWS,KC,76.40,42.60,26,,,,2,2,2024,2024-07
2024-07-31,2024,R,657053,666023,FS,Split-Finger,,foul,R,R,CWS,KC,86.00,109.60,-30,,,,2,1,2024,2024-07
2024-07-31,2024,R,657053,666023,SI,Sinker,,ball,R,R,CWS,KC,91.70,,,,,,1,1,2024,2024-07
2024-07-31,2024,R,657053,666023,FS,Split-Finger,,swinging_strike,R,R,CWS,KC,84.60,,,,,,1,0,2024,2024-07
2024-07-31,2024,R,657053,666023,SI,Sinker,,ball,R,R,CWS,KC,92.60,,,,,,0,0,2024,2024-07
2024-07-31,2024,R,657053,672580,SI,Sinker,field_out,hit_into_play,R,R,CWS,KC,93.00,82.70,-47,116.35,163.66,ground_ball,0,0,2024,2024-07
2024-07-31,2024,R,657053,677951,FS,Split-Finger,walk,ball,R,R,CWS,KC,86.00,,,,,,3,2,2024,2024-07
2024-07-31,2024,R,657053,677951,FS,Split-Finger,,foul,R,R,CWS,KC,84.70,,-61,,,,3,2,2024,2024-07
2024-07-31,2024,R,657053,677951,FS,Split-Finger,,called_strike,R,R,CWS,KC,83.90,,,,,,3,1,2024,2024-07
2024-07-31,2024,R,657053,677951,CU,Curveball,,ball,R,R,CWS,KC,74.90,,,,,,2,1,2024,2024-07
2024-07-31,2024,R,657053,677951,SI,Sinker,,ball,R,R,CWS,KC,91.20,,,,,,1,1,2024,2024-07
2024-07-31,2024,R,657053,677951,FS,Split-Finger,,called_strike,R,R,CWS,KC,84.30,,,,,,1,0,2024,2024-07
2024-07-31,2024,R,657053,677951,SI,Sinker,,ball,R,R,CWS,KC,90.80,,,,,,0,0,2024,2024-07
2024-07-31,2024,R,657053,686469,CU,Curveball,strikeout,swinging_strike,L,R,CWS,KC,75.40,,,,,,1,2,2024,2024-07
2024-07-31,2024,R,657053,686469,FF,4-Seam Fastball,,called_strike,L,R,CWS,KC,91.00,,,,,,1,1,2024,2024-07
2024-07-31,2024,R,657053,686469,FS,Split-Finger,,ball,L,R,CWS,KC,83.60,,,,,,0,1,2024,2024-07
2024-07-31,2024,R,657053,686469,CU,Curveball,,called_strike,L,R,CWS,KC,73.70,,,,,,0,0,2024,2024-07
2024-07-31,2024,R,657277,609280,SI,Sinker,field_error,hit_into_play,R,R,SF,ATH,92.90,91.70,-44,113.49,167.30,ground_ball,1,0,2024,2024-07
2024-07-31,2024,R,657277,609280,SI,Sinker,,ball,R,R,SF,ATH,93.40,,,,,,0,0,2024,2024-07
2024-07-31,2024,R,657277,609280,ST,Sweeper,single,hit_into_play,R,R,SF,ATH,84.80,90.70,14,94.10,93.01,line_drive,0,0,2024,2024-07
2024-07-31,2024,R,657277,609280,ST,Sweeper,strikeout,swinging_strike,R,R,SF,ATH,83.40,,,,,,1,2,2024,2024-07
2024-07-31,2024,R,657277,609280,ST,Sweeper,,ball,R,R,SF,ATH,85.60,,,,,,0,2,2024,2024-07
2024-07-31,2024,R,657277,609280,SI,Sinker,,foul,R,R,SF,ATH,93.20,71.40,60,,,,0,1,2024,2024-07
2024-07-31,2024,R,657277,609280,SI,Sinker,,called_strike,R,R,SF,ATH,92.90,,,,,,0,0,2024,2024-07
2024-07-31,2024,R,657277,609280,CH,Changeup,single,hit_into_play,R,R,SF,ATH,88.00,102.80,13,176.25,98.42,line_drive,0,1,2024,2024-07
2024-07-31,2024,R,657277,609280,SI,Sinker,,called_strike,R,R,SF,ATH,93.40,,,,,,0,0,2024,2024-07
2024-07-31,2024,R,657277,647351,SI,Sinker,single,hit_into_play,L,R,SF,ATH,92.70,105.10,-3,150.50,95.31,ground_ball,0,0,2024,2024-07
2024-07-31,2024,R,657277,647351,FF,4-Seam Fastball,field_out,hit_into_play,L,R,SF,ATH,92.40,87.30,53,90.51,107.99,fly_ball,0,2,2024,2024-07
2024-07-31,2024,R,657277,647351,CH,Changeup,,foul,L,R,SF,ATH,86.80,67.80,-32,,,,0,1,2024,2024-07
2024-07-31,2024,R,657277,647351,SI,Sinker,,called_strike,L,R,SF,ATH,90.50,,,,,,0,0,2024,2024-07
2024-07-31,2024,R,657277,647351,CH,Changeup,walk,ball,L,R,SF,ATH,84.80,,,,,,3,1,2024,2024-07
2024-07-31,2024,R,657277,647351,CH,Changeup,,ball,L,R,SF,ATH,86.70,,,,,,2,1,2024,2024-07
2024-07-31,2024,R,657277,647351,ST,Sweeper,,ball,L,R,SF,ATH,81.70,,,,,,1,1,2024,2024-07
2024-07-31,2024,R,657277,647351,FF,4-Seam Fastball,,ball,L,R,SF,ATH,90.60,,,,,,0,1,2024,2024-07
2024-07-31,2024,R,657277,647351,CH,Changeup,,foul,L,R,SF,ATH,87.10,,,,,,0,0,2024,2024-07
2024-07-31,2024,R,657277,647351,CH,Changeup,field_out,hit_into_play,L,R,SF,ATH,87.00,72.70,3,163.21,165.63,ground_ball,1,2,2024,2024-07
2024-07-31,2024,R,657277,647351,CH,Changeup,,foul,L,R,SF,ATH,87.30,35.90,26,,,,1,2,2024,2024-07
2024-07-31,2024,R,657277,647351,ST,Sweeper,,called_strike,L,R,SF,ATH,83.50,,,,,,1,1,2024,2024-07
2024-07-31,2024,R,657277,647351,CH,Changeup,,ball,L,R,SF,ATH,85.80,,,,,,0,1,2024,2024-07
2024-07-31,2024,R,657277,647351,SI,Sinker,,foul,L,R,SF,ATH,93.10,72.70,69,,,,0,0,2024,2024-07
2024-07-31,2024,R,657277,664913,CH,Changeup,field_out,hit_into_play,L,R,SF,ATH,88.90,93.30,-18,149.48,154.62,ground_ball,1,2,2024,2024-07
2024-07-31,2024,R,657277,664913,CH,Changeup,,swinging_strike,L,R,SF,ATH,85.90,,,,,,1,1,2024,2024-07
2024-07-31,2024,R,657277,664913,CH,Changeup,,ball,L,R,SF,ATH,86.90,,,,,,0,1,2024,2024-07
2024-07-31,2024,R,657277,664913,CH,Changeup,,foul,L,R,SF,ATH,88.40,35.30,29,,,,0,0,2024,2024-07
2024-07-31,2024,R,657277,664913,CH,Changeup,strikeout,swinging_strike,L,R,SF,ATH,86.10,,,,,,2,2,2024,2024-07
2024-07-31,2024,R,657277,664913,CH,Changeup,,ball,L,R,SF,ATH,88.10,,,,,,1,2,2024,2024-07
2024-07-31,2024,R,657277,664913,SI,Sinker,,ball,L,R,SF,ATH,92.00,,,,,,0,2,2024,2024-07
2024-07-31,2024,R,657277,664913,CH,Changeup,,swinging_strike,L,R,SF,ATH,88.30,,,,,,0,1,2024,2024-07
2024-07-31,2024,R,657277,664913,ST,Sweeper,,called_strike,L,R,SF,ATH,83.10,,,,,,0,0,2024,2024-07
2024-07-31,2024,R,657277,664913,CH,Changeup,field_out,hit_into_play,L,R,SF,ATH,87.60,82.20,-8,111.97,160.71,ground_ball,2,2,2024,2024-07
2024-07-31,2024,R,657277,664913,CH,Changeup,,blocked_ball,L,R,SF,ATH,88.20,,,,,,1,2,2024,2024-07
2024-07-31,2024,R,657277,664913,FF,4-Seam Fastball,,ball,L,R,SF,ATH,91.90,,,,,,0,2,2024,2024-07
2024-07-31,2024,R,657277,664913,CH,Changeup,,swinging_strike_blocked,L,R,SF,ATH,86.00,,,,,,0,1,2024,2024-07
2024-07-31,2024,R,657277,664913,CH,Changeup,,called_strike,L,R,SF,ATH,86.50,,,,,,0,0,2024,2024-07
2024-07-31,2024,R,657277,664913,SI,Sinker,field_out,hit_into_play,L,R,SF,ATH,92.10,102.50,-21,162.82,141.75,ground_ball,2,1,2024,2024-07
2024-07-31,2024,R,657277,664913,CH,Changeup,,foul,L,R,SF,ATH,86.90,62.80,-34,,,,2,0,2024,2024-07
2024-07-31,2024,R,657277,664913,CH,Changeup,,ball,L,R,SF,ATH,86.70,,,,,,1,0,2024,2024-07
2024-07-31,2024,R,657277,664913,ST,Sweeper,,ball,L,R,SF,ATH,82.10,,,,,,0,0,2024,2024-07
2024-07-31,2024,R,657277,667670,CH,Changeup,field_out,hit_into_play,R,R,SF,ATH,89.00,105.10,8,92.10,158.42,line_drive,1,2,2024,2024-07
2024-07-31,2024,R,657277,667670,CH,Changeup,,swinging_strike,R,R,SF,ATH,87.30,,,,,,1,1,2024,2024-07
2024-07-31,2024,R,657277,667670,SI,Sinker,,ball,R,R,SF,ATH,91.90,,,,,,0,1,2024,2024-07
2024-07-31,2024,R,657277,667670,CH,Changeup,,foul,R,R,SF,ATH,86.80,65.80,-38,,,,0,0,2024,2024-07
2024-07-31,2024,R,657277,667670,SI,Sinker,force_out,hit_into_play,R,R,SF,ATH,91.10,95.80,-6,128.70,144.99,ground_ball,0,0,2024,2024-07
2024-07-31,2024,R,657277,667670,SI,Sinker,field_out,hit_into_play,R,R,SF,ATH,93.40,94.40,30,192.77,96.21,fly_ball,2,1,2024,2024-07
2024-07-31,2024,R,657277,667670,CH,Changeup,,ball,R,R,SF,ATH,88.30,,,,,,1,1,2024,2024-07
2024-07-31,2024,R,657277,667670,CH,Changeup,,foul,R,R,SF,ATH,85.40,55.40,-70,,,,1,0,2024,2024-07
2024-07-31,2024,R,657277,667670,SI,Sinker,,ball,R,R,SF,ATH,92.20,,,,,,0,0,2024,2024-07
2024-07-31,2024,R,657277,667670,SI,Sinker,strikeout,called_strike,R,R,SF,ATH,94.10,,,,,,2,2,2024,2024-07
2024-07-31,2024,R,657277,667670,CH,Changeup,,ball,R,R,SF,ATH,87.20,,,,,,1,2,2024,2024-07
2024-07-31,2024,R,657277,667670,CH,Changeup,,foul,R,R,SF,ATH,88.80,,,,,,1,1,2024,2024-07
2024-07-31,2024,R,657277,667670,SI,Sinker,,called_strike,R,R,SF,ATH,93.20,,,,,,1,0,2024,2024-07
2024-07-31,2024,R,657277,667670,CH,Changeup,,ball,R,R,SF,ATH,85.80,,,,,,0,0,2024,2024-07
2024-07-31,2024,R,657277,668709,SI,Sinker,field_out,hit_into_play,L,R,SF,ATH,91.70,102.80,34,167.28,54.00,fly_ball,0,0,2024,2024-07
2024-07-31,2024,R,657277,668709,CH,Changeup,field_out,hit_into_play,L,R,SF,ATH,87.40,86.00,52,139.34,111.02,fly_ball,2,1,2024,2024-07
2024-07-31,2024,R,657277,668709,ST,Sweeper,,ball,L,R,SF,ATH,82.60,,,,,,1,1,2024,2024-07
2024-07-31,2024,R,657277,668709,CH,Changeup,,ball,L,R,SF,ATH,87.60,,,,,,0,1,2024,2024-07
2024-07-31,2024,R,657277,668709,SI,Sinker,,foul_tip,L,R,SF,ATH,92.00,,,,,,0,0,2024,2024-07
2024-07-31,2024,R,657277,668709,CH,Changeup,single,hit_into_play,L,R,SF,ATH,87.10,94.50,-12,170.77,117.61,ground_ball,1,1,2024,2024-07
2024-07-31,2024,R,657277,668709,CH,Changeup,,ball,L,R,SF,ATH,85.90,,,,,,0,1,2024,2024-07
2024-07-31,2024,R,657277,668709,SI,Sinker,,foul,L,R,SF,ATH,92.30,76.10,67,,,,0,0,2024,2024-07
2024-07-31,2024,R,657277,668709,SI,Sinker,single,hit_into_play,L,R,SF,ATH,94.00,108.00,-5,129.62,117.68,ground_ball,1,1,2024,2024-07
2024-07-31,2024,R,657277,668709,CH,Changeup,,called_strike,L,R,SF,ATH,87.10,,,,,,1,0,2024,2024-07
2024-07-31,2024,R,657277,668709,CH,Changeup,,ball,L,R,SF,ATH,87.80,,,,,,0,0,2024,2024-07
2024-07-31,2024,R,657277,669127,SI,Sinker,field_out,hit_into_play,R,R,SF,ATH,93.30,104.60,-18,114.68,135.41,ground_ball,0,0,2024,2024-07
2024-07-31,2024,R,657277,669127,CH,Changeup,field_out,hit_into_play,R,R,SF,ATH,87.00,85.00,-8,111.46,169.32,ground_ball,0,0,2024,2024-07
2024-07-31,2024,R,657277,669127,CH,Changeup,field_out,hit_into_play,R,R,SF,ATH,87.50,49.50,70,148.40,188.22,popup,1,2,2024,2024-07
2024-07-31,2024,R,657277,669127,CH,Changeup,,blocked_ball,R,R,SF,ATH,88.20,,,,,,0,2,2024,2024-07
2024-07-31,2024,R,657277,669127,SI,Sinker,,swinging_strike,R,R,SF,ATH,92.60,,,,,,0,1,2024,2024-07
2024-07-31,2024,R,657277,669127,CH,Changeup,,foul,R,R,SF,ATH,86.30,,,,,,0,0,2024,2024-07
2024-07-31,2024,R,657277,669127,SI,Sinker,strikeout,called_strike,R,R,SF,ATH,93.20,,,,,,2,2,2024,2024-07
2024-07-31,2024,R,657277,669127,CH,Changeup,,foul,R,R,SF,ATH,86.60,27.30,35,,,,2,1,2024,2024-07
2024-07-31,2024,R,657277,669127,CH,Changeup,,blocked_ball,R,R,SF,ATH,87.80,,,,,,1,1,2024,2024-07
2024-07-31,2024,R,657277,669127,SI,Sinker,,called_strike,R,R,SF,ATH,92.90,,,,,,1,0,2024,2024-07
2024-07-31,2024,R,657277,669127,CH,Changeup,,ball,R,R,SF,ATH,87.00,,,,,,0,0,2024,2024-07
2024-07-31,2024,R,657277,671732,CH,Changeup,field_out,hit_into_play,L,R,SF,ATH,86.80,68.20,-24,111.97,172.87,ground_ball,2,2,2024,2024-07
2024-07-31,2024,R,657277,671732,SI,Sinker,,foul,L,R,SF,ATH,92.20,70.80,32,,,,2,2,2024,2024-07
2024-07-31,2024,R,657277,671732,CH,Changeup,,ball,L,R,SF,ATH,86.60,,,,,,1,2,2024,2024-07
2024-07-31,2024,R,657277,671732,CH,Changeup,,swinging_strike,L,R,SF,ATH,85.50,,,,,,1,1,2024,2024-07
2024-07-31,2024,R,657277,671732,CH,Changeup,,called_strike,L,R,SF,ATH,85.60,,,,,,1,0,2024,2024-07
2024-07-31,2024,R,657277,671732,CH,Changeup,,ball,L,R,SF,ATH,86.90,,,,,,0,0,2024,2024-07
2024-07-31,2024,R,657277,671732,FF,4-Seam Fastball,field_out,hit_into_play,L,R,SF,ATH,91.30,83.80,-6,152.52,156.65,ground_ball,0,1,2024,2024-07
2024-07-31,2024,R,657277,671732,ST,Sweeper,,called_strike,L,R,SF,ATH,84.10,,,,,,0,0,2024,2024-07
2024-07-31,2024,R,657277,671732,CH,Changeup,field_out,hit_into_play,L,R,SF,ATH,85.20,96.20,39,119.93,70.03,fly_ball,1,0,2024,2024-07
2024-07-31,2024,R,657277,671732,SI,Sinker,,ball,L,R,SF,ATH,93.00,,,,,,0,0,2024,2024-07
2024-07-31,2024,R,657277,671732,SI,Sinker,field_out,hit_into_play,L,R,SF,ATH,93.30,89.80,-22,118.05,166.79,ground_ball,0,0,2024,2024-07
2024-07-31,2024,R,657277,680474,SI,Sinker,field_out,hit_into_play,R,R,SF,ATH,92.80,94.30,-35,117.04,160.20,ground_ball,0,1,2024,2024-07
2024-07-31,2024,R,657277,680474,SI,Sinker,,called_strike,R,R,SF,ATH,91.30,,,,,,0,0,2024,2024-07
2024-07-31,2024,R,657277,680474,CH,Changeup,strikeout,foul_tip,R,R,SF,ATH,87.60,,,,,,2,2,2024,2024-07
2024-07-31,2024,R,657277,680474,CH,Changeup,,foul,R,R,SF,ATH,85.60,88.50,-37,,,,2,1,2024,2024-07
2024-07-31,2024,R,657277,680474,SI,Sinker,,ball,R,R,SF,ATH,92.60,,,,,,1,1,2024,2024-07
2024-07-31,2024,R,657277,680474,SI,Sinker,,called_strike,R,R,SF,ATH,91.90,,,,,,1,0,2024,2024-07
2024-07-31,2024,R,657277,680474,SI,Sinker,,ball,R,R,SF,ATH,91.90,,,,,,0,0,2024,2024-07
2024-07-31,2024,R,657277,680474,SI,Sinker,field_out,hit_into_play,R,R,SF,ATH,92.90,87.40,46,190.62,114.21,fly_ball,1,2,2024,2024-07
2024-07-31,2024,R,657277,680474,CH,Changeup,,swinging_strike,R,R,SF,ATH,86.70,,,,,,1,1,2024,2024-07
2024-07-31,2024,R,657277,680474,SI,Sinker,,ball,R,R,SF,ATH,92.60,,,,,,0,1,2024,2024-07
2024-07-31,2024,R,657277,680474,SI,Sinker,,called_strike,R,R,SF,ATH,92.60,,,,,,0,0,2024,2024-07
2024-07-31,2024,R,657277,680869,CH,Changeup,field_out,hit_into_play,R,R,SF,ATH,87.10,62.80,-55,120.88,186.40,ground_ball,0,1,2024,2024-07
2024-07-31,2024,R,657277,680869,SI,Sinker,,foul,R,R,SF,ATH,92.30,85.20,43,,,,0,0,2024,2024-07
2024-07-31,2024,R,657277,680869,CH,Changeup,field_out,hit_into_play,R,R,SF,ATH,86.00,85.50,3,98.28,156.65,ground_ball,0,0,2024,2024-07
2024-07-31,2024,R,657277,680869,CH,Changeup,strikeout,swinging_strike,R,R,SF,ATH,86.90,,,,,,1,2,2024,2024-07
2024-07-31,2024,R,657277,680869,SI,Sinker,,foul,R,R,SF,ATH,92.30,96.70,-35,,,,1,1,2024,2024-07
2024-07-31,2024,R,657277,680869,SI,Sinker,,called_strike,R,R,SF,ATH,92.80,,,,,,1,0,2024,2024-07
2024-07-31,2024,R,657277,680869,SI,Sinker,,ball,R,R,SF,ATH,92.50,,,,,,0,0,2024,2024-07
2024-07-31,2024,R,657508,453568,FF,4-Seam Fastball,single,hit_into_play,L,R,LAA,COL,97.20,103.50,11,99.62,64.85,line_drive,0,0,2024,2024-07
2024-07-31,2024,R,657508,553869,KC,Knuckle Curve,field_out,hit_into_play,R,R,LAA,COL,88.10,85.00,-48,106.15,171.53,ground_ball,1,2,2024,2024-07
2024-07-31,2024,R,657508,553869,KC,Knuckle Curve,,foul,R,R,LAA,COL,86.80,74.90,-36,,,,1,1,2024,2024-07
2024-07-31,2024,R,657508,553869,KC,Knuckle Curve,,ball,R,R,LAA,COL,87.00,,,,,,0,1,2024,2024-07
2024-07-31,2024,R,657508,553869,SL,Slider,,foul,R,R,LAA,COL,92.30,86.50,83,,,,0,0,2024,2024-07
2024-07-31,2024,R,657508,595909,SL,Slider,strikeout,swinging_strike,L,R,LAA,COL,90.40,,,,,,1,2,2024,2024-07
2024-07-31,2024,R,657508,595909,KC,Knuckle Curve,,ball,L,R,LAA,COL,87.10,,,,,,0,2,2024,2024-07
2024-07-31,2024,R,657508,595909,SL,Slider,,swinging_strike,L,R,LAA,COL,90.90,,,,,,0,1,2024,2024-07
2024-07-31,2024,R,657508,595909,FF,4-Seam Fastball,,foul,L,R,LAA,COL,96.60,79.30,52,,,,0,0,2024,2024-07
2024-07-31,2024,R,657508,678662,SL,Slider,truncated_pa,called_strike,R,R,LAA,COL,91.50,,,,,,0,0,2024,2024-07
2024-07-31,2024,R,657649,593160,FC,Cutter,single,hit_into_play,R,L,MIL,ATL,92.00,81.30,18,84.30,99.26,line_drive,0,1,2024,2024-07
2024-07-31,2024,R,657649,593160,SI,Sinker,,foul,R,L,MIL,ATL,94.00,,,,,,0,0,2024,2024-07
2024-07-31,2024,R,657649,594807,CU,Curveball,strikeout,swinging_strike_blocked,R,L,MIL,ATL,81.80,,,,,,2,2,2024,2024-07
2024-07-31,2024,R,657649,594807,SI,Sinker,,ball,R,L,MIL,ATL,97.30,,,,,,1,2,2024,2024-07
2024-07-31,2024,R,657649,594807,SI,Sinker,,called_strike,R,L,MIL,ATL,95.60,,,,,,1,1,2024,2024-07
2024-07-31,2024,R,657649,594807,FC,Cutter,,ball,R,L,MIL,ATL,90.80,,,,,,0,1,2024,2024-07
2024-07-31,2024,R,657649,594807,SI,Sinker,,called_strike,R,L,MIL,ATL,95.20,,,,,,0,0,2024,2024-07
2024-07-31,2024,R,657649,606115,FC,Cutter,field_error,hit_into_play,R,L,MIL,ATL,92.00,74.90,-7,88.88,165.44,ground_ball,0,1,2024,2024-07
2024-07-31,2024,R,657649,606115,SI,Sinker,,foul,R,L,MIL,ATL,95.10,90.80,59,,,,0,0,2024,2024-07
2024-07-31,2024,R,657649,624585,SI,Sinker,walk,ball,R,L,MIL,ATL,95.10,,,,,,3,2,2024,2024-07
2024-07-31,2024,R,657649,624585,CU,Curveball,,blocked_ball,R,L,MIL,ATL,81.10,,,,,,2,2,2024,2024-07
2024-07-31,2024,R,657649,624585,SI,Sinker,,swinging_strike,R,L,MIL,ATL,95.30,,,,,,2,1,2024,2024-07
2024-07-31,2024,R,657649,624585,FC,Cutter,,ball,R,L,MIL,ATL,92.40,,,,,,1,1,2024,2024-07
2024-07-31,2024,R,657649,624585,SI,Sinker,,ball,R,L,MIL,ATL,95.30,,,,,,0,1,2024,2024-07
2024-07-31,2024,R,657649,624585,SI,Sinker,,called_strike,R,L,MIL,ATL,93.80,,,,,,0,0,2024,2024-07
2024-07-31,2024,R,657649,672284,SI,Sinker,force_out,hit_into_play,L,L,MIL,ATL,92.00,43.50,-3,137.94,161.29,ground_ball,1,0,2024,2024-07
2024-07-31,2024,R,657649,672284,SI,Sinker,,ball,L,L,MIL,ATL,95.20,,,,,,0,0,2024,2024-07
2024-07-31,2024,R,661395,578428,FF,4-Seam Fastball,double,hit_into_play,R,R,NYM,MIN,101.10,89.60,10,196.28,136.94,line_drive,0,2,2024,2024-07
2024-07-31,2024,R,661395,578428,FF,4-Seam Fastball,,foul,R,R,NYM,MIN,101.00,89.40,19,,,,0,2,2024,2024-07
2024-07-31,2024,R,661395,578428,FF,4-Seam Fastball,,foul,R,R,NYM,MIN,100.20,75.40,22,,,,0,1,2024,2024-07
2024-07-31,2024,R,661395,578428,FF,4-Seam Fastball,,swinging_strike,R,R,NYM,MIN,99.60,,,,,,0,0,2024,2024-07
2024-07-31,2024,R,661395,620443,KC,Knuckle Curve,single,hit_into_play,R,R,NYM,MIN,85.40,95.40,10,163.88,97.15,line_drive,1,1,2024,2024-07
2024-07-31,2024,R,661395,620443,FS,Split-Finger,,ball,R,R,NYM,MIN,98.40,,,,,,0,1,2024,2024-07
2024-07-31,2024,R,661395,620443,FS,Split-Finger,,swinging_strike,R,R,NYM,MIN,97.00,,,,,,0,0,2024,2024-07
2024-07-31,2024,R,661395,621438,KC,Knuckle Curve,strikeout,swinging_strike,R,R,NYM,MIN,87.10,,,,,,0,2,2024,2024-07
2024-07-31,2024,R,661395,621438,FF,4-Seam Fastball,,foul,R,R,NYM,MIN,101.70,58.10,-32,,,,0,1,2024,2024-07
2024-07-31,2024,R,661395,621438,FF,4-Seam Fastball,,swinging_strike,R,R,NYM,MIN,101.90,,,,,,0,0,2024,2024-07
2024-07-31,2024,R,661395,643446,FF,4-Seam Fastball,strikeout,swinging_strike,L,R,NYM,MIN,99.90,,,,,,2,2,2024,2024-07
2024-07-31,2024,R,661395,643446,FS,Split-Finger,,foul,L,R,NYM,MIN,96.80,74.20,29,,,,2,1,2024,2024-07
2024-07-31,2024,R,661395,643446,KC,Knuckle Curve,,ball,L,R,NYM,MIN,85.20,,,,,,1,1,2024,2024-07
2024-07-31,2024,R,661395,643446,FS,Split-Finger,,foul,L,R,NYM,MIN,97.40,55.80,-56,,,,1,0,2024,2024-07
2024-07-31,2024,R,661395,643446,FS,Split-Finger,,ball,L,R,NYM,MIN,97.40,,,,,,0,0,2024,2024-07
2024-07-31,2024,R,661395,682626,KC,Knuckle Curve,field_out,hit_into_play,R,R,NYM,MIN,85.50,84.60,1,130.82,132.62,ground_ball,0,1,2024,2024-07
2024-07-31,2024,R,661395,682626,KC,Knuckle Curve,,called_strike,R,R,NYM,MIN,86.60,,,,,,0,0,2024,2024-07
2024-07-31,2024,R,663460,643217,FF,4-Seam Fastball,strikeout,swinging_strike,L,L,CWS,KC,92.80,,,,,,3,2,2024,2024-07
2024-07-31,2024,R,663460,643217,FF,4-Seam Fastball,,foul,L,L,CWS,KC,92.50,73.90,75,,,,3,1,2024,2024-07
2024-07-31,2024,R,663460,643217,FF,4-Seam Fastball,,ball,L,L,CWS,KC,93.10,,,,,,2,1,2024,2024-07
2024-07-31,2024,R,663460,643217,FF,4-Seam Fastball,,ball,L,L,CWS,KC,93.80,,,,,,1,1,2024,2024-07
2024-07-31,2024,R,663460,643217,FF,4-Seam Fastball,,swinging_strike,L,L,CWS,KC,93.40,,,,,,1,0,2024,2024-07
2024-07-31,2024,R,663460,643217,FF,4-Seam Fastball,,ball,L,L,CWS,KC,93.70,,,,,,0,0,2024,2024-07
2024-07-31,2024,R,663460,657757,SI,Sinker,field_out,hit_into_play,L,L,CWS,KC,92.00,56.40,4,128.81,150.98,ground_ball,1,2,2024,2024-07
2024-07-31,2024,R,663460,657757,FF,4-Seam Fastball,,foul,L,L,CWS,KC,92.50,74.50,25,,,,1,1,2024,2024-07
2024-07-31,2024,R,663460,657757,FF,4-Seam Fastball,,swinging_strike,L,L,CWS,KC,91.90,,,,,,1,0,2024,2024-07
2024-07-31,2024,R,663460,657757,FF,4-Seam Fastball,,ball,L,L,CWS,KC,91.40,,,,,,0,0,2024,2024-07
2024-07-31,2024,R,663460,672820,FF,4-Seam Fastball,strikeout,called_strike,R,L,CWS,KC,93.90,,,,,,1,2,2024,2024-07
2024-07-31,2024,R,663460,672820,FF,4-Seam Fastball,,foul,R,L,CWS,KC,94.30,79.30,14,,,,1,2,2024,2024-07
2024-07-31,2024,R,663460,672820,CH,Changeup,,called_strike,R,L,CWS,KC,85.90,,,,,,1,1,2024,2024-07
2024-07-31,2024,R,663460,672820,CH,Changeup,,ball,R,L,CWS,KC,86.20,,,,,,0,1,2024,2024-07
2024-07-31,2024,R,663460,672820,FF,4-Seam Fastball,,called_strike,R,L,CWS,KC,93.50,,,,,,0,0,2024,2024-07
2024-07-31,2024,R,663485,578428,FF,4-Seam Fastball,field_out,hit_into_play,R,R,NYM,MIN,95.10,89.30,40,212.16,110.98,fly_ball,0,1,2024,2024-07
2024-07-31,2024,R,663485,578428,FC,Cutter,,called_strike,R,R,NYM,MIN,89.80,,,,,,0,0,2024,2024-07
2024-07-31,2024,R,663485,668901,FC,Cutter,field_out,hit_into_play,R,R,NYM,MIN,88.90,80.20,14,111.35,138.34,line_drive,0,2,2024,2024-07
2024-07-31,2024,R,663485,668901,FC,Cutter,,foul,R,R,NYM,MIN,89.00,60.50,-22,,,,0,1,2024,2024-07
2024-07-31,2024,R,663485,668901,FC,Cutter,,swinging_strike,R,R,NYM,MIN,89.10,,,,,,0,0,2024,2024-07
2024-07-31,2024,R,663485,682626,CU,Curveball,field_out,hit_into_play,R,R,NYM,MIN,80.60,61.50,-3,147.72,178.56,ground_ball,0,0,2024,2024-07
2024-07-31,2024,R,663765,514888,ST,Sweeper,field_out,hit_into_play,R,R,HOU,PIT,80.20,81.70,-6,105.89,161.21,ground_ball,0,1,2024,2024-07
2024-07-31,2024,R,663765,514888,ST,Sweeper,,called_strike,R,R,HOU,PIT,80.30,,,,,,0,0,2024,2024-07
2024-07-31,2024,R,663765,514888,SI,Sinker,field_out,hit_into_play,R,R,HOU,PIT,91.20,66.60,54,136.63,133.63,popup,2,1,2024,2024-07
2024-07-31,2024,R,663765,514888,SI,Sinker,,ball,R,R,HOU,PIT,90.30,,,,,,1,1,2024,2024-07
2024-07-31,2024,R,663765,514888,ST,Sweeper,,ball,R,R,HOU,PIT,79.50,,,,,,0,1,2024,2024-07
2024-07-31,2024,R,663765,514888,FC,Cutter,,foul,R,R,HOU,PIT,84.80,78.60,57,,,,0,0,2024,2024-07
2024-07-31,2024,R,663765,514888,SI,Sinker,field_out,hit_into_play,R,R,HOU,PIT,93.50,81.80,-10,109.44,162.23,ground_ball,3,2,2024,2024-07
2024-07-31,2024,R,663765,514888,ST,Sweeper,,ball,R,R,HOU,PIT,82.70,,,,,,2,2,2024,2024-07
2024-07-31,2024,R,663765,514888,SI,Sinker,,called_strike,R,R,HOU,PIT,92.60,,,,,,2,1,2024,2024-07
2024-07-31,2024,R,663765,514888,FC,Cutter,,called_strike,R,R,HOU,PIT,89.40,,,,,,2,0,2024,2024-07
2024-07-31,2024,R,663765,514888,SI,Sinker,,ball,R,R,HOU,PIT,92.40,,,,,,1,0,2024,2024-07
2024-07-31,2024,R,663765,514888,SI,Sinker,,ball,R,R,HOU,PIT,91.90,,,,,,0,0,2024,2024-07
2024-07-31,2024,R,663765,572138,SI,Sinker,field_out,hit_into_play,L,R,HOU,PIT,92.00,90.30,54,80.90,111.48,fly_ball,2,1,2024,2024-07
2024-07-31,2024,R,663765,572138,FC,Cutter,,ball,L,R,HOU,PIT,88.70,,,,,,1,1,2024,2024-07
2024-07-31,2024,R,663765,572138,SI,Sinker,,ball,L,R,HOU,PIT,91.60,,,,,,0,1,2024,2024-07
2024-07-31,2024,R,663765,572138,ST,Sweeper,,called_strike,L,R,HOU,PIT,79.50,,,,,,0,0,2024,2024-07
2024-07-31,2024,R,663765,572138,SI,Sinker,field_out,hit_into_play,L,R,HOU,PIT,90.60,94.80,-11,152.02,172.37,ground_ball,1,0,2024,2024-07
2024-07-31,2024,R,663765,572138,CH,Changeup,,ball,L,R,HOU,PIT,86.20,,,,,,0,0,2024,2024-07
2024-07-31,2024,R,663765,605170,SI,Sinker,field_out,hit_into_play,L,R,HOU,PIT,91.70,95.20,1,147.96,155.13,ground_ball,1,1,2024,2024-07
2024-07-31,2024,R,663765,605170,CH,Changeup,,ball,L,R,HOU,PIT,87.40,,,,,,0,1,2024,2024-07
2024-07-31,2024,R,663765,605170,ST,Sweeper,,called_strike,L,R,HOU,PIT,79.80,,,,,,0,0,2024,2024-07
2024-07-31,2024,R,663765,605170,ST,Sweeper,strikeout,swinging_strike,L,R,HOU,PIT,80.60,,,,,,2,2,2024,2024-07
2024-07-31,2024,R,663765,605170,SI,Sinker,,ball,L,R,HOU,PIT,91.70,,,,,,1,2,2024,2024-07
2024-07-31,2024,R,663765,605170,ST,Sweeper,,ball,L,R,HOU,PIT,80.00,,,,,,0,2,2024,2024-07
2024-07-31,2024,R,663765,605170,FC,Cutter,,foul,L,R,HOU,PIT,91.00,69.80,-14,,,,0,1,2024,2024-07
2024-07-31,2024,R,663765,605170,SI,Sinker,,called_strike,L,R,HOU,PIT,91.30,,,,,,0,0,2024,2024-07
2024-07-31,2024,R,663765,608324,SI,Sinker,field_out,hit_into_play,R,R,HOU,PIT,91.40,98.30,1,108.34,146.03,ground_ball,0,1,2024,2024-07
2024-07-31,2024,R,663765,608324,ST,Sweeper,,swinging_strike,R,R,HOU,PIT,79.40,,,,,,0,0,2024,2024-07
2024-07-31,2024,R,663765,608324,SI,Sinker,field_out,hit_into_play,R,R,HOU,PIT,92.40,86.00,58,169.03,133.87,fly_ball,3,2,2024,2024-07
2024-07-31,2024,R,663765,608324,FC,Cutter,,called_strike,R,R,HOU,PIT,89.40,,,,,,3,1,2024,2024-07
2024-07-31,2024,R,663765,608324,SI,Sinker,,called_strike,R,R,HOU,PIT,90.90,,,,,,3,0,2024,2024-07
2024-07-31,2024,R,663765,608324,SI,Sinker,,ball,R,R,HOU,PIT,91.30,,,,,,2,0,2024,2024-07
2024-07-31,2024,R,663765,608324,FC,Cutter,,ball,R,R,HOU,PIT,86.90,,,,,,1,0,2024,2024-07
2024-07-31,2024,R,663765,608324,SI,Sinker,,ball,R,R,HOU,PIT,90.10,,,,,,0,0,2024,2024-07
2024-07-31,2024,R,663765,608324,SI,Sinker,single,hit_into_play,R,R,HOU,PIT,93.00,70.60,30,140.96,103.40,fly_ball,0,0,2024,2024-07
2024-07-31,2024,R,663765,665161,SI,Sinker,strikeout,called_strike,R,R,HOU,PIT,92.00,,,,,,3,2,2024,2024-07
2024-07-31,2024,R,663765,665161,ST,Sweeper,,ball,R,R,HOU,PIT,81.20,,,,,,2,2,2024,2024-07
2024-07-31,2024,R,663765,665161,SI,Sinker,,ball,R,R,HOU,PIT,90.10,,,,,,1,2,2024,2024-07
2024-07-31,2024,R,663765,665161,ST,Sweeper,,foul,R,R,HOU,PIT,80.30,72.30,58,,,,1,1,2024,2024-07
2024-07-31,2024,R,663765,665161,SI,Sinker,,called_strike,R,R,HOU,PIT,91.00,,,,,,1,0,2024,2024-07
2024-07-31,2024,R,663765,665161,SI,Sinker,,ball,R,R,HOU,PIT,92.30,,,,,,0,0,2024,2024-07
2024-07-31,2024,R,663765,665161,ST,Sweeper,field_error,hit_into_play,R,R,HOU,PIT,79.70,70.00,-12,108.93,156.65,ground_ball,1,0,2024,2024-07
2024-07-31,2024,R,663765,665161,SI,Sinker,,ball,R,R,HOU,PIT,89.80,,,,,,0,0,2024,2024-07
2024-07-31,2024,R,663765,670541,FC,Cutter,field_error,hit_into_play,L,R,HOU,PIT,89.90,85.80,59,71.04,145.26,fly_ball,1,1,2024,2024-07
2024-07-31,2024,R,663765,670541,CH,Changeup,,ball,L,R,HOU,PIT,87.00,,,,,,0,1,2024,2024-07
2024-07-31,2024,R,663765,670541,SI,Sinker,,called_strike,L,R,HOU,PIT,91.30,,,,,,0,0,2024,2024-07
2024-07-31,2024,R,663765,670541,SI,Sinker,field_out,hit_into_play,L,R,HOU,PIT,91.70,103.90,28,97.42,40.17,fly_ball,1,2,2024,2024-07
2024-07-31,2024,R,663765,670541,FC,Cutter,,foul,L,R,HOU,PIT,90.40,75.20,71,,,,1,1,2024,2024-07
2024-07-31,2024,R,663765,670541,SI,Sinker,,called_strike,L,R,HOU,PIT,91.50,,,,,,1,0,2024,2024-07
2024-07-31,2024,R,663765,670541,FC,Cutter,,ball,L,R,HOU,PIT,89.90,,,,,,0,0,2024,2024-07
2024-07-31,2024,R,663765,673237,SI,Sinker,double,hit_into_play,R,R,HOU,PIT,90.10,106.30,14,167.05,63.91,line_drive,1,0,2024,2024-07
2024-07-31,2024,R,663765,673237,ST,Sweeper,,ball,R,R,HOU,PIT,80.70,,,,,,0,0,2024,2024-07
2024-07-31,2024,R,663765,673237,SI,Sinker,field_out,hit_into_play,R,R,HOU,PIT,91.00,97.50,-23,106.39,170.34,ground_ball,3,1,2024,2024-07
2024-07-31,2024,R,663765,673237,SI,Sinker,,ball,R,R,HOU,PIT,91.60,,,,,,2,1,2024,2024-07
2024-07-31,2024,R,663765,673237,ST,Sweeper,,foul,R,R,HOU,PIT,81.30,69.40,62,,,,2,0,2024,2024-07
2024-07-31,2024,R,663765,673237,SI,Sinker,,ball,R,R,HOU,PIT,91.50,,,,,,1,0,2024,2024-07
2024-07-31,2024,R,663765,673237,SI,Sinker,,ball,R,R,HOU,PIT,91.90,,,,,,0,0,2024,2024-07
2024-07-31,2024,R,663765,676694,SI,Sinker,field_out,hit_into_play,R,R,HOU,PIT,91.50,103.00,-2,138.84,151.58,ground_ball,1,0,2024,2024-07
2024-07-31,2024,R,663765,676694,ST,Sweeper,,ball,R,R,HOU,PIT,80.60,,,,,,0,0,2024,2024-07
2024-07-31,2024,R,663765,676694,FC,Cutter,field_out,hit_into_play,R,R,HOU,PIT,88.10,77.50,14,107.34,141.69,line_drive,0,0,2024,2024-07
2024-07-31,2024,R,663765,676801,SI,Sinker,strikeout,called_strike,R,R,HOU,PIT,91.50,,,,,,3,2,2024,2024-07
2024-07-31,2024,R,663765,676801,ST,Sweeper,,foul,R,R,HOU,PIT,80.10,82.20,61,,,,3,2,2024,2024-07
2024-07-31,2024,R,663765,676801,ST,Sweeper,,foul,R,R,HOU,PIT,80.80,57.60,-52,,,,3,2,2024,2024-07
2024-07-31,2024,R,663765,676801,SI,Sinker,,foul,R,R,HOU,PIT,92.70,87.10,48,,,,3,2,2024,2024-07
2024-07-31,2024,R,663765,676801,SI,Sinker,,foul,R,R,HOU,PIT,91.00,,,,,,3,2,2024,2024-07
2024-07-31,2024,R,663765,676801,FF,4-Seam Fastball,,ball,R,R,HOU,PIT,91.30,,,,,,2,2,2024,2024-07
2024-07-31,2024,R,663765,676801,ST,Sweeper,,foul,R,R,HOU,PIT,80.80,,,,,,2,1,2024,2024-07
2024-07-31,2024,R,663765,676801,FC,Cutter,,ball,R,R,HOU,PIT,90.70,,,,,,1,1,2024,2024-07
2024-07-31,2024,R,663765,676801,SI,Sinker,,ball,R,R,HOU,PIT,92.30,,,,,,0,1,2024,2024-07
2024-07-31,2024,R,663765,676801,SI,Sinker,,foul,R,R,HOU,PIT,91.60,92.50,13,,,,0,0,2024,2024-07
2024-07-31,2024,R,663765,676801,SI,Sinker,hit_by_pitch,hit_by_pitch,R,R,HOU,PIT,91.70,,,,,,0,0,2024,2024-07
2024-07-31,2024,R,663773,666158,FS,Split-Finger,field_out,hit_into_play,L,R,SD,LAD,84.90,89.80,26,120.08,65.63,line_drive,0,1,2024,2024-07
2024-07-31,2024,R,663773,666158,SI,Sinker,,called_strike,L,R,SD,LAD,92.40,,,,,,0,0,2024,2024-07
2024-07-31,2024,R,663773,676439,SI,Sinker,field_out,hit_into_play,L,R,SD,LAD,92.30,83.20,32,151.63,80.38,fly_ball,1,0,2024,2024-07
2024-07-31,2024,R,663773,676439,SI,Sinker,,ball,L,R,SD,LAD,93.10,,,,,,0,0,2024,2024-07
2024-07-31,2024,R,663773,681546,FS,Split-Finger,strikeout,swinging_strike,L,R,SD,LAD,86.00,,,,,,1,2,2024,2024-07
2024-07-31,2024,R,663773,681546,SL,Slider,,called_strike,L,R,SD,LAD,82.00,,,,,,1,1,2024,2024-07
2024-07-31,2024,R,663773,681546,SI,Sinker,,swinging_strike,L,R,SD,LAD,93.50,,,,,,1,0,2024,2024-07
2024-07-31,2024,R,663773,681546,SI,Sinker,,ball,L,R,SD,LAD,93.90,,,,,,0,0,2024,2024-07
2024-07-31,2024,R,663903,642020,SI,Sinker,strikeout,called_strike,R,R,CWS,KC,93.20,,,,,,2,2,2024,2024-07
2024-07-31,2024,R,663903,642020,SI,Sinker,,foul,R,R,CWS,KC,91.70,93.50,18,,,,2,2,2024,2024-07
2024-07-31,2024,R,663903,642020,ST,Sweeper,,foul,R,R,CWS,KC,81.80,46.20,-60,,,,2,2,2024,2024-07
2024-07-31,2024,R,663903,642020,SI,Sinker,,called_strike,R,R,CWS,KC,92.20,,,,,,2,1,2024,2024-07
2024-07-31,2024,R,663903,642020,SI,Sinker,,swinging_strike,R,R,CWS,KC,92.60,,,,,,2,0,2024,2024-07
2024-07-31,2024,R,663903,642020,SL,Slider,,ball,R,R,CWS,KC,78.40,,,,,,1,0,2024,2024-07
2024-07-31,2024,R,663903,642020,SI,Sinker,,ball,R,R,CWS,KC,90.60,,,,,,0,0,2024,2024-07
2024-07-31,2024,R,663903,642020,ST,Sweeper,field_out,hit_into_play,R,R,CWS,KC,81.30,86.20,-18,123.63,161.84,ground_ball,1,1,2024,2024-07
2024-07-31,2024,R,663903,642020,SI,Sinker,,ball,R,R,CWS,KC,92.30,,,,,,0,1,2024,2024-07
2024-07-31,2024,R,663903,642020,SL,Slider,,swinging_strike,R,R,CWS,KC,82.30,,,,,,0,0,2024,2024-07
2024-07-31,2024,R,663903,643217,SI,Sinker,single,hit_into_play,L,R,CWS,KC,93.00,85.30,21,177.93,115.72,line_drive,3,2,2024,2024-07
2024-07-31,2024,R,663903,643217,SL,Slider,,ball,L,R,CWS,KC,83.90,,,,,,2,2,2024,2024-07
2024-07-31,2024,R,663903,643217,FF,4-Seam Fastball,,foul,L,R,CWS,KC,91.90,93.20,-6,,,,2,2,2024,2024-07
2024-07-31,2024,R,663903,643217,SL,Slider,,foul,L,R,CWS,KC,84.20,,,,,,2,2,2024,2024-07
2024-07-31,2024,R,663903,643217,SI,Sinker,,foul,L,R,CWS,KC,91.90,73.50,60,,,,2,1,2024,2024-07
2024-07-31,2024,R,663903,643217,SI,Sinker,,ball,L,R,CWS,KC,91.10,,,,,,1,1,2024,2024-07
2024-07-31,2024,R,663903,643217,SI,Sinker,,called_strike,L,R,CWS,KC,91.30,,,,,,1,0,2024,2024-07
2024-07-31,2024,R,663903,643217,FF,4-Seam Fastball,,ball,L,R,CWS,KC,89.90,,,,,,0,0,2024,2024-07
2024-07-31,2024,R,663903,643217,SI,Sinker,field_out,hit_into_play,L,R,CWS,KC,92.20,95.10,36,107.11,58.48,fly_ball,0,1,2024,2024-07
2024-07-31,2024,R,663903,643217,SI,Sinker,,foul,L,R,CWS,KC,92.70,77.40,6,,,,0,0,2024,2024-07
2024-07-31,2024,R,663903,643217,SL,Slider,double,hit_into_play,L,R,CWS,KC,81.90,86.90,22,216.87,113.54,line_drive,1,0,2024,2024-07
2024-07-31,2024,R,663903,643217,SI,Sinker,,ball,L,R,CWS,KC,91.40,,,,,,0,0,2024,2024-07
2024-07-31,2024,R,663903,657757,SL,Slider,strikeout,swinging_strike,L,R,CWS,KC,83.30,,,,,,3,2,2024,2024-07
2024-07-31,2024,R,663903,657757,SI,Sinker,,called_strike,L,R,CWS,KC,92.40,,,,,,3,1,2024,2024-07
2024-07-31,2024,R,663903,657757,SI,Sinker,,ball,L,R,CWS,KC,92.10,,,,,,2,1,2024,2024-07
2024-07-31,2024,R,663903,657757,SL,Slider,,swinging_strike,L,R,CWS,KC,81.70,,,,,,2,0,2024,2024-07
2024-07-31,2024,R,663903,657757,SL,Slider,,ball,L,R,CWS,KC,80.70,,,,,,1,0,2024,2024-07
2024-07-31,2024,R,663903,657757,SL,Slider,,ball,L,R,CWS,KC,82.50,,,,,,0,0,2024,2024-07
2024-07-31,2024,R,663903,657757,SI,Sinker,strikeout,called_strike,L,R,CWS,KC,92.20,,,,,,0,2,2024,2024-07
2024-07-31,2024,R,663903,657757,SI,Sinker,,foul,L,R,CWS,KC,93.40,74.70,40,,,,0,2,2024,2024-07
2024-07-31,2024,R,663903,657757,SL,Slider,,swinging_strike,L,R,CWS,KC,83.40,,,,,,0,1,2024,2024-07
2024-07-31,2024,R,663903,657757,SI,Sinker,,called_strike,L,R,CWS,KC,91.60,,,,,,0,0,2024,2024-07
2024-07-31,2024,R,663903,657757,SI,Sinker,single,hit_into_play,L,R,CWS,KC,89.10,106.10,-2,163.00,89.00,ground_ball,0,1,2024,2024-07
2024-07-31,2024,R,663903,657757,SI,Sinker,,called_strike,L,R,CWS,KC,92.10,,,,,,0,0,2024,2024-07
2024-07-31,2024,R,663903,666150,SI,Sinker,field_out,hit_into_play,L,R,CWS,KC,91.80,74.80,72,95.14,172.75,popup,1,1,2024,2024-07
2024-07-31,2024,R,663903,666150,ST,Sweeper,,blocked_ball,L,R,CWS,KC,82.40,,,,,,0,1,2024,2024-07
2024-07-31,2024,R,663903,666150,SI,Sinker,,foul,L,R,CWS,KC,91.70,,,,,,0,0,2024,2024-07
2024-07-31,2024,R,663903,666150,SI,Sinker,field_out,hit_into_play,L,R,CWS,KC,92.10,96.20,-28,146.68,153.35,ground_ball,0,0,2024,2024-07
2024-07-31,2024,R,663903,666150,SL,Slider,single,hit_into_play,L,R,CWS,KC,84.20,93.40,3,87.27,105.48,ground_ball,0,2,2024,2024-07
2024-07-31,2024,R,663903,666150,SL,Slider,,foul,L,R,CWS,KC,83.10,100.00,3,,,,0,1,2024,2024-07
2024-07-31,2024,R,663903,666150,SL,Slider,,called_strike,L,R,CWS,KC,82.70,,,,,,0,0,2024,2024-07
2024-07-31,2024,R,663903,669222,SI,Sinker,field_out,hit_into_play,R,R,CWS,KC,92.40,30.00,-13,116.35,187.90,ground_ball,2,2,2024,2024-07
2024-07-31,2024,R,663903,669222,SL,Slider,,blocked_ball,R,R,CWS,KC,83.70,,,,,,1,2,2024,2024-07
2024-07-31,2024,R,663903,669222,SI,Sinker,,foul,R,R,CWS,KC,92.40,,,,,,1,1,2024,2024-07
2024-07-31,2024,R,663903,669222,SI,Sinker,,ball,R,R,CWS,KC,92.60,,,,,,0,1,2024,2024-07
2024-07-31,2024,R,663903,669222,SI,Sinker,,foul,R,R,CWS,KC,91.50,71.90,24,,,,0,0,2024,2024-07
2024-07-31,2024,R,663903,669222,ST,Sweeper,double,hit_into_play,R,R,CWS,KC,81.10,96.40,15,48.07,124.35,line_drive,0,1,2024,2024-07
2024-07-31,2024,R,663903,669222,SL,Slider,,called_strike,R,R,CWS,KC,83.00,,,,,,0,0,2024,2024-07
2024-07-31,2024,R,663903,669222,SI,Sinker,sac_bunt,hit_into_play,R,R,CWS,KC,92.20,40.50,-41,118.67,180.66,ground_ball,0,0,2024,2024-07
2024-07-31,2024,R,663903,670032,SI,Sinker,field_out,hit_into_play,L,R,CWS,KC,91.30,90.80,-18,121.20,142.45,ground_ball,2,1,2024,2024-07
2024-07-31,2024,R,663903,670032,SI,Sinker,,called_strike,L,R,CWS,KC,91.90,,,,,,2,0,2024,2024-07
2024-07-31,2024,R,663903,670032,SI,Sinker,,ball,L,R,CWS,KC,92.00,,,,,,1,0,2024,2024-07
2024-07-31,2024,R,663903,670032,SL,Slider,,ball,L,R,CWS,KC,81.10,,,,,,0,0,2024,2024-07
2024-07-31,2024,R,663903,670032,SI,Sinker,field_out,hit_into_play,L,R,CWS,KC,92.20,62.80,-31,135.97,145.46,ground_ball,3,1,2024,2024-07
2024-07-31,2024,R,663903,670032,SI,Sinker,,ball,L,R,CWS,KC,91.70,,,,,,2,1,2024,2024-07
2024-07-31,2024,R,663903,670032,SL,Slider,,blocked_ball,L,R,CWS,KC,82.70,,,,,,1,1,2024,2024-07
2024-07-31,2024,R,663903,670032,SI,Sinker,,called_strike,L,R,CWS,KC,91.40,,,,,,1,0,2024,2024-07
2024-07-31,2024,R,663903,670032,SI,Sinker,,ball,L,R,CWS,KC,92.00,,,,,,0,0,2024,2024-07
2024-07-31,2024,R,663903,670032,SI,Sinker,field_out,hit_into_play,L,R,CWS,KC,91.60,96.90,-9,144.84,147.90,ground_ball,0,0,2024,2024-07
2024-07-31,2024,R,663903,672820,SI,Sinker,field_out,hit_into_play,R,R,CWS,KC,91.60,86.00,43,149.01,89.19,fly_ball,2,1,2024,2024-07
2024-07-31,2024,R,663903,672820,SI,Sinker,,ball,R,R,CWS,KC,92.00,,,,,,1,1,2024,2024-07
2024-07-31,2024,R,663903,672820,ST,Sweeper,,ball,R,R,CWS,KC,80.60,,,,,,0,1,2024,2024-07
2024-07-31,2024,R,663903,672820,SI,Sinker,,called_strike,R,R,CWS,KC,91.70,,,,,,0,0,2024,2024-07
2024-07-31,2024,R,663903,672820,SL,Slider,field_out,hit_into_play,R,R,CWS,KC,83.40,87.50,23,196.91,104.68,line_drive,1,1,2024,2024-07
2024-07-31,2024,R,663903,672820,ST,Sweeper,,called_strike,R,R,CWS,KC,81.70,,,,,,1,0,2024,2024-07
2024-07-31,2024,R,663903,672820,SI,Sinker,,ball,R,R,CWS,KC,91.60,,,,,,0,0,2024,2024-07
2024-07-31,2024,R,663903,672820,SI,Sinker,single,hit_into_play,R,R,CWS,KC,92.40,100.10,12,166.57,108.26,line_drive,2,0,2024,2024-07
2024-07-31,2024,R,663903,672820,FF,4-Seam Fastball,,ball,R,R,CWS,KC,92.10,,,,,,1,0,2024,2024-07
2024-07-31,2024,R,663903,672820,SI,Sinker,,ball,R,R,CWS,KC,91.90,,,,,,0,0,2024,2024-07
2024-07-31,2024,R,663903,678246,SI,Sinker,field_out,hit_into_play,R,R,CWS,KC,91.50,55.60,-4,103.76,162.79,ground_ball,0,1,2024,2024-07
2024-07-31,2024,R,663903,678246,SL,Slider,,called_strike,R,R,CWS,KC,82.60,,,,,,0,0,2024,2024-07
2024-07-31,2024,R,663903,678246,ST,Sweeper,field_out,hit_into_play,R,R,CWS,KC,81.10,76.90,53,139.45,118.32,popup,1,1,2024,2024-07
2024-07-31,2024,R,663903,678246,SI,Sinker,,called_strike,R,R,CWS,KC,91.70,,,,,,1,0,2024,2024-07
2024-07-31,2024,R,663903,678246,SI,Sinker,,ball,R,R,CWS,KC,90.80,,,,,,0,0,2024,2024-07
2024-07-31,2024,R,663903,678246,SL,Slider,field_out,hit_into_play,R,R,CWS,KC,82.30,93.90,36,161.27,64.94,fly_ball,1,0,2024,2024-07
2024-07-31,2024,R,663903,678246,SI,Sinker,,ball,R,R,CWS,KC,91.00,,,,,,0,0,2024,2024-07
2024-07-31,2024,R,663903,683734,SI,Sinker,field_out,hit_into_play,R,R,CWS,KC,91.70,83.70,55,183.46,136.77,fly_ball,3,1,2024,2024-07
2024-07-31,2024,R,663903,683734,SI,Sinker,,ball,R,R,CWS,KC,92.30,,,,,,2,1,2024,2024-07
2024-07-31,2024,R,663903,683734,SI,Sinker,,called_strike,R,R,CWS,KC,92.20,,,,,,2,0,2024,2024-07
2024-07-31,2024,R,663903,683734,SL,Slider,,ball,R,R,CWS,KC,82.10,,,,,,1,0,2024,2024-07
2024-07-31,2024,R,663903,683734,SL,Slider,,ball,R,R,CWS,KC,81.60,,,,,,0,0,2024,2024-07
2024-07-31,2024,R,663903,683734,SI,Sinker,field_out,hit_into_play,R,R,CWS,KC,92.20,102.40,-13,113.82,140.10,ground_ball,0,0,2024,2024-07
2024-07-31,2024,R,663903,683734,ST,Sweeper,strikeout,swinging_strike,R,R,CWS,KC,83.10,,,,,,1,2,2024,2024-07
2024-07-31,2024,R,663903,683734,SI,Sinker,,ball,R,R,CWS,KC,92.40,,,,,,0,2,2024,2024-07
2024-07-31,2024,R,663903,683734,SI,Sinker,,foul,R,R,CWS,KC,92.10,92.70,33,,,,0,1,2024,2024-07
2024-07-31,2024,R,663903,683734,SI,Sinker,,called_strike,R,R,CWS,KC,92.40,,,,,,0,0,2024,2024-07
2024-07-31,2024,R,663903,686676,SI,Sinker,field_out,hit_into_play,R,R,CWS,KC,92.50,,,142.41,147.29,ground_ball,1,1,2024,2024-07
2024-07-31,2024,R,663903,686676,ST,Sweeper,,swinging_strike,R,R,CWS,KC,81.40,,,,,,1,0,2024,2024-07
2024-07-31,2024,R,663903,686676,SL,Slider,,ball,R,R,CWS,KC,82.20,,,,,,0,0,2024,2024-07
2024-07-31,2024,R,664208,467793,CU,Curveball,single,hit_into_play,L,R,NYM,MIN,75.20,98.10,5,175.47,138.02,ground_ball,3,2,2024,2024-07
2024-07-31,2024,R,664208,467793,CU,Curveball,,ball,L,R,NYM,MIN,74.50,,,,,,2,2,2024,2024-07
2024-07-31,2024,R,664208,467793,CU,Curveball,,foul,L,R,NYM,MIN,74.80,82.50,29,,,,2,2,2024,2024-07
2024-07-31,2024,R,664208,467793,FC,Cutter,,foul,L,R,NYM,MIN,89.20,76.10,56,,,,2,1,2024,2024-07
2024-07-31,2024,R,664208,467793,FC,Cutter,,ball,L,R,NYM,MIN,88.20,,,,,,1,1,2024,2024-07
2024-07-31,2024,R,664208,467793,FC,Cutter,,foul,L,R,NYM,MIN,88.30,107.00,5,,,,1,0,2024,2024-07
2024-07-31,2024,R,664208,467793,FC,Cutter,,ball,L,R,NYM,MIN,88.50,,,,,,0,0,2024,2024-07
2024-07-31,2024,R,664208,621439,SI,Sinker,hit_by_pitch,hit_by_pitch,R,R,NYM,MIN,83.70,,,,,,0,0,2024,2024-07
2024-07-31,2024,R,664208,668885,ST,Sweeper,field_out,hit_into_play,R,R,NYM,MIN,82.70,96.50,36,87.22,59.17,fly_ball,2,1,2024,2024-07
2024-07-31,2024,R,664208,668885,SI,Sinker,,ball,R,R,NYM,MIN,87.80,,,,,,1,1,2024,2024-07
2024-07-31,2024,R,664208,668885,SI,Sinker,,called_strike,R,R,NYM,MIN,87.20,,,,,,1,0,2024,2024-07
2024-07-31,2024,R,664208,668885,FC,Cutter,,ball,R,R,NYM,MIN,88.50,,,,,,0,0,2024,2024-07
2024-07-31,2024,R,664208,680777,FC,Cutter,force_out,hit_into_play,R,R,NYM,MIN,87.30,101.70,-2,116.74,143.78,ground_ball,3,2,2024,2024-07
2024-07-31,2024,R,664208,680777,CU,Curveball,,ball,R,R,NYM,MIN,74.40,,,,,,2,2,2024,2024-07
2024-07-31,2024,R,664208,680777,CU,Curveball,,blocked_ball,R,R,NYM,MIN,73.00,,,,,,1,2,2024,2024-07
2024-07-31,2024,R,664208,680777,CU,Curveball,,called_strike,R,R,NYM,MIN,74.80,,,,,,1,1,2024,2024-07
2024-07-31,2024,R,664208,680777,FC,Cutter,,ball,R,R,NYM,MIN,89.30,,,,,,0,1,2024,2024-07
2024-07-31,2024,R,664208,680777,FC,Cutter,,foul,R,R,NYM,MIN,89.20,69.20,51,,,,0,0,2024,2024-07
2024-07-31,2024,R,664208,686797,FC,Cutter,field_out,hit_into_play,L,R,NYM,MIN,89.40,80.10,69,102.53,164.12,popup,0,1,2024,2024-07
2024-07-31,2024,R,664208,686797,ST,Sweeper,,called_strike,L,R,NYM,MIN,79.90,,,,,,0,0,2024,2024-07
2024-07-31,2024,R,664285,457705,SI,Sinker,strikeout,called_strike,R,L,HOU,PIT,95.70,,,,,,1,2,2024,2024-07
2024-07-31,2024,R,664285,457705,CU,Curveball,,foul,R,L,HOU,PIT,80.80,97.60,16,,,,1,2,2024,2024-07
2024-07-31,2024,R,664285,457705,SI,Sinker,,called_strike,R,L,HOU,PIT,95.50,,,,,,1,1,2024,2024-07
2024-07-31,2024,R,664285,457705,CU,Curveball,,called_strike,R,L,HOU,PIT,78.90,,,,,,1,0,2024,2024-07
2024-07-31,2024,R,664285,457705,FF,4-Seam Fastball,,ball,R,L,HOU,PIT,94.30,,,,,,0,0,2024,2024-07
2024-07-31,2024,R,664285,457705,CH,Changeup,single,hit_into_play,R,L,HOU,PIT,91.60,98.30,7,163.68,107.98,ground_ball,0,2,2024,2024-07
2024-07-31,2024,R,664285,457705,CU,Curveball,,foul,R,L,HOU,PIT,78.70,100.70,28,,,,0,1,2024,2024-07
2024-07-31,2024,R,664285,457705,CH,Changeup,,foul,R,L,HOU,PIT,88.50,80.20,64,,,,0,0,2024,2024-07
2024-07-31,2024,R,664285,457705,CU,Curveball,strikeout,swinging_strike,R,L,HOU,PIT,80.50,,,,,,2,2,2024,2024-07
2024-07-31,2024,R,664285,457705,CU,Curveball,,ball,R,L,HOU,PIT,81.00,,,,,,1,2,2024,2024-07
2024-07-31,2024,R,664285,457705,SI,Sinker,,called_strike,R,L,HOU,PIT,95.30,,,,,,1,1,2024,2024-07
2024-07-31,2024,R,664285,457705,SI,Sinker,,called_strike,R,L,HOU,PIT,94.50,,,,,,1,0,2024,2024-07
2024-07-31,2024,R,664285,457705,SI,Sinker,,ball,R,L,HOU,PIT,93.20,,,,,,0,0,2024,2024-07
2024-07-31,2024,R,664285,572191,CU,Curveball,field_out,hit_into_play,R,L,HOU,PIT,81.70,93.20,20,122.75,76.86,line_drive,1,2,2024,2024-07
2024-07-31,2024,R,664285,572191,CU,Curveball,,swinging_strike,R,L,HOU,PIT,80.30,,,,,,1,1,2024,2024-07
2024-07-31,2024,R,664285,572191,CH,Changeup,,ball,R,L,HOU,PIT,90.90,,,,,,0,1,2024,2024-07
2024-07-31,2024,R,664285,572191,SI,Sinker,,called_strike,R,L,HOU,PIT,96.20,,,,,,0,0,2024,2024-07
2024-07-31,2024,R,664285,572191,CU,Curveball,field_out,hit_into_play,R,L,HOU,PIT,77.80,98.10,-1,125.66,150.57,ground_ball,0,0,2024,2024-07
2024-07-31,2024,R,664285,650559,CU,Curveball,strikeout,swinging_strike,R,L,HOU,PIT,81.80,,,,,,1,2,2024,2024-07
2024-07-31,2024,R,664285,650559,SI,Sinker,,foul,R,L,HOU,PIT,96.20,84.80,44,,,,1,1,2024,2024-07
2024-07-31,2024,R,664285,650559,SI,Sinker,,ball,R,L,HOU,PIT,96.50,,,,,,0,1,2024,2024-07
2024-07-31,2024,R,664285,650559,CU,Curveball,,swinging_strike,R,L,HOU,PIT,80.40,,,,,,0,0,2024,2024-07
2024-07-31,2024,R,664285,650559,CU,Curveball,strikeout,swinging_strike,R,L,HOU,PIT,80.30,,,,,,1,2,2024,2024-07
2024-07-31,2024,R,664285,650559,CU,Curveball,,swinging_strike,R,L,HOU,PIT,79.00,,,,,,1,1,2024,2024-07
2024-07-31,2024,R,664285,650559,SI,Sinker,,ball,R,L,HOU,PIT,94.20,,,,,,0,1,2024,2024-07
2024-07-31,2024,R,664285,650559,SI,Sinker,,called_strike,R,L,HOU,PIT,93.50,,,,,,0,0,2024,2024-07
2024-07-31,2024,R,664285,650559,SI,Sinker,single,hit_into_play,R,L,HOU,PIT,96.40,101.20,14,156.11,77.21,line_drive,0,2,2024,2024-07
2024-07-31,2024,R,664285,650559,CU,Curveball,,foul,R,L,HOU,PIT,80.00,73.20,-45,,,,0,1,2024,2024-07
2024-07-31,2024,R,664285,650559,CU,Curveball,,called_strike,R,L,HOU,PIT,77.90,,,,,,0,0,2024,2024-07
2024-07-31,2024,R,664285,656582,CU,Curveball,strikeout,swinging_strike_blocked,R,L,HOU,PIT,81.00,,,,,,2,2,2024,2024-07
2024-07-31,2024,R,664285,656582,CH,Changeup,,swinging_strike,R,L,HOU,PIT,90.90,,,,,,2,1,2024,2024-07
2024-07-31,2024,R,664285,656582,CH,Changeup,,ball,R,L,HOU,PIT,89.00,,,,,,1,1,2024,2024-07
2024-07-31,2024,R,664285,656582,SI,Sinker,,called_strike,R,L,HOU,PIT,92.30,,,,,,1,0,2024,2024-07
2024-07-31,2024,R,664285,656582,SI,Sinker,,ball,R,L,HOU,PIT,94.60,,,,,,0,0,2024,2024-07
2024-07-31,2024,R,664285,656582,CH,Changeup,field_out,hit_into_play,R,L,HOU,PIT,86.20,71.70,2,112.98,160.20,ground_ball,0,1,2024,2024-07
2024-07-31,2024,R,664285,656582,CU,Curveball,,called_strike,R,L,HOU,PIT,76.30,,,,,,0,0,2024,2024-07
2024-07-31,2024,R,664285,656582,SI,Sinker,field_out,hit_into_play,R,L,HOU,PIT,96.00,76.70,8,108.00,148.00,ground_ball,0,1,2024,2024-07
2024-07-31,2024,R,664285,656582,CH,Changeup,,swinging_strike,R,L,HOU,PIT,88.70,,,,,,0,0,2024,2024-07
2024-07-31,2024,R,664285,663647,CU,Curveball,field_out,hit_into_play,R,L,HOU,PIT,80.30,76.60,-47,113.49,185.04,ground_ball,3,2,2024,2024-07
2024-07-31,2024,R,664285,663647,SI,Sinker,,foul,R,L,HOU,PIT,92.90,72.10,38,,,,3,1,2024,2024-07
2024-07-31,2024,R,664285,663647,CU,Curveball,,ball,R,L,HOU,PIT,79.50,,,,,,2,1,2024,2024-07
2024-07-31,2024,R,664285,663647,SL,Slider,,ball,R,L,HOU,PIT,83.60,,,,,,1,1,2024,2024-07
2024-07-31,2024,R,664285,663647,SI,Sinker,,ball,R,L,HOU,PIT,95.40,,,,,,0,1,2024,2024-07
2024-07-31,2024,R,664285,663647,SI,Sinker,,called_strike,R,L,HOU,PIT,93.80,,,,,,0,0,2024,2024-07
2024-07-31,2024,R,664285,663647,SI,Sinker,field_out,hit_into_play,R,L,HOU,PIT,95.00,83.10,46,190.72,115.66,fly_ball,0,1,2024,2024-07
2024-07-31,2024,R,664285,663647,SI,Sinker,,called_strike,R,L,HOU,PIT,94.60,,,,,,0,0,2024,2024-07
2024-07-31,2024,R,664285,663647,CH,Changeup,single,hit_into_play,R,L,HOU,PIT,88.70,85.20,18,126.92,83.14,line_drive,0,1,2024,2024-07
2024-07-31,2024,R,664285,663647,SI,Sinker,,called_strike,R,L,HOU,PIT,94.70,,,,,,0,0,2024,2024-07
2024-07-31,2024,R,664285,663698,CU,Curveball,field_out,hit_into_play,R,L,HOU,PIT,80.40,97.30,42,203.71,104.66,fly_ball,2,2,2024,2024-07
2024-07-31,2024,R,664285,663698,SI,Sinker,,ball,R,L,HOU,PIT,95.50,,,,,,1,2,2024,2024-07
2024-07-31,2024,R,664285,663698,CU,Curveball,,foul,R,L,HOU,PIT,80.30,83.60,-28,,,,1,1,2024,2024-07
2024-07-31,2024,R,664285,663698,CU,Curveball,,ball,R,L,HOU,PIT,80.90,,,,,,0,1,2024,2024-07
2024-07-31,2024,R,664285,663698,CH,Changeup,,called_strike,R,L,HOU,PIT,89.40,,,,,,0,0,2024,2024-07
2024-07-31,2024,R,664285,663698,CH,Changeup,single,hit_into_play,R,L,HOU,PIT,90.60,96.60,-8,74.46,130.80,ground_ball,2,2,2024,2024-07
2024-07-31,2024,R,664285,663698,CU,Curveball,,ball,R,L,HOU,PIT,81.10,,,,,,1,2,2024,2024-07
2024-07-31,2024,R,664285,663698,,,,automatic_ball,R,L,HOU,PIT,79.50,,,,,,0,2,2024,2024-07
2024-07-31,2024,R,664285,663698,SI,Sinker,,called_strike,R,L,HOU,PIT,95.60,,,,,,0,1,2024,2024-07
2024-07-31,2024,R,664285,663698,CU,Curveball,,swinging_strike_blocked,R,L,HOU,PIT,80.10,,,,,,0,0,2024,2024-07
2024-07-31,2024,R,664285,663698,SI,Sinker,home_run,hit_into_play,R,L,HOU,PIT,92.50,107.80,34,42.72,56.47,fly_ball,0,0,2024,2024-07
2024-07-31,2024,R,664285,665833,CU,Curveball,strikeout,swinging_strike,L,L,HOU,PIT,81.00,,,,,,0,2,2024,2024-07
2024-07-31,2024,R,664285,665833,SL,Slider,,swinging_strike,L,L,HOU,PIT,87.80,,,,,,0,1,2024,2024-07
2024-07-31,2024,R,664285,665833,SL,Slider,,swinging_strike,L,L,HOU,PIT,85.30,,,,,,0,0,2024,2024-07
2024-07-31,2024,R,664285,665833,CU,Curveball,strikeout,swinging_strike_blocked,L,L,HOU,PIT,80.70,,,,,,1,2,2024,2024-07
2024-07-31,2024,R,664285,665833,CU,Curveball,,ball,L,L,HOU,PIT,80.70,,,,,,0,2,2024,2024-07
2024-07-31,2024,R,664285,665833,SI,Sinker,,called_strike,L,L,HOU,PIT,95.70,,,,,,0,1,2024,2024-07
2024-07-31,2024,R,664285,665833,CU,Curveball,,called_strike,L,L,HOU,PIT,78.80,,,,,,0,0,2024,2024-07
2024-07-31,2024,R,664285,665833,CU,Curveball,strikeout,swinging_strike,L,L,HOU,PIT,80.90,,,,,,2,2,2024,2024-07
2024-07-31,2024,R,664285,665833,SL,Slider,,ball,L,L,HOU,PIT,85.00,,,,,,1,2,2024,2024-07
2024-07-31,2024,R,664285,665833,CU,Curveball,,ball,L,L,HOU,PIT,79.70,,,,,,0,2,2024,2024-07
2024-07-31,2024,R,664285,665833,CU,Curveball,,swinging_strike,L,L,HOU,PIT,80.20,,,,,,0,1,2024,2024-07
2024-07-31,2024,R,664285,665833,SI,Sinker,,swinging_strike,L,L,HOU,PIT,95.70,,,,,,0,0,2024,2024-07
2024-07-31,2024,R,664285,668804,CU,Curveball,field_error,hit_into_play,R,L,HOU,PIT,79.70,105.10,-4,151.51,167.80,ground_ball,0,0,2024,2024-07
2024-07-31,2024,R,664285,668804,CH,Changeup,strikeout,swinging_strike,R,L,HOU,PIT,89.00,,,,,,1,2,2024,2024-07
2024-07-31,2024,R,664285,668804,CU,Curveball,,foul,R,L,HOU,PIT,80.60,66.90,-28,,,,1,2,2024,2024-07
2024-07-31,2024,R,664285,668804,SI,Sinker,,ball,R,L,HOU,PIT,96.50,,,,,,0,2,2024,2024-07
2024-07-31,2024,R,664285,668804,CU,Curveball,,foul,R,L,HOU,PIT,79.00,,-50,,,,0,1,2024,2024-07
2024-07-31,2024,R,664285,668804,SI,Sinker,,called_strike,R,L,HOU,PIT,95.10,,,,,,0,0,2024,2024-07
2024-07-31,2024,R,664285,668804,CU,Curveball,strikeout,swinging_strike,R,L,HOU,PIT,80.60,,,,,,3,2,2024,2024-07
2024-07-31,2024,R,664285,668804,CU,Curveball,,ball,R,L,HOU,PIT,82.20,,,,,,2,2,2024,2024-07
2024-07-31,2024,R,664285,668804,SI,Sinker,,ball,R,L,HOU,PIT,96.90,,,,,,1,2,2024,2024-07
2024-07-31,2024,R,664285,668804,CU,Curveball,,foul,R,L,HOU,PIT,80.40,66.50,-31,,,,1,2,2024,2024-07
2024-07-31,2024,R,664285,668804,SI,Sinker,,ball,R,L,HOU,PIT,96.40,,,,,,0,2,2024,2024-07
2024-07-31,2024,R,664285,668804,CU,Curveball,,swinging_strike,R,L,HOU,PIT,79.80,,,,,,0,1,2024,2024-07
2024-07-31,2024,R,664285,668804,SI,Sinker,,foul,R,L,HOU,PIT,93.80,84.40,45,,,,0,0,2024,2024-07
2024-07-31,2024,R,664285,669707,CU,Curveball,field_out,hit_into_play,R,L,HOU,PIT,79.90,74.30,38,141.29,95.60,fly_ball,3,2,2024,2024-07
2024-07-31,2024,R,664285,669707,CH,Changeup,,ball,R,L,HOU,PIT,90.00,,,,,,2,2,2024,2024-07
2024-07-31,2024,R,664285,669707,SI,Sinker,,ball,R,L,HOU,PIT,95.80,,,,,,1,2,2024,2024-07
2024-07-31,2024,R,664285,669707,CU,Curveball,,ball,R,L,HOU,PIT,80.30,,,,,,0,2,2024,2024-07
2024-07-31,2024,R,664285,669707,CU,Curveball,,foul,R,L,HOU,PIT,80.00,69.90,-39,,,,0,2,2024,2024-07
2024-07-31,2024,R,664285,669707,CU,Curveball,,swinging_strike,R,L,HOU,PIT,78.30,,,,,,0,1,2024,2024-07
2024-07-31,2024,R,664285,669707,SI,Sinker,,called_strike,R,L,HOU,PIT,95.20,,,,,,0,0,2024,2024-07
2024-07-31,2024,R,664285,669707,SI,Sinker,double,hit_into_play,R,L,HOU,PIT,93.70,102.10,22,106.04,44.53,line_drive,1,0,2024,2024-07
2024-07-31,2024,R,664285,669707,SI,Sinker,,ball,R,L,HOU,PIT,94.70,,,,,,0,0,2024,2024-07
2024-07-31,2024,R,664849,663616,SI,Sinker,strikeout,called_strike,L,L,NYM,MIN,91.80,,,,,,3,2,2024,2024-07
2024-07-31,2024,R,664849,663616,SI,Sinker,,foul,L,L,NYM,MIN,92.20,78.80,-36,,,,3,2,2024,2024-07
2024-07-31,2024,R,664849,663616,ST,Sweeper,,ball,L,L,NYM,MIN,80.70,,,,,,2,2,2024,2024-07
2024-07-31,2024,R,664849,663616,SI,Sinker,,ball,L,L,NYM,MIN,92.80,,,,,,1,2,2024,2024-07
2024-07-31,2024,R,664849,663616,ST,Sweeper,,swinging_strike,L,L,NYM,MIN,81.10,,,,,,1,1,2024,2024-07
2024-07-31,2024,R,664849,663616,SI,Sinker,,called_strike,L,L,NYM,MIN,92.10,,,,,,1,0,2024,2024-07
2024-07-31,2024,R,664849,663616,SI,Sinker,,ball,L,L,NYM,MIN,92.40,,,,,,0,0,2024,2024-07
2024-07-31,2024,R,664849,668885,SI,Sinker,field_out,hit_into_play,R,L,NYM,MIN,92.00,65.90,23,138.70,127.58,line_drive,1,0,2024,2024-07
2024-07-31,2024,R,664849,668885,ST,Sweeper,,ball,R,L,NYM,MIN,80.80,,,,,,0,0,2024,2024-07
2024-07-31,2024,R,664849,686797,SI,Sinker,field_out,hit_into_play,R,L,NYM,MIN,92.00,85.80,5,137.96,146.40,ground_ball,3,2,2024,2024-07
2024-07-31,2024,R,664849,686797,SI,Sinker,,ball,R,L,NYM,MIN,92.20,,,,,,2,2,2024,2024-07
2024-07-31,2024,R,664849,686797,SI,Sinker,,foul,R,L,NYM,MIN,91.50,66.70,2,,,,2,2,2024,2024-07
2024-07-31,2024,R,664849,686797,ST,Sweeper,,ball,R,L,NYM,MIN,81.20,,,,,,1,2,2024,2024-07
2024-07-31,2024,R,664849,686797,ST,Sweeper,,foul,R,L,NYM,MIN,81.20,64.00,-21,,,,1,2,2024,2024-07
2024-07-31,2024,R,664849,686797,SI,Sinker,,foul,R,L,NYM,MIN,92.00,82.90,48,,,,1,1,2024,2024-07
2024-07-31,2024,R,664849,686797,SI,Sinker,,called_strike,R,L,NYM,MIN,91.20,,,,,,1,0,2024,2024-07
2024-07-31,2024,R,664849,686797,ST,Sweeper,,ball,R,L,NYM,MIN,79.10,,,,,,0,0,2024,2024-07
2024-07-31,2024,R,665625,542303,SL,Slider,strikeout,swinging_strike,R,R,MIL,ATL,92.00,,,,,,0,2,2024,2024-07
2024-07-31,2024,R,665625,542303,SL,Slider,,foul,R,R,MIL,ATL,90.80,70.20,-57,,,,0,2,2024,2024-07
2024-07-31,2024,R,665625,542303,SI,Sinker,,foul,R,R,MIL,ATL,98.60,78.40,41,,,,0,1,2024,2024-07
2024-07-31,2024,R,665625,542303,SL,Slider,,called_strike,R,R,MIL,ATL,90.70,,,,,,0,0,2024,2024-07
2024-07-31,2024,R,665625,663586,SI,Sinker,single,hit_into_play,R,R,MIL,ATL,97.90,99.30,-8,83.09,122.11,ground_ball,3,1,2024,2024-07
2024-07-31,2024,R,665625,663586,SL,Slider,,blocked_ball,R,R,MIL,ATL,91.60,,,,,,2,1,2024,2024-07
2024-07-31,2024,R,665625,663586,SI,Sinker,,foul,R,R,MIL,ATL,96.50,100.60,19,,,,2,0,2024,2024-07
2024-07-31,2024,R,665625,663586,SL,Slider,,ball,R,R,MIL,ATL,89.90,,,,,,1,0,2024,2024-07
2024-07-31,2024,R,665625,663586,SL,Slider,,ball,R,R,MIL,ATL,90.30,,,,,,0,0,2024,2024-07
2024-07-31,2024,R,665896,592178,SI,Sinker,field_out,hit_into_play,R,R,LAA,COL,96.20,86.40,-6,100.59,148.03,ground_ball,3,2,2024,2024-07
2024-07-31,2024,R,665896,592178,SI,Sinker,,ball,R,R,LAA,COL,97.50,,,,,,2,2,2024,2024-07
2024-07-31,2024,R,665896,592178,FF,4-Seam Fastball,,foul,R,R,LAA,COL,97.80,,,,,,2,2,2024,2024-07
2024-07-31,2024,R,665896,592178,SL,Slider,,swinging_strike,R,R,LAA,COL,85.50,,,,,,2,1,2024,2024-07
2024-07-31,2024,R,665896,592178,SI,Sinker,,swinging_strike,R,R,LAA,COL,96.30,,,,,,2,0,2024,2024-07
2024-07-31,2024,R,665896,592178,SL,Slider,,ball,R,R,LAA,COL,84.90,,,,,,1,0,2024,2024-07
2024-07-31,2024,R,665896,592178,SI,Sinker,,ball,R,R,LAA,COL,97.20,,,,,,0,0,2024,2024-07
2024-07-31,2024,R,665896,641857,CH,Changeup,double,hit_into_play,L,R,LAA,COL,92.40,71.30,-30,56.96,137.42,ground_ball,0,1,2024,2024-07
2024-07-31,2024,R,665896,641857,FF,4-Seam Fastball,,swinging_strike,L,R,LAA,COL,97.40,,,,,,0,0,2024,2024-07
2024-07-31,2024,R,665896,663898,SL,Slider,field_out,hit_into_play,R,R,LAA,COL,85.90,74.80,-45,110.91,169.95,ground_ball,1,2,2024,2024-07
2024-07-31,2024,R,665896,663898,SI,Sinker,,called_strike,R,R,LAA,COL,96.90,,,,,,1,1,2024,2024-07
2024-07-31,2024,R,665896,663898,SL,Slider,,called_strike,R,R,LAA,COL,85.10,,,,,,1,0,2024,2024-07
2024-07-31,2024,R,665896,663898,SL,Slider,,ball,R,R,LAA,COL,85.90,,,,,,0,0,2024,2024-07
2024-07-31,2024,R,665896,669911,SL,Slider,strikeout,swinging_strike,L,R,LAA,COL,86.60,,,,,,0,2,2024,2024-07
2024-07-31,2024,R,665896,669911,FF,4-Seam Fastball,,foul,L,R,LAA,COL,96.90,83.90,15,,,,0,2,2024,2024-07
2024-07-31,2024,R,665896,669911,CH,Changeup,,swinging_strike,L,R,LAA,COL,93.20,,,,,,0,1,2024,2024-07
2024-07-31,2024,R,665896,669911,SL,Slider,,swinging_strike,L,R,LAA,COL,84.90,,,,,,0,0,2024,2024-07
2024-07-31,2024,R,666157,542194,CU,Curveball,strikeout,swinging_strike,R,L,CIN,CHC,82.90,,,,,,2,2,2024,2024-07
2024-07-31,2024,R,666157,542194,CH,Changeup,,swinging_strike,R,L,CIN,CHC,87.70,,,,,,2,1,2024,2024-07
2024-07-31,2024,R,666157,542194,SI,Sinker,,ball,R,L,CIN,CHC,94.20,,,,,,1,1,2024,2024-07
2024-07-31,2024,R,666157,542194,CH,Changeup,,foul_tip,R,L,CIN,CHC,88.10,,,,,,1,0,2024,2024-07
2024-07-31,2024,R,666157,542194,CU,Curveball,,ball,R,L,CIN,CHC,80.50,,,,,,0,0,2024,2024-07
2024-07-31,2024,R,666157,542194,CU,Curveball,strikeout,swinging_strike,R,L,CIN,CHC,83.10,,,,,,0,2,2024,2024-07
2024-07-31,2024,R,666157,542194,CH,Changeup,,foul_tip,R,L,CIN,CHC,88.00,,,,,,0,1,2024,2024-07
2024-07-31,2024,R,666157,542194,SI,Sinker,,called_strike,R,L,CIN,CHC,93.10,,,,,,0,0,2024,2024-07
2024-07-31,2024,R,666157,542194,FF,4-Seam Fastball,single,hit_into_play,R,L,CIN,CHC,95.30,96.70,11,118.01,80.11,line_drive,2,2,2024,2024-07
2024-07-31,2024,R,666157,542194,CU,Curveball,,blocked_ball,R,L,CIN,CHC,83.50,,,,,,1,2,2024,2024-07
2024-07-31,2024,R,666157,542194,FF,4-Seam Fastball,,ball,R,L,CIN,CHC,95.70,,,,,,0,2,2024,2024-07
2024-07-31,2024,R,666157,542194,FF,4-Seam Fastball,,foul,R,L,CIN,CHC,94.50,72.00,48,,,,0,1,2024,2024-07
2024-07-31,2024,R,666157,542194,FF,4-Seam Fastball,,foul,R,L,CIN,CHC,94.20,71.50,41,,,,0,0,2024,2024-07
2024-07-31,2024,R,666157,621020,FF,4-Seam Fastball,field_out,hit_into_play,R,L,CIN,CHC,95.00,102.90,2,131.78,142.47,ground_ball,3,2,2024,2024-07
2024-07-31,2024,R,666157,621020,FF,4-Seam Fastball,,foul,R,L,CIN,CHC,95.20,85.20,45,,,,3,2,2024,2024-07
2024-07-31,2024,R,666157,621020,CH,Changeup,,swinging_strike,R,L,CIN,CHC,88.00,,,,,,3,1,2024,2024-07
2024-07-31,2024,R,666157,621020,SI,Sinker,,called_strike,R,L,CIN,CHC,94.10,,,,,,3,0,2024,2024-07
2024-07-31,2024,R,666157,621020,SI,Sinker,,ball,R,L,CIN,CHC,93.60,,,,,,2,0,2024,2024-07
2024-07-31,2024,R,666157,621020,SI,Sinker,,ball,R,L,CIN,CHC,93.60,,,,,,1,0,2024,2024-07
2024-07-31,2024,R,666157,621020,SI,Sinker,,ball,R,L,CIN,CHC,93.40,,,,,,0,0,2024,2024-07
2024-07-31,2024,R,666157,621020,CU,Curveball,double,hit_into_play,R,L,CIN,CHC,83.00,79.90,25,49.28,118.01,line_drive,2,1,2024,2024-07
2024-07-31,2024,R,666157,621020,SI,Sinker,,ball,R,L,CIN,CHC,94.20,,,,,,1,1,2024,2024-07
2024-07-31,2024,R,666157,621020,CU,Curveball,,foul,R,L,CIN,CHC,81.40,,,,,,1,0,2024,2024-07
2024-07-31,2024,R,666157,621020,CU,Curveball,,ball,R,L,CIN,CHC,81.40,,,,,,0,0,2024,2024-07
2024-07-31,2024,R,666157,621020,SI,Sinker,field_out,hit_into_play,R,L,CIN,CHC,95.70,90.60,2,100.03,168.91,ground_ball,0,0,2024,2024-07
2024-07-31,2024,R,666157,621550,CU,Curveball,strikeout,called_strike,R,L,CIN,CHC,83.00,,,,,,0,2,2024,2024-07
2024-07-31,2024,R,666157,621550,FF,4-Seam Fastball,,swinging_strike,R,L,CIN,CHC,93.30,,,,,,0,1,2024,2024-07
2024-07-31,2024,R,666157,621550,CU,Curveball,,called_strike,R,L,CIN,CHC,80.00,,,,,,0,0,2024,2024-07
2024-07-31,2024,R,666157,621550,CH,Changeup,double,hit_into_play,R,L,CIN,CHC,88.50,107.60,19,62.90,47.06,line_drive,1,0,2024,2024-07
2024-07-31,2024,R,666157,621550,SI,Sinker,,ball,R,L,CIN,CHC,95.10,,,,,,0,0,2024,2024-07
2024-07-31,2024,R,666157,621550,CH,Changeup,field_out,hit_into_play,R,L,CIN,CHC,88.90,49.50,-72,125.02,200.59,ground_ball,0,1,2024,2024-07
2024-07-31,2024,R,666157,621550,FF,4-Seam Fastball,,foul,R,L,CIN,CHC,94.40,94.80,62,,,,0,0,2024,2024-07
2024-07-31,2024,R,666157,641355,FF,4-Seam Fastball,field_out,hit_into_play,L,L,CIN,CHC,92.50,83.70,54,158.56,120.17,fly_ball,0,0,2024,2024-07
2024-07-31,2024,R,666157,641355,SI,Sinker,single,hit_into_play,L,L,CIN,CHC,94.10,89.70,-6,92.75,134.95,ground_ball,0,2,2024,2024-07
2024-07-31,2024,R,666157,641355,SI,Sinker,,foul,L,L,CIN,CHC,94.70,35.60,26,,,,0,1,2024,2024-07
2024-07-31,2024,R,666157,641355,SI,Sinker,,foul,L,L,CIN,CHC,95.00,58.70,-49,,,,0,0,2024,2024-07
2024-07-31,2024,R,666157,641355,CU,Curveball,single,hit_into_play,L,L,CIN,CHC,82.40,64.80,-39,137.27,163.17,ground_ball,2,2,2024,2024-07
2024-07-31,2024,R,666157,641355,FF,4-Seam Fastball,,ball,L,L,CIN,CHC,95.40,,,,,,1,2,2024,2024-07
2024-07-31,2024,R,666157,641355,SI,Sinker,,called_strike,L,L,CIN,CHC,94.30,,,,,,1,1,2024,2024-07
2024-07-31,2024,R,666157,641355,SI,Sinker,,called_strike,L,L,CIN,CHC,94.20,,,,,,1,0,2024,2024-07
2024-07-31,2024,R,666157,641355,CU,Curveball,,ball,L,L,CIN,CHC,80.60,,,,,,0,0,2024,2024-07
2024-07-31,2024,R,666157,663538,SI,Sinker,field_out,hit_into_play,R,L,CIN,CHC,93.90,81.00,69,166.13,172.55,popup,0,0,2024,2024-07
2024-07-31,2024,R,666157,663538,CU,Curveball,field_out,hit_into_play,R,L,CIN,CHC,82.50,82.90,76,139.45,181.04,popup,0,0,2024,2024-07
2024-07-31,2024,R,666157,663538,CH,Changeup,double,hit_into_play,R,L,CIN,CHC,88.60,95.60,32,41.80,84.94,fly_ball,2,0,2024,2024-07
2024-07-31,2024,R,666157,663538,SI,Sinker,,ball,R,L,CIN,CHC,94.90,,,,,,1,0,2024,2024-07
2024-07-31,2024,R,666157,663538,SI,Sinker,,ball,R,L,CIN,CHC,94.90,,,,,,0,0,2024,2024-07
2024-07-31,2024,R,666157,664023,FF,4-Seam Fastball,home_run,hit_into_play,R,L,CIN,CHC,95.10,105.30,28,138.84,29.44,fly_ball,1,2,2024,2024-07
2024-07-31,2024,R,666157,664023,CH,Changeup,,foul,R,L,CIN,CHC,89.80,,,,,,1,2,2024,2024-07
2024-07-31,2024,R,666157,664023,FF,4-Seam Fastball,,ball,R,L,CIN,CHC,95.10,,,,,,0,2,2024,2024-07
2024-07-31,2024,R,666157,664023,CH,Changeup,,foul,R,L,CIN,CHC,88.30,72.50,21,,,,0,1,2024,2024-07
2024-07-31,2024,R,666157,664023,FF,4-Seam Fastball,,swinging_strike,R,L,CIN,CHC,93.80,,,,,,0,0,2024,2024-07
2024-07-31,2024,R,666157,664023,CU,Curveball,double,hit_into_play,R,L,CIN,CHC,81.90,106.00,4,75.15,144.16,ground_ball,1,1,2024,2024-07
2024-07-31,2024,R,666157,664023,FF,4-Seam Fastball,,called_strike,R,L,CIN,CHC,94.60,,,,,,1,0,2024,2024-07
2024-07-31,2024,R,666157,664023,FF,4-Seam Fastball,,ball,R,L,CIN,CHC,93.90,,,,,,0,0,2024,2024-07
2024-07-31,2024,R,666157,664023,SI,Sinker,single,hit_into_play,R,L,CIN,CHC,95.40,83.20,4,138.84,168.91,ground_ball,3,2,2024,2024-07
2024-07-31,2024,R,666157,664023,SI,Sinker,,foul,R,L,CIN,CHC,95.40,91.20,20,,,,3,2,2024,2024-07
2024-07-31,2024,R,666157,664023,CH,Changeup,,ball,R,L,CIN,CHC,88.40,,,,,,2,2,2024,2024-07
2024-07-31,2024,R,666157,664023,FF,4-Seam Fastball,,ball,R,L,CIN,CHC,95.00,,,,,,1,2,2024,2024-07
2024-07-31,2024,R,666157,664023,CU,Curveball,,ball,R,L,CIN,CHC,83.70,,,,,,0,2,2024,2024-07
2024-07-31,2024,R,666157,664023,CU,Curveball,,swinging_strike,R,L,CIN,CHC,83.60,,,,,,0,1,2024,2024-07
2024-07-31,2024,R,666157,664023,CU,Curveball,,called_strike,R,L,CIN,CHC,81.40,,,,,,0,0,2024,2024-07
2024-07-31,2024,R,666157,664023,SI,Sinker,field_out,hit_into_play,R,L,CIN,CHC,95.00,90.80,30,114.97,60.25,fly_ball,1,0,2024,2024-07
2024-07-31,2024,R,666157,664023,SI,Sinker,,ball,R,L,CIN,CHC,95.10,,,,,,0,0,2024,2024-07
2024-07-31,2024,R,666157,670623,FF,4-Seam Fastball,field_out,hit_into_play,R,L,CIN,CHC,93.50,82.40,78,136.42,189.53,popup,0,1,2024,2024-07
2024-07-31,2024,R,666157,670623,FF,4-Seam Fastball,,called_strike,R,L,CIN,CHC,94.30,,,,,,0,0,2024,2024-07
2024-07-31,2024,R,666157,670623,CU,Curveball,hit_by_pitch,hit_by_pitch,R,L,CIN,CHC,83.50,,,,,,0,2,2024,2024-07
2024-07-31,2024,R,666157,670623,FF,4-Seam Fastball,,called_strike,R,L,CIN,CHC,94.50,,,,,,0,1,2024,2024-07
2024-07-31,2024,R,666157,670623,FF,4-Seam Fastball,,called_strike,R,L,CIN,CHC,95.00,,,,,,0,0,2024,2024-07
2024-07-31,2024,R,666157,670623,FF,4-Seam Fastball,field_out,hit_into_play,R,L,CIN,CHC,94.90,90.20,-3,130.41,155.18,ground_ball,1,1,2024,2024-07
2024-07-31,2024,R,666157,670623,CU,Curveball,,called_strike,R,L,CIN,CHC,82.40,,,,,,1,0,2024,2024-07
2024-07-31,2024,R,666157,670623,SI,Sinker,,ball,R,L,CIN,CHC,95.10,,,,,,0,0,2024,2024-07
2024-07-31,2024,R,666157,673548,FF,4-Seam Fastball,field_out,hit_into_play,R,L,CIN,CHC,94.10,98.30,28,163.88,53.08,fly_ball,3,2,2024,2024-07
2024-07-31,2024,R,666157,673548,SI,Sinker,,foul,R,L,CIN,CHC,94.10,75.40,29,,,,3,1,2024,2024-07
2024-07-31,2024,R,666157,673548,SI,Sinker,,foul,R,L,CIN,CHC,93.40,80.00,72,,,,3,0,2024,2024-07
2024-07-31,2024,R,666157,673548,FF,4-Seam Fastball,,ball,R,L,CIN,CHC,94.20,,,,,,2,0,2024,2024-07
2024-07-31,2024,R,666157,673548,SI,Sinker,,ball,R,L,CIN,CHC,93.10,,,,,,1,0,2024,2024-07
2024-07-31,2024,R,666157,673548,SI,Sinker,,ball,R,L,CIN,CHC,93.90,,,,,,0,0,2024,2024-07
2024-07-31,2024,R,666157,673548,CU,Curveball,double,hit_into_play,R,L,CIN,CHC,82.20,89.70,-8,31.51,107.66,ground_ball,2,2,2024,2024-07
2024-07-31,2024,R,666157,673548,FF,4-Seam Fastball,,ball,R,L,CIN,CHC,94.30,,,,,,1,2,2024,2024-07
2024-07-31,2024,R,666157,673548,FF,4-Seam Fastball,,foul,R,L,CIN,CHC,95.90,79.40,13,,,,1,2,2024,2024-07
2024-07-31,2024,R,666157,673548,CH,Changeup,,foul,R,L,CIN,CHC,89.50,73.40,55,,,,1,2,2024,2024-07
2024-07-31,2024,R,666157,673548,CU,Curveball,,foul,R,L,CIN,CHC,83.10,,,,,,1,2,2024,2024-07
2024-07-31,2024,R,666157,673548,FF,4-Seam Fastball,,ball,R,L,CIN,CHC,95.00,,,,,,0,2,2024,2024-07
2024-07-31,2024,R,666157,673548,CH,Changeup,,foul,R,L,CIN,CHC,88.60,89.90,41,,,,0,2,2024,2024-07
2024-07-31,2024,R,666157,673548,SI,Sinker,,called_strike,R,L,CIN,CHC,95.00,,,,,,0,1,2024,2024-07
2024-07-31,2024,R,666157,673548,SI,Sinker,,called_strike,R,L,CIN,CHC,95.30,,,,,,0,0,2024,2024-07
2024-07-31,2024,R,666157,673548,FF,4-Seam Fastball,strikeout,called_strike,R,L,CIN,CHC,94.50,,,,,,2,2,2024,2024-07
2024-07-31,2024,R,666157,673548,CH,Changeup,,foul,R,L,CIN,CHC,90.30,80.90,35,,,,2,2,2024,2024-07
2024-07-31,2024,R,666157,673548,CU,Curveball,,foul,R,L,CIN,CHC,81.70,105.30,13,,,,2,1,2024,2024-07
2024-07-31,2024,R,666157,673548,FF,4-Seam Fastball,,ball,R,L,CIN,CHC,94.70,,,,,,1,1,2024,2024-07
2024-07-31,2024,R,666157,673548,CH,Changeup,,ball,R,L,CIN,CHC,88.80,,,,,,0,1,2024,2024-07
2024-07-31,2024,R,666157,673548,SI,Sinker,,called_strike,R,L,CIN,CHC,94.60,,,,,,0,0,2024,2024-07
2024-07-31,2024,R,666157,691718,CU,Curveball,single,hit_into_play,L,L,CIN,CHC,81.20,82.80,23,185.88,115.83,line_drive,0,0,2024,2024-07
2024-07-31,2024,R,666157,691718,SI,Sinker,strikeout,called_strike,L,L,CIN,CHC,93.40,,,,,,3,2,2024,2024-07
2024-07-31,2024,R,666157,691718,CU,Curveball,,ball,L,L,CIN,CHC,82.10,,,,,,2,2,2024,2024-07
2024-07-31,2024,R,666157,691718,FF,4-Seam Fastball,,ball,L,L,CIN,CHC,94.40,,,,,,1,2,2024,2024-07
2024-07-31,2024,R,666157,691718,CU,Curveball,,foul,L,L,CIN,CHC,81.60,47.90,-40,,,,1,1,2024,2024-07
2024-07-31,2024,R,666157,691718,CU,Curveball,,foul,L,L,CIN,CHC,81.60,59.60,-44,,,,1,0,2024,2024-07
2024-07-31,2024,R,666157,691718,FF,4-Seam Fastball,,ball,L,L,CIN,CHC,93.40,,,,,,0,0,2024,2024-07
2024-07-31,2024,R,666157,691718,CU,Curveball,strikeout,swinging_strike,L,L,CIN,CHC,82.70,,,,,,1,2,2024,2024-07
2024-07-31,2024,R,666157,691718,CU,Curveball,,swinging_strike,L,L,CIN,CHC,82.90,,,,,,1,1,2024,2024-07
2024-07-31,2024,R,666157,691718,CU,Curveball,,ball,L,L,CIN,CHC,83.40,,,,,,0,1,2024,2024-07
2024-07-31,2024,R,666157,691718,CU,Curveball,,swinging_strike,L,L,CIN,CHC,82.60,,,,,,0,0,2024,2024-07
2024-07-31,2024,R,666619,608701,SL,Slider,field_out,hit_into_play,R,R,BOS,SEA,89.60,55.20,-62,145.24,166.85,ground_ball,0,2,2024,2024-07
2024-07-31,2024,R,666619,608701,SI,Sinker,,swinging_strike,R,R,BOS,SEA,97.90,,,,,,0,1,2024,2024-07
2024-07-31,2024,R,666619,608701,SL,Slider,,called_strike,R,R,BOS,SEA,90.90,,,,,,0,0,2024,2024-07
2024-07-31,2024,R,666619,642086,SL,Slider,strikeout,swinging_strike,L,R,BOS,SEA,88.10,,,,,,2,2,2024,2024-07
2024-07-31,2024,R,666619,642086,SI,Sinker,,ball,L,R,BOS,SEA,97.70,,,,,,1,2,2024,2024-07
2024-07-31,2024,R,666619,642086,SL,Slider,,ball,L,R,BOS,SEA,90.80,,,,,,0,2,2024,2024-07
2024-07-31,2024,R,666619,642086,SL,Slider,,foul,L,R,BOS,SEA,89.40,97.40,8,,,,0,2,2024,2024-07
2024-07-31,2024,R,666619,642086,SL,Slider,,foul_tip,L,R,BOS,SEA,91.20,,,,,,0,1,2024,2024-07
2024-07-31,2024,R,666619,642086,SL,Slider,,called_strike,L,R,BOS,SEA,92.70,,,,,,0,0,2024,2024-07
2024-07-31,2024,R,666720,543510,SL,Slider,double,hit_into_play,R,R,BAL,TOR,85.50,103.50,20,108.98,32.46,line_drive,0,1,2024,2024-07
2024-07-31,2024,R,666720,543510,SL,Slider,,called_strike,R,R,BAL,TOR,85.30,,,,,,0,0,2024,2024-07
2024-07-31,2024,R,666720,623993,CH,Changeup,single,hit_into_play,L,R,BAL,TOR,85.80,96.20,20,152.57,63.52,line_drive,0,0,2024,2024-07
2024-07-31,2024,R,666720,656775,FF,4-Seam Fastball,walk,ball,L,R,BAL,TOR,94.50,,,,,,3,1,2024,2024-07
2024-07-31,2024,R,666720,656775,FF,4-Seam Fastball,,ball,L,R,BAL,TOR,96.90,,,,,,2,1,2024,2024-07
2024-07-31,2024,R,666720,656775,FF,4-Seam Fastball,,called_strike,L,R,BAL,TOR,95.80,,,,,,2,0,2024,2024-07
2024-07-31,2024,R,666720,656775,CH,Changeup,,ball,L,R,BAL,TOR,84.90,,,,,,1,0,2024,2024-07
2024-07-31,2024,R,666720,656775,FF,4-Seam Fastball,,ball,L,R,BAL,TOR,95.10,,,,,,0,0,2024,2024-07
2024-07-31,2024,R,666720,656811,SL,Slider,field_out,hit_into_play,L,R,BAL,TOR,83.20,98.20,33,55.00,65.98,fly_ball,2,2,2024,2024-07
2024-07-31,2024,R,666720,656811,CH,Changeup,,ball,L,R,BAL,TOR,84.50,,,,,,1,2,2024,2024-07
2024-07-31,2024,R,666720,656811,SL,Slider,,foul,L,R,BAL,TOR,86.40,,,,,,1,2,2024,2024-07
2024-07-31,2024,R,666720,656811,FF,4-Seam Fastball,,called_strike,L,R,BAL,TOR,96.30,,,,,,1,1,2024,2024-07
2024-07-31,2024,R,666720,656811,FF,4-Seam Fastball,,foul,L,R,BAL,TOR,94.60,81.80,31,,,,1,0,2024,2024-07
2024-07-31,2024,R,666720,656811,CH,Changeup,,ball,L,R,BAL,TOR,84.10,,,,,,0,0,2024,2024-07
2024-07-31,2024,R,666720,663624,FF,4-Seam Fastball,walk,ball,R,R,BAL,TOR,95.50,,,,,,3,0,2024,2024-07
2024-07-31,2024,R,666720,663624,FF,4-Seam Fastball,,ball,R,R,BAL,TOR,95.30,,,,,,2,0,2024,2024-07
2024-07-31,2024,R,666720,663624,SL,Slider,,ball,R,R,BAL,TOR,83.90,,,,,,1,0,2024,2024-07
2024-07-31,2024,R,666720,663624,FF,4-Seam Fastball,,ball,R,R,BAL,TOR,95.70,,,,,,0,0,2024,2024-07
2024-07-31,2024,R,666720,676059,FF,4-Seam Fastball,hit_by_pitch,hit_by_pitch,R,R,BAL,TOR,95.20,,,,,,0,1,2024,2024-07
2024-07-31,2024,R,666720,676059,FF,4-Seam Fastball,,swinging_strike,R,R,BAL,TOR,95.70,,,,,,0,0,2024,2024-07
2024-07-31,2024,R,666720,681297,SL,Slider,strikeout,foul_tip,L,R,BAL,TOR,85.30,,,,,,0,2,2024,2024-07
2024-07-31,2024,R,666720,681297,CH,Changeup,,foul,L,R,BAL,TOR,86.00,93.00,18,,,,0,1,2024,2024-07
2024-07-31,2024,R,666720,681297,FF,4-Seam Fastball,,called_strike,L,R,BAL,TOR,94.90,,,,,,0,0,2024,2024-07
2024-07-31,2024,R,666720,683002,SL,Slider,strikeout,foul_tip,L,R,BAL,TOR,86.20,,,,,,1,2,2024,2024-07
2024-07-31,2024,R,666720,683002,SL,Slider,,foul,L,R,BAL,TOR,85.60,69.60,41,,,,1,2,2024,2024-07
2024-07-31,2024,R,666720,683002,FF,4-Seam Fastball,,ball,L,R,BAL,TOR,96.20,,,,,,0,2,2024,2024-07
2024-07-31,2024,R,666720,683002,CH,Changeup,,foul,L,R,BAL,TOR,86.60,73.90,68,,,,0,1,2024,2024-07
2024-07-31,2024,R,666720,683002,FF,4-Seam Fastball,,foul,L,R,BAL,TOR,97.10,69.10,17,,,,0,0,2024,2024-07
2024-07-31,2024,R,666720,702616,SL,Slider,home_run,hit_into_play,L,R,BAL,TOR,85.40,109.20,32,241.98,62.68,fly_ball,0,2,2024,2024-07
2024-07-31,2024,R,666720,702616,FF,4-Seam Fastball,,foul,L,R,BAL,TOR,96.20,81.60,11,,,,0,1,2024,2024-07
2024-07-31,2024,R,666720,702616,SL,Slider,,called_strike,L,R,BAL,TOR,84.70,,,,,,0,0,2024,2024-07
2024-07-31,2024,R,668338,664034,ST,Sweeper,field_out,hit_into_play,R,R,CIN,CHC,80.20,89.00,69,146.73,160.42,popup,0,1,2024,2024-07
2024-07-31,2024,R,668338,664034,FF,4-Seam Fastball,,called_strike,R,R,CIN,CHC,90.50,,,,,,0,0,2024,2024-07
2024-07-31,2024,R,668338,666181,FF,4-Seam Fastball,double,hit_into_play,L,R,CIN,CHC,89.70,95.50,21,178.07,59.71,line_drive,2,0,2024,2024-07
2024-07-31,2024,R,668338,666181,FF,4-Seam Fastball,,ball,L,R,CIN,CHC,88.40,,,,,,1,0,2024,2024-07
2024-07-31,2024,R,668338,666181,FF,4-Seam Fastball,,ball,L,R,CIN,CHC,87.60,,,,,,0,0,2024,2024-07
2024-07-31,2024,R,668338,668715,FF,4-Seam Fastball,field_out,hit_into_play,R,R,CIN,CHC,91.40,91.00,49,168.64,107.87,fly_ball,2,0,2024,2024-07
2024-07-31,2024,R,668338,668715,FF,4-Seam Fastball,,ball,R,R,CIN,CHC,89.60,,,,,,1,0,2024,2024-07
2024-07-31,2024,R,668338,668715,ST,Sweeper,,ball,R,R,CIN,CHC,80.80,,,,,,0,0,2024,2024-07
2024-07-31,2024,R,668338,669289,ST,Sweeper,double,hit_into_play,R,R,CIN,CHC,78.90,97.80,17,40.49,109.20,line_drive,1,2,2024,2024-07
2024-07-31,2024,R,668338,669289,ST,Sweeper,,ball,R,R,CIN,CHC,80.70,,,,,,0,2,2024,2024-07
2024-07-31,2024,R,668338,669289,ST,Sweeper,,called_strike,R,R,CIN,CHC,81.60,,,,,,0,1,2024,2024-07
2024-07-31,2024,R,668338,669289,FF,4-Seam Fastball,,called_strike,R,R,CIN,CHC,91.30,,,,,,0,0,2024,2024-07
2024-07-31,2024,R,668338,682622,FF,4-Seam Fastball,walk,ball,R,R,CIN,CHC,89.00,,,,,,3,2,2024,2024-07
2024-07-31,2024,R,668338,682622,FF,4-Seam Fastball,,foul,R,R,CIN,CHC,89.40,,,,,,3,1,2024,2024-07
2024-07-31,2024,R,668338,682622,FF,4-Seam Fastball,,foul,R,R,CIN,CHC,89.60,88.30,30,,,,3,0,2024,2024-07
2024-07-31,2024,R,668338,682622,FF,4-Seam Fastball,,ball,R,R,CIN,CHC,91.10,,,,,,2,0,2024,2024-07
2024-07-31,2024,R,668338,682622,ST,Sweeper,,ball,R,R,CIN,CHC,82.70,,,,,,1,0,2024,2024-07
2024-07-31,2024,R,668338,682622,ST,Sweeper,,ball,R,R,CIN,CHC,82.80,,,,,,0,0,2024,2024-07
2024-07-31,2024,R,668338,682829,FF,4-Seam Fastball,strikeout,swinging_strike,L,R,CIN,CHC,89.90,,,,,,0,2,2024,2024-07
2024-07-31,2024,R,668338,682829,FF,4-Seam Fastball,,called_strike,L,R,CIN,CHC,90.10,,,,,,0,1,2024,2024-07
2024-07-31,2024,R,668338,682829,FF,4-Seam Fastball,,called_strike,L,R,CIN,CHC,90.10,,,,,,0,0,2024,2024-07
2024-07-31,2024,R,668674,670032,FF,4-Seam Fastball,strikeout,swinging_strike,L,R,CWS,KC,98.90,,,,,,1,2,2024,2024-07
2024-07-31,2024,R,668674,670032,FF,4-Seam Fastball,,ball,L,R,CWS,KC,99.20,,,,,,0,2,2024,2024-07
2024-07-31,2024,R,668674,670032,CH,Changeup,,foul,L,R,CWS,KC,89.90,,,,,,0,1,2024,2024-07
2024-07-31,2024,R,668674,670032,FF,4-Seam Fastball,,foul,L,R,CWS,KC,97.20,72.80,35,,,,0,0,2024,2024-07
2024-07-31,2024,R,668674,678246,FF,4-Seam Fastball,strikeout,called_strike,R,R,CWS,KC,99.60,,,,,,2,2,2024,2024-07
2024-07-31,2024,R,668674,678246,SL,Slider,,foul,R,R,CWS,KC,85.70,65.60,-24,,,,2,2,2024,2024-07
2024-07-31,2024,R,668674,678246,CH,Changeup,,foul,R,R,CWS,KC,91.40,81.30,-18,,,,2,1,2024,2024-07
2024-07-31,2024,R,668674,678246,SI,Sinker,,foul_tip,R,R,CWS,KC,99.00,,,,,,2,0,2024,2024-07
2024-07-31,2024,R,668674,678246,FF,4-Seam Fastball,,ball,R,R,CWS,KC,98.50,,,,,,1,0,2024,2024-07
2024-07-31,2024,R,668674,678246,FF,4-Seam Fastball,,ball,R,R,CWS,KC,100.30,,,,,,0,0,2024,2024-07
2024-07-31,2024,R,668674,683734,FF,4-Seam Fastball,field_out,hit_into_play,R,R,CWS,KC,99.20,103.00,33,149.12,49.64,fly_ball,1,0,2024,2024-07
2024-07-31,2024,R,668674,683734,SL,Slider,,ball,R,R,CWS,KC,86.20,,,,,,0,0,2024,2024-07
2024-07-31,2024,R,668678,545121,CH,Changeup,single,hit_into_play,L,R,AZ,WSH,83.40,100.00,5,181.53,104.44,ground_ball,1,0,2024,2024-07
2024-07-31,2024,R,668678,545121,FF,4-Seam Fastball,,ball,L,R,AZ,WSH,91.80,,,,,,0,0,2024,2024-07
2024-07-31,2024,R,668678,545121,FF,4-Seam Fastball,field_out,hit_into_play,L,R,AZ,WSH,93.50,100.80,-13,128.88,179.48,ground_ball,3,1,2024,2024-07
2024-07-31,2024,R,668678,545121,FF,4-Seam Fastball,,ball,L,R,AZ,WSH,93.40,,,,,,2,1,2024,2024-07
2024-07-31,2024,R,668678,545121,CH,Changeup,,ball,L,R,AZ,WSH,86.20,,,,,,1,1,2024,2024-07
2024-07-31,2024,R,668678,545121,CH,Changeup,,ball,L,R,AZ,WSH,85.90,,,,,,0,1,2024,2024-07
2024-07-31,2024,R,668678,545121,FF,4-Seam Fastball,,foul,L,R,AZ,WSH,91.70,76.70,53,,,,0,0,2024,2024-07
2024-07-31,2024,R,668678,623912,KC,Knuckle Curve,field_out,hit_into_play,R,R,AZ,WSH,81.20,74.00,0,108.00,162.00,ground_ball,2,2,2024,2024-07
2024-07-31,2024,R,668678,623912,FF,4-Seam Fastball,,ball,R,R,AZ,WSH,91.80,,,,,,1,2,2024,2024-07
2024-07-31,2024,R,668678,623912,FF,4-Seam Fastball,,called_strike,R,R,AZ,WSH,91.80,,,,,,1,1,2024,2024-07
2024-07-31,2024,R,668678,623912,KC,Knuckle Curve,,called_strike,R,R,AZ,WSH,80.10,,,,,,1,0,2024,2024-07
2024-07-31,2024,R,668678,623912,KC,Knuckle Curve,,ball,R,R,AZ,WSH,79.80,,,,,,0,0,2024,2024-07
2024-07-31,2024,R,668678,623912,FF,4-Seam Fastball,double,hit_into_play,R,R,AZ,WSH,93.20,94.00,16,216.00,108.00,line_drive,0,1,2024,2024-07
2024-07-31,2024,R,668678,623912,FF,4-Seam Fastball,,called_strike,R,R,AZ,WSH,93.60,,,,,,0,0,2024,2024-07
2024-07-31,2024,R,668678,623912,FF,4-Seam Fastball,field_out,hit_into_play,R,R,AZ,WSH,94.70,83.40,-3,153.69,168.59,ground_ball,1,1,2024,2024-07
2024-07-31,2024,R,668678,623912,FF,4-Seam Fastball,,ball,R,R,AZ,WSH,92.90,,,,,,0,1,2024,2024-07
2024-07-31,2024,R,668678,623912,KC,Knuckle Curve,,foul,R,R,AZ,WSH,81.90,79.50,-45,,,,0,0,2024,2024-07
2024-07-31,2024,R,668678,656180,FC,Cutter,single,hit_into_play,R,R,AZ,WSH,88.10,91.00,11,170.34,110.54,line_drive,0,0,2024,2024-07
2024-07-31,2024,R,668678,660688,CH,Changeup,strikeout,swinging_strike,L,R,AZ,WSH,85.60,,,,,,0,2,2024,2024-07
2024-07-31,2024,R,668678,660688,KC,Knuckle Curve,,foul,L,R,AZ,WSH,81.40,87.50,3,,,,0,2,2024,2024-07
2024-07-31,2024,R,668678,660688,FF,4-Seam Fastball,,foul,L,R,AZ,WSH,92.90,67.00,48,,,,0,2,2024,2024-07
2024-07-31,2024,R,668678,660688,CH,Changeup,,foul,L,R,AZ,WSH,85.50,48.80,-36,,,,0,1,2024,2024-07
2024-07-31,2024,R,668678,660688,CH,Changeup,,foul,L,R,AZ,WSH,85.20,69.00,48,,,,0,0,2024,2024-07
2024-07-31,2024,R,668678,660688,KC,Knuckle Curve,field_out,hit_into_play,L,R,AZ,WSH,81.70,82.20,30,94.05,89.70,fly_ball,1,2,2024,2024-07
2024-07-31,2024,R,668678,660688,CH,Changeup,,foul,L,R,AZ,WSH,85.90,76.50,-37,,,,1,1,2024,2024-07
2024-07-31,2024,R,668678,660688,CH,Changeup,,ball,L,R,AZ,WSH,86.30,,,,,,0,1,2024,2024-07
2024-07-31,2024,R,668678,660688,FF,4-Seam Fastball,,foul,L,R,AZ,WSH,92.20,106.30,26,,,,0,0,2024,2024-07
2024-07-31,2024,R,668678,660766,KC,Knuckle Curve,strikeout,swinging_strike,R,R,AZ,WSH,81.60,,,,,,1,2,2024,2024-07
2024-07-31,2024,R,668678,660766,FF,4-Seam Fastball,,foul,R,R,AZ,WSH,93.50,81.60,64,,,,1,1,2024,2024-07
2024-07-31,2024,R,668678,660766,FC,Cutter,,called_strike,R,R,AZ,WSH,88.50,,,,,,1,0,2024,2024-07
2024-07-31,2024,R,668678,660766,FC,Cutter,,ball,R,R,AZ,WSH,89.50,,,,,,0,0,2024,2024-07
2024-07-31,2024,R,668678,660766,FC,Cutter,field_out,hit_into_play,R,R,AZ,WSH,88.20,79.30,-33,101.65,167.38,ground_ball,0,0,2024,2024-07
2024-07-31,2024,R,668678,660766,KC,Knuckle Curve,strikeout,swinging_strike,R,R,AZ,WSH,81.50,,,,,,0,2,2024,2024-07
2024-07-31,2024,R,668678,660766,KC,Knuckle Curve,,foul,R,R,AZ,WSH,82.20,84.40,-37,,,,0,2,2024,2024-07
2024-07-31,2024,R,668678,660766,FF,4-Seam Fastball,,foul_tip,R,R,AZ,WSH,93.80,,,,,,0,1,2024,2024-07
2024-07-31,2024,R,668678,660766,KC,Knuckle Curve,,called_strike,R,R,AZ,WSH,81.70,,,,,,0,0,2024,2024-07
2024-07-31,2024,R,668678,663905,KC,Knuckle Curve,field_out,hit_into_play,L,R,AZ,WSH,81.70,77.40,-20,152.48,165.56,ground_ball,0,2,2024,2024-07
2024-07-31,2024,R,668678,663905,KC,Knuckle Curve,,swinging_strike,L,R,AZ,WSH,81.40,,,,,,0,1,2024,2024-07
2024-07-31,2024,R,668678,663905,CH,Changeup,,called_strike,L,R,AZ,WSH,87.60,,,,,,0,0,2024,2024-07
2024-07-31,2024,R,668678,663905,KC,Knuckle Curve,strikeout,swinging_strike_blocked,L,R,AZ,WSH,81.90,,,,,,0,2,2024,2024-07
2024-07-31,2024,R,668678,663905,KC,Knuckle Curve,,swinging_strike_blocked,L,R,AZ,WSH,81.70,,,,,,0,1,2024,2024-07
2024-07-31,2024,R,668678,663905,KC,Knuckle Curve,,called_strike,L,R,AZ,WSH,81.80,,,,,,0,0,2024,2024-07
2024-07-31,2024,R,668678,669743,CH,Changeup,field_out,hit_into_play,R,R,AZ,WSH,88.10,60.10,-22,98.63,164.35,ground_ball,2,2,2024,2024-07
2024-07-31,2024,R,668678,669743,SL,Slider,,foul,R,R,AZ,WSH,86.30,63.70,39,,,,2,2,2024,2024-07
2024-07-31,2024,R,668678,669743,KC,Knuckle Curve,,foul,R,R,AZ,WSH,82.30,82.40,-40,,,,2,2,2024,2024-07
2024-07-31,2024,R,668678,669743,KC,Knuckle Curve,,blocked_ball,R,R,AZ,WSH,82.30,,,,,,1,2,2024,2024-07
2024-07-31,2024,R,668678,669743,KC,Knuckle Curve,,foul,R,R,AZ,WSH,80.20,92.00,-6,,,,1,1,2024,2024-07
2024-07-31,2024,R,668678,669743,FF,4-Seam Fastball,,foul,R,R,AZ,WSH,94.10,69.90,55,,,,1,0,2024,2024-07
2024-07-31,2024,R,668678,669743,FC,Cutter,,ball,R,R,AZ,WSH,88.20,,,,,,0,0,2024,2024-07
2024-07-31,2024,R,668678,669743,FF,4-Seam Fastball,walk,ball,R,R,AZ,WSH,94.80,,,,,,3,2,2024,2024-07
2024-07-31,2024,R,668678,669743,FF,4-Seam Fastball,,ball,R,R,AZ,WSH,95.60,,,,,,2,2,2024,2024-07
2024-07-31,2024,R,668678,669743,FF,4-Seam Fastball,,ball,R,R,AZ,WSH,94.40,,,,,,1,2,2024,2024-07
2024-07-31,2024,R,668678,669743,KC,Knuckle Curve,,called_strike,R,R,AZ,WSH,79.40,,,,,,1,1,2024,2024-07
2024-07-31,2024,R,668678,669743,FF,4-Seam Fastball,,ball,R,R,AZ,WSH,92.80,,,,,,0,1,2024,2024-07
2024-07-31,2024,R,668678,669743,FF,4-Seam Fastball,,foul_bunt,R,R,AZ,WSH,94.90,,,,,,0,0,2024,2024-07
2024-07-31,2024,R,668678,669743,FF,4-Seam Fastball,double,hit_into_play,R,R,AZ,WSH,94.70,88.20,3,207.55,129.25,ground_ball,1,1,2024,2024-07
2024-07-31,2024,R,668678,669743,FC,Cutter,,called_strike,R,R,AZ,WSH,89.90,,,,,,1,0,2024,2024-07
2024-07-31,2024,R,668678,669743,FF,4-Seam Fastball,,ball,R,R,AZ,WSH,93.80,,,,,,0,0,2024,2024-07
2024-07-31,2024,R,668678,671277,FF,4-Seam Fastball,field_out,hit_into_play,L,R,AZ,WSH,93.60,99.60,30,50.82,74.95,fly_ball,2,1,2024,2024-07
2024-07-31,2024,R,668678,671277,KC,Knuckle Curve,,swinging_strike,L,R,AZ,WSH,79.50,,,,,,2,0,2024,2024-07
2024-07-31,2024,R,668678,671277,FF,4-Seam Fastball,,ball,L,R,AZ,WSH,92.70,,,,,,1,0,2024,2024-07
2024-07-31,2024,R,668678,671277,FF,4-Seam Fastball,,ball,L,R,AZ,WSH,93.80,,,,,,0,0,2024,2024-07
2024-07-31,2024,R,668678,671277,KC,Knuckle Curve,field_out,hit_into_play,L,R,AZ,WSH,82.00,88.40,-1,150.06,150.43,ground_ball,0,0,2024,2024-07
2024-07-31,2024,R,668678,671277,KC,Knuckle Curve,strikeout,swinging_strike_blocked,L,R,AZ,WSH,80.20,,,,,,0,2,2024,2024-07
2024-07-31,2024,R,668678,671277,FC,Cutter,,foul,L,R,AZ,WSH,87.80,68.30,46,,,,0,1,2024,2024-07
2024-07-31,2024,R,668678,671277,FF,4-Seam Fastball,,called_strike,L,R,AZ,WSH,91.10,,,,,,0,0,2024,2024-07
2024-07-31,2024,R,668678,682928,CH,Changeup,field_out,hit_into_play,L,R,AZ,WSH,85.50,87.00,37,78.66,72.98,fly_ball,2,2,2024,2024-07
2024-07-31,2024,R,668678,682928,KC,Knuckle Curve,,foul,L,R,AZ,WSH,81.20,55.20,-18,,,,2,2,2024,2024-07
2024-07-31,2024,R,668678,682928,FF,4-Seam Fastball,,ball,L,R,AZ,WSH,94.30,,,,,,1,2,2024,2024-07
2024-07-31,2024,R,668678,682928,CH,Changeup,,ball,L,R,AZ,WSH,84.90,,,,,,0,2,2024,2024-07
2024-07-31,2024,R,668678,682928,KC,Knuckle Curve,,swinging_strike,L,R,AZ,WSH,80.50,,,,,,0,1,2024,2024-07
2024-07-31,2024,R,668678,682928,CH,Changeup,,foul,L,R,AZ,WSH,86.20,74.50,-26,,,,0,0,2024,2024-07
2024-07-31,2024,R,668678,682928,KC,Knuckle Curve,strikeout,swinging_strike_blocked,L,R,AZ,WSH,80.20,,,,,,2,2,2024,2024-07
2024-07-31,2024,R,668678,682928,FF,4-Seam Fastball,,ball,L,R,AZ,WSH,93.90,,,,,,1,2,2024,2024-07
2024-07-31,2024,R,668678,682928,KC,Knuckle Curve,,foul,L,R,AZ,WSH,80.70,70.70,-27,,,,1,1,2024,2024-07
2024-07-31,2024,R,668678,682928,FF,4-Seam Fastball,,ball,L,R,AZ,WSH,93.90,,,,,,0,1,2024,2024-07
2024-07-31,2024,R,668678,682928,FF,4-Seam Fastball,,called_strike,L,R,AZ,WSH,93.30,,,,,,0,0,2024,2024-07
2024-07-31,2024,R,668678,682928,CH,Changeup,field_out,hit_into_play,L,R,AZ,WSH,86.60,41.40,-19,115.00,164.00,ground_ball,2,2,2024,2024-07
2024-07-31,2024,R,668678,682928,CH,Changeup,,called_strike,L,R,AZ,WSH,86.10,,,,,,2,1,2024,2024-07
2024-07-31,2024,R,668678,682928,FF,4-Seam Fastball,,foul,L,R,AZ,WSH,92.80,79.30,60,,,,2,0,2024,2024-07
2024-07-31,2024,R,668678,682928,CH,Changeup,,ball,L,R,AZ,WSH,85.50,,,,,,1,0,2024,2024-07
2024-07-31,2024,R,668678,682928,FF,4-Seam Fastball,,ball,L,R,AZ,WSH,92.00,,,,,,0,0,2024,2024-07
2024-07-31,2024,R,668678,695578,KC,Knuckle Curve,field_out,hit_into_play,L,R,AZ,WSH,81.10,82.00,9,151.27,149.83,ground_ball,1,1,2024,2024-07
2024-07-31,2024,R,668678,695578,FF,4-Seam Fastball,,ball,L,R,AZ,WSH,93.90,,,,,,0,1,2024,2024-07
2024-07-31,2024,R,668678,695578,KC,Knuckle Curve,,called_strike,L,R,AZ,WSH,81.80,,,,,,0,0,2024,2024-07
2024-07-31,2024,R,668678,695578,CH,Changeup,single,hit_into_play,L,R,AZ,WSH,84.40,90.80,12,99.97,92.82,line_drive,2,1,2024,2024-07
2024-07-31,2024,R,668678,695578,CH,Changeup,,swinging_strike,L,R,AZ,WSH,84.30,,,,,,2,0,2024,2024-07
2024-07-31,2024,R,668678,695578,KC,Knuckle Curve,,ball,L,R,AZ,WSH,79.30,,,,,,1,0,2024,2024-07
2024-07-31,2024,R,668678,695578,KC,Knuckle Curve,,ball,L,R,AZ,WSH,80.40,,,,,,0,0,2024,2024-07
2024-07-31,2024,R,668678,695578,CH,Changeup,single,hit_into_play,L,R,AZ,WSH,86.70,74.40,12,139.00,150.00,ground_ball,0,1,2024,2024-07
2024-07-31,2024,R,668678,695578,KC,Knuckle Curve,,called_strike,L,R,AZ,WSH,81.60,,,,,,0,0,2024,2024-07
2024-07-31,2024,R,668941,608369,SI,Sinker,field_out,hit_into_play,L,L,STL,TEX,94.10,97.60,20,97.97,65.29,line_drive,1,1,2024,2024-07
2024-07-31,2024,R,668941,608369,ST,Sweeper,,ball,L,L,STL,TEX,84.60,,,,,,0,1,2024,2024-07
2024-07-31,2024,R,668941,608369,ST,Sweeper,,swinging_strike,L,L,STL,TEX,85.30,,,,,,0,0,2024,2024-07
2024-07-31,2024,R,668941,669701,SI,Sinker,field_out,hit_into_play,L,L,STL,TEX,94.80,79.50,-6,106.08,172.77,ground_ball,2,2,2024,2024-07
2024-07-31,2024,R,668941,669701,ST,Sweeper,,ball,L,L,STL,TEX,86.20,,,,,,1,2,2024,2024-07
2024-07-31,2024,R,668941,669701,SI,Sinker,,called_strike,L,L,STL,TEX,94.70,,,,,,1,1,2024,2024-07
2024-07-31,2024,R,668941,669701,ST,Sweeper,,ball,L,L,STL,TEX,85.20,,,,,,0,1,2024,2024-07
2024-07-31,2024,R,668941,669701,FF,4-Seam Fastball,,called_strike,L,L,STL,TEX,95.60,,,,,,0,0,2024,2024-07
2024-07-31,2024,R,668941,677649,CH,Changeup,field_out,hit_into_play,R,L,STL,TEX,86.40,92.00,27,157.50,63.57,fly_ball,0,1,2024,2024-07
2024-07-31,2024,R,668941,677649,SI,Sinker,,called_strike,R,L,STL,TEX,95.10,,,,,,0,0,2024,2024-07
2024-07-31,2024,R,668968,592178,SI,Sinker,hit_by_pitch,hit_by_pitch,R,R,LAA,COL,93.80,,,,,,0,1,2024,2024-07
2024-07-31,2024,R,668968,592178,SL,Slider,,called_strike,R,R,LAA,COL,84.10,,,,,,0,0,2024,2024-07
2024-07-31,2024,R,668968,641857,SL,Slider,strikeout,swinging_strike,L,R,LAA,COL,84.00,,,,,,2,2,2024,2024-07
2024-07-31,2024,R,668968,641857,SL,Slider,,swinging_strike,L,R,LAA,COL,84.40,,,,,,2,1,2024,2024-07
2024-07-31,2024,R,668968,641857,CH,Changeup,,ball,L,R,LAA,COL,88.90,,,,,,1,1,2024,2024-07
2024-07-31,2024,R,668968,641857,SI,Sinker,,called_strike,L,R,LAA,COL,94.30,,,,,,1,0,2024,2024-07
2024-07-31,2024,R,668968,641857,SI,Sinker,,ball,L,R,LAA,COL,93.90,,,,,,0,0,2024,2024-07
2024-07-31,2024,R,668968,663898,SL,Slider,field_out,hit_into_play,R,R,LAA,COL,83.90,74.00,14,105.83,141.91,line_drive,0,0,2024,2024-07
2024-07-31,2024,R,668968,678662,SL,Slider,strikeout,swinging_strike,R,R,LAA,COL,84.80,,,,,,3,2,2024,2024-07
2024-07-31,2024,R,668968,678662,SL,Slider,,ball,R,R,LAA,COL,85.60,,,,,,2,2,2024,2024-07
2024-07-31,2024,R,668968,678662,SL,Slider,,ball,R,R,LAA,COL,84.50,,,,,,1,2,2024,2024-07
2024-07-31,2024,R,668968,678662,SI,Sinker,,ball,R,R,LAA,COL,93.10,,,,,,0,2,2024,2024-07
2024-07-31,2024,R,668968,678662,SL,Slider,,swinging_strike,R,R,LAA,COL,84.30,,,,,,0,1,2024,2024-07
2024-07-31,2024,R,668968,678662,SL,Slider,,swinging_strike,R,R,LAA,COL,85.00,,,,,,0,0,2024,2024-07
2024-07-31,2024,R,668968,686668,SL,Slider,home_run,hit_into_play,R,R,LAA,COL,84.40,108.60,32,32.35,50.61,fly_ball,3,1,2024,2024-07
2024-07-31,2024,R,668968,686668,SL,Slider,,ball,R,R,LAA,COL,84.10,,,,,,2,1,2024,2024-07
2024-07-31,2024,R,668968,686668,SI,Sinker,,ball,R,R,LAA,COL,94.40,,,,,,1,1,2024,2024-07
2024-07-31,2024,R,668968,686668,SL,Slider,,foul,R,R,LAA,COL,84.20,75.20,-23,,,,1,0,2024,2024-07
2024-07-31,2024,R,668968,686668,SI,Sinker,,ball,R,R,LAA,COL,94.60,,,,,,0,0,2024,2024-07
2024-07-31,2024,R,669022,545341,CU,Curveball,double,hit_into_play,R,L,AZ,WSH,78.40,101.80,2,158.00,86.00,ground_ball,2,1,2024,2024-07
2024-07-31,2024,R,669022,545341,FF,4-Seam Fastball,,ball,R,L,AZ,WSH,93.80,,,,,,1,1,2024,2024-07
2024-07-31,2024,R,669022,545341,FF,4-Seam Fastball,,ball,R,L,AZ,WSH,93.40,,,,,,0,1,2024,2024-07
2024-07-31,2024,R,669022,545341,CU,Curveball,,called_strike,R,L,AZ,WSH,77.80,,,,,,0,0,2024,2024-07
2024-07-31,2024,R,669022,545341,FC,Cutter,walk,blocked_ball,R,L,AZ,WSH,90.40,,,,,,3,2,2024,2024-07
2024-07-31,2024,R,669022,545341,FF,4-Seam Fastball,,ball,R,L,AZ,WSH,96.00,,,,,,2,2,2024,2024-07
2024-07-31,2024,R,669022,545341,CU,Curveball,,foul,R,L,AZ,WSH,83.60,,,,,,2,2,2024,2024-07
2024-07-31,2024,R,669022,545341,FF,4-Seam Fastball,,foul,R,L,AZ,WSH,95.20,61.20,-42,,,,2,2,2024,2024-07
2024-07-31,2024,R,669022,545341,FF,4-Seam Fastball,,ball,R,L,AZ,WSH,95.10,,,,,,1,2,2024,2024-07
2024-07-31,2024,R,669022,545341,CH,Changeup,,foul,R,L,AZ,WSH,85.90,79.20,13,,,,1,2,2024,2024-07
2024-07-31,2024,R,669022,545341,CU,Curveball,,foul,R,L,AZ,WSH,82.70,98.80,4,,,,1,2,2024,2024-07
2024-07-31,2024,R,669022,545341,FF,4-Seam Fastball,,foul,R,L,AZ,WSH,93.80,75.60,46,,,,1,1,2024,2024-07
2024-07-31,2024,R,669022,545341,CU,Curveball,,ball,R,L,AZ,WSH,83.10,,,,,,0,1,2024,2024-07
2024-07-31,2024,R,669022,545341,FF,4-Seam Fastball,,called_strike,R,L,AZ,WSH,93.80,,,,,,0,0,2024,2024-07
2024-07-31,2024,R,669022,545341,FC,Cutter,field_out,hit_into_play,R,L,AZ,WSH,90.60,107.20,-11,101.05,148.01,ground_ball,2,0,2024,2024-07
2024-07-31,2024,R,669022,545341,CH,Changeup,,ball,R,L,AZ,WSH,84.90,,,,,,1,0,2024,2024-07
2024-07-31,2024,R,669022,545341,CU,Curveball,,ball,R,L,AZ,WSH,80.50,,,,,,0,0,2024,2024-07
2024-07-31,2024,R,669022,553993,FF,4-Seam Fastball,single,hit_into_play,R,L,AZ,WSH,93.10,88.30,20,73.63,111.33,line_drive,0,0,2024,2024-07
2024-07-31,2024,R,669022,553993,FF,4-Seam Fastball,strikeout,swinging_strike,R,L,AZ,WSH,94.00,,,,,,2,2,2024,2024-07
2024-07-31,2024,R,669022,553993,FF,4-Seam Fastball,,foul,R,L,AZ,WSH,94.90,80.80,21,,,,2,2,2024,2024-07
2024-07-31,2024,R,669022,553993,FF,4-Seam Fastball,,ball,R,L,AZ,WSH,94.50,,,,,,1,2,2024,2024-07
2024-07-31,2024,R,669022,553993,FF,4-Seam Fastball,,ball,R,L,AZ,WSH,94.90,,,,,,0,2,2024,2024-07
2024-07-31,2024,R,669022,553993,FF,4-Seam Fastball,,swinging_strike,R,L,AZ,WSH,95.00,,,,,,0,1,2024,2024-07
2024-07-31,2024,R,669022,553993,FF,4-Seam Fastball,,foul_tip,R,L,AZ,WSH,95.50,,,,,,0,0,2024,2024-07
2024-07-31,2024,R,669022,553993,FF,4-Seam Fastball,field_out,hit_into_play,R,L,AZ,WSH,95.20,89.20,22,71.83,91.06,line_drive,2,1,2024,2024-07
2024-07-31,2024,R,669022,553993,FF,4-Seam Fastball,,ball,R,L,AZ,WSH,95.60,,,,,,1,1,2024,2024-07
2024-07-31,2024,R,669022,553993,FF,4-Seam Fastball,,ball,R,L,AZ,WSH,95.40,,,,,,0,1,2024,2024-07
2024-07-31,2024,R,669022,553993,FF,4-Seam Fastball,,called_strike,R,L,AZ,WSH,95.50,,,,,,0,0,2024,2024-07
2024-07-31,2024,R,669022,606466,FF,4-Seam Fastball,single,hit_into_play,R,L,AZ,WSH,95.40,67.60,33,92.60,113.34,fly_ball,0,2,2024,2024-07
2024-07-31,2024,R,669022,606466,FF,4-Seam Fastball,,foul,R,L,AZ,WSH,96.20,79.40,19,,,,0,2,2024,2024-07
2024-07-31,2024,R,669022,606466,FF,4-Seam Fastball,,foul,R,L,AZ,WSH,96.10,,,,,,0,1,2024,2024-07
2024-07-31,2024,R,669022,606466,CU,Curveball,,called_strike,R,L,AZ,WSH,80.50,,,,,,0,0,2024,2024-07
2024-07-31,2024,R,669022,606466,FC,Cutter,field_out,hit_into_play,R,L,AZ,WSH,92.40,96.10,-31,105.89,169.19,ground_ball,0,1,2024,2024-07
2024-07-31,2024,R,669022,606466,FF,4-Seam Fastball,,called_strike,R,L,AZ,WSH,95.70,,,,,,0,0,2024,2024-07
2024-07-31,2024,R,669022,606466,FF,4-Seam Fastball,field_out,hit_into_play,R,L,AZ,WSH,94.90,68.50,69,163.98,181.30,popup,0,0,2024,2024-07
2024-07-31,2024,R,669022,621028,FF,4-Seam Fastball,field_out,hit_into_play,R,L,AZ,WSH,96.50,79.80,48,175.59,116.54,fly_ball,1,2,2024,2024-07
2024-07-31,2024,R,669022,621028,CU,Curveball,,foul,R,L,AZ,WSH,83.40,84.70,-29,,,,1,2,2024,2024-07
2024-07-31,2024,R,669022,621028,CH,Changeup,,foul,R,L,AZ,WSH,84.40,78.90,77,,,,1,2,2024,2024-07
2024-07-31,2024,R,669022,621028,CH,Changeup,,swinging_strike,R,L,AZ,WSH,84.10,,,,,,1,1,2024,2024-07
2024-07-31,2024,R,669022,621028,CH,Changeup,,ball,R,L,AZ,WSH,85.40,,,,,,0,1,2024,2024-07
2024-07-31,2024,R,669022,621028,FF,4-Seam Fastball,,called_strike,R,L,AZ,WSH,94.00,,,,,,0,0,2024,2024-07
2024-07-31,2024,R,669022,621028,FC,Cutter,single,hit_into_play,R,L,AZ,WSH,88.90,98.60,-9,82.89,99.00,ground_ball,1,0,2024,2024-07
2024-07-31,2024,R,669022,621028,CU,Curveball,,ball,R,L,AZ,WSH,80.80,,,,,,0,0,2024,2024-07
2024-07-31,2024,R,669022,645444,FF,4-Seam Fastball,field_out,hit_into_play,R,L,AZ,WSH,94.10,82.80,-21,97.42,161.93,ground_ball,3,2,2024,2024-07
2024-07-31,2024,R,669022,645444,CU,Curveball,,ball,R,L,AZ,WSH,81.10,,,,,,2,2,2024,2024-07
2024-07-31,2024,R,669022,645444,FF,4-Seam Fastball,,ball,R,L,AZ,WSH,94.90,,,,,,1,2,2024,2024-07
2024-07-31,2024,R,669022,645444,FF,4-Seam Fastball,,foul,R,L,AZ,WSH,94.60,71.80,47,,,,1,1,2024,2024-07
2024-07-31,2024,R,669022,645444,FF,4-Seam Fastball,,foul,R,L,AZ,WSH,94.00,78.80,16,,,,1,0,2024,2024-07
2024-07-31,2024,R,669022,645444,FF,4-Seam Fastball,,ball,R,L,AZ,WSH,94.30,,,,,,0,0,2024,2024-07
2024-07-31,2024,R,669022,645444,FF,4-Seam Fastball,field_out,hit_into_play,R,L,AZ,WSH,95.20,92.20,-21,109.52,148.62,ground_ball,1,2,2024,2024-07
2024-07-31,2024,R,669022,645444,CU,Curveball,,called_strike,R,L,AZ,WSH,81.30,,,,,,1,1,2024,2024-07
2024-07-31,2024,R,669022,645444,FF,4-Seam Fastball,,called_strike,R,L,AZ,WSH,94.10,,,,,,1,0,2024,2024-07
2024-07-31,2024,R,669022,645444,FF,4-Seam Fastball,,ball,R,L,AZ,WSH,95.00,,,,,,0,0,2024,2024-07
2024-07-31,2024,R,669022,656976,CU,Curveball,field_out,hit_into_play,L,L,AZ,WSH,81.80,30.80,8,148.00,177.00,ground_ball,3,2,2024,2024-07
2024-07-31,2024,R,669022,656976,FC,Cutter,,foul,L,L,AZ,WSH,88.60,62.60,50,,,,3,2,2024,2024-07
2024-07-31,2024,R,669022,656976,SL,Slider,,ball,L,L,AZ,WSH,84.50,,,,,,2,2,2024,2024-07
2024-07-31,2024,R,669022,656976,FC,Cutter,,blocked_ball,L,L,AZ,WSH,92.40,,,,,,1,2,2024,2024-07
2024-07-31,2024,R,669022,656976,FF,4-Seam Fastball,,foul,L,L,AZ,WSH,94.60,79.40,26,,,,1,2,2024,2024-07
2024-07-31,2024,R,669022,656976,FF,4-Seam Fastball,,foul,L,L,AZ,WSH,95.30,78.60,35,,,,1,2,2024,2024-07
2024-07-31,2024,R,669022,656976,FC,Cutter,,foul,L,L,AZ,WSH,89.80,66.40,-41,,,,1,1,2024,2024-07
2024-07-31,2024,R,669022,656976,FC,Cutter,,foul_tip,L,L,AZ,WSH,91.30,,,,,,1,0,2024,2024-07
2024-07-31,2024,R,669022,656976,FC,Cutter,,ball,L,L,AZ,WSH,90.10,,,,,,0,0,2024,2024-07
2024-07-31,2024,R,669022,656976,FF,4-Seam Fastball,grounded_into_double_play,hit_into_play,L,L,AZ,WSH,93.80,94.90,0,137.34,189.56,ground_ball,0,0,2024,2024-07
2024-07-31,2024,R,669022,656976,FC,Cutter,field_out,hit_into_play,L,L,AZ,WSH,89.40,99.30,-1,152.48,149.22,ground_ball,1,0,2024,2024-07
2024-07-31,2024,R,669022,656976,FF,4-Seam Fastball,,ball,L,L,AZ,WSH,93.90,,,,,,0,0,2024,2024-07
2024-07-31,2024,R,669022,664983,FC,Cutter,single,hit_into_play,L,L,AZ,WSH,90.10,92.20,15,131.60,85.85,line_drive,0,0,2024,2024-07
2024-07-31,2024,R,669022,664983,CU,Curveball,triple,hit_into_play,L,L,AZ,WSH,82.80,92.30,24,167.27,49.15,line_drive,2,2,2024,2024-07
2024-07-31,2024,R,669022,664983,SL,Slider,,ball,L,L,AZ,WSH,86.00,,,,,,1,2,2024,2024-07
2024-07-31,2024,R,669022,664983,FF,4-Seam Fastball,,called_strike,L,L,AZ,WSH,95.10,,,,,,1,1,2024,2024-07
2024-07-31,2024,R,669022,664983,FF,4-Seam Fastball,,called_strike,L,L,AZ,WSH,94.80,,,,,,1,0,2024,2024-07
2024-07-31,2024,R,669022,664983,CU,Curveball,,ball,L,L,AZ,WSH,81.70,,,,,,0,0,2024,2024-07
2024-07-31,2024,R,669022,664983,FC,Cutter,single,hit_into_play,L,L,AZ,WSH,91.70,97.70,14,128.46,79.92,line_drive,1,1,2024,2024-07
2024-07-31,2024,R,669022,664983,FF,4-Seam Fastball,,called_strike,L,L,AZ,WSH,94.90,,,,,,1,0,2024,2024-07
2024-07-31,2024,R,669022,664983,FF,4-Seam Fastball,,ball,L,L,AZ,WSH,94.60,,,,,,0,0,2024,2024-07
2024-07-31,2024,R,669022,666971,FF,4-Seam Fastball,field_out,hit_into_play,R,L,AZ,WSH,94.10,93.10,36,84.78,60.05,fly_ball,0,0,2024,2024-07
2024-07-31,2024,R,669022,666971,FC,Cutter,double,hit_into_play,R,L,AZ,WSH,91.70,105.10,4,32.44,111.96,ground_ball,2,2,2024,2024-07
2024-07-31,2024,R,669022,666971,FF,4-Seam Fastball,,foul,R,L,AZ,WSH,95.70,78.80,45,,,,2,2,2024,2024-07
2024-07-31,2024,R,669022,666971,FF,4-Seam Fastball,,foul,R,L,AZ,WSH,95.80,67.00,43,,,,2,2,2024,2024-07
2024-07-31,2024,R,669022,666971,CU,Curveball,,foul,R,L,AZ,WSH,83.50,81.10,-13,,,,2,2,2024,2024-07
2024-07-31,2024,R,669022,666971,FC,Cutter,,ball,R,L,AZ,WSH,92.30,,,,,,1,2,2024,2024-07
2024-07-31,2024,R,669022,666971,FC,Cutter,,swinging_strike,R,L,AZ,WSH,91.30,,,,,,1,1,2024,2024-07
2024-07-31,2024,R,669022,666971,FF,4-Seam Fastball,,ball,R,L,AZ,WSH,96.10,,,,,,0,1,2024,2024-07
2024-07-31,2024,R,669022,666971,FF,4-Seam Fastball,,foul,R,L,AZ,WSH,95.90,77.10,37,,,,0,0,2024,2024-07
2024-07-31,2024,R,669022,666971,CU,Curveball,field_out,hit_into_play,R,L,AZ,WSH,80.80,90.90,-21,100.44,164.96,ground_ball,2,1,2024,2024-07
2024-07-31,2024,R,669022,666971,FC,Cutter,,blocked_ball,R,L,AZ,WSH,90.50,,,,,,1,1,2024,2024-07
2024-07-31,2024,R,669022,666971,CU,Curveball,,called_strike,R,L,AZ,WSH,81.10,,,,,,1,0,2024,2024-07
2024-07-31,2024,R,669022,666971,FF,4-Seam Fastball,,ball,R,L,AZ,WSH,95.10,,,,,,0,0,2024,2024-07
2024-07-31,2024,R,669022,682998,FF,4-Seam Fastball,field_out,hit_into_play,L,L,AZ,WSH,93.60,80.90,58,166.30,128.18,fly_ball,3,1,2024,2024-07
2024-07-31,2024,R,669022,682998,FF,4-Seam Fastball,,called_strike,L,L,AZ,WSH,92.90,,,,,,3,0,2024,2024-07
2024-07-31,2024,R,669022,682998,FF,4-Seam Fastball,,ball,L,L,AZ,WSH,94.20,,,,,,2,0,2024,2024-07
2024-07-31,2024,R,669022,682998,FC,Cutter,,ball,L,L,AZ,WSH,90.20,,,,,,1,0,2024,2024-07
2024-07-31,2024,R,669022,682998,FF,4-Seam Fastball,,ball,L,L,AZ,WSH,94.20,,,,,,0,0,2024,2024-07
2024-07-31,2024,R,669022,682998,SL,Slider,field_out,hit_into_play,L,L,AZ,WSH,84.70,95.40,40,178.29,73.32,fly_ball,3,2,2024,2024-07
2024-07-31,2024,R,669022,682998,SL,Slider,,ball,L,L,AZ,WSH,85.80,,,,,,2,2,2024,2024-07
2024-07-31,2024,R,669022,682998,SL,Slider,,swinging_strike,L,L,AZ,WSH,84.60,,,,,,2,1,2024,2024-07
2024-07-31,2024,R,669022,682998,FF,4-Seam Fastball,,called_strike,L,L,AZ,WSH,95.30,,,,,,2,0,2024,2024-07
2024-07-31,2024,R,669022,682998,FF,4-Seam Fastball,,ball,L,L,AZ,WSH,94.20,,,,,,1,0,2024,2024-07
2024-07-31,2024,R,669022,682998,FF,4-Seam Fastball,,ball,L,L,AZ,WSH,95.30,,,,,,0,0,2024,2024-07
2024-07-31,2024,R,669211,665489,CH,Changeup,field_error,hit_into_play,R,L,BAL,TOR,86.90,105.60,-26,109.64,161.07,ground_ball,2,2,2024,2024-07
2024-07-31,2024,R,669211,665489,FF,4-Seam Fastball,,foul,R,L,BAL,TOR,94.60,72.30,42,,,,2,1,2024,2024-07
2024-07-31,2024,R,669211,665489,FF,4-Seam Fastball,,swinging_strike,R,L,BAL,TOR,95.20,,,,,,2,0,2024,2024-07
2024-07-31,2024,R,669211,665489,CH,Changeup,,ball,R,L,BAL,TOR,87.20,,,,,,1,0,2024,2024-07
2024-07-31,2024,R,669211,665489,CH,Changeup,,ball,R,L,BAL,TOR,86.70,,,,,,0,0,2024,2024-07
2024-07-31,2024,R,669211,676391,FF,4-Seam Fastball,field_out,hit_into_play,R,L,BAL,TOR,94.20,96.30,20,109.04,63.66,line_drive,2,1,2024,2024-07
2024-07-31,2024,R,669211,676391,FF,4-Seam Fastball,,foul,R,L,BAL,TOR,93.40,76.00,86,,,,2,0,2024,2024-07
2024-07-31,2024,R,669211,676391,CH,Changeup,,ball,R,L,BAL,TOR,85.20,,,,,,1,0,2024,2024-07
2024-07-31,2024,R,669211,676391,SL,Slider,,ball,R,L,BAL,TOR,85.70,,,,,,0,0,2024,2024-07
2024-07-31,2024,R,669211,687462,FF,4-Seam Fastball,strikeout,foul_tip,L,L,BAL,TOR,93.80,,,,,,2,2,2024,2024-07
2024-07-31,2024,R,669211,687462,FF,4-Seam Fastball,,foul,L,L,BAL,TOR,94.50,74.00,48,,,,2,2,2024,2024-07
2024-07-31,2024,R,669211,687462,FF,4-Seam Fastball,,foul,L,L,BAL,TOR,94.70,78.70,84,,,,2,2,2024,2024-07
2024-07-31,2024,R,669211,687462,CH,Changeup,,foul,L,L,BAL,TOR,85.70,70.70,-38,,,,2,2,2024,2024-07
2024-07-31,2024,R,669211,687462,SL,Slider,,blocked_ball,L,L,BAL,TOR,83.30,,,,,,1,2,2024,2024-07
2024-07-31,2024,R,669211,687462,FF,4-Seam Fastball,,foul,L,L,BAL,TOR,94.50,,,,,,1,2,2024,2024-07
2024-07-31,2024,R,669211,687462,FF,4-Seam Fastball,,ball,L,L,BAL,TOR,94.30,,,,,,0,2,2024,2024-07
2024-07-31,2024,R,669211,687462,CH,Changeup,,foul,L,L,BAL,TOR,85.30,55.90,63,,,,0,1,2024,2024-07
2024-07-31,2024,R,669211,687462,SL,Slider,,foul_tip,L,L,BAL,TOR,84.50,,,,,,0,0,2024,2024-07
2024-07-31,2024,R,669211,694388,SL,Slider,field_out,hit_into_play,L,L,BAL,TOR,83.30,96.00,44,129.00,85.00,fly_ball,1,0,2024,2024-07
2024-07-31,2024,R,669211,694388,FF,4-Seam Fastball,,ball,L,L,BAL,TOR,93.90,,,,,,0,0,2024,2024-07
2024-07-31,2024,R,669270,624503,SI,Sinker,field_out,hit_into_play,L,R,TB,MIA,92.30,61.00,-61,131.40,181.38,ground_ball,1,2,2024,2024-07
2024-07-31,2024,R,669270,624503,FF,4-Seam Fastball,,ball,L,R,TB,MIA,95.90,,,,,,0,2,2024,2024-07
2024-07-31,2024,R,669270,624503,FF,4-Seam Fastball,,swinging_strike,L,R,TB,MIA,94.50,,,,,,0,1,2024,2024-07
2024-07-31,2024,R,669270,624503,FC,Cutter,,called_strike,L,R,TB,MIA,88.90,,,,,,0,0,2024,2024-07
2024-07-31,2024,R,669270,645305,SI,Sinker,field_out,hit_into_play,R,R,TB,MIA,94.60,97.60,-26,132.94,137.02,ground_ball,0,0,2024,2024-07
2024-07-31,2024,R,669270,656896,SI,Sinker,field_out,hit_into_play,R,R,TB,MIA,93.70,90.70,-38,114.17,172.13,ground_ball,0,0,2024,2024-07
2024-07-31,2024,R,669270,660644,SI,Sinker,field_out,hit_into_play,L,R,TB,MIA,92.30,58.50,-28,109.97,173.76,ground_ball,2,0,2024,2024-07
2024-07-31,2024,R,669270,660644,CH,Changeup,,ball,L,R,TB,MIA,89.90,,,,,,1,0,2024,2024-07
2024-07-31,2024,R,669270,660644,FC,Cutter,,ball,L,R,TB,MIA,89.50,,,,,,0,0,2024,2024-07
2024-07-31,2024,R,669270,660821,FF,4-Seam Fastball,field_out,hit_into_play,L,R,TB,MIA,93.50,82.80,-24,156.55,154.57,ground_ball,3,2,2024,2024-07
2024-07-31,2024,R,669270,660821,FC,Cutter,,ball,L,R,TB,MIA,88.70,,,,,,2,2,2024,2024-07
2024-07-31,2024,R,669270,660821,FF,4-Seam Fastball,,ball,L,R,TB,MIA,95.30,,,,,,1,2,2024,2024-07
2024-07-31,2024,R,669270,660821,FF,4-Seam Fastball,,foul,L,R,TB,MIA,94.80,76.20,22,,,,1,1,2024,2024-07
2024-07-31,2024,R,669270,660821,FF,4-Seam Fastball,,ball,L,R,TB,MIA,94.90,,,,,,0,1,2024,2024-07
2024-07-31,2024,R,669270,660821,FC,Cutter,,called_strike,L,R,TB,MIA,89.40,,,,,,0,0,2024,2024-07
2024-07-31,2024,R,669270,681146,SI,Sinker,field_out,hit_into_play,R,R,TB,MIA,94.00,81.80,84,111.49,207.77,popup,2,2,2024,2024-07
2024-07-31,2024,R,669270,681146,SL,Slider,,ball,R,R,TB,MIA,83.10,,,,,,1,2,2024,2024-07
2024-07-31,2024,R,669270,681146,FC,Cutter,,foul,R,R,TB,MIA,88.70,72.80,17,,,,1,2,2024,2024-07
2024-07-31,2024,R,669270,681146,FC,Cutter,,foul,R,R,TB,MIA,87.80,72.40,44,,,,1,2,2024,2024-07
2024-07-31,2024,R,669270,681146,CU,Curveball,,called_strike,R,R,TB,MIA,80.70,,,,,,1,1,2024,2024-07
2024-07-31,2024,R,669270,681146,FC,Cutter,,ball,R,R,TB,MIA,89.80,,,,,,0,1,2024,2024-07
2024-07-31,2024,R,669270,681146,SI,Sinker,,foul,R,R,TB,MIA,94.60,87.70,2,,,,0,0,2024,2024-07
2024-07-31,2024,R,669622,650490,SI,Sinker,field_out,hit_into_play,R,R,TB,MIA,96.50,99.40,-35,157.76,152.15,ground_ball,2,2,2024,2024-07
2024-07-31,2024,R,669622,650490,ST,Sweeper,,ball,R,R,TB,MIA,84.40,,,,,,1,2,2024,2024-07
2024-07-31,2024,R,669622,650490,ST,Sweeper,,foul,R,R,TB,MIA,83.60,68.50,17,,,,1,1,2024,2024-07
2024-07-31,2024,R,669622,650490,ST,Sweeper,,ball,R,R,TB,MIA,83.70,,,,,,0,1,2024,2024-07
2024-07-31,2024,R,669622,650490,SI,Sinker,,called_strike,R,R,TB,MIA,95.90,,,,,,0,0,2024,2024-07
2024-07-31,2024,R,669622,664040,SI,Sinker,single,hit_into_play,L,R,TB,MIA,95.40,101.30,-4,89.87,122.82,ground_ball,0,0,2024,2024-07
2024-07-31,2024,R,669622,666139,SI,Sinker,single,hit_into_play,L,R,TB,MIA,96.00,84.70,19,51.33,115.43,line_drive,3,1,2024,2024-07
2024-07-31,2024,R,669622,666139,FC,Cutter,,ball,L,R,TB,MIA,93.70,,,,,,2,1,2024,2024-07
2024-07-31,2024,R,669622,666139,SI,Sinker,,foul,L,R,TB,MIA,96.30,90.10,51,,,,2,0,2024,2024-07
2024-07-31,2024,R,669622,666139,ST,Sweeper,,ball,L,R,TB,MIA,84.60,,,,,,1,0,2024,2024-07
2024-07-31,2024,R,669622,666139,ST,Sweeper,,ball,L,R,TB,MIA,83.80,,,,,,0,0,2024,2024-07
2024-07-31,2024,R,669622,666624,SI,Sinker,strikeout,called_strike,R,R,TB,MIA,96.60,,,,,,2,2,2024,2024-07
2024-07-31,2024,R,669622,666624,SI,Sinker,,ball,R,R,TB,MIA,97.40,,,,,,1,2,2024,2024-07
2024-07-31,2024,R,669622,666624,ST,Sweeper,,foul,R,R,TB,MIA,84.70,68.90,36,,,,1,2,2024,2024-07
2024-07-31,2024,R,669622,666624,ST,Sweeper,,swinging_strike,R,R,TB,MIA,85.40,,,,,,1,1,2024,2024-07
2024-07-31,2024,R,669622,666624,ST,Sweeper,,ball,R,R,TB,MIA,84.40,,,,,,0,1,2024,2024-07
2024-07-31,2024,R,669622,666624,ST,Sweeper,,called_strike,R,R,TB,MIA,84.80,,,,,,0,0,2024,2024-07
2024-07-31,2024,R,669622,676609,SI,Sinker,strikeout,called_strike,R,R,TB,MIA,96.90,,,,,,1,2,2024,2024-07
2024-07-31,2024,R,669622,676609,ST,Sweeper,,foul,R,R,TB,MIA,85.90,65.50,60,,,,1,2,2024,2024-07
2024-07-31,2024,R,669622,676609,ST,Sweeper,,called_strike,R,R,TB,MIA,84.90,,,,,,1,1,2024,2024-07
2024-07-31,2024,R,669622,676609,ST,Sweeper,,swinging_strike,R,R,TB,MIA,84.80,,,,,,1,0,2024,2024-07
2024-07-31,2024,R,669622,676609,ST,Sweeper,,ball,R,R,TB,MIA,85.10,,,,,,0,0,2024,2024-07
2024-07-31,2024,R,669721,453568,CU,Curveball,field_out,hit_into_play,L,R,LAA,COL,73.60,74.50,72,88.69,189.78,popup,2,2,2024,2024-07
2024-07-31,2024,R,669721,453568,FF,4-Seam Fastball,,ball,L,R,LAA,COL,90.40,,,,,,1,2,2024,2024-07
2024-07-31,2024,R,669721,453568,SL,Slider,,foul,L,R,LAA,COL,79.40,102.20,39,,,,1,2,2024,2024-07
2024-07-31,2024,R,669721,453568,FF,4-Seam Fastball,,foul,L,R,LAA,COL,91.00,79.90,48,,,,1,2,2024,2024-07
2024-07-31,2024,R,669721,453568,SL,Slider,,foul,L,R,LAA,COL,81.20,51.40,45,,,,1,1,2024,2024-07
2024-07-31,2024,R,669721,453568,FF,4-Seam Fastball,,ball,L,R,LAA,COL,90.60,,,,,,0,1,2024,2024-07
2024-07-31,2024,R,669721,453568,CH,Changeup,,foul,L,R,LAA,COL,83.20,81.80,57,,,,0,0,2024,2024-07
2024-07-31,2024,R,669721,453568,CH,Changeup,field_out,hit_into_play,L,R,LAA,COL,84.30,85.80,5,150.39,147.57,ground_ball,1,0,2024,2024-07
2024-07-31,2024,R,669721,453568,FF,4-Seam Fastball,,ball,L,R,LAA,COL,91.80,,,,,,0,0,2024,2024-07
2024-07-31,2024,R,669721,453568,CH,Changeup,field_out,hit_into_play,L,R,LAA,COL,85.70,81.90,38,174.10,90.97,fly_ball,0,1,2024,2024-07
2024-07-31,2024,R,669721,453568,FF,4-Seam Fastball,,called_strike,L,R,LAA,COL,91.00,,,,,,0,0,2024,2024-07
2024-07-31,2024,R,669721,553869,FF,4-Seam Fastball,field_out,hit_into_play,R,R,LAA,COL,90.90,82.80,4,99.01,161.22,ground_ball,1,1,2024,2024-07
2024-07-31,2024,R,669721,553869,SL,Slider,,swinging_strike,R,R,LAA,COL,79.50,,,,,,1,0,2024,2024-07
2024-07-31,2024,R,669721,553869,FF,4-Seam Fastball,,ball,R,R,LAA,COL,90.70,,,,,,0,0,2024,2024-07
2024-07-31,2024,R,669721,553869,FF,4-Seam Fastball,double,hit_into_play,R,R,LAA,COL,91.70,101.20,10,148.58,109.27,line_drive,1,1,2024,2024-07
2024-07-31,2024,R,669721,553869,SL,Slider,,ball,R,R,LAA,COL,82.30,,,,,,0,1,2024,2024-07
2024-07-31,2024,R,669721,553869,FF,4-Seam Fastball,,foul,R,R,LAA,COL,92.10,68.60,38,,,,0,0,2024,2024-07
2024-07-31,2024,R,669721,592178,SL,Slider,strikeout,swinging_strike,R,R,LAA,COL,80.50,,,,,,0,2,2024,2024-07
2024-07-31,2024,R,669721,592178,SL,Slider,,foul,R,R,LAA,COL,80.60,63.60,-21,,,,0,2,2024,2024-07
2024-07-31,2024,R,669721,592178,FF,4-Seam Fastball,,foul,R,R,LAA,COL,89.40,61.40,71,,,,0,1,2024,2024-07
2024-07-31,2024,R,669721,592178,FF,4-Seam Fastball,,called_strike,R,R,LAA,COL,90.90,,,,,,0,0,2024,2024-07
2024-07-31,2024,R,669721,592178,SL,Slider,single,hit_into_play,R,R,LAA,COL,82.30,71.20,32,82.40,101.30,fly_ball,0,0,2024,2024-07
2024-07-31,2024,R,669721,595909,CH,Changeup,single,hit_into_play,L,R,LAA,COL,84.50,81.70,19,118.95,86.15,line_drive,2,2,2024,2024-07
2024-07-31,2024,R,669721,595909,FF,4-Seam Fastball,,ball,L,R,LAA,COL,91.20,,,,,,1,2,2024,2024-07
2024-07-31,2024,R,669721,595909,FF,4-Seam Fastball,,called_strike,L,R,LAA,COL,91.20,,,,,,1,1,2024,2024-07
2024-07-31,2024,R,669721,595909,SL,Slider,,ball,L,R,LAA,COL,80.30,,,,,,0,1,2024,2024-07
2024-07-31,2024,R,669721,595909,FF,4-Seam Fastball,,foul_tip,L,R,LAA,COL,91.20,,,,,,0,0,2024,2024-07
2024-07-31,2024,R,669721,595909,FF,4-Seam Fastball,field_out,hit_into_play,L,R,LAA,COL,92.20,48.60,24,98.97,167.74,line_drive,2,2,2024,2024-07
2024-07-31,2024,R,669721,595909,FF,4-Seam Fastball,,foul,L,R,LAA,COL,90.90,70.30,49,,,,2,2,2024,2024-07
2024-07-31,2024,R,669721,595909,CH,Changeup,,foul,L,R,LAA,COL,84.20,76.80,56,,,,2,1,2024,2024-07
2024-07-31,2024,R,669721,595909,FF,4-Seam Fastball,,ball,L,R,LAA,COL,90.10,,,,,,1,1,2024,2024-07
2024-07-31,2024,R,669721,595909,CH,Changeup,,ball,L,R,LAA,COL,83.70,,,,,,0,1,2024,2024-07
2024-07-31,2024,R,669721,595909,CU,Curveball,,called_strike,L,R,LAA,COL,73.20,,,,,,0,0,2024,2024-07
2024-07-31,2024,R,669721,641857,FF,4-Seam Fastball,field_out,hit_into_play,L,R,LAA,COL,91.40,76.60,32,116.94,89.97,fly_ball,3,2,2024,2024-07
2024-07-31,2024,R,669721,641857,CH,Changeup,,foul,L,R,LAA,COL,85.00,80.90,-34,,,,3,2,2024,2024-07
2024-07-31,2024,R,669721,641857,FF,4-Seam Fastball,,foul,L,R,LAA,COL,91.00,71.00,29,,,,3,2,2024,2024-07
2024-07-31,2024,R,669721,641857,FF,4-Seam Fastball,,ball,L,R,LAA,COL,91.50,,,,,,2,2,2024,2024-07
2024-07-31,2024,R,669721,641857,SL,Slider,,foul,L,R,LAA,COL,80.60,83.50,63,,,,2,1,2024,2024-07
2024-07-31,2024,R,669721,641857,CH,Changeup,,ball,L,R,LAA,COL,84.80,,,,,,1,1,2024,2024-07
2024-07-31,2024,R,669721,641857,FF,4-Seam Fastball,,called_strike,L,R,LAA,COL,91.40,,,,,,1,0,2024,2024-07
2024-07-31,2024,R,669721,641857,FF,4-Seam Fastball,,ball,L,R,LAA,COL,92.10,,,,,,0,0,2024,2024-07
2024-07-31,2024,R,669721,641857,SL,Slider,walk,ball,L,R,LAA,COL,82.20,,,,,,3,2,2024,2024-07
2024-07-31,2024,R,669721,641857,CH,Changeup,,foul_tip,L,R,LAA,COL,84.00,,,,,,3,1,2024,2024-07
2024-07-31,2024,R,669721,641857,CH,Changeup,,ball,L,R,LAA,COL,83.80,,,,,,2,1,2024,2024-07
2024-07-31,2024,R,669721,641857,CH,Changeup,,foul,L,R,LAA,COL,85.00,76.90,-6,,,,2,0,2024,2024-07
2024-07-31,2024,R,669721,641857,FF,4-Seam Fastball,,ball,L,R,LAA,COL,91.80,,,,,,1,0,2024,2024-07
2024-07-31,2024,R,669721,641857,FF,4-Seam Fastball,,ball,L,R,LAA,COL,90.90,,,,,,0,0,2024,2024-07
2024-07-31,2024,R,669721,663898,FF,4-Seam Fastball,single,hit_into_play,R,R,LAA,COL,90.90,83.70,5,122.81,100.13,ground_ball,1,1,2024,2024-07
2024-07-31,2024,R,669721,663898,CU,Curveball,,ball,R,R,LAA,COL,73.60,,,,,,0,1,2024,2024-07
2024-07-31,2024,R,669721,663898,FF,4-Seam Fastball,,called_strike,R,R,LAA,COL,91.70,,,,,,0,0,2024,2024-07
2024-07-31,2024,R,669721,663898,CH,Changeup,field_out,hit_into_play,R,R,LAA,COL,84.10,79.10,-13,102.07,152.60,ground_ball,2,2,2024,2024-07
2024-07-31,2024,R,669721,663898,FF,4-Seam Fastball,,foul,R,R,LAA,COL,91.40,79.20,13,,,,2,2,2024,2024-07
2024-07-31,2024,R,669721,663898,SL,Slider,,ball,R,R,LAA,COL,81.40,,,,,,1,2,2024,2024-07
2024-07-31,2024,R,669721,663898,FF,4-Seam Fastball,,foul,R,R,LAA,COL,92.40,71.60,39,,,,1,2,2024,2024-07
2024-07-31,2024,R,669721,663898,FF,4-Seam Fastball,,foul,R,R,LAA,COL,91.70,70.70,43,,,,1,1,2024,2024-07
2024-07-31,2024,R,669721,663898,FF,4-Seam Fastball,,ball,R,R,LAA,COL,91.50,,,,,,0,1,2024,2024-07
2024-07-31,2024,R,669721,663898,SL,Slider,,called_strike,R,R,LAA,COL,82.30,,,,,,0,0,2024,2024-07
2024-07-31,2024,R,669721,669911,FF,4-Seam Fastball,field_out,hit_into_play,L,R,LAA,COL,91.50,100.00,24,106.15,45.62,fly_ball,0,2,2024,2024-07
2024-07-31,2024,R,669721,669911,SL,Slider,,foul,L,R,LAA,COL,78.80,56.00,21,,,,0,2,2024,2024-07
2024-07-31,2024,R,669721,669911,SL,Slider,,foul,L,R,LAA,COL,80.60,66.70,30,,,,0,1,2024,2024-07
2024-07-31,2024,R,669721,669911,CH,Changeup,,foul,L,R,LAA,COL,83.20,72.30,16,,,,0,0,2024,2024-07
2024-07-31,2024,R,669721,669911,FF,4-Seam Fastball,strikeout,called_strike,L,R,LAA,COL,91.70,,,,,,1,2,2024,2024-07
2024-07-31,2024,R,669721,669911,CH,Changeup,,ball,L,R,LAA,COL,85.00,,,,,,0,2,2024,2024-07
2024-07-31,2024,R,669721,669911,SL,Slider,,foul,L,R,LAA,COL,79.00,99.80,22,,,,0,1,2024,2024-07
2024-07-31,2024,R,669721,669911,FF,4-Seam Fastball,,called_strike,L,R,LAA,COL,90.30,,,,,,0,0,2024,2024-07
2024-07-31,2024,R,669721,678662,SL,Slider,field_out,hit_into_play,R,R,LAA,COL,79.00,90.40,55,162.95,116.20,fly_ball,0,1,2024,2024-07
2024-07-31,2024,R,669721,678662,FF,4-Seam Fastball,,swinging_strike,R,R,LAA,COL,90.90,,,,,,0,0,2024,2024-07
2024-07-31,2024,R,669721,678662,FF,4-Seam Fastball,strikeout,swinging_strike,R,R,LAA,COL,92.10,,,,,,0,2,2024,2024-07
2024-07-31,2024,R,669721,678662,FF,4-Seam Fastball,,called_strike,R,R,LAA,COL,91.50,,,,,,0,1,2024,2024-07
2024-07-31,2024,R,669721,678662,FF,4-Seam Fastball,,foul,R,R,LAA,COL,90.70,64.10,57,,,,0,0,2024,2024-07
2024-07-31,2024,R,669721,678662,SL,Slider,single,hit_into_play,R,R,LAA,COL,82.90,97.90,15,75.55,84.47,line_drive,1,1,2024,2024-07
2024-07-31,2024,R,669721,678662,FF,4-Seam Fastball,,foul,R,R,LAA,COL,91.80,81.90,57,,,,1,0,2024,2024-07
2024-07-31,2024,R,669721,678662,CU,Curveball,,ball,R,R,LAA,COL,74.80,,,,,,0,0,2024,2024-07
2024-07-31,2024,R,669721,686668,FF,4-Seam Fastball,strikeout,called_strike,R,R,LAA,COL,91.70,,,,,,2,2,2024,2024-07
2024-07-31,2024,R,669721,686668,FF,4-Seam Fastball,,called_strike,R,R,LAA,COL,90.40,,,,,,2,1,2024,2024-07
2024-07-31,2024,R,669721,686668,SL,Slider,,ball,R,R,LAA,COL,79.50,,,,,,1,1,2024,2024-07
2024-07-31,2024,R,669721,686668,SL,Slider,,foul,R,R,LAA,COL,80.00,46.20,-56,,,,1,0,2024,2024-07
2024-07-31,2024,R,669721,686668,FF,4-Seam Fastball,,ball,R,R,LAA,COL,90.40,,,,,,0,0,2024,2024-07
2024-07-31,2024,R,669721,686668,SL,Slider,strikeout,swinging_strike,R,R,LAA,COL,80.10,,,,,,2,2,2024,2024-07
2024-07-31,2024,R,669721,686668,SL,Slider,,foul,R,R,LAA,COL,80.00,68.00,80,,,,2,2,2024,2024-07
2024-07-31,2024,R,669721,686668,SL,Slider,,swinging_strike,R,R,LAA,COL,81.30,,,,,,2,1,2024,2024-07
2024-07-31,2024,R,669721,686668,FF,4-Seam Fastball,,ball,R,R,LAA,COL,91.30,,,,,,1,1,2024,2024-07
2024-07-31,2024,R,669721,686668,SL,Slider,,foul,R,R,LAA,COL,80.40,88.80,-7,,,,1,0,2024,2024-07
2024-07-31,2024,R,669721,686668,CU,Curveball,,ball,R,R,LAA,COL,74.60,,,,,,0,0,2024,2024-07
2024-07-31,2024,R,669721,686668,SL,Slider,field_out,hit_into_play,R,R,LAA,COL,81.70,84.20,81,152.16,199.30,popup,0,0,2024,2024-07
2024-07-31,2024,R,669923,608701,FF,4-Seam Fastball,field_out,hit_into_play,R,R,BOS,SEA,97.30,102.40,21,188.19,69.93,line_drive,1,2,2024,2024-07
2024-07-31,2024,R,669923,608701,ST,Sweeper,,called_strike,R,R,BOS,SEA,88.20,,,,,,1,1,2024,2024-07
2024-07-31,2024,R,669923,608701,KC,Knuckle Curve,,ball,R,R,BOS,SEA,83.60,,,,,,0,1,2024,2024-07
2024-07-31,2024,R,669923,608701,ST,Sweeper,,called_strike,R,R,BOS,SEA,86.60,,,,,,0,0,2024,2024-07
2024-07-31,2024,R,669923,608701,SI,Sinker,field_out,hit_into_play,R,R,BOS,SEA,97.00,87.10,36,119.68,68.25,fly_ball,3,2,2024,2024-07
2024-07-31,2024,R,669923,608701,SI,Sinker,,foul,R,R,BOS,SEA,97.20,61.50,31,,,,3,2,2024,2024-07
2024-07-31,2024,R,669923,608701,SI,Sinker,,ball,R,R,BOS,SEA,97.70,,,,,,2,2,2024,2024-07
2024-07-31,2024,R,669923,608701,FS,Split-Finger,,blocked_ball,R,R,BOS,SEA,87.50,,,,,,1,2,2024,2024-07
2024-07-31,2024,R,669923,608701,FF,4-Seam Fastball,,foul_tip,R,R,BOS,SEA,96.30,,,,,,1,1,2024,2024-07
2024-07-31,2024,R,669923,608701,ST,Sweeper,,ball,R,R,BOS,SEA,89.20,,,,,,0,1,2024,2024-07
2024-07-31,2024,R,669923,608701,SI,Sinker,,swinging_strike,R,R,BOS,SEA,96.80,,,,,,0,0,2024,2024-07
2024-07-31,2024,R,669923,608701,FS,Split-Finger,strikeout,swinging_strike,R,R,BOS,SEA,87.80,,,,,,1,2,2024,2024-07
2024-07-31,2024,R,669923,608701,SI,Sinker,,foul,R,R,BOS,SEA,97.80,81.00,-21,,,,1,1,2024,2024-07
2024-07-31,2024,R,669923,608701,SI,Sinker,,called_strike,R,R,BOS,SEA,96.90,,,,,,1,0,2024,2024-07
2024-07-31,2024,R,669923,608701,ST,Sweeper,,ball,R,R,BOS,SEA,89.90,,,,,,0,0,2024,2024-07
2024-07-31,2024,R,669923,642086,FF,4-Seam Fastball,double,hit_into_play,L,R,BOS,SEA,97.00,89.40,16,192.69,126.38,line_drive,0,1,2024,2024-07
2024-07-31,2024,R,669923,642086,FS,Split-Finger,,called_strike,L,R,BOS,SEA,86.50,,,,,,0,0,2024,2024-07
2024-07-31,2024,R,669923,642086,KC,Knuckle Curve,field_out,hit_into_play,L,R,BOS,SEA,83.00,90.00,-16,153.97,153.74,ground_ball,0,0,2024,2024-07
2024-07-31,2024,R,669923,642086,ST,Sweeper,field_out,hit_into_play,L,R,BOS,SEA,87.70,94.80,28,171.71,64.05,fly_ball,0,1,2024,2024-07
2024-07-31,2024,R,669923,642086,SI,Sinker,,called_strike,L,R,BOS,SEA,96.20,,,,,,0,0,2024,2024-07
2024-07-31,2024,R,669923,643376,SI,Sinker,single,hit_into_play,R,R,BOS,SEA,96.30,103.80,-10,168.14,89.47,ground_ball,1,0,2024,2024-07
2024-07-31,2024,R,669923,643376,SI,Sinker,,ball,R,R,BOS,SEA,96.00,,,,,,0,0,2024,2024-07
2024-07-31,2024,R,669923,643376,ST,Sweeper,strikeout,called_strike,R,R,BOS,SEA,87.10,,,,,,2,2,2024,2024-07
2024-07-31,2024,R,669923,643376,ST,Sweeper,,foul,R,R,BOS,SEA,88.10,54.80,-37,,,,2,2,2024,2024-07
2024-07-31,2024,R,669923,643376,KC,Knuckle Curve,,ball,R,R,BOS,SEA,82.60,,,,,,1,2,2024,2024-07
2024-07-31,2024,R,669923,643376,SI,Sinker,,foul,R,R,BOS,SEA,96.00,,,,,,1,1,2024,2024-07
2024-07-31,2024,R,669923,643376,FS,Split-Finger,,ball,R,R,BOS,SEA,87.10,,,,,,0,1,2024,2024-07
2024-07-31,2024,R,669923,643376,SI,Sinker,,called_strike,R,R,BOS,SEA,95.20,,,,,,0,0,2024,2024-07
2024-07-31,2024,R,669923,643376,FF,4-Seam Fastball,single,hit_into_play,R,R,BOS,SEA,97.10,64.00,-68,118.18,196.47,ground_ball,0,2,2024,2024-07
2024-07-31,2024,R,669923,643376,ST,Sweeper,,swinging_strike,R,R,BOS,SEA,88.80,,,,,,0,1,2024,2024-07
2024-07-31,2024,R,669923,643376,ST,Sweeper,,called_strike,R,R,BOS,SEA,88.20,,,,,,0,0,2024,2024-07
2024-07-31,2024,R,669923,646240,SI,Sinker,field_out,hit_into_play,L,R,BOS,SEA,97.70,86.30,25,68.45,104.23,line_drive,1,2,2024,2024-07
2024-07-31,2024,R,669923,646240,FS,Split-Finger,,blocked_ball,L,R,BOS,SEA,87.40,,,,,,0,2,2024,2024-07
2024-07-31,2024,R,669923,646240,SI,Sinker,,called_strike,L,R,BOS,SEA,97.30,,,,,,0,1,2024,2024-07
2024-07-31,2024,R,669923,646240,FF,4-Seam Fastball,,foul,L,R,BOS,SEA,96.90,74.50,66,,,,0,0,2024,2024-07
2024-07-31,2024,R,669923,646240,KC,Knuckle Curve,single,hit_into_play,L,R,BOS,SEA,84.90,86.40,8,96.15,120.95,ground_ball,1,2,2024,2024-07
2024-07-31,2024,R,669923,646240,FF,4-Seam Fastball,,swinging_strike,L,R,BOS,SEA,95.80,,,,,,1,1,2024,2024-07
2024-07-31,2024,R,669923,646240,FS,Split-Finger,,foul,L,R,BOS,SEA,86.30,72.10,22,,,,1,0,2024,2024-07
2024-07-31,2024,R,669923,646240,FF,4-Seam Fastball,,ball,L,R,BOS,SEA,95.90,,,,,,0,0,2024,2024-07
2024-07-31,2024,R,669923,646240,FF,4-Seam Fastball,double,hit_into_play,L,R,BOS,SEA,97.00,108.00,22,115.70,53.61,fly_ball,2,1,2024,2024-07
2024-07-31,2024,R,669923,646240,FS,Split-Finger,,ball,L,R,BOS,SEA,87.50,,,,,,1,1,2024,2024-07
2024-07-31,2024,R,669923,646240,FF,4-Seam Fastball,,foul,L,R,BOS,SEA,97.00,83.60,66,,,,1,0,2024,2024-07
2024-07-31,2024,R,669923,646240,FF,4-Seam Fastball,,ball,L,R,BOS,SEA,96.70,,,,,,0,0,2024,2024-07
2024-07-31,2024,R,669923,666152,KC,Knuckle Curve,field_out,hit_into_play,L,R,BOS,SEA,83.20,93.50,39,167.75,61.76,fly_ball,0,1,2024,2024-07
2024-07-31,2024,R,669923,666152,KC,Knuckle Curve,,foul,L,R,BOS,SEA,82.90,104.10,19,,,,0,0,2024,2024-07
2024-07-31,2024,R,669923,666152,FS,Split-Finger,force_out,hit_into_play,L,R,BOS,SEA,86.10,65.00,-34,137.78,152.73,ground_ball,0,1,2024,2024-07
2024-07-31,2024,R,669923,666152,ST,Sweeper,,called_strike,L,R,BOS,SEA,89.10,,,,,,0,0,2024,2024-07
2024-07-31,2024,R,669923,677800,ST,Sweeper,field_out,hit_into_play,L,R,BOS,SEA,86.50,84.70,58,125.75,123.92,popup,0,0,2024,2024-07
2024-07-31,2024,R,669923,677800,FF,4-Seam Fastball,field_out,hit_into_play,L,R,BOS,SEA,96.10,90.40,34,139.42,62.03,fly_ball,1,1,2024,2024-07
2024-07-31,2024,R,669923,677800,FS,Split-Finger,,ball,L,R,BOS,SEA,88.00,,,,,,0,1,2024,2024-07
2024-07-31,2024,R,669923,677800,KC,Knuckle Curve,,swinging_strike,L,R,BOS,SEA,84.10,,,,,,0,0,2024,2024-07
2024-07-31,2024,R,669923,677800,ST,Sweeper,field_out,hit_into_play,L,R,BOS,SEA,89.50,66.20,23,118.15,124.18,line_drive,2,2,2024,2024-07
2024-07-31,2024,R,669923,677800,SI,Sinker,,foul,L,R,BOS,SEA,97.70,76.50,50,,,,2,2,2024,2024-07
2024-07-31,2024,R,669923,677800,KC,Knuckle Curve,,ball,L,R,BOS,SEA,85.70,,,,,,1,2,2024,2024-07
2024-07-31,2024,R,669923,677800,ST,Sweeper,,called_strike,L,R,BOS,SEA,89.00,,,,,,1,1,2024,2024-07
2024-07-31,2024,R,669923,677800,FF,4-Seam Fastball,,ball,L,R,BOS,SEA,97.20,,,,,,0,1,2024,2024-07
2024-07-31,2024,R,669923,677800,FF,4-Seam Fastball,,called_strike,L,R,BOS,SEA,96.30,,,,,,0,0,2024,2024-07
2024-07-31,2024,R,669923,678882,FS,Split-Finger,single,hit_into_play,R,R,BOS,SEA,86.90,62.80,-12,148.40,140.51,ground_ball,0,2,2024,2024-07
2024-07-31,2024,R,669923,678882,ST,Sweeper,,foul,R,R,BOS,SEA,86.70,94.70,10,,,,0,1,2024,2024-07
2024-07-31,2024,R,669923,678882,FS,Split-Finger,,foul,R,R,BOS,SEA,86.20,66.60,-34,,,,0,0,2024,2024-07
2024-07-31,2024,R,669923,678882,FF,4-Seam Fastball,field_out,hit_into_play,R,R,BOS,SEA,95.90,86.70,73,164.60,198.27,popup,2,2,2024,2024-07
2024-07-31,2024,R,669923,678882,SI,Sinker,,foul,R,R,BOS,SEA,95.80,75.40,-50,,,,2,1,2024,2024-07
2024-07-31,2024,R,669923,678882,FF,4-Seam Fastball,,ball,R,R,BOS,SEA,96.00,,,,,,1,1,2024,2024-07
2024-07-31,2024,R,669923,678882,ST,Sweeper,,ball,R,R,BOS,SEA,89.00,,,,,,0,1,2024,2024-07
2024-07-31,2024,R,669923,678882,FF,4-Seam Fastball,,foul,R,R,BOS,SEA,96.30,83.10,55,,,,0,0,2024,2024-07
2024-07-31,2024,R,669923,680776,SI,Sinker,single,hit_into_play,L,R,BOS,SEA,95.80,100.50,11,81.61,102.12,line_drive,1,0,2024,2024-07
2024-07-31,2024,R,669923,680776,FF,4-Seam Fastball,,ball,L,R,BOS,SEA,94.60,,,,,,0,0,2024,2024-07
2024-07-31,2024,R,669923,680776,SI,Sinker,field_out,hit_into_play,L,R,BOS,SEA,95.50,88.10,-24,122.10,141.46,ground_ball,3,2,2024,2024-07
2024-07-31,2024,R,669923,680776,FS,Split-Finger,,ball,L,R,BOS,SEA,88.00,,,,,,2,2,2024,2024-07
2024-07-31,2024,R,669923,680776,ST,Sweeper,,foul,L,R,BOS,SEA,88.20,64.00,52,,,,2,2,2024,2024-07
2024-07-31,2024,R,669923,680776,FS,Split-Finger,,ball,L,R,BOS,SEA,87.10,,,,,,1,2,2024,2024-07
2024-07-31,2024,R,669923,680776,FF,4-Seam Fastball,,foul,L,R,BOS,SEA,96.50,76.50,56,,,,1,2,2024,2024-07
2024-07-31,2024,R,669923,680776,ST,Sweeper,,foul,L,R,BOS,SEA,88.50,62.50,44,,,,1,2,2024,2024-07
2024-07-31,2024,R,669923,680776,KC,Knuckle Curve,,foul,L,R,BOS,SEA,84.10,78.10,-38,,,,1,1,2024,2024-07
2024-07-31,2024,R,669923,680776,FF,4-Seam Fastball,,ball,L,R,BOS,SEA,96.40,,,,,,0,1,2024,2024-07
2024-07-31,2024,R,669923,680776,KC,Knuckle Curve,,called_strike,L,R,BOS,SEA,83.10,,,,,,0,0,2024,2024-07
2024-07-31,2024,R,669923,680776,FF,4-Seam Fastball,field_out,hit_into_play,L,R,BOS,SEA,97.00,76.50,35,60.83,114.75,fly_ball,1,1,2024,2024-07
2024-07-31,2024,R,669923,680776,FF,4-Seam Fastball,,foul,L,R,BOS,SEA,97.40,61.70,61,,,,1,0,2024,2024-07
2024-07-31,2024,R,669923,680776,KN,Knuckleball,,ball,L,R,BOS,SEA,73.90,,,,,,0,0,2024,2024-07
2024-07-31,2024,R,669923,807799,FF,4-Seam Fastball,field_out,hit_into_play,L,R,BOS,SEA,96.30,86.10,43,59.85,109.71,fly_ball,2,1,2024,2024-07
2024-07-31,2024,R,669923,807799,SI,Sinker,,called_strike,L,R,BOS,SEA,95.90,,,,,,2,0,2024,2024-07
2024-07-31,2024,R,669923,807799,ST,Sweeper,,ball,L,R,BOS,SEA,87.60,,,,,,1,0,2024,2024-07
2024-07-31,2024,R,669923,807799,FS,Split-Finger,,ball,L,R,BOS,SEA,85.90,,,,,,0,0,2024,2024-07
2024-07-31,2024,R,669923,807799,FS,Split-Finger,field_error,hit_into_play,L,R,BOS,SEA,86.90,95.80,-17,163.08,165.89,ground_ball,2,2,2024,2024-07
2024-07-31,2024,R,669923,807799,SI,Sinker,,foul,L,R,BOS,SEA,96.30,71.30,66,,,,2,2,2024,2024-07
2024-07-31,2024,R,669923,807799,KC,Knuckle Curve,,ball,L,R,BOS,SEA,84.20,,,,,,1,2,2024,2024-07
2024-07-31,2024,R,669923,807799,FS,Split-Finger,,ball,L,R,BOS,SEA,87.70,,,,,,0,2,2024,2024-07
2024-07-31,2024,R,669923,807799,FS,Split-Finger,,called_strike,L,R,BOS,SEA,88.00,,,,,,0,1,2024,2024-07
2024-07-31,2024,R,669923,807799,FF,4-Seam Fastball,,called_strike,L,R,BOS,SEA,96.40,,,,,,0,0,2024,2024-07
2024-07-31,2024,R,669923,807799,SI,Sinker,walk,ball,L,R,BOS,SEA,96.80,,,,,,3,2,2024,2024-07
2024-07-31,2024,R,669923,807799,FS,Split-Finger,,ball,L,R,BOS,SEA,88.40,,,,,,2,2,2024,2024-07
2024-07-31,2024,R,669923,807799,ST,Sweeper,,foul,L,R,BOS,SEA,89.80,102.70,30,,,,2,1,2024,2024-07
2024-07-31,2024,R,669923,807799,ST,Sweeper,,ball,L,R,BOS,SEA,88.20,,,,,,1,1,2024,2024-07
2024-07-31,2024,R,669923,807799,ST,Sweeper,,called_strike,L,R,BOS,SEA,89.30,,,,,,1,0,2024,2024-07
2024-07-31,2024,R,669923,807799,FF,4-Seam Fastball,,ball,L,R,BOS,SEA,97.60,,,,,,0,0,2024,2024-07
2024-07-31,2024,R,670059,643289,SI,Sinker,home_run,hit_into_play,R,R,HOU,PIT,97.30,104.40,25,55.21,53.70,fly_ball,0,0,2024,2024-07
2024-07-31,2024,R,670059,676694,ST,Sweeper,field_out,hit_into_play,R,R,HOU,PIT,85.50,98.00,20,78.57,69.66,line_drive,2,2,2024,2024-07
2024-07-31,2024,R,670059,676694,SI,Sinker,,foul,R,R,HOU,PIT,99.10,91.40,-62,,,,2,2,2024,2024-07
2024-07-31,2024,R,670059,676694,ST,Sweeper,,ball,R,R,HOU,PIT,85.50,,,,,,1,2,2024,2024-07
2024-07-31,2024,R,670059,676694,ST,Sweeper,,ball,R,R,HOU,PIT,87.20,,,,,,0,2,2024,2024-07
2024-07-31,2024,R,670059,676694,ST,Sweeper,,swinging_strike,R,R,HOU,PIT,86.20,,,,,,0,1,2024,2024-07
2024-07-31,2024,R,670059,676694,FC,Cutter,,foul,R,R,HOU,PIT,93.90,58.00,22,,,,0,0,2024,2024-07
2024-07-31,2024,R,670174,593871,FF,4-Seam Fastball,strikeout,swinging_strike,L,R,BOS,SEA,96.00,,,,,,1,2,2024,2024-07
2024-07-31,2024,R,670174,593871,CH,Changeup,,called_strike,L,R,BOS,SEA,90.90,,,,,,1,1,2024,2024-07
2024-07-31,2024,R,670174,593871,SI,Sinker,,called_strike,L,R,BOS,SEA,95.30,,,,,,1,0,2024,2024-07
2024-07-31,2024,R,670174,593871,FC,Cutter,,ball,L,R,BOS,SEA,91.90,,,,,,0,0,2024,2024-07
2024-07-31,2024,R,670174,641598,SI,Sinker,field_out,hit_into_play,R,R,BOS,SEA,95.60,79.40,-35,97.29,160.32,ground_ball,0,0,2024,2024-07
2024-07-31,2024,R,670174,664238,FC,Cutter,field_out,hit_into_play,R,R,BOS,SEA,90.90,94.60,30,144.43,55.24,fly_ball,3,2,2024,2024-07
2024-07-31,2024,R,670174,664238,FC,Cutter,,foul,R,R,BOS,SEA,91.10,60.20,-61,,,,3,1,2024,2024-07
2024-07-31,2024,R,670174,664238,SL,Slider,,ball,R,R,BOS,SEA,86.30,,,,,,2,1,2024,2024-07
2024-07-31,2024,R,670174,664238,FC,Cutter,,foul,R,R,BOS,SEA,89.60,67.30,44,,,,2,0,2024,2024-07
2024-07-31,2024,R,670174,664238,FC,Cutter,,ball,R,R,BOS,SEA,89.00,,,,,,1,0,2024,2024-07
2024-07-31,2024,R,670174,664238,SI,Sinker,,ball,R,R,BOS,SEA,94.80,,,,,,0,0,2024,2024-07
2024-07-31,2024,R,670174,670042,SL,Slider,hit_by_pitch,hit_by_pitch,L,R,BOS,SEA,87.30,,,,,,1,2,2024,2024-07
2024-07-31,2024,R,670174,670042,FC,Cutter,,called_strike,L,R,BOS,SEA,91.60,,,,,,1,1,2024,2024-07
2024-07-31,2024,R,670174,670042,FC,Cutter,,foul,L,R,BOS,SEA,91.40,65.40,42,,,,1,0,2024,2024-07
2024-07-31,2024,R,670174,670042,CH,Changeup,,ball,L,R,BOS,SEA,92.10,,,,,,0,0,2024,2024-07
2024-07-31,2024,R,670955,624503,FC,Cutter,single,hit_into_play,L,R,TB,MIA,87.80,103.50,13,181.78,88.20,line_drive,2,1,2024,2024-07
2024-07-31,2024,R,670955,624503,CH,Changeup,,ball,L,R,TB,MIA,87.00,,,,,,1,1,2024,2024-07
2024-07-31,2024,R,670955,624503,FC,Cutter,,ball,L,R,TB,MIA,89.00,,,,,,0,1,2024,2024-07
2024-07-31,2024,R,670955,624503,CH,Changeup,,called_strike,L,R,TB,MIA,85.20,,,,,,0,0,2024,2024-07
2024-07-31,2024,R,670955,645305,FF,4-Seam Fastball,sac_bunt,hit_into_play,R,R,TB,MIA,92.80,36.70,-49,125.52,183.56,ground_ball,0,1,2024,2024-07
2024-07-31,2024,R,670955,645305,ST,Sweeper,,foul_bunt,R,R,TB,MIA,78.80,,,,,,0,0,2024,2024-07
2024-07-31,2024,R,670955,656896,CH,Changeup,strikeout,called_strike,R,R,TB,MIA,88.10,,,,,,3,2,2024,2024-07
2024-07-31,2024,R,670955,656896,ST,Sweeper,,ball,R,R,TB,MIA,80.70,,,,,,2,2,2024,2024-07
2024-07-31,2024,R,670955,656896,CH,Changeup,,ball,R,R,TB,MIA,88.50,,,,,,1,2,2024,2024-07
2024-07-31,2024,R,670955,656896,FC,Cutter,,foul,R,R,TB,MIA,88.10,73.80,19,,,,1,1,2024,2024-07
2024-07-31,2024,R,670955,656896,FC,Cutter,,ball,R,R,TB,MIA,88.50,,,,,,0,1,2024,2024-07
2024-07-31,2024,R,670955,656896,ST,Sweeper,,called_strike,R,R,TB,MIA,80.60,,,,,,0,0,2024,2024-07
2024-07-31,2024,R,670955,660644,CH,Changeup,single,hit_into_play,L,R,TB,MIA,86.40,65.40,31,180.16,127.94,line_drive,1,1,2024,2024-07
2024-07-31,2024,R,670955,660644,CH,Changeup,,ball,L,R,TB,MIA,85.10,,,,,,0,1,2024,2024-07
2024-07-31,2024,R,670955,660644,FF,4-Seam Fastball,,called_strike,L,R,TB,MIA,91.40,,,,,,0,0,2024,2024-07
2024-07-31,2024,R,670955,660821,CH,Changeup,strikeout,swinging_strike,L,R,TB,MIA,85.90,,,,,,0,2,2024,2024-07
2024-07-31,2024,R,670955,660821,FF,4-Seam Fastball,,foul,L,R,TB,MIA,93.90,83.40,60,,,,0,1,2024,2024-07
2024-07-31,2024,R,670955,660821,CH,Changeup,,foul_tip,L,R,TB,MIA,87.30,,,,,,0,0,2024,2024-07
2024-07-31,2024,R,670955,669065,FF,4-Seam Fastball,strikeout,foul_tip,L,R,TB,MIA,93.30,,,,,,2,2,2024,2024-07
2024-07-31,2024,R,670955,669065,CH,Changeup,,called_strike,L,R,TB,MIA,85.70,,,,,,2,1,2024,2024-07
2024-07-31,2024,R,670955,669065,FF,4-Seam Fastball,,ball,L,R,TB,MIA,93.60,,,,,,1,1,2024,2024-07
2024-07-31,2024,R,670955,669065,CH,Changeup,,ball,L,R,TB,MIA,86.00,,,,,,0,1,2024,2024-07
2024-07-31,2024,R,670955,669065,CH,Changeup,,foul,L,R,TB,MIA,86.90,66.90,67,,,,0,0,2024,2024-07
2024-07-31,2024,R,670955,669065,FF,4-Seam Fastball,strikeout,swinging_strike,L,R,TB,MIA,93.10,,,,,,1,2,2024,2024-07
2024-07-31,2024,R,670955,669065,CH,Changeup,,foul,L,R,TB,MIA,87.70,79.50,-21,,,,1,2,2024,2024-07
2024-07-31,2024,R,670955,669065,FF,4-Seam Fastball,,ball,L,R,TB,MIA,93.00,,,,,,0,2,2024,2024-07
2024-07-31,2024,R,670955,669065,CH,Changeup,,foul,L,R,TB,MIA,87.50,64.80,46,,,,0,1,2024,2024-07
2024-07-31,2024,R,670955,669065,FF,4-Seam Fastball,,swinging_strike,L,R,TB,MIA,92.50,,,,,,0,0,2024,2024-07
2024-07-31,2024,R,670955,669364,FF,4-Seam Fastball,single,hit_into_play,L,R,TB,MIA,92.80,100.90,14,157.72,69.05,line_drive,3,1,2024,2024-07
2024-07-31,2024,R,670955,669364,CH,Changeup,,ball,L,R,TB,MIA,86.00,,,,,,2,1,2024,2024-07
2024-07-31,2024,R,670955,669364,FC,Cutter,,ball,L,R,TB,MIA,87.10,,,,,,1,1,2024,2024-07
2024-07-31,2024,R,670955,669364,FC,Cutter,,foul_tip,L,R,TB,MIA,88.10,,,,,,1,0,2024,2024-07
2024-07-31,2024,R,670955,669364,CH,Changeup,,ball,L,R,TB,MIA,87.90,,,,,,0,0,2024,2024-07
2024-07-31,2024,R,670955,669394,FF,4-Seam Fastball,strikeout,swinging_strike,R,R,TB,MIA,94.70,,,,,,1,2,2024,2024-07
2024-07-31,2024,R,670955,669394,CH,Changeup,,ball,R,R,TB,MIA,88.70,,,,,,0,2,2024,2024-07
2024-07-31,2024,R,670955,669394,FC,Cutter,,called_strike,R,R,TB,MIA,90.00,,,,,,0,1,2024,2024-07
2024-07-31,2024,R,670955,669394,ST,Sweeper,,called_strike,R,R,TB,MIA,81.40,,,,,,0,0,2024,2024-07
2024-07-31,2024,R,670955,681146,FF,4-Seam Fastball,truncated_pa,ball,R,R,TB,MIA,95.00,,,,,,1,2,2024,2024-07
2024-07-31,2024,R,670955,681146,FC,Cutter,,foul,R,R,TB,MIA,88.30,70.70,42,,,,1,2,2024,2024-07
2024-07-31,2024,R,670955,681146,ST,Sweeper,,foul,R,R,TB,MIA,79.70,68.30,-34,,,,1,2,2024,2024-07
2024-07-31,2024,R,670955,681146,CH,Changeup,,foul,R,R,TB,MIA,87.40,83.50,-41,,,,1,2,2024,2024-07
2024-07-31,2024,R,670955,681146,FF,4-Seam Fastball,,foul,R,R,TB,MIA,93.50,76.20,21,,,,1,2,2024,2024-07
2024-07-31,2024,R,670955,681146,ST,Sweeper,,called_strike,R,R,TB,MIA,79.70,,,,,,1,1,2024,2024-07
2024-07-31,2024,R,670955,681146,FC,Cutter,,ball,R,R,TB,MIA,88.50,,,,,,0,1,2024,2024-07
2024-07-31,2024,R,670955,681146,ST,Sweeper,,called_strike,R,R,TB,MIA,80.00,,,,,,0,0,2024,2024-07
2024-07-31,2024,R,670955,681146,CH,Changeup,double,hit_into_play,R,R,TB,MIA,89.00,103.20,9,93.99,69.92,line_drive,1,2,2024,2024-07
2024-07-31,2024,R,670955,681146,FF,4-Seam Fastball,,foul,R,R,TB,MIA,93.70,73.40,51,,,,1,2,2024,2024-07
2024-07-31,2024,R,670955,681146,ST,Sweeper,,called_strike,R,R,TB,MIA,80.80,,,,,,1,1,2024,2024-07
2024-07-31,2024,R,670955,681146,CH,Changeup,,called_strike,R,R,TB,MIA,87.40,,,,,,1,0,2024,2024-07
2024-07-31,2024,R,670955,681146,FF,4-Seam Fastball,,ball,R,R,TB,MIA,94.20,,,,,,0,0,2024,2024-07
2024-07-31,2024,R,670970,518792,FF,4-Seam Fastball,strikeout,foul_tip,L,L,SD,LAD,97.20,,,,,,2,2,2024,2024-07
2024-07-31,2024,R,670970,518792,SL,Slider,,ball,L,L,SD,LAD,87.50,,,,,,1,2,2024,2024-07
2024-07-31,2024,R,670970,518792,SI,Sinker,,foul,L,L,SD,LAD,98.00,66.00,-46,,,,1,2,2024,2024-07
2024-07-31,2024,R,670970,518792,FF,4-Seam Fastball,,foul,L,L,SD,LAD,96.50,76.80,67,,,,1,2,2024,2024-07
2024-07-31,2024,R,670970,518792,SL,Slider,,foul,L,L,SD,LAD,88.50,68.80,-38,,,,1,2,2024,2024-07
2024-07-31,2024,R,670970,518792,FF,4-Seam Fastball,,foul,L,L,SD,LAD,97.00,69.40,80,,,,1,2,2024,2024-07
2024-07-31,2024,R,670970,518792,FF,4-Seam Fastball,,ball,L,L,SD,LAD,96.60,,,,,,0,2,2024,2024-07
2024-07-31,2024,R,670970,518792,SL,Slider,,foul,L,L,SD,LAD,86.20,30.50,3,,,,0,2,2024,2024-07
2024-07-31,2024,R,670970,518792,SL,Slider,,swinging_strike,L,L,SD,LAD,87.30,,,,,,0,1,2024,2024-07
2024-07-31,2024,R,670970,518792,SI,Sinker,,foul,L,L,SD,LAD,96.60,,,,,,0,0,2024,2024-07
2024-07-31,2024,R,671111,521692,FF,4-Seam Fastball,single,hit_into_play,R,L,CWS,KC,88.80,56.80,50,173.19,142.74,popup,0,2,2024,2024-07
2024-07-31,2024,R,671111,521692,ST,Sweeper,,foul,R,L,CWS,KC,79.60,92.10,-1,,,,0,1,2024,2024-07
2024-07-31,2024,R,671111,521692,FF,4-Seam Fastball,,called_strike,R,L,CWS,KC,88.40,,,,,,0,0,2024,2024-07
2024-07-31,2024,R,671111,592669,FF,4-Seam Fastball,single,hit_into_play,R,L,CWS,KC,89.20,95.30,4,72.98,141.47,ground_ball,0,1,2024,2024-07
2024-07-31,2024,R,671111,592669,CH,Changeup,,swinging_strike,R,L,CWS,KC,80.30,,,,,,0,0,2024,2024-07
2024-07-31,2024,R,671111,641658,FF,4-Seam Fastball,double,hit_into_play,R,L,CWS,KC,88.50,103.90,16,82.42,90.93,line_drive,2,1,2024,2024-07
2024-07-31,2024,R,671111,641658,CH,Changeup,,ball,R,L,CWS,KC,80.90,,,,,,1,1,2024,2024-07
2024-07-31,2024,R,671111,641658,SL,Slider,,called_strike,R,L,CWS,KC,78.50,,,,,,1,0,2024,2024-07
2024-07-31,2024,R,671111,641658,FF,4-Seam Fastball,,ball,R,L,CWS,KC,87.80,,,,,,0,0,2024,2024-07
2024-07-31,2024,R,671111,666023,FF,4-Seam Fastball,single,hit_into_play,R,L,CWS,KC,88.40,102.20,2,84.23,105.48,ground_ball,2,1,2024,2024-07
2024-07-31,2024,R,671111,666023,CH,Changeup,,ball,R,L,CWS,KC,81.40,,,,,,1,1,2024,2024-07
2024-07-31,2024,R,671111,666023,FF,4-Seam Fastball,,ball,R,L,CWS,KC,88.70,,,,,,0,1,2024,2024-07
2024-07-31,2024,R,671111,666023,ST,Sweeper,,called_strike,R,L,CWS,KC,78.70,,,,,,0,0,2024,2024-07
2024-07-31,2024,R,671111,669004,FF,4-Seam Fastball,force_out,hit_into_play,L,L,CWS,KC,88.80,107.80,-24,150.29,157.60,ground_ball,0,1,2024,2024-07
2024-07-31,2024,R,671111,669004,ST,Sweeper,,swinging_strike,L,L,CWS,KC,78.50,,,,,,0,0,2024,2024-07
2024-07-31,2024,R,671111,677951,FF,4-Seam Fastball,single,hit_into_play,R,L,CWS,KC,88.40,68.20,-45,118.64,165.62,ground_ball,1,2,2024,2024-07
2024-07-31,2024,R,671111,677951,ST,Sweeper,,foul,R,L,CWS,KC,76.60,70.10,-13,,,,1,1,2024,2024-07
2024-07-31,2024,R,671111,677951,FF,4-Seam Fastball,,ball,R,L,CWS,KC,87.30,,,,,,0,1,2024,2024-07
2024-07-31,2024,R,671111,677951,SL,Slider,,called_strike,R,L,CWS,KC,75.80,,,,,,0,0,2024,2024-07
2024-07-31,2024,R,671111,686469,ST,Sweeper,home_run,hit_into_play,L,L,CWS,KC,76.30,101.70,35,218.71,64.58,fly_ball,1,2,2024,2024-07
2024-07-31,2024,R,671111,686469,ST,Sweeper,,blocked_ball,L,L,CWS,KC,77.90,,,,,,0,2,2024,2024-07
2024-07-31,2024,R,671111,686469,SL,Slider,,foul,L,L,CWS,KC,76.60,79.70,-44,,,,0,1,2024,2024-07
2024-07-31,2024,R,671111,686469,SL,Slider,,called_strike,L,L,CWS,KC,76.20,,,,,,0,0,2024,2024-07
2024-07-31,2024,R,671305,573262,SL,Slider,field_out,hit_into_play,L,R,SF,ATH,85.30,90.50,72,86.11,176.42,popup,1,2,2024,2024-07
2024-07-31,2024,R,671305,573262,SL,Slider,,ball,L,R,SF,ATH,85.70,,,,,,0,2,2024,2024-07
2024-07-31,2024,R,671305,573262,FF,4-Seam Fastball,,foul,L,R,SF,ATH,97.40,78.30,13,,,,0,2,2024,2024-07
2024-07-31,2024,R,671305,573262,SL,Slider,,swinging_strike,L,R,SF,ATH,85.10,,,,,,0,1,2024,2024-07
2024-07-31,2024,R,671305,573262,FF,4-Seam Fastball,,foul,L,R,SF,ATH,97.30,106.40,17,,,,0,0,2024,2024-07
2024-07-31,2024,R,671305,666149,FF,4-Seam Fastball,strikeout,called_strike,R,R,SF,ATH,98.30,,,,,,3,2,2024,2024-07
2024-07-31,2024,R,671305,666149,FF,4-Seam Fastball,,ball,R,R,SF,ATH,98.20,,,,,,2,2,2024,2024-07
2024-07-31,2024,R,671305,666149,SL,Slider,,swinging_strike,R,R,SF,ATH,84.00,,,,,,2,1,2024,2024-07
2024-07-31,2024,R,671305,666149,FF,4-Seam Fastball,,ball,R,R,SF,ATH,97.50,,,,,,1,1,2024,2024-07
2024-07-31,2024,R,671305,666149,SL,Slider,,ball,R,R,SF,ATH,83.20,,,,,,0,1,2024,2024-07
2024-07-31,2024,R,671305,666149,SL,Slider,,called_strike,R,R,SF,ATH,84.40,,,,,,0,0,2024,2024-07
2024-07-31,2024,R,671305,682617,SI,Sinker,field_out,hit_into_play,R,R,SF,ATH,96.80,75.10,-46,118.05,173.38,ground_ball,1,0,2024,2024-07
2024-07-31,2024,R,671305,682617,SL,Slider,,ball,R,R,SF,ATH,83.70,,,,,,0,0,2024,2024-07
2024-07-31,2024,R,671737,624503,FC,Cutter,field_out,hit_into_play,L,R,TB,MIA,89.90,84.50,73,108.12,165.47,popup,0,1,2024,2024-07
2024-07-31,2024,R,671737,624503,FS,Split-Finger,,called_strike,L,R,TB,MIA,88.90,,,,,,0,0,2024,2024-07
2024-07-31,2024,R,671737,624503,FF,4-Seam Fastball,field_out,hit_into_play,L,R,TB,MIA,96.70,95.00,32,127.65,51.59,fly_ball,3,1,2024,2024-07
2024-07-31,2024,R,671737,624503,FF,4-Seam Fastball,,ball,L,R,TB,MIA,96.00,,,,,,2,1,2024,2024-07
2024-07-31,2024,R,671737,624503,FS,Split-Finger,,swinging_strike,L,R,TB,MIA,89.50,,,,,,2,0,2024,2024-07
2024-07-31,2024,R,671737,624503,FF,4-Seam Fastball,,ball,L,R,TB,MIA,94.90,,,,,,1,0,2024,2024-07
2024-07-31,2024,R,671737,624503,FF,4-Seam Fastball,,ball,L,R,TB,MIA,96.20,,,,,,0,0,2024,2024-07
2024-07-31,2024,R,671737,645305,FS,Split-Finger,strikeout,called_strike,R,R,TB,MIA,89.80,,,,,,2,2,2024,2024-07
2024-07-31,2024,R,671737,645305,FF,4-Seam Fastball,,foul,R,R,TB,MIA,96.00,75.10,46,,,,2,2,2024,2024-07
2024-07-31,2024,R,671737,645305,FS,Split-Finger,,ball,R,R,TB,MIA,89.60,,,,,,1,2,2024,2024-07
2024-07-31,2024,R,671737,645305,FC,Cutter,,called_strike,R,R,TB,MIA,86.50,,,,,,1,1,2024,2024-07
2024-07-31,2024,R,671737,645305,FF,4-Seam Fastball,,foul,R,R,TB,MIA,94.30,75.60,64,,,,1,0,2024,2024-07
2024-07-31,2024,R,671737,645305,FF,4-Seam Fastball,,ball,R,R,TB,MIA,95.00,,,,,,0,0,2024,2024-07
2024-07-31,2024,R,671737,645305,FS,Split-Finger,walk,ball,R,R,TB,MIA,90.80,,,,,,3,2,2024,2024-07
2024-07-31,2024,R,671737,645305,FF,4-Seam Fastball,,foul,R,R,TB,MIA,95.60,85.70,31,,,,3,1,2024,2024-07
2024-07-31,2024,R,671737,645305,FC,Cutter,,ball,R,R,TB,MIA,91.10,,,,,,2,1,2024,2024-07
2024-07-31,2024,R,671737,645305,FF,4-Seam Fastball,,ball,R,R,TB,MIA,95.40,,,,,,1,1,2024,2024-07
2024-07-31,2024,R,671737,645305,FF,4-Seam Fastball,,ball,R,R,TB,MIA,95.80,,,,,,0,1,2024,2024-07
2024-07-31,2024,R,671737,645305,FC,Cutter,,foul,R,R,TB,MIA,91.10,89.20,45,,,,0,0,2024,2024-07
2024-07-31,2024,R,671737,656896,FS,Split-Finger,strikeout,swinging_strike,R,R,TB,MIA,88.90,,,,,,1,2,2024,2024-07
2024-07-31,2024,R,671737,656896,FC,Cutter,,blocked_ball,R,R,TB,MIA,90.80,,,,,,0,2,2024,2024-07
2024-07-31,2024,R,671737,656896,FS,Split-Finger,,foul,R,R,TB,MIA,89.70,109.10,17,,,,0,2,2024,2024-07
2024-07-31,2024,R,671737,656896,FS,Split-Finger,,foul,R,R,TB,MIA,89.00,,,,,,0,2,2024,2024-07
2024-07-31,2024,R,671737,656896,FC,Cutter,,foul,R,R,TB,MIA,89.10,70.70,27,,,,0,1,2024,2024-07
2024-07-31,2024,R,671737,656896,FF,4-Seam Fastball,,foul,R,R,TB,MIA,94.80,72.20,40,,,,0,0,2024,2024-07
2024-07-31,2024,R,671737,656896,FC,Cutter,field_out,hit_into_play,R,R,TB,MIA,91.30,77.30,7,99.80,166.28,ground_ball,3,1,2024,2024-07
2024-07-31,2024,R,671737,656896,FS,Split-Finger,,ball,R,R,TB,MIA,90.10,,,,,,2,1,2024,2024-07
2024-07-31,2024,R,671737,656896,FS,Split-Finger,,swinging_strike,R,R,TB,MIA,90.00,,,,,,2,0,2024,2024-07
2024-07-31,2024,R,671737,656896,FC,Cutter,,ball,R,R,TB,MIA,91.80,,,,,,1,0,2024,2024-07
2024-07-31,2024,R,671737,656896,FF,4-Seam Fastball,,ball,R,R,TB,MIA,96.10,,,,,,0,0,2024,2024-07
2024-07-31,2024,R,671737,660644,FS,Split-Finger,field_out,hit_into_play,L,R,TB,MIA,89.60,73.80,-17,155.34,152.15,ground_ball,1,2,2024,2024-07
2024-07-31,2024,R,671737,660644,FS,Split-Finger,,blocked_ball,L,R,TB,MIA,90.00,,,,,,0,2,2024,2024-07
2024-07-31,2024,R,671737,660644,FS,Split-Finger,,swinging_strike,L,R,TB,MIA,89.10,,,,,,0,1,2024,2024-07
2024-07-31,2024,R,671737,660644,FF,4-Seam Fastball,,foul_tip,L,R,TB,MIA,95.00,,,,,,0,0,2024,2024-07
2024-07-31,2024,R,671737,660644,FS,Split-Finger,double,hit_into_play,L,R,TB,MIA,91.30,99.80,21,165.10,47.21,line_drive,3,2,2024,2024-07
2024-07-31,2024,R,671737,660644,FF,4-Seam Fastball,,ball,L,R,TB,MIA,96.80,,,,,,2,2,2024,2024-07
2024-07-31,2024,R,671737,660644,FF,4-Seam Fastball,,foul,L,R,TB,MIA,97.80,78.50,10,,,,2,2,2024,2024-07
2024-07-31,2024,R,671737,660644,FS,Split-Finger,,called_strike,L,R,TB,MIA,91.20,,,,,,2,1,2024,2024-07
2024-07-31,2024,R,671737,660644,FF,4-Seam Fastball,,called_strike,L,R,TB,MIA,95.60,,,,,,2,0,2024,2024-07
2024-07-31,2024,R,671737,660644,FF,4-Seam Fastball,,ball,L,R,TB,MIA,95.40,,,,,,1,0,2024,2024-07
2024-07-31,2024,R,671737,660644,FS,Split-Finger,,ball,L,R,TB,MIA,89.90,,,,,,0,0,2024,2024-07
2024-07-31,2024,R,671737,660821,FS,Split-Finger,single,hit_into_play,L,R,TB,MIA,89.70,87.70,14,156.06,86.46,line_drive,3,2,2024,2024-07
2024-07-31,2024,R,671737,660821,FF,4-Seam Fastball,,ball,L,R,TB,MIA,96.00,,,,,,2,2,2024,2024-07
2024-07-31,2024,R,671737,660821,FS,Split-Finger,,swinging_strike,L,R,TB,MIA,88.60,,,,,,2,1,2024,2024-07
2024-07-31,2024,R,671737,660821,FS,Split-Finger,,ball,L,R,TB,MIA,89.20,,,,,,1,1,2024,2024-07
2024-07-31,2024,R,671737,660821,FC,Cutter,,called_strike,L,R,TB,MIA,88.50,,,,,,1,0,2024,2024-07
2024-07-31,2024,R,671737,660821,FF,4-Seam Fastball,,ball,L,R,TB,MIA,95.10,,,,,,0,0,2024,2024-07
2024-07-31,2024,R,671737,660821,FS,Split-Finger,strikeout,called_strike,L,R,TB,MIA,90.30,,,,,,0,2,2024,2024-07
2024-07-31,2024,R,671737,660821,CU,Curveball,,called_strike,L,R,TB,MIA,79.90,,,,,,0,1,2024,2024-07
2024-07-31,2024,R,671737,660821,FS,Split-Finger,,called_strike,L,R,TB,MIA,90.70,,,,,,0,0,2024,2024-07
2024-07-31,2024,R,671737,669065,FF,4-Seam Fastball,strikeout,swinging_strike,L,R,TB,MIA,97.10,,,,,,0,2,2024,2024-07
2024-07-31,2024,R,671737,669065,FF,4-Seam Fastball,,swinging_strike,L,R,TB,MIA,97.30,,,,,,0,1,2024,2024-07
2024-07-31,2024,R,671737,669065,FF,4-Seam Fastball,,swinging_strike,L,R,TB,MIA,96.80,,,,,,0,0,2024,2024-07
2024-07-31,2024,R,671737,669065,FS,Split-Finger,strikeout,called_strike,L,R,TB,MIA,91.40,,,,,,1,2,2024,2024-07
2024-07-31,2024,R,671737,669065,CU,Curveball,,foul,L,R,TB,MIA,81.10,83.30,1,,,,1,2,2024,2024-07
2024-07-31,2024,R,671737,669065,FC,Cutter,,swinging_strike,L,R,TB,MIA,90.40,,,,,,1,1,2024,2024-07
2024-07-31,2024,R,671737,669065,FS,Split-Finger,,foul,L,R,TB,MIA,89.70,73.60,-21,,,,1,0,2024,2024-07
2024-07-31,2024,R,671737,669065,FS,Split-Finger,,ball,L,R,TB,MIA,90.70,,,,,,0,0,2024,2024-07
2024-07-31,2024,R,671737,669364,FC,Cutter,field_out,hit_into_play,L,R,TB,MIA,88.90,88.70,-14,153.52,151.55,ground_ball,0,2,2024,2024-07
2024-07-31,2024,R,671737,669364,FF,4-Seam Fastball,,foul,L,R,TB,MIA,96.50,79.80,55,,,,0,1,2024,2024-07
2024-07-31,2024,R,671737,669364,CU,Curveball,,called_strike,L,R,TB,MIA,78.70,,,,,,0,0,2024,2024-07
2024-07-31,2024,R,671737,669364,FC,Cutter,sac_fly,hit_into_play,L,R,TB,MIA,89.80,76.20,34,142.67,92.21,fly_ball,1,0,2024,2024-07
2024-07-31,2024,R,671737,669364,FS,Split-Finger,,ball,L,R,TB,MIA,88.40,,,,,,0,0,2024,2024-07
2024-07-31,2024,R,671737,669364,FF,4-Seam Fastball,field_out,hit_into_play,L,R,TB,MIA,95.90,89.90,45,85.53,85.66,fly_ball,3,2,2024,2024-07
2024-07-31,2024,R,671737,669364,FS,Split-Finger,,ball,L,R,TB,MIA,91.70,,,,,,2,2,2024,2024-07
2024-07-31,2024,R,671737,669364,FC,Cutter,,foul,L,R,TB,MIA,88.00,89.10,-25,,,,2,1,2024,2024-07
2024-07-31,2024,R,671737,669364,FC,Cutter,,ball,L,R,TB,MIA,89.40,,,,,,1,1,2024,2024-07
2024-07-31,2024,R,671737,669364,FC,Cutter,,ball,L,R,TB,MIA,89.90,,,,,,0,1,2024,2024-07
2024-07-31,2024,R,671737,669364,FF,4-Seam Fastball,,foul,L,R,TB,MIA,94.90,81.80,72,,,,0,0,2024,2024-07
2024-07-31,2024,R,671737,669394,FS,Split-Finger,field_out,hit_into_play,R,R,TB,MIA,90.90,97.10,52,199.01,119.39,fly_ball,3,2,2024,2024-07
2024-07-31,2024,R,671737,669394,FF,4-Seam Fastball,,foul,R,R,TB,MIA,96.80,76.60,27,,,,3,2,2024,2024-07
2024-07-31,2024,R,671737,669394,FS,Split-Finger,,ball,R,R,TB,MIA,90.90,,,,,,2,2,2024,2024-07
2024-07-31,2024,R,671737,669394,FF,4-Seam Fastball,,ball,R,R,TB,MIA,96.30,,,,,,1,2,2024,2024-07
2024-07-31,2024,R,671737,669394,FS,Split-Finger,,foul,R,R,TB,MIA,89.70,70.50,-43,,,,1,1,2024,2024-07
2024-07-31,2024,R,671737,669394,FS,Split-Finger,,swinging_strike,R,R,TB,MIA,89.30,,,,,,1,0,2024,2024-07
2024-07-31,2024,R,671737,669394,FF,4-Seam Fastball,,ball,R,R,TB,MIA,95.80,,,,,,0,0,2024,2024-07
2024-07-31,2024,R,671737,669394,FC,Cutter,home_run,hit_into_play,R,R,TB,MIA,91.30,107.80,26,48.00,45.90,fly_ball,0,2,2024,2024-07
2024-07-31,2024,R,671737,669394,FF,4-Seam Fastball,,foul,R,R,TB,MIA,96.30,82.70,53,,,,0,2,2024,2024-07
2024-07-31,2024,R,671737,669394,FF,4-Seam Fastball,,called_strike,R,R,TB,MIA,95.00,,,,,,0,1,2024,2024-07
2024-07-31,2024,R,671737,669394,FF,4-Seam Fastball,,called_strike,R,R,TB,MIA,95.50,,,,,,0,0,2024,2024-07
2024-07-31,2024,R,671737,669394,FC,Cutter,field_out,hit_into_play,R,R,TB,MIA,89.90,71.10,-19,108.77,149.79,ground_ball,2,2,2024,2024-07
2024-07-31,2024,R,671737,669394,FS,Split-Finger,,foul,R,R,TB,MIA,91.80,84.30,-51,,,,2,2,2024,2024-07
2024-07-31,2024,R,671737,669394,FF,4-Seam Fastball,,ball,R,R,TB,MIA,95.30,,,,,,1,2,2024,2024-07
2024-07-31,2024,R,671737,669394,FF,4-Seam Fastball,,foul,R,R,TB,MIA,94.70,77.50,25,,,,1,1,2024,2024-07
2024-07-31,2024,R,671737,669394,FC,Cutter,,swinging_strike,R,R,TB,MIA,87.70,,,,,,1,0,2024,2024-07
2024-07-31,2024,R,671737,669394,FC,Cutter,,ball,R,R,TB,MIA,90.20,,,,,,0,0,2024,2024-07
2024-07-31,2024,R,671737,681146,CU,Curveball,strikeout,swinging_strike,R,R,TB,MIA,79.40,,,,,,1,2,2024,2024-07
2024-07-31,2024,R,671737,681146,FS,Split-Finger,,foul,R,R,TB,MIA,91.00,65.50,-40,,,,1,2,2024,2024-07
2024-07-31,2024,R,671737,681146,FF,4-Seam Fastball,,ball,R,R,TB,MIA,97.30,,,,,,0,2,2024,2024-07
2024-07-31,2024,R,671737,681146,CU,Curveball,,called_strike,R,R,TB,MIA,79.80,,,,,,0,1,2024,2024-07
2024-07-31,2024,R,671737,681146,CU,Curveball,,called_strike,R,R,TB,MIA,79.50,,,,,,0,0,2024,2024-07
2024-07-31,2024,R,671737,681146,FF,4-Seam Fastball,home_run,hit_into_play,R,R,TB,MIA,94.50,98.80,33,55.49,83.62,fly_ball,1,1,2024,2024-07
2024-07-31,2024,R,671737,681146,FC,Cutter,,ball,R,R,TB,MIA,88.80,,,,,,0,1,2024,2024-07
2024-07-31,2024,R,671737,681146,FC,Cutter,,called_strike,R,R,TB,MIA,89.80,,,,,,0,0,2024,2024-07
2024-07-31,2024,R,676092,641933,ST,Sweeper,strikeout,swinging_strike,R,R,BOS,SEA,83.60,,,,,,1,2,2024,2024-07
2024-07-31,2024,R,676092,641933,ST,Sweeper,,foul,R,R,BOS,SEA,84.00,66.10,47,,,,1,1,2024,2024-07
2024-07-31,2024,R,676092,641933,FF,4-Seam Fastball,,ball,R,R,BOS,SEA,94.70,,,,,,0,1,2024,2024-07
2024-07-31,2024,R,676092,641933,ST,Sweeper,,swinging_strike,R,R,BOS,SEA,83.90,,,,,,0,0,2024,2024-07
2024-07-31,2024,R,676092,643376,ST,Sweeper,strikeout,swinging_strike,R,R,BOS,SEA,83.40,,,,,,0,2,2024,2024-07
2024-07-31,2024,R,676092,643376,FF,4-Seam Fastball,,foul,R,R,BOS,SEA,94.00,72.60,39,,,,0,1,2024,2024-07
2024-07-31,2024,R,676092,643376,ST,Sweeper,,called_strike,R,R,BOS,SEA,81.60,,,,,,0,0,2024,2024-07
2024-07-31,2024,R,676092,663853,FF,4-Seam Fastball,single,hit_into_play,R,R,BOS,SEA,93.30,105.70,11,170.47,92.93,line_drive,1,2,2024,2024-07
2024-07-31,2024,R,676092,663853,SI,Sinker,,foul,R,R,BOS,SEA,94.20,66.50,39,,,,1,2,2024,2024-07
2024-07-31,2024,R,676092,663853,ST,Sweeper,,foul,R,R,BOS,SEA,83.60,69.90,48,,,,1,2,2024,2024-07
2024-07-31,2024,R,676092,663853,FF,4-Seam Fastball,,foul,R,R,BOS,SEA,93.90,78.20,40,,,,1,2,2024,2024-07
2024-07-31,2024,R,676092,663853,FF,4-Seam Fastball,,foul,R,R,BOS,SEA,94.10,80.80,54,,,,1,2,2024,2024-07
2024-07-31,2024,R,676092,663853,ST,Sweeper,,foul,R,R,BOS,SEA,83.80,69.30,41,,,,1,2,2024,2024-07
2024-07-31,2024,R,676092,663853,FF,4-Seam Fastball,,foul_tip,R,R,BOS,SEA,93.50,,,,,,1,1,2024,2024-07
2024-07-31,2024,R,676092,663853,ST,Sweeper,,ball,R,R,BOS,SEA,82.80,,,,,,0,1,2024,2024-07
2024-07-31,2024,R,676092,663853,ST,Sweeper,,foul,R,R,BOS,SEA,82.80,72.40,54,,,,0,0,2024,2024-07
2024-07-31,2024,R,676092,666152,FC,Cutter,strikeout,swinging_strike,L,R,BOS,SEA,89.80,,,,,,1,2,2024,2024-07
2024-07-31,2024,R,676092,666152,ST,Sweeper,,foul,L,R,BOS,SEA,82.80,84.50,61,,,,1,1,2024,2024-07
2024-07-31,2024,R,676092,666152,FC,Cutter,,ball,L,R,BOS,SEA,89.20,,,,,,0,1,2024,2024-07
2024-07-31,2024,R,676092,666152,FC,Cutter,,foul,L,R,BOS,SEA,89.90,76.00,64,,,,0,0,2024,2024-07
2024-07-31,2024,R,676092,678882,FF,4-Seam Fastball,field_out,hit_into_play,R,R,BOS,SEA,94.10,95.90,25,215.19,103.26,fly_ball,1,2,2024,2024-07
2024-07-31,2024,R,676092,678882,ST,Sweeper,,called_strike,R,R,BOS,SEA,83.20,,,,,,1,1,2024,2024-07
2024-07-31,2024,R,676092,678882,ST,Sweeper,,ball,R,R,BOS,SEA,81.70,,,,,,0,1,2024,2024-07
2024-07-31,2024,R,676092,678882,FF,4-Seam Fastball,,foul,R,R,BOS,SEA,94.90,94.30,29,,,,0,0,2024,2024-07
2024-07-31,2024,R,676092,680776,FC,Cutter,single,hit_into_play,L,R,BOS,SEA,89.40,102.10,-3,195.47,99.08,ground_ball,0,2,2024,2024-07
2024-07-31,2024,R,676092,680776,FF,4-Seam Fastball,,swinging_strike,L,R,BOS,SEA,93.80,,,,,,0,1,2024,2024-07
2024-07-31,2024,R,676092,680776,FC,Cutter,,foul,L,R,BOS,SEA,88.90,93.80,-22,,,,0,0,2024,2024-07
2024-07-31,2024,R,676395,664983,SL,Slider,field_out,hit_into_play,L,L,AZ,WSH,86.00,76.70,29,112.38,92.83,line_drive,2,1,2024,2024-07
2024-07-31,2024,R,676395,664983,FF,4-Seam Fastball,,ball,L,L,AZ,WSH,93.50,,,,,,1,1,2024,2024-07
2024-07-31,2024,R,676395,664983,FF,4-Seam Fastball,,ball,L,L,AZ,WSH,95.00,,,,,,0,1,2024,2024-07
2024-07-31,2024,R,676395,664983,FF,4-Seam Fastball,,foul,L,L,AZ,WSH,93.60,64.10,40,,,,0,0,2024,2024-07
2024-07-31,2024,R,676534,666185,FC,Cutter,field_out,hit_into_play,L,R,TB,MIA,89.90,78.80,-5,109.94,147.91,ground_ball,3,2,2024,2024-07
2024-07-31,2024,R,676534,666185,FC,Cutter,,ball,L,R,TB,MIA,89.80,,,,,,2,2,2024,2024-07
2024-07-31,2024,R,676534,666185,FF,4-Seam Fastball,,ball,L,R,TB,MIA,95.20,,,,,,1,2,2024,2024-07
2024-07-31,2024,R,676534,666185,FF,4-Seam Fastball,,called_strike,L,R,TB,MIA,95.60,,,,,,1,1,2024,2024-07
2024-07-31,2024,R,676534,666185,FF,4-Seam Fastball,,foul,L,R,TB,MIA,95.30,85.40,73,,,,1,0,2024,2024-07
2024-07-31,2024,R,676534,666185,FF,4-Seam Fastball,,ball,L,R,TB,MIA,95.50,,,,,,0,0,2024,2024-07
2024-07-31,2024,R,676534,670764,ST,Sweeper,strikeout,swinging_strike,L,R,TB,MIA,87.20,,,,,,3,2,2024,2024-07
2024-07-31,2024,R,676534,670764,FF,4-Seam Fastball,,foul,L,R,TB,MIA,95.80,72.30,43,,,,3,2,2024,2024-07
2024-07-31,2024,R,676534,670764,FC,Cutter,,ball,L,R,TB,MIA,88.90,,,,,,2,2,2024,2024-07
2024-07-31,2024,R,676534,670764,FC,Cutter,,called_strike,L,R,TB,MIA,90.60,,,,,,2,1,2024,2024-07
2024-07-31,2024,R,676534,670764,CU,Curveball,,ball,L,R,TB,MIA,85.40,,,,,,1,1,2024,2024-07
2024-07-31,2024,R,676534,670764,FC,Cutter,,called_strike,L,R,TB,MIA,90.40,,,,,,1,0,2024,2024-07
2024-07-31,2024,R,676534,670764,FF,4-Seam Fastball,,ball,L,R,TB,MIA,96.20,,,,,,0,0,2024,2024-07
2024-07-31,2024,R,676534,676356,FC,Cutter,field_out,hit_into_play,R,R,TB,MIA,90.90,85.00,-23,121.44,155.78,ground_ball,0,0,2024,2024-07
2024-07-31,2024,R,676702,514888,SL,Slider,field_out,hit_into_play,R,R,HOU,PIT,83.90,77.10,-9,109.94,158.68,ground_ball,1,2,2024,2024-07
2024-07-31,2024,R,676702,514888,FC,Cutter,,blocked_ball,R,R,HOU,PIT,93.00,,,,,,0,2,2024,2024-07
2024-07-31,2024,R,676702,514888,FF,4-Seam Fastball,,swinging_strike,R,R,HOU,PIT,95.70,,,,,,0,1,2024,2024-07
2024-07-31,2024,R,676702,514888,SL,Slider,,swinging_strike,R,R,HOU,PIT,82.60,,,,,,0,0,2024,2024-07
2024-07-31,2024,R,676702,605170,FF,4-Seam Fastball,walk,ball,L,R,HOU,PIT,93.90,,,,,,3,0,2024,2024-07
2024-07-31,2024,R,676702,605170,FC,Cutter,,ball,L,R,HOU,PIT,90.70,,,,,,2,0,2024,2024-07
2024-07-31,2024,R,676702,605170,SL,Slider,,ball,L,R,HOU,PIT,82.30,,,,,,1,0,2024,2024-07
2024-07-31,2024,R,676702,605170,SL,Slider,,ball,L,R,HOU,PIT,81.50,,,,,,0,0,2024,2024-07
2024-07-31,2024,R,676702,608324,SL,Slider,field_out,hit_into_play,R,R,HOU,PIT,83.00,76.80,78,119.57,191.63,popup,1,0,2024,2024-07
2024-07-31,2024,R,676702,608324,FC,Cutter,,ball,R,R,HOU,PIT,91.30,,,,,,0,0,2024,2024-07
2024-07-31,2024,R,676702,676801,FF,4-Seam Fastball,sac_bunt,hit_into_play,R,R,HOU,PIT,93.60,42.40,-64,119.07,188.59,ground_ball,0,1,2024,2024-07
2024-07-31,2024,R,676702,676801,FC,Cutter,,missed_bunt,R,R,HOU,PIT,90.30,,,,,,0,0,2024,2024-07
2024-07-31,2024,R,677053,664040,ST,Sweeper,strikeout,swinging_strike,L,L,TB,MIA,84.70,,,,,,1,2,2024,2024-07
2024-07-31,2024,R,677053,664040,ST,Sweeper,,swinging_strike,L,L,TB,MIA,81.80,,,,,,1,1,2024,2024-07
2024-07-31,2024,R,677053,664040,FF,4-Seam Fastball,,ball,L,L,TB,MIA,94.10,,,,,,0,1,2024,2024-07
2024-07-31,2024,R,677053,664040,FF,4-Seam Fastball,,foul,L,L,TB,MIA,93.00,82.70,73,,,,0,0,2024,2024-07
2024-07-31,2024,R,677053,666139,FF,4-Seam Fastball,walk,ball,L,L,TB,MIA,94.20,,,,,,3,2,2024,2024-07
2024-07-31,2024,R,677053,666139,FF,4-Seam Fastball,,foul,L,L,TB,MIA,94.30,68.80,69,,,,3,1,2024,2024-07
2024-07-31,2024,R,677053,666139,ST,Sweeper,,ball,L,L,TB,MIA,85.80,,,,,,2,1,2024,2024-07
2024-07-31,2024,R,677053,666139,FF,4-Seam Fastball,,ball,L,L,TB,MIA,94.00,,,,,,1,1,2024,2024-07
2024-07-31,2024,R,677053,666139,FF,4-Seam Fastball,,foul,L,L,TB,MIA,94.00,91.60,41,,,,1,0,2024,2024-07
2024-07-31,2024,R,677053,666139,FF,4-Seam Fastball,,ball,L,L,TB,MIA,94.50,,,,,,0,0,2024,2024-07
2024-07-31,2024,R,677053,666624,FF,4-Seam Fastball,strikeout,swinging_strike,R,L,TB,MIA,94.00,,,,,,1,2,2024,2024-07
2024-07-31,2024,R,677053,666624,FF,4-Seam Fastball,,swinging_strike,R,L,TB,MIA,93.70,,,,,,1,1,2024,2024-07
2024-07-31,2024,R,677053,666624,FF,4-Seam Fastball,,ball,R,L,TB,MIA,94.50,,,,,,0,1,2024,2024-07
2024-07-31,2024,R,677053,666624,FF,4-Seam Fastball,,swinging_strike,R,L,TB,MIA,93.80,,,,,,0,0,2024,2024-07
2024-07-31,2024,R,677053,676609,ST,Sweeper,strikeout,swinging_strike,R,L,TB,MIA,83.40,,,,,,1,2,2024,2024-07
2024-07-31,2024,R,677053,676609,FF,4-Seam Fastball,,ball,R,L,TB,MIA,93.70,,,,,,0,2,2024,2024-07
2024-07-31,2024,R,677053,676609,ST,Sweeper,,foul,R,L,TB,MIA,84.10,55.10,66,,,,0,1,2024,2024-07
2024-07-31,2024,R,677053,676609,FF,4-Seam Fastball,,foul,R,L,TB,MIA,94.20,72.50,45,,,,0,0,2024,2024-07
2024-07-31,2024,R,677161,457759,ST,Sweeper,strikeout,swinging_strike_blocked,R,R,BOS,SEA,83.00,,,,,,2,2,2024,2024-07
2024-07-31,2024,R,677161,457759,FF,4-Seam Fastball,,ball,R,R,BOS,SEA,98.50,,,,,,1,2,2024,2024-07
2024-07-31,2024,R,677161,457759,FC,Cutter,,foul,R,R,BOS,SEA,92.20,82.50,54,,,,1,1,2024,2024-07
2024-07-31,2024,R,677161,457759,FC,Cutter,,ball,R,R,BOS,SEA,91.60,,,,,,0,1,2024,2024-07
2024-07-31,2024,R,677161,457759,FC,Cutter,,called_strike,R,R,BOS,SEA,92.30,,,,,,0,0,2024,2024-07
2024-07-31,2024,R,677161,641598,FC,Cutter,force_out,hit_into_play,R,R,BOS,SEA,93.70,98.60,-3,108.93,144.12,ground_ball,0,0,2024,2024-07
2024-07-31,2024,R,677161,660844,FC,Cutter,field_out,hit_into_play,L,R,BOS,SEA,93.70,75.50,-19,146.38,183.60,ground_ball,0,0,2024,2024-07
2024-07-31,2024,R,677161,664238,FC,Cutter,walk,ball,R,R,BOS,SEA,93.50,,,,,,3,1,2024,2024-07
2024-07-31,2024,R,677161,664238,FF,4-Seam Fastball,,ball,R,R,BOS,SEA,98.10,,,,,,2,1,2024,2024-07
2024-07-31,2024,R,677161,664238,FC,Cutter,,ball,R,R,BOS,SEA,93.60,,,,,,1,1,2024,2024-07
2024-07-31,2024,R,677161,664238,FC,Cutter,,called_strike,R,R,BOS,SEA,90.50,,,,,,1,0,2024,2024-07
2024-07-31,2024,R,677161,664238,FC,Cutter,,blocked_ball,R,R,BOS,SEA,91.60,,,,,,0,0,2024,2024-07
2024-07-31,2024,R,677161,670042,ST,Sweeper,hit_by_pitch,hit_by_pitch,L,R,BOS,SEA,82.60,,,,,,1,1,2024,2024-07
2024-07-31,2024,R,677161,670042,FF,4-Seam Fastball,,ball,L,R,BOS,SEA,98.50,,,,,,0,1,2024,2024-07
2024-07-31,2024,R,677161,670042,FF,4-Seam Fastball,,called_strike,L,R,BOS,SEA,98.60,,,,,,0,0,2024,2024-07
2024-07-31,2024,R,677976,502110,ST,Sweeper,walk,ball,R,R,NYM,MIN,84.10,,,,,,3,2,2024,2024-07
2024-07-31,2024,R,677976,502110,ST,Sweeper,,ball,R,R,NYM,MIN,83.90,,,,,,2,2,2024,2024-07
2024-07-31,2024,R,677976,502110,ST,Sweeper,,called_strike,R,R,NYM,MIN,83.30,,,,,,2,1,2024,2024-07
2024-07-31,2024,R,677976,502110,SI,Sinker,,ball,R,R,NYM,MIN,90.80,,,,,,1,1,2024,2024-07
2024-07-31,2024,R,677976,502110,SL,Slider,,ball,R,R,NYM,MIN,84.20,,,,,,0,1,2024,2024-07
2024-07-31,2024,R,677976,502110,ST,Sweeper,,swinging_strike,R,R,NYM,MIN,83.60,,,,,,0,0,2024,2024-07
2024-07-31,2024,R,677976,592325,CH,Changeup,strikeout,swinging_strike,L,R,NYM,MIN,86.00,,,,,,3,2,2024,2024-07
2024-07-31,2024,R,677976,592325,ST,Sweeper,,foul,L,R,NYM,MIN,83.10,54.90,46,,,,3,2,2024,2024-07
2024-07-31,2024,R,677976,592325,ST,Sweeper,,swinging_strike,L,R,NYM,MIN,81.70,,,,,,3,1,2024,2024-07
2024-07-31,2024,R,677976,592325,ST,Sweeper,,blocked_ball,L,R,NYM,MIN,82.20,,,,,,2,1,2024,2024-07
2024-07-31,2024,R,677976,592325,CH,Changeup,,ball,L,R,NYM,MIN,85.90,,,,,,1,1,2024,2024-07
2024-07-31,2024,R,677976,592325,ST,Sweeper,,called_strike,L,R,NYM,MIN,82.70,,,,,,1,0,2024,2024-07
2024-07-31,2024,R,677976,592325,ST,Sweeper,,ball,L,R,NYM,MIN,83.70,,,,,,0,0,2024,2024-07
2024-07-31,2024,R,677976,596019,SI,Sinker,single,hit_into_play,L,R,NYM,MIN,90.10,107.80,8,109.48,71.72,line_drive,3,1,2024,2024-07
2024-07-31,2024,R,677976,596019,SI,Sinker,,called_strike,L,R,NYM,MIN,90.40,,,,,,3,0,2024,2024-07
2024-07-31,2024,R,677976,596019,FF,4-Seam Fastball,,ball,L,R,NYM,MIN,92.90,,,,,,2,0,2024,2024-07
2024-07-31,2024,R,677976,596019,CH,Changeup,,ball,L,R,NYM,MIN,85.50,,,,,,1,0,2024,2024-07
2024-07-31,2024,R,677976,596019,CH,Changeup,,ball,L,R,NYM,MIN,85.50,,,,,,0,0,2024,2024-07
2024-07-31,2024,R,677976,621438,ST,Sweeper,field_out,hit_into_play,R,R,NYM,MIN,82.70,45.90,-15,108.65,167.33,ground_ball,1,2,2024,2024-07
2024-07-31,2024,R,677976,621438,ST,Sweeper,,ball,R,R,NYM,MIN,83.80,,,,,,0,2,2024,2024-07
2024-07-31,2024,R,677976,621438,ST,Sweeper,,swinging_strike,R,R,NYM,MIN,83.30,,,,,,0,1,2024,2024-07
2024-07-31,2024,R,677976,621438,ST,Sweeper,,called_strike,R,R,NYM,MIN,81.60,,,,,,0,0,2024,2024-07
2024-07-31,2024,R,677976,624413,SI,Sinker,field_out,hit_into_play,R,R,NYM,MIN,91.90,114.70,-1,106.08,151.91,ground_ball,3,2,2024,2024-07
2024-07-31,2024,R,677976,624413,ST,Sweeper,,ball,R,R,NYM,MIN,84.10,,,,,,2,2,2024,2024-07
2024-07-31,2024,R,677976,624413,ST,Sweeper,,called_strike,R,R,NYM,MIN,83.50,,,,,,2,1,2024,2024-07
2024-07-31,2024,R,677976,624413,ST,Sweeper,,ball,R,R,NYM,MIN,83.70,,,,,,1,1,2024,2024-07
2024-07-31,2024,R,677976,624413,SI,Sinker,,called_strike,R,R,NYM,MIN,91.50,,,,,,1,0,2024,2024-07
2024-07-31,2024,R,677976,624413,SI,Sinker,,ball,R,R,NYM,MIN,91.40,,,,,,0,0,2024,2024-07
2024-07-31,2024,R,678394,457759,SI,Sinker,single,hit_into_play,R,R,BOS,SEA,95.40,65.70,45,183.54,144.32,fly_ball,0,0,2024,2024-07
2024-07-31,2024,R,678394,457759,CH,Changeup,field_out,hit_into_play,R,R,BOS,SEA,87.40,79.50,-9,135.75,138.73,ground_ball,2,1,2024,2024-07
2024-07-31,2024,R,678394,457759,SI,Sinker,,ball,R,R,BOS,SEA,94.40,,,,,,1,1,2024,2024-07
2024-07-31,2024,R,678394,457759,SI,Sinker,,ball,R,R,BOS,SEA,96.10,,,,,,0,1,2024,2024-07
2024-07-31,2024,R,678394,457759,ST,Sweeper,,foul,R,R,BOS,SEA,87.10,82.60,50,,,,0,0,2024,2024-07
2024-07-31,2024,R,678394,457759,ST,Sweeper,single,hit_into_play,R,R,BOS,SEA,85.60,97.00,15,136.25,76.14,line_drive,1,1,2024,2024-07
2024-07-31,2024,R,678394,457759,ST,Sweeper,,ball,R,R,BOS,SEA,85.80,,,,,,0,1,2024,2024-07
2024-07-31,2024,R,678394,457759,SI,Sinker,,called_strike,R,R,BOS,SEA,94.80,,,,,,0,0,2024,2024-07
2024-07-31,2024,R,678394,593871,ST,Sweeper,strikeout,swinging_strike_blocked,L,R,BOS,SEA,86.80,,,,,,1,2,2024,2024-07
2024-07-31,2024,R,678394,593871,FF,4-Seam Fastball,,ball,L,R,BOS,SEA,95.10,,,,,,0,2,2024,2024-07
2024-07-31,2024,R,678394,593871,ST,Sweeper,,swinging_strike,L,R,BOS,SEA,87.50,,,,,,0,1,2024,2024-07
2024-07-31,2024,R,678394,593871,ST,Sweeper,,called_strike,L,R,BOS,SEA,86.00,,,,,,0,0,2024,2024-07
2024-07-31,2024,R,678394,593871,CH,Changeup,walk,ball,L,R,BOS,SEA,88.70,,,,,,3,2,2024,2024-07
2024-07-31,2024,R,678394,593871,FF,4-Seam Fastball,,ball,L,R,BOS,SEA,96.40,,,,,,2,2,2024,2024-07
2024-07-31,2024,R,678394,593871,CH,Changeup,,foul,L,R,BOS,SEA,88.80,79.10,-44,,,,2,1,2024,2024-07
2024-07-31,2024,R,678394,593871,CH,Changeup,,swinging_strike,L,R,BOS,SEA,88.50,,,,,,2,0,2024,2024-07
2024-07-31,2024,R,678394,593871,ST,Sweeper,,ball,L,R,BOS,SEA,87.90,,,,,,1,0,2024,2024-07
2024-07-31,2024,R,678394,593871,CH,Changeup,,ball,L,R,BOS,SEA,88.20,,,,,,0,0,2024,2024-07
2024-07-31,2024,R,678394,593871,SI,Sinker,field_out,hit_into_play,L,R,BOS,SEA,96.00,93.30,52,62.34,101.51,fly_ball,2,0,2024,2024-07
2024-07-31,2024,R,678394,593871,CH,Changeup,,ball,L,R,BOS,SEA,88.10,,,,,,1,0,2024,2024-07
2024-07-31,2024,R,678394,593871,CH,Changeup,,ball,L,R,BOS,SEA,87.30,,,,,,0,0,2024,2024-07
2024-07-31,2024,R,678394,613564,SI,Sinker,walk,blocked_ball,L,R,BOS,SEA,96.10,,,,,,3,2,2024,2024-07
2024-07-31,2024,R,678394,613564,SI,Sinker,,called_strike,L,R,BOS,SEA,95.10,,,,,,3,1,2024,2024-07
2024-07-31,2024,R,678394,613564,SI,Sinker,,called_strike,L,R,BOS,SEA,94.90,,,,,,3,0,2024,2024-07
2024-07-31,2024,R,678394,613564,CH,Changeup,,ball,L,R,BOS,SEA,86.60,,,,,,2,0,2024,2024-07
2024-07-31,2024,R,678394,613564,ST,Sweeper,,ball,L,R,BOS,SEA,85.50,,,,,,1,0,2024,2024-07
2024-07-31,2024,R,678394,613564,CH,Changeup,,ball,L,R,BOS,SEA,86.80,,,,,,0,0,2024,2024-07
2024-07-31,2024,R,678394,613564,SI,Sinker,field_out,hit_into_play,L,R,BOS,SEA,96.50,91.30,0,129.19,189.09,ground_ball,1,1,2024,2024-07
2024-07-31,2024,R,678394,613564,SI,Sinker,,foul,L,R,BOS,SEA,97.00,75.70,32,,,,1,0,2024,2024-07
2024-07-31,2024,R,678394,613564,ST,Sweeper,,ball,L,R,BOS,SEA,84.30,,,,,,0,0,2024,2024-07
2024-07-31,2024,R,678394,613564,FF,4-Seam Fastball,strikeout,swinging_strike,L,R,BOS,SEA,97.00,,,,,,2,2,2024,2024-07
2024-07-31,2024,R,678394,613564,CH,Changeup,,swinging_strike,L,R,BOS,SEA,87.50,,,,,,2,1,2024,2024-07
2024-07-31,2024,R,678394,613564,SI,Sinker,,ball,L,R,BOS,SEA,95.70,,,,,,1,1,2024,2024-07
2024-07-31,2024,R,678394,613564,SI,Sinker,,ball,L,R,BOS,SEA,96.90,,,,,,0,1,2024,2024-07
2024-07-31,2024,R,678394,613564,SI,Sinker,,called_strike,L,R,BOS,SEA,95.20,,,,,,0,0,2024,2024-07
2024-07-31,2024,R,678394,641598,ST,Sweeper,field_out,hit_into_play,R,R,BOS,SEA,85.90,83.10,68,112.48,148.17,popup,0,2,2024,2024-07
2024-07-31,2024,R,678394,641598,SI,Sinker,,called_strike,R,R,BOS,SEA,95.30,,,,,,0,1,2024,2024-07
2024-07-31,2024,R,678394,641598,ST,Sweeper,,called_strike,R,R,BOS,SEA,85.20,,,,,,0,0,2024,2024-07
2024-07-31,2024,R,678394,641598,ST,Sweeper,strikeout,swinging_strike,R,R,BOS,SEA,87.30,,,,,,0,2,2024,2024-07
2024-07-31,2024,R,678394,641598,ST,Sweeper,,foul,R,R,BOS,SEA,86.60,69.80,-25,,,,0,1,2024,2024-07
2024-07-31,2024,R,678394,641598,ST,Sweeper,,swinging_strike,R,R,BOS,SEA,87.40,,,,,,0,0,2024,2024-07
2024-07-31,2024,R,678394,641598,ST,Sweeper,strikeout,swinging_strike,R,R,BOS,SEA,88.00,,,,,,2,2,2024,2024-07
2024-07-31,2024,R,678394,641598,ST,Sweeper,,swinging_strike,R,R,BOS,SEA,87.00,,,,,,2,1,2024,2024-07
2024-07-31,2024,R,678394,641598,SI,Sinker,,ball,R,R,BOS,SEA,97.70,,,,,,1,1,2024,2024-07
2024-07-31,2024,R,678394,641598,ST,Sweeper,,called_strike,R,R,BOS,SEA,86.60,,,,,,1,0,2024,2024-07
2024-07-31,2024,R,678394,641598,ST,Sweeper,,ball,R,R,BOS,SEA,86.60,,,,,,0,0,2024,2024-07
2024-07-31,2024,R,678394,663728,FF,4-Seam Fastball,field_out,hit_into_play,L,R,BOS,SEA,96.20,63.70,53,101.82,141.02,popup,2,2,2024,2024-07
2024-07-31,2024,R,678394,663728,CH,Changeup,,foul,L,R,BOS,SEA,89.60,77.40,19,,,,2,2,2024,2024-07
2024-07-31,2024,R,678394,663728,ST,Sweeper,,foul,L,R,BOS,SEA,86.80,,,,,,2,2,2024,2024-07
2024-07-31,2024,R,678394,663728,FF,4-Seam Fastball,,ball,L,R,BOS,SEA,96.80,,,,,,1,2,2024,2024-07
2024-07-31,2024,R,678394,663728,SI,Sinker,,called_strike,L,R,BOS,SEA,96.60,,,,,,1,1,2024,2024-07
2024-07-31,2024,R,678394,663728,CH,Changeup,,ball,L,R,BOS,SEA,88.90,,,,,,0,1,2024,2024-07
2024-07-31,2024,R,678394,663728,CH,Changeup,,foul_tip,L,R,BOS,SEA,88.10,,,,,,0,0,2024,2024-07
2024-07-31,2024,R,678394,663728,SI,Sinker,double,hit_into_play,L,R,BOS,SEA,95.50,99.60,22,92.96,96.56,line_drive,1,1,2024,2024-07
2024-07-31,2024,R,678394,663728,SI,Sinker,,foul,L,R,BOS,SEA,95.20,78.40,28,,,,1,0,2024,2024-07
2024-07-31,2024,R,678394,663728,ST,Sweeper,,ball,L,R,BOS,SEA,86.20,,,,,,0,0,2024,2024-07
2024-07-31,2024,R,678394,663728,CH,Changeup,grounded_into_double_play,hit_into_play,L,R,BOS,SEA,87.10,97.70,-8,149.42,172.97,ground_ball,1,1,2024,2024-07
2024-07-31,2024,R,678394,663728,CH,Changeup,,ball,L,R,BOS,SEA,89.10,,,,,,0,1,2024,2024-07
2024-07-31,2024,R,678394,663728,SI,Sinker,,foul,L,R,BOS,SEA,97.30,81.20,29,,,,0,0,2024,2024-07
2024-07-31,2024,R,678394,664238,FF,4-Seam Fastball,strikeout,swinging_strike,R,R,BOS,SEA,95.60,,,,,,1,2,2024,2024-07
2024-07-31,2024,R,678394,664238,CH,Changeup,,blocked_ball,R,R,BOS,SEA,87.60,,,,,,0,2,2024,2024-07
2024-07-31,2024,R,678394,664238,CH,Changeup,,swinging_strike,R,R,BOS,SEA,87.90,,,,,,0,1,2024,2024-07
2024-07-31,2024,R,678394,664238,ST,Sweeper,,foul,R,R,BOS,SEA,86.90,76.80,71,,,,0,0,2024,2024-07
2024-07-31,2024,R,678394,664238,SI,Sinker,single,hit_into_play,R,R,BOS,SEA,95.60,76.00,18,67.91,119.61,line_drive,0,1,2024,2024-07
2024-07-31,2024,R,678394,664238,SI,Sinker,,foul,R,R,BOS,SEA,96.60,88.30,27,,,,0,0,2024,2024-07
2024-07-31,2024,R,678394,664238,SI,Sinker,field_out,hit_into_play,R,R,BOS,SEA,95.80,71.00,82,118.04,189.16,popup,2,0,2024,2024-07
2024-07-31,2024,R,678394,664238,ST,Sweeper,,ball,R,R,BOS,SEA,86.40,,,,,,1,0,2024,2024-07
2024-07-31,2024,R,678394,664238,SI,Sinker,,ball,R,R,BOS,SEA,97.20,,,,,,0,0,2024,2024-07
2024-07-31,2024,R,678394,668227,CH,Changeup,strikeout,swinging_strike,R,R,BOS,SEA,88.10,,,,,,1,2,2024,2024-07
2024-07-31,2024,R,678394,668227,ST,Sweeper,,foul,R,R,BOS,SEA,86.30,69.50,28,,,,1,2,2024,2024-07
2024-07-31,2024,R,678394,668227,ST,Sweeper,,ball,R,R,BOS,SEA,87.20,,,,,,0,2,2024,2024-07
2024-07-31,2024,R,678394,668227,ST,Sweeper,,called_strike,R,R,BOS,SEA,86.90,,,,,,0,1,2024,2024-07
2024-07-31,2024,R,678394,668227,SI,Sinker,,foul,R,R,BOS,SEA,96.00,72.00,39,,,,0,0,2024,2024-07
2024-07-31,2024,R,678394,668227,ST,Sweeper,field_out,hit_into_play,R,R,BOS,SEA,87.00,63.10,-73,122.25,187.66,ground_ball,0,0,2024,2024-07
2024-07-31,2024,R,678394,668227,SI,Sinker,hit_by_pitch,hit_by_pitch,R,R,BOS,SEA,94.50,,,,,,0,0,2024,2024-07
2024-07-31,2024,R,678394,668942,SI,Sinker,single,hit_into_play,L,R,BOS,SEA,96.90,95.30,-4,189.90,101.11,ground_ball,3,2,2024,2024-07
2024-07-31,2024,R,678394,668942,SI,Sinker,,foul,L,R,BOS,SEA,96.30,82.40,12,,,,3,1,2024,2024-07
2024-07-31,2024,R,678394,668942,ST,Sweeper,,ball,L,R,BOS,SEA,85.10,,,,,,2,1,2024,2024-07
2024-07-31,2024,R,678394,668942,SI,Sinker,,ball,L,R,BOS,SEA,95.30,,,,,,1,1,2024,2024-07
2024-07-31,2024,R,678394,668942,SI,Sinker,,blocked_ball,L,R,BOS,SEA,96.00,,,,,,0,1,2024,2024-07
2024-07-31,2024,R,678394,668942,ST,Sweeper,,called_strike,L,R,BOS,SEA,87.30,,,,,,0,0,2024,2024-07
2024-07-31,2024,R,678394,668942,CH,Changeup,home_run,hit_into_play,L,R,BOS,SEA,87.60,101.40,29,101.21,36.41,fly_ball,1,0,2024,2024-07
2024-07-31,2024,R,678394,668942,CH,Changeup,,ball,L,R,BOS,SEA,87.90,,,,,,0,0,2024,2024-07
2024-07-31,2024,R,678394,668942,SI,Sinker,field_out,hit_into_play,L,R,BOS,SEA,96.80,93.10,-26,140.31,152.22,ground_ball,3,2,2024,2024-07
2024-07-31,2024,R,678394,668942,CH,Changeup,,ball,L,R,BOS,SEA,87.80,,,,,,2,2,2024,2024-07
2024-07-31,2024,R,678394,668942,CH,Changeup,,ball,L,R,BOS,SEA,89.60,,,,,,1,2,2024,2024-07
2024-07-31,2024,R,678394,668942,FF,4-Seam Fastball,,ball,L,R,BOS,SEA,96.60,,,,,,0,2,2024,2024-07
2024-07-31,2024,R,678394,668942,CH,Changeup,,foul_tip,L,R,BOS,SEA,89.20,,,,,,0,1,2024,2024-07
2024-07-31,2024,R,678394,668942,ST,Sweeper,,called_strike,L,R,BOS,SEA,86.70,,,,,,0,0,2024,2024-07
2024-07-31,2024,R,678394,668942,SI,Sinker,field_out,hit_into_play,L,R,BOS,SEA,95.10,87.70,0,123.53,187.28,ground_ball,1,0,2024,2024-07
2024-07-31,2024,R,678394,668942,SI,Sinker,,ball,L,R,BOS,SEA,96.40,,,,,,0,0,2024,2024-07
2024-07-31,2024,R,678394,670042,ST,Sweeper,field_out,hit_into_play,L,R,BOS,SEA,87.10,106.20,39,178.84,57.15,fly_ball,0,1,2024,2024-07
2024-07-31,2024,R,678394,670042,SI,Sinker,,foul,L,R,BOS,SEA,96.20,80.10,12,,,,0,0,2024,2024-07
2024-07-31,2024,R,678394,670042,CH,Changeup,strikeout,swinging_strike,L,R,BOS,SEA,88.50,,,,,,0,2,2024,2024-07
2024-07-31,2024,R,678394,670042,ST,Sweeper,,called_strike,L,R,BOS,SEA,86.90,,,,,,0,1,2024,2024-07
2024-07-31,2024,R,678394,670042,ST,Sweeper,,foul,L,R,BOS,SEA,86.70,59.30,42,,,,0,0,2024,2024-07
2024-07-31,2024,R,678394,670042,CH,Changeup,single,hit_into_play,L,R,BOS,SEA,88.80,105.30,2,141.32,89.98,ground_ball,0,1,2024,2024-07
2024-07-31,2024,R,678394,670042,ST,Sweeper,,called_strike,L,R,BOS,SEA,86.50,,,,,,0,0,2024,2024-07
2024-07-31,2024,R,680570,543807,FF,4-Seam Fastball,field_out,hit_into_play,R,R,BAL,TOR,97.70,86.10,38,127.17,182.12,fly_ball,2,2,2024,2024-07
2024-07-31,2024,R,680570,543807,SL,Slider,,called_strike,R,R,BAL,TOR,85.60,,,,,,2,1,2024,2024-07
2024-07-31,2024,R,680570,543807,SL,Slider,,ball,R,R,BAL,TOR,85.10,,,,,,1,1,2024,2024-07
2024-07-31,2024,R,680570,543807,SL,Slider,,blocked_ball,R,R,BAL,TOR,85.30,,,,,,0,1,2024,2024-07
2024-07-31,2024,R,680570,543807,CU,Curveball,,called_strike,R,R,BAL,TOR,80.40,,,,,,0,0,2024,2024-07
2024-07-31,2024,R,680570,543807,FF,4-Seam Fastball,double,hit_into_play,R,R,BAL,TOR,95.10,102.80,20,211.00,101.26,line_drive,0,0,2024,2024-07
2024-07-31,2024,R,680570,543807,CH,Changeup,single,hit_into_play,R,R,BAL,TOR,82.90,101.50,10,59.77,106.67,line_drive,0,1,2024,2024-07
2024-07-31,2024,R,680570,543807,SL,Slider,,foul,R,R,BAL,TOR,88.50,68.40,54,,,,0,0,2024,2024-07
2024-07-31,2024,R,680570,543807,FF,4-Seam Fastball,field_out,hit_into_play,R,R,BAL,TOR,94.70,81.10,-13,104.56,166.16,ground_ball,0,0,2024,2024-07
2024-07-31,2024,R,680570,661531,SL,Slider,field_error,hit_into_play,R,R,BAL,TOR,84.30,69.80,5,102.81,146.60,ground_ball,1,1,2024,2024-07
2024-07-31,2024,R,680570,661531,FF,4-Seam Fastball,,called_strike,R,R,BAL,TOR,97.40,,,,,,1,0,2024,2024-07
2024-07-31,2024,R,680570,661531,SL,Slider,,ball,R,R,BAL,TOR,83.40,,,,,,0,0,2024,2024-07
2024-07-31,2024,R,680570,661531,SL,Slider,field_out,hit_into_play,R,R,BAL,TOR,84.60,57.10,-43,125.95,202.76,ground_ball,0,1,2024,2024-07
2024-07-31,2024,R,680570,661531,SL,Slider,,called_strike,R,R,BAL,TOR,85.80,,,,,,0,0,2024,2024-07
2024-07-31,2024,R,680570,661531,FF,4-Seam Fastball,strikeout,called_strike,R,R,BAL,TOR,98.10,,,,,,1,2,2024,2024-07
2024-07-31,2024,R,680570,661531,FF,4-Seam Fastball,,foul,R,R,BAL,TOR,96.10,79.00,53,,,,1,1,2024,2024-07
2024-07-31,2024,R,680570,661531,SL,Slider,,foul,R,R,BAL,TOR,87.80,70.90,-26,,,,1,0,2024,2024-07
2024-07-31,2024,R,680570,661531,FF,4-Seam Fastball,,ball,R,R,BAL,TOR,95.30,,,,,,0,0,2024,2024-07
2024-07-31,2024,R,680570,662139,FF,4-Seam Fastball,walk,ball,L,R,BAL,TOR,98.40,,,,,,3,2,2024,2024-07
2024-07-31,2024,R,680570,662139,CH,Changeup,,foul,L,R,BAL,TOR,83.00,87.40,-29,,,,3,2,2024,2024-07
2024-07-31,2024,R,680570,662139,CH,Changeup,,foul,L,R,BAL,TOR,83.10,60.00,-18,,,,3,2,2024,2024-07
2024-07-31,2024,R,680570,662139,FF,4-Seam Fastball,,foul,L,R,BAL,TOR,96.70,89.90,78,,,,3,1,2024,2024-07
2024-07-31,2024,R,680570,662139,FF,4-Seam Fastball,,foul,L,R,BAL,TOR,94.10,81.60,25,,,,3,0,2024,2024-07
2024-07-31,2024,R,680570,662139,FF,4-Seam Fastball,,ball,L,R,BAL,TOR,95.90,,,,,,2,0,2024,2024-07
2024-07-31,2024,R,680570,662139,CU,Curveball,,ball,L,R,BAL,TOR,80.20,,,,,,1,0,2024,2024-07
2024-07-31,2024,R,680570,662139,CU,Curveball,,ball,L,R,BAL,TOR,78.70,,,,,,0,0,2024,2024-07
2024-07-31,2024,R,680570,662139,FF,4-Seam Fastball,field_out,hit_into_play,L,R,BAL,TOR,95.00,99.60,56,195.45,113.44,fly_ball,0,0,2024,2024-07
2024-07-31,2024,R,680570,662139,FF,4-Seam Fastball,strikeout,foul_tip,L,R,BAL,TOR,96.40,,,,,,1,2,2024,2024-07
2024-07-31,2024,R,680570,662139,FF,4-Seam Fastball,,foul,L,R,BAL,TOR,94.40,90.20,87,,,,1,1,2024,2024-07
2024-07-31,2024,R,680570,662139,FF,4-Seam Fastball,,ball,L,R,BAL,TOR,94.80,,,,,,0,1,2024,2024-07
2024-07-31,2024,R,680570,662139,FF,4-Seam Fastball,,foul,L,R,BAL,TOR,94.80,91.70,52,,,,0,0,2024,2024-07
2024-07-31,2024,R,680570,665489,FF,4-Seam Fastball,field_out,hit_into_play,R,R,BAL,TOR,97.10,45.20,-50,116.43,173.43,ground_ball,1,1,2024,2024-07
2024-07-31,2024,R,680570,665489,SL,Slider,,foul,R,R,BAL,TOR,86.40,75.50,55,,,,1,0,2024,2024-07
2024-07-31,2024,R,680570,665489,FF,4-Seam Fastball,,ball,R,R,BAL,TOR,95.80,,,,,,0,0,2024,2024-07
2024-07-31,2024,R,680570,665489,SL,Slider,strikeout,swinging_strike,R,R,BAL,TOR,85.10,,,,,,1,2,2024,2024-07
2024-07-31,2024,R,680570,665489,SL,Slider,,foul,R,R,BAL,TOR,85.00,71.80,69,,,,1,2,2024,2024-07
2024-07-31,2024,R,680570,665489,FF,4-Seam Fastball,,called_strike,R,R,BAL,TOR,98.10,,,,,,1,1,2024,2024-07
2024-07-31,2024,R,680570,665489,FF,4-Seam Fastball,,ball,R,R,BAL,TOR,98.00,,,,,,0,1,2024,2024-07
2024-07-31,2024,R,680570,665489,FF,4-Seam Fastball,,called_strike,R,R,BAL,TOR,97.50,,,,,,0,0,2024,2024-07
2024-07-31,2024,R,680570,665489,CH,Changeup,double,hit_into_play,R,R,BAL,TOR,84.00,101.00,0,75.25,155.40,ground_ball,1,0,2024,2024-07
2024-07-31,2024,R,680570,665489,CH,Changeup,,ball,R,R,BAL,TOR,84.40,,,,,,0,0,2024,2024-07
2024-07-31,2024,R,680570,676391,SL,Slider,field_out,hit_into_play,R,R,BAL,TOR,82.80,85.70,4,109.64,157.00,ground_ball,0,2,2024,2024-07
2024-07-31,2024,R,680570,676391,CU,Curveball,,foul,R,R,BAL,TOR,79.30,55.90,65,,,,0,1,2024,2024-07
2024-07-31,2024,R,680570,676391,FF,4-Seam Fastball,,swinging_strike,R,R,BAL,TOR,94.60,,,,,,0,0,2024,2024-07
2024-07-31,2024,R,680570,676391,FF,4-Seam Fastball,single,hit_into_play,R,R,BAL,TOR,95.50,77.00,-22,109.64,162.60,ground_ball,2,0,2024,2024-07
2024-07-31,2024,R,680570,676391,SL,Slider,,ball,R,R,BAL,TOR,87.20,,,,,,1,0,2024,2024-07
2024-07-31,2024,R,680570,676391,CU,Curveball,,ball,R,R,BAL,TOR,81.70,,,,,,0,0,2024,2024-07
2024-07-31,2024,R,680570,676391,SL,Slider,strikeout,swinging_strike,R,R,BAL,TOR,84.30,,,,,,0,2,2024,2024-07
2024-07-31,2024,R,680570,676391,CU,Curveball,,foul,R,R,BAL,TOR,79.20,60.80,50,,,,0,1,2024,2024-07
2024-07-31,2024,R,680570,676391,FF,4-Seam Fastball,,called_strike,R,R,BAL,TOR,91.40,,,,,,0,0,2024,2024-07
2024-07-31,2024,R,680570,676914,SL,Slider,strikeout,swinging_strike,R,R,BAL,TOR,83.80,,,,,,0,2,2024,2024-07
2024-07-31,2024,R,680570,676914,SL,Slider,,swinging_strike,R,R,BAL,TOR,84.70,,,,,,0,1,2024,2024-07
2024-07-31,2024,R,680570,676914,SL,Slider,,foul_tip,R,R,BAL,TOR,86.00,,,,,,0,0,2024,2024-07
2024-07-31,2024,R,680570,676914,FF,4-Seam Fastball,walk,ball,R,R,BAL,TOR,97.70,,,,,,3,2,2024,2024-07
2024-07-31,2024,R,680570,676914,FF,4-Seam Fastball,,foul_tip,R,R,BAL,TOR,96.00,,,,,,3,1,2024,2024-07
2024-07-31,2024,R,680570,676914,FF,4-Seam Fastball,,ball,R,R,BAL,TOR,97.50,,,,,,2,1,2024,2024-07
2024-07-31,2024,R,680570,676914,FF,4-Seam Fastball,,ball,R,R,BAL,TOR,96.10,,,,,,1,1,2024,2024-07
2024-07-31,2024,R,680570,676914,FF,4-Seam Fastball,,ball,R,R,BAL,TOR,96.90,,,,,,0,1,2024,2024-07
2024-07-31,2024,R,680570,676914,CH,Changeup,,called_strike,R,R,BAL,TOR,82.40,,,,,,0,0,2024,2024-07
2024-07-31,2024,R,680570,676914,SL,Slider,strikeout,swinging_strike,R,R,BAL,TOR,85.50,,,,,,2,2,2024,2024-07
2024-07-31,2024,R,680570,676914,SL,Slider,,ball,R,R,BAL,TOR,85.90,,,,,,1,2,2024,2024-07
2024-07-31,2024,R,680570,676914,FF,4-Seam Fastball,,foul,R,R,BAL,TOR,98.40,78.50,22,,,,1,2,2024,2024-07
2024-07-31,2024,R,680570,676914,FF,4-Seam Fastball,,swinging_strike,R,R,BAL,TOR,96.20,,,,,,1,1,2024,2024-07
2024-07-31,2024,R,680570,676914,FF,4-Seam Fastball,,ball,R,R,BAL,TOR,96.80,,,,,,0,1,2024,2024-07
2024-07-31,2024,R,680570,676914,SL,Slider,,called_strike,R,R,BAL,TOR,86.10,,,,,,0,0,2024,2024-07
2024-07-31,2024,R,680570,680718,CH,Changeup,walk,ball,L,R,BAL,TOR,83.60,,,,,,3,2,2024,2024-07
2024-07-31,2024,R,680570,680718,SL,Slider,,blocked_ball,L,R,BAL,TOR,83.50,,,,,,2,2,2024,2024-07
2024-07-31,2024,R,680570,680718,CH,Changeup,,called_strike,L,R,BAL,TOR,84.80,,,,,,2,1,2024,2024-07
2024-07-31,2024,R,680570,680718,CH,Changeup,,ball,L,R,BAL,TOR,83.20,,,,,,1,1,2024,2024-07
2024-07-31,2024,R,680570,680718,CH,Changeup,,swinging_strike,L,R,BAL,TOR,83.60,,,,,,1,0,2024,2024-07
2024-07-31,2024,R,680570,680718,CH,Changeup,,ball,L,R,BAL,TOR,83.70,,,,,,0,0,2024,2024-07
2024-07-31,2024,R,680570,680718,FF,4-Seam Fastball,double,hit_into_play,L,R,BAL,TOR,98.60,97.70,19,13.07,92.21,line_drive,0,2,2024,2024-07
2024-07-31,2024,R,680570,680718,FF,4-Seam Fastball,,foul,L,R,BAL,TOR,98.70,87.80,14,,,,0,2,2024,2024-07
2024-07-31,2024,R,680570,680718,CH,Changeup,,foul,L,R,BAL,TOR,84.50,47.80,-37,,,,0,1,2024,2024-07
2024-07-31,2024,R,680570,680718,FF,4-Seam Fastball,,swinging_strike,L,R,BAL,TOR,97.70,,,,,,0,0,2024,2024-07
2024-07-31,2024,R,680570,680718,FF,4-Seam Fastball,home_run,hit_into_play,L,R,BAL,TOR,95.50,99.80,40,205.38,71.19,fly_ball,0,0,2024,2024-07
2024-07-31,2024,R,680570,687462,CH,Changeup,field_out,hit_into_play,L,R,BAL,TOR,83.40,72.70,-15,158.88,170.23,ground_ball,1,2,2024,2024-07
2024-07-31,2024,R,680570,687462,FF,4-Seam Fastball,,foul,L,R,BAL,TOR,97.30,75.00,60,,,,1,2,2024,2024-07
2024-07-31,2024,R,680570,687462,FF,4-Seam Fastball,,ball,L,R,BAL,TOR,97.60,,,,,,0,2,2024,2024-07
2024-07-31,2024,R,680570,687462,FF,4-Seam Fastball,,foul,L,R,BAL,TOR,96.40,75.60,27,,,,0,1,2024,2024-07
2024-07-31,2024,R,680570,687462,CH,Changeup,,swinging_strike,L,R,BAL,TOR,84.00,,,,,,0,0,2024,2024-07
2024-07-31,2024,R,680570,687462,CH,Changeup,field_out,hit_into_play,L,R,BAL,TOR,83.60,87.70,80,100.05,194.33,popup,1,0,2024,2024-07
2024-07-31,2024,R,680570,687462,FF,4-Seam Fastball,,ball,L,R,BAL,TOR,95.20,,,,,,0,0,2024,2024-07
2024-07-31,2024,R,680570,687462,CU,Curveball,field_out,hit_into_play,L,R,BAL,TOR,81.30,94.90,-13,150.76,158.02,ground_ball,1,2,2024,2024-07
2024-07-31,2024,R,680570,687462,FF,4-Seam Fastball,,foul,L,R,BAL,TOR,96.70,76.50,42,,,,1,2,2024,2024-07
2024-07-31,2024,R,680570,687462,FF,4-Seam Fastball,,swinging_strike,L,R,BAL,TOR,95.00,,,,,,1,1,2024,2024-07
2024-07-31,2024,R,680570,687462,FF,4-Seam Fastball,,called_strike,L,R,BAL,TOR,94.70,,,,,,1,0,2024,2024-07
2024-07-31,2024,R,680570,687462,FF,4-Seam Fastball,,ball,L,R,BAL,TOR,94.60,,,,,,0,0,2024,2024-07
2024-07-31,2024,R,680570,694388,CU,Curveball,field_out,hit_into_play,L,R,BAL,TOR,81.80,76.10,-7,158.88,170.23,ground_ball,0,0,2024,2024-07
2024-07-31,2024,R,680570,694388,FF,4-Seam Fastball,strikeout,swinging_strike,L,R,BAL,TOR,97.70,,,,,,1,2,2024,2024-07
2024-07-31,2024,R,680570,694388,FF,4-Seam Fastball,,foul,L,R,BAL,TOR,96.20,80.00,8,,,,1,1,2024,2024-07
2024-07-31,2024,R,680570,694388,CH,Changeup,,foul,L,R,BAL,TOR,83.40,79.00,4,,,,1,0,2024,2024-07
2024-07-31,2024,R,680570,694388,CH,Changeup,,ball,L,R,BAL,TOR,82.30,,,,,,0,0,2024,2024-07
2024-07-31,2024,R,680570,694388,FF,4-Seam Fastball,strikeout,called_strike,L,R,BAL,TOR,96.20,,,,,,0,2,2024,2024-07
2024-07-31,2024,R,680570,694388,FF,4-Seam Fastball,,swinging_strike,L,R,BAL,TOR,95.30,,,,,,0,1,2024,2024-07
2024-07-31,2024,R,680570,694388,FF,4-Seam Fastball,,foul,L,R,BAL,TOR,94.40,77.90,12,,,,0,0,2024,2024-07
2024-07-31,2024,R,680767,607680,FF,4-Seam Fastball,strikeout,swinging_strike,R,R,LAA,COL,99.10,,,,,,0,2,2024,2024-07
2024-07-31,2024,R,680767,607680,SL,Slider,,foul,R,R,LAA,COL,85.70,87.80,-8,,,,0,1,2024,2024-07
2024-07-31,2024,R,680767,607680,FF,4-Seam Fastball,,foul,R,R,LAA,COL,98.50,75.40,-7,,,,0,0,2024,2024-07
2024-07-31,2024,R,680767,621493,FF,4-Seam Fastball,field_out,hit_into_play,R,R,LAA,COL,98.40,97.30,19,197.38,93.25,line_drive,1,1,2024,2024-07
2024-07-31,2024,R,680767,621493,CH,Changeup,,called_strike,R,R,LAA,COL,89.70,,,,,,1,0,2024,2024-07
2024-07-31,2024,R,680767,621493,FF,4-Seam Fastball,,ball,R,R,LAA,COL,99.20,,,,,,0,0,2024,2024-07
2024-07-31,2024,R,680767,681351,SL,Slider,field_out,hit_into_play,R,R,LAA,COL,84.80,100.60,-2,108.53,147.73,ground_ball,1,0,2024,2024-07
2024-07-31,2024,R,680767,681351,SL,Slider,,ball,R,R,LAA,COL,86.30,,,,,,0,0,2024,2024-07
2024-07-31,2024,R,682610,650490,SI,Sinker,field_out,hit_into_play,R,R,TB,MIA,95.10,86.10,22,107.71,77.56,line_drive,0,0,2024,2024-07
2024-07-31,2024,R,682610,650490,SI,Sinker,single,hit_into_play,R,R,TB,MIA,95.90,65.70,-63,105.09,179.39,ground_ball,3,2,2024,2024-07
2024-07-31,2024,R,682610,650490,FF,4-Seam Fastball,,ball,R,R,TB,MIA,96.00,,,,,,2,2,2024,2024-07
2024-07-31,2024,R,682610,650490,FF,4-Seam Fastball,,called_strike,R,R,TB,MIA,95.20,,,,,,2,1,2024,2024-07
2024-07-31,2024,R,682610,650490,SL,Slider,,ball,R,R,TB,MIA,87.50,,,,,,1,1,2024,2024-07
2024-07-31,2024,R,682610,650490,SI,Sinker,,ball,R,R,TB,MIA,94.20,,,,,,0,1,2024,2024-07
2024-07-31,2024,R,682610,650490,SI,Sinker,,called_strike,R,R,TB,MIA,95.00,,,,,,0,0,2024,2024-07
2024-07-31,2024,R,682610,650490,SI,Sinker,strikeout,swinging_strike,R,R,TB,MIA,95.50,,,,,,3,2,2024,2024-07
2024-07-31,2024,R,682610,650490,SL,Slider,,ball,R,R,TB,MIA,85.30,,,,,,2,2,2024,2024-07
2024-07-31,2024,R,682610,650490,FF,4-Seam Fastball,,ball,R,R,TB,MIA,96.30,,,,,,1,2,2024,2024-07
2024-07-31,2024,R,682610,650490,FF,4-Seam Fastball,,foul,R,R,TB,MIA,95.30,82.60,70,,,,1,2,2024,2024-07
2024-07-31,2024,R,682610,650490,FC,Cutter,,foul,R,R,TB,MIA,92.20,77.70,53,,,,1,1,2024,2024-07
2024-07-31,2024,R,682610,650490,SI,Sinker,,foul,R,R,TB,MIA,93.60,67.40,66,,,,1,0,2024,2024-07
2024-07-31,2024,R,682610,650490,SI,Sinker,,ball,R,R,TB,MIA,93.50,,,,,,0,0,2024,2024-07
2024-07-31,2024,R,682610,656577,SL,Slider,strikeout,called_strike,R,R,TB,MIA,88.10,,,,,,2,2,2024,2024-07
2024-07-31,2024,R,682610,656577,SI,Sinker,,foul,R,R,TB,MIA,93.20,101.90,23,,,,2,1,2024,2024-07
2024-07-31,2024,R,682610,656577,SL,Slider,,ball,R,R,TB,MIA,86.30,,,,,,1,1,2024,2024-07
2024-07-31,2024,R,682610,656577,SI,Sinker,,foul,R,R,TB,MIA,93.30,75.00,-29,,,,1,0,2024,2024-07
2024-07-31,2024,R,682610,656577,SI,Sinker,,ball,R,R,TB,MIA,94.70,,,,,,0,0,2024,2024-07
2024-07-31,2024,R,682610,656577,SL,Slider,strikeout,called_strike,R,R,TB,MIA,86.80,,,,,,0,2,2024,2024-07
2024-07-31,2024,R,682610,656577,SL,Slider,,swinging_strike,R,R,TB,MIA,88.20,,,,,,0,1,2024,2024-07
2024-07-31,2024,R,682610,656577,SL,Slider,,swinging_strike,R,R,TB,MIA,88.60,,,,,,0,0,2024,2024-07
2024-07-31,2024,R,682610,664040,FF,4-Seam Fastball,strikeout,swinging_strike,L,R,TB,MIA,94.90,,,,,,1,2,2024,2024-07
2024-07-31,2024,R,682610,664040,SI,Sinker,,foul,L,R,TB,MIA,94.00,78.70,43,,,,1,1,2024,2024-07
2024-07-31,2024,R,682610,664040,FC,Cutter,,ball,L,R,TB,MIA,90.00,,,,,,0,1,2024,2024-07
2024-07-31,2024,R,682610,664040,SI,Sinker,,called_strike,L,R,TB,MIA,94.70,,,,,,0,0,2024,2024-07
2024-07-31,2024,R,682610,664040,CH,Changeup,field_out,hit_into_play,L,R,TB,MIA,90.30,90.50,33,170.78,65.44,fly_ball,1,2,2024,2024-07
2024-07-31,2024,R,682610,664040,FF,4-Seam Fastball,,ball,L,R,TB,MIA,95.70,,,,,,0,2,2024,2024-07
2024-07-31,2024,R,682610,664040,FC,Cutter,,foul,L,R,TB,MIA,89.90,91.10,-7,,,,0,1,2024,2024-07
2024-07-31,2024,R,682610,664040,FC,Cutter,,called_strike,L,R,TB,MIA,90.20,,,,,,0,0,2024,2024-07
2024-07-31,2024,R,682610,666139,SI,Sinker,double,hit_into_play,L,R,TB,MIA,94.10,107.70,9,204.16,123.21,line_drive,2,1,2024,2024-07
2024-07-31,2024,R,682610,666139,SI,Sinker,,foul,L,R,TB,MIA,93.80,70.00,25,,,,2,0,2024,2024-07
2024-07-31,2024,R,682610,666139,FC,Cutter,,ball,L,R,TB,MIA,90.20,,,,,,1,0,2024,2024-07
2024-07-31,2024,R,682610,666139,FF,4-Seam Fastball,,ball,L,R,TB,MIA,94.90,,,,,,0,0,2024,2024-07
2024-07-31,2024,R,682610,666139,FF,4-Seam Fastball,field_out,hit_into_play,L,R,TB,MIA,95.70,99.30,17,93.43,70.35,line_drive,2,2,2024,2024-07
2024-07-31,2024,R,682610,666139,CH,Changeup,,ball,L,R,TB,MIA,90.10,,,,,,1,2,2024,2024-07
2024-07-31,2024,R,682610,666139,FF,4-Seam Fastball,,ball,L,R,TB,MIA,96.20,,,,,,0,2,2024,2024-07
2024-07-31,2024,R,682610,666139,FF,4-Seam Fastball,,foul,L,R,TB,MIA,95.60,77.90,24,,,,0,1,2024,2024-07
2024-07-31,2024,R,682610,666139,FC,Cutter,,foul_bunt,L,R,TB,MIA,88.40,,,,,,0,0,2024,2024-07
2024-07-31,2024,R,682610,666185,FF,4-Seam Fastball,strikeout,swinging_strike,L,R,TB,MIA,95.20,,,,,,2,2,2024,2024-07
2024-07-31,2024,R,682610,666185,SL,Slider,,ball,L,R,TB,MIA,85.90,,,,,,1,2,2024,2024-07
2024-07-31,2024,R,682610,666185,SL,Slider,,swinging_strike,L,R,TB,MIA,84.20,,,,,,1,1,2024,2024-07
2024-07-31,2024,R,682610,666185,SL,Slider,,ball,L,R,TB,MIA,87.80,,,,,,0,1,2024,2024-07
2024-07-31,2024,R,682610,666185,FF,4-Seam Fastball,,swinging_strike,L,R,TB,MIA,95.50,,,,,,0,0,2024,2024-07
2024-07-31,2024,R,682610,666624,SI,Sinker,grounded_into_double_play,hit_into_play,R,R,TB,MIA,94.10,78.10,-8,102.07,172.13,ground_ball,0,1,2024,2024-07
2024-07-31,2024,R,682610,666624,SI,Sinker,,called_strike,R,R,TB,MIA,94.60,,,,,,0,0,2024,2024-07
2024-07-31,2024,R,682610,666624,FC,Cutter,home_run,hit_into_play,R,R,TB,MIA,90.70,107.30,23,12.39,94.10,fly_ball,1,0,2024,2024-07
2024-07-31,2024,R,682610,666624,FC,Cutter,,ball,R,R,TB,MIA,91.40,,,,,,0,0,2024,2024-07
2024-07-31,2024,R,682610,670764,SI,Sinker,field_out,hit_into_play,L,R,TB,MIA,93.10,102.00,18,161.79,78.08,line_drive,1,0,2024,2024-07
2024-07-31,2024,R,682610,670764,SI,Sinker,,ball,L,R,TB,MIA,94.20,,,,,,0,0,2024,2024-07
2024-07-31,2024,R,682610,670764,SL,Slider,strikeout,swinging_strike,L,R,TB,MIA,87.30,,,,,,1,2,2024,2024-07
2024-07-31,2024,R,682610,670764,FF,4-Seam Fastball,,ball,L,R,TB,MIA,95.80,,,,,,0,2,2024,2024-07
2024-07-31,2024,R,682610,670764,FF,4-Seam Fastball,,foul,L,R,TB,MIA,95.50,71.50,51,,,,0,1,2024,2024-07
2024-07-31,2024,R,682610,670764,FC,Cutter,,swinging_strike,L,R,TB,MIA,89.90,,,,,,0,0,2024,2024-07
2024-07-31,2024,R,682610,676356,SI,Sinker,field_out,hit_into_play,R,R,TB,MIA,95.10,95.90,7,110.54,154.57,ground_ball,0,1,2024,2024-07
2024-07-31,2024,R,682610,676356,SL,Slider,,called_strike,R,R,TB,MIA,84.40,,,,,,0,0,2024,2024-07
2024-07-31,2024,R,682610,676356,SL,Slider,triple,hit_into_play,R,R,TB,MIA,84.90,84.80,20,36.19,117.04,line_drive,0,2,2024,2024-07
2024-07-31,2024,R,682610,676356,SI,Sinker,,called_strike,R,R,TB,MIA,95.00,,,,,,0,1,2024,2024-07
2024-07-31,2024,R,682610,676356,FC,Cutter,,called_strike,R,R,TB,MIA,90.10,,,,,,0,0,2024,2024-07
2024-07-31,2024,R,682610,676609,FC,Cutter,strikeout,called_strike,R,R,TB,MIA,91.00,,,,,,3,2,2024,2024-07
2024-07-31,2024,R,682610,676609,SI,Sinker,,foul,R,R,TB,MIA,94.80,79.00,-23,,,,3,1,2024,2024-07
2024-07-31,2024,R,682610,676609,SI,Sinker,,called_strike,R,R,TB,MIA,95.50,,,,,,3,0,2024,2024-07
2024-07-31,2024,R,682610,676609,FC,Cutter,,ball,R,R,TB,MIA,91.30,,,,,,2,0,2024,2024-07
2024-07-31,2024,R,682610,676609,SI,Sinker,,ball,R,R,TB,MIA,95.00,,,,,,1,0,2024,2024-07
2024-07-31,2024,R,682610,676609,FC,Cutter,,ball,R,R,TB,MIA,91.40,,,,,,0,0,2024,2024-07
2024-07-31,2024,R,682610,676609,SL,Slider,field_out,hit_into_play,R,R,TB,MIA,84.90,78.10,-16,108.42,169.32,ground_ball,2,2,2024,2024-07
2024-07-31,2024,R,682610,676609,FF,4-Seam Fastball,,foul,R,R,TB,MIA,96.60,77.50,59,,,,2,2,2024,2024-07
2024-07-31,2024,R,682610,676609,SI,Sinker,,foul,R,R,TB,MIA,94.50,72.80,-32,,,,2,1,2024,2024-07
2024-07-31,2024,R,682610,676609,SL,Slider,,ball,R,R,TB,MIA,83.20,,,,,,1,1,2024,2024-07
2024-07-31,2024,R,682610,676609,FF,4-Seam Fastball,,foul,R,R,TB,MIA,94.90,71.80,35,,,,1,0,2024,2024-07
2024-07-31,2024,R,682610,676609,FC,Cutter,,ball,R,R,TB,MIA,89.00,,,,,,0,0,2024,2024-07
2024-07-31,2024,R,682610,680700,SI,Sinker,walk,ball,L,R,TB,MIA,95.10,,,,,,3,2,2024,2024-07
2024-07-31,2024,R,682610,680700,SL,Slider,,ball,L,R,TB,MIA,86.50,,,,,,2,2,2024,2024-07
2024-07-31,2024,R,682610,680700,FF,4-Seam Fastball,,ball,L,R,TB,MIA,95.00,,,,,,1,2,2024,2024-07
2024-07-31,2024,R,682610,680700,SL,Slider,,foul,L,R,TB,MIA,84.10,65.20,27,,,,1,2,2024,2024-07
2024-07-31,2024,R,682610,680700,SI,Sinker,,called_strike,L,R,TB,MIA,95.40,,,,,,1,1,2024,2024-07
2024-07-31,2024,R,682610,680700,SI,Sinker,,called_strike,L,R,TB,MIA,94.90,,,,,,1,0,2024,2024-07
2024-07-31,2024,R,682610,680700,FF,4-Seam Fastball,,ball,L,R,TB,MIA,95.20,,,,,,0,0,2024,2024-07
2024-07-31,2024,R,683232,518595,SL,Slider,home_run,hit_into_play,R,R,MIL,ATL,86.30,101.50,28,71.99,41.15,fly_ball,0,1,2024,2024-07
2024-07-31,2024,R,683232,518595,FF,4-Seam Fastball,,foul,R,R,MIL,ATL,97.50,72.30,65,,,,0,0,2024,2024-07
2024-07-31,2024,R,683232,542303,SL,Slider,strikeout,swinging_strike,R,R,MIL,ATL,87.30,,,,,,3,2,2024,2024-07
2024-07-31,2024,R,683232,542303,FF,4-Seam Fastball,,foul,R,R,MIL,ATL,96.00,75.90,55,,,,3,1,2024,2024-07
2024-07-31,2024,R,683232,542303,FF,4-Seam Fastball,,ball,R,R,MIL,ATL,96.10,,,,,,2,1,2024,2024-07
2024-07-31,2024,R,683232,542303,FF,4-Seam Fastball,,called_strike,R,R,MIL,ATL,95.90,,,,,,2,0,2024,2024-07
2024-07-31,2024,R,683232,542303,FF,4-Seam Fastball,,ball,R,R,MIL,ATL,96.40,,,,,,1,0,2024,2024-07
2024-07-31,2024,R,683232,542303,SL,Slider,,ball,R,R,MIL,ATL,87.00,,,,,,0,0,2024,2024-07
2024-07-31,2024,R,683232,593160,FF,4-Seam Fastball,walk,ball,R,R,MIL,ATL,95.80,,,,,,3,2,2024,2024-07
2024-07-31,2024,R,683232,593160,CU,Curveball,,ball,R,R,MIL,ATL,81.70,,,,,,2,2,2024,2024-07
2024-07-31,2024,R,683232,593160,FF,4-Seam Fastball,,ball,R,R,MIL,ATL,96.50,,,,,,1,2,2024,2024-07
2024-07-31,2024,R,683232,593160,SL,Slider,,ball,R,R,MIL,ATL,85.60,,,,,,0,2,2024,2024-07
2024-07-31,2024,R,683232,593160,FF,4-Seam Fastball,,foul,R,R,MIL,ATL,96.90,74.40,50,,,,0,1,2024,2024-07
2024-07-31,2024,R,683232,593160,SL,Slider,,called_strike,R,R,MIL,ATL,85.80,,,,,,0,0,2024,2024-07
2024-07-31,2024,R,683232,594807,SL,Slider,field_out,hit_into_play,R,R,MIL,ATL,86.00,92.70,19,49.69,108.18,line_drive,0,1,2024,2024-07
2024-07-31,2024,R,683232,594807,SL,Slider,,foul,R,R,MIL,ATL,87.40,81.90,-45,,,,0,0,2024,2024-07
2024-07-31,2024,R,683232,606115,FF,4-Seam Fastball,field_out,hit_into_play,R,R,MIL,ATL,97.00,96.90,21,146.78,54.72,line_drive,1,1,2024,2024-07
2024-07-31,2024,R,683232,606115,SL,Slider,,ball,R,R,MIL,ATL,86.10,,,,,,0,1,2024,2024-07
2024-07-31,2024,R,683232,606115,FF,4-Seam Fastball,,called_strike,R,R,MIL,ATL,97.60,,,,,,0,0,2024,2024-07
2024-07-31,2024,R,683232,621566,FF,4-Seam Fastball,home_run,hit_into_play,L,R,MIL,ATL,97.20,103.00,30,162.61,34.50,fly_ball,0,0,2024,2024-07
2024-07-31,2024,R,683232,657656,SL,Slider,single,hit_into_play,R,R,MIL,ATL,86.40,91.50,19,141.49,89.54,line_drive,0,2,2024,2024-07
2024-07-31,2024,R,683232,657656,SL,Slider,,swinging_strike,R,R,MIL,ATL,85.80,,,,,,0,1,2024,2024-07
2024-07-31,2024,R,683232,657656,SL,Slider,,swinging_strike,R,R,MIL,ATL,86.00,,,,,,0,0,2024,2024-07
2024-07-31,2024,R,683232,663586,FF,4-Seam Fastball,strikeout,called_strike,R,R,MIL,ATL,96.70,,,,,,0,2,2024,2024-07
2024-07-31,2024,R,683232,663586,CU,Curveball,,swinging_strike,R,R,MIL,ATL,81.60,,,,,,0,1,2024,2024-07
2024-07-31,2024,R,683232,663586,FF,4-Seam Fastball,,swinging_strike,R,R,MIL,ATL,96.50,,,,,,0,0,2024,2024-07
2024-07-31,2024,R,683232,672284,FF,4-Seam Fastball,field_out,hit_into_play,L,R,MIL,ATL,97.00,68.60,40,171.84,118.75,fly_ball,0,1,2024,2024-07
2024-07-31,2024,R,683232,672284,FF,4-Seam Fastball,,swinging_strike,L,R,MIL,ATL,97.50,,,,,,0,0,2024,2024-07
2024-07-31,2024,R,686642,664728,SL,Slider,strikeout,swinging_strike,L,L,CWS,KC,85.10,,,,,,1,2,2024,2024-07
2024-07-31,2024,R,686642,664728,FF,4-Seam Fastball,,swinging_strike,L,L,CWS,KC,92.60,,,,,,1,1,2024,2024-07
2024-07-31,2024,R,686642,664728,FF,4-Seam Fastball,,called_strike,L,L,CWS,KC,93.40,,,,,,1,0,2024,2024-07
2024-07-31,2024,R,686642,664728,SL,Slider,,ball,L,L,CWS,KC,85.50,,,,,,0,0,2024,2024-07
2024-07-31,2024,R,686642,672580,FF,4-Seam Fastball,strikeout,called_strike,R,L,CWS,KC,94.20,,,,,,2,2,2024,2024-07
2024-07-31,2024,R,686642,672580,FF,4-Seam Fastball,,foul,R,L,CWS,KC,95.30,71.50,37,,,,2,1,2024,2024-07
2024-07-31,2024,R,686642,672580,FC,Cutter,,called_strike,R,L,CWS,KC,89.30,,,,,,2,0,2024,2024-07
2024-07-31,2024,R,686642,672580,FF,4-Seam Fastball,,ball,R,L,CWS,KC,93.70,,,,,,1,0,2024,2024-07
2024-07-31,2024,R,686642,672580,SL,Slider,,ball,R,L,CWS,KC,83.40,,,,,,0,0,2024,2024-07
2024-07-31,2024,R,687863,600869,FF,4-Seam Fastball,strikeout,swinging_strike,L,R,CIN,CHC,96.20,,,,,,2,2,2024,2024-07
2024-07-31,2024,R,687863,600869,ST,Sweeper,,swinging_strike,L,R,CIN,CHC,83.40,,,,,,2,1,2024,2024-07
2024-07-31,2024,R,687863,600869,FF,4-Seam Fastball,,ball,L,R,CIN,CHC,95.90,,,,,,1,1,2024,2024-07
2024-07-31,2024,R,687863,600869,FF,4-Seam Fastball,,foul,L,R,CIN,CHC,96.90,76.90,49,,,,1,0,2024,2024-07
2024-07-31,2024,R,687863,600869,FF,4-Seam Fastball,,ball,L,R,CIN,CHC,97.80,,,,,,0,0,2024,2024-07
2024-07-31,2024,R,687863,641584,FF,4-Seam Fastball,walk,ball,L,R,CIN,CHC,94.50,,,,,,3,0,2024,2024-07
2024-07-31,2024,R,687863,641584,FF,4-Seam Fastball,,ball,L,R,CIN,CHC,95.10,,,,,,2,0,2024,2024-07
2024-07-31,2024,R,687863,641584,FF,4-Seam Fastball,,ball,L,R,CIN,CHC,95.50,,,,,,1,0,2024,2024-07
2024-07-31,2024,R,687863,641584,ST,Sweeper,,ball,L,R,CIN,CHC,82.10,,,,,,0,0,2024,2024-07
2024-07-31,2024,R,687863,669289,ST,Sweeper,force_out,hit_into_play,R,R,CIN,CHC,82.50,86.30,2,110.95,151.93,ground_ball,0,2,2024,2024-07
2024-07-31,2024,R,687863,669289,ST,Sweeper,,foul,R,R,CIN,CHC,82.90,84.60,15,,,,0,2,2024,2024-07
2024-07-31,2024,R,687863,669289,FF,4-Seam Fastball,,called_strike,R,R,CIN,CHC,96.00,,,,,,0,1,2024,2024-07
2024-07-31,2024,R,687863,669289,FF,4-Seam Fastball,,foul,R,R,CIN,CHC,94.10,82.80,64,,,,0,0,2024,2024-07
2024-07-31,2024,R,687863,687066,ST,Sweeper,strikeout,swinging_strike,R,R,CIN,CHC,85.40,,,,,,3,2,2024,2024-07
2024-07-31,2024,R,687863,687066,FF,4-Seam Fastball,,foul,R,R,CIN,CHC,94.60,78.50,24,,,,3,2,2024,2024-07
2024-07-31,2024,R,687863,687066,FF,4-Seam Fastball,,ball,R,R,CIN,CHC,93.90,,,,,,2,2,2024,2024-07
2024-07-31,2024,R,687863,687066,FF,4-Seam Fastball,,swinging_strike,R,R,CIN,CHC,95.20,,,,,,2,1,2024,2024-07
2024-07-31,2024,R,687863,687066,FF,4-Seam Fastball,,ball,R,R,CIN,CHC,94.60,,,,,,1,1,2024,2024-07
2024-07-31,2024,R,687863,687066,FF,4-Seam Fastball,,swinging_strike,R,R,CIN,CHC,94.00,,,,,,1,0,2024,2024-07
2024-07-31,2024,R,687863,687066,FF,4-Seam Fastball,,ball,R,R,CIN,CHC,94.50,,,,,,0,0,2024,2024-07
2024-07-31,2024,R,689672,521692,SL,Slider,double,hit_into_play,R,R,CWS,KC,80.10,103.00,20,103.80,47.24,line_drive,1,1,2024,2024-07
2024-07-31,2024,R,689672,521692,SL,Slider,,ball,R,R,CWS,KC,81.20,,,,,,0,1,2024,2024-07
2024-07-31,2024,R,689672,521692,SL,Slider,,swinging_strike,R,R,CWS,KC,80.80,,,,,,0,0,2024,2024-07
2024-07-31,2024,R,689672,521692,SL,Slider,single,hit_into_play,R,R,CWS,KC,80.90,106.70,13,82.39,88.89,line_drive,1,0,2024,2024-07
2024-07-31,2024,R,689672,521692,SL,Slider,,ball,R,R,CWS,KC,81.70,,,,,,0,0,2024,2024-07
2024-07-31,2024,R,689672,521692,SL,Slider,field_out,hit_into_play,R,R,CWS,KC,81.70,91.40,28,149.60,68.43,fly_ball,1,1,2024,2024-07
2024-07-31,2024,R,689672,521692,CH,Changeup,,swinging_strike,R,R,CWS,KC,83.10,,,,,,1,0,2024,2024-07
2024-07-31,2024,R,689672,521692,SL,Slider,,blocked_ball,R,R,CWS,KC,81.90,,,,,,0,0,2024,2024-07
2024-07-31,2024,R,689672,592669,FF,4-Seam Fastball,sac_fly,hit_into_play,R,R,CWS,KC,91.40,96.40,34,141.80,52.76,fly_ball,1,1,2024,2024-07
2024-07-31,2024,R,689672,592669,CH,Changeup,,foul,R,R,CWS,KC,82.70,,,,,,1,0,2024,2024-07
2024-07-31,2024,R,689672,592669,CH,Changeup,,ball,R,R,CWS,KC,82.10,,,,,,0,0,2024,2024-07
2024-07-31,2024,R,689672,592669,FF,4-Seam Fastball,field_out,hit_into_play,R,R,CWS,KC,91.80,85.40,28,131.76,75.17,fly_ball,0,1,2024,2024-07
2024-07-31,2024,R,689672,592669,FF,4-Seam Fastball,,called_strike,R,R,CWS,KC,91.80,,,,,,0,0,2024,2024-07
2024-07-31,2024,R,689672,592669,CH,Changeup,field_out,hit_into_play,R,R,CWS,KC,81.50,75.00,58,110.30,133.96,popup,1,0,2024,2024-07
2024-07-31,2024,R,689672,592669,FC,Cutter,,blocked_ball,R,R,CWS,KC,87.40,,,,,,0,0,2024,2024-07
2024-07-31,2024,R,689672,657557,FF,4-Seam Fastball,field_out,hit_into_play,R,R,CWS,KC,90.60,87.90,46,187.61,104.44,fly_ball,0,0,2024,2024-07
2024-07-31,2024,R,689672,657557,FF,4-Seam Fastball,walk,ball,R,R,CWS,KC,89.80,,,,,,3,0,2024,2024-07
2024-07-31,2024,R,689672,657557,CH,Changeup,,ball,R,R,CWS,KC,81.70,,,,,,2,0,2024,2024-07
2024-07-31,2024,R,689672,657557,FF,4-Seam Fastball,,ball,R,R,CWS,KC,90.10,,,,,,1,0,2024,2024-07
2024-07-31,2024,R,689672,657557,SL,Slider,,ball,R,R,CWS,KC,80.40,,,,,,0,0,2024,2024-07
2024-07-31,2024,R,689672,664728,CH,Changeup,field_out,hit_into_play,L,R,CWS,KC,82.10,89.40,21,131.83,71.91,line_drive,0,2,2024,2024-07
2024-07-31,2024,R,689672,664728,FC,Cutter,,foul,L,R,CWS,KC,87.90,94.10,-19,,,,0,1,2024,2024-07
2024-07-31,2024,R,689672,664728,FF,4-Seam Fastball,,called_strike,L,R,CWS,KC,90.60,,,,,,0,0,2024,2024-07
2024-07-31,2024,R,689672,664728,CH,Changeup,field_out,hit_into_play,L,R,CWS,KC,82.20,59.50,52,76.25,160.05,popup,1,2,2024,2024-07
2024-07-31,2024,R,689672,664728,CH,Changeup,,ball,L,R,CWS,KC,81.00,,,,,,0,2,2024,2024-07
2024-07-31,2024,R,689672,664728,CH,Changeup,,foul_tip,L,R,CWS,KC,80.20,,,,,,0,1,2024,2024-07
2024-07-31,2024,R,689672,664728,CH,Changeup,,called_strike,L,R,CWS,KC,81.20,,,,,,0,0,2024,2024-07
2024-07-31,2024,R,689672,666023,CH,Changeup,field_out,hit_into_play,R,R,CWS,KC,81.60,84.00,33,94.36,79.10,fly_ball,2,2,2024,2024-07
2024-07-31,2024,R,689672,666023,CH,Changeup,,foul,R,R,CWS,KC,81.40,37.30,-17,,,,2,1,2024,2024-07
2024-07-31,2024,R,689672,666023,FF,4-Seam Fastball,,ball,R,R,CWS,KC,90.90,,,,,,1,1,2024,2024-07
2024-07-31,2024,R,689672,666023,FF,4-Seam Fastball,,ball,R,R,CWS,KC,90.60,,,,,,0,1,2024,2024-07
2024-07-31,2024,R,689672,666023,FF,4-Seam Fastball,,called_strike,R,R,CWS,KC,91.00,,,,,,0,0,2024,2024-07
2024-07-31,2024,R,689672,666023,ST,Sweeper,home_run,hit_into_play,R,R,CWS,KC,80.40,100.10,26,78.23,47.32,fly_ball,0,1,2024,2024-07
2024-07-31,2024,R,689672,666023,SL,Slider,,called_strike,R,R,CWS,KC,80.20,,,,,,0,0,2024,2024-07
2024-07-31,2024,R,689672,669004,CH,Changeup,field_out,hit_into_play,L,R,CWS,KC,83.20,70.60,-6,147.00,171.00,ground_ball,1,2,2024,2024-07
2024-07-31,2024,R,689672,669004,CH,Changeup,,foul,L,R,CWS,KC,81.70,46.50,-52,,,,1,2,2024,2024-07
2024-07-31,2024,R,689672,669004,CH,Changeup,,swinging_strike,L,R,CWS,KC,81.40,,,,,,1,1,2024,2024-07
2024-07-31,2024,R,689672,669004,CH,Changeup,,swinging_strike,L,R,CWS,KC,81.60,,,,,,1,0,2024,2024-07
2024-07-31,2024,R,689672,669004,CH,Changeup,,ball,L,R,CWS,KC,81.40,,,,,,0,0,2024,2024-07
2024-07-31,2024,R,689672,669004,FC,Cutter,field_out,hit_into_play,L,R,CWS,KC,88.00,98.80,54,133.95,99.42,fly_ball,0,0,2024,2024-07
2024-07-31,2024,R,689672,669004,FC,Cutter,field_out,hit_into_play,L,R,CWS,KC,87.90,94.90,51,140.12,99.35,fly_ball,0,1,2024,2024-07
2024-07-31,2024,R,689672,669004,CH,Changeup,,called_strike,L,R,CWS,KC,81.60,,,,,,0,0,2024,2024-07
2024-07-31,2024,R,689672,672580,CH,Changeup,single,hit_into_play,R,R,CWS,KC,81.60,71.90,35,110.19,102.45,fly_ball,2,1,2024,2024-07
2024-07-31,2024,R,689672,672580,FC,Cutter,,ball,R,R,CWS,KC,86.20,,,,,,1,1,2024,2024-07
2024-07-31,2024,R,689672,672580,CH,Changeup,,ball,R,R,CWS,KC,81.10,,,,,,0,1,2024,2024-07
2024-07-31,2024,R,689672,672580,FF,4-Seam Fastball,,called_strike,R,R,CWS,KC,90.10,,,,,,0,0,2024,2024-07
2024-07-31,2024,R,689672,672580,FF,4-Seam Fastball,field_out,hit_into_play,R,R,CWS,KC,91.00,99.30,-19,144.24,148.51,ground_ball,1,1,2024,2024-07
2024-07-31,2024,R,689672,672580,CH,Changeup,,swinging_strike,R,R,CWS,KC,81.00,,,,,,1,0,2024,2024-07
2024-07-31,2024,R,689672,672580,SL,Slider,,ball,R,R,CWS,KC,81.50,,,,,,0,0,2024,2024-07
2024-07-31,2024,R,689672,672580,FF,4-Seam Fastball,single,hit_into_play,R,R,CWS,KC,89.60,108.20,9,86.71,89.82,line_drive,1,0,2024,2024-07
2024-07-31,2024,R,689672,672580,FF,4-Seam Fastball,,ball,R,R,CWS,KC,90.20,,,,,,0,0,2024,2024-07
2024-07-31,2024,R,689672,677951,SL,Slider,single,hit_into_play,R,R,CWS,KC,81.60,109.70,-28,94.52,170.30,ground_ball,0,0,2024,2024-07
2024-07-31,2024,R,689672,677951,CH,Changeup,walk,blocked_ball,R,R,CWS,KC,83.30,,,,,,3,2,2024,2024-07
2024-07-31,2024,R,689672,677951,CH,Changeup,,ball,R,R,CWS,KC,84.70,,,,,,2,2,2024,2024-07
2024-07-31,2024,R,689672,677951,FF,4-Seam Fastball,,ball,R,R,CWS,KC,91.40,,,,,,1,2,2024,2024-07
2024-07-31,2024,R,689672,677951,SL,Slider,,ball,R,R,CWS,KC,82.40,,,,,,0,2,2024,2024-07
2024-07-31,2024,R,689672,677951,FF,4-Seam Fastball,,foul,R,R,CWS,KC,91.10,70.10,-30,,,,0,2,2024,2024-07
2024-07-31,2024,R,689672,677951,FF,4-Seam Fastball,,foul,R,R,CWS,KC,90.70,69.70,54,,,,0,1,2024,2024-07
2024-07-31,2024,R,689672,677951,CH,Changeup,,called_strike,R,R,CWS,KC,82.20,,,,,,0,0,2024,2024-07
2024-07-31,2024,R,689672,677951,SL,Slider,field_out,hit_into_play,R,R,CWS,KC,80.60,67.80,-47,109.71,165.16,ground_ball,1,0,2024,2024-07
2024-07-31,2024,R,689672,677951,FF,4-Seam Fastball,,ball,R,R,CWS,KC,91.00,,,,,,0,0,2024,2024-07
2024-07-31,2024,R,689672,686469,FC,Cutter,field_out,hit_into_play,L,R,CWS,KC,88.60,100.10,-36,157.59,171.54,ground_ball,1,0,2024,2024-07
2024-07-31,2024,R,689672,686469,CH,Changeup,,ball,L,R,CWS,KC,82.60,,,,,,0,0,2024,2024-07
2024-07-31,2024,R,689672,686469,CH,Changeup,field_out,hit_into_play,L,R,CWS,KC,82.20,70.20,74,114.56,180.02,popup,3,2,2024,2024-07
2024-07-31,2024,R,689672,686469,CH,Changeup,,foul,L,R,CWS,KC,82.60,84.30,27,,,,3,1,2024,2024-07
2024-07-31,2024,R,689672,686469,FC,Cutter,,ball,L,R,CWS,KC,89.00,,,,,,2,1,2024,2024-07
2024-07-31,2024,R,689672,686469,CH,Changeup,,foul,L,R,CWS,KC,82.10,31.40,-30,,,,2,0,2024,2024-07
2024-07-31,2024,R,689672,686469,CH,Changeup,,ball,L,R,CWS,KC,82.00,,,,,,1,0,2024,2024-07
2024-07-31,2024,R,689672,686469,FC,Cutter,,ball,L,R,CWS,KC,88.50,,,,,,0,0,2024,2024-07
2024-07-31,2024,R,689672,686469,SL,Slider,single,hit_into_play,L,R,CWS,KC,81.80,105.50,11,198.78,107.90,line_drive,3,2,2024,2024-07
2024-07-31,2024,R,689672,686469,CH,Changeup,,foul,L,R,CWS,KC,82.10,84.70,25,,,,3,2,2024,2024-07
2024-07-31,2024,R,689672,686469,FC,Cutter,,ball,L,R,CWS,KC,89.70,,,,,,2,2,2024,2024-07
2024-07-31,2024,R,689672,686469,FF,4-Seam Fastball,,foul,L,R,CWS,KC,91.40,64.40,56,,,,2,2,2024,2024-07
2024-07-31,2024,R,689672,686469,CH,Changeup,,foul,L,R,CWS,KC,82.80,67.00,-41,,,,2,2,2024,2024-07
2024-07-31,2024,R,689672,686469,SL,Slider,,blocked_ball,L,R,CWS,KC,82.40,,,,,,1,2,2024,2024-07
2024-07-31,2024,R,689672,686469,FF,4-Seam Fastball,,foul,L,R,CWS,KC,91.60,90.90,16,,,,1,2,2024,2024-07
2024-07-31,2024,R,689672,686469,CH,Changeup,,foul,L,R,CWS,KC,83.60,65.80,50,,,,1,1,2024,2024-07
2024-07-31,2024,R,689672,686469,CH,Changeup,,called_strike,L,R,CWS,KC,82.10,,,,,,1,0,2024,2024-07
2024-07-31,2024,R,689672,686469,CH,Changeup,,ball,L,R,CWS,KC,82.90,,,,,,0,0,2024,2024-07
2024-07-31,2024,R,689690,571771,CH,Changeup,strikeout,swinging_strike,R,R,SD,LAD,76.10,,,,,,0,2,2024,2024-07
2024-07-31,2024,R,689690,571771,CH,Changeup,,swinging_strike,R,R,SD,LAD,73.20,,,,,,0,1,2024,2024-07
2024-07-31,2024,R,689690,571771,SI,Sinker,,called_strike,R,R,SD,LAD,87.40,,,,,,0,0,2024,2024-07
2024-07-31,2024,R,689690,624415,CH,Changeup,strikeout,swinging_strike,L,R,SD,LAD,75.70,,,,,,2,2,2024,2024-07
2024-07-31,2024,R,689690,624415,FF,4-Seam Fastball,,called_strike,L,R,SD,LAD,87.60,,,,,,2,1,2024,2024-07
2024-07-31,2024,R,689690,624415,CH,Changeup,,ball,L,R,SD,LAD,74.50,,,,,,1,1,2024,2024-07
2024-07-31,2024,R,689690,624415,FF,4-Seam Fastball,,foul,L,R,SD,LAD,87.70,68.90,63,,,,1,0,2024,2024-07
2024-07-31,2024,R,689690,624415,SI,Sinker,,ball,L,R,SD,LAD,87.10,,,,,,0,0,2024,2024-07
2024-07-31,2024,R,689690,681624,ST,Sweeper,strikeout,swinging_strike,R,R,SD,LAD,74.80,,,,,,1,2,2024,2024-07
2024-07-31,2024,R,689690,681624,CH,Changeup,,foul,R,R,SD,LAD,74.40,100.50,11,,,,1,1,2024,2024-07
2024-07-31,2024,R,689690,681624,CH,Changeup,,ball,R,R,SD,LAD,75.00,,,,,,0,1,2024,2024-07
2024-07-31,2024,R,689690,681624,SI,Sinker,,called_strike,R,R,SD,LAD,86.20,,,,,,0,0,2024,2024-07
2024-07-31,2024,R,691172,542194,SL,Slider,field_out,hit_into_play,R,R,CIN,CHC,86.60,81.30,-21,90.77,144.62,ground_ball,2,2,2024,2024-07
2024-07-31,2024,R,691172,542194,SI,Sinker,,foul,R,R,CIN,CHC,95.00,80.50,65,,,,2,1,2024,2024-07
2024-07-31,2024,R,691172,542194,SI,Sinker,,ball,R,R,CIN,CHC,95.40,,,,,,1,1,2024,2024-07
2024-07-31,2024,R,691172,542194,SL,Slider,,called_strike,R,R,CIN,CHC,85.50,,,,,,1,0,2024,2024-07
2024-07-31,2024,R,691172,542194,SL,Slider,,ball,R,R,CIN,CHC,86.60,,,,,,0,0,2024,2024-07
2024-07-31,2024,R,691172,621020,SL,Slider,field_out,hit_into_play,R,R,CIN,CHC,86.70,100.90,28,136.83,40.76,fly_ball,2,2,2024,2024-07
2024-07-31,2024,R,691172,621020,FF,4-Seam Fastball,,ball,R,R,CIN,CHC,95.60,,,,,,1,2,2024,2024-07
2024-07-31,2024,R,691172,621020,SL,Slider,,foul,R,R,CIN,CHC,87.30,71.60,6,,,,1,2,2024,2024-07
2024-07-31,2024,R,691172,621020,SL,Slider,,called_strike,R,R,CIN,CHC,85.90,,,,,,1,1,2024,2024-07
2024-07-31,2024,R,691172,621020,SL,Slider,,called_strike,R,R,CIN,CHC,85.30,,,,,,1,0,2024,2024-07
2024-07-31,2024,R,691172,621020,SI,Sinker,,ball,R,R,CIN,CHC,94.60,,,,,,0,0,2024,2024-07
2024-07-31,2024,R,691172,621550,SL,Slider,field_out,hit_into_play,R,R,CIN,CHC,89.20,102.50,17,141.81,71.06,line_drive,1,2,2024,2024-07
2024-07-31,2024,R,691172,621550,SL,Slider,,called_strike,R,R,CIN,CHC,87.80,,,,,,1,1,2024,2024-07
2024-07-31,2024,R,691172,621550,SI,Sinker,,ball,R,R,CIN,CHC,97.40,,,,,,0,1,2024,2024-07
2024-07-31,2024,R,691172,621550,SI,Sinker,,called_strike,R,R,CIN,CHC,97.10,,,,,,0,0,2024,2024-07
2024-07-31,2024,R,691172,641355,SI,Sinker,single,hit_into_play,L,R,CIN,CHC,97.90,96.20,-10,146.73,112.51,ground_ball,0,0,2024,2024-07
2024-07-31,2024,R,691172,663538,SL,Slider,force_out,hit_into_play,R,R,CIN,CHC,88.60,87.20,-22,135.81,145.26,ground_ball,2,2,2024,2024-07
2024-07-31,2024,R,691172,663538,SI,Sinker,,foul,R,R,CIN,CHC,96.40,83.70,60,,,,2,1,2024,2024-07
2024-07-31,2024,R,691172,663538,SI,Sinker,,ball,R,R,CIN,CHC,96.30,,,,,,1,1,2024,2024-07
2024-07-31,2024,R,691172,663538,SI,Sinker,,ball,R,R,CIN,CHC,96.40,,,,,,0,1,2024,2024-07
2024-07-31,2024,R,691172,663538,SI,Sinker,,called_strike,R,R,CIN,CHC,97.50,,,,,,0,0,2024,2024-07
2024-07-31,2024,R,691172,664023,SI,Sinker,walk,ball,L,R,CIN,CHC,96.70,,,,,,3,1,2024,2024-07
2024-07-31,2024,R,691172,664023,SL,Slider,,ball,L,R,CIN,CHC,85.80,,,,,,2,1,2024,2024-07
2024-07-31,2024,R,691172,664023,SI,Sinker,,ball,L,R,CIN,CHC,97.60,,,,,,1,1,2024,2024-07
2024-07-31,2024,R,691172,664023,SI,Sinker,,ball,L,R,CIN,CHC,96.80,,,,,,0,1,2024,2024-07
2024-07-31,2024,R,691172,664023,SI,Sinker,,called_strike,L,R,CIN,CHC,96.90,,,,,,0,0,2024,2024-07
2024-07-31,2024,R,691172,670623,SI,Sinker,double,hit_into_play,R,R,CIN,CHC,96.30,106.90,15,32.66,114.64,line_drive,1,0,2024,2024-07
2024-07-31,2024,R,691172,670623,SI,Sinker,,ball,R,R,CIN,CHC,97.70,,,,,,0,0,2024,2024-07
2024-07-31,2024,R,691172,673548,SL,Slider,strikeout,swinging_strike_blocked,R,R,CIN,CHC,87.90,,,,,,2,2,2024,2024-07
2024-07-31,2024,R,691172,673548,SI,Sinker,,ball,R,R,CIN,CHC,99.10,,,,,,1,2,2024,2024-07
2024-07-31,2024,R,691172,673548,SL,Slider,,foul,R,R,CIN,CHC,88.30,,,,,,1,2,2024,2024-07
2024-07-31,2024,R,691172,673548,SI,Sinker,,foul,R,R,CIN,CHC,97.10,68.40,47,,,,1,1,2024,2024-07
2024-07-31,2024,R,691172,673548,SL,Slider,,blocked_ball,R,R,CIN,CHC,86.60,,,,,,0,1,2024,2024-07
2024-07-31,2024,R,691172,673548,SI,Sinker,,called_strike,R,R,CIN,CHC,97.70,,,,,,0,0,2024,2024-07
2024-07-31,2024,R,691172,691718,SL,Slider,field_out,hit_into_play,L,R,CIN,CHC,86.70,77.50,-35,141.27,174.37,ground_ball,1,2,2024,2024-07
2024-07-31,2024,R,691172,691718,FF,4-Seam Fastball,,ball,L,R,CIN,CHC,96.10,,,,,,0,2,2024,2024-07
2024-07-31,2024,R,691172,691718,SI,Sinker,,foul,L,R,CIN,CHC,96.40,82.50,13,,,,0,1,2024,2024-07
2024-07-31,2024,R,691172,691718,SI,Sinker,,foul_tip,L,R,CIN,CHC,95.20,,,,,,0,0,2024,2024-07
2024-07-31,2024,R,693312,665161,SL,Slider,field_out,hit_into_play,R,R,HOU,PIT,92.10,77.30,9,99.69,138.05,ground_ball,0,1,2024,2024-07
2024-07-31,2024,R,693312,665161,FF,4-Seam Fastball,,called_strike,R,R,HOU,PIT,98.00,,,,,,0,0,2024,2024-07
2024-07-31,2024,R,693312,670541,FF,4-Seam Fastball,field_out,hit_into_play,L,R,HOU,PIT,97.20,98.40,44,85.01,79.04,fly_ball,1,1,2024,2024-07
2024-07-31,2024,R,693312,670541,SL,Slider,,swinging_strike,L,R,HOU,PIT,86.30,,,,,,1,0,2024,2024-07
2024-07-31,2024,R,693312,670541,FF,4-Seam Fastball,,ball,L,R,HOU,PIT,96.30,,,,,,0,0,2024,2024-07
2024-07-31,2024,R,693312,673237,SL,Slider,strikeout,swinging_strike,R,R,HOU,PIT,91.60,,,,,,1,2,2024,2024-07
2024-07-31,2024,R,693312,673237,FF,4-Seam Fastball,,foul,R,R,HOU,PIT,97.00,73.20,65,,,,1,1,2024,2024-07
2024-07-31,2024,R,693312,673237,FF,4-Seam Fastball,,ball,R,R,HOU,PIT,97.90,,,,,,0,1,2024,2024-07
2024-07-31,2024,R,693312,673237,FF,4-Seam Fastball,,foul,R,R,HOU,PIT,98.00,71.40,62,,,,0,0,2024,2024-07
2024-07-31,2024,R,700241,543760,ST,Sweeper,single,hit_into_play,R,R,STL,TEX,82.80,87.90,22,158.42,73.86,line_drive,0,1,2024,2024-07
2024-07-31,2024,R,700241,543760,SI,Sinker,,called_strike,R,R,STL,TEX,90.00,,,,,,0,0,2024,2024-07
2024-07-31,2024,R,700241,543760,SI,Sinker,strikeout,called_strike,R,R,STL,TEX,91.60,,,,,,3,2,2024,2024-07
2024-07-31,2024,R,700241,543760,SI,Sinker,,ball,R,R,STL,TEX,91.20,,,,,,2,2,2024,2024-07
2024-07-31,2024,R,700241,543760,ST,Sweeper,,ball,R,R,STL,TEX,83.90,,,,,,1,2,2024,2024-07
2024-07-31,2024,R,700241,543760,ST,Sweeper,,ball,R,R,STL,TEX,84.90,,,,,,0,2,2024,2024-07
2024-07-31,2024,R,700241,543760,SI,Sinker,,called_strike,R,R,STL,TEX,91.20,,,,,,0,1,2024,2024-07
2024-07-31,2024,R,700241,543760,ST,Sweeper,,swinging_strike,R,R,STL,TEX,84.00,,,,,,0,0,2024,2024-07
2024-07-31,2024,R,700241,543760,ST,Sweeper,double,hit_into_play,R,R,STL,TEX,84.80,77.10,19,63.33,138.24,line_drive,0,0,2024,2024-07
2024-07-31,2024,R,700241,608348,ST,Sweeper,single,hit_into_play,R,R,STL,TEX,85.00,83.10,-5,112.18,87.32,ground_ball,1,2,2024,2024-07
2024-07-31,2024,R,700241,608348,ST,Sweeper,,called_strike,R,R,STL,TEX,84.40,,,,,,1,1,2024,2024-07
2024-07-31,2024,R,700241,608348,CH,Changeup,,ball,R,R,STL,TEX,87.10,,,,,,0,1,2024,2024-07
2024-07-31,2024,R,700241,608348,SI,Sinker,,called_strike,R,R,STL,TEX,90.70,,,,,,0,0,2024,2024-07
2024-07-31,2024,R,700241,608348,SI,Sinker,field_out,hit_into_play,R,R,STL,TEX,89.70,96.80,-37,112.18,175.31,ground_ball,1,0,2024,2024-07
2024-07-31,2024,R,700241,608348,CU,Curveball,,blocked_ball,R,R,STL,TEX,78.80,,,,,,0,0,2024,2024-07
2024-07-31,2024,R,700241,608348,ST,Sweeper,field_out,hit_into_play,R,R,STL,TEX,85.60,75.00,-22,106.08,173.28,ground_ball,2,2,2024,2024-07
2024-07-31,2024,R,700241,608348,SI,Sinker,,ball,R,R,STL,TEX,93.00,,,,,,1,2,2024,2024-07
2024-07-31,2024,R,700241,608348,ST,Sweeper,,swinging_strike,R,R,STL,TEX,84.10,,,,,,1,1,2024,2024-07
2024-07-31,2024,R,700241,608348,SI,Sinker,,ball,R,R,STL,TEX,90.30,,,,,,0,1,2024,2024-07
2024-07-31,2024,R,700241,608348,SI,Sinker,,called_strike,R,R,STL,TEX,90.80,,,,,,0,0,2024,2024-07
2024-07-31,2024,R,700241,608369,CU,Curveball,single,hit_into_play,L,R,STL,TEX,77.70,95.60,15,176.58,90.56,line_drive,0,2,2024,2024-07
2024-07-31,2024,R,700241,608369,FC,Cutter,,called_strike,L,R,STL,TEX,86.30,,,,,,0,1,2024,2024-07
2024-07-31,2024,R,700241,608369,CH,Changeup,,called_strike,L,R,STL,TEX,85.00,,,,,,0,0,2024,2024-07
2024-07-31,2024,R,700241,608369,FF,4-Seam Fastball,field_out,hit_into_play,L,R,STL,TEX,93.60,105.50,31,121.13,47.70,fly_ball,0,2,2024,2024-07
2024-07-31,2024,R,700241,608369,FF,4-Seam Fastball,,foul,L,R,STL,TEX,93.10,87.00,60,,,,0,1,2024,2024-07
2024-07-31,2024,R,700241,608369,FF,4-Seam Fastball,,swinging_strike,L,R,STL,TEX,92.60,,,,,,0,0,2024,2024-07
2024-07-31,2024,R,700241,608369,SI,Sinker,field_out,hit_into_play,L,R,STL,TEX,92.70,106.20,9,155.63,139.34,line_drive,3,2,2024,2024-07
2024-07-31,2024,R,700241,608369,FC,Cutter,,foul,L,R,STL,TEX,89.40,76.30,-39,,,,3,2,2024,2024-07
2024-07-31,2024,R,700241,608369,SI,Sinker,,foul,L,R,STL,TEX,92.60,53.50,-46,,,,3,2,2024,2024-07
2024-07-31,2024,R,700241,608369,CU,Curveball,,ball,L,R,STL,TEX,81.20,,,,,,2,2,2024,2024-07
2024-07-31,2024,R,700241,608369,FF,4-Seam Fastball,,ball,L,R,STL,TEX,94.10,,,,,,1,2,2024,2024-07
2024-07-31,2024,R,700241,608369,CH,Changeup,,ball,L,R,STL,TEX,88.80,,,,,,0,2,2024,2024-07
2024-07-31,2024,R,700241,608369,CU,Curveball,,swinging_strike,L,R,STL,TEX,81.10,,,,,,0,1,2024,2024-07
2024-07-31,2024,R,700241,608369,SI,Sinker,,called_strike,L,R,STL,TEX,94.00,,,,,,0,0,2024,2024-07
2024-07-31,2024,R,700241,608671,FC,Cutter,field_out,hit_into_play,L,R,STL,TEX,87.50,98.20,-4,150.25,143.78,ground_ball,0,1,2024,2024-07
2024-07-31,2024,R,700241,608671,CH,Changeup,,called_strike,L,R,STL,TEX,86.10,,,,,,0,0,2024,2024-07
2024-07-31,2024,R,700241,608671,CH,Changeup,field_out,hit_into_play,L,R,STL,TEX,86.70,67.50,2,106.59,152.93,ground_ball,0,1,2024,2024-07
2024-07-31,2024,R,700241,608671,FF,4-Seam Fastball,,called_strike,L,R,STL,TEX,90.70,,,,,,0,0,2024,2024-07
2024-07-31,2024,R,700241,608671,FC,Cutter,strikeout,swinging_strike_blocked,L,R,STL,TEX,89.70,,,,,,3,2,2024,2024-07
2024-07-31,2024,R,700241,608671,CH,Changeup,,ball,L,R,STL,TEX,87.40,,,,,,2,2,2024,2024-07
2024-07-31,2024,R,700241,608671,FC,Cutter,,ball,L,R,STL,TEX,89.30,,,,,,1,2,2024,2024-07
2024-07-31,2024,R,700241,608671,CU,Curveball,,ball,L,R,STL,TEX,81.30,,,,,,0,2,2024,2024-07
2024-07-31,2024,R,700241,608671,FC,Cutter,,foul,L,R,STL,TEX,88.50,69.30,34,,,,0,1,2024,2024-07
2024-07-31,2024,R,700241,608671,FF,4-Seam Fastball,,called_strike,L,R,STL,TEX,93.30,,,,,,0,0,2024,2024-07
2024-07-31,2024,R,700241,663993,SI,Sinker,field_out,hit_into_play,L,R,STL,TEX,91.00,78.40,-55,130.24,175.83,ground_ball,3,1,2024,2024-07
2024-07-31,2024,R,700241,663993,FF,4-Seam Fastball,,called_strike,L,R,STL,TEX,91.90,,,,,,3,0,2024,2024-07
2024-07-31,2024,R,700241,663993,FC,Cutter,,ball,L,R,STL,TEX,88.30,,,,,,2,0,2024,2024-07
2024-07-31,2024,R,700241,663993,FC,Cutter,,ball,L,R,STL,TEX,88.10,,,,,,1,0,2024,2024-07
2024-07-31,2024,R,700241,663993,SI,Sinker,,ball,L,R,STL,TEX,91.80,,,,,,0,0,2024,2024-07
2024-07-31,2024,R,700241,663993,SI,Sinker,walk,ball,L,R,STL,TEX,90.40,,,,,,3,2,2024,2024-07
2024-07-31,2024,R,700241,663993,FC,Cutter,,foul,L,R,STL,TEX,88.50,84.90,51,,,,3,2,2024,2024-07
2024-07-31,2024,R,700241,663993,SI,Sinker,,ball,L,R,STL,TEX,92.00,,,,,,2,2,2024,2024-07
2024-07-31,2024,R,700241,663993,FF,4-Seam Fastball,,foul,L,R,STL,TEX,92.50,94.10,38,,,,2,2,2024,2024-07
2024-07-31,2024,R,700241,663993,ST,Sweeper,,ball,L,R,STL,TEX,85.00,,,,,,1,2,2024,2024-07
2024-07-31,2024,R,700241,663993,CU,Curveball,,ball,L,R,STL,TEX,80.40,,,,,,0,2,2024,2024-07
2024-07-31,2024,R,700241,663993,CH,Changeup,,swinging_strike,L,R,STL,TEX,87.10,,,,,,0,1,2024,2024-07
2024-07-31,2024,R,700241,663993,FF,4-Seam Fastball,,called_strike,L,R,STL,TEX,91.50,,,,,,0,0,2024,2024-07
2024-07-31,2024,R,700241,663993,FC,Cutter,strikeout,swinging_strike,L,R,STL,TEX,88.00,,,,,,3,2,2024,2024-07
2024-07-31,2024,R,700241,663993,ST,Sweeper,,foul,L,R,STL,TEX,85.00,59.70,-23,,,,3,2,2024,2024-07
2024-07-31,2024,R,700241,663993,SI,Sinker,,ball,L,R,STL,TEX,92.80,,,,,,2,2,2024,2024-07
2024-07-31,2024,R,700241,663993,ST,Sweeper,,ball,L,R,STL,TEX,84.90,,,,,,1,2,2024,2024-07
2024-07-31,2024,R,700241,663993,FC,Cutter,,swinging_strike,L,R,STL,TEX,88.20,,,,,,1,1,2024,2024-07
2024-07-31,2024,R,700241,663993,CH,Changeup,,called_strike,L,R,STL,TEX,87.90,,,,,,1,0,2024,2024-07
2024-07-31,2024,R,700241,663993,CU,Curveball,,ball,L,R,STL,TEX,80.20,,,,,,0,0,2024,2024-07
2024-07-31,2024,R,700241,666969,SI,Sinker,field_out,hit_into_play,R,R,STL,TEX,91.90,79.90,50,167.68,123.57,popup,2,1,2024,2024-07
2024-07-31,2024,R,700241,666969,CH,Changeup,,blocked_ball,R,R,STL,TEX,87.20,,,,,,1,1,2024,2024-07
2024-07-31,2024,R,700241,666969,SI,Sinker,,called_strike,R,R,STL,TEX,91.80,,,,,,1,0,2024,2024-07
2024-07-31,2024,R,700241,666969,SI,Sinker,,ball,R,R,STL,TEX,89.80,,,,,,0,0,2024,2024-07
2024-07-31,2024,R,700241,666969,SI,Sinker,field_out,hit_into_play,R,R,STL,TEX,90.80,94.60,-17,127.35,172.28,ground_ball,1,0,2024,2024-07
2024-07-31,2024,R,700241,666969,SI,Sinker,,ball,R,R,STL,TEX,89.90,,,,,,0,0,2024,2024-07
2024-07-31,2024,R,700241,666969,SI,Sinker,field_out,hit_into_play,R,R,STL,TEX,91.70,105.60,-21,138.07,141.74,ground_ball,0,0,2024,2024-07
2024-07-31,2024,R,700241,669701,CH,Changeup,single,hit_into_play,L,R,STL,TEX,86.70,86.90,17,50.70,114.11,line_drive,2,2,2024,2024-07
2024-07-31,2024,R,700241,669701,FF,4-Seam Fastball,,ball,L,R,STL,TEX,91.80,,,,,,1,2,2024,2024-07
2024-07-31,2024,R,700241,669701,CU,Curveball,,swinging_strike,L,R,STL,TEX,79.60,,,,,,1,1,2024,2024-07
2024-07-31,2024,R,700241,669701,FC,Cutter,,foul,L,R,STL,TEX,88.70,72.50,-23,,,,1,0,2024,2024-07
2024-07-31,2024,R,700241,669701,FF,4-Seam Fastball,,ball,L,R,STL,TEX,91.40,,,,,,0,0,2024,2024-07
2024-07-31,2024,R,700241,669701,SI,Sinker,field_out,hit_into_play,L,R,STL,TEX,91.40,104.30,17,147.24,71.59,line_drive,2,1,2024,2024-07
2024-07-31,2024,R,700241,669701,CU,Curveball,,ball,L,R,STL,TEX,79.80,,,,,,1,1,2024,2024-07
2024-07-31,2024,R,700241,669701,CU,Curveball,,ball,L,R,STL,TEX,79.90,,,,,,0,1,2024,2024-07
2024-07-31,2024,R,700241,669701,FC,Cutter,,called_strike,L,R,STL,TEX,89.10,,,,,,0,0,2024,2024-07
2024-07-31,2024,R,700241,669701,SI,Sinker,field_out,hit_into_play,L,R,STL,TEX,92.20,99.60,0,139.71,160.19,ground_ball,0,0,2024,2024-07
2024-07-31,2024,R,700241,673962,SI,Sinker,field_out,hit_into_play,R,R,STL,TEX,91.10,81.00,-49,89.79,163.61,ground_ball,0,0,2024,2024-07
2024-07-31,2024,R,700241,673962,SI,Sinker,force_out,hit_into_play,R,R,STL,TEX,90.30,88.70,-19,101.00,167.00,ground_ball,1,0,2024,2024-07
2024-07-31,2024,R,700241,673962,SI,Sinker,,ball,R,R,STL,TEX,89.70,,,,,,0,0,2024,2024-07
2024-07-31,2024,R,700241,673962,ST,Sweeper,field_out,hit_into_play,R,R,STL,TEX,83.10,96.50,26,150.97,62.69,fly_ball,2,0,2024,2024-07
2024-07-31,2024,R,700241,673962,SI,Sinker,,ball,R,R,STL,TEX,92.40,,,,,,1,0,2024,2024-07
2024-07-31,2024,R,700241,673962,SI,Sinker,,ball,R,R,STL,TEX,92.60,,,,,,0,0,2024,2024-07
2024-07-31,2024,R,700241,694671,SI,Sinker,field_out,hit_into_play,R,R,STL,TEX,91.10,87.30,58,142.23,129.77,popup,2,1,2024,2024-07
2024-07-31,2024,R,700241,694671,CH,Changeup,,ball,R,R,STL,TEX,87.50,,,,,,1,1,2024,2024-07
2024-07-31,2024,R,700241,694671,SI,Sinker,,called_strike,R,R,STL,TEX,91.70,,,,,,1,0,2024,2024-07
2024-07-31,2024,R,700241,694671,SI,Sinker,,ball,R,R,STL,TEX,90.30,,,,,,0,0,2024,2024-07
2024-07-31,2024,R,700241,694671,SI,Sinker,field_out,hit_into_play,R,R,STL,TEX,90.90,79.70,-16,108.62,172.26,ground_ball,1,1,2024,2024-07
2024-07-31,2024,R,700241,694671,FF,4-Seam Fastball,,ball,R,R,STL,TEX,91.30,,,,,,0,1,2024,2024-07
2024-07-31,2024,R,700241,694671,FF,4-Seam Fastball,,called_strike,R,R,STL,TEX,92.60,,,,,,0,0,2024,2024-07
2024-07-31,2024,R,700241,694671,SI,Sinker,field_out,hit_into_play,R,R,STL,TEX,91.70,46.30,20,122.25,151.04,ground_ball,3,1,2024,2024-07
2024-07-31,2024,R,700241,694671,SI,Sinker,,called_strike,R,R,STL,TEX,93.10,,,,,,3,0,2024,2024-07
2024-07-31,2024,R,700241,694671,SI,Sinker,,ball,R,R,STL,TEX,93.00,,,,,,2,0,2024,2024-07
2024-07-31,2024,R,700241,694671,SI,Sinker,,ball,R,R,STL,TEX,91.80,,,,,,1,0,2024,2024-07
2024-07-31,2024,R,700241,694671,ST,Sweeper,,ball,R,R,STL,TEX,84.70,,,,,,0,0,2024,2024-07
2024-07-31,2024,R,702795,543257,FF,4-Seam Fastball,field_out,hit_into_play,L,R,STL,TEX,94.80,79.50,-27,145.17,150.90,ground_ball,2,0,2024,2024-07
2024-07-31,2024,R,702795,543257,CH,Changeup,,ball,L,R,STL,TEX,87.60,,,,,,1,0,2024,2024-07
2024-07-31,2024,R,702795,543257,FF,4-Seam Fastball,,ball,L,R,STL,TEX,94.60,,,,,,0,0,2024,2024-07
2024-07-31,2024,R,702795,663993,SL,Slider,field_out,hit_into_play,L,R,STL,TEX,85.00,87.80,51,199.80,137.42,fly_ball,0,1,2024,2024-07
2024-07-31,2024,R,702795,663993,FF,4-Seam Fastball,,swinging_strike,L,R,STL,TEX,94.50,,,,,,0,0,2024,2024-07
2024-07-31,2024,R,702795,694671,FF,4-Seam Fastball,field_out,hit_into_play,R,R,STL,TEX,94.30,90.20,44,214.75,124.60,fly_ball,3,1,2024,2024-07
2024-07-31,2024,R,702795,694671,FF,4-Seam Fastball,,ball,R,R,STL,TEX,93.30,,,,,,2,1,2024,2024-07
2024-07-31,2024,R,702795,694671,ST,Sweeper,,ball,R,R,STL,TEX,81.00,,,,,,1,1,2024,2024-07
2024-07-31,2024,R,702795,694671,ST,Sweeper,,ball,R,R,STL,TEX,85.60,,,,,,0,1,2024,2024-07
2024-07-31,2024,R,702795,694671,FF,4-Seam Fastball,,called_strike,R,R,STL,TEX,94.40,,,,,,0,0,2024,2024-07
