game_date,game_year,game_type,pitcher,batter,pitch_type,pitch_name,events,description,stand,p_throws,home_team,away_team,release_speed,launch_speed,launch_angle,balls,strikes,season,month
2023-10-01,2023,R,425844,518934,SI,Sinker,walk,ball,R,R,KC,NYY,89.50,,,3,2,2023,2023-10
2023-10-01,2023,R,425844,518934,SI,Sinker,,ball,R,R,KC,NYY,90.20,,,2,2,2023,2023-10
2023-10-01,2023,R,425844,518934,SI,Sinker,,foul,R,R,KC,NYY,90.10,58.60,49,2,1,2023,2023-10
2023-10-01,2023,R,425844,518934,SI,Sinker,,called_strike,R,R,KC,NYY,89.10,,,2,0,2023,2023-10
2023-10-01,2023,R,425844,518934,SL,Slider,,ball,R,R,KC,NYY,78.60,,,1,0,2023,2023-10
2023-10-01,2023,R,425844,518934,SI,Sinker,,ball,R,R,KC,NYY,89.70,,,0,0,2023,2023-10
2023-10-01,2023,R,425844,518934,CH,Changeup,grounded_into_double_play,hit_into_play,R,R,KC,NYY,87.50,96.60,-4,1,1,2023,2023-10
2023-10-01,2023,R,425844,518934,SI,Sinker,,called_strike,R,R,KC,NYY,90.90,,,1,0,2023,2023-10
2023-10-01,2023,R,425844,518934,SI,Sinker,,ball,R,R,KC,NYY,90.70,,,0,0,2023,2023-10
2023-10-01,2023,R,425844,518934,FC,Cutter,single,hit_into_play,R,R,KC,NYY,85.60,104.20,8,3,2,2023,2023-10
2023-10-01,2023,R,425844,518934,SI,Sinker,,foul,R,R,KC,NYY,92.00,79.10,-53,3,2,2023,2023-10
2023-10-01,2023,R,425844,518934,SI,Sinker,,ball,R,R,KC,NYY,88.20,,,2,2,2023,2023-10
2023-10-01,2023,R,425844,518934,SL,Slider,,foul,R,R,KC,NYY,79.60,72.20,72,2,2,2023,2023-10
2023-10-01,2023,R,425844,518934,FC,Cutter,,ball,R,R,KC,NYY,86.70,,,1,2,2023,2023-10
2023-10-01,2023,R,425844,518934,SI,Sinker,,ball,R,R,KC,NYY,91.90,,,0,2,2023,2023-10
2023-10-01,2023,R,425844,518934,FC,Cutter,,foul,R,R,KC,NYY,84.60,49.50,-51,0,2,2023,2023-10
2023-10-01,2023,R,425844,518934,FF,4-Seam Fastball,,foul,R,R,KC,NYY,90.80,68.90,56,0,2,2023,2023-10
2023-10-01,2023,R,425844,518934,SI,Sinker,,foul,R,R,KC,NYY,89.90,88.10,48,0,1,2023,2023-10
2023-10-01,2023,R,425844,518934,FF,4-Seam Fastball,,called_strike,R,R,KC,NYY,89.60,,,0,0,2023,2023-10
2023-10-01,2023,R,425844,543309,SI,Sinker,double,hit_into_play,R,R,KC,NYY,89.20,105.70,16,0,1,2023,2023-10
2023-10-01,2023,R,425844,543309,CU,Curveball,,called_strike,R,R,KC,NYY,68.90,,,0,0,2023,2023-10
2023-10-01,2023,R,425844,543309,SI,Sinker,grounded_into_double_play,hit_into_play,R,R,KC,NYY,90.60,72.40,4,0,0,2023,2023-10
2023-10-01,2023,R,425844,643396,SL,Slider,field_out,hit_into_play,R,R,KC,NYY,77.90,79.50,50,1,1,2023,2023-10
2023-10-01,2023,R,425844,643396,CU,Curveball,,ball,R,R,KC,NYY,72.00,,,0,1,2023,2023-10
2023-10-01,2023,R,425844,643396,SI,Sinker,,called_strike,R,R,KC,NYY,90.10,,,0,0,2023,2023-10
2023-10-01,2023,R,425844,643396,SL,Slider,field_out,hit_into_play,R,R,KC,NYY,79.90,99.40,-11,1,1,2023,2023-10
2023-10-01,2023,R,425844,643396,FF,4-Seam Fastball,,ball,R,R,KC,NYY,91.80,,,0,1,2023,2023-10
2023-10-01,2023,R,425844,643396,SL,Slider,,called_strike,R,R,KC,NYY,78.90,,,0,0,2023,2023-10
2023-10-01,2023,R,425844,664314,CH,Changeup,field_out,hit_into_play,L,R,KC,NYY,86.80,81.10,5,2,1,2023,2023-10
2023-10-01,2023,R,425844,664314,CH,Changeup,,ball,L,R,KC,NYY,87.40,,,1,1,2023,2023-10
2023-10-01,2023,R,425844,664314,CU,Curveball,,ball,L,R,KC,NYY,68.60,,,0,1,2023,2023-10
2023-10-01,2023,R,425844,664314,FF,4-Seam Fastball,,called_strike,L,R,KC,NYY,89.70,,,0,0,2023,2023-10
2023-10-01,2023,R,425844,664314,CH,Changeup,walk,ball,L,R,KC,NYY,86.00,,,3,2,2023,2023-10
2023-10-01,2023,R,425844,664314,CH,Changeup,,foul,L,R,KC,NYY,86.90,,,3,1,2023,2023-10
2023-10-01,2023,R,425844,664314,CH,Changeup,,ball,L,R,KC,NYY,86.80,,,2,1,2023,2023-10
2023-10-01,2023,R,425844,664314,CH,Changeup,,ball,L,R,KC,NYY,86.60,,,1,1,2023,2023-10
2023-10-01,2023,R,425844,664314,CU,Curveball,,ball,L,R,KC,NYY,69.90,,,0,1,2023,2023-10
2023-10-01,2023,R,425844,664314,SL,Slider,,called_strike,L,R,KC,NYY,78.70,,,0,0,2023,2023-10
2023-10-01,2023,R,425844,665828,SI,Sinker,field_out,hit_into_play,L,R,KC,NYY,87.30,94.70,24,0,0,2023,2023-10
2023-10-01,2023,R,425844,665828,FF,4-Seam Fastball,field_out,hit_into_play,L,R,KC,NYY,90.10,98.10,39,2,0,2023,2023-10
2023-10-01,2023,R,425844,665828,SL,Slider,,ball,L,R,KC,NYY,76.80,,,1,0,2023,2023-10
2023-10-01,2023,R,425844,665828,CU,Curveball,,ball,L,R,KC,NYY,70.30,,,0,0,2023,2023-10
2023-10-01,2023,R,425844,669224,CH,Changeup,field_out,hit_into_play,L,R,KC,NYY,85.80,79.50,6,0,1,2023,2023-10
2023-10-01,2023,R,425844,669224,CH,Changeup,,foul_tip,L,R,KC,NYY,85.90,,,0,0,2023,2023-10
2023-10-01,2023,R,425844,669224,SI,Sinker,single,hit_into_play,L,R,KC,NYY,87.80,79.60,16,0,1,2023,2023-10
2023-10-01,2023,R,425844,669224,CU,Curveball,,foul,L,R,KC,NYY,69.20,75.00,78,0,0,2023,2023-10
2023-10-01,2023,R,425844,672724,CH,Changeup,field_out,hit_into_play,R,R,KC,NYY,87.60,96.90,-12,3,2,2023,2023-10
2023-10-01,2023,R,425844,672724,CH,Changeup,,ball,R,R,KC,NYY,87.40,,,2,2,2023,2023-10
2023-10-01,2023,R,425844,672724,SL,Slider,,foul,R,R,KC,NYY,79.20,98.50,-27,2,1,2023,2023-10
2023-10-01,2023,R,425844,672724,FF,4-Seam Fastball,,ball,R,R,KC,NYY,89.70,,,1,1,2023,2023-10
2023-10-01,2023,R,425844,672724,FF,4-Seam Fastball,,ball,R,R,KC,NYY,89.60,,,0,1,2023,2023-10
2023-10-01,2023,R,425844,672724,SL,Slider,,called_strike,R,R,KC,NYY,79.30,,,0,0,2023,2023-10
2023-10-01,2023,R,425844,672724,SI,Sinker,field_out,hit_into_play,R,R,KC,NYY,89.90,106.70,-9,1,0,2023,2023-10
2023-10-01,2023,R,425844,672724,FF,4-Seam Fastball,,ball,R,R,KC,NYY,89.80,,,0,0,2023,2023-10
2023-10-01,2023,R,425844,677592,CH,Changeup,strikeout,swinging_strike,R,R,KC,NYY,87.90,,,2,2,2023,2023-10
2023-10-01,2023,R,425844,677592,SL,Slider,,called_strike,R,R,KC,NYY,78.90,,,2,1,2023,2023-10
2023-10-01,2023,R,425844,677592,CU,Curveball,,ball,R,R,KC,NYY,71.20,,,1,1,2023,2023-10
2023-10-01,2023,R,425844,677592,SL,Slider,,ball,R,R,KC,NYY,80.60,,,0,1,2023,2023-10
2023-10-01,2023,R,425844,677592,SL,Slider,,swinging_strike,R,R,KC,NYY,80.10,,,0,0,2023,2023-10
2023-10-01,2023,R,425844,677592,FF,4-Seam Fastball,field_out,hit_into_play,R,R,KC,NYY,89.80,104.70,-9,0,0,2023,2023-10
2023-10-01,2023,R,425844,683011,CU,Curveball,strikeout,swinging_strike_blocked,R,R,KC,NYY,68.20,,,2,2,2023,2023-10
2023-10-01,2023,R,425844,683011,CH,Changeup,,ball,R,R,KC,NYY,88.30,,,1,2,2023,2023-10
2023-10-01,2023,R,425844,683011,SL,Slider,,foul,R,R,KC,NYY,78.70,65.20,62,1,2,2023,2023-10
2023-10-01,2023,R,425844,683011,FF,4-Seam Fastball,,ball,R,R,KC,NYY,91.60,,,0,2,2023,2023-10
2023-10-01,2023,R,425844,683011,CH,Changeup,,foul,R,R,KC,NYY,86.40,,,0,2,2023,2023-10
2023-10-01,2023,R,425844,683011,SL,Slider,,foul,R,R,KC,NYY,79.70,62.90,-30,0,1,2023,2023-10
2023-10-01,2023,R,425844,683011,SI,Sinker,,called_strike,R,R,KC,NYY,90.10,,,0,0,2023,2023-10
2023-10-01,2023,R,425844,683011,SI,Sinker,single,hit_into_play,R,R,KC,NYY,91.10,105.60,10,1,1,2023,2023-10
2023-10-01,2023,R,425844,683011,CU,Curveball,,ball,R,R,KC,NYY,70.30,,,0,1,2023,2023-10
2023-10-01,2023,R,425844,683011,SL,Slider,,foul,R,R,KC,NYY,78.40,68.30,47,0,0,2023,2023-10
2023-10-01,2023,R,445926,545121,FC,Cutter,truncated_pa,ball,L,R,ATL,WSH,88.20,,,0,1,2023,2023-10
2023-10-01,2023,R,445926,545121,FC,Cutter,,called_strike,L,R,ATL,WSH,88.80,,,0,0,2023,2023-10
2023-10-01,2023,R,445926,608841,SI,Sinker,field_out,hit_into_play,R,R,ATL,WSH,89.60,91.80,-6,0,0,2023,2023-10
2023-10-01,2023,R,445926,657041,CU,Curveball,single,hit_into_play,R,R,ATL,WSH,75.90,98.40,-7,1,1,2023,2023-10
2023-10-01,2023,R,445926,657041,CU,Curveball,,ball,R,R,ATL,WSH,77.30,,,0,1,2023,2023-10
2023-10-01,2023,R,445926,657041,FC,Cutter,,called_strike,R,R,ATL,WSH,89.10,,,0,0,2023,2023-10
2023-10-01,2023,R,445926,660688,CH,Changeup,field_out,hit_into_play,L,R,ATL,WSH,83.90,95.30,21,1,0,2023,2023-10
2023-10-01,2023,R,445926,660688,FC,Cutter,,ball,L,R,ATL,WSH,88.20,,,0,0,2023,2023-10
2023-10-01,2023,R,445926,671277,FC,Cutter,walk,ball,L,R,ATL,WSH,88.00,,,3,0,2023,2023-10
2023-10-01,2023,R,445926,671277,CH,Changeup,,ball,L,R,ATL,WSH,84.60,,,2,0,2023,2023-10
2023-10-01,2023,R,445926,671277,FC,Cutter,,blocked_ball,L,R,ATL,WSH,89.10,,,1,0,2023,2023-10
2023-10-01,2023,R,445926,671277,FC,Cutter,,ball,L,R,ATL,WSH,89.40,,,0,0,2023,2023-10
2023-10-01,2023,R,448179,518735,SL,Slider,grounded_into_double_play,hit_into_play,R,L,CWS,SD,79.00,59.40,14,1,1,2023,2023-10
2023-10-01,2023,R,448179,518735,CU,Curveball,,ball,R,L,CWS,SD,74.60,,,0,1,2023,2023-10
2023-10-01,2023,R,448179,518735,SL,Slider,,swinging_strike_blocked,R,L,CWS,SD,78.60,,,0,0,2023,2023-10
2023-10-01,2023,R,448179,571980,CU,Curveball,field_out,hit_into_play,L,L,CWS,SD,74.20,78.30,6,2,1,2023,2023-10
2023-10-01,2023,R,448179,571980,CU,Curveball,,called_strike,L,L,CWS,SD,74.60,,,2,0,2023,2023-10
2023-10-01,2023,R,448179,571980,SI,Sinker,,ball,L,L,CWS,SD,88.10,,,1,0,2023,2023-10
2023-10-01,2023,R,448179,571980,CU,Curveball,,ball,L,L,CWS,SD,75.00,,,0,0,2023,2023-10
2023-10-01,2023,R,448179,572204,FF,4-Seam Fastball,strikeout,swinging_strike,R,L,CWS,SD,91.20,,,1,2,2023,2023-10
2023-10-01,2023,R,448179,572204,CU,Curveball,,foul,R,L,CWS,SD,75.30,63.80,-38,1,1,2023,2023-10
2023-10-01,2023,R,448179,572204,FF,4-Seam Fastball,,foul_tip,R,L,CWS,SD,90.60,,,1,0,2023,2023-10
2023-10-01,2023,R,448179,572204,FF,4-Seam Fastball,,ball,R,L,CWS,SD,91.00,,,0,0,2023,2023-10
2023-10-01,2023,R,448179,621545,CU,Curveball,single,hit_into_play,R,L,CWS,SD,74.10,89.80,-10,0,1,2023,2023-10
2023-10-01,2023,R,448179,621545,FF,4-Seam Fastball,,called_strike,R,L,CWS,SD,89.10,,,0,0,2023,2023-10
2023-10-01,2023,R,448179,657757,FF,4-Seam Fastball,single,hit_into_play,L,L,CWS,SD,90.00,76.20,43,3,2,2023,2023-10
2023-10-01,2023,R,448179,657757,SI,Sinker,,called_strike,L,L,CWS,SD,88.70,,,3,1,2023,2023-10
2023-10-01,2023,R,448179,657757,CU,Curveball,,ball,L,L,CWS,SD,75.00,,,2,1,2023,2023-10
2023-10-01,2023,R,448179,657757,CU,Curveball,,ball,L,L,CWS,SD,74.50,,,1,1,2023,2023-10
2023-10-01,2023,R,448179,657757,FF,4-Seam Fastball,,called_strike,L,L,CWS,SD,91.00,,,1,0,2023,2023-10
2023-10-01,2023,R,448179,657757,CU,Curveball,,ball,L,L,CWS,SD,73.90,,,0,0,2023,2023-10
2023-10-01,2023,R,448179,672820,FF,4-Seam Fastball,strikeout,foul_tip,R,L,CWS,SD,89.90,,,0,2,2023,2023-10
2023-10-01,2023,R,448179,672820,FF,4-Seam Fastball,,swinging_strike,R,L,CWS,SD,89.70,,,0,1,2023,2023-10
2023-10-01,2023,R,448179,672820,FC,Cutter,,foul,R,L,CWS,SD,85.90,77.10,22,0,0,2023,2023-10
2023-10-01,2023,R,448179,683734,FF,4-Seam Fastball,strikeout,foul_tip,R,L,CWS,SD,90.70,,,1,2,2023,2023-10
2023-10-01,2023,R,448179,683734,CU,Curveball,,foul,R,L,CWS,SD,74.10,77.60,-32,1,2,2023,2023-10
2023-10-01,2023,R,448179,683734,CU,Curveball,,ball,R,L,CWS,SD,73.20,,,0,2,2023,2023-10
2023-10-01,2023,R,448179,683734,FF,4-Seam Fastball,,foul,R,L,CWS,SD,90.20,75.30,58,0,1,2023,2023-10
2023-10-01,2023,R,448179,683734,FF,4-Seam Fastball,,foul,R,L,CWS,SD,90.50,72.60,34,0,0,2023,2023-10
2023-10-01,2023,R,527048,553993,SI,Sinker,field_out,hit_into_play,R,L,SEA,TEX,92.70,91.40,28,1,1,2023,2023-10
2023-10-01,2023,R,527048,553993,CH,Changeup,,ball,R,L,SEA,TEX,83.80,,,0,1,2023,2023-10
2023-10-01,2023,R,527048,553993,CU,Curveball,,called_strike,R,L,SEA,TEX,78.20,,,0,0,2023,2023-10
2023-10-01,2023,R,527048,641487,CU,Curveball,field_out,hit_into_play,L,L,SEA,TEX,79.30,52.60,79,0,0,2023,2023-10
2023-10-01,2023,R,527048,645801,SI,Sinker,strikeout,swinging_strike,L,L,SEA,TEX,92.40,,,0,2,2023,2023-10
2023-10-01,2023,R,527048,645801,CU,Curveball,,foul,L,L,SEA,TEX,79.00,62.70,-45,0,1,2023,2023-10
2023-10-01,2023,R,527048,645801,SI,Sinker,,swinging_strike,L,L,SEA,TEX,91.10,,,0,0,2023,2023-10
2023-10-01,2023,R,527048,645801,SI,Sinker,hit_by_pitch,hit_by_pitch,L,L,SEA,TEX,92.20,,,0,0,2023,2023-10
2023-10-01,2023,R,527048,663728,FC,Cutter,strikeout,swinging_strike,R,L,SEA,TEX,92.60,,,3,2,2023,2023-10
2023-10-01,2023,R,527048,663728,SI,Sinker,,foul,R,L,SEA,TEX,93.20,106.90,19,3,2,2023,2023-10
2023-10-01,2023,R,527048,663728,CH,Changeup,,foul,R,L,SEA,TEX,83.80,60.10,-21,3,1,2023,2023-10
2023-10-01,2023,R,527048,663728,FC,Cutter,,called_strike,R,L,SEA,TEX,91.70,,,3,0,2023,2023-10
2023-10-01,2023,R,527048,663728,CH,Changeup,,ball,R,L,SEA,TEX,84.10,,,2,0,2023,2023-10
2023-10-01,2023,R,527048,663728,FC,Cutter,,ball,R,L,SEA,TEX,93.60,,,1,0,2023,2023-10
2023-10-01,2023,R,527048,663728,FC,Cutter,,ball,R,L,SEA,TEX,92.40,,,0,0,2023,2023-10
2023-10-01,2023,R,527048,664034,CH,Changeup,field_out,hit_into_play,R,L,SEA,TEX,85.80,91.70,31,0,1,2023,2023-10
2023-10-01,2023,R,527048,664034,FF,4-Seam Fastball,,called_strike,R,L,SEA,TEX,93.00,,,0,0,2023,2023-10
2023-10-01,2023,R,527048,668942,SI,Sinker,field_out,hit_into_play,L,L,SEA,TEX,92.90,92.60,-14,2,2,2023,2023-10
2023-10-01,2023,R,527048,668942,SI,Sinker,,ball,L,L,SEA,TEX,92.90,,,1,2,2023,2023-10
2023-10-01,2023,R,527048,668942,CH,Changeup,,foul,L,L,SEA,TEX,84.20,90.50,0,1,2,2023,2023-10
2023-10-01,2023,R,527048,668942,SI,Sinker,,foul,L,L,SEA,TEX,92.90,69.30,-46,1,2,2023,2023-10
2023-10-01,2023,R,527048,668942,CU,Curveball,,called_strike,L,L,SEA,TEX,81.00,,,1,1,2023,2023-10
2023-10-01,2023,R,527048,668942,SI,Sinker,,ball,L,L,SEA,TEX,92.70,,,0,1,2023,2023-10
2023-10-01,2023,R,527048,668942,SI,Sinker,,called_strike,L,L,SEA,TEX,93.10,,,0,0,2023,2023-10
2023-10-01,2023,R,527048,668942,SI,Sinker,field_out,hit_into_play,L,L,SEA,TEX,92.50,65.20,-35,1,2,2023,2023-10
2023-10-01,2023,R,527048,668942,SI,Sinker,,swinging_strike,L,L,SEA,TEX,92.40,,,1,1,2023,2023-10
2023-10-01,2023,R,527048,668942,CU,Curveball,,ball,L,L,SEA,TEX,79.50,,,0,1,2023,2023-10
2023-10-01,2023,R,527048,668942,CU,Curveball,,swinging_strike,L,L,SEA,TEX,79.90,,,0,0,2023,2023-10
2023-10-01,2023,R,527048,672284,SI,Sinker,strikeout,swinging_strike,L,L,SEA,TEX,93.60,,,2,2,2023,2023-10
2023-10-01,2023,R,527048,672284,SI,Sinker,,called_strike,L,L,SEA,TEX,93.00,,,2,1,2023,2023-10
2023-10-01,2023,R,527048,672284,CU,Curveball,,ball,L,L,SEA,TEX,79.20,,,1,1,2023,2023-10
2023-10-01,2023,R,527048,672284,SI,Sinker,,called_strike,L,L,SEA,TEX,92.00,,,1,0,2023,2023-10
2023-10-01,2023,R,527048,672284,SI,Sinker,,ball,L,L,SEA,TEX,92.10,,,0,0,2023,2023-10
2023-10-01,2023,R,527048,677594,FC,Cutter,field_out,hit_into_play,R,L,SEA,TEX,93.20,100.40,-12,0,0,2023,2023-10
2023-10-01,2023,R,527048,686527,SI,Sinker,strikeout,called_strike,L,L,SEA,TEX,92.20,,,2,2,2023,2023-10
2023-10-01,2023,R,527048,686527,CH,Changeup,,swinging_strike,L,L,SEA,TEX,83.60,,,2,1,2023,2023-10
2023-10-01,2023,R,527048,686527,SI,Sinker,,ball,L,L,SEA,TEX,91.80,,,1,1,2023,2023-10
2023-10-01,2023,R,527048,686527,CU,Curveball,,ball,L,L,SEA,TEX,79.60,,,0,1,2023,2023-10
2023-10-01,2023,R,527048,686527,SI,Sinker,,called_strike,L,L,SEA,TEX,91.50,,,0,0,2023,2023-10
2023-10-01,2023,R,527048,686527,SI,Sinker,field_out,hit_into_play,L,L,SEA,TEX,92.30,51.80,-45,0,1,2023,2023-10
2023-10-01,2023,R,527048,686527,CU,Curveball,,called_strike,L,L,SEA,TEX,80.20,,,0,0,2023,2023-10
2023-10-01,2023,R,543056,457759,FC,Cutter,strikeout,swinging_strike,R,L,BAL,BOS,85.90,,,3,2,2023,2023-10
2023-10-01,2023,R,543056,457759,FC,Cutter,,foul,R,L,BAL,BOS,86.20,60.30,-45,3,2,2023,2023-10
2023-10-01,2023,R,543056,457759,SI,Sinker,,ball,R,L,BAL,BOS,91.80,,,2,2,2023,2023-10
2023-10-01,2023,R,543056,457759,KC,Knuckle Curve,,blocked_ball,R,L,BAL,BOS,81.20,,,1,2,2023,2023-10
2023-10-01,2023,R,543056,457759,KC,Knuckle Curve,,ball,R,L,BAL,BOS,79.40,,,0,2,2023,2023-10
2023-10-01,2023,R,543056,457759,FC,Cutter,,foul,R,L,BAL,BOS,87.10,72.90,-2,0,1,2023,2023-10
2023-10-01,2023,R,543056,457759,SI,Sinker,,called_strike,R,L,BAL,BOS,92.10,,,0,0,2023,2023-10
2023-10-01,2023,R,543056,646240,FC,Cutter,field_error,hit_into_play,L,L,BAL,BOS,87.10,78.60,3,2,0,2023,2023-10
2023-10-01,2023,R,543056,646240,FC,Cutter,,ball,L,L,BAL,BOS,85.00,,,1,0,2023,2023-10
2023-10-01,2023,R,543056,646240,FC,Cutter,,ball,L,L,BAL,BOS,87.10,,,0,0,2023,2023-10
2023-10-01,2023,R,543056,657077,FC,Cutter,single,hit_into_play,L,L,BAL,BOS,85.60,98.20,16,0,0,2023,2023-10
2023-10-01,2023,R,543056,657136,KC,Knuckle Curve,strikeout,swinging_strike_blocked,R,L,BAL,BOS,80.00,,,1,2,2023,2023-10
2023-10-01,2023,R,543056,657136,SI,Sinker,,called_strike,R,L,BAL,BOS,92.50,,,1,1,2023,2023-10
2023-10-01,2023,R,543056,657136,SI,Sinker,,ball,R,L,BAL,BOS,90.80,,,0,1,2023,2023-10
2023-10-01,2023,R,543056,657136,FC,Cutter,,swinging_strike,R,L,BAL,BOS,85.60,,,0,0,2023,2023-10
2023-10-01,2023,R,543056,665839,KC,Knuckle Curve,single,hit_into_play,L,L,BAL,BOS,79.60,67.40,-46,1,2,2023,2023-10
2023-10-01,2023,R,543056,665839,SI,Sinker,,swinging_strike,L,L,BAL,BOS,90.50,,,1,1,2023,2023-10
2023-10-01,2023,R,543056,665839,FC,Cutter,,ball,L,L,BAL,BOS,85.80,,,0,1,2023,2023-10
2023-10-01,2023,R,543056,665839,SI,Sinker,,called_strike,L,L,BAL,BOS,91.30,,,0,0,2023,2023-10
2023-10-01,2023,R,543056,807799,FC,Cutter,field_out,hit_into_play,L,L,BAL,BOS,85.20,97.40,28,2,1,2023,2023-10
2023-10-01,2023,R,543056,807799,SI,Sinker,,ball,L,L,BAL,BOS,89.80,,,1,1,2023,2023-10
2023-10-01,2023,R,543056,807799,FC,Cutter,,foul,L,L,BAL,BOS,83.30,,,1,0,2023,2023-10
2023-10-01,2023,R,543056,807799,SI,Sinker,,ball,L,L,BAL,BOS,92.20,,,0,0,2023,2023-10
2023-10-01,2023,R,543272,545121,FF,4-Seam Fastball,single,hit_into_play,R,L,ATL,WSH,91.20,64.80,40,3,2,2023,2023-10
2023-10-01,2023,R,543272,545121,FF,4-Seam Fastball,,foul,R,L,ATL,WSH,91.40,83.30,54,3,2,2023,2023-10
2023-10-01,2023,R,543272,545121,FF,4-Seam Fastball,,foul,R,L,ATL,WSH,90.20,66.30,0,3,2,2023,2023-10
2023-10-01,2023,R,543272,545121,FF,4-Seam Fastball,,ball,R,L,ATL,WSH,91.80,,,2,2,2023,2023-10
2023-10-01,2023,R,543272,545121,ST,Sweeper,,ball,R,L,ATL,WSH,79.30,,,1,2,2023,2023-10
2023-10-01,2023,R,543272,545121,ST,Sweeper,,ball,R,L,ATL,WSH,79.30,,,0,2,2023,2023-10
2023-10-01,2023,R,543272,545121,ST,Sweeper,,swinging_strike,R,L,ATL,WSH,80.20,,,0,1,2023,2023-10
2023-10-01,2023,R,543272,545121,ST,Sweeper,,called_strike,R,L,ATL,WSH,80.30,,,0,0,2023,2023-10
2023-10-01,2023,R,543272,669743,FF,4-Seam Fastball,walk,ball,R,L,ATL,WSH,90.80,,,3,1,2023,2023-10
2023-10-01,2023,R,543272,669743,FF,4-Seam Fastball,,called_strike,R,L,ATL,WSH,91.70,,,3,0,2023,2023-10
2023-10-01,2023,R,543272,669743,FF,4-Seam Fastball,,ball,R,L,ATL,WSH,92.50,,,2,0,2023,2023-10
2023-10-01,2023,R,543272,669743,FF,4-Seam Fastball,,ball,R,L,ATL,WSH,90.80,,,1,0,2023,2023-10
2023-10-01,2023,R,543272,669743,FF,4-Seam Fastball,,ball,R,L,ATL,WSH,91.60,,,0,0,2023,2023-10
2023-10-01,2023,R,543272,686452,FF,4-Seam Fastball,sac_bunt,hit_into_play,R,L,ATL,WSH,92.20,34.20,-14,2,1,2023,2023-10
2023-10-01,2023,R,543272,686452,FF,4-Seam Fastball,,called_strike,R,L,ATL,WSH,91.40,,,2,0,2023,2023-10
2023-10-01,2023,R,543272,686452,ST,Sweeper,,ball,R,L,ATL,WSH,79.50,,,1,0,2023,2023-10
2023-10-01,2023,R,543272,686452,ST,Sweeper,,ball,R,L,ATL,WSH,80.50,,,0,0,2023,2023-10
2023-10-01,2023,R,543766,595777,ST,Sweeper,field_out,hit_into_play,L,R,CWS,SD,84.70,92.20,31,2,2,2023,2023-10
2023-10-01,2023,R,543766,595777,FC,Cutter,,foul,L,R,CWS,SD,95.10,82.20,-6,2,2,2023,2023-10
2023-10-01,2023,R,543766,595777,FC,Cutter,,ball,L,R,CWS,SD,93.30,,,1,2,2023,2023-10
2023-10-01,2023,R,543766,595777,CH,Changeup,,foul,L,R,CWS,SD,83.50,42.60,-54,1,1,2023,2023-10
2023-10-01,2023,R,543766,595777,SI,Sinker,,ball,L,R,CWS,SD,94.20,,,0,1,2023,2023-10
2023-10-01,2023,R,543766,595777,CU,Curveball,,called_strike,L,R,CWS,SD,81.40,,,0,0,2023,2023-10
2023-10-01,2023,R,543766,643265,FC,Cutter,walk,ball,R,R,CWS,SD,93.30,,,3,2,2023,2023-10
2023-10-01,2023,R,543766,643265,FC,Cutter,,foul,R,R,CWS,SD,93.50,78.30,45,3,1,2023,2023-10
2023-10-01,2023,R,543766,643265,FC,Cutter,,called_strike,R,R,CWS,SD,93.10,,,3,0,2023,2023-10
2023-10-01,2023,R,543766,643265,FC,Cutter,,ball,R,R,CWS,SD,92.80,,,2,0,2023,2023-10
2023-10-01,2023,R,543766,643265,ST,Sweeper,,ball,R,R,CWS,SD,82.40,,,1,0,2023,2023-10
2023-10-01,2023,R,543766,643265,FC,Cutter,,ball,R,R,CWS,SD,93.60,,,0,0,2023,2023-10
2023-10-01,2023,R,543766,663757,CH,Changeup,field_out,hit_into_play,L,R,CWS,SD,84.10,83.60,20,0,1,2023,2023-10
2023-10-01,2023,R,543766,663757,FC,Cutter,,called_strike,L,R,CWS,SD,93.50,,,0,0,2023,2023-10
2023-10-01,2023,R,543766,666703,FC,Cutter,field_out,hit_into_play,R,R,CWS,SD,92.20,81.30,64,2,0,2023,2023-10
2023-10-01,2023,R,543766,666703,FC,Cutter,,ball,R,R,CWS,SD,92.40,,,1,0,2023,2023-10
2023-10-01,2023,R,543766,666703,FC,Cutter,,ball,R,R,CWS,SD,92.50,,,0,0,2023,2023-10
2023-10-01,2023,R,543859,545121,FF,4-Seam Fastball,sac_bunt,hit_into_play,L,R,ATL,WSH,94.60,32.90,-9,0,0,2023,2023-10
2023-10-01,2023,R,543859,642086,,,intent_walk,automatic_ball,L,R,ATL,WSH,,,,3,0,2023,2023-10
2023-10-01,2023,R,543859,642086,,,,automatic_ball,L,R,ATL,WSH,,,,2,0,2023,2023-10
2023-10-01,2023,R,543859,642086,,,,automatic_ball,L,R,ATL,WSH,,,,1,0,2023,2023-10
2023-10-01,2023,R,543859,642086,,,,automatic_ball,L,R,ATL,WSH,,,,0,0,2023,2023-10
2023-10-01,2023,R,543859,657041,SL,Slider,field_out,hit_into_play,R,R,ATL,WSH,82.00,104.50,-19,3,2,2023,2023-10
2023-10-01,2023,R,543859,657041,FF,4-Seam Fastball,,ball,R,R,ATL,WSH,94.60,,,2,2,2023,2023-10
2023-10-01,2023,R,543859,657041,FF,4-Seam Fastball,,foul,R,R,ATL,WSH,94.10,72.80,79,2,2,2023,2023-10
2023-10-01,2023,R,543859,657041,SL,Slider,,ball,R,R,ATL,WSH,84.00,,,1,2,2023,2023-10
2023-10-01,2023,R,543859,657041,SL,Slider,,called_strike,R,R,ATL,WSH,83.90,,,1,1,2023,2023-10
2023-10-01,2023,R,543859,657041,FF,4-Seam Fastball,,ball,R,R,ATL,WSH,94.10,,,0,1,2023,2023-10
2023-10-01,2023,R,543859,657041,SL,Slider,,foul,R,R,ATL,WSH,83.00,55.50,58,0,0,2023,2023-10
2023-10-01,2023,R,543859,660688,FF,4-Seam Fastball,single,hit_into_play,L,R,ATL,WSH,93.70,87.80,16,1,1,2023,2023-10
2023-10-01,2023,R,543859,660688,SL,Slider,,called_strike,L,R,ATL,WSH,83.10,,,1,0,2023,2023-10
2023-10-01,2023,R,543859,660688,ST,Sweeper,,ball,L,R,ATL,WSH,79.90,,,0,0,2023,2023-10
2023-10-01,2023,R,543859,671277,FF,4-Seam Fastball,walk,ball,L,R,ATL,WSH,93.10,,,3,2,2023,2023-10
2023-10-01,2023,R,543859,671277,FF,4-Seam Fastball,,swinging_strike,L,R,ATL,WSH,93.70,,,3,1,2023,2023-10
2023-10-01,2023,R,543859,671277,FF,4-Seam Fastball,,called_strike,L,R,ATL,WSH,93.70,,,3,0,2023,2023-10
2023-10-01,2023,R,543859,671277,FF,4-Seam Fastball,,ball,L,R,ATL,WSH,93.70,,,2,0,2023,2023-10
2023-10-01,2023,R,543859,671277,SL,Slider,,ball,L,R,ATL,WSH,82.80,,,1,0,2023,2023-10
2023-10-01,2023,R,543859,671277,FF,4-Seam Fastball,,ball,L,R,ATL,WSH,95.10,,,0,0,2023,2023-10
2023-10-01,2023,R,543859,682928,FF,4-Seam Fastball,field_out,hit_into_play,L,R,ATL,WSH,93.70,85.80,58,1,1,2023,2023-10
2023-10-01,2023,R,543859,682928,FF,4-Seam Fastball,,ball,L,R,ATL,WSH,95.70,,,0,1,2023,2023-10
2023-10-01,2023,R,543859,682928,FF,4-Seam Fastball,,called_strike,L,R,ATL,WSH,95.40,,,0,0,2023,2023-10
2023-10-01,2023,R,543859,686452,FF,4-Seam Fastball,walk,ball,L,R,ATL,WSH,94.40,,,3,2,2023,2023-10
2023-10-01,2023,R,543859,686452,FF,4-Seam Fastball,,foul,L,R,ATL,WSH,92.30,73.70,60,3,2,2023,2023-10
2023-10-01,2023,R,543859,686452,FF,4-Seam Fastball,,ball,L,R,ATL,WSH,95.20,,,2,2,2023,2023-10
2023-10-01,2023,R,543859,686452,FF,4-Seam Fastball,,foul,L,R,ATL,WSH,93.70,72.20,52,2,2,2023,2023-10
2023-10-01,2023,R,543859,686452,FF,4-Seam Fastball,,ball,L,R,ATL,WSH,95.30,,,1,2,2023,2023-10
2023-10-01,2023,R,543859,686452,FF,4-Seam Fastball,,foul,L,R,ATL,WSH,94.70,68.80,46,1,1,2023,2023-10
2023-10-01,2023,R,543859,686452,FF,4-Seam Fastball,,called_strike,L,R,ATL,WSH,93.00,,,1,0,2023,2023-10
2023-10-01,2023,R,543859,686452,FF,4-Seam Fastball,,ball,L,R,ATL,WSH,95.10,,,0,0,2023,2023-10
2023-10-01,2023,R,543859,696285,FF,4-Seam Fastball,single,hit_into_play,R,R,ATL,WSH,95.10,104.20,11,2,2,2023,2023-10
2023-10-01,2023,R,543859,696285,FF,4-Seam Fastball,,foul_tip,R,R,ATL,WSH,94.20,,,2,1,2023,2023-10
2023-10-01,2023,R,543859,696285,FF,4-Seam Fastball,,foul,R,R,ATL,WSH,94.10,77.10,26,2,0,2023,2023-10
2023-10-01,2023,R,543859,696285,FF,4-Seam Fastball,,ball,R,R,ATL,WSH,95.20,,,1,0,2023,2023-10
2023-10-01,2023,R,543859,696285,SL,Slider,,ball,R,R,ATL,WSH,82.80,,,0,0,2023,2023-10
2023-10-01,2023,R,547179,542364,SL,Slider,field_out,hit_into_play,L,R,NYM,PHI,88.00,85.20,35,2,2,2023,2023-10
2023-10-01,2023,R,547179,542364,CH,Changeup,,ball,L,R,NYM,PHI,86.50,,,1,2,2023,2023-10
2023-10-01,2023,R,547179,542364,CU,Curveball,,called_strike,L,R,NYM,PHI,82.40,,,1,1,2023,2023-10
2023-10-01,2023,R,547179,542364,FF,4-Seam Fastball,,foul,L,R,NYM,PHI,95.30,71.10,61,1,0,2023,2023-10
2023-10-01,2023,R,547179,542364,SL,Slider,,ball,L,R,NYM,PHI,89.00,,,0,0,2023,2023-10
2023-10-01,2023,R,547179,624413,CH,Changeup,field_out,hit_into_play,R,R,NYM,PHI,86.90,71.00,46,0,2,2023,2023-10
2023-10-01,2023,R,547179,624413,ST,Sweeper,,foul,R,R,NYM,PHI,84.00,68.60,18,0,1,2023,2023-10
2023-10-01,2023,R,547179,624413,SL,Slider,,called_strike,R,R,NYM,PHI,86.10,,,0,0,2023,2023-10
2023-10-01,2023,R,547179,677595,CH,Changeup,strikeout,swinging_strike,L,R,NYM,PHI,86.40,,,1,2,2023,2023-10
2023-10-01,2023,R,547179,677595,CU,Curveball,,foul,L,R,NYM,PHI,84.20,80.00,-26,1,2,2023,2023-10
2023-10-01,2023,R,547179,677595,CH,Changeup,,foul,L,R,NYM,PHI,86.90,,,1,2,2023,2023-10
2023-10-01,2023,R,547179,677595,CH,Changeup,,foul,L,R,NYM,PHI,86.10,,,1,1,2023,2023-10
2023-10-01,2023,R,547179,677595,SL,Slider,,ball,L,R,NYM,PHI,87.90,,,0,1,2023,2023-10
2023-10-01,2023,R,547179,677595,CU,Curveball,,called_strike,L,R,NYM,PHI,83.70,,,0,0,2023,2023-10
2023-10-01,2023,R,548389,444482,SI,Sinker,single,hit_into_play,L,R,SF,LAD,89.70,103.50,-3,0,0,2023,2023-10
2023-10-01,2023,R,548389,502110,FF,4-Seam Fastball,field_out,hit_into_play,R,R,SF,LAD,93.10,89.90,43,1,1,2023,2023-10
2023-10-01,2023,R,548389,502110,FF,4-Seam Fastball,,foul_tip,R,R,SF,LAD,93.20,,,1,0,2023,2023-10
2023-10-01,2023,R,548389,502110,SL,Slider,,ball,R,R,SF,LAD,88.60,,,0,0,2023,2023-10
2023-10-01,2023,R,548389,502110,FF,4-Seam Fastball,strikeout,swinging_strike,R,R,SF,LAD,95.00,,,3,2,2023,2023-10
2023-10-01,2023,R,548389,502110,FF,4-Seam Fastball,,ball,R,R,SF,LAD,94.80,,,2,2,2023,2023-10
2023-10-01,2023,R,548389,502110,FF,4-Seam Fastball,,called_strike,R,R,SF,LAD,93.80,,,2,1,2023,2023-10
2023-10-01,2023,R,548389,502110,CH,Changeup,,blocked_ball,R,R,SF,LAD,84.90,,,1,1,2023,2023-10
2023-10-01,2023,R,548389,502110,SI,Sinker,,ball,R,R,SF,LAD,90.60,,,0,1,2023,2023-10
2023-10-01,2023,R,548389,502110,SL,Slider,,foul,R,R,SF,LAD,89.00,95.90,26,0,0,2023,2023-10
2023-10-01,2023,R,548389,518692,FF,4-Seam Fastball,field_out,hit_into_play,L,R,SF,LAD,93.20,80.80,33,2,1,2023,2023-10
2023-10-01,2023,R,548389,518692,CH,Changeup,,blocked_ball,L,R,SF,LAD,84.40,,,1,1,2023,2023-10
2023-10-01,2023,R,548389,518692,SI,Sinker,,ball,L,R,SF,LAD,92.20,,,0,1,2023,2023-10
2023-10-01,2023,R,548389,518692,SI,Sinker,,swinging_strike,L,R,SF,LAD,92.40,,,0,0,2023,2023-10
2023-10-01,2023,R,548389,518692,FF,4-Seam Fastball,strikeout,swinging_strike,L,R,SF,LAD,95.00,,,3,2,2023,2023-10
2023-10-01,2023,R,548389,518692,SL,Slider,,ball,L,R,SF,LAD,88.60,,,2,2,2023,2023-10
2023-10-01,2023,R,548389,518692,FF,4-Seam Fastball,,ball,L,R,SF,LAD,92.70,,,1,2,2023,2023-10
2023-10-01,2023,R,548389,518692,CH,Changeup,,blocked_ball,L,R,SF,LAD,83.40,,,0,2,2023,2023-10
2023-10-01,2023,R,548389,518692,CH,Changeup,,foul,L,R,SF,LAD,82.10,85.10,79,0,1,2023,2023-10
2023-10-01,2023,R,548389,518692,KC,Knuckle Curve,,swinging_strike,L,R,SF,LAD,76.00,,,0,0,2023,2023-10
2023-10-01,2023,R,548389,543939,FF,4-Seam Fastball,field_out,hit_into_play,L,R,SF,LAD,94.40,87.80,32,2,2,2023,2023-10
2023-10-01,2023,R,548389,543939,KC,Knuckle Curve,,foul,L,R,SF,LAD,78.70,,,2,2,2023,2023-10
2023-10-01,2023,R,548389,543939,FF,4-Seam Fastball,,foul,L,R,SF,LAD,94.90,70.10,19,2,1,2023,2023-10
2023-10-01,2023,R,548389,543939,FF,4-Seam Fastball,,ball,L,R,SF,LAD,93.20,,,1,1,2023,2023-10
2023-10-01,2023,R,548389,543939,KC,Knuckle Curve,,ball,L,R,SF,LAD,77.90,,,0,1,2023,2023-10
2023-10-01,2023,R,548389,543939,SL,Slider,,foul,L,R,SF,LAD,88.90,72.90,29,0,0,2023,2023-10
2023-10-01,2023,R,548389,571771,FF,4-Seam Fastball,field_out,hit_into_play,R,R,SF,LAD,95.30,96.20,-20,2,2,2023,2023-10
2023-10-01,2023,R,548389,571771,SL,Slider,,ball,R,R,SF,LAD,88.40,,,1,2,2023,2023-10
2023-10-01,2023,R,548389,571771,FF,4-Seam Fastball,,ball,R,R,SF,LAD,93.60,,,0,2,2023,2023-10
2023-10-01,2023,R,548389,571771,KC,Knuckle Curve,,called_strike,R,R,SF,LAD,78.30,,,0,1,2023,2023-10
2023-10-01,2023,R,548389,571771,FF,4-Seam Fastball,,foul,R,R,SF,LAD,94.30,74.50,43,0,0,2023,2023-10
2023-10-01,2023,R,548389,571970,FF,4-Seam Fastball,field_out,hit_into_play,L,R,SF,LAD,94.80,95.00,72,1,2,2023,2023-10
2023-10-01,2023,R,548389,571970,FF,4-Seam Fastball,,called_strike,L,R,SF,LAD,93.90,,,1,1,2023,2023-10
2023-10-01,2023,R,548389,571970,KC,Knuckle Curve,,ball,L,R,SF,LAD,78.60,,,0,1,2023,2023-10
2023-10-01,2023,R,548389,571970,KC,Knuckle Curve,,called_strike,L,R,SF,LAD,79.00,,,0,0,2023,2023-10
2023-10-01,2023,R,548389,642708,FF,4-Seam Fastball,field_out,hit_into_play,R,R,SF,LAD,93.80,83.80,-20,2,2,2023,2023-10
2023-10-01,2023,R,548389,642708,SL,Slider,,ball,R,R,SF,LAD,88.10,,,1,2,2023,2023-10
2023-10-01,2023,R,548389,642708,FF,4-Seam Fastball,,ball,R,R,SF,LAD,93.90,,,0,2,2023,2023-10
2023-10-01,2023,R,548389,642708,SL,Slider,,foul,R,R,SF,LAD,86.50,70.40,63,0,1,2023,2023-10
2023-10-01,2023,R,548389,642708,SL,Slider,,called_strike,R,R,SF,LAD,86.10,,,0,0,2023,2023-10
2023-10-01,2023,R,548389,669257,SL,Slider,field_out,hit_into_play,R,R,SF,LAD,88.40,105.50,16,1,0,2023,2023-10
2023-10-01,2023,R,548389,669257,FF,4-Seam Fastball,,ball,R,R,SF,LAD,92.40,,,0,0,2023,2023-10
2023-10-01,2023,R,548389,669257,SL,Slider,single,hit_into_play,R,R,SF,LAD,89.80,71.10,-55,3,2,2023,2023-10
2023-10-01,2023,R,548389,669257,FF,4-Seam Fastball,,ball,R,R,SF,LAD,95.10,,,2,2,2023,2023-10
2023-10-01,2023,R,548389,669257,CH,Changeup,,foul,R,R,SF,LAD,85.20,,,2,2,2023,2023-10
2023-10-01,2023,R,548389,669257,FF,4-Seam Fastball,,foul,R,R,SF,LAD,94.20,82.40,44,2,2,2023,2023-10
2023-10-01,2023,R,548389,669257,SL,Slider,,ball,R,R,SF,LAD,87.80,,,1,2,2023,2023-10
2023-10-01,2023,R,548389,669257,FF,4-Seam Fastball,,ball,R,R,SF,LAD,93.50,,,0,2,2023,2023-10
2023-10-01,2023,R,548389,669257,FF,4-Seam Fastball,,swinging_strike,R,R,SF,LAD,91.00,,,0,1,2023,2023-10
2023-10-01,2023,R,548389,669257,SL,Slider,,called_strike,R,R,SF,LAD,86.60,,,0,0,2023,2023-10
2023-10-01,2023,R,548389,681546,FF,4-Seam Fastball,field_out,hit_into_play,L,R,SF,LAD,93.70,94.70,46,3,1,2023,2023-10
2023-10-01,2023,R,548389,681546,FF,4-Seam Fastball,,swinging_strike,L,R,SF,LAD,93.90,,,3,0,2023,2023-10
2023-10-01,2023,R,548389,681546,FF,4-Seam Fastball,,ball,L,R,SF,LAD,94.50,,,2,0,2023,2023-10
2023-10-01,2023,R,548389,681546,KC,Knuckle Curve,,ball,L,R,SF,LAD,77.50,,,1,0,2023,2023-10
2023-10-01,2023,R,548389,681546,FF,4-Seam Fastball,,ball,L,R,SF,LAD,93.70,,,0,0,2023,2023-10
2023-10-01,2023,R,552640,623168,SL,Slider,field_out,hit_into_play,L,R,TOR,TB,88.90,86.00,74,0,2,2023,2023-10
2023-10-01,2023,R,552640,623168,FF,4-Seam Fastball,,foul,L,R,TOR,TB,93.40,76.20,51,0,2,2023,2023-10
2023-10-01,2023,R,552640,623168,SI,Sinker,,foul,L,R,TOR,TB,96.10,67.50,24,0,2,2023,2023-10
2023-10-01,2023,R,552640,623168,SL,Slider,,foul,L,R,TOR,TB,87.60,93.10,14,0,2,2023,2023-10
2023-10-01,2023,R,552640,623168,FF,4-Seam Fastball,,swinging_strike,L,R,TOR,TB,94.50,,,0,1,2023,2023-10
2023-10-01,2023,R,552640,623168,SI,Sinker,,called_strike,L,R,TOR,TB,95.20,,,0,0,2023,2023-10
2023-10-01,2023,R,552640,662139,FF,4-Seam Fastball,field_out,hit_into_play,L,R,TOR,TB,94.40,86.60,19,0,1,2023,2023-10
2023-10-01,2023,R,552640,662139,SI,Sinker,,called_strike,L,R,TOR,TB,94.80,,,0,0,2023,2023-10
2023-10-01,2023,R,552640,669289,SI,Sinker,single,hit_into_play,R,R,TOR,TB,95.60,89.40,14,2,1,2023,2023-10
2023-10-01,2023,R,552640,669289,SL,Slider,,called_strike,R,R,TOR,TB,88.10,,,2,0,2023,2023-10
2023-10-01,2023,R,552640,669289,SI,Sinker,,ball,R,R,TOR,TB,95.40,,,1,0,2023,2023-10
2023-10-01,2023,R,552640,669289,SI,Sinker,,ball,R,R,TOR,TB,95.00,,,0,0,2023,2023-10
2023-10-01,2023,R,552640,686490,SI,Sinker,force_out,hit_into_play,R,R,TOR,TB,95.00,86.50,-25,0,0,2023,2023-10
2023-10-01,2023,R,570632,593428,SL,Slider,strikeout,swinging_strike,R,R,CWS,SD,89.90,,,0,2,2023,2023-10
2023-10-01,2023,R,570632,593428,SL,Slider,,called_strike,R,R,CWS,SD,86.40,,,0,1,2023,2023-10
2023-10-01,2023,R,570632,593428,FF,4-Seam Fastball,,called_strike,R,R,CWS,SD,97.30,,,0,0,2023,2023-10
2023-10-01,2023,R,570632,593428,SI,Sinker,single,hit_into_play,R,R,CWS,SD,96.20,99.00,4,0,1,2023,2023-10
2023-10-01,2023,R,570632,593428,SI,Sinker,,swinging_strike,R,R,CWS,SD,95.60,,,0,0,2023,2023-10
2023-10-01,2023,R,570632,595777,CH,Changeup,field_out,hit_into_play,L,R,CWS,SD,89.60,69.30,-15,0,0,2023,2023-10
2023-10-01,2023,R,570632,595777,SI,Sinker,field_out,hit_into_play,L,R,CWS,SD,96.30,70.40,-3,3,2,2023,2023-10
2023-10-01,2023,R,570632,595777,SL,Slider,,ball,L,R,CWS,SD,87.40,,,2,2,2023,2023-10
2023-10-01,2023,R,570632,595777,CH,Changeup,,ball,L,R,CWS,SD,87.60,,,1,2,2023,2023-10
2023-10-01,2023,R,570632,595777,SI,Sinker,,called_strike,L,R,CWS,SD,95.90,,,1,1,2023,2023-10
2023-10-01,2023,R,570632,595777,CH,Changeup,,ball,L,R,CWS,SD,88.20,,,0,1,2023,2023-10
2023-10-01,2023,R,570632,595777,CH,Changeup,,foul,L,R,CWS,SD,87.80,,,0,0,2023,2023-10
2023-10-01,2023,R,570632,595777,SI,Sinker,single,hit_into_play,L,R,CWS,SD,95.90,65.50,8,1,2,2023,2023-10
2023-10-01,2023,R,570632,595777,CH,Changeup,,ball,L,R,CWS,SD,87.20,,,0,2,2023,2023-10
2023-10-01,2023,R,570632,595777,CH,Changeup,,called_strike,L,R,CWS,SD,87.40,,,0,1,2023,2023-10
2023-10-01,2023,R,570632,595777,CH,Changeup,,called_strike,L,R,CWS,SD,84.40,,,0,0,2023,2023-10
2023-10-01,2023,R,570632,596847,SI,Sinker,field_out,hit_into_play,L,R,CWS,SD,94.40,98.30,33,3,1,2023,2023-10
2023-10-01,2023,R,570632,596847,SI,Sinker,,ball,L,R,CWS,SD,94.90,,,2,1,2023,2023-10
2023-10-01,2023,R,570632,596847,SI,Sinker,,foul,L,R,CWS,SD,95.20,83.00,2,2,0,2023,2023-10
2023-10-01,2023,R,570632,596847,CH,Changeup,,ball,L,R,CWS,SD,88.20,,,1,0,2023,2023-10
2023-10-01,2023,R,570632,596847,CH,Changeup,,ball,L,R,CWS,SD,90.00,,,0,0,2023,2023-10
2023-10-01,2023,R,570632,596847,CH,Changeup,field_out,hit_into_play,L,R,CWS,SD,86.50,85.80,-19,2,2,2023,2023-10
2023-10-01,2023,R,570632,596847,SI,Sinker,,called_strike,L,R,CWS,SD,95.70,,,2,1,2023,2023-10
2023-10-01,2023,R,570632,596847,CH,Changeup,,ball,L,R,CWS,SD,90.00,,,1,1,2023,2023-10
2023-10-01,2023,R,570632,596847,SI,Sinker,,foul,L,R,CWS,SD,95.00,68.70,-9,1,0,2023,2023-10
2023-10-01,2023,R,570632,596847,CH,Changeup,,ball,L,R,CWS,SD,86.50,,,0,0,2023,2023-10
2023-10-01,2023,R,570632,640492,SI,Sinker,walk,ball,R,R,CWS,SD,95.30,,,3,0,2023,2023-10
2023-10-01,2023,R,570632,640492,SL,Slider,,ball,R,R,CWS,SD,87.50,,,2,0,2023,2023-10
2023-10-01,2023,R,570632,640492,SI,Sinker,,ball,R,R,CWS,SD,95.60,,,1,0,2023,2023-10
2023-10-01,2023,R,570632,640492,SL,Slider,,ball,R,R,CWS,SD,88.90,,,0,0,2023,2023-10
2023-10-01,2023,R,570632,640492,SL,Slider,double,hit_into_play,R,R,CWS,SD,87.50,85.90,14,2,2,2023,2023-10
2023-10-01,2023,R,570632,640492,SL,Slider,,ball,R,R,CWS,SD,85.70,,,1,2,2023,2023-10
2023-10-01,2023,R,570632,640492,SL,Slider,,ball,R,R,CWS,SD,86.20,,,0,2,2023,2023-10
2023-10-01,2023,R,570632,640492,SI,Sinker,,foul,R,R,CWS,SD,96.90,104.50,-17,0,1,2023,2023-10
2023-10-01,2023,R,570632,640492,SI,Sinker,,swinging_strike,R,R,CWS,SD,96.80,,,0,0,2023,2023-10
2023-10-01,2023,R,570632,643265,SI,Sinker,field_out,hit_into_play,R,R,CWS,SD,95.50,79.30,-3,0,2,2023,2023-10
2023-10-01,2023,R,570632,643265,SI,Sinker,,swinging_strike,R,R,CWS,SD,94.10,,,0,1,2023,2023-10
2023-10-01,2023,R,570632,643265,SI,Sinker,,called_strike,R,R,CWS,SD,93.90,,,0,0,2023,2023-10
2023-10-01,2023,R,570632,643265,SL,Slider,grounded_into_double_play,hit_into_play,R,R,CWS,SD,88.60,87.30,-4,1,1,2023,2023-10
2023-10-01,2023,R,570632,643265,SL,Slider,,foul,R,R,CWS,SD,87.30,77.90,-16,1,0,2023,2023-10
2023-10-01,2023,R,570632,643265,SI,Sinker,,ball,R,R,CWS,SD,95.10,,,0,0,2023,2023-10
2023-10-01,2023,R,570632,663757,CH,Changeup,strikeout,swinging_strike,L,R,CWS,SD,89.40,,,1,2,2023,2023-10
2023-10-01,2023,R,570632,663757,CH,Changeup,,ball,L,R,CWS,SD,86.20,,,0,2,2023,2023-10
2023-10-01,2023,R,570632,663757,CH,Changeup,,foul,L,R,CWS,SD,88.50,49.80,-45,0,1,2023,2023-10
2023-10-01,2023,R,570632,663757,SI,Sinker,,called_strike,L,R,CWS,SD,94.90,,,0,0,2023,2023-10
2023-10-01,2023,R,570632,663757,SI,Sinker,field_out,hit_into_play,L,R,CWS,SD,96.20,84.20,-15,3,1,2023,2023-10
2023-10-01,2023,R,570632,663757,SI,Sinker,,ball,L,R,CWS,SD,96.40,,,2,1,2023,2023-10
2023-10-01,2023,R,570632,663757,CH,Changeup,,ball,L,R,CWS,SD,89.80,,,1,1,2023,2023-10
2023-10-01,2023,R,570632,663757,SI,Sinker,,called_strike,L,R,CWS,SD,97.50,,,1,0,2023,2023-10
2023-10-01,2023,R,570632,663757,FF,4-Seam Fastball,,ball,L,R,CWS,SD,97.90,,,0,0,2023,2023-10
2023-10-01,2023,R,570632,664954,SI,Sinker,field_out,hit_into_play,L,R,CWS,SD,94.10,99.80,-4,1,1,2023,2023-10
2023-10-01,2023,R,570632,664954,SI,Sinker,,foul,L,R,CWS,SD,94.90,77.30,12,1,0,2023,2023-10
2023-10-01,2023,R,570632,664954,CH,Changeup,,ball,L,R,CWS,SD,89.50,,,0,0,2023,2023-10
2023-10-01,2023,R,570632,664954,SI,Sinker,field_out,hit_into_play,L,R,CWS,SD,96.20,94.30,-11,3,2,2023,2023-10
2023-10-01,2023,R,570632,664954,SI,Sinker,,foul,L,R,CWS,SD,95.20,77.70,51,3,2,2023,2023-10
2023-10-01,2023,R,570632,664954,SI,Sinker,,swinging_strike,L,R,CWS,SD,95.60,,,3,1,2023,2023-10
2023-10-01,2023,R,570632,664954,CH,Changeup,,ball,L,R,CWS,SD,88.60,,,2,1,2023,2023-10
2023-10-01,2023,R,570632,664954,SI,Sinker,,called_strike,L,R,CWS,SD,94.20,,,2,0,2023,2023-10
2023-10-01,2023,R,570632,664954,CH,Changeup,,ball,L,R,CWS,SD,87.90,,,1,0,2023,2023-10
2023-10-01,2023,R,570632,664954,SI,Sinker,,ball,L,R,CWS,SD,95.90,,,0,0,2023,2023-10
2023-10-01,2023,R,570632,665487,SL,Slider,field_out,hit_into_play,R,R,CWS,SD,85.80,64.60,-22,1,2,2023,2023-10
2023-10-01,2023,R,570632,665487,SL,Slider,,called_strike,R,R,CWS,SD,87.70,,,1,1,2023,2023-10
2023-10-01,2023,R,570632,665487,SL,Slider,,swinging_strike,R,R,CWS,SD,87.40,,,1,0,2023,2023-10
2023-10-01,2023,R,570632,665487,SI,Sinker,,ball,R,R,CWS,SD,95.80,,,0,0,2023,2023-10
2023-10-01,2023,R,570632,665742,SL,Slider,walk,ball,L,R,CWS,SD,87.30,,,3,2,2023,2023-10
2023-10-01,2023,R,570632,665742,CH,Changeup,,ball,L,R,CWS,SD,87.00,,,2,2,2023,2023-10
2023-10-01,2023,R,570632,665742,CH,Changeup,,called_strike,L,R,CWS,SD,89.30,,,2,1,2023,2023-10
2023-10-01,2023,R,570632,665742,SI,Sinker,,foul_tip,L,R,CWS,SD,95.60,,,2,0,2023,2023-10
2023-10-01,2023,R,570632,665742,SI,Sinker,,ball,L,R,CWS,SD,95.10,,,1,0,2023,2023-10
2023-10-01,2023,R,570632,665742,CH,Changeup,,ball,L,R,CWS,SD,89.40,,,0,0,2023,2023-10
2023-10-01,2023,R,570632,666703,SL,Slider,walk,ball,R,R,CWS,SD,87.70,,,3,2,2023,2023-10
2023-10-01,2023,R,570632,666703,SI,Sinker,,foul,R,R,CWS,SD,96.20,93.00,-23,3,2,2023,2023-10
2023-10-01,2023,R,570632,666703,SI,Sinker,,ball,R,R,CWS,SD,95.30,,,2,2,2023,2023-10
2023-10-01,2023,R,570632,666703,SL,Slider,,ball,R,R,CWS,SD,87.70,,,1,2,2023,2023-10
2023-10-01,2023,R,570632,666703,SL,Slider,,foul,R,R,CWS,SD,88.10,70.70,48,1,2,2023,2023-10
2023-10-01,2023,R,570632,666703,SI,Sinker,,ball,R,R,CWS,SD,94.80,,,0,2,2023,2023-10
2023-10-01,2023,R,570632,666703,SI,Sinker,,swinging_strike,R,R,CWS,SD,95.40,,,0,1,2023,2023-10
2023-10-01,2023,R,570632,666703,SL,Slider,,called_strike,R,R,CWS,SD,86.50,,,0,0,2023,2023-10
2023-10-01,2023,R,570632,666703,SI,Sinker,strikeout,swinging_strike,R,R,CWS,SD,95.90,,,1,2,2023,2023-10
2023-10-01,2023,R,570632,666703,SL,Slider,,ball,R,R,CWS,SD,87.40,,,0,2,2023,2023-10
2023-10-01,2023,R,570632,666703,SL,Slider,,swinging_strike,R,R,CWS,SD,84.70,,,0,1,2023,2023-10
2023-10-01,2023,R,570632,666703,SL,Slider,,foul_tip,R,R,CWS,SD,84.40,,,0,0,2023,2023-10
2023-10-01,2023,R,570632,673490,SI,Sinker,field_out,hit_into_play,R,R,CWS,SD,96.00,90.90,17,0,2,2023,2023-10
2023-10-01,2023,R,570632,673490,SL,Slider,,swinging_strike,R,R,CWS,SD,88.10,,,0,1,2023,2023-10
2023-10-01,2023,R,570632,673490,SL,Slider,,called_strike,R,R,CWS,SD,85.50,,,0,0,2023,2023-10
2023-10-01,2023,R,570632,673490,SL,Slider,field_out,hit_into_play,R,R,CWS,SD,87.20,92.20,4,2,2,2023,2023-10
2023-10-01,2023,R,570632,673490,CH,Changeup,,ball,R,R,CWS,SD,88.50,,,1,2,2023,2023-10
2023-10-01,2023,R,570632,673490,SI,Sinker,,foul,R,R,CWS,SD,96.00,76.80,53,1,1,2023,2023-10
2023-10-01,2023,R,570632,673490,SI,Sinker,,foul,R,R,CWS,SD,94.50,,,1,0,2023,2023-10
2023-10-01,2023,R,570632,673490,SI,Sinker,,ball,R,R,CWS,SD,94.20,,,0,0,2023,2023-10
2023-10-01,2023,R,570632,673490,SL,Slider,field_out,hit_into_play,R,R,CWS,SD,88.30,84.00,31,1,2,2023,2023-10
2023-10-01,2023,R,570632,673490,SL,Slider,,swinging_strike,R,R,CWS,SD,86.60,,,1,1,2023,2023-10
2023-10-01,2023,R,570632,673490,SI,Sinker,,ball,R,R,CWS,SD,94.50,,,0,1,2023,2023-10
2023-10-01,2023,R,570632,673490,SI,Sinker,,called_strike,R,R,CWS,SD,95.30,,,0,0,2023,2023-10
2023-10-01,2023,R,570632,676946,SI,Sinker,single,hit_into_play,R,R,CWS,SD,96.10,74.60,8,2,2,2023,2023-10
2023-10-01,2023,R,570632,676946,SL,Slider,,swinging_strike,R,R,CWS,SD,88.10,,,2,1,2023,2023-10
2023-10-01,2023,R,570632,676946,SL,Slider,,ball,R,R,CWS,SD,86.60,,,1,1,2023,2023-10
2023-10-01,2023,R,570632,676946,SI,Sinker,,called_strike,R,R,CWS,SD,95.20,,,1,0,2023,2023-10
2023-10-01,2023,R,570632,676946,SI,Sinker,,ball,R,R,CWS,SD,94.50,,,0,0,2023,2023-10
2023-10-01,2023,R,571863,663616,FF,4-Seam Fastball,strikeout,called_strike,L,R,COL,MIN,91.50,,,2,2,2023,2023-10
2023-10-01,2023,R,571863,663616,FF,4-Seam Fastball,,swinging_strike,L,R,COL,MIN,92.40,,,2,1,2023,2023-10
2023-10-01,2023,R,571863,663616,FC,Cutter,,called_strike,L,R,COL,MIN,88.00,,,2,0,2023,2023-10
2023-10-01,2023,R,571863,663616,FF,4-Seam Fastball,,ball,L,R,COL,MIN,91.40,,,1,0,2023,2023-10
2023-10-01,2023,R,571863,663616,FF,4-Seam Fastball,,ball,L,R,COL,MIN,91.20,,,0,0,2023,2023-10
2023-10-01,2023,R,571863,666397,FF,4-Seam Fastball,field_out,hit_into_play,L,R,COL,MIN,94.00,82.40,55,2,2,2023,2023-10
2023-10-01,2023,R,571863,666397,FC,Cutter,,foul,L,R,COL,MIN,88.80,87.40,54,2,1,2023,2023-10
2023-10-01,2023,R,571863,666397,FC,Cutter,,blocked_ball,L,R,COL,MIN,89.00,,,1,1,2023,2023-10
2023-10-01,2023,R,571863,666397,FF,4-Seam Fastball,,ball,L,R,COL,MIN,93.70,,,0,1,2023,2023-10
2023-10-01,2023,R,571863,666397,FC,Cutter,,called_strike,L,R,COL,MIN,88.60,,,0,0,2023,2023-10
2023-10-01,2023,R,571863,680777,FC,Cutter,field_out,hit_into_play,R,R,COL,MIN,89.10,105.50,1,2,2,2023,2023-10
2023-10-01,2023,R,571863,680777,FF,4-Seam Fastball,,foul,R,R,COL,MIN,94.50,81.40,35,2,2,2023,2023-10
2023-10-01,2023,R,571863,680777,FC,Cutter,,foul,R,R,COL,MIN,89.20,70.90,47,2,1,2023,2023-10
2023-10-01,2023,R,571863,680777,FF,4-Seam Fastball,,ball,R,R,COL,MIN,94.50,,,1,1,2023,2023-10
2023-10-01,2023,R,571863,680777,FC,Cutter,,ball,R,R,COL,MIN,88.80,,,0,1,2023,2023-10
2023-10-01,2023,R,571863,680777,FC,Cutter,,foul_tip,R,R,COL,MIN,89.30,,,0,0,2023,2023-10
2023-10-01,2023,R,571945,458015,SI,Sinker,strikeout,foul_tip,L,R,STL,CIN,93.40,,,1,2,2023,2023-10
2023-10-01,2023,R,571945,458015,FF,4-Seam Fastball,,foul,L,R,STL,CIN,95.10,70.50,24,1,2,2023,2023-10
2023-10-01,2023,R,571945,458015,SI,Sinker,,called_strike,L,R,STL,CIN,91.70,,,1,1,2023,2023-10
2023-10-01,2023,R,571945,458015,SL,Slider,,swinging_strike,L,R,STL,CIN,84.90,,,1,0,2023,2023-10
2023-10-01,2023,R,571945,458015,FF,4-Seam Fastball,,ball,L,R,STL,CIN,92.60,,,0,0,2023,2023-10
2023-10-01,2023,R,571945,571912,FF,4-Seam Fastball,field_out,hit_into_play,R,R,STL,CIN,94.20,100.80,31,0,2,2023,2023-10
2023-10-01,2023,R,571945,571912,FF,4-Seam Fastball,,swinging_strike,R,R,STL,CIN,94.10,,,0,1,2023,2023-10
2023-10-01,2023,R,571945,571912,FF,4-Seam Fastball,,foul,R,R,STL,CIN,93.50,79.90,7,0,0,2023,2023-10
2023-10-01,2023,R,571945,571912,CU,Curveball,strikeout,swinging_strike_blocked,R,R,STL,CIN,76.60,,,0,2,2023,2023-10
2023-10-01,2023,R,571945,571912,FF,4-Seam Fastball,,foul,R,R,STL,CIN,92.50,76.50,62,0,1,2023,2023-10
2023-10-01,2023,R,571945,571912,SL,Slider,,called_strike,R,R,STL,CIN,84.50,,,0,0,2023,2023-10
2023-10-01,2023,R,571945,571912,FF,4-Seam Fastball,strikeout,swinging_strike,R,R,STL,CIN,93.40,,,0,2,2023,2023-10
2023-10-01,2023,R,571945,571912,CU,Curveball,,foul,R,R,STL,CIN,75.20,,,0,1,2023,2023-10
2023-10-01,2023,R,571945,571912,FF,4-Seam Fastball,,called_strike,R,R,STL,CIN,92.50,,,0,0,2023,2023-10
2023-10-01,2023,R,571945,605361,FF,4-Seam Fastball,strikeout,called_strike,L,R,STL,CIN,94.20,,,1,2,2023,2023-10
2023-10-01,2023,R,571945,605361,FF,4-Seam Fastball,,foul,L,R,STL,CIN,94.20,79.40,18,1,2,2023,2023-10
2023-10-01,2023,R,571945,605361,SI,Sinker,,ball,L,R,STL,CIN,93.70,,,0,2,2023,2023-10
2023-10-01,2023,R,571945,605361,CU,Curveball,,foul,L,R,STL,CIN,75.20,79.30,51,0,2,2023,2023-10
2023-10-01,2023,R,571945,605361,CH,Changeup,,foul,L,R,STL,CIN,86.20,,,0,1,2023,2023-10
2023-10-01,2023,R,571945,605361,CU,Curveball,,called_strike,L,R,STL,CIN,76.10,,,0,0,2023,2023-10
2023-10-01,2023,R,571945,605361,SL,Slider,field_out,hit_into_play,L,R,STL,CIN,86.80,78.20,33,0,2,2023,2023-10
2023-10-01,2023,R,571945,605361,FF,4-Seam Fastball,,foul,L,R,STL,CIN,93.60,77.00,14,0,2,2023,2023-10
2023-10-01,2023,R,571945,605361,CU,Curveball,,swinging_strike,L,R,STL,CIN,75.20,,,0,1,2023,2023-10
2023-10-01,2023,R,571945,605361,SI,Sinker,,called_strike,L,R,STL,CIN,92.70,,,0,0,2023,2023-10
2023-10-01,2023,R,571945,605361,FF,4-Seam Fastball,home_run,hit_into_play,L,R,STL,CIN,91.60,107.10,28,2,0,2023,2023-10
2023-10-01,2023,R,571945,605361,FF,4-Seam Fastball,,ball,L,R,STL,CIN,92.10,,,1,0,2023,2023-10
2023-10-01,2023,R,571945,605361,CU,Curveball,,ball,L,R,STL,CIN,74.50,,,0,0,2023,2023-10
2023-10-01,2023,R,571945,656413,SL,Slider,double,hit_into_play,R,R,STL,CIN,85.80,104.50,23,0,1,2023,2023-10
2023-10-01,2023,R,571945,656413,FF,4-Seam Fastball,,foul,R,R,STL,CIN,94.10,85.50,43,0,0,2023,2023-10
2023-10-01,2023,R,571945,656413,FF,4-Seam Fastball,field_out,hit_into_play,R,R,STL,CIN,92.80,86.40,47,0,1,2023,2023-10
2023-10-01,2023,R,571945,656413,FF,4-Seam Fastball,,foul,R,R,STL,CIN,92.60,74.20,34,0,0,2023,2023-10
2023-10-01,2023,R,571945,656413,CU,Curveball,double,hit_into_play,R,R,STL,CIN,73.70,77.70,1,2,2,2023,2023-10
2023-10-01,2023,R,571945,656413,FF,4-Seam Fastball,,foul,R,R,STL,CIN,94.00,73.80,23,2,2,2023,2023-10
2023-10-01,2023,R,571945,656413,FF,4-Seam Fastball,,ball,R,R,STL,CIN,94.50,,,1,2,2023,2023-10
2023-10-01,2023,R,571945,656413,SL,Slider,,foul,R,R,STL,CIN,86.90,69.40,60,1,2,2023,2023-10
2023-10-01,2023,R,571945,656413,FF,4-Seam Fastball,,called_strike,R,R,STL,CIN,92.10,,,1,1,2023,2023-10
2023-10-01,2023,R,571945,656413,SL,Slider,,ball,R,R,STL,CIN,86.00,,,0,1,2023,2023-10
2023-10-01,2023,R,571945,656413,CU,Curveball,,called_strike,R,R,STL,CIN,74.60,,,0,0,2023,2023-10
2023-10-01,2023,R,571945,663886,SI,Sinker,field_out,hit_into_play,R,R,STL,CIN,91.90,107.80,15,3,1,2023,2023-10
2023-10-01,2023,R,571945,663886,SL,Slider,,ball,R,R,STL,CIN,83.70,,,2,1,2023,2023-10
2023-10-01,2023,R,571945,663886,CU,Curveball,,ball,R,R,STL,CIN,73.90,,,1,1,2023,2023-10
2023-10-01,2023,R,571945,663886,SL,Slider,,ball,R,R,STL,CIN,85.20,,,0,1,2023,2023-10
2023-10-01,2023,R,571945,663886,CU,Curveball,,called_strike,R,R,STL,CIN,75.30,,,0,0,2023,2023-10
2023-10-01,2023,R,571945,663886,SI,Sinker,field_out,hit_into_play,R,R,STL,CIN,92.20,97.60,34,0,0,2023,2023-10
2023-10-01,2023,R,571945,666181,FF,4-Seam Fastball,single,hit_into_play,L,R,STL,CIN,93.70,96.30,1,0,0,2023,2023-10
2023-10-01,2023,R,571945,666181,SL,Slider,field_out,hit_into_play,L,R,STL,CIN,86.70,83.00,32,1,0,2023,2023-10
2023-10-01,2023,R,571945,666181,SL,Slider,,ball,L,R,STL,CIN,87.60,,,0,0,2023,2023-10
2023-10-01,2023,R,571945,666181,SI,Sinker,single,hit_into_play,L,R,STL,CIN,92.80,71.20,24,0,0,2023,2023-10
2023-10-01,2023,R,571945,669222,FF,4-Seam Fastball,strikeout,swinging_strike,R,R,STL,CIN,94.10,,,1,2,2023,2023-10
2023-10-01,2023,R,571945,669222,CU,Curveball,,foul,R,R,STL,CIN,76.50,94.00,12,1,1,2023,2023-10
2023-10-01,2023,R,571945,669222,CU,Curveball,,blocked_ball,R,R,STL,CIN,75.30,,,0,1,2023,2023-10
2023-10-01,2023,R,571945,669222,FF,4-Seam Fastball,,foul,R,R,STL,CIN,91.80,74.90,19,0,0,2023,2023-10
2023-10-01,2023,R,571945,669222,SL,Slider,field_out,hit_into_play,R,R,STL,CIN,84.40,77.40,75,0,0,2023,2023-10
2023-10-01,2023,R,571945,669222,FF,4-Seam Fastball,strikeout_double_play,swinging_strike,R,R,STL,CIN,92.20,,,1,2,2023,2023-10
2023-10-01,2023,R,571945,669222,FF,4-Seam Fastball,,foul,R,R,STL,CIN,92.40,,,1,2,2023,2023-10
2023-10-01,2023,R,571945,669222,SI,Sinker,,foul,R,R,STL,CIN,92.90,67.70,46,1,2,2023,2023-10
2023-10-01,2023,R,571945,669222,FF,4-Seam Fastball,,ball,R,R,STL,CIN,94.10,,,0,2,2023,2023-10
2023-10-01,2023,R,571945,669222,CU,Curveball,,foul,R,R,STL,CIN,76.20,59.00,-41,0,2,2023,2023-10
2023-10-01,2023,R,571945,669222,CU,Curveball,,foul_tip,R,R,STL,CIN,75.40,,,0,1,2023,2023-10
2023-10-01,2023,R,571945,669222,FF,4-Seam Fastball,,called_strike,R,R,STL,CIN,92.10,,,0,0,2023,2023-10
2023-10-01,2023,R,571945,682622,CU,Curveball,strikeout,swinging_strike,R,R,STL,CIN,75.30,,,0,2,2023,2023-10
2023-10-01,2023,R,571945,682622,FF,4-Seam Fastball,,foul,R,R,STL,CIN,93.40,64.80,52,0,2,2023,2023-10
2023-10-01,2023,R,571945,682622,FF,4-Seam Fastball,,called_strike,R,R,STL,CIN,92.60,,,0,1,2023,2023-10
2023-10-01,2023,R,571945,682622,CU,Curveball,,called_strike,R,R,STL,CIN,74.50,,,0,0,2023,2023-10
2023-10-01,2023,R,571945,682622,FF,4-Seam Fastball,field_out,hit_into_play,R,R,STL,CIN,92.30,85.10,36,0,1,2023,2023-10
2023-10-01,2023,R,571945,682622,SI,Sinker,,called_strike,R,R,STL,CIN,91.60,,,0,0,2023,2023-10
2023-10-01,2023,R,571945,682622,SL,Slider,field_out,hit_into_play,R,R,STL,CIN,86.80,98.80,28,2,1,2023,2023-10
2023-10-01,2023,R,571945,682622,CU,Curveball,,ball,R,R,STL,CIN,76.20,,,1,1,2023,2023-10
2023-10-01,2023,R,571945,682622,CU,Curveball,,called_strike,R,R,STL,CIN,73.70,,,1,0,2023,2023-10
2023-10-01,2023,R,571945,682622,FF,4-Seam Fastball,,ball,R,R,STL,CIN,92.10,,,0,0,2023,2023-10
2023-10-01,2023,R,571945,682829,FF,4-Seam Fastball,strikeout,called_strike,L,R,STL,CIN,92.20,,,0,2,2023,2023-10
2023-10-01,2023,R,571945,682829,CU,Curveball,,foul,L,R,STL,CIN,74.50,59.00,12,0,2,2023,2023-10
2023-10-01,2023,R,571945,682829,FF,4-Seam Fastball,,swinging_strike,L,R,STL,CIN,91.30,,,0,1,2023,2023-10
2023-10-01,2023,R,571945,682829,SL,Slider,,swinging_strike,L,R,STL,CIN,84.00,,,0,0,2023,2023-10
2023-10-01,2023,R,571945,682829,SI,Sinker,double,hit_into_play,L,R,STL,CIN,92.10,109.10,21,1,0,2023,2023-10
2023-10-01,2023,R,571945,682829,CU,Curveball,,ball,L,R,STL,CIN,74.20,,,0,0,2023,2023-10
2023-10-01,2023,R,571945,682829,SI,Sinker,strikeout,swinging_strike,L,R,STL,CIN,93.50,,,0,2,2023,2023-10
2023-10-01,2023,R,571945,682829,CU,Curveball,,foul,L,R,STL,CIN,75.90,62.60,17,0,1,2023,2023-10
2023-10-01,2023,R,571945,682829,SI,Sinker,,swinging_strike,L,R,STL,CIN,92.40,,,0,0,2023,2023-10
2023-10-01,2023,R,571945,687952,FF,4-Seam Fastball,strikeout,swinging_strike,R,R,STL,CIN,94.70,,,0,2,2023,2023-10
2023-10-01,2023,R,571945,687952,FF,4-Seam Fastball,,swinging_strike,R,R,STL,CIN,93.70,,,0,1,2023,2023-10
2023-10-01,2023,R,571945,687952,FF,4-Seam Fastball,,swinging_strike,R,R,STL,CIN,94.10,,,0,0,2023,2023-10
2023-10-01,2023,R,571945,687952,SL,Slider,single,hit_into_play,R,R,STL,CIN,86.70,99.10,10,2,2,2023,2023-10
2023-10-01,2023,R,571945,687952,FF,4-Seam Fastball,,called_strike,R,R,STL,CIN,92.90,,,2,1,2023,2023-10
2023-10-01,2023,R,571945,687952,CU,Curveball,,ball,R,R,STL,CIN,76.60,,,1,1,2023,2023-10
2023-10-01,2023,R,571945,687952,FF,4-Seam Fastball,,ball,R,R,STL,CIN,93.40,,,0,1,2023,2023-10
2023-10-01,2023,R,571945,687952,SI,Sinker,,swinging_strike,R,R,STL,CIN,91.60,,,0,0,2023,2023-10
2023-10-01,2023,R,571945,687952,FF,4-Seam Fastball,field_out,hit_into_play,R,R,STL,CIN,93.90,49.80,85,0,2,2023,2023-10
2023-10-01,2023,R,571945,687952,FF,4-Seam Fastball,,swinging_strike,R,R,STL,CIN,94.00,,,0,1,2023,2023-10
2023-10-01,2023,R,571945,687952,SL,Slider,,called_strike,R,R,STL,CIN,86.90,,,0,0,2023,2023-10
2023-10-01,2023,R,572888,518626,ST,Sweeper,field_out,hit_into_play,R,R,MIL,CHC,82.60,74.20,8,1,2,2023,2023-10
2023-10-01,2023,R,572888,518626,ST,Sweeper,,called_strike,R,R,MIL,CHC,81.60,,,1,1,2023,2023-10
2023-10-01,2023,R,572888,518626,ST,Sweeper,,called_strike,R,R,MIL,CHC,79.90,,,1,0,2023,2023-10
2023-10-01,2023,R,572888,518626,ST,Sweeper,,ball,R,R,MIL,CHC,79.60,,,0,0,2023,2023-10
2023-10-01,2023,R,572888,605170,FF,4-Seam Fastball,double,hit_into_play,L,R,MIL,CHC,92.90,110.70,3,1,0,2023,2023-10
2023-10-01,2023,R,572888,605170,FC,Cutter,,ball,L,R,MIL,CHC,88.30,,,0,0,2023,2023-10
2023-10-01,2023,R,572888,621438,ST,Sweeper,strikeout,swinging_strike,R,R,MIL,CHC,82.20,,,0,2,2023,2023-10
2023-10-01,2023,R,572888,621438,ST,Sweeper,,called_strike,R,R,MIL,CHC,81.70,,,0,1,2023,2023-10
2023-10-01,2023,R,572888,621438,ST,Sweeper,,swinging_strike,R,R,MIL,CHC,80.30,,,0,0,2023,2023-10
2023-10-01,2023,R,572888,642133,FC,Cutter,walk,ball,L,R,MIL,CHC,89.50,,,3,2,2023,2023-10
2023-10-01,2023,R,572888,642133,CH,Changeup,,ball,L,R,MIL,CHC,84.00,,,2,2,2023,2023-10
2023-10-01,2023,R,572888,642133,FF,4-Seam Fastball,,ball,L,R,MIL,CHC,94.20,,,1,2,2023,2023-10
2023-10-01,2023,R,572888,642133,CH,Changeup,,swinging_strike,L,R,MIL,CHC,85.00,,,1,1,2023,2023-10
2023-10-01,2023,R,572888,642133,ST,Sweeper,,ball,L,R,MIL,CHC,80.10,,,0,1,2023,2023-10
2023-10-01,2023,R,572888,642133,FC,Cutter,,called_strike,L,R,MIL,CHC,89.20,,,0,0,2023,2023-10
2023-10-01,2023,R,572888,655316,SI,Sinker,grounded_into_double_play,hit_into_play,R,R,MIL,CHC,93.30,77.60,-40,2,1,2023,2023-10
2023-10-01,2023,R,572888,655316,ST,Sweeper,,ball,R,R,MIL,CHC,80.40,,,1,1,2023,2023-10
2023-10-01,2023,R,572888,655316,ST,Sweeper,,called_strike,R,R,MIL,CHC,80.20,,,1,0,2023,2023-10
2023-10-01,2023,R,572888,655316,FC,Cutter,,ball,R,R,MIL,CHC,88.10,,,0,0,2023,2023-10
2023-10-01,2023,R,572888,663368,FC,Cutter,strikeout,called_strike,L,R,MIL,CHC,89.00,,,2,2,2023,2023-10
2023-10-01,2023,R,572888,663368,FF,4-Seam Fastball,,ball,L,R,MIL,CHC,94.90,,,1,2,2023,2023-10
2023-10-01,2023,R,572888,663368,FC,Cutter,,called_strike,L,R,MIL,CHC,89.30,,,1,1,2023,2023-10
2023-10-01,2023,R,572888,663368,CH,Changeup,,ball,L,R,MIL,CHC,85.30,,,0,1,2023,2023-10
2023-10-01,2023,R,572888,663368,FF,4-Seam Fastball,,called_strike,L,R,MIL,CHC,92.20,,,0,0,2023,2023-10
2023-10-01,2023,R,572888,669003,FC,Cutter,field_out,hit_into_play,L,R,MIL,CHC,89.80,67.50,-54,2,2,2023,2023-10
2023-10-01,2023,R,572888,669003,CH,Changeup,,ball,L,R,MIL,CHC,85.80,,,1,2,2023,2023-10
2023-10-01,2023,R,572888,669003,FF,4-Seam Fastball,,foul,L,R,MIL,CHC,92.20,,,1,1,2023,2023-10
2023-10-01,2023,R,572888,669003,CH,Changeup,,ball,L,R,MIL,CHC,84.00,,,0,1,2023,2023-10
2023-10-01,2023,R,572888,669003,FC,Cutter,,called_strike,L,R,MIL,CHC,85.80,,,0,0,2023,2023-10
2023-10-01,2023,R,572888,686217,FF,4-Seam Fastball,walk,ball,L,R,MIL,CHC,93.60,,,3,0,2023,2023-10
2023-10-01,2023,R,572888,686217,SI,Sinker,,ball,L,R,MIL,CHC,92.70,,,2,0,2023,2023-10
2023-10-01,2023,R,572888,686217,FC,Cutter,,ball,L,R,MIL,CHC,87.60,,,1,0,2023,2023-10
2023-10-01,2023,R,572888,686217,FC,Cutter,,ball,L,R,MIL,CHC,86.70,,,0,0,2023,2023-10
2023-10-01,2023,R,573124,543939,ST,Sweeper,strikeout,called_strike,L,L,SF,LAD,79.30,,,2,2,2023,2023-10
2023-10-01,2023,R,573124,543939,SI,Sinker,,ball,L,L,SF,LAD,94.10,,,1,2,2023,2023-10
2023-10-01,2023,R,573124,543939,SI,Sinker,,foul,L,L,SF,LAD,93.80,75.50,39,1,2,2023,2023-10
2023-10-01,2023,R,573124,543939,SI,Sinker,,called_strike,L,L,SF,LAD,92.90,,,1,1,2023,2023-10
2023-10-01,2023,R,573124,543939,SI,Sinker,,ball,L,L,SF,LAD,93.10,,,0,1,2023,2023-10
2023-10-01,2023,R,573124,543939,ST,Sweeper,,foul,L,L,SF,LAD,79.40,66.90,59,0,0,2023,2023-10
2023-10-01,2023,R,573124,571771,ST,Sweeper,home_run,hit_into_play,R,L,SF,LAD,81.10,103.50,26,0,1,2023,2023-10
2023-10-01,2023,R,573124,571771,ST,Sweeper,,called_strike,R,L,SF,LAD,80.50,,,0,0,2023,2023-10
2023-10-01,2023,R,573124,605141,SI,Sinker,single,hit_into_play,R,L,SF,LAD,94.20,105.30,5,0,1,2023,2023-10
2023-10-01,2023,R,573124,605141,SI,Sinker,,called_strike,R,L,SF,LAD,94.30,,,0,0,2023,2023-10
2023-10-01,2023,R,573124,642708,SI,Sinker,single,hit_into_play,R,L,SF,LAD,93.50,101.10,4,0,0,2023,2023-10
2023-10-01,2023,R,573124,681546,ST,Sweeper,single,hit_into_play,L,L,SF,LAD,79.20,73.30,24,1,1,2023,2023-10
2023-10-01,2023,R,573124,681546,ST,Sweeper,,ball,L,L,SF,LAD,80.10,,,0,1,2023,2023-10
2023-10-01,2023,R,573124,681546,ST,Sweeper,,called_strike,L,L,SF,LAD,77.70,,,0,0,2023,2023-10
2023-10-01,2023,R,592767,467793,KC,Knuckle Curve,field_out,hit_into_play,R,L,MIL,CHC,77.30,72.80,62,2,2,2023,2023-10
2023-10-01,2023,R,592767,467793,KC,Knuckle Curve,,swinging_strike,R,L,MIL,CHC,78.70,,,2,1,2023,2023-10
2023-10-01,2023,R,592767,467793,KC,Knuckle Curve,,swinging_strike,R,L,MIL,CHC,78.30,,,2,0,2023,2023-10
2023-10-01,2023,R,592767,467793,FC,Cutter,,ball,R,L,MIL,CHC,88.60,,,1,0,2023,2023-10
2023-10-01,2023,R,592767,467793,FC,Cutter,,blocked_ball,R,L,MIL,CHC,86.60,,,0,0,2023,2023-10
2023-10-01,2023,R,592767,518626,SI,Sinker,walk,ball,R,L,MIL,CHC,91.60,,,3,0,2023,2023-10
2023-10-01,2023,R,592767,518626,SI,Sinker,,ball,R,L,MIL,CHC,91.40,,,2,0,2023,2023-10
2023-10-01,2023,R,592767,518626,SI,Sinker,,ball,R,L,MIL,CHC,91.60,,,1,0,2023,2023-10
2023-10-01,2023,R,592767,518626,SI,Sinker,,ball,R,L,MIL,CHC,92.40,,,0,0,2023,2023-10
2023-10-01,2023,R,592767,592192,KC,Knuckle Curve,single,hit_into_play,R,L,MIL,CHC,78.20,71.40,43,3,2,2023,2023-10
2023-10-01,2023,R,592767,592192,KC,Knuckle Curve,,blocked_ball,R,L,MIL,CHC,80.40,,,2,2,2023,2023-10
2023-10-01,2023,R,592767,592192,KC,Knuckle Curve,,swinging_strike,R,L,MIL,CHC,77.90,,,2,1,2023,2023-10
2023-10-01,2023,R,592767,592192,KC,Knuckle Curve,,called_strike,R,L,MIL,CHC,77.90,,,2,0,2023,2023-10
2023-10-01,2023,R,592767,592192,FC,Cutter,,ball,R,L,MIL,CHC,88.50,,,1,0,2023,2023-10
2023-10-01,2023,R,592767,592192,KC,Knuckle Curve,,blocked_ball,R,L,MIL,CHC,77.30,,,0,0,2023,2023-10
2023-10-01,2023,R,592767,592885,SI,Sinker,walk,ball,L,L,MIL,CHC,91.50,,,3,2,2023,2023-10
2023-10-01,2023,R,592767,592885,SI,Sinker,,ball,L,L,MIL,CHC,91.90,,,2,2,2023,2023-10
2023-10-01,2023,R,592767,592885,KC,Knuckle Curve,,foul,L,L,MIL,CHC,76.00,87.40,-14,2,1,2023,2023-10
2023-10-01,2023,R,592767,592885,SI,Sinker,,ball,L,L,MIL,CHC,91.70,,,1,1,2023,2023-10
2023-10-01,2023,R,592767,592885,SI,Sinker,,called_strike,L,L,MIL,CHC,91.50,,,1,0,2023,2023-10
2023-10-01,2023,R,592767,592885,SI,Sinker,,ball,L,L,MIL,CHC,91.60,,,0,0,2023,2023-10
2023-10-01,2023,R,592767,642715,KC,Knuckle Curve,walk,ball,R,L,MIL,CHC,78.70,,,3,2,2023,2023-10
2023-10-01,2023,R,592767,642715,SI,Sinker,,foul,R,L,MIL,CHC,92.00,69.80,57,3,1,2023,2023-10
2023-10-01,2023,R,592767,642715,KC,Knuckle Curve,,called_strike,R,L,MIL,CHC,78.00,,,3,0,2023,2023-10
2023-10-01,2023,R,592767,642715,FC,Cutter,,ball,R,L,MIL,CHC,86.30,,,2,0,2023,2023-10
2023-10-01,2023,R,592767,642715,KC,Knuckle Curve,,blocked_ball,R,L,MIL,CHC,78.70,,,1,0,2023,2023-10
2023-10-01,2023,R,592767,642715,FC,Cutter,,ball,R,L,MIL,CHC,89.10,,,0,0,2023,2023-10
2023-10-01,2023,R,592767,661388,KC,Knuckle Curve,single,hit_into_play,R,L,MIL,CHC,76.30,63.20,-37,0,0,2023,2023-10
2023-10-01,2023,R,592779,641857,FF,4-Seam Fastball,strikeout,swinging_strike,L,R,COL,MIN,97.90,,,2,2,2023,2023-10
2023-10-01,2023,R,592779,641857,FF,4-Seam Fastball,,called_strike,L,R,COL,MIN,96.40,,,2,1,2023,2023-10
2023-10-01,2023,R,592779,641857,FF,4-Seam Fastball,,called_strike,L,R,COL,MIN,97.30,,,2,0,2023,2023-10
2023-10-01,2023,R,592779,641857,FF,4-Seam Fastball,,ball,L,R,COL,MIN,97.00,,,1,0,2023,2023-10
2023-10-01,2023,R,592779,641857,FF,4-Seam Fastball,,ball,L,R,COL,MIN,97.50,,,0,0,2023,2023-10
2023-10-01,2023,R,593958,608070,CH,Changeup,field_out,hit_into_play,R,L,DET,CLE,86.10,100.00,6,0,1,2023,2023-10
2023-10-01,2023,R,593958,608070,CH,Changeup,,foul,R,L,DET,CLE,87.10,,,0,0,2023,2023-10
2023-10-01,2023,R,593958,608070,CH,Changeup,single,hit_into_play,R,L,DET,CLE,86.80,98.10,-20,2,2,2023,2023-10
2023-10-01,2023,R,593958,608070,SI,Sinker,,ball,R,L,DET,CLE,92.30,,,1,2,2023,2023-10
2023-10-01,2023,R,593958,608070,FF,4-Seam Fastball,,ball,R,L,DET,CLE,93.20,,,0,2,2023,2023-10
2023-10-01,2023,R,593958,608070,CH,Changeup,,swinging_strike_blocked,R,L,DET,CLE,86.50,,,0,1,2023,2023-10
2023-10-01,2023,R,593958,608070,FC,Cutter,,called_strike,R,L,DET,CLE,88.60,,,0,0,2023,2023-10
2023-10-01,2023,R,593958,608070,FF,4-Seam Fastball,field_out,hit_into_play,R,L,DET,CLE,91.90,101.20,-2,0,0,2023,2023-10
2023-10-01,2023,R,593958,647304,FF,4-Seam Fastball,double,hit_into_play,L,L,DET,CLE,92.20,107.50,17,1,1,2023,2023-10
2023-10-01,2023,R,593958,647304,FF,4-Seam Fastball,,foul,L,L,DET,CLE,89.90,,,1,0,2023,2023-10
2023-10-01,2023,R,593958,647304,SL,Slider,,ball,L,L,DET,CLE,82.60,,,0,0,2023,2023-10
2023-10-01,2023,R,593958,647304,SL,Slider,field_out,hit_into_play,L,L,DET,CLE,83.90,106.10,0,0,0,2023,2023-10
2023-10-01,2023,R,593958,647304,SI,Sinker,single,hit_into_play,L,L,DET,CLE,92.90,113.90,6,2,2,2023,2023-10
2023-10-01,2023,R,593958,647304,SI,Sinker,,ball,L,L,DET,CLE,93.00,,,1,2,2023,2023-10
2023-10-01,2023,R,593958,647304,SL,Slider,,swinging_strike,L,L,DET,CLE,85.60,,,1,1,2023,2023-10
2023-10-01,2023,R,593958,647304,FF,4-Seam Fastball,,called_strike,L,L,DET,CLE,92.20,,,1,0,2023,2023-10
2023-10-01,2023,R,593958,647304,FF,4-Seam Fastball,,ball,L,L,DET,CLE,92.80,,,0,0,2023,2023-10
2023-10-01,2023,R,593958,657656,FF,4-Seam Fastball,field_out,hit_into_play,R,L,DET,CLE,90.00,91.40,30,0,1,2023,2023-10
2023-10-01,2023,R,593958,657656,FC,Cutter,,called_strike,R,L,DET,CLE,86.70,,,0,0,2023,2023-10
2023-10-01,2023,R,593958,657656,CH,Changeup,field_error,hit_into_play,R,L,DET,CLE,85.60,53.00,-10,2,1,2023,2023-10
2023-10-01,2023,R,593958,657656,CH,Changeup,,ball,R,L,DET,CLE,85.10,,,1,1,2023,2023-10
2023-10-01,2023,R,593958,657656,FC,Cutter,,ball,R,L,DET,CLE,87.90,,,0,1,2023,2023-10
2023-10-01,2023,R,593958,657656,FF,4-Seam Fastball,,called_strike,R,L,DET,CLE,91.60,,,0,0,2023,2023-10
2023-10-01,2023,R,593958,657656,FF,4-Seam Fastball,strikeout,called_strike,R,L,DET,CLE,93.40,,,2,2,2023,2023-10
2023-10-01,2023,R,593958,657656,FF,4-Seam Fastball,,ball,R,L,DET,CLE,93.20,,,1,2,2023,2023-10
2023-10-01,2023,R,593958,657656,FF,4-Seam Fastball,,ball,R,L,DET,CLE,92.90,,,0,2,2023,2023-10
2023-10-01,2023,R,593958,657656,FF,4-Seam Fastball,,foul,R,L,DET,CLE,92.60,68.70,15,0,1,2023,2023-10
2023-10-01,2023,R,593958,657656,FF,4-Seam Fastball,,called_strike,R,L,DET,CLE,93.00,,,0,0,2023,2023-10
2023-10-01,2023,R,593958,660757,FC,Cutter,field_out,hit_into_play,R,L,DET,CLE,90.00,52.30,25,0,0,2023,2023-10
2023-10-01,2023,R,593958,660757,CH,Changeup,field_out,hit_into_play,R,L,DET,CLE,86.30,99.80,37,1,2,2023,2023-10
2023-10-01,2023,R,593958,660757,FF,4-Seam Fastball,,foul,R,L,DET,CLE,92.30,81.00,-54,1,2,2023,2023-10
2023-10-01,2023,R,593958,660757,CH,Changeup,,foul,R,L,DET,CLE,86.70,62.60,35,1,2,2023,2023-10
2023-10-01,2023,R,593958,660757,CH,Changeup,,swinging_strike,R,L,DET,CLE,85.10,,,1,1,2023,2023-10
2023-10-01,2023,R,593958,660757,CH,Changeup,,foul,R,L,DET,CLE,85.60,,,1,0,2023,2023-10
2023-10-01,2023,R,593958,660757,FF,4-Seam Fastball,,ball,R,L,DET,CLE,90.10,,,0,0,2023,2023-10
2023-10-01,2023,R,593958,660757,FF,4-Seam Fastball,strikeout,swinging_strike,R,L,DET,CLE,91.20,,,0,2,2023,2023-10
2023-10-01,2023,R,593958,660757,FF,4-Seam Fastball,,foul,R,L,DET,CLE,92.10,76.80,62,0,2,2023,2023-10
2023-10-01,2023,R,593958,660757,FF,4-Seam Fastball,,called_strike,R,L,DET,CLE,90.40,,,0,1,2023,2023-10
2023-10-01,2023,R,593958,660757,FF,4-Seam Fastball,,called_strike,R,L,DET,CLE,90.90,,,0,0,2023,2023-10
2023-10-01,2023,R,593958,666310,SL,Slider,field_out,hit_into_play,L,L,DET,CLE,84.40,74.00,28,1,1,2023,2023-10
2023-10-01,2023,R,593958,666310,SL,Slider,,ball,L,L,DET,CLE,85.70,,,0,1,2023,2023-10
2023-10-01,2023,R,593958,666310,SL,Slider,,foul,L,L,DET,CLE,81.40,87.30,0,0,0,2023,2023-10
2023-10-01,2023,R,593958,666310,SL,Slider,field_out,hit_into_play,L,L,DET,CLE,84.40,72.50,2,0,0,2023,2023-10
2023-10-01,2023,R,593958,666310,FF,4-Seam Fastball,strikeout,swinging_strike,L,L,DET,CLE,93.50,,,3,2,2023,2023-10
2023-10-01,2023,R,593958,666310,SI,Sinker,,foul,L,L,DET,CLE,93.40,,,3,2,2023,2023-10
2023-10-01,2023,R,593958,666310,FF,4-Seam Fastball,,foul,L,L,DET,CLE,93.10,69.60,69,3,2,2023,2023-10
2023-10-01,2023,R,593958,666310,SI,Sinker,,ball,L,L,DET,CLE,93.30,,,2,2,2023,2023-10
2023-10-01,2023,R,593958,666310,SL,Slider,,ball,L,L,DET,CLE,86.20,,,1,2,2023,2023-10
2023-10-01,2023,R,593958,666310,SL,Slider,,foul,L,L,DET,CLE,85.20,64.10,-38,1,2,2023,2023-10
2023-10-01,2023,R,593958,666310,SL,Slider,,foul,L,L,DET,CLE,85.00,60.80,-51,1,1,2023,2023-10
2023-10-01,2023,R,593958,666310,FF,4-Seam Fastball,,foul,L,L,DET,CLE,92.20,81.60,43,1,0,2023,2023-10
2023-10-01,2023,R,593958,666310,FF,4-Seam Fastball,,ball,L,L,DET,CLE,92.50,,,0,0,2023,2023-10
2023-10-01,2023,R,593958,671289,CH,Changeup,field_out,hit_into_play,R,L,DET,CLE,86.50,84.10,-15,1,1,2023,2023-10
2023-10-01,2023,R,593958,671289,FC,Cutter,,ball,R,L,DET,CLE,90.00,,,0,1,2023,2023-10
2023-10-01,2023,R,593958,671289,FC,Cutter,,called_strike,R,L,DET,CLE,88.00,,,0,0,2023,2023-10
2023-10-01,2023,R,593958,671289,FF,4-Seam Fastball,home_run,hit_into_play,R,L,DET,CLE,90.80,103.60,27,2,0,2023,2023-10
2023-10-01,2023,R,593958,671289,FF,4-Seam Fastball,,ball,R,L,DET,CLE,91.50,,,1,0,2023,2023-10
2023-10-01,2023,R,593958,671289,CH,Changeup,,ball,R,L,DET,CLE,83.50,,,0,0,2023,2023-10
2023-10-01,2023,R,593958,671289,FF,4-Seam Fastball,field_out,hit_into_play,R,L,DET,CLE,91.20,96.90,33,0,0,2023,2023-10
2023-10-01,2023,R,593958,677587,FF,4-Seam Fastball,strikeout,swinging_strike,R,L,DET,CLE,92.80,,,1,2,2023,2023-10
2023-10-01,2023,R,593958,677587,FF,4-Seam Fastball,,foul,R,L,DET,CLE,93.00,73.30,33,1,2,2023,2023-10
2023-10-01,2023,R,593958,677587,FF,4-Seam Fastball,,ball,R,L,DET,CLE,92.00,,,0,2,2023,2023-10
2023-10-01,2023,R,593958,677587,FF,4-Seam Fastball,,called_strike,R,L,DET,CLE,93.50,,,0,1,2023,2023-10
2023-10-01,2023,R,593958,677587,FC,Cutter,,called_strike,R,L,DET,CLE,88.90,,,0,0,2023,2023-10
2023-10-01,2023,R,593958,677587,CH,Changeup,field_out,hit_into_play,R,L,DET,CLE,87.30,92.30,-9,0,0,2023,2023-10
2023-10-01,2023,R,593958,677587,FF,4-Seam Fastball,field_out,hit_into_play,R,L,DET,CLE,91.60,97.10,23,0,0,2023,2023-10
2023-10-01,2023,R,593958,677588,SL,Slider,field_out,hit_into_play,L,L,DET,CLE,85.20,99.20,-17,2,2,2023,2023-10
2023-10-01,2023,R,593958,677588,FF,4-Seam Fastball,,foul,L,L,DET,CLE,92.10,78.40,51,2,1,2023,2023-10
2023-10-01,2023,R,593958,677588,FF,4-Seam Fastball,,called_strike,L,L,DET,CLE,92.50,,,2,0,2023,2023-10
2023-10-01,2023,R,593958,677588,FF,4-Seam Fastball,,ball,L,L,DET,CLE,92.90,,,1,0,2023,2023-10
2023-10-01,2023,R,593958,677588,FF,4-Seam Fastball,,ball,L,L,DET,CLE,92.80,,,0,0,2023,2023-10
2023-10-01,2023,R,593958,677588,SL,Slider,field_out,hit_into_play,L,L,DET,CLE,83.80,93.70,19,2,2,2023,2023-10
2023-10-01,2023,R,593958,677588,SL,Slider,,ball,L,L,DET,CLE,84.40,,,1,2,2023,2023-10
2023-10-01,2023,R,593958,677588,FF,4-Seam Fastball,,foul,L,L,DET,CLE,92.20,71.70,26,1,1,2023,2023-10
2023-10-01,2023,R,593958,677588,FF,4-Seam Fastball,,swinging_strike,L,L,DET,CLE,91.40,,,1,0,2023,2023-10
2023-10-01,2023,R,593958,677588,FF,4-Seam Fastball,,ball,L,L,DET,CLE,92.10,,,0,0,2023,2023-10
2023-10-01,2023,R,593958,677588,FF,4-Seam Fastball,walk,ball,L,L,DET,CLE,93.10,,,3,1,2023,2023-10
2023-10-01,2023,R,593958,677588,FF,4-Seam Fastball,,ball,L,L,DET,CLE,92.90,,,2,1,2023,2023-10
2023-10-01,2023,R,593958,677588,SL,Slider,,ball,L,L,DET,CLE,83.20,,,1,1,2023,2023-10
2023-10-01,2023,R,593958,677588,FF,4-Seam Fastball,,ball,L,L,DET,CLE,93.40,,,0,1,2023,2023-10
2023-10-01,2023,R,593958,677588,FF,4-Seam Fastball,,called_strike,L,L,DET,CLE,91.90,,,0,0,2023,2023-10
2023-10-01,2023,R,593958,680757,SI,Sinker,field_out,hit_into_play,L,L,DET,CLE,92.60,69.20,-42,0,2,2023,2023-10
2023-10-01,2023,R,593958,680757,SI,Sinker,,swinging_strike,L,L,DET,CLE,90.60,,,0,1,2023,2023-10
2023-10-01,2023,R,593958,680757,SL,Slider,,called_strike,L,L,DET,CLE,82.00,,,0,0,2023,2023-10
2023-10-01,2023,R,593958,680757,SL,Slider,strikeout,foul_tip,L,L,DET,CLE,84.00,,,2,2,2023,2023-10
2023-10-01,2023,R,593958,680757,SI,Sinker,,blocked_ball,L,L,DET,CLE,92.80,,,1,2,2023,2023-10
2023-10-01,2023,R,593958,680757,FF,4-Seam Fastball,,called_strike,L,L,DET,CLE,92.60,,,1,1,2023,2023-10
2023-10-01,2023,R,593958,680757,FF,4-Seam Fastball,,called_strike,L,L,DET,CLE,92.30,,,1,0,2023,2023-10
2023-10-01,2023,R,593958,680757,FF,4-Seam Fastball,,ball,L,L,DET,CLE,92.60,,,0,0,2023,2023-10
2023-10-01,2023,R,593958,680757,SL,Slider,field_out,hit_into_play,L,L,DET,CLE,84.10,79.50,8,2,2,2023,2023-10
2023-10-01,2023,R,593958,680757,FF,4-Seam Fastball,,foul,L,L,DET,CLE,91.80,75.10,68,2,1,2023,2023-10
2023-10-01,2023,R,593958,680757,FF,4-Seam Fastball,,ball,L,L,DET,CLE,92.40,,,1,1,2023,2023-10
2023-10-01,2023,R,593958,680757,FF,4-Seam Fastball,,foul,L,L,DET,CLE,89.90,67.20,36,1,0,2023,2023-10
2023-10-01,2023,R,593958,680757,FF,4-Seam Fastball,,ball,L,L,DET,CLE,90.50,,,0,0,2023,2023-10
2023-10-01,2023,R,594943,592273,FC,Cutter,grounded_into_double_play,hit_into_play,R,R,LAA,ATH,85.90,75.10,-6,1,1,2023,2023-10
2023-10-01,2023,R,594943,592273,SI,Sinker,,ball,R,R,LAA,ATH,88.40,,,0,1,2023,2023-10
2023-10-01,2023,R,594943,592273,FC,Cutter,,called_strike,R,R,LAA,ATH,85.50,,,0,0,2023,2023-10
2023-10-01,2023,R,594943,666176,FF,4-Seam Fastball,strikeout,swinging_strike,R,R,LAA,ATH,90.50,,,1,2,2023,2023-10
2023-10-01,2023,R,594943,666176,FF,4-Seam Fastball,,foul,R,R,LAA,ATH,89.30,73.60,47,1,2,2023,2023-10
2023-10-01,2023,R,594943,666176,SI,Sinker,,called_strike,R,R,LAA,ATH,89.30,,,1,1,2023,2023-10
2023-10-01,2023,R,594943,666176,FC,Cutter,,ball,R,R,LAA,ATH,84.70,,,0,1,2023,2023-10
2023-10-01,2023,R,594943,666176,FC,Cutter,,swinging_strike,R,R,LAA,ATH,84.60,,,0,0,2023,2023-10
2023-10-01,2023,R,594943,681351,FC,Cutter,walk,ball,R,R,LAA,ATH,85.90,,,3,2,2023,2023-10
2023-10-01,2023,R,594943,681351,SI,Sinker,,foul,R,R,LAA,ATH,89.00,85.60,59,3,2,2023,2023-10
2023-10-01,2023,R,594943,681351,FF,4-Seam Fastball,,foul,R,R,LAA,ATH,89.40,74.30,29,3,2,2023,2023-10
2023-10-01,2023,R,594943,681351,FC,Cutter,,ball,R,R,LAA,ATH,84.40,,,2,2,2023,2023-10
2023-10-01,2023,R,594943,681351,SI,Sinker,,foul,R,R,LAA,ATH,90.00,,,2,1,2023,2023-10
2023-10-01,2023,R,594943,681351,CU,Curveball,,ball,R,R,LAA,ATH,67.50,,,1,1,2023,2023-10
2023-10-01,2023,R,594943,681351,SI,Sinker,,ball,R,R,LAA,ATH,89.00,,,0,1,2023,2023-10
2023-10-01,2023,R,594943,681351,FC,Cutter,,called_strike,R,R,LAA,ATH,86.20,,,0,0,2023,2023-10
2023-10-01,2023,R,594943,687263,FF,4-Seam Fastball,hit_by_pitch,hit_by_pitch,R,R,LAA,ATH,89.80,,,0,2,2023,2023-10
2023-10-01,2023,R,594943,687263,CU,Curveball,,called_strike,R,R,LAA,ATH,69.50,,,0,1,2023,2023-10
2023-10-01,2023,R,594943,687263,FF,4-Seam Fastball,,foul,R,R,LAA,ATH,89.70,99.00,67,0,0,2023,2023-10
2023-10-01,2023,R,605130,462101,CU,Curveball,strikeout,swinging_strike_blocked,R,R,CWS,SD,78.70,,,1,2,2023,2023-10
2023-10-01,2023,R,605130,462101,SI,Sinker,,called_strike,R,R,CWS,SD,94.10,,,1,1,2023,2023-10
2023-10-01,2023,R,605130,462101,ST,Sweeper,,ball,R,R,CWS,SD,81.60,,,0,1,2023,2023-10
2023-10-01,2023,R,605130,462101,ST,Sweeper,,called_strike,R,R,CWS,SD,83.10,,,0,0,2023,2023-10
2023-10-01,2023,R,605130,572204,CU,Curveball,walk,ball,R,R,CWS,SD,77.80,,,3,2,2023,2023-10
2023-10-01,2023,R,605130,572204,ST,Sweeper,,foul,R,R,CWS,SD,81.70,79.10,70,3,2,2023,2023-10
2023-10-01,2023,R,605130,572204,FF,4-Seam Fastball,,ball,R,R,CWS,SD,93.10,,,2,2,2023,2023-10
2023-10-01,2023,R,605130,572204,ST,Sweeper,,called_strike,R,R,CWS,SD,82.00,,,2,1,2023,2023-10
2023-10-01,2023,R,605130,572204,CU,Curveball,,ball,R,R,CWS,SD,77.00,,,1,1,2023,2023-10
2023-10-01,2023,R,605130,572204,CU,Curveball,,ball,R,R,CWS,SD,77.80,,,0,1,2023,2023-10
2023-10-01,2023,R,605130,572204,FF,4-Seam Fastball,,called_strike,R,R,CWS,SD,93.90,,,0,0,2023,2023-10
2023-10-01,2023,R,605130,621545,ST,Sweeper,field_out,hit_into_play,R,R,CWS,SD,81.70,71.60,6,3,1,2023,2023-10
2023-10-01,2023,R,605130,621545,ST,Sweeper,,ball,R,R,CWS,SD,82.60,,,2,1,2023,2023-10
2023-10-01,2023,R,605130,621545,CU,Curveball,,blocked_ball,R,R,CWS,SD,78.10,,,1,1,2023,2023-10
2023-10-01,2023,R,605130,621545,ST,Sweeper,,foul,R,R,CWS,SD,82.90,86.80,-24,1,0,2023,2023-10
2023-10-01,2023,R,605130,621545,ST,Sweeper,,blocked_ball,R,R,CWS,SD,82.90,,,0,0,2023,2023-10
2023-10-01,2023,R,605130,656024,SI,Sinker,field_out,hit_into_play,R,R,CWS,SD,93.40,96.80,-9,0,0,2023,2023-10
2023-10-01,2023,R,605154,502110,FF,4-Seam Fastball,strikeout,swinging_strike,R,R,SF,LAD,95.70,,,0,2,2023,2023-10
2023-10-01,2023,R,605154,502110,FF,4-Seam Fastball,,called_strike,R,R,SF,LAD,94.90,,,0,1,2023,2023-10
2023-10-01,2023,R,605154,502110,SL,Slider,,swinging_strike,R,R,SF,LAD,82.40,,,0,0,2023,2023-10
2023-10-01,2023,R,605154,571970,SL,Slider,walk,ball,L,R,SF,LAD,81.70,,,3,1,2023,2023-10
2023-10-01,2023,R,605154,571970,FF,4-Seam Fastball,,ball,L,R,SF,LAD,95.20,,,2,1,2023,2023-10
2023-10-01,2023,R,605154,571970,SL,Slider,,swinging_strike,L,R,SF,LAD,84.30,,,2,0,2023,2023-10
2023-10-01,2023,R,605154,571970,SL,Slider,,ball,L,R,SF,LAD,85.50,,,1,0,2023,2023-10
2023-10-01,2023,R,605154,571970,FF,4-Seam Fastball,,ball,L,R,SF,LAD,95.70,,,0,0,2023,2023-10
2023-10-01,2023,R,605154,669257,SL,Slider,single,hit_into_play,R,R,SF,LAD,85.60,102.50,0,1,0,2023,2023-10
2023-10-01,2023,R,605154,669257,SL,Slider,,ball,R,R,SF,LAD,83.40,,,0,0,2023,2023-10
2023-10-01,2023,R,605177,600869,SI,Sinker,field_out,hit_into_play,R,L,MIL,CHC,92.60,84.40,29,2,1,2023,2023-10
2023-10-01,2023,R,605177,600869,FF,4-Seam Fastball,,ball,R,L,MIL,CHC,93.60,,,1,1,2023,2023-10
2023-10-01,2023,R,605177,600869,SI,Sinker,,called_strike,R,L,MIL,CHC,91.50,,,1,0,2023,2023-10
2023-10-01,2023,R,605177,600869,SL,Slider,,ball,R,L,MIL,CHC,83.60,,,0,0,2023,2023-10
2023-10-01,2023,R,605177,621550,SI,Sinker,field_out,hit_into_play,R,L,MIL,CHC,92.70,86.60,62,0,1,2023,2023-10
2023-10-01,2023,R,605177,621550,SI,Sinker,,foul,R,L,MIL,CHC,93.80,,,0,0,2023,2023-10
2023-10-01,2023,R,605177,643565,FF,4-Seam Fastball,double,hit_into_play,L,L,MIL,CHC,93.70,92.50,5,1,2,2023,2023-10
2023-10-01,2023,R,605177,643565,SL,Slider,,called_strike,L,L,MIL,CHC,84.50,,,1,1,2023,2023-10
2023-10-01,2023,R,605177,643565,FF,4-Seam Fastball,,called_strike,L,L,MIL,CHC,93.80,,,1,0,2023,2023-10
2023-10-01,2023,R,605177,643565,FF,4-Seam Fastball,,ball,L,L,MIL,CHC,93.60,,,0,0,2023,2023-10
2023-10-01,2023,R,605177,672744,SI,Sinker,field_out,hit_into_play,R,L,MIL,CHC,93.90,101.90,-4,1,1,2023,2023-10
2023-10-01,2023,R,605177,672744,SL,Slider,,ball,R,L,MIL,CHC,85.80,,,0,1,2023,2023-10
2023-10-01,2023,R,605177,672744,FF,4-Seam Fastball,,called_strike,R,L,MIL,CHC,93.20,,,0,0,2023,2023-10
2023-10-01,2023,R,605177,676724,FF,4-Seam Fastball,field_out,hit_into_play,L,L,MIL,CHC,92.60,80.50,38,0,0,2023,2023-10
2023-10-01,2023,R,605288,600869,CH,Changeup,field_out,hit_into_play,L,R,MIL,CHC,82.70,89.80,41,1,1,2023,2023-10
2023-10-01,2023,R,605288,600869,SI,Sinker,,ball,L,R,MIL,CHC,90.70,,,0,1,2023,2023-10
2023-10-01,2023,R,605288,600869,CU,Curveball,,called_strike,L,R,MIL,CHC,77.60,,,0,0,2023,2023-10
2023-10-01,2023,R,605288,600869,SI,Sinker,single,hit_into_play,L,R,MIL,CHC,91.90,102.00,14,1,1,2023,2023-10
2023-10-01,2023,R,605288,600869,SI,Sinker,,ball,L,R,MIL,CHC,91.20,,,0,1,2023,2023-10
2023-10-01,2023,R,605288,600869,SL,Slider,,called_strike,L,R,MIL,CHC,80.50,,,0,0,2023,2023-10
2023-10-01,2023,R,605288,621550,SI,Sinker,single,hit_into_play,R,R,MIL,CHC,92.10,107.00,4,1,2,2023,2023-10
2023-10-01,2023,R,605288,621550,CU,Curveball,,ball,R,R,MIL,CHC,78.60,,,0,2,2023,2023-10
2023-10-01,2023,R,605288,621550,SI,Sinker,,foul,R,R,MIL,CHC,92.70,109.70,-25,0,2,2023,2023-10
2023-10-01,2023,R,605288,621550,FF,4-Seam Fastball,,foul,R,R,MIL,CHC,93.10,,,0,2,2023,2023-10
2023-10-01,2023,R,605288,621550,SI,Sinker,,foul,R,R,MIL,CHC,92.20,69.30,83,0,1,2023,2023-10
2023-10-01,2023,R,605288,621550,CU,Curveball,,swinging_strike,R,R,MIL,CHC,78.20,,,0,0,2023,2023-10
2023-10-01,2023,R,605288,621550,CU,Curveball,strikeout,swinging_strike,R,R,MIL,CHC,79.90,,,2,2,2023,2023-10
2023-10-01,2023,R,605288,621550,SI,Sinker,,ball,R,R,MIL,CHC,93.30,,,1,2,2023,2023-10
2023-10-01,2023,R,605288,621550,FF,4-Seam Fastball,,foul,R,R,MIL,CHC,93.70,78.80,5,1,2,2023,2023-10
2023-10-01,2023,R,605288,621550,FF,4-Seam Fastball,,ball,R,R,MIL,CHC,93.10,,,0,2,2023,2023-10
2023-10-01,2023,R,605288,621550,SI,Sinker,,called_strike,R,R,MIL,CHC,91.50,,,0,1,2023,2023-10
2023-10-01,2023,R,605288,621550,SI,Sinker,,swinging_strike,R,R,MIL,CHC,91.70,,,0,0,2023,2023-10
2023-10-01,2023,R,605288,643565,FF,4-Seam Fastball,strikeout,swinging_strike,L,R,MIL,CHC,93.30,,,3,2,2023,2023-10
2023-10-01,2023,R,605288,643565,SI,Sinker,,called_strike,L,R,MIL,CHC,92.10,,,3,1,2023,2023-10
2023-10-01,2023,R,605288,643565,FF,4-Seam Fastball,,ball,L,R,MIL,CHC,92.80,,,2,1,2023,2023-10
2023-10-01,2023,R,605288,643565,SL,Slider,,ball,L,R,MIL,CHC,80.20,,,1,1,2023,2023-10
2023-10-01,2023,R,605288,643565,SI,Sinker,,called_strike,L,R,MIL,CHC,90.80,,,1,0,2023,2023-10
2023-10-01,2023,R,605288,643565,CU,Curveball,,ball,L,R,MIL,CHC,77.80,,,0,0,2023,2023-10
2023-10-01,2023,R,605288,643565,SI,Sinker,walk,ball,L,R,MIL,CHC,92.20,,,3,1,2023,2023-10
2023-10-01,2023,R,605288,643565,FF,4-Seam Fastball,,ball,L,R,MIL,CHC,93.00,,,2,1,2023,2023-10
2023-10-01,2023,R,605288,643565,SI,Sinker,,ball,L,R,MIL,CHC,91.50,,,1,1,2023,2023-10
2023-10-01,2023,R,605288,643565,FF,4-Seam Fastball,,ball,L,R,MIL,CHC,93.40,,,0,1,2023,2023-10
2023-10-01,2023,R,605288,643565,FF,4-Seam Fastball,,swinging_strike,L,R,MIL,CHC,93.00,,,0,0,2023,2023-10
2023-10-01,2023,R,605288,665804,SI,Sinker,field_out,hit_into_play,R,R,MIL,CHC,90.80,63.20,41,3,2,2023,2023-10
2023-10-01,2023,R,605288,665804,FF,4-Seam Fastball,,foul,R,R,MIL,CHC,92.80,86.20,-36,3,1,2023,2023-10
2023-10-01,2023,R,605288,665804,FF,4-Seam Fastball,,foul,R,R,MIL,CHC,91.30,,,3,0,2023,2023-10
2023-10-01,2023,R,605288,665804,FF,4-Seam Fastball,,ball,R,R,MIL,CHC,92.10,,,2,0,2023,2023-10
2023-10-01,2023,R,605288,665804,CU,Curveball,,ball,R,R,MIL,CHC,76.70,,,1,0,2023,2023-10
2023-10-01,2023,R,605288,665804,SI,Sinker,,ball,R,R,MIL,CHC,90.90,,,0,0,2023,2023-10
2023-10-01,2023,R,605288,665804,FF,4-Seam Fastball,field_out,hit_into_play,R,R,MIL,CHC,91.80,72.10,-15,0,1,2023,2023-10
2023-10-01,2023,R,605288,665804,FF,4-Seam Fastball,,called_strike,R,R,MIL,CHC,91.00,,,0,0,2023,2023-10
2023-10-01,2023,R,605288,666624,SI,Sinker,field_out,hit_into_play,R,R,MIL,CHC,91.40,99.80,-21,2,2,2023,2023-10
2023-10-01,2023,R,605288,666624,SI,Sinker,,called_strike,R,R,MIL,CHC,92.00,,,2,1,2023,2023-10
2023-10-01,2023,R,605288,666624,SI,Sinker,,foul,R,R,MIL,CHC,91.50,,,2,0,2023,2023-10
2023-10-01,2023,R,605288,666624,SI,Sinker,,ball,R,R,MIL,CHC,91.20,,,1,0,2023,2023-10
2023-10-01,2023,R,605288,666624,FF,4-Seam Fastball,,ball,R,R,MIL,CHC,92.00,,,0,0,2023,2023-10
2023-10-01,2023,R,605288,666624,SL,Slider,field_out,hit_into_play,R,R,MIL,CHC,82.50,96.30,45,0,1,2023,2023-10
2023-10-01,2023,R,605288,666624,SI,Sinker,,called_strike,R,R,MIL,CHC,91.70,,,0,0,2023,2023-10
2023-10-01,2023,R,605288,666624,SI,Sinker,single,hit_into_play,R,R,MIL,CHC,93.20,101.90,2,0,0,2023,2023-10
2023-10-01,2023,R,605288,670156,SI,Sinker,field_out,hit_into_play,L,R,MIL,CHC,91.20,95.80,7,0,1,2023,2023-10
2023-10-01,2023,R,605288,670156,FF,4-Seam Fastball,,called_strike,L,R,MIL,CHC,92.60,,,0,0,2023,2023-10
2023-10-01,2023,R,605288,670156,CU,Curveball,field_out,hit_into_play,L,R,MIL,CHC,77.30,77.50,7,0,1,2023,2023-10
2023-10-01,2023,R,605288,670156,SI,Sinker,,called_strike,L,R,MIL,CHC,89.90,,,0,0,2023,2023-10
2023-10-01,2023,R,605288,672744,FF,4-Seam Fastball,strikeout,called_strike,R,R,MIL,CHC,92.90,,,0,2,2023,2023-10
2023-10-01,2023,R,605288,672744,SL,Slider,,foul,R,R,MIL,CHC,78.70,81.90,-21,0,1,2023,2023-10
2023-10-01,2023,R,605288,672744,SI,Sinker,,foul,R,R,MIL,CHC,90.60,52.30,-49,0,0,2023,2023-10
2023-10-01,2023,R,605288,672744,SI,Sinker,strikeout,swinging_strike,R,R,MIL,CHC,92.10,,,2,2,2023,2023-10
2023-10-01,2023,R,605288,672744,FF,4-Seam Fastball,,foul,R,R,MIL,CHC,93.20,77.10,28,2,2,2023,2023-10
2023-10-01,2023,R,605288,672744,SI,Sinker,,called_strike,R,R,MIL,CHC,92.00,,,2,1,2023,2023-10
2023-10-01,2023,R,605288,672744,SI,Sinker,,ball,R,R,MIL,CHC,92.10,,,1,1,2023,2023-10
2023-10-01,2023,R,605288,672744,SI,Sinker,,ball,R,R,MIL,CHC,91.50,,,0,1,2023,2023-10
2023-10-01,2023,R,605288,672744,SI,Sinker,,swinging_strike,R,R,MIL,CHC,92.50,,,0,0,2023,2023-10
2023-10-01,2023,R,605288,676724,FF,4-Seam Fastball,field_out,hit_into_play,L,R,MIL,CHC,91.90,98.20,48,1,0,2023,2023-10
2023-10-01,2023,R,605288,676724,SI,Sinker,,ball,L,R,MIL,CHC,91.50,,,0,0,2023,2023-10
2023-10-01,2023,R,605288,676724,FF,4-Seam Fastball,field_out,hit_into_play,L,R,MIL,CHC,90.50,87.50,40,0,0,2023,2023-10
2023-10-01,2023,R,605288,691718,FF,4-Seam Fastball,walk,ball,L,R,MIL,CHC,92.40,,,3,2,2023,2023-10
2023-10-01,2023,R,605288,691718,FF,4-Seam Fastball,,ball,L,R,MIL,CHC,93.10,,,2,2,2023,2023-10
2023-10-01,2023,R,605288,691718,FF,4-Seam Fastball,,swinging_strike,L,R,MIL,CHC,92.40,,,2,1,2023,2023-10
2023-10-01,2023,R,605288,691718,FF,4-Seam Fastball,,ball,L,R,MIL,CHC,93.10,,,1,1,2023,2023-10
2023-10-01,2023,R,605288,691718,FF,4-Seam Fastball,,swinging_strike,L,R,MIL,CHC,93.00,,,1,0,2023,2023-10
2023-10-01,2023,R,605288,691718,FF,4-Seam Fastball,,ball,L,R,MIL,CHC,92.40,,,0,0,2023,2023-10
2023-10-01,2023,R,605288,691718,FF,4-Seam Fastball,field_out,hit_into_play,L,R,MIL,CHC,90.90,100.90,27,1,0,2023,2023-10
2023-10-01,2023,R,605288,691718,SI,Sinker,,ball,L,R,MIL,CHC,89.30,,,0,0,2023,2023-10
2023-10-01,2023,R,605288,691718,FF,4-Seam Fastball,strikeout,swinging_strike,L,R,MIL,CHC,92.90,,,0,2,2023,2023-10
2023-10-01,2023,R,605288,691718,FF,4-Seam Fastball,,called_strike,L,R,MIL,CHC,92.10,,,0,1,2023,2023-10
2023-10-01,2023,R,605288,691718,FF,4-Seam Fastball,,swinging_strike,L,R,MIL,CHC,92.40,,,0,0,2023,2023-10
2023-10-01,2023,R,606160,446334,FF,4-Seam Fastball,field_out,hit_into_play,R,R,AZ,HOU,96.00,71.20,-17,2,2,2023,2023-10
2023-10-01,2023,R,606160,446334,FF,4-Seam Fastball,,ball,R,R,AZ,HOU,95.90,,,1,2,2023,2023-10
2023-10-01,2023,R,606160,446334,FF,4-Seam Fastball,,swinging_strike,R,R,AZ,HOU,96.90,,,1,1,2023,2023-10
2023-10-01,2023,R,606160,446334,SI,Sinker,,ball,R,R,AZ,HOU,95.20,,,0,1,2023,2023-10
2023-10-01,2023,R,606160,446334,FF,4-Seam Fastball,,foul_tip,R,R,AZ,HOU,96.80,,,0,0,2023,2023-10
2023-10-01,2023,R,606160,664983,FF,4-Seam Fastball,single,hit_into_play,L,R,AZ,HOU,96.30,87.60,15,1,2,2023,2023-10
2023-10-01,2023,R,606160,664983,FF,4-Seam Fastball,,ball,L,R,AZ,HOU,96.40,,,0,2,2023,2023-10
2023-10-01,2023,R,606160,664983,CH,Changeup,,foul,L,R,AZ,HOU,92.20,81.10,69,0,1,2023,2023-10
2023-10-01,2023,R,606160,664983,CH,Changeup,,swinging_strike,L,R,AZ,HOU,92.30,,,0,0,2023,2023-10
2023-10-01,2023,R,606160,666971,CH,Changeup,double,hit_into_play,R,R,AZ,HOU,91.20,96.20,0,2,2,2023,2023-10
2023-10-01,2023,R,606160,666971,FF,4-Seam Fastball,,foul,R,R,AZ,HOU,96.80,76.80,62,2,1,2023,2023-10
2023-10-01,2023,R,606160,666971,FF,4-Seam Fastball,,called_strike,R,R,AZ,HOU,96.00,,,2,0,2023,2023-10
2023-10-01,2023,R,606160,666971,SI,Sinker,,ball,R,R,AZ,HOU,94.90,,,1,0,2023,2023-10
2023-10-01,2023,R,606160,666971,FF,4-Seam Fastball,,ball,R,R,AZ,HOU,95.90,,,0,0,2023,2023-10
2023-10-01,2023,R,606160,672695,CH,Changeup,field_out,hit_into_play,L,R,AZ,HOU,88.90,93.00,-9,1,2,2023,2023-10
2023-10-01,2023,R,606160,672695,FF,4-Seam Fastball,,ball,L,R,AZ,HOU,96.60,,,0,2,2023,2023-10
2023-10-01,2023,R,606160,672695,CH,Changeup,,called_strike,L,R,AZ,HOU,91.30,,,0,1,2023,2023-10
2023-10-01,2023,R,606160,672695,FF,4-Seam Fastball,,called_strike,L,R,AZ,HOU,96.00,,,0,0,2023,2023-10
2023-10-01,2023,R,606160,691783,CH,Changeup,strikeout,swinging_strike,R,R,AZ,HOU,92.00,,,1,2,2023,2023-10
2023-10-01,2023,R,606160,691783,FF,4-Seam Fastball,,ball,R,R,AZ,HOU,96.50,,,0,2,2023,2023-10
2023-10-01,2023,R,606160,691783,FF,4-Seam Fastball,,called_strike,R,R,AZ,HOU,95.70,,,0,1,2023,2023-10
2023-10-01,2023,R,606160,691783,SI,Sinker,,foul,R,R,AZ,HOU,95.30,50.70,-69,0,0,2023,2023-10
2023-10-01,2023,R,608334,665923,SI,Sinker,force_out,hit_into_play,R,R,LAA,ATH,92.80,67.00,0,1,2,2023,2023-10
2023-10-01,2023,R,608334,665923,SL,Slider,,blocked_ball,R,R,LAA,ATH,86.10,,,0,2,2023,2023-10
2023-10-01,2023,R,608334,665923,CH,Changeup,,foul,R,R,LAA,ATH,85.90,68.50,-32,0,2,2023,2023-10
2023-10-01,2023,R,608334,665923,SL,Slider,,called_strike,R,R,LAA,ATH,86.00,,,0,1,2023,2023-10
2023-10-01,2023,R,608334,665923,SI,Sinker,,foul,R,R,LAA,ATH,93.40,68.60,-48,0,0,2023,2023-10
2023-10-01,2023,R,608334,665923,SI,Sinker,walk,ball,R,R,LAA,ATH,93.10,,,3,1,2023,2023-10
2023-10-01,2023,R,608334,665923,CH,Changeup,,ball,R,R,LAA,ATH,85.60,,,2,1,2023,2023-10
2023-10-01,2023,R,608334,665923,CH,Changeup,,called_strike,R,R,LAA,ATH,85.50,,,2,0,2023,2023-10
2023-10-01,2023,R,608334,665923,SI,Sinker,,ball,R,R,LAA,ATH,92.40,,,1,0,2023,2023-10
2023-10-01,2023,R,608334,665923,SI,Sinker,,ball,R,R,LAA,ATH,91.90,,,0,0,2023,2023-10
2023-10-01,2023,R,608334,667670,SI,Sinker,double,hit_into_play,R,R,LAA,ATH,93.10,93.60,-6,3,1,2023,2023-10
2023-10-01,2023,R,608334,667670,CU,Curveball,,ball,R,R,LAA,ATH,82.30,,,2,1,2023,2023-10
2023-10-01,2023,R,608334,667670,CH,Changeup,,ball,R,R,LAA,ATH,86.10,,,1,1,2023,2023-10
2023-10-01,2023,R,608334,667670,CU,Curveball,,ball,R,R,LAA,ATH,80.20,,,0,1,2023,2023-10
2023-10-01,2023,R,608334,667670,CU,Curveball,,called_strike,R,R,LAA,ATH,82.40,,,0,0,2023,2023-10
2023-10-01,2023,R,608334,667670,SI,Sinker,walk,blocked_ball,R,R,LAA,ATH,92.90,,,3,1,2023,2023-10
2023-10-01,2023,R,608334,667670,CH,Changeup,,ball,R,R,LAA,ATH,85.30,,,2,1,2023,2023-10
2023-10-01,2023,R,608334,667670,SI,Sinker,,foul,R,R,LAA,ATH,92.50,83.20,-26,2,0,2023,2023-10
2023-10-01,2023,R,608334,667670,CH,Changeup,,ball,R,R,LAA,ATH,86.10,,,1,0,2023,2023-10
2023-10-01,2023,R,608334,667670,SL,Slider,,ball,R,R,LAA,ATH,86.40,,,0,0,2023,2023-10
2023-10-01,2023,R,608334,668709,CU,Curveball,strikeout,foul_tip,L,R,LAA,ATH,82.70,,,3,2,2023,2023-10
2023-10-01,2023,R,608334,668709,CU,Curveball,,foul,L,R,LAA,ATH,83.20,77.70,-29,3,2,2023,2023-10
2023-10-01,2023,R,608334,668709,CU,Curveball,,blocked_ball,L,R,LAA,ATH,82.90,,,2,2,2023,2023-10
2023-10-01,2023,R,608334,668709,CH,Changeup,,ball,L,R,LAA,ATH,86.80,,,1,2,2023,2023-10
2023-10-01,2023,R,608334,668709,CU,Curveball,,foul,L,R,LAA,ATH,81.80,,,1,2,2023,2023-10
2023-10-01,2023,R,608334,668709,CU,Curveball,,called_strike,L,R,LAA,ATH,81.70,,,1,1,2023,2023-10
2023-10-01,2023,R,608334,668709,CH,Changeup,,foul,L,R,LAA,ATH,87.30,89.30,69,1,0,2023,2023-10
2023-10-01,2023,R,608334,668709,CH,Changeup,,ball,L,R,LAA,ATH,88.10,,,0,0,2023,2023-10
2023-10-01,2023,R,608334,668709,CH,Changeup,force_out,hit_into_play,L,R,LAA,ATH,87.50,69.80,-6,0,0,2023,2023-10
2023-10-01,2023,R,608334,669397,SI,Sinker,grounded_into_double_play,hit_into_play,R,R,LAA,ATH,93.10,83.00,-20,0,1,2023,2023-10
2023-10-01,2023,R,608334,669397,CU,Curveball,,called_strike,R,R,LAA,ATH,79.90,,,0,0,2023,2023-10
2023-10-01,2023,R,608334,669397,SI,Sinker,single,hit_into_play,R,R,LAA,ATH,93.90,101.50,-10,1,1,2023,2023-10
2023-10-01,2023,R,608334,669397,SI,Sinker,,called_strike,R,R,LAA,ATH,92.40,,,1,0,2023,2023-10
2023-10-01,2023,R,608334,669397,CH,Changeup,,ball,R,R,LAA,ATH,86.70,,,0,0,2023,2023-10
2023-10-01,2023,R,608334,671732,CH,Changeup,strikeout,foul_tip,L,R,LAA,ATH,87.30,,,3,2,2023,2023-10
2023-10-01,2023,R,608334,671732,CH,Changeup,,ball,L,R,LAA,ATH,86.40,,,2,2,2023,2023-10
2023-10-01,2023,R,608334,671732,CU,Curveball,,swinging_strike,L,R,LAA,ATH,82.00,,,2,1,2023,2023-10
2023-10-01,2023,R,608334,671732,CU,Curveball,,blocked_ball,L,R,LAA,ATH,82.40,,,1,1,2023,2023-10
2023-10-01,2023,R,608334,671732,CH,Changeup,,called_strike,L,R,LAA,ATH,87.50,,,1,0,2023,2023-10
2023-10-01,2023,R,608334,671732,SI,Sinker,,ball,L,R,LAA,ATH,93.60,,,0,0,2023,2023-10
2023-10-01,2023,R,608334,671732,SI,Sinker,fielders_choice_out,hit_into_play,L,R,LAA,ATH,94.00,95.40,-13,0,0,2023,2023-10
2023-10-01,2023,R,608334,672478,CU,Curveball,walk,ball,R,R,LAA,ATH,80.50,,,3,1,2023,2023-10
2023-10-01,2023,R,608334,672478,CH,Changeup,,ball,R,R,LAA,ATH,84.80,,,2,1,2023,2023-10
2023-10-01,2023,R,608334,672478,FF,4-Seam Fastball,,ball,R,R,LAA,ATH,92.20,,,1,1,2023,2023-10
2023-10-01,2023,R,608334,672478,SI,Sinker,,ball,R,R,LAA,ATH,91.60,,,0,1,2023,2023-10
2023-10-01,2023,R,608334,672478,CU,Curveball,,swinging_strike,R,R,LAA,ATH,79.90,,,0,0,2023,2023-10
2023-10-01,2023,R,608334,672478,CH,Changeup,field_out,hit_into_play,R,R,LAA,ATH,86.40,108.00,-27,3,1,2023,2023-10
2023-10-01,2023,R,608334,672478,SI,Sinker,,called_strike,R,R,LAA,ATH,93.60,,,3,0,2023,2023-10
2023-10-01,2023,R,608334,672478,SI,Sinker,,ball,R,R,LAA,ATH,92.70,,,2,0,2023,2023-10
2023-10-01,2023,R,608334,672478,CH,Changeup,,blocked_ball,R,R,LAA,ATH,86.90,,,1,0,2023,2023-10
2023-10-01,2023,R,608334,672478,SI,Sinker,,ball,R,R,LAA,ATH,92.80,,,0,0,2023,2023-10
2023-10-01,2023,R,608334,676116,CH,Changeup,field_out,hit_into_play,L,R,LAA,ATH,86.30,87.80,3,2,1,2023,2023-10
2023-10-01,2023,R,608334,676116,SI,Sinker,,called_strike,L,R,LAA,ATH,92.00,,,2,0,2023,2023-10
2023-10-01,2023,R,608334,676116,CU,Curveball,,ball,L,R,LAA,ATH,79.60,,,1,0,2023,2023-10
2023-10-01,2023,R,608334,676116,CU,Curveball,,ball,L,R,LAA,ATH,79.70,,,0,0,2023,2023-10
2023-10-01,2023,R,608334,676116,SI,Sinker,field_out,hit_into_play,L,R,LAA,ATH,94.00,88.20,-16,2,2,2023,2023-10
2023-10-01,2023,R,608334,676116,SI,Sinker,,foul,L,R,LAA,ATH,93.80,80.50,31,2,2,2023,2023-10
2023-10-01,2023,R,608334,676116,CH,Changeup,,foul_tip,L,R,LAA,ATH,86.40,,,2,1,2023,2023-10
2023-10-01,2023,R,608334,676116,CH,Changeup,,called_strike,L,R,LAA,ATH,86.60,,,2,0,2023,2023-10
2023-10-01,2023,R,608334,676116,SI,Sinker,,ball,L,R,LAA,ATH,93.10,,,1,0,2023,2023-10
2023-10-01,2023,R,608334,676116,CH,Changeup,,ball,L,R,LAA,ATH,86.90,,,0,0,2023,2023-10
2023-10-01,2023,R,608334,680869,CH,Changeup,field_out,hit_into_play,R,R,LAA,ATH,87.10,97.50,21,1,1,2023,2023-10
2023-10-01,2023,R,608334,680869,SL,Slider,,ball,R,R,LAA,ATH,87.50,,,0,1,2023,2023-10
2023-10-01,2023,R,608334,680869,CH,Changeup,,called_strike,R,R,LAA,ATH,87.40,,,0,0,2023,2023-10
2023-10-01,2023,R,608334,680869,CH,Changeup,field_out,hit_into_play,R,R,LAA,ATH,86.00,46.70,23,0,1,2023,2023-10
2023-10-01,2023,R,608334,680869,CH,Changeup,,foul,R,R,LAA,ATH,86.20,40.40,-59,0,0,2023,2023-10
2023-10-01,2023,R,608334,691016,CU,Curveball,field_out,hit_into_play,L,R,LAA,ATH,82.00,77.10,46,2,2,2023,2023-10
2023-10-01,2023,R,608334,691016,CU,Curveball,,foul,L,R,LAA,ATH,80.80,72.90,-25,2,1,2023,2023-10
2023-10-01,2023,R,608334,691016,CH,Changeup,,blocked_ball,L,R,LAA,ATH,87.60,,,1,1,2023,2023-10
2023-10-01,2023,R,608334,691016,SI,Sinker,,ball,L,R,LAA,ATH,92.60,,,0,1,2023,2023-10
2023-10-01,2023,R,608334,691016,SI,Sinker,,called_strike,L,R,LAA,ATH,92.10,,,0,0,2023,2023-10
2023-10-01,2023,R,608334,691016,CU,Curveball,strikeout,swinging_strike,L,R,LAA,ATH,80.90,,,0,2,2023,2023-10
2023-10-01,2023,R,608334,691016,CH,Changeup,,foul,L,R,LAA,ATH,86.90,,,0,2,2023,2023-10
2023-10-01,2023,R,608334,691016,SI,Sinker,,called_strike,L,R,LAA,ATH,92.20,,,0,1,2023,2023-10
2023-10-01,2023,R,608334,691016,CU,Curveball,,called_strike,L,R,LAA,ATH,79.20,,,0,0,2023,2023-10
2023-10-01,2023,R,608337,408234,CH,Changeup,field_out,hit_into_play,R,R,DET,CLE,81.10,58.00,38,1,1,2023,2023-10
2023-10-01,2023,R,608337,408234,CH,Changeup,,swinging_strike_blocked,R,R,DET,CLE,81.60,,,1,0,2023,2023-10
2023-10-01,2023,R,608337,408234,FF,4-Seam Fastball,,ball,R,R,DET,CLE,92.30,,,0,0,2023,2023-10
2023-10-01,2023,R,608337,408234,FF,4-Seam Fastball,strikeout,swinging_strike,R,R,DET,CLE,92.40,,,0,2,2023,2023-10
2023-10-01,2023,R,608337,408234,CH,Changeup,,swinging_strike,R,R,DET,CLE,80.90,,,0,1,2023,2023-10
2023-10-01,2023,R,608337,408234,FF,4-Seam Fastball,,called_strike,R,R,DET,CLE,92.70,,,0,0,2023,2023-10
2023-10-01,2023,R,608337,408234,SL,Slider,strikeout,swinging_strike,R,R,DET,CLE,84.30,,,2,2,2023,2023-10
2023-10-01,2023,R,608337,408234,SL,Slider,,blocked_ball,R,R,DET,CLE,84.70,,,1,2,2023,2023-10
2023-10-01,2023,R,608337,408234,CH,Changeup,,foul,R,R,DET,CLE,79.80,65.70,21,1,1,2023,2023-10
2023-10-01,2023,R,608337,408234,CH,Changeup,,ball,R,R,DET,CLE,80.50,,,0,1,2023,2023-10
2023-10-01,2023,R,608337,408234,SL,Slider,,swinging_strike_blocked,R,R,DET,CLE,82.00,,,0,0,2023,2023-10
2023-10-01,2023,R,608337,595879,SL,Slider,field_out,hit_into_play,R,R,DET,CLE,82.90,102.40,40,2,1,2023,2023-10
2023-10-01,2023,R,608337,595879,SL,Slider,,swinging_strike,R,R,DET,CLE,83.70,,,2,0,2023,2023-10
2023-10-01,2023,R,608337,595879,CH,Changeup,,ball,R,R,DET,CLE,82.00,,,1,0,2023,2023-10
2023-10-01,2023,R,608337,595879,CH,Changeup,,ball,R,R,DET,CLE,82.90,,,0,0,2023,2023-10
2023-10-01,2023,R,608337,595879,CH,Changeup,field_out,hit_into_play,R,R,DET,CLE,80.30,64.10,1,1,0,2023,2023-10
2023-10-01,2023,R,608337,595879,CH,Changeup,,ball,R,R,DET,CLE,82.10,,,0,0,2023,2023-10
2023-10-01,2023,R,608337,595879,SL,Slider,double,hit_into_play,R,R,DET,CLE,82.40,102.20,21,0,0,2023,2023-10
2023-10-01,2023,R,608337,628451,CH,Changeup,field_out,hit_into_play,R,R,DET,CLE,80.70,72.40,66,1,1,2023,2023-10
2023-10-01,2023,R,608337,628451,FF,4-Seam Fastball,,ball,R,R,DET,CLE,93.10,,,0,1,2023,2023-10
2023-10-01,2023,R,608337,628451,FF,4-Seam Fastball,,called_strike,R,R,DET,CLE,93.60,,,0,0,2023,2023-10
2023-10-01,2023,R,608337,628451,CU,Curveball,single,hit_into_play,R,R,DET,CLE,78.80,101.40,2,0,2,2023,2023-10
2023-10-01,2023,R,608337,628451,CH,Changeup,,foul,R,R,DET,CLE,80.90,102.80,15,0,1,2023,2023-10
2023-10-01,2023,R,608337,628451,FF,4-Seam Fastball,,foul,R,R,DET,CLE,93.40,75.90,55,0,0,2023,2023-10
2023-10-01,2023,R,608337,628451,CH,Changeup,field_out,hit_into_play,R,R,DET,CLE,79.40,97.00,-12,1,1,2023,2023-10
2023-10-01,2023,R,608337,628451,CH,Changeup,,swinging_strike,R,R,DET,CLE,79.70,,,1,0,2023,2023-10
2023-10-01,2023,R,608337,628451,FF,4-Seam Fastball,,ball,R,R,DET,CLE,93.30,,,0,0,2023,2023-10
2023-10-01,2023,R,608337,663837,CH,Changeup,home_run,hit_into_play,R,R,DET,CLE,80.10,108.10,28,3,2,2023,2023-10
2023-10-01,2023,R,608337,663837,CH,Changeup,,swinging_strike,R,R,DET,CLE,81.70,,,3,1,2023,2023-10
2023-10-01,2023,R,608337,663837,CH,Changeup,,ball,R,R,DET,CLE,79.70,,,2,1,2023,2023-10
2023-10-01,2023,R,608337,663837,FF,4-Seam Fastball,,ball,R,R,DET,CLE,93.40,,,1,1,2023,2023-10
2023-10-01,2023,R,608337,663837,CH,Changeup,,ball,R,R,DET,CLE,79.90,,,0,1,2023,2023-10
2023-10-01,2023,R,608337,663837,CH,Changeup,,called_strike,R,R,DET,CLE,80.70,,,0,0,2023,2023-10
2023-10-01,2023,R,608337,663837,FF,4-Seam Fastball,double,hit_into_play,R,R,DET,CLE,93.10,104.60,11,3,1,2023,2023-10
2023-10-01,2023,R,608337,663837,CH,Changeup,,ball,R,R,DET,CLE,82.30,,,2,1,2023,2023-10
2023-10-01,2023,R,608337,663837,SL,Slider,,called_strike,R,R,DET,CLE,82.60,,,2,0,2023,2023-10
2023-10-01,2023,R,608337,663837,SL,Slider,,ball,R,R,DET,CLE,83.20,,,1,0,2023,2023-10
2023-10-01,2023,R,608337,663837,FF,4-Seam Fastball,,ball,R,R,DET,CLE,94.40,,,0,0,2023,2023-10
2023-10-01,2023,R,608337,663837,SL,Slider,force_out,hit_into_play,R,R,DET,CLE,83.70,71.20,-10,1,0,2023,2023-10
2023-10-01,2023,R,608337,663837,SL,Slider,,ball,R,R,DET,CLE,83.50,,,0,0,2023,2023-10
2023-10-01,2023,R,608337,668670,FF,4-Seam Fastball,walk,blocked_ball,R,R,DET,CLE,93.10,,,3,0,2023,2023-10
2023-10-01,2023,R,608337,668670,FF,4-Seam Fastball,,ball,R,R,DET,CLE,93.00,,,2,0,2023,2023-10
2023-10-01,2023,R,608337,668670,FF,4-Seam Fastball,,ball,R,R,DET,CLE,92.60,,,1,0,2023,2023-10
2023-10-01,2023,R,608337,668670,SL,Slider,,ball,R,R,DET,CLE,81.10,,,0,0,2023,2023-10
2023-10-01,2023,R,608337,668670,CH,Changeup,strikeout,swinging_strike_blocked,R,R,DET,CLE,81.70,,,0,2,2023,2023-10
2023-10-01,2023,R,608337,668670,SL,Slider,,foul,R,R,DET,CLE,84.80,60.60,-46,0,2,2023,2023-10
2023-10-01,2023,R,608337,668670,CH,Changeup,,foul,R,R,DET,CLE,80.70,94.70,42,0,1,2023,2023-10
2023-10-01,2023,R,608337,668670,CH,Changeup,,called_strike,R,R,DET,CLE,80.40,,,0,0,2023,2023-10
2023-10-01,2023,R,608337,668731,CU,Curveball,field_out,hit_into_play,L,R,DET,CLE,77.30,80.10,73,2,2,2023,2023-10
2023-10-01,2023,R,608337,668731,FF,4-Seam Fastball,,foul,L,R,DET,CLE,93.50,81.50,31,2,2,2023,2023-10
2023-10-01,2023,R,608337,668731,CH,Changeup,,ball,L,R,DET,CLE,81.90,,,1,2,2023,2023-10
2023-10-01,2023,R,608337,668731,FF,4-Seam Fastball,,foul,L,R,DET,CLE,92.80,,,1,1,2023,2023-10
2023-10-01,2023,R,608337,668731,FF,4-Seam Fastball,,foul,L,R,DET,CLE,92.80,87.00,48,1,0,2023,2023-10
2023-10-01,2023,R,608337,668731,SL,Slider,,ball,L,R,DET,CLE,83.50,,,0,0,2023,2023-10
2023-10-01,2023,R,608337,668731,CH,Changeup,field_out,hit_into_play,L,R,DET,CLE,81.50,87.90,60,0,2,2023,2023-10
2023-10-01,2023,R,608337,668731,CH,Changeup,,foul,L,R,DET,CLE,81.70,63.50,-28,0,2,2023,2023-10
2023-10-01,2023,R,608337,668731,CH,Changeup,,foul,L,R,DET,CLE,81.30,73.00,-5,0,1,2023,2023-10
2023-10-01,2023,R,608337,668731,FF,4-Seam Fastball,,called_strike,L,R,DET,CLE,94.40,,,0,0,2023,2023-10
2023-10-01,2023,R,608337,668731,FF,4-Seam Fastball,double,hit_into_play,L,R,DET,CLE,94.20,87.20,7,0,2,2023,2023-10
2023-10-01,2023,R,608337,668731,FF,4-Seam Fastball,,called_strike,L,R,DET,CLE,92.50,,,0,1,2023,2023-10
2023-10-01,2023,R,608337,668731,FF,4-Seam Fastball,,called_strike,L,R,DET,CLE,92.30,,,0,0,2023,2023-10
2023-10-01,2023,R,608337,678009,FF,4-Seam Fastball,field_out,hit_into_play,L,R,DET,CLE,92.60,97.00,23,1,1,2023,2023-10
2023-10-01,2023,R,608337,678009,FF,4-Seam Fastball,,called_strike,L,R,DET,CLE,93.80,,,1,0,2023,2023-10
2023-10-01,2023,R,608337,678009,SL,Slider,,blocked_ball,L,R,DET,CLE,83.90,,,0,0,2023,2023-10
2023-10-01,2023,R,608337,678009,CH,Changeup,field_out,hit_into_play,L,R,DET,CLE,80.70,84.90,-9,3,2,2023,2023-10
2023-10-01,2023,R,608337,678009,SL,Slider,,called_strike,L,R,DET,CLE,81.30,,,3,1,2023,2023-10
2023-10-01,2023,R,608337,678009,FF,4-Seam Fastball,,ball,L,R,DET,CLE,93.20,,,2,1,2023,2023-10
2023-10-01,2023,R,608337,678009,SL,Slider,,called_strike,L,R,DET,CLE,82.20,,,2,0,2023,2023-10
2023-10-01,2023,R,608337,678009,CH,Changeup,,blocked_ball,L,R,DET,CLE,81.50,,,1,0,2023,2023-10
2023-10-01,2023,R,608337,678009,FF,4-Seam Fastball,,ball,L,R,DET,CLE,92.60,,,0,0,2023,2023-10
2023-10-01,2023,R,608337,678009,FF,4-Seam Fastball,walk,ball,L,R,DET,CLE,94.00,,,3,2,2023,2023-10
2023-10-01,2023,R,608337,678009,CH,Changeup,,foul,L,R,DET,CLE,80.20,68.30,73,3,2,2023,2023-10
2023-10-01,2023,R,608337,678009,CH,Changeup,,foul,L,R,DET,CLE,79.40,63.10,45,3,2,2023,2023-10
2023-10-01,2023,R,608337,678009,CH,Changeup,,ball,L,R,DET,CLE,80.60,,,2,2,2023,2023-10
2023-10-01,2023,R,608337,678009,FF,4-Seam Fastball,,foul,L,R,DET,CLE,94.30,76.80,21,2,2,2023,2023-10
2023-10-01,2023,R,608337,678009,CH,Changeup,,called_strike,L,R,DET,CLE,79.30,,,2,1,2023,2023-10
2023-10-01,2023,R,608337,678009,CH,Changeup,,ball,L,R,DET,CLE,80.60,,,1,1,2023,2023-10
2023-10-01,2023,R,608337,678009,FF,4-Seam Fastball,,called_strike,L,R,DET,CLE,92.10,,,1,0,2023,2023-10
2023-10-01,2023,R,608337,678009,FF,4-Seam Fastball,,ball,L,R,DET,CLE,92.50,,,0,0,2023,2023-10
2023-10-01,2023,R,608337,679529,SL,Slider,walk,ball,R,R,DET,CLE,82.90,,,3,2,2023,2023-10
2023-10-01,2023,R,608337,679529,SL,Slider,,foul,R,R,DET,CLE,82.90,106.40,29,3,1,2023,2023-10
2023-10-01,2023,R,608337,679529,FF,4-Seam Fastball,,called_strike,R,R,DET,CLE,94.10,,,3,0,2023,2023-10
2023-10-01,2023,R,608337,679529,CH,Changeup,,ball,R,R,DET,CLE,80.60,,,2,0,2023,2023-10
2023-10-01,2023,R,608337,679529,SL,Slider,,ball,R,R,DET,CLE,84.20,,,1,0,2023,2023-10
2023-10-01,2023,R,608337,679529,CH,Changeup,,ball,R,R,DET,CLE,81.20,,,0,0,2023,2023-10
2023-10-01,2023,R,608337,679529,SL,Slider,field_out,hit_into_play,R,R,DET,CLE,83.20,73.30,-19,1,0,2023,2023-10
2023-10-01,2023,R,608337,679529,SL,Slider,,blocked_ball,R,R,DET,CLE,84.30,,,0,0,2023,2023-10
2023-10-01,2023,R,608337,679529,CH,Changeup,single,hit_into_play,R,R,DET,CLE,79.40,82.20,22,1,0,2023,2023-10
2023-10-01,2023,R,608337,679529,FF,4-Seam Fastball,,ball,R,R,DET,CLE,93.30,,,0,0,2023,2023-10
2023-10-01,2023,R,608337,681481,SL,Slider,walk,blocked_ball,L,R,DET,CLE,82.70,,,3,2,2023,2023-10
2023-10-01,2023,R,608337,681481,SL,Slider,,ball,L,R,DET,CLE,83.70,,,2,2,2023,2023-10
2023-10-01,2023,R,608337,681481,CH,Changeup,,foul,L,R,DET,CLE,79.80,86.70,22,2,2,2023,2023-10
2023-10-01,2023,R,608337,681481,SL,Slider,,foul,L,R,DET,CLE,80.30,,,2,1,2023,2023-10
2023-10-01,2023,R,608337,681481,FF,4-Seam Fastball,,ball,L,R,DET,CLE,93.90,,,1,1,2023,2023-10
2023-10-01,2023,R,608337,681481,CH,Changeup,,foul,L,R,DET,CLE,79.70,72.00,52,1,0,2023,2023-10
2023-10-01,2023,R,608337,681481,CH,Changeup,,ball,L,R,DET,CLE,78.30,,,0,0,2023,2023-10
2023-10-01,2023,R,608337,681481,CU,Curveball,strikeout,swinging_strike_blocked,L,R,DET,CLE,78.20,,,1,2,2023,2023-10
2023-10-01,2023,R,608337,681481,FF,4-Seam Fastball,,foul,L,R,DET,CLE,94.20,79.60,36,1,2,2023,2023-10
2023-10-01,2023,R,608337,681481,FF,4-Seam Fastball,,ball,L,R,DET,CLE,93.90,,,0,2,2023,2023-10
2023-10-01,2023,R,608337,681481,SL,Slider,,foul,L,R,DET,CLE,84.80,81.60,-43,0,1,2023,2023-10
2023-10-01,2023,R,608337,681481,CH,Changeup,,foul,L,R,DET,CLE,79.70,80.50,81,0,0,2023,2023-10
2023-10-01,2023,R,608337,681481,FF,4-Seam Fastball,single,hit_into_play,L,R,DET,CLE,94.60,93.80,12,2,2,2023,2023-10
2023-10-01,2023,R,608337,681481,SL,Slider,,foul,L,R,DET,CLE,82.70,,,2,1,2023,2023-10
2023-10-01,2023,R,608337,681481,FF,4-Seam Fastball,,blocked_ball,L,R,DET,CLE,93.80,,,1,1,2023,2023-10
2023-10-01,2023,R,608337,681481,CH,Changeup,,ball,L,R,DET,CLE,80.40,,,0,1,2023,2023-10
2023-10-01,2023,R,608337,681481,SL,Slider,,foul,L,R,DET,CLE,82.10,,,0,0,2023,2023-10
2023-10-01,2023,R,608344,608701,SI,Sinker,field_out,hit_into_play,R,L,BAL,BOS,90.10,93.20,22,3,1,2023,2023-10
2023-10-01,2023,R,608344,608701,CU,Curveball,,ball,R,L,BAL,BOS,81.00,,,2,1,2023,2023-10
2023-10-01,2023,R,608344,608701,SI,Sinker,,called_strike,R,L,BAL,BOS,89.60,,,2,0,2023,2023-10
2023-10-01,2023,R,608344,608701,CH,Changeup,,ball,R,L,BAL,BOS,80.70,,,1,0,2023,2023-10
2023-10-01,2023,R,608344,608701,SV,Slurve,,ball,R,L,BAL,BOS,77.40,,,0,0,2023,2023-10
2023-10-01,2023,R,608344,622569,SI,Sinker,field_out,hit_into_play,R,L,BAL,BOS,89.30,80.50,-38,0,2,2023,2023-10
2023-10-01,2023,R,608344,622569,CH,Changeup,,foul,R,L,BAL,BOS,82.50,70.30,-24,0,1,2023,2023-10
2023-10-01,2023,R,608344,622569,FC,Cutter,,called_strike,R,L,BAL,BOS,81.60,,,0,0,2023,2023-10
2023-10-01,2023,R,608344,624512,FC,Cutter,field_out,hit_into_play,L,L,BAL,BOS,83.60,62.60,-64,0,2,2023,2023-10
2023-10-01,2023,R,608344,624512,SI,Sinker,,foul,L,L,BAL,BOS,91.40,79.50,33,0,2,2023,2023-10
2023-10-01,2023,R,608344,624512,CH,Changeup,,swinging_strike,L,L,BAL,BOS,83.30,,,0,1,2023,2023-10
2023-10-01,2023,R,608344,624512,FC,Cutter,,foul,L,L,BAL,BOS,84.30,67.30,9,0,0,2023,2023-10
2023-10-01,2023,R,608344,657136,CH,Changeup,field_out,hit_into_play,R,L,BAL,BOS,82.80,88.90,2,2,2,2023,2023-10
2023-10-01,2023,R,608344,657136,CH,Changeup,,ball,R,L,BAL,BOS,84.90,,,1,2,2023,2023-10
2023-10-01,2023,R,608344,657136,FF,4-Seam Fastball,,called_strike,R,L,BAL,BOS,89.50,,,1,1,2023,2023-10
2023-10-01,2023,R,608344,657136,CH,Changeup,,ball,R,L,BAL,BOS,84.60,,,0,1,2023,2023-10
2023-10-01,2023,R,608344,657136,SI,Sinker,,foul,R,L,BAL,BOS,90.10,78.10,55,0,0,2023,2023-10
2023-10-01,2023,R,608344,665839,SI,Sinker,field_out,hit_into_play,L,L,BAL,BOS,90.40,90.70,-2,1,0,2023,2023-10
2023-10-01,2023,R,608344,665839,SI,Sinker,,ball,L,L,BAL,BOS,90.50,,,0,0,2023,2023-10
2023-10-01,2023,R,608344,678882,SI,Sinker,strikeout,called_strike,R,L,BAL,BOS,93.70,,,2,2,2023,2023-10
2023-10-01,2023,R,608344,678882,FC,Cutter,,swinging_strike,R,L,BAL,BOS,82.70,,,2,1,2023,2023-10
2023-10-01,2023,R,608344,678882,FC,Cutter,,ball,R,L,BAL,BOS,85.20,,,1,1,2023,2023-10
2023-10-01,2023,R,608344,678882,CH,Changeup,,swinging_strike,R,L,BAL,BOS,84.50,,,1,0,2023,2023-10
2023-10-01,2023,R,608344,678882,CU,Curveball,,ball,R,L,BAL,BOS,75.90,,,0,0,2023,2023-10
2023-10-01,2023,R,608648,467793,FF,4-Seam Fastball,strikeout,called_strike,L,R,MIL,CHC,94.20,,,2,2,2023,2023-10
2023-10-01,2023,R,608648,467793,SL,Slider,,foul,L,R,MIL,CHC,82.20,63.00,37,2,1,2023,2023-10
2023-10-01,2023,R,608648,467793,SL,Slider,,called_strike,L,R,MIL,CHC,80.60,,,2,0,2023,2023-10
2023-10-01,2023,R,608648,467793,FF,4-Seam Fastball,,ball,L,R,MIL,CHC,93.50,,,1,0,2023,2023-10
2023-10-01,2023,R,608648,467793,FF,4-Seam Fastball,,ball,L,R,MIL,CHC,93.40,,,0,0,2023,2023-10
2023-10-01,2023,R,608648,518626,FF,4-Seam Fastball,field_out,hit_into_play,R,R,MIL,CHC,92.30,90.20,75,2,0,2023,2023-10
2023-10-01,2023,R,608648,518626,SL,Slider,,ball,R,R,MIL,CHC,80.40,,,1,0,2023,2023-10
2023-10-01,2023,R,608648,518626,SI,Sinker,,ball,R,R,MIL,CHC,91.30,,,0,0,2023,2023-10
2023-10-01,2023,R,608648,592192,SL,Slider,field_out,hit_into_play,R,R,MIL,CHC,82.00,76.60,71,0,2,2023,2023-10
2023-10-01,2023,R,608648,592192,FF,4-Seam Fastball,,foul,R,R,MIL,CHC,93.90,79.70,13,0,2,2023,2023-10
2023-10-01,2023,R,608648,592192,SL,Slider,,foul,R,R,MIL,CHC,82.60,63.60,51,0,2,2023,2023-10
2023-10-01,2023,R,608648,592192,SI,Sinker,,called_strike,R,R,MIL,CHC,94.40,,,0,1,2023,2023-10
2023-10-01,2023,R,608648,592192,SL,Slider,,called_strike,R,R,MIL,CHC,82.20,,,0,0,2023,2023-10
2023-10-01,2023,R,608648,621438,SI,Sinker,home_run,hit_into_play,R,R,MIL,CHC,92.70,107.60,29,1,0,2023,2023-10
2023-10-01,2023,R,608648,621438,FF,4-Seam Fastball,,ball,R,R,MIL,CHC,92.50,,,0,0,2023,2023-10
2023-10-01,2023,R,608648,642715,SL,Slider,strikeout,swinging_strike,R,R,MIL,CHC,82.80,,,1,2,2023,2023-10
2023-10-01,2023,R,608648,642715,SL,Slider,,swinging_strike,R,R,MIL,CHC,81.50,,,1,1,2023,2023-10
2023-10-01,2023,R,608648,642715,SI,Sinker,,foul,R,R,MIL,CHC,94.00,69.80,49,1,0,2023,2023-10
2023-10-01,2023,R,608648,642715,SL,Slider,,ball,R,R,MIL,CHC,82.50,,,0,0,2023,2023-10
2023-10-01,2023,R,608648,668930,KC,Knuckle Curve,strikeout,swinging_strike,L,R,MIL,CHC,82.20,,,3,2,2023,2023-10
2023-10-01,2023,R,608648,668930,FF,4-Seam Fastball,,foul,L,R,MIL,CHC,91.30,71.70,79,3,1,2023,2023-10
2023-10-01,2023,R,608648,668930,FF,4-Seam Fastball,,ball,L,R,MIL,CHC,91.30,,,2,1,2023,2023-10
2023-10-01,2023,R,608648,668930,FF,4-Seam Fastball,,foul,L,R,MIL,CHC,91.30,71.70,31,2,0,2023,2023-10
2023-10-01,2023,R,608648,668930,SL,Slider,,ball,L,R,MIL,CHC,82.10,,,1,0,2023,2023-10
2023-10-01,2023,R,608648,668930,SL,Slider,,ball,L,R,MIL,CHC,81.50,,,0,0,2023,2023-10
2023-10-01,2023,R,608648,669003,FF,4-Seam Fastball,field_out,hit_into_play,L,R,MIL,CHC,92.80,88.60,31,3,2,2023,2023-10
2023-10-01,2023,R,608648,669003,SL,Slider,,foul,L,R,MIL,CHC,79.70,92.50,-12,3,1,2023,2023-10
2023-10-01,2023,R,608648,669003,FF,4-Seam Fastball,,called_strike,L,R,MIL,CHC,91.40,,,3,0,2023,2023-10
2023-10-01,2023,R,608648,669003,FF,4-Seam Fastball,,ball,L,R,MIL,CHC,92.20,,,2,0,2023,2023-10
2023-10-01,2023,R,608648,669003,CH,Changeup,,ball,L,R,MIL,CHC,82.30,,,1,0,2023,2023-10
2023-10-01,2023,R,608648,669003,SL,Slider,,ball,L,R,MIL,CHC,79.90,,,0,0,2023,2023-10
2023-10-01,2023,R,608718,456781,SI,Sinker,field_out,hit_into_play,R,L,COL,MIN,88.50,105.70,-12,2,2,2023,2023-10
2023-10-01,2023,R,608718,456781,CH,Changeup,,ball,R,L,COL,MIN,74.90,,,1,2,2023,2023-10
2023-10-01,2023,R,608718,456781,FF,4-Seam Fastball,,called_strike,R,L,COL,MIN,83.90,,,1,1,2023,2023-10
2023-10-01,2023,R,608718,456781,FF,4-Seam Fastball,,ball,R,L,COL,MIN,87.00,,,0,1,2023,2023-10
2023-10-01,2023,R,608718,456781,FF,4-Seam Fastball,,called_strike,R,L,COL,MIN,82.80,,,0,0,2023,2023-10
2023-10-01,2023,R,608718,571657,FF,4-Seam Fastball,field_out,hit_into_play,R,L,COL,MIN,86.30,75.10,-4,0,1,2023,2023-10
2023-10-01,2023,R,608718,571657,FF,4-Seam Fastball,,called_strike,R,L,COL,MIN,84.40,,,0,0,2023,2023-10
2023-10-01,2023,R,608718,656669,CH,Changeup,strikeout,swinging_strike,R,L,COL,MIN,78.30,,,0,2,2023,2023-10
2023-10-01,2023,R,608718,656669,CH,Changeup,,swinging_strike,R,L,COL,MIN,78.40,,,0,1,2023,2023-10
2023-10-01,2023,R,608718,656669,FF,4-Seam Fastball,,called_strike,R,L,COL,MIN,86.80,,,0,0,2023,2023-10
2023-10-01,2023,R,612434,455117,SL,Slider,strikeout,swinging_strike,R,R,AZ,HOU,82.40,,,1,2,2023,2023-10
2023-10-01,2023,R,612434,455117,FF,4-Seam Fastball,,ball,R,R,AZ,HOU,94.90,,,0,2,2023,2023-10
2023-10-01,2023,R,612434,455117,SI,Sinker,,foul,R,R,AZ,HOU,95.90,88.40,20,0,1,2023,2023-10
2023-10-01,2023,R,612434,455117,SI,Sinker,,called_strike,R,R,AZ,HOU,96.40,,,0,0,2023,2023-10
2023-10-01,2023,R,612434,514888,SL,Slider,field_out,hit_into_play,R,R,AZ,HOU,82.20,59.40,-45,1,2,2023,2023-10
2023-10-01,2023,R,612434,514888,SL,Slider,,foul,R,R,AZ,HOU,82.20,91.20,0,1,2,2023,2023-10
2023-10-01,2023,R,612434,514888,SL,Slider,,called_strike,R,R,AZ,HOU,82.80,,,1,1,2023,2023-10
2023-10-01,2023,R,612434,514888,SL,Slider,,ball,R,R,AZ,HOU,83.10,,,0,1,2023,2023-10
2023-10-01,2023,R,612434,514888,SL,Slider,,called_strike,R,R,AZ,HOU,83.20,,,0,0,2023,2023-10
2023-10-01,2023,R,612434,608324,SI,Sinker,field_out,hit_into_play,R,R,AZ,HOU,96.20,74.70,-13,2,2,2023,2023-10
2023-10-01,2023,R,612434,608324,SL,Slider,,ball,R,R,AZ,HOU,82.80,,,1,2,2023,2023-10
2023-10-01,2023,R,612434,608324,CH,Changeup,,ball,R,R,AZ,HOU,91.00,,,0,2,2023,2023-10
2023-10-01,2023,R,612434,608324,SL,Slider,,foul,R,R,AZ,HOU,80.50,61.40,-32,0,2,2023,2023-10
2023-10-01,2023,R,612434,608324,FF,4-Seam Fastball,,swinging_strike,R,R,AZ,HOU,95.40,,,0,1,2023,2023-10
2023-10-01,2023,R,612434,608324,SL,Slider,,called_strike,R,R,AZ,HOU,82.20,,,0,0,2023,2023-10
2023-10-01,2023,R,612434,665161,SI,Sinker,walk,ball,R,R,AZ,HOU,96.00,,,3,1,2023,2023-10
2023-10-01,2023,R,612434,665161,SI,Sinker,,ball,R,R,AZ,HOU,96.10,,,2,1,2023,2023-10
2023-10-01,2023,R,612434,665161,CH,Changeup,,ball,R,R,AZ,HOU,90.00,,,1,1,2023,2023-10
2023-10-01,2023,R,612434,665161,SL,Slider,,ball,R,R,AZ,HOU,82.30,,,0,1,2023,2023-10
2023-10-01,2023,R,612434,665161,SL,Slider,,called_strike,R,R,AZ,HOU,82.40,,,0,0,2023,2023-10
2023-10-01,2023,R,621381,542364,FF,4-Seam Fastball,strikeout,swinging_strike,L,L,NYM,PHI,92.70,,,3,2,2023,2023-10
2023-10-01,2023,R,621381,542364,SL,Slider,,ball,L,L,NYM,PHI,83.10,,,2,2,2023,2023-10
2023-10-01,2023,R,621381,542364,SL,Slider,,ball,L,L,NYM,PHI,81.90,,,1,2,2023,2023-10
2023-10-01,2023,R,621381,542364,SI,Sinker,,foul,L,L,NYM,PHI,92.40,62.20,65,1,1,2023,2023-10
2023-10-01,2023,R,621381,542364,FF,4-Seam Fastball,,called_strike,L,L,NYM,PHI,92.50,,,1,0,2023,2023-10
2023-10-01,2023,R,621381,542364,FF,4-Seam Fastball,,ball,L,L,NYM,PHI,92.90,,,0,0,2023,2023-10
2023-10-01,2023,R,621381,624413,FF,4-Seam Fastball,field_out,hit_into_play,R,L,NYM,PHI,91.30,108.70,-1,3,0,2023,2023-10
2023-10-01,2023,R,621381,624413,FF,4-Seam Fastball,,ball,R,L,NYM,PHI,92.80,,,2,0,2023,2023-10
2023-10-01,2023,R,621381,624413,FF,4-Seam Fastball,,ball,R,L,NYM,PHI,93.00,,,1,0,2023,2023-10
2023-10-01,2023,R,621381,624413,FF,4-Seam Fastball,,ball,R,L,NYM,PHI,92.10,,,0,0,2023,2023-10
2023-10-01,2023,R,621381,677595,FF,4-Seam Fastball,strikeout,swinging_strike,R,L,NYM,PHI,93.20,,,0,2,2023,2023-10
2023-10-01,2023,R,621381,677595,FF,4-Seam Fastball,,swinging_strike,R,L,NYM,PHI,92.70,,,0,1,2023,2023-10
2023-10-01,2023,R,621381,677595,FF,4-Seam Fastball,,swinging_strike,R,L,NYM,PHI,92.20,,,0,0,2023,2023-10
2023-10-01,2023,R,622065,663457,CH,Changeup,strikeout,swinging_strike,L,L,STL,CIN,83.90,,,0,2,2023,2023-10
2023-10-01,2023,R,622065,663457,SI,Sinker,,foul,L,L,STL,CIN,89.70,58.20,-48,0,2,2023,2023-10
2023-10-01,2023,R,622065,663457,CU,Curveball,,foul,L,L,STL,CIN,78.80,59.80,-29,0,2,2023,2023-10
2023-10-01,2023,R,622065,663457,SI,Sinker,,foul,L,L,STL,CIN,89.40,70.20,-22,0,1,2023,2023-10
2023-10-01,2023,R,622065,663457,CU,Curveball,,called_strike,L,L,STL,CIN,80.10,,,0,0,2023,2023-10
2023-10-01,2023,R,622065,669242,SI,Sinker,field_out,hit_into_play,R,L,STL,CIN,88.10,100.90,33,0,0,2023,2023-10
2023-10-01,2023,R,622065,691026,FF,4-Seam Fastball,field_out,hit_into_play,R,L,STL,CIN,89.80,86.50,66,1,0,2023,2023-10
2023-10-01,2023,R,622065,691026,CH,Changeup,,ball,R,L,STL,CIN,81.60,,,0,0,2023,2023-10
2023-10-01,2023,R,622554,683146,FF,4-Seam Fastball,grounded_into_double_play,hit_into_play,L,R,NYM,PHI,97.30,83.90,-5,1,1,2023,2023-10
2023-10-01,2023,R,622554,683146,FF,4-Seam Fastball,,swinging_strike,L,R,NYM,PHI,96.00,,,1,0,2023,2023-10
2023-10-01,2023,R,622554,683146,SL,Slider,,ball,L,R,NYM,PHI,87.40,,,0,0,2023,2023-10
2023-10-01,2023,R,623211,678225,CH,Changeup,strikeout,swinging_strike_blocked,L,R,PIT,MIA,90.50,,,0,2,2023,2023-10
2023-10-01,2023,R,623211,678225,CH,Changeup,,swinging_strike,L,R,PIT,MIA,89.60,,,0,1,2023,2023-10
2023-10-01,2023,R,623211,678225,CH,Changeup,,swinging_strike,L,R,PIT,MIA,89.40,,,0,0,2023,2023-10
2023-10-01,2023,R,623211,678894,CH,Changeup,strikeout,swinging_strike,R,R,PIT,MIA,89.40,,,2,2,2023,2023-10
2023-10-01,2023,R,623211,678894,FF,4-Seam Fastball,,ball,R,R,PIT,MIA,97.00,,,1,2,2023,2023-10
2023-10-01,2023,R,623211,678894,FC,Cutter,,foul,R,R,PIT,MIA,87.20,69.20,73,1,1,2023,2023-10
2023-10-01,2023,R,623211,678894,SI,Sinker,,ball,R,R,PIT,MIA,96.60,,,0,1,2023,2023-10
2023-10-01,2023,R,623211,678894,FC,Cutter,,swinging_strike,R,R,PIT,MIA,87.80,,,0,0,2023,2023-10
2023-10-01,2023,R,623211,680779,CH,Changeup,strikeout,swinging_strike,R,R,PIT,MIA,89.00,,,0,2,2023,2023-10
2023-10-01,2023,R,623211,680779,FC,Cutter,,foul,R,R,PIT,MIA,87.20,80.20,48,0,2,2023,2023-10
2023-10-01,2023,R,623211,680779,FC,Cutter,,swinging_strike,R,R,PIT,MIA,86.60,,,0,1,2023,2023-10
2023-10-01,2023,R,623211,680779,SI,Sinker,,called_strike,R,R,PIT,MIA,94.20,,,0,0,2023,2023-10
2023-10-01,2023,R,623211,693304,CH,Changeup,double,hit_into_play,R,R,PIT,MIA,89.50,95.50,20,2,2,2023,2023-10
2023-10-01,2023,R,623211,693304,CH,Changeup,,ball,R,R,PIT,MIA,88.70,,,1,2,2023,2023-10
2023-10-01,2023,R,623211,693304,FF,4-Seam Fastball,,foul,R,R,PIT,MIA,96.00,84.00,57,1,2,2023,2023-10
2023-10-01,2023,R,623211,693304,FC,Cutter,,foul,R,R,PIT,MIA,85.60,74.10,-11,1,1,2023,2023-10
2023-10-01,2023,R,623211,693304,SI,Sinker,,ball,R,R,PIT,MIA,96.80,,,0,1,2023,2023-10
2023-10-01,2023,R,623211,693304,CH,Changeup,,foul,R,R,PIT,MIA,88.10,87.90,65,0,0,2023,2023-10
2023-10-01,2023,R,623352,462101,SI,Sinker,field_out,hit_into_play,R,L,CWS,SD,96.50,64.50,77,3,1,2023,2023-10
2023-10-01,2023,R,623352,462101,SI,Sinker,,foul,R,L,CWS,SD,96.20,,,3,0,2023,2023-10
2023-10-01,2023,R,623352,462101,SI,Sinker,,ball,R,L,CWS,SD,96.20,,,2,0,2023,2023-10
2023-10-01,2023,R,623352,462101,SI,Sinker,,ball,R,L,CWS,SD,95.90,,,1,0,2023,2023-10
2023-10-01,2023,R,623352,462101,SL,Slider,,ball,R,L,CWS,SD,87.10,,,0,0,2023,2023-10
2023-10-01,2023,R,623352,572204,SI,Sinker,strikeout,swinging_strike,R,L,CWS,SD,97.70,,,1,2,2023,2023-10
2023-10-01,2023,R,623352,572204,SI,Sinker,,called_strike,R,L,CWS,SD,96.80,,,1,1,2023,2023-10
2023-10-01,2023,R,623352,572204,SI,Sinker,,called_strike,R,L,CWS,SD,95.30,,,1,0,2023,2023-10
2023-10-01,2023,R,623352,572204,SI,Sinker,,ball,R,L,CWS,SD,95.90,,,0,0,2023,2023-10
2023-10-01,2023,R,623352,656024,SI,Sinker,field_out,hit_into_play,R,L,CWS,SD,97.00,88.60,74,3,2,2023,2023-10
2023-10-01,2023,R,623352,656024,CH,Changeup,,ball,R,L,CWS,SD,91.30,,,2,2,2023,2023-10
2023-10-01,2023,R,623352,656024,SI,Sinker,,ball,R,L,CWS,SD,98.00,,,1,2,2023,2023-10
2023-10-01,2023,R,623352,656024,SI,Sinker,,foul,R,L,CWS,SD,97.80,71.20,30,1,2,2023,2023-10
2023-10-01,2023,R,623352,656024,SI,Sinker,,foul,R,L,CWS,SD,97.80,,,1,1,2023,2023-10
2023-10-01,2023,R,623352,656024,SI,Sinker,,called_strike,R,L,CWS,SD,96.40,,,1,0,2023,2023-10
2023-10-01,2023,R,623352,656024,SL,Slider,,ball,R,L,CWS,SD,85.60,,,0,0,2023,2023-10
2023-10-01,2023,R,623465,573262,FC,Cutter,strikeout,swinging_strike,L,R,SF,LAD,93.40,,,3,2,2023,2023-10
2023-10-01,2023,R,623465,573262,FC,Cutter,,foul,L,R,SF,LAD,94.40,,,3,2,2023,2023-10
2023-10-01,2023,R,623465,573262,FC,Cutter,,foul,L,R,SF,LAD,94.70,91.40,-30,3,2,2023,2023-10
2023-10-01,2023,R,623465,573262,FF,4-Seam Fastball,,ball,L,R,SF,LAD,96.90,,,2,2,2023,2023-10
2023-10-01,2023,R,623465,573262,FC,Cutter,,foul,L,R,SF,LAD,95.00,78.00,14,2,2,2023,2023-10
2023-10-01,2023,R,623465,573262,FF,4-Seam Fastball,,ball,L,R,SF,LAD,96.50,,,1,2,2023,2023-10
2023-10-01,2023,R,623465,573262,FC,Cutter,,swinging_strike,L,R,SF,LAD,93.80,,,1,1,2023,2023-10
2023-10-01,2023,R,623465,573262,FF,4-Seam Fastball,,ball,L,R,SF,LAD,97.70,,,0,1,2023,2023-10
2023-10-01,2023,R,623465,573262,FF,4-Seam Fastball,,foul_tip,L,R,SF,LAD,96.50,,,0,0,2023,2023-10
2023-10-01,2023,R,623465,592626,FC,Cutter,field_out,hit_into_play,L,R,SF,LAD,93.60,95.60,6,0,1,2023,2023-10
2023-10-01,2023,R,623465,592626,ST,Sweeper,,called_strike,L,R,SF,LAD,84.30,,,0,0,2023,2023-10
2023-10-01,2023,R,623465,666149,SI,Sinker,field_out,hit_into_play,R,R,SF,LAD,96.20,56.20,29,2,1,2023,2023-10
2023-10-01,2023,R,623465,666149,SI,Sinker,,ball,R,R,SF,LAD,96.70,,,1,1,2023,2023-10
2023-10-01,2023,R,623465,666149,ST,Sweeper,,foul,R,R,SF,LAD,84.40,69.80,73,1,0,2023,2023-10
2023-10-01,2023,R,623465,666149,ST,Sweeper,,ball,R,R,SF,LAD,86.50,,,0,0,2023,2023-10
2023-10-01,2023,R,623474,665923,ST,Sweeper,single,hit_into_play,R,R,LAA,ATH,75.90,67.70,29,0,1,2023,2023-10
2023-10-01,2023,R,623474,665923,ST,Sweeper,,called_strike,R,R,LAA,ATH,79.20,,,0,0,2023,2023-10
2023-10-01,2023,R,623474,669397,SL,Slider,double,hit_into_play,R,R,LAA,ATH,85.80,97.20,25,2,2,2023,2023-10
2023-10-01,2023,R,623474,669397,ST,Sweeper,,ball,R,R,LAA,ATH,79.30,,,1,2,2023,2023-10
2023-10-01,2023,R,623474,669397,ST,Sweeper,,ball,R,R,LAA,ATH,80.40,,,0,2,2023,2023-10
2023-10-01,2023,R,623474,669397,SI,Sinker,,called_strike,R,R,LAA,ATH,93.00,,,0,1,2023,2023-10
2023-10-01,2023,R,623474,669397,ST,Sweeper,,called_strike,R,R,LAA,ATH,78.30,,,0,0,2023,2023-10
2023-10-01,2023,R,623474,672478,SL,Slider,field_out,hit_into_play,R,R,LAA,ATH,86.20,74.80,45,1,0,2023,2023-10
2023-10-01,2023,R,623474,672478,SL,Slider,,ball,R,R,LAA,ATH,87.20,,,0,0,2023,2023-10
2023-10-01,2023,R,623474,680869,ST,Sweeper,strikeout,swinging_strike,R,R,LAA,ATH,76.90,,,0,2,2023,2023-10
2023-10-01,2023,R,623474,680869,SI,Sinker,,foul,R,R,LAA,ATH,91.50,64.50,-49,0,1,2023,2023-10
2023-10-01,2023,R,623474,680869,FF,4-Seam Fastball,,called_strike,R,R,LAA,ATH,90.40,,,0,0,2023,2023-10
2023-10-01,2023,R,623474,691016,SL,Slider,field_out,hit_into_play,L,R,LAA,ATH,87.40,108.60,6,0,0,2023,2023-10
2023-10-01,2023,R,624647,573262,SL,Slider,strikeout,swinging_strike,L,L,SF,LAD,84.60,,,2,2,2023,2023-10
2023-10-01,2023,R,624647,573262,SI,Sinker,,ball,L,L,SF,LAD,94.90,,,1,2,2023,2023-10
2023-10-01,2023,R,624647,573262,SI,Sinker,,foul,L,L,SF,LAD,94.20,90.30,2,1,1,2023,2023-10
2023-10-01,2023,R,624647,573262,SL,Slider,,ball,L,L,SF,LAD,84.80,,,0,1,2023,2023-10
2023-10-01,2023,R,624647,573262,SI,Sinker,,called_strike,L,L,SF,LAD,93.30,,,0,0,2023,2023-10
2023-10-01,2023,R,624647,666149,SI,Sinker,field_out,hit_into_play,R,L,SF,LAD,93.50,78.40,-1,3,1,2023,2023-10
2023-10-01,2023,R,624647,666149,SI,Sinker,,ball,R,L,SF,LAD,94.20,,,2,1,2023,2023-10
2023-10-01,2023,R,624647,666149,SI,Sinker,,ball,R,L,SF,LAD,94.10,,,1,1,2023,2023-10
2023-10-01,2023,R,624647,666149,CH,Changeup,,ball,R,L,SF,LAD,86.20,,,0,1,2023,2023-10
2023-10-01,2023,R,624647,666149,SI,Sinker,,called_strike,R,L,SF,LAD,92.50,,,0,0,2023,2023-10
2023-10-01,2023,R,624647,666165,SI,Sinker,field_out,hit_into_play,L,L,SF,LAD,94.10,86.40,-25,1,0,2023,2023-10
2023-10-01,2023,R,624647,666165,SI,Sinker,,ball,L,L,SF,LAD,93.60,,,0,0,2023,2023-10
2023-10-01,2023,R,640448,518595,FF,4-Seam Fastball,strikeout,swinging_strike,R,R,ATL,WSH,99.00,,,0,2,2023,2023-10
2023-10-01,2023,R,640448,518595,FF,4-Seam Fastball,,called_strike,R,R,ATL,WSH,97.50,,,0,1,2023,2023-10
2023-10-01,2023,R,640448,518595,FF,4-Seam Fastball,,foul,R,R,ATL,WSH,97.50,98.00,8,0,0,2023,2023-10
2023-10-01,2023,R,640448,542303,FF,4-Seam Fastball,home_run,hit_into_play,R,R,ATL,WSH,98.50,103.80,27,2,2,2023,2023-10
2023-10-01,2023,R,640448,542303,SL,Slider,,ball,R,R,ATL,WSH,89.30,,,1,2,2023,2023-10
2023-10-01,2023,R,640448,542303,FF,4-Seam Fastball,,foul,R,R,ATL,WSH,97.00,93.50,43,1,1,2023,2023-10
2023-10-01,2023,R,640448,542303,FS,Split-Finger,,ball,R,R,ATL,WSH,89.20,,,0,1,2023,2023-10
2023-10-01,2023,R,640448,542303,SL,Slider,,swinging_strike,R,R,ATL,WSH,88.10,,,0,0,2023,2023-10
2023-10-01,2023,R,640448,592696,FF,4-Seam Fastball,field_out,hit_into_play,L,R,ATL,WSH,96.80,97.00,19,1,1,2023,2023-10
2023-10-01,2023,R,640448,592696,FF,4-Seam Fastball,,ball,L,R,ATL,WSH,98.70,,,0,1,2023,2023-10
2023-10-01,2023,R,640448,592696,FF,4-Seam Fastball,,swinging_strike,L,R,ATL,WSH,99.10,,,0,0,2023,2023-10
2023-10-01,2023,R,640448,670032,FS,Split-Finger,field_out,hit_into_play,L,R,ATL,WSH,90.10,93.90,25,1,2,2023,2023-10
2023-10-01,2023,R,640448,670032,FF,4-Seam Fastball,,foul,L,R,ATL,WSH,98.40,89.50,32,1,2,2023,2023-10
2023-10-01,2023,R,640448,670032,FF,4-Seam Fastball,,foul,L,R,ATL,WSH,97.00,91.70,40,1,1,2023,2023-10
2023-10-01,2023,R,640448,670032,FF,4-Seam Fastball,,ball,L,R,ATL,WSH,97.20,,,0,1,2023,2023-10
2023-10-01,2023,R,640448,670032,FF,4-Seam Fastball,,swinging_strike,L,R,ATL,WSH,96.50,,,0,0,2023,2023-10
2023-10-01,2023,R,640448,671739,FF,4-Seam Fastball,double,hit_into_play,L,R,ATL,WSH,96.60,108.20,15,1,1,2023,2023-10
2023-10-01,2023,R,640448,671739,FS,Split-Finger,,ball,L,R,ATL,WSH,89.60,,,0,1,2023,2023-10
2023-10-01,2023,R,640448,671739,FS,Split-Finger,,swinging_strike,L,R,ATL,WSH,89.20,,,0,0,2023,2023-10
2023-10-01,2023,R,640451,592696,FS,Split-Finger,double,hit_into_play,L,R,ATL,WSH,88.60,99.20,26,2,1,2023,2023-10
2023-10-01,2023,R,640451,592696,FF,4-Seam Fastball,,foul,L,R,ATL,WSH,96.80,79.40,30,2,0,2023,2023-10
2023-10-01,2023,R,640451,592696,FF,4-Seam Fastball,,ball,L,R,ATL,WSH,96.90,,,1,0,2023,2023-10
2023-10-01,2023,R,640451,592696,FF,4-Seam Fastball,,ball,L,R,ATL,WSH,96.40,,,0,0,2023,2023-10
2023-10-01,2023,R,640451,606115,SL,Slider,single,hit_into_play,R,R,ATL,WSH,83.60,93.70,-13,0,0,2023,2023-10
2023-10-01,2023,R,640451,607680,SL,Slider,field_out,hit_into_play,R,R,ATL,WSH,85.80,92.30,31,0,2,2023,2023-10
2023-10-01,2023,R,640451,607680,FF,4-Seam Fastball,,foul_tip,R,R,ATL,WSH,97.70,,,0,1,2023,2023-10
2023-10-01,2023,R,640451,607680,FF,4-Seam Fastball,,called_strike,R,R,ATL,WSH,96.90,,,0,0,2023,2023-10
2023-10-01,2023,R,640451,645277,FF,4-Seam Fastball,field_out,hit_into_play,L,R,ATL,WSH,98.60,94.60,28,1,0,2023,2023-10
2023-10-01,2023,R,640451,645277,FF,4-Seam Fastball,,ball,L,R,ATL,WSH,98.20,,,0,0,2023,2023-10
2023-10-01,2023,R,640451,663586,FF,4-Seam Fastball,strikeout,swinging_strike,R,R,ATL,WSH,99.00,,,0,2,2023,2023-10
2023-10-01,2023,R,640451,663586,FF,4-Seam Fastball,,called_strike,R,R,ATL,WSH,98.50,,,0,1,2023,2023-10
2023-10-01,2023,R,640451,663586,FF,4-Seam Fastball,,called_strike,R,R,ATL,WSH,98.30,,,0,0,2023,2023-10
2023-10-01,2023,R,641149,606132,FF,4-Seam Fastball,field_out,hit_into_play,L,R,TOR,TB,92.30,70.80,-26,2,1,2023,2023-10
2023-10-01,2023,R,641149,606132,CH,Changeup,,ball,L,R,TOR,TB,88.20,,,1,1,2023,2023-10
2023-10-01,2023,R,641149,606132,SI,Sinker,,called_strike,L,R,TOR,TB,91.40,,,1,0,2023,2023-10
2023-10-01,2023,R,641149,606132,CU,Curveball,,ball,L,R,TOR,TB,81.10,,,0,0,2023,2023-10
2023-10-01,2023,R,641149,606132,FF,4-Seam Fastball,single,hit_into_play,L,R,TOR,TB,95.20,74.90,19,2,2,2023,2023-10
2023-10-01,2023,R,641149,606132,FF,4-Seam Fastball,,swinging_strike,L,R,TOR,TB,93.70,,,2,1,2023,2023-10
2023-10-01,2023,R,641149,606132,CH,Changeup,,ball,L,R,TOR,TB,89.50,,,1,1,2023,2023-10
2023-10-01,2023,R,641149,606132,SI,Sinker,,called_strike,L,R,TOR,TB,93.80,,,1,0,2023,2023-10
2023-10-01,2023,R,641149,606132,CU,Curveball,,ball,L,R,TOR,TB,85.60,,,0,0,2023,2023-10
2023-10-01,2023,R,641149,606132,CU,Curveball,single,hit_into_play,L,R,TOR,TB,83.10,76.30,-53,0,1,2023,2023-10
2023-10-01,2023,R,641149,606132,SI,Sinker,,called_strike,L,R,TOR,TB,92.30,,,0,0,2023,2023-10
2023-10-01,2023,R,641149,622534,SI,Sinker,home_run,hit_into_play,R,R,TOR,TB,91.10,101.10,37,1,2,2023,2023-10
2023-10-01,2023,R,641149,622534,CU,Curveball,,foul,R,R,TOR,TB,82.90,71.30,-25,1,2,2023,2023-10
2023-10-01,2023,R,641149,622534,CU,Curveball,,ball,R,R,TOR,TB,82.40,,,0,2,2023,2023-10
2023-10-01,2023,R,641149,622534,FF,4-Seam Fastball,,foul,R,R,TOR,TB,94.60,,,0,2,2023,2023-10
2023-10-01,2023,R,641149,622534,SI,Sinker,,called_strike,R,R,TOR,TB,92.80,,,0,1,2023,2023-10
2023-10-01,2023,R,641149,622534,SI,Sinker,,called_strike,R,R,TOR,TB,92.70,,,0,0,2023,2023-10
2023-10-01,2023,R,641149,622534,SL,Slider,field_out,hit_into_play,R,R,TOR,TB,88.30,94.80,22,0,0,2023,2023-10
2023-10-01,2023,R,641149,622534,SI,Sinker,field_out,hit_into_play,R,R,TOR,TB,92.50,90.30,18,0,0,2023,2023-10
2023-10-01,2023,R,641149,623912,CU,Curveball,strikeout,swinging_strike_blocked,R,R,TOR,TB,85.30,,,1,2,2023,2023-10
2023-10-01,2023,R,641149,623912,SI,Sinker,,called_strike,R,R,TOR,TB,92.40,,,1,1,2023,2023-10
2023-10-01,2023,R,641149,623912,CH,Changeup,,ball,R,R,TOR,TB,88.90,,,0,1,2023,2023-10
2023-10-01,2023,R,641149,623912,CU,Curveball,,swinging_strike,R,R,TOR,TB,84.40,,,0,0,2023,2023-10
2023-10-01,2023,R,641149,623912,SI,Sinker,hit_by_pitch,hit_by_pitch,R,R,TOR,TB,92.90,,,2,1,2023,2023-10
2023-10-01,2023,R,641149,623912,CU,Curveball,,ball,R,R,TOR,TB,84.10,,,1,1,2023,2023-10
2023-10-01,2023,R,641149,623912,CU,Curveball,,swinging_strike_blocked,R,R,TOR,TB,83.10,,,1,0,2023,2023-10
2023-10-01,2023,R,641149,623912,SI,Sinker,,blocked_ball,R,R,TOR,TB,93.20,,,0,0,2023,2023-10
2023-10-01,2023,R,641149,623912,SI,Sinker,single,hit_into_play,R,R,TOR,TB,93.20,102.60,19,0,1,2023,2023-10
2023-10-01,2023,R,641149,623912,SL,Slider,,called_strike,R,R,TOR,TB,87.30,,,0,0,2023,2023-10
2023-10-01,2023,R,641149,650907,CU,Curveball,single,hit_into_play,R,R,TOR,TB,83.30,92.00,9,0,0,2023,2023-10
2023-10-01,2023,R,641149,650907,SL,Slider,single,hit_into_play,R,R,TOR,TB,85.80,79.50,19,1,0,2023,2023-10
2023-10-01,2023,R,641149,650907,SI,Sinker,,ball,R,R,TOR,TB,92.80,,,0,0,2023,2023-10
2023-10-01,2023,R,641149,666018,SI,Sinker,field_out,hit_into_play,L,R,TOR,TB,91.80,96.50,21,0,0,2023,2023-10
2023-10-01,2023,R,641149,666018,FF,4-Seam Fastball,home_run,hit_into_play,L,R,TOR,TB,93.30,97.90,30,1,0,2023,2023-10
2023-10-01,2023,R,641149,666018,CH,Changeup,,blocked_ball,L,R,TOR,TB,89.10,,,0,0,2023,2023-10
2023-10-01,2023,R,641149,666018,CU,Curveball,single,hit_into_play,L,R,TOR,TB,82.70,101.30,9,0,2,2023,2023-10
2023-10-01,2023,R,641149,666018,FF,4-Seam Fastball,,foul,L,R,TOR,TB,95.30,76.40,26,0,2,2023,2023-10
2023-10-01,2023,R,641149,666018,CH,Changeup,,foul,L,R,TOR,TB,88.20,93.10,-33,0,1,2023,2023-10
2023-10-01,2023,R,641149,666018,CU,Curveball,,foul,L,R,TOR,TB,82.60,32.10,-20,0,0,2023,2023-10
2023-10-01,2023,R,641149,666139,SI,Sinker,strikeout,called_strike,L,R,TOR,TB,92.90,,,2,2,2023,2023-10
2023-10-01,2023,R,641149,666139,CU,Curveball,,ball,L,R,TOR,TB,83.40,,,1,2,2023,2023-10
2023-10-01,2023,R,641149,666139,FF,4-Seam Fastball,,foul,L,R,TOR,TB,93.50,,,1,2,2023,2023-10
2023-10-01,2023,R,641149,666139,FF,4-Seam Fastball,,ball,L,R,TOR,TB,93.80,,,0,2,2023,2023-10
2023-10-01,2023,R,641149,666139,FF,4-Seam Fastball,,called_strike,L,R,TOR,TB,93.70,,,0,1,2023,2023-10
2023-10-01,2023,R,641149,666139,FF,4-Seam Fastball,,called_strike,L,R,TOR,TB,93.00,,,0,0,2023,2023-10
2023-10-01,2023,R,641149,666139,FF,4-Seam Fastball,double,hit_into_play,L,R,TOR,TB,93.90,86.10,5,3,2,2023,2023-10
2023-10-01,2023,R,641149,666139,CU,Curveball,,blocked_ball,L,R,TOR,TB,81.40,,,2,2,2023,2023-10
2023-10-01,2023,R,641149,666139,CU,Curveball,,ball,L,R,TOR,TB,82.30,,,1,2,2023,2023-10
2023-10-01,2023,R,641149,666139,FF,4-Seam Fastball,,foul,L,R,TOR,TB,93.80,69.70,36,1,2,2023,2023-10
2023-10-01,2023,R,641149,666139,CU,Curveball,,swinging_strike,L,R,TOR,TB,83.90,,,1,1,2023,2023-10
2023-10-01,2023,R,641149,666139,FF,4-Seam Fastball,,foul,L,R,TOR,TB,94.20,83.80,44,1,0,2023,2023-10
2023-10-01,2023,R,641149,666139,FF,4-Seam Fastball,,ball,L,R,TOR,TB,93.80,,,0,0,2023,2023-10
2023-10-01,2023,R,641149,666139,FF,4-Seam Fastball,field_out,hit_into_play,L,R,TOR,TB,94.80,97.80,41,3,2,2023,2023-10
2023-10-01,2023,R,641149,666139,CU,Curveball,,ball,L,R,TOR,TB,83.30,,,2,2,2023,2023-10
2023-10-01,2023,R,641149,666139,CU,Curveball,,foul,L,R,TOR,TB,83.20,64.60,-29,2,1,2023,2023-10
2023-10-01,2023,R,641149,666139,FF,4-Seam Fastball,,ball,L,R,TOR,TB,95.40,,,1,1,2023,2023-10
2023-10-01,2023,R,641149,666139,FF,4-Seam Fastball,,called_strike,L,R,TOR,TB,93.80,,,1,0,2023,2023-10
2023-10-01,2023,R,641149,666139,FF,4-Seam Fastball,,ball,L,R,TOR,TB,93.10,,,0,0,2023,2023-10
2023-10-01,2023,R,641149,670623,FF,4-Seam Fastball,field_out,hit_into_play,R,R,TOR,TB,94.40,89.90,72,0,0,2023,2023-10
2023-10-01,2023,R,641149,670623,FF,4-Seam Fastball,walk,ball,R,R,TOR,TB,92.30,,,3,0,2023,2023-10
2023-10-01,2023,R,641149,670623,SI,Sinker,,blocked_ball,R,R,TOR,TB,92.40,,,2,0,2023,2023-10
2023-10-01,2023,R,641149,670623,CU,Curveball,,blocked_ball,R,R,TOR,TB,82.40,,,1,0,2023,2023-10
2023-10-01,2023,R,641149,670623,FF,4-Seam Fastball,,ball,R,R,TOR,TB,93.00,,,0,0,2023,2023-10
2023-10-01,2023,R,641149,670623,CU,Curveball,walk,blocked_ball,R,R,TOR,TB,83.10,,,3,2,2023,2023-10
2023-10-01,2023,R,641149,670623,FF,4-Seam Fastball,,ball,R,R,TOR,TB,94.30,,,2,2,2023,2023-10
2023-10-01,2023,R,641149,670623,FF,4-Seam Fastball,,foul,R,R,TOR,TB,95.00,67.50,56,2,2,2023,2023-10
2023-10-01,2023,R,641149,670623,CU,Curveball,,called_strike,R,R,TOR,TB,82.30,,,2,1,2023,2023-10
2023-10-01,2023,R,641149,670623,CU,Curveball,,ball,R,R,TOR,TB,82.50,,,1,1,2023,2023-10
2023-10-01,2023,R,641149,670623,SL,Slider,,foul,R,R,TOR,TB,86.60,98.90,26,1,0,2023,2023-10
2023-10-01,2023,R,641149,670623,SI,Sinker,,ball,R,R,TOR,TB,94.30,,,0,0,2023,2023-10
2023-10-01,2023,R,641149,678554,FF,4-Seam Fastball,field_out,hit_into_play,R,R,TOR,TB,93.20,55.90,46,1,2,2023,2023-10
2023-10-01,2023,R,641149,678554,SL,Slider,,foul,R,R,TOR,TB,86.60,75.40,49,1,1,2023,2023-10
2023-10-01,2023,R,641149,678554,CU,Curveball,,ball,R,R,TOR,TB,83.50,,,0,1,2023,2023-10
2023-10-01,2023,R,641149,678554,FF,4-Seam Fastball,,called_strike,R,R,TOR,TB,93.20,,,0,0,2023,2023-10
2023-10-01,2023,R,641149,678554,SI,Sinker,field_out,hit_into_play,R,R,TOR,TB,93.60,91.10,-19,1,0,2023,2023-10
2023-10-01,2023,R,641149,678554,SI,Sinker,,ball,R,R,TOR,TB,92.80,,,0,0,2023,2023-10
2023-10-01,2023,R,641149,678554,CU,Curveball,walk,ball,R,R,TOR,TB,82.10,,,3,2,2023,2023-10
2023-10-01,2023,R,641149,678554,CU,Curveball,,ball,R,R,TOR,TB,84.30,,,2,2,2023,2023-10
2023-10-01,2023,R,641149,678554,SI,Sinker,,called_strike,R,R,TOR,TB,92.90,,,2,1,2023,2023-10
2023-10-01,2023,R,641149,678554,SL,Slider,,ball,R,R,TOR,TB,87.00,,,1,1,2023,2023-10
2023-10-01,2023,R,641149,678554,CU,Curveball,,called_strike,R,R,TOR,TB,83.00,,,1,0,2023,2023-10
2023-10-01,2023,R,641149,678554,FF,4-Seam Fastball,,ball,R,R,TOR,TB,94.10,,,0,0,2023,2023-10
2023-10-01,2023,R,641149,691406,CU,Curveball,strikeout,swinging_strike,R,R,TOR,TB,84.90,,,0,2,2023,2023-10
2023-10-01,2023,R,641149,691406,SI,Sinker,,called_strike,R,R,TOR,TB,92.60,,,0,1,2023,2023-10
2023-10-01,2023,R,641149,691406,SI,Sinker,,called_strike,R,R,TOR,TB,92.50,,,0,0,2023,2023-10
2023-10-01,2023,R,641149,691406,SI,Sinker,single,hit_into_play,R,R,TOR,TB,93.60,92.90,-4,1,1,2023,2023-10
2023-10-01,2023,R,641149,691406,SL,Slider,,swinging_strike,R,R,TOR,TB,86.30,,,1,0,2023,2023-10
2023-10-01,2023,R,641149,691406,CU,Curveball,,blocked_ball,R,R,TOR,TB,83.00,,,0,0,2023,2023-10
2023-10-01,2023,R,641149,691406,SI,Sinker,field_out,hit_into_play,R,R,TOR,TB,93.10,108.60,-6,0,0,2023,2023-10
2023-10-01,2023,R,641427,425794,FF,4-Seam Fastball,strikeout,swinging_strike,R,R,STL,CIN,95.30,,,0,2,2023,2023-10
2023-10-01,2023,R,641427,425794,FF,4-Seam Fastball,,foul,R,R,STL,CIN,94.40,71.90,51,0,2,2023,2023-10
2023-10-01,2023,R,641427,425794,FF,4-Seam Fastball,,foul,R,R,STL,CIN,95.00,78.30,40,0,2,2023,2023-10
2023-10-01,2023,R,641427,425794,FF,4-Seam Fastball,,swinging_strike,R,R,STL,CIN,94.30,,,0,1,2023,2023-10
2023-10-01,2023,R,641427,425794,FF,4-Seam Fastball,,called_strike,R,R,STL,CIN,95.20,,,0,0,2023,2023-10
2023-10-01,2023,R,641427,663609,CU,Curveball,field_out,hit_into_play,R,R,STL,CIN,83.60,92.40,36,1,2,2023,2023-10
2023-10-01,2023,R,641427,663609,SI,Sinker,,foul,R,R,STL,CIN,95.00,83.90,-37,1,1,2023,2023-10
2023-10-01,2023,R,641427,663609,ST,Sweeper,,called_strike,R,R,STL,CIN,83.20,,,1,0,2023,2023-10
2023-10-01,2023,R,641427,663609,FC,Cutter,,ball,R,R,STL,CIN,91.30,,,0,0,2023,2023-10
2023-10-01,2023,R,641427,668800,ST,Sweeper,strikeout,called_strike,R,R,STL,CIN,84.00,,,2,2,2023,2023-10
2023-10-01,2023,R,641427,668800,ST,Sweeper,,ball,R,R,STL,CIN,83.20,,,1,2,2023,2023-10
2023-10-01,2023,R,641427,668800,ST,Sweeper,,ball,R,R,STL,CIN,84.20,,,0,2,2023,2023-10
2023-10-01,2023,R,641427,668800,SI,Sinker,,foul,R,R,STL,CIN,93.80,,-44,0,1,2023,2023-10
2023-10-01,2023,R,641427,668800,SL,Slider,,called_strike,R,R,STL,CIN,84.10,,,0,0,2023,2023-10
2023-10-01,2023,R,641427,676761,FF,4-Seam Fastball,field_out,hit_into_play,L,R,STL,CIN,93.90,98.30,4,1,2,2023,2023-10
2023-10-01,2023,R,641427,676761,CU,Curveball,,foul,L,R,STL,CIN,83.00,85.70,-15,1,2,2023,2023-10
2023-10-01,2023,R,641427,676761,FF,4-Seam Fastball,,ball,L,R,STL,CIN,94.40,,,0,2,2023,2023-10
2023-10-01,2023,R,641427,676761,CU,Curveball,,called_strike,L,R,STL,CIN,83.70,,,0,1,2023,2023-10
2023-10-01,2023,R,641427,676761,CU,Curveball,,called_strike,L,R,STL,CIN,83.30,,,0,0,2023,2023-10
2023-10-01,2023,R,641427,680700,FC,Cutter,field_out,hit_into_play,L,R,STL,CIN,91.50,86.10,-24,0,1,2023,2023-10
2023-10-01,2023,R,641427,680700,CU,Curveball,,called_strike,L,R,STL,CIN,83.60,,,0,0,2023,2023-10
2023-10-01,2023,R,641427,691023,SI,Sinker,field_out,hit_into_play,R,R,STL,CIN,95.00,103.40,25,1,0,2023,2023-10
2023-10-01,2023,R,641427,691023,ST,Sweeper,,ball,R,R,STL,CIN,83.40,,,0,0,2023,2023-10
2023-10-01,2023,R,641540,553993,SI,Sinker,single,hit_into_play,R,R,SEA,TEX,91.20,95.30,7,1,1,2023,2023-10
2023-10-01,2023,R,641540,553993,SI,Sinker,,ball,R,R,SEA,TEX,90.80,,,0,1,2023,2023-10
2023-10-01,2023,R,641540,553993,SL,Slider,,called_strike,R,R,SEA,TEX,80.30,,,0,0,2023,2023-10
2023-10-01,2023,R,641540,553993,SL,Slider,strikeout,swinging_strike,R,R,SEA,TEX,80.70,,,0,2,2023,2023-10
2023-10-01,2023,R,641540,553993,SL,Slider,,swinging_strike,R,R,SEA,TEX,80.90,,,0,1,2023,2023-10
2023-10-01,2023,R,641540,553993,SI,Sinker,,called_strike,R,R,SEA,TEX,89.50,,,0,0,2023,2023-10
2023-10-01,2023,R,641540,641487,SL,Slider,field_out,hit_into_play,L,R,SEA,TEX,80.80,99.50,49,1,1,2023,2023-10
2023-10-01,2023,R,641540,641487,CH,Changeup,,called_strike,L,R,SEA,TEX,85.90,,,1,0,2023,2023-10
2023-10-01,2023,R,641540,641487,KC,Knuckle Curve,,blocked_ball,L,R,SEA,TEX,78.20,,,0,0,2023,2023-10
2023-10-01,2023,R,641540,641487,FC,Cutter,field_out,hit_into_play,L,R,SEA,TEX,87.60,40.20,5,0,0,2023,2023-10
2023-10-01,2023,R,641540,645801,FC,Cutter,single,hit_into_play,L,R,SEA,TEX,88.50,70.00,29,0,1,2023,2023-10
2023-10-01,2023,R,641540,645801,FC,Cutter,,foul,L,R,SEA,TEX,88.60,74.20,34,0,0,2023,2023-10
2023-10-01,2023,R,641540,663728,CH,Changeup,field_out,hit_into_play,L,R,SEA,TEX,85.10,81.00,40,2,0,2023,2023-10
2023-10-01,2023,R,641540,663728,FC,Cutter,,ball,L,R,SEA,TEX,88.60,,,1,0,2023,2023-10
2023-10-01,2023,R,641540,663728,CH,Changeup,,ball,L,R,SEA,TEX,83.80,,,0,0,2023,2023-10
2023-10-01,2023,R,641540,663728,SL,Slider,strikeout,swinging_strike_blocked,L,R,SEA,TEX,81.70,,,0,2,2023,2023-10
2023-10-01,2023,R,641540,663728,FC,Cutter,,swinging_strike,L,R,SEA,TEX,89.40,,,0,1,2023,2023-10
2023-10-01,2023,R,641540,663728,FC,Cutter,,foul,L,R,SEA,TEX,88.30,77.80,75,0,0,2023,2023-10
2023-10-01,2023,R,641540,664034,SL,Slider,walk,ball,R,R,SEA,TEX,82.40,,,3,2,2023,2023-10
2023-10-01,2023,R,641540,664034,SI,Sinker,,ball,R,R,SEA,TEX,92.00,,,2,2,2023,2023-10
2023-10-01,2023,R,641540,664034,SL,Slider,,blocked_ball,R,R,SEA,TEX,81.20,,,1,2,2023,2023-10
2023-10-01,2023,R,641540,664034,SI,Sinker,,ball,R,R,SEA,TEX,92.10,,,0,2,2023,2023-10
2023-10-01,2023,R,641540,664034,SL,Slider,,foul,R,R,SEA,TEX,80.50,81.90,-32,0,2,2023,2023-10
2023-10-01,2023,R,641540,664034,SL,Slider,,called_strike,R,R,SEA,TEX,80.40,,,0,1,2023,2023-10
2023-10-01,2023,R,641540,664034,SI,Sinker,,called_strike,R,R,SEA,TEX,90.70,,,0,0,2023,2023-10
2023-10-01,2023,R,641540,664034,SL,Slider,single,hit_into_play,R,R,SEA,TEX,80.10,105.90,18,0,2,2023,2023-10
2023-10-01,2023,R,641540,664034,SL,Slider,,swinging_strike,R,R,SEA,TEX,80.70,,,0,1,2023,2023-10
2023-10-01,2023,R,641540,664034,SL,Slider,,swinging_strike,R,R,SEA,TEX,78.70,,,0,0,2023,2023-10
2023-10-01,2023,R,641540,668942,SL,Slider,field_out,hit_into_play,L,R,SEA,TEX,81.20,77.90,64,3,2,2023,2023-10
2023-10-01,2023,R,641540,668942,CH,Changeup,,foul,L,R,SEA,TEX,85.80,66.60,-42,3,2,2023,2023-10
2023-10-01,2023,R,641540,668942,SI,Sinker,,ball,L,R,SEA,TEX,91.90,,,2,2,2023,2023-10
2023-10-01,2023,R,641540,668942,CH,Changeup,,ball,L,R,SEA,TEX,84.40,,,1,2,2023,2023-10
2023-10-01,2023,R,641540,668942,FC,Cutter,,foul,L,R,SEA,TEX,89.70,89.80,36,1,1,2023,2023-10
2023-10-01,2023,R,641540,668942,CH,Changeup,,ball,L,R,SEA,TEX,86.40,,,0,1,2023,2023-10
2023-10-01,2023,R,641540,668942,SL,Slider,,called_strike,L,R,SEA,TEX,80.00,,,0,0,2023,2023-10
2023-10-01,2023,R,641540,672284,SL,Slider,single,hit_into_play,L,R,SEA,TEX,81.40,91.10,12,1,2,2023,2023-10
2023-10-01,2023,R,641540,672284,SL,Slider,,foul_tip,L,R,SEA,TEX,79.70,,,1,1,2023,2023-10
2023-10-01,2023,R,641540,672284,CH,Changeup,,ball,L,R,SEA,TEX,84.00,,,0,1,2023,2023-10
2023-10-01,2023,R,641540,672284,CH,Changeup,,called_strike,L,R,SEA,TEX,85.50,,,0,0,2023,2023-10
2023-10-01,2023,R,641540,672284,CH,Changeup,field_out,hit_into_play,L,R,SEA,TEX,85.60,80.80,4,1,1,2023,2023-10
2023-10-01,2023,R,641540,672284,FC,Cutter,,foul,L,R,SEA,TEX,89.00,65.70,69,1,0,2023,2023-10
2023-10-01,2023,R,641540,672284,SL,Slider,,ball,L,R,SEA,TEX,78.40,,,0,0,2023,2023-10
2023-10-01,2023,R,641540,677594,SI,Sinker,force_out,hit_into_play,R,R,SEA,TEX,91.10,96.10,-36,3,1,2023,2023-10
2023-10-01,2023,R,641540,677594,SL,Slider,,ball,R,R,SEA,TEX,80.80,,,2,1,2023,2023-10
2023-10-01,2023,R,641540,677594,SI,Sinker,,ball,R,R,SEA,TEX,91.40,,,1,1,2023,2023-10
2023-10-01,2023,R,641540,677594,SL,Slider,,blocked_ball,R,R,SEA,TEX,81.20,,,0,1,2023,2023-10
2023-10-01,2023,R,641540,677594,SL,Slider,,foul,R,R,SEA,TEX,80.50,67.40,-58,0,0,2023,2023-10
2023-10-01,2023,R,641540,677594,SL,Slider,strikeout,swinging_strike_blocked,R,R,SEA,TEX,81.80,,,0,2,2023,2023-10
2023-10-01,2023,R,641540,677594,SL,Slider,,swinging_strike,R,R,SEA,TEX,80.80,,,0,1,2023,2023-10
2023-10-01,2023,R,641540,677594,SI,Sinker,,called_strike,R,R,SEA,TEX,89.30,,,0,0,2023,2023-10
2023-10-01,2023,R,641540,686527,SL,Slider,strikeout,swinging_strike_blocked,L,R,SEA,TEX,81.20,,,1,2,2023,2023-10
2023-10-01,2023,R,641540,686527,CH,Changeup,,foul,L,R,SEA,TEX,84.30,78.60,77,1,1,2023,2023-10
2023-10-01,2023,R,641540,686527,CH,Changeup,,foul_tip,L,R,SEA,TEX,85.10,,,1,0,2023,2023-10
2023-10-01,2023,R,641540,686527,SL,Slider,,ball,L,R,SEA,TEX,79.60,,,0,0,2023,2023-10
2023-10-01,2023,R,641729,608841,FF,4-Seam Fastball,field_out,hit_into_play,R,R,ATL,WSH,96.50,101.40,16,0,1,2023,2023-10
2023-10-01,2023,R,641729,608841,FF,4-Seam Fastball,,foul,R,R,ATL,WSH,96.50,,,0,0,2023,2023-10
2023-10-01,2023,R,641729,657041,SL,Slider,single,hit_into_play,R,R,ATL,WSH,86.60,58.40,-47,1,1,2023,2023-10
2023-10-01,2023,R,641729,657041,SL,Slider,,ball,R,R,ATL,WSH,86.40,,,0,1,2023,2023-10
2023-10-01,2023,R,641729,657041,FF,4-Seam Fastball,,called_strike,R,R,ATL,WSH,96.00,,,0,0,2023,2023-10
2023-10-01,2023,R,641729,682928,SL,Slider,single,hit_into_play,L,R,ATL,WSH,85.60,101.60,3,1,2,2023,2023-10
2023-10-01,2023,R,641729,682928,FF,4-Seam Fastball,,foul,L,R,ATL,WSH,95.50,80.00,57,1,2,2023,2023-10
2023-10-01,2023,R,641729,682928,FF,4-Seam Fastball,,ball,L,R,ATL,WSH,96.20,,,0,2,2023,2023-10
2023-10-01,2023,R,641729,682928,FF,4-Seam Fastball,,foul,L,R,ATL,WSH,96.50,,,0,1,2023,2023-10
2023-10-01,2023,R,641729,682928,FF,4-Seam Fastball,,called_strike,L,R,ATL,WSH,97.00,,,0,0,2023,2023-10
2023-10-01,2023,R,641729,696285,SL,Slider,field_out,hit_into_play,R,R,ATL,WSH,87.40,97.00,-5,1,2,2023,2023-10
2023-10-01,2023,R,641729,696285,FF,4-Seam Fastball,,foul,R,R,ATL,WSH,95.80,,,1,1,2023,2023-10
2023-10-01,2023,R,641729,696285,SL,Slider,,ball,R,R,ATL,WSH,85.10,,,0,1,2023,2023-10
2023-10-01,2023,R,641729,696285,SL,Slider,,foul,R,R,ATL,WSH,86.30,27.00,47,0,0,2023,2023-10
2023-10-01,2023,R,641743,624641,FF,4-Seam Fastball,strikeout,swinging_strike,R,L,NYM,PHI,94.20,,,0,2,2023,2023-10
2023-10-01,2023,R,641743,624641,FF,4-Seam Fastball,,foul,R,L,NYM,PHI,95.10,67.40,37,0,2,2023,2023-10
2023-10-01,2023,R,641743,624641,FF,4-Seam Fastball,,foul,R,L,NYM,PHI,95.70,66.00,39,0,1,2023,2023-10
2023-10-01,2023,R,641743,624641,FF,4-Seam Fastball,,foul,R,L,NYM,PHI,94.70,52.20,39,0,0,2023,2023-10
2023-10-01,2023,R,641743,664761,FF,4-Seam Fastball,sac_fly,hit_into_play,R,L,NYM,PHI,95.60,87.80,29,1,0,2023,2023-10
2023-10-01,2023,R,641743,664761,SL,Slider,,ball,R,L,NYM,PHI,89.10,,,0,0,2023,2023-10
2023-10-01,2023,R,641743,669016,ST,Sweeper,home_run,hit_into_play,L,L,NYM,PHI,79.90,99.80,33,0,2,2023,2023-10
2023-10-01,2023,R,641743,669016,FF,4-Seam Fastball,,foul_tip,L,L,NYM,PHI,95.10,,,0,1,2023,2023-10
2023-10-01,2023,R,641743,669016,SL,Slider,,called_strike,L,L,NYM,PHI,87.60,,,0,0,2023,2023-10
2023-10-01,2023,R,641743,681082,ST,Sweeper,walk,ball,L,L,NYM,PHI,79.50,,,3,2,2023,2023-10
2023-10-01,2023,R,641743,681082,SL,Slider,,foul,L,L,NYM,PHI,85.40,75.20,52,3,1,2023,2023-10
2023-10-01,2023,R,641743,681082,FF,4-Seam Fastball,,called_strike,L,L,NYM,PHI,93.80,,,3,0,2023,2023-10
2023-10-01,2023,R,641743,681082,FF,4-Seam Fastball,,ball,L,L,NYM,PHI,93.70,,,2,0,2023,2023-10
2023-10-01,2023,R,641743,681082,FF,4-Seam Fastball,,ball,L,L,NYM,PHI,93.80,,,1,0,2023,2023-10
2023-10-01,2023,R,641743,681082,SL,Slider,,ball,L,L,NYM,PHI,86.90,,,0,0,2023,2023-10
2023-10-01,2023,R,641755,456781,FF,4-Seam Fastball,single,hit_into_play,R,R,COL,MIN,96.90,74.20,29,0,1,2023,2023-10
2023-10-01,2023,R,641755,456781,FF,4-Seam Fastball,,called_strike,R,R,COL,MIN,96.70,,,0,0,2023,2023-10
2023-10-01,2023,R,641755,571657,SL,Slider,strikeout,swinging_strike,R,R,COL,MIN,91.50,,,1,2,2023,2023-10
2023-10-01,2023,R,641755,571657,SL,Slider,,swinging_strike,R,R,COL,MIN,91.20,,,1,1,2023,2023-10
2023-10-01,2023,R,641755,571657,FF,4-Seam Fastball,,ball,R,R,COL,MIN,96.80,,,0,1,2023,2023-10
2023-10-01,2023,R,641755,571657,FF,4-Seam Fastball,,foul,R,R,COL,MIN,97.10,74.80,41,0,0,2023,2023-10
2023-10-01,2023,R,641755,656669,SL,Slider,field_out,hit_into_play,R,R,COL,MIN,92.40,97.00,50,0,2,2023,2023-10
2023-10-01,2023,R,641755,656669,SL,Slider,,foul,R,R,COL,MIN,91.70,86.90,87,0,2,2023,2023-10
2023-10-01,2023,R,641755,656669,SL,Slider,,called_strike,R,R,COL,MIN,89.50,,,0,1,2023,2023-10
2023-10-01,2023,R,641755,656669,FF,4-Seam Fastball,,foul,R,R,COL,MIN,96.80,54.50,-48,0,0,2023,2023-10
2023-10-01,2023,R,641755,664057,FF,4-Seam Fastball,field_out,hit_into_play,L,R,COL,MIN,97.30,85.90,-25,0,1,2023,2023-10
2023-10-01,2023,R,641755,664057,FF,4-Seam Fastball,,called_strike,L,R,COL,MIN,96.10,,,0,0,2023,2023-10
2023-10-01,2023,R,641835,623912,SL,Slider,field_out,hit_into_play,R,L,TOR,TB,85.00,97.90,-17,1,0,2023,2023-10
2023-10-01,2023,R,641835,623912,SL,Slider,,ball,R,L,TOR,TB,85.50,,,0,0,2023,2023-10
2023-10-01,2023,R,641835,650907,SI,Sinker,strikeout,swinging_strike,R,L,TOR,TB,92.60,,,2,2,2023,2023-10
2023-10-01,2023,R,641835,650907,SL,Slider,,ball,R,L,TOR,TB,84.70,,,1,2,2023,2023-10
2023-10-01,2023,R,641835,650907,SL,Slider,,swinging_strike,R,L,TOR,TB,85.20,,,1,1,2023,2023-10
2023-10-01,2023,R,641835,650907,SI,Sinker,,swinging_strike,R,L,TOR,TB,92.40,,,1,0,2023,2023-10
2023-10-01,2023,R,641835,650907,SI,Sinker,,ball,R,L,TOR,TB,91.90,,,0,0,2023,2023-10
2023-10-01,2023,R,641835,666139,SI,Sinker,strikeout,called_strike,L,L,TOR,TB,93.90,,,2,2,2023,2023-10
2023-10-01,2023,R,641835,666139,SI,Sinker,,ball,L,L,TOR,TB,94.00,,,1,2,2023,2023-10
2023-10-01,2023,R,641835,666139,SL,Slider,,ball,L,L,TOR,TB,87.10,,,0,2,2023,2023-10
2023-10-01,2023,R,641835,666139,SI,Sinker,,called_strike,L,L,TOR,TB,93.60,,,0,1,2023,2023-10
2023-10-01,2023,R,641835,666139,SI,Sinker,,called_strike,L,L,TOR,TB,92.70,,,0,0,2023,2023-10
2023-10-01,2023,R,641835,691406,SI,Sinker,home_run,hit_into_play,R,L,TOR,TB,94.00,107.20,23,1,0,2023,2023-10
2023-10-01,2023,R,641835,691406,SL,Slider,,ball,R,L,TOR,TB,85.60,,,0,0,2023,2023-10
2023-10-01,2023,R,641927,453568,FF,4-Seam Fastball,field_out,hit_into_play,L,R,COL,MIN,91.00,80.80,-13,0,0,2023,2023-10
2023-10-01,2023,R,641927,453568,CH,Changeup,field_out,hit_into_play,L,R,COL,MIN,85.20,99.10,-16,0,1,2023,2023-10
2023-10-01,2023,R,641927,453568,FF,4-Seam Fastball,,called_strike,L,R,COL,MIN,90.40,,,0,0,2023,2023-10
2023-10-01,2023,R,641927,453568,FF,4-Seam Fastball,field_out,hit_into_play,L,R,COL,MIN,91.60,90.60,52,0,0,2023,2023-10
2023-10-01,2023,R,641927,592178,CH,Changeup,strikeout,swinging_strike,R,R,COL,MIN,83.70,,,3,2,2023,2023-10
2023-10-01,2023,R,641927,592178,CH,Changeup,,ball,R,R,COL,MIN,82.90,,,2,2,2023,2023-10
2023-10-01,2023,R,641927,592178,FF,4-Seam Fastball,,foul,R,R,COL,MIN,92.10,80.20,58,2,1,2023,2023-10
2023-10-01,2023,R,641927,592178,FF,4-Seam Fastball,,swinging_strike,R,R,COL,MIN,92.20,,,2,0,2023,2023-10
2023-10-01,2023,R,641927,592178,CH,Changeup,,ball,R,R,COL,MIN,84.10,,,1,0,2023,2023-10
2023-10-01,2023,R,641927,592178,FF,4-Seam Fastball,,ball,R,R,COL,MIN,91.10,,,0,0,2023,2023-10
2023-10-01,2023,R,641927,592178,CH,Changeup,field_out,hit_into_play,R,R,COL,MIN,83.90,95.50,43,1,0,2023,2023-10
2023-10-01,2023,R,641927,592178,CU,Curveball,,ball,R,R,COL,MIN,75.50,,,0,0,2023,2023-10
2023-10-01,2023,R,641927,592178,CH,Changeup,strikeout,swinging_strike,R,R,COL,MIN,83.10,,,0,2,2023,2023-10
2023-10-01,2023,R,641927,592178,CH,Changeup,,foul,R,R,COL,MIN,84.00,76.80,-16,0,2,2023,2023-10
2023-10-01,2023,R,641927,592178,CH,Changeup,,swinging_strike,R,R,COL,MIN,82.90,,,0,1,2023,2023-10
2023-10-01,2023,R,641927,592178,CH,Changeup,,swinging_strike,R,R,COL,MIN,83.00,,,0,0,2023,2023-10
2023-10-01,2023,R,641927,641857,ST,Sweeper,strikeout,swinging_strike,L,R,COL,MIN,79.80,,,1,2,2023,2023-10
2023-10-01,2023,R,641927,641857,CH,Changeup,,ball,L,R,COL,MIN,84.90,,,0,2,2023,2023-10
2023-10-01,2023,R,641927,641857,CH,Changeup,,foul,L,R,COL,MIN,84.30,73.10,-30,0,1,2023,2023-10
2023-10-01,2023,R,641927,641857,FF,4-Seam Fastball,,foul,L,R,COL,MIN,91.10,74.00,65,0,0,2023,2023-10
2023-10-01,2023,R,641927,641857,CH,Changeup,field_out,hit_into_play,L,R,COL,MIN,84.20,70.70,-13,1,0,2023,2023-10
2023-10-01,2023,R,641927,641857,ST,Sweeper,,ball,L,R,COL,MIN,79.20,,,0,0,2023,2023-10
2023-10-01,2023,R,641927,642851,FF,4-Seam Fastball,field_out,hit_into_play,R,R,COL,MIN,91.80,95.10,-11,3,2,2023,2023-10
2023-10-01,2023,R,641927,642851,CH,Changeup,,foul,R,R,COL,MIN,83.10,,,3,2,2023,2023-10
2023-10-01,2023,R,641927,642851,CH,Changeup,,ball,R,R,COL,MIN,82.90,,,2,2,2023,2023-10
2023-10-01,2023,R,641927,642851,FF,4-Seam Fastball,,foul,R,R,COL,MIN,92.60,89.80,13,2,2,2023,2023-10
2023-10-01,2023,R,641927,642851,CH,Changeup,,ball,R,R,COL,MIN,84.20,,,1,2,2023,2023-10
2023-10-01,2023,R,641927,642851,ST,Sweeper,,ball,R,R,COL,MIN,79.10,,,0,2,2023,2023-10
2023-10-01,2023,R,641927,642851,ST,Sweeper,,foul,R,R,COL,MIN,79.50,65.00,27,0,2,2023,2023-10
2023-10-01,2023,R,641927,642851,FF,4-Seam Fastball,,swinging_strike,R,R,COL,MIN,91.30,,,0,1,2023,2023-10
2023-10-01,2023,R,641927,642851,FF,4-Seam Fastball,,called_strike,R,R,COL,MIN,90.90,,,0,0,2023,2023-10
2023-10-01,2023,R,641927,642851,CH,Changeup,strikeout,swinging_strike,R,R,COL,MIN,83.50,,,1,2,2023,2023-10
2023-10-01,2023,R,641927,642851,FF,4-Seam Fastball,,foul,R,R,COL,MIN,92.50,83.60,30,1,2,2023,2023-10
2023-10-01,2023,R,641927,642851,ST,Sweeper,,ball,R,R,COL,MIN,81.30,,,0,2,2023,2023-10
2023-10-01,2023,R,641927,642851,FF,4-Seam Fastball,,swinging_strike,R,R,COL,MIN,91.40,,,0,1,2023,2023-10
2023-10-01,2023,R,641927,642851,FF,4-Seam Fastball,,swinging_strike,R,R,COL,MIN,91.40,,,0,0,2023,2023-10
2023-10-01,2023,R,641927,660707,CH,Changeup,strikeout,swinging_strike,R,R,COL,MIN,83.80,,,0,2,2023,2023-10
2023-10-01,2023,R,641927,660707,ST,Sweeper,,foul,R,R,COL,MIN,79.90,82.00,51,0,2,2023,2023-10
2023-10-01,2023,R,641927,660707,CH,Changeup,,swinging_strike,R,R,COL,MIN,84.50,,,0,1,2023,2023-10
2023-10-01,2023,R,641927,660707,FF,4-Seam Fastball,,foul_tip,R,R,COL,MIN,92.20,,,0,0,2023,2023-10
2023-10-01,2023,R,641927,660707,CH,Changeup,field_out,hit_into_play,R,R,COL,MIN,84.40,95.60,42,3,2,2023,2023-10
2023-10-01,2023,R,641927,660707,FF,4-Seam Fastball,,ball,R,R,COL,MIN,91.70,,,2,2,2023,2023-10
2023-10-01,2023,R,641927,660707,CH,Changeup,,ball,R,R,COL,MIN,83.60,,,1,2,2023,2023-10
2023-10-01,2023,R,641927,660707,CH,Changeup,,foul,R,R,COL,MIN,84.00,81.40,-11,1,1,2023,2023-10
2023-10-01,2023,R,641927,660707,ST,Sweeper,,ball,R,R,COL,MIN,78.00,,,0,1,2023,2023-10
2023-10-01,2023,R,641927,660707,CH,Changeup,,called_strike,R,R,COL,MIN,83.90,,,0,0,2023,2023-10
2023-10-01,2023,R,641927,663898,CH,Changeup,field_out,hit_into_play,R,R,COL,MIN,83.90,99.00,26,1,1,2023,2023-10
2023-10-01,2023,R,641927,663898,FF,4-Seam Fastball,,swinging_strike,R,R,COL,MIN,91.20,,,1,0,2023,2023-10
2023-10-01,2023,R,641927,663898,CU,Curveball,,ball,R,R,COL,MIN,74.60,,,0,0,2023,2023-10
2023-10-01,2023,R,641927,663898,FF,4-Seam Fastball,strikeout,swinging_strike,R,R,COL,MIN,91.70,,,3,2,2023,2023-10
2023-10-01,2023,R,641927,663898,FF,4-Seam Fastball,,foul,R,R,COL,MIN,92.20,80.50,40,3,2,2023,2023-10
2023-10-01,2023,R,641927,663898,FF,4-Seam Fastball,,foul,R,R,COL,MIN,92.10,77.50,22,3,2,2023,2023-10
2023-10-01,2023,R,641927,663898,CH,Changeup,,foul,R,R,COL,MIN,84.60,45.70,-32,3,2,2023,2023-10
2023-10-01,2023,R,641927,663898,FF,4-Seam Fastball,,ball,R,R,COL,MIN,91.40,,,2,2,2023,2023-10
2023-10-01,2023,R,641927,663898,CH,Changeup,,called_strike,R,R,COL,MIN,83.60,,,2,1,2023,2023-10
2023-10-01,2023,R,641927,663898,CH,Changeup,,ball,R,R,COL,MIN,83.10,,,1,1,2023,2023-10
2023-10-01,2023,R,641927,663898,ST,Sweeper,,foul,R,R,COL,MIN,78.50,63.80,79,1,0,2023,2023-10
2023-10-01,2023,R,641927,663898,ST,Sweeper,,ball,R,R,COL,MIN,77.50,,,0,0,2023,2023-10
2023-10-01,2023,R,641927,663898,FF,4-Seam Fastball,strikeout,swinging_strike,R,R,COL,MIN,91.40,,,3,2,2023,2023-10
2023-10-01,2023,R,641927,663898,FF,4-Seam Fastball,,ball,R,R,COL,MIN,91.60,,,2,2,2023,2023-10
2023-10-01,2023,R,641927,663898,FF,4-Seam Fastball,,ball,R,R,COL,MIN,90.70,,,1,2,2023,2023-10
2023-10-01,2023,R,641927,663898,CH,Changeup,,foul,R,R,COL,MIN,83.00,88.00,-14,1,1,2023,2023-10
2023-10-01,2023,R,641927,663898,CH,Changeup,,ball,R,R,COL,MIN,83.30,,,0,1,2023,2023-10
2023-10-01,2023,R,641927,663898,FF,4-Seam Fastball,,called_strike,R,R,COL,MIN,91.40,,,0,0,2023,2023-10
2023-10-01,2023,R,641927,666134,FF,4-Seam Fastball,strikeout,swinging_strike,L,R,COL,MIN,91.60,,,3,2,2023,2023-10
2023-10-01,2023,R,641927,666134,FF,4-Seam Fastball,,foul,L,R,COL,MIN,91.10,76.40,60,3,2,2023,2023-10
2023-10-01,2023,R,641927,666134,ST,Sweeper,,ball,L,R,COL,MIN,80.10,,,2,2,2023,2023-10
2023-10-01,2023,R,641927,666134,FF,4-Seam Fastball,,ball,L,R,COL,MIN,91.40,,,1,2,2023,2023-10
2023-10-01,2023,R,641927,666134,FF,4-Seam Fastball,,swinging_strike,L,R,COL,MIN,91.40,,,1,1,2023,2023-10
2023-10-01,2023,R,641927,666134,FF,4-Seam Fastball,,called_strike,L,R,COL,MIN,91.10,,,1,0,2023,2023-10
2023-10-01,2023,R,641927,666134,FF,4-Seam Fastball,,ball,L,R,COL,MIN,90.90,,,0,0,2023,2023-10
2023-10-01,2023,R,641927,666134,CH,Changeup,home_run,hit_into_play,L,R,COL,MIN,85.20,107.60,31,1,2,2023,2023-10
2023-10-01,2023,R,641927,666134,FF,4-Seam Fastball,,foul,L,R,COL,MIN,92.80,74.90,22,1,2,2023,2023-10
2023-10-01,2023,R,641927,666134,FF,4-Seam Fastball,,foul,L,R,COL,MIN,92.30,67.40,50,1,2,2023,2023-10
2023-10-01,2023,R,641927,666134,FF,4-Seam Fastball,,swinging_strike,L,R,COL,MIN,92.30,,,1,1,2023,2023-10
2023-10-01,2023,R,641927,666134,FF,4-Seam Fastball,,ball,L,R,COL,MIN,91.80,,,0,1,2023,2023-10
2023-10-01,2023,R,641927,666134,CU,Curveball,,called_strike,L,R,COL,MIN,75.40,,,0,0,2023,2023-10
2023-10-01,2023,R,641927,666134,CH,Changeup,strikeout,called_strike,L,R,COL,MIN,82.10,,,2,2,2023,2023-10
2023-10-01,2023,R,641927,666134,CH,Changeup,,foul,L,R,COL,MIN,84.30,,,2,2,2023,2023-10
2023-10-01,2023,R,641927,666134,FF,4-Seam Fastball,,ball,L,R,COL,MIN,91.70,,,1,2,2023,2023-10
2023-10-01,2023,R,641927,666134,CH,Changeup,,ball,L,R,COL,MIN,85.00,,,0,2,2023,2023-10
2023-10-01,2023,R,641927,666134,FF,4-Seam Fastball,,foul,L,R,COL,MIN,91.50,81.60,10,0,1,2023,2023-10
2023-10-01,2023,R,641927,666134,FF,4-Seam Fastball,,foul,L,R,COL,MIN,91.70,80.70,13,0,0,2023,2023-10
2023-10-01,2023,R,641927,678662,CH,Changeup,field_out,hit_into_play,R,R,COL,MIN,85.00,58.50,-23,0,1,2023,2023-10
2023-10-01,2023,R,641927,678662,CH,Changeup,,called_strike,R,R,COL,MIN,83.90,,,0,0,2023,2023-10
2023-10-01,2023,R,641927,678662,ST,Sweeper,field_out,hit_into_play,R,R,COL,MIN,78.60,82.20,48,2,2,2023,2023-10
2023-10-01,2023,R,641927,678662,CH,Changeup,,foul,R,R,COL,MIN,83.70,68.60,50,2,1,2023,2023-10
2023-10-01,2023,R,641927,678662,FF,4-Seam Fastball,,ball,R,R,COL,MIN,92.20,,,1,1,2023,2023-10
2023-10-01,2023,R,641927,678662,FF,4-Seam Fastball,,swinging_strike,R,R,COL,MIN,91.40,,,1,0,2023,2023-10
2023-10-01,2023,R,641927,678662,CH,Changeup,,ball,R,R,COL,MIN,83.50,,,0,0,2023,2023-10
2023-10-01,2023,R,641927,686668,CH,Changeup,single,hit_into_play,R,R,COL,MIN,83.10,35.50,-18,0,0,2023,2023-10
2023-10-01,2023,R,641927,686668,CH,Changeup,field_out,hit_into_play,R,R,COL,MIN,84.80,92.50,-1,2,2,2023,2023-10
2023-10-01,2023,R,641927,686668,FF,4-Seam Fastball,,ball,R,R,COL,MIN,91.70,,,1,2,2023,2023-10
2023-10-01,2023,R,641927,686668,FF,4-Seam Fastball,,foul_tip,R,R,COL,MIN,92.40,,,1,1,2023,2023-10
2023-10-01,2023,R,641927,686668,FF,4-Seam Fastball,,ball,R,R,COL,MIN,91.70,,,0,1,2023,2023-10
2023-10-01,2023,R,641927,686668,FF,4-Seam Fastball,,swinging_strike,R,R,COL,MIN,92.40,,,0,0,2023,2023-10
2023-10-01,2023,R,642397,605421,SI,Sinker,field_out,hit_into_play,L,L,NYM,PHI,98.80,64.10,8,0,1,2023,2023-10
2023-10-01,2023,R,642397,605421,SI,Sinker,,called_strike,L,L,NYM,PHI,99.70,,,0,0,2023,2023-10
2023-10-01,2023,R,642397,621466,SL,Slider,strikeout,swinging_strike,L,L,NYM,PHI,89.70,,,1,2,2023,2023-10
2023-10-01,2023,R,642397,621466,FF,4-Seam Fastball,,ball,L,L,NYM,PHI,100.20,,,0,2,2023,2023-10
2023-10-01,2023,R,642397,621466,SI,Sinker,,foul,L,L,NYM,PHI,98.70,70.60,82,0,1,2023,2023-10
2023-10-01,2023,R,642397,621466,FF,4-Seam Fastball,,called_strike,L,L,NYM,PHI,100.10,,,0,0,2023,2023-10
2023-10-01,2023,R,642397,641796,SL,Slider,strikeout,called_strike,R,L,NYM,PHI,89.20,,,0,2,2023,2023-10
2023-10-01,2023,R,642397,641796,FF,4-Seam Fastball,,foul_tip,R,L,NYM,PHI,99.50,,,0,1,2023,2023-10
2023-10-01,2023,R,642397,641796,SI,Sinker,,called_strike,R,L,NYM,PHI,99.70,,,0,0,2023,2023-10
2023-10-01,2023,R,642546,620443,SL,Slider,strikeout,swinging_strike_blocked,R,R,SEA,TEX,87.80,,,2,2,2023,2023-10
2023-10-01,2023,R,642546,620443,SI,Sinker,,called_strike,R,R,SEA,TEX,96.40,,,2,1,2023,2023-10
2023-10-01,2023,R,642546,620443,SL,Slider,,ball,R,R,SEA,TEX,83.20,,,1,1,2023,2023-10
2023-10-01,2023,R,642546,620443,SL,Slider,,called_strike,R,R,SEA,TEX,84.30,,,1,0,2023,2023-10
2023-10-01,2023,R,642546,620443,SI,Sinker,,ball,R,R,SEA,TEX,96.50,,,0,0,2023,2023-10
2023-10-01,2023,R,642546,664238,SI,Sinker,field_out,hit_into_play,R,R,SEA,TEX,95.10,100.00,50,1,1,2023,2023-10
2023-10-01,2023,R,642546,664238,SL,Slider,,ball,R,R,SEA,TEX,82.20,,,0,1,2023,2023-10
2023-10-01,2023,R,642546,664238,SL,Slider,,called_strike,R,R,SEA,TEX,84.10,,,0,0,2023,2023-10
2023-10-01,2023,R,642546,676609,SL,Slider,strikeout,swinging_strike,R,R,SEA,TEX,85.50,,,0,2,2023,2023-10
2023-10-01,2023,R,642546,676609,SL,Slider,,called_strike,R,R,SEA,TEX,84.50,,,0,1,2023,2023-10
2023-10-01,2023,R,642546,676609,SL,Slider,,called_strike,R,R,SEA,TEX,83.90,,,0,0,2023,2023-10
2023-10-01,2023,R,643338,622534,FF,4-Seam Fastball,field_out,hit_into_play,R,R,TOR,TB,95.80,77.40,67,0,0,2023,2023-10
2023-10-01,2023,R,643338,666018,FF,4-Seam Fastball,strikeout,foul_tip,L,R,TOR,TB,95.80,,,1,2,2023,2023-10
2023-10-01,2023,R,643338,666018,SL,Slider,,foul,L,R,TOR,TB,85.70,75.20,-21,1,1,2023,2023-10
2023-10-01,2023,R,643338,666018,FF,4-Seam Fastball,,ball,L,R,TOR,TB,94.70,,,0,1,2023,2023-10
2023-10-01,2023,R,643338,666018,FF,4-Seam Fastball,,called_strike,L,R,TOR,TB,94.50,,,0,0,2023,2023-10
2023-10-01,2023,R,643338,678554,FF,4-Seam Fastball,field_out,hit_into_play,R,R,TOR,TB,95.60,92.10,6,2,2,2023,2023-10
2023-10-01,2023,R,643338,678554,SL,Slider,,foul,R,R,TOR,TB,85.70,49.30,-54,2,1,2023,2023-10
2023-10-01,2023,R,643338,678554,SL,Slider,,ball,R,R,TOR,TB,85.10,,,1,1,2023,2023-10
2023-10-01,2023,R,643338,678554,SL,Slider,,ball,R,R,TOR,TB,86.00,,,0,1,2023,2023-10
2023-10-01,2023,R,643338,678554,SL,Slider,,swinging_strike,R,R,TOR,TB,86.60,,,0,0,2023,2023-10
2023-10-01,2023,R,650633,521692,ST,Sweeper,field_out,hit_into_play,R,R,KC,NYY,81.70,58.40,-49,1,2,2023,2023-10
2023-10-01,2023,R,650633,521692,FF,4-Seam Fastball,,foul,R,R,KC,NYY,93.90,,,1,2,2023,2023-10
2023-10-01,2023,R,650633,521692,ST,Sweeper,,foul,R,R,KC,NYY,82.10,80.10,-45,1,1,2023,2023-10
2023-10-01,2023,R,650633,521692,ST,Sweeper,,swinging_strike,R,R,KC,NYY,83.10,,,1,0,2023,2023-10
2023-10-01,2023,R,650633,521692,ST,Sweeper,,ball,R,R,KC,NYY,82.30,,,0,0,2023,2023-10
2023-10-01,2023,R,650633,521692,FF,4-Seam Fastball,strikeout,swinging_strike,R,R,KC,NYY,96.20,,,1,2,2023,2023-10
2023-10-01,2023,R,650633,521692,FF,4-Seam Fastball,,ball,R,R,KC,NYY,95.30,,,0,2,2023,2023-10
2023-10-01,2023,R,650633,521692,FF,4-Seam Fastball,,called_strike,R,R,KC,NYY,95.80,,,0,1,2023,2023-10
2023-10-01,2023,R,650633,521692,SI,Sinker,,called_strike,R,R,KC,NYY,93.90,,,0,0,2023,2023-10
2023-10-01,2023,R,650633,622110,FF,4-Seam Fastball,single,hit_into_play,R,R,KC,NYY,91.80,99.50,10,3,0,2023,2023-10
2023-10-01,2023,R,650633,622110,SI,Sinker,,ball,R,R,KC,NYY,92.30,,,2,0,2023,2023-10
2023-10-01,2023,R,650633,622110,FF,4-Seam Fastball,,ball,R,R,KC,NYY,90.60,,,1,0,2023,2023-10
2023-10-01,2023,R,650633,622110,SI,Sinker,,ball,R,R,KC,NYY,93.50,,,0,0,2023,2023-10
2023-10-01,2023,R,650633,622110,SI,Sinker,force_out,hit_into_play,R,R,KC,NYY,92.80,95.10,-12,1,1,2023,2023-10
2023-10-01,2023,R,650633,622110,SI,Sinker,,called_strike,R,R,KC,NYY,93.70,,,1,0,2023,2023-10
2023-10-01,2023,R,650633,622110,SI,Sinker,,ball,R,R,KC,NYY,92.20,,,0,0,2023,2023-10
2023-10-01,2023,R,650633,658668,ST,Sweeper,home_run,hit_into_play,R,R,KC,NYY,80.80,100.80,33,2,2,2023,2023-10
2023-10-01,2023,R,650633,658668,ST,Sweeper,,ball,R,R,KC,NYY,82.00,,,1,2,2023,2023-10
2023-10-01,2023,R,650633,658668,FF,4-Seam Fastball,,foul,R,R,KC,NYY,94.00,72.30,41,1,1,2023,2023-10
2023-10-01,2023,R,650633,658668,FF,4-Seam Fastball,,ball,R,R,KC,NYY,93.80,,,0,1,2023,2023-10
2023-10-01,2023,R,650633,658668,SI,Sinker,,called_strike,R,R,KC,NYY,91.00,,,0,0,2023,2023-10
2023-10-01,2023,R,650633,658668,SI,Sinker,field_out,hit_into_play,R,R,KC,NYY,93.50,96.00,21,0,0,2023,2023-10
2023-10-01,2023,R,650633,668472,CH,Changeup,single,hit_into_play,L,R,KC,NYY,85.30,99.50,8,1,2,2023,2023-10
2023-10-01,2023,R,650633,668472,FF,4-Seam Fastball,,foul,L,R,KC,NYY,94.40,78.50,45,1,2,2023,2023-10
2023-10-01,2023,R,650633,668472,CH,Changeup,,foul,L,R,KC,NYY,85.40,84.70,-17,1,2,2023,2023-10
2023-10-01,2023,R,650633,668472,FF,4-Seam Fastball,,ball,L,R,KC,NYY,93.60,,,0,2,2023,2023-10
2023-10-01,2023,R,650633,668472,FF,4-Seam Fastball,,called_strike,L,R,KC,NYY,94.30,,,0,1,2023,2023-10
2023-10-01,2023,R,650633,668472,CH,Changeup,,called_strike,L,R,KC,NYY,83.40,,,0,0,2023,2023-10
2023-10-01,2023,R,650633,668472,FF,4-Seam Fastball,single,hit_into_play,L,R,KC,NYY,93.10,89.60,-2,2,1,2023,2023-10
2023-10-01,2023,R,650633,668472,FF,4-Seam Fastball,,ball,L,R,KC,NYY,93.80,,,1,1,2023,2023-10
2023-10-01,2023,R,650633,668472,SI,Sinker,,ball,L,R,KC,NYY,92.70,,,0,1,2023,2023-10
2023-10-01,2023,R,650633,668472,FF,4-Seam Fastball,,foul_tip,L,R,KC,NYY,93.00,,,0,0,2023,2023-10
2023-10-01,2023,R,650633,669004,CH,Changeup,field_out,hit_into_play,L,R,KC,NYY,85.30,106.10,-18,0,1,2023,2023-10
2023-10-01,2023,R,650633,669004,FF,4-Seam Fastball,,called_strike,L,R,KC,NYY,92.90,,,0,0,2023,2023-10
2023-10-01,2023,R,650633,669004,FF,4-Seam Fastball,home_run,hit_into_play,L,R,KC,NYY,92.50,105.40,30,0,1,2023,2023-10
2023-10-01,2023,R,650633,669004,FF,4-Seam Fastball,,called_strike,L,R,KC,NYY,93.50,,,0,0,2023,2023-10
2023-10-01,2023,R,650633,672580,FF,4-Seam Fastball,force_out,hit_into_play,R,R,KC,NYY,91.80,98.50,-10,2,1,2023,2023-10
2023-10-01,2023,R,650633,672580,FF,4-Seam Fastball,,ball,R,R,KC,NYY,94.20,,,1,1,2023,2023-10
2023-10-01,2023,R,650633,672580,SI,Sinker,,called_strike,R,R,KC,NYY,92.20,,,1,0,2023,2023-10
2023-10-01,2023,R,650633,672580,FF,4-Seam Fastball,,ball,R,R,KC,NYY,93.40,,,0,0,2023,2023-10
2023-10-01,2023,R,650633,672580,ST,Sweeper,field_out,hit_into_play,R,R,KC,NYY,79.70,67.70,-39,0,2,2023,2023-10
2023-10-01,2023,R,650633,672580,SI,Sinker,,called_strike,R,R,KC,NYY,92.10,,,0,1,2023,2023-10
2023-10-01,2023,R,650633,672580,ST,Sweeper,,foul,R,R,KC,NYY,80.40,,,0,0,2023,2023-10
2023-10-01,2023,R,650633,672580,FF,4-Seam Fastball,field_out,hit_into_play,R,R,KC,NYY,94.30,99.40,18,0,2,2023,2023-10
2023-10-01,2023,R,650633,672580,FF,4-Seam Fastball,,swinging_strike,R,R,KC,NYY,93.80,,,0,1,2023,2023-10
2023-10-01,2023,R,650633,672580,SI,Sinker,,called_strike,R,R,KC,NYY,92.00,,,0,0,2023,2023-10
2023-10-01,2023,R,650633,677951,ST,Sweeper,single,hit_into_play,R,R,KC,NYY,83.60,105.20,11,3,2,2023,2023-10
2023-10-01,2023,R,650633,677951,FF,4-Seam Fastball,,ball,R,R,KC,NYY,95.20,,,2,2,2023,2023-10
2023-10-01,2023,R,650633,677951,ST,Sweeper,,foul,R,R,KC,NYY,81.70,52.30,46,2,2,2023,2023-10
2023-10-01,2023,R,650633,677951,FF,4-Seam Fastball,,ball,R,R,KC,NYY,93.60,,,1,2,2023,2023-10
2023-10-01,2023,R,650633,677951,FF,4-Seam Fastball,,ball,R,R,KC,NYY,95.10,,,0,2,2023,2023-10
2023-10-01,2023,R,650633,677951,FF,4-Seam Fastball,,foul,R,R,KC,NYY,94.30,80.10,12,0,2,2023,2023-10
2023-10-01,2023,R,650633,677951,FF,4-Seam Fastball,,foul,R,R,KC,NYY,94.00,75.90,30,0,1,2023,2023-10
2023-10-01,2023,R,650633,677951,SI,Sinker,,called_strike,R,R,KC,NYY,93.00,,,0,0,2023,2023-10
2023-10-01,2023,R,650633,677951,ST,Sweeper,field_out,hit_into_play,R,R,KC,NYY,81.50,85.90,0,2,2,2023,2023-10
2023-10-01,2023,R,650633,677951,ST,Sweeper,,ball,R,R,KC,NYY,81.90,,,1,2,2023,2023-10
2023-10-01,2023,R,650633,677951,FF,4-Seam Fastball,,foul,R,R,KC,NYY,95.60,75.60,23,1,1,2023,2023-10
2023-10-01,2023,R,650633,677951,SI,Sinker,,ball,R,R,KC,NYY,94.00,,,0,1,2023,2023-10
2023-10-01,2023,R,650633,677951,FF,4-Seam Fastball,,called_strike,R,R,KC,NYY,93.50,,,0,0,2023,2023-10
2023-10-01,2023,R,650633,680118,ST,Sweeper,home_run,hit_into_play,R,R,KC,NYY,79.50,108.20,24,0,1,2023,2023-10
2023-10-01,2023,R,650633,680118,ST,Sweeper,,swinging_strike,R,R,KC,NYY,78.70,,,0,0,2023,2023-10
2023-10-01,2023,R,650633,680118,ST,Sweeper,single,hit_into_play,R,R,KC,NYY,80.40,79.60,17,1,0,2023,2023-10
2023-10-01,2023,R,650633,680118,SI,Sinker,,ball,R,R,KC,NYY,93.70,,,0,0,2023,2023-10
2023-10-01,2023,R,650633,686681,CH,Changeup,field_out,hit_into_play,L,R,KC,NYY,85.30,80.10,-8,1,2,2023,2023-10
2023-10-01,2023,R,650633,686681,FF,4-Seam Fastball,,foul,L,R,KC,NYY,93.00,66.80,70,1,1,2023,2023-10
2023-10-01,2023,R,650633,686681,ST,Sweeper,,called_strike,L,R,KC,NYY,79.20,,,1,0,2023,2023-10
2023-10-01,2023,R,650633,686681,ST,Sweeper,,ball,L,R,KC,NYY,78.20,,,0,0,2023,2023-10
2023-10-01,2023,R,650633,686681,CH,Changeup,field_out,hit_into_play,L,R,KC,NYY,86.30,86.70,10,1,2,2023,2023-10
2023-10-01,2023,R,650633,686681,CH,Changeup,,foul,L,R,KC,NYY,85.90,96.00,14,1,1,2023,2023-10
2023-10-01,2023,R,650633,686681,CH,Changeup,,foul,L,R,KC,NYY,85.80,,,1,0,2023,2023-10
2023-10-01,2023,R,650633,686681,SI,Sinker,,ball,L,R,KC,NYY,91.90,,,0,0,2023,2023-10
2023-10-01,2023,R,650893,623912,FF,4-Seam Fastball,double,hit_into_play,R,L,TOR,TB,97.20,96.90,22,0,1,2023,2023-10
2023-10-01,2023,R,650893,623912,CU,Curveball,,called_strike,R,L,TOR,TB,79.00,,,0,0,2023,2023-10
2023-10-01,2023,R,650893,650907,FF,4-Seam Fastball,field_out,hit_into_play,R,L,TOR,TB,97.20,95.60,45,0,1,2023,2023-10
2023-10-01,2023,R,650893,650907,FF,4-Seam Fastball,,swinging_strike,R,L,TOR,TB,95.90,,,0,0,2023,2023-10
2023-10-01,2023,R,650893,670623,FC,Cutter,strikeout,swinging_strike,R,L,TOR,TB,90.60,,,0,2,2023,2023-10
2023-10-01,2023,R,650893,670623,FC,Cutter,,called_strike,R,L,TOR,TB,90.10,,,0,1,2023,2023-10
2023-10-01,2023,R,650893,670623,CU,Curveball,,called_strike,R,L,TOR,TB,79.40,,,0,0,2023,2023-10
2023-10-01,2023,R,650893,678545,FF,4-Seam Fastball,single,hit_into_play,R,L,TOR,TB,96.80,106.40,-9,2,1,2023,2023-10
2023-10-01,2023,R,650893,678545,FF,4-Seam Fastball,,foul,R,L,TOR,TB,97.00,73.00,23,2,0,2023,2023-10
2023-10-01,2023,R,650893,678545,CU,Curveball,,ball,R,L,TOR,TB,81.50,,,1,0,2023,2023-10
2023-10-01,2023,R,650893,678545,CU,Curveball,,ball,R,L,TOR,TB,80.70,,,0,0,2023,2023-10
2023-10-01,2023,R,650893,691406,FF,4-Seam Fastball,strikeout,swinging_strike,R,L,TOR,TB,98.00,,,3,2,2023,2023-10
2023-10-01,2023,R,650893,691406,FC,Cutter,,ball,R,L,TOR,TB,90.10,,,2,2,2023,2023-10
2023-10-01,2023,R,650893,691406,FF,4-Seam Fastball,,ball,R,L,TOR,TB,97.80,,,1,2,2023,2023-10
2023-10-01,2023,R,650893,691406,FF,4-Seam Fastball,,ball,R,L,TOR,TB,97.50,,,0,2,2023,2023-10
2023-10-01,2023,R,650893,691406,FC,Cutter,,swinging_strike,R,L,TOR,TB,90.50,,,0,1,2023,2023-10
2023-10-01,2023,R,650893,691406,FC,Cutter,,swinging_strike,R,L,TOR,TB,89.20,,,0,0,2023,2023-10
2023-10-01,2023,R,656234,456781,SI,Sinker,single,hit_into_play,R,R,COL,MIN,95.50,68.20,22,1,0,2023,2023-10
2023-10-01,2023,R,656234,456781,SL,Slider,,ball,R,R,COL,MIN,85.90,,,0,0,2023,2023-10
2023-10-01,2023,R,656234,571657,SI,Sinker,walk,ball,R,R,COL,MIN,97.30,,,3,1,2023,2023-10
2023-10-01,2023,R,656234,571657,CU,Curveball,,ball,R,R,COL,MIN,81.60,,,2,1,2023,2023-10
2023-10-01,2023,R,656234,571657,SI,Sinker,,ball,R,R,COL,MIN,96.30,,,1,1,2023,2023-10
2023-10-01,2023,R,656234,571657,SI,Sinker,,ball,R,R,COL,MIN,95.10,,,0,1,2023,2023-10
2023-10-01,2023,R,656234,571657,SL,Slider,,called_strike,R,R,COL,MIN,85.90,,,0,0,2023,2023-10
2023-10-01,2023,R,656234,656669,SI,Sinker,strikeout,called_strike,R,R,COL,MIN,95.90,,,0,2,2023,2023-10
2023-10-01,2023,R,656234,656669,CU,Curveball,,foul,R,R,COL,MIN,80.60,35.90,-31,0,2,2023,2023-10
2023-10-01,2023,R,656234,656669,CU,Curveball,,foul,R,R,COL,MIN,79.70,68.20,-40,0,2,2023,2023-10
2023-10-01,2023,R,656234,656669,SI,Sinker,,called_strike,R,R,COL,MIN,94.70,,,0,1,2023,2023-10
2023-10-01,2023,R,656234,656669,SL,Slider,,called_strike,R,R,COL,MIN,86.10,,,0,0,2023,2023-10
2023-10-01,2023,R,656234,663616,CU,Curveball,strikeout,called_strike,L,R,COL,MIN,81.80,,,2,2,2023,2023-10
2023-10-01,2023,R,656234,663616,SI,Sinker,,foul,L,R,COL,MIN,95.10,,,2,2,2023,2023-10
2023-10-01,2023,R,656234,663616,SI,Sinker,,foul,L,R,COL,MIN,96.50,,,2,2,2023,2023-10
2023-10-01,2023,R,656234,663616,CU,Curveball,,ball,L,R,COL,MIN,81.90,,,1,2,2023,2023-10
2023-10-01,2023,R,656234,663616,SI,Sinker,,foul_tip,L,R,COL,MIN,95.60,,,1,1,2023,2023-10
2023-10-01,2023,R,656234,663616,SI,Sinker,,foul,L,R,COL,MIN,94.90,,,1,0,2023,2023-10
2023-10-01,2023,R,656234,663616,CU,Curveball,,ball,L,R,COL,MIN,82.50,,,0,0,2023,2023-10
2023-10-01,2023,R,656234,664057,SI,Sinker,field_out,hit_into_play,L,R,COL,MIN,94.70,80.80,-32,1,1,2023,2023-10
2023-10-01,2023,R,656234,664057,CU,Curveball,,ball,L,R,COL,MIN,80.80,,,0,1,2023,2023-10
2023-10-01,2023,R,656234,664057,SI,Sinker,,called_strike,L,R,COL,MIN,95.30,,,0,0,2023,2023-10
2023-10-01,2023,R,656557,543510,SL,Slider,field_out,hit_into_play,R,R,BAL,BOS,83.30,79.80,77,1,0,2023,2023-10
2023-10-01,2023,R,656557,543510,SL,Slider,,ball,R,R,BAL,BOS,83.50,,,0,0,2023,2023-10
2023-10-01,2023,R,656557,543510,SL,Slider,field_out,hit_into_play,R,R,BAL,BOS,84.00,81.10,9,2,1,2023,2023-10
2023-10-01,2023,R,656557,543510,FF,4-Seam Fastball,,foul,R,R,BAL,BOS,95.00,67.90,56,2,0,2023,2023-10
2023-10-01,2023,R,656557,543510,SL,Slider,,ball,R,R,BAL,BOS,84.60,,,1,0,2023,2023-10
2023-10-01,2023,R,656557,543510,SI,Sinker,,ball,R,R,BAL,BOS,93.20,,,0,0,2023,2023-10
2023-10-01,2023,R,656557,623993,SI,Sinker,single,hit_into_play,L,R,BAL,BOS,91.00,110.60,4,1,0,2023,2023-10
2023-10-01,2023,R,656557,623993,FS,Split-Finger,,blocked_ball,L,R,BAL,BOS,88.10,,,0,0,2023,2023-10
2023-10-01,2023,R,656557,623993,FS,Split-Finger,field_out,hit_into_play,L,R,BAL,BOS,87.50,104.80,-8,1,1,2023,2023-10
2023-10-01,2023,R,656557,623993,FS,Split-Finger,,ball,L,R,BAL,BOS,87.30,,,0,1,2023,2023-10
2023-10-01,2023,R,656557,623993,SL,Slider,,foul,L,R,BAL,BOS,84.20,75.50,-8,0,0,2023,2023-10
2023-10-01,2023,R,656557,623993,SL,Slider,field_out,hit_into_play,L,R,BAL,BOS,84.20,98.30,38,2,1,2023,2023-10
2023-10-01,2023,R,656557,623993,FF,4-Seam Fastball,,called_strike,L,R,BAL,BOS,94.40,,,2,0,2023,2023-10
2023-10-01,2023,R,656557,623993,FC,Cutter,,ball,L,R,BAL,BOS,90.20,,,1,0,2023,2023-10
2023-10-01,2023,R,656557,623993,SL,Slider,,ball,L,R,BAL,BOS,84.50,,,0,0,2023,2023-10
2023-10-01,2023,R,656557,624428,SL,Slider,strikeout,swinging_strike,L,R,BAL,BOS,83.50,,,1,2,2023,2023-10
2023-10-01,2023,R,656557,624428,SL,Slider,,foul,L,R,BAL,BOS,82.20,,,1,2,2023,2023-10
2023-10-01,2023,R,656557,624428,FF,4-Seam Fastball,,foul,L,R,BAL,BOS,93.50,62.00,66,1,1,2023,2023-10
2023-10-01,2023,R,656557,624428,FS,Split-Finger,,ball,L,R,BAL,BOS,87.70,,,0,1,2023,2023-10
2023-10-01,2023,R,656557,624428,SL,Slider,,swinging_strike,L,R,BAL,BOS,83.00,,,0,0,2023,2023-10
2023-10-01,2023,R,656557,624428,SL,Slider,field_out,hit_into_play,L,R,BAL,BOS,83.70,84.00,41,2,2,2023,2023-10
2023-10-01,2023,R,656557,624428,SI,Sinker,,ball,L,R,BAL,BOS,93.20,,,1,2,2023,2023-10
2023-10-01,2023,R,656557,624428,SL,Slider,,foul,L,R,BAL,BOS,83.80,69.80,9,1,2,2023,2023-10
2023-10-01,2023,R,656557,624428,FF,4-Seam Fastball,,ball,L,R,BAL,BOS,94.90,,,0,2,2023,2023-10
2023-10-01,2023,R,656557,624428,SL,Slider,,foul,L,R,BAL,BOS,84.20,30.40,31,0,2,2023,2023-10
2023-10-01,2023,R,656557,624428,FS,Split-Finger,,foul,L,R,BAL,BOS,88.90,81.50,-11,0,1,2023,2023-10
2023-10-01,2023,R,656557,624428,FF,4-Seam Fastball,,called_strike,L,R,BAL,BOS,94.40,,,0,0,2023,2023-10
2023-10-01,2023,R,656557,656775,SL,Slider,strikeout,swinging_strike,L,R,BAL,BOS,83.60,,,0,2,2023,2023-10
2023-10-01,2023,R,656557,656775,FS,Split-Finger,,swinging_strike,L,R,BAL,BOS,88.30,,,0,1,2023,2023-10
2023-10-01,2023,R,656557,656775,SL,Slider,,swinging_strike,L,R,BAL,BOS,83.50,,,0,0,2023,2023-10
2023-10-01,2023,R,656557,656775,FC,Cutter,field_out,hit_into_play,L,R,BAL,BOS,88.90,103.50,7,1,1,2023,2023-10
2023-10-01,2023,R,656557,656775,SL,Slider,,foul,L,R,BAL,BOS,84.40,,,1,0,2023,2023-10
2023-10-01,2023,R,656557,656775,SL,Slider,,ball,L,R,BAL,BOS,84.40,,,0,0,2023,2023-10
2023-10-01,2023,R,656557,656811,SL,Slider,strikeout,swinging_strike,L,R,BAL,BOS,82.60,,,2,2,2023,2023-10
2023-10-01,2023,R,656557,656811,FF,4-Seam Fastball,,foul,L,R,BAL,BOS,94.10,101.90,20,2,1,2023,2023-10
2023-10-01,2023,R,656557,656811,SL,Slider,,ball,L,R,BAL,BOS,83.10,,,1,1,2023,2023-10
2023-10-01,2023,R,656557,656811,SL,Slider,,ball,L,R,BAL,BOS,83.50,,,0,1,2023,2023-10
2023-10-01,2023,R,656557,656811,FF,4-Seam Fastball,,called_strike,L,R,BAL,BOS,93.60,,,0,0,2023,2023-10
2023-10-01,2023,R,656557,656811,FF,4-Seam Fastball,field_out,hit_into_play,L,R,BAL,BOS,95.40,106.20,17,0,0,2023,2023-10
2023-10-01,2023,R,656557,663624,SL,Slider,field_out,hit_into_play,R,R,BAL,BOS,83.70,90.90,21,2,2,2023,2023-10
2023-10-01,2023,R,656557,663624,FF,4-Seam Fastball,,ball,R,R,BAL,BOS,94.40,,,1,2,2023,2023-10
2023-10-01,2023,R,656557,663624,SL,Slider,,foul,R,R,BAL,BOS,84.50,84.70,43,1,2,2023,2023-10
2023-10-01,2023,R,656557,663624,SL,Slider,,swinging_strike,R,R,BAL,BOS,83.30,,,1,1,2023,2023-10
2023-10-01,2023,R,656557,663624,SL,Slider,,blocked_ball,R,R,BAL,BOS,83.50,,,0,1,2023,2023-10
2023-10-01,2023,R,656557,663624,SI,Sinker,,called_strike,R,R,BAL,BOS,91.60,,,0,0,2023,2023-10
2023-10-01,2023,R,656557,668939,SL,Slider,strikeout,swinging_strike,L,R,BAL,BOS,84.00,,,1,2,2023,2023-10
2023-10-01,2023,R,656557,668939,FS,Split-Finger,,foul,L,R,BAL,BOS,88.40,76.60,69,1,2,2023,2023-10
2023-10-01,2023,R,656557,668939,SL,Slider,,foul,L,R,BAL,BOS,84.10,,,1,2,2023,2023-10
2023-10-01,2023,R,656557,668939,FS,Split-Finger,,swinging_strike,L,R,BAL,BOS,88.70,,,1,1,2023,2023-10
2023-10-01,2023,R,656557,668939,SL,Slider,,ball,L,R,BAL,BOS,83.20,,,0,1,2023,2023-10
2023-10-01,2023,R,656557,668939,SL,Slider,,called_strike,L,R,BAL,BOS,84.20,,,0,0,2023,2023-10
2023-10-01,2023,R,656557,668939,SI,Sinker,field_out,hit_into_play,L,R,BAL,BOS,93.30,68.40,-39,1,0,2023,2023-10
2023-10-01,2023,R,656557,668939,FF,4-Seam Fastball,,ball,L,R,BAL,BOS,93.90,,,0,0,2023,2023-10
2023-10-01,2023,R,656557,668939,FF,4-Seam Fastball,walk,ball,L,R,BAL,BOS,96.00,,,3,0,2023,2023-10
2023-10-01,2023,R,656557,668939,SI,Sinker,,ball,L,R,BAL,BOS,93.90,,,2,0,2023,2023-10
2023-10-01,2023,R,656557,668939,SL,Slider,,ball,L,R,BAL,BOS,84.50,,,1,0,2023,2023-10
2023-10-01,2023,R,656557,668939,FF,4-Seam Fastball,,ball,L,R,BAL,BOS,95.30,,,0,0,2023,2023-10
2023-10-01,2023,R,656557,676059,FF,4-Seam Fastball,strikeout,swinging_strike,R,R,BAL,BOS,95.40,,,0,2,2023,2023-10
2023-10-01,2023,R,656557,676059,SL,Slider,,foul,R,R,BAL,BOS,82.90,63.70,-30,0,2,2023,2023-10
2023-10-01,2023,R,656557,676059,SL,Slider,,foul,R,R,BAL,BOS,83.20,63.40,-25,0,1,2023,2023-10
2023-10-01,2023,R,656557,676059,SL,Slider,,foul,R,R,BAL,BOS,83.10,89.80,-22,0,0,2023,2023-10
2023-10-01,2023,R,656557,676059,SL,Slider,strikeout,swinging_strike,R,R,BAL,BOS,84.10,,,1,2,2023,2023-10
2023-10-01,2023,R,656557,676059,SI,Sinker,,ball,R,R,BAL,BOS,93.20,,,0,2,2023,2023-10
2023-10-01,2023,R,656557,676059,SI,Sinker,,swinging_strike,R,R,BAL,BOS,93.10,,,0,1,2023,2023-10
2023-10-01,2023,R,656557,676059,FF,4-Seam Fastball,,called_strike,R,R,BAL,BOS,95.40,,,0,0,2023,2023-10
2023-10-01,2023,R,656557,677008,SL,Slider,field_out,hit_into_play,L,R,BAL,BOS,83.40,76.10,13,2,1,2023,2023-10
2023-10-01,2023,R,656557,677008,FS,Split-Finger,,ball,L,R,BAL,BOS,87.30,,,1,1,2023,2023-10
2023-10-01,2023,R,656557,677008,SL,Slider,,ball,L,R,BAL,BOS,82.30,,,0,1,2023,2023-10
2023-10-01,2023,R,656557,677008,SL,Slider,,swinging_strike,L,R,BAL,BOS,82.20,,,0,0,2023,2023-10
2023-10-01,2023,R,656557,677008,FF,4-Seam Fastball,walk,ball,L,R,BAL,BOS,94.50,,,3,1,2023,2023-10
2023-10-01,2023,R,656557,677008,SL,Slider,,ball,L,R,BAL,BOS,84.00,,,2,1,2023,2023-10
2023-10-01,2023,R,656557,677008,FS,Split-Finger,,ball,L,R,BAL,BOS,90.00,,,1,1,2023,2023-10
2023-10-01,2023,R,656557,677008,FS,Split-Finger,,ball,L,R,BAL,BOS,89.90,,,0,1,2023,2023-10
2023-10-01,2023,R,656557,677008,SL,Slider,,swinging_strike,L,R,BAL,BOS,84.20,,,0,0,2023,2023-10
2023-10-01,2023,R,656557,683002,SL,Slider,walk,ball,L,R,BAL,BOS,83.00,,,3,2,2023,2023-10
2023-10-01,2023,R,656557,683002,SL,Slider,,ball,L,R,BAL,BOS,83.40,,,2,2,2023,2023-10
2023-10-01,2023,R,656557,683002,SI,Sinker,,foul_tip,L,R,BAL,BOS,91.70,,,2,1,2023,2023-10
2023-10-01,2023,R,656557,683002,FS,Split-Finger,,ball,L,R,BAL,BOS,87.60,,,1,1,2023,2023-10
2023-10-01,2023,R,656557,683002,SI,Sinker,,swinging_strike,L,R,BAL,BOS,91.30,,,1,0,2023,2023-10
2023-10-01,2023,R,656557,683002,FS,Split-Finger,,ball,L,R,BAL,BOS,87.30,,,0,0,2023,2023-10
2023-10-01,2023,R,656557,683002,SI,Sinker,field_out,hit_into_play,L,R,BAL,BOS,93.40,76.50,-49,0,1,2023,2023-10
2023-10-01,2023,R,656557,683002,SL,Slider,,called_strike,L,R,BAL,BOS,84.20,,,0,0,2023,2023-10
2023-10-01,2023,R,656557,683002,FF,4-Seam Fastball,field_out,hit_into_play,L,R,BAL,BOS,94.60,98.60,-17,2,2,2023,2023-10
2023-10-01,2023,R,656557,683002,SL,Slider,,ball,L,R,BAL,BOS,84.30,,,1,2,2023,2023-10
2023-10-01,2023,R,656557,683002,FS,Split-Finger,,foul,L,R,BAL,BOS,89.40,94.50,-26,1,1,2023,2023-10
2023-10-01,2023,R,656557,683002,SL,Slider,,called_strike,L,R,BAL,BOS,85.50,,,1,0,2023,2023-10
2023-10-01,2023,R,656557,683002,SI,Sinker,,ball,L,R,BAL,BOS,94.00,,,0,0,2023,2023-10
2023-10-01,2023,R,656578,493329,FF,4-Seam Fastball,grounded_into_double_play,hit_into_play,R,R,PIT,MIA,92.60,106.10,-12,1,1,2023,2023-10
2023-10-01,2023,R,656578,493329,FF,4-Seam Fastball,,called_strike,R,R,PIT,MIA,92.60,,,1,0,2023,2023-10
2023-10-01,2023,R,656578,493329,SL,Slider,,blocked_ball,R,R,PIT,MIA,87.40,,,0,0,2023,2023-10
2023-10-01,2023,R,656578,493329,FF,4-Seam Fastball,field_out,hit_into_play,R,R,PIT,MIA,95.00,82.90,61,3,1,2023,2023-10
2023-10-01,2023,R,656578,493329,FF,4-Seam Fastball,,ball,R,R,PIT,MIA,95.20,,,2,1,2023,2023-10
2023-10-01,2023,R,656578,493329,SL,Slider,,foul,R,R,PIT,MIA,86.60,95.30,48,2,0,2023,2023-10
2023-10-01,2023,R,656578,493329,FF,4-Seam Fastball,,blocked_ball,R,R,PIT,MIA,94.20,,,1,0,2023,2023-10
2023-10-01,2023,R,656578,493329,FF,4-Seam Fastball,,ball,R,R,PIT,MIA,95.40,,,0,0,2023,2023-10
2023-10-01,2023,R,656578,542932,FF,4-Seam Fastball,field_out,hit_into_play,R,R,PIT,MIA,93.60,90.80,20,1,0,2023,2023-10
2023-10-01,2023,R,656578,542932,SL,Slider,,ball,R,R,PIT,MIA,87.80,,,0,0,2023,2023-10
2023-10-01,2023,R,656578,607732,FF,4-Seam Fastball,field_out,hit_into_play,R,R,PIT,MIA,94.80,98.10,20,3,1,2023,2023-10
2023-10-01,2023,R,656578,607732,FF,4-Seam Fastball,,called_strike,R,R,PIT,MIA,94.90,,,3,0,2023,2023-10
2023-10-01,2023,R,656578,607732,FF,4-Seam Fastball,,ball,R,R,PIT,MIA,94.60,,,2,0,2023,2023-10
2023-10-01,2023,R,656578,607732,SL,Slider,,ball,R,R,PIT,MIA,88.40,,,1,0,2023,2023-10
2023-10-01,2023,R,656578,607732,FF,4-Seam Fastball,,ball,R,R,PIT,MIA,94.90,,,0,0,2023,2023-10
2023-10-01,2023,R,656578,621563,FF,4-Seam Fastball,walk,ball,L,R,PIT,MIA,94.90,,,3,2,2023,2023-10
2023-10-01,2023,R,656578,621563,CU,Curveball,,ball,L,R,PIT,MIA,81.10,,,2,2,2023,2023-10
2023-10-01,2023,R,656578,621563,SL,Slider,,swinging_strike,L,R,PIT,MIA,86.90,,,2,1,2023,2023-10
2023-10-01,2023,R,656578,621563,CH,Changeup,,called_strike,L,R,PIT,MIA,86.60,,,2,0,2023,2023-10
2023-10-01,2023,R,656578,621563,CH,Changeup,,ball,L,R,PIT,MIA,86.00,,,1,0,2023,2023-10
2023-10-01,2023,R,656578,621563,FF,4-Seam Fastball,,ball,L,R,PIT,MIA,94.60,,,0,0,2023,2023-10
2023-10-01,2023,R,656578,641658,CH,Changeup,strikeout,swinging_strike,R,R,PIT,MIA,87.30,,,3,2,2023,2023-10
2023-10-01,2023,R,656578,641658,FF,4-Seam Fastball,,called_strike,R,R,PIT,MIA,93.80,,,3,1,2023,2023-10
2023-10-01,2023,R,656578,641658,FF,4-Seam Fastball,,called_strike,R,R,PIT,MIA,94.50,,,3,0,2023,2023-10
2023-10-01,2023,R,656578,641658,FF,4-Seam Fastball,,ball,R,R,PIT,MIA,94.30,,,2,0,2023,2023-10
2023-10-01,2023,R,656578,641658,FF,4-Seam Fastball,,ball,R,R,PIT,MIA,94.00,,,1,0,2023,2023-10
2023-10-01,2023,R,656578,641658,FF,4-Seam Fastball,,ball,R,R,PIT,MIA,94.10,,,0,0,2023,2023-10
2023-10-01,2023,R,656578,650559,CH,Changeup,field_out,hit_into_play,R,R,PIT,MIA,85.80,83.80,50,2,2,2023,2023-10
2023-10-01,2023,R,656578,650559,CH,Changeup,,swinging_strike,R,R,PIT,MIA,86.10,,,2,1,2023,2023-10
2023-10-01,2023,R,656578,650559,FF,4-Seam Fastball,,foul,R,R,PIT,MIA,93.20,73.00,37,2,0,2023,2023-10
2023-10-01,2023,R,656578,650559,SL,Slider,,ball,R,R,PIT,MIA,86.90,,,1,0,2023,2023-10
2023-10-01,2023,R,656578,650559,SL,Slider,,ball,R,R,PIT,MIA,85.50,,,0,0,2023,2023-10
2023-10-01,2023,R,656578,650559,FF,4-Seam Fastball,field_out,hit_into_play,R,R,PIT,MIA,95.40,94.30,41,1,2,2023,2023-10
2023-10-01,2023,R,656578,650559,SL,Slider,,ball,R,R,PIT,MIA,85.60,,,0,2,2023,2023-10
2023-10-01,2023,R,656578,650559,SL,Slider,,swinging_strike,R,R,PIT,MIA,87.10,,,0,1,2023,2023-10
2023-10-01,2023,R,656578,650559,FF,4-Seam Fastball,,foul,R,R,PIT,MIA,94.90,81.30,66,0,0,2023,2023-10
2023-10-01,2023,R,656578,660821,CH,Changeup,field_error,hit_into_play,L,R,PIT,MIA,87.00,100.50,-1,0,0,2023,2023-10
2023-10-01,2023,R,656578,660821,FF,4-Seam Fastball,single,hit_into_play,L,R,PIT,MIA,95.10,105.80,10,0,2,2023,2023-10
2023-10-01,2023,R,656578,660821,FF,4-Seam Fastball,,foul_tip,L,R,PIT,MIA,95.30,,,0,1,2023,2023-10
2023-10-01,2023,R,656578,660821,FF,4-Seam Fastball,,swinging_strike,L,R,PIT,MIA,95.10,,,0,0,2023,2023-10
2023-10-01,2023,R,656578,663743,CH,Changeup,field_out,hit_into_play,R,R,PIT,MIA,85.30,77.20,80,1,0,2023,2023-10
2023-10-01,2023,R,656578,663743,FF,4-Seam Fastball,,ball,R,R,PIT,MIA,91.30,,,0,0,2023,2023-10
2023-10-01,2023,R,656578,663743,SL,Slider,truncated_pa,ball,R,R,PIT,MIA,87.00,,,0,1,2023,2023-10
2023-10-01,2023,R,656578,663743,SL,Slider,,foul,R,R,PIT,MIA,87.60,69.80,-41,0,0,2023,2023-10
2023-10-01,2023,R,656578,669364,CU,Curveball,strikeout,swinging_strike_blocked,L,R,PIT,MIA,81.50,,,0,2,2023,2023-10
2023-10-01,2023,R,656578,669364,SL,Slider,,swinging_strike,L,R,PIT,MIA,86.60,,,0,1,2023,2023-10
2023-10-01,2023,R,656578,669364,CH,Changeup,,called_strike,L,R,PIT,MIA,86.00,,,0,0,2023,2023-10
2023-10-01,2023,R,656578,669364,FF,4-Seam Fastball,field_out,hit_into_play,L,R,PIT,MIA,94.60,77.00,32,1,0,2023,2023-10
2023-10-01,2023,R,656578,669364,FF,4-Seam Fastball,,ball,L,R,PIT,MIA,94.90,,,0,0,2023,2023-10
2023-10-01,2023,R,656638,657656,SI,Sinker,field_out,hit_into_play,R,R,DET,CLE,94.90,68.10,42,0,0,2023,2023-10
2023-10-01,2023,R,656638,666310,CH,Changeup,strikeout,swinging_strike,L,R,DET,CLE,89.80,,,2,2,2023,2023-10
2023-10-01,2023,R,656638,666310,SL,Slider,,blocked_ball,L,R,DET,CLE,88.40,,,1,2,2023,2023-10
2023-10-01,2023,R,656638,666310,SL,Slider,,swinging_strike_blocked,L,R,DET,CLE,86.90,,,1,1,2023,2023-10
2023-10-01,2023,R,656638,666310,CH,Changeup,,blocked_ball,L,R,DET,CLE,90.30,,,0,1,2023,2023-10
2023-10-01,2023,R,656638,666310,CH,Changeup,,swinging_strike,L,R,DET,CLE,89.10,,,0,0,2023,2023-10
2023-10-01,2023,R,656638,677587,SL,Slider,strikeout,swinging_strike_blocked,L,R,DET,CLE,87.60,,,1,2,2023,2023-10
2023-10-01,2023,R,656638,677587,SL,Slider,,foul,L,R,DET,CLE,86.70,68.10,-31,1,1,2023,2023-10
2023-10-01,2023,R,656638,677587,SL,Slider,,swinging_strike,L,R,DET,CLE,86.50,,,1,0,2023,2023-10
2023-10-01,2023,R,656638,677587,SL,Slider,,ball,L,R,DET,CLE,87.00,,,0,0,2023,2023-10
2023-10-01,2023,R,656638,686823,CH,Changeup,single,hit_into_play,L,R,DET,CLE,90.30,97.60,4,0,1,2023,2023-10
2023-10-01,2023,R,656638,686823,SL,Slider,,foul,L,R,DET,CLE,87.10,77.60,-4,0,0,2023,2023-10
2023-10-01,2023,R,656669,453568,EP,Eephus,field_out,hit_into_play,L,R,COL,MIN,51.40,74.40,56,0,1,2023,2023-10
2023-10-01,2023,R,656669,453568,FA,Other,,called_strike,L,R,COL,MIN,73.00,,,0,0,2023,2023-10
2023-10-01,2023,R,656669,663898,EP,Eephus,truncated_pa,ball,R,R,COL,MIN,63.50,,,0,0,2023,2023-10
2023-10-01,2023,R,656793,542364,SI,Sinker,walk,ball,L,R,NYM,PHI,93.10,,,3,2,2023,2023-10
2023-10-01,2023,R,656793,542364,CH,Changeup,,ball,L,R,NYM,PHI,87.50,,,2,2,2023,2023-10
2023-10-01,2023,R,656793,542364,SL,Slider,,ball,L,R,NYM,PHI,85.90,,,1,2,2023,2023-10
2023-10-01,2023,R,656793,542364,CH,Changeup,,ball,L,R,NYM,PHI,83.60,,,0,2,2023,2023-10
2023-10-01,2023,R,656793,542364,CH,Changeup,,foul,L,R,NYM,PHI,87.40,73.20,-29,0,2,2023,2023-10
2023-10-01,2023,R,656793,542364,FF,4-Seam Fastball,,foul,L,R,NYM,PHI,93.80,75.20,41,0,2,2023,2023-10
2023-10-01,2023,R,656793,542364,FF,4-Seam Fastball,,foul,L,R,NYM,PHI,93.40,70.30,34,0,1,2023,2023-10
2023-10-01,2023,R,656793,542364,FF,4-Seam Fastball,,called_strike,L,R,NYM,PHI,92.00,,,0,0,2023,2023-10
2023-10-01,2023,R,656793,542364,CH,Changeup,field_out,hit_into_play,L,R,NYM,PHI,86.00,74.10,-7,1,2,2023,2023-10
2023-10-01,2023,R,656793,542364,SL,Slider,,foul,L,R,NYM,PHI,84.10,70.10,-22,1,2,2023,2023-10
2023-10-01,2023,R,656793,542364,CH,Changeup,,ball,L,R,NYM,PHI,87.60,,,0,2,2023,2023-10
2023-10-01,2023,R,656793,542364,FF,4-Seam Fastball,,called_strike,L,R,NYM,PHI,95.70,,,0,1,2023,2023-10
2023-10-01,2023,R,656793,542364,CH,Changeup,,swinging_strike,L,R,NYM,PHI,87.10,,,0,0,2023,2023-10
2023-10-01,2023,R,656793,596019,CH,Changeup,walk,ball,L,R,NYM,PHI,86.50,,,3,2,2023,2023-10
2023-10-01,2023,R,656793,596019,SL,Slider,,ball,L,R,NYM,PHI,83.20,,,2,2,2023,2023-10
2023-10-01,2023,R,656793,596019,SI,Sinker,,foul,L,R,NYM,PHI,92.60,85.40,56,2,2,2023,2023-10
2023-10-01,2023,R,656793,596019,FF,4-Seam Fastball,,ball,L,R,NYM,PHI,94.10,,,1,2,2023,2023-10
2023-10-01,2023,R,656793,596019,CH,Changeup,,foul,L,R,NYM,PHI,86.60,68.60,42,1,1,2023,2023-10
2023-10-01,2023,R,656793,596019,CH,Changeup,,foul,L,R,NYM,PHI,85.80,66.90,-37,1,0,2023,2023-10
2023-10-01,2023,R,656793,596019,CH,Changeup,,ball,L,R,NYM,PHI,86.10,,,0,0,2023,2023-10
2023-10-01,2023,R,656793,596019,FF,4-Seam Fastball,field_out,hit_into_play,L,R,NYM,PHI,94.20,88.30,58,0,0,2023,2023-10
2023-10-01,2023,R,656793,596019,CH,Changeup,field_out,hit_into_play,L,R,NYM,PHI,87.30,73.10,-16,0,1,2023,2023-10
2023-10-01,2023,R,656793,596019,FF,4-Seam Fastball,,called_strike,L,R,NYM,PHI,94.20,,,0,0,2023,2023-10
2023-10-01,2023,R,656793,621466,FF,4-Seam Fastball,field_out,hit_into_play,L,R,NYM,PHI,92.60,108.40,1,0,0,2023,2023-10
2023-10-01,2023,R,656793,621466,FF,4-Seam Fastball,field_out,hit_into_play,L,R,NYM,PHI,94.20,84.80,26,2,2,2023,2023-10
2023-10-01,2023,R,656793,621466,FF,4-Seam Fastball,,ball,L,R,NYM,PHI,94.30,,,1,2,2023,2023-10
2023-10-01,2023,R,656793,621466,SL,Slider,,ball,L,R,NYM,PHI,85.60,,,0,2,2023,2023-10
2023-10-01,2023,R,656793,621466,FF,4-Seam Fastball,,foul_tip,L,R,NYM,PHI,93.30,,,0,1,2023,2023-10
2023-10-01,2023,R,656793,621466,FF,4-Seam Fastball,,called_strike,L,R,NYM,PHI,93.60,,,0,0,2023,2023-10
2023-10-01,2023,R,656793,624413,SI,Sinker,force_out,hit_into_play,R,R,NYM,PHI,93.20,97.90,-16,0,1,2023,2023-10
2023-10-01,2023,R,656793,624413,CH,Changeup,,foul,R,R,NYM,PHI,86.90,107.70,24,0,0,2023,2023-10
2023-10-01,2023,R,656793,624413,SI,Sinker,field_out,hit_into_play,R,R,NYM,PHI,94.30,60.70,-26,2,1,2023,2023-10
2023-10-01,2023,R,656793,624413,CH,Changeup,,ball,R,R,NYM,PHI,86.70,,,1,1,2023,2023-10
2023-10-01,2023,R,656793,624413,CH,Changeup,,swinging_strike,R,R,NYM,PHI,86.20,,,1,0,2023,2023-10
2023-10-01,2023,R,656793,624413,SI,Sinker,,ball,R,R,NYM,PHI,93.90,,,0,0,2023,2023-10
2023-10-01,2023,R,656793,641796,SI,Sinker,strikeout,swinging_strike,R,R,NYM,PHI,91.90,,,3,2,2023,2023-10
2023-10-01,2023,R,656793,641796,FF,4-Seam Fastball,,ball,R,R,NYM,PHI,93.10,,,2,2,2023,2023-10
2023-10-01,2023,R,656793,641796,CH,Changeup,,foul,R,R,NYM,PHI,86.90,61.90,14,2,2,2023,2023-10
2023-10-01,2023,R,656793,641796,FF,4-Seam Fastball,,ball,R,R,NYM,PHI,93.70,,,1,2,2023,2023-10
2023-10-01,2023,R,656793,641796,CH,Changeup,,swinging_strike,R,R,NYM,PHI,86.50,,,1,1,2023,2023-10
2023-10-01,2023,R,656793,641796,SI,Sinker,,foul,R,R,NYM,PHI,92.00,64.60,40,1,0,2023,2023-10
2023-10-01,2023,R,656793,641796,SI,Sinker,,ball,R,R,NYM,PHI,92.90,,,0,0,2023,2023-10
2023-10-01,2023,R,656793,641796,FF,4-Seam Fastball,home_run,hit_into_play,R,R,NYM,PHI,94.00,105.60,27,1,1,2023,2023-10
2023-10-01,2023,R,656793,641796,FF,4-Seam Fastball,,ball,R,R,NYM,PHI,94.30,,,0,1,2023,2023-10
2023-10-01,2023,R,656793,641796,FF,4-Seam Fastball,,swinging_strike,R,R,NYM,PHI,94.10,,,0,0,2023,2023-10
2023-10-01,2023,R,656793,668901,CH,Changeup,strikeout,swinging_strike,R,R,NYM,PHI,87.40,,,2,2,2023,2023-10
2023-10-01,2023,R,656793,668901,CH,Changeup,,ball,R,R,NYM,PHI,87.50,,,1,2,2023,2023-10
2023-10-01,2023,R,656793,668901,CH,Changeup,,swinging_strike,R,R,NYM,PHI,86.60,,,1,1,2023,2023-10
2023-10-01,2023,R,656793,668901,SI,Sinker,,ball,R,R,NYM,PHI,92.20,,,0,1,2023,2023-10
2023-10-01,2023,R,656793,668901,SI,Sinker,,called_strike,R,R,NYM,PHI,90.50,,,0,0,2023,2023-10
2023-10-01,2023,R,656793,668901,SI,Sinker,field_out,hit_into_play,R,R,NYM,PHI,93.00,57.50,46,1,1,2023,2023-10
2023-10-01,2023,R,656793,668901,CH,Changeup,,blocked_ball,R,R,NYM,PHI,87.50,,,0,1,2023,2023-10
2023-10-01,2023,R,656793,668901,CH,Changeup,,foul,R,R,NYM,PHI,87.80,86.30,-29,0,0,2023,2023-10
2023-10-01,2023,R,656793,668901,SI,Sinker,field_out,hit_into_play,R,R,NYM,PHI,93.40,57.40,55,0,1,2023,2023-10
2023-10-01,2023,R,656793,668901,SI,Sinker,,foul,R,R,NYM,PHI,92.70,72.10,-32,0,0,2023,2023-10
2023-10-01,2023,R,656793,677595,CH,Changeup,field_out,hit_into_play,L,R,NYM,PHI,87.20,84.50,18,0,0,2023,2023-10
2023-10-01,2023,R,656793,677595,FF,4-Seam Fastball,single,hit_into_play,L,R,NYM,PHI,93.40,78.30,16,0,0,2023,2023-10
2023-10-01,2023,R,656793,682626,CH,Changeup,strikeout,called_strike,R,R,NYM,PHI,87.20,,,1,2,2023,2023-10
2023-10-01,2023,R,656793,682626,SI,Sinker,,swinging_strike,R,R,NYM,PHI,92.90,,,1,1,2023,2023-10
2023-10-01,2023,R,656793,682626,SI,Sinker,,called_strike,R,R,NYM,PHI,92.70,,,1,0,2023,2023-10
2023-10-01,2023,R,656793,682626,SI,Sinker,,ball,R,R,NYM,PHI,92.50,,,0,0,2023,2023-10
2023-10-01,2023,R,656793,682626,SI,Sinker,field_out,hit_into_play,R,R,NYM,PHI,92.90,79.50,-70,0,0,2023,2023-10
2023-10-01,2023,R,656793,683146,CH,Changeup,field_out,hit_into_play,L,R,NYM,PHI,87.00,82.40,-3,2,1,2023,2023-10
2023-10-01,2023,R,656793,683146,FF,4-Seam Fastball,,foul,L,R,NYM,PHI,93.10,83.40,54,2,0,2023,2023-10
2023-10-01,2023,R,656793,683146,CH,Changeup,,ball,L,R,NYM,PHI,85.90,,,1,0,2023,2023-10
2023-10-01,2023,R,656793,683146,CH,Changeup,,ball,L,R,NYM,PHI,85.90,,,0,0,2023,2023-10
2023-10-01,2023,R,656793,683146,FF,4-Seam Fastball,field_out,hit_into_play,L,R,NYM,PHI,93.90,108.30,-11,1,1,2023,2023-10
2023-10-01,2023,R,656793,683146,FF,4-Seam Fastball,,ball,L,R,NYM,PHI,94.60,,,0,1,2023,2023-10
2023-10-01,2023,R,656793,683146,FF,4-Seam Fastball,,foul,L,R,NYM,PHI,94.80,77.40,57,0,0,2023,2023-10
2023-10-01,2023,R,656986,607054,SL,Slider,strikeout,swinging_strike,L,L,AZ,HOU,88.50,,,0,2,2023,2023-10
2023-10-01,2023,R,656986,607054,SL,Slider,,called_strike,L,L,AZ,HOU,87.30,,,0,1,2023,2023-10
2023-10-01,2023,R,656986,607054,FF,4-Seam Fastball,,called_strike,L,L,AZ,HOU,94.90,,,0,0,2023,2023-10
2023-10-01,2023,R,656986,656896,FF,4-Seam Fastball,single,hit_into_play,R,L,AZ,HOU,96.10,96.10,-8,3,1,2023,2023-10
2023-10-01,2023,R,656986,656896,FF,4-Seam Fastball,,ball,R,L,AZ,HOU,95.70,,,2,1,2023,2023-10
2023-10-01,2023,R,656986,656896,FF,4-Seam Fastball,,called_strike,R,L,AZ,HOU,95.60,,,2,0,2023,2023-10
2023-10-01,2023,R,656986,656896,FF,4-Seam Fastball,,ball,R,L,AZ,HOU,94.50,,,1,0,2023,2023-10
2023-10-01,2023,R,656986,656896,FF,4-Seam Fastball,,ball,R,L,AZ,HOU,96.10,,,0,0,2023,2023-10
2023-10-01,2023,R,656986,664874,SL,Slider,field_out,hit_into_play,R,L,AZ,HOU,85.40,81.60,72,2,2,2023,2023-10
2023-10-01,2023,R,656986,664874,SL,Slider,,blocked_ball,R,L,AZ,HOU,86.70,,,1,2,2023,2023-10
2023-10-01,2023,R,656986,664874,FF,4-Seam Fastball,,foul_tip,R,L,AZ,HOU,94.80,,,1,1,2023,2023-10
2023-10-01,2023,R,656986,664874,FF,4-Seam Fastball,,swinging_strike,R,L,AZ,HOU,95.00,,,1,0,2023,2023-10
2023-10-01,2023,R,656986,664874,FF,4-Seam Fastball,,ball,R,L,AZ,HOU,96.10,,,0,0,2023,2023-10
2023-10-01,2023,R,656986,677950,FF,4-Seam Fastball,field_out,hit_into_play,L,L,AZ,HOU,95.90,97.70,32,0,0,2023,2023-10
2023-10-01,2023,R,657024,606132,FS,Split-Finger,single,hit_into_play,L,R,TOR,TB,85.60,106.20,1,1,2,2023,2023-10
2023-10-01,2023,R,657024,606132,FS,Split-Finger,,called_strike,L,R,TOR,TB,85.00,,,1,1,2023,2023-10
2023-10-01,2023,R,657024,606132,FS,Split-Finger,,ball,L,R,TOR,TB,84.50,,,0,1,2023,2023-10
2023-10-01,2023,R,657024,606132,FF,4-Seam Fastball,,foul,L,R,TOR,TB,91.40,74.00,26,0,0,2023,2023-10
2023-10-01,2023,R,657024,650907,FS,Split-Finger,strikeout,foul_tip,R,R,TOR,TB,85.50,,,1,2,2023,2023-10
2023-10-01,2023,R,657024,650907,FF,4-Seam Fastball,,ball,R,R,TOR,TB,92.70,,,0,2,2023,2023-10
2023-10-01,2023,R,657024,650907,FS,Split-Finger,,foul,R,R,TOR,TB,86.00,98.00,12,0,2,2023,2023-10
2023-10-01,2023,R,657024,650907,SL,Slider,,foul,R,R,TOR,TB,87.40,67.10,28,0,1,2023,2023-10
2023-10-01,2023,R,657024,650907,FF,4-Seam Fastball,,called_strike,R,R,TOR,TB,92.90,,,0,0,2023,2023-10
2023-10-01,2023,R,657024,678545,FF,4-Seam Fastball,field_out,hit_into_play,R,R,TOR,TB,94.00,89.50,-36,0,2,2023,2023-10
2023-10-01,2023,R,657024,678545,FF,4-Seam Fastball,,foul,R,R,TOR,TB,93.80,67.40,81,0,2,2023,2023-10
2023-10-01,2023,R,657024,678545,FS,Split-Finger,,foul,R,R,TOR,TB,86.30,61.80,-77,0,1,2023,2023-10
2023-10-01,2023,R,657024,678545,FS,Split-Finger,,called_strike,R,R,TOR,TB,85.30,,,0,0,2023,2023-10
2023-10-01,2023,R,657024,691406,FF,4-Seam Fastball,field_out,hit_into_play,R,R,TOR,TB,93.40,41.50,-50,1,1,2023,2023-10
2023-10-01,2023,R,657024,691406,FF,4-Seam Fastball,,ball,R,R,TOR,TB,94.20,,,0,1,2023,2023-10
2023-10-01,2023,R,657024,691406,SL,Slider,,called_strike,R,R,TOR,TB,85.70,,,0,0,2023,2023-10
2023-10-01,2023,R,657514,622761,SI,Sinker,field_out,hit_into_play,R,L,BAL,BOS,90.50,103.00,37,3,1,2023,2023-10
2023-10-01,2023,R,657514,622761,SI,Sinker,,called_strike,R,L,BAL,BOS,88.70,,,3,0,2023,2023-10
2023-10-01,2023,R,657514,622761,SI,Sinker,,ball,R,L,BAL,BOS,90.20,,,2,0,2023,2023-10
2023-10-01,2023,R,657514,622761,SI,Sinker,,ball,R,L,BAL,BOS,90.20,,,1,0,2023,2023-10
2023-10-01,2023,R,657514,622761,CU,Curveball,,ball,R,L,BAL,BOS,77.30,,,0,0,2023,2023-10
2023-10-01,2023,R,657514,656775,CU,Curveball,strikeout,swinging_strike,L,L,BAL,BOS,78.50,,,2,2,2023,2023-10
2023-10-01,2023,R,657514,656775,CU,Curveball,,foul,L,L,BAL,BOS,76.50,65.50,45,2,2,2023,2023-10
2023-10-01,2023,R,657514,656775,SI,Sinker,,foul,L,L,BAL,BOS,91.60,,,2,1,2023,2023-10
2023-10-01,2023,R,657514,656775,CU,Curveball,,ball,L,L,BAL,BOS,76.00,,,1,1,2023,2023-10
2023-10-01,2023,R,657514,656775,SI,Sinker,,called_strike,L,L,BAL,BOS,90.50,,,1,0,2023,2023-10
2023-10-01,2023,R,657514,656775,SI,Sinker,,ball,L,L,BAL,BOS,90.40,,,0,0,2023,2023-10
2023-10-01,2023,R,657514,677008,CU,Curveball,field_out,hit_into_play,L,L,BAL,BOS,78.50,89.60,35,0,2,2023,2023-10
2023-10-01,2023,R,657514,677008,SI,Sinker,,called_strike,L,L,BAL,BOS,91.10,,,0,1,2023,2023-10
2023-10-01,2023,R,657514,677008,SI,Sinker,,called_strike,L,L,BAL,BOS,91.70,,,0,0,2023,2023-10
2023-10-01,2023,R,657756,456781,FF,4-Seam Fastball,field_out,hit_into_play,R,R,COL,MIN,93.60,102.70,-9,0,2,2023,2023-10
2023-10-01,2023,R,657756,456781,CH,Changeup,,swinging_strike,R,R,COL,MIN,80.60,,,0,1,2023,2023-10
2023-10-01,2023,R,657756,456781,FF,4-Seam Fastball,,foul,R,R,COL,MIN,92.60,74.70,46,0,0,2023,2023-10
2023-10-01,2023,R,657756,456781,CH,Changeup,strikeout,swinging_strike,R,R,COL,MIN,80.30,,,2,2,2023,2023-10
2023-10-01,2023,R,657756,456781,FF,4-Seam Fastball,,foul,R,R,COL,MIN,95.00,83.30,34,2,2,2023,2023-10
2023-10-01,2023,R,657756,456781,SI,Sinker,,foul,R,R,COL,MIN,92.10,76.60,28,2,1,2023,2023-10
2023-10-01,2023,R,657756,456781,SI,Sinker,,ball,R,R,COL,MIN,92.20,,,1,1,2023,2023-10
2023-10-01,2023,R,657756,456781,CH,Changeup,,ball,R,R,COL,MIN,80.20,,,0,1,2023,2023-10
2023-10-01,2023,R,657756,456781,SL,Slider,,called_strike,R,R,COL,MIN,84.90,,,0,0,2023,2023-10
2023-10-01,2023,R,657756,571657,CH,Changeup,field_out,hit_into_play,R,R,COL,MIN,79.20,51.20,-40,2,2,2023,2023-10
2023-10-01,2023,R,657756,571657,CH,Changeup,,blocked_ball,R,R,COL,MIN,79.00,,,1,2,2023,2023-10
2023-10-01,2023,R,657756,571657,SI,Sinker,,foul,R,R,COL,MIN,90.00,75.40,19,1,1,2023,2023-10
2023-10-01,2023,R,657756,571657,SL,Slider,,called_strike,R,R,COL,MIN,83.70,,,1,0,2023,2023-10
2023-10-01,2023,R,657756,571657,SI,Sinker,,ball,R,R,COL,MIN,89.90,,,0,0,2023,2023-10
2023-10-01,2023,R,657756,571657,SL,Slider,field_out,hit_into_play,R,R,COL,MIN,84.10,65.80,-15,0,0,2023,2023-10
2023-10-01,2023,R,657756,596146,CH,Changeup,field_out,hit_into_play,L,R,COL,MIN,78.70,77.00,78,3,2,2023,2023-10
2023-10-01,2023,R,657756,596146,CH,Changeup,,ball,L,R,COL,MIN,79.50,,,2,2,2023,2023-10
2023-10-01,2023,R,657756,596146,CH,Changeup,,foul,L,R,COL,MIN,80.90,,,2,2,2023,2023-10
2023-10-01,2023,R,657756,596146,FF,4-Seam Fastball,,ball,L,R,COL,MIN,94.20,,,1,2,2023,2023-10
2023-10-01,2023,R,657756,596146,SL,Slider,,foul,L,R,COL,MIN,86.80,78.20,65,1,2,2023,2023-10
2023-10-01,2023,R,657756,596146,FF,4-Seam Fastball,,foul,L,R,COL,MIN,92.10,73.60,62,1,1,2023,2023-10
2023-10-01,2023,R,657756,596146,CU,Curveball,,ball,L,R,COL,MIN,78.10,,,0,1,2023,2023-10
2023-10-01,2023,R,657756,596146,FF,4-Seam Fastball,,called_strike,L,R,COL,MIN,92.90,,,0,0,2023,2023-10
2023-10-01,2023,R,657756,596146,FF,4-Seam Fastball,single,hit_into_play,L,R,COL,MIN,93.50,48.40,-7,0,1,2023,2023-10
2023-10-01,2023,R,657756,596146,FF,4-Seam Fastball,,called_strike,L,R,COL,MIN,92.30,,,0,0,2023,2023-10
2023-10-01,2023,R,657756,650489,CU,Curveball,single,hit_into_play,L,R,COL,MIN,79.00,28.60,-70,0,0,2023,2023-10
2023-10-01,2023,R,657756,650489,FF,4-Seam Fastball,strikeout,foul_tip,L,R,COL,MIN,93.60,,,1,2,2023,2023-10
2023-10-01,2023,R,657756,650489,CH,Changeup,,foul,L,R,COL,MIN,79.00,65.00,20,1,1,2023,2023-10
2023-10-01,2023,R,657756,650489,FF,4-Seam Fastball,,ball,L,R,COL,MIN,93.10,,,0,1,2023,2023-10
2023-10-01,2023,R,657756,650489,SL,Slider,,swinging_strike,L,R,COL,MIN,84.80,,,0,0,2023,2023-10
2023-10-01,2023,R,657756,656669,SL,Slider,walk,ball,R,R,COL,MIN,85.00,,,3,2,2023,2023-10
2023-10-01,2023,R,657756,656669,CH,Changeup,,ball,R,R,COL,MIN,78.30,,,2,2,2023,2023-10
2023-10-01,2023,R,657756,656669,FF,4-Seam Fastball,,foul,R,R,COL,MIN,93.60,81.40,44,2,1,2023,2023-10
2023-10-01,2023,R,657756,656669,FF,4-Seam Fastball,,swinging_strike,R,R,COL,MIN,92.20,,,2,0,2023,2023-10
2023-10-01,2023,R,657756,656669,SI,Sinker,,ball,R,R,COL,MIN,91.10,,,1,0,2023,2023-10
2023-10-01,2023,R,657756,656669,FF,4-Seam Fastball,,ball,R,R,COL,MIN,92.90,,,0,0,2023,2023-10
2023-10-01,2023,R,657756,656669,CU,Curveball,field_out,hit_into_play,R,R,COL,MIN,80.50,82.20,-24,1,2,2023,2023-10
2023-10-01,2023,R,657756,656669,SI,Sinker,,foul,R,R,COL,MIN,91.00,91.90,-19,1,1,2023,2023-10
2023-10-01,2023,R,657756,656669,CH,Changeup,,ball,R,R,COL,MIN,79.00,,,0,1,2023,2023-10
2023-10-01,2023,R,657756,656669,FF,4-Seam Fastball,,foul,R,R,COL,MIN,92.80,72.10,73,0,0,2023,2023-10
2023-10-01,2023,R,657756,666135,FF,4-Seam Fastball,single,hit_into_play,L,R,COL,MIN,92.70,102.40,8,1,1,2023,2023-10
2023-10-01,2023,R,657756,666135,FF,4-Seam Fastball,,swinging_strike,L,R,COL,MIN,93.20,,,1,0,2023,2023-10
2023-10-01,2023,R,657756,666135,FF,4-Seam Fastball,,ball,L,R,COL,MIN,92.20,,,0,0,2023,2023-10
2023-10-01,2023,R,657756,666135,CH,Changeup,single,hit_into_play,L,R,COL,MIN,81.40,97.40,12,0,0,2023,2023-10
2023-10-01,2023,R,657756,666397,FF,4-Seam Fastball,field_out,hit_into_play,L,R,COL,MIN,93.20,66.00,-25,2,2,2023,2023-10
2023-10-01,2023,R,657756,666397,CH,Changeup,,ball,L,R,COL,MIN,80.40,,,1,2,2023,2023-10
2023-10-01,2023,R,657756,666397,SL,Slider,,swinging_strike,L,R,COL,MIN,84.10,,,1,1,2023,2023-10
2023-10-01,2023,R,657756,666397,FF,4-Seam Fastball,,called_strike,L,R,COL,MIN,92.70,,,1,0,2023,2023-10
2023-10-01,2023,R,657756,666397,CU,Curveball,,ball,L,R,COL,MIN,77.10,,,0,0,2023,2023-10
2023-10-01,2023,R,657756,666397,FF,4-Seam Fastball,single,hit_into_play,L,R,COL,MIN,93.70,101.70,-7,3,2,2023,2023-10
2023-10-01,2023,R,657756,666397,CH,Changeup,,ball,L,R,COL,MIN,77.40,,,2,2,2023,2023-10
2023-10-01,2023,R,657756,666397,CH,Changeup,,ball,L,R,COL,MIN,79.70,,,1,2,2023,2023-10
2023-10-01,2023,R,657756,666397,FF,4-Seam Fastball,,ball,L,R,COL,MIN,94.10,,,0,2,2023,2023-10
2023-10-01,2023,R,657756,666397,FF,4-Seam Fastball,,swinging_strike,L,R,COL,MIN,93.40,,,0,1,2023,2023-10
2023-10-01,2023,R,657756,666397,CH,Changeup,,called_strike,L,R,COL,MIN,79.30,,,0,0,2023,2023-10
2023-10-01,2023,R,657756,670242,CH,Changeup,strikeout,swinging_strike,L,R,COL,MIN,80.30,,,2,2,2023,2023-10
2023-10-01,2023,R,657756,670242,FF,4-Seam Fastball,,ball,L,R,COL,MIN,94.40,,,1,2,2023,2023-10
2023-10-01,2023,R,657756,670242,SL,Slider,,foul,L,R,COL,MIN,85.80,79.70,-5,1,1,2023,2023-10
2023-10-01,2023,R,657756,670242,FF,4-Seam Fastball,,ball,L,R,COL,MIN,93.00,,,0,1,2023,2023-10
2023-10-01,2023,R,657756,670242,CH,Changeup,,called_strike,L,R,COL,MIN,80.00,,,0,0,2023,2023-10
2023-10-01,2023,R,657756,670242,FF,4-Seam Fastball,strikeout,swinging_strike,L,R,COL,MIN,94.60,,,2,2,2023,2023-10
2023-10-01,2023,R,657756,670242,CH,Changeup,,foul,L,R,COL,MIN,80.50,74.80,-37,2,2,2023,2023-10
2023-10-01,2023,R,657756,670242,SL,Slider,,ball,L,R,COL,MIN,87.30,,,1,2,2023,2023-10
2023-10-01,2023,R,657756,670242,FF,4-Seam Fastball,,foul,L,R,COL,MIN,93.30,81.50,8,1,1,2023,2023-10
2023-10-01,2023,R,657756,670242,FF,4-Seam Fastball,,ball,L,R,COL,MIN,92.90,,,0,1,2023,2023-10
2023-10-01,2023,R,657756,670242,FF,4-Seam Fastball,,called_strike,L,R,COL,MIN,92.40,,,0,0,2023,2023-10
2023-10-01,2023,R,657756,680777,FF,4-Seam Fastball,strikeout,swinging_strike,R,R,COL,MIN,92.60,,,1,2,2023,2023-10
2023-10-01,2023,R,657756,680777,FF,4-Seam Fastball,,ball,R,R,COL,MIN,93.50,,,0,2,2023,2023-10
2023-10-01,2023,R,657756,680777,CU,Curveball,,foul,R,R,COL,MIN,78.10,79.20,64,0,1,2023,2023-10
2023-10-01,2023,R,657756,680777,SI,Sinker,,called_strike,R,R,COL,MIN,90.70,,,0,0,2023,2023-10
2023-10-01,2023,R,657756,680777,SI,Sinker,single,hit_into_play,R,R,COL,MIN,90.80,80.20,-1,1,2,2023,2023-10
2023-10-01,2023,R,657756,680777,CH,Changeup,,foul,R,R,COL,MIN,78.50,62.40,-55,1,2,2023,2023-10
2023-10-01,2023,R,657756,680777,FF,4-Seam Fastball,,ball,R,R,COL,MIN,93.50,,,0,2,2023,2023-10
2023-10-01,2023,R,657756,680777,FF,4-Seam Fastball,,foul,R,R,COL,MIN,92.90,75.40,24,0,1,2023,2023-10
2023-10-01,2023,R,657756,680777,SI,Sinker,,called_strike,R,R,COL,MIN,91.00,,,0,0,2023,2023-10
2023-10-01,2023,R,658648,462101,CH,Changeup,strikeout,swinging_strike,R,R,CWS,SD,82.60,,,2,2,2023,2023-10
2023-10-01,2023,R,658648,462101,ST,Sweeper,,ball,R,R,CWS,SD,79.90,,,1,2,2023,2023-10
2023-10-01,2023,R,658648,462101,CH,Changeup,,foul,R,R,CWS,SD,83.30,75.40,-41,1,1,2023,2023-10
2023-10-01,2023,R,658648,462101,CU,Curveball,,ball,R,R,CWS,SD,75.80,,,0,1,2023,2023-10
2023-10-01,2023,R,658648,462101,FF,4-Seam Fastball,,called_strike,R,R,CWS,SD,93.70,,,0,0,2023,2023-10
2023-10-01,2023,R,658648,462101,CH,Changeup,field_out,hit_into_play,R,R,CWS,SD,83.80,80.40,-25,2,1,2023,2023-10
2023-10-01,2023,R,658648,462101,SI,Sinker,,foul,R,R,CWS,SD,92.00,71.70,-46,2,0,2023,2023-10
2023-10-01,2023,R,658648,462101,SI,Sinker,,ball,R,R,CWS,SD,92.20,,,1,0,2023,2023-10
2023-10-01,2023,R,658648,462101,CU,Curveball,,ball,R,R,CWS,SD,76.10,,,0,0,2023,2023-10
2023-10-01,2023,R,658648,462101,SI,Sinker,field_out,hit_into_play,R,R,CWS,SD,93.20,86.80,-18,2,0,2023,2023-10
2023-10-01,2023,R,658648,462101,FF,4-Seam Fastball,,ball,R,R,CWS,SD,91.80,,,1,0,2023,2023-10
2023-10-01,2023,R,658648,462101,FF,4-Seam Fastball,,ball,R,R,CWS,SD,91.50,,,0,0,2023,2023-10
2023-10-01,2023,R,658648,518735,CH,Changeup,field_out,hit_into_play,L,R,CWS,SD,84.40,79.90,76,3,2,2023,2023-10
2023-10-01,2023,R,658648,518735,CH,Changeup,,ball,L,R,CWS,SD,83.20,,,2,2,2023,2023-10
2023-10-01,2023,R,658648,518735,FF,4-Seam Fastball,,ball,L,R,CWS,SD,93.30,,,1,2,2023,2023-10
2023-10-01,2023,R,658648,518735,FF,4-Seam Fastball,,ball,L,R,CWS,SD,93.00,,,0,2,2023,2023-10
2023-10-01,2023,R,658648,518735,CU,Curveball,,swinging_strike,L,R,CWS,SD,77.10,,,0,1,2023,2023-10
2023-10-01,2023,R,658648,518735,CU,Curveball,,called_strike,L,R,CWS,SD,76.20,,,0,0,2023,2023-10
2023-10-01,2023,R,658648,518735,CH,Changeup,strikeout,called_strike,L,R,CWS,SD,83.50,,,3,2,2023,2023-10
2023-10-01,2023,R,658648,518735,CH,Changeup,,blocked_ball,L,R,CWS,SD,83.00,,,2,2,2023,2023-10
2023-10-01,2023,R,658648,518735,SI,Sinker,,foul,L,R,CWS,SD,93.60,80.10,26,2,1,2023,2023-10
2023-10-01,2023,R,658648,518735,CH,Changeup,,ball,L,R,CWS,SD,82.30,,,1,1,2023,2023-10
2023-10-01,2023,R,658648,518735,CH,Changeup,,foul,L,R,CWS,SD,81.80,72.70,-42,1,0,2023,2023-10
2023-10-01,2023,R,658648,518735,SI,Sinker,,ball,L,R,CWS,SD,91.70,,,0,0,2023,2023-10
2023-10-01,2023,R,658648,571980,CH,Changeup,strikeout,swinging_strike,L,R,CWS,SD,83.50,,,1,2,2023,2023-10
2023-10-01,2023,R,658648,571980,CH,Changeup,,ball,L,R,CWS,SD,83.00,,,0,2,2023,2023-10
2023-10-01,2023,R,658648,571980,CU,Curveball,,foul,L,R,CWS,SD,77.80,91.20,-18,0,1,2023,2023-10
2023-10-01,2023,R,658648,571980,SI,Sinker,,called_strike,L,R,CWS,SD,94.50,,,0,0,2023,2023-10
2023-10-01,2023,R,658648,571980,FF,4-Seam Fastball,strikeout,swinging_strike,L,R,CWS,SD,93.10,,,1,2,2023,2023-10
2023-10-01,2023,R,658648,571980,FF,4-Seam Fastball,,ball,L,R,CWS,SD,93.20,,,0,2,2023,2023-10
2023-10-01,2023,R,658648,571980,SI,Sinker,,foul,L,R,CWS,SD,93.30,72.50,24,0,1,2023,2023-10
2023-10-01,2023,R,658648,571980,CH,Changeup,,swinging_strike,L,R,CWS,SD,84.00,,,0,0,2023,2023-10
2023-10-01,2023,R,658648,572204,CH,Changeup,field_out,hit_into_play,R,R,CWS,SD,82.70,40.50,-17,1,0,2023,2023-10
2023-10-01,2023,R,658648,572204,FF,4-Seam Fastball,,ball,R,R,CWS,SD,94.70,,,0,0,2023,2023-10
2023-10-01,2023,R,658648,572204,CU,Curveball,hit_by_pitch,hit_by_pitch,R,R,CWS,SD,76.10,,,2,2,2023,2023-10
2023-10-01,2023,R,658648,572204,FF,4-Seam Fastball,,foul,R,R,CWS,SD,93.50,79.90,39,2,2,2023,2023-10
2023-10-01,2023,R,658648,572204,CH,Changeup,,foul,R,R,CWS,SD,83.80,71.10,34,2,2,2023,2023-10
2023-10-01,2023,R,658648,572204,ST,Sweeper,,ball,R,R,CWS,SD,82.40,,,1,2,2023,2023-10
2023-10-01,2023,R,658648,572204,ST,Sweeper,,ball,R,R,CWS,SD,80.80,,,0,2,2023,2023-10
2023-10-01,2023,R,658648,572204,CU,Curveball,,foul,R,R,CWS,SD,77.60,89.30,28,0,1,2023,2023-10
2023-10-01,2023,R,658648,572204,FF,4-Seam Fastball,,called_strike,R,R,CWS,SD,93.30,,,0,0,2023,2023-10
2023-10-01,2023,R,658648,621545,CH,Changeup,strikeout,swinging_strike,R,R,CWS,SD,83.00,,,3,2,2023,2023-10
2023-10-01,2023,R,658648,621545,ST,Sweeper,,foul_tip,R,R,CWS,SD,79.90,,,3,1,2023,2023-10
2023-10-01,2023,R,658648,621545,SI,Sinker,,called_strike,R,R,CWS,SD,91.80,,,3,0,2023,2023-10
2023-10-01,2023,R,658648,621545,FF,4-Seam Fastball,,ball,R,R,CWS,SD,92.50,,,2,0,2023,2023-10
2023-10-01,2023,R,658648,621545,CH,Changeup,,ball,R,R,CWS,SD,82.50,,,1,0,2023,2023-10
2023-10-01,2023,R,658648,621545,CU,Curveball,,ball,R,R,CWS,SD,76.90,,,0,0,2023,2023-10
2023-10-01,2023,R,658648,621545,CU,Curveball,single,hit_into_play,R,R,CWS,SD,75.50,27.30,-20,0,1,2023,2023-10
2023-10-01,2023,R,658648,621545,CH,Changeup,,swinging_strike,R,R,CWS,SD,83.20,,,0,0,2023,2023-10
2023-10-01,2023,R,658648,621545,SI,Sinker,single,hit_into_play,R,R,CWS,SD,92.60,102.10,4,0,1,2023,2023-10
2023-10-01,2023,R,658648,621545,SI,Sinker,,foul,R,R,CWS,SD,92.80,,,0,0,2023,2023-10
2023-10-01,2023,R,658648,656024,FF,4-Seam Fastball,field_out,hit_into_play,R,R,CWS,SD,94.90,85.40,34,0,0,2023,2023-10
2023-10-01,2023,R,658648,656024,SI,Sinker,field_out,hit_into_play,R,R,CWS,SD,93.30,63.50,-11,3,2,2023,2023-10
2023-10-01,2023,R,658648,656024,CU,Curveball,,ball,R,R,CWS,SD,77.00,,,2,2,2023,2023-10
2023-10-01,2023,R,658648,656024,CH,Changeup,,ball,R,R,CWS,SD,83.00,,,1,2,2023,2023-10
2023-10-01,2023,R,658648,656024,CH,Changeup,,blocked_ball,R,R,CWS,SD,84.00,,,0,2,2023,2023-10
2023-10-01,2023,R,658648,656024,CH,Changeup,,swinging_strike,R,R,CWS,SD,81.90,,,0,1,2023,2023-10
2023-10-01,2023,R,658648,656024,SI,Sinker,,called_strike,R,R,CWS,SD,93.40,,,0,0,2023,2023-10
2023-10-01,2023,R,658648,657757,FF,4-Seam Fastball,field_out,hit_into_play,L,R,CWS,SD,94.50,59.00,-20,3,2,2023,2023-10
2023-10-01,2023,R,658648,657757,FF,4-Seam Fastball,,called_strike,L,R,CWS,SD,96.20,,,3,1,2023,2023-10
2023-10-01,2023,R,658648,657757,SI,Sinker,,foul,L,R,CWS,SD,93.50,107.50,31,3,0,2023,2023-10
2023-10-01,2023,R,658648,657757,CH,Changeup,,ball,L,R,CWS,SD,84.80,,,2,0,2023,2023-10
2023-10-01,2023,R,658648,657757,CU,Curveball,,blocked_ball,L,R,CWS,SD,76.40,,,1,0,2023,2023-10
2023-10-01,2023,R,658648,657757,FF,4-Seam Fastball,,ball,L,R,CWS,SD,95.50,,,0,0,2023,2023-10
2023-10-01,2023,R,658648,657757,SI,Sinker,field_error,hit_into_play,L,R,CWS,SD,93.60,89.80,-20,0,0,2023,2023-10
2023-10-01,2023,R,658648,672820,SI,Sinker,single,hit_into_play,R,R,CWS,SD,92.30,106.70,5,1,0,2023,2023-10
2023-10-01,2023,R,658648,672820,SI,Sinker,,ball,R,R,CWS,SD,91.30,,,0,0,2023,2023-10
2023-10-01,2023,R,658648,672820,SI,Sinker,strikeout,called_strike,R,R,CWS,SD,94.40,,,2,2,2023,2023-10
2023-10-01,2023,R,658648,672820,CH,Changeup,,swinging_strike,R,R,CWS,SD,83.70,,,2,1,2023,2023-10
2023-10-01,2023,R,658648,672820,CH,Changeup,,ball,R,R,CWS,SD,82.60,,,1,1,2023,2023-10
2023-10-01,2023,R,658648,672820,SI,Sinker,,foul,R,R,CWS,SD,93.10,35.90,-38,1,0,2023,2023-10
2023-10-01,2023,R,658648,672820,CU,Curveball,,ball,R,R,CWS,SD,76.10,,,0,0,2023,2023-10
2023-10-01,2023,R,658648,683734,ST,Sweeper,field_out,hit_into_play,R,R,CWS,SD,80.00,67.40,-15,0,2,2023,2023-10
2023-10-01,2023,R,658648,683734,CH,Changeup,,foul,R,R,CWS,SD,83.40,84.70,31,0,2,2023,2023-10
2023-10-01,2023,R,658648,683734,CU,Curveball,,foul,R,R,CWS,SD,76.40,58.00,-35,0,1,2023,2023-10
2023-10-01,2023,R,658648,683734,SI,Sinker,,called_strike,R,R,CWS,SD,91.60,,,0,0,2023,2023-10
2023-10-01,2023,R,658648,683734,CH,Changeup,strikeout,swinging_strike,R,R,CWS,SD,84.10,,,2,2,2023,2023-10
2023-10-01,2023,R,658648,683734,ST,Sweeper,,ball,R,R,CWS,SD,80.90,,,1,2,2023,2023-10
2023-10-01,2023,R,658648,683734,CU,Curveball,,foul,R,R,CWS,SD,76.50,68.40,-44,1,1,2023,2023-10
2023-10-01,2023,R,658648,683734,CU,Curveball,,foul,R,R,CWS,SD,75.90,49.80,-35,1,0,2023,2023-10
2023-10-01,2023,R,658648,683734,SI,Sinker,,ball,R,R,CWS,SD,93.20,,,0,0,2023,2023-10
2023-10-01,2023,R,660261,457759,FS,Split-Finger,field_out,hit_into_play,R,R,BAL,BOS,92.50,95.50,-15,1,2,2023,2023-10
2023-10-01,2023,R,660261,457759,FF,4-Seam Fastball,,foul,R,R,BAL,BOS,98.00,59.00,50,1,1,2023,2023-10
2023-10-01,2023,R,660261,457759,FC,Cutter,,ball,R,R,BAL,BOS,88.40,,,0,1,2023,2023-10
2023-10-01,2023,R,660261,457759,FF,4-Seam Fastball,,foul,R,R,BAL,BOS,95.80,109.90,26,0,0,2023,2023-10
2023-10-01,2023,R,660261,622569,FF,4-Seam Fastball,walk,ball,R,R,BAL,BOS,96.60,,,3,2,2023,2023-10
2023-10-01,2023,R,660261,622569,FF,4-Seam Fastball,,ball,R,R,BAL,BOS,96.20,,,2,2,2023,2023-10
2023-10-01,2023,R,660261,622569,FF,4-Seam Fastball,,called_strike,R,R,BAL,BOS,97.00,,,2,1,2023,2023-10
2023-10-01,2023,R,660261,622569,FC,Cutter,,ball,R,R,BAL,BOS,83.60,,,1,1,2023,2023-10
2023-10-01,2023,R,660261,622569,ST,Sweeper,,ball,R,R,BAL,BOS,83.00,,,0,1,2023,2023-10
2023-10-01,2023,R,660261,622569,FF,4-Seam Fastball,,called_strike,R,R,BAL,BOS,97.30,,,0,0,2023,2023-10
2023-10-01,2023,R,660261,657077,FF,4-Seam Fastball,field_out,hit_into_play,L,R,BAL,BOS,96.90,68.00,53,0,1,2023,2023-10
2023-10-01,2023,R,660261,657077,FF,4-Seam Fastball,,called_strike,L,R,BAL,BOS,98.70,,,0,0,2023,2023-10
2023-10-01,2023,R,660261,657136,FF,4-Seam Fastball,field_out,hit_into_play,R,R,BAL,BOS,97.10,90.10,-19,0,0,2023,2023-10
2023-10-01,2023,R,660593,595909,FF,4-Seam Fastball,walk,ball,L,R,NYM,PHI,91.60,,,3,2,2023,2023-10
2023-10-01,2023,R,660593,595909,FC,Cutter,,foul,L,R,NYM,PHI,87.60,67.40,63,3,2,2023,2023-10
2023-10-01,2023,R,660593,595909,SI,Sinker,,foul,L,R,NYM,PHI,91.90,90.30,34,3,2,2023,2023-10
2023-10-01,2023,R,660593,595909,SL,Slider,,ball,L,R,NYM,PHI,80.30,,,2,2,2023,2023-10
2023-10-01,2023,R,660593,595909,FF,4-Seam Fastball,,ball,L,R,NYM,PHI,91.20,,,1,2,2023,2023-10
2023-10-01,2023,R,660593,595909,FC,Cutter,,foul,L,R,NYM,PHI,86.10,77.40,-20,1,1,2023,2023-10
2023-10-01,2023,R,660593,595909,SI,Sinker,,foul,L,R,NYM,PHI,90.50,69.90,25,1,0,2023,2023-10
2023-10-01,2023,R,660593,595909,CH,Changeup,,ball,L,R,NYM,PHI,83.30,,,0,0,2023,2023-10
2023-10-01,2023,R,660593,596117,CH,Changeup,single,hit_into_play,L,R,NYM,PHI,85.20,92.80,8,1,2,2023,2023-10
2023-10-01,2023,R,660593,596117,CH,Changeup,,ball,L,R,NYM,PHI,84.30,,,0,2,2023,2023-10
2023-10-01,2023,R,660593,596117,FF,4-Seam Fastball,,foul,L,R,NYM,PHI,91.00,105.70,19,0,2,2023,2023-10
2023-10-01,2023,R,660593,596117,FC,Cutter,,foul,L,R,NYM,PHI,85.90,103.30,18,0,1,2023,2023-10
2023-10-01,2023,R,660593,596117,FF,4-Seam Fastball,,swinging_strike,L,R,NYM,PHI,91.10,,,0,0,2023,2023-10
2023-10-01,2023,R,660593,596117,SI,Sinker,strikeout,called_strike,L,R,NYM,PHI,92.80,,,1,2,2023,2023-10
2023-10-01,2023,R,660593,596117,FF,4-Seam Fastball,,ball,L,R,NYM,PHI,91.60,,,0,2,2023,2023-10
2023-10-01,2023,R,660593,596117,CH,Changeup,,foul,L,R,NYM,PHI,85.10,71.90,34,0,1,2023,2023-10
2023-10-01,2023,R,660593,596117,SI,Sinker,,called_strike,L,R,NYM,PHI,91.40,,,0,0,2023,2023-10
2023-10-01,2023,R,660593,624641,SI,Sinker,grounded_into_double_play,hit_into_play,R,R,NYM,PHI,91.70,84.80,-2,0,1,2023,2023-10
2023-10-01,2023,R,660593,624641,SI,Sinker,,foul,R,R,NYM,PHI,91.40,61.30,-35,0,0,2023,2023-10
2023-10-01,2023,R,660593,642215,SI,Sinker,field_out,hit_into_play,R,R,NYM,PHI,91.50,76.40,-17,3,2,2023,2023-10
2023-10-01,2023,R,660593,642215,SI,Sinker,,foul,R,R,NYM,PHI,91.40,,,3,1,2023,2023-10
2023-10-01,2023,R,660593,642215,FF,4-Seam Fastball,,ball,R,R,NYM,PHI,91.90,,,2,1,2023,2023-10
2023-10-01,2023,R,660593,642215,SL,Slider,,ball,R,R,NYM,PHI,80.00,,,1,1,2023,2023-10
2023-10-01,2023,R,660593,642215,SI,Sinker,,foul,R,R,NYM,PHI,91.10,75.10,-21,1,0,2023,2023-10
2023-10-01,2023,R,660593,642215,SI,Sinker,,ball,R,R,NYM,PHI,92.20,,,0,0,2023,2023-10
2023-10-01,2023,R,660593,642215,SI,Sinker,single,hit_into_play,R,R,NYM,PHI,91.00,44.00,-65,0,1,2023,2023-10
2023-10-01,2023,R,660593,642215,SI,Sinker,,foul,R,R,NYM,PHI,90.40,51.70,8,0,0,2023,2023-10
2023-10-01,2023,R,660593,664761,SI,Sinker,field_out,hit_into_play,R,R,NYM,PHI,90.90,72.90,-28,0,1,2023,2023-10
2023-10-01,2023,R,660593,664761,SL,Slider,,called_strike,R,R,NYM,PHI,79.50,,,0,0,2023,2023-10
2023-10-01,2023,R,660593,665506,SL,Slider,single,hit_into_play,R,R,NYM,PHI,79.80,70.30,25,0,1,2023,2023-10
2023-10-01,2023,R,660593,665506,SI,Sinker,,swinging_strike,R,R,NYM,PHI,90.90,,,0,0,2023,2023-10
2023-10-01,2023,R,660593,665506,CH,Changeup,strikeout,swinging_strike,R,R,NYM,PHI,86.20,,,2,2,2023,2023-10
2023-10-01,2023,R,660593,665506,CH,Changeup,,swinging_strike,R,R,NYM,PHI,85.30,,,2,1,2023,2023-10
2023-10-01,2023,R,660593,665506,SL,Slider,,ball,R,R,NYM,PHI,79.80,,,1,1,2023,2023-10
2023-10-01,2023,R,660593,665506,SI,Sinker,,foul,R,R,NYM,PHI,92.80,,,1,0,2023,2023-10
2023-10-01,2023,R,660593,665506,FC,Cutter,,ball,R,R,NYM,PHI,89.10,,,0,0,2023,2023-10
2023-10-01,2023,R,660593,669016,CH,Changeup,single,hit_into_play,L,R,NYM,PHI,84.30,102.10,15,2,0,2023,2023-10
2023-10-01,2023,R,660593,669016,FC,Cutter,,ball,L,R,NYM,PHI,87.30,,,1,0,2023,2023-10
2023-10-01,2023,R,660593,669016,FC,Cutter,,ball,L,R,NYM,PHI,85.20,,,0,0,2023,2023-10
2023-10-01,2023,R,660593,679032,SI,Sinker,triple,hit_into_play,R,R,NYM,PHI,92.30,102.10,16,2,2,2023,2023-10
2023-10-01,2023,R,660593,679032,SL,Slider,,ball,R,R,NYM,PHI,79.20,,,1,2,2023,2023-10
2023-10-01,2023,R,660593,679032,SI,Sinker,,foul,R,R,NYM,PHI,91.80,,,1,1,2023,2023-10
2023-10-01,2023,R,660593,679032,SI,Sinker,,foul,R,R,NYM,PHI,90.80,68.20,-51,1,0,2023,2023-10
2023-10-01,2023,R,660593,679032,SL,Slider,,ball,R,R,NYM,PHI,80.10,,,0,0,2023,2023-10
2023-10-01,2023,R,660593,679032,SI,Sinker,field_out,hit_into_play,R,R,NYM,PHI,91.50,,,0,0,2023,2023-10
2023-10-01,2023,R,660593,681082,CH,Changeup,double,hit_into_play,L,R,NYM,PHI,84.70,94.90,26,1,0,2023,2023-10
2023-10-01,2023,R,660593,681082,SI,Sinker,,ball,L,R,NYM,PHI,90.70,,,0,0,2023,2023-10
2023-10-01,2023,R,660761,665923,CH,Changeup,field_out,hit_into_play,R,L,LAA,ATH,82.70,67.00,82,0,1,2023,2023-10
2023-10-01,2023,R,660761,665923,FF,4-Seam Fastball,,foul,R,L,LAA,ATH,90.80,,,0,0,2023,2023-10
2023-10-01,2023,R,660761,665923,FF,4-Seam Fastball,field_out,hit_into_play,R,L,LAA,ATH,90.60,79.60,-3,0,2,2023,2023-10
2023-10-01,2023,R,660761,665923,FF,4-Seam Fastball,,swinging_strike,R,L,LAA,ATH,91.40,,,0,1,2023,2023-10
2023-10-01,2023,R,660761,665923,CH,Changeup,,called_strike,R,L,LAA,ATH,79.70,,,0,0,2023,2023-10
2023-10-01,2023,R,660761,667670,FF,4-Seam Fastball,home_run,hit_into_play,R,L,LAA,ATH,91.70,104.40,38,0,0,2023,2023-10
2023-10-01,2023,R,660761,667670,FF,4-Seam Fastball,single,hit_into_play,R,L,LAA,ATH,91.40,85.00,5,2,2,2023,2023-10
2023-10-01,2023,R,660761,667670,CH,Changeup,,foul,R,L,LAA,ATH,81.00,,,2,1,2023,2023-10
2023-10-01,2023,R,660761,667670,FF,4-Seam Fastball,,foul,R,L,LAA,ATH,89.90,72.90,40,2,0,2023,2023-10
2023-10-01,2023,R,660761,667670,CH,Changeup,,ball,R,L,LAA,ATH,79.50,,,1,0,2023,2023-10
2023-10-01,2023,R,660761,667670,ST,Sweeper,,ball,R,L,LAA,ATH,76.30,,,0,0,2023,2023-10
2023-10-01,2023,R,660761,668709,FC,Cutter,walk,ball,L,L,LAA,ATH,85.40,,,3,1,2023,2023-10
2023-10-01,2023,R,660761,668709,SI,Sinker,,ball,L,L,LAA,ATH,90.60,,,2,1,2023,2023-10
2023-10-01,2023,R,660761,668709,SL,Slider,,ball,L,L,LAA,ATH,85.50,,,1,1,2023,2023-10
2023-10-01,2023,R,660761,668709,SL,Slider,,swinging_strike,L,L,LAA,ATH,85.20,,,1,0,2023,2023-10
2023-10-01,2023,R,660761,668709,ST,Sweeper,,ball,L,L,LAA,ATH,76.50,,,0,0,2023,2023-10
2023-10-01,2023,R,660761,668709,SI,Sinker,field_out,hit_into_play,L,L,LAA,ATH,88.90,81.30,30,2,0,2023,2023-10
2023-10-01,2023,R,660761,668709,SI,Sinker,,ball,L,L,LAA,ATH,90.00,,,1,0,2023,2023-10
2023-10-01,2023,R,660761,668709,ST,Sweeper,,ball,L,L,LAA,ATH,76.10,,,0,0,2023,2023-10
2023-10-01,2023,R,660761,669397,FF,4-Seam Fastball,single,hit_into_play,R,L,LAA,ATH,90.70,74.30,19,2,1,2023,2023-10
2023-10-01,2023,R,660761,669397,ST,Sweeper,,ball,R,L,LAA,ATH,80.80,,,1,1,2023,2023-10
2023-10-01,2023,R,660761,669397,FF,4-Seam Fastball,,ball,R,L,LAA,ATH,92.40,,,0,1,2023,2023-10
2023-10-01,2023,R,660761,669397,FF,4-Seam Fastball,,foul_tip,R,L,LAA,ATH,91.50,,,0,0,2023,2023-10
2023-10-01,2023,R,660761,671732,SI,Sinker,grounded_into_double_play,hit_into_play,L,L,LAA,ATH,90.60,90.70,-14,0,0,2023,2023-10
2023-10-01,2023,R,660761,671732,SI,Sinker,single,hit_into_play,L,L,LAA,ATH,87.70,106.90,-4,1,0,2023,2023-10
2023-10-01,2023,R,660761,671732,SI,Sinker,,ball,L,L,LAA,ATH,87.90,,,0,0,2023,2023-10
2023-10-01,2023,R,660761,672478,CH,Changeup,single,hit_into_play,R,L,LAA,ATH,80.50,111.20,11,0,1,2023,2023-10
2023-10-01,2023,R,660761,672478,FF,4-Seam Fastball,,called_strike,R,L,LAA,ATH,89.80,,,0,0,2023,2023-10
2023-10-01,2023,R,660761,676116,CH,Changeup,strikeout,swinging_strike,L,L,LAA,ATH,79.90,,,2,2,2023,2023-10
2023-10-01,2023,R,660761,676116,ST,Sweeper,,ball,L,L,LAA,ATH,76.30,,,1,2,2023,2023-10
2023-10-01,2023,R,660761,676116,CH,Changeup,,swinging_strike,L,L,LAA,ATH,79.50,,,1,1,2023,2023-10
2023-10-01,2023,R,660761,676116,SI,Sinker,,foul,L,L,LAA,ATH,89.30,83.30,64,1,0,2023,2023-10
2023-10-01,2023,R,660761,676116,ST,Sweeper,,ball,L,L,LAA,ATH,73.60,,,0,0,2023,2023-10
2023-10-01,2023,R,660761,676116,FF,4-Seam Fastball,single,hit_into_play,L,L,LAA,ATH,90.10,94.00,9,3,2,2023,2023-10
2023-10-01,2023,R,660761,676116,FF,4-Seam Fastball,,called_strike,L,L,LAA,ATH,89.20,,,3,1,2023,2023-10
2023-10-01,2023,R,660761,676116,FF,4-Seam Fastball,,called_strike,L,L,LAA,ATH,90.00,,,3,0,2023,2023-10
2023-10-01,2023,R,660761,676116,SI,Sinker,,ball,L,L,LAA,ATH,88.30,,,2,0,2023,2023-10
2023-10-01,2023,R,660761,676116,FF,4-Seam Fastball,,ball,L,L,LAA,ATH,90.20,,,1,0,2023,2023-10
2023-10-01,2023,R,660761,676116,ST,Sweeper,,ball,L,L,LAA,ATH,74.30,,,0,0,2023,2023-10
2023-10-01,2023,R,660761,680869,ST,Sweeper,field_out,hit_into_play,R,L,LAA,ATH,76.80,91.00,39,0,1,2023,2023-10
2023-10-01,2023,R,660761,680869,CH,Changeup,,foul,R,L,LAA,ATH,81.00,84.10,58,0,0,2023,2023-10
2023-10-01,2023,R,660761,680869,FF,4-Seam Fastball,strikeout,swinging_strike,R,L,LAA,ATH,89.90,,,0,2,2023,2023-10
2023-10-01,2023,R,660761,680869,CH,Changeup,,foul,R,L,LAA,ATH,79.90,78.10,70,0,1,2023,2023-10
2023-10-01,2023,R,660761,680869,FF,4-Seam Fastball,,swinging_strike,R,L,LAA,ATH,90.70,,,0,0,2023,2023-10
2023-10-01,2023,R,660761,691016,SI,Sinker,force_out,hit_into_play,L,L,LAA,ATH,90.80,86.20,-20,0,0,2023,2023-10
2023-10-01,2023,R,660853,408234,FF,4-Seam Fastball,walk,ball,R,R,DET,CLE,94.90,,,3,0,2023,2023-10
2023-10-01,2023,R,660853,408234,FF,4-Seam Fastball,,ball,R,R,DET,CLE,95.20,,,2,0,2023,2023-10
2023-10-01,2023,R,660853,408234,FF,4-Seam Fastball,,ball,R,R,DET,CLE,94.70,,,1,0,2023,2023-10
2023-10-01,2023,R,660853,408234,FF,4-Seam Fastball,,ball,R,R,DET,CLE,95.90,,,0,0,2023,2023-10
2023-10-01,2023,R,660853,628451,SL,Slider,field_error,hit_into_play,R,R,DET,CLE,84.50,80.50,-2,0,2,2023,2023-10
2023-10-01,2023,R,660853,628451,SL,Slider,,called_strike,R,R,DET,CLE,85.00,,,0,1,2023,2023-10
2023-10-01,2023,R,660853,628451,SL,Slider,,swinging_strike_blocked,R,R,DET,CLE,84.60,,,0,0,2023,2023-10
2023-10-01,2023,R,660853,663837,SL,Slider,double,hit_into_play,R,R,DET,CLE,83.70,100.00,7,2,2,2023,2023-10
2023-10-01,2023,R,660853,663837,SL,Slider,,foul,R,R,DET,CLE,84.90,76.50,11,2,2,2023,2023-10
2023-10-01,2023,R,660853,663837,FF,4-Seam Fastball,,foul,R,R,DET,CLE,95.90,85.00,10,2,2,2023,2023-10
2023-10-01,2023,R,660853,663837,SL,Slider,,foul,R,R,DET,CLE,83.60,99.60,-33,2,2,2023,2023-10
2023-10-01,2023,R,660853,663837,SL,Slider,,foul,R,R,DET,CLE,82.50,99.50,21,2,1,2023,2023-10
2023-10-01,2023,R,660853,663837,FF,4-Seam Fastball,,ball,R,R,DET,CLE,95.50,,,1,1,2023,2023-10
2023-10-01,2023,R,660853,663837,FF,4-Seam Fastball,,ball,R,R,DET,CLE,94.90,,,0,1,2023,2023-10
2023-10-01,2023,R,660853,663837,FF,4-Seam Fastball,,called_strike,R,R,DET,CLE,95.40,,,0,0,2023,2023-10
2023-10-01,2023,R,660853,681481,SL,Slider,grounded_into_double_play,hit_into_play,L,R,DET,CLE,81.30,68.00,-1,2,1,2023,2023-10
2023-10-01,2023,R,660853,681481,SL,Slider,,ball,L,R,DET,CLE,81.10,,,1,1,2023,2023-10
2023-10-01,2023,R,660853,681481,FF,4-Seam Fastball,,called_strike,L,R,DET,CLE,95.00,,,1,0,2023,2023-10
2023-10-01,2023,R,660853,681481,SL,Slider,,ball,L,R,DET,CLE,83.00,,,0,0,2023,2023-10
2023-10-01,2023,R,660896,453568,CH,Changeup,field_out,hit_into_play,L,R,COL,MIN,89.20,85.00,33,0,1,2023,2023-10
2023-10-01,2023,R,660896,453568,FF,4-Seam Fastball,,called_strike,L,R,COL,MIN,95.30,,,0,0,2023,2023-10
2023-10-01,2023,R,660896,592178,SI,Sinker,walk,ball,R,R,COL,MIN,95.90,,,3,1,2023,2023-10
2023-10-01,2023,R,660896,592178,SL,Slider,,ball,R,R,COL,MIN,86.40,,,2,1,2023,2023-10
2023-10-01,2023,R,660896,592178,CH,Changeup,,ball,R,R,COL,MIN,95.30,,,1,1,2023,2023-10
2023-10-01,2023,R,660896,592178,SL,Slider,,foul,R,R,COL,MIN,89.30,,,1,0,2023,2023-10
2023-10-01,2023,R,660896,592178,SL,Slider,,ball,R,R,COL,MIN,90.20,,,0,0,2023,2023-10
2023-10-01,2023,R,660896,641857,FF,4-Seam Fastball,field_out,hit_into_play,L,R,COL,MIN,95.80,48.90,-2,0,0,2023,2023-10
2023-10-01,2023,R,660896,656248,FF,4-Seam Fastball,home_run,hit_into_play,R,R,COL,MIN,97.40,99.30,31,3,2,2023,2023-10
2023-10-01,2023,R,660896,656248,FF,4-Seam Fastball,,called_strike,R,R,COL,MIN,97.20,,,3,1,2023,2023-10
2023-10-01,2023,R,660896,656248,SL,Slider,,ball,R,R,COL,MIN,88.80,,,2,1,2023,2023-10
2023-10-01,2023,R,660896,656248,FF,4-Seam Fastball,,called_strike,R,R,COL,MIN,97.30,,,2,0,2023,2023-10
2023-10-01,2023,R,660896,656248,SI,Sinker,,ball,R,R,COL,MIN,96.90,,,1,0,2023,2023-10
2023-10-01,2023,R,660896,656248,SL,Slider,,ball,R,R,COL,MIN,89.50,,,0,0,2023,2023-10
2023-10-01,2023,R,660896,660707,FF,4-Seam Fastball,strikeout,foul_tip,R,R,COL,MIN,98.50,,,3,2,2023,2023-10
2023-10-01,2023,R,660896,660707,FF,4-Seam Fastball,,swinging_strike,R,R,COL,MIN,98.00,,,3,1,2023,2023-10
2023-10-01,2023,R,660896,660707,SL,Slider,,ball,R,R,COL,MIN,89.20,,,2,1,2023,2023-10
2023-10-01,2023,R,660896,660707,FF,4-Seam Fastball,,ball,R,R,COL,MIN,99.30,,,1,1,2023,2023-10
2023-10-01,2023,R,660896,660707,FF,4-Seam Fastball,,foul,R,R,COL,MIN,97.50,75.80,39,1,0,2023,2023-10
2023-10-01,2023,R,660896,660707,SL,Slider,,ball,R,R,COL,MIN,88.00,,,0,0,2023,2023-10
2023-10-01,2023,R,660896,663898,SL,Slider,strikeout,swinging_strike,R,R,COL,MIN,89.50,,,0,2,2023,2023-10
2023-10-01,2023,R,660896,663898,SI,Sinker,,foul,R,R,COL,MIN,96.70,,,0,1,2023,2023-10
2023-10-01,2023,R,660896,663898,SL,Slider,,called_strike,R,R,COL,MIN,87.90,,,0,0,2023,2023-10
2023-10-01,2023,R,660896,666134,FF,4-Seam Fastball,walk,ball,L,R,COL,MIN,97.30,,,3,1,2023,2023-10
2023-10-01,2023,R,660896,666134,FF,4-Seam Fastball,,called_strike,L,R,COL,MIN,96.50,,,3,0,2023,2023-10
2023-10-01,2023,R,660896,666134,FF,4-Seam Fastball,,ball,L,R,COL,MIN,95.80,,,2,0,2023,2023-10
2023-10-01,2023,R,660896,666134,FF,4-Seam Fastball,,ball,L,R,COL,MIN,95.70,,,1,0,2023,2023-10
2023-10-01,2023,R,660896,666134,FF,4-Seam Fastball,,ball,L,R,COL,MIN,97.30,,,0,0,2023,2023-10
2023-10-01,2023,R,660896,678662,SL,Slider,strikeout,swinging_strike,R,R,COL,MIN,90.10,,,3,2,2023,2023-10
2023-10-01,2023,R,660896,678662,FF,4-Seam Fastball,,foul,R,R,COL,MIN,97.70,,,3,2,2023,2023-10
2023-10-01,2023,R,660896,678662,FF,4-Seam Fastball,,swinging_strike,R,R,COL,MIN,97.30,,,3,1,2023,2023-10
2023-10-01,2023,R,660896,678662,FF,4-Seam Fastball,,ball,R,R,COL,MIN,97.40,,,2,1,2023,2023-10
2023-10-01,2023,R,660896,678662,FF,4-Seam Fastball,,ball,R,R,COL,MIN,98.80,,,1,1,2023,2023-10
2023-10-01,2023,R,660896,678662,SI,Sinker,,ball,R,R,COL,MIN,97.50,,,0,1,2023,2023-10
2023-10-01,2023,R,660896,678662,FF,4-Seam Fastball,,called_strike,R,R,COL,MIN,98.20,,,0,0,2023,2023-10
2023-10-01,2023,R,660896,686668,SL,Slider,strikeout,swinging_strike,R,R,COL,MIN,91.60,,,1,2,2023,2023-10
2023-10-01,2023,R,660896,686668,SI,Sinker,,foul,R,R,COL,MIN,96.70,84.30,48,1,1,2023,2023-10
2023-10-01,2023,R,660896,686668,SI,Sinker,,foul,R,R,COL,MIN,96.00,68.50,62,1,0,2023,2023-10
2023-10-01,2023,R,660896,686668,FF,4-Seam Fastball,,ball,R,R,COL,MIN,99.10,,,0,0,2023,2023-10
2023-10-01,2023,R,663423,641680,SI,Sinker,field_out,hit_into_play,L,R,SEA,TEX,93.00,82.20,-37,3,2,2023,2023-10
2023-10-01,2023,R,663423,641680,CU,Curveball,,called_strike,L,R,SEA,TEX,77.90,,,3,1,2023,2023-10
2023-10-01,2023,R,663423,641680,ST,Sweeper,,called_strike,L,R,SEA,TEX,78.30,,,3,0,2023,2023-10
2023-10-01,2023,R,663423,641680,ST,Sweeper,,ball,L,R,SEA,TEX,79.10,,,2,0,2023,2023-10
2023-10-01,2023,R,663423,641680,ST,Sweeper,,ball,L,R,SEA,TEX,79.30,,,1,0,2023,2023-10
2023-10-01,2023,R,663423,641680,FF,4-Seam Fastball,,ball,L,R,SEA,TEX,94.20,,,0,0,2023,2023-10
2023-10-01,2023,R,663423,665750,SI,Sinker,field_out,hit_into_play,L,R,SEA,TEX,93.60,71.60,-41,1,0,2023,2023-10
2023-10-01,2023,R,663423,665750,CU,Curveball,,ball,L,R,SEA,TEX,79.50,,,0,0,2023,2023-10
2023-10-01,2023,R,663423,673962,SI,Sinker,strikeout,called_strike,R,R,SEA,TEX,94.40,,,2,2,2023,2023-10
2023-10-01,2023,R,663423,673962,FF,4-Seam Fastball,,ball,R,R,SEA,TEX,94.30,,,1,2,2023,2023-10
2023-10-01,2023,R,663423,673962,CU,Curveball,,ball,R,R,SEA,TEX,79.10,,,0,2,2023,2023-10
2023-10-01,2023,R,663423,673962,ST,Sweeper,,foul,R,R,SEA,TEX,79.50,51.10,-45,0,1,2023,2023-10
2023-10-01,2023,R,663423,673962,ST,Sweeper,,called_strike,R,R,SEA,TEX,79.40,,,0,0,2023,2023-10
2023-10-01,2023,R,663462,543760,SL,Slider,strikeout,swinging_strike,R,R,SEA,TEX,84.90,,,3,2,2023,2023-10
2023-10-01,2023,R,663462,543760,SL,Slider,,called_strike,R,R,SEA,TEX,85.20,,,3,1,2023,2023-10
2023-10-01,2023,R,663462,543760,SL,Slider,,ball,R,R,SEA,TEX,84.80,,,2,1,2023,2023-10
2023-10-01,2023,R,663462,543760,SL,Slider,,ball,R,R,SEA,TEX,85.50,,,1,1,2023,2023-10
2023-10-01,2023,R,663462,543760,SL,Slider,,called_strike,R,R,SEA,TEX,85.80,,,1,0,2023,2023-10
2023-10-01,2023,R,663462,543760,SL,Slider,,ball,R,R,SEA,TEX,86.00,,,0,0,2023,2023-10
2023-10-01,2023,R,663462,608369,SL,Slider,field_out,hit_into_play,L,R,SEA,TEX,85.60,79.60,32,0,0,2023,2023-10
2023-10-01,2023,R,663462,641598,SL,Slider,field_out,hit_into_play,R,R,SEA,TEX,84.30,98.50,53,2,0,2023,2023-10
2023-10-01,2023,R,663462,641598,SL,Slider,,ball,R,R,SEA,TEX,86.00,,,1,0,2023,2023-10
2023-10-01,2023,R,663462,641598,SL,Slider,,ball,R,R,SEA,TEX,85.90,,,0,0,2023,2023-10
2023-10-01,2023,R,663462,694497,FF,4-Seam Fastball,single,hit_into_play,L,R,SEA,TEX,94.60,106.80,12,1,1,2023,2023-10
2023-10-01,2023,R,663462,694497,ST,Sweeper,,ball,L,R,SEA,TEX,81.70,,,0,1,2023,2023-10
2023-10-01,2023,R,663462,694497,FF,4-Seam Fastball,,foul,L,R,SEA,TEX,94.20,72.00,24,0,0,2023,2023-10
2023-10-01,2023,R,663704,543309,CU,Curveball,field_out,hit_into_play,R,R,KC,NYY,81.80,72.70,-35,1,1,2023,2023-10
2023-10-01,2023,R,663704,543309,SI,Sinker,,called_strike,R,R,KC,NYY,94.20,,,1,0,2023,2023-10
2023-10-01,2023,R,663704,543309,SI,Sinker,,ball,R,R,KC,NYY,95.50,,,0,0,2023,2023-10
2023-10-01,2023,R,663704,643396,CU,Curveball,strikeout,swinging_strike_blocked,R,R,KC,NYY,81.70,,,1,2,2023,2023-10
2023-10-01,2023,R,663704,643396,CU,Curveball,,foul,R,R,KC,NYY,82.50,64.40,-34,1,2,2023,2023-10
2023-10-01,2023,R,663704,643396,SI,Sinker,,foul,R,R,KC,NYY,94.00,73.90,-68,1,1,2023,2023-10
2023-10-01,2023,R,663704,643396,SL,Slider,,called_strike,R,R,KC,NYY,85.00,,,1,0,2023,2023-10
2023-10-01,2023,R,663704,643396,SI,Sinker,,ball,R,R,KC,NYY,94.50,,,0,0,2023,2023-10
2023-10-01,2023,R,663704,665828,CU,Curveball,strikeout,swinging_strike,L,R,KC,NYY,83.50,,,0,2,2023,2023-10
2023-10-01,2023,R,663704,665828,SI,Sinker,,foul,L,R,KC,NYY,94.90,87.20,20,0,2,2023,2023-10
2023-10-01,2023,R,663704,665828,CU,Curveball,,foul_tip,L,R,KC,NYY,81.60,,,0,1,2023,2023-10
2023-10-01,2023,R,663704,665828,SI,Sinker,,called_strike,L,R,KC,NYY,94.70,,,0,0,2023,2023-10
2023-10-01,2023,R,663704,669224,CU,Curveball,double,hit_into_play,L,R,KC,NYY,82.90,90.70,-9,1,1,2023,2023-10
2023-10-01,2023,R,663704,669224,CU,Curveball,,ball,L,R,KC,NYY,84.00,,,0,1,2023,2023-10
2023-10-01,2023,R,663704,669224,SI,Sinker,,called_strike,L,R,KC,NYY,94.60,,,0,0,2023,2023-10
2023-10-01,2023,R,663704,672724,SI,Sinker,field_out,hit_into_play,R,R,KC,NYY,95.10,88.80,-6,0,2,2023,2023-10
2023-10-01,2023,R,663704,672724,SL,Slider,,swinging_strike,R,R,KC,NYY,87.80,,,0,1,2023,2023-10
2023-10-01,2023,R,663704,672724,SL,Slider,,swinging_strike,R,R,KC,NYY,88.20,,,0,0,2023,2023-10
2023-10-01,2023,R,663704,677592,CU,Curveball,strikeout,swinging_strike,R,R,KC,NYY,83.50,,,0,2,2023,2023-10
2023-10-01,2023,R,663704,677592,SL,Slider,,foul,R,R,KC,NYY,86.80,90.30,38,0,1,2023,2023-10
2023-10-01,2023,R,663704,677592,SI,Sinker,,foul,R,R,KC,NYY,94.70,91.30,48,0,0,2023,2023-10
2023-10-01,2023,R,663704,683011,CU,Curveball,strikeout,swinging_strike,R,R,KC,NYY,83.10,,,2,2,2023,2023-10
2023-10-01,2023,R,663704,683011,SI,Sinker,,called_strike,R,R,KC,NYY,95.30,,,2,1,2023,2023-10
2023-10-01,2023,R,663704,683011,SL,Slider,,ball,R,R,KC,NYY,87.00,,,1,1,2023,2023-10
2023-10-01,2023,R,663704,683011,CU,Curveball,,ball,R,R,KC,NYY,82.00,,,0,1,2023,2023-10
2023-10-01,2023,R,663704,683011,SL,Slider,,called_strike,R,R,KC,NYY,87.20,,,0,0,2023,2023-10
2023-10-01,2023,R,663773,609280,SL,Slider,double,hit_into_play,R,R,PIT,MIA,82.80,102.50,16,1,2,2023,2023-10
2023-10-01,2023,R,663773,609280,SL,Slider,,ball,R,R,PIT,MIA,83.20,,,0,2,2023,2023-10
2023-10-01,2023,R,663773,609280,SL,Slider,,swinging_strike,R,R,PIT,MIA,83.10,,,0,1,2023,2023-10
2023-10-01,2023,R,663773,609280,SI,Sinker,,foul,R,R,PIT,MIA,94.40,74.20,42,0,0,2023,2023-10
2023-10-01,2023,R,663773,641511,SI,Sinker,strikeout,called_strike,R,R,PIT,MIA,95.10,,,2,2,2023,2023-10
2023-10-01,2023,R,663773,641511,SI,Sinker,,ball,R,R,PIT,MIA,95.30,,,1,2,2023,2023-10
2023-10-01,2023,R,663773,641511,SL,Slider,,ball,R,R,PIT,MIA,83.00,,,0,2,2023,2023-10
2023-10-01,2023,R,663773,641511,SL,Slider,,foul,R,R,PIT,MIA,81.90,24.10,61,0,2,2023,2023-10
2023-10-01,2023,R,663773,641511,SL,Slider,,swinging_strike,R,R,PIT,MIA,82.40,,,0,1,2023,2023-10
2023-10-01,2023,R,663773,641511,SI,Sinker,,called_strike,R,R,PIT,MIA,94.40,,,0,0,2023,2023-10
2023-10-01,2023,R,663773,656582,SI,Sinker,double,hit_into_play,R,R,PIT,MIA,95.30,99.40,18,2,1,2023,2023-10
2023-10-01,2023,R,663773,656582,SI,Sinker,,called_strike,R,R,PIT,MIA,94.60,,,2,0,2023,2023-10
2023-10-01,2023,R,663773,656582,SI,Sinker,,ball,R,R,PIT,MIA,94.60,,,1,0,2023,2023-10
2023-10-01,2023,R,663773,656582,SI,Sinker,,ball,R,R,PIT,MIA,95.20,,,0,0,2023,2023-10
2023-10-01,2023,R,663773,669261,SI,Sinker,double,hit_into_play,L,R,PIT,MIA,94.70,99.50,8,3,2,2023,2023-10
2023-10-01,2023,R,663773,669261,FS,Split-Finger,,ball,L,R,PIT,MIA,84.30,,,2,2,2023,2023-10
2023-10-01,2023,R,663773,669261,FS,Split-Finger,,ball,L,R,PIT,MIA,84.40,,,1,2,2023,2023-10
2023-10-01,2023,R,663773,669261,FS,Split-Finger,,foul,L,R,PIT,MIA,82.80,,,1,1,2023,2023-10
2023-10-01,2023,R,663773,669261,SI,Sinker,,foul,L,R,PIT,MIA,95.00,77.00,56,1,0,2023,2023-10
2023-10-01,2023,R,663773,669261,SI,Sinker,,ball,L,R,PIT,MIA,94.90,,,0,0,2023,2023-10
2023-10-01,2023,R,663773,669707,SI,Sinker,walk,ball,R,R,PIT,MIA,95.30,,,3,0,2023,2023-10
2023-10-01,2023,R,663773,669707,SI,Sinker,,ball,R,R,PIT,MIA,95.60,,,2,0,2023,2023-10
2023-10-01,2023,R,663773,669707,SL,Slider,,blocked_ball,R,R,PIT,MIA,82.90,,,1,0,2023,2023-10
2023-10-01,2023,R,663773,669707,SL,Slider,,ball,R,R,PIT,MIA,83.70,,,0,0,2023,2023-10
2023-10-01,2023,R,663773,678894,SI,Sinker,walk,ball,R,R,PIT,MIA,93.90,,,3,1,2023,2023-10
2023-10-01,2023,R,663773,678894,SI,Sinker,,called_strike,R,R,PIT,MIA,93.50,,,3,0,2023,2023-10
2023-10-01,2023,R,663773,678894,SI,Sinker,,ball,R,R,PIT,MIA,93.40,,,2,0,2023,2023-10
2023-10-01,2023,R,663773,678894,SL,Slider,,ball,R,R,PIT,MIA,81.30,,,1,0,2023,2023-10
2023-10-01,2023,R,663773,678894,SI,Sinker,,ball,R,R,PIT,MIA,95.00,,,0,0,2023,2023-10
2023-10-01,2023,R,663773,680779,SL,Slider,field_out,hit_into_play,R,R,PIT,MIA,81.60,91.20,-25,1,2,2023,2023-10
2023-10-01,2023,R,663773,680779,SL,Slider,,swinging_strike,R,R,PIT,MIA,81.60,,,1,1,2023,2023-10
2023-10-01,2023,R,663773,680779,SI,Sinker,,called_strike,R,R,PIT,MIA,94.20,,,1,0,2023,2023-10
2023-10-01,2023,R,663773,680779,SI,Sinker,,ball,R,R,PIT,MIA,94.60,,,0,0,2023,2023-10
2023-10-01,2023,R,663773,693304,SI,Sinker,force_out,hit_into_play,R,R,PIT,MIA,94.30,98.10,-14,0,0,2023,2023-10
2023-10-01,2023,R,663986,595879,SL,Slider,single,hit_into_play,R,R,DET,CLE,87.70,92.50,5,0,1,2023,2023-10
2023-10-01,2023,R,663986,595879,SL,Slider,,called_strike,R,R,DET,CLE,86.70,,,0,0,2023,2023-10
2023-10-01,2023,R,663986,663527,FF,4-Seam Fastball,strikeout,swinging_strike,R,R,DET,CLE,95.80,,,2,2,2023,2023-10
2023-10-01,2023,R,663986,663527,FS,Split-Finger,,foul,R,R,DET,CLE,86.10,75.50,-29,2,2,2023,2023-10
2023-10-01,2023,R,663986,663527,FS,Split-Finger,,foul,R,R,DET,CLE,86.80,79.70,-25,2,2,2023,2023-10
2023-10-01,2023,R,663986,663527,SL,Slider,,called_strike,R,R,DET,CLE,86.60,,,2,1,2023,2023-10
2023-10-01,2023,R,663986,663527,SL,Slider,,ball,R,R,DET,CLE,84.60,,,1,1,2023,2023-10
2023-10-01,2023,R,663986,663527,FF,4-Seam Fastball,,foul,R,R,DET,CLE,95.10,78.20,49,1,0,2023,2023-10
2023-10-01,2023,R,663986,663527,SL,Slider,,blocked_ball,R,R,DET,CLE,85.30,,,0,0,2023,2023-10
2023-10-01,2023,R,663986,668670,SL,Slider,strikeout,swinging_strike_blocked,R,R,DET,CLE,84.40,,,2,2,2023,2023-10
2023-10-01,2023,R,663986,668670,FF,4-Seam Fastball,,ball,R,R,DET,CLE,95.10,,,1,2,2023,2023-10
2023-10-01,2023,R,663986,668670,SL,Slider,,foul,R,R,DET,CLE,84.80,69.30,-26,1,1,2023,2023-10
2023-10-01,2023,R,663986,668670,FF,4-Seam Fastball,,foul,R,R,DET,CLE,94.70,88.50,44,1,0,2023,2023-10
2023-10-01,2023,R,663986,668670,FF,4-Seam Fastball,,ball,R,R,DET,CLE,95.20,,,0,0,2023,2023-10
2023-10-01,2023,R,663986,668731,FS,Split-Finger,walk,ball,L,R,DET,CLE,85.60,,,3,2,2023,2023-10
2023-10-01,2023,R,663986,668731,FF,4-Seam Fastball,,foul,L,R,DET,CLE,95.30,75.00,39,3,2,2023,2023-10
2023-10-01,2023,R,663986,668731,FS,Split-Finger,,ball,L,R,DET,CLE,86.50,,,2,2,2023,2023-10
2023-10-01,2023,R,663986,668731,FF,4-Seam Fastball,,foul,L,R,DET,CLE,95.70,83.40,69,2,1,2023,2023-10
2023-10-01,2023,R,663986,668731,FF,4-Seam Fastball,,swinging_strike,L,R,DET,CLE,94.90,,,2,0,2023,2023-10
2023-10-01,2023,R,663986,668731,FF,4-Seam Fastball,,ball,L,R,DET,CLE,95.50,,,1,0,2023,2023-10
2023-10-01,2023,R,663986,668731,FF,4-Seam Fastball,,ball,L,R,DET,CLE,95.30,,,0,0,2023,2023-10
2023-10-01,2023,R,663986,678009,FF,4-Seam Fastball,field_out,hit_into_play,L,R,DET,CLE,95.60,99.30,26,0,0,2023,2023-10
2023-10-01,2023,R,664199,543309,FF,4-Seam Fastball,field_out,hit_into_play,R,R,KC,NYY,94.90,62.50,40,3,2,2023,2023-10
2023-10-01,2023,R,664199,543309,FF,4-Seam Fastball,,foul,R,R,KC,NYY,96.00,73.00,60,3,2,2023,2023-10
2023-10-01,2023,R,664199,543309,FF,4-Seam Fastball,,called_strike,R,R,KC,NYY,96.00,,,3,1,2023,2023-10
2023-10-01,2023,R,664199,543309,SL,Slider,,ball,R,R,KC,NYY,89.40,,,2,1,2023,2023-10
2023-10-01,2023,R,664199,543309,SL,Slider,,ball,R,R,KC,NYY,89.40,,,1,1,2023,2023-10
2023-10-01,2023,R,664199,543309,ST,Sweeper,,swinging_strike,R,R,KC,NYY,84.30,,,1,0,2023,2023-10
2023-10-01,2023,R,664199,543309,ST,Sweeper,,ball,R,R,KC,NYY,84.10,,,0,0,2023,2023-10
2023-10-01,2023,R,664199,643396,SL,Slider,single,hit_into_play,R,R,KC,NYY,88.90,103.70,9,2,1,2023,2023-10
2023-10-01,2023,R,664199,643396,FF,4-Seam Fastball,,foul,R,R,KC,NYY,95.40,70.30,32,2,0,2023,2023-10
2023-10-01,2023,R,664199,643396,SL,Slider,,ball,R,R,KC,NYY,87.90,,,1,0,2023,2023-10
2023-10-01,2023,R,664199,643396,SL,Slider,,ball,R,R,KC,NYY,88.20,,,0,0,2023,2023-10
2023-10-01,2023,R,664199,665828,FF,4-Seam Fastball,field_out,hit_into_play,L,R,KC,NYY,95.20,100.60,32,1,0,2023,2023-10
2023-10-01,2023,R,664199,665828,CH,Changeup,,ball,L,R,KC,NYY,87.60,,,0,0,2023,2023-10
2023-10-01,2023,R,664199,669224,FF,4-Seam Fastball,double,hit_into_play,L,R,KC,NYY,94.40,103.40,24,2,2,2023,2023-10
2023-10-01,2023,R,664199,669224,CH,Changeup,,foul,L,R,KC,NYY,89.30,,,2,1,2023,2023-10
2023-10-01,2023,R,664199,669224,CH,Changeup,,swinging_strike,L,R,KC,NYY,89.30,,,2,0,2023,2023-10
2023-10-01,2023,R,664199,669224,CH,Changeup,,ball,L,R,KC,NYY,88.90,,,1,0,2023,2023-10
2023-10-01,2023,R,664199,669224,FF,4-Seam Fastball,,ball,L,R,KC,NYY,94.40,,,0,0,2023,2023-10
2023-10-01,2023,R,664199,683011,SL,Slider,field_out,hit_into_play,R,R,KC,NYY,88.00,98.40,39,0,1,2023,2023-10
2023-10-01,2023,R,664199,683011,SL,Slider,,swinging_strike,R,R,KC,NYY,88.90,,,0,0,2023,2023-10
2023-10-01,2023,R,664294,542932,SL,Slider,strikeout,swinging_strike,R,R,PIT,MIA,86.20,,,1,2,2023,2023-10
2023-10-01,2023,R,664294,542932,SL,Slider,,ball,R,R,PIT,MIA,87.30,,,0,2,2023,2023-10
2023-10-01,2023,R,664294,542932,SL,Slider,,called_strike,R,R,PIT,MIA,86.10,,,0,1,2023,2023-10
2023-10-01,2023,R,664294,542932,SL,Slider,,foul,R,R,PIT,MIA,85.70,,,0,0,2023,2023-10
2023-10-01,2023,R,664294,607732,SL,Slider,strikeout,swinging_strike,R,R,PIT,MIA,86.50,,,0,2,2023,2023-10
2023-10-01,2023,R,664294,607732,SL,Slider,,called_strike,R,R,PIT,MIA,85.00,,,0,1,2023,2023-10
2023-10-01,2023,R,664294,607732,SL,Slider,,called_strike,R,R,PIT,MIA,84.10,,,0,0,2023,2023-10
2023-10-01,2023,R,664294,663743,SL,Slider,strikeout,swinging_strike_blocked,R,R,PIT,MIA,85.60,,,2,2,2023,2023-10
2023-10-01,2023,R,664294,663743,SL,Slider,,foul,R,R,PIT,MIA,85.90,104.20,22,2,2,2023,2023-10
2023-10-01,2023,R,664294,663743,FF,4-Seam Fastball,,foul,R,R,PIT,MIA,95.60,81.20,9,2,1,2023,2023-10
2023-10-01,2023,R,664294,663743,SL,Slider,,foul,R,R,PIT,MIA,85.70,66.40,56,2,0,2023,2023-10
2023-10-01,2023,R,664294,663743,SL,Slider,,ball,R,R,PIT,MIA,85.40,,,1,0,2023,2023-10
2023-10-01,2023,R,664294,663743,FF,4-Seam Fastball,,ball,R,R,PIT,MIA,96.40,,,0,0,2023,2023-10
2023-10-01,2023,R,664299,446334,FF,4-Seam Fastball,strikeout,called_strike,R,R,AZ,HOU,92.10,,,3,2,2023,2023-10
2023-10-01,2023,R,664299,446334,FF,4-Seam Fastball,,foul,R,R,AZ,HOU,92.60,73.10,30,3,2,2023,2023-10
2023-10-01,2023,R,664299,446334,FF,4-Seam Fastball,,foul,R,R,AZ,HOU,92.00,85.60,80,3,1,2023,2023-10
2023-10-01,2023,R,664299,446334,FF,4-Seam Fastball,,ball,R,R,AZ,HOU,92.60,,,2,1,2023,2023-10
2023-10-01,2023,R,664299,446334,FF,4-Seam Fastball,,foul,R,R,AZ,HOU,93.60,,,2,0,2023,2023-10
2023-10-01,2023,R,664299,446334,FF,4-Seam Fastball,,ball,R,R,AZ,HOU,93.60,,,1,0,2023,2023-10
2023-10-01,2023,R,664299,446334,FF,4-Seam Fastball,,ball,R,R,AZ,HOU,93.20,,,0,0,2023,2023-10
2023-10-01,2023,R,664299,446334,FF,4-Seam Fastball,walk,ball,R,R,AZ,HOU,92.60,,,3,1,2023,2023-10
2023-10-01,2023,R,664299,446334,FF,4-Seam Fastball,,called_strike,R,R,AZ,HOU,92.70,,,3,0,2023,2023-10
2023-10-01,2023,R,664299,446334,FF,4-Seam Fastball,,ball,R,R,AZ,HOU,93.20,,,2,0,2023,2023-10
2023-10-01,2023,R,664299,446334,FF,4-Seam Fastball,,ball,R,R,AZ,HOU,93.40,,,1,0,2023,2023-10
2023-10-01,2023,R,664299,446334,ST,Sweeper,,ball,R,R,AZ,HOU,79.80,,,0,0,2023,2023-10
2023-10-01,2023,R,664299,446334,FF,4-Seam Fastball,field_out,hit_into_play,R,R,AZ,HOU,91.50,85.30,25,1,0,2023,2023-10
2023-10-01,2023,R,664299,446334,FF,4-Seam Fastball,,ball,R,R,AZ,HOU,91.20,,,0,0,2023,2023-10
2023-10-01,2023,R,664299,607054,ST,Sweeper,walk,ball,L,R,AZ,HOU,80.00,,,3,2,2023,2023-10
2023-10-01,2023,R,664299,607054,ST,Sweeper,,ball,L,R,AZ,HOU,79.90,,,2,2,2023,2023-10
2023-10-01,2023,R,664299,607054,ST,Sweeper,,foul,L,R,AZ,HOU,80.50,64.30,65,2,2,2023,2023-10
2023-10-01,2023,R,664299,607054,FF,4-Seam Fastball,,ball,L,R,AZ,HOU,93.30,,,1,2,2023,2023-10
2023-10-01,2023,R,664299,607054,KC,Knuckle Curve,,ball,L,R,AZ,HOU,77.60,,,0,2,2023,2023-10
2023-10-01,2023,R,664299,607054,ST,Sweeper,,swinging_strike,L,R,AZ,HOU,78.70,,,0,1,2023,2023-10
2023-10-01,2023,R,664299,607054,ST,Sweeper,,called_strike,L,R,AZ,HOU,79.20,,,0,0,2023,2023-10
2023-10-01,2023,R,664299,607054,FF,4-Seam Fastball,field_out,hit_into_play,L,R,AZ,HOU,93.80,95.30,40,1,1,2023,2023-10
2023-10-01,2023,R,664299,607054,CH,Changeup,,ball,L,R,AZ,HOU,84.70,,,0,1,2023,2023-10
2023-10-01,2023,R,664299,607054,FF,4-Seam Fastball,,called_strike,L,R,AZ,HOU,91.70,,,0,0,2023,2023-10
2023-10-01,2023,R,664299,656896,ST,Sweeper,field_out,hit_into_play,R,R,AZ,HOU,79.30,67.20,-7,0,1,2023,2023-10
2023-10-01,2023,R,664299,656896,FF,4-Seam Fastball,,called_strike,R,R,AZ,HOU,92.20,,,0,0,2023,2023-10
2023-10-01,2023,R,664299,656896,FF,4-Seam Fastball,field_out,hit_into_play,R,R,AZ,HOU,93.10,90.30,44,2,0,2023,2023-10
2023-10-01,2023,R,664299,656896,ST,Sweeper,,ball,R,R,AZ,HOU,78.60,,,1,0,2023,2023-10
2023-10-01,2023,R,664299,656896,ST,Sweeper,,ball,R,R,AZ,HOU,79.70,,,0,0,2023,2023-10
2023-10-01,2023,R,664299,664874,FF,4-Seam Fastball,strikeout,swinging_strike,R,R,AZ,HOU,94.10,,,1,2,2023,2023-10
2023-10-01,2023,R,664299,664874,KC,Knuckle Curve,,ball,R,R,AZ,HOU,78.90,,,0,2,2023,2023-10
2023-10-01,2023,R,664299,664874,FF,4-Seam Fastball,,foul,R,R,AZ,HOU,93.60,,,0,1,2023,2023-10
2023-10-01,2023,R,664299,664874,FF,4-Seam Fastball,,called_strike,R,R,AZ,HOU,94.90,,,0,0,2023,2023-10
2023-10-01,2023,R,664299,664874,FF,4-Seam Fastball,double,hit_into_play,R,R,AZ,HOU,93.00,100.20,20,2,1,2023,2023-10
2023-10-01,2023,R,664299,664874,ST,Sweeper,,ball,R,R,AZ,HOU,78.50,,,1,1,2023,2023-10
2023-10-01,2023,R,664299,664874,FF,4-Seam Fastball,,ball,R,R,AZ,HOU,93.40,,,0,1,2023,2023-10
2023-10-01,2023,R,664299,664874,FF,4-Seam Fastball,,called_strike,R,R,AZ,HOU,91.80,,,0,0,2023,2023-10
2023-10-01,2023,R,664299,664983,FF,4-Seam Fastball,strikeout,foul_tip,L,R,AZ,HOU,92.70,,,1,2,2023,2023-10
2023-10-01,2023,R,664299,664983,FF,4-Seam Fastball,,ball,L,R,AZ,HOU,91.50,,,0,2,2023,2023-10
2023-10-01,2023,R,664299,664983,FF,4-Seam Fastball,,foul,L,R,AZ,HOU,92.70,67.30,65,0,1,2023,2023-10
2023-10-01,2023,R,664299,664983,KC,Knuckle Curve,,called_strike,L,R,AZ,HOU,75.50,,,0,0,2023,2023-10
2023-10-01,2023,R,664299,664983,CH,Changeup,field_out,hit_into_play,L,R,AZ,HOU,83.20,72.60,3,0,0,2023,2023-10
2023-10-01,2023,R,664299,664983,FF,4-Seam Fastball,field_out,hit_into_play,L,R,AZ,HOU,93.30,95.00,28,0,2,2023,2023-10
2023-10-01,2023,R,664299,664983,CH,Changeup,,called_strike,L,R,AZ,HOU,83.00,,,0,1,2023,2023-10
2023-10-01,2023,R,664299,664983,FF,4-Seam Fastball,,foul,L,R,AZ,HOU,91.40,71.60,53,0,0,2023,2023-10
2023-10-01,2023,R,664299,666971,FF,4-Seam Fastball,single,hit_into_play,R,R,AZ,HOU,93.40,104.20,12,2,1,2023,2023-10
2023-10-01,2023,R,664299,666971,ST,Sweeper,,ball,R,R,AZ,HOU,80.80,,,1,1,2023,2023-10
2023-10-01,2023,R,664299,666971,FF,4-Seam Fastball,,ball,R,R,AZ,HOU,93.00,,,0,1,2023,2023-10
2023-10-01,2023,R,664299,666971,FF,4-Seam Fastball,,foul,R,R,AZ,HOU,93.90,76.60,63,0,0,2023,2023-10
2023-10-01,2023,R,664299,666971,FF,4-Seam Fastball,strikeout,swinging_strike,R,R,AZ,HOU,92.20,,,0,2,2023,2023-10
2023-10-01,2023,R,664299,666971,FF,4-Seam Fastball,,foul,R,R,AZ,HOU,91.30,75.80,57,0,1,2023,2023-10
2023-10-01,2023,R,664299,666971,KC,Knuckle Curve,,called_strike,R,R,AZ,HOU,74.30,,,0,0,2023,2023-10
2023-10-01,2023,R,664299,666971,FF,4-Seam Fastball,field_out,hit_into_play,R,R,AZ,HOU,92.80,97.70,19,2,2,2023,2023-10
2023-10-01,2023,R,664299,666971,ST,Sweeper,,ball,R,R,AZ,HOU,80.60,,,1,2,2023,2023-10
2023-10-01,2023,R,664299,666971,ST,Sweeper,,foul,R,R,AZ,HOU,79.90,56.20,56,1,1,2023,2023-10
2023-10-01,2023,R,664299,666971,FF,4-Seam Fastball,,foul,R,R,AZ,HOU,91.60,,,1,0,2023,2023-10
2023-10-01,2023,R,664299,666971,FF,4-Seam Fastball,,ball,R,R,AZ,HOU,93.50,,,0,0,2023,2023-10
2023-10-01,2023,R,664299,672695,FF,4-Seam Fastball,field_out,hit_into_play,L,R,AZ,HOU,93.80,86.60,31,0,1,2023,2023-10
2023-10-01,2023,R,664299,672695,FF,4-Seam Fastball,,called_strike,L,R,AZ,HOU,94.20,,,0,0,2023,2023-10
2023-10-01,2023,R,664299,672695,FF,4-Seam Fastball,field_out,hit_into_play,L,R,AZ,HOU,93.30,91.30,39,0,0,2023,2023-10
2023-10-01,2023,R,664299,677950,CH,Changeup,grounded_into_double_play,hit_into_play,L,R,AZ,HOU,83.50,91.70,-9,0,1,2023,2023-10
2023-10-01,2023,R,664299,677950,KC,Knuckle Curve,,called_strike,L,R,AZ,HOU,76.00,,,0,0,2023,2023-10
2023-10-01,2023,R,664299,677950,KC,Knuckle Curve,single,hit_into_play,L,R,AZ,HOU,77.40,79.10,19,2,2,2023,2023-10
2023-10-01,2023,R,664299,677950,FF,4-Seam Fastball,,foul,L,R,AZ,HOU,92.70,69.50,25,2,2,2023,2023-10
2023-10-01,2023,R,664299,677950,FF,4-Seam Fastball,,swinging_strike,L,R,AZ,HOU,92.50,,,2,1,2023,2023-10
2023-10-01,2023,R,664299,677950,FF,4-Seam Fastball,,foul_tip,L,R,AZ,HOU,92.10,,,2,0,2023,2023-10
2023-10-01,2023,R,664299,677950,ST,Sweeper,,ball,L,R,AZ,HOU,78.10,,,1,0,2023,2023-10
2023-10-01,2023,R,664299,677950,ST,Sweeper,,ball,L,R,AZ,HOU,77.40,,,0,0,2023,2023-10
2023-10-01,2023,R,664299,691783,FF,4-Seam Fastball,field_out,hit_into_play,R,R,AZ,HOU,92.00,69.10,39,0,1,2023,2023-10
2023-10-01,2023,R,664299,691783,FF,4-Seam Fastball,,called_strike,R,R,AZ,HOU,92.70,,,0,0,2023,2023-10
2023-10-01,2023,R,664299,691783,FF,4-Seam Fastball,field_out,hit_into_play,R,R,AZ,HOU,93.40,67.40,61,2,2,2023,2023-10
2023-10-01,2023,R,664299,691783,ST,Sweeper,,foul,R,R,AZ,HOU,80.40,77.60,77,2,2,2023,2023-10
2023-10-01,2023,R,664299,691783,ST,Sweeper,,ball,R,R,AZ,HOU,80.50,,,1,2,2023,2023-10
2023-10-01,2023,R,664299,691783,FF,4-Seam Fastball,,foul,R,R,AZ,HOU,92.60,73.10,33,1,1,2023,2023-10
2023-10-01,2023,R,664299,691783,FF,4-Seam Fastball,,called_strike,R,R,AZ,HOU,92.70,,,1,0,2023,2023-10
2023-10-01,2023,R,664299,691783,ST,Sweeper,,ball,R,R,AZ,HOU,79.70,,,0,0,2023,2023-10
2023-10-01,2023,R,664299,691783,FF,4-Seam Fastball,field_out,hit_into_play,R,R,AZ,HOU,91.90,81.80,25,2,1,2023,2023-10
2023-10-01,2023,R,664299,691783,FF,4-Seam Fastball,,ball,R,R,AZ,HOU,91.50,,,1,1,2023,2023-10
2023-10-01,2023,R,664299,691783,FF,4-Seam Fastball,,swinging_strike,R,R,AZ,HOU,91.10,,,1,0,2023,2023-10
2023-10-01,2023,R,664299,691783,FF,4-Seam Fastball,,ball,R,R,AZ,HOU,90.80,,,0,0,2023,2023-10
2023-10-01,2023,R,664854,656413,FF,4-Seam Fastball,strikeout,swinging_strike,R,R,STL,CIN,101.40,,,2,2,2023,2023-10
2023-10-01,2023,R,664854,656413,SL,Slider,,blocked_ball,R,R,STL,CIN,89.70,,,1,2,2023,2023-10
2023-10-01,2023,R,664854,656413,SL,Slider,,swinging_strike,R,R,STL,CIN,90.40,,,1,1,2023,2023-10
2023-10-01,2023,R,664854,656413,FF,4-Seam Fastball,,foul,R,R,STL,CIN,102.00,79.70,58,1,0,2023,2023-10
2023-10-01,2023,R,664854,656413,SL,Slider,,ball,R,R,STL,CIN,89.80,,,0,0,2023,2023-10
2023-10-01,2023,R,664854,666181,FF,4-Seam Fastball,single,hit_into_play,L,R,STL,CIN,100.10,87.60,21,0,0,2023,2023-10
2023-10-01,2023,R,664854,669222,SL,Slider,strikeout,swinging_strike,R,R,STL,CIN,89.20,,,1,2,2023,2023-10
2023-10-01,2023,R,664854,669222,SL,Slider,,ball,R,R,STL,CIN,90.50,,,0,2,2023,2023-10
2023-10-01,2023,R,664854,669222,SL,Slider,,foul,R,R,STL,CIN,89.10,74.10,-34,0,1,2023,2023-10
2023-10-01,2023,R,664854,669222,SL,Slider,,called_strike,R,R,STL,CIN,86.40,,,0,0,2023,2023-10
2023-10-01,2023,R,664854,682622,FF,4-Seam Fastball,double,hit_into_play,R,R,STL,CIN,99.20,71.50,23,0,0,2023,2023-10
2023-10-01,2023,R,664854,687952,SL,Slider,field_out,hit_into_play,R,R,STL,CIN,87.40,46.00,-18,2,2,2023,2023-10
2023-10-01,2023,R,664854,687952,SL,Slider,,ball,R,R,STL,CIN,90.80,,,1,2,2023,2023-10
2023-10-01,2023,R,664854,687952,FF,4-Seam Fastball,,called_strike,R,R,STL,CIN,99.70,,,1,1,2023,2023-10
2023-10-01,2023,R,664854,687952,FF,4-Seam Fastball,,foul,R,R,STL,CIN,98.70,85.50,53,1,0,2023,2023-10
2023-10-01,2023,R,664854,687952,FF,4-Seam Fastball,,ball,R,R,STL,CIN,99.20,,,0,0,2023,2023-10
2023-10-01,2023,R,664875,543877,ST,Sweeper,strikeout,swinging_strike,R,R,COL,MIN,84.60,,,2,2,2023,2023-10
2023-10-01,2023,R,664875,543877,ST,Sweeper,,ball,R,R,COL,MIN,84.30,,,1,2,2023,2023-10
2023-10-01,2023,R,664875,543877,SI,Sinker,,foul,R,R,COL,MIN,95.10,80.90,21,1,1,2023,2023-10
2023-10-01,2023,R,664875,543877,ST,Sweeper,,called_strike,R,R,COL,MIN,82.70,,,1,0,2023,2023-10
2023-10-01,2023,R,664875,543877,SI,Sinker,,ball,R,R,COL,MIN,95.40,,,0,0,2023,2023-10
2023-10-01,2023,R,664875,650489,SI,Sinker,walk,ball,L,R,COL,MIN,94.30,,,3,2,2023,2023-10
2023-10-01,2023,R,664875,650489,ST,Sweeper,,ball,L,R,COL,MIN,83.40,,,2,2,2023,2023-10
2023-10-01,2023,R,664875,650489,SI,Sinker,,ball,L,R,COL,MIN,96.50,,,1,2,2023,2023-10
2023-10-01,2023,R,664875,650489,ST,Sweeper,,called_strike,L,R,COL,MIN,82.50,,,1,1,2023,2023-10
2023-10-01,2023,R,664875,650489,ST,Sweeper,,ball,L,R,COL,MIN,83.10,,,0,1,2023,2023-10
2023-10-01,2023,R,664875,650489,SI,Sinker,,foul,L,R,COL,MIN,96.50,99.80,-28,0,0,2023,2023-10
2023-10-01,2023,R,664875,666397,SI,Sinker,strikeout,swinging_strike,L,R,COL,MIN,96.30,,,0,2,2023,2023-10
2023-10-01,2023,R,664875,666397,ST,Sweeper,,foul,L,R,COL,MIN,85.10,56.00,25,0,2,2023,2023-10
2023-10-01,2023,R,664875,666397,SI,Sinker,,called_strike,L,R,COL,MIN,96.50,,,0,1,2023,2023-10
2023-10-01,2023,R,664875,666397,SI,Sinker,,called_strike,L,R,COL,MIN,96.40,,,0,0,2023,2023-10
2023-10-01,2023,R,664875,680777,SI,Sinker,single,hit_into_play,R,R,COL,MIN,94.90,104.20,12,1,0,2023,2023-10
2023-10-01,2023,R,664875,680777,SI,Sinker,,ball,R,R,COL,MIN,95.30,,,0,0,2023,2023-10
2023-10-01,2023,R,665620,596847,FF,4-Seam Fastball,walk,ball,L,R,CWS,SD,95.80,,,3,2,2023,2023-10
2023-10-01,2023,R,665620,596847,CH,Changeup,,foul,L,R,CWS,SD,86.40,72.20,66,3,1,2023,2023-10
2023-10-01,2023,R,665620,596847,CH,Changeup,,ball,L,R,CWS,SD,86.20,,,2,1,2023,2023-10
2023-10-01,2023,R,665620,596847,FF,4-Seam Fastball,,ball,L,R,CWS,SD,94.70,,,1,1,2023,2023-10
2023-10-01,2023,R,665620,596847,FF,4-Seam Fastball,,swinging_strike,L,R,CWS,SD,95.60,,,1,0,2023,2023-10
2023-10-01,2023,R,665620,596847,CH,Changeup,,ball,L,R,CWS,SD,85.60,,,0,0,2023,2023-10
2023-10-01,2023,R,665620,640492,FF,4-Seam Fastball,strikeout,called_strike,R,R,CWS,SD,97.10,,,1,2,2023,2023-10
2023-10-01,2023,R,665620,640492,ST,Sweeper,,ball,R,R,CWS,SD,81.70,,,0,2,2023,2023-10
2023-10-01,2023,R,665620,640492,CU,Curveball,,called_strike,R,R,CWS,SD,79.80,,,0,1,2023,2023-10
2023-10-01,2023,R,665620,640492,FF,4-Seam Fastball,,called_strike,R,R,CWS,SD,95.80,,,0,0,2023,2023-10
2023-10-01,2023,R,665620,664954,CH,Changeup,field_out,hit_into_play,L,R,CWS,SD,86.20,85.80,-9,2,2,2023,2023-10
2023-10-01,2023,R,665620,664954,CH,Changeup,,ball,L,R,CWS,SD,87.30,,,1,2,2023,2023-10
2023-10-01,2023,R,665620,664954,FF,4-Seam Fastball,,foul,L,R,CWS,SD,96.20,71.40,44,1,2,2023,2023-10
2023-10-01,2023,R,665620,664954,FF,4-Seam Fastball,,ball,L,R,CWS,SD,95.90,,,0,2,2023,2023-10
2023-10-01,2023,R,665620,664954,FF,4-Seam Fastball,,foul,L,R,CWS,SD,96.00,65.70,31,0,1,2023,2023-10
2023-10-01,2023,R,665620,664954,FF,4-Seam Fastball,,swinging_strike,L,R,CWS,SD,95.30,,,0,0,2023,2023-10
2023-10-01,2023,R,665620,673490,FF,4-Seam Fastball,sac_fly,hit_into_play,R,R,CWS,SD,95.60,91.30,25,1,0,2023,2023-10
2023-10-01,2023,R,665620,673490,CU,Curveball,,blocked_ball,R,R,CWS,SD,77.60,,,0,0,2023,2023-10
2023-10-01,2023,R,665620,676946,FF,4-Seam Fastball,walk,ball,R,R,CWS,SD,95.50,,,3,1,2023,2023-10
2023-10-01,2023,R,665620,676946,FF,4-Seam Fastball,,ball,R,R,CWS,SD,95.80,,,2,1,2023,2023-10
2023-10-01,2023,R,665620,676946,CU,Curveball,,ball,R,R,CWS,SD,78.10,,,1,1,2023,2023-10
2023-10-01,2023,R,665620,676946,FF,4-Seam Fastball,,called_strike,R,R,CWS,SD,96.40,,,1,0,2023,2023-10
2023-10-01,2023,R,665620,676946,CU,Curveball,,ball,R,R,CWS,SD,76.10,,,0,0,2023,2023-10
2023-10-01,2023,R,666205,500871,FF,4-Seam Fastball,single,hit_into_play,R,L,LAA,ATH,94.90,75.60,14,0,1,2023,2023-10
2023-10-01,2023,R,666205,500871,FF,4-Seam Fastball,,swinging_strike,R,L,LAA,ATH,94.20,,,0,0,2023,2023-10
2023-10-01,2023,R,666205,545341,FF,4-Seam Fastball,field_out,hit_into_play,R,L,LAA,ATH,94.60,97.90,-16,1,1,2023,2023-10
2023-10-01,2023,R,666205,545341,FF,4-Seam Fastball,,ball,R,L,LAA,ATH,94.40,,,0,1,2023,2023-10
2023-10-01,2023,R,666205,545341,FF,4-Seam Fastball,,swinging_strike,R,L,LAA,ATH,93.10,,,0,0,2023,2023-10
2023-10-01,2023,R,666205,592273,FF,4-Seam Fastball,home_run,hit_into_play,R,L,LAA,ATH,95.30,101.00,26,1,2,2023,2023-10
2023-10-01,2023,R,666205,592273,SL,Slider,,called_strike,R,L,LAA,ATH,87.70,,,1,1,2023,2023-10
2023-10-01,2023,R,666205,592273,FF,4-Seam Fastball,,ball,R,L,LAA,ATH,95.20,,,0,1,2023,2023-10
2023-10-01,2023,R,666205,592273,SL,Slider,,swinging_strike,R,L,LAA,ATH,87.30,,,0,0,2023,2023-10
2023-10-01,2023,R,666205,666176,FF,4-Seam Fastball,strikeout,swinging_strike,R,L,LAA,ATH,95.20,,,1,2,2023,2023-10
2023-10-01,2023,R,666205,666176,CH,Changeup,,foul,R,L,LAA,ATH,90.60,68.90,28,1,2,2023,2023-10
2023-10-01,2023,R,666205,666176,FF,4-Seam Fastball,,swinging_strike,R,L,LAA,ATH,93.90,,,1,1,2023,2023-10
2023-10-01,2023,R,666205,666176,FF,4-Seam Fastball,,ball,R,L,LAA,ATH,94.80,,,0,1,2023,2023-10
2023-10-01,2023,R,666205,666176,CH,Changeup,,swinging_strike,R,L,LAA,ATH,89.90,,,0,0,2023,2023-10
2023-10-01,2023,R,666205,681351,FF,4-Seam Fastball,walk,ball,R,L,LAA,ATH,94.70,,,3,1,2023,2023-10
2023-10-01,2023,R,666205,681351,SL,Slider,,ball,R,L,LAA,ATH,88.20,,,2,1,2023,2023-10
2023-10-01,2023,R,666205,681351,SL,Slider,,called_strike,R,L,LAA,ATH,86.80,,,2,0,2023,2023-10
2023-10-01,2023,R,666205,681351,FF,4-Seam Fastball,,ball,R,L,LAA,ATH,94.00,,,1,0,2023,2023-10
2023-10-01,2023,R,666205,681351,SL,Slider,,ball,R,L,LAA,ATH,87.40,,,0,0,2023,2023-10
2023-10-01,2023,R,666205,683021,SL,Slider,strikeout,foul_tip,R,L,LAA,ATH,87.70,,,2,2,2023,2023-10
2023-10-01,2023,R,666205,683021,SL,Slider,,ball,R,L,LAA,ATH,88.00,,,1,2,2023,2023-10
2023-10-01,2023,R,666205,683021,FF,4-Seam Fastball,,ball,R,L,LAA,ATH,96.30,,,0,2,2023,2023-10
2023-10-01,2023,R,666205,683021,FF,4-Seam Fastball,,called_strike,R,L,LAA,ATH,95.30,,,0,1,2023,2023-10
2023-10-01,2023,R,666205,683021,SL,Slider,,called_strike,R,L,LAA,ATH,87.20,,,0,0,2023,2023-10
2023-10-01,2023,R,666205,687263,FF,4-Seam Fastball,single,hit_into_play,R,L,LAA,ATH,96.00,86.50,-51,0,2,2023,2023-10
2023-10-01,2023,R,666205,687263,FF,4-Seam Fastball,,called_strike,R,L,LAA,ATH,95.00,,,0,1,2023,2023-10
2023-10-01,2023,R,666205,687263,FF,4-Seam Fastball,,swinging_strike,R,L,LAA,ATH,94.80,,,0,0,2023,2023-10
2023-10-01,2023,R,666745,521692,CH,Changeup,field_out,hit_into_play,R,R,KC,NYY,89.20,89.00,3,1,1,2023,2023-10
2023-10-01,2023,R,666745,521692,FF,4-Seam Fastball,,ball,R,R,KC,NYY,95.60,,,0,1,2023,2023-10
2023-10-01,2023,R,666745,521692,ST,Sweeper,,called_strike,R,R,KC,NYY,82.00,,,0,0,2023,2023-10
2023-10-01,2023,R,666745,521692,ST,Sweeper,sac_fly,hit_into_play,R,R,KC,NYY,82.60,92.20,35,2,1,2023,2023-10
2023-10-01,2023,R,666745,521692,CH,Changeup,,blocked_ball,R,R,KC,NYY,89.80,,,1,1,2023,2023-10
2023-10-01,2023,R,666745,521692,CH,Changeup,,blocked_ball,R,R,KC,NYY,89.20,,,0,1,2023,2023-10
2023-10-01,2023,R,666745,521692,FF,4-Seam Fastball,,called_strike,R,R,KC,NYY,95.90,,,0,0,2023,2023-10
2023-10-01,2023,R,666745,622110,FF,4-Seam Fastball,strikeout,swinging_strike,R,R,KC,NYY,96.30,,,0,2,2023,2023-10
2023-10-01,2023,R,666745,622110,SI,Sinker,,foul,R,R,KC,NYY,95.70,82.60,21,0,1,2023,2023-10
2023-10-01,2023,R,666745,622110,SI,Sinker,,called_strike,R,R,KC,NYY,95.80,,,0,0,2023,2023-10
2023-10-01,2023,R,666745,658668,FF,4-Seam Fastball,force_out,hit_into_play,R,R,KC,NYY,97.30,93.50,-7,0,2,2023,2023-10
2023-10-01,2023,R,666745,658668,FF,4-Seam Fastball,,foul,R,R,KC,NYY,96.50,91.10,19,0,1,2023,2023-10
2023-10-01,2023,R,666745,658668,SI,Sinker,,swinging_strike,R,R,KC,NYY,95.80,,,0,0,2023,2023-10
2023-10-01,2023,R,666745,668472,FF,4-Seam Fastball,strikeout,swinging_strike,L,R,KC,NYY,96.10,,,1,2,2023,2023-10
2023-10-01,2023,R,666745,668472,CH,Changeup,,ball,L,R,KC,NYY,88.80,,,0,2,2023,2023-10
2023-10-01,2023,R,666745,668472,FF,4-Seam Fastball,,foul,L,R,KC,NYY,95.90,74.80,17,0,1,2023,2023-10
2023-10-01,2023,R,666745,668472,CH,Changeup,,swinging_strike,L,R,KC,NYY,88.70,,,0,0,2023,2023-10
2023-10-01,2023,R,666745,669004,CH,Changeup,strikeout,called_strike,L,R,KC,NYY,88.40,,,3,2,2023,2023-10
2023-10-01,2023,R,666745,669004,SI,Sinker,,swinging_strike,L,R,KC,NYY,94.10,,,3,1,2023,2023-10
2023-10-01,2023,R,666745,669004,FF,4-Seam Fastball,,ball,L,R,KC,NYY,94.50,,,2,1,2023,2023-10
2023-10-01,2023,R,666745,669004,SI,Sinker,,ball,L,R,KC,NYY,94.80,,,1,1,2023,2023-10
2023-10-01,2023,R,666745,669004,CH,Changeup,,called_strike,L,R,KC,NYY,88.20,,,1,0,2023,2023-10
2023-10-01,2023,R,666745,669004,KC,Knuckle Curve,,ball,L,R,KC,NYY,79.40,,,0,0,2023,2023-10
2023-10-01,2023,R,666745,669004,SI,Sinker,single,hit_into_play,L,R,KC,NYY,96.90,75.90,-63,1,2,2023,2023-10
2023-10-01,2023,R,666745,669004,CH,Changeup,,foul,L,R,KC,NYY,89.90,77.20,51,1,2,2023,2023-10
2023-10-01,2023,R,666745,669004,FF,4-Seam Fastball,,foul_tip,L,R,KC,NYY,96.60,,,1,1,2023,2023-10
2023-10-01,2023,R,666745,669004,CH,Changeup,,called_strike,L,R,KC,NYY,89.60,,,1,0,2023,2023-10
2023-10-01,2023,R,666745,669004,SI,Sinker,,ball,L,R,KC,NYY,96.40,,,0,0,2023,2023-10
2023-10-01,2023,R,666745,672580,FF,4-Seam Fastball,strikeout,swinging_strike,R,R,KC,NYY,96.60,,,0,2,2023,2023-10
2023-10-01,2023,R,666745,672580,SI,Sinker,,called_strike,R,R,KC,NYY,95.90,,,0,1,2023,2023-10
2023-10-01,2023,R,666745,672580,FF,4-Seam Fastball,,called_strike,R,R,KC,NYY,96.30,,,0,0,2023,2023-10
2023-10-01,2023,R,666745,677951,FF,4-Seam Fastball,strikeout,swinging_strike,R,R,KC,NYY,95.50,,,1,2,2023,2023-10
2023-10-01,2023,R,666745,677951,ST,Sweeper,,ball,R,R,KC,NYY,82.80,,,0,2,2023,2023-10
2023-10-01,2023,R,666745,677951,FF,4-Seam Fastball,,called_strike,R,R,KC,NYY,94.70,,,0,1,2023,2023-10
2023-10-01,2023,R,666745,677951,SI,Sinker,,swinging_strike,R,R,KC,NYY,94.90,,,0,0,2023,2023-10
2023-10-01,2023,R,666745,677951,CH,Changeup,triple,hit_into_play,R,R,KC,NYY,89.50,83.80,21,2,2,2023,2023-10
2023-10-01,2023,R,666745,677951,FF,4-Seam Fastball,,ball,R,R,KC,NYY,96.50,,,1,2,2023,2023-10
2023-10-01,2023,R,666745,677951,SI,Sinker,,foul,R,R,KC,NYY,95.20,76.50,30,1,1,2023,2023-10
2023-10-01,2023,R,666745,677951,ST,Sweeper,,ball,R,R,KC,NYY,82.50,,,0,1,2023,2023-10
2023-10-01,2023,R,666745,677951,SI,Sinker,,called_strike,R,R,KC,NYY,95.20,,,0,0,2023,2023-10
2023-10-01,2023,R,666745,680118,ST,Sweeper,single,hit_into_play,R,R,KC,NYY,82.50,103.50,1,1,2,2023,2023-10
2023-10-01,2023,R,666745,680118,ST,Sweeper,,ball,R,R,KC,NYY,83.00,,,0,2,2023,2023-10
2023-10-01,2023,R,666745,680118,ST,Sweeper,,foul,R,R,KC,NYY,81.20,69.00,57,0,1,2023,2023-10
2023-10-01,2023,R,666745,680118,SI,Sinker,,called_strike,R,R,KC,NYY,94.90,,,0,0,2023,2023-10
2023-10-01,2023,R,666745,686681,FF,4-Seam Fastball,strikeout,swinging_strike,L,R,KC,NYY,95.80,,,0,2,2023,2023-10
2023-10-01,2023,R,666745,686681,FF,4-Seam Fastball,,foul,L,R,KC,NYY,96.00,75.30,27,0,1,2023,2023-10
2023-10-01,2023,R,666745,686681,SI,Sinker,,foul,L,R,KC,NYY,97.90,71.40,43,0,0,2023,2023-10
2023-10-01,2023,R,666818,488726,FC,Cutter,field_out,hit_into_play,L,R,AZ,HOU,91.20,84.60,50,2,2,2023,2023-10
2023-10-01,2023,R,666818,488726,FC,Cutter,,foul,L,R,AZ,HOU,90.30,90.40,2,2,2,2023,2023-10
2023-10-01,2023,R,666818,488726,SL,Slider,,ball,L,R,AZ,HOU,84.70,,,1,2,2023,2023-10
2023-10-01,2023,R,666818,488726,FC,Cutter,,foul,L,R,AZ,HOU,92.20,100.20,-8,1,2,2023,2023-10
2023-10-01,2023,R,666818,488726,SL,Slider,,foul,L,R,AZ,HOU,84.40,99.30,-5,1,2,2023,2023-10
2023-10-01,2023,R,666818,488726,FF,4-Seam Fastball,,ball,L,R,AZ,HOU,98.30,,,0,2,2023,2023-10
2023-10-01,2023,R,666818,488726,FC,Cutter,,called_strike,L,R,AZ,HOU,89.70,,,0,1,2023,2023-10
2023-10-01,2023,R,666818,488726,FC,Cutter,,called_strike,L,R,AZ,HOU,91.50,,,0,0,2023,2023-10
2023-10-01,2023,R,666818,547989,CH,Changeup,home_run,hit_into_play,R,R,AZ,HOU,90.60,101.70,32,1,2,2023,2023-10
2023-10-01,2023,R,666818,547989,FC,Cutter,,foul,R,R,AZ,HOU,90.40,76.40,-66,1,2,2023,2023-10
2023-10-01,2023,R,666818,547989,FF,4-Seam Fastball,,foul,R,R,AZ,HOU,96.10,,,1,2,2023,2023-10
2023-10-01,2023,R,666818,547989,FC,Cutter,,swinging_strike,R,R,AZ,HOU,90.00,,,1,1,2023,2023-10
2023-10-01,2023,R,666818,547989,FC,Cutter,,ball,R,R,AZ,HOU,89.20,,,0,1,2023,2023-10
2023-10-01,2023,R,666818,547989,FF,4-Seam Fastball,,called_strike,R,R,AZ,HOU,96.30,,,0,0,2023,2023-10
2023-10-01,2023,R,666818,663656,FF,4-Seam Fastball,double,hit_into_play,L,R,AZ,HOU,96.10,104.10,22,1,1,2023,2023-10
2023-10-01,2023,R,666818,663656,FF,4-Seam Fastball,,foul,L,R,AZ,HOU,95.50,104.60,9,1,0,2023,2023-10
2023-10-01,2023,R,666818,663656,SL,Slider,,ball,L,R,AZ,HOU,82.40,,,0,0,2023,2023-10
2023-10-01,2023,R,666818,665161,FC,Cutter,field_out,hit_into_play,R,R,AZ,HOU,88.00,104.90,18,0,1,2023,2023-10
2023-10-01,2023,R,666818,665161,FC,Cutter,,swinging_strike,R,R,AZ,HOU,89.50,,,0,0,2023,2023-10
2023-10-01,2023,R,666818,666197,FC,Cutter,field_out,hit_into_play,R,R,AZ,HOU,90.40,68.40,3,0,0,2023,2023-10
2023-10-01,2023,R,666818,670541,FC,Cutter,field_out,hit_into_play,L,R,AZ,HOU,88.70,89.40,34,0,0,2023,2023-10
2023-10-01,2023,R,666818,673237,FF,4-Seam Fastball,strikeout,swinging_strike,R,R,AZ,HOU,97.40,,,0,2,2023,2023-10
2023-10-01,2023,R,666818,673237,FF,4-Seam Fastball,,foul,R,R,AZ,HOU,96.10,70.50,49,0,1,2023,2023-10
2023-10-01,2023,R,666818,673237,FC,Cutter,,foul,R,R,AZ,HOU,89.90,74.80,17,0,0,2023,2023-10
2023-10-01,2023,R,666818,676801,FF,4-Seam Fastball,strikeout,called_strike,R,R,AZ,HOU,97.30,,,1,2,2023,2023-10
2023-10-01,2023,R,666818,676801,FF,4-Seam Fastball,,foul,R,R,AZ,HOU,97.80,87.40,49,1,2,2023,2023-10
2023-10-01,2023,R,666818,676801,FC,Cutter,,swinging_strike,R,R,AZ,HOU,89.30,,,1,1,2023,2023-10
2023-10-01,2023,R,666818,676801,FF,4-Seam Fastball,,ball,R,R,AZ,HOU,95.40,,,0,1,2023,2023-10
2023-10-01,2023,R,666818,676801,FF,4-Seam Fastball,,foul,R,R,AZ,HOU,96.80,81.80,24,0,0,2023,2023-10
2023-10-01,2023,R,666974,666915,FF,4-Seam Fastball,strikeout,swinging_strike,R,R,BAL,BOS,97.00,,,0,2,2023,2023-10
2023-10-01,2023,R,666974,666915,CH,Changeup,,called_strike,R,R,BAL,BOS,89.60,,,0,1,2023,2023-10
2023-10-01,2023,R,666974,666915,SI,Sinker,,called_strike,R,R,BAL,BOS,95.90,,,0,0,2023,2023-10
2023-10-01,2023,R,667463,605361,SL,Slider,strikeout,swinging_strike_blocked,L,L,STL,CIN,84.80,,,0,2,2023,2023-10
2023-10-01,2023,R,667463,605361,CH,Changeup,,foul,L,L,STL,CIN,83.00,72.00,-34,0,1,2023,2023-10
2023-10-01,2023,R,667463,605361,SI,Sinker,,swinging_strike,L,L,STL,CIN,91.70,,,0,0,2023,2023-10
2023-10-01,2023,R,667463,663886,SI,Sinker,field_out,hit_into_play,R,L,STL,CIN,92.30,81.80,-14,2,0,2023,2023-10
2023-10-01,2023,R,667463,663886,SI,Sinker,,ball,R,L,STL,CIN,92.40,,,1,0,2023,2023-10
2023-10-01,2023,R,667463,663886,SI,Sinker,,ball,R,L,STL,CIN,92.80,,,0,0,2023,2023-10
2023-10-01,2023,R,667463,682829,CH,Changeup,strikeout,swinging_strike,R,L,STL,CIN,84.90,,,3,2,2023,2023-10
2023-10-01,2023,R,667463,682829,CH,Changeup,,ball,R,L,STL,CIN,84.40,,,2,2,2023,2023-10
2023-10-01,2023,R,667463,682829,SI,Sinker,,ball,R,L,STL,CIN,93.50,,,1,2,2023,2023-10
2023-10-01,2023,R,667463,682829,CH,Changeup,,foul,R,L,STL,CIN,83.40,,-58,1,1,2023,2023-10
2023-10-01,2023,R,667463,682829,CH,Changeup,,ball,R,L,STL,CIN,84.60,,,0,1,2023,2023-10
2023-10-01,2023,R,667463,682829,CH,Changeup,,swinging_strike,R,L,STL,CIN,83.80,,,0,0,2023,2023-10
2023-10-01,2023,R,668881,663457,SL,Slider,strikeout,called_strike,L,R,STL,CIN,83.90,,,2,2,2023,2023-10
2023-10-01,2023,R,668881,663457,SL,Slider,,called_strike,L,R,STL,CIN,87.60,,,2,1,2023,2023-10
2023-10-01,2023,R,668881,663457,FF,4-Seam Fastball,,ball,L,R,STL,CIN,98.30,,,1,1,2023,2023-10
2023-10-01,2023,R,668881,663457,CH,Changeup,,ball,L,R,STL,CIN,90.10,,,0,1,2023,2023-10
2023-10-01,2023,R,668881,663457,SL,Slider,,called_strike,L,R,STL,CIN,87.20,,,0,0,2023,2023-10
2023-10-01,2023,R,668881,663457,FF,4-Seam Fastball,field_out,hit_into_play,L,R,STL,CIN,99.60,100.10,41,3,2,2023,2023-10
2023-10-01,2023,R,668881,663457,FF,4-Seam Fastball,,ball,L,R,STL,CIN,99.30,,,2,2,2023,2023-10
2023-10-01,2023,R,668881,663457,FF,4-Seam Fastball,,foul,L,R,STL,CIN,99.10,82.30,74,2,1,2023,2023-10
2023-10-01,2023,R,668881,663457,FF,4-Seam Fastball,,foul,L,R,STL,CIN,97.30,68.30,28,2,0,2023,2023-10
2023-10-01,2023,R,668881,663457,SL,Slider,,ball,L,R,STL,CIN,83.90,,,1,0,2023,2023-10
2023-10-01,2023,R,668881,663457,FF,4-Seam Fastball,,ball,L,R,STL,CIN,97.60,,,0,0,2023,2023-10
2023-10-01,2023,R,668881,663457,FF,4-Seam Fastball,field_out,hit_into_play,L,R,STL,CIN,96.70,78.80,38,2,1,2023,2023-10
2023-10-01,2023,R,668881,663457,CH,Changeup,,ball,L,R,STL,CIN,89.50,,,1,1,2023,2023-10
2023-10-01,2023,R,668881,663457,SL,Slider,,ball,L,R,STL,CIN,85.40,,,0,1,2023,2023-10
2023-10-01,2023,R,668881,663457,SL,Slider,,called_strike,L,R,STL,CIN,86.10,,,0,0,2023,2023-10
2023-10-01,2023,R,668881,663609,FF,4-Seam Fastball,strikeout,called_strike,R,R,STL,CIN,97.40,,,1,2,2023,2023-10
2023-10-01,2023,R,668881,663609,FF,4-Seam Fastball,,foul,R,R,STL,CIN,98.70,75.50,62,1,2,2023,2023-10
2023-10-01,2023,R,668881,663609,SL,Slider,,foul,R,R,STL,CIN,88.90,76.70,-52,1,2,2023,2023-10
2023-10-01,2023,R,668881,663609,SL,Slider,,ball,R,R,STL,CIN,89.50,,,0,2,2023,2023-10
2023-10-01,2023,R,668881,663609,SL,Slider,,swinging_strike,R,R,STL,CIN,88.10,,,0,1,2023,2023-10
2023-10-01,2023,R,668881,663609,FF,4-Seam Fastball,,called_strike,R,R,STL,CIN,99.40,,,0,0,2023,2023-10
2023-10-01,2023,R,668881,663609,FF,4-Seam Fastball,double,hit_into_play,R,R,STL,CIN,98.70,110.30,9,0,0,2023,2023-10
2023-10-01,2023,R,668881,663609,FF,4-Seam Fastball,strikeout,swinging_strike,R,R,STL,CIN,98.50,,,2,2,2023,2023-10
2023-10-01,2023,R,668881,663609,FF,4-Seam Fastball,,ball,R,R,STL,CIN,98.10,,,1,2,2023,2023-10
2023-10-01,2023,R,668881,663609,FF,4-Seam Fastball,,foul,R,R,STL,CIN,98.60,98.80,-23,1,2,2023,2023-10
2023-10-01,2023,R,668881,663609,SL,Slider,,blocked_ball,R,R,STL,CIN,85.80,,,0,2,2023,2023-10
2023-10-01,2023,R,668881,663609,FF,4-Seam Fastball,,called_strike,R,R,STL,CIN,98.30,,,0,1,2023,2023-10
2023-10-01,2023,R,668881,663609,FF,4-Seam Fastball,,foul,R,R,STL,CIN,97.00,,,0,0,2023,2023-10
2023-10-01,2023,R,668881,665877,FF,4-Seam Fastball,walk,ball,R,R,STL,CIN,98.40,,,3,0,2023,2023-10
2023-10-01,2023,R,668881,665877,SL,Slider,,ball,R,R,STL,CIN,88.00,,,2,0,2023,2023-10
2023-10-01,2023,R,668881,665877,SL,Slider,,ball,R,R,STL,CIN,85.70,,,1,0,2023,2023-10
2023-10-01,2023,R,668881,665877,FF,4-Seam Fastball,,ball,R,R,STL,CIN,98.90,,,0,0,2023,2023-10
2023-10-01,2023,R,668881,665877,FF,4-Seam Fastball,single,hit_into_play,R,R,STL,CIN,98.60,97.90,-10,1,0,2023,2023-10
2023-10-01,2023,R,668881,665877,SL,Slider,,blocked_ball,R,R,STL,CIN,86.10,,,0,0,2023,2023-10
2023-10-01,2023,R,668881,665877,FF,4-Seam Fastball,sac_bunt,hit_into_play,R,R,STL,CIN,98.20,28.70,-37,0,0,2023,2023-10
2023-10-01,2023,R,668881,668800,SL,Slider,single,hit_into_play,R,R,STL,CIN,87.30,82.80,-17,0,0,2023,2023-10
2023-10-01,2023,R,668881,668800,SL,Slider,strikeout,swinging_strike,R,R,STL,CIN,86.50,,,0,2,2023,2023-10
2023-10-01,2023,R,668881,668800,SL,Slider,,foul,R,R,STL,CIN,88.10,89.80,15,0,1,2023,2023-10
2023-10-01,2023,R,668881,668800,SL,Slider,,swinging_strike,R,R,STL,CIN,88.20,,,0,0,2023,2023-10
2023-10-01,2023,R,668881,668800,SL,Slider,hit_by_pitch,hit_by_pitch,R,R,STL,CIN,84.00,,,3,2,2023,2023-10
2023-10-01,2023,R,668881,668800,SL,Slider,,ball,R,R,STL,CIN,85.60,,,2,2,2023,2023-10
2023-10-01,2023,R,668881,668800,SL,Slider,,ball,R,R,STL,CIN,85.50,,,1,2,2023,2023-10
2023-10-01,2023,R,668881,668800,FF,4-Seam Fastball,,foul,R,R,STL,CIN,98.20,84.20,42,1,2,2023,2023-10
2023-10-01,2023,R,668881,668800,FF,4-Seam Fastball,,swinging_strike,R,R,STL,CIN,98.10,,,1,1,2023,2023-10
2023-10-01,2023,R,668881,668800,FF,4-Seam Fastball,,foul,R,R,STL,CIN,97.70,71.90,27,1,0,2023,2023-10
2023-10-01,2023,R,668881,668800,SL,Slider,,ball,R,R,STL,CIN,84.20,,,0,0,2023,2023-10
2023-10-01,2023,R,668881,669242,FF,4-Seam Fastball,single,hit_into_play,L,R,STL,CIN,97.50,82.20,20,2,1,2023,2023-10
2023-10-01,2023,R,668881,669242,CH,Changeup,,ball,L,R,STL,CIN,89.90,,,1,1,2023,2023-10
2023-10-01,2023,R,668881,669242,FF,4-Seam Fastball,,foul,L,R,STL,CIN,96.20,75.00,54,1,0,2023,2023-10
2023-10-01,2023,R,668881,669242,CH,Changeup,,ball,L,R,STL,CIN,88.50,,,0,0,2023,2023-10
2023-10-01,2023,R,668881,669242,SL,Slider,single,hit_into_play,L,R,STL,CIN,84.30,92.70,0,3,2,2023,2023-10
2023-10-01,2023,R,668881,669242,FF,4-Seam Fastball,,ball,L,R,STL,CIN,97.70,,,2,2,2023,2023-10
2023-10-01,2023,R,668881,669242,SL,Slider,,foul,L,R,STL,CIN,87.30,63.60,46,2,2,2023,2023-10
2023-10-01,2023,R,668881,669242,FF,4-Seam Fastball,,foul,L,R,STL,CIN,99.00,72.70,48,2,2,2023,2023-10
2023-10-01,2023,R,668881,669242,FF,4-Seam Fastball,,ball,L,R,STL,CIN,97.70,,,1,2,2023,2023-10
2023-10-01,2023,R,668881,669242,SL,Slider,,ball,L,R,STL,CIN,86.10,,,0,2,2023,2023-10
2023-10-01,2023,R,668881,669242,FF,4-Seam Fastball,,foul,L,R,STL,CIN,98.50,,,0,2,2023,2023-10
2023-10-01,2023,R,668881,669242,SL,Slider,,swinging_strike,L,R,STL,CIN,86.40,,,0,1,2023,2023-10
2023-10-01,2023,R,668881,669242,SL,Slider,,called_strike,L,R,STL,CIN,86.90,,,0,0,2023,2023-10
2023-10-01,2023,R,668881,669242,FF,4-Seam Fastball,strikeout,called_strike,L,R,STL,CIN,98.80,,,3,2,2023,2023-10
2023-10-01,2023,R,668881,669242,FF,4-Seam Fastball,,ball,L,R,STL,CIN,98.30,,,2,2,2023,2023-10
2023-10-01,2023,R,668881,669242,SL,Slider,,foul_tip,L,R,STL,CIN,86.40,,,2,1,2023,2023-10
2023-10-01,2023,R,668881,669242,FF,4-Seam Fastball,,ball,L,R,STL,CIN,97.60,,,1,1,2023,2023-10
2023-10-01,2023,R,668881,669242,FF,4-Seam Fastball,,ball,L,R,STL,CIN,98.00,,,0,1,2023,2023-10
2023-10-01,2023,R,668881,669242,FF,4-Seam Fastball,,foul,L,R,STL,CIN,97.00,80.10,15,0,0,2023,2023-10
2023-10-01,2023,R,668881,676761,FF,4-Seam Fastball,field_out,hit_into_play,L,R,STL,CIN,99.50,88.60,28,3,2,2023,2023-10
2023-10-01,2023,R,668881,676761,FF,4-Seam Fastball,,foul,L,R,STL,CIN,99.40,82.20,21,3,2,2023,2023-10
2023-10-01,2023,R,668881,676761,SL,Slider,,ball,L,R,STL,CIN,86.30,,,2,2,2023,2023-10
2023-10-01,2023,R,668881,676761,FF,4-Seam Fastball,,foul,L,R,STL,CIN,99.80,,,2,2,2023,2023-10
2023-10-01,2023,R,668881,676761,SL,Slider,,called_strike,L,R,STL,CIN,86.00,,,2,1,2023,2023-10
2023-10-01,2023,R,668881,676761,SL,Slider,,ball,L,R,STL,CIN,86.80,,,1,1,2023,2023-10
2023-10-01,2023,R,668881,676761,FF,4-Seam Fastball,,ball,L,R,STL,CIN,98.60,,,0,1,2023,2023-10
2023-10-01,2023,R,668881,676761,FF,4-Seam Fastball,,foul,L,R,STL,CIN,99.10,,,0,0,2023,2023-10
2023-10-01,2023,R,668881,676761,FF,4-Seam Fastball,field_out,hit_into_play,L,R,STL,CIN,98.40,82.40,1,1,1,2023,2023-10
2023-10-01,2023,R,668881,676761,SL,Slider,,foul,L,R,STL,CIN,86.90,77.40,-27,1,0,2023,2023-10
2023-10-01,2023,R,668881,676761,FF,4-Seam Fastball,,ball,L,R,STL,CIN,98.80,,,0,0,2023,2023-10
2023-10-01,2023,R,668881,676761,FF,4-Seam Fastball,sac_fly,hit_into_play,L,R,STL,CIN,98.80,81.40,40,0,1,2023,2023-10
2023-10-01,2023,R,668881,676761,SL,Slider,,called_strike,L,R,STL,CIN,86.90,,,0,0,2023,2023-10
2023-10-01,2023,R,668881,680700,CH,Changeup,field_out,hit_into_play,L,R,STL,CIN,90.60,98.50,37,0,0,2023,2023-10
2023-10-01,2023,R,668881,680700,FF,4-Seam Fastball,hit_by_pitch,hit_by_pitch,L,R,STL,CIN,99.90,,,2,2,2023,2023-10
2023-10-01,2023,R,668881,680700,SL,Slider,,ball,L,R,STL,CIN,86.30,,,1,2,2023,2023-10
2023-10-01,2023,R,668881,680700,SL,Slider,,foul,L,R,STL,CIN,86.70,71.80,64,1,2,2023,2023-10
2023-10-01,2023,R,668881,680700,FF,4-Seam Fastball,,ball,L,R,STL,CIN,99.00,,,0,2,2023,2023-10
2023-10-01,2023,R,668881,680700,FF,4-Seam Fastball,,swinging_strike,L,R,STL,CIN,99.10,,,0,1,2023,2023-10
2023-10-01,2023,R,668881,680700,SL,Slider,,called_strike,L,R,STL,CIN,85.80,,,0,0,2023,2023-10
2023-10-01,2023,R,668881,680700,FF,4-Seam Fastball,double,hit_into_play,L,R,STL,CIN,96.90,98.60,26,0,0,2023,2023-10
2023-10-01,2023,R,668881,691023,SL,Slider,single,hit_into_play,R,R,STL,CIN,87.30,96.60,13,3,2,2023,2023-10
2023-10-01,2023,R,668881,691023,FF,4-Seam Fastball,,ball,R,R,STL,CIN,97.40,,,2,2,2023,2023-10
2023-10-01,2023,R,668881,691023,SL,Slider,,ball,R,R,STL,CIN,86.00,,,1,2,2023,2023-10
2023-10-01,2023,R,668881,691023,SL,Slider,,swinging_strike,R,R,STL,CIN,85.80,,,1,1,2023,2023-10
2023-10-01,2023,R,668881,691023,CH,Changeup,,ball,R,R,STL,CIN,88.60,,,0,1,2023,2023-10
2023-10-01,2023,R,668881,691023,SL,Slider,,swinging_strike,R,R,STL,CIN,86.50,,,0,0,2023,2023-10
2023-10-01,2023,R,668881,691023,FF,4-Seam Fastball,double,hit_into_play,R,R,STL,CIN,98.50,110.70,10,1,0,2023,2023-10
2023-10-01,2023,R,668881,691023,SL,Slider,,ball,R,R,STL,CIN,87.90,,,0,0,2023,2023-10
2023-10-01,2023,R,668881,691023,FF,4-Seam Fastball,single,hit_into_play,R,R,STL,CIN,98.20,67.80,18,0,2,2023,2023-10
2023-10-01,2023,R,668881,691023,SL,Slider,,foul,R,R,STL,CIN,84.80,102.50,7,0,1,2023,2023-10
2023-10-01,2023,R,668881,691023,FF,4-Seam Fastball,,called_strike,R,R,STL,CIN,97.10,,,0,0,2023,2023-10
2023-10-01,2023,R,668881,691026,SL,Slider,field_out,hit_into_play,R,R,STL,CIN,84.90,98.80,-13,0,0,2023,2023-10
2023-10-01,2023,R,668881,691026,SL,Slider,strikeout,called_strike,R,R,STL,CIN,87.80,,,0,2,2023,2023-10
2023-10-01,2023,R,668881,691026,FF,4-Seam Fastball,,foul,R,R,STL,CIN,98.80,72.70,45,0,1,2023,2023-10
2023-10-01,2023,R,668881,691026,SL,Slider,,called_strike,R,R,STL,CIN,87.60,,,0,0,2023,2023-10
2023-10-01,2023,R,668970,456781,ST,Sweeper,hit_by_pitch,hit_by_pitch,R,R,COL,MIN,82.90,,,0,2,2023,2023-10
2023-10-01,2023,R,668970,456781,SI,Sinker,,foul,R,R,COL,MIN,97.00,83.90,4,0,2,2023,2023-10
2023-10-01,2023,R,668970,456781,SI,Sinker,,foul,R,R,COL,MIN,96.40,69.90,50,0,1,2023,2023-10
2023-10-01,2023,R,668970,456781,SI,Sinker,,swinging_strike,R,R,COL,MIN,98.10,,,0,0,2023,2023-10
2023-10-01,2023,R,668970,543877,SI,Sinker,walk,ball,R,R,COL,MIN,96.60,,,3,1,2023,2023-10
2023-10-01,2023,R,668970,543877,ST,Sweeper,,ball,R,R,COL,MIN,84.10,,,2,1,2023,2023-10
2023-10-01,2023,R,668970,543877,SI,Sinker,,ball,R,R,COL,MIN,96.20,,,1,1,2023,2023-10
2023-10-01,2023,R,668970,543877,ST,Sweeper,,foul,R,R,COL,MIN,82.30,74.90,51,1,0,2023,2023-10
2023-10-01,2023,R,668970,543877,ST,Sweeper,,ball,R,R,COL,MIN,81.70,,,0,0,2023,2023-10
2023-10-01,2023,R,668970,650489,ST,Sweeper,field_out,hit_into_play,L,R,COL,MIN,81.70,66.50,17,2,2,2023,2023-10
2023-10-01,2023,R,668970,650489,FF,4-Seam Fastball,,ball,L,R,COL,MIN,95.40,,,1,2,2023,2023-10
2023-10-01,2023,R,668970,650489,FF,4-Seam Fastball,,called_strike,L,R,COL,MIN,93.30,,,1,1,2023,2023-10
2023-10-01,2023,R,668970,650489,SI,Sinker,,called_strike,L,R,COL,MIN,93.80,,,1,0,2023,2023-10
2023-10-01,2023,R,668970,650489,SI,Sinker,,ball,L,R,COL,MIN,94.60,,,0,0,2023,2023-10
2023-10-01,2023,R,668970,656669,FF,4-Seam Fastball,strikeout,swinging_strike,R,R,COL,MIN,97.20,,,0,2,2023,2023-10
2023-10-01,2023,R,668970,656669,SI,Sinker,,foul,R,R,COL,MIN,96.90,79.60,73,0,2,2023,2023-10
2023-10-01,2023,R,668970,656669,SI,Sinker,,foul,R,R,COL,MIN,97.90,82.30,15,0,2,2023,2023-10
2023-10-01,2023,R,668970,656669,SI,Sinker,,swinging_strike,R,R,COL,MIN,95.60,,,0,1,2023,2023-10
2023-10-01,2023,R,668970,656669,SI,Sinker,,swinging_strike,R,R,COL,MIN,96.50,,,0,0,2023,2023-10
2023-10-01,2023,R,668970,664057,SI,Sinker,field_out,hit_into_play,L,R,COL,MIN,95.90,89.00,-13,0,2,2023,2023-10
2023-10-01,2023,R,668970,664057,SI,Sinker,,swinging_strike,L,R,COL,MIN,95.90,,,0,1,2023,2023-10
2023-10-01,2023,R,668970,664057,SI,Sinker,,called_strike,L,R,COL,MIN,98.90,,,0,0,2023,2023-10
2023-10-01,2023,R,669084,596115,FF,4-Seam Fastball,strikeout,swinging_strike,R,L,BAL,BOS,97.10,,,1,2,2023,2023-10
2023-10-01,2023,R,669084,596115,FF,4-Seam Fastball,,ball,R,L,BAL,BOS,96.50,,,0,2,2023,2023-10
2023-10-01,2023,R,669084,596115,FF,4-Seam Fastball,,foul,R,L,BAL,BOS,95.90,73.00,12,0,1,2023,2023-10
2023-10-01,2023,R,669084,596115,FF,4-Seam Fastball,,called_strike,R,L,BAL,BOS,95.90,,,0,0,2023,2023-10
2023-10-01,2023,R,669084,666915,FF,4-Seam Fastball,strikeout,swinging_strike,R,L,BAL,BOS,96.90,,,0,2,2023,2023-10
2023-10-01,2023,R,669084,666915,FF,4-Seam Fastball,,foul,R,L,BAL,BOS,98.30,92.50,15,0,1,2023,2023-10
2023-10-01,2023,R,669084,666915,FF,4-Seam Fastball,,called_strike,R,L,BAL,BOS,96.40,,,0,0,2023,2023-10
2023-10-01,2023,R,669084,677800,FF,4-Seam Fastball,strikeout,swinging_strike,L,L,BAL,BOS,98.40,,,2,2,2023,2023-10
2023-10-01,2023,R,669084,677800,FF,4-Seam Fastball,,foul,L,L,BAL,BOS,96.50,74.10,25,2,1,2023,2023-10
2023-10-01,2023,R,669084,677800,SL,Slider,,blocked_ball,L,L,BAL,BOS,89.00,,,1,1,2023,2023-10
2023-10-01,2023,R,669084,677800,SL,Slider,,swinging_strike,L,L,BAL,BOS,88.60,,,1,0,2023,2023-10
2023-10-01,2023,R,669084,677800,SL,Slider,,ball,L,L,BAL,BOS,89.40,,,0,0,2023,2023-10
2023-10-01,2023,R,669084,807799,FF,4-Seam Fastball,single,hit_into_play,L,L,BAL,BOS,96.40,76.50,25,1,1,2023,2023-10
2023-10-01,2023,R,669084,807799,FF,4-Seam Fastball,,ball,L,L,BAL,BOS,95.10,,,0,1,2023,2023-10
2023-10-01,2023,R,669084,807799,FF,4-Seam Fastball,,foul,L,L,BAL,BOS,96.10,76.00,56,0,0,2023,2023-10
2023-10-01,2023,R,669194,572138,FF,4-Seam Fastball,field_out,hit_into_play,L,R,AZ,HOU,96.30,98.20,30,1,2,2023,2023-10
2023-10-01,2023,R,669194,572138,FF,4-Seam Fastball,,foul,L,R,AZ,HOU,96.90,85.50,35,1,1,2023,2023-10
2023-10-01,2023,R,669194,572138,FF,4-Seam Fastball,,ball,L,R,AZ,HOU,98.00,,,0,1,2023,2023-10
2023-10-01,2023,R,669194,572138,FF,4-Seam Fastball,,foul,L,R,AZ,HOU,96.90,71.60,57,0,0,2023,2023-10
2023-10-01,2023,R,669194,643289,FF,4-Seam Fastball,strikeout,swinging_strike,R,R,AZ,HOU,97.10,,,0,2,2023,2023-10
2023-10-01,2023,R,669194,643289,FF,4-Seam Fastball,,swinging_strike,R,R,AZ,HOU,96.30,,,0,1,2023,2023-10
2023-10-01,2023,R,669194,643289,FF,4-Seam Fastball,,swinging_strike,R,R,AZ,HOU,95.70,,,0,0,2023,2023-10
2023-10-01,2023,R,669194,663656,FF,4-Seam Fastball,field_out,hit_into_play,L,R,AZ,HOU,96.20,87.70,26,2,2,2023,2023-10
2023-10-01,2023,R,669194,663656,FF,4-Seam Fastball,,ball,L,R,AZ,HOU,97.60,,,1,2,2023,2023-10
2023-10-01,2023,R,669194,663656,FF,4-Seam Fastball,,foul,L,R,AZ,HOU,96.60,76.60,53,1,1,2023,2023-10
2023-10-01,2023,R,669194,663656,CH,Changeup,,swinging_strike,L,R,AZ,HOU,87.20,,,1,0,2023,2023-10
2023-10-01,2023,R,669194,663656,ST,Sweeper,,ball,L,R,AZ,HOU,79.50,,,0,0,2023,2023-10
2023-10-01,2023,R,669330,596115,FF,4-Seam Fastball,strikeout,foul_tip,R,R,BAL,BOS,95.10,,,0,2,2023,2023-10
2023-10-01,2023,R,669330,596115,FF,4-Seam Fastball,,called_strike,R,R,BAL,BOS,94.70,,,0,1,2023,2023-10
2023-10-01,2023,R,669330,596115,FF,4-Seam Fastball,,foul,R,R,BAL,BOS,93.50,71.10,45,0,0,2023,2023-10
2023-10-01,2023,R,669330,665839,SL,Slider,strikeout,swinging_strike,L,R,BAL,BOS,83.40,,,3,2,2023,2023-10
2023-10-01,2023,R,669330,665839,CH,Changeup,,foul,L,R,BAL,BOS,86.70,64.10,-77,3,2,2023,2023-10
2023-10-01,2023,R,669330,665839,FF,4-Seam Fastball,,foul,L,R,BAL,BOS,94.20,81.20,10,3,2,2023,2023-10
2023-10-01,2023,R,669330,665839,FC,Cutter,,foul,L,R,BAL,BOS,89.80,85.90,17,3,2,2023,2023-10
2023-10-01,2023,R,669330,665839,FF,4-Seam Fastball,,swinging_strike,L,R,BAL,BOS,93.60,,,3,1,2023,2023-10
2023-10-01,2023,R,669330,665839,FF,4-Seam Fastball,,ball,L,R,BAL,BOS,93.50,,,2,1,2023,2023-10
2023-10-01,2023,R,669330,665839,FC,Cutter,,ball,L,R,BAL,BOS,89.40,,,1,1,2023,2023-10
2023-10-01,2023,R,669330,665839,FF,4-Seam Fastball,,foul,L,R,BAL,BOS,94.00,77.00,43,1,0,2023,2023-10
2023-10-01,2023,R,669330,665839,FC,Cutter,,ball,L,R,BAL,BOS,89.70,,,0,0,2023,2023-10
2023-10-01,2023,R,669330,666915,SL,Slider,strikeout,swinging_strike,R,R,BAL,BOS,85.30,,,2,2,2023,2023-10
2023-10-01,2023,R,669330,666915,SL,Slider,,ball,R,R,BAL,BOS,85.50,,,1,2,2023,2023-10
2023-10-01,2023,R,669330,666915,SL,Slider,,foul,R,R,BAL,BOS,82.80,79.90,-36,1,2,2023,2023-10
2023-10-01,2023,R,669330,666915,FF,4-Seam Fastball,,foul,R,R,BAL,BOS,95.80,87.30,38,1,2,2023,2023-10
2023-10-01,2023,R,669330,666915,FF,4-Seam Fastball,,foul,R,R,BAL,BOS,95.00,75.90,52,1,2,2023,2023-10
2023-10-01,2023,R,669330,666915,SL,Slider,,swinging_strike,R,R,BAL,BOS,84.40,,,1,1,2023,2023-10
2023-10-01,2023,R,669330,666915,SL,Slider,,ball,R,R,BAL,BOS,85.70,,,0,1,2023,2023-10
2023-10-01,2023,R,669330,666915,FF,4-Seam Fastball,,foul,R,R,BAL,BOS,93.80,79.70,48,0,0,2023,2023-10
2023-10-01,2023,R,669330,677800,FF,4-Seam Fastball,walk,ball,L,R,BAL,BOS,92.50,,,3,1,2023,2023-10
2023-10-01,2023,R,669330,677800,FF,4-Seam Fastball,,ball,L,R,BAL,BOS,93.10,,,2,1,2023,2023-10
2023-10-01,2023,R,669330,677800,CH,Changeup,,ball,L,R,BAL,BOS,87.10,,,1,1,2023,2023-10
2023-10-01,2023,R,669330,677800,CH,Changeup,,ball,L,R,BAL,BOS,88.00,,,0,1,2023,2023-10
2023-10-01,2023,R,669330,677800,FC,Cutter,,called_strike,L,R,BAL,BOS,89.10,,,0,0,2023,2023-10
2023-10-01,2023,R,669459,514888,FC,Cutter,single,hit_into_play,R,L,AZ,HOU,89.50,96.50,6,0,0,2023,2023-10
2023-10-01,2023,R,669459,608324,FF,4-Seam Fastball,home_run,hit_into_play,R,L,AZ,HOU,91.00,99.60,29,0,0,2023,2023-10
2023-10-01,2023,R,669459,663656,FF,4-Seam Fastball,strikeout,called_strike,L,L,AZ,HOU,91.20,,,3,2,2023,2023-10
2023-10-01,2023,R,669459,663656,FF,4-Seam Fastball,,foul,L,L,AZ,HOU,90.80,75.00,39,3,1,2023,2023-10
2023-10-01,2023,R,669459,663656,FF,4-Seam Fastball,,ball,L,L,AZ,HOU,91.40,,,2,1,2023,2023-10
2023-10-01,2023,R,669459,663656,SL,Slider,,called_strike,L,L,AZ,HOU,85.40,,,2,0,2023,2023-10
2023-10-01,2023,R,669459,663656,SL,Slider,,ball,L,L,AZ,HOU,86.20,,,1,0,2023,2023-10
2023-10-01,2023,R,669459,663656,SL,Slider,,ball,L,L,AZ,HOU,86.50,,,0,0,2023,2023-10
2023-10-01,2023,R,669459,670541,FF,4-Seam Fastball,walk,ball,L,L,AZ,HOU,91.20,,,3,0,2023,2023-10
2023-10-01,2023,R,669459,670541,SL,Slider,,ball,L,L,AZ,HOU,85.10,,,2,0,2023,2023-10
2023-10-01,2023,R,669459,670541,FF,4-Seam Fastball,,ball,L,L,AZ,HOU,91.40,,,1,0,2023,2023-10
2023-10-01,2023,R,669459,670541,SL,Slider,,ball,L,L,AZ,HOU,85.40,,,0,0,2023,2023-10
2023-10-01,2023,R,669711,658668,SI,Sinker,field_out,hit_into_play,R,R,KC,NYY,91.60,89.80,45,0,0,2023,2023-10
2023-10-01,2023,R,669711,668472,FF,4-Seam Fastball,strikeout,swinging_strike,L,R,KC,NYY,93.10,,,0,2,2023,2023-10
2023-10-01,2023,R,669711,668472,FF,4-Seam Fastball,,called_strike,L,R,KC,NYY,95.40,,,0,1,2023,2023-10
2023-10-01,2023,R,669711,668472,CH,Changeup,,swinging_strike,L,R,KC,NYY,84.40,,,0,0,2023,2023-10
2023-10-01,2023,R,669711,680118,SI,Sinker,sac_bunt,hit_into_play,R,R,KC,NYY,92.40,42.40,-58,0,1,2023,2023-10
2023-10-01,2023,R,669711,680118,SI,Sinker,,called_strike,R,R,KC,NYY,95.30,,,0,0,2023,2023-10
2023-10-01,2023,R,669711,686681,CH,Changeup,walk,ball,L,R,KC,NYY,84.40,,,3,2,2023,2023-10
2023-10-01,2023,R,669711,686681,FF,4-Seam Fastball,,foul,L,R,KC,NYY,92.90,73.80,27,3,2,2023,2023-10
2023-10-01,2023,R,669711,686681,ST,Sweeper,,ball,L,R,KC,NYY,79.50,,,2,2,2023,2023-10
2023-10-01,2023,R,669711,686681,FF,4-Seam Fastball,,foul,L,R,KC,NYY,94.20,66.30,49,2,2,2023,2023-10
2023-10-01,2023,R,669711,686681,SI,Sinker,,foul,L,R,KC,NYY,93.30,84.90,50,2,2,2023,2023-10
2023-10-01,2023,R,669711,686681,ST,Sweeper,,ball,L,R,KC,NYY,79.10,,,1,2,2023,2023-10
2023-10-01,2023,R,669711,686681,FF,4-Seam Fastball,,ball,L,R,KC,NYY,92.20,,,0,2,2023,2023-10
2023-10-01,2023,R,669711,686681,FF,4-Seam Fastball,,foul,L,R,KC,NYY,93.90,72.20,60,0,1,2023,2023-10
2023-10-01,2023,R,669711,686681,SI,Sinker,,called_strike,L,R,KC,NYY,93.00,,,0,0,2023,2023-10
2023-10-01,2023,R,669923,543760,FF,4-Seam Fastball,strikeout,called_strike,R,R,SEA,TEX,96.40,,,3,2,2023,2023-10
2023-10-01,2023,R,669923,543760,FS,Split-Finger,,ball,R,R,SEA,TEX,86.00,,,2,2,2023,2023-10
2023-10-01,2023,R,669923,543760,ST,Sweeper,,ball,R,R,SEA,TEX,89.10,,,1,2,2023,2023-10
2023-10-01,2023,R,669923,543760,ST,Sweeper,,foul,R,R,SEA,TEX,89.70,60.30,51,1,2,2023,2023-10
2023-10-01,2023,R,669923,543760,FS,Split-Finger,,foul,R,R,SEA,TEX,86.50,46.70,-55,1,2,2023,2023-10
2023-10-01,2023,R,669923,543760,FF,4-Seam Fastball,,foul,R,R,SEA,TEX,97.30,80.50,21,1,2,2023,2023-10
2023-10-01,2023,R,669923,543760,FF,4-Seam Fastball,,swinging_strike,R,R,SEA,TEX,96.90,,,1,1,2023,2023-10
2023-10-01,2023,R,669923,543760,SI,Sinker,,ball,R,R,SEA,TEX,96.30,,,0,1,2023,2023-10
2023-10-01,2023,R,669923,543760,SI,Sinker,,called_strike,R,R,SEA,TEX,97.00,,,0,0,2023,2023-10
2023-10-01,2023,R,669923,543760,SI,Sinker,field_out,hit_into_play,R,R,SEA,TEX,95.60,94.80,-18,3,2,2023,2023-10
2023-10-01,2023,R,669923,543760,FF,4-Seam Fastball,,ball,R,R,SEA,TEX,97.20,,,2,2,2023,2023-10
2023-10-01,2023,R,669923,543760,ST,Sweeper,,foul,R,R,SEA,TEX,89.50,74.00,29,2,1,2023,2023-10
2023-10-01,2023,R,669923,543760,FF,4-Seam Fastball,,ball,R,R,SEA,TEX,97.10,,,1,1,2023,2023-10
2023-10-01,2023,R,669923,543760,FF,4-Seam Fastball,,ball,R,R,SEA,TEX,96.70,,,0,1,2023,2023-10
2023-10-01,2023,R,669923,543760,ST,Sweeper,,foul,R,R,SEA,TEX,87.50,70.10,20,0,0,2023,2023-10
2023-10-01,2023,R,669923,543760,FF,4-Seam Fastball,field_out,hit_into_play,R,R,SEA,TEX,96.90,81.60,26,0,0,2023,2023-10
2023-10-01,2023,R,669923,608369,FF,4-Seam Fastball,field_out,hit_into_play,L,R,SEA,TEX,97.20,96.50,-6,2,2,2023,2023-10
2023-10-01,2023,R,669923,608369,FS,Split-Finger,,foul,L,R,SEA,TEX,87.30,,,2,2,2023,2023-10
2023-10-01,2023,R,669923,608369,FS,Split-Finger,,swinging_strike,L,R,SEA,TEX,85.50,,,2,1,2023,2023-10
2023-10-01,2023,R,669923,608369,FF,4-Seam Fastball,,ball,L,R,SEA,TEX,96.90,,,1,1,2023,2023-10
2023-10-01,2023,R,669923,608369,FS,Split-Finger,,swinging_strike,L,R,SEA,TEX,85.30,,,1,0,2023,2023-10
2023-10-01,2023,R,669923,608369,ST,Sweeper,,ball,L,R,SEA,TEX,89.60,,,0,0,2023,2023-10
2023-10-01,2023,R,669923,608369,FS,Split-Finger,strikeout,swinging_strike,L,R,SEA,TEX,86.00,,,2,2,2023,2023-10
2023-10-01,2023,R,669923,608369,FS,Split-Finger,,ball,L,R,SEA,TEX,85.70,,,1,2,2023,2023-10
2023-10-01,2023,R,669923,608369,SI,Sinker,,foul,L,R,SEA,TEX,98.30,82.90,60,1,2,2023,2023-10
2023-10-01,2023,R,669923,608369,FS,Split-Finger,,ball,L,R,SEA,TEX,86.00,,,0,2,2023,2023-10
2023-10-01,2023,R,669923,608369,FF,4-Seam Fastball,,foul,L,R,SEA,TEX,97.50,,,0,1,2023,2023-10
2023-10-01,2023,R,669923,608369,KN,Knuckleball,,swinging_strike,L,R,SEA,TEX,73.20,,,0,0,2023,2023-10
2023-10-01,2023,R,669923,608369,FS,Split-Finger,field_out,hit_into_play,L,R,SEA,TEX,84.90,86.10,57,1,1,2023,2023-10
2023-10-01,2023,R,669923,608369,FF,4-Seam Fastball,,foul,L,R,SEA,TEX,97.10,,,1,0,2023,2023-10
2023-10-01,2023,R,669923,608369,ST,Sweeper,,ball,L,R,SEA,TEX,88.40,,,0,0,2023,2023-10
2023-10-01,2023,R,669923,641598,FF,4-Seam Fastball,strikeout,swinging_strike,R,R,SEA,TEX,98.20,,,1,2,2023,2023-10
2023-10-01,2023,R,669923,641598,FF,4-Seam Fastball,,ball,R,R,SEA,TEX,98.50,,,0,2,2023,2023-10
2023-10-01,2023,R,669923,641598,SI,Sinker,,called_strike,R,R,SEA,TEX,97.90,,,0,1,2023,2023-10
2023-10-01,2023,R,669923,641598,SI,Sinker,,called_strike,R,R,SEA,TEX,96.30,,,0,0,2023,2023-10
2023-10-01,2023,R,669923,641598,FS,Split-Finger,strikeout,swinging_strike,R,R,SEA,TEX,86.10,,,1,2,2023,2023-10
2023-10-01,2023,R,669923,641598,ST,Sweeper,,foul,R,R,SEA,TEX,89.60,,,1,1,2023,2023-10
2023-10-01,2023,R,669923,641598,ST,Sweeper,,ball,R,R,SEA,TEX,88.20,,,0,1,2023,2023-10
2023-10-01,2023,R,669923,641598,KC,Knuckle Curve,,foul,R,R,SEA,TEX,83.90,107.70,27,0,0,2023,2023-10
2023-10-01,2023,R,669923,641680,FF,4-Seam Fastball,single,hit_into_play,L,R,SEA,TEX,97.30,100.60,4,0,2,2023,2023-10
2023-10-01,2023,R,669923,641680,ST,Sweeper,,foul,L,R,SEA,TEX,88.20,67.50,52,0,1,2023,2023-10
2023-10-01,2023,R,669923,641680,ST,Sweeper,,swinging_strike,L,R,SEA,TEX,88.80,,,0,0,2023,2023-10
2023-10-01,2023,R,669923,641680,FS,Split-Finger,field_out,hit_into_play,L,R,SEA,TEX,85.70,76.70,65,1,2,2023,2023-10
2023-10-01,2023,R,669923,641680,FS,Split-Finger,,ball,L,R,SEA,TEX,86.30,,,0,2,2023,2023-10
2023-10-01,2023,R,669923,641680,FF,4-Seam Fastball,,foul,L,R,SEA,TEX,96.50,77.20,80,0,1,2023,2023-10
2023-10-01,2023,R,669923,641680,FF,4-Seam Fastball,,called_strike,L,R,SEA,TEX,95.70,,,0,0,2023,2023-10
2023-10-01,2023,R,669923,663993,SI,Sinker,field_out,hit_into_play,L,R,SEA,TEX,96.10,100.50,28,0,1,2023,2023-10
2023-10-01,2023,R,669923,663993,SI,Sinker,,called_strike,L,R,SEA,TEX,97.10,,,0,0,2023,2023-10
2023-10-01,2023,R,669923,663993,SI,Sinker,strikeout,called_strike,L,R,SEA,TEX,98.50,,,0,2,2023,2023-10
2023-10-01,2023,R,669923,663993,ST,Sweeper,,called_strike,L,R,SEA,TEX,89.20,,,0,1,2023,2023-10
2023-10-01,2023,R,669923,663993,FS,Split-Finger,,called_strike,L,R,SEA,TEX,85.20,,,0,0,2023,2023-10
2023-10-01,2023,R,669923,665750,FF,4-Seam Fastball,grounded_into_double_play,hit_into_play,L,R,SEA,TEX,95.90,88.50,-20,2,0,2023,2023-10
2023-10-01,2023,R,669923,665750,ST,Sweeper,,blocked_ball,L,R,SEA,TEX,87.90,,,1,0,2023,2023-10
2023-10-01,2023,R,669923,665750,FS,Split-Finger,,ball,L,R,SEA,TEX,85.20,,,0,0,2023,2023-10
2023-10-01,2023,R,669923,665750,ST,Sweeper,field_out,hit_into_play,L,R,SEA,TEX,89.80,96.50,-14,1,1,2023,2023-10
2023-10-01,2023,R,669923,665750,FS,Split-Finger,,ball,L,R,SEA,TEX,85.80,,,0,1,2023,2023-10
2023-10-01,2023,R,669923,665750,FF,4-Seam Fastball,,called_strike,L,R,SEA,TEX,97.30,,,0,0,2023,2023-10
2023-10-01,2023,R,669923,666969,ST,Sweeper,single,hit_into_play,R,R,SEA,TEX,88.40,101.00,-1,1,1,2023,2023-10
2023-10-01,2023,R,669923,666969,FS,Split-Finger,,called_strike,R,R,SEA,TEX,86.50,,,1,0,2023,2023-10
2023-10-01,2023,R,669923,666969,FS,Split-Finger,,ball,R,R,SEA,TEX,86.50,,,0,0,2023,2023-10
2023-10-01,2023,R,669923,666969,FF,4-Seam Fastball,field_out,hit_into_play,R,R,SEA,TEX,95.60,80.60,57,0,0,2023,2023-10
2023-10-01,2023,R,669923,673962,ST,Sweeper,field_out,hit_into_play,R,R,SEA,TEX,87.10,100.60,0,2,0,2023,2023-10
2023-10-01,2023,R,669923,673962,ST,Sweeper,,ball,R,R,SEA,TEX,88.00,,,1,0,2023,2023-10
2023-10-01,2023,R,669923,673962,SI,Sinker,,ball,R,R,SEA,TEX,93.80,,,0,0,2023,2023-10
2023-10-01,2023,R,669923,673962,FS,Split-Finger,strikeout,swinging_strike,R,R,SEA,TEX,86.90,,,1,2,2023,2023-10
2023-10-01,2023,R,669923,673962,ST,Sweeper,,swinging_strike,R,R,SEA,TEX,89.60,,,1,1,2023,2023-10
2023-10-01,2023,R,669923,673962,SI,Sinker,,foul,R,R,SEA,TEX,97.20,,,1,0,2023,2023-10
2023-10-01,2023,R,669923,673962,ST,Sweeper,,ball,R,R,SEA,TEX,90.50,,,0,0,2023,2023-10
2023-10-01,2023,R,669923,694497,FF,4-Seam Fastball,strikeout,swinging_strike,L,R,SEA,TEX,95.90,,,3,2,2023,2023-10
2023-10-01,2023,R,669923,694497,FF,4-Seam Fastball,,called_strike,L,R,SEA,TEX,95.80,,,3,1,2023,2023-10
2023-10-01,2023,R,669923,694497,FF,4-Seam Fastball,,called_strike,L,R,SEA,TEX,94.80,,,3,0,2023,2023-10
2023-10-01,2023,R,669923,694497,FF,4-Seam Fastball,,ball,L,R,SEA,TEX,95.30,,,2,0,2023,2023-10
2023-10-01,2023,R,669923,694497,ST,Sweeper,,ball,L,R,SEA,TEX,88.20,,,1,0,2023,2023-10
2023-10-01,2023,R,669923,694497,KN,Knuckleball,,ball,L,R,SEA,TEX,77.00,,,0,0,2023,2023-10
2023-10-01,2023,R,669923,694497,FF,4-Seam Fastball,double,hit_into_play,L,R,SEA,TEX,97.10,106.50,16,0,0,2023,2023-10
2023-10-01,2023,R,670167,543510,FF,4-Seam Fastball,walk,ball,R,R,BAL,BOS,94.30,,,3,2,2023,2023-10
2023-10-01,2023,R,670167,543510,ST,Sweeper,,ball,R,R,BAL,BOS,82.90,,,2,2,2023,2023-10
2023-10-01,2023,R,670167,543510,FF,4-Seam Fastball,,foul,R,R,BAL,BOS,94.80,80.90,17,2,1,2023,2023-10
2023-10-01,2023,R,670167,543510,ST,Sweeper,,ball,R,R,BAL,BOS,81.50,,,1,1,2023,2023-10
2023-10-01,2023,R,670167,543510,ST,Sweeper,,foul,R,R,BAL,BOS,79.60,68.50,-16,1,0,2023,2023-10
2023-10-01,2023,R,670167,543510,FF,4-Seam Fastball,,ball,R,R,BAL,BOS,94.00,,,0,0,2023,2023-10
2023-10-01,2023,R,670167,623993,ST,Sweeper,field_out,hit_into_play,L,R,BAL,BOS,80.30,82.00,43,2,0,2023,2023-10
2023-10-01,2023,R,670167,623993,ST,Sweeper,,ball,L,R,BAL,BOS,80.10,,,1,0,2023,2023-10
2023-10-01,2023,R,670167,623993,FF,4-Seam Fastball,,ball,L,R,BAL,BOS,93.70,,,0,0,2023,2023-10
2023-10-01,2023,R,670167,668939,FF,4-Seam Fastball,single,hit_into_play,L,R,BAL,BOS,94.00,102.10,-2,1,2,2023,2023-10
2023-10-01,2023,R,670167,668939,FF,4-Seam Fastball,,foul,L,R,BAL,BOS,94.60,,,1,1,2023,2023-10
2023-10-01,2023,R,670167,668939,CH,Changeup,,ball,L,R,BAL,BOS,88.70,,,0,1,2023,2023-10
2023-10-01,2023,R,670167,668939,ST,Sweeper,,called_strike,L,R,BAL,BOS,81.90,,,0,0,2023,2023-10
2023-10-01,2023,R,670167,676059,SI,Sinker,field_out,hit_into_play,R,R,BAL,BOS,92.70,65.10,-9,3,2,2023,2023-10
2023-10-01,2023,R,670167,676059,FF,4-Seam Fastball,,called_strike,R,R,BAL,BOS,93.90,,,3,1,2023,2023-10
2023-10-01,2023,R,670167,676059,ST,Sweeper,,ball,R,R,BAL,BOS,80.40,,,2,1,2023,2023-10
2023-10-01,2023,R,670167,676059,FF,4-Seam Fastball,,called_strike,R,R,BAL,BOS,93.00,,,2,0,2023,2023-10
2023-10-01,2023,R,670167,676059,FF,4-Seam Fastball,,ball,R,R,BAL,BOS,93.50,,,1,0,2023,2023-10
2023-10-01,2023,R,670167,676059,ST,Sweeper,,ball,R,R,BAL,BOS,81.20,,,0,0,2023,2023-10
2023-10-01,2023,R,670167,683002,ST,Sweeper,strikeout,swinging_strike,L,R,BAL,BOS,82.10,,,1,2,2023,2023-10
2023-10-01,2023,R,670167,683002,ST,Sweeper,,foul,L,R,BAL,BOS,81.60,55.20,-27,1,2,2023,2023-10
2023-10-01,2023,R,670167,683002,FF,4-Seam Fastball,,swinging_strike,L,R,BAL,BOS,93.60,,,1,1,2023,2023-10
2023-10-01,2023,R,670167,683002,CH,Changeup,,ball,L,R,BAL,BOS,88.00,,,0,1,2023,2023-10
2023-10-01,2023,R,670167,683002,ST,Sweeper,,called_strike,L,R,BAL,BOS,79.90,,,0,0,2023,2023-10
2023-10-01,2023,R,670280,650559,FF,4-Seam Fastball,strikeout,swinging_strike,R,R,PIT,MIA,98.10,,,0,2,2023,2023-10
2023-10-01,2023,R,670280,650559,CU,Curveball,,swinging_strike,R,R,PIT,MIA,78.30,,,0,1,2023,2023-10
2023-10-01,2023,R,670280,650559,CU,Curveball,,called_strike,R,R,PIT,MIA,78.70,,,0,0,2023,2023-10
2023-10-01,2023,R,670280,660821,CU,Curveball,strikeout,swinging_strike,L,R,PIT,MIA,79.20,,,1,2,2023,2023-10
2023-10-01,2023,R,670280,660821,FF,4-Seam Fastball,,foul,L,R,PIT,MIA,98.50,75.60,36,1,2,2023,2023-10
2023-10-01,2023,R,670280,660821,FF,4-Seam Fastball,,foul,L,R,PIT,MIA,98.10,73.00,25,1,2,2023,2023-10
2023-10-01,2023,R,670280,660821,CU,Curveball,,called_strike,L,R,PIT,MIA,78.90,,,1,1,2023,2023-10
2023-10-01,2023,R,670280,660821,FF,4-Seam Fastball,,called_strike,L,R,PIT,MIA,97.90,,,1,0,2023,2023-10
2023-10-01,2023,R,670280,660821,FF,4-Seam Fastball,,ball,L,R,PIT,MIA,97.50,,,0,0,2023,2023-10
2023-10-01,2023,R,670280,669364,FF,4-Seam Fastball,field_out,hit_into_play,L,R,PIT,MIA,97.00,70.20,-4,3,2,2023,2023-10
2023-10-01,2023,R,670280,669364,CU,Curveball,,ball,L,R,PIT,MIA,77.40,,,2,2,2023,2023-10
2023-10-01,2023,R,670280,669364,FF,4-Seam Fastball,,ball,L,R,PIT,MIA,97.10,,,1,2,2023,2023-10
2023-10-01,2023,R,670280,669364,FS,Split-Finger,,ball,L,R,PIT,MIA,92.10,,,0,2,2023,2023-10
2023-10-01,2023,R,670280,669364,FS,Split-Finger,,foul_tip,L,R,PIT,MIA,92.90,,,0,1,2023,2023-10
2023-10-01,2023,R,670280,669364,FS,Split-Finger,,called_strike,L,R,PIT,MIA,91.90,,,0,0,2023,2023-10
2023-10-01,2023,R,670950,606132,CH,Changeup,field_out,hit_into_play,L,R,TOR,TB,81.40,84.10,-13,1,1,2023,2023-10
2023-10-01,2023,R,670950,606132,CH,Changeup,,swinging_strike,L,R,TOR,TB,81.60,,,1,0,2023,2023-10
2023-10-01,2023,R,670950,606132,CH,Changeup,,blocked_ball,L,R,TOR,TB,81.70,,,0,0,2023,2023-10
2023-10-01,2023,R,670950,622534,FF,4-Seam Fastball,field_out,hit_into_play,R,R,TOR,TB,91.50,90.50,1,0,2,2023,2023-10
2023-10-01,2023,R,670950,622534,FF,4-Seam Fastball,,swinging_strike,R,R,TOR,TB,92.20,,,0,1,2023,2023-10
2023-10-01,2023,R,670950,622534,FF,4-Seam Fastball,,called_strike,R,R,TOR,TB,92.80,,,0,0,2023,2023-10
2023-10-01,2023,R,670950,666018,CH,Changeup,double,hit_into_play,L,R,TOR,TB,81.60,96.30,24,2,2,2023,2023-10
2023-10-01,2023,R,670950,666018,FF,4-Seam Fastball,,ball,L,R,TOR,TB,92.40,,,1,2,2023,2023-10
2023-10-01,2023,R,670950,666018,FF,4-Seam Fastball,,foul,L,R,TOR,TB,92.10,83.80,51,1,2,2023,2023-10
2023-10-01,2023,R,670950,666018,CH,Changeup,,foul,L,R,TOR,TB,81.10,68.30,-57,1,2,2023,2023-10
2023-10-01,2023,R,670950,666018,FF,4-Seam Fastball,,called_strike,L,R,TOR,TB,92.30,,,1,1,2023,2023-10
2023-10-01,2023,R,670950,666018,CH,Changeup,,blocked_ball,L,R,TOR,TB,81.80,,,0,1,2023,2023-10
2023-10-01,2023,R,670950,666018,CH,Changeup,,swinging_strike,L,R,TOR,TB,82.80,,,0,0,2023,2023-10
2023-10-01,2023,R,670950,670623,CH,Changeup,double,hit_into_play,R,R,TOR,TB,82.00,69.70,19,2,2,2023,2023-10
2023-10-01,2023,R,670950,670623,CH,Changeup,,ball,R,R,TOR,TB,82.70,,,1,2,2023,2023-10
2023-10-01,2023,R,670950,670623,CH,Changeup,,called_strike,R,R,TOR,TB,82.30,,,1,1,2023,2023-10
2023-10-01,2023,R,670950,670623,CH,Changeup,,ball,R,R,TOR,TB,80.60,,,0,1,2023,2023-10
2023-10-01,2023,R,670950,670623,FF,4-Seam Fastball,,foul,R,R,TOR,TB,91.50,,,0,0,2023,2023-10
2023-10-01,2023,R,670950,678554,FF,4-Seam Fastball,field_out,hit_into_play,R,R,TOR,TB,91.70,102.70,14,0,1,2023,2023-10
2023-10-01,2023,R,670950,678554,CH,Changeup,,foul,R,R,TOR,TB,81.80,69.70,-21,0,0,2023,2023-10
2023-10-01,2023,R,670990,643265,SI,Sinker,field_out,hit_into_play,R,R,CWS,SD,94.20,63.50,2,2,2,2023,2023-10
2023-10-01,2023,R,670990,643265,SI,Sinker,,called_strike,R,R,CWS,SD,94.20,,,2,1,2023,2023-10
2023-10-01,2023,R,670990,643265,SI,Sinker,,called_strike,R,R,CWS,SD,93.50,,,2,0,2023,2023-10
2023-10-01,2023,R,670990,643265,SI,Sinker,,ball,R,R,CWS,SD,94.90,,,1,0,2023,2023-10
2023-10-01,2023,R,670990,643265,SI,Sinker,,ball,R,R,CWS,SD,93.60,,,0,0,2023,2023-10
2023-10-01,2023,R,670990,663757,SI,Sinker,walk,ball,L,R,CWS,SD,95.00,,,3,0,2023,2023-10
2023-10-01,2023,R,670990,663757,SI,Sinker,,ball,L,R,CWS,SD,93.30,,,2,0,2023,2023-10
2023-10-01,2023,R,670990,663757,SI,Sinker,,ball,L,R,CWS,SD,93.70,,,1,0,2023,2023-10
2023-10-01,2023,R,670990,663757,SI,Sinker,,ball,L,R,CWS,SD,95.60,,,0,0,2023,2023-10
2023-10-01,2023,R,670990,664954,SI,Sinker,strikeout,called_strike,L,R,CWS,SD,95.30,,,1,2,2023,2023-10
2023-10-01,2023,R,670990,664954,SI,Sinker,,foul,L,R,CWS,SD,96.10,84.40,54,1,1,2023,2023-10
2023-10-01,2023,R,670990,664954,SI,Sinker,,ball,L,R,CWS,SD,96.20,,,0,1,2023,2023-10
2023-10-01,2023,R,670990,664954,SI,Sinker,,called_strike,L,R,CWS,SD,96.00,,,0,0,2023,2023-10
2023-10-01,2023,R,670990,666703,ST,Sweeper,single,hit_into_play,R,R,CWS,SD,80.30,63.30,31,2,2,2023,2023-10
2023-10-01,2023,R,670990,666703,SI,Sinker,,swinging_strike,R,R,CWS,SD,95.60,,,2,1,2023,2023-10
2023-10-01,2023,R,670990,666703,ST,Sweeper,,ball,R,R,CWS,SD,80.60,,,1,1,2023,2023-10
2023-10-01,2023,R,670990,666703,ST,Sweeper,,called_strike,R,R,CWS,SD,81.40,,,1,0,2023,2023-10
2023-10-01,2023,R,670990,666703,SI,Sinker,,ball,R,R,CWS,SD,94.90,,,0,0,2023,2023-10
2023-10-01,2023,R,670990,676946,SI,Sinker,strikeout,called_strike,R,R,CWS,SD,95.30,,,3,2,2023,2023-10
2023-10-01,2023,R,670990,676946,SI,Sinker,,ball,R,R,CWS,SD,94.80,,,2,2,2023,2023-10
2023-10-01,2023,R,670990,676946,SI,Sinker,,called_strike,R,R,CWS,SD,94.80,,,2,1,2023,2023-10
2023-10-01,2023,R,670990,676946,ST,Sweeper,,ball,R,R,CWS,SD,81.40,,,1,1,2023,2023-10
2023-10-01,2023,R,670990,676946,SI,Sinker,,called_strike,R,R,CWS,SD,94.60,,,1,0,2023,2023-10
2023-10-01,2023,R,670990,676946,ST,Sweeper,,ball,R,R,CWS,SD,81.70,,,0,0,2023,2023-10
2023-10-01,2023,R,671131,518595,SL,Slider,strikeout,swinging_strike,R,R,ATL,WSH,85.60,,,1,2,2023,2023-10
2023-10-01,2023,R,671131,518595,SL,Slider,,ball,R,R,ATL,WSH,88.10,,,0,2,2023,2023-10
2023-10-01,2023,R,671131,518595,FF,4-Seam Fastball,,swinging_strike,R,R,ATL,WSH,96.50,,,0,1,2023,2023-10
2023-10-01,2023,R,671131,518595,SL,Slider,,swinging_strike,R,R,ATL,WSH,86.30,,,0,0,2023,2023-10
2023-10-01,2023,R,671131,518595,FF,4-Seam Fastball,strikeout,called_strike,R,R,ATL,WSH,97.50,,,0,2,2023,2023-10
2023-10-01,2023,R,671131,518595,FF,4-Seam Fastball,,foul,R,R,ATL,WSH,96.20,75.30,30,0,1,2023,2023-10
2023-10-01,2023,R,671131,518595,SI,Sinker,,called_strike,R,R,ATL,WSH,94.80,,,0,0,2023,2023-10
2023-10-01,2023,R,671131,542303,SL,Slider,field_out,hit_into_play,R,R,ATL,WSH,85.20,96.70,65,1,2,2023,2023-10
2023-10-01,2023,R,671131,542303,SL,Slider,,foul,R,R,ATL,WSH,84.30,,,1,2,2023,2023-10
2023-10-01,2023,R,671131,542303,CH,Changeup,,foul,R,R,ATL,WSH,89.90,32.80,28,1,1,2023,2023-10
2023-10-01,2023,R,671131,542303,CH,Changeup,,ball,R,R,ATL,WSH,89.90,,,0,1,2023,2023-10
2023-10-01,2023,R,671131,542303,SL,Slider,,swinging_strike,R,R,ATL,WSH,85.20,,,0,0,2023,2023-10
2023-10-01,2023,R,671131,542303,FF,4-Seam Fastball,home_run,hit_into_play,R,R,ATL,WSH,96.90,107.80,30,2,1,2023,2023-10
2023-10-01,2023,R,671131,542303,SL,Slider,,blocked_ball,R,R,ATL,WSH,86.50,,,1,1,2023,2023-10
2023-10-01,2023,R,671131,542303,FF,4-Seam Fastball,,ball,R,R,ATL,WSH,96.60,,,0,1,2023,2023-10
2023-10-01,2023,R,671131,542303,CH,Changeup,,foul,R,R,ATL,WSH,89.90,80.20,-6,0,0,2023,2023-10
2023-10-01,2023,R,671131,542303,CU,Curveball,hit_by_pitch,hit_by_pitch,R,R,ATL,WSH,79.00,,,0,0,2023,2023-10
2023-10-01,2023,R,671131,592696,FF,4-Seam Fastball,strikeout,swinging_strike,L,R,ATL,WSH,97.00,,,2,2,2023,2023-10
2023-10-01,2023,R,671131,592696,CU,Curveball,,ball,L,R,ATL,WSH,79.50,,,1,2,2023,2023-10
2023-10-01,2023,R,671131,592696,CU,Curveball,,ball,L,R,ATL,WSH,81.20,,,0,2,2023,2023-10
2023-10-01,2023,R,671131,592696,FF,4-Seam Fastball,,foul,L,R,ATL,WSH,96.80,84.50,74,0,1,2023,2023-10
2023-10-01,2023,R,671131,592696,FF,4-Seam Fastball,,swinging_strike,L,R,ATL,WSH,94.90,,,0,0,2023,2023-10
2023-10-01,2023,R,671131,592696,SL,Slider,field_out,hit_into_play,L,R,ATL,WSH,87.10,96.00,50,1,1,2023,2023-10
2023-10-01,2023,R,671131,592696,FF,4-Seam Fastball,,ball,L,R,ATL,WSH,96.00,,,0,1,2023,2023-10
2023-10-01,2023,R,671131,592696,FF,4-Seam Fastball,,called_strike,L,R,ATL,WSH,95.50,,,0,0,2023,2023-10
2023-10-01,2023,R,671131,606115,SI,Sinker,field_out,hit_into_play,R,R,ATL,WSH,94.90,69.20,65,2,2,2023,2023-10
2023-10-01,2023,R,671131,606115,FF,4-Seam Fastball,,ball,R,R,ATL,WSH,95.90,,,1,2,2023,2023-10
2023-10-01,2023,R,671131,606115,SL,Slider,,ball,R,R,ATL,WSH,87.10,,,0,2,2023,2023-10
2023-10-01,2023,R,671131,606115,SL,Slider,,called_strike,R,R,ATL,WSH,86.20,,,0,1,2023,2023-10
2023-10-01,2023,R,671131,606115,SI,Sinker,,called_strike,R,R,ATL,WSH,96.30,,,0,0,2023,2023-10
2023-10-01,2023,R,671131,606115,SI,Sinker,field_out,hit_into_play,R,R,ATL,WSH,95.70,44.00,16,0,0,2023,2023-10
2023-10-01,2023,R,671131,607680,FF,4-Seam Fastball,field_out,hit_into_play,R,R,ATL,WSH,95.70,95.20,72,0,0,2023,2023-10
2023-10-01,2023,R,671131,607680,SL,Slider,field_out,hit_into_play,R,R,ATL,WSH,86.50,91.80,8,0,1,2023,2023-10
2023-10-01,2023,R,671131,607680,FF,4-Seam Fastball,,called_strike,R,R,ATL,WSH,97.00,,,0,0,2023,2023-10
2023-10-01,2023,R,671131,621566,FF,4-Seam Fastball,single,hit_into_play,L,R,ATL,WSH,96.50,97.50,2,2,2,2023,2023-10
2023-10-01,2023,R,671131,621566,CU,Curveball,,foul,L,R,ATL,WSH,80.00,66.10,47,2,1,2023,2023-10
2023-10-01,2023,R,671131,621566,FF,4-Seam Fastball,,called_strike,L,R,ATL,WSH,96.70,,,2,0,2023,2023-10
2023-10-01,2023,R,671131,621566,FF,4-Seam Fastball,,ball,L,R,ATL,WSH,95.80,,,1,0,2023,2023-10
2023-10-01,2023,R,671131,621566,FF,4-Seam Fastball,,ball,L,R,ATL,WSH,96.60,,,0,0,2023,2023-10
2023-10-01,2023,R,671131,645277,FF,4-Seam Fastball,single,hit_into_play,L,R,ATL,WSH,94.10,91.30,15,2,2,2023,2023-10
2023-10-01,2023,R,671131,645277,CH,Changeup,,ball,L,R,ATL,WSH,88.90,,,1,2,2023,2023-10
2023-10-01,2023,R,671131,645277,CH,Changeup,,swinging_strike,L,R,ATL,WSH,88.30,,,1,1,2023,2023-10
2023-10-01,2023,R,671131,645277,FF,4-Seam Fastball,,ball,L,R,ATL,WSH,94.80,,,0,1,2023,2023-10
2023-10-01,2023,R,671131,645277,FF,4-Seam Fastball,,foul,L,R,ATL,WSH,94.70,78.30,60,0,0,2023,2023-10
2023-10-01,2023,R,671131,645277,FF,4-Seam Fastball,walk,ball,L,R,ATL,WSH,96.30,,,3,2,2023,2023-10
2023-10-01,2023,R,671131,645277,FF,4-Seam Fastball,,foul,L,R,ATL,WSH,96.70,,,3,2,2023,2023-10
2023-10-01,2023,R,671131,645277,FF,4-Seam Fastball,,called_strike,L,R,ATL,WSH,95.40,,,3,1,2023,2023-10
2023-10-01,2023,R,671131,645277,FF,4-Seam Fastball,,ball,L,R,ATL,WSH,95.70,,,2,1,2023,2023-10
2023-10-01,2023,R,671131,645277,CU,Curveball,,ball,L,R,ATL,WSH,80.60,,,1,1,2023,2023-10
2023-10-01,2023,R,671131,645277,FF,4-Seam Fastball,,swinging_strike,L,R,ATL,WSH,95.50,,,1,0,2023,2023-10
2023-10-01,2023,R,671131,645277,CU,Curveball,,ball,L,R,ATL,WSH,80.00,,,0,0,2023,2023-10
2023-10-01,2023,R,671131,645277,FF,4-Seam Fastball,walk,ball,L,R,ATL,WSH,96.40,,,3,0,2023,2023-10
2023-10-01,2023,R,671131,645277,FF,4-Seam Fastball,,ball,L,R,ATL,WSH,96.20,,,2,0,2023,2023-10
2023-10-01,2023,R,671131,645277,FF,4-Seam Fastball,,ball,L,R,ATL,WSH,96.70,,,1,0,2023,2023-10
2023-10-01,2023,R,671131,645277,FF,4-Seam Fastball,,ball,L,R,ATL,WSH,97.70,,,0,0,2023,2023-10
2023-10-01,2023,R,671131,660670,SL,Slider,strikeout,swinging_strike,R,R,ATL,WSH,85.70,,,1,2,2023,2023-10
2023-10-01,2023,R,671131,660670,FF,4-Seam Fastball,,foul,R,R,ATL,WSH,95.90,78.60,28,1,1,2023,2023-10
2023-10-01,2023,R,671131,660670,SL,Slider,,ball,R,R,ATL,WSH,86.70,,,0,1,2023,2023-10
2023-10-01,2023,R,671131,660670,SL,Slider,,called_strike,R,R,ATL,WSH,85.90,,,0,0,2023,2023-10
2023-10-01,2023,R,671131,663586,CH,Changeup,single,hit_into_play,R,R,ATL,WSH,89.00,101.10,12,0,2,2023,2023-10
2023-10-01,2023,R,671131,663586,CH,Changeup,,foul,R,R,ATL,WSH,88.70,80.70,-12,0,1,2023,2023-10
2023-10-01,2023,R,671131,663586,SI,Sinker,,called_strike,R,R,ATL,WSH,94.20,,,0,0,2023,2023-10
2023-10-01,2023,R,671131,663586,FF,4-Seam Fastball,field_out,hit_into_play,R,R,ATL,WSH,96.10,100.10,47,3,1,2023,2023-10
2023-10-01,2023,R,671131,663586,FF,4-Seam Fastball,,foul,R,R,ATL,WSH,96.80,71.30,20,3,0,2023,2023-10
2023-10-01,2023,R,671131,663586,FF,4-Seam Fastball,,ball,R,R,ATL,WSH,96.70,,,2,0,2023,2023-10
2023-10-01,2023,R,671131,663586,SI,Sinker,,ball,R,R,ATL,WSH,95.10,,,1,0,2023,2023-10
2023-10-01,2023,R,671131,663586,SI,Sinker,,ball,R,R,ATL,WSH,96.20,,,0,0,2023,2023-10
2023-10-01,2023,R,671131,663586,SI,Sinker,double,hit_into_play,R,R,ATL,WSH,95.90,110.30,13,1,1,2023,2023-10
2023-10-01,2023,R,671131,663586,SL,Slider,,ball,R,R,ATL,WSH,87.70,,,0,1,2023,2023-10
2023-10-01,2023,R,671131,663586,SL,Slider,,called_strike,R,R,ATL,WSH,86.00,,,0,0,2023,2023-10
2023-10-01,2023,R,671131,670032,FF,4-Seam Fastball,field_out,hit_into_play,L,R,ATL,WSH,95.40,102.80,21,2,1,2023,2023-10
2023-10-01,2023,R,671131,670032,FF,4-Seam Fastball,,ball,L,R,ATL,WSH,96.00,,,1,1,2023,2023-10
2023-10-01,2023,R,671131,670032,FF,4-Seam Fastball,,ball,L,R,ATL,WSH,95.90,,,0,1,2023,2023-10
2023-10-01,2023,R,671131,670032,FF,4-Seam Fastball,,foul,L,R,ATL,WSH,95.70,81.90,75,0,0,2023,2023-10
2023-10-01,2023,R,671131,670032,CU,Curveball,hit_by_pitch,hit_by_pitch,L,R,ATL,WSH,81.80,,,2,2,2023,2023-10
2023-10-01,2023,R,671131,670032,FF,4-Seam Fastball,,foul,L,R,ATL,WSH,96.40,81.70,65,2,2,2023,2023-10
2023-10-01,2023,R,671131,670032,FF,4-Seam Fastball,,foul_tip,L,R,ATL,WSH,96.00,,,2,1,2023,2023-10
2023-10-01,2023,R,671131,670032,FF,4-Seam Fastball,,foul,L,R,ATL,WSH,96.50,88.70,68,2,0,2023,2023-10
2023-10-01,2023,R,671131,670032,FF,4-Seam Fastball,,ball,L,R,ATL,WSH,96.20,,,1,0,2023,2023-10
2023-10-01,2023,R,671131,670032,FF,4-Seam Fastball,,ball,L,R,ATL,WSH,97.40,,,0,0,2023,2023-10
2023-10-01,2023,R,671131,671739,FF,4-Seam Fastball,field_out,hit_into_play,L,R,ATL,WSH,95.50,89.00,56,0,0,2023,2023-10
2023-10-01,2023,R,671131,671739,CH,Changeup,field_out,hit_into_play,L,R,ATL,WSH,89.80,95.90,-19,0,2,2023,2023-10
2023-10-01,2023,R,671131,671739,FF,4-Seam Fastball,,foul,L,R,ATL,WSH,96.60,93.10,40,0,2,2023,2023-10
2023-10-01,2023,R,671131,671739,SL,Slider,,foul,L,R,ATL,WSH,81.10,48.70,-67,0,2,2023,2023-10
2023-10-01,2023,R,671131,671739,SL,Slider,,swinging_strike,L,R,ATL,WSH,80.60,,,0,1,2023,2023-10
2023-10-01,2023,R,671131,671739,FF,4-Seam Fastball,,foul,L,R,ATL,WSH,96.90,92.60,62,0,0,2023,2023-10
2023-10-01,2023,R,671131,671739,FF,4-Seam Fastball,field_out,hit_into_play,L,R,ATL,WSH,96.80,67.70,76,2,2,2023,2023-10
2023-10-01,2023,R,671131,671739,FF,4-Seam Fastball,,foul,L,R,ATL,WSH,97.30,72.10,53,2,2,2023,2023-10
2023-10-01,2023,R,671131,671739,CH,Changeup,,foul,L,R,ATL,WSH,90.60,67.70,52,2,1,2023,2023-10
2023-10-01,2023,R,671131,671739,FF,4-Seam Fastball,,foul,L,R,ATL,WSH,95.70,99.70,14,2,0,2023,2023-10
2023-10-01,2023,R,671131,671739,FF,4-Seam Fastball,,ball,L,R,ATL,WSH,96.20,,,1,0,2023,2023-10
2023-10-01,2023,R,671131,671739,FF,4-Seam Fastball,,ball,L,R,ATL,WSH,96.20,,,0,0,2023,2023-10
2023-10-01,2023,R,671737,474832,FF,4-Seam Fastball,home_run,hit_into_play,L,R,TOR,TB,94.70,108.70,28,2,0,2023,2023-10
2023-10-01,2023,R,671737,474832,FF,4-Seam Fastball,,ball,L,R,TOR,TB,95.70,,,1,0,2023,2023-10
2023-10-01,2023,R,671737,474832,FF,4-Seam Fastball,,ball,L,R,TOR,TB,95.70,,,0,0,2023,2023-10
2023-10-01,2023,R,671737,593160,FF,4-Seam Fastball,field_out,hit_into_play,R,R,TOR,TB,94.70,96.20,10,0,0,2023,2023-10
2023-10-01,2023,R,671737,624415,FS,Split-Finger,field_out,hit_into_play,L,R,TOR,TB,89.10,92.40,-15,3,2,2023,2023-10
2023-10-01,2023,R,671737,624415,FF,4-Seam Fastball,,blocked_ball,L,R,TOR,TB,96.00,,,2,2,2023,2023-10
2023-10-01,2023,R,671737,624415,FF,4-Seam Fastball,,ball,L,R,TOR,TB,96.20,,,1,2,2023,2023-10
2023-10-01,2023,R,671737,624415,FC,Cutter,,ball,L,R,TOR,TB,90.90,,,0,2,2023,2023-10
2023-10-01,2023,R,671737,624415,FF,4-Seam Fastball,,called_strike,L,R,TOR,TB,95.70,,,0,1,2023,2023-10
2023-10-01,2023,R,671737,624415,FF,4-Seam Fastball,,foul,L,R,TOR,TB,95.70,80.30,42,0,0,2023,2023-10
2023-10-01,2023,R,671737,666182,FF,4-Seam Fastball,triple,hit_into_play,R,R,TOR,TB,95.30,97.10,24,1,0,2023,2023-10
2023-10-01,2023,R,671737,666182,CU,Curveball,,ball,R,R,TOR,TB,78.50,,,0,0,2023,2023-10
2023-10-01,2023,R,671737,676914,FF,4-Seam Fastball,field_out,hit_into_play,R,R,TOR,TB,96.50,86.50,70,1,2,2023,2023-10
2023-10-01,2023,R,671737,676914,CU,Curveball,,foul,R,R,TOR,TB,79.10,74.20,42,1,2,2023,2023-10
2023-10-01,2023,R,671737,676914,FC,Cutter,,ball,R,R,TOR,TB,91.40,,,0,2,2023,2023-10
2023-10-01,2023,R,671737,676914,CU,Curveball,,called_strike,R,R,TOR,TB,78.90,,,0,1,2023,2023-10
2023-10-01,2023,R,671737,676914,FC,Cutter,,swinging_strike,R,R,TOR,TB,91.20,,,0,0,2023,2023-10
2023-10-01,2023,R,672335,596115,SI,Sinker,single,hit_into_play,R,L,BAL,BOS,97.50,98.10,-3,1,1,2023,2023-10
2023-10-01,2023,R,672335,596115,SI,Sinker,,called_strike,R,L,BAL,BOS,96.80,,,1,0,2023,2023-10
2023-10-01,2023,R,672335,596115,SI,Sinker,,ball,R,L,BAL,BOS,96.50,,,0,0,2023,2023-10
2023-10-01,2023,R,672335,608701,SI,Sinker,walk,ball,R,L,BAL,BOS,97.00,,,3,0,2023,2023-10
2023-10-01,2023,R,672335,608701,SI,Sinker,,ball,R,L,BAL,BOS,96.50,,,2,0,2023,2023-10
2023-10-01,2023,R,672335,608701,SI,Sinker,,ball,R,L,BAL,BOS,96.00,,,1,0,2023,2023-10
2023-10-01,2023,R,672335,608701,SV,Slurve,,blocked_ball,R,L,BAL,BOS,82.90,,,0,0,2023,2023-10
2023-10-01,2023,R,672335,622569,SI,Sinker,walk,ball,R,L,BAL,BOS,96.50,,,3,0,2023,2023-10
2023-10-01,2023,R,672335,622569,FF,4-Seam Fastball,,ball,R,L,BAL,BOS,96.90,,,2,0,2023,2023-10
2023-10-01,2023,R,672335,622569,SI,Sinker,,ball,R,L,BAL,BOS,96.30,,,1,0,2023,2023-10
2023-10-01,2023,R,672335,622569,SI,Sinker,,ball,R,L,BAL,BOS,97.20,,,0,0,2023,2023-10
2023-10-01,2023,R,672335,624512,SI,Sinker,fielders_choice,hit_into_play,L,L,BAL,BOS,97.50,48.10,-49,1,2,2023,2023-10
2023-10-01,2023,R,672335,624512,SI,Sinker,,ball,L,L,BAL,BOS,97.50,,,0,2,2023,2023-10
2023-10-01,2023,R,672335,624512,SI,Sinker,,swinging_strike,L,L,BAL,BOS,96.30,,,0,1,2023,2023-10
2023-10-01,2023,R,672335,624512,SV,Slurve,,called_strike,L,L,BAL,BOS,82.50,,,0,0,2023,2023-10
2023-10-01,2023,R,672335,657136,SV,Slurve,strikeout,swinging_strike,R,L,BAL,BOS,84.40,,,0,2,2023,2023-10
2023-10-01,2023,R,672335,657136,SI,Sinker,,called_strike,R,L,BAL,BOS,96.80,,,0,1,2023,2023-10
2023-10-01,2023,R,672335,657136,SI,Sinker,,called_strike,R,L,BAL,BOS,95.50,,,0,0,2023,2023-10
2023-10-01,2023,R,672335,665839,SI,Sinker,walk,ball,L,L,BAL,BOS,95.00,,,3,0,2023,2023-10
2023-10-01,2023,R,672335,665839,SI,Sinker,,ball,L,L,BAL,BOS,93.20,,,2,0,2023,2023-10
2023-10-01,2023,R,672335,665839,SV,Slurve,,ball,L,L,BAL,BOS,81.00,,,1,0,2023,2023-10
2023-10-01,2023,R,672335,665839,SV,Slurve,,ball,L,L,BAL,BOS,80.70,,,0,0,2023,2023-10
2023-10-01,2023,R,672335,677800,SI,Sinker,single,hit_into_play,L,L,BAL,BOS,96.20,96.60,7,2,2,2023,2023-10
2023-10-01,2023,R,672335,677800,SI,Sinker,,called_strike,L,L,BAL,BOS,94.80,,,2,1,2023,2023-10
2023-10-01,2023,R,672335,677800,SI,Sinker,,called_strike,L,L,BAL,BOS,95.00,,,2,0,2023,2023-10
2023-10-01,2023,R,672335,677800,SV,Slurve,,ball,L,L,BAL,BOS,82.20,,,1,0,2023,2023-10
2023-10-01,2023,R,672335,677800,SI,Sinker,,ball,L,L,BAL,BOS,95.00,,,0,0,2023,2023-10
2023-10-01,2023,R,672335,678882,SI,Sinker,field_out,hit_into_play,R,L,BAL,BOS,97.30,99.50,-25,1,1,2023,2023-10
2023-10-01,2023,R,672335,678882,SI,Sinker,,swinging_strike,R,L,BAL,BOS,96.30,,,1,0,2023,2023-10
2023-10-01,2023,R,672335,678882,SI,Sinker,,ball,R,L,BAL,BOS,96.70,,,0,0,2023,2023-10
2023-10-01,2023,R,672578,518934,FF,4-Seam Fastball,force_out,hit_into_play,R,R,KC,NYY,97.60,85.20,-26,1,0,2023,2023-10
2023-10-01,2023,R,672578,518934,KC,Knuckle Curve,,ball,R,R,KC,NYY,81.70,,,0,0,2023,2023-10
2023-10-01,2023,R,672578,664314,FS,Split-Finger,strikeout,swinging_strike,L,R,KC,NYY,88.90,,,1,2,2023,2023-10
2023-10-01,2023,R,672578,664314,FF,4-Seam Fastball,,ball,L,R,KC,NYY,99.80,,,0,2,2023,2023-10
2023-10-01,2023,R,672578,664314,FF,4-Seam Fastball,,called_strike,L,R,KC,NYY,99.40,,,0,1,2023,2023-10
2023-10-01,2023,R,672578,664314,FF,4-Seam Fastball,,swinging_strike,L,R,KC,NYY,97.90,,,0,0,2023,2023-10
2023-10-01,2023,R,672578,672724,FF,4-Seam Fastball,field_out,hit_into_play,R,R,KC,NYY,97.30,89.70,7,1,0,2023,2023-10
2023-10-01,2023,R,672578,672724,FF,4-Seam Fastball,,ball,R,R,KC,NYY,96.60,,,0,0,2023,2023-10
2023-10-01,2023,R,672578,677592,FF,4-Seam Fastball,walk,ball,R,R,KC,NYY,98.20,,,3,2,2023,2023-10
2023-10-01,2023,R,672578,677592,FF,4-Seam Fastball,,swinging_strike,R,R,KC,NYY,98.00,,,3,1,2023,2023-10
2023-10-01,2023,R,672578,677592,FF,4-Seam Fastball,,ball,R,R,KC,NYY,98.80,,,2,1,2023,2023-10
2023-10-01,2023,R,672578,677592,FF,4-Seam Fastball,,swinging_strike,R,R,KC,NYY,97.10,,,2,0,2023,2023-10
2023-10-01,2023,R,672578,677592,SL,Slider,,ball,R,R,KC,NYY,84.90,,,1,0,2023,2023-10
2023-10-01,2023,R,672578,677592,FF,4-Seam Fastball,,ball,R,R,KC,NYY,98.10,,,0,0,2023,2023-10
2023-10-01,2023,R,672860,641598,FF,4-Seam Fastball,field_out,hit_into_play,R,R,SEA,TEX,94.20,84.10,5,2,1,2023,2023-10
2023-10-01,2023,R,672860,641598,FF,4-Seam Fastball,,called_strike,R,R,SEA,TEX,95.80,,,2,0,2023,2023-10
2023-10-01,2023,R,672860,641598,SL,Slider,,ball,R,R,SEA,TEX,86.60,,,1,0,2023,2023-10
2023-10-01,2023,R,672860,641598,SL,Slider,,ball,R,R,SEA,TEX,84.10,,,0,0,2023,2023-10
2023-10-01,2023,R,672860,663993,SL,Slider,strikeout,swinging_strike_blocked,L,R,SEA,TEX,85.80,,,3,2,2023,2023-10
2023-10-01,2023,R,672860,663993,SL,Slider,,foul,L,R,SEA,TEX,84.80,40.80,-33,3,2,2023,2023-10
2023-10-01,2023,R,672860,663993,SL,Slider,,ball,L,R,SEA,TEX,85.20,,,2,2,2023,2023-10
2023-10-01,2023,R,672860,663993,SL,Slider,,swinging_strike,L,R,SEA,TEX,84.70,,,2,1,2023,2023-10
2023-10-01,2023,R,672860,663993,FF,4-Seam Fastball,,ball,L,R,SEA,TEX,96.70,,,1,1,2023,2023-10
2023-10-01,2023,R,672860,663993,FF,4-Seam Fastball,,ball,L,R,SEA,TEX,98.50,,,0,1,2023,2023-10
2023-10-01,2023,R,672860,663993,SL,Slider,,called_strike,L,R,SEA,TEX,85.90,,,0,0,2023,2023-10
2023-10-01,2023,R,672860,666969,SL,Slider,strikeout,called_strike,R,R,SEA,TEX,85.90,,,2,2,2023,2023-10
2023-10-01,2023,R,672860,666969,SL,Slider,,foul,R,R,SEA,TEX,86.20,70.30,-25,2,2,2023,2023-10
2023-10-01,2023,R,672860,666969,SL,Slider,,swinging_strike,R,R,SEA,TEX,86.80,,,2,1,2023,2023-10
2023-10-01,2023,R,672860,666969,FF,4-Seam Fastball,,ball,R,R,SEA,TEX,97.20,,,1,1,2023,2023-10
2023-10-01,2023,R,672860,666969,FF,4-Seam Fastball,,called_strike,R,R,SEA,TEX,96.00,,,1,0,2023,2023-10
2023-10-01,2023,R,672860,666969,FF,4-Seam Fastball,,ball,R,R,SEA,TEX,98.20,,,0,0,2023,2023-10
2023-10-01,2023,R,674370,542932,SI,Sinker,field_out,hit_into_play,R,R,PIT,MIA,95.00,78.70,-24,1,0,2023,2023-10
2023-10-01,2023,R,674370,542932,SI,Sinker,,ball,R,R,PIT,MIA,95.10,,,0,0,2023,2023-10
2023-10-01,2023,R,674370,607732,SL,Slider,strikeout,swinging_strike,R,R,PIT,MIA,83.70,,,0,2,2023,2023-10
2023-10-01,2023,R,674370,607732,SL,Slider,,foul,R,R,PIT,MIA,85.20,70.10,-17,0,1,2023,2023-10
2023-10-01,2023,R,674370,607732,SI,Sinker,,called_strike,R,R,PIT,MIA,95.00,,,0,0,2023,2023-10
2023-10-01,2023,R,674370,621563,SL,Slider,field_out,hit_into_play,L,R,PIT,MIA,83.80,89.50,21,3,2,2023,2023-10
2023-10-01,2023,R,674370,621563,FF,4-Seam Fastball,,ball,L,R,PIT,MIA,94.80,,,2,2,2023,2023-10
2023-10-01,2023,R,674370,621563,CH,Changeup,,ball,L,R,PIT,MIA,87.90,,,1,2,2023,2023-10
2023-10-01,2023,R,674370,621563,FF,4-Seam Fastball,,foul,L,R,PIT,MIA,94.80,86.80,42,1,1,2023,2023-10
2023-10-01,2023,R,674370,621563,FF,4-Seam Fastball,,called_strike,L,R,PIT,MIA,93.00,,,1,0,2023,2023-10
2023-10-01,2023,R,674370,621563,FF,4-Seam Fastball,,ball,L,R,PIT,MIA,94.30,,,0,0,2023,2023-10
2023-10-01,2023,R,674370,641658,SI,Sinker,field_out,hit_into_play,R,R,PIT,MIA,94.30,,,0,0,2023,2023-10
2023-10-01,2023,R,674370,650559,FF,4-Seam Fastball,strikeout,swinging_strike,R,R,PIT,MIA,96.50,,,0,2,2023,2023-10
2023-10-01,2023,R,674370,650559,FF,4-Seam Fastball,,foul,R,R,PIT,MIA,94.00,82.00,11,0,2,2023,2023-10
2023-10-01,2023,R,674370,650559,FF,4-Seam Fastball,,swinging_strike,R,R,PIT,MIA,95.00,,,0,1,2023,2023-10
2023-10-01,2023,R,674370,650559,SL,Slider,,foul,R,R,PIT,MIA,84.70,67.00,48,0,0,2023,2023-10
2023-10-01,2023,R,674370,663743,SL,Slider,field_out,hit_into_play,R,R,PIT,MIA,84.60,92.10,-18,0,1,2023,2023-10
2023-10-01,2023,R,674370,663743,SI,Sinker,,called_strike,R,R,PIT,MIA,94.40,,,0,0,2023,2023-10
2023-10-01,2023,R,674370,669364,FF,4-Seam Fastball,single,hit_into_play,L,R,PIT,MIA,93.80,83.50,17,2,2,2023,2023-10
2023-10-01,2023,R,674370,669364,SL,Slider,,foul,L,R,PIT,MIA,82.60,65.90,27,2,2,2023,2023-10
2023-10-01,2023,R,674370,669364,FF,4-Seam Fastball,,ball,L,R,PIT,MIA,93.80,,,1,2,2023,2023-10
2023-10-01,2023,R,674370,669364,CH,Changeup,,foul_tip,L,R,PIT,MIA,88.80,,,1,1,2023,2023-10
2023-10-01,2023,R,674370,669364,SL,Slider,,ball,L,R,PIT,MIA,83.50,,,0,1,2023,2023-10
2023-10-01,2023,R,674370,669364,SL,Slider,,foul_bunt,L,R,PIT,MIA,86.30,,,0,0,2023,2023-10
2023-10-01,2023,R,676083,600869,FF,4-Seam Fastball,field_out,hit_into_play,L,R,MIL,CHC,93.80,51.50,50,0,0,2023,2023-10
2023-10-01,2023,R,676083,621550,FF,4-Seam Fastball,strikeout,swinging_strike,R,R,MIL,CHC,95.80,,,0,2,2023,2023-10
2023-10-01,2023,R,676083,621550,CU,Curveball,,foul,R,R,MIL,CHC,83.10,76.40,48,0,2,2023,2023-10
2023-10-01,2023,R,676083,621550,CU,Curveball,,foul,R,R,MIL,CHC,81.80,92.00,-18,0,1,2023,2023-10
2023-10-01,2023,R,676083,621550,SL,Slider,,called_strike,R,R,MIL,CHC,83.20,,,0,0,2023,2023-10
2023-10-01,2023,R,676083,643565,CU,Curveball,strikeout,called_strike,L,R,MIL,CHC,83.50,,,0,2,2023,2023-10
2023-10-01,2023,R,676083,643565,FF,4-Seam Fastball,,foul,L,R,MIL,CHC,95.10,,,0,2,2023,2023-10
2023-10-01,2023,R,676083,643565,FF,4-Seam Fastball,,swinging_strike,L,R,MIL,CHC,94.00,,,0,1,2023,2023-10
2023-10-01,2023,R,676083,643565,FF,4-Seam Fastball,,swinging_strike,L,R,MIL,CHC,92.90,,,0,0,2023,2023-10
2023-10-01,2023,R,676083,665804,CU,Curveball,field_out,hit_into_play,R,R,MIL,CHC,82.90,78.00,-10,0,2,2023,2023-10
2023-10-01,2023,R,676083,665804,FF,4-Seam Fastball,,foul,R,R,MIL,CHC,94.20,80.20,19,0,1,2023,2023-10
2023-10-01,2023,R,676083,665804,FF,4-Seam Fastball,,foul,R,R,MIL,CHC,94.80,84.40,44,0,0,2023,2023-10
2023-10-01,2023,R,676083,666624,SI,Sinker,single,hit_into_play,R,R,MIL,CHC,94.80,104.50,13,0,1,2023,2023-10
2023-10-01,2023,R,676083,666624,FF,4-Seam Fastball,,foul,R,R,MIL,CHC,94.50,77.00,20,0,0,2023,2023-10
2023-10-01,2023,R,676083,670156,CU,Curveball,field_out,hit_into_play,L,R,MIL,CHC,83.50,102.80,4,0,1,2023,2023-10
2023-10-01,2023,R,676083,670156,FF,4-Seam Fastball,,called_strike,L,R,MIL,CHC,94.50,,,0,0,2023,2023-10
2023-10-01,2023,R,676083,672744,FF,4-Seam Fastball,force_out,hit_into_play,R,R,MIL,CHC,95.00,95.20,-4,0,1,2023,2023-10
2023-10-01,2023,R,676083,672744,CU,Curveball,,foul,R,R,MIL,CHC,82.00,,,0,0,2023,2023-10
2023-10-01,2023,R,676083,676724,CU,Curveball,strikeout,swinging_strike,L,R,MIL,CHC,83.60,,,2,2,2023,2023-10
2023-10-01,2023,R,676083,676724,FF,4-Seam Fastball,,ball,L,R,MIL,CHC,95.70,,,1,2,2023,2023-10
2023-10-01,2023,R,676083,676724,FF,4-Seam Fastball,,foul,L,R,MIL,CHC,93.90,61.50,76,1,1,2023,2023-10
2023-10-01,2023,R,676083,676724,FF,4-Seam Fastball,,foul_tip,L,R,MIL,CHC,93.80,,,1,0,2023,2023-10
2023-10-01,2023,R,676083,676724,FF,4-Seam Fastball,,ball,L,R,MIL,CHC,94.70,,,0,0,2023,2023-10
2023-10-01,2023,R,676083,691718,FF,4-Seam Fastball,field_out,hit_into_play,L,R,MIL,CHC,93.40,85.10,59,3,2,2023,2023-10
2023-10-01,2023,R,676083,691718,SL,Slider,,ball,L,R,MIL,CHC,84.00,,,2,2,2023,2023-10
2023-10-01,2023,R,676083,691718,FF,4-Seam Fastball,,foul,L,R,MIL,CHC,94.90,104.30,16,2,2,2023,2023-10
2023-10-01,2023,R,676083,691718,CU,Curveball,,foul,L,R,MIL,CHC,82.60,82.80,-29,2,2,2023,2023-10
2023-10-01,2023,R,676083,691718,CU,Curveball,,ball,L,R,MIL,CHC,84.50,,,1,2,2023,2023-10
2023-10-01,2023,R,676083,691718,FF,4-Seam Fastball,,foul,L,R,MIL,CHC,93.80,74.20,27,1,1,2023,2023-10
2023-10-01,2023,R,676083,691718,CU,Curveball,,ball,L,R,MIL,CHC,83.40,,,0,1,2023,2023-10
2023-10-01,2023,R,676083,691718,CU,Curveball,,foul,L,R,MIL,CHC,81.80,36.60,29,0,0,2023,2023-10
2023-10-01,2023,R,676130,592206,FF,4-Seam Fastball,field_out,hit_into_play,R,R,NYM,PHI,94.40,79.80,54,0,0,2023,2023-10
2023-10-01,2023,R,676130,592206,SL,Slider,field_out,hit_into_play,R,R,NYM,PHI,86.60,66.40,66,0,0,2023,2023-10
2023-10-01,2023,R,676130,592206,FF,4-Seam Fastball,field_out,hit_into_play,R,R,NYM,PHI,94.20,91.10,70,1,1,2023,2023-10
2023-10-01,2023,R,676130,592206,FF,4-Seam Fastball,,ball,R,R,NYM,PHI,94.70,,,0,1,2023,2023-10
2023-10-01,2023,R,676130,592206,FF,4-Seam Fastball,,foul,R,R,NYM,PHI,94.90,56.70,56,0,0,2023,2023-10
2023-10-01,2023,R,676130,595909,CU,Curveball,strikeout,swinging_strike,L,R,NYM,PHI,79.90,,,3,2,2023,2023-10
2023-10-01,2023,R,676130,595909,SL,Slider,,foul,L,R,NYM,PHI,84.50,65.50,-30,3,2,2023,2023-10
2023-10-01,2023,R,676130,595909,FF,4-Seam Fastball,,foul,L,R,NYM,PHI,93.50,82.10,-15,3,2,2023,2023-10
2023-10-01,2023,R,676130,595909,CH,Changeup,,ball,L,R,NYM,PHI,87.40,,,2,2,2023,2023-10
2023-10-01,2023,R,676130,595909,FF,4-Seam Fastball,,ball,L,R,NYM,PHI,93.40,,,1,2,2023,2023-10
2023-10-01,2023,R,676130,595909,FF,4-Seam Fastball,,foul,L,R,NYM,PHI,93.90,67.80,28,1,2,2023,2023-10
2023-10-01,2023,R,676130,595909,CU,Curveball,,ball,L,R,NYM,PHI,79.50,,,0,2,2023,2023-10
2023-10-01,2023,R,676130,595909,FF,4-Seam Fastball,,foul,L,R,NYM,PHI,95.20,77.60,30,0,2,2023,2023-10
2023-10-01,2023,R,676130,595909,CH,Changeup,,foul,L,R,NYM,PHI,85.50,80.20,51,0,1,2023,2023-10
2023-10-01,2023,R,676130,595909,FF,4-Seam Fastball,,called_strike,L,R,NYM,PHI,93.70,,,0,0,2023,2023-10
2023-10-01,2023,R,676130,595909,SI,Sinker,field_out,hit_into_play,L,R,NYM,PHI,92.70,74.80,-4,1,0,2023,2023-10
2023-10-01,2023,R,676130,595909,CU,Curveball,,ball,L,R,NYM,PHI,80.30,,,0,0,2023,2023-10
2023-10-01,2023,R,676130,595909,FF,4-Seam Fastball,field_out,hit_into_play,L,R,NYM,PHI,93.30,100.60,10,0,0,2023,2023-10
2023-10-01,2023,R,676130,596117,SI,Sinker,single,hit_into_play,L,R,NYM,PHI,92.70,66.10,42,0,0,2023,2023-10
2023-10-01,2023,R,676130,596117,SI,Sinker,walk,ball,L,R,NYM,PHI,92.50,,,3,2,2023,2023-10
2023-10-01,2023,R,676130,596117,SI,Sinker,,swinging_strike,L,R,NYM,PHI,93.70,,,3,1,2023,2023-10
2023-10-01,2023,R,676130,596117,FF,4-Seam Fastball,,called_strike,L,R,NYM,PHI,93.30,,,3,0,2023,2023-10
2023-10-01,2023,R,676130,596117,FF,4-Seam Fastball,,ball,L,R,NYM,PHI,94.50,,,2,0,2023,2023-10
2023-10-01,2023,R,676130,596117,FF,4-Seam Fastball,,ball,L,R,NYM,PHI,92.60,,,1,0,2023,2023-10
2023-10-01,2023,R,676130,596117,FF,4-Seam Fastball,,ball,L,R,NYM,PHI,92.20,,,0,0,2023,2023-10
2023-10-01,2023,R,676130,624641,FF,4-Seam Fastball,strikeout,swinging_strike,R,R,NYM,PHI,93.90,,,1,2,2023,2023-10
2023-10-01,2023,R,676130,624641,CH,Changeup,,ball,R,R,NYM,PHI,85.30,,,0,2,2023,2023-10
2023-10-01,2023,R,676130,624641,FF,4-Seam Fastball,,foul_tip,R,R,NYM,PHI,95.10,,,0,1,2023,2023-10
2023-10-01,2023,R,676130,624641,FF,4-Seam Fastball,,swinging_strike,R,R,NYM,PHI,94.00,,,0,0,2023,2023-10
2023-10-01,2023,R,676130,624641,FF,4-Seam Fastball,strikeout,swinging_strike,R,R,NYM,PHI,95.60,,,1,2,2023,2023-10
2023-10-01,2023,R,676130,624641,FF,4-Seam Fastball,,swinging_strike,R,R,NYM,PHI,94.10,,,1,1,2023,2023-10
2023-10-01,2023,R,676130,624641,FF,4-Seam Fastball,,ball,R,R,NYM,PHI,95.00,,,0,1,2023,2023-10
2023-10-01,2023,R,676130,624641,FF,4-Seam Fastball,,called_strike,R,R,NYM,PHI,93.90,,,0,0,2023,2023-10
2023-10-01,2023,R,676130,624641,CU,Curveball,field_out,hit_into_play,R,R,NYM,PHI,80.30,62.80,44,2,2,2023,2023-10
2023-10-01,2023,R,676130,624641,CH,Changeup,,foul,R,R,NYM,PHI,86.30,67.30,-27,2,2,2023,2023-10
2023-10-01,2023,R,676130,624641,FF,4-Seam Fastball,,foul,R,R,NYM,PHI,95.10,77.20,14,2,2,2023,2023-10
2023-10-01,2023,R,676130,624641,SL,Slider,,foul,R,R,NYM,PHI,86.10,,,2,2,2023,2023-10
2023-10-01,2023,R,676130,624641,CH,Changeup,,ball,R,R,NYM,PHI,85.90,,,1,2,2023,2023-10
2023-10-01,2023,R,676130,624641,FF,4-Seam Fastball,,ball,R,R,NYM,PHI,93.40,,,0,2,2023,2023-10
2023-10-01,2023,R,676130,624641,CH,Changeup,,foul,R,R,NYM,PHI,84.40,67.50,65,0,1,2023,2023-10
2023-10-01,2023,R,676130,624641,FF,4-Seam Fastball,,called_strike,R,R,NYM,PHI,93.30,,,0,0,2023,2023-10
2023-10-01,2023,R,676130,656941,SI,Sinker,field_out,hit_into_play,L,R,NYM,PHI,92.10,102.70,17,3,1,2023,2023-10
2023-10-01,2023,R,676130,656941,SI,Sinker,,called_strike,L,R,NYM,PHI,92.10,,,3,0,2023,2023-10
2023-10-01,2023,R,676130,656941,SI,Sinker,,ball,L,R,NYM,PHI,92.10,,,2,0,2023,2023-10
2023-10-01,2023,R,676130,656941,FF,4-Seam Fastball,,ball,L,R,NYM,PHI,94.10,,,1,0,2023,2023-10
2023-10-01,2023,R,676130,656941,CH,Changeup,,ball,L,R,NYM,PHI,87.30,,,0,0,2023,2023-10
2023-10-01,2023,R,676130,656941,FF,4-Seam Fastball,field_out,hit_into_play,L,R,NYM,PHI,92.90,110.20,-3,1,0,2023,2023-10
2023-10-01,2023,R,676130,656941,FF,4-Seam Fastball,,ball,L,R,NYM,PHI,93.20,,,0,0,2023,2023-10
2023-10-01,2023,R,676130,664761,FF,4-Seam Fastball,home_run,hit_into_play,R,R,NYM,PHI,94.00,95.60,31,0,2,2023,2023-10
2023-10-01,2023,R,676130,664761,SL,Slider,,foul,R,R,NYM,PHI,85.20,68.90,-24,0,1,2023,2023-10
2023-10-01,2023,R,676130,664761,CU,Curveball,,called_strike,R,R,NYM,PHI,79.10,,,0,0,2023,2023-10
2023-10-01,2023,R,676130,664761,FF,4-Seam Fastball,strikeout,swinging_strike,R,R,NYM,PHI,94.50,,,1,2,2023,2023-10
2023-10-01,2023,R,676130,664761,CU,Curveball,,foul,R,R,NYM,PHI,81.80,77.20,-25,1,2,2023,2023-10
2023-10-01,2023,R,676130,664761,FF,4-Seam Fastball,,foul,R,R,NYM,PHI,95.10,68.50,46,1,2,2023,2023-10
2023-10-01,2023,R,676130,664761,FF,4-Seam Fastball,,foul,R,R,NYM,PHI,95.00,75.50,48,1,2,2023,2023-10
2023-10-01,2023,R,676130,664761,SL,Slider,,ball,R,R,NYM,PHI,86.20,,,0,2,2023,2023-10
2023-10-01,2023,R,676130,664761,FF,4-Seam Fastball,,foul,R,R,NYM,PHI,95.20,85.80,43,0,2,2023,2023-10
2023-10-01,2023,R,676130,664761,FF,4-Seam Fastball,,swinging_strike,R,R,NYM,PHI,95.30,,,0,1,2023,2023-10
2023-10-01,2023,R,676130,664761,FF,4-Seam Fastball,,called_strike,R,R,NYM,PHI,94.10,,,0,0,2023,2023-10
2023-10-01,2023,R,676130,664761,CH,Changeup,single,hit_into_play,R,R,NYM,PHI,86.40,103.00,2,3,2,2023,2023-10
2023-10-01,2023,R,676130,664761,FF,4-Seam Fastball,,foul,R,R,NYM,PHI,94.50,81.60,73,3,2,2023,2023-10
2023-10-01,2023,R,676130,664761,FF,4-Seam Fastball,,ball,R,R,NYM,PHI,95.30,,,2,2,2023,2023-10
2023-10-01,2023,R,676130,664761,SL,Slider,,blocked_ball,R,R,NYM,PHI,86.80,,,1,2,2023,2023-10
2023-10-01,2023,R,676130,664761,FF,4-Seam Fastball,,ball,R,R,NYM,PHI,95.50,,,0,2,2023,2023-10
2023-10-01,2023,R,676130,664761,FF,4-Seam Fastball,,swinging_strike,R,R,NYM,PHI,94.80,,,0,1,2023,2023-10
2023-10-01,2023,R,676130,664761,FF,4-Seam Fastball,,called_strike,R,R,NYM,PHI,95.10,,,0,0,2023,2023-10
2023-10-01,2023,R,676130,665506,FF,4-Seam Fastball,walk,ball,R,R,NYM,PHI,93.30,,,3,2,2023,2023-10
2023-10-01,2023,R,676130,665506,CH,Changeup,,blocked_ball,R,R,NYM,PHI,87.30,,,2,2,2023,2023-10
2023-10-01,2023,R,676130,665506,FF,4-Seam Fastball,,ball,R,R,NYM,PHI,94.30,,,1,2,2023,2023-10
2023-10-01,2023,R,676130,665506,SL,Slider,,ball,R,R,NYM,PHI,86.60,,,0,2,2023,2023-10
2023-10-01,2023,R,676130,665506,SL,Slider,,called_strike,R,R,NYM,PHI,85.60,,,0,1,2023,2023-10
2023-10-01,2023,R,676130,665506,SL,Slider,,swinging_strike,R,R,NYM,PHI,85.90,,,0,0,2023,2023-10
2023-10-01,2023,R,676130,669016,SI,Sinker,field_out,hit_into_play,L,R,NYM,PHI,91.70,98.10,44,3,1,2023,2023-10
2023-10-01,2023,R,676130,669016,SI,Sinker,,ball,L,R,NYM,PHI,91.80,,,2,1,2023,2023-10
2023-10-01,2023,R,676130,669016,FF,4-Seam Fastball,,ball,L,R,NYM,PHI,92.80,,,1,1,2023,2023-10
2023-10-01,2023,R,676130,669016,SI,Sinker,,foul,L,R,NYM,PHI,91.50,92.20,35,1,0,2023,2023-10
2023-10-01,2023,R,676130,669016,SI,Sinker,,ball,L,R,NYM,PHI,91.40,,,0,0,2023,2023-10
2023-10-01,2023,R,676130,669016,CU,Curveball,field_out,hit_into_play,L,R,NYM,PHI,78.10,95.20,47,0,0,2023,2023-10
2023-10-01,2023,R,676130,669016,SL,Slider,field_out,hit_into_play,L,R,NYM,PHI,86.50,89.50,-10,1,2,2023,2023-10
2023-10-01,2023,R,676130,669016,SI,Sinker,,ball,L,R,NYM,PHI,94.30,,,0,2,2023,2023-10
2023-10-01,2023,R,676130,669016,SL,Slider,,foul,L,R,NYM,PHI,87.90,,,0,2,2023,2023-10
2023-10-01,2023,R,676130,669016,SI,Sinker,,foul_tip,L,R,NYM,PHI,93.10,,,0,1,2023,2023-10
2023-10-01,2023,R,676130,669016,SI,Sinker,,called_strike,L,R,NYM,PHI,93.90,,,0,0,2023,2023-10
2023-10-01,2023,R,676130,679032,FF,4-Seam Fastball,field_out,hit_into_play,R,R,NYM,PHI,93.60,96.30,38,0,1,2023,2023-10
2023-10-01,2023,R,676130,679032,FF,4-Seam Fastball,,called_strike,R,R,NYM,PHI,93.50,,,0,0,2023,2023-10
2023-10-01,2023,R,676130,679032,FF,4-Seam Fastball,field_out,hit_into_play,R,R,NYM,PHI,95.00,29.70,33,0,0,2023,2023-10
2023-10-01,2023,R,676130,681082,SI,Sinker,field_out,hit_into_play,L,R,NYM,PHI,91.60,83.50,28,3,1,2023,2023-10
2023-10-01,2023,R,676130,681082,FF,4-Seam Fastball,,ball,L,R,NYM,PHI,93.80,,,2,1,2023,2023-10
2023-10-01,2023,R,676130,681082,FF,4-Seam Fastball,,called_strike,L,R,NYM,PHI,92.60,,,2,0,2023,2023-10
2023-10-01,2023,R,676130,681082,FF,4-Seam Fastball,,ball,L,R,NYM,PHI,93.50,,,1,0,2023,2023-10
2023-10-01,2023,R,676130,681082,CU,Curveball,,ball,L,R,NYM,PHI,80.30,,,0,0,2023,2023-10
2023-10-01,2023,R,676130,681082,CH,Changeup,single,hit_into_play,L,R,NYM,PHI,85.50,92.00,13,1,1,2023,2023-10
2023-10-01,2023,R,676130,681082,FF,4-Seam Fastball,,ball,L,R,NYM,PHI,93.70,,,0,1,2023,2023-10
2023-10-01,2023,R,676130,681082,FF,4-Seam Fastball,,called_strike,L,R,NYM,PHI,94.90,,,0,0,2023,2023-10
2023-10-01,2023,R,676130,681082,CH,Changeup,single,hit_into_play,L,R,NYM,PHI,86.30,89.40,1,2,2,2023,2023-10
2023-10-01,2023,R,676130,681082,FF,4-Seam Fastball,,ball,L,R,NYM,PHI,95.70,,,1,2,2023,2023-10
2023-10-01,2023,R,676130,681082,CH,Changeup,,foul,L,R,NYM,PHI,85.90,80.50,-43,1,1,2023,2023-10
2023-10-01,2023,R,676130,681082,FF,4-Seam Fastball,,ball,L,R,NYM,PHI,94.00,,,0,1,2023,2023-10
2023-10-01,2023,R,676130,681082,FF,4-Seam Fastball,,called_strike,L,R,NYM,PHI,94.40,,,0,0,2023,2023-10
2023-10-01,2023,R,676265,518595,KC,Knuckle Curve,field_out,hit_into_play,R,R,ATL,WSH,83.80,85.20,39,1,1,2023,2023-10
2023-10-01,2023,R,676265,518595,FF,4-Seam Fastball,,ball,R,R,ATL,WSH,92.60,,,0,1,2023,2023-10
2023-10-01,2023,R,676265,518595,FF,4-Seam Fastball,,foul,R,R,ATL,WSH,92.60,78.00,17,0,0,2023,2023-10
2023-10-01,2023,R,676265,542303,FF,4-Seam Fastball,walk,ball,R,R,ATL,WSH,92.70,,,3,2,2023,2023-10
2023-10-01,2023,R,676265,542303,KC,Knuckle Curve,,foul,R,R,ATL,WSH,85.10,83.10,34,3,2,2023,2023-10
2023-10-01,2023,R,676265,542303,KC,Knuckle Curve,,ball,R,R,ATL,WSH,86.20,,,2,2,2023,2023-10
2023-10-01,2023,R,676265,542303,KC,Knuckle Curve,,ball,R,R,ATL,WSH,85.10,,,1,2,2023,2023-10
2023-10-01,2023,R,676265,542303,KC,Knuckle Curve,,called_strike,R,R,ATL,WSH,84.70,,,1,1,2023,2023-10
2023-10-01,2023,R,676265,542303,FF,4-Seam Fastball,,ball,R,R,ATL,WSH,93.40,,,0,1,2023,2023-10
2023-10-01,2023,R,676265,542303,KC,Knuckle Curve,,foul_tip,R,R,ATL,WSH,84.30,,,0,0,2023,2023-10
2023-10-01,2023,R,676265,592696,KC,Knuckle Curve,field_out,hit_into_play,L,R,ATL,WSH,84.40,90.70,-13,1,0,2023,2023-10
2023-10-01,2023,R,676265,592696,KC,Knuckle Curve,,ball,L,R,ATL,WSH,84.50,,,0,0,2023,2023-10
2023-10-01,2023,R,676265,606115,KC,Knuckle Curve,strikeout,swinging_strike,R,R,ATL,WSH,85.00,,,0,2,2023,2023-10
2023-10-01,2023,R,676265,606115,KC,Knuckle Curve,,foul,R,R,ATL,WSH,85.30,,,0,2,2023,2023-10
2023-10-01,2023,R,676265,606115,FF,4-Seam Fastball,,swinging_strike,R,R,ATL,WSH,92.90,,,0,1,2023,2023-10
2023-10-01,2023,R,676265,606115,KC,Knuckle Curve,,swinging_strike,R,R,ATL,WSH,84.80,,,0,0,2023,2023-10
2023-10-01,2023,R,676265,607680,KC,Knuckle Curve,field_out,hit_into_play,R,R,ATL,WSH,85.30,99.40,10,1,2,2023,2023-10
2023-10-01,2023,R,676265,607680,KC,Knuckle Curve,,swinging_strike,R,R,ATL,WSH,85.90,,,1,1,2023,2023-10
2023-10-01,2023,R,676265,607680,FF,4-Seam Fastball,,foul,R,R,ATL,WSH,92.70,78.20,58,1,0,2023,2023-10
2023-10-01,2023,R,676265,607680,FF,4-Seam Fastball,,ball,R,R,ATL,WSH,93.00,,,0,0,2023,2023-10
2023-10-01,2023,R,676265,645277,FF,4-Seam Fastball,single,hit_into_play,L,R,ATL,WSH,94.00,100.40,15,1,1,2023,2023-10
2023-10-01,2023,R,676265,645277,FF,4-Seam Fastball,,foul,L,R,ATL,WSH,92.80,76.40,69,1,0,2023,2023-10
2023-10-01,2023,R,676265,645277,KC,Knuckle Curve,,ball,L,R,ATL,WSH,86.20,,,0,0,2023,2023-10
2023-10-01,2023,R,676265,663586,KC,Knuckle Curve,strikeout,swinging_strike,R,R,ATL,WSH,85.90,,,2,2,2023,2023-10
2023-10-01,2023,R,676265,663586,KC,Knuckle Curve,,blocked_ball,R,R,ATL,WSH,86.70,,,1,2,2023,2023-10
2023-10-01,2023,R,676265,663586,FF,4-Seam Fastball,,ball,R,R,ATL,WSH,93.90,,,0,2,2023,2023-10
2023-10-01,2023,R,676265,663586,KC,Knuckle Curve,,swinging_strike,R,R,ATL,WSH,85.60,,,0,1,2023,2023-10
2023-10-01,2023,R,676265,663586,FF,4-Seam Fastball,,called_strike,R,R,ATL,WSH,93.80,,,0,0,2023,2023-10
2023-10-01,2023,R,676265,670032,KC,Knuckle Curve,walk,ball,L,R,ATL,WSH,84.10,,,3,2,2023,2023-10
2023-10-01,2023,R,676265,670032,KC,Knuckle Curve,,ball,L,R,ATL,WSH,84.90,,,2,2,2023,2023-10
2023-10-01,2023,R,676265,670032,KC,Knuckle Curve,,swinging_strike_blocked,L,R,ATL,WSH,85.90,,,2,1,2023,2023-10
2023-10-01,2023,R,676265,670032,FF,4-Seam Fastball,,ball,L,R,ATL,WSH,92.90,,,1,1,2023,2023-10
2023-10-01,2023,R,676265,670032,FF,4-Seam Fastball,,ball,L,R,ATL,WSH,92.70,,,0,1,2023,2023-10
2023-10-01,2023,R,676265,670032,KC,Knuckle Curve,,called_strike,L,R,ATL,WSH,85.40,,,0,0,2023,2023-10
2023-10-01,2023,R,676272,543063,CU,Curveball,strikeout,swinging_strike_blocked,L,R,SF,LAD,81.70,,,0,2,2023,2023-10
2023-10-01,2023,R,676272,543063,CH,Changeup,,foul,L,R,SF,LAD,87.60,64.80,-41,0,2,2023,2023-10
2023-10-01,2023,R,676272,543063,CH,Changeup,,foul,L,R,SF,LAD,88.90,,,0,2,2023,2023-10
2023-10-01,2023,R,676272,543063,SI,Sinker,,foul,L,R,SF,LAD,99.00,84.60,10,0,2,2023,2023-10
2023-10-01,2023,R,676272,543063,FF,4-Seam Fastball,,foul,L,R,SF,LAD,99.90,64.70,35,0,1,2023,2023-10
2023-10-01,2023,R,676272,543063,CH,Changeup,,called_strike,L,R,SF,LAD,86.70,,,0,0,2023,2023-10
2023-10-01,2023,R,676272,543063,SL,Slider,strikeout,swinging_strike,L,R,SF,LAD,88.20,,,1,2,2023,2023-10
2023-10-01,2023,R,676272,543063,CH,Changeup,,ball,L,R,SF,LAD,87.30,,,0,2,2023,2023-10
2023-10-01,2023,R,676272,543063,CH,Changeup,,swinging_strike,L,R,SF,LAD,86.70,,,0,1,2023,2023-10
2023-10-01,2023,R,676272,543063,SI,Sinker,,called_strike,L,R,SF,LAD,97.70,,,0,0,2023,2023-10
2023-10-01,2023,R,676272,573262,CH,Changeup,field_out,hit_into_play,L,R,SF,LAD,87.90,71.60,11,0,1,2023,2023-10
2023-10-01,2023,R,676272,573262,FF,4-Seam Fastball,,called_strike,L,R,SF,LAD,98.90,,,0,0,2023,2023-10
2023-10-01,2023,R,676272,592626,CH,Changeup,strikeout,swinging_strike,L,R,SF,LAD,88.20,,,1,2,2023,2023-10
2023-10-01,2023,R,676272,592626,CU,Curveball,,swinging_strike,L,R,SF,LAD,81.10,,,1,1,2023,2023-10
2023-10-01,2023,R,676272,592626,CH,Changeup,,ball,L,R,SF,LAD,89.50,,,0,1,2023,2023-10
2023-10-01,2023,R,676272,592626,SI,Sinker,,called_strike,L,R,SF,LAD,99.10,,,0,0,2023,2023-10
2023-10-01,2023,R,676272,592626,FF,4-Seam Fastball,field_out,hit_into_play,L,R,SF,LAD,99.70,73.60,33,0,0,2023,2023-10
2023-10-01,2023,R,676272,624424,SI,Sinker,walk,ball,L,R,SF,LAD,98.90,,,3,2,2023,2023-10
2023-10-01,2023,R,676272,624424,SI,Sinker,,ball,L,R,SF,LAD,99.00,,,2,2,2023,2023-10
2023-10-01,2023,R,676272,624424,CU,Curveball,,ball,L,R,SF,LAD,82.80,,,1,2,2023,2023-10
2023-10-01,2023,R,676272,624424,CH,Changeup,,swinging_strike,L,R,SF,LAD,88.00,,,1,1,2023,2023-10
2023-10-01,2023,R,676272,624424,CH,Changeup,,ball,L,R,SF,LAD,89.10,,,0,1,2023,2023-10
2023-10-01,2023,R,676272,624424,FF,4-Seam Fastball,,foul,L,R,SF,LAD,99.70,74.50,62,0,0,2023,2023-10
2023-10-01,2023,R,676272,624424,CU,Curveball,strikeout,called_strike,L,R,SF,LAD,81.00,,,2,2,2023,2023-10
2023-10-01,2023,R,676272,624424,SI,Sinker,,foul,L,R,SF,LAD,99.30,78.80,57,2,2,2023,2023-10
2023-10-01,2023,R,676272,624424,FF,4-Seam Fastball,,foul,L,R,SF,LAD,98.80,68.30,52,2,1,2023,2023-10
2023-10-01,2023,R,676272,624424,CH,Changeup,,ball,L,R,SF,LAD,88.60,,,1,1,2023,2023-10
2023-10-01,2023,R,676272,624424,SI,Sinker,,ball,L,R,SF,LAD,98.60,,,0,1,2023,2023-10
2023-10-01,2023,R,676272,624424,SI,Sinker,,swinging_strike,L,R,SF,LAD,98.50,,,0,0,2023,2023-10
2023-10-01,2023,R,676272,642731,SL,Slider,field_out,hit_into_play,R,R,SF,LAD,88.10,66.20,-7,2,2,2023,2023-10
2023-10-01,2023,R,676272,642731,SL,Slider,,ball,R,R,SF,LAD,89.90,,,1,2,2023,2023-10
2023-10-01,2023,R,676272,642731,FF,4-Seam Fastball,,called_strike,R,R,SF,LAD,99.20,,,1,1,2023,2023-10
2023-10-01,2023,R,676272,642731,CU,Curveball,,ball,R,R,SF,LAD,81.90,,,0,1,2023,2023-10
2023-10-01,2023,R,676272,642731,SI,Sinker,,called_strike,R,R,SF,LAD,97.70,,,0,0,2023,2023-10
2023-10-01,2023,R,676272,642731,CU,Curveball,field_out,hit_into_play,R,R,SF,LAD,79.80,54.10,-38,1,1,2023,2023-10
2023-10-01,2023,R,676272,642731,SI,Sinker,,ball,R,R,SF,LAD,99.00,,,0,1,2023,2023-10
2023-10-01,2023,R,676272,642731,FF,4-Seam Fastball,,foul,R,R,SF,LAD,99.10,82.40,49,0,0,2023,2023-10
2023-10-01,2023,R,676272,664774,FF,4-Seam Fastball,field_out,hit_into_play,L,R,SF,LAD,98.20,89.60,67,0,0,2023,2023-10
2023-10-01,2023,R,676272,664774,FF,4-Seam Fastball,field_out,hit_into_play,L,R,SF,LAD,99.30,94.50,43,3,2,2023,2023-10
2023-10-01,2023,R,676272,664774,CH,Changeup,,ball,L,R,SF,LAD,88.00,,,2,2,2023,2023-10
2023-10-01,2023,R,676272,664774,SL,Slider,,ball,L,R,SF,LAD,89.20,,,1,2,2023,2023-10
2023-10-01,2023,R,676272,664774,FF,4-Seam Fastball,,foul,L,R,SF,LAD,99.10,74.70,33,1,2,2023,2023-10
2023-10-01,2023,R,676272,664774,CH,Changeup,,foul,L,R,SF,LAD,87.80,90.30,-45,1,1,2023,2023-10
2023-10-01,2023,R,676272,664774,CH,Changeup,,ball,L,R,SF,LAD,87.90,,,0,1,2023,2023-10
2023-10-01,2023,R,676272,664774,FF,4-Seam Fastball,,called_strike,L,R,SF,LAD,97.90,,,0,0,2023,2023-10
2023-10-01,2023,R,676272,666149,SI,Sinker,field_out,hit_into_play,R,R,SF,LAD,98.80,76.70,-23,3,2,2023,2023-10
2023-10-01,2023,R,676272,666149,CH,Changeup,,ball,R,R,SF,LAD,86.80,,,2,2,2023,2023-10
2023-10-01,2023,R,676272,666149,CH,Changeup,,swinging_strike,R,R,SF,LAD,87.50,,,2,1,2023,2023-10
2023-10-01,2023,R,676272,666149,SI,Sinker,,called_strike,R,R,SF,LAD,99.00,,,2,0,2023,2023-10
2023-10-01,2023,R,676272,666149,FF,4-Seam Fastball,,ball,R,R,SF,LAD,98.70,,,1,0,2023,2023-10
2023-10-01,2023,R,676272,666149,FF,4-Seam Fastball,,ball,R,R,SF,LAD,97.90,,,0,0,2023,2023-10
2023-10-01,2023,R,676272,666165,SI,Sinker,single,hit_into_play,L,R,SF,LAD,98.90,102.00,-10,0,0,2023,2023-10
2023-10-01,2023,R,676272,669477,SI,Sinker,field_out,hit_into_play,R,R,SF,LAD,99.00,89.90,38,2,2,2023,2023-10
2023-10-01,2023,R,676272,669477,CU,Curveball,,blocked_ball,R,R,SF,LAD,81.40,,,1,2,2023,2023-10
2023-10-01,2023,R,676272,669477,SI,Sinker,,foul,R,R,SF,LAD,98.10,78.50,16,1,1,2023,2023-10
2023-10-01,2023,R,676272,669477,CU,Curveball,,swinging_strike,R,R,SF,LAD,79.10,,,1,0,2023,2023-10
2023-10-01,2023,R,676272,669477,CU,Curveball,,ball,R,R,SF,LAD,77.50,,,0,0,2023,2023-10
2023-10-01,2023,R,676664,500871,FF,4-Seam Fastball,strikeout,swinging_strike,R,L,LAA,ATH,93.80,,,2,2,2023,2023-10
2023-10-01,2023,R,676664,500871,SL,Slider,,foul,R,L,LAA,ATH,82.60,,,2,1,2023,2023-10
2023-10-01,2023,R,676664,500871,FF,4-Seam Fastball,,ball,R,L,LAA,ATH,93.60,,,1,1,2023,2023-10
2023-10-01,2023,R,676664,500871,FF,4-Seam Fastball,,ball,R,L,LAA,ATH,92.00,,,0,1,2023,2023-10
2023-10-01,2023,R,676664,500871,FF,4-Seam Fastball,,swinging_strike,R,L,LAA,ATH,93.80,,,0,0,2023,2023-10
2023-10-01,2023,R,676664,500871,FF,4-Seam Fastball,strikeout,swinging_strike,R,L,LAA,ATH,94.40,,,2,2,2023,2023-10
2023-10-01,2023,R,676664,500871,FF,4-Seam Fastball,,ball,R,L,LAA,ATH,94.30,,,1,2,2023,2023-10
2023-10-01,2023,R,676664,500871,FF,4-Seam Fastball,,swinging_strike,R,L,LAA,ATH,94.30,,,1,1,2023,2023-10
2023-10-01,2023,R,676664,500871,ST,Sweeper,,ball,R,L,LAA,ATH,81.70,,,0,1,2023,2023-10
2023-10-01,2023,R,676664,500871,ST,Sweeper,,called_strike,R,L,LAA,ATH,81.80,,,0,0,2023,2023-10
2023-10-01,2023,R,676664,545341,CH,Changeup,home_run,hit_into_play,R,L,LAA,ATH,85.00,107.40,30,0,1,2023,2023-10
2023-10-01,2023,R,676664,545341,ST,Sweeper,,called_strike,R,L,LAA,ATH,82.30,,,0,0,2023,2023-10
2023-10-01,2023,R,676664,545341,FF,4-Seam Fastball,field_out,hit_into_play,R,L,LAA,ATH,93.90,101.30,9,2,2,2023,2023-10
2023-10-01,2023,R,676664,545341,FF,4-Seam Fastball,,foul,R,L,LAA,ATH,94.00,75.90,23,2,1,2023,2023-10
2023-10-01,2023,R,676664,545341,FF,4-Seam Fastball,,ball,R,L,LAA,ATH,93.70,,,1,1,2023,2023-10
2023-10-01,2023,R,676664,545341,FF,4-Seam Fastball,,ball,R,L,LAA,ATH,92.50,,,0,1,2023,2023-10
2023-10-01,2023,R,676664,545341,FF,4-Seam Fastball,,swinging_strike,R,L,LAA,ATH,93.70,,,0,0,2023,2023-10
2023-10-01,2023,R,676664,592273,FF,4-Seam Fastball,double,hit_into_play,R,L,LAA,ATH,94.60,109.60,10,2,2,2023,2023-10
2023-10-01,2023,R,676664,592273,SL,Slider,,ball,R,L,LAA,ATH,82.20,,,1,2,2023,2023-10
2023-10-01,2023,R,676664,592273,FF,4-Seam Fastball,,foul,R,L,LAA,ATH,94.90,80.90,73,1,2,2023,2023-10
2023-10-01,2023,R,676664,592273,CH,Changeup,,foul,R,L,LAA,ATH,85.40,64.60,-46,1,2,2023,2023-10
2023-10-01,2023,R,676664,592273,FF,4-Seam Fastball,,called_strike,R,L,LAA,ATH,93.30,,,1,1,2023,2023-10
2023-10-01,2023,R,676664,592273,FF,4-Seam Fastball,,ball,R,L,LAA,ATH,91.30,,,0,1,2023,2023-10
2023-10-01,2023,R,676664,592273,FF,4-Seam Fastball,,called_strike,R,L,LAA,ATH,92.90,,,0,0,2023,2023-10
2023-10-01,2023,R,676664,592273,FF,4-Seam Fastball,home_run,hit_into_play,R,L,LAA,ATH,93.70,101.30,29,3,1,2023,2023-10
2023-10-01,2023,R,676664,592273,SL,Slider,,ball,R,L,LAA,ATH,82.50,,,2,1,2023,2023-10
2023-10-01,2023,R,676664,592273,FF,4-Seam Fastball,,ball,R,L,LAA,ATH,94.50,,,1,1,2023,2023-10
2023-10-01,2023,R,676664,592273,FF,4-Seam Fastball,,foul,R,L,LAA,ATH,94.30,80.60,15,1,0,2023,2023-10
2023-10-01,2023,R,676664,592273,FF,4-Seam Fastball,,ball,R,L,LAA,ATH,93.80,,,0,0,2023,2023-10
2023-10-01,2023,R,676664,621433,FF,4-Seam Fastball,strikeout,called_strike,L,L,LAA,ATH,94.00,,,2,2,2023,2023-10
2023-10-01,2023,R,676664,621433,FF,4-Seam Fastball,,called_strike,L,L,LAA,ATH,94.20,,,2,1,2023,2023-10
2023-10-01,2023,R,676664,621433,SL,Slider,,ball,L,L,LAA,ATH,83.40,,,1,1,2023,2023-10
2023-10-01,2023,R,676664,621433,FF,4-Seam Fastball,,called_strike,L,L,LAA,ATH,94.20,,,1,0,2023,2023-10
2023-10-01,2023,R,676664,621433,FF,4-Seam Fastball,,ball,L,L,LAA,ATH,94.60,,,0,0,2023,2023-10
2023-10-01,2023,R,676664,621433,FF,4-Seam Fastball,field_out,hit_into_play,L,L,LAA,ATH,94.50,83.40,59,3,2,2023,2023-10
2023-10-01,2023,R,676664,621433,SL,Slider,,ball,L,L,LAA,ATH,84.40,,,2,2,2023,2023-10
2023-10-01,2023,R,676664,621433,FF,4-Seam Fastball,,foul,L,L,LAA,ATH,94.40,72.00,55,2,2,2023,2023-10
2023-10-01,2023,R,676664,621433,ST,Sweeper,,ball,L,L,LAA,ATH,82.50,,,1,2,2023,2023-10
2023-10-01,2023,R,676664,621433,SL,Slider,,ball,L,L,LAA,ATH,83.30,,,0,2,2023,2023-10
2023-10-01,2023,R,676664,621433,SL,Slider,,called_strike,L,L,LAA,ATH,82.60,,,0,1,2023,2023-10
2023-10-01,2023,R,676664,621433,FF,4-Seam Fastball,,swinging_strike,L,L,LAA,ATH,94.10,,,0,0,2023,2023-10
2023-10-01,2023,R,676664,664058,,,intent_walk,automatic_ball,R,L,LAA,ATH,,,,3,0,2023,2023-10
2023-10-01,2023,R,676664,664058,,,,automatic_ball,R,L,LAA,ATH,,,,2,0,2023,2023-10
2023-10-01,2023,R,676664,664058,,,,automatic_ball,R,L,LAA,ATH,,,,1,0,2023,2023-10
2023-10-01,2023,R,676664,664058,,,,automatic_ball,R,L,LAA,ATH,,,,0,0,2023,2023-10
2023-10-01,2023,R,676664,664058,CH,Changeup,field_out,hit_into_play,R,L,LAA,ATH,84.90,97.20,2,0,1,2023,2023-10
2023-10-01,2023,R,676664,664058,FF,4-Seam Fastball,,called_strike,R,L,LAA,ATH,92.80,,,0,0,2023,2023-10
2023-10-01,2023,R,676664,666176,CH,Changeup,single,hit_into_play,R,L,LAA,ATH,85.10,82.20,-38,0,0,2023,2023-10
2023-10-01,2023,R,676664,666176,CH,Changeup,field_out,hit_into_play,R,L,LAA,ATH,84.70,99.40,39,0,1,2023,2023-10
2023-10-01,2023,R,676664,666176,FF,4-Seam Fastball,,foul,R,L,LAA,ATH,93.60,75.30,24,0,0,2023,2023-10
2023-10-01,2023,R,676664,681351,CH,Changeup,walk,ball,R,L,LAA,ATH,85.90,,,3,2,2023,2023-10
2023-10-01,2023,R,676664,681351,FF,4-Seam Fastball,,ball,R,L,LAA,ATH,93.20,,,2,2,2023,2023-10
2023-10-01,2023,R,676664,681351,FF,4-Seam Fastball,,ball,R,L,LAA,ATH,93.50,,,1,2,2023,2023-10
2023-10-01,2023,R,676664,681351,FF,4-Seam Fastball,,foul,R,L,LAA,ATH,94.00,,,1,1,2023,2023-10
2023-10-01,2023,R,676664,681351,ST,Sweeper,,foul,R,L,LAA,ATH,81.70,61.40,43,1,0,2023,2023-10
2023-10-01,2023,R,676664,681351,FF,4-Seam Fastball,,ball,R,L,LAA,ATH,93.20,,,0,0,2023,2023-10
2023-10-01,2023,R,676664,681351,SL,Slider,field_out,hit_into_play,R,L,LAA,ATH,82.60,90.00,63,0,0,2023,2023-10
2023-10-01,2023,R,676664,683021,FF,4-Seam Fastball,field_out,hit_into_play,R,L,LAA,ATH,93.70,57.40,78,0,0,2023,2023-10
2023-10-01,2023,R,676664,683021,FF,4-Seam Fastball,field_out,hit_into_play,R,L,LAA,ATH,94.00,89.80,-33,1,0,2023,2023-10
2023-10-01,2023,R,676664,683021,FF,4-Seam Fastball,,ball,R,L,LAA,ATH,94.90,,,0,0,2023,2023-10
2023-10-01,2023,R,676664,687263,FF,4-Seam Fastball,field_out,hit_into_play,R,L,LAA,ATH,93.80,94.20,33,2,1,2023,2023-10
2023-10-01,2023,R,676664,687263,SL,Slider,,ball,R,L,LAA,ATH,83.20,,,1,1,2023,2023-10
2023-10-01,2023,R,676664,687263,FF,4-Seam Fastball,,foul,R,L,LAA,ATH,93.20,,,1,0,2023,2023-10
2023-10-01,2023,R,676664,687263,ST,Sweeper,,ball,R,L,LAA,ATH,82.00,,,0,0,2023,2023-10
2023-10-01,2023,R,676664,687263,ST,Sweeper,strikeout,swinging_strike,R,L,LAA,ATH,83.60,,,1,2,2023,2023-10
2023-10-01,2023,R,676664,687263,FF,4-Seam Fastball,,foul,R,L,LAA,ATH,95.00,69.10,45,1,2,2023,2023-10
2023-10-01,2023,R,676664,687263,FF,4-Seam Fastball,,foul,R,L,LAA,ATH,94.50,76.70,21,1,1,2023,2023-10
2023-10-01,2023,R,676664,687263,SL,Slider,,called_strike,R,L,LAA,ATH,81.70,,,1,0,2023,2023-10
2023-10-01,2023,R,676664,687263,FF,4-Seam Fastball,,ball,R,L,LAA,ATH,94.00,,,0,0,2023,2023-10
2023-10-01,2023,R,676680,518735,ST,Sweeper,field_out,hit_into_play,R,L,CWS,SD,78.30,75.40,-34,1,2,2023,2023-10
2023-10-01,2023,R,676680,518735,SI,Sinker,,swinging_strike,R,L,CWS,SD,92.10,,,1,1,2023,2023-10
2023-10-01,2023,R,676680,518735,ST,Sweeper,,called_strike,R,L,CWS,SD,77.60,,,1,0,2023,2023-10
2023-10-01,2023,R,676680,518735,ST,Sweeper,,ball,R,L,CWS,SD,78.10,,,0,0,2023,2023-10
2023-10-01,2023,R,676680,571980,FF,4-Seam Fastball,strikeout,called_strike,L,L,CWS,SD,92.50,,,1,2,2023,2023-10
2023-10-01,2023,R,676680,571980,ST,Sweeper,,foul,L,L,CWS,SD,77.30,61.90,50,1,1,2023,2023-10
2023-10-01,2023,R,676680,571980,SI,Sinker,,swinging_strike,L,L,CWS,SD,91.00,,,1,0,2023,2023-10
2023-10-01,2023,R,676680,571980,ST,Sweeper,,ball,L,L,CWS,SD,79.20,,,0,0,2023,2023-10
2023-10-01,2023,R,676680,657757,SI,Sinker,field_out,hit_into_play,L,L,CWS,SD,91.40,92.20,34,0,1,2023,2023-10
2023-10-01,2023,R,676680,657757,ST,Sweeper,,called_strike,L,L,CWS,SD,78.90,,,0,0,2023,2023-10
2023-10-01,2023,R,676680,672820,,,intent_walk,automatic_ball,R,L,CWS,SD,,,,3,0,2023,2023-10
2023-10-01,2023,R,676680,672820,ST,Sweeper,,ball,R,L,CWS,SD,77.40,,,2,0,2023,2023-10
2023-10-01,2023,R,676680,672820,SI,Sinker,,ball,R,L,CWS,SD,91.10,,,1,0,2023,2023-10
2023-10-01,2023,R,676680,672820,SI,Sinker,,ball,R,L,CWS,SD,90.30,,,0,0,2023,2023-10
2023-10-01,2023,R,676680,683734,SI,Sinker,single,hit_into_play,R,L,CWS,SD,91.90,101.90,-24,0,0,2023,2023-10
2023-10-01,2023,R,676684,608070,FF,4-Seam Fastball,strikeout,swinging_strike,L,R,DET,CLE,96.40,,,3,2,2023,2023-10
2023-10-01,2023,R,676684,608070,CH,Changeup,,foul,L,R,DET,CLE,89.00,42.50,23,3,2,2023,2023-10
2023-10-01,2023,R,676684,608070,FF,4-Seam Fastball,,foul,L,R,DET,CLE,96.20,77.20,19,3,2,2023,2023-10
2023-10-01,2023,R,676684,608070,FF,4-Seam Fastball,,foul,L,R,DET,CLE,96.00,79.70,12,3,1,2023,2023-10
2023-10-01,2023,R,676684,608070,SL,Slider,,ball,L,R,DET,CLE,87.20,,,2,1,2023,2023-10
2023-10-01,2023,R,676684,608070,FF,4-Seam Fastball,,ball,L,R,DET,CLE,95.50,,,1,1,2023,2023-10
2023-10-01,2023,R,676684,608070,CH,Changeup,,ball,L,R,DET,CLE,88.00,,,0,1,2023,2023-10
2023-10-01,2023,R,676684,608070,FF,4-Seam Fastball,,called_strike,L,R,DET,CLE,96.70,,,0,0,2023,2023-10
2023-10-01,2023,R,676684,647304,CH,Changeup,field_out,hit_into_play,L,R,DET,CLE,88.10,96.10,44,1,0,2023,2023-10
2023-10-01,2023,R,676684,647304,SL,Slider,,ball,L,R,DET,CLE,87.00,,,0,0,2023,2023-10
2023-10-01,2023,R,676684,680757,SL,Slider,field_out,hit_into_play,L,R,DET,CLE,88.00,84.60,-6,0,1,2023,2023-10
2023-10-01,2023,R,676684,680757,FF,4-Seam Fastball,,called_strike,L,R,DET,CLE,96.00,,,0,0,2023,2023-10
2023-10-01,2023,R,676979,596847,ST,Sweeper,strikeout,called_strike,L,L,CWS,SD,87.30,,,2,2,2023,2023-10
2023-10-01,2023,R,676979,596847,FF,4-Seam Fastball,,swinging_strike,L,L,CWS,SD,96.80,,,2,1,2023,2023-10
2023-10-01,2023,R,676979,596847,FF,4-Seam Fastball,,ball,L,L,CWS,SD,96.40,,,1,1,2023,2023-10
2023-10-01,2023,R,676979,596847,FF,4-Seam Fastball,,called_strike,L,L,CWS,SD,97.00,,,1,0,2023,2023-10
2023-10-01,2023,R,676979,596847,FF,4-Seam Fastball,,ball,L,L,CWS,SD,97.00,,,0,0,2023,2023-10
2023-10-01,2023,R,676979,640492,FF,4-Seam Fastball,strikeout,swinging_strike,R,L,CWS,SD,96.70,,,2,2,2023,2023-10
2023-10-01,2023,R,676979,640492,ST,Sweeper,,foul,R,L,CWS,SD,85.60,67.30,-33,2,2,2023,2023-10
2023-10-01,2023,R,676979,640492,FF,4-Seam Fastball,,foul,R,L,CWS,SD,96.90,79.80,10,2,2,2023,2023-10
2023-10-01,2023,R,676979,640492,FF,4-Seam Fastball,,swinging_strike,R,L,CWS,SD,94.00,,,2,1,2023,2023-10
2023-10-01,2023,R,676979,640492,FF,4-Seam Fastball,,ball,R,L,CWS,SD,96.50,,,1,1,2023,2023-10
2023-10-01,2023,R,676979,640492,FF,4-Seam Fastball,,ball,R,L,CWS,SD,94.30,,,0,1,2023,2023-10
2023-10-01,2023,R,676979,640492,FF,4-Seam Fastball,,swinging_strike,R,L,CWS,SD,97.30,,,0,0,2023,2023-10
2023-10-01,2023,R,676979,673490,FF,4-Seam Fastball,field_out,hit_into_play,R,L,CWS,SD,96.70,62.60,54,2,1,2023,2023-10
2023-10-01,2023,R,676979,673490,FF,4-Seam Fastball,,ball,R,L,CWS,SD,96.00,,,1,1,2023,2023-10
2023-10-01,2023,R,676979,673490,FF,4-Seam Fastball,,called_strike,R,L,CWS,SD,96.60,,,1,0,2023,2023-10
2023-10-01,2023,R,676979,673490,FF,4-Seam Fastball,,ball,R,L,CWS,SD,95.00,,,0,0,2023,2023-10
2023-10-01,2023,R,677960,609280,FF,4-Seam Fastball,strikeout,swinging_strike,R,L,PIT,MIA,95.20,,,2,2,2023,2023-10
2023-10-01,2023,R,677960,609280,SI,Sinker,,foul,R,L,PIT,MIA,94.40,69.00,33,2,2,2023,2023-10
2023-10-01,2023,R,677960,609280,CH,Changeup,,blocked_ball,R,L,PIT,MIA,87.00,,,1,2,2023,2023-10
2023-10-01,2023,R,677960,609280,ST,Sweeper,,foul,R,L,PIT,MIA,82.20,87.90,-1,1,2,2023,2023-10
2023-10-01,2023,R,677960,609280,CH,Changeup,,swinging_strike,R,L,PIT,MIA,86.30,,,1,1,2023,2023-10
2023-10-01,2023,R,677960,609280,FF,4-Seam Fastball,,foul,R,L,PIT,MIA,95.00,70.80,49,1,0,2023,2023-10
2023-10-01,2023,R,677960,609280,ST,Sweeper,,ball,R,L,PIT,MIA,79.30,,,0,0,2023,2023-10
2023-10-01,2023,R,677960,609280,ST,Sweeper,field_out,hit_into_play,R,L,PIT,MIA,82.60,103.50,-18,0,2,2023,2023-10
2023-10-01,2023,R,677960,609280,ST,Sweeper,,swinging_strike_blocked,R,L,PIT,MIA,81.30,,,0,1,2023,2023-10
2023-10-01,2023,R,677960,609280,FF,4-Seam Fastball,,called_strike,R,L,PIT,MIA,95.40,,,0,0,2023,2023-10
2023-10-01,2023,R,677960,609280,FF,4-Seam Fastball,field_out,hit_into_play,R,L,PIT,MIA,96.20,87.80,37,1,2,2023,2023-10
2023-10-01,2023,R,677960,609280,CH,Changeup,,ball,R,L,PIT,MIA,87.60,,,0,2,2023,2023-10
2023-10-01,2023,R,677960,609280,FF,4-Seam Fastball,,foul,R,L,PIT,MIA,95.30,69.90,43,0,2,2023,2023-10
2023-10-01,2023,R,677960,609280,ST,Sweeper,,swinging_strike,R,L,PIT,MIA,81.90,,,0,1,2023,2023-10
2023-10-01,2023,R,677960,609280,FF,4-Seam Fastball,,called_strike,R,L,PIT,MIA,94.90,,,0,0,2023,2023-10
2023-10-01,2023,R,677960,641511,FF,4-Seam Fastball,field_out,hit_into_play,R,L,PIT,MIA,94.00,89.90,34,1,1,2023,2023-10
2023-10-01,2023,R,677960,641511,CH,Changeup,,ball,R,L,PIT,MIA,87.60,,,0,1,2023,2023-10
2023-10-01,2023,R,677960,641511,CH,Changeup,,swinging_strike,R,L,PIT,MIA,86.30,,,0,0,2023,2023-10
2023-10-01,2023,R,677960,641511,SI,Sinker,fielders_choice,hit_into_play,R,L,PIT,MIA,94.00,97.60,-6,2,1,2023,2023-10
2023-10-01,2023,R,677960,641511,SI,Sinker,,called_strike,R,L,PIT,MIA,95.20,,,2,0,2023,2023-10
2023-10-01,2023,R,677960,641511,CH,Changeup,,ball,R,L,PIT,MIA,86.90,,,1,0,2023,2023-10
2023-10-01,2023,R,677960,641511,FF,4-Seam Fastball,,ball,R,L,PIT,MIA,95.20,,,0,0,2023,2023-10
2023-10-01,2023,R,677960,656582,CH,Changeup,single,hit_into_play,R,L,PIT,MIA,86.50,94.40,12,1,1,2023,2023-10
2023-10-01,2023,R,677960,656582,CH,Changeup,,ball,R,L,PIT,MIA,85.70,,,0,1,2023,2023-10
2023-10-01,2023,R,677960,656582,SI,Sinker,,called_strike,R,L,PIT,MIA,92.00,,,0,0,2023,2023-10
2023-10-01,2023,R,677960,656582,CH,Changeup,walk,ball,R,L,PIT,MIA,85.70,,,3,1,2023,2023-10
2023-10-01,2023,R,677960,656582,FF,4-Seam Fastball,,ball,R,L,PIT,MIA,95.70,,,2,1,2023,2023-10
2023-10-01,2023,R,677960,656582,CH,Changeup,,ball,R,L,PIT,MIA,86.10,,,1,1,2023,2023-10
2023-10-01,2023,R,677960,656582,FF,4-Seam Fastball,,ball,R,L,PIT,MIA,95.30,,,0,1,2023,2023-10
2023-10-01,2023,R,677960,656582,ST,Sweeper,,foul,R,L,PIT,MIA,79.70,85.20,-32,0,0,2023,2023-10
2023-10-01,2023,R,677960,656582,FF,4-Seam Fastball,field_out,hit_into_play,R,L,PIT,MIA,93.50,94.00,38,0,1,2023,2023-10
2023-10-01,2023,R,677960,656582,FF,4-Seam Fastball,,called_strike,R,L,PIT,MIA,93.90,,,0,0,2023,2023-10
2023-10-01,2023,R,677960,669261,ST,Sweeper,field_out,hit_into_play,L,L,PIT,MIA,81.40,83.00,25,2,1,2023,2023-10
2023-10-01,2023,R,677960,669261,FF,4-Seam Fastball,,ball,L,L,PIT,MIA,94.80,,,1,1,2023,2023-10
2023-10-01,2023,R,677960,669261,FF,4-Seam Fastball,,ball,L,L,PIT,MIA,93.90,,,0,1,2023,2023-10
2023-10-01,2023,R,677960,669261,ST,Sweeper,,swinging_strike,L,L,PIT,MIA,80.40,,,0,0,2023,2023-10
2023-10-01,2023,R,677960,669261,FF,4-Seam Fastball,field_out,hit_into_play,L,L,PIT,MIA,94.50,69.80,15,2,2,2023,2023-10
2023-10-01,2023,R,677960,669261,ST,Sweeper,,ball,L,L,PIT,MIA,81.40,,,1,2,2023,2023-10
2023-10-01,2023,R,677960,669261,ST,Sweeper,,called_strike,L,L,PIT,MIA,79.70,,,1,1,2023,2023-10
2023-10-01,2023,R,677960,669261,FF,4-Seam Fastball,,called_strike,L,L,PIT,MIA,92.30,,,1,0,2023,2023-10
2023-10-01,2023,R,677960,669261,FF,4-Seam Fastball,,ball,L,L,PIT,MIA,92.80,,,0,0,2023,2023-10
2023-10-01,2023,R,677960,669261,FF,4-Seam Fastball,strikeout,called_strike,L,L,PIT,MIA,95.30,,,3,2,2023,2023-10
2023-10-01,2023,R,677960,669261,FF,4-Seam Fastball,,ball,L,L,PIT,MIA,94.90,,,2,2,2023,2023-10
2023-10-01,2023,R,677960,669261,ST,Sweeper,,ball,L,L,PIT,MIA,81.30,,,1,2,2023,2023-10
2023-10-01,2023,R,677960,669261,ST,Sweeper,,swinging_strike,L,L,PIT,MIA,78.70,,,1,1,2023,2023-10
2023-10-01,2023,R,677960,669261,ST,Sweeper,,ball,L,L,PIT,MIA,79.40,,,0,1,2023,2023-10
2023-10-01,2023,R,677960,669261,FF,4-Seam Fastball,,swinging_strike,L,L,PIT,MIA,92.90,,,0,0,2023,2023-10
2023-10-01,2023,R,677960,669707,SI,Sinker,strikeout,called_strike,R,L,PIT,MIA,94.90,,,3,2,2023,2023-10
2023-10-01,2023,R,677960,669707,SI,Sinker,,ball,R,L,PIT,MIA,95.00,,,2,2,2023,2023-10
2023-10-01,2023,R,677960,669707,CH,Changeup,,foul,R,L,PIT,MIA,85.90,82.30,-22,2,2,2023,2023-10
2023-10-01,2023,R,677960,669707,FF,4-Seam Fastball,,ball,R,L,PIT,MIA,94.90,,,1,2,2023,2023-10
2023-10-01,2023,R,677960,669707,CH,Changeup,,foul,R,L,PIT,MIA,86.50,73.80,62,1,2,2023,2023-10
2023-10-01,2023,R,677960,669707,ST,Sweeper,,foul,R,L,PIT,MIA,81.40,72.80,-5,1,2,2023,2023-10
2023-10-01,2023,R,677960,669707,FF,4-Seam Fastball,,ball,R,L,PIT,MIA,93.40,,,0,2,2023,2023-10
2023-10-01,2023,R,677960,669707,CH,Changeup,,swinging_strike,R,L,PIT,MIA,85.40,,,0,1,2023,2023-10
2023-10-01,2023,R,677960,669707,SI,Sinker,,foul,R,L,PIT,MIA,92.80,89.30,55,0,0,2023,2023-10
2023-10-01,2023,R,677960,669707,ST,Sweeper,field_out,hit_into_play,R,L,PIT,MIA,79.50,90.90,69,0,0,2023,2023-10
2023-10-01,2023,R,677960,669707,FF,4-Seam Fastball,strikeout,swinging_strike,R,L,PIT,MIA,95.30,,,3,2,2023,2023-10
2023-10-01,2023,R,677960,669707,CH,Changeup,,ball,R,L,PIT,MIA,87.60,,,2,2,2023,2023-10
2023-10-01,2023,R,677960,669707,FF,4-Seam Fastball,,called_strike,R,L,PIT,MIA,94.50,,,2,1,2023,2023-10
2023-10-01,2023,R,677960,669707,FF,4-Seam Fastball,,foul_tip,R,L,PIT,MIA,94.10,,,2,0,2023,2023-10
2023-10-01,2023,R,677960,669707,FF,4-Seam Fastball,,ball,R,L,PIT,MIA,94.90,,,1,0,2023,2023-10
2023-10-01,2023,R,677960,669707,SI,Sinker,,ball,R,L,PIT,MIA,93.10,,,0,0,2023,2023-10
2023-10-01,2023,R,677960,678225,ST,Sweeper,strikeout,swinging_strike,L,L,PIT,MIA,81.20,,,1,2,2023,2023-10
2023-10-01,2023,R,677960,678225,ST,Sweeper,,ball,L,L,PIT,MIA,80.40,,,0,2,2023,2023-10
2023-10-01,2023,R,677960,678225,FF,4-Seam Fastball,,called_strike,L,L,PIT,MIA,93.90,,,0,1,2023,2023-10
2023-10-01,2023,R,677960,678225,ST,Sweeper,,swinging_strike,L,L,PIT,MIA,79.70,,,0,0,2023,2023-10
2023-10-01,2023,R,677960,678225,FF,4-Seam Fastball,walk,ball,L,L,PIT,MIA,95.10,,,3,2,2023,2023-10
2023-10-01,2023,R,677960,678225,FF,4-Seam Fastball,,ball,L,L,PIT,MIA,95.20,,,2,2,2023,2023-10
2023-10-01,2023,R,677960,678225,ST,Sweeper,,ball,L,L,PIT,MIA,82.70,,,1,2,2023,2023-10
2023-10-01,2023,R,677960,678225,FF,4-Seam Fastball,,called_strike,L,L,PIT,MIA,95.30,,,1,1,2023,2023-10
2023-10-01,2023,R,677960,678225,FF,4-Seam Fastball,,swinging_strike,L,L,PIT,MIA,93.90,,,1,0,2023,2023-10
2023-10-01,2023,R,677960,678225,FF,4-Seam Fastball,,ball,L,L,PIT,MIA,93.80,,,0,0,2023,2023-10
2023-10-01,2023,R,677960,678894,FF,4-Seam Fastball,field_out,hit_into_play,R,L,PIT,MIA,94.50,81.20,64,1,1,2023,2023-10
2023-10-01,2023,R,677960,678894,FF,4-Seam Fastball,,ball,R,L,PIT,MIA,94.10,,,0,1,2023,2023-10
2023-10-01,2023,R,677960,678894,ST,Sweeper,,called_strike,R,L,PIT,MIA,79.10,,,0,0,2023,2023-10
2023-10-01,2023,R,677960,678894,CH,Changeup,triple,hit_into_play,R,L,PIT,MIA,89.00,97.30,20,0,2,2023,2023-10
2023-10-01,2023,R,677960,678894,FF,4-Seam Fastball,,called_strike,R,L,PIT,MIA,95.70,,,0,1,2023,2023-10
2023-10-01,2023,R,677960,678894,FF,4-Seam Fastball,,called_strike,R,L,PIT,MIA,93.90,,,0,0,2023,2023-10
2023-10-01,2023,R,677960,680779,ST,Sweeper,field_out,hit_into_play,R,L,PIT,MIA,82.30,92.10,-4,1,2,2023,2023-10
2023-10-01,2023,R,677960,680779,FF,4-Seam Fastball,,foul,R,L,PIT,MIA,93.60,,,1,1,2023,2023-10
2023-10-01,2023,R,677960,680779,CH,Changeup,,ball,R,L,PIT,MIA,86.00,,,0,1,2023,2023-10
2023-10-01,2023,R,677960,680779,SI,Sinker,,called_strike,R,L,PIT,MIA,94.40,,,0,0,2023,2023-10
2023-10-01,2023,R,677960,680779,FF,4-Seam Fastball,walk,ball,R,L,PIT,MIA,96.30,,,3,2,2023,2023-10
2023-10-01,2023,R,677960,680779,FF,4-Seam Fastball,,ball,R,L,PIT,MIA,96.00,,,2,2,2023,2023-10
2023-10-01,2023,R,677960,680779,ST,Sweeper,,foul,R,L,PIT,MIA,81.40,79.00,5,2,2,2023,2023-10
2023-10-01,2023,R,677960,680779,CH,Changeup,,foul,R,L,PIT,MIA,88.20,89.00,-30,2,2,2023,2023-10
2023-10-01,2023,R,677960,680779,SI,Sinker,,foul,R,L,PIT,MIA,96.70,76.20,33,2,1,2023,2023-10
2023-10-01,2023,R,677960,680779,CH,Changeup,,ball,R,L,PIT,MIA,89.40,,,1,1,2023,2023-10
2023-10-01,2023,R,677960,680779,CH,Changeup,,called_strike,R,L,PIT,MIA,87.40,,,1,0,2023,2023-10
2023-10-01,2023,R,677960,680779,ST,Sweeper,,ball,R,L,PIT,MIA,79.40,,,0,0,2023,2023-10
2023-10-01,2023,R,677960,693304,CH,Changeup,field_out,hit_into_play,R,L,PIT,MIA,86.00,91.40,-18,1,2,2023,2023-10
2023-10-01,2023,R,677960,693304,FF,4-Seam Fastball,,foul,R,L,PIT,MIA,94.00,79.20,13,1,1,2023,2023-10
2023-10-01,2023,R,677960,693304,CH,Changeup,,foul,R,L,PIT,MIA,86.00,,,1,0,2023,2023-10
2023-10-01,2023,R,677960,693304,SI,Sinker,,ball,R,L,PIT,MIA,91.30,,,0,0,2023,2023-10
2023-10-01,2023,R,677960,693304,FF,4-Seam Fastball,field_out,hit_into_play,R,L,PIT,MIA,96.70,54.90,-34,2,1,2023,2023-10
2023-10-01,2023,R,677960,693304,FF,4-Seam Fastball,,ball,R,L,PIT,MIA,95.30,,,1,1,2023,2023-10
2023-10-01,2023,R,677960,693304,CH,Changeup,,foul,R,L,PIT,MIA,86.50,86.00,-9,1,0,2023,2023-10
2023-10-01,2023,R,677960,693304,FF,4-Seam Fastball,,ball,R,L,PIT,MIA,95.40,,,0,0,2023,2023-10
2023-10-01,2023,R,678061,518735,FF,4-Seam Fastball,single,hit_into_play,R,L,CWS,SD,94.70,57.90,26,0,0,2023,2023-10
2023-10-01,2023,R,678061,571980,CU,Curveball,strikeout,swinging_strike,L,L,CWS,SD,82.70,,,2,2,2023,2023-10
2023-10-01,2023,R,678061,571980,CU,Curveball,,blocked_ball,L,L,CWS,SD,84.60,,,1,2,2023,2023-10
2023-10-01,2023,R,678061,571980,FF,4-Seam Fastball,,foul,L,L,CWS,SD,96.80,78.80,51,1,2,2023,2023-10
2023-10-01,2023,R,678061,571980,CU,Curveball,,swinging_strike,L,L,CWS,SD,80.50,,,1,1,2023,2023-10
2023-10-01,2023,R,678061,571980,CU,Curveball,,called_strike,L,L,CWS,SD,81.10,,,1,0,2023,2023-10
2023-10-01,2023,R,678061,571980,FF,4-Seam Fastball,,ball,L,L,CWS,SD,96.00,,,0,0,2023,2023-10
2023-10-01,2023,R,678061,657757,CU,Curveball,strikeout,called_strike,L,L,CWS,SD,82.20,,,2,2,2023,2023-10
2023-10-01,2023,R,678061,657757,CU,Curveball,,ball,L,L,CWS,SD,83.10,,,1,2,2023,2023-10
2023-10-01,2023,R,678061,657757,FF,4-Seam Fastball,,swinging_strike,L,L,CWS,SD,96.10,,,1,1,2023,2023-10
2023-10-01,2023,R,678061,657757,CU,Curveball,,called_strike,L,L,CWS,SD,82.20,,,1,0,2023,2023-10
2023-10-01,2023,R,678061,657757,FF,4-Seam Fastball,,ball,L,L,CWS,SD,93.70,,,0,0,2023,2023-10
2023-10-01,2023,R,678061,672820,CU,Curveball,walk,ball,R,L,CWS,SD,81.50,,,3,2,2023,2023-10
2023-10-01,2023,R,678061,672820,FF,4-Seam Fastball,,foul,R,L,CWS,SD,96.20,90.30,30,3,1,2023,2023-10
2023-10-01,2023,R,678061,672820,FF,4-Seam Fastball,,called_strike,R,L,CWS,SD,95.30,,,3,0,2023,2023-10
2023-10-01,2023,R,678061,672820,CU,Curveball,,ball,R,L,CWS,SD,81.40,,,2,0,2023,2023-10
2023-10-01,2023,R,678061,672820,CU,Curveball,,ball,R,L,CWS,SD,80.10,,,1,0,2023,2023-10
2023-10-01,2023,R,678061,672820,CU,Curveball,,ball,R,L,CWS,SD,80.50,,,0,0,2023,2023-10
2023-10-01,2023,R,678061,683734,FF,4-Seam Fastball,strikeout,swinging_strike,R,L,CWS,SD,95.20,,,2,2,2023,2023-10
2023-10-01,2023,R,678061,683734,FS,Split-Finger,,ball,R,L,CWS,SD,88.00,,,1,2,2023,2023-10
2023-10-01,2023,R,678061,683734,CU,Curveball,,called_strike,R,L,CWS,SD,81.00,,,1,1,2023,2023-10
2023-10-01,2023,R,678061,683734,CU,Curveball,,ball,R,L,CWS,SD,80.80,,,0,1,2023,2023-10
2023-10-01,2023,R,678061,683734,CU,Curveball,,called_strike,R,L,CWS,SD,79.80,,,0,0,2023,2023-10
2023-10-01,2023,R,678606,518595,SI,Sinker,field_out,hit_into_play,R,L,ATL,WSH,95.70,79.30,70,2,0,2023,2023-10
2023-10-01,2023,R,678606,518595,CH,Changeup,,ball,R,L,ATL,WSH,85.20,,,1,0,2023,2023-10
2023-10-01,2023,R,678606,518595,SI,Sinker,,ball,R,L,ATL,WSH,94.60,,,0,0,2023,2023-10
2023-10-01,2023,R,678606,671739,SI,Sinker,single,hit_into_play,L,L,ATL,WSH,97.10,102.70,-20,2,2,2023,2023-10
2023-10-01,2023,R,678606,671739,SI,Sinker,,foul,L,L,ATL,WSH,96.50,,,2,2,2023,2023-10
2023-10-01,2023,R,678606,671739,SI,Sinker,,called_strike,L,L,ATL,WSH,96.40,,,2,1,2023,2023-10
2023-10-01,2023,R,678606,671739,SI,Sinker,,called_strike,L,L,ATL,WSH,95.70,,,2,0,2023,2023-10
2023-10-01,2023,R,678606,671739,SI,Sinker,,ball,L,L,ATL,WSH,94.60,,,1,0,2023,2023-10
2023-10-01,2023,R,678606,671739,SI,Sinker,,ball,L,L,ATL,WSH,94.80,,,0,0,2023,2023-10
2023-10-01,2023,R,679885,455117,SL,Slider,field_out,hit_into_play,R,R,AZ,HOU,90.80,100.20,44,0,1,2023,2023-10
2023-10-01,2023,R,679885,455117,SL,Slider,,swinging_strike,R,R,AZ,HOU,90.00,,,0,0,2023,2023-10
2023-10-01,2023,R,679885,488726,FF,4-Seam Fastball,walk,ball,L,R,AZ,HOU,101.00,,,3,1,2023,2023-10
2023-10-01,2023,R,679885,488726,FS,Split-Finger,,ball,L,R,AZ,HOU,90.20,,,2,1,2023,2023-10
2023-10-01,2023,R,679885,488726,FF,4-Seam Fastball,,foul,L,R,AZ,HOU,101.20,104.30,36,2,0,2023,2023-10
2023-10-01,2023,R,679885,488726,SL,Slider,,ball,L,R,AZ,HOU,91.50,,,1,0,2023,2023-10
2023-10-01,2023,R,679885,488726,FF,4-Seam Fastball,,ball,L,R,AZ,HOU,99.70,,,0,0,2023,2023-10
2023-10-01,2023,R,679885,514888,SL,Slider,strikeout,called_strike,R,R,AZ,HOU,93.50,,,3,2,2023,2023-10
2023-10-01,2023,R,679885,514888,FF,4-Seam Fastball,,foul,R,R,AZ,HOU,100.90,80.40,67,3,1,2023,2023-10
2023-10-01,2023,R,679885,514888,FF,4-Seam Fastball,,called_strike,R,R,AZ,HOU,101.90,,,3,0,2023,2023-10
2023-10-01,2023,R,679885,514888,SL,Slider,,ball,R,R,AZ,HOU,92.90,,,2,0,2023,2023-10
2023-10-01,2023,R,679885,514888,FF,4-Seam Fastball,,ball,R,R,AZ,HOU,100.80,,,1,0,2023,2023-10
2023-10-01,2023,R,679885,514888,FF,4-Seam Fastball,,ball,R,R,AZ,HOU,101.70,,,0,0,2023,2023-10
2023-10-01,2023,R,679885,547989,SL,Slider,field_out,hit_into_play,R,R,AZ,HOU,90.40,42.90,-10,1,0,2023,2023-10
2023-10-01,2023,R,679885,547989,FF,4-Seam Fastball,,ball,R,R,AZ,HOU,101.80,,,0,0,2023,2023-10
2023-10-01,2023,R,679885,608324,FF,4-Seam Fastball,field_out,hit_into_play,R,R,AZ,HOU,101.20,61.40,39,3,2,2023,2023-10
2023-10-01,2023,R,679885,608324,SL,Slider,,foul,R,R,AZ,HOU,92.50,93.30,19,3,2,2023,2023-10
2023-10-01,2023,R,679885,608324,FF,4-Seam Fastball,,ball,R,R,AZ,HOU,101.90,,,2,2,2023,2023-10
2023-10-01,2023,R,679885,608324,FF,4-Seam Fastball,,foul,R,R,AZ,HOU,102.40,74.10,45,2,2,2023,2023-10
2023-10-01,2023,R,679885,608324,FF,4-Seam Fastball,,ball,R,R,AZ,HOU,102.20,,,1,2,2023,2023-10
2023-10-01,2023,R,679885,608324,FS,Split-Finger,,foul,R,R,AZ,HOU,90.10,73.00,77,1,1,2023,2023-10
2023-10-01,2023,R,679885,608324,FS,Split-Finger,,ball,R,R,AZ,HOU,90.20,,,0,1,2023,2023-10
2023-10-01,2023,R,679885,608324,FS,Split-Finger,,swinging_strike,R,R,AZ,HOU,87.90,,,0,0,2023,2023-10
2023-10-01,2023,R,679885,663656,FF,4-Seam Fastball,triple,hit_into_play,L,R,AZ,HOU,100.40,104.20,17,1,1,2023,2023-10
2023-10-01,2023,R,679885,663656,FS,Split-Finger,,swinging_strike,L,R,AZ,HOU,88.70,,,1,0,2023,2023-10
2023-10-01,2023,R,679885,663656,FS,Split-Finger,,ball,L,R,AZ,HOU,88.70,,,0,0,2023,2023-10
2023-10-01,2023,R,679885,670541,FS,Split-Finger,field_out,hit_into_play,L,R,AZ,HOU,91.40,75.80,32,1,2,2023,2023-10
2023-10-01,2023,R,679885,670541,FS,Split-Finger,,swinging_strike,L,R,AZ,HOU,88.40,,,1,1,2023,2023-10
2023-10-01,2023,R,679885,670541,FS,Split-Finger,,ball,L,R,AZ,HOU,89.00,,,0,1,2023,2023-10
2023-10-01,2023,R,679885,670541,SL,Slider,,called_strike,L,R,AZ,HOU,89.00,,,0,0,2023,2023-10
2023-10-01,2023,R,679885,676801,FF,4-Seam Fastball,field_out,hit_into_play,R,R,AZ,HOU,102.30,58.20,-18,3,1,2023,2023-10
2023-10-01,2023,R,679885,676801,FF,4-Seam Fastball,,called_strike,R,R,AZ,HOU,102.70,,,3,0,2023,2023-10
2023-10-01,2023,R,679885,676801,SL,Slider,,ball,R,R,AZ,HOU,93.00,,,2,0,2023,2023-10
2023-10-01,2023,R,679885,676801,FF,4-Seam Fastball,,ball,R,R,AZ,HOU,101.50,,,1,0,2023,2023-10
2023-10-01,2023,R,679885,676801,SL,Slider,,ball,R,R,AZ,HOU,92.60,,,0,0,2023,2023-10
2023-10-01,2023,R,680694,457759,CU,Curveball,strikeout,swinging_strike_blocked,R,R,BAL,BOS,85.00,,,0,2,2023,2023-10
2023-10-01,2023,R,680694,457759,SI,Sinker,,foul,R,R,BAL,BOS,96.90,73.80,-1,0,1,2023,2023-10
2023-10-01,2023,R,680694,457759,SI,Sinker,,called_strike,R,R,BAL,BOS,95.20,,,0,0,2023,2023-10
2023-10-01,2023,R,680694,596115,SI,Sinker,strikeout,swinging_strike,R,R,BAL,BOS,95.60,,,2,2,2023,2023-10
2023-10-01,2023,R,680694,596115,SI,Sinker,,foul,R,R,BAL,BOS,95.80,85.10,49,2,2,2023,2023-10
2023-10-01,2023,R,680694,596115,SI,Sinker,,foul_tip,R,R,BAL,BOS,94.50,,,2,1,2023,2023-10
2023-10-01,2023,R,680694,596115,SI,Sinker,,ball,R,R,BAL,BOS,95.10,,,1,1,2023,2023-10
2023-10-01,2023,R,680694,596115,SL,Slider,,called_strike,R,R,BAL,BOS,87.00,,,1,0,2023,2023-10
2023-10-01,2023,R,680694,596115,SI,Sinker,,ball,R,R,BAL,BOS,93.60,,,0,0,2023,2023-10
2023-10-01,2023,R,680694,646240,SL,Slider,walk,ball,L,R,BAL,BOS,88.90,,,3,2,2023,2023-10
2023-10-01,2023,R,680694,646240,SI,Sinker,,swinging_strike,L,R,BAL,BOS,96.60,,,3,1,2023,2023-10
2023-10-01,2023,R,680694,646240,SL,Slider,,ball,L,R,BAL,BOS,88.10,,,2,1,2023,2023-10
2023-10-01,2023,R,680694,646240,CU,Curveball,,ball,L,R,BAL,BOS,85.90,,,1,1,2023,2023-10
2023-10-01,2023,R,680694,646240,FF,4-Seam Fastball,,ball,L,R,BAL,BOS,95.30,,,0,1,2023,2023-10
2023-10-01,2023,R,680694,646240,CU,Curveball,,foul_tip,L,R,BAL,BOS,85.30,,,0,0,2023,2023-10
2023-10-01,2023,R,680694,657077,SI,Sinker,field_out,hit_into_play,L,R,BAL,BOS,94.80,103.70,18,1,0,2023,2023-10
2023-10-01,2023,R,680694,657077,FF,4-Seam Fastball,,ball,L,R,BAL,BOS,94.50,,,0,0,2023,2023-10
2023-10-01,2023,R,680694,666915,SI,Sinker,strikeout,swinging_strike,R,R,BAL,BOS,94.60,,,2,2,2023,2023-10
2023-10-01,2023,R,680694,666915,FF,4-Seam Fastball,,ball,R,R,BAL,BOS,94.20,,,1,2,2023,2023-10
2023-10-01,2023,R,680694,666915,SL,Slider,,foul,R,R,BAL,BOS,87.40,79.80,54,1,1,2023,2023-10
2023-10-01,2023,R,680694,666915,SL,Slider,,ball,R,R,BAL,BOS,86.30,,,0,1,2023,2023-10
2023-10-01,2023,R,680694,666915,SL,Slider,,called_strike,R,R,BAL,BOS,89.00,,,0,0,2023,2023-10
2023-10-01,2023,R,680694,677800,SI,Sinker,strikeout,swinging_strike,L,R,BAL,BOS,96.70,,,2,2,2023,2023-10
2023-10-01,2023,R,680694,677800,SI,Sinker,,ball,L,R,BAL,BOS,95.50,,,1,2,2023,2023-10
2023-10-01,2023,R,680694,677800,CH,Changeup,,foul,L,R,BAL,BOS,88.10,68.30,59,1,1,2023,2023-10
2023-10-01,2023,R,680694,677800,CU,Curveball,,called_strike,L,R,BAL,BOS,82.20,,,1,0,2023,2023-10
2023-10-01,2023,R,680694,677800,CU,Curveball,,ball,L,R,BAL,BOS,84.40,,,0,0,2023,2023-10
2023-10-01,2023,R,680694,807799,FF,4-Seam Fastball,strikeout,called_strike,L,R,BAL,BOS,96.20,,,2,2,2023,2023-10
2023-10-01,2023,R,680694,807799,SI,Sinker,,foul,L,R,BAL,BOS,96.00,83.10,70,2,1,2023,2023-10
2023-10-01,2023,R,680694,807799,CU,Curveball,,blocked_ball,L,R,BAL,BOS,85.40,,,1,1,2023,2023-10
2023-10-01,2023,R,680694,807799,SI,Sinker,,ball,L,R,BAL,BOS,96.00,,,0,1,2023,2023-10
2023-10-01,2023,R,680694,807799,FF,4-Seam Fastball,,called_strike,L,R,BAL,BOS,95.00,,,0,0,2023,2023-10
2023-10-01,2023,R,680704,668670,SL,Slider,strikeout,swinging_strike,R,R,DET,CLE,75.50,,,0,2,2023,2023-10
2023-10-01,2023,R,680704,668670,SL,Slider,,foul,R,R,DET,CLE,76.90,52.70,-18,0,1,2023,2023-10
2023-10-01,2023,R,680704,668670,SL,Slider,,called_strike,R,R,DET,CLE,78.90,,,0,0,2023,2023-10
2023-10-01,2023,R,680704,678009,FF,4-Seam Fastball,field_out,hit_into_play,L,R,DET,CLE,93.00,89.40,23,0,2,2023,2023-10
2023-10-01,2023,R,680704,678009,FF,4-Seam Fastball,,foul,L,R,DET,CLE,92.80,79.50,59,0,1,2023,2023-10
2023-10-01,2023,R,680704,678009,SL,Slider,,swinging_strike,L,R,DET,CLE,79.90,,,0,0,2023,2023-10
2023-10-01,2023,R,680704,679529,SL,Slider,field_out,hit_into_play,R,R,DET,CLE,77.30,67.10,74,1,1,2023,2023-10
2023-10-01,2023,R,680704,679529,FF,4-Seam Fastball,,ball,R,R,DET,CLE,93.20,,,0,1,2023,2023-10
2023-10-01,2023,R,680704,679529,SI,Sinker,,called_strike,R,R,DET,CLE,92.90,,,0,0,2023,2023-10
2023-10-01,2023,R,681432,467793,ST,Sweeper,strikeout,swinging_strike,R,L,MIL,CHC,81.20,,,2,2,2023,2023-10
2023-10-01,2023,R,681432,467793,FF,4-Seam Fastball,,ball,R,L,MIL,CHC,94.70,,,1,2,2023,2023-10
2023-10-01,2023,R,681432,467793,ST,Sweeper,,ball,R,L,MIL,CHC,79.50,,,0,2,2023,2023-10
2023-10-01,2023,R,681432,467793,FF,4-Seam Fastball,,foul,R,L,MIL,CHC,96.10,69.00,36,0,1,2023,2023-10
2023-10-01,2023,R,681432,467793,ST,Sweeper,,called_strike,R,L,MIL,CHC,79.50,,,0,0,2023,2023-10
2023-10-01,2023,R,681432,592885,ST,Sweeper,strikeout,swinging_strike,L,L,MIL,CHC,81.20,,,1,2,2023,2023-10
2023-10-01,2023,R,681432,592885,FF,4-Seam Fastball,,foul,L,L,MIL,CHC,96.60,78.60,22,1,2,2023,2023-10
2023-10-01,2023,R,681432,592885,FF,4-Seam Fastball,,foul_tip,L,L,MIL,CHC,95.70,,,1,1,2023,2023-10
2023-10-01,2023,R,681432,592885,FF,4-Seam Fastball,,swinging_strike,L,L,MIL,CHC,96.80,,,1,0,2023,2023-10
2023-10-01,2023,R,681432,592885,ST,Sweeper,,ball,L,L,MIL,CHC,79.40,,,0,0,2023,2023-10
2023-10-01,2023,R,681432,621438,FF,4-Seam Fastball,strikeout,swinging_strike,R,L,MIL,CHC,96.60,,,1,2,2023,2023-10
2023-10-01,2023,R,681432,621438,ST,Sweeper,,blocked_ball,R,L,MIL,CHC,79.10,,,0,2,2023,2023-10
2023-10-01,2023,R,681432,621438,ST,Sweeper,,called_strike,R,L,MIL,CHC,78.80,,,0,1,2023,2023-10
2023-10-01,2023,R,681432,621438,FF,4-Seam Fastball,,called_strike,R,L,MIL,CHC,95.90,,,0,0,2023,2023-10
2023-10-01,2023,R,681432,661388,FF,4-Seam Fastball,walk,ball,R,L,MIL,CHC,94.40,,,3,0,2023,2023-10
2023-10-01,2023,R,681432,661388,FF,4-Seam Fastball,,ball,R,L,MIL,CHC,96.70,,,2,0,2023,2023-10
2023-10-01,2023,R,681432,661388,ST,Sweeper,,ball,R,L,MIL,CHC,82.20,,,1,0,2023,2023-10
2023-10-01,2023,R,681432,661388,FF,4-Seam Fastball,,ball,R,L,MIL,CHC,97.60,,,0,0,2023,2023-10
2023-10-01,2023,R,681432,668930,ST,Sweeper,strikeout,called_strike,L,L,MIL,CHC,80.20,,,2,2,2023,2023-10
2023-10-01,2023,R,681432,668930,FF,4-Seam Fastball,,foul,L,L,MIL,CHC,95.60,83.30,20,2,1,2023,2023-10
2023-10-01,2023,R,681432,668930,FF,4-Seam Fastball,,called_strike,L,L,MIL,CHC,96.40,,,2,0,2023,2023-10
2023-10-01,2023,R,681432,668930,FF,4-Seam Fastball,,ball,L,L,MIL,CHC,95.90,,,1,0,2023,2023-10
2023-10-01,2023,R,681432,668930,FF,4-Seam Fastball,,ball,L,L,MIL,CHC,95.10,,,0,0,2023,2023-10
2023-10-01,2023,R,681432,669003,FF,4-Seam Fastball,sac_fly,hit_into_play,L,L,MIL,CHC,95.30,85.80,30,1,2,2023,2023-10
2023-10-01,2023,R,681432,669003,ST,Sweeper,,foul,L,L,MIL,CHC,80.50,58.20,16,1,2,2023,2023-10
2023-10-01,2023,R,681432,669003,FF,4-Seam Fastball,,called_strike,L,L,MIL,CHC,96.40,,,1,1,2023,2023-10
2023-10-01,2023,R,681432,669003,FF,4-Seam Fastball,,ball,L,L,MIL,CHC,95.90,,,0,1,2023,2023-10
2023-10-01,2023,R,681432,669003,FF,4-Seam Fastball,,swinging_strike,L,L,MIL,CHC,94.60,,,0,0,2023,2023-10
2023-10-01,2023,R,681892,553869,FC,Cutter,single,hit_into_play,R,L,COL,MIN,91.00,95.30,-9,2,0,2023,2023-10
2023-10-01,2023,R,681892,553869,SI,Sinker,,ball,R,L,COL,MIN,93.10,,,1,0,2023,2023-10
2023-10-01,2023,R,681892,553869,SI,Sinker,,ball,R,L,COL,MIN,93.20,,,0,0,2023,2023-10
2023-10-01,2023,R,681892,660707,FC,Cutter,strikeout,swinging_strike,R,L,COL,MIN,92.20,,,2,2,2023,2023-10
2023-10-01,2023,R,681892,660707,ST,Sweeper,,ball,R,L,COL,MIN,81.10,,,1,2,2023,2023-10
2023-10-01,2023,R,681892,660707,SI,Sinker,,foul,R,L,COL,MIN,92.30,79.40,33,1,1,2023,2023-10
2023-10-01,2023,R,681892,660707,FC,Cutter,,ball,R,L,COL,MIN,91.80,,,0,1,2023,2023-10
2023-10-01,2023,R,681892,660707,FC,Cutter,,foul_tip,R,L,COL,MIN,90.90,,,0,0,2023,2023-10
2023-10-01,2023,R,681892,678662,ST,Sweeper,strikeout,called_strike,R,L,COL,MIN,81.40,,,0,2,2023,2023-10
2023-10-01,2023,R,681892,678662,FC,Cutter,,foul,R,L,COL,MIN,92.50,72.60,26,0,2,2023,2023-10
2023-10-01,2023,R,681892,678662,FC,Cutter,,swinging_strike,R,L,COL,MIN,91.80,,,0,1,2023,2023-10
2023-10-01,2023,R,681892,678662,FC,Cutter,,called_strike,R,L,COL,MIN,92.00,,,0,0,2023,2023-10
2023-10-01,2023,R,681892,686668,ST,Sweeper,strikeout,swinging_strike_blocked,R,L,COL,MIN,82.80,,,0,2,2023,2023-10
2023-10-01,2023,R,681892,686668,ST,Sweeper,,foul,R,L,COL,MIN,82.40,70.60,41,0,2,2023,2023-10
2023-10-01,2023,R,681892,686668,ST,Sweeper,,swinging_strike,R,L,COL,MIN,80.90,,,0,1,2023,2023-10
2023-10-01,2023,R,681892,686668,ST,Sweeper,,swinging_strike,R,L,COL,MIN,81.80,,,0,0,2023,2023-10
2023-10-01,2023,R,682052,474832,FF,4-Seam Fastball,field_out,hit_into_play,L,L,TOR,TB,89.70,86.90,39,1,0,2023,2023-10
2023-10-01,2023,R,682052,474832,SL,Slider,,ball,L,L,TOR,TB,80.30,,,0,0,2023,2023-10
2023-10-01,2023,R,682052,474832,FF,4-Seam Fastball,single,hit_into_play,L,L,TOR,TB,92.30,55.50,31,2,2,2023,2023-10
2023-10-01,2023,R,682052,474832,FF,4-Seam Fastball,,foul,L,L,TOR,TB,90.30,68.30,-1,2,1,2023,2023-10
2023-10-01,2023,R,682052,474832,SL,Slider,,ball,L,L,TOR,TB,79.80,,,1,1,2023,2023-10
2023-10-01,2023,R,682052,474832,FF,4-Seam Fastball,,ball,L,L,TOR,TB,91.20,,,0,1,2023,2023-10
2023-10-01,2023,R,682052,474832,FF,4-Seam Fastball,,foul,L,L,TOR,TB,90.20,62.80,-9,0,0,2023,2023-10
2023-10-01,2023,R,682052,474832,FF,4-Seam Fastball,field_out,hit_into_play,L,L,TOR,TB,90.70,86.50,40,0,0,2023,2023-10
2023-10-01,2023,R,682052,593160,FF,4-Seam Fastball,field_out,hit_into_play,R,L,TOR,TB,89.20,93.60,27,0,0,2023,2023-10
2023-10-01,2023,R,682052,593160,SL,Slider,strikeout,swinging_strike,R,L,TOR,TB,78.70,,,1,2,2023,2023-10
2023-10-01,2023,R,682052,593160,CH,Changeup,,ball,R,L,TOR,TB,85.00,,,0,2,2023,2023-10
2023-10-01,2023,R,682052,593160,FF,4-Seam Fastball,,called_strike,R,L,TOR,TB,91.30,,,0,1,2023,2023-10
2023-10-01,2023,R,682052,593160,FF,4-Seam Fastball,,swinging_strike,R,L,TOR,TB,91.00,,,0,0,2023,2023-10
2023-10-01,2023,R,682052,593160,FF,4-Seam Fastball,field_out,hit_into_play,R,L,TOR,TB,90.10,89.40,2,1,0,2023,2023-10
2023-10-01,2023,R,682052,593160,FF,4-Seam Fastball,,ball,R,L,TOR,TB,90.60,,,0,0,2023,2023-10
2023-10-01,2023,R,682052,623168,CH,Changeup,single,hit_into_play,R,L,TOR,TB,81.10,81.00,-18,1,0,2023,2023-10
2023-10-01,2023,R,682052,623168,CH,Changeup,,ball,R,L,TOR,TB,82.80,,,0,0,2023,2023-10
2023-10-01,2023,R,682052,623168,SL,Slider,walk,blocked_ball,R,L,TOR,TB,78.40,,,3,2,2023,2023-10
2023-10-01,2023,R,682052,623168,CH,Changeup,,ball,R,L,TOR,TB,84.70,,,2,2,2023,2023-10
2023-10-01,2023,R,682052,623168,FF,4-Seam Fastball,,foul,R,L,TOR,TB,91.10,77.30,40,2,2,2023,2023-10
2023-10-01,2023,R,682052,623168,FF,4-Seam Fastball,,foul,R,L,TOR,TB,90.60,,,2,2,2023,2023-10
2023-10-01,2023,R,682052,623168,SL,Slider,,ball,R,L,TOR,TB,80.50,,,1,2,2023,2023-10
2023-10-01,2023,R,682052,623168,FF,4-Seam Fastball,,foul,R,L,TOR,TB,91.40,88.90,12,1,2,2023,2023-10
2023-10-01,2023,R,682052,623168,CH,Changeup,,foul,R,L,TOR,TB,84.00,70.80,32,1,2,2023,2023-10
2023-10-01,2023,R,682052,623168,SL,Slider,,foul,R,L,TOR,TB,79.40,,,1,2,2023,2023-10
2023-10-01,2023,R,682052,623168,CH,Changeup,,called_strike,R,L,TOR,TB,83.80,,,1,1,2023,2023-10
2023-10-01,2023,R,682052,623168,FF,4-Seam Fastball,,called_strike,R,L,TOR,TB,89.10,,,1,0,2023,2023-10
2023-10-01,2023,R,682052,623168,FF,4-Seam Fastball,,ball,R,L,TOR,TB,90.60,,,0,0,2023,2023-10
2023-10-01,2023,R,682052,623168,FF,4-Seam Fastball,triple,hit_into_play,R,L,TOR,TB,91.80,96.50,13,0,0,2023,2023-10
2023-10-01,2023,R,682052,624415,SL,Slider,single,hit_into_play,L,L,TOR,TB,78.20,97.90,14,2,2,2023,2023-10
2023-10-01,2023,R,682052,624415,FF,4-Seam Fastball,,foul,L,L,TOR,TB,90.70,69.90,31,2,2,2023,2023-10
2023-10-01,2023,R,682052,624415,FF,4-Seam Fastball,,foul,L,L,TOR,TB,90.60,,,2,1,2023,2023-10
2023-10-01,2023,R,682052,624415,FF,4-Seam Fastball,,ball,L,L,TOR,TB,91.40,,,1,1,2023,2023-10
2023-10-01,2023,R,682052,624415,FF,4-Seam Fastball,,called_strike,L,L,TOR,TB,90.40,,,1,0,2023,2023-10
2023-10-01,2023,R,682052,624415,FF,4-Seam Fastball,,ball,L,L,TOR,TB,90.20,,,0,0,2023,2023-10
2023-10-01,2023,R,682052,624415,FF,4-Seam Fastball,field_out,hit_into_play,L,L,TOR,TB,91.30,54.60,55,1,1,2023,2023-10
2023-10-01,2023,R,682052,624415,FF,4-Seam Fastball,,called_strike,L,L,TOR,TB,90.20,,,1,0,2023,2023-10
2023-10-01,2023,R,682052,624415,FF,4-Seam Fastball,,ball,L,L,TOR,TB,89.70,,,0,0,2023,2023-10
2023-10-01,2023,R,682052,624415,SL,Slider,hit_by_pitch,hit_by_pitch,L,L,TOR,TB,77.60,,,1,0,2023,2023-10
2023-10-01,2023,R,682052,624415,FF,4-Seam Fastball,,ball,L,L,TOR,TB,91.10,,,0,0,2023,2023-10
2023-10-01,2023,R,682052,662139,FF,4-Seam Fastball,single,hit_into_play,L,L,TOR,TB,90.20,97.70,13,1,2,2023,2023-10
2023-10-01,2023,R,682052,662139,FF,4-Seam Fastball,,called_strike,L,L,TOR,TB,90.10,,,1,1,2023,2023-10
2023-10-01,2023,R,682052,662139,FF,4-Seam Fastball,,foul,L,L,TOR,TB,89.80,78.30,-33,1,0,2023,2023-10
2023-10-01,2023,R,682052,662139,FF,4-Seam Fastball,,ball,L,L,TOR,TB,89.10,,,0,0,2023,2023-10
2023-10-01,2023,R,682052,662139,FF,4-Seam Fastball,field_out,hit_into_play,L,L,TOR,TB,90.90,106.20,-3,1,1,2023,2023-10
2023-10-01,2023,R,682052,662139,FF,4-Seam Fastball,,ball,L,L,TOR,TB,91.00,,,0,1,2023,2023-10
2023-10-01,2023,R,682052,662139,FF,4-Seam Fastball,,called_strike,L,L,TOR,TB,89.80,,,0,0,2023,2023-10
2023-10-01,2023,R,682052,662139,SL,Slider,field_out,hit_into_play,L,L,TOR,TB,80.30,98.90,20,1,1,2023,2023-10
2023-10-01,2023,R,682052,662139,FF,4-Seam Fastball,,foul,L,L,TOR,TB,90.70,72.90,9,1,0,2023,2023-10
2023-10-01,2023,R,682052,662139,FF,4-Seam Fastball,,ball,L,L,TOR,TB,91.70,,,0,0,2023,2023-10
2023-10-01,2023,R,682052,666182,CH,Changeup,strikeout,swinging_strike,R,L,TOR,TB,84.50,,,0,2,2023,2023-10
2023-10-01,2023,R,682052,666182,SL,Slider,,foul,R,L,TOR,TB,81.10,43.90,-61,0,1,2023,2023-10
2023-10-01,2023,R,682052,666182,SL,Slider,,swinging_strike,R,L,TOR,TB,80.00,,,0,0,2023,2023-10
2023-10-01,2023,R,682052,666182,CH,Changeup,field_out,hit_into_play,R,L,TOR,TB,84.70,86.20,40,1,0,2023,2023-10
2023-10-01,2023,R,682052,666182,FF,4-Seam Fastball,,ball,R,L,TOR,TB,91.50,,,0,0,2023,2023-10
2023-10-01,2023,R,682052,666182,FF,4-Seam Fastball,field_out,hit_into_play,R,L,TOR,TB,91.80,100.40,-20,2,0,2023,2023-10
2023-10-01,2023,R,682052,666182,FF,4-Seam Fastball,,ball,R,L,TOR,TB,91.80,,,1,0,2023,2023-10
2023-10-01,2023,R,682052,666182,FF,4-Seam Fastball,,ball,R,L,TOR,TB,91.80,,,0,0,2023,2023-10
2023-10-01,2023,R,682052,669289,CH,Changeup,fielders_choice,hit_into_play,R,L,TOR,TB,82.40,64.60,-14,0,0,2023,2023-10
2023-10-01,2023,R,682052,669289,FF,4-Seam Fastball,field_out,hit_into_play,R,L,TOR,TB,89.70,106.80,8,2,0,2023,2023-10
2023-10-01,2023,R,682052,669289,CH,Changeup,,ball,R,L,TOR,TB,82.80,,,1,0,2023,2023-10
2023-10-01,2023,R,682052,669289,FF,4-Seam Fastball,,ball,R,L,TOR,TB,89.70,,,0,0,2023,2023-10
2023-10-01,2023,R,682052,669289,FF,4-Seam Fastball,strikeout,swinging_strike,R,L,TOR,TB,91.30,,,0,2,2023,2023-10
2023-10-01,2023,R,682052,669289,FF,4-Seam Fastball,,foul,R,L,TOR,TB,91.30,89.10,26,0,1,2023,2023-10
2023-10-01,2023,R,682052,669289,FF,4-Seam Fastball,,called_strike,R,L,TOR,TB,91.30,,,0,0,2023,2023-10
2023-10-01,2023,R,682052,676914,FF,4-Seam Fastball,double,hit_into_play,R,L,TOR,TB,89.70,104.20,21,0,0,2023,2023-10
2023-10-01,2023,R,682052,676914,CH,Changeup,double,hit_into_play,R,L,TOR,TB,84.20,87.80,27,1,0,2023,2023-10
2023-10-01,2023,R,682052,676914,FF,4-Seam Fastball,,ball,R,L,TOR,TB,91.30,,,0,0,2023,2023-10
2023-10-01,2023,R,682052,676914,FF,4-Seam Fastball,walk,ball,R,L,TOR,TB,92.70,,,3,2,2023,2023-10
2023-10-01,2023,R,682052,676914,FF,4-Seam Fastball,,ball,R,L,TOR,TB,91.60,,,2,2,2023,2023-10
2023-10-01,2023,R,682052,676914,FF,4-Seam Fastball,,ball,R,L,TOR,TB,91.50,,,1,2,2023,2023-10
2023-10-01,2023,R,682052,676914,SL,Slider,,foul,R,L,TOR,TB,78.50,77.10,55,1,2,2023,2023-10
2023-10-01,2023,R,682052,676914,FF,4-Seam Fastball,,ball,R,L,TOR,TB,91.70,,,0,2,2023,2023-10
2023-10-01,2023,R,682052,676914,FF,4-Seam Fastball,,foul_tip,R,L,TOR,TB,89.90,,,0,1,2023,2023-10
2023-10-01,2023,R,682052,676914,FF,4-Seam Fastball,,called_strike,R,L,TOR,TB,91.50,,,0,0,2023,2023-10
2023-10-01,2023,R,682052,686490,SL,Slider,strikeout,swinging_strike,R,L,TOR,TB,77.70,,,2,2,2023,2023-10
2023-10-01,2023,R,682052,686490,FF,4-Seam Fastball,,foul,R,L,TOR,TB,90.60,81.10,45,2,2,2023,2023-10
2023-10-01,2023,R,682052,686490,CH,Changeup,,foul,R,L,TOR,TB,83.00,61.60,16,2,2,2023,2023-10
2023-10-01,2023,R,682052,686490,SL,Slider,,foul,R,L,TOR,TB,78.60,90.90,-6,2,2,2023,2023-10
2023-10-01,2023,R,682052,686490,CH,Changeup,,foul,R,L,TOR,TB,82.90,71.10,62,2,1,2023,2023-10
2023-10-01,2023,R,682052,686490,FF,4-Seam Fastball,,ball,R,L,TOR,TB,90.50,,,1,1,2023,2023-10
2023-10-01,2023,R,682052,686490,CH,Changeup,,ball,R,L,TOR,TB,83.80,,,0,1,2023,2023-10
2023-10-01,2023,R,682052,686490,FF,4-Seam Fastball,,called_strike,R,L,TOR,TB,88.90,,,0,0,2023,2023-10
2023-10-01,2023,R,682052,686490,CH,Changeup,field_out,hit_into_play,R,L,TOR,TB,82.50,100.10,32,1,0,2023,2023-10
2023-10-01,2023,R,682052,686490,FF,4-Seam Fastball,,ball,R,L,TOR,TB,90.70,,,0,0,2023,2023-10
2023-10-01,2023,R,682052,686490,FF,4-Seam Fastball,single,hit_into_play,R,L,TOR,TB,91.80,83.30,9,1,1,2023,2023-10
2023-10-01,2023,R,682052,686490,SL,Slider,,ball,R,L,TOR,TB,80.20,,,0,1,2023,2023-10
2023-10-01,2023,R,682052,686490,SL,Slider,,called_strike,R,L,TOR,TB,80.40,,,0,0,2023,2023-10
2023-10-01,2023,R,683232,650489,FF,4-Seam Fastball,walk,ball,L,R,COL,MIN,95.60,,,3,0,2023,2023-10
2023-10-01,2023,R,683232,650489,FF,4-Seam Fastball,,ball,L,R,COL,MIN,96.20,,,2,0,2023,2023-10
2023-10-01,2023,R,683232,650489,CU,Curveball,,ball,L,R,COL,MIN,79.30,,,1,0,2023,2023-10
2023-10-01,2023,R,683232,650489,CU,Curveball,,ball,L,R,COL,MIN,80.60,,,0,0,2023,2023-10
2023-10-01,2023,R,683232,663616,CU,Curveball,strikeout,swinging_strike_blocked,L,R,COL,MIN,80.40,,,2,2,2023,2023-10
2023-10-01,2023,R,683232,663616,CU,Curveball,,ball,L,R,COL,MIN,81.60,,,1,2,2023,2023-10
2023-10-01,2023,R,683232,663616,CU,Curveball,,ball,L,R,COL,MIN,82.10,,,0,2,2023,2023-10
2023-10-01,2023,R,683232,663616,FF,4-Seam Fastball,,foul,L,R,COL,MIN,97.20,64.10,-28,0,2,2023,2023-10
2023-10-01,2023,R,683232,663616,FF,4-Seam Fastball,,foul,L,R,COL,MIN,96.10,80.50,38,0,1,2023,2023-10
2023-10-01,2023,R,683232,663616,CU,Curveball,,called_strike,L,R,COL,MIN,82.00,,,0,0,2023,2023-10
2023-10-01,2023,R,683232,666135,FF,4-Seam Fastball,field_out,hit_into_play,L,R,COL,MIN,97.10,72.10,-5,1,0,2023,2023-10
2023-10-01,2023,R,683232,666135,FF,4-Seam Fastball,,ball,L,R,COL,MIN,96.50,,,0,0,2023,2023-10
2023-10-01,2023,R,683232,666397,FF,4-Seam Fastball,walk,ball,L,R,COL,MIN,95.80,,,3,1,2023,2023-10
2023-10-01,2023,R,683232,666397,FF,4-Seam Fastball,,ball,L,R,COL,MIN,94.10,,,2,1,2023,2023-10
2023-10-01,2023,R,683232,666397,CU,Curveball,,called_strike,L,R,COL,MIN,81.30,,,2,0,2023,2023-10
2023-10-01,2023,R,683232,666397,FF,4-Seam Fastball,,ball,L,R,COL,MIN,94.60,,,1,0,2023,2023-10
2023-10-01,2023,R,683232,666397,CU,Curveball,,ball,L,R,COL,MIN,81.30,,,0,0,2023,2023-10
2023-10-01,2023,R,683232,680777,CU,Curveball,strikeout,called_strike,R,R,COL,MIN,80.60,,,1,2,2023,2023-10
2023-10-01,2023,R,683232,680777,FF,4-Seam Fastball,,foul,R,R,COL,MIN,95.20,84.10,62,1,1,2023,2023-10
2023-10-01,2023,R,683232,680777,FF,4-Seam Fastball,,ball,R,R,COL,MIN,96.50,,,0,1,2023,2023-10
2023-10-01,2023,R,683232,680777,FF,4-Seam Fastball,,called_strike,R,R,COL,MIN,95.60,,,0,0,2023,2023-10
2023-10-01,2023,R,686539,595777,SI,Sinker,single,hit_into_play,L,R,CWS,SD,93.40,104.00,4,0,0,2023,2023-10
2023-10-01,2023,R,686539,643265,SI,Sinker,grounded_into_double_play,hit_into_play,R,R,CWS,SD,95.70,88.10,-6,2,2,2023,2023-10
2023-10-01,2023,R,686539,643265,SI,Sinker,,ball,R,R,CWS,SD,96.10,,,1,2,2023,2023-10
2023-10-01,2023,R,686539,643265,SL,Slider,,foul,R,R,CWS,SD,90.20,68.50,20,1,2,2023,2023-10
2023-10-01,2023,R,686539,643265,SL,Slider,,foul,R,R,CWS,SD,86.90,,,1,2,2023,2023-10
2023-10-01,2023,R,686539,643265,SI,Sinker,,foul,R,R,CWS,SD,95.60,,,1,2,2023,2023-10
2023-10-01,2023,R,686539,643265,SL,Slider,,ball,R,R,CWS,SD,89.70,,,0,2,2023,2023-10
2023-10-01,2023,R,686539,643265,SL,Slider,,swinging_strike,R,R,CWS,SD,87.40,,,0,1,2023,2023-10
2023-10-01,2023,R,686539,643265,SL,Slider,,foul,R,R,CWS,SD,87.70,,,0,0,2023,2023-10
2023-10-01,2023,R,686539,663757,SL,Slider,single,hit_into_play,L,R,CWS,SD,88.70,93.90,15,1,1,2023,2023-10
2023-10-01,2023,R,686539,663757,SI,Sinker,,ball,L,R,CWS,SD,96.90,,,0,1,2023,2023-10
2023-10-01,2023,R,686539,663757,SL,Slider,,called_strike,L,R,CWS,SD,88.20,,,0,0,2023,2023-10
2023-10-01,2023,R,686539,666703,SL,Slider,field_out,hit_into_play,R,R,CWS,SD,89.00,91.60,21,2,2,2023,2023-10
2023-10-01,2023,R,686539,666703,SI,Sinker,,ball,R,R,CWS,SD,93.00,,,1,2,2023,2023-10
2023-10-01,2023,R,686539,666703,SL,Slider,,called_strike,R,R,CWS,SD,87.20,,,1,1,2023,2023-10
2023-10-01,2023,R,686539,666703,SL,Slider,,swinging_strike,R,R,CWS,SD,86.70,,,1,0,2023,2023-10
2023-10-01,2023,R,686539,666703,SL,Slider,,ball,R,R,CWS,SD,86.30,,,0,0,2023,2023-10
2023-10-01,2023,R,686613,607054,FF,4-Seam Fastball,field_out,hit_into_play,L,R,AZ,HOU,96.80,96.10,-9,3,2,2023,2023-10
2023-10-01,2023,R,686613,607054,KC,Knuckle Curve,,blocked_ball,L,R,AZ,HOU,84.30,,,2,2,2023,2023-10
2023-10-01,2023,R,686613,607054,FF,4-Seam Fastball,,ball,L,R,AZ,HOU,96.90,,,1,2,2023,2023-10
2023-10-01,2023,R,686613,607054,FC,Cutter,,swinging_strike,L,R,AZ,HOU,93.80,,,1,1,2023,2023-10
2023-10-01,2023,R,686613,607054,FF,4-Seam Fastball,,called_strike,L,R,AZ,HOU,96.80,,,1,0,2023,2023-10
2023-10-01,2023,R,686613,607054,FF,4-Seam Fastball,,ball,L,R,AZ,HOU,96.70,,,0,0,2023,2023-10
2023-10-01,2023,R,686613,656896,FF,4-Seam Fastball,walk,ball,R,R,AZ,HOU,96.50,,,3,2,2023,2023-10
2023-10-01,2023,R,686613,656896,FC,Cutter,,ball,R,R,AZ,HOU,95.40,,,2,2,2023,2023-10
2023-10-01,2023,R,686613,656896,KC,Knuckle Curve,,ball,R,R,AZ,HOU,84.20,,,1,2,2023,2023-10
2023-10-01,2023,R,686613,656896,FF,4-Seam Fastball,,ball,R,R,AZ,HOU,97.20,,,0,2,2023,2023-10
2023-10-01,2023,R,686613,656896,FC,Cutter,,foul_tip,R,R,AZ,HOU,93.80,,,0,1,2023,2023-10
2023-10-01,2023,R,686613,656896,FC,Cutter,,called_strike,R,R,AZ,HOU,95.40,,,0,0,2023,2023-10
2023-10-01,2023,R,686613,664874,FF,4-Seam Fastball,field_out,hit_into_play,R,R,AZ,HOU,96.60,95.90,-32,0,0,2023,2023-10
2023-10-01,2023,R,686613,677950,FF,4-Seam Fastball,field_out,hit_into_play,L,R,AZ,HOU,95.30,72.90,-29,1,0,2023,2023-10
2023-10-01,2023,R,686613,677950,FF,4-Seam Fastball,,ball,L,R,AZ,HOU,95.90,,,0,0,2023,2023-10
2023-10-01,2023,R,686752,543063,CH,Changeup,field_out,hit_into_play,L,R,SF,LAD,88.20,95.60,-4,1,2,2023,2023-10
2023-10-01,2023,R,686752,543063,CH,Changeup,,ball,L,R,SF,LAD,88.60,,,0,2,2023,2023-10
2023-10-01,2023,R,686752,543063,CH,Changeup,,foul,L,R,SF,LAD,87.70,67.90,-33,0,1,2023,2023-10
2023-10-01,2023,R,686752,543063,FF,4-Seam Fastball,,called_strike,L,R,SF,LAD,94.20,,,0,0,2023,2023-10
2023-10-01,2023,R,686752,543063,FF,4-Seam Fastball,field_out,hit_into_play,L,R,SF,LAD,94.10,82.00,49,0,1,2023,2023-10
2023-10-01,2023,R,686752,543063,CH,Changeup,,called_strike,L,R,SF,LAD,87.60,,,0,0,2023,2023-10
2023-10-01,2023,R,686752,573262,CH,Changeup,walk,ball,L,R,SF,LAD,87.60,,,3,2,2023,2023-10
2023-10-01,2023,R,686752,573262,CH,Changeup,,foul,L,R,SF,LAD,88.50,70.80,-25,3,2,2023,2023-10
2023-10-01,2023,R,686752,573262,FF,4-Seam Fastball,,foul,L,R,SF,LAD,93.10,72.40,9,3,1,2023,2023-10
2023-10-01,2023,R,686752,573262,FF,4-Seam Fastball,,called_strike,L,R,SF,LAD,94.40,,,3,0,2023,2023-10
2023-10-01,2023,R,686752,573262,FF,4-Seam Fastball,,ball,L,R,SF,LAD,93.90,,,2,0,2023,2023-10
2023-10-01,2023,R,686752,573262,FF,4-Seam Fastball,,ball,L,R,SF,LAD,94.20,,,1,0,2023,2023-10
2023-10-01,2023,R,686752,573262,CH,Changeup,,ball,L,R,SF,LAD,86.70,,,0,0,2023,2023-10
2023-10-01,2023,R,686752,592626,CH,Changeup,field_out,hit_into_play,L,R,SF,LAD,86.60,70.70,-16,0,1,2023,2023-10
2023-10-01,2023,R,686752,592626,CH,Changeup,,foul,L,R,SF,LAD,87.30,76.90,-17,0,0,2023,2023-10
2023-10-01,2023,R,686752,624424,FF,4-Seam Fastball,strikeout,called_strike,L,R,SF,LAD,93.70,,,3,2,2023,2023-10
2023-10-01,2023,R,686752,624424,SL,Slider,,foul,L,R,SF,LAD,89.90,63.70,55,3,1,2023,2023-10
2023-10-01,2023,R,686752,624424,FF,4-Seam Fastball,,ball,L,R,SF,LAD,94.50,,,2,1,2023,2023-10
2023-10-01,2023,R,686752,624424,FF,4-Seam Fastball,,called_strike,L,R,SF,LAD,94.90,,,2,0,2023,2023-10
2023-10-01,2023,R,686752,624424,FF,4-Seam Fastball,,ball,L,R,SF,LAD,94.30,,,1,0,2023,2023-10
2023-10-01,2023,R,686752,624424,CH,Changeup,,ball,L,R,SF,LAD,86.10,,,0,0,2023,2023-10
2023-10-01,2023,R,686752,624424,SL,Slider,strikeout,called_strike,L,R,SF,LAD,89.30,,,2,2,2023,2023-10
2023-10-01,2023,R,686752,624424,FF,4-Seam Fastball,,ball,L,R,SF,LAD,94.60,,,1,2,2023,2023-10
2023-10-01,2023,R,686752,624424,CH,Changeup,,ball,L,R,SF,LAD,87.00,,,0,2,2023,2023-10
2023-10-01,2023,R,686752,624424,CH,Changeup,,foul,L,R,SF,LAD,87.90,78.80,-19,0,1,2023,2023-10
2023-10-01,2023,R,686752,624424,FF,4-Seam Fastball,,foul,L,R,SF,LAD,94.00,84.40,51,0,0,2023,2023-10
2023-10-01,2023,R,686752,642731,FF,4-Seam Fastball,hit_by_pitch,hit_by_pitch,R,R,SF,LAD,95.70,,,0,1,2023,2023-10
2023-10-01,2023,R,686752,642731,FF,4-Seam Fastball,,foul,R,R,SF,LAD,94.10,73.00,23,0,0,2023,2023-10
2023-10-01,2023,R,686752,642731,FF,4-Seam Fastball,field_error,hit_into_play,R,R,SF,LAD,96.10,102.00,-16,3,2,2023,2023-10
2023-10-01,2023,R,686752,642731,FF,4-Seam Fastball,,foul,R,R,SF,LAD,95.80,68.40,35,3,2,2023,2023-10
2023-10-01,2023,R,686752,642731,FF,4-Seam Fastball,,foul,R,R,SF,LAD,95.20,75.90,57,3,1,2023,2023-10
2023-10-01,2023,R,686752,642731,FF,4-Seam Fastball,,ball,R,R,SF,LAD,94.70,,,2,1,2023,2023-10
2023-10-01,2023,R,686752,642731,SL,Slider,,ball,R,R,SF,LAD,90.30,,,1,1,2023,2023-10
2023-10-01,2023,R,686752,642731,FF,4-Seam Fastball,,ball,R,R,SF,LAD,95.50,,,0,1,2023,2023-10
2023-10-01,2023,R,686752,642731,SL,Slider,,called_strike,R,R,SF,LAD,88.50,,,0,0,2023,2023-10
2023-10-01,2023,R,686752,664774,SL,Slider,field_out,hit_into_play,L,R,SF,LAD,90.00,91.50,54,2,0,2023,2023-10
2023-10-01,2023,R,686752,664774,CH,Changeup,,ball,L,R,SF,LAD,88.70,,,1,0,2023,2023-10
2023-10-01,2023,R,686752,664774,CH,Changeup,,ball,L,R,SF,LAD,87.70,,,0,0,2023,2023-10
2023-10-01,2023,R,686752,664774,FF,4-Seam Fastball,field_out,hit_into_play,L,R,SF,LAD,94.60,87.30,86,3,1,2023,2023-10
2023-10-01,2023,R,686752,664774,FF,4-Seam Fastball,,called_strike,L,R,SF,LAD,94.70,,,3,0,2023,2023-10
2023-10-01,2023,R,686752,664774,FF,4-Seam Fastball,,ball,L,R,SF,LAD,95.10,,,2,0,2023,2023-10
2023-10-01,2023,R,686752,664774,CH,Changeup,,ball,L,R,SF,LAD,86.80,,,1,0,2023,2023-10
2023-10-01,2023,R,686752,664774,FF,4-Seam Fastball,,ball,L,R,SF,LAD,95.30,,,0,0,2023,2023-10
2023-10-01,2023,R,686752,666149,SL,Slider,strikeout,foul_tip,R,R,SF,LAD,88.70,,,0,2,2023,2023-10
2023-10-01,2023,R,686752,666149,SL,Slider,,foul,R,R,SF,LAD,87.90,63.40,45,0,1,2023,2023-10
2023-10-01,2023,R,686752,666149,FF,4-Seam Fastball,,called_strike,R,R,SF,LAD,94.70,,,0,0,2023,2023-10
2023-10-01,2023,R,686752,666165,CH,Changeup,field_out,hit_into_play,L,R,SF,LAD,87.10,23.90,-66,0,1,2023,2023-10
2023-10-01,2023,R,686752,666165,CH,Changeup,,swinging_strike,L,R,SF,LAD,87.60,,,0,0,2023,2023-10
2023-10-01,2023,R,686752,669477,SL,Slider,home_run,hit_into_play,R,R,SF,LAD,88.30,106.30,22,1,0,2023,2023-10
2023-10-01,2023,R,686752,669477,FF,4-Seam Fastball,,ball,R,R,SF,LAD,93.80,,,0,0,2023,2023-10
2023-10-01,2023,R,686752,669477,CH,Changeup,home_run,hit_into_play,R,R,SF,LAD,87.60,109.30,22,1,1,2023,2023-10
2023-10-01,2023,R,686752,669477,CH,Changeup,,ball,R,R,SF,LAD,86.80,,,0,1,2023,2023-10
2023-10-01,2023,R,686752,669477,FF,4-Seam Fastball,,called_strike,R,R,SF,LAD,93.70,,,0,0,2023,2023-10
2023-10-01,2023,R,686826,455117,FF,4-Seam Fastball,field_out,hit_into_play,R,R,AZ,HOU,93.20,87.90,54,3,1,2023,2023-10
2023-10-01,2023,R,686826,455117,FF,4-Seam Fastball,,ball,R,R,AZ,HOU,94.30,,,2,1,2023,2023-10
2023-10-01,2023,R,686826,455117,FF,4-Seam Fastball,,blocked_ball,R,R,AZ,HOU,94.30,,,1,1,2023,2023-10
2023-10-01,2023,R,686826,455117,SL,Slider,,ball,R,R,AZ,HOU,84.30,,,0,1,2023,2023-10
2023-10-01,2023,R,686826,455117,FF,4-Seam Fastball,,called_strike,R,R,AZ,HOU,94.70,,,0,0,2023,2023-10
2023-10-01,2023,R,686826,488726,FF,4-Seam Fastball,field_out,hit_into_play,L,R,AZ,HOU,96.70,50.80,31,0,1,2023,2023-10
2023-10-01,2023,R,686826,488726,CH,Changeup,,called_strike,L,R,AZ,HOU,84.60,,,0,0,2023,2023-10
2023-10-01,2023,R,686826,488726,FF,4-Seam Fastball,fielders_choice,hit_into_play,L,R,AZ,HOU,94.90,96.30,-11,3,2,2023,2023-10
2023-10-01,2023,R,686826,488726,FF,4-Seam Fastball,,foul,L,R,AZ,HOU,95.20,,,3,2,2023,2023-10
2023-10-01,2023,R,686826,488726,FF,4-Seam Fastball,,foul,L,R,AZ,HOU,94.80,,,3,2,2023,2023-10
2023-10-01,2023,R,686826,488726,FF,4-Seam Fastball,,foul,L,R,AZ,HOU,94.70,93.80,21,3,2,2023,2023-10
2023-10-01,2023,R,686826,488726,FF,4-Seam Fastball,,called_strike,L,R,AZ,HOU,94.60,,,3,1,2023,2023-10
2023-10-01,2023,R,686826,488726,FF,4-Seam Fastball,,ball,L,R,AZ,HOU,95.00,,,2,1,2023,2023-10
2023-10-01,2023,R,686826,488726,FF,4-Seam Fastball,,called_strike,L,R,AZ,HOU,94.70,,,2,0,2023,2023-10
2023-10-01,2023,R,686826,488726,CH,Changeup,,ball,L,R,AZ,HOU,85.90,,,1,0,2023,2023-10
2023-10-01,2023,R,686826,488726,SL,Slider,,ball,L,R,AZ,HOU,85.80,,,0,0,2023,2023-10
2023-10-01,2023,R,686826,514888,SL,Slider,field_out,hit_into_play,R,R,AZ,HOU,84.10,97.30,24,1,1,2023,2023-10
2023-10-01,2023,R,686826,514888,CH,Changeup,,ball,R,R,AZ,HOU,84.60,,,0,1,2023,2023-10
2023-10-01,2023,R,686826,514888,CH,Changeup,,called_strike,R,R,AZ,HOU,83.40,,,0,0,2023,2023-10
2023-10-01,2023,R,686826,547989,FF,4-Seam Fastball,strikeout,swinging_strike,R,R,AZ,HOU,95.80,,,0,2,2023,2023-10
2023-10-01,2023,R,686826,547989,SL,Slider,,foul,R,R,AZ,HOU,86.10,68.10,20,0,2,2023,2023-10
2023-10-01,2023,R,686826,547989,FF,4-Seam Fastball,,foul,R,R,AZ,HOU,93.80,,,0,1,2023,2023-10
2023-10-01,2023,R,686826,547989,FF,4-Seam Fastball,,foul,R,R,AZ,HOU,95.10,,,0,0,2023,2023-10
2023-10-01,2023,R,686826,547989,SL,Slider,single,hit_into_play,R,R,AZ,HOU,83.50,86.40,10,1,1,2023,2023-10
2023-10-01,2023,R,686826,547989,FF,4-Seam Fastball,,called_strike,R,R,AZ,HOU,95.20,,,1,0,2023,2023-10
2023-10-01,2023,R,686826,547989,FF,4-Seam Fastball,,ball,R,R,AZ,HOU,94.90,,,0,0,2023,2023-10
2023-10-01,2023,R,686826,608324,FF,4-Seam Fastball,triple,hit_into_play,R,R,AZ,HOU,95.50,102.20,28,0,0,2023,2023-10
2023-10-01,2023,R,686826,663656,CH,Changeup,sac_fly,hit_into_play,L,R,AZ,HOU,83.90,100.20,49,2,2,2023,2023-10
2023-10-01,2023,R,686826,663656,CH,Changeup,,blocked_ball,L,R,AZ,HOU,84.90,,,1,2,2023,2023-10
2023-10-01,2023,R,686826,663656,FF,4-Seam Fastball,,called_strike,L,R,AZ,HOU,95.40,,,1,1,2023,2023-10
2023-10-01,2023,R,686826,663656,CH,Changeup,,ball,L,R,AZ,HOU,84.10,,,0,1,2023,2023-10
2023-10-01,2023,R,686826,663656,FF,4-Seam Fastball,,foul,L,R,AZ,HOU,95.20,,,0,0,2023,2023-10
2023-10-01,2023,R,686826,665161,FF,4-Seam Fastball,strikeout,called_strike,R,R,AZ,HOU,95.30,,,3,2,2023,2023-10
2023-10-01,2023,R,686826,665161,FF,4-Seam Fastball,,ball,R,R,AZ,HOU,95.20,,,2,2,2023,2023-10
2023-10-01,2023,R,686826,665161,FF,4-Seam Fastball,,foul,R,R,AZ,HOU,96.30,86.10,25,2,2,2023,2023-10
2023-10-01,2023,R,686826,665161,SL,Slider,,foul,R,R,AZ,HOU,84.10,71.00,-26,2,1,2023,2023-10
2023-10-01,2023,R,686826,665161,FF,4-Seam Fastball,,called_strike,R,R,AZ,HOU,94.90,,,2,0,2023,2023-10
2023-10-01,2023,R,686826,665161,CH,Changeup,,ball,R,R,AZ,HOU,83.90,,,1,0,2023,2023-10
2023-10-01,2023,R,686826,665161,SL,Slider,,ball,R,R,AZ,HOU,83.00,,,0,0,2023,2023-10
2023-10-01,2023,R,686826,665161,FF,4-Seam Fastball,single,hit_into_play,R,R,AZ,HOU,95.50,100.00,6,0,0,2023,2023-10
2023-10-01,2023,R,686826,670541,CH,Changeup,single,hit_into_play,L,R,AZ,HOU,84.50,84.00,12,2,0,2023,2023-10
2023-10-01,2023,R,686826,670541,CH,Changeup,,ball,L,R,AZ,HOU,84.20,,,1,0,2023,2023-10
2023-10-01,2023,R,686826,670541,CU,Curveball,,ball,L,R,AZ,HOU,82.00,,,0,0,2023,2023-10
2023-10-01,2023,R,686826,676801,SL,Slider,field_out,hit_into_play,R,R,AZ,HOU,84.40,74.30,-27,0,0,2023,2023-10
2023-10-01,2023,R,686826,676801,SL,Slider,strikeout,foul_tip,R,R,AZ,HOU,84.50,,,2,2,2023,2023-10
2023-10-01,2023,R,686826,676801,SL,Slider,,foul,R,R,AZ,HOU,84.20,70.70,40,2,2,2023,2023-10
2023-10-01,2023,R,686826,676801,FF,4-Seam Fastball,,foul,R,R,AZ,HOU,96.20,76.60,49,2,2,2023,2023-10
2023-10-01,2023,R,686826,676801,FF,4-Seam Fastball,,called_strike,R,R,AZ,HOU,95.00,,,2,1,2023,2023-10
2023-10-01,2023,R,686826,676801,FF,4-Seam Fastball,,swinging_strike,R,R,AZ,HOU,93.60,,,2,0,2023,2023-10
2023-10-01,2023,R,686826,676801,SL,Slider,,ball,R,R,AZ,HOU,84.90,,,1,0,2023,2023-10
2023-10-01,2023,R,686826,676801,FF,4-Seam Fastball,,ball,R,R,AZ,HOU,94.90,,,0,0,2023,2023-10
2023-10-01,2023,R,687330,474832,SI,Sinker,strikeout,called_strike,L,R,TOR,TB,90.40,,,3,2,2023,2023-10
2023-10-01,2023,R,687330,474832,ST,Sweeper,,ball,L,R,TOR,TB,76.10,,,2,2,2023,2023-10
2023-10-01,2023,R,687330,474832,SI,Sinker,,ball,L,R,TOR,TB,90.70,,,1,2,2023,2023-10
2023-10-01,2023,R,687330,474832,SI,Sinker,,ball,L,R,TOR,TB,91.00,,,0,2,2023,2023-10
2023-10-01,2023,R,687330,474832,FC,Cutter,,called_strike,L,R,TOR,TB,84.60,,,0,1,2023,2023-10
2023-10-01,2023,R,687330,474832,SI,Sinker,,swinging_strike,L,R,TOR,TB,90.30,,,0,0,2023,2023-10
2023-10-01,2023,R,687330,593160,SI,Sinker,field_out,hit_into_play,R,R,TOR,TB,90.50,66.10,51,0,0,2023,2023-10
2023-10-01,2023,R,687330,623168,FC,Cutter,hit_by_pitch,hit_by_pitch,L,R,TOR,TB,83.70,,,0,1,2023,2023-10
2023-10-01,2023,R,687330,623168,ST,Sweeper,,foul,L,R,TOR,TB,76.80,95.30,18,0,0,2023,2023-10
2023-10-01,2023,R,687330,624415,SI,Sinker,single,hit_into_play,L,R,TOR,TB,89.30,88.40,11,0,0,2023,2023-10
2023-10-01,2023,R,687330,662139,SI,Sinker,field_error,hit_into_play,L,R,TOR,TB,90.60,96.80,25,0,0,2023,2023-10
2023-10-01,2023,R,687330,666182,SI,Sinker,walk,ball,R,R,TOR,TB,90.40,,,3,2,2023,2023-10
2023-10-01,2023,R,687330,666182,SI,Sinker,,foul,R,R,TOR,TB,90.20,74.80,10,3,2,2023,2023-10
2023-10-01,2023,R,687330,666182,SI,Sinker,,foul,R,R,TOR,TB,90.60,99.30,-14,3,2,2023,2023-10
2023-10-01,2023,R,687330,666182,ST,Sweeper,,ball,R,R,TOR,TB,77.40,,,2,2,2023,2023-10
2023-10-01,2023,R,687330,666182,SI,Sinker,,ball,R,R,TOR,TB,90.30,,,1,2,2023,2023-10
2023-10-01,2023,R,687330,666182,SI,Sinker,,foul,R,R,TOR,TB,90.20,72.40,14,1,1,2023,2023-10
2023-10-01,2023,R,687330,666182,SI,Sinker,,ball,R,R,TOR,TB,90.70,,,0,1,2023,2023-10
2023-10-01,2023,R,687330,666182,SI,Sinker,,called_strike,R,R,TOR,TB,90.90,,,0,0,2023,2023-10
2023-10-01,2023,R,687330,669289,ST,Sweeper,strikeout,called_strike,R,R,TOR,TB,75.50,,,1,2,2023,2023-10
2023-10-01,2023,R,687330,669289,ST,Sweeper,,ball,R,R,TOR,TB,76.10,,,0,2,2023,2023-10
2023-10-01,2023,R,687330,669289,ST,Sweeper,,foul,R,R,TOR,TB,76.60,79.10,28,0,2,2023,2023-10
2023-10-01,2023,R,687330,669289,ST,Sweeper,,swinging_strike,R,R,TOR,TB,75.10,,,0,1,2023,2023-10
2023-10-01,2023,R,687330,669289,SI,Sinker,,called_strike,R,R,TOR,TB,90.70,,,0,0,2023,2023-10
2023-10-01,2023,R,687330,676914,SI,Sinker,strikeout,swinging_strike,R,R,TOR,TB,89.30,,,3,2,2023,2023-10
2023-10-01,2023,R,687330,676914,SI,Sinker,,foul,R,R,TOR,TB,89.10,83.60,36,3,2,2023,2023-10
2023-10-01,2023,R,687330,676914,SI,Sinker,,ball,R,R,TOR,TB,91.20,,,2,2,2023,2023-10
2023-10-01,2023,R,687330,676914,ST,Sweeper,,ball,R,R,TOR,TB,72.90,,,1,2,2023,2023-10
2023-10-01,2023,R,687330,676914,ST,Sweeper,,foul,R,R,TOR,TB,76.80,66.40,46,1,1,2023,2023-10
2023-10-01,2023,R,687330,676914,ST,Sweeper,,ball,R,R,TOR,TB,76.10,,,0,1,2023,2023-10
2023-10-01,2023,R,687330,676914,SI,Sinker,,called_strike,R,R,TOR,TB,91.00,,,0,0,2023,2023-10
2023-10-01,2023,R,687330,686490,SI,Sinker,field_out,hit_into_play,R,R,TOR,TB,91.60,67.60,-69,2,2,2023,2023-10
2023-10-01,2023,R,687330,686490,ST,Sweeper,,foul,R,R,TOR,TB,75.20,53.70,11,2,2,2023,2023-10
2023-10-01,2023,R,687330,686490,SI,Sinker,,called_strike,R,R,TOR,TB,90.50,,,2,1,2023,2023-10
2023-10-01,2023,R,687330,686490,SI,Sinker,,ball,R,R,TOR,TB,90.90,,,1,1,2023,2023-10
2023-10-01,2023,R,687330,686490,ST,Sweeper,,ball,R,R,TOR,TB,76.60,,,0,1,2023,2023-10
2023-10-01,2023,R,687330,686490,SI,Sinker,,called_strike,R,R,TOR,TB,89.10,,,0,0,2023,2023-10
2023-10-01,2023,R,687798,602104,CH,Changeup,strikeout,swinging_strike,R,R,BAL,BOS,88.20,,,2,2,2023,2023-10
2023-10-01,2023,R,687798,602104,FF,4-Seam Fastball,,foul,R,R,BAL,BOS,95.70,87.90,30,2,2,2023,2023-10
2023-10-01,2023,R,687798,602104,ST,Sweeper,,ball,R,R,BAL,BOS,79.40,,,1,2,2023,2023-10
2023-10-01,2023,R,687798,602104,ST,Sweeper,,ball,R,R,BAL,BOS,82.90,,,0,2,2023,2023-10
2023-10-01,2023,R,687798,602104,ST,Sweeper,,called_strike,R,R,BAL,BOS,82.00,,,0,1,2023,2023-10
2023-10-01,2023,R,687798,602104,FF,4-Seam Fastball,,foul_tip,R,R,BAL,BOS,97.00,,,0,0,2023,2023-10
2023-10-01,2023,R,687798,663624,FF,4-Seam Fastball,field_out,hit_into_play,R,R,BAL,BOS,95.80,68.30,46,3,1,2023,2023-10
2023-10-01,2023,R,687798,663624,FF,4-Seam Fastball,,ball,R,R,BAL,BOS,96.00,,,2,1,2023,2023-10
2023-10-01,2023,R,687798,663624,FF,4-Seam Fastball,,ball,R,R,BAL,BOS,96.10,,,1,1,2023,2023-10
2023-10-01,2023,R,687798,663624,FF,4-Seam Fastball,,foul,R,R,BAL,BOS,97.30,95.90,-12,1,0,2023,2023-10
2023-10-01,2023,R,687798,663624,FF,4-Seam Fastball,,ball,R,R,BAL,BOS,96.70,,,0,0,2023,2023-10
2023-10-01,2023,R,687798,677008,CH,Changeup,field_out,hit_into_play,L,R,BAL,BOS,89.00,96.40,-17,2,2,2023,2023-10
2023-10-01,2023,R,687798,677008,FF,4-Seam Fastball,,foul,L,R,BAL,BOS,96.90,78.20,56,2,2,2023,2023-10
2023-10-01,2023,R,687798,677008,CH,Changeup,,ball,L,R,BAL,BOS,90.00,,,1,2,2023,2023-10
2023-10-01,2023,R,687798,677008,ST,Sweeper,,ball,L,R,BAL,BOS,82.20,,,0,2,2023,2023-10
2023-10-01,2023,R,687798,677008,CH,Changeup,,swinging_strike,L,R,BAL,BOS,89.20,,,0,1,2023,2023-10
2023-10-01,2023,R,687798,677008,FF,4-Seam Fastball,,swinging_strike,L,R,BAL,BOS,96.20,,,0,0,2023,2023-10
2023-10-01,2023,R,689266,545121,FF,4-Seam Fastball,field_out,hit_into_play,R,L,ATL,WSH,91.70,96.10,33,3,1,2023,2023-10
2023-10-01,2023,R,689266,545121,FF,4-Seam Fastball,,called_strike,R,L,ATL,WSH,90.70,,,3,0,2023,2023-10
2023-10-01,2023,R,689266,545121,FF,4-Seam Fastball,,ball,R,L,ATL,WSH,91.20,,,2,0,2023,2023-10
2023-10-01,2023,R,689266,545121,FC,Cutter,,ball,R,L,ATL,WSH,83.60,,,1,0,2023,2023-10
2023-10-01,2023,R,689266,545121,FC,Cutter,,ball,R,L,ATL,WSH,83.50,,,0,0,2023,2023-10
2023-10-01,2023,R,689266,545121,FF,4-Seam Fastball,double,hit_into_play,R,L,ATL,WSH,92.00,95.40,15,0,0,2023,2023-10
2023-10-01,2023,R,689266,545121,FF,4-Seam Fastball,field_out,hit_into_play,R,L,ATL,WSH,93.30,92.00,32,0,2,2023,2023-10
2023-10-01,2023,R,689266,545121,SL,Slider,,foul,R,L,ATL,WSH,78.30,92.20,11,0,1,2023,2023-10
2023-10-01,2023,R,689266,545121,FF,4-Seam Fastball,,called_strike,R,L,ATL,WSH,93.00,,,0,0,2023,2023-10
2023-10-01,2023,R,689266,608841,FF,4-Seam Fastball,field_out,hit_into_play,R,L,ATL,WSH,91.30,96.80,46,3,2,2023,2023-10
2023-10-01,2023,R,689266,608841,FF,4-Seam Fastball,,foul,R,L,ATL,WSH,91.10,73.90,-37,3,1,2023,2023-10
2023-10-01,2023,R,689266,608841,FF,4-Seam Fastball,,ball,R,L,ATL,WSH,91.80,,,2,1,2023,2023-10
2023-10-01,2023,R,689266,608841,CH,Changeup,,ball,R,L,ATL,WSH,79.10,,,1,1,2023,2023-10
2023-10-01,2023,R,689266,608841,CH,Changeup,,ball,R,L,ATL,WSH,80.10,,,0,1,2023,2023-10
2023-10-01,2023,R,689266,608841,SL,Slider,,called_strike,R,L,ATL,WSH,76.30,,,0,0,2023,2023-10
2023-10-01,2023,R,689266,608841,CH,Changeup,field_out,hit_into_play,R,L,ATL,WSH,80.90,87.10,41,0,1,2023,2023-10
2023-10-01,2023,R,689266,608841,FF,4-Seam Fastball,,called_strike,R,L,ATL,WSH,91.40,,,0,0,2023,2023-10
2023-10-01,2023,R,689266,608841,FC,Cutter,double,hit_into_play,R,L,ATL,WSH,85.90,107.20,22,0,1,2023,2023-10
2023-10-01,2023,R,689266,608841,FC,Cutter,,foul,R,L,ATL,WSH,86.70,75.70,-23,0,0,2023,2023-10
2023-10-01,2023,R,689266,657041,SL,Slider,field_out,hit_into_play,R,L,ATL,WSH,78.40,83.90,49,1,1,2023,2023-10
2023-10-01,2023,R,689266,657041,CH,Changeup,,ball,R,L,ATL,WSH,81.10,,,0,1,2023,2023-10
2023-10-01,2023,R,689266,657041,FC,Cutter,,called_strike,R,L,ATL,WSH,85.00,,,0,0,2023,2023-10
2023-10-01,2023,R,689266,657041,FF,4-Seam Fastball,double,hit_into_play,R,L,ATL,WSH,92.60,102.70,23,1,2,2023,2023-10
2023-10-01,2023,R,689266,657041,CH,Changeup,,ball,R,L,ATL,WSH,81.70,,,0,2,2023,2023-10
2023-10-01,2023,R,689266,657041,CH,Changeup,,foul,R,L,ATL,WSH,81.40,64.00,-28,0,1,2023,2023-10
2023-10-01,2023,R,689266,657041,SL,Slider,,called_strike,R,L,ATL,WSH,77.50,,,0,0,2023,2023-10
2023-10-01,2023,R,689266,657041,CH,Changeup,single,hit_into_play,R,L,ATL,WSH,82.80,73.80,12,2,2,2023,2023-10
2023-10-01,2023,R,689266,657041,FC,Cutter,,foul,R,L,ATL,WSH,86.90,14.40,25,2,1,2023,2023-10
2023-10-01,2023,R,689266,657041,SL,Slider,,ball,R,L,ATL,WSH,77.70,,,1,1,2023,2023-10
2023-10-01,2023,R,689266,657041,FF,4-Seam Fastball,,ball,R,L,ATL,WSH,92.30,,,0,1,2023,2023-10
2023-10-01,2023,R,689266,657041,FF,4-Seam Fastball,,foul,R,L,ATL,WSH,92.90,90.50,73,0,0,2023,2023-10
2023-10-01,2023,R,689266,660688,FF,4-Seam Fastball,field_out,hit_into_play,R,L,ATL,WSH,91.40,96.50,24,1,1,2023,2023-10
2023-10-01,2023,R,689266,660688,CH,Changeup,,ball,R,L,ATL,WSH,79.90,,,0,1,2023,2023-10
2023-10-01,2023,R,689266,660688,SL,Slider,,foul,R,L,ATL,WSH,77.10,,,0,0,2023,2023-10
2023-10-01,2023,R,689266,660688,FF,4-Seam Fastball,single,hit_into_play,R,L,ATL,WSH,93.40,93.70,-1,1,2,2023,2023-10
2023-10-01,2023,R,689266,660688,FF,4-Seam Fastball,,ball,R,L,ATL,WSH,92.70,,,0,2,2023,2023-10
2023-10-01,2023,R,689266,660688,CH,Changeup,,foul,R,L,ATL,WSH,81.50,62.10,80,0,2,2023,2023-10
2023-10-01,2023,R,689266,660688,FF,4-Seam Fastball,,foul,R,L,ATL,WSH,92.60,67.60,53,0,1,2023,2023-10
2023-10-01,2023,R,689266,660688,FF,4-Seam Fastball,,called_strike,R,L,ATL,WSH,92.30,,,0,0,2023,2023-10
2023-10-01,2023,R,689266,660688,FC,Cutter,double,hit_into_play,R,L,ATL,WSH,86.50,100.90,19,1,2,2023,2023-10
2023-10-01,2023,R,689266,660688,FC,Cutter,,foul,R,L,ATL,WSH,85.30,68.70,12,1,2,2023,2023-10
2023-10-01,2023,R,689266,660688,FF,4-Seam Fastball,,foul,R,L,ATL,WSH,93.80,68.00,53,1,2,2023,2023-10
2023-10-01,2023,R,689266,660688,FF,4-Seam Fastball,,foul,R,L,ATL,WSH,92.50,71.00,58,1,1,2023,2023-10
2023-10-01,2023,R,689266,660688,FF,4-Seam Fastball,,ball,R,L,ATL,WSH,93.40,,,0,1,2023,2023-10
2023-10-01,2023,R,689266,660688,SL,Slider,,foul,R,L,ATL,WSH,79.50,58.70,27,0,0,2023,2023-10
2023-10-01,2023,R,689266,666198,FF,4-Seam Fastball,single,hit_into_play,R,L,ATL,WSH,91.70,105.00,12,0,0,2023,2023-10
2023-10-01,2023,R,689266,666198,FC,Cutter,force_out,hit_into_play,R,L,ATL,WSH,82.90,109.90,-16,0,1,2023,2023-10
2023-10-01,2023,R,689266,666198,FF,4-Seam Fastball,,called_strike,R,L,ATL,WSH,92.50,,,0,0,2023,2023-10
2023-10-01,2023,R,689266,666198,FF,4-Seam Fastball,field_out,hit_into_play,R,L,ATL,WSH,92.00,71.70,-24,0,0,2023,2023-10
2023-10-01,2023,R,689266,669743,FF,4-Seam Fastball,strikeout,swinging_strike,R,L,ATL,WSH,93.40,,,0,2,2023,2023-10
2023-10-01,2023,R,689266,669743,FC,Cutter,,foul,R,L,ATL,WSH,83.40,89.20,40,0,1,2023,2023-10
2023-10-01,2023,R,689266,669743,FC,Cutter,,called_strike,R,L,ATL,WSH,83.60,,,0,0,2023,2023-10
2023-10-01,2023,R,689266,669743,CH,Changeup,field_out,hit_into_play,R,L,ATL,WSH,80.30,85.20,50,1,1,2023,2023-10
2023-10-01,2023,R,689266,669743,SL,Slider,,blocked_ball,R,L,ATL,WSH,78.20,,,0,1,2023,2023-10
2023-10-01,2023,R,689266,669743,SL,Slider,,swinging_strike,R,L,ATL,WSH,78.10,,,0,0,2023,2023-10
2023-10-01,2023,R,689266,669743,CH,Changeup,single,hit_into_play,R,L,ATL,WSH,83.00,60.00,-78,2,2,2023,2023-10
2023-10-01,2023,R,689266,669743,FF,4-Seam Fastball,,foul,R,L,ATL,WSH,93.40,107.90,30,2,1,2023,2023-10
2023-10-01,2023,R,689266,669743,FC,Cutter,,ball,R,L,ATL,WSH,84.80,,,1,1,2023,2023-10
2023-10-01,2023,R,689266,669743,FC,Cutter,,ball,R,L,ATL,WSH,85.20,,,0,1,2023,2023-10
2023-10-01,2023,R,689266,669743,FF,4-Seam Fastball,,called_strike,R,L,ATL,WSH,93.00,,,0,0,2023,2023-10
2023-10-01,2023,R,689266,682928,FC,Cutter,field_out,hit_into_play,L,L,ATL,WSH,85.70,70.00,-13,2,2,2023,2023-10
2023-10-01,2023,R,689266,682928,SL,Slider,,ball,L,L,ATL,WSH,79.20,,,1,2,2023,2023-10
2023-10-01,2023,R,689266,682928,FF,4-Seam Fastball,,foul,L,L,ATL,WSH,92.80,75.50,31,1,1,2023,2023-10
2023-10-01,2023,R,689266,682928,SL,Slider,,foul,L,L,ATL,WSH,78.00,59.60,42,1,0,2023,2023-10
2023-10-01,2023,R,689266,682928,SL,Slider,,ball,L,L,ATL,WSH,78.30,,,0,0,2023,2023-10
2023-10-01,2023,R,689266,682928,FC,Cutter,field_out,hit_into_play,L,L,ATL,WSH,83.70,95.00,-13,0,0,2023,2023-10
2023-10-01,2023,R,689266,682928,SL,Slider,field_out,hit_into_play,L,L,ATL,WSH,77.70,84.00,9,1,0,2023,2023-10
2023-10-01,2023,R,689266,682928,SL,Slider,,ball,L,L,ATL,WSH,76.80,,,0,0,2023,2023-10
2023-10-01,2023,R,689266,682928,FF,4-Seam Fastball,single,hit_into_play,L,L,ATL,WSH,93.10,87.90,4,0,0,2023,2023-10
2023-10-01,2023,R,689266,686452,CH,Changeup,field_out,hit_into_play,R,L,ATL,WSH,79.40,93.50,1,0,0,2023,2023-10
2023-10-01,2023,R,689266,686452,FF,4-Seam Fastball,field_out,hit_into_play,R,L,ATL,WSH,91.70,92.90,30,0,0,2023,2023-10
2023-10-01,2023,R,689266,686452,FF,4-Seam Fastball,walk,ball,R,L,ATL,WSH,93.20,,,3,2,2023,2023-10
2023-10-01,2023,R,689266,686452,FF,4-Seam Fastball,,foul,R,L,ATL,WSH,94.20,77.10,56,3,2,2023,2023-10
2023-10-01,2023,R,689266,686452,FF,4-Seam Fastball,,foul,R,L,ATL,WSH,94.20,77.50,63,3,2,2023,2023-10
2023-10-01,2023,R,689266,686452,FF,4-Seam Fastball,,foul,R,L,ATL,WSH,92.60,79.90,9,3,2,2023,2023-10
2023-10-01,2023,R,689266,686452,CH,Changeup,,blocked_ball,R,L,ATL,WSH,82.20,,,2,2,2023,2023-10
2023-10-01,2023,R,689266,686452,FC,Cutter,,foul,R,L,ATL,WSH,85.30,69.60,-7,2,2,2023,2023-10
2023-10-01,2023,R,689266,686452,FF,4-Seam Fastball,,ball,R,L,ATL,WSH,93.70,,,1,2,2023,2023-10
2023-10-01,2023,R,689266,686452,FC,Cutter,,swinging_strike,R,L,ATL,WSH,85.00,,,1,1,2023,2023-10
2023-10-01,2023,R,689266,686452,FF,4-Seam Fastball,,ball,R,L,ATL,WSH,91.90,,,0,1,2023,2023-10
2023-10-01,2023,R,689266,686452,FF,4-Seam Fastball,,called_strike,R,L,ATL,WSH,91.80,,,0,0,2023,2023-10
2023-10-01,2023,R,689266,696285,FC,Cutter,field_out,hit_into_play,R,L,ATL,WSH,82.50,99.00,19,2,2,2023,2023-10
2023-10-01,2023,R,689266,696285,FC,Cutter,,swinging_strike,R,L,ATL,WSH,84.60,,,2,1,2023,2023-10
2023-10-01,2023,R,689266,696285,FC,Cutter,,ball,R,L,ATL,WSH,83.80,,,1,1,2023,2023-10
2023-10-01,2023,R,689266,696285,CH,Changeup,,ball,R,L,ATL,WSH,80.50,,,0,1,2023,2023-10
2023-10-01,2023,R,689266,696285,FF,4-Seam Fastball,,called_strike,R,L,ATL,WSH,90.80,,,0,0,2023,2023-10
2023-10-01,2023,R,689266,696285,FF,4-Seam Fastball,field_out,hit_into_play,R,L,ATL,WSH,91.70,95.90,30,0,1,2023,2023-10
2023-10-01,2023,R,689266,696285,FF,4-Seam Fastball,,foul_bunt,R,L,ATL,WSH,92.70,,,0,0,2023,2023-10
2023-10-01,2023,R,689266,696285,SL,Slider,field_out,hit_into_play,R,L,ATL,WSH,78.30,91.50,24,0,0,2023,2023-10
2023-10-01,2023,R,690986,502110,CH,Changeup,strikeout,swinging_strike,R,L,SF,LAD,87.40,,,0,2,2023,2023-10
2023-10-01,2023,R,690986,502110,FF,4-Seam Fastball,,foul,R,L,SF,LAD,93.80,88.60,40,0,2,2023,2023-10
2023-10-01,2023,R,690986,502110,SV,Slurve,,foul,R,L,SF,LAD,81.50,75.60,-29,0,2,2023,2023-10
2023-10-01,2023,R,690986,502110,FF,4-Seam Fastball,,foul,R,L,SF,LAD,92.60,94.50,42,0,1,2023,2023-10
2023-10-01,2023,R,690986,502110,SV,Slurve,,swinging_strike,R,L,SF,LAD,81.20,,,0,0,2023,2023-10
2023-10-01,2023,R,690986,502110,SV,Slurve,field_out,hit_into_play,R,L,SF,LAD,83.20,96.80,20,1,2,2023,2023-10
2023-10-01,2023,R,690986,502110,FF,4-Seam Fastball,,foul,R,L,SF,LAD,92.50,76.90,29,1,1,2023,2023-10
2023-10-01,2023,R,690986,502110,SV,Slurve,,called_strike,R,L,SF,LAD,81.90,,,1,0,2023,2023-10
2023-10-01,2023,R,690986,502110,SV,Slurve,,blocked_ball,R,L,SF,LAD,83.00,,,0,0,2023,2023-10
2023-10-01,2023,R,690986,518692,FF,4-Seam Fastball,field_out,hit_into_play,L,L,SF,LAD,92.40,88.00,36,2,1,2023,2023-10
2023-10-01,2023,R,690986,518692,SV,Slurve,,ball,L,L,SF,LAD,82.90,,,1,1,2023,2023-10
2023-10-01,2023,R,690986,518692,FC,Cutter,,called_strike,L,L,SF,LAD,87.20,,,1,0,2023,2023-10
2023-10-01,2023,R,690986,518692,SV,Slurve,,ball,L,L,SF,LAD,83.10,,,0,0,2023,2023-10
2023-10-01,2023,R,690986,518692,SV,Slurve,field_out,hit_into_play,L,L,SF,LAD,82.20,92.00,43,1,0,2023,2023-10
2023-10-01,2023,R,690986,518692,FC,Cutter,,ball,L,L,SF,LAD,86.40,,,0,0,2023,2023-10
2023-10-01,2023,R,690986,518692,SV,Slurve,hit_by_pitch,hit_by_pitch,L,L,SF,LAD,83.10,,,1,2,2023,2023-10
2023-10-01,2023,R,690986,518692,FF,4-Seam Fastball,,ball,L,L,SF,LAD,94.50,,,0,2,2023,2023-10
2023-10-01,2023,R,690986,518692,CH,Changeup,,foul,L,L,SF,LAD,86.70,51.40,57,0,1,2023,2023-10
2023-10-01,2023,R,690986,518692,FF,4-Seam Fastball,,foul,L,L,SF,LAD,92.80,67.00,-37,0,0,2023,2023-10
2023-10-01,2023,R,690986,571771,CH,Changeup,field_out,hit_into_play,R,L,SF,LAD,87.00,63.80,61,2,2,2023,2023-10
2023-10-01,2023,R,690986,571771,FF,4-Seam Fastball,,ball,R,L,SF,LAD,92.50,,,1,2,2023,2023-10
2023-10-01,2023,R,690986,571771,CH,Changeup,,swinging_strike,R,L,SF,LAD,85.30,,,1,1,2023,2023-10
2023-10-01,2023,R,690986,571771,SV,Slurve,,blocked_ball,R,L,SF,LAD,82.30,,,0,1,2023,2023-10
2023-10-01,2023,R,690986,571771,FF,4-Seam Fastball,,called_strike,R,L,SF,LAD,91.80,,,0,0,2023,2023-10
2023-10-01,2023,R,690986,571771,FF,4-Seam Fastball,field_out,hit_into_play,R,L,SF,LAD,91.80,83.80,35,0,0,2023,2023-10
2023-10-01,2023,R,690986,571970,FF,4-Seam Fastball,field_out,hit_into_play,L,L,SF,LAD,94.40,97.90,-6,0,2,2023,2023-10
2023-10-01,2023,R,690986,571970,FC,Cutter,,foul,L,L,SF,LAD,86.80,92.40,-31,0,1,2023,2023-10
2023-10-01,2023,R,690986,571970,SV,Slurve,,called_strike,L,L,SF,LAD,82.60,,,0,0,2023,2023-10
2023-10-01,2023,R,690986,571970,SV,Slurve,strikeout,swinging_strike,L,L,SF,LAD,84.30,,,1,2,2023,2023-10
2023-10-01,2023,R,690986,571970,FF,4-Seam Fastball,,called_strike,L,L,SF,LAD,93.80,,,1,1,2023,2023-10
2023-10-01,2023,R,690986,571970,FC,Cutter,,called_strike,L,L,SF,LAD,86.50,,,1,0,2023,2023-10
2023-10-01,2023,R,690986,571970,SV,Slurve,,ball,L,L,SF,LAD,81.50,,,0,0,2023,2023-10
2023-10-01,2023,R,690986,605141,FF,4-Seam Fastball,field_out,hit_into_play,R,L,SF,LAD,93.40,67.80,66,3,2,2023,2023-10
2023-10-01,2023,R,690986,605141,FF,4-Seam Fastball,,foul,R,L,SF,LAD,92.80,75.40,17,3,2,2023,2023-10
2023-10-01,2023,R,690986,605141,CH,Changeup,,foul,R,L,SF,LAD,85.80,71.30,77,3,2,2023,2023-10
2023-10-01,2023,R,690986,605141,FF,4-Seam Fastball,,foul,R,L,SF,LAD,93.60,76.20,70,3,2,2023,2023-10
2023-10-01,2023,R,690986,605141,FF,4-Seam Fastball,,ball,R,L,SF,LAD,93.90,,,2,2,2023,2023-10
2023-10-01,2023,R,690986,605141,FF,4-Seam Fastball,,foul,R,L,SF,LAD,93.10,74.90,26,2,2,2023,2023-10
2023-10-01,2023,R,690986,605141,CH,Changeup,,foul,R,L,SF,LAD,87.10,69.40,-6,2,2,2023,2023-10
2023-10-01,2023,R,690986,605141,FF,4-Seam Fastball,,ball,R,L,SF,LAD,93.90,,,1,2,2023,2023-10
2023-10-01,2023,R,690986,605141,CH,Changeup,,foul,R,L,SF,LAD,86.30,65.90,56,1,1,2023,2023-10
2023-10-01,2023,R,690986,605141,FF,4-Seam Fastball,,called_strike,R,L,SF,LAD,92.10,,,1,0,2023,2023-10
2023-10-01,2023,R,690986,605141,FF,4-Seam Fastball,,ball,R,L,SF,LAD,92.30,,,0,0,2023,2023-10
2023-10-01,2023,R,690986,605141,FF,4-Seam Fastball,walk,ball,R,L,SF,LAD,93.20,,,3,2,2023,2023-10
2023-10-01,2023,R,690986,605141,FF,4-Seam Fastball,,foul,R,L,SF,LAD,93.00,76.50,56,3,2,2023,2023-10
2023-10-01,2023,R,690986,605141,CH,Changeup,,foul,R,L,SF,LAD,87.40,91.30,-3,3,2,2023,2023-10
2023-10-01,2023,R,690986,605141,FF,4-Seam Fastball,,foul,R,L,SF,LAD,92.50,,,3,2,2023,2023-10
2023-10-01,2023,R,690986,605141,CH,Changeup,,ball,R,L,SF,LAD,86.20,,,2,2,2023,2023-10
2023-10-01,2023,R,690986,605141,SV,Slurve,,ball,R,L,SF,LAD,83.30,,,1,2,2023,2023-10
2023-10-01,2023,R,690986,605141,FF,4-Seam Fastball,,ball,R,L,SF,LAD,93.50,,,0,2,2023,2023-10
2023-10-01,2023,R,690986,605141,CH,Changeup,,foul,R,L,SF,LAD,86.40,73.10,-64,0,1,2023,2023-10
2023-10-01,2023,R,690986,605141,FF,4-Seam Fastball,,called_strike,R,L,SF,LAD,92.30,,,0,0,2023,2023-10
2023-10-01,2023,R,690986,605141,CH,Changeup,field_out,hit_into_play,R,L,SF,LAD,87.70,93.20,28,2,2,2023,2023-10
2023-10-01,2023,R,690986,605141,FF,4-Seam Fastball,,foul,R,L,SF,LAD,93.90,78.80,63,2,2,2023,2023-10
2023-10-01,2023,R,690986,605141,FF,4-Seam Fastball,,foul,R,L,SF,LAD,93.90,74.30,53,2,1,2023,2023-10
2023-10-01,2023,R,690986,605141,CH,Changeup,,ball,R,L,SF,LAD,87.50,,,1,1,2023,2023-10
2023-10-01,2023,R,690986,605141,FF,4-Seam Fastball,,ball,R,L,SF,LAD,93.60,,,0,1,2023,2023-10
2023-10-01,2023,R,690986,605141,FF,4-Seam Fastball,,called_strike,R,L,SF,LAD,92.80,,,0,0,2023,2023-10
2023-10-01,2023,R,690986,621035,SV,Slurve,hit_by_pitch,hit_by_pitch,R,L,SF,LAD,81.30,,,1,0,2023,2023-10
2023-10-01,2023,R,690986,621035,FF,4-Seam Fastball,,ball,R,L,SF,LAD,93.90,,,0,0,2023,2023-10
2023-10-01,2023,R,690986,621035,SV,Slurve,strikeout,called_strike,R,L,SF,LAD,82.10,,,2,2,2023,2023-10
2023-10-01,2023,R,690986,621035,FF,4-Seam Fastball,,ball,R,L,SF,LAD,93.30,,,1,2,2023,2023-10
2023-10-01,2023,R,690986,621035,FF,4-Seam Fastball,,ball,R,L,SF,LAD,94.60,,,0,2,2023,2023-10
2023-10-01,2023,R,690986,621035,FF,4-Seam Fastball,,foul,R,L,SF,LAD,92.70,79.40,9,0,1,2023,2023-10
2023-10-01,2023,R,690986,621035,SV,Slurve,,called_strike,R,L,SF,LAD,81.70,,,0,0,2023,2023-10
2023-10-01,2023,R,690986,642708,FF,4-Seam Fastball,strikeout,called_strike,R,L,SF,LAD,93.90,,,1,2,2023,2023-10
2023-10-01,2023,R,690986,642708,FF,4-Seam Fastball,,ball,R,L,SF,LAD,93.70,,,0,2,2023,2023-10
2023-10-01,2023,R,690986,642708,CH,Changeup,,foul,R,L,SF,LAD,86.30,64.90,63,0,1,2023,2023-10
2023-10-01,2023,R,690986,642708,FF,4-Seam Fastball,,called_strike,R,L,SF,LAD,91.50,,,0,0,2023,2023-10
2023-10-01,2023,R,690986,642708,FF,4-Seam Fastball,field_out,hit_into_play,R,L,SF,LAD,91.80,90.70,23,2,1,2023,2023-10
2023-10-01,2023,R,690986,642708,FF,4-Seam Fastball,,swinging_strike,R,L,SF,LAD,92.30,,,2,0,2023,2023-10
2023-10-01,2023,R,690986,642708,SV,Slurve,,ball,R,L,SF,LAD,81.80,,,1,0,2023,2023-10
2023-10-01,2023,R,690986,642708,SV,Slurve,,ball,R,L,SF,LAD,82.20,,,0,0,2023,2023-10
2023-10-01,2023,R,690986,669257,FF,4-Seam Fastball,field_out,hit_into_play,R,L,SF,LAD,92.90,91.60,55,2,2,2023,2023-10
2023-10-01,2023,R,690986,669257,CH,Changeup,,foul,R,L,SF,LAD,85.90,76.40,-35,2,2,2023,2023-10
2023-10-01,2023,R,690986,669257,SV,Slurve,,foul,R,L,SF,LAD,82.10,65.50,72,2,2,2023,2023-10
2023-10-01,2023,R,690986,669257,FF,4-Seam Fastball,,foul,R,L,SF,LAD,93.30,78.20,48,2,2,2023,2023-10
2023-10-01,2023,R,690986,669257,FF,4-Seam Fastball,,ball,R,L,SF,LAD,94.30,,,1,2,2023,2023-10
2023-10-01,2023,R,690986,669257,SV,Slurve,,foul,R,L,SF,LAD,83.20,71.80,64,1,2,2023,2023-10
2023-10-01,2023,R,690986,669257,FF,4-Seam Fastball,,ball,R,L,SF,LAD,93.70,,,0,2,2023,2023-10
2023-10-01,2023,R,690986,669257,FF,4-Seam Fastball,,foul,R,L,SF,LAD,93.90,79.30,15,0,1,2023,2023-10
2023-10-01,2023,R,690986,669257,SV,Slurve,,called_strike,R,L,SF,LAD,83.40,,,0,0,2023,2023-10
2023-10-01,2023,R,690986,669257,FF,4-Seam Fastball,hit_by_pitch,hit_by_pitch,R,L,SF,LAD,93.40,,,0,1,2023,2023-10
2023-10-01,2023,R,690986,669257,FF,4-Seam Fastball,,swinging_strike,R,L,SF,LAD,93.20,,,0,0,2023,2023-10
2023-10-01,2023,R,690986,681546,FF,4-Seam Fastball,walk,ball,L,L,SF,LAD,91.20,,,3,0,2023,2023-10
2023-10-01,2023,R,690986,681546,FF,4-Seam Fastball,,ball,L,L,SF,LAD,91.40,,,2,0,2023,2023-10
2023-10-01,2023,R,690986,681546,FF,4-Seam Fastball,,ball,L,L,SF,LAD,91.70,,,1,0,2023,2023-10
2023-10-01,2023,R,690986,681546,SV,Slurve,,ball,L,L,SF,LAD,80.40,,,0,0,2023,2023-10
2023-10-01,2023,R,690986,681546,FF,4-Seam Fastball,field_out,hit_into_play,L,L,SF,LAD,94.20,70.10,28,1,2,2023,2023-10
2023-10-01,2023,R,690986,681546,FF,4-Seam Fastball,,foul,L,L,SF,LAD,93.50,77.10,82,1,2,2023,2023-10
2023-10-01,2023,R,690986,681546,CH,Changeup,,ball,L,L,SF,LAD,87.20,,,0,2,2023,2023-10
2023-10-01,2023,R,690986,681546,FF,4-Seam Fastball,,foul,L,L,SF,LAD,93.40,82.00,2,0,2,2023,2023-10
2023-10-01,2023,R,690986,681546,SV,Slurve,,foul,L,L,SF,LAD,83.00,62.20,-27,0,1,2023,2023-10
2023-10-01,2023,R,690986,681546,FF,4-Seam Fastball,,foul,L,L,SF,LAD,92.10,,,0,0,2023,2023-10
2023-10-01,2023,R,693312,493329,FF,4-Seam Fastball,field_out,hit_into_play,R,R,PIT,MIA,96.50,95.80,-17,0,0,2023,2023-10
2023-10-01,2023,R,693312,621563,SL,Slider,strikeout,swinging_strike,L,R,PIT,MIA,92.30,,,3,2,2023,2023-10
2023-10-01,2023,R,693312,621563,SL,Slider,,blocked_ball,L,R,PIT,MIA,92.00,,,2,2,2023,2023-10
2023-10-01,2023,R,693312,621563,CU,Curveball,,ball,L,R,PIT,MIA,85.90,,,1,2,2023,2023-10
2023-10-01,2023,R,693312,621563,FF,4-Seam Fastball,,ball,L,R,PIT,MIA,97.90,,,0,2,2023,2023-10
2023-10-01,2023,R,693312,621563,FF,4-Seam Fastball,,called_strike,L,R,PIT,MIA,97.70,,,0,1,2023,2023-10
2023-10-01,2023,R,693312,621563,FF,4-Seam Fastball,,called_strike,L,R,PIT,MIA,95.40,,,0,0,2023,2023-10
2023-10-01,2023,R,693312,641658,SL,Slider,single,hit_into_play,R,R,PIT,MIA,90.20,77.00,11,2,2,2023,2023-10
2023-10-01,2023,R,693312,641658,FF,4-Seam Fastball,,foul,R,R,PIT,MIA,97.00,73.80,29,2,1,2023,2023-10
2023-10-01,2023,R,693312,641658,SL,Slider,,ball,R,R,PIT,MIA,89.10,,,1,1,2023,2023-10
2023-10-01,2023,R,693312,641658,SL,Slider,,ball,R,R,PIT,MIA,89.00,,,0,1,2023,2023-10
2023-10-01,2023,R,693312,641658,FF,4-Seam Fastball,,called_strike,R,R,PIT,MIA,95.80,,,0,0,2023,2023-10
2023-10-01,2023,R,693312,660821,CU,Curveball,strikeout,swinging_strike_blocked,L,R,PIT,MIA,86.90,,,1,2,2023,2023-10
2023-10-01,2023,R,693312,660821,FF,4-Seam Fastball,,foul,L,R,PIT,MIA,94.90,75.50,63,1,1,2023,2023-10
2023-10-01,2023,R,693312,660821,CU,Curveball,,ball,L,R,PIT,MIA,80.80,,,0,1,2023,2023-10
2023-10-01,2023,R,693312,660821,FF,4-Seam Fastball,,foul,L,R,PIT,MIA,96.50,80.70,12,0,0,2023,2023-10
2023-10-01,2023,R,694037,518626,SL,Slider,strikeout,swinging_strike,R,R,MIL,CHC,90.50,,,1,2,2023,2023-10
2023-10-01,2023,R,694037,518626,FF,4-Seam Fastball,,ball,R,R,MIL,CHC,99.40,,,0,2,2023,2023-10
2023-10-01,2023,R,694037,518626,FF,4-Seam Fastball,,foul,R,R,MIL,CHC,100.10,89.70,84,0,1,2023,2023-10
2023-10-01,2023,R,694037,518626,FF,4-Seam Fastball,,foul,R,R,MIL,CHC,99.60,81.60,60,0,0,2023,2023-10
2023-10-01,2023,R,694037,592192,SL,Slider,strikeout,called_strike,R,R,MIL,CHC,87.90,,,2,2,2023,2023-10
2023-10-01,2023,R,694037,592192,FF,4-Seam Fastball,,ball,R,R,MIL,CHC,98.60,,,1,2,2023,2023-10
2023-10-01,2023,R,694037,592192,FF,4-Seam Fastball,,foul,R,R,MIL,CHC,98.10,69.80,31,1,2,2023,2023-10
2023-10-01,2023,R,694037,592192,SL,Slider,,ball,R,R,MIL,CHC,88.30,,,0,2,2023,2023-10
2023-10-01,2023,R,694037,592192,CU,Curveball,,swinging_strike,R,R,MIL,CHC,85.10,,,0,1,2023,2023-10
2023-10-01,2023,R,694037,592192,FF,4-Seam Fastball,,foul,R,R,MIL,CHC,96.20,100.60,13,0,0,2023,2023-10
2023-10-01,2023,R,694037,592885,SL,Slider,single,hit_into_play,L,R,MIL,CHC,91.00,99.90,8,1,2,2023,2023-10
2023-10-01,2023,R,694037,592885,SL,Slider,,foul,L,R,MIL,CHC,89.10,89.20,73,1,1,2023,2023-10
2023-10-01,2023,R,694037,592885,SL,Slider,,ball,L,R,MIL,CHC,89.90,,,0,1,2023,2023-10
2023-10-01,2023,R,694037,592885,FF,4-Seam Fastball,,called_strike,L,R,MIL,CHC,99.10,,,0,0,2023,2023-10
2023-10-01,2023,R,694037,621438,FF,4-Seam Fastball,field_out,hit_into_play,R,R,MIL,CHC,98.50,85.90,-1,1,1,2023,2023-10
2023-10-01,2023,R,694037,621438,FF,4-Seam Fastball,,foul,R,R,MIL,CHC,97.70,65.90,-42,1,0,2023,2023-10
2023-10-01,2023,R,694037,621438,SL,Slider,,ball,R,R,MIL,CHC,88.10,,,0,0,2023,2023-10
2023-10-01,2023,R,694037,642715,SL,Slider,single,hit_into_play,R,R,MIL,CHC,88.70,98.40,16,2,2,2023,2023-10
2023-10-01,2023,R,694037,642715,FF,4-Seam Fastball,,foul,R,R,MIL,CHC,96.30,80.80,24,2,1,2023,2023-10
2023-10-01,2023,R,694037,642715,FF,4-Seam Fastball,,called_strike,R,R,MIL,CHC,97.60,,,2,0,2023,2023-10
2023-10-01,2023,R,694037,642715,FF,4-Seam Fastball,,ball,R,R,MIL,CHC,97.50,,,1,0,2023,2023-10
2023-10-01,2023,R,694037,642715,CU,Curveball,,ball,R,R,MIL,CHC,83.40,,,0,0,2023,2023-10
2023-10-01,2023,R,694037,661388,SI,Sinker,strikeout,swinging_strike,R,R,MIL,CHC,100.50,,,3,2,2023,2023-10
2023-10-01,2023,R,694037,661388,SI,Sinker,,foul,R,R,MIL,CHC,100.60,83.10,28,3,1,2023,2023-10
2023-10-01,2023,R,694037,661388,SL,Slider,,ball,R,R,MIL,CHC,88.50,,,2,1,2023,2023-10
2023-10-01,2023,R,694037,661388,SL,Slider,,blocked_ball,R,R,MIL,CHC,88.60,,,1,1,2023,2023-10
2023-10-01,2023,R,694037,661388,FF,4-Seam Fastball,,called_strike,R,R,MIL,CHC,98.30,,,1,0,2023,2023-10
2023-10-01,2023,R,694037,661388,FF,4-Seam Fastball,,ball,R,R,MIL,CHC,99.10,,,0,0,2023,2023-10
2023-10-01,2023,R,694037,668930,FF,4-Seam Fastball,field_out,hit_into_play,L,R,MIL,CHC,100.00,100.30,-10,0,2,2023,2023-10
2023-10-01,2023,R,694037,668930,FF,4-Seam Fastball,,foul,L,R,MIL,CHC,99.30,76.00,45,0,2,2023,2023-10
2023-10-01,2023,R,694037,668930,FF,4-Seam Fastball,,foul,L,R,MIL,CHC,99.90,89.30,20,0,2,2023,2023-10
2023-10-01,2023,R,694037,668930,FF,4-Seam Fastball,,swinging_strike,L,R,MIL,CHC,99.80,,,0,1,2023,2023-10
2023-10-01,2023,R,694037,668930,FF,4-Seam Fastball,,swinging_strike,L,R,MIL,CHC,98.60,,,0,0,2023,2023-10
2023-10-01,2023,R,694037,669003,FF,4-Seam Fastball,strikeout,swinging_strike,L,R,MIL,CHC,100.40,,,1,2,2023,2023-10
2023-10-01,2023,R,694037,669003,FF,4-Seam Fastball,,foul,L,R,MIL,CHC,100.00,77.60,48,1,1,2023,2023-10
2023-10-01,2023,R,694037,669003,FF,4-Seam Fastball,,ball,L,R,MIL,CHC,99.20,,,0,1,2023,2023-10
2023-10-01,2023,R,694037,669003,FF,4-Seam Fastball,,foul_tip,L,R,MIL,CHC,99.10,,,0,0,2023,2023-10
2023-10-01,2023,R,695243,500871,FF,4-Seam Fastball,single,hit_into_play,L,R,LAA,ATH,94.50,76.10,5,0,0,2023,2023-10
2023-10-01,2023,R,695243,545341,SL,Slider,strikeout,swinging_strike_blocked,R,R,LAA,ATH,87.30,,,0,2,2023,2023-10
2023-10-01,2023,R,695243,545341,FF,4-Seam Fastball,,foul,R,R,LAA,ATH,100.00,85.80,9,0,2,2023,2023-10
2023-10-01,2023,R,695243,545341,SL,Slider,,swinging_strike,R,R,LAA,ATH,85.70,,,0,1,2023,2023-10
2023-10-01,2023,R,695243,545341,FF,4-Seam Fastball,,foul,R,R,LAA,ATH,98.00,77.70,26,0,0,2023,2023-10
2023-10-01,2023,R,695243,545341,FF,4-Seam Fastball,field_out,hit_into_play,R,R,LAA,ATH,98.00,82.30,45,1,1,2023,2023-10
2023-10-01,2023,R,695243,545341,FF,4-Seam Fastball,,ball,R,R,LAA,ATH,97.60,,,0,1,2023,2023-10
2023-10-01,2023,R,695243,545341,FF,4-Seam Fastball,,called_strike,R,R,LAA,ATH,96.40,,,0,0,2023,2023-10
2023-10-01,2023,R,695243,592273,SL,Slider,hit_by_pitch,hit_by_pitch,R,R,LAA,ATH,85.00,,,2,1,2023,2023-10
2023-10-01,2023,R,695243,592273,FF,4-Seam Fastball,,ball,R,R,LAA,ATH,99.30,,,1,1,2023,2023-10
2023-10-01,2023,R,695243,592273,SL,Slider,,swinging_strike,R,R,LAA,ATH,87.40,,,1,0,2023,2023-10
2023-10-01,2023,R,695243,592273,SL,Slider,,ball,R,R,LAA,ATH,86.00,,,0,0,2023,2023-10
2023-10-01,2023,R,695243,621433,FF,4-Seam Fastball,strikeout,swinging_strike,L,R,LAA,ATH,97.70,,,2,2,2023,2023-10
2023-10-01,2023,R,695243,621433,FF,4-Seam Fastball,,swinging_strike,L,R,LAA,ATH,97.00,,,2,1,2023,2023-10
2023-10-01,2023,R,695243,621433,FF,4-Seam Fastball,,ball,L,R,LAA,ATH,97.80,,,1,1,2023,2023-10
2023-10-01,2023,R,695243,621433,SL,Slider,,called_strike,L,R,LAA,ATH,83.60,,,1,0,2023,2023-10
2023-10-01,2023,R,695243,621433,SL,Slider,,ball,L,R,LAA,ATH,85.30,,,0,0,2023,2023-10
2023-10-01,2023,R,695243,621433,FF,4-Seam Fastball,field_out,hit_into_play,L,R,LAA,ATH,96.60,82.20,61,0,0,2023,2023-10
2023-10-01,2023,R,695243,664058,FF,4-Seam Fastball,force_out,hit_into_play,R,R,LAA,ATH,95.80,86.50,-45,0,0,2023,2023-10
2023-10-01,2023,R,695243,664058,FF,4-Seam Fastball,walk,ball,R,R,LAA,ATH,97.90,,,3,1,2023,2023-10
2023-10-01,2023,R,695243,664058,FF,4-Seam Fastball,,ball,R,R,LAA,ATH,97.80,,,2,1,2023,2023-10
2023-10-01,2023,R,695243,664058,SL,Slider,,ball,R,R,LAA,ATH,85.50,,,1,1,2023,2023-10
2023-10-01,2023,R,695243,664058,FF,4-Seam Fastball,,called_strike,R,R,LAA,ATH,97.00,,,1,0,2023,2023-10
2023-10-01,2023,R,695243,664058,FF,4-Seam Fastball,,ball,R,R,LAA,ATH,97.00,,,0,0,2023,2023-10
2023-10-01,2023,R,695243,666176,SL,Slider,strikeout,swinging_strike,R,R,LAA,ATH,87.40,,,2,2,2023,2023-10
2023-10-01,2023,R,695243,666176,FF,4-Seam Fastball,,ball,R,R,LAA,ATH,99.70,,,1,2,2023,2023-10
2023-10-01,2023,R,695243,666176,FF,4-Seam Fastball,,swinging_strike,R,R,LAA,ATH,99.20,,,1,1,2023,2023-10
2023-10-01,2023,R,695243,666176,FF,4-Seam Fastball,,foul_tip,R,R,LAA,ATH,98.60,,,1,0,2023,2023-10
2023-10-01,2023,R,695243,666176,FF,4-Seam Fastball,,ball,R,R,LAA,ATH,98.20,,,0,0,2023,2023-10
2023-10-01,2023,R,695243,681351,FF,4-Seam Fastball,walk,ball,R,R,LAA,ATH,98.10,,,3,1,2023,2023-10
2023-10-01,2023,R,695243,681351,SL,Slider,,ball,R,R,LAA,ATH,86.30,,,2,1,2023,2023-10
2023-10-01,2023,R,695243,681351,FF,4-Seam Fastball,,called_strike,R,R,LAA,ATH,98.00,,,2,0,2023,2023-10
2023-10-01,2023,R,695243,681351,FF,4-Seam Fastball,,blocked_ball,R,R,LAA,ATH,98.90,,,1,0,2023,2023-10
2023-10-01,2023,R,695243,681351,FF,4-Seam Fastball,,ball,R,R,LAA,ATH,97.40,,,0,0,2023,2023-10
2023-10-01,2023,R,695243,683021,FF,4-Seam Fastball,single,hit_into_play,R,R,LAA,ATH,96.30,96.00,4,1,1,2023,2023-10
2023-10-01,2023,R,695243,683021,SL,Slider,,blocked_ball,R,R,LAA,ATH,85.90,,,0,1,2023,2023-10
2023-10-01,2023,R,695243,683021,SL,Slider,,called_strike,R,R,LAA,ATH,84.50,,,0,0,2023,2023-10
2023-10-01,2023,R,695243,687263,FF,4-Seam Fastball,double,hit_into_play,R,R,LAA,ATH,99.40,107.00,25,0,1,2023,2023-10
2023-10-01,2023,R,695243,687263,SL,Slider,,called_strike,R,R,LAA,ATH,83.50,,,0,0,2023,2023-10
